actionNumber,clock,timeActual,period,periodType,actionType,subType,qualifiers,personId,x,y,possession,scoreHome,scoreAway,edited,orderNumber,xLegacy,yLegacy,isFieldGoal,side,description,personIdsFilter,teamId,teamTricode,descriptor,jumpBallRecoveredName,jumpBallRecoverdPersonId,playerName,playerNameI,jumpBallWonPlayerName,jumpBallWonPersonId,jumpBallLostPlayerName,jumpBallLostPersonId,officialId,foulPersonalTotal,foulTechnicalTotal,foulDrawnPlayerName,foulDrawnPersonId,turnoverTotal,shotDistance,shotResult,shotActionNumber,reboundTotal,reboundDefensiveTotal,reboundOffensiveTotal,blockPlayerName,blockPersonId,pointsTotal,assistPlayerNameInitial,assistPersonId,assistTotal,stealPlayerName,stealPersonId
2,PT12M00.00S,2022-04-08T23:40:36.9Z,1,REGULAR,period,start,[],0,,,0,0,0,2022-04-08T23:40:37Z,20000,,,0,,Period Start,[],,,,,,,,,,,,,,,,,,,,,,,,,,,,,,,
4,PT11M57.00S,2022-04-08T23:40:39.0Z,1,REGULAR,jumpball,recovered,[],1628971,,,1610612751,0,0,2022-04-08T23:40:39Z,40000,,,0,,Jump Ball A. Drummond vs. E. Mobley: Tip to B. Brown,"[1628971, 203083, 1630596]",1610612751.0,BKN,startperiod,B. Brown,1628971.0,Brown,B. Brown,Drummond,203083.0,Mobley,1630596.0,,,,,,,,,,,,,,,,,,,,
7,PT11M46.00S,2022-04-08T23:40:52.0Z,1,REGULAR,foul,offensive,[],203083,,,1610612751,0,0,2022-04-08T23:40:59Z,70000,,,0,,A. Drummond offensive FOUL (1 PF),"[203083, 1629636]",1610612751.0,BKN,,,,Drummond,A. Drummond,,,,,2715.0,1.0,0.0,Garland,1629636.0,,,,,,,,,,,,,,,
9,PT11M46.00S,2022-04-08T23:40:52.0Z,1,REGULAR,turnover,offensive foul,[],203083,,,1610612751,0,0,2022-04-08T23:40:52Z,90000,,,0,,A. Drummond offensive foul TURNOVER (1 TO),[203083],1610612751.0,BKN,,,,Drummond,A. Drummond,,,,,2715.0,,,,,1.0,,,,,,,,,,,,,,
10,PT11M34.00S,2022-04-08T23:41:16.7Z,1,REGULAR,3pt,Jump Shot,['fromturnover'],1628374,31.35676741130092,72.79411764705883,1610612739,0,0,2022-04-08T23:41:22Z,100000,-114.0,242.0,1,left,MISS L. Markkanen 26' 3PT,[1628374],1610612739.0,CLE,,,,Markkanen,L. Markkanen,,,,,,,,,,,26.78,Missed,,,,,,,,,,,,
11,PT11M29.00S,2022-04-08T23:41:21.7Z,1,REGULAR,rebound,defensive,[],202681,,,1610612751,0,0,2022-04-08T23:46:22Z,110000,,,0,,K. Irving REBOUND (Off:0 Def:1),[202681],1610612751.0,BKN,,,,Irving,K. Irving,,,,,,,,,,,,,10.0,1.0,1.0,0.0,,,,,,,,
12,PT11M24.00S,2022-04-08T23:41:26.3Z,1,REGULAR,2pt,Jump Shot,[],202681,74.85216819973719,26.96078431372549,1610612751,0,0,2022-04-08T23:41:46Z,120000,-115.0,184.0,1,right,MISS K. Irving 21' pullup Shot,[202681],1610612751.0,BKN,pullup,,,Irving,K. Irving,,,,,,,,,,,21.7,Missed,,,,,,,,,,,,
13,PT11M23.00S,2022-04-08T23:41:29.9Z,1,REGULAR,rebound,offensive,[],1628971,,,1610612751,0,0,2022-04-08T23:41:29Z,130000,,,0,,B. Brown REBOUND (Off:1 Def:0),[1628971],1610612751.0,BKN,,,,Brown,B. Brown,,,,,,,,,,,,,12.0,1.0,0.0,1.0,,,,,,,,
14,PT11M23.00S,2022-04-08T23:41:30.4Z,1,REGULAR,2pt,Layup,"['pointsinthepaint', '2ndchance']",1628971,94.03745072273325,56.127450980392155,1610612751,0,0,2022-04-08T23:41:51Z,140000,31.0,4.0,1,right,MISS B. Brown putback Layup - blocked,"[1628971, 1627747]",1610612751.0,BKN,putback,,,Brown,B. Brown,,,,,,,,,,,3.08,Missed,,,,,LeVert,1627747.0,,,,,,
15,PT11M23.00S,2022-04-08T23:41:30.4Z,1,REGULAR,block,,[],1627747,,,1610612751,0,0,2022-04-08T23:41:32Z,150000,,,0,,C. LeVert BLOCK (1 BLK),[1627747],1610612739.0,CLE,,,,LeVert,C. LeVert,,,,,,,,,,,,,,,,,,,,,,,,
16,PT11M23.00S,2022-04-08T23:41:30.4Z,1,REGULAR,rebound,offensive,['team'],0,,,1610612751,0,0,2022-04-08T23:41:51Z,160000,,,0,,TEAM offensive REBOUND,[],1610612751.0,BKN,,,,,,,,,,,,,,,,,,14.0,,,,,,,,,,,
17,PT11M23.00S,2022-04-08T23:41:36.2Z,1,REGULAR,stoppage,out-of-bounds,[],0,,,1610612751,0,0,2022-04-08T23:41:36Z,170000,,,0,,,[],,,,,,,,,,,,,,,,,,,,,,,,,,,,,,,
18,PT11M21.00S,2022-04-08T23:41:44.4Z,1,REGULAR,2pt,Jump Shot,['2ndchance'],203552,87.20433639947439,82.1078431372549,1610612751,2,0,2022-04-08T23:41:56Z,180000,161.0,68.0,1,right,S. Curry 17' Jump Shot (2 PTS) (K. Irving 1 AST),"[203552, 202681]",1610612751.0,BKN,,,,Curry,S. Curry,,,,,,,,,,,17.42,Made,,,,,,,2.0,K. Irving,202681.0,1.0,,
20,PT11M04.00S,2022-04-08T23:42:00.1Z,1,REGULAR,2pt,Jump Shot,[],1629636,4.02431011826544,79.90196078431373,1610612739,2,0,2022-04-08T23:42:03Z,200000,-150.0,-15.0,1,left,MISS D. Garland 15' floating Shot,[1629636],1610612739.0,CLE,floating,,,Garland,D. Garland,,,,,,,,,,,15.02,Missed,,,,,,,,,,,,
21,PT11M02.00S,2022-04-08T23:42:02.1Z,1,REGULAR,rebound,defensive,[],203083,,,1610612751,2,0,2022-04-08T23:42:03Z,210000,,,0,,A. Drummond REBOUND (Off:0 Def:1),[203083],1610612751.0,BKN,,,,Drummond,A. Drummond,,,,,,,,,,,,,20.0,1.0,1.0,0.0,,,,,,,,
22,PT10M53.00S,2022-04-08T23:42:11.9Z,1,REGULAR,2pt,Jump Shot,['pointsinthepaint'],203552,85.10183968462549,48.03921568627451,1610612751,4,0,2022-04-08T23:42:17Z,220000,-10.0,88.0,1,right,S. Curry 8' driving floating Jump Shot (4 PTS),[203552],1610612751.0,BKN,driving floating,,,Curry,S. Curry,,,,,,,,,,,8.8,Made,,,,,,,4.0,,,,,
23,PT10M42.00S,2022-04-08T23:42:23.5Z,1,REGULAR,2pt,Layup,['pointsinthepaint'],1628374,6.652431011826544,57.107843137254896,1610612739,4,0,2022-04-08T23:42:28Z,230000,-36.0,10.0,1,left,MISS L. Markkanen cutting Layup,[1628374],1610612739.0,CLE,cutting,,,Markkanen,L. Markkanen,,,,,,,,,,,3.69,Missed,,,,,,,,,,,,
24,PT10M36.00S,2022-04-08T23:42:28.0Z,1,REGULAR,rebound,offensive,[],1628374,,,1610612739,4,0,2022-04-08T23:42:28Z,240000,,,0,,L. Markkanen REBOUND (Off:1 Def:0),[1628374],1610612739.0,CLE,,,,Markkanen,L. Markkanen,,,,,,,,,,,,,23.0,1.0,0.0,1.0,,,,,,,,
25,PT10M36.00S,2022-04-08T23:42:28.0Z,1,REGULAR,2pt,Layup,"['pointsinthepaint', '2ndchance']",1628374,5.590000152587891,50.0,1610612739,4,2,2022-04-08T23:42:28Z,250000,0.0,0.0,1,left,L. Markkanen tip Layup (2 PTS),[1628374],1610612739.0,CLE,tip,,,Markkanen,L. Markkanen,,,,,,,,,,,0.0,Made,,,,,,,2.0,,,,,
26,PT10M25.00S,2022-04-08T23:42:39.9Z,1,REGULAR,2pt,Jump Shot,['pointsinthepaint'],1628971,84.44480946123521,64.2156862745098,1610612751,4,2,2022-04-08T23:42:48Z,260000,71.0,94.0,1,right,MISS B. Brown 11' floating Shot,[1628971],1610612751.0,BKN,floating,,,Brown,B. Brown,,,,,,,,,,,11.76,Missed,,,,,,,,,,,,
27,PT10M22.00S,2022-04-08T23:42:47.7Z,1,REGULAR,rebound,offensive,['team'],0,,,1610612751,4,2,2022-04-08T23:42:47Z,270000,,,0,,TEAM offensive REBOUND,[],1610612751.0,BKN,,,,,,,,,,,,,,,,,,26.0,,,,,,,,,,,
28,PT10M22.00S,2022-04-08T23:42:48.1Z,1,REGULAR,foul,personal,[],1628374,,,1610612751,4,2,2022-04-08T23:42:59Z,280000,,,0,,L. Markkanen loose ball personal FOUL (1 PF),"[1628374, 203083]",1610612739.0,CLE,loose ball,,,Markkanen,L. Markkanen,,,,,1198.0,1.0,0.0,Drummond,203083.0,,,,,,,,,,,,,,,
30,PT10M11.00S,2022-04-08T23:43:14.9Z,1,REGULAR,3pt,Jump Shot,['2ndchance'],1628971,74.85216819973719,84.06862745098039,1610612751,7,2,2022-04-08T23:43:18Z,300000,170.0,184.0,1,right,B. Brown 25' 3PT  (3 PTS) (K. Irving 2 AST),"[1628971, 202681]",1610612751.0,BKN,,,,Brown,B. Brown,,,,,,,,,,,25.06,Made,,,,,,,3.0,K. Irving,202681.0,2.0,,
32,PT09M52.00S,2022-04-08T23:43:33.9Z,1,REGULAR,2pt,Jump Shot,[],1627747,25.706307490144546,54.41176470588235,1610612739,7,2,2022-04-08T23:43:37Z,320000,-22.0,189.0,1,left,MISS C. LeVert 19' step back Shot,[1627747],1610612739.0,CLE,step back,,,LeVert,C. LeVert,,,,,,,,,,,19.04,Missed,,,,,,,,,,,,
33,PT09M49.00S,2022-04-08T23:43:36.9Z,1,REGULAR,rebound,defensive,[],202681,,,1610612751,7,2,2022-04-08T23:43:37Z,330000,,,0,,K. Irving REBOUND (Off:0 Def:2),[202681],1610612751.0,BKN,,,,Irving,K. Irving,,,,,,,,,,,,,32.0,2.0,2.0,0.0,,,,,,,,
34,PT09M46.00S,2022-04-08T23:43:39.9Z,1,REGULAR,3pt,Jump Shot,['fastbreak'],203552,75.1149802890933,11.76470588235294,1610612751,7,2,2022-04-08T23:43:50Z,340000,-191.0,181.0,1,right,MISS S. Curry 26' running pullup 3PT,[203552],1610612751.0,BKN,running pullup,,,Curry,S. Curry,,,,,,,,,,,26.36,Missed,,,,,,,,,,,,
35,PT09M43.00S,2022-04-08T23:43:42.9Z,1,REGULAR,rebound,defensive,[],1628374,,,1610612739,7,2,2022-04-08T23:43:43Z,350000,,,0,,L. Markkanen REBOUND (Off:1 Def:1),[1628374],1610612739.0,CLE,,,,Markkanen,L. Markkanen,,,,,,,,,,,,,34.0,2.0,1.0,1.0,,,,,,,,
36,PT09M34.00S,2022-04-08T23:43:52.1Z,1,REGULAR,turnover,bad pass,[],1629636,,,1610612739,7,2,2022-04-08T23:43:56Z,360000,,,0,,D. Garland bad pass TURNOVER (1 TO),"[1629636, 203083]",1610612739.0,CLE,,,,Garland,D. Garland,,,,,,,,,,1.0,,,,,,,,,,,,,Drummond,203083.0
37,PT09M34.00S,2022-04-08T23:43:52.1Z,1,REGULAR,steal,,[],203083,,,1610612751,7,2,2022-04-08T23:43:54Z,370000,,,0,,A. Drummond STEAL (1 STL),[203083],1610612751.0,BKN,,,,Drummond,A. Drummond,,,,,,,,,,,,,,,,,,,,,,,,
38,PT09M27.00S,2022-04-08T23:43:59.6Z,1,REGULAR,2pt,Layup,"['pointsinthepaint', 'fromturnover', 'fastbreak']",202681,90.88370565045992,59.068627450980394,1610612751,7,2,2022-04-08T23:44:03Z,380000,45.0,33.0,1,right,MISS K. Irving driving Layup,[202681],1610612751.0,BKN,driving,,,Irving,K. Irving,,,,,,,,,,,5.62,Missed,,,,,,,,,,,,
39,PT09M24.00S,2022-04-08T23:44:02.6Z,1,REGULAR,rebound,defensive,[],1628374,,,1610612739,7,2,2022-04-08T23:44:03Z,390000,,,0,,L. Markkanen REBOUND (Off:1 Def:2),[1628374],1610612739.0,CLE,,,,Markkanen,L. Markkanen,,,,,,,,,,,,,38.0,3.0,2.0,1.0,,,,,,,,
40,PT09M22.00S,2022-04-08T23:44:05.0Z,1,REGULAR,foul,personal,[],203552,,,1610612739,7,2,2022-04-08T23:47:51Z,400000,,,0,,S. Curry take personal FOUL (1 PF),"[203552, 1629636]",1610612751.0,BKN,take,,,Curry,S. Curry,,,,,1198.0,1.0,0.0,Garland,1629636.0,,,,,,,,,,,,,,,
42,PT09M09.00S,2022-04-08T23:44:37.4Z,1,REGULAR,2pt,Jump Shot,[],1629636,26.363337713534822,48.28431372549019,1610612739,7,4,2022-04-08T23:45:01Z,420000,9.0,195.0,1,left,D. Garland 19' pullup Jump Shot (2 PTS),[1629636],1610612739.0,CLE,pullup,,,Garland,D. Garland,,,,,,,,,,,19.55,Made,,,,,,,2.0,,,,,
43,PT08M46.00S,2022-04-08T23:45:00.9Z,1,REGULAR,2pt,Layup,['pointsinthepaint'],203083,92.06636005256242,57.59803921568627,1610612751,7,4,2022-04-08T23:45:07Z,430000,38.0,22.0,1,right,MISS A. Drummond reverse Layup,[203083],1610612751.0,BKN,reverse,,,Drummond,A. Drummond,,,,,,,,,,,4.4,Missed,,,,,,,,,,,,
44,PT08M42.00S,2022-04-08T23:45:04.9Z,1,REGULAR,rebound,defensive,[],1630171,,,1610612739,7,4,2022-04-08T23:49:37Z,440000,,,0,,I. Okoro REBOUND (Off:0 Def:1),[1630171],1610612739.0,CLE,,,,Okoro,I. Okoro,,,,,,,,,,,,,43.0,1.0,1.0,0.0,,,,,,,,
45,PT08M35.00S,2022-04-08T23:45:11.0Z,1,REGULAR,3pt,Jump Shot,[],1630596,33.196452036793694,43.38235294117647,1610612739,7,4,2022-04-08T23:49:40Z,450000,33.0,260.0,1,left,MISS E. Mobley 26' pullup 3PT,[1630596],1610612739.0,CLE,pullup,,,Mobley,E. Mobley,,,,,,,,,,,26.16,Missed,,,,,,,,,,,,
46,PT08M33.00S,2022-04-08T23:45:13.0Z,1,REGULAR,rebound,defensive,[],1628971,,,1610612751,7,4,2022-04-08T23:45:14Z,460000,,,0,,B. Brown REBOUND (Off:1 Def:1),[1628971],1610612751.0,BKN,,,,Brown,B. Brown,,,,,,,,,,,,,45.0,2.0,1.0,1.0,,,,,,,,
47,PT08M23.00S,2022-04-08T23:45:23.9Z,1,REGULAR,3pt,Jump Shot,[],1628971,72.22404730617609,77.94117647058823,1610612751,7,4,2022-04-08T23:45:27Z,470000,140.0,209.0,1,right,MISS B. Brown 25' 3PT,[1628971],1610612751.0,BKN,,,,Brown,B. Brown,,,,,,,,,,,25.11,Missed,,,,,,,,,,,,
48,PT08M21.00S,2022-04-08T23:45:25.9Z,1,REGULAR,rebound,defensive,[],1630596,,,1610612739,7,4,2022-04-08T23:45:27Z,480000,,,0,,E. Mobley REBOUND (Off:0 Def:1),[1630596],1610612739.0,CLE,,,,Mobley,E. Mobley,,,,,,,,,,,,,47.0,1.0,1.0,0.0,,,,,,,,
49,PT08M12.00S,2022-04-08T23:45:33.9Z,1,REGULAR,2pt,Jump Shot,['pointsinthepaint'],1630596,11.383048620236531,50.49019607843137,1610612739,7,6,2022-04-08T23:45:41Z,490000,-2.0,55.0,1,left,E. Mobley floating Jump Shot (2 PTS) (I. Okoro 1 AST),"[1630596, 1630171]",1610612739.0,CLE,floating,,,Mobley,E. Mobley,,,,,,,,,,,5.46,Made,,,,,,,2.0,I. Okoro,1630171.0,1.0,,
51,PT07M56.00S,2022-04-08T23:45:49.4Z,1,REGULAR,2pt,Jump Shot,[],201142,79.05716162943496,47.05882352941176,1610612751,7,6,2022-04-08T23:46:11Z,510000,-15.0,144.0,1,right,MISS K. Durant 14' turnaround fadeaway Shot,[201142],1610612751.0,BKN,turnaround fadeaway,,,Durant,K. Durant,,,,,,,,,,,14.51,Missed,,,,,,,,,,,,
52,PT07M54.00S,2022-04-08T23:45:51.4Z,1,REGULAR,rebound,defensive,[],1628374,,,1610612739,7,6,2022-04-08T23:45:54Z,520000,,,0,,L. Markkanen REBOUND (Off:1 Def:3),[1628374],1610612739.0,CLE,,,,Markkanen,L. Markkanen,,,,,,,,,,,,,51.0,4.0,3.0,1.0,,,,,,,,
53,PT07M43.00S,2022-04-08T23:46:02.3Z,1,REGULAR,turnover,lost ball,[],1628374,,,1610612739,7,6,2022-04-08T23:46:08Z,530000,,,0,,L. Markkanen lost ball TURNOVER (1 TO),"[1628374, 1628971]",1610612739.0,CLE,,,,Markkanen,L. Markkanen,,,,,,,,,,1.0,,,,,,,,,,,,,Brown,1628971.0
54,PT07M43.00S,2022-04-08T23:46:02.3Z,1,REGULAR,steal,,[],1628971,,,1610612751,7,6,2022-04-08T23:46:05Z,540000,,,0,,B. Brown STEAL (1 STL),[1628971],1610612751.0,BKN,,,,Brown,B. Brown,,,,,,,,,,,,,,,,,,,,,,,,
55,PT07M36.00S,2022-04-08T23:46:13.4Z,1,REGULAR,foul,personal,['2freethrow'],1630171,,,1610612751,7,6,2022-04-08T23:46:41Z,550000,,,0,,I. Okoro shooting personal FOUL (1 PF) (Brown 2 FT),"[1630171, 1628971]",1610612739.0,CLE,shooting,,,Okoro,I. Okoro,,,,,202049.0,1.0,0.0,Brown,1628971.0,,,,,,,,,,,,,,,
57,PT07M36.00S,2022-04-08T23:46:44.4Z,1,REGULAR,freethrow,1 of 2,['fromturnover'],1628971,,,1610612751,8,6,2022-04-08T23:47:16Z,570000,,,0,,B. Brown Free Throw 1 of 2 (4 PTS),[1628971],1610612751.0,BKN,,,,Brown,B. Brown,,,,,,,,,,,,Made,,,,,,,4.0,,,,,
59,PT07M36.00S,2022-04-08T23:46:45.4Z,1,REGULAR,substitution,out,[],1627747,,,1610612751,8,6,2022-04-08T23:46:55Z,590000,,,0,,SUB out: C. LeVert,[1627747],1610612739.0,CLE,,,,LeVert,C. LeVert,,,,,,,,,,,,,,,,,,,,,,,,
60,PT07M36.00S,2022-04-08T23:46:45.4Z,1,REGULAR,substitution,in,[],201567,,,1610612751,8,6,2022-04-08T23:46:55Z,600000,,,0,,SUB in: K. Love,[201567],1610612739.0,CLE,,,,Love,K. Love,,,,,,,,,,,,,,,,,,,,,,,,
61,PT07M36.00S,2022-04-08T23:46:44.4Z,1,REGULAR,freethrow,2 of 2,['fromturnover'],1628971,,,1610612751,9,6,2022-04-08T23:47:16Z,610000,,,0,,B. Brown Free Throw 2 of 2 (5 PTS),[1628971],1610612751.0,BKN,,,,Brown,B. Brown,,,,,,,,,,,,Made,,,,,,,5.0,,,,,
62,PT07M24.00S,2022-04-08T23:47:25.1Z,1,REGULAR,2pt,Jump Shot,[],1629636,13.485545335085414,32.1078431372549,1610612739,9,8,2022-04-08T23:47:30Z,620000,89.0,74.0,1,left,D. Garland 11' driving floating Jump Shot (4 PTS),[1629636],1610612739.0,CLE,driving floating,,,Garland,D. Garland,,,,,,,,,,,11.63,Made,,,,,,,4.0,,,,,
63,PT07M14.00S,2022-04-08T23:47:35.2Z,1,REGULAR,2pt,Jump Shot,[],201142,89.43823915900131,72.30392156862744,1610612751,11,8,2022-04-08T23:51:21Z,630000,112.0,47.0,1,right,K. Durant 12' pullup Jump Shot (2 PTS),[201142],1610612751.0,BKN,pullup,,,Durant,K. Durant,,,,,,,,,,,12.09,Made,,,,,,,2.0,,,,,
64,PT07M01.00S,2022-04-08T23:47:47.7Z,1,REGULAR,2pt,Layup,['pointsinthepaint'],1629636,7.5722733245729295,64.2156862745098,1610612739,11,10,2022-04-08T23:48:07Z,640000,-71.0,19.0,1,left,D. Garland 7' driving finger roll Layup (6 PTS),[1629636],1610612739.0,CLE,driving finger roll,,,Garland,D. Garland,,,,,,,,,,,7.35,Made,,,,,,,6.0,,,,,
65,PT06M34.00S,2022-04-08T23:48:15.2Z,1,REGULAR,turnover,lost ball,[],203552,,,1610612751,11,10,2022-04-08T23:48:18Z,650000,,,0,,S. Curry lost ball TURNOVER (1 TO),"[203552, 1630596]",1610612751.0,BKN,,,,Curry,S. Curry,,,,,,,,,,1.0,,,,,,,,,,,,,Mobley,1630596.0
66,PT06M34.00S,2022-04-08T23:48:15.2Z,1,REGULAR,steal,,[],1630596,,,1610612739,11,10,2022-04-08T23:48:17Z,660000,,,0,,E. Mobley STEAL (1 STL),[1630596],1610612739.0,CLE,,,,Mobley,E. Mobley,,,,,,,,,,,,,,,,,,,,,,,,
67,PT06M27.00S,2022-04-08T23:48:29.9Z,1,REGULAR,foul,personal,[],203552,,,1610612739,11,10,2022-04-08T23:48:35Z,670000,,,0,,S. Curry personal FOUL (2 PF),"[203552, 1628374]",1610612751.0,BKN,,,,Curry,S. Curry,,,,,202049.0,2.0,0.0,Markkanen,1628374.0,,,,,,,,,,,,,,,
69,PT06M27.00S,2022-04-08T23:48:36.7Z,1,REGULAR,timeout,full,"['team', 'mandatory']",0,,,1610612739,11,10,2022-04-08T23:48:36Z,690000,,,0,,BKN Timeout,[],1610612751.0,BKN,,,,,,,,,,,,,,,,,,,,,,,,,,,,,
70,PT06M27.00S,2022-04-08T23:50:39.0Z,1,REGULAR,substitution,out,[],203083,,,1610612739,11,10,2022-04-08T23:51:05Z,700000,,,0,,SUB out: A. Drummond,[203083],1610612751.0,BKN,,,,Drummond,A. Drummond,,,,,,,,,,,,,,,,,,,,,,,,
71,PT06M27.00S,2022-04-08T23:50:39.0Z,1,REGULAR,substitution,out,[],203552,,,1610612739,11,10,2022-04-08T23:51:05Z,710000,,,0,,SUB out: S. Curry,[203552],1610612751.0,BKN,,,,Curry,S. Curry,,,,,,,,,,,,,,,,,,,,,,,,
72,PT06M27.00S,2022-04-08T23:50:39.0Z,1,REGULAR,substitution,in,[],1629651,,,1610612739,11,10,2022-04-08T23:51:05Z,720000,,,0,,SUB in: N. Claxton,[1629651],1610612751.0,BKN,,,,Claxton,N. Claxton,,,,,,,,,,,,,,,,,,,,,,,,
73,PT06M27.00S,2022-04-08T23:50:39.0Z,1,REGULAR,substitution,in,[],1630556,,,1610612739,11,10,2022-04-08T23:51:05Z,730000,,,0,,SUB in: K. Edwards,[1630556],1610612751.0,BKN,,,,Edwards,K. Edwards,,,,,,,,,,,,,,,,,,,,,,,,
74,PT06M13.00S,2022-04-08T23:51:45.6Z,1,REGULAR,3pt,Jump Shot,['fromturnover'],201567,31.09395532194481,19.852941176470587,1610612739,11,10,2022-04-08T23:51:50Z,740000,151.0,240.0,1,left,MISS K. Love 28' 3PT,[201567],1610612739.0,CLE,,,,Love,K. Love,,,,,,,,,,,28.32,Missed,,,,,,,,,,,,
75,PT06M09.00S,2022-04-08T23:51:49.6Z,1,REGULAR,rebound,defensive,[],1628971,,,1610612751,11,10,2022-04-08T23:51:50Z,750000,,,0,,B. Brown REBOUND (Off:1 Def:2),[1628971],1610612751.0,BKN,,,,Brown,B. Brown,,,,,,,,,,,,,74.0,3.0,2.0,1.0,,,,,,,,
76,PT06M06.00S,2022-04-08T23:51:53.4Z,1,REGULAR,3pt,Jump Shot,['fastbreak'],201142,69.20170827858082,69.85294117647058,1610612751,14,10,2022-04-08T23:51:58Z,760000,99.0,237.0,1,right,K. Durant 25' 3PT  (5 PTS) (B. Brown 1 AST),"[201142, 1628971]",1610612751.0,BKN,,,,Durant,K. Durant,,,,,,,,,,,25.7,Made,,,,,,,5.0,B. Brown,1628971.0,1.0,,
78,PT05M39.00S,2022-04-08T23:52:20.0Z,1,REGULAR,2pt,Jump Shot,[],1630596,25.312089356110377,49.754901960784316,1610612739,14,10,2022-04-08T23:52:23Z,780000,1.0,185.0,1,left,MISS E. Mobley 18' turnaround fadeaway Shot,[1630596],1610612739.0,CLE,turnaround fadeaway,,,Mobley,E. Mobley,,,,,,,,,,,18.54,Missed,,,,,,,,,,,,
79,PT05M36.00S,2022-04-08T23:52:23.0Z,1,REGULAR,rebound,defensive,[],1629651,,,1610612751,14,10,2022-04-08T23:52:23Z,790000,,,0,,N. Claxton REBOUND (Off:0 Def:1),[1629651],1610612751.0,BKN,,,,Claxton,N. Claxton,,,,,,,,,,,,,78.0,1.0,1.0,0.0,,,,,,,,
80,PT05M28.00S,2022-04-08T23:52:31.0Z,1,REGULAR,2pt,Layup,['pointsinthepaint'],1628971,91.5407358738502,53.18627450980392,1610612751,16,10,2022-04-08T23:52:34Z,800000,16.0,27.0,1,right,B. Brown cutting finger roll Layup (7 PTS) (K. Irving 3 AST),"[1628971, 202681]",1610612751.0,BKN,cutting finger roll,,,Brown,B. Brown,,,,,,,,,,,3.13,Made,,,,,,,7.0,K. Irving,202681.0,3.0,,
82,PT05M09.00S,2022-04-08T23:52:50.9Z,1,REGULAR,3pt,Jump Shot,[],1628374,33.065045992115635,46.81372549019608,1610612739,16,10,2022-04-08T23:52:57Z,820000,16.0,258.0,1,left,MISS L. Markkanen 25' 3PT,[1628374],1610612739.0,CLE,,,,Markkanen,L. Markkanen,,,,,,,,,,,25.88,Missed,,,,,,,,,,,,
83,PT05M06.00S,2022-04-08T23:52:53.9Z,1,REGULAR,rebound,defensive,[],1629651,,,1610612751,16,10,2022-04-08T23:53:03Z,830000,,,0,,N. Claxton REBOUND (Off:0 Def:2),[1629651],1610612751.0,BKN,,,,Claxton,N. Claxton,,,,,,,,,,,,,82.0,2.0,2.0,0.0,,,,,,,,
84,PT04M57.00S,2022-04-08T23:53:02.6Z,1,REGULAR,2pt,Jump Shot,[],201142,78.53153745072274,24.754901960784316,1610612751,18,10,2022-04-08T23:53:23Z,840000,-126.0,149.0,1,right,K. Durant 19' pullup Jump Shot (7 PTS) (B. Brown 2 AST),"[201142, 1628971]",1610612751.0,BKN,pullup,,,Durant,K. Durant,,,,,,,,,,,19.55,Made,,,,,,,7.0,B. Brown,1628971.0,2.0,,
86,PT04M37.00S,2022-04-08T23:53:22.0Z,1,REGULAR,3pt,Jump Shot,[],1629636,32.933639947437584,37.254901960784316,1610612739,18,10,2022-04-08T23:53:27Z,860000,64.0,257.0,1,left,MISS D. Garland 26' pullup 3PT,[1629636],1610612739.0,CLE,pullup,,,Garland,D. Garland,,,,,,,,,,,26.49,Missed,,,,,,,,,,,,
87,PT04M34.00S,2022-04-08T23:53:25.0Z,1,REGULAR,rebound,defensive,[],1630556,,,1610612751,18,10,2022-04-08T23:53:27Z,870000,,,0,,K. Edwards REBOUND (Off:0 Def:1),[1630556],1610612751.0,BKN,,,,Edwards,K. Edwards,,,,,,,,,,,,,86.0,1.0,1.0,0.0,,,,,,,,
88,PT04M28.00S,2022-04-08T23:53:32.9Z,1,REGULAR,2pt,DUNK,['pointsinthepaint'],1629651,92.32917214191852,45.34313725490196,1610612751,20,10,2022-04-08T23:53:42Z,880000,-23.0,20.0,1,right,N. Claxton cutting DUNK (2 PTS) (K. Durant 1 AST),"[1629651, 201142]",1610612751.0,BKN,cutting,,,Claxton,N. Claxton,,,,,,,,,,,3.04,Made,,,,,,,2.0,K. Durant,201142.0,1.0,,
90,PT04M27.00S,2022-04-08T23:53:37.1Z,1,REGULAR,timeout,full,"['team', 'mandatory']",0,,,1610612739,20,10,2022-04-08T23:53:37Z,900000,,,0,,CLE Timeout,[],1610612739.0,CLE,,,,,,,,,,,,,,,,,,,,,,,,,,,,,
91,PT04M27.00S,2022-04-08T23:55:27.8Z,1,REGULAR,substitution,out,[],1630596,,,1610612739,20,10,2022-04-08T23:56:24Z,910000,,,0,,SUB out: E. Mobley,[1630596],1610612739.0,CLE,,,,Mobley,E. Mobley,,,,,,,,,,,,,,,,,,,,,,,,
92,PT04M27.00S,2022-04-08T23:55:27.8Z,1,REGULAR,substitution,out,[],1628374,,,1610612739,20,10,2022-04-08T23:56:24Z,920000,,,0,,SUB out: L. Markkanen,[1628374],1610612739.0,CLE,,,,Markkanen,L. Markkanen,,,,,,,,,,,,,,,,,,,,,,,,
93,PT04M27.00S,2022-04-08T23:55:27.8Z,1,REGULAR,substitution,out,[],1630171,,,1610612739,20,10,2022-04-08T23:56:24Z,930000,,,0,,SUB out: I. Okoro,[1630171],1610612739.0,CLE,,,,Okoro,I. Okoro,,,,,,,,,,,,,,,,,,,,,,,,
94,PT04M27.00S,2022-04-08T23:55:27.8Z,1,REGULAR,substitution,in,[],1630205,,,1610612739,20,10,2022-04-08T23:56:24Z,940000,,,0,,SUB in: L. Stevens,[1630205],1610612739.0,CLE,,,,Stevens,L. Stevens,,,,,,,,,,,,,,,,,,,,,,,,
95,PT04M27.00S,2022-04-08T23:55:27.8Z,1,REGULAR,substitution,in,[],1629650,,,1610612739,20,10,2022-04-08T23:56:24Z,950000,,,0,,SUB in: M. Brown,[1629650],1610612739.0,CLE,,,,Brown,M. Brown,,,,,,,,,,,,,,,,,,,,,,,,
96,PT04M27.00S,2022-04-08T23:55:27.8Z,1,REGULAR,substitution,in,[],1627747,,,1610612739,20,10,2022-04-08T23:56:24Z,960000,,,0,,SUB in: C. LeVert,[1627747],1610612739.0,CLE,,,,LeVert,C. LeVert,,,,,,,,,,,,,,,,,,,,,,,,
97,PT04M07.00S,2022-04-08T23:56:57.6Z,1,REGULAR,3pt,Jump Shot,[],1630205,5.469776609724048,95.58823529411765,1610612739,20,10,2022-04-08T23:57:02Z,970000,-228.0,-1.0,1,left,MISS L. Stevens 3PT,[1630205],1610612739.0,CLE,,,,Stevens,L. Stevens,,,,,,,,,,,22.79,Missed,,,,,,,,,,,,
98,PT04M04.00S,2022-04-08T23:57:00.6Z,1,REGULAR,rebound,defensive,[],202681,,,1610612751,20,10,2022-04-08T23:57:02Z,980000,,,0,,K. Irving REBOUND (Off:0 Def:3),[202681],1610612751.0,BKN,,,,Irving,K. Irving,,,,,,,,,,,,,97.0,3.0,3.0,0.0,,,,,,,,
99,PT03M52.00S,2022-04-08T23:57:12.8Z,1,REGULAR,3pt,Jump Shot,[],1630556,86.5473061760841,5.392156862745098,1610612751,20,10,2022-04-08T23:57:39Z,990000,-223.0,74.0,1,right,MISS K. Edwards 3PT,[1630556],1610612751.0,BKN,,,,Edwards,K. Edwards,,,,,,,,,,,23.5,Missed,,,,,,,,,,,,
100,PT03M49.00S,2022-04-08T23:57:15.8Z,1,REGULAR,rebound,offensive,[],1628971,,,1610612751,20,10,2022-04-08T23:57:17Z,1000000,,,0,,B. Brown REBOUND (Off:2 Def:2),[1628971],1610612751.0,BKN,,,,Brown,B. Brown,,,,,,,,,,,,,99.0,4.0,2.0,2.0,,,,,,,,
101,PT03M42.00S,2022-04-08T23:57:23.6Z,1,REGULAR,2pt,Jump Shot,['2ndchance'],202681,89.96386333771353,79.16666666666666,1610612751,22,10,2022-04-08T23:57:28Z,1010000,146.0,42.0,1,right,K. Irving 15' fadeaway Jump Shot (2 PTS) (B. Brown 3 AST),"[202681, 1628971]",1610612751.0,BKN,fadeaway,,,Irving,K. Irving,,,,,,,,,,,15.17,Made,,,,,,,2.0,B. Brown,1628971.0,3.0,,
103,PT03M14.00S,2022-04-08T23:57:50.7Z,1,REGULAR,3pt,Jump Shot,[],1630205,21.632720105124836,12.254901960784313,1610612739,22,10,2022-04-08T23:57:56Z,1030000,189.0,151.0,1,left,MISS L. Stevens 24' 3PT,[1630205],1610612739.0,CLE,,,,Stevens,L. Stevens,,,,,,,,,,,24.16,Missed,,,,,,,,,,,,
104,PT03M10.00S,2022-04-08T23:57:54.7Z,1,REGULAR,rebound,offensive,[],201567,,,1610612739,22,10,2022-04-08T23:57:56Z,1040000,,,0,,K. Love REBOUND (Off:1 Def:0),[201567],1610612739.0,CLE,,,,Love,K. Love,,,,,,,,,,,,,103.0,1.0,0.0,1.0,,,,,,,,
105,PT03M03.00S,2022-04-08T23:58:01.9Z,1,REGULAR,2pt,Layup,"['pointsinthepaint', '2ndchance']",1629636,10.463206307490145,48.03921568627451,1610612739,22,10,2022-04-08T23:58:06Z,1050000,10.0,46.0,1,left,MISS D. Garland driving Layup - blocked,"[1629636, 1628971]",1610612739.0,CLE,driving,,,Garland,D. Garland,,,,,,,,,,,4.69,Missed,,,,,Brown,1628971.0,,,,,,
106,PT03M03.00S,2022-04-08T23:58:01.9Z,1,REGULAR,block,,[],1628971,,,1610612739,22,10,2022-04-08T23:58:04Z,1060000,,,0,,B. Brown BLOCK (1 BLK),[1628971],1610612751.0,BKN,,,,Brown,B. Brown,,,,,,,,,,,,,,,,,,,,,,,,
107,PT03M00.00S,2022-04-08T23:58:04.9Z,1,REGULAR,rebound,offensive,[],201567,,,1610612739,22,10,2022-04-08T23:58:06Z,1070000,,,0,,K. Love REBOUND (Off:2 Def:0),[201567],1610612739.0,CLE,,,,Love,K. Love,,,,,,,,,,,,,105.0,2.0,0.0,2.0,,,,,,,,
108,PT02M56.00S,2022-04-08T23:58:09.5Z,1,REGULAR,turnover,bad pass,[],201567,,,1610612739,22,10,2022-04-08T23:58:13Z,1080000,,,0,,K. Love bad pass TURNOVER (1 TO),"[201567, 201142]",1610612739.0,CLE,,,,Love,K. Love,,,,,,,,,,1.0,,,,,,,,,,,,,Durant,201142.0
109,PT02M56.00S,2022-04-08T23:58:09.5Z,1,REGULAR,steal,,[],201142,,,1610612751,22,10,2022-04-08T23:58:12Z,1090000,,,0,,K. Durant STEAL (1 STL),[201142],1610612751.0,BKN,,,,Durant,K. Durant,,,,,,,,,,,,,,,,,,,,,,,,
110,PT02M42.00S,2022-04-08T23:58:23.7Z,1,REGULAR,3pt,Jump Shot,['fromturnover'],202681,93.38042049934296,95.09803921568627,1610612751,22,10,2022-04-08T23:58:28Z,1100000,225.0,10.0,1,right,MISS K. Irving 3PT,[202681],1610612751.0,BKN,,,,Irving,K. Irving,,,,,,,,,,,22.57,Missed,,,,,,,,,,,,
111,PT02M42.00S,2022-04-08T23:58:23.7Z,1,REGULAR,rebound,defensive,['team'],0,,,1610612739,22,10,2022-04-08T23:58:28Z,1110000,,,0,,TEAM defensive REBOUND,[],1610612739.0,CLE,,,,,,,,,,,,,,,,,,110.0,,,,,,,,,,,
112,PT02M42.00S,2022-04-08T23:58:30.5Z,1,REGULAR,stoppage,out-of-bounds,[],0,,,1610612739,22,10,2022-04-08T23:58:30Z,1120000,,,0,,,[],,,,,,,,,,,,,,,,,,,,,,,,,,,,,,,
113,PT02M42.00S,2022-04-08T23:58:31.5Z,1,REGULAR,substitution,out,[],202681,,,1610612739,22,10,2022-04-08T23:58:39Z,1130000,,,0,,SUB out: K. Irving,[202681],1610612751.0,BKN,,,,Irving,K. Irving,,,,,,,,,,,,,,,,,,,,,,,,
114,PT02M42.00S,2022-04-08T23:58:31.5Z,1,REGULAR,substitution,out,[],1629636,,,1610612739,22,10,2022-04-08T23:58:39Z,1140000,,,0,,SUB out: D. Garland,[1629636],1610612739.0,CLE,,,,Garland,D. Garland,,,,,,,,,,,,,,,,,,,,,,,,
115,PT02M42.00S,2022-04-08T23:58:31.5Z,1,REGULAR,substitution,in,[],201988,,,1610612739,22,10,2022-04-08T23:58:39Z,1150000,,,0,,SUB in: P. Mills,[201988],1610612751.0,BKN,,,,Mills,P. Mills,,,,,,,,,,,,,,,,,,,,,,,,
116,PT02M42.00S,2022-04-08T23:58:31.5Z,1,REGULAR,substitution,in,[],200765,,,1610612739,22,10,2022-04-08T23:58:39Z,1160000,,,0,,SUB in: R. Rondo,[200765],1610612739.0,CLE,,,,Rondo,R. Rondo,,,,,,,,,,,,,,,,,,,,,,,,
117,PT02M32.00S,2022-04-08T23:59:00.3Z,1,REGULAR,foul,personal,['2freethrow'],1628971,,,1610612739,22,10,2022-04-08T23:59:13Z,1170000,,,0,,B. Brown shooting personal FOUL (1 PF) (LeVert 2 FT),"[1628971, 1627747]",1610612751.0,BKN,shooting,,,Brown,B. Brown,,,,,1198.0,1.0,0.0,LeVert,1627747.0,,,,,,,,,,,,,,,
119,PT02M32.00S,2022-04-08T23:59:31.2Z,1,REGULAR,freethrow,1 of 2,[],1627747,,,1610612739,22,10,2022-04-08T23:59:31Z,1190000,,,0,,MISS C. LeVert Free Throw 1 of 2,[1627747],1610612739.0,CLE,,,,LeVert,C. LeVert,,,,,,,,,,,,Missed,,,,,,,,,,,,
120,PT02M32.00S,2022-04-08T23:59:31.2Z,1,REGULAR,rebound,offensive,"['deadball', 'team']",0,,,1610612739,22,10,2022-04-08T23:59:31Z,1200000,,,0,,TEAM offensive REBOUND,[],1610612739.0,CLE,,,,,,,,,,,,,,,,,,119.0,,,,,,,,,,,
121,PT02M32.00S,2022-04-08T23:59:33.7Z,1,REGULAR,substitution,out,[],1628971,,,1610612739,22,10,2022-04-08T23:59:38Z,1210000,,,0,,SUB out: B. Brown,[1628971],1610612751.0,BKN,,,,Brown,B. Brown,,,,,,,,,,,,,,,,,,,,,,,,
122,PT02M32.00S,2022-04-08T23:59:33.7Z,1,REGULAR,substitution,out,[],1629650,,,1610612739,22,10,2022-04-08T23:59:38Z,1220000,,,0,,SUB out: M. Brown,[1629650],1610612739.0,CLE,,,,Brown,M. Brown,,,,,,,,,,,,,,,,,,,,,,,,
123,PT02M32.00S,2022-04-08T23:59:33.7Z,1,REGULAR,substitution,in,[],203552,,,1610612739,22,10,2022-04-08T23:59:38Z,1230000,,,0,,SUB in: S. Curry,[203552],1610612751.0,BKN,,,,Curry,S. Curry,,,,,,,,,,,,,,,,,,,,,,,,
124,PT02M32.00S,2022-04-08T23:59:33.7Z,1,REGULAR,substitution,in,[],1628374,,,1610612739,22,10,2022-04-08T23:59:38Z,1240000,,,0,,SUB in: L. Markkanen,[1628374],1610612739.0,CLE,,,,Markkanen,L. Markkanen,,,,,,,,,,,,,,,,,,,,,,,,
125,PT02M32.00S,2022-04-08T23:59:51.2Z,1,REGULAR,freethrow,2 of 2,[],1627747,,,1610612739,22,11,2022-04-08T23:59:51Z,1250000,,,0,,C. LeVert Free Throw 2 of 2 (1 PTS),[1627747],1610612739.0,CLE,,,,LeVert,C. LeVert,,,,,,,,,,,,Made,,,,,,,1.0,,,,,
126,PT02M12.00S,2022-04-09T00:00:15.9Z,1,REGULAR,foul,personal,[],1630205,,,1610612751,22,11,2022-04-09T00:00:26Z,1260000,,,0,,L. Stevens personal FOUL (1 PF),"[1630205, 201142]",1610612739.0,CLE,,,,Stevens,L. Stevens,,,,,2715.0,1.0,0.0,Durant,201142.0,,,,,,,,,,,,,,,
128,PT02M03.00S,2022-04-09T00:00:41.4Z,1,REGULAR,foul,personal,['2freethrow'],1630205,,,1610612751,22,11,2022-04-09T00:00:51Z,1280000,,,0,,L. Stevens shooting personal FOUL (2 PF) (Durant 2 FT),"[1630205, 201142]",1610612739.0,CLE,shooting,,,Stevens,L. Stevens,,,,,1198.0,2.0,0.0,Durant,201142.0,,,,,,,,,,,,,,,
130,PT02M03.00S,2022-04-09T00:01:06.1Z,1,REGULAR,freethrow,1 of 2,[],201142,,,1610612751,23,11,2022-04-09T00:01:06Z,1300000,,,0,,K. Durant Free Throw 1 of 2 (8 PTS),[201142],1610612751.0,BKN,,,,Durant,K. Durant,,,,,,,,,,,,Made,,,,,,,8.0,,,,,
131,PT02M03.00S,2022-04-09T00:01:25.2Z,1,REGULAR,freethrow,2 of 2,[],201142,,,1610612751,24,11,2022-04-09T00:01:25Z,1310000,,,0,,K. Durant Free Throw 2 of 2 (9 PTS),[201142],1610612751.0,BKN,,,,Durant,K. Durant,,,,,,,,,,,,Made,,,,,,,9.0,,,,,
132,PT01M52.00S,2022-04-09T00:01:39.5Z,1,REGULAR,2pt,Jump Shot,['pointsinthepaint'],1627747,17.296320630749015,58.57843137254902,1610612739,24,13,2022-04-09T00:02:01Z,1320000,-43.0,110.0,1,left,C. LeVert 11' pullup Jump Shot (3 PTS) (R. Rondo 1 AST),"[1627747, 200765]",1610612739.0,CLE,pullup,,,LeVert,C. LeVert,,,,,,,,,,,11.82,Made,,,,,,,3.0,R. Rondo,200765.0,1.0,,
134,PT01M38.00S,2022-04-09T00:01:52.7Z,1,REGULAR,2pt,Jump Shot,['pointsinthepaint'],201142,82.7365308804205,40.44117647058824,1610612751,26,13,2022-04-09T00:01:57Z,1340000,-48.0,110.0,1,right,K. Durant 11' pullup Jump Shot (11 PTS),[201142],1610612751.0,BKN,pullup,,,Durant,K. Durant,,,,,,,,,,,11.98,Made,,,,,,,11.0,,,,,
135,PT01M19.00S,2022-04-09T00:02:11.4Z,1,REGULAR,2pt,Jump Shot,['pointsinthepaint'],1628374,14.668199737187912,34.80392156862745,1610612739,26,15,2022-04-09T00:02:15Z,1350000,76.0,85.0,1,left,L. Markkanen 11' turnaround fadeaway Jump Shot (4 PTS),[1628374],1610612739.0,CLE,turnaround fadeaway,,,Markkanen,L. Markkanen,,,,,,,,,,,11.43,Made,,,,,,,4.0,,,,,
136,PT01M05.00S,2022-04-09T00:02:26.3Z,1,REGULAR,2pt,Jump Shot,[],201142,88.91261498028909,76.7156862745098,1610612751,28,15,2022-04-09T00:02:30Z,1360000,134.0,52.0,1,right,K. Durant 14' Jump Shot (13 PTS) (S. Curry 1 AST),"[201142, 203552]",1610612751.0,BKN,,,,Durant,K. Durant,,,,,,,,,,,14.33,Made,,,,,,,13.0,S. Curry,203552.0,1.0,,
138,PT00M58.80S,2022-04-09T00:02:37.5Z,1,REGULAR,foul,offensive,[],1628374,,,1610612739,28,15,2022-04-09T00:02:56Z,1380000,,,0,,L. Markkanen offensive FOUL (2 PF),"[1628374, 1629651]",1610612739.0,CLE,,,,Markkanen,L. Markkanen,,,,,2715.0,2.0,0.0,Claxton,1629651.0,,,,,,,,,,,,,,,
140,PT00M58.80S,2022-04-09T00:02:37.5Z,1,REGULAR,turnover,offensive foul,[],1628374,,,1610612739,28,15,2022-04-09T00:02:37Z,1400000,,,0,,L. Markkanen offensive foul TURNOVER (2 TO),[1628374],1610612739.0,CLE,,,,Markkanen,L. Markkanen,,,,,2715.0,,,,,2.0,,,,,,,,,,,,,,
141,PT00M44.00S,2022-04-09T00:03:10.6Z,1,REGULAR,3pt,Jump Shot,['fromturnover'],203552,74.06373193166885,14.950980392156863,1610612751,31,15,2022-04-09T00:03:14Z,1410000,-175.0,191.0,1,right,S. Curry 25' 3PT  (7 PTS) (K. Durant 2 AST),"[203552, 201142]",1610612751.0,BKN,,,,Curry,S. Curry,,,,,,,,,,,25.94,Made,,,,,,,7.0,K. Durant,201142.0,2.0,,
143,PT00M28.80S,2022-04-09T00:03:28.2Z,1,REGULAR,2pt,Jump Shot,['pointsinthepaint'],1630205,14.4053876478318,40.68627450980392,1610612739,31,17,2022-04-09T00:03:31Z,1430000,47.0,83.0,1,left,L. Stevens 9' turnaround fadeaway Jump Shot (2 PTS) (R. Rondo 2 AST),"[1630205, 200765]",1610612739.0,CLE,turnaround fadeaway,,,Stevens,L. Stevens,,,,,,,,,,,9.51,Made,,,,,,,2.0,R. Rondo,200765.0,2.0,,
145,PT00M08.90S,2022-04-09T00:03:52.8Z,1,REGULAR,3pt,Jump Shot,[],201142,92.06636005256242,94.85294117647058,1610612751,34,17,2022-04-09T00:03:56Z,1450000,224.0,22.0,1,right,K. Durant 3PT  (16 PTS) (P. Mills 1 AST),"[201142, 201988]",1610612751.0,BKN,,,,Durant,K. Durant,,,,,,,,,,,22.54,Made,,,,,,,16.0,P. Mills,201988.0,1.0,,
147,PT00M01.30S,2022-04-09T00:04:04.5Z,1,REGULAR,foul,personal,['2freethrow'],1630556,,,1610612739,34,17,2022-04-09T00:04:18Z,1470000,,,0,,K. Edwards shooting personal FOUL (1 PF) (LeVert 2 FT),"[1630556, 1627747]",1610612751.0,BKN,shooting,,,Edwards,K. Edwards,,,,,202049.0,1.0,0.0,LeVert,1627747.0,,,,,,,,,,,,,,,
149,PT00M01.30S,2022-04-09T00:04:29.6Z,1,REGULAR,freethrow,1 of 2,[],1627747,,,1610612739,34,18,2022-04-09T00:04:29Z,1490000,,,0,,C. LeVert Free Throw 1 of 2 (4 PTS),[1627747],1610612739.0,CLE,,,,LeVert,C. LeVert,,,,,,,,,,,,Made,,,,,,,4.0,,,,,
150,PT00M01.30S,2022-04-09T00:04:30.3Z,1,REGULAR,substitution,out,[],201567,,,1610612739,34,18,2022-04-09T00:04:33Z,1500000,,,0,,SUB out: K. Love,[201567],1610612739.0,CLE,,,,Love,K. Love,,,,,,,,,,,,,,,,,,,,,,,,
151,PT00M01.30S,2022-04-09T00:04:30.3Z,1,REGULAR,substitution,in,[],1630171,,,1610612739,34,18,2022-04-09T00:04:33Z,1510000,,,0,,SUB in: I. Okoro,[1630171],1610612739.0,CLE,,,,Okoro,I. Okoro,,,,,,,,,,,,,,,,,,,,,,,,
152,PT00M01.30S,2022-04-09T00:04:47.1Z,1,REGULAR,freethrow,2 of 2,[],1627747,,,1610612739,34,19,2022-04-09T00:04:47Z,1520000,,,0,,C. LeVert Free Throw 2 of 2 (5 PTS),[1627747],1610612739.0,CLE,,,,LeVert,C. LeVert,,,,,,,,,,,,Made,,,,,,,5.0,,,,,
153,PT00M00.00S,2022-04-09T00:04:54.0Z,1,REGULAR,period,end,[],0,,,1610612751,34,19,2022-04-09T00:04:54Z,1530000,,,0,,Period End,[],,,,,,,,,,,,,,,,,,,,,,,,,,,,,,,
154,PT12M00.00S,2022-04-09T00:05:00.3Z,2,REGULAR,substitution,out,['startperiod'],201142,,,1610612751,34,19,2022-04-09T00:07:48Z,1540000,,,0,,SUB out: K. Durant,[201142],1610612751.0,BKN,,,,Durant,K. Durant,,,,,,,,,,,,,,,,,,,,,,,,
155,PT12M00.00S,2022-04-09T00:05:00.3Z,2,REGULAR,substitution,out,['startperiod'],1630205,,,1610612751,34,19,2022-04-09T00:07:48Z,1550000,,,0,,SUB out: L. Stevens,[1630205],1610612739.0,CLE,,,,Stevens,L. Stevens,,,,,,,,,,,,,,,,,,,,,,,,
156,PT12M00.00S,2022-04-09T00:05:00.3Z,2,REGULAR,substitution,out,['startperiod'],1628374,,,1610612751,34,19,2022-04-09T00:07:48Z,1560000,,,0,,SUB out: L. Markkanen,[1628374],1610612739.0,CLE,,,,Markkanen,L. Markkanen,,,,,,,,,,,,,,,,,,,,,,,,
157,PT12M00.00S,2022-04-09T00:05:00.3Z,2,REGULAR,substitution,in,['startperiod'],202681,,,1610612751,34,19,2022-04-09T00:07:48Z,1570000,,,0,,SUB in: K. Irving,[202681],1610612751.0,BKN,,,,Irving,K. Irving,,,,,,,,,,,,,,,,,,,,,,,,
158,PT12M00.00S,2022-04-09T00:05:00.3Z,2,REGULAR,substitution,in,['startperiod'],1629636,,,1610612751,34,19,2022-04-09T00:07:48Z,1580000,,,0,,SUB in: D. Garland,[1629636],1610612739.0,CLE,,,,Garland,D. Garland,,,,,,,,,,,,,,,,,,,,,,,,
159,PT12M00.00S,2022-04-09T00:05:00.3Z,2,REGULAR,substitution,in,['startperiod'],201567,,,1610612751,34,19,2022-04-09T00:07:48Z,1590000,,,0,,SUB in: K. Love,[201567],1610612739.0,CLE,,,,Love,K. Love,,,,,,,,,,,,,,,,,,,,,,,,
160,PT12M00.00S,2022-04-09T00:05:00.3Z,2,REGULAR,substitution,out,['startperiod'],201988,,,1610612751,34,19,2022-04-09T00:08:03Z,1600000,,,0,,SUB out: P. Mills,[201988],1610612751.0,BKN,,,,Mills,P. Mills,,,,,,,,,,,,,,,,,,,,,,,,
161,PT12M00.00S,2022-04-09T00:05:00.3Z,2,REGULAR,substitution,in,['startperiod'],1628971,,,1610612751,34,19,2022-04-09T00:08:03Z,1610000,,,0,,SUB in: B. Brown,[1628971],1610612751.0,BKN,,,,Brown,B. Brown,,,,,,,,,,,,,,,,,,,,,,,,
162,PT12M00.00S,2022-04-09T00:08:06.7Z,2,REGULAR,period,start,[],0,,,1610612739,34,19,2022-04-09T00:08:06Z,1620000,,,0,,Period Start,[],,,,,,,,,,,,,,,,,,,,,,,,,,,,,,,
163,PT11M48.00S,2022-04-09T00:08:18.3Z,2,REGULAR,3pt,Jump Shot,[],201567,22.815374507227332,89.70588235294117,1610612739,34,22,2022-04-09T00:08:22Z,1630000,-199.0,162.0,1,left,K. Love 25' 3PT  (3 PTS) (R. Rondo 3 AST),"[201567, 200765]",1610612739.0,CLE,,,,Love,K. Love,,,,,,,,,,,25.62,Made,,,,,,,3.0,R. Rondo,200765.0,3.0,,
165,PT11M31.00S,2022-04-09T00:08:35.7Z,2,REGULAR,2pt,Jump Shot,['pointsinthepaint'],1629651,87.07293035479631,57.84313725490197,1610612751,34,22,2022-04-09T00:08:40Z,1650000,39.0,69.0,1,right,MISS N. Claxton 7' driving floating Shot,[1629651],1610612751.0,BKN,driving floating,,,Claxton,N. Claxton,,,,,,,,,,,7.94,Missed,,,,,,,,,,,,
166,PT11M30.00S,2022-04-09T00:08:36.7Z,2,REGULAR,rebound,offensive,['team'],0,,,1610612751,34,22,2022-04-09T00:08:40Z,1660000,,,0,,TEAM offensive REBOUND,[],1610612751.0,BKN,,,,,,,,,,,,,,,,,,165.0,,,,,,,,,,,
167,PT11M30.00S,2022-04-09T00:08:39.3Z,2,REGULAR,stoppage,out-of-bounds,[],0,,,1610612751,34,22,2022-04-09T00:08:39Z,1670000,,,0,,,[],,,,,,,,,,,,,,,,,,,,,,,,,,,,,,,
168,PT11M23.00S,2022-04-09T00:09:01.0Z,2,REGULAR,2pt,Jump Shot,"['pointsinthepaint', '2ndchance']",202681,85.62746386333771,57.84313725490197,1610612751,36,22,2022-04-09T00:09:03Z,1680000,39.0,83.0,1,right,K. Irving 9' pullup Jump Shot (4 PTS),[202681],1610612751.0,BKN,pullup,,,Irving,K. Irving,,,,,,,,,,,9.14,Made,,,,,,,4.0,,,,,
169,PT11M10.00S,2022-04-09T00:09:13.4Z,2,REGULAR,3pt,Jump Shot,[],201567,24.52365308804205,87.00980392156863,1610612739,36,22,2022-04-09T00:09:16Z,1690000,-185.0,178.0,1,left,MISS K. Love 25' 3PT - blocked,"[201567, 1628971]",1610612739.0,CLE,,,,Love,K. Love,,,,,,,,,,,25.67,Missed,,,,,Brown,1628971.0,,,,,,
170,PT11M10.00S,2022-04-09T00:09:13.4Z,2,REGULAR,block,,[],1628971,,,1610612739,36,22,2022-04-09T00:09:15Z,1700000,,,0,,B. Brown BLOCK (2 BLK),[1628971],1610612751.0,BKN,,,,Brown,B. Brown,,,,,,,,,,,,,,,,,,,,,,,,
171,PT11M09.00S,2022-04-09T00:09:14.4Z,2,REGULAR,rebound,defensive,[],203552,,,1610612751,36,22,2022-04-09T00:09:16Z,1710000,,,0,,S. Curry REBOUND (Off:0 Def:1),[203552],1610612751.0,BKN,,,,Curry,S. Curry,,,,,,,,,,,,,169.0,1.0,1.0,0.0,,,,,,,,
172,PT11M09.00S,2022-04-09T00:09:19.4Z,2,REGULAR,foul,personal,[],1630171,,,1610612751,36,22,2022-04-09T00:09:26Z,1720000,,,0,,I. Okoro personal FOUL (2 PF),"[1630171, 203552]",1610612739.0,CLE,,,,Okoro,I. Okoro,,,,,2715.0,2.0,0.0,Curry,203552.0,,,,,,,,,,,,,,,
174,PT10M56.00S,2022-04-09T00:09:52.8Z,2,REGULAR,foul,personal,[],201567,,,1610612751,36,22,2022-04-09T00:10:02Z,1740000,,,0,,K. Love personal FOUL (1 PF),"[201567, 1630556]",1610612739.0,CLE,,,,Love,K. Love,,,,,202049.0,1.0,0.0,Edwards,1630556.0,,,,,,,,,,,,,,,
176,PT10M56.00S,2022-04-09T00:10:05.6Z,2,REGULAR,substitution,out,[],1630171,,,1610612751,36,22,2022-04-09T00:10:22Z,1760000,,,0,,SUB out: I. Okoro,[1630171],1610612739.0,CLE,,,,Okoro,I. Okoro,,,,,,,,,,,,,,,,,,,,,,,,
177,PT10M56.00S,2022-04-09T00:10:05.6Z,2,REGULAR,substitution,in,[],1626224,,,1610612751,36,22,2022-04-09T00:10:22Z,1770000,,,0,,SUB in: C. Osman,[1626224],1610612739.0,CLE,,,,Osman,C. Osman,,,,,,,,,,,,,,,,,,,,,,,,
178,PT10M40.00S,2022-04-09T00:10:40.8Z,2,REGULAR,3pt,Jump Shot,[],203552,72.7496714848883,16.666666666666664,1610612751,36,22,2022-04-09T00:10:45Z,1780000,-167.0,204.0,1,right,MISS S. Curry 26' step back 3PT,[203552],1610612751.0,BKN,step back,,,Curry,S. Curry,,,,,,,,,,,26.32,Missed,,,,,,,,,,,,
179,PT10M36.00S,2022-04-09T00:10:44.5Z,2,REGULAR,rebound,defensive,[],1627747,,,1610612739,36,22,2022-04-09T00:10:44Z,1790000,,,0,,C. LeVert REBOUND (Off:0 Def:1),[1627747],1610612739.0,CLE,,,,LeVert,C. LeVert,,,,,,,,,,,,,178.0,1.0,1.0,0.0,,,,,,,,
180,PT10M33.00S,2022-04-09T00:10:50.7Z,2,REGULAR,foul,personal,['2freethrow'],1629651,,,1610612739,36,22,2022-04-09T00:10:58Z,1800000,,,0,,N. Claxton shooting personal FOUL (1 PF) (LeVert 2 FT),"[1629651, 1627747]",1610612751.0,BKN,shooting,,,Claxton,N. Claxton,,,,,202049.0,1.0,0.0,LeVert,1627747.0,,,,,,,,,,,,,,,
182,PT10M33.00S,2022-04-09T00:11:19.7Z,2,REGULAR,freethrow,1 of 2,[],1627747,,,1610612739,36,23,2022-04-09T00:11:57Z,1820000,,,0,,C. LeVert Free Throw 1 of 2 (6 PTS),[1627747],1610612739.0,CLE,,,,LeVert,C. LeVert,,,,,,,,,,,,Made,,,,,,,6.0,,,,,
183,PT10M33.00S,2022-04-09T00:11:19.7Z,2,REGULAR,freethrow,2 of 2,[],1627747,,,1610612739,36,23,2022-04-09T00:11:57Z,1830000,,,0,,MISS C. LeVert Free Throw 2 of 2,[1627747],1610612739.0,CLE,,,,LeVert,C. LeVert,,,,,,,,,,,,Missed,,,,,,,,,,,,
184,PT10M31.00S,2022-04-09T00:11:21.7Z,2,REGULAR,rebound,defensive,[],1629651,,,1610612751,36,23,2022-04-09T00:11:57Z,1840000,,,0,,N. Claxton REBOUND (Off:0 Def:3),[1629651],1610612751.0,BKN,,,,Claxton,N. Claxton,,,,,,,,,,,,,183.0,3.0,3.0,0.0,,,,,,,,
185,PT10M20.00S,2022-04-09T00:12:09.9Z,2,REGULAR,foul,personal,[],1626224,,,1610612751,36,23,2022-04-09T00:12:33Z,1850000,,,0,,C. Osman personal FOUL (1 PF),"[1626224, 203552]",1610612739.0,CLE,,,,Osman,C. Osman,,,,,1198.0,1.0,0.0,Curry,203552.0,,,,,,,,,,,,,,,
187,PT10M20.00S,2022-04-09T00:12:17.1Z,2,REGULAR,substitution,out,[],1629651,,,1610612751,36,23,2022-04-09T00:12:25Z,1870000,,,0,,SUB out: N. Claxton,[1629651],1610612751.0,BKN,,,,Claxton,N. Claxton,,,,,,,,,,,,,,,,,,,,,,,,
188,PT10M20.00S,2022-04-09T00:12:17.1Z,2,REGULAR,substitution,out,[],200765,,,1610612751,36,23,2022-04-09T00:12:25Z,1880000,,,0,,SUB out: R. Rondo,[200765],1610612739.0,CLE,,,,Rondo,R. Rondo,,,,,,,,,,,,,,,,,,,,,,,,
189,PT10M20.00S,2022-04-09T00:12:17.1Z,2,REGULAR,substitution,in,[],203083,,,1610612751,36,23,2022-04-09T00:12:25Z,1890000,,,0,,SUB in: A. Drummond,[203083],1610612751.0,BKN,,,,Drummond,A. Drummond,,,,,,,,,,,,,,,,,,,,,,,,
190,PT10M20.00S,2022-04-09T00:12:17.1Z,2,REGULAR,substitution,in,[],1630596,,,1610612751,36,23,2022-04-09T00:12:25Z,1900000,,,0,,SUB in: E. Mobley,[1630596],1610612739.0,CLE,,,,Mobley,E. Mobley,,,,,,,,,,,,,,,,,,,,,,,,
191,PT10M14.00S,2022-04-09T00:12:39.3Z,2,REGULAR,2pt,Jump Shot,[],1630556,89.88173455978975,9.091605392156863,1610612751,36,23,2022-04-09T00:12:46Z,1910000,-205.0,43.0,1,right,MISS K. Edwards 20' Jump Shot,[1630556],1610612751.0,BKN,,,,Edwards,K. Edwards,,,,,,,,,,,20.89,Missed,,,,,,,,,,,,
192,PT10M10.00S,2022-04-09T00:12:43.3Z,2,REGULAR,rebound,offensive,[],203083,,,1610612751,36,23,2022-04-09T00:12:46Z,1920000,,,0,,A. Drummond REBOUND (Off:1 Def:1),[203083],1610612751.0,BKN,,,,Drummond,A. Drummond,,,,,,,,,,,,,191.0,2.0,1.0,1.0,,,,,,,,
193,PT10M07.00S,2022-04-09T00:12:47.5Z,2,REGULAR,2pt,Layup,"['pointsinthepaint', '2ndchance']",203083,92.9862023653088,55.392156862745104,1610612751,36,23,2022-04-09T00:12:51Z,1930000,27.0,13.0,1,right,MISS A. Drummond Layup,[203083],1610612751.0,BKN,,,,Drummond,A. Drummond,,,,,,,,,,,3.01,Missed,,,,,,,,,,,,
194,PT10M04.00S,2022-04-09T00:12:50.5Z,2,REGULAR,rebound,offensive,[],1628971,,,1610612751,36,23,2022-04-09T00:12:51Z,1940000,,,0,,B. Brown REBOUND (Off:3 Def:2),[1628971],1610612751.0,BKN,,,,Brown,B. Brown,,,,,,,,,,,,,193.0,5.0,2.0,3.0,,,,,,,,
195,PT10M03.00S,2022-04-09T00:12:51.6Z,2,REGULAR,turnover,bad pass,[],1628971,,,1610612751,36,23,2022-04-09T00:15:20Z,1950000,,,0,,B. Brown bad pass TURNOVER (1 TO),"[1628971, 1629636]",1610612751.0,BKN,,,,Brown,B. Brown,,,,,,,,,,1.0,,,,,,,,,,,,,Garland,1629636.0
196,PT10M03.00S,2022-04-09T00:12:51.6Z,2,REGULAR,steal,,[],1629636,,,1610612739,36,23,2022-04-09T00:12:53Z,1960000,,,0,,D. Garland STEAL (1 STL),[1629636],1610612739.0,CLE,,,,Garland,D. Garland,,,,,,,,,,,,,,,,,,,,,,,,
197,PT09M58.00S,2022-04-09T00:12:55.4Z,2,REGULAR,2pt,Layup,"['fastbreak', 'pointsinthepaint', 'fromturnover']",1629636,5.995400788436268,55.63725490196079,1610612739,36,25,2022-04-09T00:15:28Z,1970000,-28.0,4.0,1,left,D. Garland running reverse Layup (8 PTS),[1629636],1610612739.0,CLE,running reverse,,,Garland,D. Garland,,,,,,,,,,,2.85,Made,,,,,,,8.0,,,,,
198,PT09M44.00S,2022-04-09T00:13:09.0Z,2,REGULAR,3pt,Jump Shot,[],1630556,78.26872536136662,10.294117647058822,1610612751,39,25,2022-04-09T00:13:12Z,1980000,-199.0,152.0,1,right,K. Edwards 24' 3PT  (3 PTS) (K. Irving 4 AST),"[1630556, 202681]",1610612751.0,BKN,,,,Edwards,K. Edwards,,,,,,,,,,,24.99,Made,,,,,,,3.0,K. Irving,202681.0,4.0,,
200,PT09M36.00S,2022-04-09T00:13:17.7Z,2,REGULAR,3pt,Jump Shot,[],1626224,8.09789750328515,4.901960784313726,1610612739,39,28,2022-04-09T00:13:21Z,2000000,225.0,24.0,1,left,C. Osman 3PT  (3 PTS) (C. LeVert 1 AST),"[1626224, 1627747]",1610612739.0,CLE,,,,Osman,C. Osman,,,,,,,,,,,22.67,Made,,,,,,,3.0,C. LeVert,1627747.0,1.0,,
202,PT09M22.00S,2022-04-09T00:13:31.7Z,2,REGULAR,2pt,Layup,['pointsinthepaint'],202681,89.43823915900131,49.01960784313725,1610612751,41,28,2022-04-09T00:13:35Z,2020000,-5.0,47.0,1,right,K. Irving driving Layup (6 PTS),[202681],1610612751.0,BKN,driving,,,Irving,K. Irving,,,,,,,,,,,4.71,Made,,,,,,,6.0,,,,,
203,PT08M57.00S,2022-04-09T00:13:57.5Z,2,REGULAR,2pt,Layup,['pointsinthepaint'],1630596,7.440867279894875,44.6078431372549,1610612739,41,30,2022-04-09T00:14:01Z,2030000,27.0,17.0,1,left,E. Mobley driving Layup (4 PTS),[1630596],1610612739.0,CLE,driving,,,Mobley,E. Mobley,,,,,,,,,,,3.21,Made,,,,,,,4.0,,,,,
204,PT08M36.00S,2022-04-09T00:14:20.1Z,2,REGULAR,2pt,Layup,['pointsinthepaint'],203083,89.96386333771353,43.13725490196079,1610612751,41,30,2022-04-09T00:14:36Z,2040000,-34.0,42.0,1,right,MISS A. Drummond driving Layup - blocked,"[203083, 1630596]",1610612751.0,BKN,driving,,,Drummond,A. Drummond,,,,,,,,,,,5.41,Missed,,,,,Mobley,1630596.0,,,,,,
205,PT08M36.00S,2022-04-09T00:14:20.1Z,2,REGULAR,block,,[],1630596,,,1610612751,41,30,2022-04-09T00:14:22Z,2050000,,,0,,E. Mobley BLOCK (1 BLK),[1630596],1610612739.0,CLE,,,,Mobley,E. Mobley,,,,,,,,,,,,,,,,,,,,,,,,
206,PT08M34.00S,2022-04-09T00:14:22.1Z,2,REGULAR,rebound,offensive,['team'],0,,,1610612751,41,30,2022-04-09T00:14:44Z,2060000,,,0,,TEAM offensive REBOUND,[],1610612751.0,BKN,,,,,,,,,,,,,,,,,,204.0,,,,,,,,,,,
207,PT08M34.00S,2022-04-09T00:14:23.7Z,2,REGULAR,stoppage,out-of-bounds,[],0,,,1610612751,41,30,2022-04-09T00:14:23Z,2070000,,,0,,,[],,,,,,,,,,,,,,,,,,,,,,,,,,,,,,,
208,PT08M34.00S,2022-04-09T00:14:24.5Z,2,REGULAR,substitution,out,[],1630556,,,1610612751,41,30,2022-04-09T00:14:27Z,2080000,,,0,,SUB out: K. Edwards,[1630556],1610612751.0,BKN,,,,Edwards,K. Edwards,,,,,,,,,,,,,,,,,,,,,,,,
209,PT08M34.00S,2022-04-09T00:14:24.5Z,2,REGULAR,substitution,in,[],201988,,,1610612751,41,30,2022-04-09T00:14:27Z,2090000,,,0,,SUB in: P. Mills,[201988],1610612751.0,BKN,,,,Mills,P. Mills,,,,,,,,,,,,,,,,,,,,,,,,
210,PT08M29.00S,2022-04-09T00:14:42.9Z,2,REGULAR,2pt,Jump Shot,"['pointsinthepaint', '2ndchance']",1628971,90.75229960578186,59.80392156862745,1610612751,41,30,2022-04-09T00:14:47Z,2100000,49.0,34.0,1,right,MISS B. Brown driving floating Shot,[1628971],1610612751.0,BKN,driving floating,,,Brown,B. Brown,,,,,,,,,,,5.99,Missed,,,,,,,,,,,,
211,PT08M27.00S,2022-04-09T00:14:44.6Z,2,REGULAR,rebound,defensive,[],1627747,,,1610612739,41,30,2022-04-09T00:14:44Z,2110000,,,0,,C. LeVert REBOUND (Off:0 Def:2),[1627747],1610612739.0,CLE,,,,LeVert,C. LeVert,,,,,,,,,,,,,210.0,2.0,2.0,0.0,,,,,,,,
212,PT08M22.00S,2022-04-09T00:14:49.9Z,2,REGULAR,2pt,Jump Shot,['fastbreak'],1629636,13.87976346911958,33.57843137254902,1610612739,41,30,2022-04-09T00:14:57Z,2120000,82.0,78.0,1,left,MISS D. Garland 11' turnaround fadeaway Shot,[1629636],1610612739.0,CLE,turnaround fadeaway,,,Garland,D. Garland,,,,,,,,,,,11.32,Missed,,,,,,,,,,,,
213,PT08M20.00S,2022-04-09T00:14:51.9Z,2,REGULAR,rebound,defensive,[],203083,,,1610612751,41,30,2022-04-09T00:15:03Z,2130000,,,0,,A. Drummond REBOUND (Off:1 Def:2),[203083],1610612751.0,BKN,,,,Drummond,A. Drummond,,,,,,,,,,,,,212.0,3.0,2.0,1.0,,,,,,,,
214,PT08M09.00S,2022-04-09T00:15:03.5Z,2,REGULAR,2pt,Jump Shot,['pointsinthepaint'],202681,87.99277266754271,57.84313725490197,1610612751,41,30,2022-04-09T00:15:25Z,2140000,39.0,60.0,1,right,MISS K. Irving 7' driving floating Shot,[202681],1610612751.0,BKN,driving floating,,,Irving,K. Irving,,,,,,,,,,,7.2,Missed,,,,,,,,,,,,
215,PT08M08.00S,2022-04-09T00:15:04.5Z,2,REGULAR,rebound,offensive,['team'],0,,,1610612751,41,30,2022-04-09T00:15:12Z,2150000,,,0,,TEAM offensive REBOUND,[],1610612751.0,BKN,,,,,,,,,,,,,,,,,,214.0,,,,,,,,,,,
216,PT08M08.00S,2022-04-09T00:15:07.0Z,2,REGULAR,stoppage,out-of-bounds,[],0,,,1610612751,41,30,2022-04-09T00:15:07Z,2160000,,,0,,,[],,,,,,,,,,,,,,,,,,,,,,,,,,,,,,,
217,PT08M08.00S,2022-04-09T00:15:08.9Z,2,REGULAR,substitution,out,[],202681,,,1610612751,41,30,2022-04-09T00:15:16Z,2170000,,,0,,SUB out: K. Irving,[202681],1610612751.0,BKN,,,,Irving,K. Irving,,,,,,,,,,,,,,,,,,,,,,,,
218,PT08M08.00S,2022-04-09T00:15:08.9Z,2,REGULAR,substitution,in,[],201142,,,1610612751,41,30,2022-04-09T00:15:16Z,2180000,,,0,,SUB in: K. Durant,[201142],1610612751.0,BKN,,,,Durant,K. Durant,,,,,,,,,,,,,,,,,,,,,,,,
219,PT08M03.00S,2022-04-09T00:15:43.0Z,2,REGULAR,2pt,Layup,"['pointsinthepaint', '2ndchance']",203083,91.40932982917214,43.872549019607845,1610612751,43,30,2022-04-09T00:15:48Z,2190000,-31.0,28.0,1,right,A. Drummond Layup (2 PTS) (B. Brown 4 AST),"[203083, 1628971]",1610612751.0,BKN,,,,Drummond,A. Drummond,,,,,,,,,,,4.17,Made,,,,,,,2.0,B. Brown,1628971.0,4.0,,
221,PT08M03.00S,2022-04-09T00:15:46.7Z,2,REGULAR,foul,personal,['1freethrow'],1630596,,,1610612751,43,30,2022-04-09T00:16:03Z,2210000,,,0,,E. Mobley shooting personal FOUL (1 PF) (Drummond 1 FT),"[1630596, 203083]",1610612739.0,CLE,shooting,,,Mobley,E. Mobley,,,,,2715.0,1.0,0.0,Drummond,203083.0,,,,,,,,,,,,,,,
223,PT08M03.00S,2022-04-09T00:16:19.0Z,2,REGULAR,freethrow,1 of 1,['2ndchance'],203083,,,1610612751,44,30,2022-04-09T00:16:19Z,2230000,,,0,,A. Drummond Free Throw 1 of 1 (3 PTS),[203083],1610612751.0,BKN,,,,Drummond,A. Drummond,,,,,,,,,,,,Made,,,,,,,3.0,,,,,
224,PT07M44.00S,2022-04-09T00:16:39.6Z,2,REGULAR,2pt,Layup,['pointsinthepaint'],201567,8.492115637319317,50.98039215686274,1610612739,44,32,2022-04-09T00:16:42Z,2240000,-5.0,27.0,1,left,K. Love Layup (5 PTS),[201567],1610612739.0,CLE,,,,Love,K. Love,,,,,,,,,,,2.77,Made,,,,,,,5.0,,,,,
226,PT07M24.00S,2022-04-09T00:17:02.7Z,2,REGULAR,violation,kicked ball,[],1629636,,,1610612751,44,32,2022-04-09T00:17:24Z,2260000,,,0,,D. Garland kicked ball VIOLATION,[1629636],1610612739.0,CLE,,,,Garland,D. Garland,,,,,1198.0,,,,,,,,,,,,,,,,,,,
227,PT07M24.00S,2022-04-09T00:17:08.3Z,2,REGULAR,substitution,out,[],201567,,,1610612751,44,32,2022-04-09T00:17:11Z,2270000,,,0,,SUB out: K. Love,[201567],1610612739.0,CLE,,,,Love,K. Love,,,,,,,,,,,,,,,,,,,,,,,,
228,PT07M24.00S,2022-04-09T00:17:08.3Z,2,REGULAR,substitution,in,[],1628374,,,1610612751,44,32,2022-04-09T00:17:11Z,2280000,,,0,,SUB in: L. Markkanen,[1628374],1610612739.0,CLE,,,,Markkanen,L. Markkanen,,,,,,,,,,,,,,,,,,,,,,,,
229,PT07M11.00S,2022-04-09T00:17:28.2Z,2,REGULAR,3pt,Jump Shot,[],1628971,82.7365308804205,95.09803921568627,1610612751,44,32,2022-04-09T00:17:43Z,2290000,225.0,110.0,1,right,MISS B. Brown 25' 3PT,[1628971],1610612751.0,BKN,,,,Brown,B. Brown,,,,,,,,,,,25.08,Missed,,,,,,,,,,,,
230,PT07M09.00S,2022-04-09T00:17:30.2Z,2,REGULAR,rebound,defensive,['team'],0,,,1610612739,44,32,2022-04-09T00:17:43Z,2300000,,,0,,TEAM defensive REBOUND,[],1610612739.0,CLE,,,,,,,,,,,,,,,,,,229.0,,,,,,,,,,,
231,PT07M09.00S,2022-04-09T00:17:38.8Z,2,REGULAR,foul,personal,[],203083,,,1610612739,44,32,2022-04-09T00:17:46Z,2310000,,,0,,A. Drummond loose ball personal FOUL (2 PF),"[203083, 1629636]",1610612751.0,BKN,loose ball,,,Drummond,A. Drummond,,,,,202049.0,2.0,0.0,Garland,1629636.0,,,,,,,,,,,,,,,
233,PT06M52.00S,2022-04-09T00:18:02.8Z,2,REGULAR,3pt,Jump Shot,[],1626224,6.258212877792378,5.392156862745098,1610612739,44,32,2022-04-09T00:18:05Z,2330000,223.0,6.0,1,left,MISS C. Osman 3PT,[1626224],1610612739.0,CLE,,,,Osman,C. Osman,,,,,,,,,,,22.31,Missed,,,,,,,,,,,,
234,PT06M50.00S,2022-04-09T00:18:04.8Z,2,REGULAR,rebound,defensive,[],203083,,,1610612751,44,32,2022-04-09T00:18:05Z,2340000,,,0,,A. Drummond REBOUND (Off:1 Def:3),[203083],1610612751.0,BKN,,,,Drummond,A. Drummond,,,,,,,,,,,,,233.0,4.0,3.0,1.0,,,,,,,,
235,PT06M32.00S,2022-04-09T00:18:23.0Z,2,REGULAR,2pt,Jump Shot,['pointsinthepaint'],201142,81.8166885676741,37.00980392156863,1610612751,44,32,2022-04-09T00:18:28Z,2350000,-65.0,118.0,1,right,MISS K. Durant 13' pullup Shot,[201142],1610612751.0,BKN,pullup,,,Durant,K. Durant,,,,,,,,,,,13.51,Missed,,,,,,,,,,,,
236,PT06M28.00S,2022-04-09T00:18:27.0Z,2,REGULAR,rebound,offensive,[],203552,,,1610612751,44,32,2022-04-09T00:18:28Z,2360000,,,0,,S. Curry REBOUND (Off:1 Def:1),[203552],1610612751.0,BKN,,,,Curry,S. Curry,,,,,,,,,,,,,235.0,2.0,1.0,1.0,,,,,,,,
237,PT06M26.00S,2022-04-09T00:18:29.7Z,2,REGULAR,3pt,Jump Shot,['2ndchance'],203552,90.48948751642575,96.56862745098039,1610612751,44,32,2022-04-09T00:18:52Z,2370000,233.0,37.0,1,right,MISS S. Curry pullup 3PT,[203552],1610612751.0,BKN,pullup,,,Curry,S. Curry,,,,,,,,,,,23.57,Missed,,,,,,,,,,,,
238,PT06M22.00S,2022-04-09T00:18:33.7Z,2,REGULAR,rebound,defensive,[],1630596,,,1610612739,44,32,2022-04-09T00:18:33Z,2380000,,,0,,E. Mobley REBOUND (Off:0 Def:2),[1630596],1610612739.0,CLE,,,,Mobley,E. Mobley,,,,,,,,,,,,,237.0,2.0,2.0,0.0,,,,,,,,
239,PT06M17.00S,2022-04-09T00:18:38.0Z,2,REGULAR,2pt,Layup,"['pointsinthepaint', 'fastbreak']",1629636,9.017739816031538,44.6078431372549,1610612739,44,34,2022-04-09T00:18:42Z,2390000,27.0,32.0,1,left,D. Garland running finger roll Layup (10 PTS),[1629636],1610612739.0,CLE,running finger roll,,,Garland,D. Garland,,,,,,,,,,,4.21,Made,,,,,,,10.0,,,,,
240,PT06M16.00S,2022-04-09T00:18:47.4Z,2,REGULAR,timeout,full,"['team', 'mandatory']",0,,,1610612751,44,34,2022-04-09T00:18:47Z,2400000,,,0,,BKN Timeout,[],1610612751.0,BKN,,,,,,,,,,,,,,,,,,,,,,,,,,,,,
241,PT06M16.00S,2022-04-09T00:20:19.1Z,2,REGULAR,substitution,out,[],203083,,,1610612751,44,34,2022-04-09T00:21:05Z,2410000,,,0,,SUB out: A. Drummond,[203083],1610612751.0,BKN,,,,Drummond,A. Drummond,,,,,,,,,,,,,,,,,,,,,,,,
242,PT06M16.00S,2022-04-09T00:20:19.1Z,2,REGULAR,substitution,out,[],203552,,,1610612751,44,34,2022-04-09T00:21:05Z,2420000,,,0,,SUB out: S. Curry,[203552],1610612751.0,BKN,,,,Curry,S. Curry,,,,,,,,,,,,,,,,,,,,,,,,
243,PT06M16.00S,2022-04-09T00:20:19.1Z,2,REGULAR,substitution,in,[],1629651,,,1610612751,44,34,2022-04-09T00:21:05Z,2430000,,,0,,SUB in: N. Claxton,[1629651],1610612751.0,BKN,,,,Claxton,N. Claxton,,,,,,,,,,,,,,,,,,,,,,,,
244,PT06M16.00S,2022-04-09T00:20:19.1Z,2,REGULAR,substitution,in,[],202681,,,1610612751,44,34,2022-04-09T00:21:05Z,2440000,,,0,,SUB in: K. Irving,[202681],1610612751.0,BKN,,,,Irving,K. Irving,,,,,,,,,,,,,,,,,,,,,,,,
245,PT05M57.00S,2022-04-09T00:21:51.4Z,2,REGULAR,3pt,Jump Shot,[],201988,70.25295663600527,77.20588235294117,1610612751,44,34,2022-04-09T00:21:54Z,2450000,136.0,227.0,1,right,MISS P. Mills 26' 3PT,[201988],1610612751.0,BKN,,,,Mills,P. Mills,,,,,,,,,,,26.47,Missed,,,,,,,,,,,,
246,PT05M55.00S,2022-04-09T00:21:53.4Z,2,REGULAR,rebound,defensive,[],1626224,,,1610612739,44,34,2022-04-09T00:21:54Z,2460000,,,0,,C. Osman REBOUND (Off:0 Def:1),[1626224],1610612739.0,CLE,,,,Osman,C. Osman,,,,,,,,,,,,,245.0,1.0,1.0,0.0,,,,,,,,
247,PT05M45.00S,2022-04-09T00:22:03.4Z,2,REGULAR,2pt,Jump Shot,['pointsinthepaint'],1628374,11.777266754270697,50.245098039215684,1610612739,44,36,2022-04-09T00:22:07Z,2470000,-1.0,58.0,1,left,L. Markkanen floating Jump Shot (6 PTS) (C. LeVert 2 AST),"[1628374, 1627747]",1610612739.0,CLE,floating,,,Markkanen,L. Markkanen,,,,,,,,,,,5.82,Made,,,,,,,6.0,C. LeVert,1627747.0,2.0,,
249,PT05M25.00S,2022-04-09T00:22:23.0Z,2,REGULAR,2pt,Jump Shot,['pointsinthepaint'],201142,81.42247043363994,51.71568627450981,1610612751,44,36,2022-04-09T00:22:26Z,2490000,9.0,122.0,1,right,MISS K. Durant 12' turnaround fadeaway Shot,[201142],1610612751.0,BKN,turnaround fadeaway,,,Durant,K. Durant,,,,,,,,,,,12.24,Missed,,,,,,,,,,,,
250,PT05M23.00S,2022-04-09T00:22:25.0Z,2,REGULAR,rebound,offensive,['team'],0,,,1610612751,44,36,2022-04-09T00:22:33Z,2500000,,,0,,TEAM offensive REBOUND,[],1610612751.0,BKN,,,,,,,,,,,,,,,,,,249.0,,,,,,,,,,,
251,PT05M23.00S,2022-04-09T00:22:29.6Z,2,REGULAR,stoppage,out-of-bounds,[],0,,,1610612751,44,36,2022-04-09T00:22:29Z,2510000,,,0,,,[],,,,,,,,,,,,,,,,,,,,,,,,,,,,,,,
252,PT05M13.00S,2022-04-09T00:22:47.2Z,2,REGULAR,2pt,Jump Shot,['2ndchance'],201142,89.70105124835742,20.588235294117645,1610612751,44,36,2022-04-09T00:23:02Z,2520000,-147.0,44.0,1,right,MISS K. Durant 15' turnaround Shot,[201142],1610612751.0,BKN,turnaround,,,Durant,K. Durant,,,,,,,,,,,15.36,Missed,,,,,,,,,,,,
253,PT05M10.00S,2022-04-09T00:22:50.2Z,2,REGULAR,rebound,defensive,['team'],0,,,1610612739,44,36,2022-04-09T00:23:02Z,2530000,,,0,,TEAM defensive REBOUND,[],1610612739.0,CLE,,,,,,,,,,,,,,,,,,252.0,,,,,,,,,,,
254,PT05M10.00S,2022-04-09T00:22:58.5Z,2,REGULAR,foul,personal,[],1629651,,,1610612739,44,36,2022-04-09T00:23:08Z,2540000,,,0,,N. Claxton loose ball personal FOUL (2 PF),"[1629651, 1628374]",1610612751.0,BKN,loose ball,,,Claxton,N. Claxton,,,,,202049.0,2.0,0.0,Markkanen,1628374.0,,,,,,,,,,,,,,,
256,PT04M56.00S,2022-04-09T00:23:19.0Z,2,REGULAR,2pt,Hook,['pointsinthepaint'],1628374,10.068988173455978,35.53921568627451,1610612739,44,36,2022-04-09T00:23:22Z,2560000,72.0,42.0,1,left,MISS L. Markkanen 8' turnaround bank Hook,[1628374],1610612739.0,CLE,turnaround bank,,,Markkanen,L. Markkanen,,,,,,,,,,,8.37,Missed,,,,,,,,,,,,
257,PT04M53.00S,2022-04-09T00:23:22.0Z,2,REGULAR,rebound,offensive,[],1630596,,,1610612739,44,36,2022-04-09T00:23:22Z,2570000,,,0,,E. Mobley REBOUND (Off:1 Def:2),[1630596],1610612739.0,CLE,,,,Mobley,E. Mobley,,,,,,,,,,,,,256.0,3.0,2.0,1.0,,,,,,,,
258,PT04M53.00S,2022-04-09T00:23:22.2Z,2,REGULAR,2pt,DUNK,"['pointsinthepaint', '2ndchance']",1630596,5.590000152587891,50.0,1610612739,44,38,2022-04-09T00:23:22Z,2580000,0.0,0.0,1,left,E. Mobley tip DUNK (6 PTS),[1630596],1610612739.0,CLE,tip,,,Mobley,E. Mobley,,,,,,,,,,,0.0,Made,,,,,,,6.0,,,,,
259,PT04M36.00S,2022-04-09T00:23:39.3Z,2,REGULAR,2pt,Jump Shot,['pointsinthepaint'],1628971,89.43823915900131,53.18627450980392,1610612751,44,38,2022-04-09T00:24:03Z,2590000,16.0,47.0,1,right,MISS B. Brown floating Shot,[1628971],1610612751.0,BKN,floating,,,Brown,B. Brown,,,,,,,,,,,4.94,Missed,,,,,,,,,,,,
263,PT04M32.00S,2022-04-09T00:23:43.3Z,2,REGULAR,rebound,defensive,['team'],0,,,1610612739,44,38,2022-04-09T00:24:03Z,2600000,,,0,,TEAM defensive REBOUND,[],1610612739.0,CLE,,,,,,,,,,,,,,,,,,259.0,,,,,,,,,,,
260,PT04M32.00S,2022-04-09T00:24:03.3Z,2,REGULAR,jumpball,recovered,[],1628374,,,1610612739,44,38,2022-04-09T00:24:03Z,2610000,,,0,,Jump Ball E. Mobley vs. B. Brown: Tip to L. Markkanen,"[1628374, 1630596, 1628971]",1610612739.0,CLE,heldball,L. Markkanen,1628374.0,Markkanen,L. Markkanen,Mobley,1630596.0,Brown,1628971.0,,,,,,,,,,,,,,,,,,,,
264,PT04M28.00S,2022-04-09T00:24:09.5Z,2,REGULAR,2pt,Jump Shot,['pointsinthepaint'],1627747,13.091327201051248,49.01960784313725,1610612739,44,38,2022-04-09T00:27:37Z,2640000,5.0,71.0,1,left,MISS C. LeVert 7' pullup Shot,[1627747],1610612739.0,CLE,pullup,,,LeVert,C. LeVert,,,,,,,,,,,7.08,Missed,,,,,,,,,,,,
265,PT04M26.00S,2022-04-09T00:24:11.5Z,2,REGULAR,rebound,defensive,['team'],0,,,1610612751,44,38,2022-04-09T00:24:47Z,2650000,,,0,,TEAM defensive REBOUND,[],1610612751.0,BKN,,,,,,,,,,,,,,,,,,264.0,,,,,,,,,,,
266,PT04M26.00S,2022-04-09T00:24:14.7Z,2,REGULAR,foul,personal,"['inpenalty', '2freethrow']",1627747,,,1610612751,44,38,2022-04-09T00:24:37Z,2660000,,,0,,C. LeVert loose ball personal FOUL (1 PF) (Durant 2 FT),"[1627747, 201142]",1610612739.0,CLE,loose ball,,,LeVert,C. LeVert,,,,,1198.0,1.0,0.0,Durant,201142.0,,,,,,,,,,,,,,,
268,PT04M26.00S,2022-04-09T00:24:29.1Z,2,REGULAR,substitution,out,[],1628971,,,1610612751,44,38,2022-04-09T00:24:32Z,2680000,,,0,,SUB out: B. Brown,[1628971],1610612751.0,BKN,,,,Brown,B. Brown,,,,,,,,,,,,,,,,,,,,,,,,
269,PT04M26.00S,2022-04-09T00:24:29.1Z,2,REGULAR,substitution,in,[],1630556,,,1610612751,44,38,2022-04-09T00:24:32Z,2690000,,,0,,SUB in: K. Edwards,[1630556],1610612751.0,BKN,,,,Edwards,K. Edwards,,,,,,,,,,,,,,,,,,,,,,,,
270,PT04M26.00S,2022-04-09T00:24:43.7Z,2,REGULAR,freethrow,1 of 2,[],201142,,,1610612751,45,38,2022-04-09T00:24:43Z,2700000,,,0,,K. Durant Free Throw 1 of 2 (17 PTS),[201142],1610612751.0,BKN,,,,Durant,K. Durant,,,,,,,,,,,,Made,,,,,,,17.0,,,,,
271,PT04M26.00S,2022-04-09T00:24:59.6Z,2,REGULAR,freethrow,2 of 2,[],201142,,,1610612751,46,38,2022-04-09T00:24:59Z,2710000,,,0,,K. Durant Free Throw 2 of 2 (18 PTS),[201142],1610612751.0,BKN,,,,Durant,K. Durant,,,,,,,,,,,,Made,,,,,,,18.0,,,,,
272,PT04M10.00S,2022-04-09T00:25:19.5Z,2,REGULAR,2pt,Hook,['pointsinthepaint'],1630596,10.726018396846255,48.03921568627451,1610612739,46,40,2022-04-09T00:25:23Z,2720000,10.0,48.0,1,left,E. Mobley Hook (8 PTS) (D. Garland 1 AST),"[1630596, 1629636]",1610612739.0,CLE,,,,Mobley,E. Mobley,,,,,,,,,,,4.93,Made,,,,,,,8.0,D. Garland,1629636.0,1.0,,
274,PT04M10.00S,2022-04-09T00:25:23.7Z,2,REGULAR,foul,personal,['1freethrow'],201142,,,1610612739,46,40,2022-04-09T00:25:36Z,2740000,,,0,,K. Durant shooting personal FOUL (1 PF) (Mobley 1 FT),"[201142, 1630596]",1610612751.0,BKN,shooting,,,Durant,K. Durant,,,,,1198.0,1.0,0.0,Mobley,1630596.0,,,,,,,,,,,,,,,
276,PT04M10.00S,2022-04-09T00:25:50.5Z,2,REGULAR,freethrow,1 of 1,[],1630596,,,1610612739,46,40,2022-04-09T00:25:50Z,2760000,,,0,,MISS E. Mobley Free Throw 1 of 1,[1630596],1610612739.0,CLE,,,,Mobley,E. Mobley,,,,,,,,,,,,Missed,,,,,,,,,,,,
277,PT04M08.00S,2022-04-09T00:25:52.5Z,2,REGULAR,rebound,defensive,[],202681,,,1610612751,46,40,2022-04-09T00:25:52Z,2770000,,,0,,K. Irving REBOUND (Off:0 Def:4),[202681],1610612751.0,BKN,,,,Irving,K. Irving,,,,,,,,,,,,,276.0,4.0,4.0,0.0,,,,,,,,
278,PT03M59.00S,2022-04-09T00:26:04.2Z,2,REGULAR,foul,personal,"['inpenalty', '2freethrow']",1628374,,,1610612751,46,40,2022-04-09T00:26:17Z,2780000,,,0,,L. Markkanen personal FOUL (3 PF) (Durant 2 FT),"[1628374, 201142]",1610612739.0,CLE,,,,Markkanen,L. Markkanen,,,,,1198.0,3.0,0.0,Durant,201142.0,,,,,,,,,,,,,,,
280,PT03M59.00S,2022-04-09T00:26:40.5Z,2,REGULAR,freethrow,1 of 2,[],201142,,,1610612751,47,40,2022-04-09T00:26:40Z,2800000,,,0,,K. Durant Free Throw 1 of 2 (19 PTS),[201142],1610612751.0,BKN,,,,Durant,K. Durant,,,,,,,,,,,,Made,,,,,,,19.0,,,,,
281,PT03M59.00S,2022-04-09T00:26:41.0Z,2,REGULAR,substitution,out,[],1628374,,,1610612751,47,40,2022-04-09T00:26:43Z,2810000,,,0,,SUB out: L. Markkanen,[1628374],1610612739.0,CLE,,,,Markkanen,L. Markkanen,,,,,,,,,,,,,,,,,,,,,,,,
282,PT03M59.00S,2022-04-09T00:26:41.0Z,2,REGULAR,substitution,in,[],1630205,,,1610612751,47,40,2022-04-09T00:26:43Z,2820000,,,0,,SUB in: L. Stevens,[1630205],1610612739.0,CLE,,,,Stevens,L. Stevens,,,,,,,,,,,,,,,,,,,,,,,,
283,PT03M59.00S,2022-04-09T00:27:01.4Z,2,REGULAR,freethrow,2 of 2,[],201142,,,1610612751,48,40,2022-04-09T00:27:01Z,2830000,,,0,,K. Durant Free Throw 2 of 2 (20 PTS),[201142],1610612751.0,BKN,,,,Durant,K. Durant,,,,,,,,,,,,Made,,,,,,,20.0,,,,,
284,PT03M51.00S,2022-04-09T00:27:16.6Z,2,REGULAR,foul,personal,"['inpenalty', '2freethrow']",1629651,,,1610612739,48,40,2022-04-09T00:27:34Z,2840000,,,0,,N. Claxton personal FOUL (3 PF) (Mobley 2 FT),"[1629651, 1630596]",1610612751.0,BKN,,,,Claxton,N. Claxton,,,,,1198.0,3.0,0.0,Mobley,1630596.0,,,,,,,,,,,,,,,
286,PT03M51.00S,2022-04-09T00:27:42.9Z,2,REGULAR,freethrow,1 of 2,[],1630596,,,1610612739,48,41,2022-04-09T00:27:42Z,2860000,,,0,,E. Mobley Free Throw 1 of 2 (9 PTS),[1630596],1610612739.0,CLE,,,,Mobley,E. Mobley,,,,,,,,,,,,Made,,,,,,,9.0,,,,,
287,PT03M51.00S,2022-04-09T00:27:44.5Z,2,REGULAR,substitution,out,[],1629651,,,1610612739,48,41,2022-04-09T00:27:47Z,2870000,,,0,,SUB out: N. Claxton,[1629651],1610612751.0,BKN,,,,Claxton,N. Claxton,,,,,,,,,,,,,,,,,,,,,,,,
288,PT03M51.00S,2022-04-09T00:27:44.5Z,2,REGULAR,substitution,in,[],1628971,,,1610612739,48,41,2022-04-09T00:27:47Z,2880000,,,0,,SUB in: B. Brown,[1628971],1610612751.0,BKN,,,,Brown,B. Brown,,,,,,,,,,,,,,,,,,,,,,,,
289,PT03M51.00S,2022-04-09T00:28:03.6Z,2,REGULAR,freethrow,2 of 2,[],1630596,,,1610612739,48,42,2022-04-09T00:28:03Z,2890000,,,0,,E. Mobley Free Throw 2 of 2 (10 PTS),[1630596],1610612739.0,CLE,,,,Mobley,E. Mobley,,,,,,,,,,,,Made,,,,,,,10.0,,,,,
290,PT03M43.00S,2022-04-09T00:28:13.2Z,2,REGULAR,3pt,Jump Shot,[],202681,90.88370565045992,3.9215686274509802,1610612751,51,42,2022-04-09T00:28:17Z,2900000,-230.0,33.0,1,right,K. Irving 3PT  (9 PTS) (B. Brown 5 AST),"[202681, 1628971]",1610612751.0,BKN,,,,Irving,K. Irving,,,,,,,,,,,23.28,Made,,,,,,,9.0,B. Brown,1628971.0,5.0,,
292,PT03M42.00S,2022-04-09T00:28:19.5Z,2,REGULAR,timeout,full,"['team', 'mandatory']",0,,,1610612739,51,42,2022-04-09T00:28:19Z,2920000,,,0,,CLE Timeout,[],1610612739.0,CLE,,,,,,,,,,,,,,,,,,,,,,,,,,,,,
293,PT03M33.00S,2022-04-09T00:31:24.2Z,2,REGULAR,2pt,Layup,['pointsinthepaint'],1626224,8.804204993429693,53.89859068627451,1610612739,51,44,2022-04-09T00:32:47Z,2930000,-19.0,30.0,1,left,C. Osman cutting Layup (5 PTS) (E. Mobley 1 AST),"[1626224, 1630596]",1610612739.0,CLE,cutting,,,Osman,C. Osman,,,,,,,,,,,3.6,Made,,,,,,,5.0,E. Mobley,1630596.0,1.0,,
295,PT03M06.00S,2022-04-09T00:31:49.6Z,2,REGULAR,2pt,Jump Shot,['pointsinthepaint'],1628971,82.7365308804205,47.30392156862745,1610612751,53,44,2022-04-09T00:31:53Z,2950000,-13.0,110.0,1,right,B. Brown 11' floating Jump Shot (9 PTS) (K. Durant 3 AST),"[1628971, 201142]",1610612751.0,BKN,floating,,,Brown,B. Brown,,,,,,,,,,,11.06,Made,,,,,,,9.0,K. Durant,201142.0,3.0,,
297,PT02M52.00S,2022-04-09T00:32:05.9Z,2,REGULAR,foul,personal,"['inpenalty', '2freethrow']",202681,,,1610612739,53,44,2022-04-09T00:32:25Z,2970000,,,0,,K. Irving shooting personal FOUL (1 PF) (LeVert 2 FT),"[202681, 1627747]",1610612751.0,BKN,shooting,,,Irving,K. Irving,,,,,202049.0,1.0,0.0,LeVert,1627747.0,,,,,,,,,,,,,,,
299,PT02M52.00S,2022-04-09T00:32:28.4Z,2,REGULAR,freethrow,1 of 2,[],1627747,,,1610612739,53,45,2022-04-09T00:32:28Z,2990000,,,0,,C. LeVert Free Throw 1 of 2 (7 PTS),[1627747],1610612739.0,CLE,,,,LeVert,C. LeVert,,,,,,,,,,,,Made,,,,,,,7.0,,,,,
300,PT02M52.00S,2022-04-09T00:32:42.7Z,2,REGULAR,freethrow,2 of 2,[],1627747,,,1610612739,53,46,2022-04-09T00:32:42Z,3000000,,,0,,C. LeVert Free Throw 2 of 2 (8 PTS),[1627747],1610612739.0,CLE,,,,LeVert,C. LeVert,,,,,,,,,,,,Made,,,,,,,8.0,,,,,
301,PT02M42.00S,2022-04-09T00:32:57.6Z,2,REGULAR,turnover,out-of-bounds,[],202681,,,1610612751,53,46,2022-04-09T00:33:28Z,3010000,,,0,,K. Irving bad pass out-of-bounds TURNOVER (1 TO),[202681],1610612751.0,BKN,bad pass,,,Irving,K. Irving,,,,,202049.0,,,,,1.0,,,,,,,,,,,,,,
302,PT02M33.00S,2022-04-09T00:33:10.0Z,2,REGULAR,2pt,Layup,"['pointsinthepaint', 'fromturnover']",1627747,7.440867279894875,55.392156862745104,1610612739,53,48,2022-04-09T00:33:14Z,3020000,-27.0,17.0,1,left,C. LeVert driving Layup (10 PTS),[1627747],1610612739.0,CLE,driving,,,LeVert,C. LeVert,,,,,,,,,,,3.21,Made,,,,,,,10.0,,,,,
303,PT02M17.00S,2022-04-09T00:33:25.2Z,2,REGULAR,3pt,Jump Shot,[],202681,75.24638633377135,12.5,1610612751,53,48,2022-04-09T00:40:22Z,3030000,-188.0,180.0,1,right,MISS K. Irving 26' 3PT,[202681],1610612751.0,BKN,,,,Irving,K. Irving,,,,,,,,,,,26.01,Missed,,,,,,,,,,,,
304,PT02M14.00S,2022-04-09T00:33:28.2Z,2,REGULAR,rebound,defensive,[],1630596,,,1610612739,53,48,2022-04-09T00:33:28Z,3040000,,,0,,E. Mobley REBOUND (Off:1 Def:3),[1630596],1610612739.0,CLE,,,,Mobley,E. Mobley,,,,,,,,,,,,,303.0,4.0,3.0,1.0,,,,,,,,
305,PT01M57.00S,2022-04-09T00:33:45.8Z,2,REGULAR,3pt,Jump Shot,[],1626224,8.09789750328515,4.6568627450980395,1610612739,53,48,2022-04-09T00:33:50Z,3050000,227.0,24.0,1,left,MISS C. Osman 3PT,[1626224],1610612739.0,CLE,,,,Osman,C. Osman,,,,,,,,,,,22.79,Missed,,,,,,,,,,,,
306,PT01M52.00S,2022-04-09T00:33:50.8Z,2,REGULAR,rebound,defensive,[],1628971,,,1610612751,53,48,2022-04-09T00:33:50Z,3060000,,,0,,B. Brown REBOUND (Off:3 Def:3),[1628971],1610612751.0,BKN,,,,Brown,B. Brown,,,,,,,,,,,,,305.0,6.0,3.0,3.0,,,,,,,,
307,PT01M41.00S,2022-04-09T00:34:00.9Z,2,REGULAR,3pt,Jump Shot,[],201988,76.82325886990802,11.76470588235294,1610612751,53,48,2022-04-09T00:34:06Z,3070000,-191.0,165.0,1,right,MISS P. Mills 25' 3PT,[201988],1610612751.0,BKN,,,,Mills,P. Mills,,,,,,,,,,,25.28,Missed,,,,,,,,,,,,
308,PT01M38.00S,2022-04-09T00:34:03.9Z,2,REGULAR,rebound,offensive,[],1630556,,,1610612751,53,48,2022-04-09T00:34:06Z,3080000,,,0,,K. Edwards REBOUND (Off:1 Def:1),[1630556],1610612751.0,BKN,,,,Edwards,K. Edwards,,,,,,,,,,,,,307.0,2.0,1.0,1.0,,,,,,,,
309,PT01M38.00S,2022-04-09T00:34:04.7Z,2,REGULAR,2pt,Layup,"['pointsinthepaint', '2ndchance']",1630556,91.80354796320631,43.627450980392155,1610612751,55,48,2022-04-09T00:40:30Z,3090000,-32.0,25.0,1,right,K. Edwards putback Layup (5 PTS),[1630556],1610612751.0,BKN,putback,,,Edwards,K. Edwards,,,,,,,,,,,4.02,Made,,,,,,,5.0,,,,,
310,PT01M28.00S,2022-04-09T00:34:16.5Z,2,REGULAR,foul,offensive,['inpenalty'],1627747,,,1610612739,55,48,2022-04-09T00:34:26Z,3100000,,,0,,C. LeVert offensive FOUL (2 PF),"[1627747, 201988]",1610612739.0,CLE,,,,LeVert,C. LeVert,,,,,1198.0,2.0,0.0,Mills,201988.0,,,,,,,,,,,,,,,
312,PT01M28.00S,2022-04-09T00:34:16.5Z,2,REGULAR,turnover,offensive foul,[],1627747,,,1610612739,55,48,2022-04-09T00:34:16Z,3120000,,,0,,C. LeVert offensive foul TURNOVER (1 TO),[1627747],1610612739.0,CLE,,,,LeVert,C. LeVert,,,,,1198.0,,,,,1.0,,,,,,,,,,,,,,
313,PT01M09.00S,2022-04-09T00:34:49.0Z,2,REGULAR,3pt,Jump Shot,['fromturnover'],202681,67.62483574244416,58.08823529411765,1610612751,55,48,2022-04-09T00:34:55Z,3130000,40.0,252.0,1,right,MISS K. Irving 25' pullup 3PT,[202681],1610612751.0,BKN,pullup,,,Irving,K. Irving,,,,,,,,,,,25.5,Missed,,,,,,,,,,,,
314,PT01M05.00S,2022-04-09T00:34:53.0Z,2,REGULAR,rebound,offensive,[],1630556,,,1610612751,55,48,2022-04-09T00:34:55Z,3140000,,,0,,K. Edwards REBOUND (Off:2 Def:1),[1630556],1610612751.0,BKN,,,,Edwards,K. Edwards,,,,,,,,,,,,,313.0,3.0,1.0,2.0,,,,,,,,
315,PT01M01.00S,2022-04-09T00:34:56.8Z,2,REGULAR,3pt,Jump Shot,"['fromturnover', '2ndchance']",201988,86.5473061760841,4.166666666666666,1610612751,58,48,2022-04-09T00:35:01Z,3150000,-229.0,74.0,1,right,P. Mills 24' 3PT  (3 PTS) (K. Durant 4 AST),"[201988, 201142]",1610612751.0,BKN,,,,Mills,P. Mills,,,,,,,,,,,24.08,Made,,,,,,,3.0,K. Durant,201142.0,4.0,,
317,PT00M46.00S,2022-04-09T00:35:15.8Z,2,REGULAR,3pt,Jump Shot,[],1629636,32.14520367936925,64.4607843137255,1610612739,58,51,2022-04-09T00:35:19Z,3170000,-72.0,250.0,1,left,D. Garland 26' 3PT step back (13 PTS),[1629636],1610612739.0,CLE,step back,,,Garland,D. Garland,,,,,,,,,,,26.0,Made,,,,,,,13.0,,,,,
318,PT00M38.10S,2022-04-09T00:35:28.1Z,2,REGULAR,foul,personal,"['inpenalty', '2freethrow']",1627747,,,1610612751,58,51,2022-04-09T00:35:37Z,3180000,,,0,,C. LeVert shooting personal FOUL (3 PF) (Durant 2 FT),"[1627747, 201142]",1610612739.0,CLE,shooting,,,LeVert,C. LeVert,,,,,2715.0,3.0,0.0,Durant,201142.0,,,,,,,,,,,,,,,
320,PT00M38.10S,2022-04-09T00:35:52.8Z,2,REGULAR,freethrow,1 of 2,[],201142,,,1610612751,59,51,2022-04-09T00:35:52Z,3200000,,,0,,K. Durant Free Throw 1 of 2 (21 PTS),[201142],1610612751.0,BKN,,,,Durant,K. Durant,,,,,,,,,,,,Made,,,,,,,21.0,,,,,
321,PT00M38.10S,2022-04-09T00:36:02.0Z,2,REGULAR,substitution,out,[],1627747,,,1610612751,59,51,2022-04-09T00:36:07Z,3210000,,,0,,SUB out: C. LeVert,[1627747],1610612739.0,CLE,,,,LeVert,C. LeVert,,,,,,,,,,,,,,,,,,,,,,,,
322,PT00M38.10S,2022-04-09T00:36:02.0Z,2,REGULAR,substitution,in,[],1630171,,,1610612751,59,51,2022-04-09T00:36:07Z,3220000,,,0,,SUB in: I. Okoro,[1630171],1610612739.0,CLE,,,,Okoro,I. Okoro,,,,,,,,,,,,,,,,,,,,,,,,
323,PT00M38.10S,2022-04-09T00:36:18.2Z,2,REGULAR,freethrow,2 of 2,[],201142,,,1610612751,60,51,2022-04-09T00:36:18Z,3230000,,,0,,K. Durant Free Throw 2 of 2 (22 PTS),[201142],1610612751.0,BKN,,,,Durant,K. Durant,,,,,,,,,,,,Made,,,,,,,22.0,,,,,
324,PT00M26.60S,2022-04-09T00:36:31.5Z,2,REGULAR,3pt,Jump Shot,[],1629636,20.45006570302234,89.4607843137255,1610612739,60,54,2022-04-09T00:36:35Z,3240000,-197.0,140.0,1,left,D. Garland 24' 3PT step back (16 PTS),[1629636],1610612739.0,CLE,step back,,,Garland,D. Garland,,,,,,,,,,,24.18,Made,,,,,,,16.0,,,,,
325,PT00M06.70S,2022-04-09T00:36:53.8Z,2,REGULAR,2pt,Jump Shot,[],202681,88.64980289093299,71.56862745098039,1610612751,62,54,2022-04-09T00:40:42Z,3250000,108.0,54.0,1,right,K. Irving 12' pullup bank Jump Shot (11 PTS),[202681],1610612751.0,BKN,pullup bank,,,Irving,K. Irving,,,,,,,,,,,12.07,Made,,,,,,,11.0,,,,,
326,PT00M01.50S,2022-04-09T00:37:00.2Z,2,REGULAR,2pt,Layup,"['pointsinthepaint', 'fastbreak']",1629636,10.068988173455978,36.27450980392157,1610612739,62,54,2022-04-09T00:37:05Z,3260000,69.0,42.0,1,left,MISS D. Garland 8' driving Layup - blocked,"[1629636, 201142]",1610612739.0,CLE,driving,,,Garland,D. Garland,,,,,,,,,,,8.05,Missed,,,,,Durant,201142.0,,,,,,
327,PT00M01.50S,2022-04-09T00:37:00.2Z,2,REGULAR,block,,[],201142,,,1610612739,62,54,2022-04-09T00:37:01Z,3270000,,,0,,K. Durant BLOCK (1 BLK),[201142],1610612751.0,BKN,,,,Durant,K. Durant,,,,,,,,,,,,,,,,,,,,,,,,
328,PT00M00.30S,2022-04-09T00:37:01.4Z,2,REGULAR,rebound,offensive,['team'],0,,,1610612739,62,54,2022-04-09T00:37:05Z,3280000,,,0,,TEAM offensive REBOUND,[],1610612739.0,CLE,,,,,,,,,,,,,,,,,,326.0,,,,,,,,,,,
329,PT00M00.30S,2022-04-09T00:37:05.1Z,2,REGULAR,stoppage,out-of-bounds,[],0,,,1610612739,62,54,2022-04-09T00:37:05Z,3290000,,,0,,,[],,,,,,,,,,,,,,,,,,,,,,,,,,,,,,,
330,PT00M00.30S,2022-04-09T00:37:24.8Z,2,REGULAR,substitution,out,[],201988,,,1610612739,62,54,2022-04-09T00:37:31Z,3300000,,,0,,SUB out: P. Mills,[201988],1610612751.0,BKN,,,,Mills,P. Mills,,,,,,,,,,,,,,,,,,,,,,,,
331,PT00M00.30S,2022-04-09T00:37:24.8Z,2,REGULAR,substitution,in,[],1629651,,,1610612739,62,54,2022-04-09T00:37:31Z,3310000,,,0,,SUB in: N. Claxton,[1629651],1610612751.0,BKN,,,,Claxton,N. Claxton,,,,,,,,,,,,,,,,,,,,,,,,
332,PT00M00.00S,2022-04-09T00:37:47.1Z,2,REGULAR,period,end,[],0,,,1610612739,62,54,2022-04-09T00:37:47Z,3320000,,,0,,Period End,[],,,,,,,,,,,,,,,,,,,,,,,,,,,,,,,
333,PT12M00.00S,2022-04-09T00:50:56.5Z,3,REGULAR,substitution,out,['startperiod'],1630556,,,1610612739,62,54,2022-04-09T00:52:51Z,3330000,,,0,,SUB out: K. Edwards,[1630556],1610612751.0,BKN,,,,Edwards,K. Edwards,,,,,,,,,,,,,,,,,,,,,,,,
334,PT12M00.00S,2022-04-09T00:50:56.5Z,3,REGULAR,substitution,out,['startperiod'],1629651,,,1610612739,62,54,2022-04-09T00:52:51Z,3340000,,,0,,SUB out: N. Claxton,[1629651],1610612751.0,BKN,,,,Claxton,N. Claxton,,,,,,,,,,,,,,,,,,,,,,,,
335,PT12M00.00S,2022-04-09T00:50:56.5Z,3,REGULAR,substitution,out,['startperiod'],1630205,,,1610612739,62,54,2022-04-09T00:52:51Z,3350000,,,0,,SUB out: L. Stevens,[1630205],1610612739.0,CLE,,,,Stevens,L. Stevens,,,,,,,,,,,,,,,,,,,,,,,,
336,PT12M00.00S,2022-04-09T00:50:56.5Z,3,REGULAR,substitution,out,['startperiod'],1626224,,,1610612739,62,54,2022-04-09T00:52:51Z,3360000,,,0,,SUB out: C. Osman,[1626224],1610612739.0,CLE,,,,Osman,C. Osman,,,,,,,,,,,,,,,,,,,,,,,,
337,PT12M00.00S,2022-04-09T00:50:56.5Z,3,REGULAR,substitution,in,['startperiod'],203552,,,1610612739,62,54,2022-04-09T00:52:51Z,3370000,,,0,,SUB in: S. Curry,[203552],1610612751.0,BKN,,,,Curry,S. Curry,,,,,,,,,,,,,,,,,,,,,,,,
338,PT12M00.00S,2022-04-09T00:50:56.5Z,3,REGULAR,substitution,in,['startperiod'],203083,,,1610612739,62,54,2022-04-09T00:52:51Z,3380000,,,0,,SUB in: A. Drummond,[203083],1610612751.0,BKN,,,,Drummond,A. Drummond,,,,,,,,,,,,,,,,,,,,,,,,
339,PT12M00.00S,2022-04-09T00:50:56.5Z,3,REGULAR,substitution,in,['startperiod'],1628374,,,1610612739,62,54,2022-04-09T00:52:51Z,3390000,,,0,,SUB in: L. Markkanen,[1628374],1610612739.0,CLE,,,,Markkanen,L. Markkanen,,,,,,,,,,,,,,,,,,,,,,,,
340,PT12M00.00S,2022-04-09T00:50:56.5Z,3,REGULAR,substitution,in,['startperiod'],1627747,,,1610612739,62,54,2022-04-09T00:52:51Z,3400000,,,0,,SUB in: C. LeVert,[1627747],1610612739.0,CLE,,,,LeVert,C. LeVert,,,,,,,,,,,,,,,,,,,,,,,,
341,PT12M00.00S,2022-04-09T00:53:35.3Z,3,REGULAR,period,start,[],0,,,1610612739,62,54,2022-04-09T00:53:35Z,3410000,,,0,,Period Start,[],,,,,,,,,,,,,,,,,,,,,,,,,,,,,,,
342,PT11M52.00S,2022-04-09T00:53:44.0Z,3,REGULAR,2pt,Layup,['pointsinthepaint'],1628374,91.93495400788436,54.65686274509803,1610612739,62,56,2022-04-09T00:54:10Z,3420000,23.0,23.0,1,right,L. Markkanen cutting Layup (8 PTS) (E. Mobley 2 AST),"[1628374, 1630596]",1610612739.0,CLE,cutting,,,Markkanen,L. Markkanen,,,,,,,,,,,3.3,Made,,,,,,,8.0,E. Mobley,1630596.0,2.0,,
344,PT11M52.00S,2022-04-09T00:53:46.5Z,3,REGULAR,foul,personal,['1freethrow'],201142,,,1610612739,62,56,2022-04-09T00:53:57Z,3440000,,,0,,K. Durant shooting personal FOUL (2 PF) (Markkanen 1 FT),"[201142, 1628374]",1610612751.0,BKN,shooting,,,Durant,K. Durant,,,,,1198.0,2.0,0.0,Markkanen,1628374.0,,,,,,,,,,,,,,,
346,PT11M52.00S,2022-04-09T00:54:09.1Z,3,REGULAR,freethrow,1 of 1,[],1628374,,,1610612739,62,57,2022-04-09T00:54:09Z,3460000,,,0,,L. Markkanen Free Throw 1 of 1 (9 PTS),[1628374],1610612739.0,CLE,,,,Markkanen,L. Markkanen,,,,,,,,,,,,Made,,,,,,,9.0,,,,,
347,PT11M40.00S,2022-04-09T00:54:22.5Z,3,REGULAR,2pt,Layup,['pointsinthepaint'],201142,6.258212877792378,55.63725490196079,1610612751,64,57,2022-04-09T00:54:47Z,3470000,-28.0,6.0,1,left,K. Durant driving reverse Layup (24 PTS) (B. Brown 6 AST),"[201142, 1628971]",1610612751.0,BKN,driving reverse,,,Durant,K. Durant,,,,,,,,,,,2.89,Made,,,,,,,24.0,B. Brown,1628971.0,6.0,,
349,PT11M24.00S,2022-04-09T00:54:37.8Z,3,REGULAR,3pt,Jump Shot,[],1627747,66.5735873850197,53.431372549019606,1610612739,64,57,2022-04-09T00:54:43Z,3490000,17.0,262.0,1,right,MISS C. LeVert 26' 3PT,[1627747],1610612739.0,CLE,,,,LeVert,C. LeVert,,,,,,,,,,,26.23,Missed,,,,,,,,,,,,
350,PT11M21.00S,2022-04-09T00:54:40.8Z,3,REGULAR,rebound,defensive,[],203083,,,1610612751,64,57,2022-04-09T00:54:43Z,3500000,,,0,,A. Drummond REBOUND (Off:1 Def:4),[203083],1610612751.0,BKN,,,,Drummond,A. Drummond,,,,,,,,,,,,,349.0,5.0,4.0,1.0,,,,,,,,
351,PT11M06.00S,2022-04-09T00:54:56.4Z,3,REGULAR,2pt,Layup,['pointsinthepaint'],203083,9.806176084099869,48.529411764705884,1610612751,66,57,2022-04-09T00:54:59Z,3510000,7.0,40.0,1,left,A. Drummond Layup (5 PTS) (S. Curry 2 AST),"[203083, 203552]",1610612751.0,BKN,,,,Drummond,A. Drummond,,,,,,,,,,,4.04,Made,,,,,,,5.0,S. Curry,203552.0,2.0,,
353,PT10M49.00S,2022-04-09T00:55:13.0Z,3,REGULAR,2pt,Layup,['pointsinthepaint'],1628374,92.59198423127464,39.950980392156865,1610612739,66,57,2022-04-09T00:55:17Z,3530000,-50.0,17.0,1,right,MISS L. Markkanen cutting Layup - blocked,"[1628374, 201142]",1610612739.0,CLE,cutting,,,Markkanen,L. Markkanen,,,,,,,,,,,5.3,Missed,,,,,Durant,201142.0,,,,,,
354,PT10M49.00S,2022-04-09T00:55:13.0Z,3,REGULAR,block,,[],201142,,,1610612739,66,57,2022-04-09T00:55:15Z,3540000,,,0,,K. Durant BLOCK (2 BLK),[201142],1610612751.0,BKN,,,,Durant,K. Durant,,,,,,,,,,,,,,,,,,,,,,,,
355,PT10M48.00S,2022-04-09T00:55:14.0Z,3,REGULAR,rebound,defensive,[],203552,,,1610612751,66,57,2022-04-09T00:55:17Z,3550000,,,0,,S. Curry REBOUND (Off:1 Def:2),[203552],1610612751.0,BKN,,,,Curry,S. Curry,,,,,,,,,,,,,353.0,3.0,2.0,1.0,,,,,,,,
356,PT10M42.00S,2022-04-09T00:55:20.9Z,3,REGULAR,2pt,Jump Shot,['pointsinthepaint'],202681,18.478975032851512,40.931372549019606,1610612751,68,57,2022-04-09T00:55:41Z,3560000,45.0,121.0,1,left,K. Irving 12' fadeaway Jump Shot (13 PTS) (S. Curry 3 AST),"[202681, 203552]",1610612751.0,BKN,fadeaway,,,Irving,K. Irving,,,,,,,,,,,12.94,Made,,,,,,,13.0,S. Curry,203552.0,3.0,,
358,PT10M24.00S,2022-04-09T00:55:38.9Z,3,REGULAR,3pt,Jump Shot,[],1628374,74.72076215505913,10.049019607843137,1610612739,68,60,2022-04-09T00:55:44Z,3580000,-200.0,185.0,1,right,L. Markkanen 27' 3PT  (12 PTS) (E. Mobley 3 AST),"[1628374, 1630596]",1610612739.0,CLE,,,,Markkanen,L. Markkanen,,,,,,,,,,,27.24,Made,,,,,,,12.0,E. Mobley,1630596.0,3.0,,
360,PT10M07.00S,2022-04-09T00:55:55.9Z,3,REGULAR,turnover,bad pass,[],201142,,,1610612751,68,60,2022-04-09T00:56:01Z,3600000,,,0,,K. Durant bad pass TURNOVER (1 TO),"[201142, 1629636]",1610612751.0,BKN,,,,Durant,K. Durant,,,,,,,,,,1.0,,,,,,,,,,,,,Garland,1629636.0
361,PT10M07.00S,2022-04-09T00:55:55.9Z,3,REGULAR,steal,,[],1629636,,,1610612739,68,60,2022-04-09T00:55:57Z,3610000,,,0,,D. Garland STEAL (2 STL),[1629636],1610612739.0,CLE,,,,Garland,D. Garland,,,,,,,,,,,,,,,,,,,,,,,,
362,PT09M58.00S,2022-04-09T00:56:04.5Z,3,REGULAR,2pt,Layup,"['pointsinthepaint', 'fromturnover']",1630596,92.59198423127464,41.42156862745098,1610612739,68,60,2022-04-09T00:56:07Z,3620000,-43.0,17.0,1,right,MISS E. Mobley Layup - blocked,"[1630596, 1628971]",1610612739.0,CLE,,,,Mobley,E. Mobley,,,,,,,,,,,4.62,Missed,,,,,Brown,1628971.0,,,,,,
363,PT09M58.00S,2022-04-09T00:56:04.5Z,3,REGULAR,block,,[],1628971,,,1610612739,68,60,2022-04-09T00:56:06Z,3630000,,,0,,B. Brown BLOCK (3 BLK),[1628971],1610612751.0,BKN,,,,Brown,B. Brown,,,,,,,,,,,,,,,,,,,,,,,,
364,PT09M55.00S,2022-04-09T00:56:07.5Z,3,REGULAR,rebound,defensive,[],1628971,,,1610612751,68,60,2022-04-09T00:56:07Z,3640000,,,0,,B. Brown REBOUND (Off:3 Def:4),[1628971],1610612751.0,BKN,,,,Brown,B. Brown,,,,,,,,,,,,,362.0,7.0,4.0,3.0,,,,,,,,
365,PT09M53.00S,2022-04-09T00:56:10.0Z,3,REGULAR,2pt,Layup,"['pointsinthepaint', 'fastbreak']",1628971,8.754927726675426,42.40196078431372,1610612751,70,60,2022-04-09T00:56:14Z,3650000,38.0,30.0,1,left,B. Brown running Layup (11 PTS),[1628971],1610612751.0,BKN,running,,,Brown,B. Brown,,,,,,,,,,,4.83,Made,,,,,,,11.0,,,,,
366,PT09M50.00S,2022-04-09T00:56:20.2Z,3,REGULAR,timeout,full,"['team', 'mandatory']",0,,,1610612739,70,60,2022-04-09T00:56:20Z,3660000,,,0,,CLE Timeout,[],1610612739.0,CLE,,,,,,,,,,,,,,,,,,,,,,,,,,,,,
367,PT09M39.00S,2022-04-09T00:59:17.7Z,3,REGULAR,2pt,DUNK,['pointsinthepaint'],1627747,92.32917214191852,51.9607843137255,1610612739,70,62,2022-04-09T00:59:22Z,3670000,10.0,20.0,1,right,C. LeVert driving DUNK (12 PTS),[1627747],1610612739.0,CLE,driving,,,LeVert,C. LeVert,,,,,,,,,,,2.19,Made,,,,,,,12.0,,,,,
368,PT09M21.00S,2022-04-09T00:59:37.1Z,3,REGULAR,turnover,out-of-bounds,[],201142,,,1610612751,70,62,2022-04-09T00:59:43Z,3680000,,,0,,K. Durant bad pass out-of-bounds TURNOVER (2 TO),[201142],1610612751.0,BKN,bad pass,,,Durant,K. Durant,,,,,1198.0,,,,,2.0,,,,,,,,,,,,,,
369,PT09M08.00S,2022-04-09T00:59:56.5Z,3,REGULAR,foul,personal,['2freethrow'],203083,,,1610612739,70,62,2022-04-09T01:00:15Z,3690000,,,0,,A. Drummond shooting personal FOUL (3 PF) (Okoro 2 FT),"[203083, 1630171]",1610612751.0,BKN,shooting,,,Drummond,A. Drummond,,,,,2715.0,3.0,0.0,Okoro,1630171.0,,,,,,,,,,,,,,,
371,PT09M08.00S,2022-04-09T01:00:26.5Z,3,REGULAR,freethrow,1 of 2,['fromturnover'],1630171,,,1610612739,70,63,2022-04-09T01:00:26Z,3710000,,,0,,I. Okoro Free Throw 1 of 2 (1 PTS),[1630171],1610612739.0,CLE,,,,Okoro,I. Okoro,,,,,,,,,,,,Made,,,,,,,1.0,,,,,
372,PT09M08.00S,2022-04-09T01:00:26.5Z,3,REGULAR,freethrow,2 of 2,['fromturnover'],1630171,,,1610612739,70,63,2022-04-09T01:00:44Z,3720000,,,0,,MISS I. Okoro Free Throw 2 of 2,[1630171],1610612739.0,CLE,,,,Okoro,I. Okoro,,,,,,,,,,,,Missed,,,,,,,,,,,,
373,PT09M06.00S,2022-04-09T01:00:28.5Z,3,REGULAR,rebound,defensive,[],201142,,,1610612751,70,63,2022-04-09T01:00:44Z,3730000,,,0,,K. Durant REBOUND (Off:0 Def:1),[201142],1610612751.0,BKN,,,,Durant,K. Durant,,,,,,,,,,,,,372.0,1.0,1.0,0.0,,,,,,,,
374,PT08M54.00S,2022-04-09T01:00:56.1Z,3,REGULAR,3pt,Jump Shot,[],202681,31.61957950065703,34.55882352941176,1610612751,70,63,2022-04-09T01:01:02Z,3740000,77.0,245.0,1,left,MISS K. Irving 25' 3PT,[202681],1610612751.0,BKN,,,,Irving,K. Irving,,,,,,,,,,,25.66,Missed,,,,,,,,,,,,
375,PT08M49.00S,2022-04-09T01:01:01.1Z,3,REGULAR,rebound,offensive,[],201142,,,1610612751,70,63,2022-04-09T01:01:02Z,3750000,,,0,,K. Durant REBOUND (Off:1 Def:1),[201142],1610612751.0,BKN,,,,Durant,K. Durant,,,,,,,,,,,,,374.0,2.0,1.0,1.0,,,,,,,,
376,PT08M49.00S,2022-04-09T01:01:07.2Z,3,REGULAR,turnover,bad pass,[],201142,,,1610612751,70,63,2022-04-09T01:01:29Z,3760000,,,0,,K. Durant bad pass TURNOVER (3 TO),[201142],1610612751.0,BKN,,,,Durant,K. Durant,,,,,,,,,,3.0,,,,,,,,,,,,,,
377,PT08M49.00S,2022-04-09T01:01:10.8Z,3,REGULAR,foul,personal,[],202681,,,1610612739,70,63,2022-04-09T01:01:22Z,3770000,,,0,,K. Irving loose ball personal FOUL (2 PF),"[202681, 1630171]",1610612751.0,BKN,loose ball,,,Irving,K. Irving,,,,,202049.0,2.0,0.0,Okoro,1630171.0,,,,,,,,,,,,,,,
380,PT08M35.00S,2022-04-09T01:01:31.3Z,3,REGULAR,2pt,Layup,"['pointsinthepaint', 'fromturnover']",1629636,91.67214191852825,56.61764705882353,1610612739,70,65,2022-04-09T01:01:35Z,3790000,33.0,26.0,1,right,D. Garland driving Layup (18 PTS),[1629636],1610612739.0,CLE,driving,,,Garland,D. Garland,,,,,,,,,,,4.2,Made,,,,,,,18.0,,,,,
381,PT08M23.00S,2022-04-09T01:01:43.6Z,3,REGULAR,3pt,Jump Shot,[],201142,31.61957950065703,57.84313725490197,1610612751,70,65,2022-04-09T01:01:48Z,3800000,-39.0,245.0,1,left,MISS K. Durant 24' 3PT,[201142],1610612751.0,BKN,,,,Durant,K. Durant,,,,,,,,,,,24.78,Missed,,,,,,,,,,,,
382,PT08M21.00S,2022-04-09T01:01:45.3Z,3,REGULAR,rebound,offensive,[],203083,,,1610612751,70,65,2022-04-09T01:01:45Z,3810000,,,0,,A. Drummond REBOUND (Off:2 Def:4),[203083],1610612751.0,BKN,,,,Drummond,A. Drummond,,,,,,,,,,,,,381.0,6.0,4.0,2.0,,,,,,,,
383,PT08M19.00S,2022-04-09T01:01:47.2Z,3,REGULAR,2pt,Layup,"['pointsinthepaint', '2ndchance']",203083,7.178055190538765,54.90196078431373,1610612751,72,65,2022-04-09T01:05:17Z,3820000,-25.0,15.0,1,left,A. Drummond putback Layup (7 PTS),[203083],1610612751.0,BKN,putback,,,Drummond,A. Drummond,,,,,,,,,,,2.87,Made,,,,,,,7.0,,,,,
384,PT08M09.00S,2022-04-09T01:01:56.7Z,3,REGULAR,3pt,Jump Shot,[],1628374,73.9323258869908,83.33333333333334,1610612739,72,68,2022-04-09T01:02:01Z,3830000,167.0,193.0,1,right,L. Markkanen 25' 3PT  (15 PTS) (C. LeVert 3 AST),"[1628374, 1627747]",1610612739.0,CLE,,,,Markkanen,L. Markkanen,,,,,,,,,,,25.46,Made,,,,,,,15.0,C. LeVert,1627747.0,3.0,,
386,PT07M56.00S,2022-04-09T01:02:12.5Z,3,REGULAR,foul,personal,['2freethrow'],1628374,,,1610612751,72,68,2022-04-09T01:02:20Z,3850000,,,0,,L. Markkanen shooting personal FOUL (4 PF) (Durant 2 FT),"[1628374, 201142]",1610612739.0,CLE,shooting,,,Markkanen,L. Markkanen,,,,,1198.0,4.0,0.0,Durant,201142.0,,,,,,,,,,,,,,,
388,PT07M56.00S,2022-04-09T01:02:37.6Z,3,REGULAR,freethrow,1 of 2,[],201142,,,1610612751,73,68,2022-04-09T01:02:37Z,3870000,,,0,,K. Durant Free Throw 1 of 2 (25 PTS),[201142],1610612751.0,BKN,,,,Durant,K. Durant,,,,,,,,,,,,Made,,,,,,,25.0,,,,,
389,PT07M56.00S,2022-04-09T01:02:38.1Z,3,REGULAR,substitution,out,[],1628374,,,1610612751,73,68,2022-04-09T01:02:44Z,3880000,,,0,,SUB out: L. Markkanen,[1628374],1610612739.0,CLE,,,,Markkanen,L. Markkanen,,,,,,,,,,,,,,,,,,,,,,,,
390,PT07M56.00S,2022-04-09T01:02:38.1Z,3,REGULAR,substitution,in,[],1626224,,,1610612751,73,68,2022-04-09T01:02:44Z,3890000,,,0,,SUB in: C. Osman,[1626224],1610612739.0,CLE,,,,Osman,C. Osman,,,,,,,,,,,,,,,,,,,,,,,,
391,PT07M56.00S,2022-04-09T01:03:00.4Z,3,REGULAR,freethrow,2 of 2,[],201142,,,1610612751,74,68,2022-04-09T01:03:00Z,3900000,,,0,,K. Durant Free Throw 2 of 2 (26 PTS),[201142],1610612751.0,BKN,,,,Durant,K. Durant,,,,,,,,,,,,Made,,,,,,,26.0,,,,,
392,PT07M46.00S,2022-04-09T01:03:17.6Z,3,REGULAR,foul,personal,['2freethrow'],203083,,,1610612739,74,68,2022-04-09T01:03:25Z,3910000,,,0,,A. Drummond shooting personal FOUL (4 PF) (Mobley 2 FT),"[203083, 1630596]",1610612751.0,BKN,shooting,,,Drummond,A. Drummond,,,,,1198.0,4.0,0.0,Mobley,1630596.0,,,,,,,,,,,,,,,
394,PT07M46.00S,2022-04-09T01:03:45.4Z,3,REGULAR,freethrow,1 of 2,[],1630596,,,1610612739,74,68,2022-04-09T01:03:45Z,3930000,,,0,,MISS E. Mobley Free Throw 1 of 2,[1630596],1610612739.0,CLE,,,,Mobley,E. Mobley,,,,,,,,,,,,Missed,,,,,,,,,,,,
395,PT07M46.00S,2022-04-09T01:03:45.4Z,3,REGULAR,rebound,offensive,"['deadball', 'team']",0,,,1610612739,74,68,2022-04-09T01:03:45Z,3940000,,,0,,TEAM offensive REBOUND,[],1610612739.0,CLE,,,,,,,,,,,,,,,,,,394.0,,,,,,,,,,,
396,PT07M46.00S,2022-04-09T01:03:46.1Z,3,REGULAR,substitution,out,[],203083,,,1610612739,74,68,2022-04-09T01:03:50Z,3950000,,,0,,SUB out: A. Drummond,[203083],1610612751.0,BKN,,,,Drummond,A. Drummond,,,,,,,,,,,,,,,,,,,,,,,,
397,PT07M46.00S,2022-04-09T01:03:46.1Z,3,REGULAR,substitution,in,[],1629651,,,1610612739,74,68,2022-04-09T01:03:50Z,3960000,,,0,,SUB in: N. Claxton,[1629651],1610612751.0,BKN,,,,Claxton,N. Claxton,,,,,,,,,,,,,,,,,,,,,,,,
398,PT07M46.00S,2022-04-09T01:04:10.4Z,3,REGULAR,freethrow,2 of 2,[],1630596,,,1610612739,74,69,2022-04-09T01:04:10Z,3970000,,,0,,E. Mobley Free Throw 2 of 2 (11 PTS),[1630596],1610612739.0,CLE,,,,Mobley,E. Mobley,,,,,,,,,,,,Made,,,,,,,11.0,,,,,
399,PT07M28.00S,2022-04-09T01:04:30.3Z,3,REGULAR,2pt,DUNK,['pointsinthepaint'],1629651,8.492115637319317,44.85294117647059,1610612751,76,69,2022-04-09T01:04:34Z,3980000,26.0,27.0,1,left,N. Claxton DUNK (4 PTS) (B. Brown 7 AST),"[1629651, 1628971]",1610612751.0,BKN,,,,Claxton,N. Claxton,,,,,,,,,,,3.75,Made,,,,,,,4.0,B. Brown,1628971.0,7.0,,
401,PT07M16.00S,2022-04-09T01:04:42.0Z,3,REGULAR,2pt,Layup,['pointsinthepaint'],1627747,93.9060446780552,54.166666666666664,1610612739,76,71,2022-04-09T01:04:47Z,4000000,21.0,5.0,1,right,C. LeVert driving reverse Layup (14 PTS),[1627747],1610612739.0,CLE,driving reverse,,,LeVert,C. LeVert,,,,,,,,,,,2.13,Made,,,,,,,14.0,,,,,
402,PT07M00.00S,2022-04-09T01:04:57.9Z,3,REGULAR,3pt,Jump Shot,[],202681,5.206964520367937,96.81372549019608,1610612751,76,71,2022-04-09T01:05:02Z,4010000,-234.0,-4.0,1,left,MISS K. Irving 3PT,[202681],1610612751.0,BKN,,,,Irving,K. Irving,,,,,,,,,,,23.41,Missed,,,,,,,,,,,,
403,PT06M58.00S,2022-04-09T01:04:59.9Z,3,REGULAR,rebound,offensive,[],1628971,,,1610612751,76,71,2022-04-09T01:05:02Z,4020000,,,0,,B. Brown REBOUND (Off:4 Def:4),[1628971],1610612751.0,BKN,,,,Brown,B. Brown,,,,,,,,,,,,,402.0,8.0,4.0,4.0,,,,,,,,
404,PT06M52.00S,2022-04-09T01:05:06.2Z,3,REGULAR,2pt,Jump Shot,['2ndchance'],201142,12.171484888304862,20.833333333333336,1610612751,76,71,2022-04-09T01:08:46Z,4030000,146.0,62.0,1,left,MISS K. Durant 15' Jump Shot,[201142],1610612751.0,BKN,,,,Durant,K. Durant,,,,,,,,,,,15.84,Missed,,,,,,,,,,,,
405,PT06M48.00S,2022-04-09T01:05:10.2Z,3,REGULAR,rebound,defensive,[],1627747,,,1610612739,76,71,2022-04-09T01:12:10Z,4040000,,,0,,C. LeVert REBOUND (Off:0 Def:3),[1627747],1610612739.0,CLE,,,,LeVert,C. LeVert,,,,,,,,,,,,,404.0,3.0,3.0,0.0,,,,,,,,
406,PT06M46.00S,2022-04-09T01:05:16.3Z,3,REGULAR,stoppage,out-of-bounds,[],0,,,1610612739,76,71,2022-04-09T01:05:16Z,4050000,,,0,,,[],,,,,,,,,,,,,,,,,,,,,,,,,,,,,,,
407,PT06M43.00S,2022-04-09T01:05:44.5Z,3,REGULAR,stoppage,out-of-bounds,[],0,,,1610612739,76,71,2022-04-09T01:05:44Z,4060000,,,0,,,[],,,,,,,,,,,,,,,,,,,,,,,,,,,,,,,
408,PT06M42.00S,2022-04-09T01:06:02.8Z,3,REGULAR,foul,personal,"['inpenalty', '2freethrow']",1628971,,,1610612739,76,71,2022-04-09T01:06:17Z,4070000,,,0,,B. Brown shooting personal FOUL (2 PF) (Garland 2 FT),"[1628971, 1629636]",1610612751.0,BKN,shooting,,,Brown,B. Brown,,,,,202049.0,2.0,0.0,Garland,1629636.0,,,,,,,,,,,,,,,
410,PT06M42.00S,2022-04-09T01:06:24.8Z,3,REGULAR,freethrow,1 of 2,[],1629636,,,1610612739,76,72,2022-04-09T01:06:24Z,4090000,,,0,,D. Garland Free Throw 1 of 2 (19 PTS),[1629636],1610612739.0,CLE,,,,Garland,D. Garland,,,,,,,,,,,,Made,,,,,,,19.0,,,,,
411,PT06M42.00S,2022-04-09T01:06:40.2Z,3,REGULAR,freethrow,2 of 2,[],1629636,,,1610612739,76,73,2022-04-09T01:06:40Z,4100000,,,0,,D. Garland Free Throw 2 of 2 (20 PTS),[1629636],1610612739.0,CLE,,,,Garland,D. Garland,,,,,,,,,,,,Made,,,,,,,20.0,,,,,
412,PT06M24.00S,2022-04-09T01:06:59.9Z,3,REGULAR,2pt,Jump Shot,[],201142,15.588042049934298,28.431372549019606,1610612751,78,73,2022-04-09T01:07:03Z,4110000,108.0,94.0,1,left,K. Durant 14' Jump Shot (28 PTS) (N. Claxton 1 AST),"[201142, 1629651]",1610612751.0,BKN,,,,Durant,K. Durant,,,,,,,,,,,14.3,Made,,,,,,,28.0,N. Claxton,1629651.0,1.0,,
414,PT06M12.00S,2022-04-09T01:07:12.1Z,3,REGULAR,2pt,Layup,['pointsinthepaint'],1629636,90.22667542706965,39.950980392156865,1610612739,78,73,2022-04-09T01:07:17Z,4130000,-50.0,39.0,1,right,MISS D. Garland 6' driving reverse Layup,[1629636],1610612739.0,CLE,driving reverse,,,Garland,D. Garland,,,,,,,,,,,6.38,Missed,,,,,,,,,,,,
415,PT06M11.00S,2022-04-09T01:07:14.1Z,3,REGULAR,rebound,offensive,[],1630596,,,1610612739,78,73,2022-04-09T01:07:14Z,4140000,,,0,,E. Mobley REBOUND (Off:2 Def:3),[1630596],1610612739.0,CLE,,,,Mobley,E. Mobley,,,,,,,,,,,,,414.0,5.0,3.0,2.0,,,,,,,,
416,PT06M11.00S,2022-04-09T01:07:15.7Z,3,REGULAR,foul,personal,"['inpenalty', '2freethrow']",202681,,,1610612739,78,73,2022-04-09T01:07:25Z,4150000,,,0,,K. Irving shooting personal FOUL (3 PF) (Mobley 2 FT),"[202681, 1630596]",1610612751.0,BKN,shooting,,,Irving,K. Irving,,,,,2715.0,3.0,0.0,Mobley,1630596.0,,,,,,,,,,,,,,,
418,PT06M11.00S,2022-04-09T01:07:45.3Z,3,REGULAR,freethrow,1 of 2,['2ndchance'],1630596,,,1610612739,78,74,2022-04-09T01:07:45Z,4170000,,,0,,E. Mobley Free Throw 1 of 2 (12 PTS),[1630596],1610612739.0,CLE,,,,Mobley,E. Mobley,,,,,,,,,,,,Made,,,,,,,12.0,,,,,
419,PT06M11.00S,2022-04-09T01:08:02.1Z,3,REGULAR,freethrow,2 of 2,['2ndchance'],1630596,,,1610612739,78,75,2022-04-09T01:08:02Z,4180000,,,0,,E. Mobley Free Throw 2 of 2 (13 PTS),[1630596],1610612739.0,CLE,,,,Mobley,E. Mobley,,,,,,,,,,,,Made,,,,,,,13.0,,,,,
420,PT06M00.00S,2022-04-09T01:08:19.5Z,3,REGULAR,foul,technical,['1freethrow'],1626224,,,1610612751,78,75,2022-04-09T01:08:26Z,4190000,,,0,,C. Osman defensive-3-second technical FOUL (1 Tech),[1626224],1610612739.0,CLE,defensive-3-second,,,Osman,C. Osman,,,,,2715.0,1.0,1.0,,,,,,,,,,,,,,,,,
421,PT06M00.00S,2022-04-09T01:08:43.5Z,3,REGULAR,freethrow,1 of 1,[],202681,,,1610612751,79,75,2022-04-09T01:08:43Z,4200000,,,0,,K. Irving technical Free Throw 1 of 1 (14 PTS),[202681],1610612751.0,BKN,technical,,,Irving,K. Irving,,,,,,,,,,,,Made,,,,,,,14.0,,,,,
422,PT05M50.00S,2022-04-09T01:09:04.2Z,3,REGULAR,2pt,Jump Shot,[],202681,16.376478318002626,26.47058823529412,1610612751,79,75,2022-04-09T01:09:10Z,4210000,118.0,101.0,1,left,MISS K. Irving 15' fadeaway Shot,[202681],1610612751.0,BKN,fadeaway,,,Irving,K. Irving,,,,,,,,,,,15.53,Missed,,,,,,,,,,,,
423,PT05M50.00S,2022-04-09T01:09:04.2Z,3,REGULAR,rebound,defensive,['team'],0,,,1610612739,79,75,2022-04-09T01:09:14Z,4220000,,,0,,TEAM defensive REBOUND,[],1610612739.0,CLE,,,,,,,,,,,,,,,,,,422.0,,,,,,,,,,,
424,PT05M50.00S,2022-04-09T01:09:15.5Z,3,REGULAR,foul,personal,"['inpenalty', '2freethrow']",1629651,,,1610612739,79,75,2022-04-09T01:09:30Z,4230000,,,0,,N. Claxton loose ball personal FOUL (4 PF) (Osman 2 FT),"[1629651, 1626224]",1610612751.0,BKN,loose ball,,,Claxton,N. Claxton,,,,,2715.0,4.0,0.0,Osman,1626224.0,,,,,,,,,,,,,,,
426,PT05M50.00S,2022-04-09T01:09:48.2Z,3,REGULAR,freethrow,1 of 2,[],1626224,,,1610612739,79,76,2022-04-09T01:09:48Z,4250000,,,0,,C. Osman Free Throw 1 of 2 (6 PTS),[1626224],1610612739.0,CLE,,,,Osman,C. Osman,,,,,,,,,,,,Made,,,,,,,6.0,,,,,
427,PT05M50.00S,2022-04-09T01:09:48.7Z,3,REGULAR,substitution,out,[],1629651,,,1610612739,79,76,2022-04-09T01:09:56Z,4260000,,,0,,SUB out: N. Claxton,[1629651],1610612751.0,BKN,,,,Claxton,N. Claxton,,,,,,,,,,,,,,,,,,,,,,,,
428,PT05M50.00S,2022-04-09T01:09:48.7Z,3,REGULAR,substitution,in,[],1630556,,,1610612739,79,76,2022-04-09T01:09:56Z,4270000,,,0,,SUB in: K. Edwards,[1630556],1610612751.0,BKN,,,,Edwards,K. Edwards,,,,,,,,,,,,,,,,,,,,,,,,
429,PT05M50.00S,2022-04-09T01:10:11.6Z,3,REGULAR,freethrow,2 of 2,[],1626224,,,1610612739,79,77,2022-04-09T01:10:11Z,4280000,,,0,,C. Osman Free Throw 2 of 2 (7 PTS),[1626224],1610612739.0,CLE,,,,Osman,C. Osman,,,,,,,,,,,,Made,,,,,,,7.0,,,,,
430,PT05M37.00S,2022-04-09T01:10:31.9Z,3,REGULAR,foul,personal,[],1627747,,,1610612751,79,77,2022-04-09T01:10:55Z,4290000,,,0,,C. LeVert personal FOUL (4 PF),"[1627747, 201142]",1610612739.0,CLE,,,,LeVert,C. LeVert,,,,,2715.0,4.0,0.0,Durant,201142.0,,,,,,,,,,,,,,,
432,PT05M37.00S,2022-04-09T01:10:39.5Z,3,REGULAR,substitution,out,[],1627747,,,1610612751,79,77,2022-04-09T01:10:54Z,4310000,,,0,,SUB out: C. LeVert,[1627747],1610612739.0,CLE,,,,LeVert,C. LeVert,,,,,,,,,,,,,,,,,,,,,,,,
433,PT05M37.00S,2022-04-09T01:10:39.5Z,3,REGULAR,substitution,out,[],1630596,,,1610612751,79,77,2022-04-09T01:10:54Z,4320000,,,0,,SUB out: E. Mobley,[1630596],1610612739.0,CLE,,,,Mobley,E. Mobley,,,,,,,,,,,,,,,,,,,,,,,,
434,PT05M37.00S,2022-04-09T01:10:39.5Z,3,REGULAR,substitution,in,[],201567,,,1610612751,79,77,2022-04-09T01:10:54Z,4330000,,,0,,SUB in: K. Love,[201567],1610612739.0,CLE,,,,Love,K. Love,,,,,,,,,,,,,,,,,,,,,,,,
435,PT05M37.00S,2022-04-09T01:10:39.5Z,3,REGULAR,substitution,in,[],1630205,,,1610612751,79,77,2022-04-09T01:10:54Z,4340000,,,0,,SUB in: L. Stevens,[1630205],1610612739.0,CLE,,,,Stevens,L. Stevens,,,,,,,,,,,,,,,,,,,,,,,,
436,PT05M21.00S,2022-04-09T01:11:15.5Z,3,REGULAR,2pt,Jump Shot,[],201142,21.895532194480946,38.48039215686275,1610612751,81,77,2022-04-09T01:11:18Z,4350000,58.0,153.0,1,left,K. Durant 16' pullup Jump Shot (30 PTS) (K. Edwards 1 AST),"[201142, 1630556]",1610612751.0,BKN,pullup,,,Durant,K. Durant,,,,,,,,,,,16.38,Made,,,,,,,30.0,K. Edwards,1630556.0,1.0,,
438,PT05M05.00S,2022-04-09T01:11:31.3Z,3,REGULAR,3pt,Jump Shot,[],1629636,63.9454664914586,48.28431372549019,1610612739,81,80,2022-04-09T01:11:35Z,4370000,-9.0,286.0,1,right,D. Garland 28' 3PT step back (23 PTS) (C. Osman 1 AST),"[1629636, 1626224]",1610612739.0,CLE,step back,,,Garland,D. Garland,,,,,,,,,,,28.65,Made,,,,,,,23.0,C. Osman,1626224.0,1.0,,
440,PT04M50.00S,2022-04-09T01:11:46.4Z,3,REGULAR,2pt,Jump Shot,[],1630556,23.866622864651774,18.38235294117647,1610612751,81,80,2022-04-09T01:11:52Z,4390000,158.0,172.0,1,left,MISS K. Edwards 23' Jump Shot,[1630556],1610612751.0,BKN,,,,Edwards,K. Edwards,,,,,,,,,,,23.35,Missed,,,,,,,,,,,,
441,PT04M45.00S,2022-04-09T01:11:51.4Z,3,REGULAR,rebound,defensive,[],1630205,,,1610612739,81,80,2022-04-09T01:11:52Z,4400000,,,0,,L. Stevens REBOUND (Off:0 Def:1),[1630205],1610612739.0,CLE,,,,Stevens,L. Stevens,,,,,,,,,,,,,440.0,1.0,1.0,0.0,,,,,,,,
442,PT04M43.00S,2022-04-09T01:11:53.3Z,3,REGULAR,3pt,Jump Shot,['fastbreak'],1629636,66.83639947437582,20.098039215686274,1610612739,81,80,2022-04-09T01:12:10Z,4410000,-150.0,259.0,1,right,MISS D. Garland 29' pullup 3PT,[1629636],1610612739.0,CLE,pullup,,,Garland,D. Garland,,,,,,,,,,,29.92,Missed,,,,,,,,,,,,
443,PT04M40.00S,2022-04-09T01:11:56.9Z,3,REGULAR,rebound,offensive,[],201567,,,1610612739,81,80,2022-04-09T01:11:56Z,4420000,,,0,,K. Love REBOUND (Off:3 Def:0),[201567],1610612739.0,CLE,,,,Love,K. Love,,,,,,,,,,,,,442.0,3.0,0.0,3.0,,,,,,,,
444,PT04M39.00S,2022-04-09T01:11:57.7Z,3,REGULAR,turnover,out-of-bounds,[],201567,,,1610612739,81,80,2022-04-09T01:12:22Z,4430000,,,0,,K. Love lost ball out-of-bounds TURNOVER (2 TO),[201567],1610612739.0,CLE,lost ball,,,Love,K. Love,,,,,1198.0,,,,,2.0,,,,,,,,,,,,,,
445,PT04M39.00S,2022-04-09T01:12:09.3Z,3,REGULAR,substitution,out,[],203552,,,1610612751,81,80,2022-04-09T01:12:16Z,4440000,,,0,,SUB out: S. Curry,[203552],1610612751.0,BKN,,,,Curry,S. Curry,,,,,,,,,,,,,,,,,,,,,,,,
446,PT04M39.00S,2022-04-09T01:12:09.3Z,3,REGULAR,substitution,in,[],201988,,,1610612751,81,80,2022-04-09T01:12:16Z,4450000,,,0,,SUB in: P. Mills,[201988],1610612751.0,BKN,,,,Mills,P. Mills,,,,,,,,,,,,,,,,,,,,,,,,
447,PT04M21.00S,2022-04-09T01:12:36.3Z,3,REGULAR,3pt,Jump Shot,['fromturnover'],1630556,7.5722733245729295,2.941176470588235,1610612751,81,80,2022-04-09T01:12:40Z,4460000,235.0,19.0,1,left,MISS K. Edwards 3PT,[1630556],1610612751.0,BKN,,,,Edwards,K. Edwards,,,,,,,,,,,23.6,Missed,,,,,,,,,,,,
448,PT04M17.00S,2022-04-09T01:12:40.3Z,3,REGULAR,rebound,defensive,[],1630205,,,1610612739,81,80,2022-04-09T01:12:40Z,4470000,,,0,,L. Stevens REBOUND (Off:0 Def:2),[1630205],1610612739.0,CLE,,,,Stevens,L. Stevens,,,,,,,,,,,,,447.0,2.0,2.0,0.0,,,,,,,,
449,PT04M05.00S,2022-04-09T01:12:51.2Z,3,REGULAR,2pt,Jump Shot,[],1629636,73.27529566360053,48.529411764705884,1610612739,81,80,2022-04-09T01:12:55Z,4480000,-7.0,199.0,1,right,MISS D. Garland 19' fadeaway Shot,[1629636],1610612739.0,CLE,fadeaway,,,Garland,D. Garland,,,,,,,,,,,19.88,Missed,,,,,,,,,,,,
450,PT04M03.00S,2022-04-09T01:12:53.2Z,3,REGULAR,rebound,defensive,[],202681,,,1610612751,81,80,2022-04-09T01:12:55Z,4490000,,,0,,K. Irving REBOUND (Off:0 Def:5),[202681],1610612751.0,BKN,,,,Irving,K. Irving,,,,,,,,,,,,,449.0,5.0,5.0,0.0,,,,,,,,
451,PT03M57.00S,2022-04-09T01:13:09.7Z,3,REGULAR,foul,personal,[],1629636,,,1610612751,81,80,2022-04-09T01:13:31Z,4500000,,,0,,D. Garland personal FOUL (1 PF),"[1629636, 201142]",1610612739.0,CLE,,,,Garland,D. Garland,,,,,202049.0,1.0,0.0,Durant,201142.0,,,,,,,,,,,,,,,
453,PT03M51.00S,2022-04-09T01:13:31.4Z,3,REGULAR,violation,kicked ball,[],1626224,,,1610612751,81,80,2022-04-09T01:13:35Z,4520000,,,0,,C. Osman kicked ball VIOLATION,[1626224],1610612739.0,CLE,,,,Osman,C. Osman,,,,,202049.0,,,,,,,,,,,,,,,,,,,
454,PT03M37.00S,2022-04-09T01:13:55.9Z,3,REGULAR,2pt,Layup,['pointsinthepaint'],201142,9.017739816031538,52.450980392156865,1610612751,81,80,2022-04-09T01:14:00Z,4530000,-12.0,32.0,1,left,MISS K. Durant driving Layup,[201142],1610612751.0,BKN,driving,,,Durant,K. Durant,,,,,,,,,,,3.46,Missed,,,,,,,,,,,,
455,PT03M35.00S,2022-04-09T01:13:57.9Z,3,REGULAR,rebound,defensive,[],201567,,,1610612739,81,80,2022-04-09T01:14:00Z,4540000,,,0,,K. Love REBOUND (Off:3 Def:1),[201567],1610612739.0,CLE,,,,Love,K. Love,,,,,,,,,,,,,454.0,4.0,1.0,3.0,,,,,,,,
456,PT03M29.00S,2022-04-09T01:14:04.6Z,3,REGULAR,2pt,Layup,['pointsinthepaint'],1630171,92.46057818659659,43.13725490196079,1610612739,81,82,2022-04-09T01:14:09Z,4550000,-34.0,18.0,1,right,I. Okoro driving Layup (3 PTS) (C. Osman 2 AST),"[1630171, 1626224]",1610612739.0,CLE,driving,,,Okoro,I. Okoro,,,,,,,,,,,3.89,Made,,,,,,,3.0,C. Osman,1626224.0,2.0,,
458,PT03M28.00S,2022-04-09T01:14:09.5Z,3,REGULAR,timeout,full,"['team', 'mandatory']",0,,,1610612751,81,82,2022-04-09T01:14:09Z,4570000,,,0,,BKN Timeout,[],1610612751.0,BKN,,,,,,,,,,,,,,,,,,,,,,,,,,,,,
459,PT03M03.00S,2022-04-09T01:17:23.3Z,3,REGULAR,2pt,Jump Shot,['pointsinthepaint'],202681,16.376478318002626,58.333333333333336,1610612751,81,82,2022-04-09T01:17:26Z,4580000,-42.0,101.0,1,left,MISS K. Irving 10' fadeaway Shot,[202681],1610612751.0,BKN,fadeaway,,,Irving,K. Irving,,,,,,,,,,,10.96,Missed,,,,,,,,,,,,
460,PT03M00.00S,2022-04-09T01:17:26.3Z,3,REGULAR,rebound,defensive,[],201567,,,1610612739,81,82,2022-04-09T01:17:26Z,4590000,,,0,,K. Love REBOUND (Off:3 Def:2),[201567],1610612739.0,CLE,,,,Love,K. Love,,,,,,,,,,,,,459.0,5.0,2.0,3.0,,,,,,,,
461,PT02M48.00S,2022-04-09T01:17:38.2Z,3,REGULAR,2pt,Hook,['pointsinthepaint'],201567,90.22667542706965,49.26470588235294,1610612739,81,84,2022-04-09T01:24:00Z,4600000,-4.0,39.0,1,right,K. Love Hook (7 PTS) (D. Garland 2 AST),"[201567, 1629636]",1610612739.0,CLE,,,,Love,K. Love,,,,,,,,,,,3.96,Made,,,,,,,7.0,D. Garland,1629636.0,2.0,,
463,PT02M39.00S,2022-04-09T01:17:47.5Z,3,REGULAR,2pt,Jump Shot,[],202681,6.521024967148489,29.166666666666668,1610612751,81,84,2022-04-09T01:17:50Z,4620000,104.0,9.0,1,left,MISS K. Irving 10' pullup Shot,[202681],1610612751.0,BKN,pullup,,,Irving,K. Irving,,,,,,,,,,,10.46,Missed,,,,,,,,,,,,
464,PT02M37.00S,2022-04-09T01:17:49.5Z,3,REGULAR,rebound,defensive,[],201567,,,1610612739,81,84,2022-04-09T01:17:50Z,4630000,,,0,,K. Love REBOUND (Off:3 Def:3),[201567],1610612739.0,CLE,,,,Love,K. Love,,,,,,,,,,,,,463.0,6.0,3.0,3.0,,,,,,,,
465,PT02M34.00S,2022-04-09T01:18:00.2Z,3,REGULAR,foul,personal,"['inpenalty', '2freethrow']",202681,,,1610612739,81,84,2022-04-09T01:18:10Z,4640000,,,0,,K. Irving personal FOUL (4 PF) (Garland 2 FT),"[202681, 1629636]",1610612751.0,BKN,,,,Irving,K. Irving,,,,,1198.0,4.0,0.0,Garland,1629636.0,,,,,,,,,,,,,,,
467,PT02M34.00S,2022-04-09T01:18:23.2Z,3,REGULAR,freethrow,1 of 2,[],1629636,,,1610612739,81,85,2022-04-09T01:18:23Z,4660000,,,0,,D. Garland Free Throw 1 of 2 (24 PTS),[1629636],1610612739.0,CLE,,,,Garland,D. Garland,,,,,,,,,,,,Made,,,,,,,24.0,,,,,
468,PT02M34.00S,2022-04-09T01:18:24.0Z,3,REGULAR,substitution,out,[],202681,,,1610612739,81,85,2022-04-09T01:18:27Z,4670000,,,0,,SUB out: K. Irving,[202681],1610612751.0,BKN,,,,Irving,K. Irving,,,,,,,,,,,,,,,,,,,,,,,,
469,PT02M34.00S,2022-04-09T01:18:24.0Z,3,REGULAR,substitution,in,[],203552,,,1610612739,81,85,2022-04-09T01:18:27Z,4680000,,,0,,SUB in: S. Curry,[203552],1610612751.0,BKN,,,,Curry,S. Curry,,,,,,,,,,,,,,,,,,,,,,,,
470,PT02M34.00S,2022-04-09T01:18:24.0Z,3,REGULAR,substitution,out,[],1630556,,,1610612739,81,85,2022-04-09T01:18:42Z,4690000,,,0,,SUB out: K. Edwards,[1630556],1610612751.0,BKN,,,,Edwards,K. Edwards,,,,,,,,,,,,,,,,,,,,,,,,
471,PT02M34.00S,2022-04-09T01:18:24.0Z,3,REGULAR,substitution,in,[],1629651,,,1610612739,81,85,2022-04-09T01:18:42Z,4700000,,,0,,SUB in: N. Claxton,[1629651],1610612751.0,BKN,,,,Claxton,N. Claxton,,,,,,,,,,,,,,,,,,,,,,,,
472,PT02M34.00S,2022-04-09T01:18:54.3Z,3,REGULAR,freethrow,2 of 2,[],1629636,,,1610612739,81,86,2022-04-09T01:18:54Z,4710000,,,0,,D. Garland Free Throw 2 of 2 (25 PTS),[1629636],1610612739.0,CLE,,,,Garland,D. Garland,,,,,,,,,,,,Made,,,,,,,25.0,,,,,
473,PT02M22.00S,2022-04-09T01:19:08.8Z,3,REGULAR,2pt,Jump Shot,['pointsinthepaint'],201142,19.004599211563733,45.09803921568628,1610612751,81,86,2022-04-09T01:19:12Z,4720000,25.0,126.0,1,left,MISS K. Durant 12' fadeaway Shot,[201142],1610612751.0,BKN,fadeaway,,,Durant,K. Durant,,,,,,,,,,,12.85,Missed,,,,,,,,,,,,
474,PT02M19.00S,2022-04-09T01:19:11.8Z,3,REGULAR,rebound,defensive,[],201567,,,1610612739,81,86,2022-04-09T01:19:12Z,4730000,,,0,,K. Love REBOUND (Off:3 Def:4),[201567],1610612739.0,CLE,,,,Love,K. Love,,,,,,,,,,,,,473.0,7.0,4.0,3.0,,,,,,,,
475,PT02M13.00S,2022-04-09T01:19:17.5Z,3,REGULAR,2pt,Jump Shot,['pointsinthepaint'],1629636,84.31340341655716,49.754901960784316,1610612739,81,88,2022-04-09T01:19:21Z,4740000,-1.0,95.0,1,right,D. Garland 9' driving floating Jump Shot (27 PTS),[1629636],1610612739.0,CLE,driving floating,,,Garland,D. Garland,,,,,,,,,,,9.5,Made,,,,,,,27.0,,,,,
476,PT01M58.00S,2022-04-09T01:19:34.4Z,3,REGULAR,violation,kicked ball,[],1626224,,,1610612751,81,88,2022-04-09T01:19:54Z,4750000,,,0,,C. Osman kicked ball VIOLATION,[1626224],1610612739.0,CLE,,,,Osman,C. Osman,,,,,2715.0,,,,,,,,,,,,,,,,,,,
477,PT01M58.00S,2022-04-09T01:19:43.3Z,3,REGULAR,substitution,out,[],1630171,,,1610612751,81,88,2022-04-09T01:19:45Z,4760000,,,0,,SUB out: I. Okoro,[1630171],1610612739.0,CLE,,,,Okoro,I. Okoro,,,,,,,,,,,,,,,,,,,,,,,,
478,PT01M58.00S,2022-04-09T01:19:43.3Z,3,REGULAR,substitution,in,[],200765,,,1610612751,81,88,2022-04-09T01:19:45Z,4770000,,,0,,SUB in: R. Rondo,[200765],1610612739.0,CLE,,,,Rondo,R. Rondo,,,,,,,,,,,,,,,,,,,,,,,,
479,PT01M53.00S,2022-04-09T01:20:02.0Z,3,REGULAR,turnover,out-of-bounds,[],201142,,,1610612751,81,88,2022-04-09T01:20:05Z,4780000,,,0,,K. Durant step out-of-bounds TURNOVER (4 TO),[201142],1610612751.0,BKN,step,,,Durant,K. Durant,,,,,1198.0,,,,,4.0,,,,,,,,,,,,,,
480,PT01M32.00S,2022-04-09T01:20:31.2Z,3,REGULAR,2pt,Layup,"['pointsinthepaint', 'fromturnover']",1630205,91.01511169513797,57.35294117647059,1610612739,81,88,2022-04-09T01:20:34Z,4790000,37.0,32.0,1,right,MISS L. Stevens Layup - blocked,"[1630205, 1628971]",1610612739.0,CLE,,,,Stevens,L. Stevens,,,,,,,,,,,4.88,Missed,,,,,Brown,1628971.0,,,,,,
481,PT01M32.00S,2022-04-09T01:20:31.2Z,3,REGULAR,block,,[],1628971,,,1610612739,81,88,2022-04-09T01:20:33Z,4800000,,,0,,B. Brown BLOCK (4 BLK),[1628971],1610612751.0,BKN,,,,Brown,B. Brown,,,,,,,,,,,,,,,,,,,,,,,,
482,PT01M29.00S,2022-04-09T01:20:34.2Z,3,REGULAR,rebound,defensive,[],201142,,,1610612751,81,88,2022-04-09T01:20:34Z,4810000,,,0,,K. Durant REBOUND (Off:1 Def:2),[201142],1610612751.0,BKN,,,,Durant,K. Durant,,,,,,,,,,,,,480.0,3.0,2.0,1.0,,,,,,,,
483,PT01M21.00S,2022-04-09T01:20:41.9Z,3,REGULAR,3pt,Jump Shot,[],201988,16.770696452036795,93.38235294117648,1610612751,81,88,2022-04-09T01:20:47Z,4820000,-217.0,105.0,1,left,MISS P. Mills 24' step back 3PT,[201988],1610612751.0,BKN,step back,,,Mills,P. Mills,,,,,,,,,,,24.1,Missed,,,,,,,,,,,,
484,PT01M18.00S,2022-04-09T01:20:44.9Z,3,REGULAR,rebound,defensive,['team'],0,,,1610612739,81,88,2022-04-09T01:20:47Z,4830000,,,0,,TEAM defensive REBOUND,[],1610612739.0,CLE,,,,,,,,,,,,,,,,,,483.0,,,,,,,,,,,
485,PT01M18.00S,2022-04-09T01:20:48.4Z,3,REGULAR,stoppage,out-of-bounds,[],0,,,1610612739,81,88,2022-04-09T01:20:48Z,4840000,,,0,,,[],,,,,,,,,,,,,,,,,,,,,,,,,,,,,,,
486,PT00M59.20S,2022-04-09T01:21:18.5Z,3,REGULAR,2pt,Layup,['pointsinthepaint'],1629636,91.40932982917214,56.86274509803921,1610612739,81,88,2022-04-09T01:21:22Z,4850000,34.0,28.0,1,right,MISS D. Garland driving Layup - blocked,"[1629636, 1629651]",1610612739.0,CLE,driving,,,Garland,D. Garland,,,,,,,,,,,4.45,Missed,,,,,Claxton,1629651.0,,,,,,
487,PT00M59.20S,2022-04-09T01:21:18.5Z,3,REGULAR,block,,[],1629651,,,1610612739,81,88,2022-04-09T01:21:20Z,4860000,,,0,,N. Claxton BLOCK (1 BLK),[1629651],1610612751.0,BKN,,,,Claxton,N. Claxton,,,,,,,,,,,,,,,,,,,,,,,,
488,PT00M56.20S,2022-04-09T01:21:21.5Z,3,REGULAR,rebound,offensive,[],201567,,,1610612739,81,88,2022-04-09T01:21:21Z,4870000,,,0,,K. Love REBOUND (Off:4 Def:4),[201567],1610612739.0,CLE,,,,Love,K. Love,,,,,,,,,,,,,486.0,8.0,4.0,4.0,,,,,,,,
489,PT00M54.60S,2022-04-09T01:21:23.1Z,3,REGULAR,3pt,Jump Shot,['2ndchance'],1626224,72.88107752956637,8.333333333333332,1610612739,81,88,2022-04-09T01:21:27Z,4880000,-208.0,202.0,1,right,MISS C. Osman 29' 3PT,[1626224],1610612739.0,CLE,,,,Osman,C. Osman,,,,,,,,,,,29.04,Missed,,,,,,,,,,,,
490,PT00M52.00S,2022-04-09T01:21:25.7Z,3,REGULAR,rebound,defensive,[],1629651,,,1610612751,81,88,2022-04-09T01:21:27Z,4890000,,,0,,N. Claxton REBOUND (Off:0 Def:4),[1629651],1610612751.0,BKN,,,,Claxton,N. Claxton,,,,,,,,,,,,,489.0,4.0,4.0,0.0,,,,,,,,
491,PT00M46.10S,2022-04-09T01:21:35.5Z,3,REGULAR,turnover,out-of-bounds,[],201142,,,1610612751,81,88,2022-04-09T01:21:44Z,4900000,,,0,,K. Durant lost ball out-of-bounds TURNOVER (5 TO),[201142],1610612751.0,BKN,lost ball,,,Durant,K. Durant,,,,,1198.0,,,,,5.0,,,,,,,,,,,,,,
492,PT00M34.00S,2022-04-09T01:21:53.8Z,3,REGULAR,3pt,Jump Shot,['fromturnover'],1629636,66.04796320630749,61.51960784313726,1610612739,81,88,2022-04-09T01:21:56Z,4910000,58.0,267.0,1,right,MISS D. Garland 27' pullup 3PT,[1629636],1610612739.0,CLE,pullup,,,Garland,D. Garland,,,,,,,,,,,27.28,Missed,,,,,,,,,,,,
493,PT00M32.20S,2022-04-09T01:21:55.6Z,3,REGULAR,rebound,defensive,[],201142,,,1610612751,81,88,2022-04-09T01:21:56Z,4920000,,,0,,K. Durant REBOUND (Off:1 Def:3),[201142],1610612751.0,BKN,,,,Durant,K. Durant,,,,,,,,,,,,,492.0,4.0,3.0,1.0,,,,,,,,
494,PT00M27.20S,2022-04-09T01:22:01.2Z,3,REGULAR,2pt,Layup,['pointsinthepaint'],1628971,8.886333771353483,42.15686274509804,1610612751,83,88,2022-04-09T01:22:04Z,4930000,39.0,31.0,1,left,B. Brown driving Layup (13 PTS) (K. Durant 5 AST),"[1628971, 201142]",1610612751.0,BKN,driving,,,Brown,B. Brown,,,,,,,,,,,5.0,Made,,,,,,,13.0,K. Durant,201142.0,5.0,,
496,PT00M00.80S,2022-04-09T01:22:30.4Z,3,REGULAR,3pt,Jump Shot,[],1630205,91.5407358738502,3.1862745098039214,1610612739,83,88,2022-04-09T01:22:33Z,4950000,-234.0,27.0,1,right,MISS L. Stevens 3PT,[1630205],1610612739.0,CLE,,,,Stevens,L. Stevens,,,,,,,,,,,23.57,Missed,,,,,,,,,,,,
497,PT00M00.80S,2022-04-09T01:22:30.4Z,3,REGULAR,rebound,defensive,[],1629651,,,1610612751,83,88,2022-04-09T01:22:33Z,4960000,,,0,,N. Claxton REBOUND (Off:0 Def:5),[1629651],1610612751.0,BKN,,,,Claxton,N. Claxton,,,,,,,,,,,,,496.0,5.0,5.0,0.0,,,,,,,,
498,PT00M00.00S,2022-04-09T01:22:34.3Z,3,REGULAR,period,end,[],0,,,1610612751,83,88,2022-04-09T01:22:34Z,4970000,,,0,,Period End,[],,,,,,,,,,,,,,,,,,,,,,,,,,,,,,,
499,PT12M00.00S,2022-04-09T01:25:04.6Z,4,REGULAR,substitution,out,['startperiod'],1628971,,,1610612751,83,88,2022-04-09T01:25:23Z,4980000,,,0,,SUB out: B. Brown,[1628971],1610612751.0,BKN,,,,Brown,B. Brown,,,,,,,,,,,,,,,,,,,,,,,,
500,PT12M00.00S,2022-04-09T01:25:04.6Z,4,REGULAR,substitution,out,['startperiod'],201142,,,1610612751,83,88,2022-04-09T01:25:23Z,4990000,,,0,,SUB out: K. Durant,[201142],1610612751.0,BKN,,,,Durant,K. Durant,,,,,,,,,,,,,,,,,,,,,,,,
501,PT12M00.00S,2022-04-09T01:25:04.6Z,4,REGULAR,substitution,out,['startperiod'],1630205,,,1610612751,83,88,2022-04-09T01:25:23Z,5000000,,,0,,SUB out: L. Stevens,[1630205],1610612739.0,CLE,,,,Stevens,L. Stevens,,,,,,,,,,,,,,,,,,,,,,,,
502,PT12M00.00S,2022-04-09T01:25:04.6Z,4,REGULAR,substitution,out,['startperiod'],1629636,,,1610612751,83,88,2022-04-09T01:25:23Z,5010000,,,0,,SUB out: D. Garland,[1629636],1610612739.0,CLE,,,,Garland,D. Garland,,,,,,,,,,,,,,,,,,,,,,,,
503,PT12M00.00S,2022-04-09T01:25:04.6Z,4,REGULAR,substitution,in,['startperiod'],1630556,,,1610612751,83,88,2022-04-09T01:25:23Z,5020000,,,0,,SUB in: K. Edwards,[1630556],1610612751.0,BKN,,,,Edwards,K. Edwards,,,,,,,,,,,,,,,,,,,,,,,,
504,PT12M00.00S,2022-04-09T01:25:04.6Z,4,REGULAR,substitution,in,['startperiod'],202681,,,1610612751,83,88,2022-04-09T01:25:23Z,5030000,,,0,,SUB in: K. Irving,[202681],1610612751.0,BKN,,,,Irving,K. Irving,,,,,,,,,,,,,,,,,,,,,,,,
505,PT12M00.00S,2022-04-09T01:25:04.6Z,4,REGULAR,substitution,in,['startperiod'],1630171,,,1610612751,83,88,2022-04-09T01:25:23Z,5040000,,,0,,SUB in: I. Okoro,[1630171],1610612739.0,CLE,,,,Okoro,I. Okoro,,,,,,,,,,,,,,,,,,,,,,,,
506,PT12M00.00S,2022-04-09T01:25:04.6Z,4,REGULAR,substitution,in,['startperiod'],1627747,,,1610612751,83,88,2022-04-09T01:25:23Z,5050000,,,0,,SUB in: C. LeVert,[1627747],1610612739.0,CLE,,,,LeVert,C. LeVert,,,,,,,,,,,,,,,,,,,,,,,,
507,PT12M00.00S,2022-04-09T01:25:30.9Z,4,REGULAR,period,start,[],0,,,1610612751,83,88,2022-04-09T01:25:30Z,5060000,,,0,,Period Start,[],,,,,,,,,,,,,,,,,,,,,,,,,,,,,,,
508,PT11M43.00S,2022-04-09T01:25:46.9Z,4,REGULAR,2pt,Jump Shot,[],203552,18.478975032851512,77.69607843137256,1610612751,85,88,2022-04-09T01:27:15Z,5070000,-138.0,121.0,1,left,S. Curry 18' pullup Jump Shot (9 PTS) (K. Irving 5 AST),"[203552, 202681]",1610612751.0,BKN,pullup,,,Curry,S. Curry,,,,,,,,,,,18.4,Made,,,,,,,9.0,K. Irving,202681.0,5.0,,
510,PT11M29.00S,2022-04-09T01:26:00.8Z,4,REGULAR,3pt,Jump Shot,[],201567,66.5735873850197,50.49019607843137,1610612739,85,88,2022-04-09T01:27:12Z,5090000,2.0,262.0,1,right,MISS K. Love 26' pullup 3PT,[201567],1610612739.0,CLE,pullup,,,Love,K. Love,,,,,,,,,,,26.17,Missed,,,,,,,,,,,,
511,PT11M26.00S,2022-04-09T01:26:03.8Z,4,REGULAR,rebound,offensive,[],200765,,,1610612739,85,88,2022-04-09T01:26:05Z,5100000,,,0,,R. Rondo REBOUND (Off:1 Def:0),[200765],1610612739.0,CLE,,,,Rondo,R. Rondo,,,,,,,,,,,,,510.0,1.0,0.0,1.0,,,,,,,,
512,PT11M13.00S,2022-04-09T01:26:19.0Z,4,REGULAR,turnover,shot clock,['team'],0,,,1610612739,85,88,2022-04-09T01:26:27Z,5110000,,,0,,CLE shot clock Team TURNOVER,[],1610612739.0,CLE,,,,,,,,,,1198.0,,,,,,,,,,,,,,,,,,,
513,PT11M05.00S,2022-04-09T01:26:41.7Z,4,REGULAR,foul,personal,['3freethrow'],1627747,,,1610612751,85,88,2022-04-09T01:26:54Z,5120000,,,0,,C. LeVert shooting personal FOUL (5 PF) (Mills 3 FT),"[1627747, 201988]",1610612739.0,CLE,shooting,,,LeVert,C. LeVert,,,,,202049.0,5.0,0.0,Mills,201988.0,,,,,,,,,,,,,,,
515,PT11M05.00S,2022-04-09T01:27:12.0Z,4,REGULAR,freethrow,1 of 3,['fromturnover'],201988,,,1610612751,86,88,2022-04-09T01:27:12Z,5140000,,,0,,P. Mills Free Throw 1 of 3 (4 PTS),[201988],1610612751.0,BKN,,,,Mills,P. Mills,,,,,,,,,,,,Made,,,,,,,4.0,,,,,
516,PT11M05.00S,2022-04-09T01:27:32.6Z,4,REGULAR,freethrow,2 of 3,['fromturnover'],201988,,,1610612751,86,88,2022-04-09T01:27:32Z,5150000,,,0,,MISS P. Mills Free Throw 2 of 3,[201988],1610612751.0,BKN,,,,Mills,P. Mills,,,,,,,,,,,,Missed,,,,,,,,,,,,
517,PT11M05.00S,2022-04-09T01:27:32.6Z,4,REGULAR,rebound,offensive,"['deadball', 'team']",0,,,1610612751,86,88,2022-04-09T01:27:32Z,5160000,,,0,,TEAM offensive REBOUND,[],1610612751.0,BKN,,,,,,,,,,,,,,,,,,516.0,,,,,,,,,,,
518,PT11M05.00S,2022-04-09T01:27:33.3Z,4,REGULAR,substitution,out,[],1629651,,,1610612751,86,88,2022-04-09T01:27:40Z,5170000,,,0,,SUB out: N. Claxton,[1629651],1610612751.0,BKN,,,,Claxton,N. Claxton,,,,,,,,,,,,,,,,,,,,,,,,
519,PT11M05.00S,2022-04-09T01:27:33.3Z,4,REGULAR,substitution,out,[],1627747,,,1610612751,86,88,2022-04-09T01:27:40Z,5180000,,,0,,SUB out: C. LeVert,[1627747],1610612739.0,CLE,,,,LeVert,C. LeVert,,,,,,,,,,,,,,,,,,,,,,,,
520,PT11M05.00S,2022-04-09T01:27:33.3Z,4,REGULAR,substitution,in,[],203083,,,1610612751,86,88,2022-04-09T01:27:40Z,5190000,,,0,,SUB in: A. Drummond,[203083],1610612751.0,BKN,,,,Drummond,A. Drummond,,,,,,,,,,,,,,,,,,,,,,,,
521,PT11M05.00S,2022-04-09T01:27:33.3Z,4,REGULAR,substitution,in,[],1630596,,,1610612751,86,88,2022-04-09T01:27:40Z,5200000,,,0,,SUB in: E. Mobley,[1630596],1610612739.0,CLE,,,,Mobley,E. Mobley,,,,,,,,,,,,,,,,,,,,,,,,
522,PT11M05.00S,2022-04-09T01:27:52.3Z,4,REGULAR,freethrow,3 of 3,['fromturnover'],201988,,,1610612751,87,88,2022-04-09T01:27:52Z,5210000,,,0,,P. Mills Free Throw 3 of 3 (5 PTS),[201988],1610612751.0,BKN,,,,Mills,P. Mills,,,,,,,,,,,,Made,,,,,,,5.0,,,,,
523,PT10M48.00S,2022-04-09T01:28:12.6Z,4,REGULAR,3pt,Jump Shot,[],201567,90.88370565045992,94.6078431372549,1610612739,87,91,2022-04-09T01:28:16Z,5220000,223.0,33.0,1,right,K. Love 3PT  (10 PTS) (R. Rondo 4 AST),"[201567, 200765]",1610612739.0,CLE,,,,Love,K. Love,,,,,,,,,,,22.55,Made,,,,,,,10.0,R. Rondo,200765.0,4.0,,
525,PT10M28.00S,2022-04-09T01:28:33.3Z,4,REGULAR,2pt,Layup,['pointsinthepaint'],203083,7.046649145860711,41.911764705882355,1610612751,87,91,2022-04-09T01:28:39Z,5240000,40.0,14.0,1,left,MISS A. Drummond Layup - blocked,"[203083, 201567]",1610612751.0,BKN,,,,Drummond,A. Drummond,,,,,,,,,,,4.27,Missed,,,,,Love,201567.0,,,,,,
526,PT10M28.00S,2022-04-09T01:28:33.3Z,4,REGULAR,block,,[],201567,,,1610612751,87,91,2022-04-09T01:28:36Z,5250000,,,0,,K. Love BLOCK (1 BLK),[201567],1610612739.0,CLE,,,,Love,K. Love,,,,,,,,,,,,,,,,,,,,,,,,
527,PT10M28.00S,2022-04-09T01:28:33.3Z,4,REGULAR,rebound,offensive,['team'],0,,,1610612751,87,91,2022-04-09T01:28:39Z,5260000,,,0,,TEAM offensive REBOUND,[],1610612751.0,BKN,,,,,,,,,,,,,,,,,,525.0,,,,,,,,,,,
528,PT10M28.00S,2022-04-09T01:28:38.5Z,4,REGULAR,stoppage,out-of-bounds,[],0,,,1610612751,87,91,2022-04-09T01:28:38Z,5270000,,,0,,,[],,,,,,,,,,,,,,,,,,,,,,,,,,,,,,,
529,PT10M28.00S,2022-04-09T01:28:42.8Z,4,REGULAR,substitution,out,[],203552,,,1610612751,87,91,2022-04-09T01:28:50Z,5280000,,,0,,SUB out: S. Curry,[203552],1610612751.0,BKN,,,,Curry,S. Curry,,,,,,,,,,,,,,,,,,,,,,,,
530,PT10M28.00S,2022-04-09T01:28:42.8Z,4,REGULAR,substitution,in,[],201142,,,1610612751,87,91,2022-04-09T01:28:50Z,5290000,,,0,,SUB in: K. Durant,[201142],1610612751.0,BKN,,,,Durant,K. Durant,,,,,,,,,,,,,,,,,,,,,,,,
531,PT10M21.00S,2022-04-09T01:29:09.0Z,4,REGULAR,2pt,DUNK,"['pointsinthepaint', '2ndchance']",1630556,8.492115637319317,52.20588235294118,1610612751,89,91,2022-04-09T01:29:12Z,5300000,-11.0,27.0,1,left,K. Edwards cutting DUNK (7 PTS) (A. Drummond 1 AST),"[1630556, 203083]",1610612751.0,BKN,cutting,,,Edwards,K. Edwards,,,,,,,,,,,2.94,Made,,,,,,,7.0,A. Drummond,203083.0,1.0,,
533,PT10M11.00S,2022-04-09T01:29:17.7Z,4,REGULAR,3pt,Jump Shot,[],201567,71.82982917214193,77.45098039215686,1610612739,89,91,2022-04-09T01:29:22Z,5320000,137.0,212.0,1,right,MISS K. Love 25' 3PT,[201567],1610612739.0,CLE,,,,Love,K. Love,,,,,,,,,,,25.28,Missed,,,,,,,,,,,,
534,PT10M09.00S,2022-04-09T01:29:19.7Z,4,REGULAR,rebound,defensive,[],1630556,,,1610612751,89,91,2022-04-09T01:29:22Z,5330000,,,0,,K. Edwards REBOUND (Off:2 Def:2),[1630556],1610612751.0,BKN,,,,Edwards,K. Edwards,,,,,,,,,,,,,533.0,4.0,2.0,2.0,,,,,,,,
535,PT09M57.00S,2022-04-09T01:29:32.4Z,4,REGULAR,2pt,Jump Shot,['pointsinthepaint'],202681,19.267411300919843,34.80392156862745,1610612751,89,91,2022-04-09T01:29:36Z,5340000,76.0,129.0,1,left,MISS K. Irving 14' pullup Shot,[202681],1610612751.0,BKN,pullup,,,Irving,K. Irving,,,,,,,,,,,14.94,Missed,,,,,,,,,,,,
536,PT09M55.00S,2022-04-09T01:29:34.4Z,4,REGULAR,rebound,defensive,[],200765,,,1610612739,89,91,2022-04-09T01:29:36Z,5350000,,,0,,R. Rondo REBOUND (Off:1 Def:1),[200765],1610612739.0,CLE,,,,Rondo,R. Rondo,,,,,,,,,,,,,535.0,2.0,1.0,1.0,,,,,,,,
537,PT09M52.00S,2022-04-09T01:29:37.5Z,4,REGULAR,2pt,Layup,"['pointsinthepaint', 'fastbreak']",1626224,94.03745072273325,53.92156862745098,1610612739,89,93,2022-04-09T01:29:43Z,5360000,20.0,4.0,1,right,C. Osman running Layup (9 PTS) (R. Rondo 5 AST),"[1626224, 200765]",1610612739.0,CLE,running,,,Osman,C. Osman,,,,,,,,,,,1.99,Made,,,,,,,9.0,R. Rondo,200765.0,5.0,,
539,PT09M35.00S,2022-04-09T01:29:53.5Z,4,REGULAR,2pt,DUNK,['pointsinthepaint'],1630556,5.732588699080158,56.127450980392155,1610612751,89,93,2022-04-09T01:30:00Z,5380000,-31.0,1.0,1,left,MISS K. Edwards cutting DUNK - blocked,"[1630556, 1630596]",1610612751.0,BKN,cutting,,,Edwards,K. Edwards,,,,,,,,,,,3.06,Missed,,,,,Mobley,1630596.0,,,,,,
540,PT09M35.00S,2022-04-09T01:29:53.5Z,4,REGULAR,block,,[],1630596,,,1610612751,89,93,2022-04-09T01:30:00Z,5390000,,,0,,E. Mobley BLOCK (2 BLK),[1630596],1610612739.0,CLE,,,,Mobley,E. Mobley,,,,,,,,,,,,,,,,,,,,,,,,
541,PT09M32.00S,2022-04-09T01:29:56.5Z,4,REGULAR,rebound,defensive,[],201567,,,1610612739,89,93,2022-04-09T01:30:00Z,5400000,,,0,,K. Love REBOUND (Off:4 Def:5),[201567],1610612739.0,CLE,,,,Love,K. Love,,,,,,,,,,,,,539.0,9.0,5.0,4.0,,,,,,,,
542,PT09M27.00S,2022-04-09T01:30:01.6Z,4,REGULAR,turnover,bad pass,[],200765,,,1610612739,89,93,2022-04-09T01:30:04Z,5410000,,,0,,R. Rondo bad pass TURNOVER (1 TO),"[200765, 202681]",1610612739.0,CLE,,,,Rondo,R. Rondo,,,,,,,,,,1.0,,,,,,,,,,,,,Irving,202681.0
543,PT09M27.00S,2022-04-09T01:30:01.6Z,4,REGULAR,steal,,[],202681,,,1610612751,89,93,2022-04-09T01:30:03Z,5420000,,,0,,K. Irving STEAL (1 STL),[202681],1610612751.0,BKN,,,,Irving,K. Irving,,,,,,,,,,,,,,,,,,,,,,,,
544,PT09M27.00S,2022-04-09T01:30:08.4Z,4,REGULAR,foul,personal,[],200765,,,1610612751,89,93,2022-04-09T01:30:14Z,5430000,,,0,,R. Rondo take personal FOUL (1 PF),"[200765, 202681]",1610612739.0,CLE,take,,,Rondo,R. Rondo,,,,,1198.0,1.0,0.0,Irving,202681.0,,,,,,,,,,,,,,,
546,PT09M16.00S,2022-04-09T01:30:36.0Z,4,REGULAR,3pt,Jump Shot,['fromturnover'],201988,7.30946123521682,2.941176470588235,1610612751,92,93,2022-04-09T01:30:39Z,5450000,235.0,16.0,1,left,P. Mills 3PT  (8 PTS) (K. Irving 6 AST),"[201988, 202681]",1610612751.0,BKN,,,,Mills,P. Mills,,,,,,,,,,,23.59,Made,,,,,,,8.0,K. Irving,202681.0,6.0,,
549,PT09M00.00S,2022-04-09T01:30:51.3Z,4,REGULAR,2pt,Layup,['pointsinthepaint'],201567,92.06636005256242,41.911764705882355,1610612739,92,93,2022-04-09T01:30:58Z,5480000,-40.0,22.0,1,right,MISS K. Love cutting Layup,[201567],1610612739.0,CLE,cutting,,,Love,K. Love,,,,,,,,,,,4.6,Missed,,,,,,,,,,,,
550,PT08M58.00S,2022-04-09T01:30:53.3Z,4,REGULAR,rebound,offensive,[],1630596,,,1610612739,92,93,2022-04-09T01:31:36Z,5490000,,,0,,E. Mobley REBOUND (Off:3 Def:3),[1630596],1610612739.0,CLE,,,,Mobley,E. Mobley,,,,,,,,,,,,,549.0,6.0,3.0,3.0,,,,,,,,
551,PT08M58.00S,2022-04-09T01:30:56.9Z,4,REGULAR,2pt,Layup,"['2ndchance', 'pointsinthepaint']",1630596,94.40999984741211,50.0,1610612739,92,93,2022-04-09T01:31:43Z,5500000,0.0,0.0,1,right,MISS E. Mobley tip Layup,[1630596],1610612739.0,CLE,tip,,,Mobley,E. Mobley,,,,,,,,,,,0.0,Missed,,,,,,,,,,,,
552,PT08M57.00S,2022-04-09T01:30:57.9Z,4,REGULAR,rebound,offensive,[],1630596,,,1610612739,92,93,2022-04-09T01:31:43Z,5510000,,,0,,E. Mobley REBOUND (Off:4 Def:3),[1630596],1610612739.0,CLE,,,,Mobley,E. Mobley,,,,,,,,,,,,,551.0,7.0,3.0,4.0,,,,,,,,
553,PT08M56.00S,2022-04-09T01:30:59.0Z,4,REGULAR,2pt,Layup,"['2ndchance', 'pointsinthepaint']",1630596,94.40999984741211,50.0,1610612739,92,93,2022-04-09T01:31:50Z,5520000,0.0,0.0,1,right,MISS E. Mobley tip Layup,[1630596],1610612739.0,CLE,tip,,,Mobley,E. Mobley,,,,,,,,,,,0.0,Missed,,,,,,,,,,,,
554,PT08M55.00S,2022-04-09T01:31:00.0Z,4,REGULAR,rebound,defensive,[],203083,,,1610612751,92,93,2022-04-09T01:31:50Z,5530000,,,0,,A. Drummond REBOUND (Off:2 Def:5),[203083],1610612751.0,BKN,,,,Drummond,A. Drummond,,,,,,,,,,,,,553.0,7.0,5.0,2.0,,,,,,,,
555,PT08M52.00S,2022-04-09T01:31:01.4Z,4,REGULAR,3pt,Jump Shot,['fastbreak'],201142,29.517082785808146,29.65686274509804,1610612751,95,93,2022-04-09T01:31:53Z,5540000,102.0,225.0,1,left,K. Durant 24' 3PT pullup (33 PTS) (K. Irving 7 AST),"[201142, 202681]",1610612751.0,BKN,pullup,,,Durant,K. Durant,,,,,,,,,,,24.69,Made,,,,,,,33.0,K. Irving,202681.0,7.0,,
556,PT08M51.00S,2022-04-09T01:31:08.5Z,4,REGULAR,timeout,full,"['team', 'mandatory']",0,,,1610612739,95,93,2022-04-09T01:31:08Z,5550000,,,0,,CLE Timeout,[],1610612739.0,CLE,,,,,,,,,,,,,,,,,,,,,,,,,,,,,
558,PT08M51.00S,2022-04-09T01:33:22.9Z,4,REGULAR,substitution,out,[],201567,,,1610612739,95,93,2022-04-09T01:33:42Z,5560000,,,0,,SUB out: K. Love,[201567],1610612739.0,CLE,,,,Love,K. Love,,,,,,,,,,,,,,,,,,,,,,,,
559,PT08M51.00S,2022-04-09T01:33:22.9Z,4,REGULAR,substitution,out,[],200765,,,1610612739,95,93,2022-04-09T01:33:42Z,5570000,,,0,,SUB out: R. Rondo,[200765],1610612739.0,CLE,,,,Rondo,R. Rondo,,,,,,,,,,,,,,,,,,,,,,,,
560,PT08M51.00S,2022-04-09T01:33:22.9Z,4,REGULAR,substitution,in,[],1628374,,,1610612739,95,93,2022-04-09T01:33:42Z,5580000,,,0,,SUB in: L. Markkanen,[1628374],1610612739.0,CLE,,,,Markkanen,L. Markkanen,,,,,,,,,,,,,,,,,,,,,,,,
561,PT08M51.00S,2022-04-09T01:33:22.9Z,4,REGULAR,substitution,in,[],1629636,,,1610612739,95,93,2022-04-09T01:33:42Z,5590000,,,0,,SUB in: D. Garland,[1629636],1610612739.0,CLE,,,,Garland,D. Garland,,,,,,,,,,,,,,,,,,,,,,,,
562,PT08M36.00S,2022-04-09T01:34:20.4Z,4,REGULAR,2pt,Jump Shot,['pointsinthepaint'],1629636,86.5473061760841,49.26470588235294,1610612739,95,93,2022-04-09T01:34:23Z,5600000,-4.0,74.0,1,right,MISS D. Garland 7' driving floating Shot,[1629636],1610612739.0,CLE,driving floating,,,Garland,D. Garland,,,,,,,,,,,7.41,Missed,,,,,,,,,,,,
563,PT08M34.00S,2022-04-09T01:34:22.4Z,4,REGULAR,rebound,defensive,[],203083,,,1610612751,95,93,2022-04-09T01:34:23Z,5610000,,,0,,A. Drummond REBOUND (Off:2 Def:6),[203083],1610612751.0,BKN,,,,Drummond,A. Drummond,,,,,,,,,,,,,562.0,8.0,6.0,2.0,,,,,,,,
564,PT08M14.00S,2022-04-09T01:34:41.8Z,4,REGULAR,2pt,DUNK,['pointsinthepaint'],203083,8.886333771353483,44.6078431372549,1610612751,97,93,2022-04-09T01:34:46Z,5620000,27.0,31.0,1,left,A. Drummond driving DUNK (9 PTS),[203083],1610612751.0,BKN,driving,,,Drummond,A. Drummond,,,,,,,,,,,4.11,Made,,,,,,,9.0,,,,,
565,PT08M00.00S,2022-04-09T01:34:55.6Z,4,REGULAR,3pt,Jump Shot,[],1630171,91.67214191852825,97.05882352941177,1610612739,97,93,2022-04-09T01:34:58Z,5630000,235.0,26.0,1,right,MISS I. Okoro 3PT,[1630171],1610612739.0,CLE,,,,Okoro,I. Okoro,,,,,,,,,,,23.67,Missed,,,,,,,,,,,,
566,PT07M58.00S,2022-04-09T01:34:57.6Z,4,REGULAR,rebound,defensive,[],201142,,,1610612751,97,93,2022-04-09T01:34:58Z,5640000,,,0,,K. Durant REBOUND (Off:1 Def:4),[201142],1610612751.0,BKN,,,,Durant,K. Durant,,,,,,,,,,,,,565.0,5.0,4.0,1.0,,,,,,,,
567,PT07M44.00S,2022-04-09T01:35:12.5Z,4,REGULAR,2pt,Jump Shot,['pointsinthepaint'],1630556,12.171484888304862,49.26470588235294,1610612751,97,93,2022-04-09T01:35:16Z,5650000,4.0,62.0,1,left,MISS K. Edwards 6' floating Shot,[1630556],1610612751.0,BKN,floating,,,Edwards,K. Edwards,,,,,,,,,,,6.2,Missed,,,,,,,,,,,,
568,PT07M42.00S,2022-04-09T01:35:14.5Z,4,REGULAR,rebound,defensive,[],1626224,,,1610612739,97,93,2022-04-09T01:35:16Z,5660000,,,0,,C. Osman REBOUND (Off:0 Def:2),[1626224],1610612739.0,CLE,,,,Osman,C. Osman,,,,,,,,,,,,,567.0,2.0,2.0,0.0,,,,,,,,
569,PT07M32.00S,2022-04-09T01:35:24.2Z,4,REGULAR,turnover,lost ball,[],1629636,,,1610612739,97,93,2022-04-09T01:35:27Z,5670000,,,0,,D. Garland lost ball TURNOVER (2 TO),"[1629636, 202681]",1610612739.0,CLE,,,,Garland,D. Garland,,,,,,,,,,2.0,,,,,,,,,,,,,Irving,202681.0
570,PT07M32.00S,2022-04-09T01:35:24.2Z,4,REGULAR,steal,,[],202681,,,1610612751,97,93,2022-04-09T01:35:26Z,5680000,,,0,,K. Irving STEAL (2 STL),[202681],1610612751.0,BKN,,,,Irving,K. Irving,,,,,,,,,,,,,,,,,,,,,,,,
571,PT07M29.00S,2022-04-09T01:35:28.8Z,4,REGULAR,foul,personal,['2freethrow'],1626224,,,1610612751,97,93,2022-04-09T01:35:39Z,5690000,,,0,,C. Osman shooting personal FOUL (2 PF) (Irving 2 FT),"[1626224, 202681]",1610612739.0,CLE,shooting,,,Osman,C. Osman,,,,,2715.0,2.0,1.0,Irving,202681.0,,,,,,,,,,,,,,,
573,PT07M29.00S,2022-04-09T01:36:02.2Z,4,REGULAR,freethrow,1 of 2,"['fromturnover', 'fastbreak']",202681,,,1610612751,98,93,2022-04-09T01:36:02Z,5710000,,,0,,K. Irving Free Throw 1 of 2 (15 PTS),[202681],1610612751.0,BKN,,,,Irving,K. Irving,,,,,,,,,,,,Made,,,,,,,15.0,,,,,
574,PT07M29.00S,2022-04-09T01:36:03.4Z,4,REGULAR,substitution,out,[],1626224,,,1610612751,98,93,2022-04-09T01:36:05Z,5720000,,,0,,SUB out: C. Osman,[1626224],1610612739.0,CLE,,,,Osman,C. Osman,,,,,,,,,,,,,,,,,,,,,,,,
575,PT07M29.00S,2022-04-09T01:36:03.4Z,4,REGULAR,substitution,in,[],1627747,,,1610612751,98,93,2022-04-09T01:36:05Z,5730000,,,0,,SUB in: C. LeVert,[1627747],1610612739.0,CLE,,,,LeVert,C. LeVert,,,,,,,,,,,,,,,,,,,,,,,,
576,PT07M29.00S,2022-04-09T01:36:26.9Z,4,REGULAR,freethrow,2 of 2,"['fastbreak', 'fromturnover']",202681,,,1610612751,99,93,2022-04-09T01:36:26Z,5740000,,,0,,K. Irving Free Throw 2 of 2 (16 PTS),[202681],1610612751.0,BKN,,,,Irving,K. Irving,,,,,,,,,,,,Made,,,,,,,16.0,,,,,
577,PT07M11.00S,2022-04-09T01:36:46.0Z,4,REGULAR,2pt,Jump Shot,['pointsinthepaint'],1629636,86.67871222076215,49.01960784313725,1610612739,99,95,2022-04-09T01:36:48Z,5750000,-5.0,73.0,1,right,D. Garland 7' floating Jump Shot (29 PTS),[1629636],1610612739.0,CLE,floating,,,Garland,D. Garland,,,,,,,,,,,7.29,Made,,,,,,,29.0,,,,,
578,PT06M59.00S,2022-04-09T01:36:57.8Z,4,REGULAR,turnover,lost ball,[],202681,,,1610612751,99,95,2022-04-09T01:37:02Z,5760000,,,0,,K. Irving lost ball TURNOVER (2 TO),"[202681, 1630596]",1610612751.0,BKN,,,,Irving,K. Irving,,,,,,,,,,2.0,,,,,,,,,,,,,Mobley,1630596.0
579,PT06M59.00S,2022-04-09T01:36:57.8Z,4,REGULAR,steal,,[],1630596,,,1610612739,99,95,2022-04-09T01:37:57Z,5770000,,,0,,E. Mobley STEAL (2 STL),[1630596],1610612739.0,CLE,,,,Mobley,E. Mobley,,,,,,,,,,,,,,,,,,,,,,,,
580,PT06M55.00S,2022-04-09T01:37:02.5Z,4,REGULAR,2pt,DUNK,"['pointsinthepaint', 'fromturnover', 'fastbreak']",1628374,90.75229960578186,42.64705882352941,1610612739,99,97,2022-04-09T01:37:08Z,5780000,-37.0,34.0,1,right,L. Markkanen running DUNK (17 PTS),[1628374],1610612739.0,CLE,running,,,Markkanen,L. Markkanen,,,,,,,,,,,5.04,Made,,,,,,,17.0,,,,,
581,PT06M51.00S,2022-04-09T01:37:12.3Z,4,REGULAR,timeout,full,"['team', 'mandatory']",0,,,1610612751,99,97,2022-04-09T01:37:12Z,5790000,,,0,,BKN Timeout,[],1610612751.0,BKN,,,,,,,,,,,,,,,,,,,,,,,,,,,,,
582,PT06M51.00S,2022-04-09T01:38:56.9Z,4,REGULAR,substitution,out,[],1630556,,,1610612751,99,97,2022-04-09T01:39:45Z,5800000,,,0,,SUB out: K. Edwards,[1630556],1610612751.0,BKN,,,,Edwards,K. Edwards,,,,,,,,,,,,,,,,,,,,,,,,
583,PT06M51.00S,2022-04-09T01:38:56.9Z,4,REGULAR,substitution,in,[],1628971,,,1610612751,99,97,2022-04-09T01:39:45Z,5810000,,,0,,SUB in: B. Brown,[1628971],1610612751.0,BKN,,,,Brown,B. Brown,,,,,,,,,,,,,,,,,,,,,,,,
584,PT06M31.00S,2022-04-09T01:40:21.5Z,4,REGULAR,3pt,Jump Shot,[],201142,32.40801576872536,49.26470588235294,1610612751,102,97,2022-04-09T01:40:25Z,5820000,4.0,252.0,1,left,K. Durant 25' 3PT  (36 PTS) (B. Brown 8 AST),"[201142, 1628971]",1610612751.0,BKN,,,,Durant,K. Durant,,,,,,,,,,,25.21,Made,,,,,,,36.0,B. Brown,1628971.0,8.0,,
586,PT06M10.00S,2022-04-09T01:40:42.5Z,4,REGULAR,2pt,Jump Shot,['pointsinthepaint'],1627747,85.89027595269383,47.05882352941176,1610612739,102,97,2022-04-09T01:40:47Z,5840000,-15.0,80.0,1,right,MISS C. LeVert 8' Jump Shot,[1627747],1610612739.0,CLE,,,,LeVert,C. LeVert,,,,,,,,,,,8.14,Missed,,,,,,,,,,,,
587,PT06M08.00S,2022-04-09T01:40:44.5Z,4,REGULAR,rebound,defensive,[],203083,,,1610612751,102,97,2022-04-09T01:40:47Z,5850000,,,0,,A. Drummond REBOUND (Off:2 Def:7),[203083],1610612751.0,BKN,,,,Drummond,A. Drummond,,,,,,,,,,,,,586.0,9.0,7.0,2.0,,,,,,,,
588,PT05M47.00S,2022-04-09T01:41:04.0Z,4,REGULAR,3pt,Jump Shot,[],1628971,9.149145860709593,2.2058823529411766,1610612751,105,97,2022-04-09T01:41:07Z,5860000,239.0,34.0,1,left,B. Brown 24' 3PT  (16 PTS) (A. Drummond 2 AST),"[1628971, 203083]",1610612751.0,BKN,,,,Brown,B. Brown,,,,,,,,,,,24.13,Made,,,,,,,16.0,A. Drummond,203083.0,2.0,,
590,PT05M29.00S,2022-04-09T01:41:21.9Z,4,REGULAR,2pt,Jump Shot,[],1628374,73.80091984231275,67.8921568627451,1610612739,105,97,2022-04-09T01:43:07Z,5880000,89.0,194.0,1,right,MISS L. Markkanen 21' step back Shot,[1628374],1610612739.0,CLE,step back,,,Markkanen,L. Markkanen,,,,,,,,,,,21.35,Missed,,,,,,,,,,,,
591,PT05M28.00S,2022-04-09T01:41:22.9Z,4,REGULAR,rebound,defensive,[],1628971,,,1610612751,105,97,2022-04-09T01:41:25Z,5890000,,,0,,B. Brown REBOUND (Off:4 Def:5),[1628971],1610612751.0,BKN,,,,Brown,B. Brown,,,,,,,,,,,,,590.0,9.0,5.0,4.0,,,,,,,,
592,PT05M14.00S,2022-04-09T01:41:37.3Z,4,REGULAR,3pt,Jump Shot,[],202681,31.488173455978973,59.55882352941176,1610612751,105,97,2022-04-09T01:41:43Z,5900000,-48.0,243.0,1,left,MISS K. Irving 24' 3PT,[202681],1610612751.0,BKN,,,,Irving,K. Irving,,,,,,,,,,,24.81,Missed,,,,,,,,,,,,
593,PT05M12.00S,2022-04-09T01:41:39.3Z,4,REGULAR,rebound,defensive,[],1627747,,,1610612739,105,97,2022-04-09T01:41:43Z,5910000,,,0,,C. LeVert REBOUND (Off:0 Def:4),[1627747],1610612739.0,CLE,,,,LeVert,C. LeVert,,,,,,,,,,,,,592.0,4.0,4.0,0.0,,,,,,,,
594,PT05M12.00S,2022-04-09T01:41:44.6Z,4,REGULAR,foul,personal,[],1628971,,,1610612739,105,97,2022-04-09T01:41:49Z,5920000,,,0,,B. Brown personal FOUL (3 PF),"[1628971, 1627747]",1610612751.0,BKN,,,,Brown,B. Brown,,,,,202049.0,3.0,0.0,LeVert,1627747.0,,,,,,,,,,,,,,,
596,PT05M12.00S,2022-04-09T01:42:01.2Z,4,REGULAR,timeout,full,['team'],0,,,1610612739,105,97,2022-04-09T01:42:01Z,5940000,,,0,,CLE Timeout,[],1610612739.0,CLE,,,,,,,,,,,,,,,,,,,,,,,,,,,,,
597,PT05M12.00S,2022-04-09T01:42:03.9Z,4,REGULAR,substitution,out,[],201988,,,1610612739,105,97,2022-04-09T01:43:19Z,5950000,,,0,,SUB out: P. Mills,[201988],1610612751.0,BKN,,,,Mills,P. Mills,,,,,,,,,,,,,,,,,,,,,,,,
598,PT05M12.00S,2022-04-09T01:42:03.9Z,4,REGULAR,substitution,in,[],203552,,,1610612739,105,97,2022-04-09T01:43:19Z,5960000,,,0,,SUB in: S. Curry,[203552],1610612751.0,BKN,,,,Curry,S. Curry,,,,,,,,,,,,,,,,,,,,,,,,
599,PT04M58.00S,2022-04-09T01:43:49.7Z,4,REGULAR,2pt,Jump Shot,['pointsinthepaint'],1627747,83.919185282523,48.77450980392157,1610612739,105,97,2022-04-09T01:43:53Z,5970000,-6.0,99.0,1,right,MISS C. LeVert 9' pullup Shot,[1627747],1610612739.0,CLE,pullup,,,LeVert,C. LeVert,,,,,,,,,,,9.89,Missed,,,,,,,,,,,,
600,PT04M55.00S,2022-04-09T01:43:52.7Z,4,REGULAR,rebound,defensive,[],1628971,,,1610612751,105,97,2022-04-09T01:43:53Z,5980000,,,0,,B. Brown REBOUND (Off:4 Def:6),[1628971],1610612751.0,BKN,,,,Brown,B. Brown,,,,,,,,,,,,,599.0,10.0,6.0,4.0,,,,,,,,
601,PT04M34.00S,2022-04-09T01:44:14.0Z,4,REGULAR,2pt,Jump Shot,['pointsinthepaint'],202681,9.543363994743759,44.6078431372549,1610612751,107,97,2022-04-09T01:44:19Z,5990000,27.0,37.0,1,left,K. Irving driving floating Jump Shot (18 PTS),[202681],1610612751.0,BKN,driving floating,,,Irving,K. Irving,,,,,,,,,,,4.6,Made,,,,,,,18.0,,,,,
603,PT04M25.00S,2022-04-09T01:44:21.8Z,4,REGULAR,2pt,DUNK,['pointsinthepaint'],1630596,91.01511169513797,46.568627450980394,1610612739,107,99,2022-04-09T01:44:25Z,6010000,-17.0,32.0,1,right,E. Mobley alley-oop DUNK (15 PTS) (D. Garland 3 AST),"[1630596, 1629636]",1610612739.0,CLE,alley-oop,,,Mobley,E. Mobley,,,,,,,,,,,3.63,Made,,,,,,,15.0,D. Garland,1629636.0,3.0,,
605,PT04M10.00S,2022-04-09T01:44:37.4Z,4,REGULAR,2pt,Layup,['pointsinthepaint'],202681,6.258212877792378,36.76470588235294,1610612751,107,99,2022-04-09T01:44:42Z,6030000,66.0,6.0,1,left,MISS K. Irving 6' driving Layup,[202681],1610612751.0,BKN,driving,,,Irving,K. Irving,,,,,,,,,,,6.65,Missed,,,,,,,,,,,,
606,PT04M07.00S,2022-04-09T01:44:39.7Z,4,REGULAR,rebound,offensive,[],203083,,,1610612751,107,99,2022-04-09T01:44:39Z,6040000,,,0,,A. Drummond REBOUND (Off:3 Def:7),[203083],1610612751.0,BKN,,,,Drummond,A. Drummond,,,,,,,,,,,,,605.0,10.0,7.0,3.0,,,,,,,,
607,PT04M06.00S,2022-04-09T01:44:40.2Z,4,REGULAR,2pt,Layup,"['pointsinthepaint', '2ndchance']",203083,6.521024967148489,44.11764705882353,1610612751,109,99,2022-04-09T01:44:46Z,6050000,29.0,9.0,1,left,A. Drummond putback Layup (11 PTS),[203083],1610612751.0,BKN,putback,,,Drummond,A. Drummond,,,,,,,,,,,3.07,Made,,,,,,,11.0,,,,,
608,PT03M58.00S,2022-04-09T01:44:48.5Z,4,REGULAR,2pt,Layup,['pointsinthepaint'],1629636,86.81011826544021,49.01960784313725,1610612739,109,99,2022-04-09T01:44:55Z,6060000,-5.0,71.0,1,right,MISS D. Garland 7' driving Layup - blocked,"[1629636, 203083]",1610612739.0,CLE,driving,,,Garland,D. Garland,,,,,,,,,,,7.17,Missed,,,,,Drummond,203083.0,,,,,,
609,PT03M58.00S,2022-04-09T01:44:48.5Z,4,REGULAR,block,,[],203083,,,1610612739,109,99,2022-04-09T01:44:50Z,6070000,,,0,,A. Drummond BLOCK (1 BLK),[203083],1610612751.0,BKN,,,,Drummond,A. Drummond,,,,,,,,,,,,,,,,,,,,,,,,
610,PT03M54.00S,2022-04-09T01:44:52.5Z,4,REGULAR,rebound,defensive,[],202681,,,1610612751,109,99,2022-04-09T01:44:55Z,6080000,,,0,,K. Irving REBOUND (Off:0 Def:6),[202681],1610612751.0,BKN,,,,Irving,K. Irving,,,,,,,,,,,,,608.0,6.0,6.0,0.0,,,,,,,,
611,PT03M39.00S,2022-04-09T01:45:07.5Z,4,REGULAR,3pt,Jump Shot,[],203552,8.360709592641262,95.34313725490196,1610612751,112,99,2022-04-09T01:45:11Z,6090000,-227.0,26.0,1,left,S. Curry 3PT  (12 PTS) (K. Irving 8 AST),"[203552, 202681]",1610612751.0,BKN,,,,Curry,S. Curry,,,,,,,,,,,22.82,Made,,,,,,,12.0,K. Irving,202681.0,8.0,,
613,PT03M39.00S,2022-04-09T01:45:17.2Z,4,REGULAR,timeout,full,['team'],0,,,1610612739,112,99,2022-04-09T01:45:17Z,6110000,,,0,,CLE Timeout,[],1610612739.0,CLE,,,,,,,,,,,,,,,,,,,,,,,,,,,,,
614,PT03M39.00S,2022-04-09T01:47:23.1Z,4,REGULAR,substitution,out,[],1630171,,,1610612739,112,99,2022-04-09T01:47:26Z,6120000,,,0,,SUB out: I. Okoro,[1630171],1610612739.0,CLE,,,,Okoro,I. Okoro,,,,,,,,,,,,,,,,,,,,,,,,
615,PT03M39.00S,2022-04-09T01:47:23.1Z,4,REGULAR,substitution,in,[],1626224,,,1610612739,112,99,2022-04-09T01:47:26Z,6130000,,,0,,SUB in: C. Osman,[1626224],1610612739.0,CLE,,,,Osman,C. Osman,,,,,,,,,,,,,,,,,,,,,,,,
616,PT03M26.00S,2022-04-09T01:47:47.3Z,4,REGULAR,2pt,DUNK,['pointsinthepaint'],1630596,91.27792378449409,42.8921568627451,1610612739,112,101,2022-04-09T01:47:50Z,6140000,-36.0,29.0,1,right,E. Mobley DUNK (17 PTS) (C. LeVert 4 AST),"[1630596, 1627747]",1610612739.0,CLE,,,,Mobley,E. Mobley,,,,,,,,,,,4.62,Made,,,,,,,17.0,C. LeVert,1627747.0,4.0,,
618,PT02M59.00S,2022-04-09T01:48:14.2Z,4,REGULAR,2pt,DUNK,['pointsinthepaint'],203083,7.5722733245729295,42.8921568627451,1610612751,114,101,2022-04-09T01:48:22Z,6160000,36.0,19.0,1,left,A. Drummond DUNK (13 PTS) (S. Curry 4 AST),"[203083, 203552]",1610612751.0,BKN,,,,Drummond,A. Drummond,,,,,,,,,,,4.01,Made,,,,,,,13.0,S. Curry,203552.0,4.0,,
620,PT02M50.00S,2022-04-09T01:48:23.3Z,4,REGULAR,3pt,Jump Shot,[],1628374,76.42904073587385,10.049019607843137,1610612739,114,101,2022-04-09T01:48:27Z,6180000,-200.0,169.0,1,right,MISS L. Markkanen 26' 3PT,[1628374],1610612739.0,CLE,,,,Markkanen,L. Markkanen,,,,,,,,,,,26.18,Missed,,,,,,,,,,,,
621,PT02M48.00S,2022-04-09T01:48:25.3Z,4,REGULAR,rebound,defensive,['team'],0,,,1610612751,114,101,2022-04-09T01:48:27Z,6190000,,,0,,TEAM defensive REBOUND,[],1610612751.0,BKN,,,,,,,,,,,,,,,,,,620.0,,,,,,,,,,,
622,PT02M48.00S,2022-04-09T01:48:28.4Z,4,REGULAR,stoppage,out-of-bounds,[],0,,,1610612751,114,101,2022-04-09T01:48:28Z,6200000,,,0,,,[],,,,,,,,,,,,,,,,,,,,,,,,,,,,,,,
623,PT02M27.00S,2022-04-09T01:48:54.2Z,4,REGULAR,2pt,Jump Shot,[],202681,5.469776609724048,16.666666666666664,1610612751,114,101,2022-04-09T01:49:00Z,6210000,167.0,-1.0,1,left,MISS K. Irving 16' fadeaway Shot,[202681],1610612751.0,BKN,fadeaway,,,Irving,K. Irving,,,,,,,,,,,16.67,Missed,,,,,,,,,,,,
624,PT02M23.00S,2022-04-09T01:48:58.2Z,4,REGULAR,rebound,offensive,[],203083,,,1610612751,114,101,2022-04-09T01:49:00Z,6220000,,,0,,A. Drummond REBOUND (Off:4 Def:7),[203083],1610612751.0,BKN,,,,Drummond,A. Drummond,,,,,,,,,,,,,623.0,11.0,7.0,4.0,,,,,,,,
625,PT02M21.00S,2022-04-09T01:49:00.0Z,4,REGULAR,3pt,Jump Shot,['2ndchance'],203552,33.85348226018397,33.088235294117645,1610612751,114,101,2022-04-09T01:49:21Z,6230000,85.0,266.0,1,left,MISS S. Curry 27' pullup 3PT,[203552],1610612751.0,BKN,pullup,,,Curry,S. Curry,,,,,,,,,,,27.88,Missed,,,,,,,,,,,,
626,PT02M19.00S,2022-04-09T01:49:02.0Z,4,REGULAR,rebound,offensive,['team'],0,,,1610612751,114,101,2022-04-09T01:49:04Z,6240000,,,0,,TEAM offensive REBOUND,[],1610612751.0,BKN,,,,,,,,,,,,,,,,,,625.0,,,,,,,,,,,
627,PT02M19.00S,2022-04-09T01:49:05.2Z,4,REGULAR,stoppage,out-of-bounds,[],0,,,1610612751,114,101,2022-04-09T01:49:05Z,6250000,,,0,,,[],,,,,,,,,,,,,,,,,,,,,,,,,,,,,,,
628,PT02M13.00S,2022-04-09T01:49:24.1Z,4,REGULAR,3pt,Jump Shot,['2ndchance'],201142,28.991458607095925,22.058823529411764,1610612751,114,101,2022-04-09T01:49:29Z,6260000,140.0,220.0,1,left,MISS K. Durant 26' pullup 3PT,[201142],1610612751.0,BKN,pullup,,,Durant,K. Durant,,,,,,,,,,,26.06,Missed,,,,,,,,,,,,
629,PT02M08.00S,2022-04-09T01:49:29.1Z,4,REGULAR,rebound,offensive,[],203083,,,1610612751,114,101,2022-04-09T01:49:29Z,6270000,,,0,,A. Drummond REBOUND (Off:5 Def:7),[203083],1610612751.0,BKN,,,,Drummond,A. Drummond,,,,,,,,,,,,,628.0,12.0,7.0,5.0,,,,,,,,
630,PT02M08.00S,2022-04-09T01:49:28.9Z,4,REGULAR,2pt,Layup,"['pointsinthepaint', '2ndchance']",203083,5.590000152587891,50.0,1610612751,116,101,2022-04-09T01:49:28Z,6280000,0.0,0.0,1,left,A. Drummond tip Layup (15 PTS),[203083],1610612751.0,BKN,tip,,,Drummond,A. Drummond,,,,,,,,,,,0.0,Made,,,,,,,15.0,,,,,
631,PT01M48.00S,2022-04-09T01:49:50.6Z,4,REGULAR,2pt,Jump Shot,['pointsinthepaint'],1627747,87.72996057818659,46.81372549019608,1610612739,116,103,2022-04-09T01:49:53Z,6290000,-16.0,63.0,1,right,C. LeVert 6' driving floating Jump Shot (16 PTS),[1627747],1610612739.0,CLE,driving floating,,,LeVert,C. LeVert,,,,,,,,,,,6.48,Made,,,,,,,16.0,,,,,
632,PT01M34.00S,2022-04-09T01:50:13.6Z,4,REGULAR,foul,personal,['2freethrow'],1630596,,,1610612751,116,103,2022-04-09T01:50:21Z,6300000,,,0,,E. Mobley shooting personal FOUL (2 PF) (Brown 2 FT),"[1630596, 1628971]",1610612739.0,CLE,shooting,,,Mobley,E. Mobley,,,,,202049.0,2.0,0.0,Brown,1628971.0,,,,,,,,,,,,,,,
634,PT01M34.00S,2022-04-09T01:50:34.3Z,4,REGULAR,freethrow,1 of 2,[],1628971,,,1610612751,117,103,2022-04-09T01:50:34Z,6320000,,,0,,B. Brown Free Throw 1 of 2 (17 PTS),[1628971],1610612751.0,BKN,,,,Brown,B. Brown,,,,,,,,,,,,Made,,,,,,,17.0,,,,,
635,PT01M34.00S,2022-04-09T01:50:48.5Z,4,REGULAR,freethrow,2 of 2,[],1628971,,,1610612751,118,103,2022-04-09T01:50:48Z,6330000,,,0,,B. Brown Free Throw 2 of 2 (18 PTS),[1628971],1610612751.0,BKN,,,,Brown,B. Brown,,,,,,,,,,,,Made,,,,,,,18.0,,,,,
636,PT01M24.00S,2022-04-09T01:51:01.5Z,4,REGULAR,2pt,Layup,['pointsinthepaint'],1629636,91.01511169513797,45.09803921568628,1610612739,118,105,2022-04-09T01:51:05Z,6340000,-25.0,32.0,1,right,D. Garland Layup (31 PTS),[1629636],1610612739.0,CLE,,,,Garland,D. Garland,,,,,,,,,,,4.03,Made,,,,,,,31.0,,,,,
637,PT01M24.00S,2022-04-09T01:51:07.3Z,4,REGULAR,timeout,full,['team'],0,,,1610612751,118,105,2022-04-09T01:51:07Z,6350000,,,0,,BKN Timeout,[],1610612751.0,BKN,,,,,,,,,,,,,,,,,,,,,,,,,,,,,
638,PT01M24.00S,2022-04-09T01:52:07.4Z,4,REGULAR,substitution,out,[],203083,,,1610612751,118,105,2022-04-09T01:52:40Z,6360000,,,0,,SUB out: A. Drummond,[203083],1610612751.0,BKN,,,,Drummond,A. Drummond,,,,,,,,,,,,,,,,,,,,,,,,
639,PT01M24.00S,2022-04-09T01:52:07.4Z,4,REGULAR,substitution,out,[],201142,,,1610612751,118,105,2022-04-09T01:52:40Z,6370000,,,0,,SUB out: K. Durant,[201142],1610612751.0,BKN,,,,Durant,K. Durant,,,,,,,,,,,,,,,,,,,,,,,,
640,PT01M24.00S,2022-04-09T01:52:07.4Z,4,REGULAR,substitution,out,[],202681,,,1610612751,118,105,2022-04-09T01:52:40Z,6380000,,,0,,SUB out: K. Irving,[202681],1610612751.0,BKN,,,,Irving,K. Irving,,,,,,,,,,,,,,,,,,,,,,,,
641,PT01M24.00S,2022-04-09T01:52:07.4Z,4,REGULAR,substitution,out,[],203552,,,1610612751,118,105,2022-04-09T01:52:40Z,6390000,,,0,,SUB out: S. Curry,[203552],1610612751.0,BKN,,,,Curry,S. Curry,,,,,,,,,,,,,,,,,,,,,,,,
642,PT01M24.00S,2022-04-09T01:52:07.4Z,4,REGULAR,substitution,out,[],1627747,,,1610612751,118,105,2022-04-09T01:52:40Z,6400000,,,0,,SUB out: C. LeVert,[1627747],1610612739.0,CLE,,,,LeVert,C. LeVert,,,,,,,,,,,,,,,,,,,,,,,,
643,PT01M24.00S,2022-04-09T01:52:07.4Z,4,REGULAR,substitution,out,[],1630596,,,1610612751,118,105,2022-04-09T01:52:40Z,6410000,,,0,,SUB out: E. Mobley,[1630596],1610612739.0,CLE,,,,Mobley,E. Mobley,,,,,,,,,,,,,,,,,,,,,,,,
644,PT01M24.00S,2022-04-09T01:52:07.4Z,4,REGULAR,substitution,out,[],1629636,,,1610612751,118,105,2022-04-09T01:52:40Z,6420000,,,0,,SUB out: D. Garland,[1629636],1610612739.0,CLE,,,,Garland,D. Garland,,,,,,,,,,,,,,,,,,,,,,,,
645,PT01M24.00S,2022-04-09T01:52:07.4Z,4,REGULAR,substitution,out,[],1628374,,,1610612751,118,105,2022-04-09T01:52:40Z,6430000,,,0,,SUB out: L. Markkanen,[1628374],1610612739.0,CLE,,,,Markkanen,L. Markkanen,,,,,,,,,,,,,,,,,,,,,,,,
646,PT01M24.00S,2022-04-09T01:52:07.4Z,4,REGULAR,substitution,out,[],1626224,,,1610612751,118,105,2022-04-09T01:52:40Z,6440000,,,0,,SUB out: C. Osman,[1626224],1610612739.0,CLE,,,,Osman,C. Osman,,,,,,,,,,,,,,,,,,,,,,,,
647,PT01M24.00S,2022-04-09T01:52:07.4Z,4,REGULAR,substitution,in,[],1630561,,,1610612751,118,105,2022-04-09T01:52:40Z,6450000,,,0,,SUB in: D. Duke Jr.,[1630561],1610612751.0,BKN,,,,Duke Jr.,D. Duke Jr.,,,,,,,,,,,,,,,,,,,,,,,,
648,PT01M24.00S,2022-04-09T01:52:07.4Z,4,REGULAR,substitution,in,[],201988,,,1610612751,118,105,2022-04-09T01:52:40Z,6460000,,,0,,SUB in: P. Mills,[201988],1610612751.0,BKN,,,,Mills,P. Mills,,,,,,,,,,,,,,,,,,,,,,,,
649,PT01M24.00S,2022-04-09T01:52:07.4Z,4,REGULAR,substitution,in,[],1630556,,,1610612751,118,105,2022-04-09T01:52:40Z,6470000,,,0,,SUB in: K. Edwards,[1630556],1610612751.0,BKN,,,,Edwards,K. Edwards,,,,,,,,,,,,,,,,,,,,,,,,
650,PT01M24.00S,2022-04-09T01:52:07.4Z,4,REGULAR,substitution,in,[],1630560,,,1610612751,118,105,2022-04-09T01:52:40Z,6480000,,,0,,SUB in: C. Thomas,[1630560],1610612751.0,BKN,,,,Thomas,C. Thomas,,,,,,,,,,,,,,,,,,,,,,,,
651,PT01M24.00S,2022-04-09T01:52:07.4Z,4,REGULAR,substitution,in,[],1630205,,,1610612751,118,105,2022-04-09T01:52:40Z,6490000,,,0,,SUB in: L. Stevens,[1630205],1610612739.0,CLE,,,,Stevens,L. Stevens,,,,,,,,,,,,,,,,,,,,,,,,
652,PT01M24.00S,2022-04-09T01:52:07.4Z,4,REGULAR,substitution,in,[],1629685,,,1610612751,118,105,2022-04-09T01:52:40Z,6500000,,,0,,SUB in: D. Windler,[1629685],1610612739.0,CLE,,,,Windler,D. Windler,,,,,,,,,,,,,,,,,,,,,,,,
653,PT01M24.00S,2022-04-09T01:52:07.4Z,4,REGULAR,substitution,in,[],1629650,,,1610612751,118,105,2022-04-09T01:52:40Z,6510000,,,0,,SUB in: M. Brown,[1629650],1610612739.0,CLE,,,,Brown,M. Brown,,,,,,,,,,,,,,,,,,,,,,,,
654,PT01M24.00S,2022-04-09T01:52:07.4Z,4,REGULAR,substitution,in,[],1629164,,,1610612751,118,105,2022-04-09T01:52:40Z,6520000,,,0,,SUB in: B. Goodwin,[1629164],1610612739.0,CLE,,,,Goodwin,B. Goodwin,,,,,,,,,,,,,,,,,,,,,,,,
655,PT01M24.00S,2022-04-09T01:52:07.4Z,4,REGULAR,substitution,in,[],202334,,,1610612751,118,105,2022-04-09T01:52:40Z,6530000,,,0,,SUB in: E. Davis,[202334],1610612739.0,CLE,,,,Davis,E. Davis,,,,,,,,,,,,,,,,,,,,,,,,
656,PT01M01.00S,2022-04-09T01:53:05.5Z,4,REGULAR,3pt,Jump Shot,[],1630556,10.726018396846255,94.11764705882352,1610612751,118,105,2022-04-09T01:53:10Z,6540000,-221.0,48.0,1,left,MISS K. Edwards 3PT,[1630556],1610612751.0,BKN,,,,Edwards,K. Edwards,,,,,,,,,,,22.58,Missed,,,,,,,,,,,,
657,PT01M00.00S,2022-04-09T01:53:06.5Z,4,REGULAR,rebound,defensive,['team'],0,,,1610612739,118,105,2022-04-09T01:53:10Z,6550000,,,0,,TEAM defensive REBOUND,[],1610612739.0,CLE,,,,,,,,,,,,,,,,,,656.0,,,,,,,,,,,
658,PT01M00.00S,2022-04-09T01:53:09.9Z,4,REGULAR,stoppage,out-of-bounds,[],0,,,1610612739,118,105,2022-04-09T01:53:09Z,6560000,,,0,,,[],,,,,,,,,,,,,,,,,,,,,,,,,,,,,,,
659,PT00M39.40S,2022-04-09T01:53:39.3Z,4,REGULAR,2pt,DUNK,['pointsinthepaint'],1629650,89.83245729303549,46.568627450980394,1610612739,118,107,2022-04-09T01:53:44Z,6570000,-17.0,43.0,1,right,M. Brown DUNK (2 PTS) (D. Windler 1 AST),"[1629650, 1629685]",1610612739.0,CLE,,,,Brown,M. Brown,,,,,,,,,,,4.64,Made,,,,,,,2.0,D. Windler,1629685.0,1.0,,
661,PT00M15.40S,2022-04-09T01:54:09.3Z,4,REGULAR,turnover,shot clock,['team'],0,,,1610612751,118,107,2022-04-09T01:54:18Z,6590000,,,0,,BKN shot clock Team TURNOVER,[],1610612751.0,BKN,,,,,,,,,,1198.0,,,,,,,,,,,,,,,,,,,
662,PT00M00.00S,2022-04-09T01:54:36.3Z,4,REGULAR,period,end,[],0,,,1610612739,118,107,2022-04-09T01:54:36Z,6600000,,,0,,Period End,[],,,,,,,,,,,,,,,,,,,,,,,,,,,,,,,
663,PT00M00.00S,2022-04-09T01:54:38.7Z,4,REGULAR,game,end,[],0,,,0,118,107,2022-04-09T01:54:38Z,6610000,,,0,,Game End,[],,,,,,,,,,,,,,,,,,,,,,,,,,,,,,,
