actionNumber,clock,timeActual,period,periodType,actionType,subType,qualifiers,personId,x,y,possession,scoreHome,scoreAway,edited,orderNumber,xLegacy,yLegacy,isFieldGoal,side,description,personIdsFilter,teamId,teamTricode,descriptor,jumpBallRecoveredName,jumpBallRecoverdPersonId,playerName,playerNameI,jumpBallWonPlayerName,jumpBallWonPersonId,jumpBallLostPlayerName,jumpBallLostPersonId,shotDistance,shotResult,shotActionNumber,reboundTotal,reboundDefensiveTotal,reboundOffensiveTotal,pointsTotal,assistPlayerNameInitial,assistPersonId,assistTotal,officialId,foulPersonalTotal,foulTechnicalTotal,foulDrawnPlayerName,foulDrawnPersonId,turnoverTotal,stealPlayerName,stealPersonId,blockPlayerName,blockPersonId,value
2,PT12M00.00S,2022-01-16T00:40:18.4Z,1,REGULAR,period,start,[],0,,,0,0,0,2022-01-16T00:40:18Z,20000,,,0,,Period Start,[],,,,,,,,,,,,,,,,,,,,,,,,,,,,,,,,
4,PT11M57.00S,2022-01-16T00:40:21.2Z,1,REGULAR,jumpball,recovered,[],1629631,,,1610612737,0,0,2022-01-16T00:40:21Z,40000,,,0,,Jump Ball J. Collins vs. M. Robinson: Tip to D. Hunter,"[1629631, 1628381, 1629011]",1610612737.0,ATL,startperiod,D. Hunter,1629631.0,Hunter,D. Hunter,Collins,1628381.0,Robinson,1629011.0,,,,,,,,,,,,,,,,,,,,,
7,PT11M42.00S,2022-01-16T00:40:35.6Z,1,REGULAR,3pt,Jump Shot,[],1629027,69.07030223390277,73.0392156862745,1610612737,0,0,2022-01-16T00:40:43Z,70000,115.0,238.0,1,right,MISS T. Young 26' step back 3PT,[1629027],1610612737.0,ATL,step back,,,Young,T. Young,,,,,26.46,Missed,,,,,,,,,,,,,,,,,,,
8,PT11M39.00S,2022-01-16T00:40:38.6Z,1,REGULAR,rebound,defensive,[],1629011,,,1610612752,0,0,2022-01-16T00:40:43Z,80000,,,0,,M. Robinson REBOUND (Off:0 Def:1),[1629011],1610612752.0,NYK,,,,Robinson,M. Robinson,,,,,,,7.0,1.0,1.0,0.0,,,,,,,,,,,,,,,
9,PT11M23.00S,2022-01-16T00:40:54.3Z,1,REGULAR,2pt,Jump Shot,['pointsinthepaint'],203095,13.222733245729303,65.68627450980392,1610612752,0,0,2022-01-16T00:41:04Z,90000,-78.0,72.0,1,left,MISS E. Fournier 10' driving floating Shot,[203095],1610612752.0,NYK,driving floating,,,Fournier,E. Fournier,,,,,10.63,Missed,,,,,,,,,,,,,,,,,,,
10,PT11M20.00S,2022-01-16T00:40:57.3Z,1,REGULAR,rebound,defensive,[],203476,,,1610612737,0,0,2022-01-16T00:41:04Z,100000,,,0,,G. Dieng REBOUND (Off:0 Def:1),[203476],1610612737.0,ATL,,,,Dieng,G. Dieng,,,,,,,9.0,1.0,1.0,0.0,,,,,,,,,,,,,,,
11,PT11M17.00S,2022-01-16T00:41:00.5Z,1,REGULAR,2pt,Layup,"['pointsinthepaint', 'fastbreak']",203476,92.9862023653088,49.754901960784316,1610612737,0,0,2022-01-16T00:41:12Z,110000,-1.0,13.0,1,right,MISS G. Dieng running Layup,[203476],1610612737.0,ATL,running,,,Dieng,G. Dieng,,,,,1.35,Missed,,,,,,,,,,,,,,,,,,,
12,PT11M14.00S,2022-01-16T00:41:03.5Z,1,REGULAR,rebound,defensive,[],202692,,,1610612752,0,0,2022-01-16T00:41:12Z,120000,,,0,,A. Burks REBOUND (Off:0 Def:1),[202692],1610612752.0,NYK,,,,Burks,A. Burks,,,,,,,11.0,1.0,1.0,0.0,,,,,,,,,,,,,,,
13,PT11M11.00S,2022-01-16T00:41:07.0Z,1,REGULAR,2pt,Layup,"['pointsinthepaint', 'fastbreak']",1629628,11.12023653088042,48.28431372549019,1610612752,0,2,2022-01-16T00:41:20Z,130000,9.0,52.0,1,left,R. Barrett running Layup (2 PTS) (A. Burks 1 AST),"[1629628, 202692]",1610612752.0,NYK,running,,,Barrett,R. Barrett,,,,,5.27,Made,,,,,2.0,A. Burks,202692.0,1.0,,,,,,,,,,,
14,PT10M55.00S,2022-01-16T00:41:24.7Z,1,REGULAR,foul,personal,[],202692,,,1610612737,0,2,2022-01-16T00:42:41Z,140000,,,0,,A. Burks personal FOUL (1 PF),"[202692, 1628381]",1610612752.0,NYK,,,,Burks,A. Burks,,,,,,,,,,,,,,,202027.0,1.0,0.0,Collins,1628381.0,,,,,,
16,PT10M55.00S,2022-01-16T00:41:51.1Z,1,REGULAR,substitution,out,[],203944,,,1610612737,0,2,2022-01-16T00:41:56Z,160000,,,0,,SUB out: J. Randle,[203944],1610612752.0,NYK,,,,Randle,J. Randle,,,,,,,,,,,,,,,,,,,,,,,,,
17,PT10M55.00S,2022-01-16T00:41:51.1Z,1,REGULAR,substitution,in,[],1630167,,,1610612737,0,2,2022-01-16T00:41:56Z,170000,,,0,,SUB in: O. Toppin,[1630167],1610612752.0,NYK,,,,Toppin,O. Toppin,,,,,,,,,,,,,,,,,,,,,,,,,
18,PT10M49.00S,2022-01-16T00:42:53.9Z,1,REGULAR,2pt,Jump Shot,[],1629027,72.09264126149803,53.431372549019606,1610612737,0,2,2022-01-16T00:42:59Z,180000,17.0,210.0,1,right,MISS T. Young 21' Jump Shot,[1629027],1610612737.0,ATL,,,,Young,T. Young,,,,,21.05,Missed,,,,,,,,,,,,,,,,,,,
19,PT10M44.00S,2022-01-16T00:42:58.9Z,1,REGULAR,rebound,defensive,[],1629011,,,1610612752,0,2,2022-01-16T00:42:59Z,190000,,,0,,M. Robinson REBOUND (Off:0 Def:2),[1629011],1610612752.0,NYK,,,,Robinson,M. Robinson,,,,,,,18.0,2.0,2.0,0.0,,,,,,,,,,,,,,,
21,PT10M27.00S,2022-01-16T00:43:15.8Z,1,REGULAR,turnover,lost ball,[],203095,,,1610612752,0,2,2022-01-16T00:43:21Z,200000,,,0,,E. Fournier lost ball TURNOVER (1 TO),"[203095, 1629027]",1610612752.0,NYK,,,,Fournier,E. Fournier,,,,,,,,,,,,,,,,,,,,1.0,Young,1629027.0,,,
22,PT10M27.00S,2022-01-16T00:43:15.8Z,1,REGULAR,steal,,[],1629027,,,1610612737,0,2,2022-01-16T00:43:18Z,210000,,,0,,T. Young STEAL (1 STL),[1629027],1610612737.0,ATL,,,,Young,T. Young,,,,,,,,,,,,,,,,,,,,,,,,,
23,PT10M22.00S,2022-01-16T00:43:20.7Z,1,REGULAR,2pt,DUNK,"['pointsinthepaint', 'fromturnover', 'fastbreak']",1628381,93.9060446780552,49.01960784313725,1610612737,2,2,2022-01-16T00:43:31Z,220000,-5.0,5.0,1,right,J. Collins running DUNK (2 PTS) (T. Young 1 AST),"[1628381, 1629027]",1610612737.0,ATL,running,,,Collins,J. Collins,,,,,0.69,Made,,,,,2.0,T. Young,1629027.0,1.0,,,,,,,,,,,
25,PT10M10.00S,2022-01-16T00:43:36.3Z,1,REGULAR,timeout,full,"['team', 'mandatory']",0,,,1610612752,2,2,2022-01-16T00:43:36Z,240000,,,0,,NYK Timeout,[],1610612752.0,NYK,,,,,,,,,,,,,,,,,,,,,,,,,,,,,,
26,PT10M10.00S,2022-01-16T00:44:46.4Z,1,REGULAR,substitution,out,[],1630167,,,1610612752,2,2,2022-01-16T00:45:52Z,250000,,,0,,SUB out: O. Toppin,[1630167],1610612752.0,NYK,,,,Toppin,O. Toppin,,,,,,,,,,,,,,,,,,,,,,,,,
27,PT10M10.00S,2022-01-16T00:44:46.4Z,1,REGULAR,substitution,in,[],203944,,,1610612752,2,2,2022-01-16T00:45:52Z,260000,,,0,,SUB in: J. Randle,[203944],1610612752.0,NYK,,,,Randle,J. Randle,,,,,,,,,,,,,,,,,,,,,,,,,
28,PT10M01.00S,2022-01-16T00:46:35.3Z,1,REGULAR,2pt,Jump Shot,[],203944,16.113666228646515,73.2843137254902,1610612752,2,4,2022-01-16T00:46:41Z,270000,-116.0,99.0,1,left,J. Randle 15' step back Jump Shot (2 PTS),[203944],1610612752.0,NYK,step back,,,Randle,J. Randle,,,,,15.28,Made,,,,,2.0,,,,,,,,,,,,,,
29,PT09M42.00S,2022-01-16T00:46:54.1Z,1,REGULAR,3pt,Jump Shot,[],203476,77.61169513797634,11.029411764705882,1610612737,5,4,2022-01-16T00:47:01Z,280000,-195.0,158.0,1,right,G. Dieng 25' 3PT  (3 PTS) (D. Hunter 1 AST),"[203476, 1629631]",1610612737.0,ATL,,,,Dieng,G. Dieng,,,,,25.09,Made,,,,,3.0,D. Hunter,1629631.0,1.0,,,,,,,,,,,
31,PT09M17.00S,2022-01-16T00:47:19.4Z,1,REGULAR,2pt,Jump Shot,[],203944,24.917871222076215,64.70588235294117,1610612752,5,4,2022-01-16T00:47:25Z,300000,-74.0,182.0,1,left,MISS J. Randle 19' pullup Shot,[203944],1610612752.0,NYK,pullup,,,Randle,J. Randle,,,,,19.6,Missed,,,,,,,,,,,,,,,,,,,
32,PT09M14.00S,2022-01-16T00:47:22.4Z,1,REGULAR,rebound,defensive,[],1628989,,,1610612737,5,4,2022-01-16T00:47:25Z,310000,,,0,,K. Huerter REBOUND (Off:0 Def:1),[1628989],1610612737.0,ATL,,,,Huerter,K. Huerter,,,,,,,31.0,1.0,1.0,0.0,,,,,,,,,,,,,,,
33,PT09M07.00S,2022-01-16T00:47:30.5Z,1,REGULAR,foul,personal,['2freethrow'],1629628,,,1610612737,5,4,2022-01-16T00:47:56Z,320000,,,0,,R. Barrett shooting personal FOUL (1 PF) (Dieng 2 FT),"[1629628, 203476]",1610612752.0,NYK,shooting,,,Barrett,R. Barrett,,,,,,,,,,,,,,,202035.0,1.0,0.0,Dieng,203476.0,,,,,,
35,PT09M07.00S,2022-01-16T00:47:57.8Z,1,REGULAR,freethrow,1 of 2,[],203476,,,1610612737,5,4,2022-01-16T00:47:57Z,340000,,,0,,MISS G. Dieng Free Throw 1 of 2,[203476],1610612737.0,ATL,,,,Dieng,G. Dieng,,,,,,Missed,,,,,,,,,,,,,,,,,,,
36,PT09M07.00S,2022-01-16T00:47:57.8Z,1,REGULAR,rebound,offensive,"['deadball', 'team']",0,,,1610612737,5,4,2022-01-16T00:47:57Z,350000,,,0,,TEAM offensive REBOUND,[],1610612737.0,ATL,,,,,,,,,,,,35.0,,,,,,,,,,,,,,,,,,
37,PT09M07.00S,2022-01-16T00:48:12.5Z,1,REGULAR,freethrow,2 of 2,[],203476,,,1610612737,6,4,2022-01-16T00:48:12Z,360000,,,0,,G. Dieng Free Throw 2 of 2 (4 PTS),[203476],1610612737.0,ATL,,,,Dieng,G. Dieng,,,,,,Made,,,,,4.0,,,,,,,,,,,,,,
38,PT08M58.00S,2022-01-16T00:48:23.3Z,1,REGULAR,2pt,DUNK,['pointsinthepaint'],1629011,5.206964520367937,50.245098039215684,1610612752,6,6,2022-01-16T00:48:30Z,370000,-1.0,-4.0,1,left,M. Robinson alley-oop DUNK (2 PTS) (R. Barrett 1 AST),"[1629011, 1629628]",1610612752.0,NYK,alley-oop,,,Robinson,M. Robinson,,,,,0.38,Made,,,,,2.0,R. Barrett,1629628.0,1.0,,,,,,,,,,,
40,PT08M47.00S,2022-01-16T00:48:33.6Z,1,REGULAR,2pt,Jump Shot,[],1629027,74.98357424441524,66.17647058823529,1610612737,8,6,2022-01-16T00:48:41Z,390000,81.0,183.0,1,right,T. Young 19' pullup Jump Shot (2 PTS),[1629027],1610612737.0,ATL,pullup,,,Young,T. Young,,,,,19.98,Made,,,,,2.0,,,,,,,,,,,,,,
41,PT08M32.00S,2022-01-16T00:48:49.1Z,1,REGULAR,3pt,Jump Shot,[],203095,4.944152431011826,94.36274509803921,1610612752,8,9,2022-01-16T00:48:54Z,400000,-222.0,-6.0,1,left,E. Fournier 3PT  (3 PTS) (R. Barrett 2 AST),"[203095, 1629628]",1610612752.0,NYK,,,,Fournier,E. Fournier,,,,,22.19,Made,,,,,3.0,R. Barrett,1629628.0,2.0,,,,,,,,,,,
45,PT08M08.00S,2022-01-16T00:49:23.4Z,1,REGULAR,foul,offensive,[],1629027,,,1610612737,8,9,2022-01-16T00:50:03Z,440000,,,0,,T. Young offensive FOUL (1 PF),"[1629027, 203944]",1610612737.0,ATL,,,,Young,T. Young,,,,,,,,,,,,,,,202035.0,1.0,0.0,Randle,203944.0,,,,,,
47,PT08M08.00S,2022-01-16T00:49:23.4Z,1,REGULAR,turnover,offensive foul,[],1629027,,,1610612737,8,9,2022-01-16T00:49:23Z,460000,,,0,,T. Young offensive foul TURNOVER (1 TO),[1629027],1610612737.0,ATL,,,,Young,T. Young,,,,,,,,,,,,,,,202035.0,,,,,1.0,,,,,
48,PT07M55.00S,2022-01-16T00:49:43.9Z,1,REGULAR,2pt,Jump Shot,"['pointsinthepaint', 'fromturnover']",1629628,14.273981603153747,59.068627450980394,1610612752,8,9,2022-01-16T00:50:01Z,470000,-45.0,82.0,1,left,MISS R. Barrett 9' driving floating Shot,[1629628],1610612752.0,NYK,driving floating,,,Barrett,R. Barrett,,,,,9.34,Missed,,,,,,,,,,,,,,,,,,,
49,PT07M54.00S,2022-01-16T00:49:46.6Z,1,REGULAR,rebound,offensive,[],1629011,,,1610612752,8,9,2022-01-16T00:49:46Z,480000,,,0,,M. Robinson REBOUND (Off:1 Def:2),[1629011],1610612752.0,NYK,,,,Robinson,M. Robinson,,,,,,,48.0,3.0,2.0,1.0,,,,,,,,,,,,,,,
50,PT07M54.00S,2022-01-16T00:49:47.8Z,1,REGULAR,foul,personal,['2freethrow'],203476,,,1610612752,8,9,2022-01-16T00:50:03Z,490000,,,0,,G. Dieng shooting personal FOUL (1 PF) (Robinson 2 FT),"[203476, 1629011]",1610612737.0,ATL,shooting,,,Dieng,G. Dieng,,,,,,,,,,,,,,,202035.0,1.0,0.0,Robinson,1629011.0,,,,,,
52,PT07M54.00S,2022-01-16T00:50:08.0Z,1,REGULAR,stoppage,blood rule,[],0,,,1610612752,8,9,2022-01-16T00:50:08Z,510000,,,0,,,[],,,,,,,,,,,,,,,,,,,,,,,,,,,,,,,,
53,PT07M54.00S,2022-01-16T00:51:06.0Z,1,REGULAR,freethrow,1 of 2,"['fromturnover', '2ndchance']",1629011,,,1610612752,8,9,2022-01-16T00:51:06Z,520000,,,0,,MISS M. Robinson Free Throw 1 of 2,[1629011],1610612752.0,NYK,,,,Robinson,M. Robinson,,,,,,Missed,,,,,,,,,,,,,,,,,,,
54,PT07M54.00S,2022-01-16T00:51:06.0Z,1,REGULAR,rebound,offensive,"['deadball', 'team']",0,,,1610612752,8,9,2022-01-16T00:51:06Z,530000,,,0,,TEAM offensive REBOUND,[],1610612752.0,NYK,,,,,,,,,,,,53.0,,,,,,,,,,,,,,,,,,
55,PT07M54.00S,2022-01-16T00:51:22.4Z,1,REGULAR,freethrow,2 of 2,"['fromturnover', '2ndchance']",1629011,,,1610612752,8,10,2022-01-16T00:51:22Z,540000,,,0,,M. Robinson Free Throw 2 of 2 (3 PTS),[1629011],1610612752.0,NYK,,,,Robinson,M. Robinson,,,,,,Made,,,,,3.0,,,,,,,,,,,,,,
56,PT07M41.00S,2022-01-16T00:51:37.4Z,1,REGULAR,2pt,Jump Shot,[],1628381,88.91261498028909,69.85294117647058,1610612737,10,10,2022-01-16T00:52:00Z,550000,99.0,52.0,1,right,J. Collins 11' Jump Shot (4 PTS) (K. Huerter 1 AST),"[1628381, 1628989]",1610612737.0,ATL,,,,Collins,J. Collins,,,,,11.2,Made,,,,,4.0,K. Huerter,1628989.0,1.0,,,,,,,,,,,
58,PT07M41.00S,2022-01-16T00:51:42.0Z,1,REGULAR,foul,personal,['1freethrow'],203944,,,1610612737,10,10,2022-01-16T00:51:52Z,570000,,,0,,J. Randle shooting personal FOUL (1 PF) (Collins 1 FT),"[203944, 1628381]",1610612752.0,NYK,shooting,,,Randle,J. Randle,,,,,,,,,,,,,,,202035.0,1.0,0.0,Collins,1628381.0,,,,,,
60,PT07M41.00S,2022-01-16T00:52:11.6Z,1,REGULAR,freethrow,1 of 1,[],1628381,,,1610612737,11,10,2022-01-16T00:52:11Z,590000,,,0,,J. Collins Free Throw 1 of 1 (5 PTS),[1628381],1610612737.0,ATL,,,,Collins,J. Collins,,,,,,Made,,,,,5.0,,,,,,,,,,,,,,
61,PT07M27.00S,2022-01-16T00:52:31.0Z,1,REGULAR,foul,personal,['2freethrow'],1629631,,,1610612752,11,10,2022-01-16T00:52:54Z,600000,,,0,,D. Hunter shooting personal FOUL (1 PF) (Barrett 2 FT),"[1629631, 1629628]",1610612737.0,ATL,shooting,,,Hunter,D. Hunter,,,,,,,,,,,,,,,202058.0,1.0,0.0,Barrett,1629628.0,,,,,,
63,PT07M27.00S,2022-01-16T00:52:55.7Z,1,REGULAR,freethrow,1 of 2,[],1629628,,,1610612752,11,11,2022-01-16T00:53:11Z,620000,,,0,,R. Barrett Free Throw 1 of 2 (3 PTS),[1629628],1610612752.0,NYK,,,,Barrett,R. Barrett,,,,,,Made,,,,,3.0,,,,,,,,,,,,,,
64,PT07M27.00S,2022-01-16T00:52:55.7Z,1,REGULAR,freethrow,2 of 2,[],1629628,,,1610612752,11,11,2022-01-16T00:53:11Z,630000,,,0,,MISS R. Barrett Free Throw 2 of 2,[1629628],1610612752.0,NYK,,,,Barrett,R. Barrett,,,,,,Missed,,,,,,,,,,,,,,,,,,,
65,PT07M25.00S,2022-01-16T00:52:57.7Z,1,REGULAR,rebound,offensive,[],1629011,,,1610612752,11,11,2022-01-16T00:53:11Z,640000,,,0,,M. Robinson REBOUND (Off:2 Def:2),[1629011],1610612752.0,NYK,,,,Robinson,M. Robinson,,,,,,,64.0,4.0,2.0,2.0,,,,,,,,,,,,,,,
66,PT07M25.00S,2022-01-16T00:53:14.1Z,1,REGULAR,foul,personal,['2freethrow'],203476,,,1610612752,11,11,2022-01-16T00:53:29Z,650000,,,0,,G. Dieng shooting personal FOUL (2 PF) (Robinson 2 FT),"[203476, 1629011]",1610612737.0,ATL,shooting,,,Dieng,G. Dieng,,,,,,,,,,,,,,,202035.0,2.0,0.0,Robinson,1629011.0,,,,,,
68,PT07M25.00S,2022-01-16T00:53:33.2Z,1,REGULAR,freethrow,1 of 2,['2ndchance'],1629011,,,1610612752,11,11,2022-01-16T00:53:33Z,670000,,,0,,MISS M. Robinson Free Throw 1 of 2,[1629011],1610612752.0,NYK,,,,Robinson,M. Robinson,,,,,,Missed,,,,,,,,,,,,,,,,,,,
69,PT07M25.00S,2022-01-16T00:53:33.2Z,1,REGULAR,rebound,offensive,"['deadball', 'team']",0,,,1610612752,11,11,2022-01-16T00:53:33Z,680000,,,0,,TEAM offensive REBOUND,[],1610612752.0,NYK,,,,,,,,,,,,68.0,,,,,,,,,,,,,,,,,,
70,PT07M25.00S,2022-01-16T00:53:34.4Z,1,REGULAR,substitution,out,[],203476,,,1610612752,11,11,2022-01-16T00:53:37Z,690000,,,0,,SUB out: G. Dieng,[203476],1610612737.0,ATL,,,,Dieng,G. Dieng,,,,,,,,,,,,,,,,,,,,,,,,,
71,PT07M25.00S,2022-01-16T00:53:34.4Z,1,REGULAR,substitution,in,[],1630168,,,1610612752,11,11,2022-01-16T00:53:37Z,700000,,,0,,SUB in: O. Okongwu,[1630168],1610612737.0,ATL,,,,Okongwu,O. Okongwu,,,,,,,,,,,,,,,,,,,,,,,,,
72,PT07M25.00S,2022-01-16T00:53:49.8Z,1,REGULAR,freethrow,2 of 2,['2ndchance'],1629011,,,1610612752,11,12,2022-01-16T00:53:49Z,710000,,,0,,M. Robinson Free Throw 2 of 2 (4 PTS),[1629011],1610612752.0,NYK,,,,Robinson,M. Robinson,,,,,,Made,,,,,4.0,,,,,,,,,,,,,,
73,PT07M19.00S,2022-01-16T00:54:00.5Z,1,REGULAR,foul,personal,[],202692,,,1610612737,11,12,2022-01-16T00:54:09Z,720000,,,0,,A. Burks personal FOUL (2 PF),"[202692, 1628381]",1610612752.0,NYK,,,,Burks,A. Burks,,,,,,,,,,,,,,,202027.0,2.0,0.0,Collins,1628381.0,,,,,,
75,PT07M13.00S,2022-01-16T00:54:24.1Z,1,REGULAR,foul,personal,"['inpenalty', '2freethrow']",203095,,,1610612737,11,12,2022-01-16T00:54:48Z,740000,,,0,,E. Fournier shooting personal FOUL (1 PF) (Huerter 2 FT),"[203095, 1628989]",1610612752.0,NYK,shooting,,,Fournier,E. Fournier,,,,,,,,,,,,,,,202058.0,1.0,0.0,Huerter,1628989.0,,,,,,
77,PT07M13.00S,2022-01-16T00:54:49.7Z,1,REGULAR,freethrow,1 of 2,[],1628989,,,1610612737,12,12,2022-01-16T00:54:49Z,760000,,,0,,K. Huerter Free Throw 1 of 2 (1 PTS),[1628989],1610612737.0,ATL,,,,Huerter,K. Huerter,,,,,,Made,,,,,1.0,,,,,,,,,,,,,,
78,PT07M13.00S,2022-01-16T00:55:02.6Z,1,REGULAR,freethrow,2 of 2,[],1628989,,,1610612737,13,12,2022-01-16T00:55:02Z,770000,,,0,,K. Huerter Free Throw 2 of 2 (2 PTS),[1628989],1610612737.0,ATL,,,,Huerter,K. Huerter,,,,,,Made,,,,,2.0,,,,,,,,,,,,,,
79,PT06M58.00S,2022-01-16T00:55:19.7Z,1,REGULAR,3pt,Jump Shot,[],203095,4.5499342969776615,94.6078431372549,1610612752,13,12,2022-01-16T00:58:44Z,780000,-223.0,-10.0,1,left,MISS E. Fournier fadeaway 3PT,[203095],1610612752.0,NYK,fadeaway,,,Fournier,E. Fournier,,,,,22.32,Missed,,,,,,,,,,,,,,,,,,,
80,PT06M55.00S,2022-01-16T00:55:22.7Z,1,REGULAR,rebound,defensive,[],1629631,,,1610612737,13,12,2022-01-16T00:55:26Z,790000,,,0,,D. Hunter REBOUND (Off:0 Def:1),[1629631],1610612737.0,ATL,,,,Hunter,D. Hunter,,,,,,,79.0,1.0,1.0,0.0,,,,,,,,,,,,,,,
81,PT06M47.00S,2022-01-16T00:55:30.4Z,1,REGULAR,2pt,Layup,['pointsinthepaint'],1628989,92.59198423127464,46.81372549019608,1610612737,13,12,2022-01-16T00:55:39Z,800000,-16.0,17.0,1,right,MISS K. Huerter driving reverse Layup,[1628989],1610612737.0,ATL,driving reverse,,,Huerter,K. Huerter,,,,,2.33,Missed,,,,,,,,,,,,,,,,,,,
82,PT06M45.00S,2022-01-16T00:55:32.4Z,1,REGULAR,rebound,defensive,[],203944,,,1610612752,13,12,2022-01-16T00:55:39Z,810000,,,0,,J. Randle REBOUND (Off:0 Def:1),[203944],1610612752.0,NYK,,,,Randle,J. Randle,,,,,,,81.0,1.0,1.0,0.0,,,,,,,,,,,,,,,
83,PT06M40.00S,2022-01-16T00:55:38.1Z,1,REGULAR,2pt,DUNK,"['pointsinthepaint', 'fastbreak']",1629011,4.944152431011826,50.245098039215684,1610612752,13,14,2022-01-16T00:55:51Z,820000,-1.0,-6.0,1,left,M. Robinson running DUNK (6 PTS) (J. Randle 1 AST),"[1629011, 203944]",1610612752.0,NYK,running,,,Robinson,M. Robinson,,,,,0.61,Made,,,,,6.0,J. Randle,203944.0,1.0,,,,,,,,,,,
85,PT06M22.00S,2022-01-16T00:55:55.2Z,1,REGULAR,2pt,Jump Shot,['pointsinthepaint'],1629027,85.10183968462549,42.40196078431372,1610612737,13,14,2022-01-16T00:56:01Z,840000,-38.0,88.0,1,right,MISS T. Young 9' driving floating Shot,[1629027],1610612737.0,ATL,driving floating,,,Young,T. Young,,,,,9.54,Missed,,,,,,,,,,,,,,,,,,,
86,PT06M20.00S,2022-01-16T00:55:57.2Z,1,REGULAR,rebound,defensive,[],1629011,,,1610612752,13,14,2022-01-16T00:56:01Z,850000,,,0,,M. Robinson REBOUND (Off:2 Def:3),[1629011],1610612752.0,NYK,,,,Robinson,M. Robinson,,,,,,,85.0,5.0,3.0,2.0,,,,,,,,,,,,,,,
87,PT06M03.00S,2022-01-16T00:56:14.5Z,1,REGULAR,3pt,Jump Shot,[],202692,30.17411300919842,68.62745098039215,1610612752,13,14,2022-01-16T00:56:21Z,860000,-93.0,231.0,1,left,MISS A. Burks 24' 3PT,[202692],1610612752.0,NYK,,,,Burks,A. Burks,,,,,24.91,Missed,,,,,,,,,,,,,,,,,,,
88,PT05M59.00S,2022-01-16T00:56:18.5Z,1,REGULAR,rebound,defensive,[],1629027,,,1610612737,13,14,2022-01-16T00:56:21Z,870000,,,0,,T. Young REBOUND (Off:0 Def:1),[1629027],1610612737.0,ATL,,,,Young,T. Young,,,,,,,87.0,1.0,1.0,0.0,,,,,,,,,,,,,,,
89,PT05M48.00S,2022-01-16T00:56:29.3Z,1,REGULAR,2pt,DUNK,['pointsinthepaint'],1630168,93.11760840998686,50.0,1610612737,15,14,2022-01-16T00:56:34Z,880000,0.0,12.0,1,right,O. Okongwu DUNK (2 PTS) (T. Young 2 AST),"[1630168, 1629027]",1610612737.0,ATL,,,,Okongwu,O. Okongwu,,,,,1.22,Made,,,,,2.0,T. Young,1629027.0,2.0,,,,,,,,,,,
91,PT05M37.00S,2022-01-16T00:56:45.1Z,1,REGULAR,timeout,full,"['team', 'mandatory']",0,,,1610612752,15,14,2022-01-16T00:56:45Z,900000,,,0,,NYK Timeout,[],1610612752.0,NYK,,,,,,,,,,,,,,,,,,,,,,,,,,,,,,
92,PT05M37.00S,2022-01-16T00:58:49.7Z,1,REGULAR,substitution,out,[],202692,,,1610612752,15,14,2022-01-16T00:59:28Z,910000,,,0,,SUB out: A. Burks,[202692],1610612752.0,NYK,,,,Burks,A. Burks,,,,,,,,,,,,,,,,,,,,,,,,,
93,PT05M37.00S,2022-01-16T00:58:49.7Z,1,REGULAR,substitution,in,[],1630193,,,1610612752,15,14,2022-01-16T00:59:28Z,920000,,,0,,SUB in: I. Quickley,[1630193],1610612752.0,NYK,,,,Quickley,I. Quickley,,,,,,,,,,,,,,,,,,,,,,,,,
94,PT05M32.00S,2022-01-16T00:59:50.4Z,1,REGULAR,foul,offensive,['inpenalty'],1630193,,,1610612752,15,14,2022-01-16T01:00:41Z,930000,,,0,,I. Quickley offensive FOUL (1 PF),"[1630193, 1629027]",1610612752.0,NYK,,,,Quickley,I. Quickley,,,,,,,,,,,,,,,202058.0,1.0,0.0,Young,1629027.0,,,,,,
96,PT05M32.00S,2022-01-16T00:59:50.4Z,1,REGULAR,turnover,offensive foul,[],1630193,,,1610612752,15,14,2022-01-16T00:59:50Z,950000,,,0,,I. Quickley offensive foul TURNOVER (1 TO),[1630193],1610612752.0,NYK,,,,Quickley,I. Quickley,,,,,,,,,,,,,,,202058.0,,,,,1.0,,,,,
97,PT05M08.00S,2022-01-16T01:00:26.8Z,1,REGULAR,3pt,Jump Shot,['fromturnover'],1629027,69.46452036793693,25.735294117647058,1610612737,18,14,2022-01-16T01:00:31Z,960000,-121.0,235.0,1,right,T. Young 26' 3PT  (5 PTS) (J. Collins 1 AST),"[1629027, 1628381]",1610612737.0,ATL,,,,Young,T. Young,,,,,26.4,Made,,,,,5.0,J. Collins,1628381.0,1.0,,,,,,,,,,,
99,PT04M44.00S,2022-01-16T01:00:49.9Z,1,REGULAR,2pt,Jump Shot,['pointsinthepaint'],1629628,11.777266754270697,44.36274509803921,1610612752,18,14,2022-01-16T01:01:07Z,980000,28.0,58.0,1,left,MISS R. Barrett 6' driving floating Shot,[1629628],1610612752.0,NYK,driving floating,,,Barrett,R. Barrett,,,,,6.47,Missed,,,,,,,,,,,,,,,,,,,
100,PT04M43.00S,2022-01-16T01:00:50.9Z,1,REGULAR,rebound,offensive,[],1629628,,,1610612752,18,14,2022-01-16T01:01:07Z,990000,,,0,,R. Barrett REBOUND (Off:1 Def:0),[1629628],1610612752.0,NYK,,,,Barrett,R. Barrett,,,,,,,99.0,1.0,0.0,1.0,,,,,,,,,,,,,,,
101,PT04M43.00S,2022-01-16T01:01:05.7Z,1,REGULAR,foul,personal,['2freethrow'],1630168,,,1610612752,18,14,2022-01-16T01:01:16Z,1000000,,,0,,O. Okongwu shooting personal FOUL (1 PF) (Barrett 2 FT),"[1630168, 1629628]",1610612737.0,ATL,shooting,,,Okongwu,O. Okongwu,,,,,,,,,,,,,,,202027.0,1.0,0.0,Barrett,1629628.0,,,,,,
103,PT04M43.00S,2022-01-16T01:01:17.3Z,1,REGULAR,freethrow,1 of 2,['2ndchance'],1629628,,,1610612752,18,15,2022-01-16T01:01:17Z,1020000,,,0,,R. Barrett Free Throw 1 of 2 (4 PTS),[1629628],1610612752.0,NYK,,,,Barrett,R. Barrett,,,,,,Made,,,,,4.0,,,,,,,,,,,,,,
104,PT04M43.00S,2022-01-16T01:01:18.2Z,1,REGULAR,substitution,out,[],1628381,,,1610612752,18,15,2022-01-16T01:01:24Z,1030000,,,0,,SUB out: J. Collins,[1628381],1610612737.0,ATL,,,,Collins,J. Collins,,,,,,,,,,,,,,,,,,,,,,,,,
105,PT04M43.00S,2022-01-16T01:01:18.2Z,1,REGULAR,substitution,out,[],1629011,,,1610612752,18,15,2022-01-16T01:01:24Z,1040000,,,0,,SUB out: M. Robinson,[1629011],1610612752.0,NYK,,,,Robinson,M. Robinson,,,,,,,,,,,,,,,,,,,,,,,,,
106,PT04M43.00S,2022-01-16T01:01:18.2Z,1,REGULAR,substitution,in,[],201568,,,1610612752,18,15,2022-01-16T01:01:24Z,1050000,,,0,,SUB in: D. Gallinari,[201568],1610612737.0,ATL,,,,Gallinari,D. Gallinari,,,,,,,,,,,,,,,,,,,,,,,,,
107,PT04M43.00S,2022-01-16T01:01:18.2Z,1,REGULAR,substitution,in,[],201959,,,1610612752,18,15,2022-01-16T01:01:24Z,1060000,,,0,,SUB in: T. Gibson,[201959],1610612752.0,NYK,,,,Gibson,T. Gibson,,,,,,,,,,,,,,,,,,,,,,,,,
108,PT04M43.00S,2022-01-16T01:01:39.3Z,1,REGULAR,freethrow,2 of 2,['2ndchance'],1629628,,,1610612752,18,16,2022-01-16T01:01:39Z,1070000,,,0,,R. Barrett Free Throw 2 of 2 (5 PTS),[1629628],1610612752.0,NYK,,,,Barrett,R. Barrett,,,,,,Made,,,,,5.0,,,,,,,,,,,,,,
109,PT04M23.00S,2022-01-16T01:02:02.8Z,1,REGULAR,foul,personal,"['inpenalty', '2freethrow']",1630193,,,1610612737,18,16,2022-01-16T01:02:21Z,1080000,,,0,,I. Quickley personal FOUL (2 PF) (Hunter 2 FT),"[1630193, 1629631]",1610612752.0,NYK,,,,Quickley,I. Quickley,,,,,,,,,,,,,,,202035.0,2.0,0.0,Hunter,1629631.0,,,,,,
111,PT04M23.00S,2022-01-16T01:02:23.8Z,1,REGULAR,freethrow,1 of 2,[],1629631,,,1610612737,18,16,2022-01-16T01:02:23Z,1100000,,,0,,MISS D. Hunter Free Throw 1 of 2,[1629631],1610612737.0,ATL,,,,Hunter,D. Hunter,,,,,,Missed,,,,,,,,,,,,,,,,,,,
112,PT04M23.00S,2022-01-16T01:02:23.8Z,1,REGULAR,rebound,offensive,"['deadball', 'team']",0,,,1610612737,18,16,2022-01-16T01:02:23Z,1110000,,,0,,TEAM offensive REBOUND,[],1610612737.0,ATL,,,,,,,,,,,,111.0,,,,,,,,,,,,,,,,,,
113,PT04M23.00S,2022-01-16T01:02:25.0Z,1,REGULAR,substitution,out,[],1628989,,,1610612737,18,16,2022-01-16T01:02:29Z,1120000,,,0,,SUB out: K. Huerter,[1628989],1610612737.0,ATL,,,,Huerter,K. Huerter,,,,,,,,,,,,,,,,,,,,,,,,,
114,PT04M23.00S,2022-01-16T01:02:25.0Z,1,REGULAR,substitution,in,[],1626153,,,1610612737,18,16,2022-01-16T01:02:29Z,1130000,,,0,,SUB in: D. Wright,[1626153],1610612737.0,ATL,,,,Wright,D. Wright,,,,,,,,,,,,,,,,,,,,,,,,,
115,PT04M23.00S,2022-01-16T01:02:40.5Z,1,REGULAR,freethrow,2 of 2,[],1629631,,,1610612737,19,16,2022-01-16T01:02:40Z,1140000,,,0,,D. Hunter Free Throw 2 of 2 (1 PTS),[1629631],1610612737.0,ATL,,,,Hunter,D. Hunter,,,,,,Made,,,,,1.0,,,,,,,,,,,,,,
116,PT04M11.00S,2022-01-16T01:02:54.0Z,1,REGULAR,2pt,Layup,['pointsinthepaint'],1629628,5.732588699080158,50.98039215686274,1610612752,19,18,2022-01-16T01:03:06Z,1150000,-5.0,1.0,1,left,R. Barrett driving Layup (7 PTS),[1629628],1610612752.0,NYK,driving,,,Barrett,R. Barrett,,,,,0.51,Made,,,,,7.0,,,,,,,,,,,,,,
117,PT04M00.00S,2022-01-16T01:03:04.9Z,1,REGULAR,3pt,Jump Shot,[],1629027,67.7562417871222,57.107843137254896,1610612737,19,18,2022-01-16T01:03:11Z,1160000,36.0,251.0,1,right,MISS T. Young 25' pullup 3PT,[1629027],1610612737.0,ATL,pullup,,,Young,T. Young,,,,,25.31,Missed,,,,,,,,,,,,,,,,,,,
118,PT03M58.00S,2022-01-16T01:03:06.9Z,1,REGULAR,rebound,defensive,[],1630193,,,1610612752,19,18,2022-01-16T01:03:11Z,1170000,,,0,,I. Quickley REBOUND (Off:0 Def:1),[1630193],1610612752.0,NYK,,,,Quickley,I. Quickley,,,,,,,117.0,1.0,1.0,0.0,,,,,,,,,,,,,,,
119,PT03M47.00S,2022-01-16T01:03:19.0Z,1,REGULAR,2pt,Jump Shot,['pointsinthepaint'],203944,9.280551905387648,41.42156862745098,1610612752,19,18,2022-01-16T01:03:27Z,1180000,43.0,35.0,1,left,MISS J. Randle turnaround bank Shot,[203944],1610612752.0,NYK,turnaround bank,,,Randle,J. Randle,,,,,5.52,Missed,,,,,,,,,,,,,,,,,,,
120,PT03M44.00S,2022-01-16T01:03:22.0Z,1,REGULAR,rebound,defensive,[],201568,,,1610612737,19,18,2022-01-16T01:03:27Z,1190000,,,0,,D. Gallinari REBOUND (Off:0 Def:1),[201568],1610612737.0,ATL,,,,Gallinari,D. Gallinari,,,,,,,119.0,1.0,1.0,0.0,,,,,,,,,,,,,,,
121,PT03M31.00S,2022-01-16T01:03:34.6Z,1,REGULAR,2pt,Layup,['pointsinthepaint'],1629631,91.40932982917214,53.67647058823529,1610612737,19,18,2022-01-16T01:03:41Z,1200000,18.0,28.0,1,right,MISS D. Hunter driving Layup,[1629631],1610612737.0,ATL,driving,,,Hunter,D. Hunter,,,,,3.38,Missed,,,,,,,,,,,,,,,,,,,
122,PT03M29.00S,2022-01-16T01:03:36.6Z,1,REGULAR,rebound,defensive,[],203095,,,1610612752,19,18,2022-01-16T01:03:41Z,1210000,,,0,,E. Fournier REBOUND (Off:0 Def:1),[203095],1610612752.0,NYK,,,,Fournier,E. Fournier,,,,,,,121.0,1.0,1.0,0.0,,,,,,,,,,,,,,,
123,PT03M20.00S,2022-01-16T01:03:46.2Z,1,REGULAR,2pt,Jump Shot,[],1629628,9.280551905387648,25.245098039215684,1610612752,19,18,2022-01-16T01:03:52Z,1220000,124.0,35.0,1,left,MISS R. Barrett 12' step back Shot,[1629628],1610612752.0,NYK,step back,,,Barrett,R. Barrett,,,,,12.86,Missed,,,,,,,,,,,,,,,,,,,
124,PT03M15.00S,2022-01-16T01:03:51.2Z,1,REGULAR,rebound,defensive,[],1629027,,,1610612737,19,18,2022-01-16T01:03:52Z,1230000,,,0,,T. Young REBOUND (Off:0 Def:2),[1629027],1610612737.0,ATL,,,,Young,T. Young,,,,,,,123.0,2.0,2.0,0.0,,,,,,,,,,,,,,,
125,PT03M12.00S,2022-01-16T01:03:54.0Z,1,REGULAR,foul,personal,"['inpenalty', '2freethrow']",203095,,,1610612737,19,18,2022-01-16T01:04:57Z,1240000,,,0,,E. Fournier shooting personal FOUL (2 PF) (Young 2 FT),"[203095, 1629027]",1610612752.0,NYK,shooting,,,Fournier,E. Fournier,,,,,,,,,,,,,,,202027.0,2.0,0.0,Young,1629027.0,,,,,,
127,PT03M12.00S,2022-01-16T01:04:27.5Z,1,REGULAR,freethrow,1 of 2,['fastbreak'],1629027,,,1610612737,20,18,2022-01-16T01:05:07Z,1260000,,,0,,T. Young Free Throw 1 of 2 (6 PTS),[1629027],1610612737.0,ATL,,,,Young,T. Young,,,,,,Made,,,,,6.0,,,,,,,,,,,,,,
132,PT03M12.00S,2022-01-16T01:04:27.5Z,1,REGULAR,freethrow,2 of 2,['fastbreak'],1629027,,,1610612737,21,18,2022-01-16T01:05:07Z,1310000,,,0,,T. Young Free Throw 2 of 2 (7 PTS),[1629027],1610612737.0,ATL,,,,Young,T. Young,,,,,,Made,,,,,7.0,,,,,,,,,,,,,,
128,PT03M12.00S,2022-01-16T01:04:30.1Z,1,REGULAR,substitution,out,[],1629631,,,1610612752,21,18,2022-01-16T01:05:15Z,1315000,,,0,,SUB out: D. Hunter,[1629631],1610612737.0,ATL,,,,Hunter,D. Hunter,,,,,,,,,,,,,,,,,,,,,,,,,
129,PT03M12.00S,2022-01-16T01:04:30.1Z,1,REGULAR,substitution,out,[],203095,,,1610612752,21,18,2022-01-16T01:05:15Z,1317500,,,0,,SUB out: E. Fournier,[203095],1610612752.0,NYK,,,,Fournier,E. Fournier,,,,,,,,,,,,,,,,,,,,,,,,,
130,PT03M12.00S,2022-01-16T01:04:30.1Z,1,REGULAR,substitution,in,[],1627789,,,1610612752,21,18,2022-01-16T01:05:15Z,1318750,,,0,,SUB in: T. Luwawu-Cabarrot,[1627789],1610612737.0,ATL,,,,Luwawu-Cabarrot,T. Luwawu-Cabarrot,,,,,,,,,,,,,,,,,,,,,,,,,
131,PT03M12.00S,2022-01-16T01:04:30.1Z,1,REGULAR,substitution,in,[],1629656,,,1610612752,21,18,2022-01-16T01:05:15Z,1319375,,,0,,SUB in: Q. Grimes,[1629656],1610612752.0,NYK,,,,Grimes,Q. Grimes,,,,,,,,,,,,,,,,,,,,,,,,,
133,PT03M00.00S,2022-01-16T01:05:02.7Z,1,REGULAR,3pt,Jump Shot,[],1629656,8.360709592641262,96.56862745098039,1610612752,21,21,2022-01-16T01:05:07Z,1320000,-233.0,26.0,1,left,Q. Grimes 3PT  (3 PTS) (J. Randle 2 AST),"[1629656, 203944]",1610612752.0,NYK,,,,Grimes,Q. Grimes,,,,,23.43,Made,,,,,3.0,J. Randle,203944.0,2.0,,,,,,,,,,,
135,PT02M45.00S,2022-01-16T01:05:16.8Z,1,REGULAR,2pt,Layup,['pointsinthepaint'],1629027,93.77463863337714,50.245098039215684,1610612737,23,21,2022-01-16T01:07:51Z,1340000,1.0,6.0,1,right,T. Young driving finger roll Layup (9 PTS),[1629027],1610612737.0,ATL,driving finger roll,,,Young,T. Young,,,,,0.61,Made,,,,,9.0,,,,,,,,,,,,,,
136,PT02M29.00S,2022-01-16T01:05:33.5Z,1,REGULAR,3pt,Jump Shot,[],203944,29.77989487516426,27.205882352941174,1610612752,23,21,2022-01-16T01:05:39Z,1350000,114.0,227.0,1,left,MISS J. Randle 25' 3PT,[203944],1610612752.0,NYK,,,,Randle,J. Randle,,,,,25.44,Missed,,,,,,,,,,,,,,,,,,,
137,PT02M25.00S,2022-01-16T01:05:37.5Z,1,REGULAR,rebound,defensive,[],1630168,,,1610612737,23,21,2022-01-16T01:05:39Z,1360000,,,0,,O. Okongwu REBOUND (Off:0 Def:1),[1630168],1610612737.0,ATL,,,,Okongwu,O. Okongwu,,,,,,,136.0,1.0,1.0,0.0,,,,,,,,,,,,,,,
138,PT02M14.00S,2022-01-16T01:05:48.0Z,1,REGULAR,2pt,Jump Shot,['pointsinthepaint'],201568,80.89684625492772,41.911764705882355,1610612737,23,21,2022-01-16T01:05:53Z,1370000,-40.0,127.0,1,right,MISS D. Gallinari 13' pullup Shot,[201568],1610612737.0,ATL,pullup,,,Gallinari,D. Gallinari,,,,,13.34,Missed,,,,,,,,,,,,,,,,,,,
139,PT02M12.00S,2022-01-16T01:05:50.0Z,1,REGULAR,rebound,defensive,[],1630193,,,1610612752,23,21,2022-01-16T01:05:53Z,1380000,,,0,,I. Quickley REBOUND (Off:0 Def:2),[1630193],1610612752.0,NYK,,,,Quickley,I. Quickley,,,,,,,138.0,2.0,2.0,0.0,,,,,,,,,,,,,,,
140,PT01M52.00S,2022-01-16T01:06:10.6Z,1,REGULAR,2pt,Jump Shot,['pointsinthepaint'],1629628,8.754927726675426,64.70588235294117,1610612752,23,21,2022-01-16T01:07:09Z,1390000,-74.0,30.0,1,left,MISS R. Barrett 7' turnaround fadeaway Shot,[1629628],1610612752.0,NYK,turnaround fadeaway,,,Barrett,R. Barrett,,,,,7.93,Missed,,,,,,,,,,,,,,,,,,,
141,PT01M48.00S,2022-01-16T01:06:14.6Z,1,REGULAR,rebound,offensive,[],1629656,,,1610612752,23,21,2022-01-16T01:06:17Z,1400000,,,0,,Q. Grimes REBOUND (Off:1 Def:0),[1629656],1610612752.0,NYK,,,,Grimes,Q. Grimes,,,,,,,140.0,1.0,0.0,1.0,,,,,,,,,,,,,,,
142,PT01M47.00S,2022-01-16T01:06:15.6Z,1,REGULAR,2pt,Jump Shot,['2ndchance'],1629656,23.340998685939553,28.186274509803923,1610612752,23,23,2022-01-16T01:06:21Z,1410000,109.0,167.0,1,left,Q. Grimes 19' Jump Shot (5 PTS),[1629656],1610612752.0,NYK,,,,Grimes,Q. Grimes,,,,,19.94,Made,,,,,5.0,,,,,,,,,,,,,,
143,PT01M36.00S,2022-01-16T01:06:26.3Z,1,REGULAR,3pt,Jump Shot,[],1629027,62.23718791064389,28.186274509803923,1610612737,23,23,2022-01-16T01:06:31Z,1420000,-109.0,302.0,1,right,MISS T. Young 32' pullup 3PT,[1629027],1610612737.0,ATL,pullup,,,Young,T. Young,,,,,32.16,Missed,,,,,,,,,,,,,,,,,,,
144,PT01M33.00S,2022-01-16T01:06:29.3Z,1,REGULAR,rebound,defensive,[],201959,,,1610612752,23,23,2022-01-16T01:06:31Z,1430000,,,0,,T. Gibson REBOUND (Off:0 Def:1),[201959],1610612752.0,NYK,,,,Gibson,T. Gibson,,,,,,,143.0,1.0,1.0,0.0,,,,,,,,,,,,,,,
145,PT01M23.00S,2022-01-16T01:06:39.8Z,1,REGULAR,2pt,Layup,['pointsinthepaint'],201959,5.732588699080158,50.49019607843137,1610612752,23,25,2022-01-16T01:06:44Z,1440000,-2.0,1.0,1,left,T. Gibson Layup (2 PTS) (J. Randle 3 AST),"[201959, 203944]",1610612752.0,NYK,,,,Gibson,T. Gibson,,,,,0.29,Made,,,,,2.0,J. Randle,203944.0,3.0,,,,,,,,,,,
147,PT01M22.00S,2022-01-16T01:06:45.2Z,1,REGULAR,timeout,full,['team'],0,,,1610612737,23,25,2022-01-16T01:25:30Z,1460000,,,0,,ATL Timeout,[],1610612737.0,ATL,,,,,,,,,,,,,,,,,,,,,,,,,,,,,,
148,PT01M22.00S,2022-01-16T01:07:59.8Z,1,REGULAR,substitution,out,[],1629027,,,1610612737,23,25,2022-01-16T01:08:17Z,1470000,,,0,,SUB out: T. Young,[1629027],1610612737.0,ATL,,,,Young,T. Young,,,,,,,,,,,,,,,,,,,,,,,,,
149,PT01M22.00S,2022-01-16T01:07:59.8Z,1,REGULAR,substitution,out,[],203944,,,1610612737,23,25,2022-01-16T01:08:17Z,1480000,,,0,,SUB out: J. Randle,[203944],1610612752.0,NYK,,,,Randle,J. Randle,,,,,,,,,,,,,,,,,,,,,,,,,
150,PT01M22.00S,2022-01-16T01:07:59.8Z,1,REGULAR,substitution,in,[],101150,,,1610612737,23,25,2022-01-16T01:08:17Z,1490000,,,0,,SUB in: L. Williams,[101150],1610612737.0,ATL,,,,Williams,L. Williams,,,,,,,,,,,,,,,,,,,,,,,,,
151,PT01M22.00S,2022-01-16T01:07:59.8Z,1,REGULAR,substitution,in,[],1630167,,,1610612737,23,25,2022-01-16T01:08:17Z,1500000,,,0,,SUB in: O. Toppin,[1630167],1610612752.0,NYK,,,,Toppin,O. Toppin,,,,,,,,,,,,,,,,,,,,,,,,,
152,PT01M05.00S,2022-01-16T01:08:43.8Z,1,REGULAR,3pt,Jump Shot,[],1627789,91.80354796320631,94.85294117647058,1610612737,23,25,2022-01-16T01:08:51Z,1510000,224.0,25.0,1,right,MISS T. Luwawu-Cabarrot 3PT,[1627789],1610612737.0,ATL,,,,Luwawu-Cabarrot,T. Luwawu-Cabarrot,,,,,22.56,Missed,,,,,,,,,,,,,,,,,,,
153,PT01M03.00S,2022-01-16T01:08:45.8Z,1,REGULAR,rebound,offensive,[],1626153,,,1610612737,23,25,2022-01-16T01:08:51Z,1520000,,,0,,D. Wright REBOUND (Off:1 Def:0),[1626153],1610612737.0,ATL,,,,Wright,D. Wright,,,,,,,152.0,1.0,0.0,1.0,,,,,,,,,,,,,,,
154,PT00M57.90S,2022-01-16T01:08:51.9Z,1,REGULAR,3pt,Jump Shot,['2ndchance'],201568,73.66951379763469,15.441176470588236,1610612737,26,25,2022-01-16T01:08:57Z,1530000,-173.0,195.0,1,right,D. Gallinari 26' 3PT  (3 PTS),[201568],1610612737.0,ATL,,,,Gallinari,D. Gallinari,,,,,26.05,Made,,,,,3.0,,,,,,,,,,,,,,
156,PT00M43.50S,2022-01-16T01:09:12.2Z,1,REGULAR,2pt,Jump Shot,['pointsinthepaint'],201959,10.988830486202366,47.549019607843135,1610612752,26,27,2022-01-16T01:09:17Z,1550000,12.0,51.0,1,left,T. Gibson turnaround Jump Shot (4 PTS) (Q. Grimes 1 AST),"[201959, 1629656]",1610612752.0,NYK,turnaround,,,Gibson,T. Gibson,,,,,5.23,Made,,,,,4.0,Q. Grimes,1629656.0,1.0,,,,,,,,,,,
158,PT00M32.50S,2022-01-16T01:09:27.0Z,1,REGULAR,3pt,Jump Shot,[],101150,73.9323258869908,14.950980392156863,1610612737,26,27,2022-01-16T01:09:32Z,1570000,-175.0,193.0,1,right,MISS L. Williams 26' pullup 3PT,[101150],1610612737.0,ATL,pullup,,,Williams,L. Williams,,,,,26.03,Missed,,,,,,,,,,,,,,,,,,,
159,PT00M29.70S,2022-01-16T01:09:29.8Z,1,REGULAR,rebound,defensive,[],1629628,,,1610612752,26,27,2022-01-16T01:09:32Z,1580000,,,0,,R. Barrett REBOUND (Off:1 Def:1),[1629628],1610612752.0,NYK,,,,Barrett,R. Barrett,,,,,,,158.0,2.0,1.0,1.0,,,,,,,,,,,,,,,
160,PT00M23.10S,2022-01-16T01:09:37.3Z,1,REGULAR,2pt,Layup,['pointsinthepaint'],1629628,5.469776609724048,49.26470588235294,1610612752,26,29,2022-01-16T01:41:28Z,1590000,4.0,-1.0,1,left,R. Barrett driving finger roll Layup (9 PTS),[1629628],1610612752.0,NYK,driving finger roll,,,Barrett,R. Barrett,,,,,0.39,Made,,,,,9.0,,,,,,,,,,,,,,
162,PT00M23.10S,2022-01-16T01:09:45.3Z,1,REGULAR,foul,personal,"['inpenalty', '1freethrow']",1630168,,,1610612752,26,29,2022-01-16T01:10:05Z,1610000,,,0,,O. Okongwu shooting personal FOUL (2 PF) (Barrett 1 FT),"[1630168, 1629628]",1610612737.0,ATL,shooting,,,Okongwu,O. Okongwu,,,,,,,,,,,,,,,202035.0,2.0,0.0,Barrett,1629628.0,,,,,,
164,PT00M23.10S,2022-01-16T01:10:05.9Z,1,REGULAR,freethrow,1 of 1,[],1629628,,,1610612752,26,30,2022-01-16T01:10:05Z,1630000,,,0,,R. Barrett Free Throw 1 of 1 (10 PTS),[1629628],1610612752.0,NYK,,,,Barrett,R. Barrett,,,,,,Made,,,,,10.0,,,,,,,,,,,,,,
165,PT00M03.00S,2022-01-16T01:10:30.5Z,1,REGULAR,foul,personal,"['inpenalty', '2freethrow']",1629656,,,1610612737,26,30,2022-01-16T01:10:50Z,1640000,,,0,,Q. Grimes personal FOUL (1 PF) (Williams 2 FT),"[1629656, 101150]",1610612752.0,NYK,,,,Grimes,Q. Grimes,,,,,,,,,,,,,,,202027.0,1.0,0.0,Williams,101150.0,,,,,,
167,PT00M03.00S,2022-01-16T01:10:51.7Z,1,REGULAR,freethrow,1 of 2,[],101150,,,1610612737,27,30,2022-01-16T01:10:51Z,1660000,,,0,,L. Williams Free Throw 1 of 2 (1 PTS),[101150],1610612737.0,ATL,,,,Williams,L. Williams,,,,,,Made,,,,,1.0,,,,,,,,,,,,,,
168,PT00M03.00S,2022-01-16T01:11:01.3Z,1,REGULAR,substitution,out,[],1630168,,,1610612737,27,30,2022-01-16T01:11:06Z,1670000,,,0,,SUB out: O. Okongwu,[1630168],1610612737.0,ATL,,,,Okongwu,O. Okongwu,,,,,,,,,,,,,,,,,,,,,,,,,
169,PT00M03.00S,2022-01-16T01:11:01.3Z,1,REGULAR,substitution,in,[],1628381,,,1610612737,27,30,2022-01-16T01:11:06Z,1680000,,,0,,SUB in: J. Collins,[1628381],1610612737.0,ATL,,,,Collins,J. Collins,,,,,,,,,,,,,,,,,,,,,,,,,
170,PT00M03.00S,2022-01-16T01:11:23.2Z,1,REGULAR,freethrow,2 of 2,[],101150,,,1610612737,28,30,2022-01-16T01:11:23Z,1690000,,,0,,L. Williams Free Throw 2 of 2 (2 PTS),[101150],1610612737.0,ATL,,,,Williams,L. Williams,,,,,,Made,,,,,2.0,,,,,,,,,,,,,,
171,PT00M02.20S,2022-01-16T01:11:33.6Z,1,REGULAR,foul,personal,"['inpenalty', '2freethrow']",1628381,,,1610612752,28,30,2022-01-16T01:12:04Z,1700000,,,0,,J. Collins personal FOUL (1 PF) (Gibson 2 FT),"[1628381, 201959]",1610612737.0,ATL,,,,Collins,J. Collins,,,,,,,,,,,,,,,202035.0,1.0,0.0,Gibson,201959.0,,,,,,
173,PT00M02.20S,2022-01-16T01:12:07.5Z,1,REGULAR,freethrow,1 of 2,[],201959,,,1610612752,28,31,2022-01-16T01:12:07Z,1720000,,,0,,T. Gibson Free Throw 1 of 2 (5 PTS),[201959],1610612752.0,NYK,,,,Gibson,T. Gibson,,,,,,Made,,,,,5.0,,,,,,,,,,,,,,
174,PT00M02.20S,2022-01-16T01:12:07.5Z,1,REGULAR,freethrow,2 of 2,[],201959,,,1610612752,28,31,2022-01-16T01:12:26Z,1730000,,,0,,MISS T. Gibson Free Throw 2 of 2,[201959],1610612752.0,NYK,,,,Gibson,T. Gibson,,,,,,Missed,,,,,,,,,,,,,,,,,,,
175,PT00M00.20S,2022-01-16T01:12:09.5Z,1,REGULAR,rebound,defensive,[],1628381,,,1610612737,28,31,2022-01-16T01:12:26Z,1740000,,,0,,J. Collins REBOUND (Off:0 Def:1),[1628381],1610612737.0,ATL,,,,Collins,J. Collins,,,,,,,174.0,1.0,1.0,0.0,,,,,,,,,,,,,,,
176,PT00M00.00S,2022-01-16T01:12:25.8Z,1,REGULAR,period,end,[],0,,,1610612737,28,31,2022-01-16T01:12:25Z,1750000,,,0,,Period End,[],,,,,,,,,,,,,,,,,,,,,,,,,,,,,,,,
177,PT12M00.00S,2022-01-16T01:15:02.2Z,2,REGULAR,period,start,[],0,,,1610612752,28,31,2022-01-16T01:15:02Z,1760000,,,0,,Period Start,[],,,,,,,,,,,,,,,,,,,,,,,,,,,,,,,,
178,PT11M48.00S,2022-01-16T01:15:13.5Z,2,REGULAR,3pt,Jump Shot,[],1629628,23.99802890932983,86.02941176470588,1610612752,28,31,2022-01-16T01:15:19Z,1770000,-180.0,173.0,1,left,MISS R. Barrett 24' 3PT,[1629628],1610612752.0,NYK,,,,Barrett,R. Barrett,,,,,24.98,Missed,,,,,,,,,,,,,,,,,,,
179,PT11M44.00S,2022-01-16T01:15:17.5Z,2,REGULAR,rebound,defensive,[],101150,,,1610612737,28,31,2022-01-16T01:15:19Z,1780000,,,0,,L. Williams REBOUND (Off:0 Def:1),[101150],1610612737.0,ATL,,,,Williams,L. Williams,,,,,,,178.0,1.0,1.0,0.0,,,,,,,,,,,,,,,
180,PT11M31.00S,2022-01-16T01:15:29.5Z,2,REGULAR,3pt,Jump Shot,[],1626153,71.17279894875165,75.24509803921569,1610612737,31,31,2022-01-16T01:15:34Z,1790000,126.0,218.0,1,right,D. Wright 25' 3PT  (3 PTS) (L. Williams 1 AST),"[1626153, 101150]",1610612737.0,ATL,,,,Wright,D. Wright,,,,,25.23,Made,,,,,3.0,L. Williams,101150.0,1.0,,,,,,,,,,,
182,PT11M06.00S,2022-01-16T01:15:56.7Z,2,REGULAR,2pt,Layup,['pointsinthepaint'],1629628,5.995400788436268,51.470588235294116,1610612752,31,31,2022-01-16T01:16:38Z,1810000,-7.0,4.0,1,left,MISS R. Barrett driving Layup,[1629628],1610612752.0,NYK,driving,,,Barrett,R. Barrett,,,,,0.84,Missed,,,,,,,,,,,,,,,,,,,
184,PT11M05.00S,2022-01-16T01:15:57.7Z,2,REGULAR,rebound,offensive,['team'],0,,,1610612752,31,31,2022-01-16T01:16:38Z,1830000,,,0,,TEAM offensive REBOUND,[],1610612752.0,NYK,,,,,,,,,,,,182.0,,,,,,,,,,,,,,,,,,
185,PT11M05.00S,2022-01-16T01:16:01.2Z,2,REGULAR,turnover,shot clock,['team'],0,,,1610612752,31,31,2022-01-16T01:16:10Z,1840000,,,0,,NYK shot clock Team TURNOVER,[],1610612752.0,NYK,,,,,,,,,,,,,,,,,,,,202058.0,,,,,,,,,,
186,PT10M48.00S,2022-01-16T01:16:26.9Z,2,REGULAR,2pt,Layup,"['pointsinthepaint', 'fromturnover']",1627789,93.51182654402102,50.245098039215684,1610612737,33,31,2022-01-16T01:16:35Z,1850000,1.0,8.0,1,right,T. Luwawu-Cabarrot cutting Layup (2 PTS) (L. Williams 2 AST),"[1627789, 101150]",1610612737.0,ATL,cutting,,,Luwawu-Cabarrot,T. Luwawu-Cabarrot,,,,,0.86,Made,,,,,2.0,L. Williams,101150.0,2.0,,,,,,,,,,,
188,PT10M33.00S,2022-01-16T01:16:41.0Z,2,REGULAR,3pt,Jump Shot,[],1630193,27.151773981603156,77.94117647058823,1610612752,33,34,2022-01-16T01:16:46Z,1870000,-140.0,203.0,1,left,I. Quickley 24' 3PT  (3 PTS) (R. Barrett 3 AST),"[1630193, 1629628]",1610612752.0,NYK,,,,Quickley,I. Quickley,,,,,24.62,Made,,,,,3.0,R. Barrett,1629628.0,3.0,,,,,,,,,,,
190,PT10M13.00S,2022-01-16T01:17:08.6Z,2,REGULAR,3pt,Jump Shot,[],201568,66.3107752956636,35.53921568627451,1610612737,33,34,2022-01-16T01:17:13Z,1890000,-72.0,264.0,1,right,MISS D. Gallinari 27' 3PT,[201568],1610612737.0,ATL,,,,Gallinari,D. Gallinari,,,,,27.39,Missed,,,,,,,,,,,,,,,,,,,
191,PT10M10.00S,2022-01-16T01:17:11.6Z,2,REGULAR,rebound,defensive,[],1630193,,,1610612752,33,34,2022-01-16T01:17:13Z,1900000,,,0,,I. Quickley REBOUND (Off:0 Def:3),[1630193],1610612752.0,NYK,,,,Quickley,I. Quickley,,,,,,,190.0,3.0,3.0,0.0,,,,,,,,,,,,,,,
192,PT10M06.00S,2022-01-16T01:17:16.0Z,2,REGULAR,3pt,Jump Shot,['fastbreak'],1630193,30.56833114323259,36.029411764705884,1610612752,33,34,2022-01-16T01:17:26Z,1910000,70.0,235.0,1,left,MISS I. Quickley 24' running pullup 3PT,[1630193],1610612752.0,NYK,running pullup,,,Quickley,I. Quickley,,,,,24.5,Missed,,,,,,,,,,,,,,,,,,,
193,PT10M02.00S,2022-01-16T01:17:20.0Z,2,REGULAR,rebound,defensive,[],1626153,,,1610612737,33,34,2022-01-16T01:17:26Z,1920000,,,0,,D. Wright REBOUND (Off:1 Def:1),[1626153],1610612737.0,ATL,,,,Wright,D. Wright,,,,,,,192.0,2.0,1.0,1.0,,,,,,,,,,,,,,,
194,PT09M55.00S,2022-01-16T01:17:26.3Z,2,REGULAR,3pt,Jump Shot,[],1628381,68.80749014454665,67.40196078431373,1610612737,36,34,2022-01-16T01:17:31Z,1930000,87.0,241.0,1,right,J. Collins 25' 3PT  (8 PTS) (D. Wright 1 AST),"[1628381, 1626153]",1610612737.0,ATL,,,,Collins,J. Collins,,,,,25.59,Made,,,,,8.0,D. Wright,1626153.0,1.0,,,,,,,,,,,
196,PT09M41.00S,2022-01-16T01:17:42.2Z,2,REGULAR,2pt,Layup,['pointsinthepaint'],1629628,5.995400788436268,50.98039215686274,1610612752,36,36,2022-01-16T01:17:49Z,1950000,-5.0,4.0,1,left,R. Barrett driving Layup (12 PTS),[1629628],1610612752.0,NYK,driving,,,Barrett,R. Barrett,,,,,0.63,Made,,,,,12.0,,,,,,,,,,,,,,
197,PT09M41.00S,2022-01-16T01:17:48.3Z,2,REGULAR,foul,personal,['1freethrow'],1628381,,,1610612752,36,36,2022-01-16T01:17:59Z,1960000,,,0,,J. Collins shooting personal FOUL (2 PF) (Barrett 1 FT),"[1628381, 1629628]",1610612737.0,ATL,shooting,,,Collins,J. Collins,,,,,,,,,,,,,,,202027.0,2.0,0.0,Barrett,1629628.0,,,,,,
199,PT09M41.00S,2022-01-16T01:18:00.5Z,2,REGULAR,freethrow,1 of 1,[],1629628,,,1610612752,36,37,2022-01-16T01:18:00Z,1980000,,,0,,R. Barrett Free Throw 1 of 1 (13 PTS),[1629628],1610612752.0,NYK,,,,Barrett,R. Barrett,,,,,,Made,,,,,13.0,,,,,,,,,,,,,,
200,PT09M34.00S,2022-01-16T01:18:11.0Z,2,REGULAR,foul,personal,[],1630167,,,1610612737,36,37,2022-01-16T01:18:19Z,1990000,,,0,,O. Toppin personal FOUL (1 PF),"[1630167, 1626153]",1610612752.0,NYK,,,,Toppin,O. Toppin,,,,,,,,,,,,,,,202058.0,1.0,0.0,Wright,1626153.0,,,,,,
202,PT09M34.00S,2022-01-16T01:18:18.8Z,2,REGULAR,substitution,out,[],1629628,,,1610612737,36,37,2022-01-16T01:18:22Z,2010000,,,0,,SUB out: R. Barrett,[1629628],1610612752.0,NYK,,,,Barrett,R. Barrett,,,,,,,,,,,,,,,,,,,,,,,,,
203,PT09M34.00S,2022-01-16T01:18:18.8Z,2,REGULAR,substitution,in,[],202692,,,1610612737,36,37,2022-01-16T01:18:22Z,2020000,,,0,,SUB in: A. Burks,[202692],1610612752.0,NYK,,,,Burks,A. Burks,,,,,,,,,,,,,,,,,,,,,,,,,
204,PT09M17.00S,2022-01-16T01:18:42.6Z,2,REGULAR,2pt,Jump Shot,[],201568,73.53810775295663,49.26470588235294,1610612737,36,37,2022-01-16T01:20:26Z,2030000,-4.0,196.0,1,right,MISS D. Gallinari 19' Jump Shot,[201568],1610612737.0,ATL,,,,Gallinari,D. Gallinari,,,,,19.62,Missed,,,,,,,,,,,,,,,,,,,
205,PT09M14.00S,2022-01-16T01:18:45.6Z,2,REGULAR,rebound,defensive,[],202692,,,1610612752,36,37,2022-01-16T01:18:51Z,2040000,,,0,,A. Burks REBOUND (Off:0 Def:2),[202692],1610612752.0,NYK,,,,Burks,A. Burks,,,,,,,204.0,2.0,2.0,0.0,,,,,,,,,,,,,,,
206,PT08M53.00S,2022-01-16T01:19:10.9Z,2,REGULAR,stoppage,out-of-bounds,[],0,,,1610612752,36,37,2022-01-16T01:19:10Z,2050000,,,0,,,[],,,,,,,,,,,,,,,,,,,,,,,,,,,,,,,,
207,PT08M51.00S,2022-01-16T01:19:33.2Z,2,REGULAR,turnover,bad pass,[],1630193,,,1610612752,36,37,2022-01-16T01:19:39Z,2060000,,,0,,I. Quickley bad pass TURNOVER (2 TO),"[1630193, 1626153]",1610612752.0,NYK,,,,Quickley,I. Quickley,,,,,,,,,,,,,,,,,,,,2.0,Wright,1626153.0,,,
208,PT08M51.00S,2022-01-16T01:19:33.2Z,2,REGULAR,steal,,[],1626153,,,1610612737,36,37,2022-01-16T01:19:35Z,2070000,,,0,,D. Wright STEAL (1 STL),[1626153],1610612737.0,ATL,,,,Wright,D. Wright,,,,,,,,,,,,,,,,,,,,,,,,,
209,PT08M43.00S,2022-01-16T01:19:45.5Z,2,REGULAR,foul,personal,[],201959,,,1610612737,36,37,2022-01-16T01:19:58Z,2080000,,,0,,T. Gibson personal FOUL (1 PF),"[201959, 1628381]",1610612752.0,NYK,,,,Gibson,T. Gibson,,,,,,,,,,,,,,,202058.0,1.0,0.0,Collins,1628381.0,,,,,,
211,PT08M38.00S,2022-01-16T01:20:29.9Z,2,REGULAR,3pt,Jump Shot,['fromturnover'],1628381,70.64717477003943,18.137254901960784,1610612737,36,37,2022-01-16T01:20:36Z,2100000,-159.0,223.0,1,right,MISS J. Collins 27' 3PT,[1628381],1610612737.0,ATL,,,,Collins,J. Collins,,,,,27.44,Missed,,,,,,,,,,,,,,,,,,,
212,PT08M37.00S,2022-01-16T01:20:33.5Z,2,REGULAR,rebound,defensive,['team'],0,,,1610612752,36,37,2022-01-16T01:20:33Z,2110000,,,0,,TEAM defensive REBOUND,[],1610612752.0,NYK,,,,,,,,,,,,211.0,,,,,,,,,,,,,,,,,,
213,PT08M37.00S,2022-01-16T01:20:35.2Z,2,REGULAR,stoppage,out-of-bounds,[],0,,,1610612752,36,37,2022-01-16T01:20:35Z,2120000,,,0,,,[],,,,,,,,,,,,,,,,,,,,,,,,,,,,,,,,
214,PT08M13.00S,2022-01-16T01:21:00.2Z,2,REGULAR,2pt,DUNK,['pointsinthepaint'],201959,6.389618922470433,49.754901960784316,1610612752,36,39,2022-01-16T01:21:06Z,2130000,1.0,8.0,1,left,T. Gibson DUNK (7 PTS),[201959],1610612752.0,NYK,,,,Gibson,T. Gibson,,,,,0.77,Made,,,,,7.0,,,,,,,,,,,,,,
215,PT07M58.00S,2022-01-16T01:21:15.1Z,2,REGULAR,2pt,DUNK,['pointsinthepaint'],201568,93.51182654402102,49.01960784313725,1610612737,38,39,2022-01-16T01:21:20Z,2140000,-5.0,8.0,1,right,D. Gallinari driving DUNK (5 PTS) (D. Wright 2 AST),"[201568, 1626153]",1610612737.0,ATL,driving,,,Gallinari,D. Gallinari,,,,,0.98,Made,,,,,5.0,D. Wright,1626153.0,2.0,,,,,,,,,,,
217,PT07M39.00S,2022-01-16T01:21:33.9Z,2,REGULAR,3pt,Jump Shot,[],202692,32.670827858081466,48.28431372549019,1610612752,38,42,2022-01-16T01:21:39Z,2160000,9.0,255.0,1,left,A. Burks 25' 3PT  (3 PTS) (O. Toppin 1 AST),"[202692, 1630167]",1610612752.0,NYK,,,,Burks,A. Burks,,,,,25.47,Made,,,,,3.0,O. Toppin,1630167.0,1.0,,,,,,,,,,,
219,PT07M25.00S,2022-01-16T01:21:49.0Z,2,REGULAR,3pt,Jump Shot,[],201568,69.46452036793693,23.774509803921568,1610612737,38,42,2022-01-16T01:21:54Z,2180000,-131.0,235.0,1,right,MISS D. Gallinari 26' 3PT,[201568],1610612737.0,ATL,,,,Gallinari,D. Gallinari,,,,,26.87,Missed,,,,,,,,,,,,,,,,,,,
220,PT07M21.00S,2022-01-16T01:21:53.0Z,2,REGULAR,rebound,defensive,[],1630193,,,1610612752,38,42,2022-01-16T01:21:54Z,2190000,,,0,,I. Quickley REBOUND (Off:0 Def:4),[1630193],1610612752.0,NYK,,,,Quickley,I. Quickley,,,,,,,219.0,4.0,4.0,0.0,,,,,,,,,,,,,,,
221,PT07M18.00S,2022-01-16T01:21:57.3Z,2,REGULAR,foul,personal,[],201568,,,1610612752,38,42,2022-01-16T01:22:10Z,2200000,,,0,,D. Gallinari personal FOUL (1 PF),"[201568, 202692]",1610612737.0,ATL,,,,Gallinari,D. Gallinari,,,,,,,,,,,,,,,202058.0,1.0,0.0,Burks,202692.0,,,,,,
223,PT07M18.00S,2022-01-16T01:22:11.3Z,2,REGULAR,substitution,out,[],1626153,,,1610612752,38,42,2022-01-16T01:22:22Z,2220000,,,0,,SUB out: D. Wright,[1626153],1610612737.0,ATL,,,,Wright,D. Wright,,,,,,,,,,,,,,,,,,,,,,,,,
224,PT07M18.00S,2022-01-16T01:22:11.3Z,2,REGULAR,substitution,out,[],1627789,,,1610612752,38,42,2022-01-16T01:22:22Z,2230000,,,0,,SUB out: T. Luwawu-Cabarrot,[1627789],1610612737.0,ATL,,,,Luwawu-Cabarrot,T. Luwawu-Cabarrot,,,,,,,,,,,,,,,,,,,,,,,,,
225,PT07M18.00S,2022-01-16T01:22:11.3Z,2,REGULAR,substitution,out,[],201568,,,1610612752,38,42,2022-01-16T01:22:22Z,2240000,,,0,,SUB out: D. Gallinari,[201568],1610612737.0,ATL,,,,Gallinari,D. Gallinari,,,,,,,,,,,,,,,,,,,,,,,,,
226,PT07M18.00S,2022-01-16T01:22:11.3Z,2,REGULAR,substitution,in,[],1630168,,,1610612752,38,42,2022-01-16T01:22:22Z,2250000,,,0,,SUB in: O. Okongwu,[1630168],1610612737.0,ATL,,,,Okongwu,O. Okongwu,,,,,,,,,,,,,,,,,,,,,,,,,
227,PT07M18.00S,2022-01-16T01:22:11.3Z,2,REGULAR,substitution,in,[],1629027,,,1610612752,38,42,2022-01-16T01:22:22Z,2260000,,,0,,SUB in: T. Young,[1629027],1610612737.0,ATL,,,,Young,T. Young,,,,,,,,,,,,,,,,,,,,,,,,,
228,PT07M18.00S,2022-01-16T01:22:11.3Z,2,REGULAR,substitution,in,[],1629631,,,1610612752,38,42,2022-01-16T01:22:22Z,2270000,,,0,,SUB in: D. Hunter,[1629631],1610612737.0,ATL,,,,Hunter,D. Hunter,,,,,,,,,,,,,,,,,,,,,,,,,
229,PT07M18.00S,2022-01-16T01:22:11.3Z,2,REGULAR,substitution,out,[],1630167,,,1610612752,38,42,2022-01-16T01:22:39Z,2280000,,,0,,SUB out: O. Toppin,[1630167],1610612752.0,NYK,,,,Toppin,O. Toppin,,,,,,,,,,,,,,,,,,,,,,,,,
230,PT07M18.00S,2022-01-16T01:22:11.3Z,2,REGULAR,substitution,out,[],201959,,,1610612752,38,42,2022-01-16T01:22:39Z,2290000,,,0,,SUB out: T. Gibson,[201959],1610612752.0,NYK,,,,Gibson,T. Gibson,,,,,,,,,,,,,,,,,,,,,,,,,
231,PT07M18.00S,2022-01-16T01:22:11.3Z,2,REGULAR,substitution,in,[],1629011,,,1610612752,38,42,2022-01-16T01:22:39Z,2300000,,,0,,SUB in: M. Robinson,[1629011],1610612752.0,NYK,,,,Robinson,M. Robinson,,,,,,,,,,,,,,,,,,,,,,,,,
232,PT07M18.00S,2022-01-16T01:22:11.3Z,2,REGULAR,substitution,in,[],203944,,,1610612752,38,42,2022-01-16T01:22:39Z,2310000,,,0,,SUB in: J. Randle,[203944],1610612752.0,NYK,,,,Randle,J. Randle,,,,,,,,,,,,,,,,,,,,,,,,,
233,PT07M07.00S,2022-01-16T01:22:44.4Z,2,REGULAR,foul,personal,['2freethrow'],1628381,,,1610612752,38,42,2022-01-16T01:23:03Z,2320000,,,0,,J. Collins shooting personal FOUL (3 PF) (Randle 2 FT),"[1628381, 203944]",1610612737.0,ATL,shooting,,,Collins,J. Collins,,,,,,,,,,,,,,,202035.0,3.0,0.0,Randle,203944.0,,,,,,
235,PT07M07.00S,2022-01-16T01:23:12.0Z,2,REGULAR,freethrow,1 of 2,[],203944,,,1610612752,38,43,2022-01-16T01:23:12Z,2340000,,,0,,J. Randle Free Throw 1 of 2 (3 PTS),[203944],1610612752.0,NYK,,,,Randle,J. Randle,,,,,,Made,,,,,3.0,,,,,,,,,,,,,,
236,PT07M07.00S,2022-01-16T01:23:13.8Z,2,REGULAR,substitution,out,[],101150,,,1610612752,38,43,2022-01-16T01:23:16Z,2350000,,,0,,SUB out: L. Williams,[101150],1610612737.0,ATL,,,,Williams,L. Williams,,,,,,,,,,,,,,,,,,,,,,,,,
237,PT07M07.00S,2022-01-16T01:23:13.8Z,2,REGULAR,substitution,in,[],1628989,,,1610612752,38,43,2022-01-16T01:23:16Z,2360000,,,0,,SUB in: K. Huerter,[1628989],1610612737.0,ATL,,,,Huerter,K. Huerter,,,,,,,,,,,,,,,,,,,,,,,,,
238,PT07M07.00S,2022-01-16T01:23:34.5Z,2,REGULAR,freethrow,2 of 2,[],203944,,,1610612752,38,44,2022-01-16T01:23:34Z,2370000,,,0,,J. Randle Free Throw 2 of 2 (4 PTS),[203944],1610612752.0,NYK,,,,Randle,J. Randle,,,,,,Made,,,,,4.0,,,,,,,,,,,,,,
239,PT06M51.00S,2022-01-16T01:23:52.3Z,2,REGULAR,2pt,Jump Shot,['pointsinthepaint'],1628989,91.14651773981603,57.59803921568627,1610612737,38,44,2022-01-16T01:23:58Z,2380000,38.0,31.0,1,right,MISS K. Huerter turnaround Shot,[1628989],1610612737.0,ATL,turnaround,,,Huerter,K. Huerter,,,,,4.89,Missed,,,,,,,,,,,,,,,,,,,
240,PT06M48.00S,2022-01-16T01:23:55.3Z,2,REGULAR,rebound,defensive,[],1629011,,,1610612752,38,44,2022-01-16T01:23:58Z,2390000,,,0,,M. Robinson REBOUND (Off:2 Def:4),[1629011],1610612752.0,NYK,,,,Robinson,M. Robinson,,,,,,,239.0,6.0,4.0,2.0,,,,,,,,,,,,,,,
241,PT06M32.00S,2022-01-16T01:24:10.8Z,2,REGULAR,3pt,Jump Shot,[],1630193,30.436925098554536,30.392156862745097,1610612752,38,44,2022-01-16T01:24:18Z,2400000,98.0,234.0,1,left,MISS I. Quickley 25' 3PT,[1630193],1610612752.0,NYK,,,,Quickley,I. Quickley,,,,,25.33,Missed,,,,,,,,,,,,,,,,,,,
242,PT06M29.00S,2022-01-16T01:24:13.8Z,2,REGULAR,rebound,defensive,[],1628381,,,1610612737,38,44,2022-01-16T01:24:18Z,2410000,,,0,,J. Collins REBOUND (Off:0 Def:2),[1628381],1610612737.0,ATL,,,,Collins,J. Collins,,,,,,,241.0,2.0,2.0,0.0,,,,,,,,,,,,,,,
243,PT06M20.00S,2022-01-16T01:24:23.2Z,2,REGULAR,2pt,Jump Shot,[],1629027,71.96123521681997,30.637254901960787,1610612737,40,44,2022-01-16T01:24:27Z,2420000,-97.0,211.0,1,right,T. Young 23' step back Jump Shot (11 PTS),[1629027],1610612737.0,ATL,step back,,,Young,T. Young,,,,,23.22,Made,,,,,11.0,,,,,,,,,,,,,,
244,PT05M57.00S,2022-01-16T01:24:45.8Z,2,REGULAR,2pt,Jump Shot,[],203944,11.12023653088042,28.676470588235293,1610612752,40,46,2022-01-16T01:24:53Z,2430000,107.0,52.0,1,left,J. Randle 11' turnaround fadeaway Jump Shot (6 PTS),[203944],1610612752.0,NYK,turnaround fadeaway,,,Randle,J. Randle,,,,,11.86,Made,,,,,6.0,,,,,,,,,,,,,,
245,PT05M42.00S,2022-01-16T01:25:02.7Z,2,REGULAR,turnover,out-of-bounds,[],1628381,,,1610612737,40,46,2022-01-16T01:25:11Z,2440000,,,0,,J. Collins bad pass out-of-bounds TURNOVER (1 TO),[1628381],1610612737.0,ATL,bad pass,,,Collins,J. Collins,,,,,,,,,,,,,,,202035.0,,,,,1.0,,,,,
246,PT05M42.00S,2022-01-16T01:25:09.5Z,2,REGULAR,timeout,full,"['team', 'mandatory']",0,,,1610612752,40,46,2022-01-16T01:25:09Z,2450000,,,0,,ATL Timeout,[],1610612737.0,ATL,,,,,,,,,,,,,,,,,,,,,,,,,,,,,,
247,PT05M42.00S,2022-01-16T01:27:17.6Z,2,REGULAR,substitution,out,[],1628381,,,1610612752,40,46,2022-01-16T01:27:49Z,2460000,,,0,,SUB out: J. Collins,[1628381],1610612737.0,ATL,,,,Collins,J. Collins,,,,,,,,,,,,,,,,,,,,,,,,,
248,PT05M42.00S,2022-01-16T01:27:17.6Z,2,REGULAR,substitution,out,[],1630193,,,1610612752,40,46,2022-01-16T01:27:49Z,2470000,,,0,,SUB out: I. Quickley,[1630193],1610612752.0,NYK,,,,Quickley,I. Quickley,,,,,,,,,,,,,,,,,,,,,,,,,
249,PT05M42.00S,2022-01-16T01:27:17.6Z,2,REGULAR,substitution,out,[],1629656,,,1610612752,40,46,2022-01-16T01:27:49Z,2480000,,,0,,SUB out: Q. Grimes,[1629656],1610612752.0,NYK,,,,Grimes,Q. Grimes,,,,,,,,,,,,,,,,,,,,,,,,,
250,PT05M42.00S,2022-01-16T01:27:17.6Z,2,REGULAR,substitution,in,[],1626153,,,1610612752,40,46,2022-01-16T01:27:49Z,2490000,,,0,,SUB in: D. Wright,[1626153],1610612737.0,ATL,,,,Wright,D. Wright,,,,,,,,,,,,,,,,,,,,,,,,,
251,PT05M42.00S,2022-01-16T01:27:17.6Z,2,REGULAR,substitution,in,[],1629628,,,1610612752,40,46,2022-01-16T01:27:49Z,2500000,,,0,,SUB in: R. Barrett,[1629628],1610612752.0,NYK,,,,Barrett,R. Barrett,,,,,,,,,,,,,,,,,,,,,,,,,
252,PT05M42.00S,2022-01-16T01:27:17.6Z,2,REGULAR,substitution,in,[],203095,,,1610612752,40,46,2022-01-16T01:27:49Z,2510000,,,0,,SUB in: E. Fournier,[203095],1610612752.0,NYK,,,,Fournier,E. Fournier,,,,,,,,,,,,,,,,,,,,,,,,,
253,PT05M21.00S,2022-01-16T01:28:27.8Z,2,REGULAR,2pt,DUNK,"['pointsinthepaint', 'fromturnover']",1629011,5.338370565045992,50.49019607843137,1610612752,40,48,2022-01-16T01:28:34Z,2520000,-2.0,-2.0,1,left,M. Robinson DUNK (8 PTS) (J. Randle 4 AST),"[1629011, 203944]",1610612752.0,NYK,,,,Robinson,M. Robinson,,,,,0.34,Made,,,,,8.0,J. Randle,203944.0,4.0,,,,,,,,,,,
255,PT05M06.00S,2022-01-16T01:28:42.3Z,2,REGULAR,3pt,Jump Shot,[],1629631,71.04139290407359,24.754901960784316,1610612737,40,48,2022-01-16T01:28:47Z,2540000,-126.0,220.0,1,right,MISS D. Hunter 25' 3PT,[1629631],1610612737.0,ATL,,,,Hunter,D. Hunter,,,,,25.34,Missed,,,,,,,,,,,,,,,,,,,
256,PT05M02.00S,2022-01-16T01:28:46.3Z,2,REGULAR,rebound,defensive,[],202692,,,1610612752,40,48,2022-01-16T01:28:47Z,2550000,,,0,,A. Burks REBOUND (Off:0 Def:3),[202692],1610612752.0,NYK,,,,Burks,A. Burks,,,,,,,255.0,3.0,3.0,0.0,,,,,,,,,,,,,,,
257,PT04M50.00S,2022-01-16T01:28:58.9Z,2,REGULAR,2pt,DUNK,['pointsinthepaint'],1629011,5.995400788436268,49.754901960784316,1610612752,40,48,2022-01-16T01:29:05Z,2560000,1.0,4.0,1,left,MISS M. Robinson DUNK,[1629011],1610612752.0,NYK,,,,Robinson,M. Robinson,,,,,0.41,Missed,,,,,,,,,,,,,,,,,,,
258,PT04M47.00S,2022-01-16T01:29:01.9Z,2,REGULAR,rebound,defensive,[],1629631,,,1610612737,40,48,2022-01-16T01:29:05Z,2570000,,,0,,D. Hunter REBOUND (Off:0 Def:2),[1629631],1610612737.0,ATL,,,,Hunter,D. Hunter,,,,,,,257.0,2.0,2.0,0.0,,,,,,,,,,,,,,,
259,PT04M37.00S,2022-01-16T01:29:12.0Z,2,REGULAR,2pt,DUNK,['pointsinthepaint'],1630168,93.64323258869908,49.50980392156863,1610612737,42,48,2022-01-16T01:29:23Z,2580000,-2.0,7.0,1,right,O. Okongwu cutting DUNK (4 PTS) (K. Huerter 2 AST),"[1630168, 1628989]",1610612737.0,ATL,cutting,,,Okongwu,O. Okongwu,,,,,0.77,Made,,,,,4.0,K. Huerter,1628989.0,2.0,,,,,,,,,,,
261,PT04M16.00S,2022-01-16T01:29:31.9Z,2,REGULAR,2pt,Jump Shot,[],203944,5.206964520367937,24.509803921568626,1610612752,42,50,2022-01-16T01:29:39Z,2600000,127.0,-4.0,1,left,J. Randle 12' step back Jump Shot (8 PTS),[203944],1610612752.0,NYK,step back,,,Randle,J. Randle,,,,,12.76,Made,,,,,8.0,,,,,,,,,,,,,,
262,PT04M05.00S,2022-01-16T01:29:43.9Z,2,REGULAR,2pt,Layup,['pointsinthepaint'],1629027,91.67214191852825,42.64705882352941,1610612737,42,50,2022-01-16T01:29:50Z,2610000,-37.0,26.0,1,right,MISS T. Young driving Layup,[1629027],1610612737.0,ATL,driving,,,Young,T. Young,,,,,4.49,Missed,,,,,,,,,,,,,,,,,,,
263,PT04M02.00S,2022-01-16T01:29:46.9Z,2,REGULAR,rebound,offensive,[],1630168,,,1610612737,42,50,2022-01-16T01:29:50Z,2620000,,,0,,O. Okongwu REBOUND (Off:1 Def:1),[1630168],1610612737.0,ATL,,,,Okongwu,O. Okongwu,,,,,,,262.0,2.0,1.0,1.0,,,,,,,,,,,,,,,
264,PT04M02.00S,2022-01-16T01:29:47.8Z,2,REGULAR,2pt,Layup,"['pointsinthepaint', '2ndchance']",1630168,94.40999984741211,50.0,1610612737,44,50,2022-01-16T01:29:47Z,2630000,0.0,0.0,1,right,O. Okongwu tip Layup (6 PTS),[1630168],1610612737.0,ATL,tip,,,Okongwu,O. Okongwu,,,,,0.0,Made,,,,,6.0,,,,,,,,,,,,,,
265,PT03M50.00S,2022-01-16T01:29:58.7Z,2,REGULAR,3pt,Jump Shot,[],203944,33.722076215505915,56.61764705882353,1610612752,44,53,2022-01-16T01:30:04Z,2640000,-33.0,264.0,1,left,J. Randle 26' 3PT  (11 PTS) (A. Burks 2 AST),"[203944, 202692]",1610612752.0,NYK,,,,Randle,J. Randle,,,,,26.66,Made,,,,,11.0,A. Burks,202692.0,2.0,,,,,,,,,,,
267,PT03M33.00S,2022-01-16T01:30:15.5Z,2,REGULAR,3pt,Jump Shot,[],1629631,72.22404730617609,21.07843137254902,1610612737,47,53,2022-01-16T01:30:20Z,2660000,-145.0,209.0,1,right,D. Hunter 25' 3PT  (4 PTS),[1629631],1610612737.0,ATL,,,,Hunter,D. Hunter,,,,,25.38,Made,,,,,4.0,,,,,,,,,,,,,,
268,PT03M14.00S,2022-01-16T01:30:35.4Z,2,REGULAR,2pt,Layup,['pointsinthepaint'],203944,5.469776609724048,51.470588235294116,1610612752,47,55,2022-01-16T01:30:42Z,2670000,-7.0,-1.0,1,left,J. Randle driving Layup (13 PTS) (A. Burks 3 AST),"[203944, 202692]",1610612752.0,NYK,driving,,,Randle,J. Randle,,,,,0.75,Made,,,,,13.0,A. Burks,202692.0,3.0,,,,,,,,,,,
269,PT02M59.00S,2022-01-16T01:30:49.7Z,2,REGULAR,turnover,bad pass,[],1629027,,,1610612737,47,55,2022-01-16T01:30:56Z,2680000,,,0,,T. Young bad pass TURNOVER (2 TO),"[1629027, 1629628]",1610612737.0,ATL,,,,Young,T. Young,,,,,,,,,,,,,,,,,,,,2.0,Barrett,1629628.0,,,
270,PT02M59.00S,2022-01-16T01:30:49.7Z,2,REGULAR,steal,,[],1629628,,,1610612752,47,55,2022-01-16T01:36:16Z,2690000,,,0,,R. Barrett STEAL (1 STL),[1629628],1610612752.0,NYK,,,,Barrett,R. Barrett,,,,,,,,,,,,,,,,,,,,,,,,,
271,PT02M56.00S,2022-01-16T01:30:53.4Z,2,REGULAR,2pt,DUNK,"['pointsinthepaint', 'fromturnover', 'fastbreak']",203944,5.863994743758213,49.01960784313725,1610612752,47,57,2022-01-16T01:31:03Z,2700000,5.0,3.0,1,left,J. Randle running DUNK (15 PTS) (A. Burks 4 AST),"[203944, 202692]",1610612752.0,NYK,running,,,Randle,J. Randle,,,,,0.55,Made,,,,,15.0,A. Burks,202692.0,4.0,,,,,,,,,,,
273,PT02M41.00S,2022-01-16T01:31:07.8Z,2,REGULAR,3pt,Jump Shot,[],1628989,91.5407358738502,95.09803921568627,1610612737,47,57,2022-01-16T01:31:13Z,2720000,225.0,27.0,1,right,MISS K. Huerter 3PT,[1628989],1610612737.0,ATL,,,,Huerter,K. Huerter,,,,,22.71,Missed,,,,,,,,,,,,,,,,,,,
274,PT02M38.00S,2022-01-16T01:31:10.8Z,2,REGULAR,rebound,defensive,[],1629011,,,1610612752,47,57,2022-01-16T01:31:13Z,2730000,,,0,,M. Robinson REBOUND (Off:2 Def:5),[1629011],1610612752.0,NYK,,,,Robinson,M. Robinson,,,,,,,273.0,7.0,5.0,2.0,,,,,,,,,,,,,,,
275,PT02M20.00S,2022-01-16T01:31:29.4Z,2,REGULAR,3pt,Jump Shot,[],203095,31.488173455978973,59.068627450980394,1610612752,47,60,2022-01-16T01:31:34Z,2740000,-45.0,243.0,1,left,E. Fournier 24' 3PT pullup (6 PTS) (J. Randle 5 AST),"[203095, 203944]",1610612752.0,NYK,pullup,,,Fournier,E. Fournier,,,,,24.77,Made,,,,,6.0,J. Randle,203944.0,5.0,,,,,,,,,,,
277,PT02M11.00S,2022-01-16T01:31:42.1Z,2,REGULAR,timeout,full,"['team', 'mandatory']",0,,,1610612737,47,60,2022-01-16T01:31:42Z,2760000,,,0,,ATL Timeout,[],1610612737.0,ATL,,,,,,,,,,,,,,,,,,,,,,,,,,,,,,
279,PT02M11.00S,2022-01-16T01:33:31.5Z,2,REGULAR,substitution,out,[],1629631,,,1610612737,47,60,2022-01-16T01:34:07Z,2770000,,,0,,SUB out: D. Hunter,[1629631],1610612737.0,ATL,,,,Hunter,D. Hunter,,,,,,,,,,,,,,,,,,,,,,,,,
280,PT02M11.00S,2022-01-16T01:33:31.5Z,2,REGULAR,substitution,out,[],1630168,,,1610612737,47,60,2022-01-16T01:34:07Z,2780000,,,0,,SUB out: O. Okongwu,[1630168],1610612737.0,ATL,,,,Okongwu,O. Okongwu,,,,,,,,,,,,,,,,,,,,,,,,,
281,PT02M11.00S,2022-01-16T01:33:31.5Z,2,REGULAR,substitution,out,[],1629011,,,1610612737,47,60,2022-01-16T01:34:07Z,2790000,,,0,,SUB out: M. Robinson,[1629011],1610612752.0,NYK,,,,Robinson,M. Robinson,,,,,,,,,,,,,,,,,,,,,,,,,
282,PT02M11.00S,2022-01-16T01:33:31.5Z,2,REGULAR,substitution,in,[],201568,,,1610612737,47,60,2022-01-16T01:34:07Z,2800000,,,0,,SUB in: D. Gallinari,[201568],1610612737.0,ATL,,,,Gallinari,D. Gallinari,,,,,,,,,,,,,,,,,,,,,,,,,
283,PT02M11.00S,2022-01-16T01:33:31.5Z,2,REGULAR,substitution,in,[],203476,,,1610612737,47,60,2022-01-16T01:34:07Z,2810000,,,0,,SUB in: G. Dieng,[203476],1610612737.0,ATL,,,,Dieng,G. Dieng,,,,,,,,,,,,,,,,,,,,,,,,,
284,PT02M11.00S,2022-01-16T01:33:31.5Z,2,REGULAR,substitution,in,[],201959,,,1610612737,47,60,2022-01-16T01:34:07Z,2820000,,,0,,SUB in: T. Gibson,[201959],1610612752.0,NYK,,,,Gibson,T. Gibson,,,,,,,,,,,,,,,,,,,,,,,,,
285,PT02M03.00S,2022-01-16T01:34:38.9Z,2,REGULAR,3pt,Jump Shot,[],201568,88.78120893561103,3.431372549019608,1610612737,50,60,2022-01-16T01:34:44Z,2830000,-233.0,53.0,1,right,D. Gallinari 3PT  (8 PTS) (G. Dieng 1 AST),"[201568, 203476]",1610612737.0,ATL,,,,Gallinari,D. Gallinari,,,,,23.88,Made,,,,,8.0,G. Dieng,203476.0,1.0,,,,,,,,,,,
287,PT01M48.00S,2022-01-16T01:34:54.1Z,2,REGULAR,2pt,Layup,['pointsinthepaint'],202692,5.206964520367937,50.98039215686274,1610612752,50,62,2022-01-16T01:35:02Z,2850000,-5.0,-4.0,1,left,A. Burks driving Layup (5 PTS),[202692],1610612752.0,NYK,driving,,,Burks,A. Burks,,,,,0.61,Made,,,,,5.0,,,,,,,,,,,,,,
288,PT01M42.00S,2022-01-16T01:35:01.9Z,2,REGULAR,foul,personal,['2freethrow'],203944,,,1610612737,50,62,2022-01-16T01:35:25Z,2860000,,,0,,J. Randle shooting personal FOUL (2 PF) (Young 2 FT),"[203944, 1629027]",1610612752.0,NYK,shooting,,,Randle,J. Randle,,,,,,,,,,,,,,,202035.0,2.0,0.0,Young,1629027.0,,,,,,
290,PT01M42.00S,2022-01-16T01:35:26.3Z,2,REGULAR,freethrow,1 of 2,[],1629027,,,1610612737,50,62,2022-01-16T01:35:26Z,2880000,,,0,,MISS T. Young Free Throw 1 of 2,[1629027],1610612737.0,ATL,,,,Young,T. Young,,,,,,Missed,,,,,,,,,,,,,,,,,,,
291,PT01M42.00S,2022-01-16T01:35:26.3Z,2,REGULAR,rebound,offensive,"['deadball', 'team']",0,,,1610612737,50,62,2022-01-16T01:35:26Z,2890000,,,0,,TEAM offensive REBOUND,[],1610612737.0,ATL,,,,,,,,,,,,290.0,,,,,,,,,,,,,,,,,,
292,PT01M42.00S,2022-01-16T01:35:37.7Z,2,REGULAR,freethrow,2 of 2,[],1629027,,,1610612737,51,62,2022-01-16T01:35:37Z,2900000,,,0,,T. Young Free Throw 2 of 2 (12 PTS),[1629027],1610612737.0,ATL,,,,Young,T. Young,,,,,,Made,,,,,12.0,,,,,,,,,,,,,,
293,PT01M24.00S,2022-01-16T01:35:58.3Z,2,REGULAR,3pt,Jump Shot,[],203944,29.911300919842315,65.19607843137256,1610612752,51,62,2022-01-16T01:36:05Z,2910000,-76.0,229.0,1,left,MISS J. Randle 24' step back 3PT,[203944],1610612752.0,NYK,step back,,,Randle,J. Randle,,,,,24.1,Missed,,,,,,,,,,,,,,,,,,,
294,PT01M23.00S,2022-01-16T01:35:59.3Z,2,REGULAR,rebound,defensive,['team'],0,,,1610612737,51,62,2022-01-16T01:36:05Z,2920000,,,0,,TEAM defensive REBOUND,[],1610612737.0,ATL,,,,,,,,,,,,293.0,,,,,,,,,,,,,,,,,,
295,PT01M23.00S,2022-01-16T01:36:03.3Z,2,REGULAR,stoppage,out-of-bounds,[],0,,,1610612737,51,62,2022-01-16T01:36:03Z,2930000,,,0,,,[],,,,,,,,,,,,,,,,,,,,,,,,,,,,,,,,
296,PT01M23.00S,2022-01-16T01:36:05.0Z,2,REGULAR,substitution,out,[],201959,,,1610612737,51,62,2022-01-16T01:36:08Z,2940000,,,0,,SUB out: T. Gibson,[201959],1610612752.0,NYK,,,,Gibson,T. Gibson,,,,,,,,,,,,,,,,,,,,,,,,,
297,PT01M23.00S,2022-01-16T01:36:05.0Z,2,REGULAR,substitution,in,[],1629011,,,1610612737,51,62,2022-01-16T01:36:08Z,2950000,,,0,,SUB in: M. Robinson,[1629011],1610612752.0,NYK,,,,Robinson,M. Robinson,,,,,,,,,,,,,,,,,,,,,,,,,
298,PT01M16.00S,2022-01-16T01:36:19.0Z,2,REGULAR,2pt,Layup,['pointsinthepaint'],1629027,92.9862023653088,49.50980392156863,1610612737,51,62,2022-01-16T01:36:24Z,2960000,-2.0,13.0,1,right,MISS T. Young driving Layup,[1629027],1610612737.0,ATL,driving,,,Young,T. Young,,,,,1.36,Missed,,,,,,,,,,,,,,,,,,,
299,PT01M13.00S,2022-01-16T01:36:22.0Z,2,REGULAR,rebound,defensive,[],203944,,,1610612752,51,62,2022-01-16T01:36:24Z,2970000,,,0,,J. Randle REBOUND (Off:0 Def:2),[203944],1610612752.0,NYK,,,,Randle,J. Randle,,,,,,,298.0,2.0,2.0,0.0,,,,,,,,,,,,,,,
300,PT01M10.00S,2022-01-16T01:36:28.0Z,2,REGULAR,stoppage,out-of-bounds,[],0,,,1610612752,51,62,2022-01-16T01:36:28Z,2980000,,,0,,,[],,,,,,,,,,,,,,,,,,,,,,,,,,,,,,,,
301,PT00M56.50S,2022-01-16T01:36:55.4Z,2,REGULAR,3pt,Jump Shot,[],203095,17.296320630749015,93.87254901960785,1610612752,51,65,2022-01-16T01:37:00Z,2990000,-219.0,110.0,1,left,E. Fournier 24' 3PT  (9 PTS) (J. Randle 6 AST),"[203095, 203944]",1610612752.0,NYK,,,,Fournier,E. Fournier,,,,,24.55,Made,,,,,9.0,J. Randle,203944.0,6.0,,,,,,,,,,,
303,PT00M45.30S,2022-01-16T01:37:18.4Z,2,REGULAR,stoppage,out-of-bounds,[],0,,,1610612737,51,65,2022-01-16T01:37:18Z,3010000,,,0,,,[],,,,,,,,,,,,,,,,,,,,,,,,,,,,,,,,
304,PT00M33.50S,2022-01-16T01:37:40.9Z,2,REGULAR,3pt,Jump Shot,[],1629027,71.69842312746385,80.63725490196079,1610612737,51,65,2022-01-16T01:37:46Z,3020000,153.0,214.0,1,right,MISS T. Young 26' 3PT,[1629027],1610612737.0,ATL,,,,Young,T. Young,,,,,26.28,Missed,,,,,,,,,,,,,,,,,,,
305,PT00M29.60S,2022-01-16T01:37:44.8Z,2,REGULAR,rebound,defensive,[],1629628,,,1610612752,51,65,2022-01-16T01:37:46Z,3030000,,,0,,R. Barrett REBOUND (Off:1 Def:2),[1629628],1610612752.0,NYK,,,,Barrett,R. Barrett,,,,,,,304.0,3.0,2.0,1.0,,,,,,,,,,,,,,,
306,PT00M26.80S,2022-01-16T01:37:48.2Z,2,REGULAR,turnover,out-of-bounds,[],203095,,,1610612752,51,65,2022-01-16T01:37:56Z,3040000,,,0,,E. Fournier lost ball out-of-bounds TURNOVER (2 TO),[203095],1610612752.0,NYK,lost ball,,,Fournier,E. Fournier,,,,,,,,,,,,,,,202027.0,,,,,2.0,,,,,
307,PT00M02.40S,2022-01-16T01:38:18.8Z,2,REGULAR,2pt,Jump Shot,['fromturnover'],1626153,81.2910643889619,11.76470588235294,1610612737,51,65,2022-01-16T01:38:25Z,3050000,-191.0,123.0,1,right,MISS D. Wright 22' Jump Shot,[1626153],1610612737.0,ATL,,,,Wright,D. Wright,,,,,22.76,Missed,,,,,,,,,,,,,,,,,,,
308,PT00M02.40S,2022-01-16T01:38:18.8Z,2,REGULAR,rebound,defensive,[],202692,,,1610612752,51,65,2022-01-16T01:38:25Z,3060000,,,0,,A. Burks REBOUND (Off:0 Def:4),[202692],1610612752.0,NYK,,,,Burks,A. Burks,,,,,,,307.0,4.0,4.0,0.0,,,,,,,,,,,,,,,
309,PT00M00.00S,2022-01-16T01:38:23.5Z,2,REGULAR,period,end,[],0,,,1610612752,51,65,2022-01-16T01:38:23Z,3070000,,,0,,Period End,[],,,,,,,,,,,,,,,,,,,,,,,,,,,,,,,,
310,PT12M00.00S,2022-01-16T01:53:25.1Z,3,REGULAR,substitution,out,['startperiod'],1626153,,,1610612752,51,65,2022-01-16T01:53:48Z,3080000,,,0,,SUB out: D. Wright,[1626153],1610612737.0,ATL,,,,Wright,D. Wright,,,,,,,,,,,,,,,,,,,,,,,,,
311,PT12M00.00S,2022-01-16T01:53:25.1Z,3,REGULAR,substitution,out,['startperiod'],201568,,,1610612752,51,65,2022-01-16T01:53:48Z,3090000,,,0,,SUB out: D. Gallinari,[201568],1610612737.0,ATL,,,,Gallinari,D. Gallinari,,,,,,,,,,,,,,,,,,,,,,,,,
312,PT12M00.00S,2022-01-16T01:53:25.1Z,3,REGULAR,substitution,in,['startperiod'],1629631,,,1610612752,51,65,2022-01-16T01:53:48Z,3100000,,,0,,SUB in: D. Hunter,[1629631],1610612737.0,ATL,,,,Hunter,D. Hunter,,,,,,,,,,,,,,,,,,,,,,,,,
313,PT12M00.00S,2022-01-16T01:53:25.1Z,3,REGULAR,substitution,in,['startperiod'],1628381,,,1610612752,51,65,2022-01-16T01:53:48Z,3110000,,,0,,SUB in: J. Collins,[1628381],1610612737.0,ATL,,,,Collins,J. Collins,,,,,,,,,,,,,,,,,,,,,,,,,
314,PT12M00.00S,2022-01-16T01:53:38.5Z,3,REGULAR,period,start,[],0,,,1610612752,51,65,2022-01-16T01:53:48Z,3120000,,,0,,Period Start,[],,,,,,,,,,,,,,,,,,,,,,,,,,,,,,,,
315,PT11M47.00S,2022-01-16T01:53:50.7Z,3,REGULAR,3pt,Jump Shot,[],202692,83.13074901445466,93.87254901960785,1610612752,51,65,2022-01-16T01:53:56Z,3130000,219.0,106.0,1,right,MISS A. Burks 24' 3PT,[202692],1610612752.0,NYK,,,,Burks,A. Burks,,,,,24.37,Missed,,,,,,,,,,,,,,,,,,,
316,PT11M43.00S,2022-01-16T01:53:54.7Z,3,REGULAR,rebound,defensive,[],203476,,,1610612737,51,65,2022-01-16T01:53:56Z,3140000,,,0,,G. Dieng REBOUND (Off:0 Def:2),[203476],1610612737.0,ATL,,,,Dieng,G. Dieng,,,,,,,315.0,2.0,2.0,0.0,,,,,,,,,,,,,,,
317,PT11M32.00S,2022-01-16T01:54:06.0Z,3,REGULAR,2pt,Layup,['pointsinthepaint'],1629631,5.732588699080158,48.28431372549019,1610612737,53,65,2022-01-16T01:54:17Z,3150000,9.0,1.0,1,left,D. Hunter driving Layup (6 PTS) (T. Young 3 AST),"[1629631, 1629027]",1610612737.0,ATL,driving,,,Hunter,D. Hunter,,,,,0.87,Made,,,,,6.0,T. Young,1629027.0,3.0,,,,,,,,,,,
319,PT11M07.00S,2022-01-16T01:54:30.0Z,3,REGULAR,2pt,Jump Shot,[],1629628,76.2976346911958,21.813725490196077,1610612752,53,65,2022-01-16T01:54:34Z,3170000,-141.0,170.0,1,right,MISS R. Barrett 22' pullup Shot,[1629628],1610612752.0,NYK,pullup,,,Barrett,R. Barrett,,,,,22.1,Missed,,,,,,,,,,,,,,,,,,,
320,PT11M03.00S,2022-01-16T01:54:33.7Z,3,REGULAR,rebound,defensive,[],1628989,,,1610612737,53,65,2022-01-16T01:54:33Z,3180000,,,0,,K. Huerter REBOUND (Off:0 Def:2),[1628989],1610612737.0,ATL,,,,Huerter,K. Huerter,,,,,,,319.0,2.0,2.0,0.0,,,,,,,,,,,,,,,
321,PT10M57.00S,2022-01-16T01:54:40.0Z,3,REGULAR,3pt,Jump Shot,[],1628989,28.728646517739815,18.38235294117647,1610612737,53,65,2022-01-16T01:54:45Z,3190000,158.0,218.0,1,left,MISS K. Huerter 26' 3PT,[1628989],1610612737.0,ATL,,,,Huerter,K. Huerter,,,,,26.89,Missed,,,,,,,,,,,,,,,,,,,
322,PT10M54.00S,2022-01-16T01:54:43.0Z,3,REGULAR,rebound,defensive,[],203944,,,1610612752,53,65,2022-01-16T01:54:45Z,3200000,,,0,,J. Randle REBOUND (Off:0 Def:3),[203944],1610612752.0,NYK,,,,Randle,J. Randle,,,,,,,321.0,3.0,3.0,0.0,,,,,,,,,,,,,,,
323,PT10M36.00S,2022-01-16T01:55:01.7Z,3,REGULAR,2pt,Jump Shot,[],203095,69.72733245729303,52.69607843137255,1610612752,53,65,2022-01-16T01:55:08Z,3210000,13.0,232.0,1,right,MISS E. Fournier 23' step back Shot,[203095],1610612752.0,NYK,step back,,,Fournier,E. Fournier,,,,,23.25,Missed,,,,,,,,,,,,,,,,,,,
324,PT10M32.00S,2022-01-16T01:55:05.7Z,3,REGULAR,rebound,defensive,[],203476,,,1610612737,53,65,2022-01-16T01:55:08Z,3220000,,,0,,G. Dieng REBOUND (Off:0 Def:3),[203476],1610612737.0,ATL,,,,Dieng,G. Dieng,,,,,,,323.0,3.0,3.0,0.0,,,,,,,,,,,,,,,
325,PT10M28.00S,2022-01-16T01:55:09.5Z,3,REGULAR,3pt,Jump Shot,[],1629027,32.40801576872536,70.58823529411765,1610612737,53,65,2022-01-16T01:55:17Z,3230000,-103.0,252.0,1,left,MISS T. Young 27' pullup 3PT,[1629027],1610612737.0,ATL,pullup,,,Young,T. Young,,,,,27.23,Missed,,,,,,,,,,,,,,,,,,,
326,PT10M24.00S,2022-01-16T01:55:13.5Z,3,REGULAR,rebound,defensive,[],1629011,,,1610612752,53,65,2022-01-16T01:55:17Z,3240000,,,0,,M. Robinson REBOUND (Off:2 Def:6),[1629011],1610612752.0,NYK,,,,Robinson,M. Robinson,,,,,,,325.0,8.0,6.0,2.0,,,,,,,,,,,,,,,
327,PT10M16.00S,2022-01-16T01:55:21.1Z,3,REGULAR,2pt,Jump Shot,['pointsinthepaint'],1629628,83.78777923784494,50.98039215686274,1610612752,53,67,2022-01-16T01:55:27Z,3250000,5.0,100.0,1,right,R. Barrett 10' driving floating Jump Shot (15 PTS),[1629628],1610612752.0,NYK,driving floating,,,Barrett,R. Barrett,,,,,10.0,Made,,,,,15.0,,,,,,,,,,,,,,
328,PT09M57.00S,2022-01-16T01:55:39.9Z,3,REGULAR,3pt,Jump Shot,[],1629631,30.56833114323259,30.637254901960787,1610612737,53,67,2022-01-16T02:55:38Z,3260000,97.0,235.0,1,left,MISS D. Hunter 25' step back 3PT,[1629631],1610612737.0,ATL,step back,,,Hunter,D. Hunter,,,,,25.4,Missed,,,,,,,,,,,,,,,,,,,
329,PT09M55.00S,2022-01-16T01:55:41.9Z,3,REGULAR,rebound,defensive,[],202692,,,1610612752,53,67,2022-01-16T01:55:46Z,3270000,,,0,,A. Burks REBOUND (Off:0 Def:5),[202692],1610612752.0,NYK,,,,Burks,A. Burks,,,,,,,328.0,5.0,5.0,0.0,,,,,,,,,,,,,,,
330,PT09M49.00S,2022-01-16T01:55:48.8Z,3,REGULAR,3pt,Jump Shot,[],1629628,67.62483574244416,40.19607843137255,1610612752,53,70,2022-01-16T01:55:54Z,3280000,-49.0,252.0,1,right,R. Barrett 25' 3PT  (18 PTS) (J. Randle 7 AST),"[1629628, 203944]",1610612752.0,NYK,,,,Barrett,R. Barrett,,,,,25.65,Made,,,,,18.0,J. Randle,203944.0,7.0,,,,,,,,,,,
332,PT09M47.00S,2022-01-16T01:55:54.0Z,3,REGULAR,timeout,full,"['team', 'mandatory']",0,,,1610612737,53,70,2022-01-16T01:55:54Z,3300000,,,0,,ATL Timeout,[],1610612737.0,ATL,,,,,,,,,,,,,,,,,,,,,,,,,,,,,,
333,PT09M34.00S,2022-01-16T01:58:54.8Z,3,REGULAR,3pt,Jump Shot,[],203476,10.200394218134035,96.32352941176471,1610612737,56,70,2022-01-16T01:58:59Z,3310000,-232.0,43.0,1,left,G. Dieng 3PT  (7 PTS) (K. Huerter 3 AST),"[203476, 1628989]",1610612737.0,ATL,,,,Dieng,G. Dieng,,,,,23.56,Made,,,,,7.0,K. Huerter,1628989.0,3.0,,,,,,,,,,,
335,PT09M15.00S,2022-01-16T01:59:14.1Z,3,REGULAR,turnover,bad pass,[],1629011,,,1610612752,56,70,2022-01-16T01:59:19Z,3330000,,,0,,M. Robinson bad pass TURNOVER (1 TO),"[1629011, 1629027]",1610612752.0,NYK,,,,Robinson,M. Robinson,,,,,,,,,,,,,,,,,,,,1.0,Young,1629027.0,,,
336,PT09M15.00S,2022-01-16T01:59:14.1Z,3,REGULAR,steal,,[],1629027,,,1610612737,56,70,2022-01-16T01:59:16Z,3340000,,,0,,T. Young STEAL (2 STL),[1629027],1610612737.0,ATL,,,,Young,T. Young,,,,,,,,,,,,,,,,,,,,,,,,,
337,PT09M14.00S,2022-01-16T01:59:17.3Z,3,REGULAR,foul,personal,[],1629628,,,1610612737,56,70,2022-01-16T01:59:34Z,3350000,,,0,,R. Barrett take personal FOUL (2 PF),"[1629628, 1629027]",1610612752.0,NYK,take,,,Barrett,R. Barrett,,,,,,,,,,,,,,,202035.0,2.0,0.0,Young,1629027.0,,,,,,
339,PT08M56.00S,2022-01-16T01:59:54.4Z,3,REGULAR,3pt,Jump Shot,['fromturnover'],203476,23.603810775295663,85.5392156862745,1610612737,56,70,2022-01-16T02:00:02Z,3370000,-178.0,169.0,1,left,MISS G. Dieng 24' 3PT,[203476],1610612737.0,ATL,,,,Dieng,G. Dieng,,,,,24.55,Missed,,,,,,,,,,,,,,,,,,,
340,PT08M50.00S,2022-01-16T02:00:00.4Z,3,REGULAR,rebound,defensive,[],203944,,,1610612752,56,70,2022-01-16T02:00:02Z,3380000,,,0,,J. Randle REBOUND (Off:0 Def:4),[203944],1610612752.0,NYK,,,,Randle,J. Randle,,,,,,,339.0,4.0,4.0,0.0,,,,,,,,,,,,,,,
341,PT08M44.00S,2022-01-16T02:00:05.9Z,3,REGULAR,3pt,Jump Shot,[],1629628,66.04796320630749,50.49019607843137,1610612752,56,70,2022-01-16T02:00:11Z,3390000,2.0,267.0,1,right,MISS R. Barrett 26' pullup 3PT,[1629628],1610612752.0,NYK,pullup,,,Barrett,R. Barrett,,,,,26.66,Missed,,,,,,,,,,,,,,,,,,,
342,PT08M40.00S,2022-01-16T02:00:09.9Z,3,REGULAR,rebound,offensive,[],1629011,,,1610612752,56,70,2022-01-16T02:00:09Z,3400000,,,0,,M. Robinson REBOUND (Off:3 Def:6),[1629011],1610612752.0,NYK,,,,Robinson,M. Robinson,,,,,,,341.0,9.0,6.0,3.0,,,,,,,,,,,,,,,
343,PT08M30.00S,2022-01-16T02:00:21.2Z,3,REGULAR,2pt,Layup,"['pointsinthepaint', '2ndchance']",1629011,92.9862023653088,50.73529411764706,1610612752,56,70,2022-01-16T02:00:30Z,3410000,4.0,13.0,1,right,MISS M. Robinson Layup - blocked,"[1629011, 1628989]",1610612752.0,NYK,,,,Robinson,M. Robinson,,,,,1.39,Missed,,,,,,,,,,,,,,,,,Huerter,1628989.0,
344,PT08M30.00S,2022-01-16T02:00:21.2Z,3,REGULAR,block,,[],1628989,,,1610612752,56,70,2022-01-16T02:00:26Z,3420000,,,0,,K. Huerter BLOCK (1 BLK),[1628989],1610612737.0,ATL,,,,Huerter,K. Huerter,,,,,,,,,,,,,,,,,,,,,,,,,
345,PT08M30.00S,2022-01-16T02:00:21.2Z,3,REGULAR,rebound,offensive,['team'],0,,,1610612752,56,70,2022-01-16T02:00:30Z,3430000,,,0,,TEAM offensive REBOUND,[],1610612752.0,NYK,,,,,,,,,,,,343.0,,,,,,,,,,,,,,,,,,
346,PT08M30.00S,2022-01-16T02:00:29.1Z,3,REGULAR,stoppage,out-of-bounds,[],0,,,1610612752,56,70,2022-01-16T02:00:29Z,3440000,,,0,,,[],,,,,,,,,,,,,,,,,,,,,,,,,,,,,,,,
347,PT08M30.00S,2022-01-16T02:00:39.0Z,3,REGULAR,2pt,Layup,['2ndchance'],1629628,84.97043363994744,32.84313725490196,1610612752,56,70,2022-01-16T02:00:56Z,3450000,-86.0,89.0,1,right,MISS R. Barrett 12' Layup - blocked,"[1629628, 1629631]",1610612752.0,NYK,,,,Barrett,R. Barrett,,,,,12.35,Missed,,,,,,,,,,,,,,,,,Hunter,1629631.0,
348,PT08M30.00S,2022-01-16T02:00:39.0Z,3,REGULAR,block,,[],1629631,,,1610612752,56,70,2022-01-16T02:00:42Z,3460000,,,0,,D. Hunter BLOCK (1 BLK),[1629631],1610612737.0,ATL,,,,Hunter,D. Hunter,,,,,,,,,,,,,,,,,,,,,,,,,
349,PT08M29.00S,2022-01-16T02:00:40.0Z,3,REGULAR,rebound,offensive,['team'],0,,,1610612752,56,70,2022-01-16T02:00:56Z,3470000,,,0,,TEAM offensive REBOUND,[],1610612752.0,NYK,,,,,,,,,,,,347.0,,,,,,,,,,,,,,,,,,
350,PT08M29.00S,2022-01-16T02:00:45.7Z,3,REGULAR,turnover,shot clock,['team'],0,,,1610612752,56,70,2022-01-16T02:00:57Z,3480000,,,0,,NYK shot clock Team TURNOVER,[],1610612752.0,NYK,,,,,,,,,,,,,,,,,,,,202058.0,,,,,,,,,,
351,PT08M18.00S,2022-01-16T02:01:06.9Z,3,REGULAR,turnover,out-of-bounds,[],1628989,,,1610612737,56,70,2022-01-16T02:01:15Z,3490000,,,0,,K. Huerter bad pass out-of-bounds TURNOVER (1 TO),[1628989],1610612737.0,ATL,bad pass,,,Huerter,K. Huerter,,,,,,,,,,,,,,,202035.0,,,,,1.0,,,,,
352,PT07M59.00S,2022-01-16T02:01:30.6Z,3,REGULAR,2pt,Jump Shot,"['pointsinthepaint', 'fromturnover']",203944,81.553876478318,43.627450980392155,1610612752,56,70,2022-01-16T02:02:50Z,3500000,-32.0,121.0,1,right,MISS J. Randle 12' turnaround fadeaway Shot,[203944],1610612752.0,NYK,turnaround fadeaway,,,Randle,J. Randle,,,,,12.5,Missed,,,,,,,,,,,,,,,,,,,
353,PT07M54.00S,2022-01-16T02:01:35.6Z,3,REGULAR,rebound,defensive,[],203476,,,1610612737,56,70,2022-01-16T02:01:36Z,3510000,,,0,,G. Dieng REBOUND (Off:0 Def:4),[203476],1610612737.0,ATL,,,,Dieng,G. Dieng,,,,,,,352.0,4.0,4.0,0.0,,,,,,,,,,,,,,,
354,PT07M51.00S,2022-01-16T02:01:37.7Z,3,REGULAR,2pt,Layup,"['fastbreak', 'pointsinthepaint']",1629027,4.5499342969776615,49.26470588235294,1610612737,58,70,2022-01-16T02:56:06Z,3520000,4.0,-10.0,1,left,T. Young running finger roll Layup (14 PTS),[1629027],1610612737.0,ATL,running finger roll,,,Young,T. Young,,,,,1.04,Made,,,,,14.0,,,,,,,,,,,,,,
355,PT07M51.00S,2022-01-16T02:01:42.4Z,3,REGULAR,timeout,full,"['team', 'mandatory']",0,,,1610612752,58,70,2022-01-16T02:01:42Z,3530000,,,0,,NYK Timeout,[],1610612752.0,NYK,,,,,,,,,,,,,,,,,,,,,,,,,,,,,,
356,PT07M36.00S,2022-01-16T02:04:44.9Z,3,REGULAR,3pt,Jump Shot,[],203095,75.3777923784494,14.215686274509803,1610612752,58,70,2022-01-16T02:04:50Z,3540000,-179.0,179.0,1,right,MISS E. Fournier 25' 3PT,[203095],1610612752.0,NYK,,,,Fournier,E. Fournier,,,,,25.3,Missed,,,,,,,,,,,,,,,,,,,
357,PT07M32.00S,2022-01-16T02:04:48.9Z,3,REGULAR,rebound,defensive,[],1628989,,,1610612737,58,70,2022-01-16T02:04:50Z,3550000,,,0,,K. Huerter REBOUND (Off:0 Def:3),[1628989],1610612737.0,ATL,,,,Huerter,K. Huerter,,,,,,,356.0,3.0,3.0,0.0,,,,,,,,,,,,,,,
358,PT07M21.00S,2022-01-16T02:04:59.8Z,3,REGULAR,2pt,Jump Shot,['pointsinthepaint'],1629631,6.1268068331143235,59.55882352941176,1610612737,60,70,2022-01-16T02:05:07Z,3560000,-48.0,5.0,1,left,D. Hunter pullup Jump Shot (8 PTS) (K. Huerter 4 AST),"[1629631, 1628989]",1610612737.0,ATL,pullup,,,Hunter,D. Hunter,,,,,4.81,Made,,,,,8.0,K. Huerter,1628989.0,4.0,,,,,,,,,,,
360,PT07M04.00S,2022-01-16T02:05:16.2Z,3,REGULAR,2pt,Jump Shot,[],203944,77.4802890932983,45.09803921568628,1610612752,60,72,2022-01-16T02:05:23Z,3580000,-25.0,159.0,1,right,J. Randle 16' turnaround Jump Shot (17 PTS) (A. Burks 5 AST),"[203944, 202692]",1610612752.0,NYK,turnaround,,,Randle,J. Randle,,,,,16.11,Made,,,,,17.0,A. Burks,202692.0,5.0,,,,,,,,,,,
362,PT06M49.00S,2022-01-16T02:05:30.6Z,3,REGULAR,3pt,Jump Shot,[],1629631,10.726018396846255,94.85294117647058,1610612737,60,72,2022-01-16T02:05:37Z,3600000,-224.0,48.0,1,left,MISS D. Hunter 3PT,[1629631],1610612737.0,ATL,,,,Hunter,D. Hunter,,,,,22.94,Missed,,,,,,,,,,,,,,,,,,,
363,PT06M46.00S,2022-01-16T02:05:33.6Z,3,REGULAR,rebound,defensive,[],1629011,,,1610612752,60,72,2022-01-16T02:05:37Z,3610000,,,0,,M. Robinson REBOUND (Off:3 Def:7),[1629011],1610612752.0,NYK,,,,Robinson,M. Robinson,,,,,,,362.0,10.0,7.0,3.0,,,,,,,,,,,,,,,
364,PT06M32.00S,2022-01-16T02:05:48.0Z,3,REGULAR,2pt,Jump Shot,['pointsinthepaint'],1629628,88.25558475689881,52.450980392156865,1610612752,60,72,2022-01-16T02:05:55Z,3620000,12.0,58.0,1,right,MISS R. Barrett driving floating Shot,[1629628],1610612752.0,NYK,driving floating,,,Barrett,R. Barrett,,,,,5.92,Missed,,,,,,,,,,,,,,,,,,,
365,PT06M27.00S,2022-01-16T02:05:53.0Z,3,REGULAR,rebound,offensive,[],1629011,,,1610612752,60,72,2022-01-16T02:05:55Z,3630000,,,0,,M. Robinson REBOUND (Off:4 Def:7),[1629011],1610612752.0,NYK,,,,Robinson,M. Robinson,,,,,,,364.0,11.0,7.0,4.0,,,,,,,,,,,,,,,
366,PT06M27.00S,2022-01-16T02:05:53.1Z,3,REGULAR,2pt,DUNK,"['pointsinthepaint', '2ndchance']",1629011,94.40999984741211,50.0,1610612752,60,74,2022-01-16T02:05:53Z,3640000,0.0,0.0,1,right,M. Robinson putback DUNK (10 PTS),[1629011],1610612752.0,NYK,putback,,,Robinson,M. Robinson,,,,,0.0,Made,,,,,10.0,,,,,,,,,,,,,,
367,PT06M17.00S,2022-01-16T02:06:02.5Z,3,REGULAR,3pt,Jump Shot,[],1628989,13.091327201051248,5.637254901960785,1610612737,60,74,2022-01-16T02:06:08Z,3650000,222.0,71.0,1,left,MISS K. Huerter 3PT,[1628989],1610612737.0,ATL,,,,Huerter,K. Huerter,,,,,23.28,Missed,,,,,,,,,,,,,,,,,,,
368,PT06M14.00S,2022-01-16T02:06:05.5Z,3,REGULAR,rebound,defensive,[],1629628,,,1610612752,60,74,2022-01-16T02:06:08Z,3660000,,,0,,R. Barrett REBOUND (Off:1 Def:3),[1629628],1610612752.0,NYK,,,,Barrett,R. Barrett,,,,,,,367.0,4.0,3.0,1.0,,,,,,,,,,,,,,,
449,PT06M11.00S,2022-01-16T02:06:10.5Z,3,REGULAR,2pt,Layup,['pointsinthepaint'],1629628,86.90867279894876,47.549019607843135,1610612752,60,74,2022-01-16T02:17:26Z,3665000,-12.0,71.0,1,right,MISS R. Barrett 7' driving Layup - blocked,"[1629628, 1628381]",1610612752.0,NYK,driving,,,Barrett,R. Barrett,,,,,7.17,Missed,,,,,,,,,,,,,,,,,Collins,1628381.0,
450,PT06M11.00S,2022-01-16T02:06:10.5Z,3,REGULAR,block,,[],1628381,,,1610612752,60,74,2022-01-16T02:17:26Z,3667500,,,0,,J. Collins BLOCK (1 BLK),[1628381],1610612737.0,ATL,,,,Collins,J. Collins,,,,,,,,,,,,,,,,,,,,,,,,,
451,PT06M09.00S,2022-01-16T02:06:12.5Z,3,REGULAR,rebound,offensive,[],203095,,,1610612752,60,74,2022-01-16T02:17:26Z,3668750,,,0,,E. Fournier REBOUND (Off:1 Def:1),[203095],1610612752.0,NYK,,,,Fournier,E. Fournier,,,,,,,449.0,2.0,1.0,1.0,,,,,,,,,,,,,,,
369,PT06M04.00S,2022-01-16T02:06:18.5Z,3,REGULAR,foul,personal,[],1628989,,,1610612752,60,74,2022-01-16T02:06:29Z,3670000,,,0,,K. Huerter personal FOUL (1 PF),"[1628989, 203095]",1610612737.0,ATL,,,,Huerter,K. Huerter,,,,,,,,,,,,,,,202058.0,1.0,0.0,Fournier,203095.0,,,,,,
371,PT06M04.00S,2022-01-16T02:06:29.1Z,3,REGULAR,substitution,out,[],203476,,,1610612752,60,74,2022-01-16T02:06:35Z,3690000,,,0,,SUB out: G. Dieng,[203476],1610612737.0,ATL,,,,Dieng,G. Dieng,,,,,,,,,,,,,,,,,,,,,,,,,
372,PT06M04.00S,2022-01-16T02:06:29.1Z,3,REGULAR,substitution,in,[],1630168,,,1610612752,60,74,2022-01-16T02:06:35Z,3700000,,,0,,SUB in: O. Okongwu,[1630168],1610612737.0,ATL,,,,Okongwu,O. Okongwu,,,,,,,,,,,,,,,,,,,,,,,,,
373,PT05M54.00S,2022-01-16T02:06:52.6Z,3,REGULAR,3pt,Jump Shot,['2ndchance'],203944,70.64717477003943,23.284313725490197,1610612752,60,74,2022-01-16T02:17:26Z,3710000,-134.0,223.0,1,right,MISS J. Randle 26' step back 3PT,[203944],1610612752.0,NYK,step back,,,Randle,J. Randle,,,,,26.03,Missed,,,,,,,,,,,,,,,,,,,
374,PT05M51.00S,2022-01-16T02:06:55.6Z,3,REGULAR,rebound,defensive,[],1628989,,,1610612737,60,74,2022-01-16T02:07:01Z,3720000,,,0,,K. Huerter REBOUND (Off:0 Def:4),[1628989],1610612737.0,ATL,,,,Huerter,K. Huerter,,,,,,,373.0,4.0,4.0,0.0,,,,,,,,,,,,,,,
375,PT05M44.00S,2022-01-16T02:07:03.2Z,3,REGULAR,2pt,DUNK,['pointsinthepaint'],1628381,5.075558475689881,50.73529411764706,1610612737,62,74,2022-01-16T02:07:09Z,3730000,-4.0,-5.0,1,left,J. Collins alley-oop DUNK (10 PTS) (T. Young 4 AST),"[1628381, 1629027]",1610612737.0,ATL,alley-oop,,,Collins,J. Collins,,,,,0.61,Made,,,,,10.0,T. Young,1629027.0,4.0,,,,,,,,,,,
377,PT05M27.00S,2022-01-16T02:07:20.6Z,3,REGULAR,2pt,Jump Shot,['pointsinthepaint'],202692,92.85479632063075,59.31372549019608,1610612752,62,76,2022-01-16T02:07:32Z,3750000,47.0,15.0,1,right,A. Burks driving floating Jump Shot (7 PTS),[202692],1610612752.0,NYK,driving floating,,,Burks,A. Burks,,,,,4.89,Made,,,,,7.0,,,,,,,,,,,,,,
378,PT05M27.00S,2022-01-16T02:07:25.9Z,3,REGULAR,foul,personal,['1freethrow'],1629027,,,1610612752,62,76,2022-01-16T02:07:43Z,3760000,,,0,,T. Young shooting personal FOUL (2 PF) (Burks 1 FT),"[1629027, 202692]",1610612737.0,ATL,shooting,,,Young,T. Young,,,,,,,,,,,,,,,202058.0,2.0,0.0,Burks,202692.0,,,,,,
380,PT05M27.00S,2022-01-16T02:07:47.2Z,3,REGULAR,freethrow,1 of 1,[],202692,,,1610612752,62,77,2022-01-16T02:07:47Z,3780000,,,0,,A. Burks Free Throw 1 of 1 (8 PTS),[202692],1610612752.0,NYK,,,,Burks,A. Burks,,,,,,Made,,,,,8.0,,,,,,,,,,,,,,
381,PT05M16.00S,2022-01-16T02:08:00.5Z,3,REGULAR,3pt,Jump Shot,[],1628381,8.754927726675426,3.6764705882352944,1610612737,62,77,2022-01-16T02:08:05Z,3790000,232.0,30.0,1,left,MISS J. Collins 3PT,[1628381],1610612737.0,ATL,,,,Collins,J. Collins,,,,,23.35,Missed,,,,,,,,,,,,,,,,,,,
382,PT05M13.00S,2022-01-16T02:08:03.5Z,3,REGULAR,rebound,defensive,[],202692,,,1610612752,62,77,2022-01-16T02:08:05Z,3800000,,,0,,A. Burks REBOUND (Off:0 Def:6),[202692],1610612752.0,NYK,,,,Burks,A. Burks,,,,,,,381.0,6.0,6.0,0.0,,,,,,,,,,,,,,,
479,PT05M06.00S,2022-01-16T02:08:13.9Z,3,REGULAR,turnover,bad pass,[],1629628,,,1610612752,62,77,2022-01-16T02:26:09Z,3835000,,,0,,R. Barrett bad pass TURNOVER (1 TO),"[1629628, 1630168]",1610612752.0,NYK,,,,Barrett,R. Barrett,,,,,,,,,,,,,,,,,,,,1.0,Okongwu,1630168.0,,,
480,PT05M06.00S,2022-01-16T02:08:13.9Z,3,REGULAR,steal,,[],1630168,,,1610612737,62,77,2022-01-16T02:26:09Z,3837500,,,0,,O. Okongwu STEAL (1 STL),[1630168],1610612737.0,ATL,,,,Okongwu,O. Okongwu,,,,,,,,,,,,,,,,,,,,,,,,,
386,PT05M00.00S,2022-01-16T02:08:17.1Z,3,REGULAR,3pt,Jump Shot,"['fastbreak', 'fromturnover']",1629027,29.911300919842315,69.6078431372549,1610612737,65,77,2022-01-16T02:26:09Z,3840000,-98.0,229.0,1,left,T. Young 24' 3PT  (17 PTS),[1629027],1610612737.0,ATL,,,,Young,T. Young,,,,,24.88,Made,,,,,17.0,,,,,,,,,,,,,,
387,PT04M32.00S,2022-01-16T02:08:45.2Z,3,REGULAR,3pt,Jump Shot,[],203095,70.90998685939553,22.794117647058822,1610612752,65,77,2022-01-16T02:08:51Z,3850000,-136.0,221.0,1,right,MISS E. Fournier 25' 3PT,[203095],1610612752.0,NYK,,,,Fournier,E. Fournier,,,,,25.94,Missed,,,,,,,,,,,,,,,,,,,
388,PT04M28.00S,2022-01-16T02:08:49.2Z,3,REGULAR,rebound,defensive,[],1629027,,,1610612737,65,77,2022-01-16T02:08:51Z,3860000,,,0,,T. Young REBOUND (Off:0 Def:3),[1629027],1610612737.0,ATL,,,,Young,T. Young,,,,,,,387.0,3.0,3.0,0.0,,,,,,,,,,,,,,,
389,PT04M22.00S,2022-01-16T02:08:55.9Z,3,REGULAR,turnover,out-of-bounds,[],1629027,,,1610612737,65,77,2022-01-16T02:09:06Z,3870000,,,0,,T. Young bad pass out-of-bounds TURNOVER (3 TO),[1629027],1610612737.0,ATL,bad pass,,,Young,T. Young,,,,,,,,,,,,,,,202027.0,,,,,3.0,,,,,
390,PT04M22.00S,2022-01-16T02:09:01.4Z,3,REGULAR,substitution,out,[],202692,,,1610612752,65,77,2022-01-16T02:09:20Z,3880000,,,0,,SUB out: A. Burks,[202692],1610612752.0,NYK,,,,Burks,A. Burks,,,,,,,,,,,,,,,,,,,,,,,,,
391,PT04M22.00S,2022-01-16T02:09:01.4Z,3,REGULAR,substitution,out,[],1629011,,,1610612752,65,77,2022-01-16T02:09:20Z,3890000,,,0,,SUB out: M. Robinson,[1629011],1610612752.0,NYK,,,,Robinson,M. Robinson,,,,,,,,,,,,,,,,,,,,,,,,,
392,PT04M22.00S,2022-01-16T02:09:01.4Z,3,REGULAR,substitution,in,[],201959,,,1610612752,65,77,2022-01-16T02:09:20Z,3900000,,,0,,SUB in: T. Gibson,[201959],1610612752.0,NYK,,,,Gibson,T. Gibson,,,,,,,,,,,,,,,,,,,,,,,,,
393,PT04M22.00S,2022-01-16T02:09:01.4Z,3,REGULAR,substitution,in,[],1630193,,,1610612752,65,77,2022-01-16T02:09:20Z,3910000,,,0,,SUB in: I. Quickley,[1630193],1610612752.0,NYK,,,,Quickley,I. Quickley,,,,,,,,,,,,,,,,,,,,,,,,,
394,PT04M07.00S,2022-01-16T02:09:35.9Z,3,REGULAR,3pt,Jump Shot,['fromturnover'],203944,73.27529566360053,17.15686274509804,1610612752,65,80,2022-01-16T02:09:41Z,3920000,-164.0,199.0,1,right,J. Randle 25' 3PT  (20 PTS) (E. Fournier 1 AST),"[203944, 203095]",1610612752.0,NYK,,,,Randle,J. Randle,,,,,25.78,Made,,,,,20.0,E. Fournier,203095.0,1.0,,,,,,,,,,,
396,PT03M51.00S,2022-01-16T02:09:52.3Z,3,REGULAR,2pt,Layup,['pointsinthepaint'],1628989,5.995400788436268,51.71568627450981,1610612737,67,80,2022-01-16T02:12:59Z,3940000,-9.0,4.0,1,left,K. Huerter driving reverse Layup (4 PTS),[1628989],1610612737.0,ATL,driving reverse,,,Huerter,K. Huerter,,,,,0.94,Made,,,,,4.0,,,,,,,,,,,,,,
397,PT03M35.00S,2022-01-16T02:10:08.1Z,3,REGULAR,2pt,Layup,['pointsinthepaint'],1630193,92.85479632063075,50.245098039215684,1610612752,67,80,2022-01-16T02:13:47Z,3950000,1.0,15.0,1,right,MISS I. Quickley driving finger roll Layup,[1630193],1610612752.0,NYK,driving finger roll,,,Quickley,I. Quickley,,,,,1.47,Missed,,,,,,,,,,,,,,,,,,,
398,PT03M31.00S,2022-01-16T02:10:12.1Z,3,REGULAR,rebound,offensive,[],201959,,,1610612752,67,80,2022-01-16T02:13:47Z,3960000,,,0,,T. Gibson REBOUND (Off:1 Def:1),[201959],1610612752.0,NYK,,,,Gibson,T. Gibson,,,,,,,397.0,2.0,1.0,1.0,,,,,,,,,,,,,,,
399,PT03M30.00S,2022-01-16T02:10:12.9Z,3,REGULAR,3pt,Jump Shot,['2ndchance'],203095,86.5473061760841,3.1862745098039214,1610612752,67,80,2022-01-16T02:10:18Z,3970000,-234.0,74.0,1,right,MISS E. Fournier 24' 3PT,[203095],1610612752.0,NYK,,,,Fournier,E. Fournier,,,,,24.55,Missed,,,,,,,,,,,,,,,,,,,
400,PT03M30.00S,2022-01-16T02:10:12.9Z,3,REGULAR,rebound,defensive,[],1630168,,,1610612737,67,80,2022-01-16T02:10:18Z,3980000,,,0,,O. Okongwu REBOUND (Off:1 Def:2),[1630168],1610612737.0,ATL,,,,Okongwu,O. Okongwu,,,,,,,399.0,3.0,2.0,1.0,,,,,,,,,,,,,,,
401,PT03M24.00S,2022-01-16T02:10:22.0Z,3,REGULAR,foul,personal,[],201959,,,1610612737,67,80,2022-01-16T02:10:28Z,3990000,,,0,,T. Gibson personal FOUL (2 PF),"[201959, 1628989]",1610612752.0,NYK,,,,Gibson,T. Gibson,,,,,,,,,,,,,,,202058.0,2.0,0.0,Huerter,1628989.0,,,,,,
403,PT03M24.00S,2022-01-16T02:10:29.2Z,3,REGULAR,substitution,out,[],1628989,,,1610612737,67,80,2022-01-16T02:10:35Z,4010000,,,0,,SUB out: K. Huerter,[1628989],1610612737.0,ATL,,,,Huerter,K. Huerter,,,,,,,,,,,,,,,,,,,,,,,,,
404,PT03M24.00S,2022-01-16T02:10:29.2Z,3,REGULAR,substitution,out,[],1628381,,,1610612737,67,80,2022-01-16T02:10:35Z,4020000,,,0,,SUB out: J. Collins,[1628381],1610612737.0,ATL,,,,Collins,J. Collins,,,,,,,,,,,,,,,,,,,,,,,,,
405,PT03M24.00S,2022-01-16T02:10:29.2Z,3,REGULAR,substitution,out,[],203095,,,1610612737,67,80,2022-01-16T02:10:35Z,4030000,,,0,,SUB out: E. Fournier,[203095],1610612752.0,NYK,,,,Fournier,E. Fournier,,,,,,,,,,,,,,,,,,,,,,,,,
406,PT03M24.00S,2022-01-16T02:10:29.2Z,3,REGULAR,substitution,in,[],201568,,,1610612737,67,80,2022-01-16T02:10:35Z,4040000,,,0,,SUB in: D. Gallinari,[201568],1610612737.0,ATL,,,,Gallinari,D. Gallinari,,,,,,,,,,,,,,,,,,,,,,,,,
407,PT03M24.00S,2022-01-16T02:10:29.2Z,3,REGULAR,substitution,in,[],1626153,,,1610612737,67,80,2022-01-16T02:10:35Z,4050000,,,0,,SUB in: D. Wright,[1626153],1610612737.0,ATL,,,,Wright,D. Wright,,,,,,,,,,,,,,,,,,,,,,,,,
408,PT03M24.00S,2022-01-16T02:10:29.2Z,3,REGULAR,substitution,in,[],1629656,,,1610612737,67,80,2022-01-16T02:10:35Z,4060000,,,0,,SUB in: Q. Grimes,[1629656],1610612752.0,NYK,,,,Grimes,Q. Grimes,,,,,,,,,,,,,,,,,,,,,,,,,
409,PT03M22.00S,2022-01-16T02:10:51.4Z,3,REGULAR,stoppage,out-of-bounds,[],0,,,1610612737,67,80,2022-01-16T02:10:51Z,4070000,,,0,,,[],,,,,,,,,,,,,,,,,,,,,,,,,,,,,,,,
410,PT03M08.00S,2022-01-16T02:11:14.3Z,3,REGULAR,3pt,Jump Shot,[],1629027,32.53942181340342,57.84313725490197,1610612737,70,80,2022-01-16T02:11:20Z,4080000,-39.0,253.0,1,left,T. Young 25' 3PT step back (20 PTS) (D. Hunter 2 AST),"[1629027, 1629631]",1610612737.0,ATL,step back,,,Young,T. Young,,,,,25.64,Made,,,,,20.0,D. Hunter,1629631.0,2.0,,,,,,,,,,,
411,PT02M46.00S,2022-01-16T02:11:35.6Z,3,REGULAR,turnover,lost ball,[],203944,,,1610612752,70,80,2022-01-16T02:11:40Z,4090000,,,0,,J. Randle lost ball TURNOVER (1 TO),"[203944, 1629027]",1610612752.0,NYK,,,,Randle,J. Randle,,,,,,,,,,,,,,,,,,,,1.0,Young,1629027.0,,,
412,PT02M46.00S,2022-01-16T02:11:35.6Z,3,REGULAR,steal,,[],1629027,,,1610612737,70,80,2022-01-16T02:11:37Z,4100000,,,0,,T. Young STEAL (3 STL),[1629027],1610612737.0,ATL,,,,Young,T. Young,,,,,,,,,,,,,,,,,,,,,,,,,
413,PT02M46.00S,2022-01-16T02:11:39.1Z,3,REGULAR,foul,personal,[],1629656,,,1610612737,70,80,2022-01-16T02:11:50Z,4110000,,,0,,Q. Grimes take personal FOUL (2 PF),"[1629656, 1629027]",1610612752.0,NYK,take,,,Grimes,Q. Grimes,,,,,,,,,,,,,,,202035.0,2.0,0.0,Young,1629027.0,,,,,,
415,PT02M36.00S,2022-01-16T02:12:11.0Z,3,REGULAR,stoppage,out-of-bounds,[],0,,,1610612737,70,80,2022-01-16T02:12:11Z,4130000,,,0,,,[],,,,,,,,,,,,,,,,,,,,,,,,,,,,,,,,
416,PT02M32.00S,2022-01-16T02:12:35.3Z,3,REGULAR,3pt,Jump Shot,['fromturnover'],1629631,7.835085413929041,96.32352941176471,1610612737,70,80,2022-01-16T02:12:41Z,4140000,-232.0,21.0,1,left,MISS D. Hunter 3PT,[1629631],1610612737.0,ATL,,,,Hunter,D. Hunter,,,,,23.26,Missed,,,,,,,,,,,,,,,,,,,
417,PT02M30.00S,2022-01-16T02:12:37.3Z,3,REGULAR,rebound,offensive,['team'],0,,,1610612737,70,80,2022-01-16T02:12:59Z,4150000,,,0,,TEAM offensive REBOUND,[],1610612737.0,ATL,,,,,,,,,,,,416.0,,,,,,,,,,,,,,,,,,
418,PT02M30.00S,2022-01-16T02:12:39.6Z,3,REGULAR,foul,personal,[],1629656,,,1610612737,70,80,2022-01-16T02:12:57Z,4160000,,,0,,Q. Grimes loose ball personal FOUL (3 PF),"[1629656, 1630168]",1610612752.0,NYK,loose ball,,,Grimes,Q. Grimes,,,,,,,,,,,,,,,202027.0,3.0,0.0,Okongwu,1630168.0,,,,,,
420,PT02M26.00S,2022-01-16T02:13:03.3Z,3,REGULAR,turnover,out-of-bounds,[],1629027,,,1610612737,70,80,2022-01-16T02:13:14Z,4180000,,,0,,T. Young lost ball out-of-bounds TURNOVER (4 TO),[1629027],1610612737.0,ATL,lost ball,,,Young,T. Young,,,,,,,,,,,,,,,202027.0,,,,,4.0,,,,,
421,PT02M15.00S,2022-01-16T02:13:29.4Z,3,REGULAR,3pt,Jump Shot,['fromturnover'],1629656,71.17279894875165,18.137254901960784,1610612752,70,83,2022-01-16T02:13:35Z,4190000,-159.0,218.0,1,right,Q. Grimes 27' 3PT  (8 PTS) (I. Quickley 1 AST),"[1629656, 1630193]",1610612752.0,NYK,,,,Grimes,Q. Grimes,,,,,27.04,Made,,,,,8.0,I. Quickley,1630193.0,1.0,,,,,,,,,,,
423,PT01M57.00S,2022-01-16T02:13:46.9Z,3,REGULAR,3pt,Jump Shot,[],1629027,37.00722733245729,51.225490196078425,1610612737,70,83,2022-01-16T02:13:53Z,4210000,-6.0,295.0,1,left,MISS T. Young 29' 3PT,[1629027],1610612737.0,ATL,,,,Young,T. Young,,,,,29.55,Missed,,,,,,,,,,,,,,,,,,,
424,PT01M55.00S,2022-01-16T02:13:48.9Z,3,REGULAR,rebound,offensive,['team'],0,,,1610612737,70,83,2022-01-16T02:14:13Z,4220000,,,0,,TEAM offensive REBOUND,[],1610612737.0,ATL,,,,,,,,,,,,423.0,,,,,,,,,,,,,,,,,,
425,PT01M55.00S,2022-01-16T02:13:57.2Z,3,REGULAR,foul,personal,"['inpenalty', '2freethrow']",203944,,,1610612737,70,83,2022-01-16T02:14:06Z,4230000,,,0,,J. Randle loose ball personal FOUL (3 PF) (Gallinari 2 FT),"[203944, 201568]",1610612752.0,NYK,loose ball,,,Randle,J. Randle,,,,,,,,,,,,,,,202058.0,3.0,0.0,Gallinari,201568.0,,,,,,
427,PT01M55.00S,2022-01-16T02:14:26.6Z,3,REGULAR,freethrow,1 of 2,['2ndchance'],201568,,,1610612737,71,83,2022-01-16T02:14:59Z,4250000,,,0,,D. Gallinari Free Throw 1 of 2 (9 PTS),[201568],1610612737.0,ATL,,,,Gallinari,D. Gallinari,,,,,,Made,,,,,9.0,,,,,,,,,,,,,,
428,PT01M55.00S,2022-01-16T02:14:28.2Z,3,REGULAR,substitution,out,[],1629027,,,1610612737,71,83,2022-01-16T02:14:33Z,4260000,,,0,,SUB out: T. Young,[1629027],1610612737.0,ATL,,,,Young,T. Young,,,,,,,,,,,,,,,,,,,,,,,,,
429,PT01M55.00S,2022-01-16T02:14:28.2Z,3,REGULAR,substitution,out,[],1629631,,,1610612737,71,83,2022-01-16T02:14:33Z,4270000,,,0,,SUB out: D. Hunter,[1629631],1610612737.0,ATL,,,,Hunter,D. Hunter,,,,,,,,,,,,,,,,,,,,,,,,,
430,PT01M55.00S,2022-01-16T02:14:28.2Z,3,REGULAR,substitution,in,[],101150,,,1610612737,71,83,2022-01-16T02:14:33Z,4280000,,,0,,SUB in: L. Williams,[101150],1610612737.0,ATL,,,,Williams,L. Williams,,,,,,,,,,,,,,,,,,,,,,,,,
431,PT01M55.00S,2022-01-16T02:14:28.2Z,3,REGULAR,substitution,in,[],1627789,,,1610612737,71,83,2022-01-16T02:14:33Z,4290000,,,0,,SUB in: T. Luwawu-Cabarrot,[1627789],1610612737.0,ATL,,,,Luwawu-Cabarrot,T. Luwawu-Cabarrot,,,,,,,,,,,,,,,,,,,,,,,,,
432,PT01M55.00S,2022-01-16T02:14:26.6Z,3,REGULAR,freethrow,2 of 2,['2ndchance'],201568,,,1610612737,71,83,2022-01-16T02:14:59Z,4300000,,,0,,MISS D. Gallinari Free Throw 2 of 2,[201568],1610612737.0,ATL,,,,Gallinari,D. Gallinari,,,,,,Missed,,,,,,,,,,,,,,,,,,,
433,PT01M55.00S,2022-01-16T02:14:26.6Z,3,REGULAR,rebound,defensive,['team'],0,,,1610612752,71,83,2022-01-16T02:14:59Z,4310000,,,0,,TEAM defensive REBOUND,[],1610612752.0,NYK,,,,,,,,,,,,432.0,,,,,,,,,,,,,,,,,,
434,PT01M55.00S,2022-01-16T02:15:01.0Z,3,REGULAR,violation,lane,[],201568,,,1610612752,71,83,2022-01-16T02:15:17Z,4320000,,,0,,D. Gallinari lane VIOLATION,[201568],1610612737.0,ATL,,,,Gallinari,D. Gallinari,,,,,,,,,,,,,,,202058.0,,,,,,,,,,
435,PT01M30.00S,2022-01-16T02:15:27.8Z,3,REGULAR,2pt,Jump Shot,[],1630193,83.919185282523,67.15686274509804,1610612752,71,83,2022-01-16T02:15:35Z,4330000,86.0,99.0,1,right,MISS I. Quickley 13' pullup Shot,[1630193],1610612752.0,NYK,pullup,,,Quickley,I. Quickley,,,,,13.08,Missed,,,,,,,,,,,,,,,,,,,
436,PT01M26.00S,2022-01-16T02:15:31.1Z,3,REGULAR,rebound,offensive,[],1630193,,,1610612752,71,83,2022-01-16T02:15:31Z,4340000,,,0,,I. Quickley REBOUND (Off:1 Def:4),[1630193],1610612752.0,NYK,,,,Quickley,I. Quickley,,,,,,,435.0,5.0,4.0,1.0,,,,,,,,,,,,,,,
437,PT01M25.00S,2022-01-16T02:15:32.1Z,3,REGULAR,3pt,Jump Shot,['2ndchance'],1629628,90.5880420499343,97.05882352941177,1610612752,71,83,2022-01-16T02:31:28Z,4350000,235.0,36.0,1,right,MISS R. Barrett 3PT,[1629628],1610612752.0,NYK,,,,Barrett,R. Barrett,,,,,23.8,Missed,,,,,,,,,,,,,,,,,,,
438,PT01M24.00S,2022-01-16T02:15:33.1Z,3,REGULAR,rebound,defensive,['team'],0,,,1610612737,71,83,2022-01-16T02:15:50Z,4360000,,,0,,TEAM defensive REBOUND,[],1610612737.0,ATL,,,,,,,,,,,,437.0,,,,,,,,,,,,,,,,,,
439,PT01M24.00S,2022-01-16T02:15:50.3Z,3,REGULAR,foul,personal,"['inpenalty', '2freethrow']",203944,,,1610612737,71,83,2022-01-16T02:16:09Z,4370000,,,0,,J. Randle loose ball personal FOUL (4 PF) (Wright 2 FT),"[203944, 1626153]",1610612752.0,NYK,loose ball,,,Randle,J. Randle,,,,,,,,,,,,,,,202058.0,4.0,0.0,Wright,1626153.0,,,,,,
441,PT01M24.00S,2022-01-16T02:16:10.7Z,3,REGULAR,freethrow,1 of 2,[],1626153,,,1610612737,71,83,2022-01-16T02:16:10Z,4390000,,,0,,MISS D. Wright Free Throw 1 of 2,[1626153],1610612737.0,ATL,,,,Wright,D. Wright,,,,,,Missed,,,,,,,,,,,,,,,,,,,
442,PT01M24.00S,2022-01-16T02:16:10.7Z,3,REGULAR,rebound,offensive,"['deadball', 'team']",0,,,1610612737,71,83,2022-01-16T02:16:10Z,4400000,,,0,,TEAM offensive REBOUND,[],1610612737.0,ATL,,,,,,,,,,,,441.0,,,,,,,,,,,,,,,,,,
443,PT01M24.00S,2022-01-16T02:16:11.6Z,3,REGULAR,substitution,out,[],203944,,,1610612737,71,83,2022-01-16T02:16:14Z,4410000,,,0,,SUB out: J. Randle,[203944],1610612752.0,NYK,,,,Randle,J. Randle,,,,,,,,,,,,,,,,,,,,,,,,,
444,PT01M24.00S,2022-01-16T02:16:11.6Z,3,REGULAR,substitution,in,[],1630167,,,1610612737,71,83,2022-01-16T02:16:14Z,4420000,,,0,,SUB in: O. Toppin,[1630167],1610612752.0,NYK,,,,Toppin,O. Toppin,,,,,,,,,,,,,,,,,,,,,,,,,
445,PT01M24.00S,2022-01-16T02:16:28.0Z,3,REGULAR,freethrow,2 of 2,[],1626153,,,1610612737,72,83,2022-01-16T02:16:28Z,4430000,,,0,,D. Wright Free Throw 2 of 2 (4 PTS),[1626153],1610612737.0,ATL,,,,Wright,D. Wright,,,,,,Made,,,,,4.0,,,,,,,,,,,,,,
446,PT01M05.00S,2022-01-16T02:16:54.0Z,3,REGULAR,foul,personal,['2freethrow'],1630168,,,1610612752,72,83,2022-01-16T02:17:18Z,4440000,,,0,,O. Okongwu shooting personal FOUL (3 PF) (Barrett 2 FT),"[1630168, 1629628]",1610612737.0,ATL,shooting,,,Okongwu,O. Okongwu,,,,,,,,,,,,,,,202035.0,3.0,0.0,Barrett,1629628.0,,,,,,
448,PT01M05.00S,2022-01-16T02:17:19.4Z,3,REGULAR,freethrow,1 of 2,[],1629628,,,1610612752,72,84,2022-01-16T02:17:19Z,4460000,,,0,,R. Barrett Free Throw 1 of 2 (19 PTS),[1629628],1610612752.0,NYK,,,,Barrett,R. Barrett,,,,,,Made,,,,,19.0,,,,,,,,,,,,,,
452,PT01M05.00S,2022-01-16T02:17:29.9Z,3,REGULAR,freethrow,2 of 2,[],1629628,,,1610612752,72,85,2022-01-16T02:17:30Z,4470000,,,0,,R. Barrett Free Throw 2 of 2 (20 PTS),[1629628],1610612752.0,NYK,,,,Barrett,R. Barrett,,,,,,Made,,,,,20.0,,,,,,,,,,,,,,
453,PT00M42.10S,2022-01-16T02:17:54.8Z,3,REGULAR,2pt,Jump Shot,[],201568,8.492115637319317,72.30392156862744,1610612737,72,85,2022-01-16T02:18:01Z,4480000,-112.0,27.0,1,left,MISS D. Gallinari 11' turnaround fadeaway Shot,[201568],1610612737.0,ATL,turnaround fadeaway,,,Gallinari,D. Gallinari,,,,,11.48,Missed,,,,,,,,,,,,,,,,,,,
454,PT00M40.60S,2022-01-16T02:17:56.3Z,3,REGULAR,rebound,offensive,[],1630168,,,1610612737,72,85,2022-01-16T02:18:01Z,4490000,,,0,,O. Okongwu REBOUND (Off:2 Def:2),[1630168],1610612737.0,ATL,,,,Okongwu,O. Okongwu,,,,,,,453.0,4.0,2.0,2.0,,,,,,,,,,,,,,,
455,PT00M40.60S,2022-01-16T02:18:00.3Z,3,REGULAR,2pt,Layup,"['pointsinthepaint', '2ndchance']",1630168,5.590000152587891,50.0,1610612737,74,85,2022-01-16T02:18:00Z,4500000,0.0,0.0,1,left,O. Okongwu tip Layup (8 PTS),[1630168],1610612737.0,ATL,tip,,,Okongwu,O. Okongwu,,,,,0.0,Made,,,,,8.0,,,,,,,,,,,,,,
456,PT00M17.20S,2022-01-16T02:18:25.0Z,3,REGULAR,2pt,Jump Shot,[],1630193,89.56964520367937,71.81372549019608,1610612752,74,85,2022-01-16T02:55:06Z,4510000,109.0,46.0,1,right,MISS I. Quickley 11' turnaround fadeaway Shot,[1630193],1610612752.0,NYK,turnaround fadeaway,,,Quickley,I. Quickley,,,,,11.82,Missed,,,,,,,,,,,,,,,,,,,
457,PT00M14.30S,2022-01-16T02:18:27.9Z,3,REGULAR,rebound,defensive,[],201568,,,1610612737,74,85,2022-01-16T02:18:30Z,4520000,,,0,,D. Gallinari REBOUND (Off:0 Def:2),[201568],1610612737.0,ATL,,,,Gallinari,D. Gallinari,,,,,,,456.0,2.0,2.0,0.0,,,,,,,,,,,,,,,
458,PT00M02.70S,2022-01-16T02:18:39.6Z,3,REGULAR,3pt,Jump Shot,[],201568,27.808804204993432,78.67647058823529,1610612737,77,85,2022-01-16T02:18:45Z,4530000,-143.0,209.0,1,left,D. Gallinari 25' 3PT  (12 PTS) (L. Williams 3 AST),"[201568, 101150]",1610612737.0,ATL,,,,Gallinari,D. Gallinari,,,,,25.34,Made,,,,,12.0,L. Williams,101150.0,3.0,,,,,,,,,,,
460,PT00M00.00S,2022-01-16T02:18:54.8Z,3,REGULAR,period,end,[],0,,,1610612752,77,85,2022-01-16T02:18:54Z,4550000,,,0,,Period End,[],,,,,,,,,,,,,,,,,,,,,,,,,,,,,,,,
461,PT12M00.00S,2022-01-16T02:20:13.5Z,4,REGULAR,substitution,out,['startperiod'],1629628,,,1610612752,77,85,2022-01-16T02:21:05Z,4560000,,,0,,SUB out: R. Barrett,[1629628],1610612752.0,NYK,,,,Barrett,R. Barrett,,,,,,,,,,,,,,,,,,,,,,,,,
462,PT12M00.00S,2022-01-16T02:20:13.5Z,4,REGULAR,substitution,in,['startperiod'],202692,,,1610612752,77,85,2022-01-16T02:21:05Z,4570000,,,0,,SUB in: A. Burks,[202692],1610612752.0,NYK,,,,Burks,A. Burks,,,,,,,,,,,,,,,,,,,,,,,,,
463,PT12M00.00S,2022-01-16T02:21:31.5Z,4,REGULAR,period,start,[],0,,,1610612737,77,85,2022-01-16T02:21:31Z,4580000,,,0,,Period Start,[],,,,,,,,,,,,,,,,,,,,,,,,,,,,,,,,
464,PT11M35.00S,2022-01-16T02:21:56.2Z,4,REGULAR,3pt,Jump Shot,[],201568,30.436925098554536,77.45098039215686,1610612737,77,85,2022-01-16T02:22:01Z,4590000,-137.0,234.0,1,left,MISS D. Gallinari 27' 3PT,[201568],1610612737.0,ATL,,,,Gallinari,D. Gallinari,,,,,27.1,Missed,,,,,,,,,,,,,,,,,,,
465,PT11M31.00S,2022-01-16T02:21:59.6Z,4,REGULAR,rebound,defensive,[],201959,,,1610612752,77,85,2022-01-16T02:21:59Z,4600000,,,0,,T. Gibson REBOUND (Off:1 Def:2),[201959],1610612752.0,NYK,,,,Gibson,T. Gibson,,,,,,,464.0,3.0,2.0,1.0,,,,,,,,,,,,,,,
466,PT11M15.00S,2022-01-16T02:22:17.2Z,4,REGULAR,foul,personal,['2freethrow'],1630168,,,1610612752,77,85,2022-01-16T02:22:53Z,4610000,,,0,,O. Okongwu shooting personal FOUL (4 PF) (Burks 2 FT),"[1630168, 202692]",1610612737.0,ATL,shooting,,,Okongwu,O. Okongwu,,,,,,,,,,,,,,,202058.0,4.0,0.0,Burks,202692.0,,,,,,
468,PT11M15.00S,2022-01-16T02:22:53.9Z,4,REGULAR,freethrow,1 of 2,[],202692,,,1610612752,77,86,2022-01-16T02:22:53Z,4630000,,,0,,A. Burks Free Throw 1 of 2 (9 PTS),[202692],1610612752.0,NYK,,,,Burks,A. Burks,,,,,,Made,,,,,9.0,,,,,,,,,,,,,,
469,PT11M15.00S,2022-01-16T02:23:06.8Z,4,REGULAR,freethrow,2 of 2,[],202692,,,1610612752,77,87,2022-01-16T02:23:06Z,4640000,,,0,,A. Burks Free Throw 2 of 2 (10 PTS),[202692],1610612752.0,NYK,,,,Burks,A. Burks,,,,,,Made,,,,,10.0,,,,,,,,,,,,,,
470,PT10M57.00S,2022-01-16T02:23:28.1Z,4,REGULAR,turnover,out-of-bounds,[],201568,,,1610612737,77,87,2022-01-16T02:23:38Z,4650000,,,0,,D. Gallinari bad pass out-of-bounds TURNOVER (1 TO),[201568],1610612737.0,ATL,bad pass,,,Gallinari,D. Gallinari,,,,,,,,,,,,,,,202027.0,,,,,1.0,,,,,
471,PT10M41.00S,2022-01-16T02:23:59.9Z,4,REGULAR,3pt,Jump Shot,['fromturnover'],202692,68.54467805519053,67.8921568627451,1610612752,77,90,2022-01-16T02:24:05Z,4660000,89.0,243.0,1,right,A. Burks 25' 3PT pullup (13 PTS),[202692],1610612752.0,NYK,pullup,,,Burks,A. Burks,,,,,25.91,Made,,,,,13.0,,,,,,,,,,,,,,
472,PT10M26.00S,2022-01-16T02:24:14.2Z,4,REGULAR,3pt,Jump Shot,[],1627789,13.222733245729303,3.9215686274509802,1610612737,80,90,2022-01-16T02:24:20Z,4670000,230.0,72.0,1,left,T. Luwawu-Cabarrot 24' 3PT  (5 PTS) (L. Williams 4 AST),"[1627789, 101150]",1610612737.0,ATL,,,,Luwawu-Cabarrot,T. Luwawu-Cabarrot,,,,,24.13,Made,,,,,5.0,L. Williams,101150.0,4.0,,,,,,,,,,,
474,PT10M05.00S,2022-01-16T02:24:34.8Z,4,REGULAR,3pt,Jump Shot,[],201959,66.96780551905388,37.5,1610612752,80,90,2022-01-16T02:24:40Z,4690000,-62.0,258.0,1,right,MISS T. Gibson 26' 3PT,[201959],1610612752.0,NYK,,,,Gibson,T. Gibson,,,,,26.55,Missed,,,,,,,,,,,,,,,,,,,
475,PT10M02.00S,2022-01-16T02:24:37.8Z,4,REGULAR,rebound,defensive,[],201568,,,1610612737,80,90,2022-01-16T02:24:40Z,4700000,,,0,,D. Gallinari REBOUND (Off:0 Def:3),[201568],1610612737.0,ATL,,,,Gallinari,D. Gallinari,,,,,,,474.0,3.0,3.0,0.0,,,,,,,,,,,,,,,
476,PT09M43.00S,2022-01-16T02:24:57.0Z,4,REGULAR,2pt,DUNK,['pointsinthepaint'],1630168,5.338370565045992,50.49019607843137,1610612737,82,90,2022-01-16T02:25:06Z,4710000,-2.0,-2.0,1,left,O. Okongwu cutting DUNK (10 PTS) (D. Gallinari 1 AST),"[1630168, 201568]",1610612737.0,ATL,cutting,,,Okongwu,O. Okongwu,,,,,0.34,Made,,,,,10.0,D. Gallinari,201568.0,1.0,,,,,,,,,,,
478,PT09M43.00S,2022-01-16T02:25:01.5Z,4,REGULAR,timeout,full,"['team', 'mandatory']",0,,,1610612752,82,90,2022-01-16T02:25:01Z,4730000,,,0,,NYK Timeout,[],1610612752.0,NYK,,,,,,,,,,,,,,,,,,,,,,,,,,,,,,
481,PT09M43.00S,2022-01-16T02:26:39.5Z,4,REGULAR,substitution,out,[],1630167,,,1610612752,82,90,2022-01-16T02:27:20Z,4740000,,,0,,SUB out: O. Toppin,[1630167],1610612752.0,NYK,,,,Toppin,O. Toppin,,,,,,,,,,,,,,,,,,,,,,,,,
482,PT09M43.00S,2022-01-16T02:26:39.5Z,4,REGULAR,substitution,out,[],201959,,,1610612752,82,90,2022-01-16T02:27:20Z,4750000,,,0,,SUB out: T. Gibson,[201959],1610612752.0,NYK,,,,Gibson,T. Gibson,,,,,,,,,,,,,,,,,,,,,,,,,
483,PT09M43.00S,2022-01-16T02:26:39.5Z,4,REGULAR,substitution,in,[],1629011,,,1610612752,82,90,2022-01-16T02:27:20Z,4760000,,,0,,SUB in: M. Robinson,[1629011],1610612752.0,NYK,,,,Robinson,M. Robinson,,,,,,,,,,,,,,,,,,,,,,,,,
484,PT09M43.00S,2022-01-16T02:26:39.5Z,4,REGULAR,substitution,in,[],203944,,,1610612752,82,90,2022-01-16T02:27:20Z,4770000,,,0,,SUB in: J. Randle,[203944],1610612752.0,NYK,,,,Randle,J. Randle,,,,,,,,,,,,,,,,,,,,,,,,,
485,PT09M23.00S,2022-01-16T02:28:10.7Z,4,REGULAR,2pt,Jump Shot,['pointsinthepaint'],203944,79.84559789750328,51.470588235294116,1610612752,82,90,2022-01-16T02:28:21Z,4780000,7.0,137.0,1,right,MISS J. Randle 13' fadeaway Shot,[203944],1610612752.0,NYK,fadeaway,,,Randle,J. Randle,,,,,13.72,Missed,,,,,,,,,,,,,,,,,,,
486,PT09M22.00S,2022-01-16T02:28:11.7Z,4,REGULAR,rebound,offensive,['team'],0,,,1610612752,82,90,2022-01-16T02:28:21Z,4790000,,,0,,TEAM offensive REBOUND,[],1610612752.0,NYK,,,,,,,,,,,,485.0,,,,,,,,,,,,,,,,,,
487,PT09M22.00S,2022-01-16T02:28:16.1Z,4,REGULAR,stoppage,out-of-bounds,[],0,,,1610612752,82,90,2022-01-16T02:28:16Z,4800000,,,0,,,[],,,,,,,,,,,,,,,,,,,,,,,,,,,,,,,,
488,PT09M15.00S,2022-01-16T02:28:39.3Z,4,REGULAR,2pt,DUNK,"['pointsinthepaint', '2ndchance']",203944,93.11760840998686,49.50980392156863,1610612752,82,90,2022-01-16T02:28:47Z,4810000,-2.0,12.0,1,right,MISS J. Randle driving DUNK - blocked,"[203944, 1630168]",1610612752.0,NYK,driving,,,Randle,J. Randle,,,,,1.25,Missed,,,,,,,,,,,,,,,,,Okongwu,1630168.0,
489,PT09M15.00S,2022-01-16T02:28:39.3Z,4,REGULAR,block,,[],1630168,,,1610612752,82,90,2022-01-16T02:28:42Z,4820000,,,0,,O. Okongwu BLOCK (1 BLK),[1630168],1610612737.0,ATL,,,,Okongwu,O. Okongwu,,,,,,,,,,,,,,,,,,,,,,,,,
490,PT09M10.00S,2022-01-16T02:28:44.3Z,4,REGULAR,rebound,defensive,[],201568,,,1610612737,82,90,2022-01-16T02:28:47Z,4830000,,,0,,D. Gallinari REBOUND (Off:0 Def:4),[201568],1610612737.0,ATL,,,,Gallinari,D. Gallinari,,,,,,,488.0,4.0,4.0,0.0,,,,,,,,,,,,,,,
491,PT09M06.00S,2022-01-16T02:28:47.7Z,4,REGULAR,2pt,Layup,"['fastbreak', 'pointsinthepaint']",1630168,6.1268068331143235,47.30392156862745,1610612737,84,90,2022-01-16T02:57:04Z,4840000,13.0,5.0,1,left,O. Okongwu cutting Layup (12 PTS) (D. Gallinari 2 AST),"[1630168, 201568]",1610612737.0,ATL,cutting,,,Okongwu,O. Okongwu,,,,,1.44,Made,,,,,12.0,D. Gallinari,201568.0,2.0,,,,,,,,,,,
493,PT08M48.00S,2022-01-16T02:29:05.2Z,4,REGULAR,3pt,Jump Shot,[],202692,66.83639947437582,55.63725490196079,1610612752,84,90,2022-01-16T02:29:11Z,4860000,28.0,259.0,1,right,MISS A. Burks 26' pullup 3PT,[202692],1610612752.0,NYK,pullup,,,Burks,A. Burks,,,,,26.07,Missed,,,,,,,,,,,,,,,,,,,
494,PT08M44.00S,2022-01-16T02:29:09.2Z,4,REGULAR,rebound,defensive,[],1630168,,,1610612737,84,90,2022-01-16T02:29:11Z,4870000,,,0,,O. Okongwu REBOUND (Off:2 Def:3),[1630168],1610612737.0,ATL,,,,Okongwu,O. Okongwu,,,,,,,493.0,5.0,3.0,2.0,,,,,,,,,,,,,,,
495,PT08M36.00S,2022-01-16T02:29:16.7Z,4,REGULAR,2pt,Jump Shot,[],101150,27.283180026281208,40.931372549019606,1610612737,86,90,2022-01-16T02:29:22Z,4880000,45.0,204.0,1,left,L. Williams 20' pullup Jump Shot (4 PTS),[101150],1610612737.0,ATL,pullup,,,Williams,L. Williams,,,,,20.9,Made,,,,,4.0,,,,,,,,,,,,,,
496,PT08M35.00S,2022-01-16T02:29:25.1Z,4,REGULAR,timeout,full,"['team', 'mandatory']",0,,,1610612752,86,90,2022-01-16T02:29:25Z,4890000,,,0,,NYK Timeout,[],1610612752.0,NYK,,,,,,,,,,,,,,,,,,,,,,,,,,,,,,
497,PT08M35.00S,2022-01-16T02:31:01.2Z,4,REGULAR,substitution,out,[],1630193,,,1610612752,86,90,2022-01-16T02:31:21Z,4900000,,,0,,SUB out: I. Quickley,[1630193],1610612752.0,NYK,,,,Quickley,I. Quickley,,,,,,,,,,,,,,,,,,,,,,,,,
498,PT08M35.00S,2022-01-16T02:31:01.2Z,4,REGULAR,substitution,out,[],1629656,,,1610612752,86,90,2022-01-16T02:31:21Z,4910000,,,0,,SUB out: Q. Grimes,[1629656],1610612752.0,NYK,,,,Grimes,Q. Grimes,,,,,,,,,,,,,,,,,,,,,,,,,
499,PT08M35.00S,2022-01-16T02:31:01.2Z,4,REGULAR,substitution,in,[],203095,,,1610612752,86,90,2022-01-16T02:31:21Z,4920000,,,0,,SUB in: E. Fournier,[203095],1610612752.0,NYK,,,,Fournier,E. Fournier,,,,,,,,,,,,,,,,,,,,,,,,,
500,PT08M35.00S,2022-01-16T02:31:01.2Z,4,REGULAR,substitution,in,[],1629628,,,1610612752,86,90,2022-01-16T02:31:21Z,4930000,,,0,,SUB in: R. Barrett,[1629628],1610612752.0,NYK,,,,Barrett,R. Barrett,,,,,,,,,,,,,,,,,,,,,,,,,
501,PT08M28.00S,2022-01-16T02:32:22.9Z,4,REGULAR,violation,kicked ball,[],1627789,,,1610612752,86,90,2022-01-16T02:32:29Z,4940000,,,0,,T. Luwawu-Cabarrot kicked ball VIOLATION,[1627789],1610612737.0,ATL,,,,Luwawu-Cabarrot,T. Luwawu-Cabarrot,,,,,,,,,,,,,,,202058.0,,,,,,,,,,
503,PT08M19.00S,2022-01-16T02:33:13.9Z,4,REGULAR,foul,personal,['2freethrow'],1626153,,,1610612752,86,90,2022-01-16T02:33:32Z,4960000,,,0,,D. Wright shooting personal FOUL (1 PF) (Barrett 2 FT),"[1626153, 1629628]",1610612737.0,ATL,shooting,,,Wright,D. Wright,,,,,,,,,,,,,,,202035.0,1.0,0.0,Barrett,1629628.0,,,,,,
505,PT08M19.00S,2022-01-16T02:33:29.0Z,4,REGULAR,freethrow,1 of 2,[],1629628,,,1610612752,86,91,2022-01-16T02:33:51Z,4980000,,,0,,R. Barrett Free Throw 1 of 2 (21 PTS),[1629628],1610612752.0,NYK,,,,Barrett,R. Barrett,,,,,,Made,,,,,21.0,,,,,,,,,,,,,,
506,PT08M19.00S,2022-01-16T02:33:29.0Z,4,REGULAR,freethrow,2 of 2,[],1629628,,,1610612752,86,91,2022-01-16T02:33:51Z,4990000,,,0,,MISS R. Barrett Free Throw 2 of 2,[1629628],1610612752.0,NYK,,,,Barrett,R. Barrett,,,,,,Missed,,,,,,,,,,,,,,,,,,,
507,PT08M17.00S,2022-01-16T02:33:31.0Z,4,REGULAR,rebound,offensive,[],203944,,,1610612752,86,91,2022-01-16T02:33:51Z,5000000,,,0,,J. Randle REBOUND (Off:1 Def:4),[203944],1610612752.0,NYK,,,,Randle,J. Randle,,,,,,,506.0,5.0,4.0,1.0,,,,,,,,,,,,,,,
508,PT08M17.00S,2022-01-16T02:33:48.8Z,4,REGULAR,foul,personal,[],1627789,,,1610612752,86,91,2022-01-16T02:33:57Z,5010000,,,0,,T. Luwawu-Cabarrot personal FOUL (1 PF),"[1627789, 203944]",1610612737.0,ATL,,,,Luwawu-Cabarrot,T. Luwawu-Cabarrot,,,,,,,,,,,,,,,202058.0,1.0,0.0,Randle,203944.0,,,,,,
510,PT08M08.00S,2022-01-16T02:34:28.3Z,4,REGULAR,2pt,DUNK,"['pointsinthepaint', '2ndchance']",1629011,93.38042049934296,49.754901960784316,1610612752,86,93,2022-01-16T02:57:20Z,5030000,-1.0,10.0,1,right,M. Robinson cutting DUNK (12 PTS) (A. Burks 6 AST),"[1629011, 202692]",1610612752.0,NYK,cutting,,,Robinson,M. Robinson,,,,,0.98,Made,,,,,12.0,A. Burks,202692.0,6.0,,,,,,,,,,,
512,PT07M51.00S,2022-01-16T02:34:45.0Z,4,REGULAR,2pt,Jump Shot,[],201568,24.52365308804205,53.67647058823529,1610612737,88,93,2022-01-16T02:34:50Z,5050000,-18.0,178.0,1,left,D. Gallinari 17' Jump Shot (14 PTS),[201568],1610612737.0,ATL,,,,Gallinari,D. Gallinari,,,,,17.89,Made,,,,,14.0,,,,,,,,,,,,,,
513,PT07M33.00S,2022-01-16T02:35:02.1Z,4,REGULAR,2pt,Layup,['pointsinthepaint'],203944,92.32917214191852,48.529411764705884,1610612752,88,93,2022-01-16T02:35:18Z,5060000,-7.0,20.0,1,right,MISS J. Randle driving Layup - blocked,"[203944, 1630168]",1610612752.0,NYK,driving,,,Randle,J. Randle,,,,,2.1,Missed,,,,,,,,,,,,,,,,,Okongwu,1630168.0,
514,PT07M33.00S,2022-01-16T02:35:02.1Z,4,REGULAR,block,,[],1630168,,,1610612752,88,93,2022-01-16T02:35:05Z,5070000,,,0,,O. Okongwu BLOCK (2 BLK),[1630168],1610612737.0,ATL,,,,Okongwu,O. Okongwu,,,,,,,,,,,,,,,,,,,,,,,,,
515,PT07M33.00S,2022-01-16T02:35:02.1Z,4,REGULAR,rebound,defensive,['team'],0,,,1610612737,88,93,2022-01-16T02:35:18Z,5080000,,,0,,TEAM defensive REBOUND,[],1610612737.0,ATL,,,,,,,,,,,,513.0,,,,,,,,,,,,,,,,,,
516,PT07M33.00S,2022-01-16T02:35:17.3Z,4,REGULAR,foul,personal,[],202692,,,1610612737,88,93,2022-01-16T02:35:27Z,5090000,,,0,,A. Burks loose ball personal FOUL (3 PF),"[202692, 1626153]",1610612752.0,NYK,loose ball,,,Burks,A. Burks,,,,,,,,,,,,,,,202027.0,3.0,0.0,Wright,1626153.0,,,,,,
518,PT07M26.00S,2022-01-16T02:35:30.3Z,4,REGULAR,3pt,Jump Shot,[],101150,32.276609724047304,60.78431372549019,1610612737,91,93,2022-01-16T02:35:35Z,5110000,-54.0,251.0,1,left,L. Williams 25' 3PT pullup (7 PTS),[101150],1610612737.0,ATL,pullup,,,Williams,L. Williams,,,,,25.66,Made,,,,,7.0,,,,,,,,,,,,,,
519,PT07M11.00S,2022-01-16T02:35:51.8Z,4,REGULAR,foul,personal,[],1627789,,,1610612752,91,93,2022-01-16T02:35:58Z,5120000,,,0,,T. Luwawu-Cabarrot personal FOUL (2 PF),"[1627789, 202692]",1610612737.0,ATL,,,,Luwawu-Cabarrot,T. Luwawu-Cabarrot,,,,,,,,,,,,,,,202035.0,2.0,0.0,Burks,202692.0,,,,,,
521,PT07M08.00S,2022-01-16T02:36:23.2Z,4,REGULAR,turnover,backcourt,[],203095,,,1610612752,91,93,2022-01-16T02:38:15Z,5140000,,,0,,E. Fournier backcourt TURNOVER (3 TO),[203095],1610612752.0,NYK,,,,Fournier,E. Fournier,,,,,,,,,,,,,,,202035.0,,,,,3.0,,,,,
522,PT07M00.00S,2022-01-16T02:36:50.5Z,4,REGULAR,turnover,bad pass,[],101150,,,1610612737,91,93,2022-01-16T02:36:55Z,5150000,,,0,,L. Williams bad pass TURNOVER (1 TO),"[101150, 1629011]",1610612737.0,ATL,,,,Williams,L. Williams,,,,,,,,,,,,,,,,,,,,1.0,Robinson,1629011.0,,,
523,PT07M00.00S,2022-01-16T02:36:50.5Z,4,REGULAR,steal,,[],1629011,,,1610612752,91,93,2022-01-16T02:36:52Z,5160000,,,0,,M. Robinson STEAL (1 STL),[1629011],1610612752.0,NYK,,,,Robinson,M. Robinson,,,,,,,,,,,,,,,,,,,,,,,,,
524,PT06M46.00S,2022-01-16T02:37:04.0Z,4,REGULAR,2pt,Jump Shot,['fromturnover'],203095,77.7431011826544,20.34313725490196,1610612752,91,95,2022-01-16T02:43:35Z,5170000,-148.0,157.0,1,right,E. Fournier 21' step back Jump Shot (11 PTS),[203095],1610612752.0,NYK,step back,,,Fournier,E. Fournier,,,,,21.57,Made,,,,,11.0,,,,,,,,,,,,,,
525,PT06M34.00S,2022-01-16T02:37:16.0Z,4,REGULAR,3pt,Jump Shot,[],201568,28.33442838370565,20.833333333333336,1610612737,91,95,2022-01-16T02:37:21Z,5180000,146.0,214.0,1,left,MISS D. Gallinari 25' 3PT,[201568],1610612737.0,ATL,,,,Gallinari,D. Gallinari,,,,,25.88,Missed,,,,,,,,,,,,,,,,,,,
526,PT06M32.00S,2022-01-16T02:37:18.0Z,4,REGULAR,rebound,defensive,[],202692,,,1610612752,91,95,2022-01-16T02:37:21Z,5190000,,,0,,A. Burks REBOUND (Off:0 Def:7),[202692],1610612752.0,NYK,,,,Burks,A. Burks,,,,,,,525.0,7.0,7.0,0.0,,,,,,,,,,,,,,,
527,PT06M20.00S,2022-01-16T02:37:29.7Z,4,REGULAR,2pt,Jump Shot,['pointsinthepaint'],203095,87.99277266754271,45.83333333333333,1610612752,91,97,2022-01-16T02:37:43Z,5200000,-21.0,60.0,1,right,E. Fournier 6' driving floating bank Jump Shot (13 PTS),[203095],1610612752.0,NYK,driving floating bank,,,Fournier,E. Fournier,,,,,6.39,Made,,,,,13.0,,,,,,,,,,,,,,
529,PT06M20.00S,2022-01-16T02:37:40.1Z,4,REGULAR,timeout,full,['team'],0,,,1610612737,91,97,2022-01-16T02:37:40Z,5220000,,,0,,ATL Timeout,[],1610612737.0,ATL,,,,,,,,,,,,,,,,,,,,,,,,,,,,,,
530,PT06M20.00S,2022-01-16T02:38:38.9Z,4,REGULAR,substitution,out,[],1626153,,,1610612737,91,97,2022-01-16T02:38:52Z,5230000,,,0,,SUB out: D. Wright,[1626153],1610612737.0,ATL,,,,Wright,D. Wright,,,,,,,,,,,,,,,,,,,,,,,,,
531,PT06M20.00S,2022-01-16T02:38:38.9Z,4,REGULAR,substitution,out,[],101150,,,1610612737,91,97,2022-01-16T02:38:52Z,5240000,,,0,,SUB out: L. Williams,[101150],1610612737.0,ATL,,,,Williams,L. Williams,,,,,,,,,,,,,,,,,,,,,,,,,
532,PT06M20.00S,2022-01-16T02:38:38.9Z,4,REGULAR,substitution,out,[],1627789,,,1610612737,91,97,2022-01-16T02:38:52Z,5250000,,,0,,SUB out: T. Luwawu-Cabarrot,[1627789],1610612737.0,ATL,,,,Luwawu-Cabarrot,T. Luwawu-Cabarrot,,,,,,,,,,,,,,,,,,,,,,,,,
533,PT06M20.00S,2022-01-16T02:38:38.9Z,4,REGULAR,substitution,out,[],1630168,,,1610612737,91,97,2022-01-16T02:38:52Z,5260000,,,0,,SUB out: O. Okongwu,[1630168],1610612737.0,ATL,,,,Okongwu,O. Okongwu,,,,,,,,,,,,,,,,,,,,,,,,,
534,PT06M20.00S,2022-01-16T02:38:38.9Z,4,REGULAR,substitution,in,[],1629027,,,1610612737,91,97,2022-01-16T02:38:52Z,5270000,,,0,,SUB in: T. Young,[1629027],1610612737.0,ATL,,,,Young,T. Young,,,,,,,,,,,,,,,,,,,,,,,,,
535,PT06M20.00S,2022-01-16T02:38:38.9Z,4,REGULAR,substitution,in,[],1628989,,,1610612737,91,97,2022-01-16T02:38:52Z,5280000,,,0,,SUB in: K. Huerter,[1628989],1610612737.0,ATL,,,,Huerter,K. Huerter,,,,,,,,,,,,,,,,,,,,,,,,,
536,PT06M20.00S,2022-01-16T02:38:38.9Z,4,REGULAR,substitution,in,[],1628381,,,1610612737,91,97,2022-01-16T02:38:52Z,5290000,,,0,,SUB in: J. Collins,[1628381],1610612737.0,ATL,,,,Collins,J. Collins,,,,,,,,,,,,,,,,,,,,,,,,,
537,PT06M20.00S,2022-01-16T02:38:38.9Z,4,REGULAR,substitution,in,[],1629631,,,1610612737,91,97,2022-01-16T02:38:52Z,5300000,,,0,,SUB in: D. Hunter,[1629631],1610612737.0,ATL,,,,Hunter,D. Hunter,,,,,,,,,,,,,,,,,,,,,,,,,
538,PT06M00.00S,2022-01-16T02:39:27.2Z,4,REGULAR,2pt,Layup,['pointsinthepaint'],1628989,5.338370565045992,40.19607843137255,1610612737,93,97,2022-01-16T02:39:37Z,5310000,49.0,-2.0,1,left,K. Huerter finger roll Layup (6 PTS),[1628989],1610612737.0,ATL,finger roll,,,Huerter,K. Huerter,,,,,4.91,Made,,,,,6.0,,,,,,,,,,,,,,
539,PT05M38.00S,2022-01-16T02:39:49.7Z,4,REGULAR,2pt,Jump Shot,['pointsinthepaint'],1629628,82.07950065703022,40.44117647058824,1610612752,93,99,2022-01-16T02:39:55Z,5320000,-48.0,116.0,1,right,R. Barrett 12' pullup Jump Shot (23 PTS),[1629628],1610612752.0,NYK,pullup,,,Barrett,R. Barrett,,,,,12.55,Made,,,,,23.0,,,,,,,,,,,,,,
540,PT05M26.00S,2022-01-16T02:40:01.3Z,4,REGULAR,2pt,Jump Shot,[],1629027,24.917871222076215,31.127450980392158,1610612737,95,99,2022-01-16T02:40:06Z,5330000,94.0,182.0,1,left,T. Young 20' pullup Jump Shot (22 PTS),[1629027],1610612737.0,ATL,pullup,,,Young,T. Young,,,,,20.48,Made,,,,,22.0,,,,,,,,,,,,,,
541,PT05M00.00S,2022-01-16T02:40:27.3Z,4,REGULAR,2pt,Layup,['pointsinthepaint'],203944,92.06636005256242,45.83333333333333,1610612752,95,101,2022-01-16T02:40:36Z,5340000,-21.0,22.0,1,right,J. Randle driving Layup (22 PTS),[203944],1610612752.0,NYK,driving,,,Randle,J. Randle,,,,,3.03,Made,,,,,22.0,,,,,,,,,,,,,,
542,PT04M50.00S,2022-01-16T02:40:37.7Z,4,REGULAR,3pt,Jump Shot,[],201568,27.677398160315374,76.47058823529412,1610612737,98,101,2022-01-16T02:40:43Z,5350000,-132.0,208.0,1,left,D. Gallinari 24' 3PT  (17 PTS) (T. Young 5 AST),"[201568, 1629027]",1610612737.0,ATL,,,,Gallinari,D. Gallinari,,,,,24.63,Made,,,,,17.0,T. Young,1629027.0,5.0,,,,,,,,,,,
544,PT04M35.00S,2022-01-16T02:40:52.4Z,4,REGULAR,3pt,Jump Shot,[],203944,68.54467805519053,65.44117647058823,1610612752,98,101,2022-01-16T02:40:57Z,5370000,77.0,243.0,1,right,MISS J. Randle 25' 3PT,[203944],1610612752.0,NYK,,,,Randle,J. Randle,,,,,25.52,Missed,,,,,,,,,,,,,,,,,,,
545,PT04M32.00S,2022-01-16T02:40:55.4Z,4,REGULAR,rebound,defensive,[],1628989,,,1610612737,98,101,2022-01-16T02:40:57Z,5380000,,,0,,K. Huerter REBOUND (Off:0 Def:5),[1628989],1610612737.0,ATL,,,,Huerter,K. Huerter,,,,,,,544.0,5.0,5.0,0.0,,,,,,,,,,,,,,,
546,PT04M22.00S,2022-01-16T02:41:06.1Z,4,REGULAR,3pt,Jump Shot,[],1629631,9.543363994743759,95.34313725490196,1610612737,98,101,2022-01-16T02:41:20Z,5390000,-227.0,37.0,1,left,MISS D. Hunter 3PT,[1629631],1610612737.0,ATL,,,,Hunter,D. Hunter,,,,,22.97,Missed,,,,,,,,,,,,,,,,,,,
547,PT04M20.00S,2022-01-16T02:41:08.1Z,4,REGULAR,rebound,defensive,[],202692,,,1610612752,98,101,2022-01-16T02:41:20Z,5400000,,,0,,A. Burks REBOUND (Off:0 Def:8),[202692],1610612752.0,NYK,,,,Burks,A. Burks,,,,,,,546.0,8.0,8.0,0.0,,,,,,,,,,,,,,,
548,PT04M20.00S,2022-01-16T02:41:19.2Z,4,REGULAR,foul,personal,"['inpenalty', '2freethrow']",1628989,,,1610612752,98,101,2022-01-16T02:41:38Z,5410000,,,0,,K. Huerter personal FOUL (2 PF) (Burks 2 FT),"[1628989, 202692]",1610612737.0,ATL,,,,Huerter,K. Huerter,,,,,,,,,,,,,,,202035.0,2.0,0.0,Burks,202692.0,,,,,,
550,PT04M20.00S,2022-01-16T02:41:44.0Z,4,REGULAR,freethrow,1 of 2,[],202692,,,1610612752,98,102,2022-01-16T02:41:44Z,5430000,,,0,,A. Burks Free Throw 1 of 2 (14 PTS),[202692],1610612752.0,NYK,,,,Burks,A. Burks,,,,,,Made,,,,,14.0,,,,,,,,,,,,,,
551,PT04M20.00S,2022-01-16T02:41:58.3Z,4,REGULAR,freethrow,2 of 2,[],202692,,,1610612752,98,103,2022-01-16T02:41:58Z,5440000,,,0,,A. Burks Free Throw 2 of 2 (15 PTS),[202692],1610612752.0,NYK,,,,Burks,A. Burks,,,,,,Made,,,,,15.0,,,,,,,,,,,,,,
552,PT04M10.00S,2022-01-16T02:42:10.6Z,4,REGULAR,3pt,Jump Shot,[],1628381,29.517082785808146,72.05882352941177,1610612737,98,103,2022-01-16T02:42:17Z,5450000,-110.0,225.0,1,left,MISS J. Collins 25' 3PT,[1628381],1610612737.0,ATL,,,,Collins,J. Collins,,,,,25.06,Missed,,,,,,,,,,,,,,,,,,,
553,PT04M05.00S,2022-01-16T02:42:15.5Z,4,REGULAR,rebound,offensive,[],1628989,,,1610612737,98,103,2022-01-16T02:42:15Z,5460000,,,0,,K. Huerter REBOUND (Off:1 Def:5),[1628989],1610612737.0,ATL,,,,Huerter,K. Huerter,,,,,,,552.0,6.0,5.0,1.0,,,,,,,,,,,,,,,
554,PT04M03.00S,2022-01-16T02:42:18.4Z,4,REGULAR,2pt,Layup,"['pointsinthepaint', '2ndchance']",1629027,6.652431011826544,47.30392156862745,1610612737,100,103,2022-01-16T02:42:25Z,5470000,13.0,10.0,1,left,T. Young driving Layup (24 PTS) (K. Huerter 5 AST),"[1629027, 1628989]",1610612737.0,ATL,driving,,,Young,T. Young,,,,,1.68,Made,,,,,24.0,K. Huerter,1628989.0,5.0,,,,,,,,,,,
556,PT03M37.00S,2022-01-16T02:42:43.2Z,4,REGULAR,3pt,Jump Shot,[],1629628,84.57621550591328,94.36274509803921,1610612752,100,106,2022-01-16T02:42:48Z,5490000,222.0,92.0,1,right,R. Barrett 24' 3PT  (26 PTS) (J. Randle 8 AST),"[1629628, 203944]",1610612752.0,NYK,,,,Barrett,R. Barrett,,,,,24.03,Made,,,,,26.0,J. Randle,203944.0,8.0,,,,,,,,,,,
558,PT03M16.00S,2022-01-16T02:43:04.8Z,4,REGULAR,3pt,Jump Shot,[],201568,24.129434954007884,84.31372549019608,1610612737,100,106,2022-01-16T02:43:12Z,5510000,-172.0,174.0,1,left,MISS D. Gallinari 24' 3PT,[201568],1610612737.0,ATL,,,,Gallinari,D. Gallinari,,,,,24.46,Missed,,,,,,,,,,,,,,,,,,,
559,PT03M13.00S,2022-01-16T02:43:07.8Z,4,REGULAR,rebound,defensive,[],1629011,,,1610612752,100,106,2022-01-16T02:52:56Z,5520000,,,0,,M. Robinson REBOUND (Off:4 Def:8),[1629011],1610612752.0,NYK,,,,Robinson,M. Robinson,,,,,,,558.0,12.0,8.0,4.0,,,,,,,,,,,,,,,
560,PT03M13.00S,2022-01-16T02:43:12.0Z,4,REGULAR,stoppage,out-of-bounds,[],0,,,1610612752,100,106,2022-01-16T02:43:12Z,5530000,,,0,,,[],,,,,,,,,,,,,,,,,,,,,,,,,,,,,,,,
561,PT02M51.00S,2022-01-16T02:43:41.6Z,4,REGULAR,2pt,Layup,['pointsinthepaint'],203944,93.77463863337714,50.0,1610612752,100,108,2022-01-16T02:44:32Z,5540000,0.0,6.0,1,right,J. Randle Layup (24 PTS),[203944],1610612752.0,NYK,,,,Randle,J. Randle,,,,,0.6,Made,,,,,24.0,,,,,,,,,,,,,,
562,PT02M51.00S,2022-01-16T02:43:54.6Z,4,REGULAR,foul,personal,"['inpenalty', '1freethrow']",1628381,,,1610612752,100,108,2022-01-16T02:44:23Z,5550000,,,0,,J. Collins shooting personal FOUL (4 PF) (Randle 1 FT),"[1628381, 203944]",1610612737.0,ATL,shooting,,,Collins,J. Collins,,,,,,,,,,,,,,,202027.0,4.0,0.0,Randle,203944.0,,,,,,
564,PT02M51.00S,2022-01-16T02:44:26.5Z,4,REGULAR,instantreplay,request,[],0,,,1610612752,100,108,2022-01-16T02:47:25Z,5570000,,,0,,,[],,,support,,,,,,,,,,,,,,,,,,,202058.0,,,,,,,,,,SC - No Violation - Foul Before
565,PT02M51.00S,2022-01-16T02:45:47.6Z,4,REGULAR,freethrow,1 of 1,[],203944,,,1610612752,100,108,2022-01-16T02:45:47Z,5580000,,,0,,MISS J. Randle Free Throw 1 of 1,[203944],1610612752.0,NYK,,,,Randle,J. Randle,,,,,,Missed,,,,,,,,,,,,,,,,,,,
566,PT02M50.00S,2022-01-16T02:45:48.6Z,4,REGULAR,rebound,defensive,[],1628381,,,1610612737,100,108,2022-01-16T02:45:49Z,5590000,,,0,,J. Collins REBOUND (Off:0 Def:3),[1628381],1610612737.0,ATL,,,,Collins,J. Collins,,,,,,,565.0,3.0,3.0,0.0,,,,,,,,,,,,,,,
567,PT02M34.00S,2022-01-16T02:46:04.1Z,4,REGULAR,3pt,Jump Shot,[],1628989,30.436925098554536,71.07843137254902,1610612737,100,108,2022-01-16T02:46:11Z,5600000,-105.0,234.0,1,left,MISS K. Huerter 25' step back 3PT,[1628989],1610612737.0,ATL,step back,,,Huerter,K. Huerter,,,,,25.63,Missed,,,,,,,,,,,,,,,,,,,
568,PT02M31.00S,2022-01-16T02:46:07.1Z,4,REGULAR,rebound,defensive,[],203944,,,1610612752,100,108,2022-01-16T02:46:11Z,5610000,,,0,,J. Randle REBOUND (Off:1 Def:5),[203944],1610612752.0,NYK,,,,Randle,J. Randle,,,,,,,567.0,6.0,5.0,1.0,,,,,,,,,,,,,,,
569,PT02M19.00S,2022-01-16T02:46:19.3Z,4,REGULAR,3pt,Jump Shot,[],203095,73.66951379763469,81.37254901960785,1610612752,100,111,2022-01-16T02:46:27Z,5620000,157.0,195.0,1,right,E. Fournier 25' 3PT  (16 PTS) (A. Burks 7 AST),"[203095, 202692]",1610612752.0,NYK,,,,Fournier,E. Fournier,,,,,25.03,Made,,,,,16.0,A. Burks,202692.0,7.0,,,,,,,,,,,
571,PT02M06.00S,2022-01-16T02:46:31.3Z,4,REGULAR,3pt,Jump Shot,[],1629027,33.196452036793694,51.225490196078425,1610612737,100,111,2022-01-16T02:46:37Z,5640000,-6.0,260.0,1,left,MISS T. Young 25' step back 3PT,[1629027],1610612737.0,ATL,step back,,,Young,T. Young,,,,,25.96,Missed,,,,,,,,,,,,,,,,,,,
572,PT02M03.00S,2022-01-16T02:46:34.3Z,4,REGULAR,rebound,defensive,[],1629628,,,1610612752,100,111,2022-01-16T02:46:37Z,5650000,,,0,,R. Barrett REBOUND (Off:1 Def:4),[1629628],1610612752.0,NYK,,,,Barrett,R. Barrett,,,,,,,571.0,5.0,4.0,1.0,,,,,,,,,,,,,,,
573,PT01M47.00S,2022-01-16T02:46:51.7Z,4,REGULAR,2pt,DUNK,['pointsinthepaint'],1629011,94.1688567674113,49.50980392156863,1610612752,100,113,2022-01-16T02:47:04Z,5660000,-2.0,2.0,1,right,M. Robinson cutting DUNK (14 PTS) (A. Burks 8 AST),"[1629011, 202692]",1610612752.0,NYK,cutting,,,Robinson,M. Robinson,,,,,0.34,Made,,,,,14.0,A. Burks,202692.0,8.0,,,,,,,,,,,
575,PT01M47.00S,2022-01-16T02:47:00.6Z,4,REGULAR,timeout,full,['team'],0,,,1610612737,100,113,2022-01-16T02:47:00Z,5680000,,,0,,ATL Timeout,[],1610612737.0,ATL,,,,,,,,,,,,,,,,,,,,,,,,,,,,,,
576,PT01M43.00S,2022-01-16T02:48:44.5Z,4,REGULAR,3pt,Jump Shot,[],1629027,34.247700394218136,46.07843137254902,1610612737,103,113,2022-01-16T02:48:51Z,5690000,20.0,269.0,1,left,T. Young 27' 3PT step back (27 PTS) (K. Huerter 6 AST),"[1629027, 1628989]",1610612737.0,ATL,step back,,,Young,T. Young,,,,,27.01,Made,,,,,27.0,K. Huerter,1628989.0,6.0,,,,,,,,,,,
577,PT01M33.00S,2022-01-16T02:48:58.2Z,4,REGULAR,3pt,Jump Shot,[],202692,68.9388961892247,30.637254901960787,1610612752,103,113,2022-01-16T02:49:05Z,5700000,-97.0,239.0,1,right,MISS A. Burks 25' pullup 3PT,[202692],1610612752.0,NYK,pullup,,,Burks,A. Burks,,,,,25.83,Missed,,,,,,,,,,,,,,,,,,,
578,PT01M31.00S,2022-01-16T02:49:00.2Z,4,REGULAR,rebound,defensive,[],1629631,,,1610612737,103,113,2022-01-16T02:49:05Z,5710000,,,0,,D. Hunter REBOUND (Off:0 Def:3),[1629631],1610612737.0,ATL,,,,Hunter,D. Hunter,,,,,,,577.0,3.0,3.0,0.0,,,,,,,,,,,,,,,
579,PT01M31.00S,2022-01-16T02:49:03.4Z,4,REGULAR,foul,personal,[],1629011,,,1610612737,103,113,2022-01-16T02:49:12Z,5720000,,,0,,M. Robinson personal FOUL (1 PF),"[1629011, 1629631]",1610612752.0,NYK,,,,Robinson,M. Robinson,,,,,,,,,,,,,,,202035.0,1.0,0.0,Hunter,1629631.0,,,,,,
581,PT01M26.00S,2022-01-16T02:49:28.3Z,4,REGULAR,turnover,out-of-bounds,[],1628381,,,1610612737,103,113,2022-01-16T02:49:37Z,5740000,,,0,,J. Collins lost ball out-of-bounds TURNOVER (2 TO),[1628381],1610612737.0,ATL,lost ball,,,Collins,J. Collins,,,,,,,,,,,,,,,202027.0,,,,,2.0,,,,,
582,PT01M07.00S,2022-01-16T02:49:54.0Z,4,REGULAR,2pt,Jump Shot,"['pointsinthepaint', 'fromturnover']",203095,87.07293035479631,45.83333333333333,1610612752,103,115,2022-01-16T02:50:02Z,5750000,-21.0,69.0,1,right,E. Fournier 7' floating Jump Shot (18 PTS) (J. Randle 9 AST),"[203095, 203944]",1610612752.0,NYK,floating,,,Fournier,E. Fournier,,,,,7.21,Made,,,,,18.0,J. Randle,203944.0,9.0,,,,,,,,,,,
584,PT01M04.00S,2022-01-16T02:50:05.0Z,4,REGULAR,3pt,Jump Shot,[],1629027,33.459264126149804,57.84313725490197,1610612737,103,115,2022-01-16T02:50:12Z,5770000,-39.0,262.0,1,left,MISS T. Young 26' pullup 3PT,[1629027],1610612737.0,ATL,pullup,,,Young,T. Young,,,,,26.49,Missed,,,,,,,,,,,,,,,,,,,
585,PT01M00.00S,2022-01-16T02:50:09.0Z,4,REGULAR,rebound,defensive,[],202692,,,1610612752,103,115,2022-01-16T02:50:12Z,5780000,,,0,,A. Burks REBOUND (Off:0 Def:9),[202692],1610612752.0,NYK,,,,Burks,A. Burks,,,,,,,584.0,9.0,9.0,0.0,,,,,,,,,,,,,,,
586,PT00M39.90S,2022-01-16T02:50:29.0Z,4,REGULAR,2pt,Jump Shot,[],203944,90.22667542706965,12.990196078431374,1610612752,103,115,2022-01-16T02:50:34Z,5790000,-185.0,39.0,1,right,MISS J. Randle 18' pullup Shot,[203944],1610612752.0,NYK,pullup,,,Randle,J. Randle,,,,,18.91,Missed,,,,,,,,,,,,,,,,,,,
587,PT00M37.30S,2022-01-16T02:50:31.6Z,4,REGULAR,rebound,offensive,[],1629011,,,1610612752,103,115,2022-01-16T02:50:34Z,5800000,,,0,,M. Robinson REBOUND (Off:5 Def:8),[1629011],1610612752.0,NYK,,,,Robinson,M. Robinson,,,,,,,586.0,13.0,8.0,5.0,,,,,,,,,,,,,,,
588,PT00M33.80S,2022-01-16T02:50:37.1Z,4,REGULAR,foul,personal,"['inpenalty', '2freethrow']",201568,,,1610612752,103,115,2022-01-16T02:51:03Z,5810000,,,0,,D. Gallinari take personal FOUL (2 PF) (Burks 2 FT),"[201568, 202692]",1610612737.0,ATL,take,,,Gallinari,D. Gallinari,,,,,,,,,,,,,,,202027.0,2.0,0.0,Burks,202692.0,,,,,,
590,PT00M33.80S,2022-01-16T02:51:04.4Z,4,REGULAR,freethrow,1 of 2,['2ndchance'],202692,,,1610612752,103,116,2022-01-16T02:51:04Z,5830000,,,0,,A. Burks Free Throw 1 of 2 (16 PTS),[202692],1610612752.0,NYK,,,,Burks,A. Burks,,,,,,Made,,,,,16.0,,,,,,,,,,,,,,
591,PT00M33.80S,2022-01-16T02:51:16.3Z,4,REGULAR,freethrow,2 of 2,['2ndchance'],202692,,,1610612752,103,117,2022-01-16T02:51:16Z,5840000,,,0,,A. Burks Free Throw 2 of 2 (17 PTS),[202692],1610612752.0,NYK,,,,Burks,A. Burks,,,,,,Made,,,,,17.0,,,,,,,,,,,,,,
592,PT00M30.90S,2022-01-16T02:51:25.5Z,4,REGULAR,2pt,Layup,['pointsinthepaint'],1629027,5.075558475689881,52.20588235294118,1610612737,105,117,2022-01-16T02:51:31Z,5850000,-11.0,-5.0,1,left,T. Young driving Layup (29 PTS),[1629027],1610612737.0,ATL,driving,,,Young,T. Young,,,,,1.2,Made,,,,,29.0,,,,,,,,,,,,,,
593,PT00M06.70S,2022-01-16T02:51:59.1Z,4,REGULAR,turnover,shot clock,['team'],0,,,1610612752,105,117,2022-01-16T02:52:08Z,5860000,,,0,,NYK shot clock Team TURNOVER,[],1610612752.0,NYK,,,,,,,,,,,,,,,,,,,,202027.0,,,,,,,,,,
594,PT00M02.00S,2022-01-16T02:52:11.7Z,4,REGULAR,3pt,Jump Shot,['fromturnover'],1628381,34.37910643889619,46.81372549019608,1610612737,108,117,2022-01-16T02:52:25Z,5870000,16.0,271.0,1,left,J. Collins 27' 3PT pullup (13 PTS),[1628381],1610612737.0,ATL,pullup,,,Collins,J. Collins,,,,,27.12,Made,,,,,13.0,,,,,,,,,,,,,,
595,PT00M00.00S,2022-01-16T02:52:21.7Z,4,REGULAR,period,end,[],0,,,1610612752,108,117,2022-01-16T02:52:21Z,5880000,,,0,,Period End,[],,,,,,,,,,,,,,,,,,,,,,,,,,,,,,,,
596,PT00M00.00S,2022-01-16T02:52:23.9Z,4,REGULAR,game,end,[],0,,,0,108,117,2022-01-16T02:52:23Z,5890000,,,0,,Game End,[],,,,,,,,,,,,,,,,,,,,,,,,,,,,,,,,
