actionNumber,clock,timeActual,period,periodType,actionType,subType,qualifiers,personId,x,y,possession,scoreHome,scoreAway,edited,orderNumber,isTargetScoreLastPeriod,xLegacy,yLegacy,isFieldGoal,side,description,personIdsFilter,teamId,teamTricode,descriptor,jumpBallRecoveredName,jumpBallRecoverdPersonId,playerName,playerNameI,jumpBallWonPlayerName,jumpBallWonPersonId,jumpBallLostPlayerName,jumpBallLostPersonId,area,areaDetail,shotDistance,shotResult,shotActionNumber,reboundTotal,reboundDefensiveTotal,reboundOffensiveTotal,officialId,turnoverTotal,pointsTotal,assistPlayerNameInitial,assistPersonId,assistTotal,stealPlayerName,stealPersonId,blockPlayerName,blockPersonId,foulPersonalTotal,foulTechnicalTotal,foulDrawnPlayerName,foulDrawnPersonId
2,PT12M00.00S,2023-01-24T02:10:30.5Z,1,REGULAR,period,start,[],0,,,0,0,0,2023-01-24T02:10:30Z,20000,False,,,0,,Period Start,[],,,,,,,,,,,,,,,,,,,,,,,,,,,,,,,,,
4,PT11M57.00S,2023-01-24T02:10:32.8Z,1,REGULAR,jumpball,recovered,[],1627736,,,1610612762,0,0,2023-01-24T02:10:32Z,40000,False,,,0,,Jump Ball W. Kessler vs. M. Plumlee: Tip to M. Beasley,"[1627736, 1631117, 203486]",1610612762.0,UTA,startperiod,M. Beasley,1627736.0,Beasley,M. Beasley,Kessler,1631117.0,Plumlee,203486.0,,,,,,,,,,,,,,,,,,,,,,
7,PT11M41.00S,2023-01-24T02:10:49.3Z,1,REGULAR,3pt,Jump Shot,[],1627736,32.276609724047304,49.754901960784316,1610612762,0,0,2023-01-24T02:10:56Z,70000,False,1.0,251.0,1,left,MISS M. Beasley 25' 3PT,[1627736],1610612762.0,UTA,,,,Beasley,M. Beasley,,,,,Above the Break 3,24+ Center,25.09,Missed,,,,,,,,,,,,,,,,,,
8,PT11M38.00S,2023-01-24T02:10:52.3Z,1,REGULAR,rebound,offensive,[],1631117,,,1610612762,0,0,2023-01-24T02:10:56Z,80000,False,,,0,,W. Kessler REBOUND (Off:1 Def:0),[1631117],1610612762.0,UTA,,,,Kessler,W. Kessler,,,,,Above the Break 3,24+ Center,,,7.0,1.0,0.0,1.0,,,,,,,,,,,,,,
9,PT11M36.00S,2023-01-24T02:10:53.4Z,1,REGULAR,3pt,Jump Shot,['2ndchance'],201144,15.982260183968464,2.696078431372549,1610612762,0,0,2023-01-24T02:10:59Z,90000,False,237.0,98.0,1,left,MISS M. Conley 25' 3PT,[201144],1610612762.0,UTA,,,,Conley,M. Conley,,,,,Above the Break 3,24+ Right Center,25.59,Missed,,,,,,,,,,,,,,,,,,
10,PT11M36.00S,2023-01-24T02:10:53.4Z,1,REGULAR,rebound,offensive,['team'],0,,,1610612762,0,0,2023-01-24T02:10:59Z,100000,False,,,0,,TEAM offensive REBOUND,[],1610612762.0,UTA,,,,,,,,,,Above the Break 3,24+ Right Center,,,9.0,,,,,,,,,,,,,,,,,
12,PT11M30.00S,2023-01-24T02:11:16.6Z,1,REGULAR,turnover,out-of-bounds,[],203903,,,1610612762,0,0,2023-01-24T02:11:22Z,120000,False,,,0,,J. Clarkson bad pass out-of-bounds TURNOVER (1 TO),[203903],1610612762.0,UTA,bad pass,,,Clarkson,J. Clarkson,,,,,In The Paint (Non-RA),8-16 Center,,,,,,,1628159.0,1.0,,,,,,,,,,,,
13,PT11M13.00S,2023-01-24T02:11:39.9Z,1,REGULAR,2pt,Hook,"['pointsinthepaint', 'fromturnover']",203486,90.88370565045992,48.529411764705884,1610612766,0,2,2023-01-24T02:11:43Z,130000,False,-7.0,33.0,1,right,M. Plumlee turnaround Hook (2 PTS) (G. Hayward 1 AST),"[203486, 202330]",1610612766.0,CHA,turnaround,,,Plumlee,M. Plumlee,,,,,Restricted Area,0-8 Center,3.4,Made,,,,,,,2.0,G. Hayward,202330.0,1.0,,,,,,,,
15,PT11M00.00S,2023-01-24T02:11:52.7Z,1,REGULAR,3pt,Jump Shot,[],1628374,29.25427069645204,73.52941176470588,1610612762,0,2,2023-01-24T02:11:56Z,150000,False,-118.0,222.0,1,left,MISS L. Markkanen 25' 3PT,[1628374],1610612762.0,UTA,,,,Markkanen,L. Markkanen,,,,,Above the Break 3,24+ Left Center,25.17,Missed,,,,,,,,,,,,,,,,,,
16,PT10M57.00S,2023-01-24T02:11:55.7Z,1,REGULAR,rebound,defensive,[],203486,,,1610612766,0,2,2023-01-24T02:11:56Z,160000,False,,,0,,M. Plumlee REBOUND (Off:0 Def:1),[203486],1610612766.0,CHA,,,,Plumlee,M. Plumlee,,,,,Above the Break 3,24+ Left Center,,,15.0,1.0,1.0,0.0,,,,,,,,,,,,,,
18,PT10M50.00S,2023-01-24T02:12:18.8Z,1,REGULAR,turnover,bad pass,[],1629667,,,1610612766,0,2,2023-01-24T02:19:26Z,180000,False,,,0,,J. McDaniels bad pass TURNOVER (1 TO),"[1629667, 1627736]",1610612766.0,CHA,,,,McDaniels,J. McDaniels,,,,,In The Paint (Non-RA),0-8 Center,,,,,,,,1.0,,,,,Beasley,1627736.0,,,,,,
19,PT10M50.00S,2023-01-24T02:12:18.8Z,1,REGULAR,steal,,[],1627736,,,1610612762,0,2,2023-01-24T02:12:20Z,190000,False,,,0,,M. Beasley STEAL (1 STL),[1627736],1610612762.0,UTA,,,,Beasley,M. Beasley,,,,,In The Paint (Non-RA),0-8 Center,,,,,,,,,,,,,,,,,,,,
20,PT10M44.00S,2023-01-24T02:12:24.1Z,1,REGULAR,3pt,Jump Shot,"['fastbreak', 'fromturnover']",1627736,27.151773981603156,18.137254901960784,1610612762,3,2,2023-01-24T02:12:32Z,200000,False,159.0,203.0,1,left,M. Beasley 25' 3PT pullup (3 PTS),[1627736],1610612762.0,UTA,pullup,,,Beasley,M. Beasley,,,,,Above the Break 3,24+ Right Center,25.78,Made,,,,,,,3.0,,,,,,,,,,,
21,PT10M31.00S,2023-01-24T02:12:36.8Z,1,REGULAR,2pt,Jump Shot,[],1626179,75.77201051248358,39.950980392156865,1610612766,3,4,2023-01-24T02:12:41Z,210000,False,-50.0,175.0,1,right,T. Rozier 18' pullup Jump Shot (2 PTS),[1626179],1610612766.0,CHA,pullup,,,Rozier,T. Rozier,,,,,Mid-Range,16-24 Center,18.23,Made,,,,,,,2.0,,,,,,,,,,,
22,PT10M17.00S,2023-01-24T02:12:50.3Z,1,REGULAR,3pt,Jump Shot,[],203903,20.318659658344284,6.862745098039216,1610612762,3,4,2023-01-24T02:12:53Z,220000,False,216.0,138.0,1,left,MISS J. Clarkson 25' 3PT,[203903],1610612762.0,UTA,,,,Clarkson,J. Clarkson,,,,,Above the Break 3,24+ Right Center,25.63,Missed,,,,,,,,,,,,,,,,,,
23,PT10M16.00S,2023-01-24T02:12:51.3Z,1,REGULAR,rebound,defensive,[],1626179,,,1610612766,3,4,2023-01-24T02:12:53Z,230000,False,,,0,,T. Rozier REBOUND (Off:0 Def:1),[1626179],1610612766.0,CHA,,,,Rozier,T. Rozier,,,,,Above the Break 3,24+ Right Center,,,22.0,1.0,1.0,0.0,,,,,,,,,,,,,,
24,PT10M12.00S,2023-01-24T02:12:56.3Z,1,REGULAR,2pt,Jump Shot,['fastbreak'],202330,83.919185282523,73.77450980392157,1610612766,3,4,2023-01-24T02:13:02Z,240000,False,119.0,99.0,1,right,MISS G. Hayward 15' pullup Shot,[202330],1610612766.0,CHA,pullup,,,Hayward,G. Hayward,,,,,Mid-Range,8-16 Right,15.45,Missed,,,,,,,,,,,,,,,,,,
25,PT10M09.00S,2023-01-24T02:12:59.3Z,1,REGULAR,rebound,offensive,[],1626179,,,1610612766,3,4,2023-01-24T02:13:02Z,250000,False,,,0,,T. Rozier REBOUND (Off:1 Def:1),[1626179],1610612766.0,CHA,,,,Rozier,T. Rozier,,,,,Mid-Range,8-16 Right,,,24.0,2.0,1.0,1.0,,,,,,,,,,,,,,
26,PT10M09.00S,2023-01-24T02:13:00.1Z,1,REGULAR,2pt,Layup,"['pointsinthepaint', '2ndchance']",1626179,94.40999984741211,50.0,1610612766,3,6,2023-01-24T02:13:00Z,260000,False,0.0,0.0,1,right,T. Rozier tip Layup (4 PTS),[1626179],1610612766.0,CHA,tip,,,Rozier,T. Rozier,,,,,Mid-Range,8-16 Left,0.0,Made,,,,,,,4.0,,,,,,,,,,,
27,PT09M54.00S,2023-01-24T02:13:14.7Z,1,REGULAR,2pt,Layup,['pointsinthepaint'],1628374,5.338370565045992,58.57843137254902,1610612762,5,6,2023-01-24T02:13:20Z,270000,False,-43.0,-2.0,1,left,L. Markkanen driving Layup (2 PTS) (J. Clarkson 1 AST),"[1628374, 203903]",1610612762.0,UTA,driving,,,Markkanen,L. Markkanen,,,,,In The Paint (Non-RA),0-8 Center,4.3,Made,,,,,,,2.0,J. Clarkson,203903.0,1.0,,,,,,,,
29,PT09M38.00S,2023-01-24T02:13:29.9Z,1,REGULAR,2pt,Jump Shot,[],1626179,91.06438896189225,91.44454656862744,1610612766,5,6,2023-01-24T02:14:14Z,290000,False,207.0,31.0,1,right,MISS T. Rozier 20' Jump Shot - blocked,"[1626179, 201144]",1610612766.0,CHA,,,,Rozier,T. Rozier,,,,,Mid-Range,16-24 Right,20.96,Missed,,,,,,,,,,,,,Conley,201144.0,,,,
30,PT09M38.00S,2023-01-24T02:13:29.9Z,1,REGULAR,block,,[],201144,,,1610612766,5,6,2023-01-24T02:13:31Z,300000,False,,,0,,M. Conley BLOCK (1 BLK),[201144],1610612762.0,UTA,,,,Conley,M. Conley,,,,,Mid-Range,16-24 Right,,,,,,,,,,,,,,,,,,,,
31,PT09M36.00S,2023-01-24T02:13:31.9Z,1,REGULAR,rebound,defensive,[],1627736,,,1610612762,5,6,2023-01-24T02:13:33Z,310000,False,,,0,,M. Beasley REBOUND (Off:0 Def:1),[1627736],1610612762.0,UTA,,,,Beasley,M. Beasley,,,,,Right Corner 3,24+ Right,,,29.0,1.0,1.0,0.0,,,,,,,,,,,,,,
32,PT09M24.00S,2023-01-24T02:13:44.1Z,1,REGULAR,3pt,Jump Shot,[],203903,23.603810775295663,12.254901960784313,1610612762,5,6,2023-01-24T02:13:48Z,320000,False,189.0,169.0,1,left,MISS J. Clarkson 25' 3PT,[203903],1610612762.0,UTA,,,,Clarkson,J. Clarkson,,,,,Above the Break 3,24+ Right Center,25.36,Missed,,,,,,,,,,,,,,,,,,
33,PT09M22.00S,2023-01-24T02:13:46.1Z,1,REGULAR,rebound,defensive,['team'],0,,,1610612766,5,6,2023-01-24T02:13:48Z,330000,False,,,0,,TEAM defensive REBOUND,[],1610612766.0,CHA,,,,,,,,,,Above the Break 3,24+ Right Center,,,32.0,,,,,,,,,,,,,,,,,
35,PT09M09.00S,2023-01-24T02:14:06.8Z,1,REGULAR,2pt,Layup,['pointsinthepaint'],1626179,90.75229960578186,46.81372549019608,1610612766,5,8,2023-01-24T02:14:12Z,350000,False,-16.0,34.0,1,right,T. Rozier cutting finger roll Layup (6 PTS) (M. Plumlee 1 AST),"[1626179, 203486]",1610612766.0,CHA,cutting finger roll,,,Rozier,T. Rozier,,,,,Restricted Area,0-8 Center,3.79,Made,,,,,,,6.0,M. Plumlee,203486.0,1.0,,,,,,,,
37,PT08M55.00S,2023-01-24T02:14:21.3Z,1,REGULAR,2pt,Layup,['pointsinthepaint'],1631117,5.469776609724048,44.11764705882353,1610612762,7,8,2023-01-24T02:14:25Z,370000,False,29.0,-1.0,1,left,W. Kessler Layup (2 PTS) (L. Markkanen 1 AST),"[1631117, 1628374]",1610612762.0,UTA,,,,Kessler,W. Kessler,,,,,Restricted Area,0-8 Center,2.94,Made,,,,,,,2.0,L. Markkanen,1628374.0,1.0,,,,,,,,
39,PT08M37.00S,2023-01-24T02:14:41.3Z,1,REGULAR,foul,personal,[],1631117,,,1610612766,7,8,2023-01-24T02:14:47Z,390000,False,,,0,,W. Kessler personal FOUL (1 PF),"[1631117, 203486]",1610612762.0,UTA,,,,Kessler,W. Kessler,,,,,In The Paint (Non-RA),0-8 Center,,,,,,,201245.0,,,,,,,,,,1.0,0.0,Plumlee,203486.0
41,PT08M27.00S,2023-01-24T02:15:08.3Z,1,REGULAR,2pt,Jump Shot,['pointsinthepaint'],202330,85.62746386333771,34.80392156862745,1610612766,7,10,2023-01-24T02:15:15Z,410000,False,-76.0,83.0,1,right,G. Hayward 11' pullup Jump Shot (2 PTS),[202330],1610612766.0,CHA,pullup,,,Hayward,G. Hayward,,,,,In The Paint (Non-RA),8-16 Left,11.22,Made,,,,,,,2.0,,,,,,,,,,,
42,PT08M07.00S,2023-01-24T02:15:27.2Z,1,REGULAR,3pt,Jump Shot,[],1627736,28.728646517739815,24.264705882352942,1610612762,7,10,2023-01-24T02:15:31Z,420000,False,129.0,218.0,1,left,MISS M. Beasley 25' pullup 3PT,[1627736],1610612762.0,UTA,pullup,,,Beasley,M. Beasley,,,,,Above the Break 3,24+ Right Center,25.27,Missed,,,,,,,,,,,,,,,,,,
43,PT08M05.00S,2023-01-24T02:15:29.2Z,1,REGULAR,rebound,defensive,[],1629667,,,1610612766,7,10,2023-01-24T02:15:31Z,430000,False,,,0,,J. McDaniels REBOUND (Off:0 Def:1),[1629667],1610612766.0,CHA,,,,McDaniels,J. McDaniels,,,,,Above the Break 3,24+ Right Center,,,42.0,1.0,1.0,0.0,,,,,,,,,,,,,,
44,PT07M51.00S,2023-01-24T02:15:43.2Z,1,REGULAR,2pt,Jump Shot,[],1629667,78.26872536136662,52.94117647058824,1610612766,7,12,2023-01-24T02:16:09Z,440000,False,15.0,152.0,1,right,J. McDaniels 15' step back Jump Shot (2 PTS),[1629667],1610612766.0,CHA,step back,,,McDaniels,J. McDaniels,,,,,Mid-Range,8-16 Center,15.25,Made,,,,,,,2.0,,,,,,,,,,,
45,PT07M35.00S,2023-01-24T02:16:00.6Z,1,REGULAR,3pt,Jump Shot,[],1628374,26.49474375821288,79.16666666666666,1610612762,7,12,2023-01-24T02:19:17Z,450000,False,-146.0,197.0,1,left,MISS L. Markkanen 24' pullup 3PT,[1628374],1610612762.0,UTA,pullup,,,Markkanen,L. Markkanen,,,,,Above the Break 3,24+ Left Center,24.48,Missed,,,,,,,,,,,,,,,,,,
46,PT07M31.00S,2023-01-24T02:16:04.6Z,1,REGULAR,rebound,defensive,[],203486,,,1610612766,7,12,2023-01-24T02:16:04Z,460000,False,,,0,,M. Plumlee REBOUND (Off:0 Def:2),[203486],1610612766.0,CHA,,,,Plumlee,M. Plumlee,,,,,Above the Break 3,24+ Left Center,,,45.0,2.0,2.0,0.0,,,,,,,,,,,,,,
47,PT07M20.00S,2023-01-24T02:16:14.5Z,1,REGULAR,turnover,bad pass,[],1629667,,,1610612766,7,12,2023-01-24T02:16:17Z,470000,False,,,0,,J. McDaniels bad pass TURNOVER (2 TO),"[1629667, 1627736]",1610612766.0,CHA,,,,McDaniels,J. McDaniels,,,,,Mid-Range,8-16 Right,,,,,,,,2.0,,,,,Beasley,1627736.0,,,,,,
48,PT07M20.00S,2023-01-24T02:16:14.5Z,1,REGULAR,steal,,[],1627736,,,1610612762,7,12,2023-01-24T02:16:16Z,480000,False,,,0,,M. Beasley STEAL (2 STL),[1627736],1610612762.0,UTA,,,,Beasley,M. Beasley,,,,,Mid-Range,8-16 Right,,,,,,,,,,,,,,,,,,,,
49,PT07M12.00S,2023-01-24T02:16:23.4Z,1,REGULAR,2pt,Layup,"['pointsinthepaint', 'fromturnover']",1628374,7.046649145860711,54.166666666666664,1610612762,9,12,2023-01-24T02:16:27Z,490000,False,-21.0,14.0,1,left,L. Markkanen driving Layup (4 PTS) (M. Beasley 1 AST),"[1628374, 1627736]",1610612762.0,UTA,driving,,,Markkanen,L. Markkanen,,,,,Restricted Area,0-8 Center,2.49,Made,,,,,,,4.0,M. Beasley,1627736.0,1.0,,,,,,,,
51,PT07M00.00S,2023-01-24T02:16:35.0Z,1,REGULAR,2pt,Layup,['pointsinthepaint'],1626179,92.9862023653088,55.88235294117647,1610612766,9,12,2023-01-24T02:16:47Z,510000,False,29.0,13.0,1,right,MISS T. Rozier reverse Layup,[1626179],1610612766.0,CHA,reverse,,,Rozier,T. Rozier,,,,,Restricted Area,0-8 Center,3.23,Missed,,,,,,,,,,,,,,,,,,
52,PT06M57.00S,2023-01-24T02:16:38.0Z,1,REGULAR,rebound,defensive,[],1631117,,,1610612762,9,12,2023-01-24T02:16:47Z,520000,False,,,0,,W. Kessler REBOUND (Off:1 Def:1),[1631117],1610612762.0,UTA,,,,Kessler,W. Kessler,,,,,Restricted Area,0-8 Center,,,51.0,2.0,1.0,1.0,,,,,,,,,,,,,,
53,PT06M39.00S,2023-01-24T02:16:56.0Z,1,REGULAR,3pt,Jump Shot,[],201144,31.61957950065703,60.29411764705882,1610612762,12,12,2023-01-24T02:17:00Z,530000,False,-51.0,245.0,1,left,M. Conley 25' 3PT pullup (3 PTS),[201144],1610612762.0,UTA,pullup,,,Conley,M. Conley,,,,,Above the Break 3,24+ Center,25.01,Made,,,,,,,3.0,,,,,,,,,,,
54,PT06M23.00S,2023-01-24T02:17:12.2Z,1,REGULAR,2pt,Jump Shot,['pointsinthepaint'],202330,83.52496714848883,52.94117647058824,1610612766,12,12,2023-01-24T02:17:16Z,540000,False,15.0,102.0,1,right,MISS G. Hayward 10' driving floating bank Shot,[202330],1610612766.0,CHA,driving floating bank,,,Hayward,G. Hayward,,,,,In The Paint (Non-RA),8-16 Center,10.34,Missed,,,,,,,,,,,,,,,,,,
55,PT06M21.00S,2023-01-24T02:17:14.2Z,1,REGULAR,rebound,defensive,[],1631117,,,1610612762,12,12,2023-01-24T02:17:16Z,550000,False,,,0,,W. Kessler REBOUND (Off:1 Def:2),[1631117],1610612762.0,UTA,,,,Kessler,W. Kessler,,,,,In The Paint (Non-RA),8-16 Center,,,54.0,3.0,2.0,1.0,,,,,,,,,,,,,,
56,PT06M08.00S,2023-01-24T02:17:27.5Z,1,REGULAR,3pt,Jump Shot,[],203903,31.09395532194481,64.2156862745098,1610612762,12,12,2023-01-24T02:17:31Z,560000,False,-71.0,240.0,1,left,MISS J. Clarkson 25' pullup 3PT,[203903],1610612762.0,UTA,pullup,,,Clarkson,J. Clarkson,,,,,Above the Break 3,24+ Center,25.01,Missed,,,,,,,,,,,,,,,,,,
57,PT06M05.00S,2023-01-24T02:17:30.5Z,1,REGULAR,rebound,defensive,[],1629667,,,1610612766,12,12,2023-01-24T02:17:31Z,570000,False,,,0,,J. McDaniels REBOUND (Off:0 Def:2),[1629667],1610612766.0,CHA,,,,McDaniels,J. McDaniels,,,,,Above the Break 3,24+ Center,,,56.0,2.0,2.0,0.0,,,,,,,,,,,,,,
58,PT05M56.00S,2023-01-24T02:17:39.1Z,1,REGULAR,2pt,Hook,['pointsinthepaint'],1626179,89.70105124835742,43.872549019607845,1610612766,12,12,2023-01-24T02:17:45Z,580000,False,-31.0,44.0,1,right,MISS T. Rozier driving Hook,[1626179],1610612766.0,CHA,driving,,,Rozier,T. Rozier,,,,,In The Paint (Non-RA),0-8 Center,5.38,Missed,,,,,,,,,,,,,,,,,,
59,PT05M53.00S,2023-01-24T02:17:42.1Z,1,REGULAR,rebound,defensive,[],1628374,,,1610612762,12,12,2023-01-24T02:17:45Z,590000,False,,,0,,L. Markkanen REBOUND (Off:0 Def:1),[1628374],1610612762.0,UTA,,,,Markkanen,L. Markkanen,,,,,In The Paint (Non-RA),0-8 Center,,,58.0,1.0,1.0,0.0,,,,,,,,,,,,,,
60,PT05M47.00S,2023-01-24T02:17:50.9Z,1,REGULAR,turnover,out-of-bounds,[],1628374,,,1610612762,12,12,2023-01-24T02:17:56Z,600000,False,,,0,,L. Markkanen lost ball out-of-bounds TURNOVER (1 TO),[1628374],1610612762.0,UTA,lost ball,,,Markkanen,L. Markkanen,,,,,Mid-Range,8-16 Right,,,,,,,1628159.0,1.0,,,,,,,,,,,,
61,PT05M47.00S,2023-01-24T02:17:54.9Z,1,REGULAR,timeout,full,"['team', 'mandatory']",0,,,1610612766,12,12,2023-01-24T02:17:54Z,610000,False,,,0,,UTA Timeout,[],1610612762.0,UTA,,,,,,,,,,,,,,,,,,,,,,,,,,,,,,,
63,PT05M47.00S,2023-01-24T02:19:59.0Z,1,REGULAR,substitution,out,[],1628374,,,1610612766,12,12,2023-01-24T02:20:03Z,630000,False,,,0,,SUB out: L. Markkanen,[1628374],1610612762.0,UTA,,,,Markkanen,L. Markkanen,,,,,,,,,,,,,,,,,,,,,,,,,,
64,PT05M47.00S,2023-01-24T02:19:59.0Z,1,REGULAR,substitution,in,[],1629020,,,1610612766,12,12,2023-01-24T02:20:03Z,640000,False,,,0,,SUB in: J. Vanderbilt,[1629020],1610612762.0,UTA,,,,Vanderbilt,J. Vanderbilt,,,,,,,,,,,,,,,,,,,,,,,,,,
65,PT05M47.00S,2023-01-24T02:19:59.0Z,1,REGULAR,substitution,in,[],1629012,,,1610612766,12,12,2023-01-24T02:20:03Z,650000,False,,,0,,SUB in: C. Sexton,[1629012],1610612762.0,UTA,,,,Sexton,C. Sexton,,,,,,,,,,,,,,,,,,,,,,,,,,
66,PT05M47.00S,2023-01-24T02:19:59.0Z,1,REGULAR,substitution,out,[],1631117,,,1610612766,12,12,2023-01-24T02:20:28Z,660000,False,,,0,,SUB out: W. Kessler,[1631117],1610612762.0,UTA,,,,Kessler,W. Kessler,,,,,,,,,,,,,,,,,,,,,,,,,,
67,PT05M47.00S,2023-01-24T02:19:59.0Z,1,REGULAR,substitution,out,[],202330,,,1610612766,12,12,2023-01-24T02:20:28Z,670000,False,,,0,,SUB out: G. Hayward,[202330],1610612766.0,CHA,,,,Hayward,G. Hayward,,,,,,,,,,,,,,,,,,,,,,,,,,
68,PT05M47.00S,2023-01-24T02:19:59.0Z,1,REGULAR,substitution,in,[],1631121,,,1610612766,12,12,2023-01-24T02:20:28Z,680000,False,,,0,,SUB in: B. McGowens,[1631121],1610612766.0,CHA,,,,McGowens,B. McGowens,,,,,,,,,,,,,,,,,,,,,,,,,,
69,PT05M31.00S,2023-01-24T02:21:01.6Z,1,REGULAR,2pt,Jump Shot,"['pointsinthepaint', 'fromturnover']",1626179,81.94809461235218,50.73529411764706,1610612766,12,14,2023-01-24T02:21:08Z,690000,False,4.0,117.0,1,right,T. Rozier 11' driving floating Jump Shot (8 PTS) (P. Washington 1 AST),"[1626179, 1629023]",1610612766.0,CHA,driving floating,,,Rozier,T. Rozier,,,,,In The Paint (Non-RA),8-16 Center,11.73,Made,,,,,,,8.0,P. Washington,1629023.0,1.0,,,,,,,,
71,PT05M08.00S,2023-01-24T02:21:24.4Z,1,REGULAR,2pt,Layup,['pointsinthepaint'],1629012,9.674770039421814,63.970588235294116,1610612762,12,14,2023-01-24T02:21:28Z,710000,False,-70.0,38.0,1,left,MISS C. Sexton 7' driving Layup,[1629012],1610612762.0,UTA,driving,,,Sexton,C. Sexton,,,,,In The Paint (Non-RA),0-8 Center,7.98,Missed,,,,,,,,,,,,,,,,,,
72,PT05M06.00S,2023-01-24T02:21:26.2Z,1,REGULAR,rebound,offensive,[],1629012,,,1610612762,12,14,2023-01-24T02:21:26Z,720000,False,,,0,,C. Sexton REBOUND (Off:1 Def:0),[1629012],1610612762.0,UTA,,,,Sexton,C. Sexton,,,,,In The Paint (Non-RA),0-8 Center,,,71.0,1.0,0.0,1.0,,,,,,,,,,,,,,
73,PT05M05.00S,2023-01-24T02:21:26.9Z,1,REGULAR,2pt,Layup,"['pointsinthepaint', '2ndchance']",1629012,8.623521681997373,45.09803921568628,1610612762,12,14,2023-01-24T02:22:09Z,730000,False,25.0,29.0,1,left,MISS C. Sexton putback Layup - blocked,"[1629012, 203486]",1610612762.0,UTA,putback,,,Sexton,C. Sexton,,,,,Restricted Area,0-8 Center,3.77,Missed,,,,,,,,,,,,,Plumlee,203486.0,,,,
74,PT05M05.00S,2023-01-24T02:21:26.9Z,1,REGULAR,block,,[],203486,,,1610612762,12,14,2023-01-24T02:21:28Z,740000,False,,,0,,M. Plumlee BLOCK (1 BLK),[203486],1610612766.0,CHA,,,,Plumlee,M. Plumlee,,,,,Restricted Area,0-8 Center,,,,,,,,,,,,,,,,,,,,
75,PT05M05.00S,2023-01-24T02:21:26.9Z,1,REGULAR,rebound,offensive,[],1629012,,,1610612762,12,14,2023-01-24T02:21:31Z,750000,False,,,0,,C. Sexton REBOUND (Off:2 Def:0),[1629012],1610612762.0,UTA,,,,Sexton,C. Sexton,,,,,Restricted Area,0-8 Center,,,73.0,2.0,0.0,2.0,,,,,,,,,,,,,,
76,PT05M02.00S,2023-01-24T02:21:30.1Z,1,REGULAR,turnover,lost ball,[],1629012,,,1610612762,12,14,2023-01-24T02:21:34Z,760000,False,,,0,,C. Sexton lost ball TURNOVER (1 TO),"[1629012, 1629023]",1610612762.0,UTA,,,,Sexton,C. Sexton,,,,,Restricted Area,0-8 Center,,,,,,,,1.0,,,,,Washington,1629023.0,,,,,,
77,PT05M02.00S,2023-01-24T02:21:30.1Z,1,REGULAR,steal,,[],1629023,,,1610612766,12,14,2023-01-24T02:21:31Z,770000,False,,,0,,P. Washington STEAL (1 STL),[1629023],1610612766.0,CHA,,,,Washington,P. Washington,,,,,Restricted Area,0-8 Center,,,,,,,,,,,,,,,,,,,,
78,PT04M58.00S,2023-01-24T02:21:34.3Z,1,REGULAR,turnover,bad pass,[],1626179,,,1610612766,12,14,2023-01-24T02:21:37Z,780000,False,,,0,,T. Rozier bad pass TURNOVER (1 TO),"[1626179, 201144]",1610612766.0,CHA,,,,Rozier,T. Rozier,,,,,Restricted Area,0-8 Center,,,,,,,,1.0,,,,,Conley,201144.0,,,,,,
79,PT04M58.00S,2023-01-24T02:21:34.3Z,1,REGULAR,steal,,[],201144,,,1610612762,12,14,2023-01-24T02:21:36Z,790000,False,,,0,,M. Conley STEAL (1 STL),[201144],1610612762.0,UTA,,,,Conley,M. Conley,,,,,Restricted Area,0-8 Center,,,,,,,,,,,,,,,,,,,,
80,PT04M53.00S,2023-01-24T02:21:40.2Z,1,REGULAR,3pt,Jump Shot,"['fromturnover', 'fastbreak']",201144,31.225361366622867,32.35294117647059,1610612762,12,14,2023-01-24T02:21:48Z,800000,False,88.0,241.0,1,left,MISS M. Conley 25' 3PT,[201144],1610612762.0,UTA,,,,Conley,M. Conley,,,,,Above the Break 3,24+ Right Center,25.66,Missed,,,,,,,,,,,,,,,,,,
81,PT04M48.00S,2023-01-24T02:21:45.2Z,1,REGULAR,rebound,defensive,[],1626179,,,1610612766,12,14,2023-01-24T02:21:48Z,810000,False,,,0,,T. Rozier REBOUND (Off:1 Def:2),[1626179],1610612766.0,CHA,,,,Rozier,T. Rozier,,,,,Above the Break 3,24+ Right Center,,,80.0,3.0,2.0,1.0,,,,,,,,,,,,,,
83,PT04M41.00S,2023-01-24T02:21:54.4Z,1,REGULAR,substitution,out,[],1627736,,,1610612766,12,14,2023-01-24T02:22:05Z,830000,False,,,0,,SUB out: M. Beasley,[1627736],1610612762.0,UTA,,,,Beasley,M. Beasley,,,,,,,,,,,,,,,,,,,,,,,,,,
84,PT04M41.00S,2023-01-24T02:21:54.4Z,1,REGULAR,substitution,out,[],1629667,,,1610612766,12,14,2023-01-24T02:22:05Z,840000,False,,,0,,SUB out: J. McDaniels,[1629667],1610612766.0,CHA,,,,McDaniels,J. McDaniels,,,,,,,,,,,,,,,,,,,,,,,,,,
85,PT04M41.00S,2023-01-24T02:21:54.4Z,1,REGULAR,substitution,out,[],1629023,,,1610612766,12,14,2023-01-24T02:22:05Z,850000,False,,,0,,SUB out: P. Washington,[1629023],1610612766.0,CHA,,,,Washington,P. Washington,,,,,,,,,,,,,,,,,,,,,,,,,,
86,PT04M41.00S,2023-01-24T02:21:54.4Z,1,REGULAR,substitution,in,[],200752,,,1610612766,12,14,2023-01-24T02:22:05Z,860000,False,,,0,,SUB in: R. Gay,[200752],1610612762.0,UTA,,,,Gay,R. Gay,,,,,,,,,,,,,,,,,,,,,,,,,,
87,PT04M41.00S,2023-01-24T02:21:54.4Z,1,REGULAR,substitution,in,[],1628372,,,1610612766,12,14,2023-01-24T02:22:05Z,870000,False,,,0,,SUB in: D. Smith Jr.,[1628372],1610612766.0,CHA,,,,Smith Jr.,D. Smith Jr.,,,,,,,,,,,,,,,,,,,,,,,,,,
88,PT04M41.00S,2023-01-24T02:21:54.4Z,1,REGULAR,substitution,in,[],1630550,,,1610612766,12,14,2023-01-24T02:22:05Z,880000,False,,,0,,SUB in: J. Thor,[1630550],1610612766.0,CHA,,,,Thor,J. Thor,,,,,,,,,,,,,,,,,,,,,,,,,,
89,PT04M27.00S,2023-01-24T02:22:32.2Z,1,REGULAR,2pt,Layup,['pointsinthepaint'],1631121,91.27792378449409,57.107843137254896,1610612766,12,14,2023-01-24T02:22:38Z,890000,False,36.0,29.0,1,right,MISS B. McGowens driving Layup,[1631121],1610612766.0,CHA,driving,,,McGowens,B. McGowens,,,,,In The Paint (Non-RA),0-8 Center,4.62,Missed,,,,,,,,,,,,,,,,,,
90,PT04M24.00S,2023-01-24T02:22:35.2Z,1,REGULAR,rebound,offensive,[],1630550,,,1610612766,12,14,2023-01-24T02:22:38Z,900000,False,,,0,,J. Thor REBOUND (Off:1 Def:0),[1630550],1610612766.0,CHA,,,,Thor,J. Thor,,,,,In The Paint (Non-RA),0-8 Center,,,89.0,1.0,0.0,1.0,,,,,,,,,,,,,,
91,PT04M24.00S,2023-01-24T02:22:37.7Z,1,REGULAR,2pt,Layup,"['pointsinthepaint', '2ndchance']",1630550,94.40999984741211,50.0,1610612766,12,14,2023-01-24T02:22:37Z,910000,False,0.0,0.0,1,right,MISS J. Thor tip Layup,[1630550],1610612766.0,CHA,tip,,,Thor,J. Thor,,,,,Mid-Range,8-16 Left,0.0,Missed,,,,,,,,,,,,,,,,,,
92,PT04M24.00S,2023-01-24T02:22:38.4Z,1,REGULAR,rebound,offensive,['team'],0,,,1610612766,12,14,2023-01-24T02:22:38Z,920000,False,,,0,,TEAM offensive REBOUND,[],1610612766.0,CHA,,,,,,,,,,Mid-Range,8-16 Left,,,91.0,,,,,,,,,,,,,,,,,
94,PT04M12.00S,2023-01-24T02:23:06.4Z,1,REGULAR,3pt,Jump Shot,['2ndchance'],1626179,68.67608409986859,31.127450980392158,1610612766,12,14,2023-01-24T02:23:11Z,940000,False,-94.0,242.0,1,right,MISS T. Rozier 25' step back 3PT,[1626179],1610612766.0,CHA,step back,,,Rozier,T. Rozier,,,,,Above the Break 3,24+ Left Center,25.97,Missed,,,,,,,,,,,,,,,,,,
95,PT04M10.00S,2023-01-24T02:23:08.4Z,1,REGULAR,rebound,defensive,[],201144,,,1610612762,12,14,2023-01-24T02:23:11Z,950000,False,,,0,,M. Conley REBOUND (Off:0 Def:1),[201144],1610612762.0,UTA,,,,Conley,M. Conley,,,,,Above the Break 3,24+ Left Center,,,94.0,1.0,1.0,0.0,,,,,,,,,,,,,,
96,PT04M04.00S,2023-01-24T02:23:14.8Z,1,REGULAR,3pt,Jump Shot,['fastbreak'],203903,25.04927726675427,16.176470588235293,1610612762,15,14,2023-01-24T02:23:24Z,960000,False,169.0,183.0,1,left,J. Clarkson 24' 3PT step back (3 PTS),[203903],1610612762.0,UTA,step back,,,Clarkson,J. Clarkson,,,,,Above the Break 3,24+ Right Center,24.92,Made,,,,,,,3.0,,,,,,,,,,,
97,PT03M44.00S,2023-01-24T02:23:38.1Z,1,REGULAR,foul,personal,['2freethrow'],200752,,,1610612766,15,14,2023-01-24T02:23:46Z,970000,False,,,0,,R. Gay shooting personal FOUL (1 PF) (Plumlee 2 FT),"[200752, 203486]",1610612762.0,UTA,shooting,,,Gay,R. Gay,,,,,In The Paint (Non-RA),8-16 Left,,,,,,,202049.0,,,,,,,,,,1.0,0.0,Plumlee,203486.0
99,PT03M44.00S,2023-01-24T02:24:03.4Z,1,REGULAR,freethrow,1 of 2,[],203486,,,1610612766,15,14,2023-01-24T02:24:25Z,990000,False,,,0,,MISS M. Plumlee Free Throw 1 of 2,[203486],1610612766.0,CHA,,,,Plumlee,M. Plumlee,,,,,,,,Missed,,,,,,,,,,,,,,,,,,
100,PT03M44.00S,2023-01-24T02:24:03.4Z,1,REGULAR,rebound,offensive,"['team', 'deadball']",0,,,1610612766,15,14,2023-01-24T02:24:25Z,1000000,False,,,0,,TEAM offensive REBOUND,[],1610612766.0,CHA,,,,,,,,,,,,,,99.0,,,,,,,,,,,,,,,,,
101,PT03M44.00S,2023-01-24T02:24:04.0Z,1,REGULAR,substitution,out,[],201144,,,1610612766,15,14,2023-01-24T02:24:09Z,1010000,False,,,0,,SUB out: M. Conley,[201144],1610612762.0,UTA,,,,Conley,M. Conley,,,,,,,,,,,,,,,,,,,,,,,,,,
102,PT03M44.00S,2023-01-24T02:24:04.0Z,1,REGULAR,substitution,in,[],1630534,,,1610612766,15,14,2023-01-24T02:24:09Z,1020000,False,,,0,,SUB in: O. Agbaji,[1630534],1610612762.0,UTA,,,,Agbaji,O. Agbaji,,,,,,,,,,,,,,,,,,,,,,,,,,
103,PT03M44.00S,2023-01-24T02:24:03.4Z,1,REGULAR,freethrow,2 of 2,[],203486,,,1610612766,15,14,2023-01-24T02:24:25Z,1030000,False,,,0,,MISS M. Plumlee Free Throw 2 of 2,[203486],1610612766.0,CHA,,,,Plumlee,M. Plumlee,,,,,,,,Missed,,,,,,,,,,,,,,,,,,
104,PT03M42.00S,2023-01-24T02:24:05.4Z,1,REGULAR,rebound,defensive,[],200752,,,1610612762,15,14,2023-01-24T02:24:25Z,1040000,False,,,0,,R. Gay REBOUND (Off:0 Def:1),[200752],1610612762.0,UTA,,,,Gay,R. Gay,,,,,,,,,103.0,1.0,1.0,0.0,,,,,,,,,,,,,,
105,PT03M25.00S,2023-01-24T02:24:43.8Z,1,REGULAR,turnover,out-of-bounds,[],1630534,,,1610612762,15,14,2023-01-24T02:24:50Z,1050000,False,,,0,,O. Agbaji bad pass out-of-bounds TURNOVER (1 TO),[1630534],1610612762.0,UTA,bad pass,,,Agbaji,O. Agbaji,,,,,In The Paint (Non-RA),0-8 Center,,,,,,,202049.0,1.0,,,,,,,,,,,,
106,PT03M25.00S,2023-01-24T02:24:46.6Z,1,REGULAR,substitution,out,[],203486,,,1610612766,15,14,2023-01-24T02:24:50Z,1060000,False,,,0,,SUB out: M. Plumlee,[203486],1610612766.0,CHA,,,,Plumlee,M. Plumlee,,,,,,,,,,,,,,,,,,,,,,,,,,
107,PT03M25.00S,2023-01-24T02:24:46.6Z,1,REGULAR,substitution,in,[],1631109,,,1610612766,15,14,2023-01-24T02:24:50Z,1070000,False,,,0,,SUB in: M. Williams,[1631109],1610612766.0,CHA,,,,Williams,M. Williams,,,,,,,,,,,,,,,,,,,,,,,,,,
108,PT03M01.00S,2023-01-24T02:25:21.4Z,1,REGULAR,turnover,shot clock,['team'],0,,,1610612766,15,14,2023-01-24T02:25:30Z,1080000,False,,,0,,CHA shot clock Team TURNOVER,[],1610612766.0,CHA,,,,,,,,,,Above the Break 3,24+ Center,,,,,,,202049.0,,,,,,,,,,,,,
109,PT02M50.00S,2023-01-24T02:25:45.0Z,1,REGULAR,3pt,Jump Shot,['fromturnover'],1630534,5.601182654402102,3.1862745098039214,1610612762,18,14,2023-01-24T02:25:49Z,1090000,False,234.0,0.0,1,left,O. Agbaji 3PT  (3 PTS) (J. Vanderbilt 1 AST),"[1630534, 1629020]",1610612762.0,UTA,,,,Agbaji,O. Agbaji,,,,,Right Corner 3,24+ Right,23.41,Made,,,,,,,3.0,J. Vanderbilt,1629020.0,1.0,,,,,,,,
111,PT02M26.00S,2023-01-24T02:26:07.9Z,1,REGULAR,2pt,Jump Shot,[],1628372,79.188567674113,32.84313725490196,1610612766,18,14,2023-01-24T02:26:14Z,1110000,False,-86.0,143.0,1,right,MISS D. Smith Jr. 16' pullup Shot,[1628372],1610612766.0,CHA,pullup,,,Smith Jr.,D. Smith Jr.,,,,,Mid-Range,16-24 Left Center,16.69,Missed,,,,,,,,,,,,,,,,,,
112,PT02M25.00S,2023-01-24T02:26:08.9Z,1,REGULAR,rebound,defensive,['team'],0,,,1610612762,18,14,2023-01-24T02:26:14Z,1120000,False,,,0,,TEAM defensive REBOUND,[],1610612762.0,UTA,,,,,,,,,,Mid-Range,16-24 Left Center,,,111.0,,,,,,,,,,,,,,,,,
114,PT02M25.00S,2023-01-24T02:26:17.7Z,1,REGULAR,timeout,full,"['team', 'mandatory']",0,,,1610612762,18,14,2023-01-24T02:26:17Z,1140000,False,,,0,,CHA Timeout,[],1610612766.0,CHA,,,,,,,,,,,,,,,,,,,,,,,,,,,,,,,
115,PT02M11.00S,2023-01-24T02:29:22.0Z,1,REGULAR,turnover,bad pass,[],200752,,,1610612762,18,14,2023-01-24T02:29:27Z,1150000,False,,,0,,R. Gay bad pass TURNOVER (1 TO),"[200752, 1631109]",1610612762.0,UTA,,,,Gay,R. Gay,,,,,Mid-Range,8-16 Left,,,,,,,,1.0,,,,,Williams,1631109.0,,,,,,
116,PT02M11.00S,2023-01-24T02:29:22.0Z,1,REGULAR,steal,,[],1631109,,,1610612766,18,14,2023-01-24T02:29:25Z,1160000,False,,,0,,M. Williams STEAL (1 STL),[1631109],1610612766.0,CHA,,,,Williams,M. Williams,,,,,Mid-Range,8-16 Left,,,,,,,,,,,,,,,,,,,,
117,PT02M03.00S,2023-01-24T02:29:29.9Z,1,REGULAR,2pt,Layup,"['pointsinthepaint', 'fromturnover', 'fastbreak']",1631109,91.67214191852825,49.754901960784316,1610612766,18,16,2023-01-24T02:29:37Z,1170000,False,-1.0,26.0,1,right,M. Williams cutting finger roll Layup (2 PTS) (D. Smith Jr. 1 AST),"[1631109, 1628372]",1610612766.0,CHA,cutting finger roll,,,Williams,M. Williams,,,,,Restricted Area,0-8 Center,2.58,Made,,,,,,,2.0,D. Smith Jr.,1628372.0,1.0,,,,,,,,
119,PT01M47.00S,2023-01-24T02:29:45.7Z,1,REGULAR,2pt,Jump Shot,[],203903,4.28712220762155,23.52941176470588,1610612762,18,16,2023-01-24T02:29:50Z,1190000,False,132.0,-12.0,1,left,MISS J. Clarkson 13' pullup Shot,[203903],1610612762.0,UTA,pullup,,,Clarkson,J. Clarkson,,,,,Mid-Range,8-16 Right,13.3,Missed,,,,,,,,,,,,,,,,,,
120,PT01M45.00S,2023-01-24T02:29:47.7Z,1,REGULAR,rebound,defensive,[],1630550,,,1610612766,18,16,2023-01-24T02:29:50Z,1200000,False,,,0,,J. Thor REBOUND (Off:1 Def:1),[1630550],1610612766.0,CHA,,,,Thor,J. Thor,,,,,Mid-Range,8-16 Right,,,119.0,2.0,1.0,1.0,,,,,,,,,,,,,,
122,PT01M42.00S,2023-01-24T02:29:54.5Z,1,REGULAR,substitution,out,[],203903,,,1610612766,18,16,2023-01-24T02:30:01Z,1220000,False,,,0,,SUB out: J. Clarkson,[203903],1610612762.0,UTA,,,,Clarkson,J. Clarkson,,,,,,,,,,,,,,,,,,,,,,,,,,
123,PT01M42.00S,2023-01-24T02:29:54.5Z,1,REGULAR,substitution,out,[],1626179,,,1610612766,18,16,2023-01-24T02:30:01Z,1230000,False,,,0,,SUB out: T. Rozier,[1626179],1610612766.0,CHA,,,,Rozier,T. Rozier,,,,,,,,,,,,,,,,,,,,,,,,,,
124,PT01M42.00S,2023-01-24T02:29:54.5Z,1,REGULAR,substitution,in,[],1628374,,,1610612766,18,16,2023-01-24T02:30:01Z,1240000,False,,,0,,SUB in: L. Markkanen,[1628374],1610612762.0,UTA,,,,Markkanen,L. Markkanen,,,,,,,,,,,,,,,,,,,,,,,,,,
125,PT01M42.00S,2023-01-24T02:29:54.5Z,1,REGULAR,substitution,in,[],1629667,,,1610612766,18,16,2023-01-24T02:30:01Z,1250000,False,,,0,,SUB in: J. McDaniels,[1629667],1610612766.0,CHA,,,,McDaniels,J. McDaniels,,,,,,,,,,,,,,,,,,,,,,,,,,
126,PT01M36.00S,2023-01-24T02:30:21.2Z,1,REGULAR,2pt,Layup,['pointsinthepaint'],1628372,90.22667542706965,58.82352941176471,1610612766,18,18,2023-01-24T02:30:41Z,1260000,False,44.0,39.0,1,right,D. Smith Jr. driving Layup (2 PTS),[1628372],1610612766.0,CHA,driving,,,Smith Jr.,D. Smith Jr.,,,,,In The Paint (Non-RA),0-8 Center,5.91,Made,,,,,,,2.0,,,,,,,,,,,
127,PT01M23.00S,2023-01-24T02:30:33.4Z,1,REGULAR,turnover,lost ball,[],1629012,,,1610612762,18,18,2023-01-24T02:30:36Z,1270000,False,,,0,,C. Sexton lost ball TURNOVER (2 TO),"[1629012, 1630550]",1610612762.0,UTA,,,,Sexton,C. Sexton,,,,,Mid-Range,8-16 Left,,,,,,,,2.0,,,,,Thor,1630550.0,,,,,,
128,PT01M23.00S,2023-01-24T02:30:33.4Z,1,REGULAR,steal,,[],1630550,,,1610612766,18,18,2023-01-24T02:30:34Z,1280000,False,,,0,,J. Thor STEAL (1 STL),[1630550],1610612766.0,CHA,,,,Thor,J. Thor,,,,,Mid-Range,8-16 Left,,,,,,,,,,,,,,,,,,,,
129,PT01M15.00S,2023-01-24T02:30:41.2Z,1,REGULAR,2pt,DUNK,"['pointsinthepaint', 'fromturnover']",1631109,91.5407358738502,49.26470588235294,1610612766,18,20,2023-01-24T02:30:46Z,1290000,False,-4.0,27.0,1,right,M. Williams cutting DUNK (4 PTS) (D. Smith Jr. 2 AST),"[1631109, 1628372]",1610612766.0,CHA,cutting,,,Williams,M. Williams,,,,,Restricted Area,0-8 Center,2.73,Made,,,,,,,4.0,D. Smith Jr.,1628372.0,2.0,,,,,,,,
131,PT01M00.00S,2023-01-24T02:30:56.6Z,1,REGULAR,2pt,Layup,['pointsinthepaint'],1629020,6.521024967148489,55.88235294117647,1610612762,18,20,2023-01-24T02:31:00Z,1310000,False,-29.0,9.0,1,left,MISS J. Vanderbilt driving Layup,[1629020],1610612762.0,UTA,driving,,,Vanderbilt,J. Vanderbilt,,,,,Restricted Area,0-8 Center,3.07,Missed,,,,,,,,,,,,,,,,,,
132,PT00M58.30S,2023-01-24T02:30:58.3Z,1,REGULAR,rebound,defensive,[],1629667,,,1610612766,18,20,2023-01-24T02:31:00Z,1320000,False,,,0,,J. McDaniels REBOUND (Off:0 Def:3),[1629667],1610612766.0,CHA,,,,McDaniels,J. McDaniels,,,,,Restricted Area,0-8 Center,,,131.0,3.0,3.0,0.0,,,,,,,,,,,,,,
133,PT00M51.10S,2023-01-24T02:31:06.0Z,1,REGULAR,3pt,Jump Shot,[],1630550,89.70105124835742,95.34313725490196,1610612766,18,20,2023-01-24T02:31:10Z,1330000,False,227.0,44.0,1,right,MISS J. Thor 3PT,[1630550],1610612766.0,CHA,,,,Thor,J. Thor,,,,,Right Corner 3,24+ Right,23.1,Missed,,,,,,,,,,,,,,,,,,
134,PT00M48.40S,2023-01-24T02:31:08.7Z,1,REGULAR,rebound,offensive,[],1631109,,,1610612766,18,20,2023-01-24T02:31:10Z,1340000,False,,,0,,M. Williams REBOUND (Off:1 Def:0),[1631109],1610612766.0,CHA,,,,Williams,M. Williams,,,,,Right Corner 3,24+ Right,,,133.0,1.0,0.0,1.0,,,,,,,,,,,,,,
135,PT00M46.60S,2023-01-24T02:31:11.1Z,1,REGULAR,3pt,Jump Shot,['2ndchance'],1629667,70.38436268068331,24.019607843137255,1610612766,18,20,2023-01-24T02:31:16Z,1350000,False,-130.0,226.0,1,right,MISS J. McDaniels 26' 3PT,[1629667],1610612766.0,CHA,,,,McDaniels,J. McDaniels,,,,,Above the Break 3,24+ Left Center,26.06,Missed,,,,,,,,,,,,,,,,,,
136,PT00M42.30S,2023-01-24T02:31:15.4Z,1,REGULAR,rebound,offensive,[],1631109,,,1610612766,18,20,2023-01-24T02:31:16Z,1360000,False,,,0,,M. Williams REBOUND (Off:2 Def:0),[1631109],1610612766.0,CHA,,,,Williams,M. Williams,,,,,Above the Break 3,24+ Left Center,,,135.0,2.0,0.0,2.0,,,,,,,,,,,,,,
137,PT00M39.90S,2023-01-24T02:31:18.3Z,1,REGULAR,2pt,Layup,"['pointsinthepaint', '2ndchance']",1631109,93.11760840998686,45.34313725490196,1610612766,18,22,2023-01-24T02:31:26Z,1370000,False,-23.0,12.0,1,right,M. Williams reverse Layup (6 PTS),[1631109],1610612766.0,CHA,reverse,,,Williams,M. Williams,,,,,Restricted Area,0-8 Center,2.63,Made,,,,,,,6.0,,,,,,,,,,,
138,PT00M35.90S,2023-01-24T02:31:26.1Z,1,REGULAR,3pt,Jump Shot,[],1630534,5.732588699080158,2.696078431372549,1610612762,21,22,2023-01-24T02:31:31Z,1380000,False,237.0,1.0,1,left,O. Agbaji 3PT  (6 PTS) (C. Sexton 1 AST),"[1630534, 1629012]",1610612762.0,UTA,,,,Agbaji,O. Agbaji,,,,,Right Corner 3,24+ Right,23.65,Made,,,,,,,6.0,C. Sexton,1629012.0,1.0,,,,,,,,
140,PT00M19.70S,2023-01-24T02:31:48.9Z,1,REGULAR,2pt,Hook,['pointsinthepaint'],1631109,86.67871222076215,40.931372549019606,1610612766,21,24,2023-01-24T02:31:52Z,1400000,False,-45.0,73.0,1,right,M. Williams 8' turnaround Hook (8 PTS) (D. Smith Jr. 3 AST),"[1631109, 1628372]",1610612766.0,CHA,turnaround,,,Williams,M. Williams,,,,,In The Paint (Non-RA),8-16 Center,8.57,Made,,,,,,,8.0,D. Smith Jr.,1628372.0,3.0,,,,,,,,
143,PT00M02.90S,2023-01-24T02:32:26.9Z,1,REGULAR,3pt,Jump Shot,[],1628374,32.53942181340342,44.36274509803921,1610612762,21,24,2023-01-24T02:32:30Z,1430000,False,28.0,253.0,1,left,MISS L. Markkanen 25' 3PT,[1628374],1610612762.0,UTA,,,,Markkanen,L. Markkanen,,,,,Above the Break 3,24+ Center,25.5,Missed,,,,,,,,,,,,,,,,,,
144,PT00M02.90S,2023-01-24T02:32:26.9Z,1,REGULAR,rebound,defensive,[],1630550,,,1610612766,21,24,2023-01-24T02:32:30Z,1440000,False,,,0,,J. Thor REBOUND (Off:1 Def:2),[1630550],1610612766.0,CHA,,,,Thor,J. Thor,,,,,Above the Break 3,24+ Center,,,143.0,3.0,2.0,1.0,,,,,,,,,,,,,,
145,PT00M00.00S,2023-01-24T02:32:31.4Z,1,REGULAR,period,end,[],0,,,1610612766,21,24,2023-01-24T02:32:31Z,1450000,False,,,0,,Period End,[],,,,,,,,,,,,,,,,,,,,,,,,,,,,,,,,,
146,PT12M00.00S,2023-01-24T02:34:34.4Z,2,REGULAR,substitution,out,['startperiod'],1629012,,,1610612766,21,24,2023-01-24T02:35:00Z,1460000,False,,,0,,SUB out: C. Sexton,[1629012],1610612762.0,UTA,,,,Sexton,C. Sexton,,,,,,,,,,,,,,,,,,,,,,,,,,
147,PT12M00.00S,2023-01-24T02:34:34.4Z,2,REGULAR,substitution,out,['startperiod'],1629020,,,1610612766,21,24,2023-01-24T02:35:00Z,1470000,False,,,0,,SUB out: J. Vanderbilt,[1629020],1610612762.0,UTA,,,,Vanderbilt,J. Vanderbilt,,,,,,,,,,,,,,,,,,,,,,,,,,
148,PT12M00.00S,2023-01-24T02:34:34.4Z,2,REGULAR,substitution,out,['startperiod'],200752,,,1610612766,21,24,2023-01-24T02:35:00Z,1480000,False,,,0,,SUB out: R. Gay,[200752],1610612762.0,UTA,,,,Gay,R. Gay,,,,,,,,,,,,,,,,,,,,,,,,,,
149,PT12M00.00S,2023-01-24T02:34:34.4Z,2,REGULAR,substitution,out,['startperiod'],1630550,,,1610612766,21,24,2023-01-24T02:35:00Z,1490000,False,,,0,,SUB out: J. Thor,[1630550],1610612766.0,CHA,,,,Thor,J. Thor,,,,,,,,,,,,,,,,,,,,,,,,,,
150,PT12M00.00S,2023-01-24T02:34:34.4Z,2,REGULAR,substitution,in,['startperiod'],1627736,,,1610612766,21,24,2023-01-24T02:35:00Z,1500000,False,,,0,,SUB in: M. Beasley,[1627736],1610612762.0,UTA,,,,Beasley,M. Beasley,,,,,,,,,,,,,,,,,,,,,,,,,,
151,PT12M00.00S,2023-01-24T02:34:34.4Z,2,REGULAR,substitution,in,['startperiod'],1631117,,,1610612766,21,24,2023-01-24T02:35:00Z,1510000,False,,,0,,SUB in: W. Kessler,[1631117],1610612762.0,UTA,,,,Kessler,W. Kessler,,,,,,,,,,,,,,,,,,,,,,,,,,
152,PT12M00.00S,2023-01-24T02:34:34.4Z,2,REGULAR,substitution,in,['startperiod'],1629659,,,1610612766,21,24,2023-01-24T02:35:00Z,1520000,False,,,0,,SUB in: T. Horton-Tucker,[1629659],1610612762.0,UTA,,,,Horton-Tucker,T. Horton-Tucker,,,,,,,,,,,,,,,,,,,,,,,,,,
153,PT12M00.00S,2023-01-24T02:34:34.4Z,2,REGULAR,substitution,in,['startperiod'],1629023,,,1610612766,21,24,2023-01-24T02:35:00Z,1530000,False,,,0,,SUB in: P. Washington,[1629023],1610612766.0,CHA,,,,Washington,P. Washington,,,,,,,,,,,,,,,,,,,,,,,,,,
154,PT12M00.00S,2023-01-24T02:35:08.5Z,2,REGULAR,period,start,[],0,,,1610612766,21,24,2023-01-24T02:35:08Z,1540000,False,,,0,,Period Start,[],,,,,,,,,,,,,,,,,,,,,,,,,,,,,,,,,
155,PT11M46.00S,2023-01-24T02:35:22.0Z,2,REGULAR,2pt,Jump Shot,[],1629023,77.61169513797634,57.107843137254896,1610612766,21,24,2023-01-24T02:35:26Z,1550000,False,36.0,158.0,1,right,MISS P. Washington 16' pullup Shot,[1629023],1610612766.0,CHA,pullup,,,Washington,P. Washington,,,,,Mid-Range,16-24 Center,16.19,Missed,,,,,,,,,,,,,,,,,,
156,PT11M42.00S,2023-01-24T02:35:26.0Z,2,REGULAR,rebound,defensive,[],1627736,,,1610612762,21,24,2023-01-24T02:35:26Z,1560000,False,,,0,,M. Beasley REBOUND (Off:0 Def:2),[1627736],1610612762.0,UTA,,,,Beasley,M. Beasley,,,,,Mid-Range,16-24 Center,,,155.0,2.0,2.0,0.0,,,,,,,,,,,,,,
157,PT11M36.00S,2023-01-24T02:35:31.7Z,2,REGULAR,turnover,bad pass,[],1627736,,,1610612762,21,24,2023-01-24T02:35:35Z,1570000,False,,,0,,M. Beasley bad pass TURNOVER (1 TO),"[1627736, 1631109]",1610612762.0,UTA,,,,Beasley,M. Beasley,,,,,In The Paint (Non-RA),8-16 Center,,,,,,,,1.0,,,,,Williams,1631109.0,,,,,,
158,PT11M36.00S,2023-01-24T02:35:31.7Z,2,REGULAR,steal,,[],1631109,,,1610612766,21,24,2023-01-24T02:35:33Z,1580000,False,,,0,,M. Williams STEAL (2 STL),[1631109],1610612766.0,CHA,,,,Williams,M. Williams,,,,,In The Paint (Non-RA),8-16 Center,,,,,,,,,,,,,,,,,,,,
159,PT11M25.00S,2023-01-24T02:35:42.0Z,2,REGULAR,turnover,bad pass,[],1629023,,,1610612766,21,24,2023-01-24T02:35:45Z,1590000,False,,,0,,P. Washington bad pass TURNOVER (1 TO),"[1629023, 1629659]",1610612766.0,CHA,,,,Washington,P. Washington,,,,,Mid-Range,16-24 Left,,,,,,,,1.0,,,,,Horton-Tucker,1629659.0,,,,,,
160,PT11M25.00S,2023-01-24T02:35:42.0Z,2,REGULAR,steal,,[],1629659,,,1610612762,21,24,2023-01-24T02:35:43Z,1600000,False,,,0,,T. Horton-Tucker STEAL (1 STL),[1629659],1610612762.0,UTA,,,,Horton-Tucker,T. Horton-Tucker,,,,,Mid-Range,16-24 Left,,,,,,,,,,,,,,,,,,,,
161,PT11M21.00S,2023-01-24T02:35:46.1Z,2,REGULAR,3pt,Jump Shot,"['fromturnover', 'fastbreak']",1627736,8.360709592641262,94.85294117647058,1610612762,24,24,2023-01-24T02:35:58Z,1610000,False,-224.0,26.0,1,left,M. Beasley 3PT running (6 PTS) (T. Horton-Tucker 1 AST),"[1627736, 1629659]",1610612762.0,UTA,running,,,Beasley,M. Beasley,,,,,Left Corner 3,24+ Left,22.58,Made,,,,,,,6.0,T. Horton-Tucker,1629659.0,1.0,,,,,,,,
163,PT11M04.00S,2023-01-24T02:36:03.2Z,2,REGULAR,2pt,Jump Shot,[],1629667,89.70105124835742,30.88235294117647,1610612766,24,24,2023-01-24T02:36:07Z,1630000,False,-96.0,44.0,1,right,MISS J. McDaniels 10' driving floating Shot,[1629667],1610612766.0,CHA,driving floating,,,McDaniels,J. McDaniels,,,,,Mid-Range,8-16 Left,10.54,Missed,,,,,,,,,,,,,,,,,,
164,PT11M02.00S,2023-01-24T02:36:05.2Z,2,REGULAR,rebound,defensive,[],1629659,,,1610612762,24,24,2023-01-24T02:36:07Z,1640000,False,,,0,,T. Horton-Tucker REBOUND (Off:0 Def:1),[1629659],1610612762.0,UTA,,,,Horton-Tucker,T. Horton-Tucker,,,,,Mid-Range,8-16 Left,,,163.0,1.0,1.0,0.0,,,,,,,,,,,,,,
165,PT10M56.00S,2023-01-24T02:36:13.4Z,2,REGULAR,foul,personal,['2freethrow'],1629023,,,1610612762,24,24,2023-01-24T02:36:17Z,1650000,False,,,0,,P. Washington shooting personal FOUL (1 PF) (Kessler 2 FT),"[1629023, 1631117]",1610612766.0,CHA,shooting,,,Washington,P. Washington,,,,,Restricted Area,0-8 Center,,,,,,,201245.0,,,,,,,,,,1.0,0.0,Kessler,1631117.0
167,PT10M56.00S,2023-01-24T02:36:34.8Z,2,REGULAR,freethrow,1 of 2,[],1631117,,,1610612762,25,24,2023-01-24T02:36:34Z,1670000,False,,,0,,W. Kessler Free Throw 1 of 2 (3 PTS),[1631117],1610612762.0,UTA,,,,Kessler,W. Kessler,,,,,,,,Made,,,,,,,3.0,,,,,,,,,,,
168,PT10M56.00S,2023-01-24T02:36:49.1Z,2,REGULAR,freethrow,2 of 2,[],1631117,,,1610612762,26,24,2023-01-24T02:36:49Z,1680000,False,,,0,,W. Kessler Free Throw 2 of 2 (4 PTS),[1631117],1610612762.0,UTA,,,,Kessler,W. Kessler,,,,,,,,Made,,,,,,,4.0,,,,,,,,,,,
169,PT10M42.00S,2023-01-24T02:37:04.4Z,2,REGULAR,2pt,Jump Shot,['pointsinthepaint'],1631109,84.57621550591328,51.470588235294116,1610612766,26,26,2023-01-24T02:37:15Z,1690000,False,7.0,92.0,1,right,M. Williams 9' floating Jump Shot (10 PTS) (D. Smith Jr. 4 AST),"[1631109, 1628372]",1610612766.0,CHA,floating,,,Williams,M. Williams,,,,,In The Paint (Non-RA),8-16 Center,9.28,Made,,,,,,,10.0,D. Smith Jr.,1628372.0,4.0,,,,,,,,
171,PT10M26.00S,2023-01-24T02:37:20.9Z,2,REGULAR,2pt,Jump Shot,['pointsinthepaint'],1629659,10.068988173455978,39.46078431372549,1610612762,28,26,2023-01-24T02:37:29Z,1710000,False,53.0,42.0,1,left,T. Horton-Tucker 6' driving floating bank Jump Shot (2 PTS),[1629659],1610612762.0,UTA,driving floating bank,,,Horton-Tucker,T. Horton-Tucker,,,,,In The Paint (Non-RA),0-8 Center,6.75,Made,,,,,,,2.0,,,,,,,,,,,
172,PT10M26.00S,2023-01-24T02:37:23.9Z,2,REGULAR,foul,personal,['1freethrow'],1629023,,,1610612762,28,26,2023-01-24T02:37:30Z,1720000,False,,,0,,P. Washington shooting personal FOUL (2 PF) (Horton-Tucker 1 FT),"[1629023, 1629659]",1610612766.0,CHA,shooting,,,Washington,P. Washington,,,,,In The Paint (Non-RA),0-8 Center,,,,,,,202049.0,,,,,,,,,,2.0,0.0,Horton-Tucker,1629659.0
174,PT10M26.00S,2023-01-24T02:37:48.4Z,2,REGULAR,freethrow,1 of 1,[],1629659,,,1610612762,28,26,2023-01-24T02:37:50Z,1740000,False,,,0,,MISS T. Horton-Tucker Free Throw 1 of 1,[1629659],1610612762.0,UTA,,,,Horton-Tucker,T. Horton-Tucker,,,,,,,,Missed,,,,,,,,,,,,,,,,,,
175,PT10M24.00S,2023-01-24T02:37:50.4Z,2,REGULAR,rebound,defensive,[],1629023,,,1610612766,28,26,2023-01-24T02:37:50Z,1750000,False,,,0,,P. Washington REBOUND (Off:0 Def:1),[1629023],1610612766.0,CHA,,,,Washington,P. Washington,,,,,,,,,174.0,1.0,1.0,0.0,,,,,,,,,,,,,,
176,PT10M11.00S,2023-01-24T02:38:03.0Z,2,REGULAR,3pt,Jump Shot,[],1631121,85.10183968462549,95.83333333333334,1610612766,28,26,2023-01-24T02:38:07Z,1760000,False,229.0,88.0,1,right,MISS B. McGowens 24' 3PT,[1631121],1610612766.0,CHA,,,,McGowens,B. McGowens,,,,,Right Corner 3,24+ Right,24.53,Missed,,,,,,,,,,,,,,,,,,
177,PT10M08.00S,2023-01-24T02:38:06.0Z,2,REGULAR,rebound,defensive,[],1630534,,,1610612762,28,26,2023-01-24T02:38:07Z,1770000,False,,,0,,O. Agbaji REBOUND (Off:0 Def:1),[1630534],1610612762.0,UTA,,,,Agbaji,O. Agbaji,,,,,Right Corner 3,24+ Right,,,176.0,1.0,1.0,0.0,,,,,,,,,,,,,,
178,PT09M59.00S,2023-01-24T02:38:14.6Z,2,REGULAR,3pt,Jump Shot,[],1628374,4.812746386333772,95.09803921568627,1610612762,31,26,2023-01-24T02:38:21Z,1780000,False,-225.0,-7.0,1,left,L. Markkanen 3PT  (7 PTS) (O. Agbaji 1 AST),"[1628374, 1630534]",1610612762.0,UTA,,,,Markkanen,L. Markkanen,,,,,Left Corner 3,24+ Left,22.56,Made,,,,,,,7.0,O. Agbaji,1630534.0,1.0,,,,,,,,
180,PT09M39.00S,2023-01-24T02:38:34.5Z,2,REGULAR,2pt,Jump Shot,['pointsinthepaint'],1629667,82.47371879106439,37.254901960784316,1610612766,31,26,2023-01-24T02:38:40Z,1800000,False,-64.0,112.0,1,right,MISS J. McDaniels 12' floating Shot,[1629667],1610612766.0,CHA,floating,,,McDaniels,J. McDaniels,,,,,In The Paint (Non-RA),8-16 Center,12.9,Missed,,,,,,,,,,,,,,,,,,
181,PT09M37.00S,2023-01-24T02:38:36.5Z,2,REGULAR,rebound,defensive,[],1628374,,,1610612762,31,26,2023-01-24T02:38:40Z,1810000,False,,,0,,L. Markkanen REBOUND (Off:0 Def:2),[1628374],1610612762.0,UTA,,,,Markkanen,L. Markkanen,,,,,In The Paint (Non-RA),8-16 Center,,,180.0,2.0,2.0,0.0,,,,,,,,,,,,,,
182,PT09M28.00S,2023-01-24T02:38:45.0Z,2,REGULAR,2pt,Layup,['pointsinthepaint'],1628374,7.046649145860711,36.27450980392157,1610612762,31,26,2023-01-24T02:38:51Z,1820000,False,69.0,14.0,1,left,MISS L. Markkanen 7' driving Layup,[1628374],1610612762.0,UTA,driving,,,Markkanen,L. Markkanen,,,,,In The Paint (Non-RA),0-8 Center,7.0,Missed,,,,,,,,,,,,,,,,,,
183,PT09M26.00S,2023-01-24T02:38:47.0Z,2,REGULAR,rebound,defensive,[],1629667,,,1610612766,31,26,2023-01-24T02:38:51Z,1830000,False,,,0,,J. McDaniels REBOUND (Off:0 Def:4),[1629667],1610612766.0,CHA,,,,McDaniels,J. McDaniels,,,,,In The Paint (Non-RA),0-8 Center,,,182.0,4.0,4.0,0.0,,,,,,,,,,,,,,
184,PT09M21.00S,2023-01-24T02:38:52.3Z,2,REGULAR,2pt,Layup,"['pointsinthepaint', 'fastbreak']",1629667,90.22667542706965,44.36274509803921,1610612766,31,28,2023-01-24T02:39:00Z,1840000,False,-28.0,39.0,1,right,J. McDaniels running Layup (4 PTS),[1629667],1610612766.0,CHA,running,,,McDaniels,J. McDaniels,,,,,In The Paint (Non-RA),0-8 Center,4.85,Made,,,,,,,4.0,,,,,,,,,,,
185,PT09M09.00S,2023-01-24T02:39:06.1Z,2,REGULAR,foul,personal,[],1631121,,,1610612762,31,28,2023-01-24T02:39:21Z,1850000,False,,,0,,B. McGowens personal FOUL (1 PF),"[1631121, 1629659]",1610612766.0,CHA,,,,McGowens,B. McGowens,,,,,Mid-Range,8-16 Left,,,,,,,1628159.0,,,,,,,,,,1.0,0.0,Horton-Tucker,1629659.0
187,PT09M09.00S,2023-01-24T02:39:13.5Z,2,REGULAR,substitution,out,[],1631121,,,1610612762,31,28,2023-01-24T02:39:15Z,1870000,False,,,0,,SUB out: B. McGowens,[1631121],1610612766.0,CHA,,,,McGowens,B. McGowens,,,,,,,,,,,,,,,,,,,,,,,,,,
188,PT09M09.00S,2023-01-24T02:39:13.5Z,2,REGULAR,substitution,in,[],202330,,,1610612762,31,28,2023-01-24T02:39:15Z,1880000,False,,,0,,SUB in: G. Hayward,[202330],1610612766.0,CHA,,,,Hayward,G. Hayward,,,,,,,,,,,,,,,,,,,,,,,,,,
189,PT09M00.00S,2023-01-24T02:39:37.9Z,2,REGULAR,3pt,Jump Shot,[],1627736,27.94021024967148,76.7156862745098,1610612762,31,28,2023-01-24T02:39:45Z,1890000,False,-134.0,210.0,1,left,MISS M. Beasley 24' 3PT,[1627736],1610612762.0,UTA,,,,Beasley,M. Beasley,,,,,Above the Break 3,24+ Left Center,24.9,Missed,,,,,,,,,,,,,,,,,,
190,PT08M56.00S,2023-01-24T02:39:41.9Z,2,REGULAR,rebound,defensive,['team'],0,,,1610612766,31,28,2023-01-24T02:39:45Z,1900000,False,,,0,,TEAM defensive REBOUND,[],1610612766.0,CHA,,,,,,,,,,Above the Break 3,24+ Left Center,,,189.0,,,,,,,,,,,,,,,,,
192,PT08M42.00S,2023-01-24T02:40:07.4Z,2,REGULAR,turnover,bad pass,[],202330,,,1610612766,31,28,2023-01-24T02:40:11Z,1920000,False,,,0,,G. Hayward bad pass TURNOVER (1 TO),"[202330, 1630534]",1610612766.0,CHA,,,,Hayward,G. Hayward,,,,,Above the Break 3,24+ Left Center,,,,,,,,1.0,,,,,Agbaji,1630534.0,,,,,,
193,PT08M42.00S,2023-01-24T02:40:07.4Z,2,REGULAR,steal,,[],1630534,,,1610612762,31,28,2023-01-24T02:40:08Z,1930000,False,,,0,,O. Agbaji STEAL (1 STL),[1630534],1610612762.0,UTA,,,,Agbaji,O. Agbaji,,,,,Above the Break 3,24+ Left Center,,,,,,,,,,,,,,,,,,,,
194,PT08M30.00S,2023-01-24T02:40:18.6Z,2,REGULAR,3pt,Jump Shot,['fromturnover'],1630534,31.750985545335087,66.91176470588235,1610612762,31,28,2023-01-24T02:40:23Z,1940000,False,-85.0,246.0,1,left,MISS O. Agbaji 26' 3PT,[1630534],1610612762.0,UTA,,,,Agbaji,O. Agbaji,,,,,Above the Break 3,24+ Left Center,26.01,Missed,,,,,,,,,,,,,,,,,,
195,PT08M26.00S,2023-01-24T02:40:22.6Z,2,REGULAR,rebound,defensive,[],1628372,,,1610612766,31,28,2023-01-24T02:40:23Z,1950000,False,,,0,,D. Smith Jr. REBOUND (Off:0 Def:1),[1628372],1610612766.0,CHA,,,,Smith Jr.,D. Smith Jr.,,,,,Above the Break 3,24+ Left Center,,,194.0,1.0,1.0,0.0,,,,,,,,,,,,,,
196,PT08M13.00S,2023-01-24T02:40:35.5Z,2,REGULAR,3pt,Jump Shot,[],1628372,69.07030223390277,67.8921568627451,1610612766,31,28,2023-01-24T02:40:39Z,1960000,False,89.0,238.0,1,right,MISS D. Smith Jr. 25' 3PT,[1628372],1610612766.0,CHA,,,,Smith Jr.,D. Smith Jr.,,,,,Above the Break 3,24+ Right Center,25.45,Missed,,,,,,,,,,,,,,,,,,
197,PT08M11.00S,2023-01-24T02:40:37.5Z,2,REGULAR,rebound,defensive,[],1631117,,,1610612762,31,28,2023-01-24T02:40:39Z,1970000,False,,,0,,W. Kessler REBOUND (Off:1 Def:3),[1631117],1610612762.0,UTA,,,,Kessler,W. Kessler,,,,,Above the Break 3,24+ Right Center,,,196.0,4.0,3.0,1.0,,,,,,,,,,,,,,
198,PT08M02.00S,2023-01-24T02:40:46.7Z,2,REGULAR,3pt,Jump Shot,[],1627736,31.750985545335087,29.411764705882355,1610612762,34,28,2023-01-24T02:40:50Z,1980000,False,103.0,246.0,1,left,M. Beasley 26' 3PT  (9 PTS) (T. Horton-Tucker 2 AST),"[1627736, 1629659]",1610612762.0,UTA,,,,Beasley,M. Beasley,,,,,Above the Break 3,24+ Right Center,26.67,Made,,,,,,,9.0,T. Horton-Tucker,1629659.0,2.0,,,,,,,,
200,PT08M01.00S,2023-01-24T02:40:52.9Z,2,REGULAR,timeout,full,"['team', 'mandatory']",0,,,1610612766,34,28,2023-01-24T02:40:52Z,2000000,False,,,0,,CHA Timeout,[],1610612766.0,CHA,,,,,,,,,,,,,,,,,,,,,,,,,,,,,,,
201,PT08M01.00S,2023-01-24T02:42:38.9Z,2,REGULAR,substitution,out,[],1630534,,,1610612766,34,28,2023-01-24T02:43:37Z,2010000,False,,,0,,SUB out: O. Agbaji,[1630534],1610612762.0,UTA,,,,Agbaji,O. Agbaji,,,,,,,,,,,,,,,,,,,,,,,,,,
202,PT08M01.00S,2023-01-24T02:42:38.9Z,2,REGULAR,substitution,out,[],1629667,,,1610612766,34,28,2023-01-24T02:43:37Z,2020000,False,,,0,,SUB out: J. McDaniels,[1629667],1610612766.0,CHA,,,,McDaniels,J. McDaniels,,,,,,,,,,,,,,,,,,,,,,,,,,
203,PT08M01.00S,2023-01-24T02:42:38.9Z,2,REGULAR,substitution,in,[],1629012,,,1610612766,34,28,2023-01-24T02:43:37Z,2030000,False,,,0,,SUB in: C. Sexton,[1629012],1610612762.0,UTA,,,,Sexton,C. Sexton,,,,,,,,,,,,,,,,,,,,,,,,,,
204,PT08M01.00S,2023-01-24T02:42:38.9Z,2,REGULAR,substitution,in,[],1626179,,,1610612766,34,28,2023-01-24T02:43:37Z,2040000,False,,,0,,SUB in: T. Rozier,[1626179],1610612766.0,CHA,,,,Rozier,T. Rozier,,,,,,,,,,,,,,,,,,,,,,,,,,
205,PT07M41.00S,2023-01-24T02:44:06.9Z,2,REGULAR,2pt,Jump Shot,[],1628372,82.86793692509855,12.745098039215685,1610612766,34,28,2023-01-24T02:44:12Z,2050000,False,-186.0,109.0,1,right,MISS D. Smith Jr. 21' Jump Shot,[1628372],1610612766.0,CHA,,,,Smith Jr.,D. Smith Jr.,,,,,Mid-Range,16-24 Left,21.56,Missed,,,,,,,,,,,,,,,,,,
206,PT07M38.00S,2023-01-24T02:44:09.9Z,2,REGULAR,rebound,defensive,[],1628374,,,1610612762,34,28,2023-01-24T02:44:12Z,2060000,False,,,0,,L. Markkanen REBOUND (Off:0 Def:3),[1628374],1610612762.0,UTA,,,,Markkanen,L. Markkanen,,,,,Mid-Range,16-24 Left,,,205.0,3.0,3.0,0.0,,,,,,,,,,,,,,
207,PT07M20.00S,2023-01-24T02:44:27.7Z,2,REGULAR,3pt,Jump Shot,[],1629659,8.360709592641262,94.85294117647058,1610612762,34,28,2023-01-24T02:44:32Z,2070000,False,-224.0,26.0,1,left,MISS T. Horton-Tucker 3PT,[1629659],1610612762.0,UTA,,,,Horton-Tucker,T. Horton-Tucker,,,,,Left Corner 3,24+ Left,22.58,Missed,,,,,,,,,,,,,,,,,,
208,PT07M16.00S,2023-01-24T02:44:31.7Z,2,REGULAR,rebound,offensive,[],1631117,,,1610612762,34,28,2023-01-24T02:44:32Z,2080000,False,,,0,,W. Kessler REBOUND (Off:2 Def:3),[1631117],1610612762.0,UTA,,,,Kessler,W. Kessler,,,,,Left Corner 3,24+ Left,,,207.0,5.0,3.0,2.0,,,,,,,,,,,,,,
209,PT07M06.00S,2023-01-24T02:44:41.2Z,2,REGULAR,3pt,Jump Shot,['2ndchance'],1628374,21.107095926412615,9.558823529411764,1610612762,37,28,2023-01-24T02:44:44Z,2090000,False,202.0,146.0,1,left,L. Markkanen 24' 3PT  (10 PTS) (C. Sexton 2 AST),"[1628374, 1629012]",1610612762.0,UTA,,,,Markkanen,L. Markkanen,,,,,Above the Break 3,24+ Right Center,24.93,Made,,,,,,,10.0,C. Sexton,1629012.0,2.0,,,,,,,,
211,PT06M49.00S,2023-01-24T02:45:00.6Z,2,REGULAR,foul,personal,['2freethrow'],1629012,,,1610612766,37,28,2023-01-24T02:45:07Z,2110000,False,,,0,,C. Sexton shooting personal FOUL (1 PF) (Rozier 2 FT),"[1629012, 1626179]",1610612762.0,UTA,shooting,,,Sexton,C. Sexton,,,,,In The Paint (Non-RA),8-16 Center,,,,,,,202049.0,,,,,,,,,,1.0,0.0,Rozier,1626179.0
213,PT06M49.00S,2023-01-24T02:45:34.2Z,2,REGULAR,freethrow,1 of 2,[],1626179,,,1610612766,37,29,2023-01-24T02:45:58Z,2130000,False,,,0,,T. Rozier Free Throw 1 of 2 (9 PTS),[1626179],1610612766.0,CHA,,,,Rozier,T. Rozier,,,,,,,,Made,,,,,,,9.0,,,,,,,,,,,
214,PT06M49.00S,2023-01-24T02:45:35.1Z,2,REGULAR,substitution,out,[],1631109,,,1610612766,37,29,2023-01-24T02:45:39Z,2140000,False,,,0,,SUB out: M. Williams,[1631109],1610612766.0,CHA,,,,Williams,M. Williams,,,,,,,,,,,,,,,,,,,,,,,,,,
215,PT06M49.00S,2023-01-24T02:45:35.1Z,2,REGULAR,substitution,out,[],1628372,,,1610612766,37,29,2023-01-24T02:45:39Z,2150000,False,,,0,,SUB out: D. Smith Jr.,[1628372],1610612766.0,CHA,,,,Smith Jr.,D. Smith Jr.,,,,,,,,,,,,,,,,,,,,,,,,,,
216,PT06M49.00S,2023-01-24T02:45:35.1Z,2,REGULAR,substitution,in,[],203486,,,1610612766,37,29,2023-01-24T02:45:39Z,2160000,False,,,0,,SUB in: M. Plumlee,[203486],1610612766.0,CHA,,,,Plumlee,M. Plumlee,,,,,,,,,,,,,,,,,,,,,,,,,,
217,PT06M49.00S,2023-01-24T02:45:35.1Z,2,REGULAR,substitution,in,[],1631121,,,1610612766,37,29,2023-01-24T02:45:39Z,2170000,False,,,0,,SUB in: B. McGowens,[1631121],1610612766.0,CHA,,,,McGowens,B. McGowens,,,,,,,,,,,,,,,,,,,,,,,,,,
218,PT06M49.00S,2023-01-24T02:45:34.2Z,2,REGULAR,freethrow,2 of 2,[],1626179,,,1610612766,37,29,2023-01-24T02:45:58Z,2180000,False,,,0,,MISS T. Rozier Free Throw 2 of 2,[1626179],1610612766.0,CHA,,,,Rozier,T. Rozier,,,,,,,,Missed,,,,,,,,,,,,,,,,,,
219,PT06M47.00S,2023-01-24T02:45:36.2Z,2,REGULAR,rebound,defensive,[],1628374,,,1610612762,37,29,2023-01-24T02:45:58Z,2190000,False,,,0,,L. Markkanen REBOUND (Off:0 Def:4),[1628374],1610612762.0,UTA,,,,Markkanen,L. Markkanen,,,,,,,,,218.0,4.0,4.0,0.0,,,,,,,,,,,,,,
220,PT06M34.00S,2023-01-24T02:46:12.3Z,2,REGULAR,foul,offensive,[],1631117,,,1610612762,37,29,2023-01-24T02:46:17Z,2200000,False,,,0,,W. Kessler offensive FOUL (2 PF),"[1631117, 1631121]",1610612762.0,UTA,,,,Kessler,W. Kessler,,,,,Mid-Range,16-24 Left Center,,,,,,,201245.0,,,,,,,,,,2.0,0.0,McGowens,1631121.0
222,PT06M34.00S,2023-01-24T02:46:12.3Z,2,REGULAR,turnover,offensive foul,[],1631117,,,1610612762,37,29,2023-01-24T02:46:12Z,2220000,False,,,0,,W. Kessler offensive foul TURNOVER (1 TO),[1631117],1610612762.0,UTA,,,,Kessler,W. Kessler,,,,,Mid-Range,16-24 Left Center,,,,,,,201245.0,1.0,,,,,,,,,,,,
223,PT06M34.00S,2023-01-24T02:46:22.4Z,2,REGULAR,substitution,out,[],1627736,,,1610612766,37,29,2023-01-24T02:46:41Z,2230000,False,,,0,,SUB out: M. Beasley,[1627736],1610612762.0,UTA,,,,Beasley,M. Beasley,,,,,,,,,,,,,,,,,,,,,,,,,,
224,PT06M34.00S,2023-01-24T02:46:22.4Z,2,REGULAR,substitution,out,[],1631117,,,1610612766,37,29,2023-01-24T02:46:41Z,2240000,False,,,0,,SUB out: W. Kessler,[1631117],1610612762.0,UTA,,,,Kessler,W. Kessler,,,,,,,,,,,,,,,,,,,,,,,,,,
225,PT06M34.00S,2023-01-24T02:46:22.4Z,2,REGULAR,substitution,in,[],203903,,,1610612766,37,29,2023-01-24T02:46:41Z,2250000,False,,,0,,SUB in: J. Clarkson,[203903],1610612762.0,UTA,,,,Clarkson,J. Clarkson,,,,,,,,,,,,,,,,,,,,,,,,,,
226,PT06M34.00S,2023-01-24T02:46:22.4Z,2,REGULAR,substitution,in,[],1629020,,,1610612766,37,29,2023-01-24T02:46:41Z,2260000,False,,,0,,SUB in: J. Vanderbilt,[1629020],1610612762.0,UTA,,,,Vanderbilt,J. Vanderbilt,,,,,,,,,,,,,,,,,,,,,,,,,,
227,PT06M34.00S,2023-01-24T02:46:42.4Z,2,REGULAR,violation,delay-of-game,['team'],0,,,1610612766,37,29,2023-01-24T02:46:51Z,2270000,False,,,0,,TEAM delay-of-game VIOLATION,[],1610612762.0,UTA,,,,,,,,,,,,,,,,,,1628159.0,,,,,,,,,,,,,
228,PT06M17.00S,2023-01-24T02:47:06.4Z,2,REGULAR,3pt,Jump Shot,['fromturnover'],1629023,71.43561103810775,21.813725490196077,1610612766,37,29,2023-01-24T02:47:10Z,2280000,False,-141.0,216.0,1,right,MISS P. Washington 25' 3PT,[1629023],1610612766.0,CHA,,,,Washington,P. Washington,,,,,Above the Break 3,24+ Left Center,25.79,Missed,,,,,,,,,,,,,,,,,,
229,PT06M14.00S,2023-01-24T02:47:09.4Z,2,REGULAR,rebound,defensive,[],1628374,,,1610612762,37,29,2023-01-24T02:47:10Z,2290000,False,,,0,,L. Markkanen REBOUND (Off:0 Def:5),[1628374],1610612762.0,UTA,,,,Markkanen,L. Markkanen,,,,,Above the Break 3,24+ Left Center,,,228.0,5.0,5.0,0.0,,,,,,,,,,,,,,
230,PT06M05.00S,2023-01-24T02:47:17.7Z,2,REGULAR,3pt,Jump Shot,[],1629020,8.623521681997373,3.431372549019608,1610612762,37,29,2023-01-24T02:47:21Z,2300000,False,233.0,29.0,1,left,MISS J. Vanderbilt 3PT,[1629020],1610612762.0,UTA,,,,Vanderbilt,J. Vanderbilt,,,,,Right Corner 3,24+ Right,23.46,Missed,,,,,,,,,,,,,,,,,,
231,PT06M03.00S,2023-01-24T02:47:19.7Z,2,REGULAR,rebound,defensive,[],1631121,,,1610612766,37,29,2023-01-24T02:47:21Z,2310000,False,,,0,,B. McGowens REBOUND (Off:0 Def:1),[1631121],1610612766.0,CHA,,,,McGowens,B. McGowens,,,,,Right Corner 3,24+ Right,,,230.0,1.0,1.0,0.0,,,,,,,,,,,,,,
232,PT05M58.00S,2023-01-24T02:47:25.4Z,2,REGULAR,2pt,DUNK,"['pointsinthepaint', 'fastbreak']",1629023,90.88370565045992,45.83333333333333,1610612766,37,31,2023-01-24T02:47:31Z,2320000,False,-21.0,33.0,1,right,P. Washington running DUNK (2 PTS) (T. Rozier 1 AST),"[1629023, 1626179]",1610612766.0,CHA,running,,,Washington,P. Washington,,,,,Restricted Area,0-8 Center,3.92,Made,,,,,,,2.0,T. Rozier,1626179.0,1.0,,,,,,,,
234,PT05M44.00S,2023-01-24T02:47:41.6Z,2,REGULAR,foul,personal,[],1629023,,,1610612762,37,31,2023-01-24T02:47:58Z,2340000,False,,,0,,P. Washington personal FOUL (3 PF),"[1629023, 1628374]",1610612766.0,CHA,,,,Washington,P. Washington,,,,,Mid-Range,8-16 Left,,,,,,,202049.0,,,,,,,,,,3.0,0.0,Markkanen,1628374.0
236,PT05M44.00S,2023-01-24T02:47:50.7Z,2,REGULAR,substitution,out,[],1629659,,,1610612762,37,31,2023-01-24T02:48:01Z,2360000,False,,,0,,SUB out: T. Horton-Tucker,[1629659],1610612762.0,UTA,,,,Horton-Tucker,T. Horton-Tucker,,,,,,,,,,,,,,,,,,,,,,,,,,
237,PT05M44.00S,2023-01-24T02:47:50.7Z,2,REGULAR,substitution,out,[],1629023,,,1610612762,37,31,2023-01-24T02:48:01Z,2370000,False,,,0,,SUB out: P. Washington,[1629023],1610612766.0,CHA,,,,Washington,P. Washington,,,,,,,,,,,,,,,,,,,,,,,,,,
238,PT05M44.00S,2023-01-24T02:47:50.7Z,2,REGULAR,substitution,in,[],201144,,,1610612762,37,31,2023-01-24T02:48:01Z,2380000,False,,,0,,SUB in: M. Conley,[201144],1610612762.0,UTA,,,,Conley,M. Conley,,,,,,,,,,,,,,,,,,,,,,,,,,
239,PT05M44.00S,2023-01-24T02:47:50.7Z,2,REGULAR,substitution,in,[],1630550,,,1610612762,37,31,2023-01-24T02:48:01Z,2390000,False,,,0,,SUB in: J. Thor,[1630550],1610612766.0,CHA,,,,Thor,J. Thor,,,,,,,,,,,,,,,,,,,,,,,,,,
240,PT05M40.00S,2023-01-24T02:48:14.8Z,2,REGULAR,foul,personal,"['inpenalty', '2freethrow']",1631121,,,1610612762,37,31,2023-01-24T02:48:21Z,2400000,False,,,0,,B. McGowens shooting personal FOUL (2 PF) (Sexton 2 FT),"[1631121, 1629012]",1610612766.0,CHA,shooting,,,McGowens,B. McGowens,,,,,Mid-Range,8-16 Right,,,,,,,201245.0,,,,,,,,,,2.0,0.0,Sexton,1629012.0
242,PT05M40.00S,2023-01-24T02:48:38.3Z,2,REGULAR,freethrow,1 of 2,[],1629012,,,1610612762,38,31,2023-01-24T02:48:38Z,2420000,False,,,0,,C. Sexton Free Throw 1 of 2 (1 PTS),[1629012],1610612762.0,UTA,,,,Sexton,C. Sexton,,,,,,,,Made,,,,,,,1.0,,,,,,,,,,,
243,PT05M40.00S,2023-01-24T02:48:55.3Z,2,REGULAR,freethrow,2 of 2,[],1629012,,,1610612762,39,31,2023-01-24T02:48:55Z,2430000,False,,,0,,C. Sexton Free Throw 2 of 2 (2 PTS),[1629012],1610612762.0,UTA,,,,Sexton,C. Sexton,,,,,,,,Made,,,,,,,2.0,,,,,,,,,,,
244,PT05M20.00S,2023-01-24T02:49:15.9Z,2,REGULAR,2pt,Layup,['pointsinthepaint'],1626179,90.09526938239159,57.35294117647059,1610612766,39,31,2023-01-24T02:49:20Z,2440000,False,37.0,41.0,1,right,MISS T. Rozier driving Layup,[1626179],1610612766.0,CHA,driving,,,Rozier,T. Rozier,,,,,In The Paint (Non-RA),0-8 Center,5.48,Missed,,,,,,,,,,,,,,,,,,
245,PT05M18.00S,2023-01-24T02:49:17.9Z,2,REGULAR,rebound,defensive,[],1628374,,,1610612762,39,31,2023-01-24T02:49:20Z,2450000,False,,,0,,L. Markkanen REBOUND (Off:0 Def:6),[1628374],1610612762.0,UTA,,,,Markkanen,L. Markkanen,,,,,In The Paint (Non-RA),0-8 Center,,,244.0,6.0,6.0,0.0,,,,,,,,,,,,,,
246,PT05M14.00S,2023-01-24T02:49:22.4Z,2,REGULAR,3pt,Jump Shot,['fastbreak'],203903,4.681340341655716,2.941176470588235,1610612762,42,31,2023-01-24T02:49:29Z,2460000,False,235.0,-8.0,1,left,J. Clarkson 3PT running (6 PTS) (J. Vanderbilt 2 AST),"[203903, 1629020]",1610612762.0,UTA,running,,,Clarkson,J. Clarkson,,,,,Right Corner 3,24+ Right,23.55,Made,,,,,,,6.0,J. Vanderbilt,1629020.0,2.0,,,,,,,,
248,PT04M57.00S,2023-01-24T02:49:39.1Z,2,REGULAR,2pt,Jump Shot,[],1631121,88.12417871222075,31.127450980392158,1610612766,42,31,2023-01-24T02:50:09Z,2480000,False,-94.0,59.0,1,right,MISS B. McGowens 11' pullup Shot,[1631121],1610612766.0,CHA,pullup,,,McGowens,B. McGowens,,,,,Mid-Range,8-16 Left,11.14,Missed,,,,,,,,,,,,,,,,,,
249,PT04M55.00S,2023-01-24T02:49:41.1Z,2,REGULAR,rebound,defensive,[],1628374,,,1610612762,42,31,2023-01-24T02:49:43Z,2490000,False,,,0,,L. Markkanen REBOUND (Off:0 Def:7),[1628374],1610612762.0,UTA,,,,Markkanen,L. Markkanen,,,,,Mid-Range,8-16 Left,,,248.0,7.0,7.0,0.0,,,,,,,,,,,,,,
250,PT04M50.00S,2023-01-24T02:49:46.0Z,2,REGULAR,3pt,Jump Shot,['fastbreak'],201144,30.831143232588698,65.93137254901961,1610612762,42,31,2023-01-24T02:50:34Z,2500000,False,-80.0,237.0,1,left,MISS M. Conley 25' running pullup 3PT,[201144],1610612762.0,UTA,running pullup,,,Conley,M. Conley,,,,,Above the Break 3,24+ Left Center,25.03,Missed,,,,,,,,,,,,,,,,,,
251,PT04M48.00S,2023-01-24T02:49:48.0Z,2,REGULAR,rebound,defensive,[],202330,,,1610612766,42,31,2023-01-24T02:49:52Z,2510000,False,,,0,,G. Hayward REBOUND (Off:0 Def:1),[202330],1610612766.0,CHA,,,,Hayward,G. Hayward,,,,,Above the Break 3,24+ Left Center,,,250.0,1.0,1.0,0.0,,,,,,,,,,,,,,
252,PT04M42.00S,2023-01-24T02:49:55.0Z,2,REGULAR,2pt,Jump Shot,"['pointsinthepaint', 'fastbreak']",1626179,84.83902759526939,49.754901960784316,1610612766,42,33,2023-01-24T02:50:06Z,2520000,False,-1.0,90.0,1,right,T. Rozier 9' turnaround fadeaway Jump Shot (11 PTS),[1626179],1610612766.0,CHA,turnaround fadeaway,,,Rozier,T. Rozier,,,,,In The Paint (Non-RA),8-16 Center,9.0,Made,,,,,,,11.0,,,,,,,,,,,
253,PT04M29.00S,2023-01-24T02:50:07.0Z,2,REGULAR,3pt,Jump Shot,[],1628374,6.652431011826544,94.85294117647058,1610612762,45,33,2023-01-24T02:50:11Z,2530000,False,-224.0,10.0,1,left,L. Markkanen 3PT  (13 PTS) (J. Vanderbilt 3 AST),"[1628374, 1629020]",1610612762.0,UTA,,,,Markkanen,L. Markkanen,,,,,Left Corner 3,24+ Left,22.45,Made,,,,,,,13.0,J. Vanderbilt,1629020.0,3.0,,,,,,,,
255,PT04M28.00S,2023-01-24T02:50:13.3Z,2,REGULAR,timeout,full,"['team', 'mandatory']",0,,,1610612766,45,33,2023-01-24T02:50:13Z,2550000,False,,,0,,CHA Timeout,[],1610612766.0,CHA,,,,,,,,,,,,,,,,,,,,,,,,,,,,,,,
256,PT04M28.00S,2023-01-24T02:52:34.8Z,2,REGULAR,substitution,out,[],1628374,,,1610612766,45,33,2023-01-24T02:52:51Z,2560000,False,,,0,,SUB out: L. Markkanen,[1628374],1610612762.0,UTA,,,,Markkanen,L. Markkanen,,,,,,,,,,,,,,,,,,,,,,,,,,
257,PT04M28.00S,2023-01-24T02:52:34.8Z,2,REGULAR,substitution,in,[],1630534,,,1610612766,45,33,2023-01-24T02:52:51Z,2570000,False,,,0,,SUB in: O. Agbaji,[1630534],1610612762.0,UTA,,,,Agbaji,O. Agbaji,,,,,,,,,,,,,,,,,,,,,,,,,,
259,PT04M08.00S,2023-01-24T02:53:43.1Z,2,REGULAR,3pt,Jump Shot,[],1626179,71.56701708278581,79.16666666666666,1610612766,45,33,2023-01-24T02:53:48Z,2590000,False,146.0,215.0,1,right,MISS T. Rozier 25' 3PT,[1626179],1610612766.0,CHA,,,,Rozier,T. Rozier,,,,,Above the Break 3,24+ Right Center,25.96,Missed,,,,,,,,,,,,,,,,,,
260,PT04M03.00S,2023-01-24T02:53:48.1Z,2,REGULAR,rebound,offensive,[],203486,,,1610612766,45,33,2023-01-24T02:53:48Z,2600000,False,,,0,,M. Plumlee REBOUND (Off:1 Def:2),[203486],1610612766.0,CHA,,,,Plumlee,M. Plumlee,,,,,Above the Break 3,24+ Right Center,,,259.0,3.0,2.0,1.0,,,,,,,,,,,,,,
261,PT04M03.00S,2023-01-24T02:53:47.1Z,2,REGULAR,2pt,Layup,"['pointsinthepaint', '2ndchance']",203486,94.40999984741211,50.0,1610612766,45,35,2023-01-24T02:53:47Z,2610000,False,0.0,0.0,1,right,M. Plumlee tip Layup (4 PTS),[203486],1610612766.0,CHA,tip,,,Plumlee,M. Plumlee,,,,,Mid-Range,8-16 Left,0.0,Made,,,,,,,4.0,,,,,,,,,,,
262,PT03M41.00S,2023-01-24T02:54:10.5Z,2,REGULAR,2pt,Jump Shot,['pointsinthepaint'],1629012,11.777266754270697,45.09803921568628,1610612762,47,35,2023-01-24T02:54:14Z,2620000,False,25.0,58.0,1,left,C. Sexton 6' driving floating Jump Shot (4 PTS),[1629012],1610612762.0,UTA,driving floating,,,Sexton,C. Sexton,,,,,In The Paint (Non-RA),0-8 Center,6.31,Made,,,,,,,4.0,,,,,,,,,,,
263,PT03M33.00S,2023-01-24T02:54:19.6Z,2,REGULAR,foul,personal,[],1629012,,,1610612766,47,35,2023-01-24T02:54:24Z,2630000,False,,,0,,C. Sexton personal FOUL (2 PF),"[1629012, 202330]",1610612762.0,UTA,,,,Sexton,C. Sexton,,,,,In The Paint (Non-RA),8-16 Right,,,,,,,201245.0,,,,,,,,,,2.0,0.0,Hayward,202330.0
265,PT03M21.00S,2023-01-24T02:54:49.9Z,2,REGULAR,turnover,bad pass,[],202330,,,1610612766,47,35,2023-01-24T02:54:54Z,2650000,False,,,0,,G. Hayward bad pass TURNOVER (2 TO),"[202330, 1629020]",1610612766.0,CHA,,,,Hayward,G. Hayward,,,,,Left Corner 3,24+ Left,,,,,,,,2.0,,,,,Vanderbilt,1629020.0,,,,,,
266,PT03M21.00S,2023-01-24T02:54:49.9Z,2,REGULAR,steal,,[],1629020,,,1610612762,47,35,2023-01-24T02:54:51Z,2660000,False,,,0,,J. Vanderbilt STEAL (1 STL),[1629020],1610612762.0,UTA,,,,Vanderbilt,J. Vanderbilt,,,,,Left Corner 3,24+ Left,,,,,,,,,,,,,,,,,,,,
267,PT03M19.00S,2023-01-24T02:54:54.5Z,2,REGULAR,2pt,Layup,"['pointsinthepaint', 'fromturnover', 'fastbreak']",1629012,5.863994743758213,41.911764705882355,1610612762,49,35,2023-01-24T02:55:00Z,2670000,False,40.0,3.0,1,left,C. Sexton running Layup (6 PTS) (J. Vanderbilt 4 AST),"[1629012, 1629020]",1610612762.0,UTA,running,,,Sexton,C. Sexton,,,,,Restricted Area,0-8 Center,4.05,Made,,,,,,,6.0,J. Vanderbilt,1629020.0,4.0,,,,,,,,
269,PT03M19.00S,2023-01-24T02:54:59.5Z,2,REGULAR,foul,personal,"['inpenalty', '1freethrow']",1626179,,,1610612762,49,35,2023-01-24T02:55:06Z,2690000,False,,,0,,T. Rozier shooting personal FOUL (1 PF) (Sexton 1 FT),"[1626179, 1629012]",1610612766.0,CHA,shooting,,,Rozier,T. Rozier,,,,,Restricted Area,0-8 Center,,,,,,,1628159.0,,,,,,,,,,1.0,0.0,Sexton,1629012.0
271,PT03M19.00S,2023-01-24T02:55:08.8Z,2,REGULAR,substitution,out,[],202330,,,1610612762,49,35,2023-01-24T02:56:09Z,2710000,False,,,0,,SUB out: G. Hayward,[202330],1610612766.0,CHA,,,,Hayward,G. Hayward,,,,,,,,,,,,,,,,,,,,,,,,,,
272,PT03M19.00S,2023-01-24T02:55:08.8Z,2,REGULAR,substitution,out,[],1630550,,,1610612762,49,35,2023-01-24T02:56:09Z,2720000,False,,,0,,SUB out: J. Thor,[1630550],1610612766.0,CHA,,,,Thor,J. Thor,,,,,,,,,,,,,,,,,,,,,,,,,,
273,PT03M19.00S,2023-01-24T02:55:08.8Z,2,REGULAR,substitution,in,[],1628372,,,1610612762,49,35,2023-01-24T02:56:09Z,2730000,False,,,0,,SUB in: D. Smith Jr.,[1628372],1610612766.0,CHA,,,,Smith Jr.,D. Smith Jr.,,,,,,,,,,,,,,,,,,,,,,,,,,
274,PT03M19.00S,2023-01-24T02:55:08.8Z,2,REGULAR,substitution,in,[],1629667,,,1610612762,49,35,2023-01-24T02:56:09Z,2740000,False,,,0,,SUB in: J. McDaniels,[1629667],1610612766.0,CHA,,,,McDaniels,J. McDaniels,,,,,,,,,,,,,,,,,,,,,,,,,,
275,PT03M19.00S,2023-01-24T02:55:23.3Z,2,REGULAR,freethrow,1 of 1,"['fromturnover', 'fastbreak']",1629012,,,1610612762,50,35,2023-01-24T02:55:23Z,2750000,False,,,0,,C. Sexton Free Throw 1 of 1 (7 PTS),[1629012],1610612762.0,UTA,,,,Sexton,C. Sexton,,,,,,,,Made,,,,,,,7.0,,,,,,,,,,,
276,PT02M58.00S,2023-01-24T02:55:48.3Z,2,REGULAR,2pt,Layup,['pointsinthepaint'],203486,91.27792378449409,43.627450980392155,1610612766,50,37,2023-01-24T02:55:55Z,2760000,False,-32.0,29.0,1,right,M. Plumlee driving reverse Layup (6 PTS) (D. Smith Jr. 5 AST),"[203486, 1628372]",1610612766.0,CHA,driving reverse,,,Plumlee,M. Plumlee,,,,,Restricted Area,0-8 Center,4.34,Made,,,,,,,6.0,D. Smith Jr.,1628372.0,5.0,,,,,,,,
278,PT02M58.00S,2023-01-24T02:55:51.7Z,2,REGULAR,foul,personal,['1freethrow'],1630534,,,1610612766,50,37,2023-01-24T02:56:00Z,2780000,False,,,0,,O. Agbaji shooting personal FOUL (1 PF) (Plumlee 1 FT),"[1630534, 203486]",1610612762.0,UTA,shooting,,,Agbaji,O. Agbaji,,,,,Restricted Area,0-8 Center,,,,,,,1628159.0,,,,,,,,,,1.0,0.0,Plumlee,203486.0
280,PT02M58.00S,2023-01-24T02:56:14.4Z,2,REGULAR,freethrow,1 of 1,[],203486,,,1610612766,50,38,2023-01-24T02:56:14Z,2800000,False,,,0,,M. Plumlee Free Throw 1 of 1 (7 PTS),[203486],1610612766.0,CHA,,,,Plumlee,M. Plumlee,,,,,,,,Made,,,,,,,7.0,,,,,,,,,,,
281,PT02M47.00S,2023-01-24T02:56:29.8Z,2,REGULAR,2pt,Jump Shot,['pointsinthepaint'],201144,18.610381077529567,46.07843137254902,1610612762,50,38,2023-01-24T02:56:34Z,2810000,False,20.0,122.0,1,left,MISS M. Conley 12' driving floating Shot,[201144],1610612762.0,UTA,driving floating,,,Conley,M. Conley,,,,,In The Paint (Non-RA),8-16 Center,12.4,Missed,,,,,,,,,,,,,,,,,,
282,PT02M45.00S,2023-01-24T02:56:31.8Z,2,REGULAR,rebound,offensive,[],1629020,,,1610612762,50,38,2023-01-24T02:56:34Z,2820000,False,,,0,,J. Vanderbilt REBOUND (Off:1 Def:0),[1629020],1610612762.0,UTA,,,,Vanderbilt,J. Vanderbilt,,,,,In The Paint (Non-RA),8-16 Center,,,281.0,1.0,0.0,1.0,,,,,,,,,,,,,,
283,PT02M45.00S,2023-01-24T02:56:34.3Z,2,REGULAR,foul,personal,"['inpenalty', '2freethrow']",1626179,,,1610612762,50,38,2023-01-24T02:56:44Z,2830000,False,,,0,,T. Rozier personal FOUL (2 PF) (Vanderbilt 2 FT),"[1626179, 1629020]",1610612766.0,CHA,,,,Rozier,T. Rozier,,,,,Mid-Range,16-24 Center,,,,,,,201245.0,,,,,,,,,,2.0,0.0,Vanderbilt,1629020.0
285,PT02M45.00S,2023-01-24T02:57:01.4Z,2,REGULAR,freethrow,1 of 2,['2ndchance'],1629020,,,1610612762,51,38,2023-01-24T02:57:01Z,2850000,False,,,0,,J. Vanderbilt Free Throw 1 of 2 (1 PTS),[1629020],1610612762.0,UTA,,,,Vanderbilt,J. Vanderbilt,,,,,,,,Made,,,,,,,1.0,,,,,,,,,,,
286,PT02M45.00S,2023-01-24T02:57:17.8Z,2,REGULAR,freethrow,2 of 2,['2ndchance'],1629020,,,1610612762,52,38,2023-01-24T02:57:17Z,2860000,False,,,0,,J. Vanderbilt Free Throw 2 of 2 (2 PTS),[1629020],1610612762.0,UTA,,,,Vanderbilt,J. Vanderbilt,,,,,,,,Made,,,,,,,2.0,,,,,,,,,,,
287,PT02M23.00S,2023-01-24T02:57:41.6Z,2,REGULAR,2pt,Layup,['pointsinthepaint'],1628372,93.51182654402102,53.431372549019606,1610612766,52,40,2023-01-24T02:57:46Z,2870000,False,17.0,8.0,1,right,D. Smith Jr. Layup (4 PTS) (J. McDaniels 1 AST),"[1628372, 1629667]",1610612766.0,CHA,,,,Smith Jr.,D. Smith Jr.,,,,,Restricted Area,0-8 Center,1.92,Made,,,,,,,4.0,J. McDaniels,1629667.0,1.0,,,,,,,,
289,PT02M13.00S,2023-01-24T02:57:51.5Z,2,REGULAR,2pt,Hook,['pointsinthepaint'],1629020,11.777266754270697,48.529411764705884,1610612762,52,40,2023-01-24T02:57:55Z,2890000,False,7.0,58.0,1,left,MISS J. Vanderbilt driving Hook,[1629020],1610612762.0,UTA,driving,,,Vanderbilt,J. Vanderbilt,,,,,In The Paint (Non-RA),0-8 Center,5.87,Missed,,,,,,,,,,,,,,,,,,
290,PT02M11.00S,2023-01-24T02:57:53.5Z,2,REGULAR,rebound,defensive,[],1626179,,,1610612766,52,40,2023-01-24T02:57:55Z,2900000,False,,,0,,T. Rozier REBOUND (Off:1 Def:3),[1626179],1610612766.0,CHA,,,,Rozier,T. Rozier,,,,,In The Paint (Non-RA),0-8 Center,,,289.0,4.0,3.0,1.0,,,,,,,,,,,,,,
291,PT02M08.00S,2023-01-24T02:57:58.5Z,2,REGULAR,2pt,Layup,"['fastbreak', 'pointsinthepaint']",1626179,87.46714848883047,47.794117647058826,1610612766,52,42,2023-01-24T02:58:22Z,2910000,False,-11.0,65.0,1,right,T. Rozier 6' driving Layup (13 PTS),[1626179],1610612766.0,CHA,driving,,,Rozier,T. Rozier,,,,,In The Paint (Non-RA),0-8 Center,6.62,Made,,,,,,,13.0,,,,,,,,,,,
292,PT02M08.00S,2023-01-24T02:58:01.3Z,2,REGULAR,foul,personal,['1freethrow'],1630534,,,1610612766,52,42,2023-01-24T02:58:14Z,2920000,False,,,0,,O. Agbaji shooting personal FOUL (2 PF) (Rozier 1 FT),"[1630534, 1626179]",1610612762.0,UTA,shooting,,,Agbaji,O. Agbaji,,,,,In The Paint (Non-RA),0-8 Center,,,,,,,202049.0,,,,,,,,,,2.0,0.0,Rozier,1626179.0
294,PT02M08.00S,2023-01-24T02:58:08.5Z,2,REGULAR,substitution,out,[],1630534,,,1610612766,52,42,2023-01-24T02:58:22Z,2940000,False,,,0,,SUB out: O. Agbaji,[1630534],1610612762.0,UTA,,,,Agbaji,O. Agbaji,,,,,,,,,,,,,,,,,,,,,,,,,,
295,PT02M08.00S,2023-01-24T02:58:08.5Z,2,REGULAR,substitution,in,[],1628374,,,1610612766,52,42,2023-01-24T02:58:22Z,2950000,False,,,0,,SUB in: L. Markkanen,[1628374],1610612762.0,UTA,,,,Markkanen,L. Markkanen,,,,,,,,,,,,,,,,,,,,,,,,,,
296,PT02M08.00S,2023-01-24T02:58:31.0Z,2,REGULAR,freethrow,1 of 1,['fastbreak'],1626179,,,1610612766,52,42,2023-01-24T02:58:32Z,2960000,False,,,0,,MISS T. Rozier Free Throw 1 of 1,[1626179],1610612766.0,CHA,,,,Rozier,T. Rozier,,,,,,,,Missed,,,,,,,,,,,,,,,,,,
297,PT02M06.00S,2023-01-24T02:58:33.0Z,2,REGULAR,rebound,defensive,[],1629020,,,1610612762,52,42,2023-01-24T02:58:32Z,2970000,False,,,0,,J. Vanderbilt REBOUND (Off:1 Def:1),[1629020],1610612762.0,UTA,,,,Vanderbilt,J. Vanderbilt,,,,,,,,,296.0,2.0,1.0,1.0,,,,,,,,,,,,,,
298,PT01M52.00S,2023-01-24T02:58:45.6Z,2,REGULAR,3pt,Jump Shot,[],1628374,30.699737187910642,64.70588235294117,1610612762,52,42,2023-01-24T02:58:52Z,2980000,False,-74.0,236.0,1,left,MISS L. Markkanen 24' 3PT,[1628374],1610612762.0,UTA,,,,Markkanen,L. Markkanen,,,,,Above the Break 3,24+ Center,24.73,Missed,,,,,,,,,,,,,,,,,,
299,PT01M50.00S,2023-01-24T02:58:47.6Z,2,REGULAR,rebound,defensive,[],203486,,,1610612766,52,42,2023-01-24T02:58:52Z,2990000,False,,,0,,M. Plumlee REBOUND (Off:1 Def:3),[203486],1610612766.0,CHA,,,,Plumlee,M. Plumlee,,,,,Above the Break 3,24+ Center,,,298.0,4.0,3.0,1.0,,,,,,,,,,,,,,
300,PT01M43.00S,2023-01-24T02:58:57.0Z,2,REGULAR,foul,personal,"['inpenalty', '2freethrow']",1628374,,,1610612766,52,42,2023-01-24T02:59:01Z,3000000,False,,,0,,L. Markkanen shooting personal FOUL (1 PF) (Plumlee 2 FT),"[1628374, 203486]",1610612762.0,UTA,shooting,,,Markkanen,L. Markkanen,,,,,In The Paint (Non-RA),0-8 Center,,,,,,,1628159.0,,,,,,,,,,1.0,0.0,Plumlee,203486.0
302,PT01M43.00S,2023-01-24T02:59:22.1Z,2,REGULAR,freethrow,1 of 2,[],203486,,,1610612766,52,43,2023-01-24T02:59:43Z,3020000,False,,,0,,M. Plumlee Free Throw 1 of 2 (8 PTS),[203486],1610612766.0,CHA,,,,Plumlee,M. Plumlee,,,,,,,,Made,,,,,,,8.0,,,,,,,,,,,
303,PT01M43.00S,2023-01-24T02:59:22.1Z,2,REGULAR,freethrow,2 of 2,[],203486,,,1610612766,52,43,2023-01-24T02:59:43Z,3030000,False,,,0,,MISS M. Plumlee Free Throw 2 of 2,[203486],1610612766.0,CHA,,,,Plumlee,M. Plumlee,,,,,,,,Missed,,,,,,,,,,,,,,,,,,
304,PT01M41.00S,2023-01-24T02:59:24.1Z,2,REGULAR,rebound,defensive,[],1628374,,,1610612762,52,43,2023-01-24T02:59:43Z,3040000,False,,,0,,L. Markkanen REBOUND (Off:0 Def:8),[1628374],1610612762.0,UTA,,,,Markkanen,L. Markkanen,,,,,,,,,303.0,8.0,8.0,0.0,,,,,,,,,,,,,,
305,PT01M31.00S,2023-01-24T02:59:55.3Z,2,REGULAR,foul,personal,"['inpenalty', '2freethrow']",1629667,,,1610612762,52,43,2023-01-24T02:59:59Z,3050000,False,,,0,,J. McDaniels personal FOUL (1 PF) (Markkanen 2 FT),"[1629667, 1628374]",1610612766.0,CHA,,,,McDaniels,J. McDaniels,,,,,Above the Break 3,16-24 Right Center,,,,,,,202049.0,,,,,,,,,,1.0,0.0,Markkanen,1628374.0
307,PT01M31.00S,2023-01-24T03:00:17.2Z,2,REGULAR,freethrow,1 of 2,[],1628374,,,1610612762,53,43,2023-01-24T03:00:17Z,3070000,False,,,0,,L. Markkanen Free Throw 1 of 2 (14 PTS),[1628374],1610612762.0,UTA,,,,Markkanen,L. Markkanen,,,,,,,,Made,,,,,,,14.0,,,,,,,,,,,
308,PT01M31.00S,2023-01-24T03:00:30.0Z,2,REGULAR,freethrow,2 of 2,[],1628374,,,1610612762,54,43,2023-01-24T03:00:30Z,3080000,False,,,0,,L. Markkanen Free Throw 2 of 2 (15 PTS),[1628374],1610612762.0,UTA,,,,Markkanen,L. Markkanen,,,,,,,,Made,,,,,,,15.0,,,,,,,,,,,
309,PT01M18.00S,2023-01-24T03:00:45.3Z,2,REGULAR,turnover,bad pass,[],203486,,,1610612766,54,43,2023-01-24T03:00:48Z,3090000,False,,,0,,M. Plumlee bad pass TURNOVER (1 TO),"[203486, 1629020]",1610612766.0,CHA,,,,Plumlee,M. Plumlee,,,,,In The Paint (Non-RA),0-8 Center,,,,,,,,1.0,,,,,Vanderbilt,1629020.0,,,,,,
310,PT01M18.00S,2023-01-24T03:00:45.3Z,2,REGULAR,steal,,[],1629020,,,1610612762,54,43,2023-01-24T03:00:46Z,3100000,False,,,0,,J. Vanderbilt STEAL (2 STL),[1629020],1610612762.0,UTA,,,,Vanderbilt,J. Vanderbilt,,,,,In The Paint (Non-RA),0-8 Center,,,,,,,,,,,,,,,,,,,,
312,PT01M14.00S,2023-01-24T03:00:52.9Z,2,REGULAR,substitution,out,[],1626179,,,1610612762,54,43,2023-01-24T03:00:57Z,3120000,False,,,0,,SUB out: T. Rozier,[1626179],1610612766.0,CHA,,,,Rozier,T. Rozier,,,,,,,,,,,,,,,,,,,,,,,,,,
313,PT01M14.00S,2023-01-24T03:00:52.9Z,2,REGULAR,substitution,in,[],1630550,,,1610612762,54,43,2023-01-24T03:00:57Z,3130000,False,,,0,,SUB in: J. Thor,[1630550],1610612766.0,CHA,,,,Thor,J. Thor,,,,,,,,,,,,,,,,,,,,,,,,,,
314,PT01M01.00S,2023-01-24T03:01:19.4Z,2,REGULAR,3pt,Jump Shot,['fromturnover'],1629012,32.14520367936925,38.72549019607843,1610612762,54,43,2023-01-24T03:01:25Z,3140000,False,56.0,250.0,1,left,MISS C. Sexton 25' 3PT,[1629012],1610612762.0,UTA,,,,Sexton,C. Sexton,,,,,Above the Break 3,24+ Center,25.6,Missed,,,,,,,,,,,,,,,,,,
315,PT00M59.70S,2023-01-24T03:01:20.7Z,2,REGULAR,rebound,offensive,['team'],0,,,1610612762,54,43,2023-01-24T03:01:25Z,3150000,False,,,0,,TEAM offensive REBOUND,[],1610612762.0,UTA,,,,,,,,,,Above the Break 3,24+ Center,,,314.0,,,,,,,,,,,,,,,,,
316,PT00M59.70S,2023-01-24T03:01:25.0Z,2,REGULAR,foul,personal,"['inpenalty', '2freethrow']",1631121,,,1610612762,54,43,2023-01-24T03:01:33Z,3160000,False,,,0,,B. McGowens loose ball personal FOUL (3 PF) (Vanderbilt 2 FT),"[1631121, 1629020]",1610612766.0,CHA,loose ball,,,McGowens,B. McGowens,,,,,Restricted Area,0-8 Center,,,,,,,202049.0,,,,,,,,,,3.0,0.0,Vanderbilt,1629020.0
318,PT00M59.70S,2023-01-24T03:01:54.5Z,2,REGULAR,freethrow,1 of 2,"['fromturnover', '2ndchance']",1629020,,,1610612762,55,43,2023-01-24T03:01:54Z,3180000,False,,,0,,J. Vanderbilt Free Throw 1 of 2 (3 PTS),[1629020],1610612762.0,UTA,,,,Vanderbilt,J. Vanderbilt,,,,,,,,Made,,,,,,,3.0,,,,,,,,,,,
319,PT00M59.70S,2023-01-24T03:02:09.2Z,2,REGULAR,freethrow,2 of 2,"['fromturnover', '2ndchance']",1629020,,,1610612762,56,43,2023-01-24T03:02:09Z,3190000,False,,,0,,J. Vanderbilt Free Throw 2 of 2 (4 PTS),[1629020],1610612762.0,UTA,,,,Vanderbilt,J. Vanderbilt,,,,,,,,Made,,,,,,,4.0,,,,,,,,,,,
320,PT00M43.40S,2023-01-24T03:02:32.6Z,2,REGULAR,foul,personal,"['inpenalty', '2freethrow']",1629020,,,1610612766,56,43,2023-01-24T03:02:46Z,3200000,False,,,0,,J. Vanderbilt personal FOUL (1 PF) (Thor 2 FT),"[1629020, 1630550]",1610612762.0,UTA,,,,Vanderbilt,J. Vanderbilt,,,,,In The Paint (Non-RA),8-16 Right,,,,,,,1628159.0,,,,,,,,,,1.0,0.0,Thor,1630550.0
322,PT00M43.40S,2023-01-24T03:02:50.3Z,2,REGULAR,freethrow,1 of 2,[],1630550,,,1610612766,56,44,2023-01-24T03:02:50Z,3220000,False,,,0,,J. Thor Free Throw 1 of 2 (1 PTS),[1630550],1610612766.0,CHA,,,,Thor,J. Thor,,,,,,,,Made,,,,,,,1.0,,,,,,,,,,,
323,PT00M43.40S,2023-01-24T03:03:05.6Z,2,REGULAR,freethrow,2 of 2,[],1630550,,,1610612766,56,45,2023-01-24T03:03:05Z,3230000,False,,,0,,J. Thor Free Throw 2 of 2 (2 PTS),[1630550],1610612766.0,CHA,,,,Thor,J. Thor,,,,,,,,Made,,,,,,,2.0,,,,,,,,,,,
324,PT00M29.20S,2023-01-24T03:03:27.4Z,2,REGULAR,foul,personal,"['inpenalty', '2freethrow']",1629667,,,1610612762,56,45,2023-01-24T03:03:38Z,3240000,False,,,0,,J. McDaniels personal FOUL (2 PF) (Sexton 2 FT),"[1629667, 1629012]",1610612766.0,CHA,,,,McDaniels,J. McDaniels,,,,,In The Paint (Non-RA),8-16 Right,,,,,,,202049.0,,,,,,,,,,2.0,0.0,Sexton,1629012.0
326,PT00M29.20S,2023-01-24T03:03:59.3Z,2,REGULAR,freethrow,1 of 2,[],1629012,,,1610612762,57,45,2023-01-24T03:03:59Z,3260000,False,,,0,,C. Sexton Free Throw 1 of 2 (8 PTS),[1629012],1610612762.0,UTA,,,,Sexton,C. Sexton,,,,,,,,Made,,,,,,,8.0,,,,,,,,,,,
327,PT00M29.20S,2023-01-24T03:04:13.2Z,2,REGULAR,freethrow,2 of 2,[],1629012,,,1610612762,58,45,2023-01-24T03:04:13Z,3270000,False,,,0,,C. Sexton Free Throw 2 of 2 (9 PTS),[1629012],1610612762.0,UTA,,,,Sexton,C. Sexton,,,,,,,,Made,,,,,,,9.0,,,,,,,,,,,
328,PT00M11.20S,2023-01-24T03:04:33.7Z,2,REGULAR,2pt,Layup,['pointsinthepaint'],1628372,91.01511169513797,43.13725490196079,1610612766,58,45,2023-01-24T03:04:37Z,3280000,False,-34.0,32.0,1,right,MISS D. Smith Jr. driving Layup - blocked,"[1628372, 1628374]",1610612766.0,CHA,driving,,,Smith Jr.,D. Smith Jr.,,,,,In The Paint (Non-RA),0-8 Center,4.69,Missed,,,,,,,,,,,,,Markkanen,1628374.0,,,,
329,PT00M11.20S,2023-01-24T03:04:33.7Z,2,REGULAR,block,,[],1628374,,,1610612766,58,45,2023-01-24T03:04:35Z,3290000,False,,,0,,L. Markkanen BLOCK (1 BLK),[1628374],1610612762.0,UTA,,,,Markkanen,L. Markkanen,,,,,In The Paint (Non-RA),0-8 Center,,,,,,,,,,,,,,,,,,,,
330,PT00M08.50S,2023-01-24T03:04:36.4Z,2,REGULAR,rebound,defensive,[],1629020,,,1610612762,58,45,2023-01-24T03:04:37Z,3300000,False,,,0,,J. Vanderbilt REBOUND (Off:1 Def:2),[1629020],1610612762.0,UTA,,,,Vanderbilt,J. Vanderbilt,,,,,In The Paint (Non-RA),0-8 Center,,,328.0,3.0,2.0,1.0,,,,,,,,,,,,,,
331,PT00M04.10S,2023-01-24T03:04:40.8Z,2,REGULAR,3pt,Jump Shot,['fastbreak'],203903,32.40801576872536,39.46078431372549,1610612762,58,45,2023-01-24T03:04:47Z,3310000,False,53.0,252.0,1,left,MISS J. Clarkson 25' 3PT,[203903],1610612762.0,UTA,,,,Clarkson,J. Clarkson,,,,,Above the Break 3,24+ Center,25.75,Missed,,,,,,,,,,,,,,,,,,
332,PT00M00.60S,2023-01-24T03:04:44.3Z,2,REGULAR,rebound,defensive,[],1630550,,,1610612766,58,45,2023-01-24T03:04:44Z,3320000,False,,,0,,J. Thor REBOUND (Off:1 Def:3),[1630550],1610612766.0,CHA,,,,Thor,J. Thor,,,,,Above the Break 3,24+ Center,,,331.0,4.0,3.0,1.0,,,,,,,,,,,,,,
333,PT00M00.00S,2023-01-24T03:04:46.4Z,2,REGULAR,period,end,[],0,,,1610612766,58,45,2023-01-24T03:04:46Z,3330000,False,,,0,,Period End,[],,,,,,,,,,,,,,,,,,,,,,,,,,,,,,,,,
334,PT12M00.00S,2023-01-24T03:19:08.2Z,3,REGULAR,substitution,out,['startperiod'],1629012,,,1610612766,58,45,2023-01-24T03:19:34Z,3340000,False,,,0,,SUB out: C. Sexton,[1629012],1610612762.0,UTA,,,,Sexton,C. Sexton,,,,,,,,,,,,,,,,,,,,,,,,,,
335,PT12M00.00S,2023-01-24T03:19:08.2Z,3,REGULAR,substitution,out,['startperiod'],1629020,,,1610612766,58,45,2023-01-24T03:19:34Z,3350000,False,,,0,,SUB out: J. Vanderbilt,[1629020],1610612762.0,UTA,,,,Vanderbilt,J. Vanderbilt,,,,,,,,,,,,,,,,,,,,,,,,,,
336,PT12M00.00S,2023-01-24T03:19:08.2Z,3,REGULAR,substitution,out,['startperiod'],1631121,,,1610612766,58,45,2023-01-24T03:19:34Z,3360000,False,,,0,,SUB out: B. McGowens,[1631121],1610612766.0,CHA,,,,McGowens,B. McGowens,,,,,,,,,,,,,,,,,,,,,,,,,,
337,PT12M00.00S,2023-01-24T03:19:08.2Z,3,REGULAR,substitution,out,['startperiod'],1628372,,,1610612766,58,45,2023-01-24T03:19:34Z,3370000,False,,,0,,SUB out: D. Smith Jr.,[1628372],1610612766.0,CHA,,,,Smith Jr.,D. Smith Jr.,,,,,,,,,,,,,,,,,,,,,,,,,,
338,PT12M00.00S,2023-01-24T03:19:08.2Z,3,REGULAR,substitution,out,['startperiod'],1630550,,,1610612766,58,45,2023-01-24T03:19:34Z,3380000,False,,,0,,SUB out: J. Thor,[1630550],1610612766.0,CHA,,,,Thor,J. Thor,,,,,,,,,,,,,,,,,,,,,,,,,,
339,PT12M00.00S,2023-01-24T03:19:08.2Z,3,REGULAR,substitution,in,['startperiod'],1631117,,,1610612766,58,45,2023-01-24T03:19:34Z,3390000,False,,,0,,SUB in: W. Kessler,[1631117],1610612762.0,UTA,,,,Kessler,W. Kessler,,,,,,,,,,,,,,,,,,,,,,,,,,
340,PT12M00.00S,2023-01-24T03:19:08.2Z,3,REGULAR,substitution,in,['startperiod'],1627736,,,1610612766,58,45,2023-01-24T03:19:34Z,3400000,False,,,0,,SUB in: M. Beasley,[1627736],1610612762.0,UTA,,,,Beasley,M. Beasley,,,,,,,,,,,,,,,,,,,,,,,,,,
341,PT12M00.00S,2023-01-24T03:19:08.2Z,3,REGULAR,substitution,in,['startperiod'],202330,,,1610612766,58,45,2023-01-24T03:19:34Z,3410000,False,,,0,,SUB in: G. Hayward,[202330],1610612766.0,CHA,,,,Hayward,G. Hayward,,,,,,,,,,,,,,,,,,,,,,,,,,
342,PT12M00.00S,2023-01-24T03:19:08.2Z,3,REGULAR,substitution,in,['startperiod'],1629023,,,1610612766,58,45,2023-01-24T03:19:34Z,3420000,False,,,0,,SUB in: P. Washington,[1629023],1610612766.0,CHA,,,,Washington,P. Washington,,,,,,,,,,,,,,,,,,,,,,,,,,
343,PT12M00.00S,2023-01-24T03:19:08.2Z,3,REGULAR,substitution,in,['startperiod'],1626179,,,1610612766,58,45,2023-01-24T03:19:34Z,3430000,False,,,0,,SUB in: T. Rozier,[1626179],1610612766.0,CHA,,,,Rozier,T. Rozier,,,,,,,,,,,,,,,,,,,,,,,,,,
344,PT12M00.00S,2023-01-24T03:19:59.7Z,3,REGULAR,period,start,[],0,,,1610612766,58,45,2023-01-24T03:19:59Z,3440000,False,,,0,,Period Start,[],,,,,,,,,,,,,,,,,,,,,,,,,,,,,,,,,
345,PT11M47.00S,2023-01-24T03:20:13.9Z,3,REGULAR,turnover,out-of-bounds,[],202330,,,1610612766,58,45,2023-01-24T03:20:24Z,3450000,False,,,0,,G. Hayward bad pass out-of-bounds TURNOVER (3 TO),[202330],1610612766.0,CHA,bad pass,,,Hayward,G. Hayward,,,,,Mid-Range,16-24 Right Center,,,,,,,1628159.0,3.0,,,,,,,,,,,,
346,PT11M38.00S,2023-01-24T03:20:30.9Z,3,REGULAR,foul,offensive,[],1631117,,,1610612762,58,45,2023-01-24T03:20:36Z,3460000,False,,,0,,W. Kessler offensive FOUL (3 PF),"[1631117, 1629667]",1610612762.0,UTA,,,,Kessler,W. Kessler,,,,,Mid-Range,16-24 Right Center,,,,,,,1628159.0,,,,,,,,,,3.0,0.0,McDaniels,1629667.0
348,PT11M38.00S,2023-01-24T03:20:30.9Z,3,REGULAR,turnover,offensive foul,[],1631117,,,1610612762,58,45,2023-01-24T03:20:30Z,3480000,False,,,0,,W. Kessler offensive foul TURNOVER (2 TO),[1631117],1610612762.0,UTA,,,,Kessler,W. Kessler,,,,,Mid-Range,16-24 Right Center,,,,,,,1628159.0,2.0,,,,,,,,,,,,
349,PT11M24.00S,2023-01-24T03:20:54.0Z,3,REGULAR,2pt,Hook,"['pointsinthepaint', 'fromturnover']",203486,9.937582128777924,45.34313725490196,1610612766,58,47,2023-01-24T03:20:58Z,3490000,False,23.0,41.0,1,left,M. Plumlee turnaround Hook (10 PTS) (J. McDaniels 2 AST),"[203486, 1629667]",1610612766.0,CHA,turnaround,,,Plumlee,M. Plumlee,,,,,In The Paint (Non-RA),0-8 Center,4.71,Made,,,,,,,10.0,J. McDaniels,1629667.0,2.0,,,,,,,,
351,PT11M06.00S,2023-01-24T03:21:12.4Z,3,REGULAR,2pt,DUNK,['pointsinthepaint'],1628374,93.11760840998686,40.44117647058824,1610612762,58,47,2023-01-24T03:21:16Z,3510000,False,-48.0,12.0,1,right,MISS L. Markkanen driving DUNK,[1628374],1610612762.0,UTA,driving,,,Markkanen,L. Markkanen,,,,,In The Paint (Non-RA),0-8 Center,4.93,Missed,,,,,,,,,,,,,,,,,,
352,PT11M06.00S,2023-01-24T03:21:12.4Z,3,REGULAR,rebound,defensive,['team'],0,,,1610612766,58,47,2023-01-24T03:21:16Z,3520000,False,,,0,,TEAM defensive REBOUND,[],1610612766.0,CHA,,,,,,,,,,In The Paint (Non-RA),0-8 Center,,,351.0,,,,,,,,,,,,,,,,,
354,PT10M51.00S,2023-01-24T03:21:38.8Z,3,REGULAR,3pt,Jump Shot,[],1626179,26.231931668856767,19.607843137254903,1610612766,58,50,2023-01-24T03:22:13Z,3540000,False,152.0,194.0,1,left,T. Rozier 24' 3PT pullup (16 PTS) (M. Plumlee 2 AST),"[1626179, 203486]",1610612766.0,CHA,pullup,,,Rozier,T. Rozier,,,,,Above the Break 3,24+ Right Center,24.65,Made,,,,,,,16.0,M. Plumlee,203486.0,2.0,,,,,,,,
356,PT10M32.00S,2023-01-24T03:21:56.4Z,3,REGULAR,turnover,lost ball,[],1627736,,,1610612762,58,50,2023-01-24T03:22:01Z,3560000,False,,,0,,M. Beasley lost ball TURNOVER (2 TO),"[1627736, 1629667]",1610612762.0,UTA,,,,Beasley,M. Beasley,,,,,Above the Break 3,24+ Right Center,,,,,,,,2.0,,,,,McDaniels,1629667.0,,,,,,
357,PT10M32.00S,2023-01-24T03:21:56.4Z,3,REGULAR,steal,,[],1629667,,,1610612766,58,50,2023-01-24T03:21:58Z,3570000,False,,,0,,J. McDaniels STEAL (1 STL),[1629667],1610612766.0,CHA,,,,McDaniels,J. McDaniels,,,,,Above the Break 3,24+ Right Center,,,,,,,,,,,,,,,,,,,,
358,PT10M30.00S,2023-01-24T03:22:01.0Z,3,REGULAR,2pt,Layup,"['pointsinthepaint', 'fromturnover', 'fastbreak']",202330,10.33180026281209,63.48039215686274,1610612766,58,52,2023-01-24T03:22:09Z,3580000,False,-67.0,45.0,1,left,G. Hayward 8' running Layup (4 PTS),[202330],1610612766.0,CHA,running,,,Hayward,G. Hayward,,,,,In The Paint (Non-RA),8-16 Left,8.08,Made,,,,,,,4.0,,,,,,,,,,,
359,PT10M30.00S,2023-01-24T03:22:03.4Z,3,REGULAR,foul,personal,['1freethrow'],1627736,,,1610612766,58,52,2023-01-24T03:22:11Z,3590000,False,,,0,,M. Beasley shooting personal FOUL (1 PF) (Hayward 1 FT),"[1627736, 202330]",1610612762.0,UTA,shooting,,,Beasley,M. Beasley,,,,,In The Paint (Non-RA),8-16 Left,,,,,,,1628159.0,,,,,,,,,,1.0,0.0,Hayward,202330.0
361,PT10M30.00S,2023-01-24T03:22:29.2Z,3,REGULAR,freethrow,1 of 1,"['fromturnover', 'fastbreak']",202330,,,1610612766,58,53,2023-01-24T03:22:29Z,3610000,False,,,0,,G. Hayward Free Throw 1 of 1 (5 PTS),[202330],1610612766.0,CHA,,,,Hayward,G. Hayward,,,,,,,,Made,,,,,,,5.0,,,,,,,,,,,
362,PT10M19.00S,2023-01-24T03:22:45.1Z,3,REGULAR,3pt,Jump Shot,[],1628374,68.15045992115637,64.4607843137255,1610612762,61,53,2023-01-24T03:22:49Z,3620000,False,72.0,247.0,1,right,L. Markkanen 25' 3PT  (18 PTS) (M. Beasley 2 AST),"[1628374, 1627736]",1610612762.0,UTA,,,,Markkanen,L. Markkanen,,,,,Above the Break 3,24+ Center,25.73,Made,,,,,,,18.0,M. Beasley,1627736.0,2.0,,,,,,,,
364,PT10M02.00S,2023-01-24T03:23:03.2Z,3,REGULAR,foul,personal,['2freethrow'],203903,,,1610612766,61,53,2023-01-24T03:23:26Z,3640000,False,,,0,,J. Clarkson shooting personal FOUL (1 PF) (Washington 2 FT),"[203903, 1629023]",1610612762.0,UTA,shooting,,,Clarkson,J. Clarkson,,,,,In The Paint (Non-RA),0-8 Center,,,,,,,202049.0,,,,,,,,,,1.0,0.0,Washington,1629023.0
366,PT10M02.00S,2023-01-24T03:23:29.4Z,3,REGULAR,freethrow,1 of 2,[],1629023,,,1610612766,61,54,2023-01-24T03:23:58Z,3660000,False,,,0,,P. Washington Free Throw 1 of 2 (3 PTS),[1629023],1610612766.0,CHA,,,,Washington,P. Washington,,,,,,,,Made,,,,,,,3.0,,,,,,,,,,,
367,PT10M02.00S,2023-01-24T03:23:29.4Z,3,REGULAR,freethrow,2 of 2,[],1629023,,,1610612766,61,54,2023-01-24T03:23:58Z,3670000,False,,,0,,MISS P. Washington Free Throw 2 of 2,[1629023],1610612766.0,CHA,,,,Washington,P. Washington,,,,,,,,Missed,,,,,,,,,,,,,,,,,,
368,PT10M00.00S,2023-01-24T03:23:31.4Z,3,REGULAR,rebound,defensive,[],1628374,,,1610612762,61,54,2023-01-24T03:23:58Z,3680000,False,,,0,,L. Markkanen REBOUND (Off:0 Def:9),[1628374],1610612762.0,UTA,,,,Markkanen,L. Markkanen,,,,,,,,,367.0,9.0,9.0,0.0,,,,,,,,,,,,,,
369,PT09M49.00S,2023-01-24T03:23:56.1Z,3,REGULAR,3pt,Jump Shot,[],203903,72.88107752956637,79.90196078431373,1610612762,61,54,2023-01-24T03:24:00Z,3690000,False,150.0,202.0,1,right,MISS J. Clarkson 25' pullup 3PT,[203903],1610612762.0,UTA,pullup,,,Clarkson,J. Clarkson,,,,,Above the Break 3,24+ Right Center,25.16,Missed,,,,,,,,,,,,,,,,,,
370,PT09M45.00S,2023-01-24T03:24:00.1Z,3,REGULAR,rebound,defensive,[],1629667,,,1610612766,61,54,2023-01-24T03:24:00Z,3700000,False,,,0,,J. McDaniels REBOUND (Off:0 Def:5),[1629667],1610612766.0,CHA,,,,McDaniels,J. McDaniels,,,,,Above the Break 3,24+ Right Center,,,369.0,5.0,5.0,0.0,,,,,,,,,,,,,,
371,PT09M35.00S,2023-01-24T03:24:09.6Z,3,REGULAR,2pt,Layup,['pointsinthepaint'],203486,6.652431011826544,45.83333333333333,1610612766,61,54,2023-01-24T03:24:14Z,3710000,False,21.0,10.0,1,left,MISS M. Plumlee driving Layup,[203486],1610612766.0,CHA,driving,,,Plumlee,M. Plumlee,,,,,Restricted Area,0-8 Center,2.31,Missed,,,,,,,,,,,,,,,,,,
372,PT09M32.00S,2023-01-24T03:24:12.6Z,3,REGULAR,rebound,defensive,[],1628374,,,1610612762,61,54,2023-01-24T03:24:14Z,3720000,False,,,0,,L. Markkanen REBOUND (Off:0 Def:10),[1628374],1610612762.0,UTA,,,,Markkanen,L. Markkanen,,,,,Restricted Area,0-8 Center,,,371.0,10.0,10.0,0.0,,,,,,,,,,,,,,
373,PT09M20.00S,2023-01-24T03:24:25.0Z,3,REGULAR,2pt,Jump Shot,['pointsinthepaint'],203903,86.02168199737189,51.225490196078425,1610612762,63,54,2023-01-24T03:24:31Z,3730000,False,6.0,79.0,1,right,J. Clarkson 7' floating Jump Shot (8 PTS),[203903],1610612762.0,UTA,floating,,,Clarkson,J. Clarkson,,,,,In The Paint (Non-RA),0-8 Center,7.91,Made,,,,,,,8.0,,,,,,,,,,,
374,PT09M03.00S,2023-01-24T03:24:42.2Z,3,REGULAR,2pt,Jump Shot,['pointsinthepaint'],1629023,13.091327201051248,45.588235294117645,1610612766,63,54,2023-01-24T03:24:49Z,3740000,False,22.0,71.0,1,left,MISS P. Washington 7' floating Shot,[1629023],1610612766.0,CHA,floating,,,Washington,P. Washington,,,,,In The Paint (Non-RA),0-8 Center,7.4,Missed,,,,,,,,,,,,,,,,,,
375,PT08M59.00S,2023-01-24T03:24:46.2Z,3,REGULAR,rebound,offensive,[],1629667,,,1610612766,63,54,2023-01-24T03:24:49Z,3750000,False,,,0,,J. McDaniels REBOUND (Off:1 Def:5),[1629667],1610612766.0,CHA,,,,McDaniels,J. McDaniels,,,,,In The Paint (Non-RA),0-8 Center,,,374.0,6.0,5.0,1.0,,,,,,,,,,,,,,
376,PT08M59.00S,2023-01-24T03:24:45.8Z,3,REGULAR,2pt,Layup,"['pointsinthepaint', '2ndchance']",1629667,5.590000152587891,50.0,1610612766,63,56,2023-01-24T03:24:45Z,3760000,False,0.0,0.0,1,left,J. McDaniels tip Layup (6 PTS),[1629667],1610612766.0,CHA,tip,,,McDaniels,J. McDaniels,,,,,Mid-Range,8-16 Left,0.0,Made,,,,,,,6.0,,,,,,,,,,,
377,PT08M55.00S,2023-01-24T03:24:52.0Z,3,REGULAR,foul,personal,[],1629023,,,1610612762,63,56,2023-01-24T03:24:59Z,3770000,False,,,0,,P. Washington personal FOUL (4 PF),"[1629023, 203903]",1610612766.0,CHA,,,,Washington,P. Washington,,,,,Mid-Range,8-16 Right,,,,,,,202049.0,,,,,,,,,,4.0,0.0,Clarkson,203903.0
380,PT08M44.00S,2023-01-24T03:25:38.5Z,3,REGULAR,3pt,Jump Shot,[],201144,74.45795006570303,16.176470588235293,1610612762,66,56,2023-01-24T03:25:44Z,3800000,False,-169.0,188.0,1,right,M. Conley 25' 3PT pullup (6 PTS),[201144],1610612762.0,UTA,pullup,,,Conley,M. Conley,,,,,Above the Break 3,24+ Left Center,25.26,Made,,,,,,,6.0,,,,,,,,,,,
381,PT08M35.00S,2023-01-24T03:25:49.3Z,3,REGULAR,foul,offensive,[],202330,,,1610612766,66,56,2023-01-24T03:25:54Z,3810000,False,,,0,,G. Hayward offensive FOUL (1 PF),"[202330, 201144]",1610612766.0,CHA,,,,Hayward,G. Hayward,,,,,Mid-Range,8-16 Right,,,,,,,1628159.0,,,,,,,,,,1.0,0.0,Conley,201144.0
383,PT08M35.00S,2023-01-24T03:25:49.3Z,3,REGULAR,turnover,offensive foul,[],202330,,,1610612766,66,56,2023-01-24T03:25:49Z,3830000,False,,,0,,G. Hayward offensive foul TURNOVER (4 TO),[202330],1610612766.0,CHA,,,,Hayward,G. Hayward,,,,,Mid-Range,8-16 Right,,,,,,,1628159.0,4.0,,,,,,,,,,,,
384,PT08M24.00S,2023-01-24T03:26:12.7Z,3,REGULAR,3pt,Jump Shot,['fromturnover'],201144,72.35545335085413,77.69607843137256,1610612762,69,56,2023-01-24T03:26:17Z,3840000,False,138.0,207.0,1,right,M. Conley 24' 3PT pullup (9 PTS),[201144],1610612762.0,UTA,pullup,,,Conley,M. Conley,,,,,Above the Break 3,24+ Right Center,24.94,Made,,,,,,,9.0,,,,,,,,,,,
385,PT08M10.00S,2023-01-24T03:26:26.1Z,3,REGULAR,2pt,Jump Shot,['pointsinthepaint'],1626179,19.004599211563733,51.470588235294116,1610612766,69,58,2023-01-24T03:26:30Z,3850000,False,-7.0,126.0,1,left,T. Rozier 12' driving floating Jump Shot (18 PTS) (M. Plumlee 3 AST),"[1626179, 203486]",1610612766.0,CHA,driving floating,,,Rozier,T. Rozier,,,,,In The Paint (Non-RA),8-16 Center,12.63,Made,,,,,,,18.0,M. Plumlee,203486.0,3.0,,,,,,,,
387,PT07M47.00S,2023-01-24T03:26:49.5Z,3,REGULAR,2pt,Layup,['pointsinthepaint'],203903,91.67214191852825,56.127450980392155,1610612762,69,58,2023-01-24T03:26:53Z,3870000,False,31.0,26.0,1,right,MISS J. Clarkson driving Layup,[203903],1610612762.0,UTA,driving,,,Clarkson,J. Clarkson,,,,,Restricted Area,0-8 Center,4.0,Missed,,,,,,,,,,,,,,,,,,
388,PT07M45.00S,2023-01-24T03:26:51.5Z,3,REGULAR,rebound,defensive,[],1629667,,,1610612766,69,58,2023-01-24T03:26:53Z,3880000,False,,,0,,J. McDaniels REBOUND (Off:1 Def:6),[1629667],1610612766.0,CHA,,,,McDaniels,J. McDaniels,,,,,Restricted Area,0-8 Center,,,387.0,7.0,6.0,1.0,,,,,,,,,,,,,,
390,PT07M39.00S,2023-01-24T03:26:59.2Z,3,REGULAR,turnover,out-of-bounds,[],1629667,,,1610612766,69,58,2023-01-24T03:27:04Z,3900000,False,,,0,,J. McDaniels lost ball out-of-bounds TURNOVER (3 TO),[1629667],1610612766.0,CHA,lost ball,,,McDaniels,J. McDaniels,,,,,In The Paint (Non-RA),0-8 Center,,,,,,,202049.0,3.0,,,,,,,,,,,,
391,PT07M27.00S,2023-01-24T03:27:17.5Z,3,REGULAR,2pt,Layup,"['pointsinthepaint', 'fromturnover']",201144,87.99277266754271,43.627450980392155,1610612762,69,58,2023-01-24T03:27:22Z,3910000,False,-32.0,60.0,1,right,MISS M. Conley 6' driving Layup,[201144],1610612762.0,UTA,driving,,,Conley,M. Conley,,,,,In The Paint (Non-RA),0-8 Center,6.83,Missed,,,,,,,,,,,,,,,,,,
392,PT07M24.00S,2023-01-24T03:27:20.5Z,3,REGULAR,rebound,defensive,[],1626179,,,1610612766,69,58,2023-01-24T03:27:22Z,3920000,False,,,0,,T. Rozier REBOUND (Off:1 Def:4),[1626179],1610612766.0,CHA,,,,Rozier,T. Rozier,,,,,In The Paint (Non-RA),0-8 Center,,,391.0,5.0,4.0,1.0,,,,,,,,,,,,,,
393,PT07M19.00S,2023-01-24T03:27:26.1Z,3,REGULAR,foul,personal,['2freethrow'],1631117,,,1610612766,69,58,2023-01-24T03:27:31Z,3930000,False,,,0,,W. Kessler shooting personal FOUL (4 PF) (Rozier 2 FT),"[1631117, 1626179]",1610612762.0,UTA,shooting,,,Kessler,W. Kessler,,,,,In The Paint (Non-RA),0-8 Center,,,,,,,202049.0,,,,,,,,,,4.0,0.0,Rozier,1626179.0
395,PT07M19.00S,2023-01-24T03:27:55.9Z,3,REGULAR,freethrow,1 of 2,['fastbreak'],1626179,,,1610612766,69,59,2023-01-24T03:27:56Z,3950000,False,,,0,,T. Rozier Free Throw 1 of 2 (19 PTS),[1626179],1610612766.0,CHA,,,,Rozier,T. Rozier,,,,,,,,Made,,,,,,,19.0,,,,,,,,,,,
396,PT07M19.00S,2023-01-24T03:27:56.7Z,3,REGULAR,substitution,out,[],1631117,,,1610612766,69,59,2023-01-24T03:27:59Z,3960000,False,,,0,,SUB out: W. Kessler,[1631117],1610612762.0,UTA,,,,Kessler,W. Kessler,,,,,,,,,,,,,,,,,,,,,,,,,,
397,PT07M19.00S,2023-01-24T03:27:56.7Z,3,REGULAR,substitution,in,[],1629020,,,1610612766,69,59,2023-01-24T03:27:59Z,3970000,False,,,0,,SUB in: J. Vanderbilt,[1629020],1610612762.0,UTA,,,,Vanderbilt,J. Vanderbilt,,,,,,,,,,,,,,,,,,,,,,,,,,
398,PT07M19.00S,2023-01-24T03:28:19.9Z,3,REGULAR,freethrow,2 of 2,['fastbreak'],1626179,,,1610612766,69,60,2023-01-24T03:28:19Z,3980000,False,,,0,,T. Rozier Free Throw 2 of 2 (20 PTS),[1626179],1610612766.0,CHA,,,,Rozier,T. Rozier,,,,,,,,Made,,,,,,,20.0,,,,,,,,,,,
399,PT07M04.00S,2023-01-24T03:28:38.5Z,3,REGULAR,2pt,Jump Shot,['pointsinthepaint'],203903,82.9993429697766,48.529411764705884,1610612762,71,60,2023-01-24T03:28:44Z,3990000,False,-7.0,107.0,1,right,J. Clarkson 10' floating Jump Shot (10 PTS),[203903],1610612762.0,UTA,floating,,,Clarkson,J. Clarkson,,,,,In The Paint (Non-RA),8-16 Center,10.76,Made,,,,,,,10.0,,,,,,,,,,,
400,PT06M43.00S,2023-01-24T03:28:58.9Z,3,REGULAR,3pt,Jump Shot,[],1629667,20.18725361366623,90.44117647058823,1610612766,71,60,2023-01-24T03:29:04Z,4000000,False,-202.0,137.0,1,left,MISS J. McDaniels 24' 3PT,[1629667],1610612766.0,CHA,,,,McDaniels,J. McDaniels,,,,,Above the Break 3,24+ Left Center,24.44,Missed,,,,,,,,,,,,,,,,,,
401,PT06M38.00S,2023-01-24T03:29:03.9Z,3,REGULAR,rebound,defensive,[],1629020,,,1610612762,71,60,2023-01-24T03:29:04Z,4010000,False,,,0,,J. Vanderbilt REBOUND (Off:1 Def:3),[1629020],1610612762.0,UTA,,,,Vanderbilt,J. Vanderbilt,,,,,Above the Break 3,24+ Left Center,,,400.0,4.0,3.0,1.0,,,,,,,,,,,,,,
402,PT06M30.00S,2023-01-24T03:29:11.1Z,3,REGULAR,turnover,lost ball,[],203903,,,1610612762,71,60,2023-01-24T03:29:15Z,4020000,False,,,0,,J. Clarkson lost ball TURNOVER (2 TO),"[203903, 1626179]",1610612762.0,UTA,,,,Clarkson,J. Clarkson,,,,,Mid-Range,8-16 Right,,,,,,,,2.0,,,,,Rozier,1626179.0,,,,,,
403,PT06M30.00S,2023-01-24T03:29:11.1Z,3,REGULAR,steal,,[],1626179,,,1610612766,71,60,2023-01-24T03:29:12Z,4030000,False,,,0,,T. Rozier STEAL (1 STL),[1626179],1610612766.0,CHA,,,,Rozier,T. Rozier,,,,,Mid-Range,8-16 Right,,,,,,,,,,,,,,,,,,,,
404,PT06M27.00S,2023-01-24T03:29:14.3Z,3,REGULAR,3pt,Jump Shot,"['fromturnover', 'fastbreak']",1626179,25.04927726675427,82.59803921568627,1610612766,71,60,2023-01-24T03:30:21Z,4040000,False,-163.0,183.0,1,left,MISS T. Rozier 24' running pullup 3PT,[1626179],1610612766.0,CHA,running pullup,,,Rozier,T. Rozier,,,,,Above the Break 3,24+ Left Center,24.51,Missed,,,,,,,,,,,,,,,,,,
405,PT06M26.00S,2023-01-24T03:29:15.3Z,3,REGULAR,rebound,offensive,['team'],0,,,1610612766,71,60,2023-01-24T03:29:20Z,4050000,False,,,0,,TEAM offensive REBOUND,[],1610612766.0,CHA,,,,,,,,,,Above the Break 3,24+ Left Center,,,404.0,,,,,,,,,,,,,,,,,
406,PT06M26.00S,2023-01-24T03:29:20.1Z,3,REGULAR,foul,personal,"['2freethrow', 'inpenalty']",201144,,,1610612766,71,60,2023-01-24T03:33:16Z,4060000,False,,,0,,M. Conley loose ball personal FOUL (1 PF) (McDaniels 2 FT),"[201144, 1629667]",1610612762.0,UTA,loose ball,,,Conley,M. Conley,,,,,Restricted Area,0-8 Center,,,,,,,1628159.0,,,,,,,,,,1.0,0.0,McDaniels,1629667.0
408,PT06M26.00S,2023-01-24T03:29:41.1Z,3,REGULAR,timeout,full,"['team', 'mandatory']",0,,,1610612766,71,60,2023-01-24T03:29:59Z,4080000,False,,,0,,UTA Timeout,[],1610612762.0,UTA,,,,,,,,,,,,,,,,,,,,,,,,,,,,,,,
409,PT06M26.00S,2023-01-24T03:31:45.5Z,3,REGULAR,substitution,out,[],201144,,,1610612766,71,60,2023-01-24T03:31:58Z,4090000,False,,,0,,SUB out: M. Conley,[201144],1610612762.0,UTA,,,,Conley,M. Conley,,,,,,,,,,,,,,,,,,,,,,,,,,
410,PT06M26.00S,2023-01-24T03:31:45.5Z,3,REGULAR,substitution,out,[],1629023,,,1610612766,71,60,2023-01-24T03:31:58Z,4100000,False,,,0,,SUB out: P. Washington,[1629023],1610612766.0,CHA,,,,Washington,P. Washington,,,,,,,,,,,,,,,,,,,,,,,,,,
411,PT06M26.00S,2023-01-24T03:31:45.5Z,3,REGULAR,substitution,in,[],1629012,,,1610612766,71,60,2023-01-24T03:31:58Z,4110000,False,,,0,,SUB in: C. Sexton,[1629012],1610612762.0,UTA,,,,Sexton,C. Sexton,,,,,,,,,,,,,,,,,,,,,,,,,,
412,PT06M26.00S,2023-01-24T03:31:45.5Z,3,REGULAR,substitution,in,[],1630550,,,1610612766,71,60,2023-01-24T03:31:58Z,4120000,False,,,0,,SUB in: J. Thor,[1630550],1610612766.0,CHA,,,,Thor,J. Thor,,,,,,,,,,,,,,,,,,,,,,,,,,
413,PT06M26.00S,2023-01-24T03:32:20.7Z,3,REGULAR,foul,personal,['2freethrow'],1629020,,,1610612766,71,60,2023-01-24T03:33:16Z,4130000,False,,,0,,J. Vanderbilt personal FOUL (2 PF) (Hayward 2 FT),"[1629020, 202330]",1610612762.0,UTA,,,,Vanderbilt,J. Vanderbilt,,,,,Mid-Range,16-24 Right,,,,,,,201245.0,,,,,,,,,,2.0,0.0,Hayward,202330.0
415,PT06M26.00S,2023-01-24T03:32:50.5Z,3,REGULAR,freethrow,1 of 2,"['fromturnover', '2ndchance']",202330,,,1610612766,71,61,2023-01-24T03:32:50Z,4150000,False,,,0,,G. Hayward Free Throw 1 of 2 (6 PTS),[202330],1610612766.0,CHA,,,,Hayward,G. Hayward,,,,,,,,Made,,,,,,,6.0,,,,,,,,,,,
416,PT06M26.00S,2023-01-24T03:33:03.7Z,3,REGULAR,freethrow,2 of 2,"['fromturnover', '2ndchance']",202330,,,1610612766,71,62,2023-01-24T03:33:03Z,4160000,False,,,0,,G. Hayward Free Throw 2 of 2 (7 PTS),[202330],1610612766.0,CHA,,,,Hayward,G. Hayward,,,,,,,,Made,,,,,,,7.0,,,,,,,,,,,
417,PT06M15.00S,2023-01-24T03:33:17.9Z,3,REGULAR,foul,personal,['2freethrow'],1626179,,,1610612762,71,62,2023-01-24T03:33:26Z,4170000,False,,,0,,T. Rozier shooting personal FOUL (3 PF) (Markkanen 2 FT),"[1626179, 1628374]",1610612766.0,CHA,shooting,,,Rozier,T. Rozier,,,,,In The Paint (Non-RA),0-8 Center,,,,,,,202049.0,,,,,,,,,,3.0,0.0,Markkanen,1628374.0
419,PT06M15.00S,2023-01-24T03:33:46.0Z,3,REGULAR,freethrow,1 of 2,[],1628374,,,1610612762,72,62,2023-01-24T03:33:46Z,4190000,False,,,0,,L. Markkanen Free Throw 1 of 2 (19 PTS),[1628374],1610612762.0,UTA,,,,Markkanen,L. Markkanen,,,,,,,,Made,,,,,,,19.0,,,,,,,,,,,
420,PT06M15.00S,2023-01-24T03:33:46.5Z,3,REGULAR,substitution,out,[],202330,,,1610612762,72,62,2023-01-24T03:33:48Z,4200000,False,,,0,,SUB out: G. Hayward,[202330],1610612766.0,CHA,,,,Hayward,G. Hayward,,,,,,,,,,,,,,,,,,,,,,,,,,
421,PT06M15.00S,2023-01-24T03:33:46.5Z,3,REGULAR,substitution,in,[],1631121,,,1610612762,72,62,2023-01-24T03:33:48Z,4210000,False,,,0,,SUB in: B. McGowens,[1631121],1610612766.0,CHA,,,,McGowens,B. McGowens,,,,,,,,,,,,,,,,,,,,,,,,,,
422,PT06M15.00S,2023-01-24T03:34:04.2Z,3,REGULAR,freethrow,2 of 2,[],1628374,,,1610612762,73,62,2023-01-24T03:34:04Z,4220000,False,,,0,,L. Markkanen Free Throw 2 of 2 (20 PTS),[1628374],1610612762.0,UTA,,,,Markkanen,L. Markkanen,,,,,,,,Made,,,,,,,20.0,,,,,,,,,,,
423,PT06M05.00S,2023-01-24T03:34:18.1Z,3,REGULAR,3pt,Jump Shot,[],1626179,5.206964520367937,95.83333333333334,1610612766,73,65,2023-01-24T03:34:22Z,4230000,False,-229.0,-4.0,1,left,T. Rozier 3PT  (23 PTS) (M. Plumlee 4 AST),"[1626179, 203486]",1610612766.0,CHA,,,,Rozier,T. Rozier,,,,,Left Corner 3,24+ Left,22.92,Made,,,,,,,23.0,M. Plumlee,203486.0,4.0,,,,,,,,
425,PT05M49.00S,2023-01-24T03:34:33.0Z,3,REGULAR,2pt,Jump Shot,['pointsinthepaint'],203903,85.62746386333771,42.8921568627451,1610612762,75,65,2023-01-24T03:34:38Z,4250000,False,-36.0,83.0,1,right,J. Clarkson 8' driving floating Jump Shot (12 PTS) (C. Sexton 3 AST),"[203903, 1629012]",1610612762.0,UTA,driving floating,,,Clarkson,J. Clarkson,,,,,In The Paint (Non-RA),8-16 Center,8.99,Made,,,,,,,12.0,C. Sexton,1629012.0,3.0,,,,,,,,
427,PT05M33.00S,2023-01-24T03:34:49.9Z,3,REGULAR,2pt,Jump Shot,['pointsinthepaint'],1629667,8.09789750328515,37.00980392156863,1610612766,75,65,2023-01-24T03:34:53Z,4270000,False,65.0,24.0,1,left,MISS J. McDaniels 6' driving floating bank Shot,[1629667],1610612766.0,CHA,driving floating bank,,,McDaniels,J. McDaniels,,,,,In The Paint (Non-RA),0-8 Center,6.92,Missed,,,,,,,,,,,,,,,,,,
428,PT05M31.00S,2023-01-24T03:34:52.0Z,3,REGULAR,rebound,offensive,[],203486,,,1610612766,75,65,2023-01-24T03:34:52Z,4280000,False,,,0,,M. Plumlee REBOUND (Off:2 Def:3),[203486],1610612766.0,CHA,,,,Plumlee,M. Plumlee,,,,,In The Paint (Non-RA),0-8 Center,,,427.0,5.0,3.0,2.0,,,,,,,,,,,,,,
429,PT05M24.00S,2023-01-24T03:34:58.1Z,3,REGULAR,2pt,Layup,"['pointsinthepaint', '2ndchance']",1629667,5.075558475689881,53.18627450980392,1610612766,75,67,2023-01-24T03:35:02Z,4290000,False,-16.0,-5.0,1,left,J. McDaniels Layup (8 PTS) (M. Plumlee 5 AST),"[1629667, 203486]",1610612766.0,CHA,,,,McDaniels,J. McDaniels,,,,,Restricted Area,0-8 Center,1.66,Made,,,,,,,8.0,M. Plumlee,203486.0,5.0,,,,,,,,
431,PT05M06.00S,2023-01-24T03:35:17.1Z,3,REGULAR,2pt,Jump Shot,['pointsinthepaint'],1629012,85.62746386333771,45.83333333333333,1610612762,77,67,2023-01-24T03:35:22Z,4310000,False,-21.0,83.0,1,right,C. Sexton 8' driving floating Jump Shot (11 PTS),[1629012],1610612762.0,UTA,driving floating,,,Sexton,C. Sexton,,,,,In The Paint (Non-RA),8-16 Center,8.52,Made,,,,,,,11.0,,,,,,,,,,,
432,PT04M55.00S,2023-01-24T03:35:29.8Z,3,REGULAR,foul,personal,"['inpenalty', '2freethrow']",1628374,,,1610612766,77,67,2023-01-24T03:35:33Z,4320000,False,,,0,,L. Markkanen shooting personal FOUL (2 PF) (Plumlee 2 FT),"[1628374, 203486]",1610612762.0,UTA,shooting,,,Markkanen,L. Markkanen,,,,,Restricted Area,0-8 Center,,,,,,,202049.0,,,,,,,,,,2.0,0.0,Plumlee,203486.0
434,PT04M55.00S,2023-01-24T03:35:51.4Z,3,REGULAR,freethrow,1 of 2,[],203486,,,1610612766,77,68,2023-01-24T03:35:51Z,4340000,False,,,0,,M. Plumlee Free Throw 1 of 2 (11 PTS),[203486],1610612766.0,CHA,,,,Plumlee,M. Plumlee,,,,,,,,Made,,,,,,,11.0,,,,,,,,,,,
435,PT04M55.00S,2023-01-24T03:35:52.0Z,3,REGULAR,substitution,out,[],1627736,,,1610612766,77,68,2023-01-24T03:36:06Z,4350000,False,,,0,,SUB out: M. Beasley,[1627736],1610612762.0,UTA,,,,Beasley,M. Beasley,,,,,,,,,,,,,,,,,,,,,,,,,,
436,PT04M55.00S,2023-01-24T03:35:52.0Z,3,REGULAR,substitution,out,[],1628374,,,1610612766,77,68,2023-01-24T03:36:06Z,4360000,False,,,0,,SUB out: L. Markkanen,[1628374],1610612762.0,UTA,,,,Markkanen,L. Markkanen,,,,,,,,,,,,,,,,,,,,,,,,,,
437,PT04M55.00S,2023-01-24T03:35:52.0Z,3,REGULAR,substitution,out,[],1629667,,,1610612766,77,68,2023-01-24T03:36:06Z,4370000,False,,,0,,SUB out: J. McDaniels,[1629667],1610612766.0,CHA,,,,McDaniels,J. McDaniels,,,,,,,,,,,,,,,,,,,,,,,,,,
438,PT04M55.00S,2023-01-24T03:35:52.0Z,3,REGULAR,substitution,in,[],1630534,,,1610612766,77,68,2023-01-24T03:36:06Z,4380000,False,,,0,,SUB in: O. Agbaji,[1630534],1610612762.0,UTA,,,,Agbaji,O. Agbaji,,,,,,,,,,,,,,,,,,,,,,,,,,
439,PT04M55.00S,2023-01-24T03:35:52.0Z,3,REGULAR,substitution,in,[],200752,,,1610612766,77,68,2023-01-24T03:36:06Z,4390000,False,,,0,,SUB in: R. Gay,[200752],1610612762.0,UTA,,,,Gay,R. Gay,,,,,,,,,,,,,,,,,,,,,,,,,,
440,PT04M55.00S,2023-01-24T03:35:52.0Z,3,REGULAR,substitution,in,[],1628372,,,1610612766,77,68,2023-01-24T03:36:06Z,4400000,False,,,0,,SUB in: D. Smith Jr.,[1628372],1610612766.0,CHA,,,,Smith Jr.,D. Smith Jr.,,,,,,,,,,,,,,,,,,,,,,,,,,
441,PT04M55.00S,2023-01-24T03:36:26.3Z,3,REGULAR,freethrow,2 of 2,[],203486,,,1610612766,77,69,2023-01-24T03:36:26Z,4410000,False,,,0,,M. Plumlee Free Throw 2 of 2 (12 PTS),[203486],1610612766.0,CHA,,,,Plumlee,M. Plumlee,,,,,,,,Made,,,,,,,12.0,,,,,,,,,,,
442,PT04M42.00S,2023-01-24T03:36:42.3Z,3,REGULAR,2pt,Layup,['pointsinthepaint'],203903,92.06636005256242,55.392156862745104,1610612762,79,69,2023-01-24T03:36:46Z,4420000,False,27.0,22.0,1,right,J. Clarkson driving Layup (14 PTS),[203903],1610612762.0,UTA,driving,,,Clarkson,J. Clarkson,,,,,Restricted Area,0-8 Center,3.49,Made,,,,,,,14.0,,,,,,,,,,,
443,PT04M32.00S,2023-01-24T03:36:52.6Z,3,REGULAR,3pt,Jump Shot,[],1626179,25.443495400788436,85.7843137254902,1610612766,79,69,2023-01-24T03:37:02Z,4430000,False,-179.0,187.0,1,left,MISS T. Rozier 25' step back 3PT,[1626179],1610612766.0,CHA,step back,,,Rozier,T. Rozier,,,,,Above the Break 3,24+ Left Center,25.86,Missed,,,,,,,,,,,,,,,,,,
444,PT04M27.00S,2023-01-24T03:36:57.6Z,3,REGULAR,rebound,offensive,[],203486,,,1610612766,79,69,2023-01-24T03:36:58Z,4440000,False,,,0,,M. Plumlee REBOUND (Off:3 Def:3),[203486],1610612766.0,CHA,,,,Plumlee,M. Plumlee,,,,,Above the Break 3,24+ Left Center,,,443.0,6.0,3.0,3.0,,,,,,,,,,,,,,
445,PT04M27.00S,2023-01-24T03:36:56.7Z,3,REGULAR,2pt,Layup,"['pointsinthepaint', '2ndchance']",203486,5.590000152587891,50.0,1610612766,79,71,2023-01-24T03:36:56Z,4450000,False,0.0,0.0,1,left,M. Plumlee tip Layup (14 PTS),[203486],1610612766.0,CHA,tip,,,Plumlee,M. Plumlee,,,,,Mid-Range,8-16 Left,0.0,Made,,,,,,,14.0,,,,,,,,,,,
446,PT04M16.00S,2023-01-24T03:37:10.2Z,3,REGULAR,turnover,traveling,[],203903,,,1610612762,79,71,2023-01-24T03:37:15Z,4460000,False,,,0,,J. Clarkson traveling TURNOVER (3 TO),[203903],1610612762.0,UTA,,,,Clarkson,J. Clarkson,,,,,Mid-Range,16-24 Center,,,,,,,201245.0,3.0,,,,,,,,,,,,
447,PT04M10.00S,2023-01-24T03:37:22.4Z,3,REGULAR,2pt,Layup,"['pointsinthepaint', 'fromturnover']",1631121,6.258212877792378,39.46078431372549,1610612766,79,71,2023-01-24T03:37:28Z,4470000,False,53.0,6.0,1,left,MISS B. McGowens alley-oop Layup,[1631121],1610612766.0,CHA,alley-oop,,,McGowens,B. McGowens,,,,,In The Paint (Non-RA),0-8 Center,5.31,Missed,,,,,,,,,,,,,,,,,,
448,PT04M05.00S,2023-01-24T03:37:27.4Z,3,REGULAR,rebound,offensive,[],1631121,,,1610612766,79,71,2023-01-24T03:37:28Z,4480000,False,,,0,,B. McGowens REBOUND (Off:1 Def:1),[1631121],1610612766.0,CHA,,,,McGowens,B. McGowens,,,,,In The Paint (Non-RA),0-8 Center,,,447.0,2.0,1.0,1.0,,,,,,,,,,,,,,
449,PT04M05.00S,2023-01-24T03:37:27.7Z,3,REGULAR,2pt,Layup,"['2ndchance', 'pointsinthepaint', 'fromturnover']",1631121,5.590000152587891,50.0,1610612766,79,71,2023-01-24T03:38:10Z,4490000,False,0.0,0.0,1,left,MISS B. McGowens tip Layup,[1631121],1610612766.0,CHA,tip,,,McGowens,B. McGowens,,,,,Restricted Area,0-8 Center,0.0,Missed,,,,,,,,,,,,,,,,,,
450,PT04M05.00S,2023-01-24T03:37:27.7Z,3,REGULAR,rebound,defensive,[],200752,,,1610612762,79,71,2023-01-24T03:38:10Z,4500000,False,,,0,,R. Gay REBOUND (Off:0 Def:2),[200752],1610612762.0,UTA,,,,Gay,R. Gay,,,,,Restricted Area,0-8 Center,,,449.0,2.0,2.0,0.0,,,,,,,,,,,,,,
451,PT04M01.00S,2023-01-24T03:37:31.7Z,3,REGULAR,2pt,DUNK,"['pointsinthepaint', 'fastbreak']",1630534,92.59198423127464,53.92156862745098,1610612762,79,71,2023-01-24T03:37:44Z,4510000,False,20.0,17.0,1,right,MISS O. Agbaji running DUNK,[1630534],1610612762.0,UTA,running,,,Agbaji,O. Agbaji,,,,,Restricted Area,0-8 Center,2.6,Missed,,,,,,,,,,,,,,,,,,
452,PT03M57.00S,2023-01-24T03:37:35.7Z,3,REGULAR,rebound,defensive,[],1631121,,,1610612766,79,71,2023-01-24T03:37:44Z,4520000,False,,,0,,B. McGowens REBOUND (Off:1 Def:2),[1631121],1610612766.0,CHA,,,,McGowens,B. McGowens,,,,,Restricted Area,0-8 Center,,,451.0,3.0,2.0,1.0,,,,,,,,,,,,,,
453,PT03M54.00S,2023-01-24T03:37:38.4Z,3,REGULAR,2pt,Layup,"['pointsinthepaint', 'fastbreak']",1626179,6.652431011826544,44.36274509803921,1610612766,79,71,2023-01-24T03:38:11Z,4530000,False,28.0,10.0,1,left,MISS T. Rozier running Layup,[1626179],1610612766.0,CHA,running,,,Rozier,T. Rozier,,,,,Restricted Area,0-8 Center,2.99,Missed,,,,,,,,,,,,,,,,,,
454,PT03M54.00S,2023-01-24T03:37:38.4Z,3,REGULAR,rebound,defensive,[],200752,,,1610612762,79,71,2023-01-24T03:38:14Z,4540000,False,,,0,,R. Gay REBOUND (Off:0 Def:3),[200752],1610612762.0,UTA,,,,Gay,R. Gay,,,,,Restricted Area,0-8 Center,,,453.0,3.0,3.0,0.0,,,,,,,,,,,,,,
455,PT03M54.00S,2023-01-24T03:37:46.4Z,3,REGULAR,timeout,full,"['team', 'mandatory']",0,,,1610612762,79,71,2023-01-24T03:37:46Z,4550000,False,,,0,,UTA Timeout,[],1610612762.0,UTA,,,,,,,,,,,,,,,,,,,,,,,,,,,,,,,
457,PT03M54.00S,2023-01-24T03:40:11.7Z,3,REGULAR,substitution,out,[],1630534,,,1610612762,79,71,2023-01-24T03:40:20Z,4560000,False,,,0,,SUB out: O. Agbaji,[1630534],1610612762.0,UTA,,,,Agbaji,O. Agbaji,,,,,,,,,,,,,,,,,,,,,,,,,,
458,PT03M54.00S,2023-01-24T03:40:11.7Z,3,REGULAR,substitution,out,[],203486,,,1610612762,79,71,2023-01-24T03:40:20Z,4570000,False,,,0,,SUB out: M. Plumlee,[203486],1610612766.0,CHA,,,,Plumlee,M. Plumlee,,,,,,,,,,,,,,,,,,,,,,,,,,
459,PT03M54.00S,2023-01-24T03:40:11.7Z,3,REGULAR,substitution,in,[],1629659,,,1610612762,79,71,2023-01-24T03:40:20Z,4580000,False,,,0,,SUB in: T. Horton-Tucker,[1629659],1610612762.0,UTA,,,,Horton-Tucker,T. Horton-Tucker,,,,,,,,,,,,,,,,,,,,,,,,,,
460,PT03M54.00S,2023-01-24T03:40:11.7Z,3,REGULAR,substitution,in,[],1631109,,,1610612762,79,71,2023-01-24T03:40:20Z,4590000,False,,,0,,SUB in: M. Williams,[1631109],1610612766.0,CHA,,,,Williams,M. Williams,,,,,,,,,,,,,,,,,,,,,,,,,,
461,PT03M39.00S,2023-01-24T03:40:51.6Z,3,REGULAR,2pt,Jump Shot,['pointsinthepaint'],203903,92.46057818659659,63.23529411764706,1610612762,81,71,2023-01-24T03:41:02Z,4600000,False,66.0,18.0,1,right,J. Clarkson 6' turnaround Jump Shot (16 PTS),[203903],1610612762.0,UTA,turnaround,,,Clarkson,J. Clarkson,,,,,In The Paint (Non-RA),0-8 Center,6.87,Made,,,,,,,16.0,,,,,,,,,,,
462,PT03M15.00S,2023-01-24T03:41:16.1Z,3,REGULAR,2pt,DUNK,['pointsinthepaint'],1628372,6.1268068331143235,40.931372549019606,1610612766,81,73,2023-01-24T03:41:24Z,4610000,False,45.0,5.0,1,left,D. Smith Jr. cutting DUNK (6 PTS) (T. Rozier 2 AST),"[1628372, 1626179]",1610612766.0,CHA,cutting,,,Smith Jr.,D. Smith Jr.,,,,,In The Paint (Non-RA),0-8 Center,4.56,Made,,,,,,,6.0,T. Rozier,1626179.0,2.0,,,,,,,,
464,PT03M07.00S,2023-01-24T03:41:27.7Z,3,REGULAR,foul,personal,[],1631109,,,1610612762,81,73,2023-01-24T03:41:33Z,4630000,False,,,0,,M. Williams personal FOUL (1 PF),"[1631109, 1629012]",1610612766.0,CHA,,,,Williams,M. Williams,,,,,In The Paint (Non-RA),8-16 Right,,,,,,,202049.0,,,,,,,,,,1.0,0.0,Sexton,1629012.0
466,PT02M58.00S,2023-01-24T03:41:52.2Z,3,REGULAR,2pt,Jump Shot,[],203903,92.06636005256242,28.921568627450984,1610612762,83,73,2023-01-24T03:41:59Z,4650000,False,-105.0,22.0,1,right,J. Clarkson 10' pullup Jump Shot (18 PTS) (T. Horton-Tucker 3 AST),"[203903, 1629659]",1610612762.0,UTA,pullup,,,Clarkson,J. Clarkson,,,,,Mid-Range,8-16 Left,10.77,Made,,,,,,,18.0,T. Horton-Tucker,1629659.0,3.0,,,,,,,,
468,PT02M42.00S,2023-01-24T03:42:10.1Z,3,REGULAR,foul,personal,"['inpenalty', '2freethrow']",203903,,,1610612766,83,73,2023-01-24T03:42:15Z,4670000,False,,,0,,J. Clarkson personal FOUL (2 PF) (Williams 2 FT),"[203903, 1631109]",1610612762.0,UTA,,,,Clarkson,J. Clarkson,,,,,In The Paint (Non-RA),0-8 Center,,,,,,,202049.0,,,,,,,,,,2.0,0.0,Williams,1631109.0
470,PT02M42.00S,2023-01-24T03:42:32.7Z,3,REGULAR,freethrow,1 of 2,[],1631109,,,1610612766,83,73,2023-01-24T03:42:32Z,4690000,False,,,0,,MISS M. Williams Free Throw 1 of 2,[1631109],1610612766.0,CHA,,,,Williams,M. Williams,,,,,,,,Missed,,,,,,,,,,,,,,,,,,
471,PT02M42.00S,2023-01-24T03:42:32.7Z,3,REGULAR,rebound,offensive,"['deadball', 'team']",0,,,1610612766,83,73,2023-01-24T03:42:32Z,4700000,False,,,0,,TEAM offensive REBOUND,[],1610612766.0,CHA,,,,,,,,,,,,,,470.0,,,,,,,,,,,,,,,,,
472,PT02M42.00S,2023-01-24T03:42:48.2Z,3,REGULAR,freethrow,2 of 2,[],1631109,,,1610612766,83,74,2023-01-24T03:42:48Z,4710000,False,,,0,,M. Williams Free Throw 2 of 2 (11 PTS),[1631109],1610612766.0,CHA,,,,Williams,M. Williams,,,,,,,,Made,,,,,,,11.0,,,,,,,,,,,
473,PT02M26.00S,2023-01-24T03:43:08.2Z,3,REGULAR,2pt,DUNK,['pointsinthepaint'],200752,92.9862023653088,54.90196078431373,1610612762,83,74,2023-01-24T03:43:12Z,4720000,False,25.0,13.0,1,right,MISS R. Gay driving reverse DUNK,[200752],1610612762.0,UTA,driving reverse,,,Gay,R. Gay,,,,,Restricted Area,0-8 Center,2.79,Missed,,,,,,,,,,,,,,,,,,
474,PT02M24.00S,2023-01-24T03:43:10.2Z,3,REGULAR,rebound,offensive,[],200752,,,1610612762,83,74,2023-01-24T03:43:12Z,4730000,False,,,0,,R. Gay REBOUND (Off:1 Def:3),[200752],1610612762.0,UTA,,,,Gay,R. Gay,,,,,Restricted Area,0-8 Center,,,473.0,4.0,3.0,1.0,,,,,,,,,,,,,,
475,PT02M23.00S,2023-01-24T03:43:10.3Z,3,REGULAR,2pt,DUNK,"['pointsinthepaint', '2ndchance']",200752,92.85479632063075,53.92156862745098,1610612762,85,74,2023-01-24T03:43:16Z,4740000,False,20.0,15.0,1,right,R. Gay putback DUNK (2 PTS),[200752],1610612762.0,UTA,putback,,,Gay,R. Gay,,,,,Restricted Area,0-8 Center,2.45,Made,,,,,,,2.0,,,,,,,,,,,
476,PT02M10.00S,2023-01-24T03:43:22.9Z,3,REGULAR,2pt,Jump Shot,['pointsinthepaint'],1628372,6.915243101182654,62.745098039215684,1610612766,85,74,2023-01-24T03:43:26Z,4750000,False,-64.0,13.0,1,left,MISS D. Smith Jr. 6' driving floating Shot,[1628372],1610612766.0,CHA,driving floating,,,Smith Jr.,D. Smith Jr.,,,,,In The Paint (Non-RA),0-8 Center,6.49,Missed,,,,,,,,,,,,,,,,,,
477,PT02M08.00S,2023-01-24T03:43:24.9Z,3,REGULAR,rebound,defensive,[],200752,,,1610612762,85,74,2023-01-24T03:43:26Z,4760000,False,,,0,,R. Gay REBOUND (Off:1 Def:4),[200752],1610612762.0,UTA,,,,Gay,R. Gay,,,,,In The Paint (Non-RA),0-8 Center,,,476.0,5.0,4.0,1.0,,,,,,,,,,,,,,
478,PT02M00.00S,2023-01-24T03:43:33.9Z,3,REGULAR,2pt,DUNK,['pointsinthepaint'],1629659,93.11760840998686,57.59803921568627,1610612762,87,74,2023-01-24T03:43:38Z,4770000,False,38.0,12.0,1,right,T. Horton-Tucker driving DUNK (4 PTS) (J. Clarkson 2 AST),"[1629659, 203903]",1610612762.0,UTA,driving,,,Horton-Tucker,T. Horton-Tucker,,,,,Restricted Area,0-8 Center,3.99,Made,,,,,,,4.0,J. Clarkson,203903.0,2.0,,,,,,,,
480,PT01M59.00S,2023-01-24T03:43:40.1Z,3,REGULAR,timeout,full,['team'],0,,,1610612766,87,74,2023-01-24T03:43:40Z,4790000,False,,,0,,CHA Timeout,[],1610612766.0,CHA,,,,,,,,,,,,,,,,,,,,,,,,,,,,,,,
481,PT01M59.00S,2023-01-24T03:45:10.2Z,3,REGULAR,substitution,out,[],1630550,,,1610612766,87,74,2023-01-24T03:45:12Z,4800000,False,,,0,,SUB out: J. Thor,[1630550],1610612766.0,CHA,,,,Thor,J. Thor,,,,,,,,,,,,,,,,,,,,,,,,,,
482,PT01M59.00S,2023-01-24T03:45:10.2Z,3,REGULAR,substitution,in,[],1629667,,,1610612766,87,74,2023-01-24T03:45:12Z,4810000,False,,,0,,SUB in: J. McDaniels,[1629667],1610612766.0,CHA,,,,McDaniels,J. McDaniels,,,,,,,,,,,,,,,,,,,,,,,,,,
483,PT01M47.00S,2023-01-24T03:45:33.6Z,3,REGULAR,2pt,Jump Shot,[],1626179,7.178055190538765,33.57843137254902,1610612766,87,74,2023-01-24T03:45:43Z,4820000,False,82.0,15.0,1,left,MISS T. Rozier 8' pullup Shot,[1626179],1610612766.0,CHA,pullup,,,Rozier,T. Rozier,,,,,Mid-Range,8-16 Right,8.35,Missed,,,,,,,,,,,,,,,,,,
484,PT01M42.00S,2023-01-24T03:45:38.6Z,3,REGULAR,rebound,offensive,[],1631109,,,1610612766,87,74,2023-01-24T03:45:43Z,4830000,False,,,0,,M. Williams REBOUND (Off:3 Def:0),[1631109],1610612766.0,CHA,,,,Williams,M. Williams,,,,,Mid-Range,8-16 Right,,,483.0,3.0,0.0,3.0,,,,,,,,,,,,,,
485,PT01M42.00S,2023-01-24T03:45:37.9Z,3,REGULAR,2pt,Layup,"['pointsinthepaint', '2ndchance']",1631109,5.590000152587891,50.0,1610612766,87,74,2023-01-24T03:45:37Z,4840000,False,0.0,0.0,1,left,MISS M. Williams tip Layup,[1631109],1610612766.0,CHA,tip,,,Williams,M. Williams,,,,,Mid-Range,8-16 Left,0.0,Missed,,,,,,,,,,,,,,,,,,
486,PT01M39.00S,2023-01-24T03:45:40.3Z,3,REGULAR,rebound,defensive,[],1629020,,,1610612762,87,74,2023-01-24T03:45:40Z,4850000,False,,,0,,J. Vanderbilt REBOUND (Off:1 Def:4),[1629020],1610612762.0,UTA,,,,Vanderbilt,J. Vanderbilt,,,,,Mid-Range,8-16 Left,,,485.0,5.0,4.0,1.0,,,,,,,,,,,,,,
488,PT01M34.00S,2023-01-24T03:46:11.2Z,3,REGULAR,foul,personal,['2freethrow'],1629667,,,1610612762,87,74,2023-01-24T03:46:19Z,4870000,False,,,0,,J. McDaniels shooting personal FOUL (3 PF) (Gay 2 FT),"[1629667, 200752]",1610612766.0,CHA,shooting,,,McDaniels,J. McDaniels,,,,,Restricted Area,0-8 Center,,,,,,,1628159.0,,,,,,,,,,3.0,0.0,Gay,200752.0
490,PT01M34.00S,2023-01-24T03:46:37.0Z,3,REGULAR,freethrow,1 of 2,[],200752,,,1610612762,88,74,2023-01-24T03:46:37Z,4890000,False,,,0,,R. Gay Free Throw 1 of 2 (3 PTS),[200752],1610612762.0,UTA,,,,Gay,R. Gay,,,,,,,,Made,,,,,,,3.0,,,,,,,,,,,
491,PT01M34.00S,2023-01-24T03:46:54.7Z,3,REGULAR,freethrow,2 of 2,[],200752,,,1610612762,89,74,2023-01-24T03:46:54Z,4900000,False,,,0,,R. Gay Free Throw 2 of 2 (4 PTS),[200752],1610612762.0,UTA,,,,Gay,R. Gay,,,,,,,,Made,,,,,,,4.0,,,,,,,,,,,
492,PT01M24.00S,2023-01-24T03:47:12.0Z,3,REGULAR,foul,offensive,[],1631109,,,1610612766,89,74,2023-01-24T03:47:25Z,4910000,False,,,0,,M. Williams offensive FOUL (2 PF),"[1631109, 1629012]",1610612766.0,CHA,,,,Williams,M. Williams,,,,,Above the Break 3,24+ Right Center,,,,,,,202049.0,,,,,,,,,,2.0,0.0,Sexton,1629012.0
494,PT01M24.00S,2023-01-24T03:47:12.0Z,3,REGULAR,turnover,offensive foul,[],1631109,,,1610612766,89,74,2023-01-24T03:47:12Z,4930000,False,,,0,,M. Williams offensive foul TURNOVER (1 TO),[1631109],1610612766.0,CHA,,,,Williams,M. Williams,,,,,Above the Break 3,24+ Right Center,,,,,,,202049.0,1.0,,,,,,,,,,,,
495,PT01M24.00S,2023-01-24T03:47:35.5Z,3,REGULAR,timeout,full,['team'],0,,,1610612762,89,74,2023-01-24T03:47:35Z,4940000,False,,,0,,CHA Timeout,[],1610612766.0,CHA,,,,,,,,,,,,,,,,,,,,,,,,,,,,,,,
497,PT01M11.00S,2023-01-24T03:50:46.3Z,3,REGULAR,3pt,Jump Shot,['fromturnover'],200752,92.72339027595268,2.696078431372549,1610612762,89,74,2023-01-24T03:50:52Z,4960000,False,-237.0,16.0,1,right,MISS R. Gay 3PT,[200752],1610612762.0,UTA,,,,Gay,R. Gay,,,,,Left Corner 3,24+ Left,23.7,Missed,,,,,,,,,,,,,,,,,,
498,PT01M07.00S,2023-01-24T03:50:50.3Z,3,REGULAR,rebound,defensive,[],1628372,,,1610612766,89,74,2023-01-24T03:50:51Z,4970000,False,,,0,,D. Smith Jr. REBOUND (Off:0 Def:2),[1628372],1610612766.0,CHA,,,,Smith Jr.,D. Smith Jr.,,,,,Left Corner 3,24+ Left,,,497.0,2.0,2.0,0.0,,,,,,,,,,,,,,
499,PT01M03.00S,2023-01-24T03:50:54.5Z,3,REGULAR,2pt,Layup,"['pointsinthepaint', 'fastbreak']",1628372,6.521024967148489,53.67647058823529,1610612766,89,76,2023-01-24T03:50:59Z,4980000,False,-18.0,9.0,1,left,D. Smith Jr. running Layup (8 PTS),[1628372],1610612766.0,CHA,running,,,Smith Jr.,D. Smith Jr.,,,,,Restricted Area,0-8 Center,2.04,Made,,,,,,,8.0,,,,,,,,,,,
500,PT00M44.30S,2023-01-24T03:51:14.3Z,3,REGULAR,2pt,Layup,['pointsinthepaint'],1629012,89.56964520367937,50.245098039215684,1610612762,89,76,2023-01-24T03:51:21Z,4990000,False,1.0,46.0,1,right,MISS C. Sexton driving Layup - blocked,"[1629012, 1631109]",1610612762.0,UTA,driving,,,Sexton,C. Sexton,,,,,In The Paint (Non-RA),0-8 Center,4.55,Missed,,,,,,,,,,,,,Williams,1631109.0,,,,
501,PT00M44.30S,2023-01-24T03:51:14.3Z,3,REGULAR,block,,[],1631109,,,1610612762,89,76,2023-01-24T03:51:16Z,5000000,False,,,0,,M. Williams BLOCK (1 BLK),[1631109],1610612766.0,CHA,,,,Williams,M. Williams,,,,,In The Paint (Non-RA),0-8 Center,,,,,,,,,,,,,,,,,,,,
502,PT00M41.60S,2023-01-24T03:51:17.0Z,3,REGULAR,rebound,defensive,[],1629667,,,1610612766,89,76,2023-01-24T03:51:21Z,5010000,False,,,0,,J. McDaniels REBOUND (Off:1 Def:7),[1629667],1610612766.0,CHA,,,,McDaniels,J. McDaniels,,,,,In The Paint (Non-RA),0-8 Center,,,500.0,8.0,7.0,1.0,,,,,,,,,,,,,,
503,PT00M36.40S,2023-01-24T03:51:22.6Z,3,REGULAR,2pt,Jump Shot,"['pointsinthepaint', 'fastbreak']",1628372,12.565703022339028,55.63725490196079,1610612766,89,78,2023-01-24T03:51:32Z,5020000,False,-28.0,66.0,1,left,D. Smith Jr. 7' floating Jump Shot (10 PTS) (J. McDaniels 3 AST),"[1628372, 1629667]",1610612766.0,CHA,floating,,,Smith Jr.,D. Smith Jr.,,,,,In The Paint (Non-RA),0-8 Center,7.14,Made,,,,,,,10.0,J. McDaniels,1629667.0,3.0,,,,,,,,
504,PT00M12.60S,2023-01-24T03:51:48.5Z,3,REGULAR,2pt,Jump Shot,[],1629012,84.44480946123521,18.627450980392158,1610612762,89,78,2023-01-24T03:51:56Z,5030000,False,-157.0,94.0,1,right,MISS C. Sexton 18' pullup Shot,[1629012],1610612762.0,UTA,pullup,,,Sexton,C. Sexton,,,,,Mid-Range,16-24 Left,18.27,Missed,,,,,,,,,,,,,,,,,,
505,PT00M10.40S,2023-01-24T03:51:50.7Z,3,REGULAR,rebound,defensive,[],1629667,,,1610612766,89,78,2023-01-24T03:51:56Z,5040000,False,,,0,,J. McDaniels REBOUND (Off:1 Def:8),[1629667],1610612766.0,CHA,,,,McDaniels,J. McDaniels,,,,,Mid-Range,16-24 Left,,,504.0,9.0,8.0,1.0,,,,,,,,,,,,,,
506,PT00M07.90S,2023-01-24T03:51:55.8Z,3,REGULAR,foul,personal,"['inpenalty', '2freethrow']",200752,,,1610612766,89,78,2023-01-24T03:52:01Z,5050000,False,,,0,,R. Gay shooting personal FOUL (2 PF) (McDaniels 2 FT),"[200752, 1629667]",1610612762.0,UTA,shooting,,,Gay,R. Gay,,,,,In The Paint (Non-RA),0-8 Center,,,,,,,1628159.0,,,,,,,,,,2.0,0.0,McDaniels,1629667.0
509,PT00M07.90S,2023-01-24T03:52:25.4Z,3,REGULAR,freethrow,1 of 2,['fastbreak'],1629667,,,1610612766,89,78,2023-01-24T03:52:25Z,5070000,False,,,0,,MISS J. McDaniels Free Throw 1 of 2,[1629667],1610612766.0,CHA,,,,McDaniels,J. McDaniels,,,,,,,,Missed,,,,,,,,,,,,,,,,,,
510,PT00M07.90S,2023-01-24T03:52:25.4Z,3,REGULAR,rebound,offensive,"['deadball', 'team']",0,,,1610612766,89,78,2023-01-24T03:52:25Z,5080000,False,,,0,,TEAM offensive REBOUND,[],1610612766.0,CHA,,,,,,,,,,,,,,509.0,,,,,,,,,,,,,,,,,
511,PT00M07.90S,2023-01-24T03:52:41.2Z,3,REGULAR,freethrow,2 of 2,['fastbreak'],1629667,,,1610612766,89,79,2023-01-24T03:52:41Z,5090000,False,,,0,,J. McDaniels Free Throw 2 of 2 (9 PTS),[1629667],1610612766.0,CHA,,,,McDaniels,J. McDaniels,,,,,,,,Made,,,,,,,9.0,,,,,,,,,,,
512,PT00M01.70S,2023-01-24T03:52:56.9Z,3,REGULAR,2pt,Layup,['pointsinthepaint'],203903,92.59198423127464,49.50980392156863,1610612762,89,79,2023-01-24T03:53:04Z,5100000,False,-2.0,17.0,1,right,MISS J. Clarkson driving Layup - blocked,"[203903, 1629667]",1610612762.0,UTA,driving,,,Clarkson,J. Clarkson,,,,,Restricted Area,0-8 Center,1.73,Missed,,,,,,,,,,,,,McDaniels,1629667.0,,,,
513,PT00M01.70S,2023-01-24T03:52:56.9Z,3,REGULAR,block,,[],1629667,,,1610612762,89,79,2023-01-24T03:52:59Z,5110000,False,,,0,,J. McDaniels BLOCK (1 BLK),[1629667],1610612766.0,CHA,,,,McDaniels,J. McDaniels,,,,,Restricted Area,0-8 Center,,,,,,,,,,,,,,,,,,,,
514,PT00M01.70S,2023-01-24T03:52:56.9Z,3,REGULAR,rebound,offensive,['team'],0,,,1610612762,89,79,2023-01-24T03:53:04Z,5120000,False,,,0,,TEAM offensive REBOUND,[],1610612762.0,UTA,,,,,,,,,,Restricted Area,0-8 Center,,,512.0,,,,,,,,,,,,,,,,,
516,PT00M00.00S,2023-01-24T03:53:13.9Z,3,REGULAR,period,end,[],0,,,1610612762,89,79,2023-01-24T03:53:13Z,5140000,False,,,0,,Period End,[],,,,,,,,,,,,,,,,,,,,,,,,,,,,,,,,,
518,PT12M00.00S,2023-01-24T03:55:34.4Z,4,REGULAR,substitution,out,['startperiod'],1629012,,,1610612762,89,79,2023-01-24T03:55:56Z,5160000,False,,,0,,SUB out: C. Sexton,[1629012],1610612762.0,UTA,,,,Sexton,C. Sexton,,,,,,,,,,,,,,,,,,,,,,,,,,
519,PT12M00.00S,2023-01-24T03:55:34.4Z,4,REGULAR,substitution,out,['startperiod'],200752,,,1610612762,89,79,2023-01-24T03:55:56Z,5170000,False,,,0,,SUB out: R. Gay,[200752],1610612762.0,UTA,,,,Gay,R. Gay,,,,,,,,,,,,,,,,,,,,,,,,,,
520,PT12M00.00S,2023-01-24T03:55:34.4Z,4,REGULAR,substitution,out,['startperiod'],1626179,,,1610612762,89,79,2023-01-24T03:55:56Z,5180000,False,,,0,,SUB out: T. Rozier,[1626179],1610612766.0,CHA,,,,Rozier,T. Rozier,,,,,,,,,,,,,,,,,,,,,,,,,,
521,PT12M00.00S,2023-01-24T03:55:34.4Z,4,REGULAR,substitution,out,['startperiod'],1631121,,,1610612762,89,79,2023-01-24T03:55:56Z,5190000,False,,,0,,SUB out: B. McGowens,[1631121],1610612766.0,CHA,,,,McGowens,B. McGowens,,,,,,,,,,,,,,,,,,,,,,,,,,
522,PT12M00.00S,2023-01-24T03:55:34.4Z,4,REGULAR,substitution,in,['startperiod'],201144,,,1610612762,89,79,2023-01-24T03:55:56Z,5200000,False,,,0,,SUB in: M. Conley,[201144],1610612762.0,UTA,,,,Conley,M. Conley,,,,,,,,,,,,,,,,,,,,,,,,,,
523,PT12M00.00S,2023-01-24T03:55:34.4Z,4,REGULAR,substitution,in,['startperiod'],1628374,,,1610612762,89,79,2023-01-24T03:55:56Z,5210000,False,,,0,,SUB in: L. Markkanen,[1628374],1610612762.0,UTA,,,,Markkanen,L. Markkanen,,,,,,,,,,,,,,,,,,,,,,,,,,
524,PT12M00.00S,2023-01-24T03:55:34.4Z,4,REGULAR,substitution,in,['startperiod'],1630534,,,1610612762,89,79,2023-01-24T03:55:56Z,5220000,False,,,0,,SUB in: O. Agbaji,[1630534],1610612762.0,UTA,,,,Agbaji,O. Agbaji,,,,,,,,,,,,,,,,,,,,,,,,,,
525,PT12M00.00S,2023-01-24T03:55:34.4Z,4,REGULAR,substitution,in,['startperiod'],1629023,,,1610612762,89,79,2023-01-24T03:55:56Z,5230000,False,,,0,,SUB in: P. Washington,[1629023],1610612766.0,CHA,,,,Washington,P. Washington,,,,,,,,,,,,,,,,,,,,,,,,,,
526,PT12M00.00S,2023-01-24T03:55:34.4Z,4,REGULAR,substitution,in,['startperiod'],202330,,,1610612762,89,79,2023-01-24T03:55:56Z,5240000,False,,,0,,SUB in: G. Hayward,[202330],1610612766.0,CHA,,,,Hayward,G. Hayward,,,,,,,,,,,,,,,,,,,,,,,,,,
530,PT12M00.00S,2023-01-24T03:55:34.4Z,4,REGULAR,substitution,out,['startperiod'],203903,,,1610612762,89,79,2023-01-24T03:56:19Z,5245000,False,,,0,,SUB out: J. Clarkson,[203903],1610612762.0,UTA,,,,Clarkson,J. Clarkson,,,,,,,,,,,,,,,,,,,,,,,,,,
527,PT12M00.00S,2023-01-24T03:55:59.5Z,4,REGULAR,period,start,[],0,,,1610612762,89,79,2023-01-24T03:55:59Z,5250000,False,,,0,,Period Start,[],,,,,,,,,,,,,,,,,,,,,,,,,,,,,,,,,
528,PT11M49.00S,2023-01-24T03:56:09.6Z,4,REGULAR,2pt,Layup,['pointsinthepaint'],1629659,92.06636005256242,54.90196078431373,1610612762,91,79,2023-01-24T03:56:16Z,5260000,False,25.0,22.0,1,right,T. Horton-Tucker driving reverse Layup (6 PTS) (M. Conley 1 AST),"[1629659, 201144]",1610612762.0,UTA,driving reverse,,,Horton-Tucker,T. Horton-Tucker,,,,,Restricted Area,0-8 Center,3.3,Made,,,,,,,6.0,M. Conley,201144.0,1.0,,,,,,,,
531,PT11M30.00S,2023-01-24T03:56:27.9Z,4,REGULAR,2pt,Jump Shot,['pointsinthepaint'],1629023,13.222733245729303,58.82352941176471,1610612766,91,79,2023-01-24T03:56:33Z,5280000,False,-44.0,72.0,1,left,MISS P. Washington 8' floating Shot,[1629023],1610612766.0,CHA,floating,,,Washington,P. Washington,,,,,In The Paint (Non-RA),8-16 Center,8.43,Missed,,,,,,,,,,,,,,,,,,
532,PT11M28.00S,2023-01-24T03:56:29.9Z,4,REGULAR,rebound,defensive,[],1630534,,,1610612762,91,79,2023-01-24T03:56:33Z,5290000,False,,,0,,O. Agbaji REBOUND (Off:0 Def:2),[1630534],1610612762.0,UTA,,,,Agbaji,O. Agbaji,,,,,In The Paint (Non-RA),8-16 Center,,,531.0,2.0,2.0,0.0,,,,,,,,,,,,,,
533,PT11M17.00S,2023-01-24T03:56:44.0Z,4,REGULAR,foul,personal,[],1628372,,,1610612762,91,79,2023-01-24T03:56:49Z,5300000,False,,,0,,D. Smith Jr. personal FOUL (1 PF),"[1628372, 1628374]",1610612766.0,CHA,,,,Smith Jr.,D. Smith Jr.,,,,,Mid-Range,16-24 Center,,,,,,,201245.0,,,,,,,,,,1.0,0.0,Markkanen,1628374.0
535,PT11M08.00S,2023-01-24T03:57:09.2Z,4,REGULAR,2pt,Jump Shot,[],1628374,88.38699080157687,9.313725490196079,1610612762,93,79,2023-01-24T03:57:14Z,5320000,False,-203.0,57.0,1,right,L. Markkanen 21' step back Jump Shot (22 PTS) (T. Horton-Tucker 4 AST),"[1628374, 1629659]",1610612762.0,UTA,step back,,,Markkanen,L. Markkanen,,,,,Mid-Range,16-24 Left,21.12,Made,,,,,,,22.0,T. Horton-Tucker,1629659.0,4.0,,,,,,,,
537,PT10M51.00S,2023-01-24T03:57:25.2Z,4,REGULAR,2pt,Jump Shot,[],202330,7.835085413929041,30.14705882352941,1610612766,93,79,2023-01-24T03:57:29Z,5340000,False,99.0,21.0,1,left,MISS G. Hayward 10' turnaround fadeaway Shot,[202330],1610612766.0,CHA,turnaround fadeaway,,,Hayward,G. Hayward,,,,,Mid-Range,8-16 Right,10.15,Missed,,,,,,,,,,,,,,,,,,
538,PT10M49.00S,2023-01-24T03:57:27.2Z,4,REGULAR,rebound,defensive,[],1629020,,,1610612762,93,79,2023-01-24T03:57:29Z,5350000,False,,,0,,J. Vanderbilt REBOUND (Off:1 Def:5),[1629020],1610612762.0,UTA,,,,Vanderbilt,J. Vanderbilt,,,,,Mid-Range,8-16 Right,,,537.0,6.0,5.0,1.0,,,,,,,,,,,,,,
539,PT10M41.00S,2023-01-24T03:57:35.9Z,4,REGULAR,3pt,Jump Shot,[],201144,71.43561103810775,76.47058823529412,1610612762,96,79,2023-01-24T03:57:40Z,5360000,False,132.0,216.0,1,right,M. Conley 25' 3PT pullup (12 PTS),[201144],1610612762.0,UTA,pullup,,,Conley,M. Conley,,,,,Above the Break 3,24+ Right Center,25.33,Made,,,,,,,12.0,,,,,,,,,,,
540,PT10M25.00S,2023-01-24T03:57:55.4Z,4,REGULAR,foul,personal,[],201144,,,1610612766,96,79,2023-01-24T03:57:58Z,5370000,False,,,0,,M. Conley personal FOUL (2 PF),"[201144, 1629667]",1610612762.0,UTA,,,,Conley,M. Conley,,,,,Mid-Range,8-16 Right,,,,,,,1628159.0,,,,,,,,,,2.0,0.0,McDaniels,1629667.0
542,PT10M25.00S,2023-01-24T03:58:02.3Z,4,REGULAR,substitution,out,[],1629020,,,1610612766,96,79,2023-01-24T03:58:11Z,5390000,False,,,0,,SUB out: J. Vanderbilt,[1629020],1610612762.0,UTA,,,,Vanderbilt,J. Vanderbilt,,,,,,,,,,,,,,,,,,,,,,,,,,
543,PT10M25.00S,2023-01-24T03:58:02.3Z,4,REGULAR,substitution,out,[],1629667,,,1610612766,96,79,2023-01-24T03:58:11Z,5400000,False,,,0,,SUB out: J. McDaniels,[1629667],1610612766.0,CHA,,,,McDaniels,J. McDaniels,,,,,,,,,,,,,,,,,,,,,,,,,,
544,PT10M25.00S,2023-01-24T03:58:02.3Z,4,REGULAR,substitution,in,[],1631117,,,1610612766,96,79,2023-01-24T03:58:11Z,5410000,False,,,0,,SUB in: W. Kessler,[1631117],1610612762.0,UTA,,,,Kessler,W. Kessler,,,,,,,,,,,,,,,,,,,,,,,,,,
545,PT10M25.00S,2023-01-24T03:58:02.3Z,4,REGULAR,substitution,in,[],1626179,,,1610612766,96,79,2023-01-24T03:58:11Z,5420000,False,,,0,,SUB in: T. Rozier,[1626179],1610612766.0,CHA,,,,Rozier,T. Rozier,,,,,,,,,,,,,,,,,,,,,,,,,,
546,PT10M23.00S,2023-01-24T03:58:23.3Z,4,REGULAR,2pt,Layup,['pointsinthepaint'],202330,5.601182654402102,52.69607843137255,1610612766,96,81,2023-01-24T03:58:30Z,5430000,False,-13.0,0.0,1,left,G. Hayward driving reverse Layup (9 PTS) (D. Smith Jr. 6 AST),"[202330, 1628372]",1610612766.0,CHA,driving reverse,,,Hayward,G. Hayward,,,,,Restricted Area,0-8 Center,1.35,Made,,,,,,,9.0,D. Smith Jr.,1628372.0,6.0,,,,,,,,
548,PT10M23.00S,2023-01-24T03:58:27.1Z,4,REGULAR,foul,personal,['1freethrow'],1630534,,,1610612766,96,81,2023-01-24T03:58:32Z,5450000,False,,,0,,O. Agbaji shooting personal FOUL (3 PF) (Hayward 1 FT),"[1630534, 202330]",1610612762.0,UTA,shooting,,,Agbaji,O. Agbaji,,,,,Restricted Area,0-8 Center,,,,,,,201245.0,,,,,,,,,,3.0,0.0,Hayward,202330.0
550,PT10M23.00S,2023-01-24T03:58:45.2Z,4,REGULAR,freethrow,1 of 1,[],202330,,,1610612766,96,81,2023-01-24T03:58:45Z,5470000,False,,,0,,MISS G. Hayward Free Throw 1 of 1,[202330],1610612766.0,CHA,,,,Hayward,G. Hayward,,,,,,,,Missed,,,,,,,,,,,,,,,,,,
551,PT10M20.00S,2023-01-24T03:58:48.2Z,4,REGULAR,rebound,defensive,[],1630534,,,1610612762,96,81,2023-01-24T03:58:48Z,5480000,False,,,0,,O. Agbaji REBOUND (Off:0 Def:3),[1630534],1610612762.0,UTA,,,,Agbaji,O. Agbaji,,,,,,,,,550.0,3.0,3.0,0.0,,,,,,,,,,,,,,
552,PT10M15.00S,2023-01-24T03:58:52.8Z,4,REGULAR,2pt,Layup,"['pointsinthepaint', 'fastbreak']",1629659,92.06636005256242,54.90196078431373,1610612762,96,81,2023-01-24T03:58:59Z,5490000,False,25.0,22.0,1,right,MISS T. Horton-Tucker running Layup - blocked,"[1629659, 1631109]",1610612762.0,UTA,running,,,Horton-Tucker,T. Horton-Tucker,,,,,Restricted Area,0-8 Center,3.3,Missed,,,,,,,,,,,,,Williams,1631109.0,,,,
567,PT10M15.00S,2023-01-24T03:58:52.8Z,4,REGULAR,block,,[],1631109,,,1610612762,96,81,2023-01-24T04:01:41Z,5495000,False,,,0,,M. Williams BLOCK (2 BLK),[1631109],1610612766.0,CHA,,,,Williams,M. Williams,,,,,Restricted Area,0-8 Center,,,,,,,,,,,,,,,,,,,,
553,PT10M12.00S,2023-01-24T03:58:55.8Z,4,REGULAR,rebound,defensive,[],202330,,,1610612766,96,81,2023-01-24T03:58:59Z,5500000,False,,,0,,G. Hayward REBOUND (Off:0 Def:2),[202330],1610612766.0,CHA,,,,Hayward,G. Hayward,,,,,Restricted Area,0-8 Center,,,552.0,2.0,2.0,0.0,,,,,,,,,,,,,,
554,PT10M11.00S,2023-01-24T03:58:57.4Z,4,REGULAR,3pt,Jump Shot,['fastbreak'],1626179,16.376478318002626,3.9215686274509802,1610612766,96,81,2023-01-24T03:59:02Z,5510000,False,230.0,101.0,1,left,MISS T. Rozier 25' 3PT,[1626179],1610612766.0,CHA,,,,Rozier,T. Rozier,,,,,Above the Break 3,24+ Right Center,25.17,Missed,,,,,,,,,,,,,,,,,,
555,PT10M11.00S,2023-01-24T03:58:57.4Z,4,REGULAR,rebound,defensive,[],1628374,,,1610612762,96,81,2023-01-24T03:59:02Z,5520000,False,,,0,,L. Markkanen REBOUND (Off:0 Def:11),[1628374],1610612762.0,UTA,,,,Markkanen,L. Markkanen,,,,,Above the Break 3,24+ Right Center,,,554.0,11.0,11.0,0.0,,,,,,,,,,,,,,
556,PT09M51.00S,2023-01-24T03:59:16.7Z,4,REGULAR,3pt,Jump Shot,[],1630534,93.11760840998686,94.85294117647058,1610612762,96,81,2023-01-24T03:59:21Z,5530000,False,224.0,12.0,1,right,MISS O. Agbaji 3PT,[1630534],1610612762.0,UTA,,,,Agbaji,O. Agbaji,,,,,Right Corner 3,24+ Right,22.46,Missed,,,,,,,,,,,,,,,,,,
557,PT09M48.00S,2023-01-24T03:59:19.7Z,4,REGULAR,rebound,defensive,[],1629023,,,1610612766,96,81,2023-01-24T03:59:21Z,5540000,False,,,0,,P. Washington REBOUND (Off:0 Def:2),[1629023],1610612766.0,CHA,,,,Washington,P. Washington,,,,,Right Corner 3,24+ Right,,,556.0,2.0,2.0,0.0,,,,,,,,,,,,,,
558,PT09M41.00S,2023-01-24T03:59:27.0Z,4,REGULAR,3pt,Jump Shot,[],1629023,27.283180026281208,22.54901960784314,1610612766,96,81,2023-01-24T03:59:33Z,5550000,False,137.0,204.0,1,left,MISS P. Washington 24' 3PT,[1629023],1610612766.0,CHA,,,,Washington,P. Washington,,,,,Above the Break 3,24+ Right Center,24.59,Missed,,,,,,,,,,,,,,,,,,
559,PT09M39.00S,2023-01-24T03:59:29.0Z,4,REGULAR,rebound,defensive,[],201144,,,1610612762,96,81,2023-01-24T03:59:56Z,5560000,False,,,0,,M. Conley REBOUND (Off:0 Def:2),[201144],1610612762.0,UTA,,,,Conley,M. Conley,,,,,Above the Break 3,24+ Right Center,,,558.0,2.0,2.0,0.0,,,,,,,,,,,,,,
560,PT09M39.00S,2023-01-24T03:59:34.6Z,4,REGULAR,foul,personal,[],1631109,,,1610612762,96,81,2023-01-24T03:59:39Z,5570000,False,,,0,,M. Williams personal FOUL (3 PF),"[1631109, 201144]",1610612766.0,CHA,,,,Williams,M. Williams,,,,,Mid-Range,16-24 Right Center,,,,,,,202049.0,,,,,,,,,,3.0,0.0,Conley,201144.0
562,PT09M23.00S,2023-01-24T04:00:00.9Z,4,REGULAR,2pt,Layup,['pointsinthepaint'],1631117,91.93495400788436,55.63725490196079,1610612762,98,81,2023-01-24T04:00:05Z,5590000,False,28.0,23.0,1,right,W. Kessler cutting Layup (6 PTS) (M. Conley 2 AST),"[1631117, 201144]",1610612762.0,UTA,cutting,,,Kessler,W. Kessler,,,,,Restricted Area,0-8 Center,3.66,Made,,,,,,,6.0,M. Conley,201144.0,2.0,,,,,,,,
564,PT09M12.00S,2023-01-24T04:00:13.3Z,4,REGULAR,turnover,out-of-bounds,[],1629023,,,1610612766,98,81,2023-01-24T04:00:19Z,5610000,False,,,0,,P. Washington bad pass out-of-bounds TURNOVER (2 TO),[1629023],1610612766.0,CHA,bad pass,,,Washington,P. Washington,,,,,Mid-Range,16-24 Left Center,,,,,,,201245.0,2.0,,,,,,,,,,,,
565,PT08M50.00S,2023-01-24T04:00:41.7Z,4,REGULAR,2pt,Layup,"['pointsinthepaint', 'fromturnover']",1630534,90.09526938239159,44.11764705882353,1610612762,100,81,2023-01-24T04:00:46Z,5620000,False,-29.0,41.0,1,right,O. Agbaji driving Layup (8 PTS),[1630534],1610612762.0,UTA,driving,,,Agbaji,O. Agbaji,,,,,In The Paint (Non-RA),0-8 Center,5.01,Made,,,,,,,8.0,,,,,,,,,,,
566,PT08M50.00S,2023-01-24T04:00:45.8Z,4,REGULAR,timeout,full,"['team', 'mandatory']",0,,,1610612766,100,81,2023-01-24T04:00:45Z,5630000,False,,,0,,CHA Timeout,[],1610612766.0,CHA,,,,,,,,,,,,,,,,,,,,,,,,,,,,,,,
568,PT08M34.00S,2023-01-24T04:03:55.6Z,4,REGULAR,2pt,Layup,['pointsinthepaint'],1626179,15.588042049934298,52.450980392156865,1610612766,100,81,2023-01-24T04:04:03Z,5640000,False,-12.0,94.0,1,left,MISS T. Rozier 9' driving finger roll Layup,[1626179],1610612766.0,CHA,driving finger roll,,,Rozier,T. Rozier,,,,,In The Paint (Non-RA),8-16 Center,9.48,Missed,,,,,,,,,,,,,,,,,,
569,PT08M31.00S,2023-01-24T04:03:58.6Z,4,REGULAR,rebound,defensive,[],1631117,,,1610612762,100,81,2023-01-24T04:04:03Z,5650000,False,,,0,,W. Kessler REBOUND (Off:2 Def:4),[1631117],1610612762.0,UTA,,,,Kessler,W. Kessler,,,,,In The Paint (Non-RA),8-16 Center,,,568.0,6.0,4.0,2.0,,,,,,,,,,,,,,
570,PT08M24.00S,2023-01-24T04:04:05.7Z,4,REGULAR,turnover,lost ball,[],1628374,,,1610612762,100,81,2023-01-24T04:04:21Z,5660000,False,,,0,,L. Markkanen lost ball TURNOVER (2 TO),"[1628374, 202330]",1610612762.0,UTA,,,,Markkanen,L. Markkanen,,,,,In The Paint (Non-RA),8-16 Center,,,,,,,,2.0,,,,,Hayward,202330.0,,,,,,
571,PT08M24.00S,2023-01-24T04:04:05.7Z,4,REGULAR,steal,,[],202330,,,1610612766,100,81,2023-01-24T04:04:07Z,5670000,False,,,0,,G. Hayward STEAL (1 STL),[202330],1610612766.0,CHA,,,,Hayward,G. Hayward,,,,,In The Paint (Non-RA),8-16 Center,,,,,,,,,,,,,,,,,,,,
572,PT08M19.00S,2023-01-24T04:04:46.7Z,4,REGULAR,jumpball,recovered,[],201144,,,1610612766,100,81,2023-01-24T04:04:46Z,5680000,False,,,0,,Jump Ball L. Markkanen vs. P. Washington: Tip to M. Conley,"[201144, 1628374, 1629023]",1610612762.0,UTA,heldball,M. Conley,201144.0,Conley,M. Conley,Markkanen,1628374.0,Washington,1629023.0,,,,,,,,,,,,,,,,,,,,,,
575,PT08M19.00S,2023-01-24T04:04:46.7Z,4,REGULAR,turnover,lost ball,[],1629023,,,1610612766,100,81,2023-01-24T04:04:46Z,5710000,False,,,0,,P. Washington lost ball TURNOVER (3 TO),"[1629023, 1628374]",1610612766.0,CHA,,,,Washington,P. Washington,,,,,,,,,,,,,,3.0,,,,,Markkanen,1628374.0,,,,,,
576,PT08M19.00S,2023-01-24T04:04:46.7Z,4,REGULAR,steal,,[],1628374,,,1610612762,100,81,2023-01-24T04:04:46Z,5720000,False,,,0,,L. Markkanen STEAL (1 STL),[1628374],1610612762.0,UTA,,,,Markkanen,L. Markkanen,,,,,,,,,,,,,,,,,,,,,,,,,,
577,PT08M04.00S,2023-01-24T04:05:02.6Z,4,REGULAR,foul,personal,['2freethrow'],1629023,,,1610612762,100,81,2023-01-24T04:05:09Z,5730000,False,,,0,,P. Washington shooting personal FOUL (5 PF) (Markkanen 2 FT),"[1629023, 1628374]",1610612766.0,CHA,shooting,,,Washington,P. Washington,,,,,In The Paint (Non-RA),8-16 Center,,,,,,,202049.0,,,,,,,,,,5.0,0.0,Markkanen,1628374.0
579,PT08M04.00S,2023-01-24T04:05:28.9Z,4,REGULAR,freethrow,1 of 2,['fromturnover'],1628374,,,1610612762,100,81,2023-01-24T04:05:28Z,5750000,False,,,0,,MISS L. Markkanen Free Throw 1 of 2,[1628374],1610612762.0,UTA,,,,Markkanen,L. Markkanen,,,,,,,,Missed,,,,,,,,,,,,,,,,,,
580,PT08M04.00S,2023-01-24T04:05:28.9Z,4,REGULAR,rebound,offensive,"['deadball', 'team']",0,,,1610612762,100,81,2023-01-24T04:05:28Z,5760000,False,,,0,,TEAM offensive REBOUND,[],1610612762.0,UTA,,,,,,,,,,,,,,579.0,,,,,,,,,,,,,,,,,
581,PT08M04.00S,2023-01-24T04:05:45.1Z,4,REGULAR,freethrow,2 of 2,['fromturnover'],1628374,,,1610612762,101,81,2023-01-24T04:05:45Z,5770000,False,,,0,,L. Markkanen Free Throw 2 of 2 (23 PTS),[1628374],1610612762.0,UTA,,,,Markkanen,L. Markkanen,,,,,,,,Made,,,,,,,23.0,,,,,,,,,,,
582,PT07M53.00S,2023-01-24T04:06:00.4Z,4,REGULAR,2pt,Jump Shot,['pointsinthepaint'],202330,12.828515111695138,40.931372549019606,1610612766,101,83,2023-01-24T04:06:08Z,5780000,False,45.0,68.0,1,left,G. Hayward 8' fadeaway Jump Shot (11 PTS),[202330],1610612766.0,CHA,fadeaway,,,Hayward,G. Hayward,,,,,In The Paint (Non-RA),8-16 Right,8.18,Made,,,,,,,11.0,,,,,,,,,,,
583,PT07M35.00S,2023-01-24T04:06:17.7Z,4,REGULAR,2pt,Jump Shot,['pointsinthepaint'],201144,84.57621550591328,40.19607843137255,1610612762,101,83,2023-01-24T04:06:25Z,5790000,False,-49.0,92.0,1,right,MISS M. Conley 10' floating Shot,[201144],1610612762.0,UTA,floating,,,Conley,M. Conley,,,,,In The Paint (Non-RA),8-16 Center,10.47,Missed,,,,,,,,,,,,,,,,,,
584,PT07M32.00S,2023-01-24T04:06:20.7Z,4,REGULAR,rebound,offensive,[],1631117,,,1610612762,101,83,2023-01-24T04:06:25Z,5800000,False,,,0,,W. Kessler REBOUND (Off:3 Def:4),[1631117],1610612762.0,UTA,,,,Kessler,W. Kessler,,,,,In The Paint (Non-RA),8-16 Center,,,583.0,7.0,4.0,3.0,,,,,,,,,,,,,,
585,PT07M32.00S,2023-01-24T04:06:23.5Z,4,REGULAR,2pt,Layup,"['pointsinthepaint', '2ndchance']",1631117,90.88370565045992,49.754901960784316,1610612762,101,83,2023-01-24T04:06:58Z,5810000,False,-1.0,33.0,1,right,MISS W. Kessler putback Layup - blocked,"[1631117, 1631109]",1610612762.0,UTA,putback,,,Kessler,W. Kessler,,,,,Restricted Area,0-8 Center,3.32,Missed,,,,,,,,,,,,,Williams,1631109.0,,,,
586,PT07M32.00S,2023-01-24T04:06:23.5Z,4,REGULAR,block,,[],1631109,,,1610612762,101,83,2023-01-24T04:06:26Z,5820000,False,,,0,,M. Williams BLOCK (3 BLK),[1631109],1610612766.0,CHA,,,,Williams,M. Williams,,,,,Restricted Area,0-8 Center,,,,,,,,,,,,,,,,,,,,
590,PT07M32.00S,2023-01-24T04:06:23.5Z,4,REGULAR,rebound,offensive,['team'],0,,,1610612762,101,83,2023-01-24T04:06:58Z,5830000,False,,,0,,TEAM offensive REBOUND,[],1610612762.0,UTA,,,,,,,,,,Restricted Area,0-8 Center,,,585.0,,,,,,,,,,,,,,,,,
587,PT07M29.00S,2023-01-24T04:06:56.2Z,4,REGULAR,jumpball,recovered,[],201144,,,1610612762,101,83,2023-01-24T04:06:56Z,5840000,False,,,0,,Jump Ball W. Kessler vs. M. Williams: Tip to M. Conley,"[201144, 1631117, 1631109]",1610612762.0,UTA,heldball,M. Conley,201144.0,Conley,M. Conley,Kessler,1631117.0,Williams,1631109.0,,,,,,,,,,,,,,,,,,,,,,
591,PT07M17.00S,2023-01-24T04:07:09.1Z,4,REGULAR,2pt,Hook,"['pointsinthepaint', '2ndchance']",1631117,91.80354796320631,58.57843137254902,1610612762,103,83,2023-01-24T04:07:14Z,5870000,False,43.0,25.0,1,right,W. Kessler turnaround bank Hook (8 PTS) (M. Conley 3 AST),"[1631117, 201144]",1610612762.0,UTA,turnaround bank,,,Kessler,W. Kessler,,,,,In The Paint (Non-RA),0-8 Center,4.94,Made,,,,,,,8.0,M. Conley,201144.0,3.0,,,,,,,,
593,PT07M07.00S,2023-01-24T04:07:18.6Z,4,REGULAR,2pt,Jump Shot,['pointsinthepaint'],1631109,12.302890932982917,58.57843137254902,1610612766,103,83,2023-01-24T04:07:22Z,5890000,False,-43.0,63.0,1,left,MISS M. Williams 7' turnaround fadeaway Shot,[1631109],1610612766.0,CHA,turnaround fadeaway,,,Williams,M. Williams,,,,,In The Paint (Non-RA),0-8 Center,7.63,Missed,,,,,,,,,,,,,,,,,,
594,PT07M05.00S,2023-01-24T04:07:20.6Z,4,REGULAR,rebound,defensive,[],1631117,,,1610612762,103,83,2023-01-24T04:07:22Z,5900000,False,,,0,,W. Kessler REBOUND (Off:3 Def:5),[1631117],1610612762.0,UTA,,,,Kessler,W. Kessler,,,,,In The Paint (Non-RA),0-8 Center,,,593.0,8.0,5.0,3.0,,,,,,,,,,,,,,
595,PT06M59.00S,2023-01-24T04:07:30.0Z,4,REGULAR,foul,personal,[],1628372,,,1610612762,103,83,2023-01-24T04:07:41Z,5910000,False,,,0,,D. Smith Jr. personal FOUL (2 PF),"[1628372, 201144]",1610612766.0,CHA,,,,Smith Jr.,D. Smith Jr.,,,,,Above the Break 3,24+ Right Center,,,,,,,201245.0,,,,,,,,,,2.0,0.0,Conley,201144.0
597,PT06M59.00S,2023-01-24T04:07:36.1Z,4,REGULAR,substitution,out,[],1631109,,,1610612762,103,83,2023-01-24T04:07:40Z,5930000,False,,,0,,SUB out: M. Williams,[1631109],1610612766.0,CHA,,,,Williams,M. Williams,,,,,,,,,,,,,,,,,,,,,,,,,,
598,PT06M59.00S,2023-01-24T04:07:36.1Z,4,REGULAR,substitution,in,[],203486,,,1610612762,103,83,2023-01-24T04:07:40Z,5940000,False,,,0,,SUB in: M. Plumlee,[203486],1610612766.0,CHA,,,,Plumlee,M. Plumlee,,,,,,,,,,,,,,,,,,,,,,,,,,
599,PT06M44.00S,2023-01-24T04:08:11.2Z,4,REGULAR,2pt,Jump Shot,['pointsinthepaint'],201144,81.2910643889619,39.950980392156865,1610612762,105,83,2023-01-24T04:08:15Z,5950000,False,-50.0,123.0,1,right,M. Conley 13' driving floating Jump Shot (14 PTS) (L. Markkanen 2 AST),"[201144, 1628374]",1610612762.0,UTA,driving floating,,,Conley,M. Conley,,,,,In The Paint (Non-RA),8-16 Center,13.32,Made,,,,,,,14.0,L. Markkanen,1628374.0,2.0,,,,,,,,
601,PT06M35.00S,2023-01-24T04:08:21.3Z,4,REGULAR,foul,personal,[],1629659,,,1610612766,105,83,2023-01-24T04:08:26Z,5970000,False,,,0,,T. Horton-Tucker personal FOUL (1 PF),"[1629659, 202330]",1610612762.0,UTA,,,,Horton-Tucker,T. Horton-Tucker,,,,,Mid-Range,8-16 Right,,,,,,,202049.0,,,,,,,,,,1.0,0.0,Hayward,202330.0
603,PT06M30.00S,2023-01-24T04:08:47.3Z,4,REGULAR,3pt,Jump Shot,[],1626179,30.56833114323259,29.901960784313726,1610612766,105,83,2023-01-24T04:08:51Z,5990000,False,100.0,235.0,1,left,MISS T. Rozier 25' 3PT,[1626179],1610612766.0,CHA,,,,Rozier,T. Rozier,,,,,Above the Break 3,24+ Right Center,25.54,Missed,,,,,,,,,,,,,,,,,,
604,PT06M26.00S,2023-01-24T04:08:51.3Z,4,REGULAR,rebound,defensive,[],201144,,,1610612762,105,83,2023-01-24T04:08:51Z,6000000,False,,,0,,M. Conley REBOUND (Off:0 Def:3),[201144],1610612762.0,UTA,,,,Conley,M. Conley,,,,,Above the Break 3,24+ Right Center,,,603.0,3.0,3.0,0.0,,,,,,,,,,,,,,
606,PT06M15.00S,2023-01-24T04:09:36.8Z,4,REGULAR,3pt,Jump Shot,[],201144,92.72339027595268,95.83333333333334,1610612762,105,83,2023-01-24T04:09:40Z,6020000,False,229.0,16.0,1,right,MISS M. Conley 3PT,[201144],1610612762.0,UTA,,,,Conley,M. Conley,,,,,Right Corner 3,24+ Right,22.98,Missed,,,,,,,,,,,,,,,,,,
607,PT06M11.00S,2023-01-24T04:09:40.8Z,4,REGULAR,rebound,offensive,[],1631117,,,1610612762,105,83,2023-01-24T04:09:40Z,6030000,False,,,0,,W. Kessler REBOUND (Off:4 Def:5),[1631117],1610612762.0,UTA,,,,Kessler,W. Kessler,,,,,Right Corner 3,24+ Right,,,606.0,9.0,5.0,4.0,,,,,,,,,,,,,,
608,PT06M07.00S,2023-01-24T04:09:43.9Z,4,REGULAR,2pt,DUNK,"['pointsinthepaint', '2ndchance']",1631117,91.40932982917214,50.0,1610612762,107,83,2023-01-24T04:09:48Z,6040000,False,0.0,28.0,1,right,W. Kessler cutting DUNK (10 PTS) (O. Agbaji 2 AST),"[1631117, 1630534]",1610612762.0,UTA,cutting,,,Kessler,W. Kessler,,,,,Restricted Area,0-8 Center,2.83,Made,,,,,,,10.0,O. Agbaji,1630534.0,2.0,,,,,,,,
610,PT05M52.00S,2023-01-24T04:09:59.3Z,4,REGULAR,2pt,Layup,['pointsinthepaint'],1626179,5.863994743758213,44.36274509803921,1610612766,107,83,2023-01-24T04:10:04Z,6060000,False,28.0,3.0,1,left,MISS T. Rozier driving Layup,[1626179],1610612766.0,CHA,driving,,,Rozier,T. Rozier,,,,,Restricted Area,0-8 Center,2.83,Missed,,,,,,,,,,,,,,,,,,
611,PT05M51.00S,2023-01-24T04:10:02.3Z,4,REGULAR,rebound,offensive,[],203486,,,1610612766,107,83,2023-01-24T04:10:02Z,6070000,False,,,0,,M. Plumlee REBOUND (Off:4 Def:3),[203486],1610612766.0,CHA,,,,Plumlee,M. Plumlee,,,,,Restricted Area,0-8 Center,,,610.0,7.0,3.0,4.0,,,,,,,,,,,,,,
612,PT05M51.00S,2023-01-24T04:10:03.2Z,4,REGULAR,foul,personal,['2freethrow'],1631117,,,1610612766,107,83,2023-01-24T04:10:07Z,6080000,False,,,0,,W. Kessler shooting personal FOUL (5 PF) (Plumlee 2 FT),"[1631117, 203486]",1610612762.0,UTA,shooting,,,Kessler,W. Kessler,,,,,Restricted Area,0-8 Center,,,,,,,201245.0,,,,,,,,,,5.0,0.0,Plumlee,203486.0
614,PT05M51.00S,2023-01-24T04:10:33.2Z,4,REGULAR,freethrow,1 of 2,['2ndchance'],203486,,,1610612766,107,84,2023-01-24T04:10:33Z,6100000,False,,,0,,M. Plumlee Free Throw 1 of 2 (15 PTS),[203486],1610612766.0,CHA,,,,Plumlee,M. Plumlee,,,,,,,,Made,,,,,,,15.0,,,,,,,,,,,
615,PT05M51.00S,2023-01-24T04:10:33.7Z,4,REGULAR,substitution,out,[],202330,,,1610612766,107,84,2023-01-24T04:10:35Z,6110000,False,,,0,,SUB out: G. Hayward,[202330],1610612766.0,CHA,,,,Hayward,G. Hayward,,,,,,,,,,,,,,,,,,,,,,,,,,
616,PT05M51.00S,2023-01-24T04:10:33.7Z,4,REGULAR,substitution,in,[],1631121,,,1610612766,107,84,2023-01-24T04:10:35Z,6120000,False,,,0,,SUB in: B. McGowens,[1631121],1610612766.0,CHA,,,,McGowens,B. McGowens,,,,,,,,,,,,,,,,,,,,,,,,,,
617,PT05M51.00S,2023-01-24T04:10:50.1Z,4,REGULAR,freethrow,2 of 2,['2ndchance'],203486,,,1610612766,107,85,2023-01-24T04:10:50Z,6130000,False,,,0,,M. Plumlee Free Throw 2 of 2 (16 PTS),[203486],1610612766.0,CHA,,,,Plumlee,M. Plumlee,,,,,,,,Made,,,,,,,16.0,,,,,,,,,,,
618,PT05M39.00S,2023-01-24T04:11:07.8Z,4,REGULAR,3pt,Jump Shot,[],1630534,91.93495400788436,2.696078431372549,1610612762,107,85,2023-01-24T04:11:13Z,6140000,False,-237.0,23.0,1,right,MISS O. Agbaji 3PT,[1630534],1610612762.0,UTA,,,,Agbaji,O. Agbaji,,,,,Left Corner 3,24+ Left,23.76,Missed,,,,,,,,,,,,,,,,,,
619,PT05M34.00S,2023-01-24T04:11:12.8Z,4,REGULAR,rebound,defensive,[],203486,,,1610612766,107,85,2023-01-24T04:11:13Z,6150000,False,,,0,,M. Plumlee REBOUND (Off:4 Def:4),[203486],1610612766.0,CHA,,,,Plumlee,M. Plumlee,,,,,Left Corner 3,24+ Left,,,618.0,8.0,4.0,4.0,,,,,,,,,,,,,,
620,PT05M25.00S,2023-01-24T04:11:23.2Z,4,REGULAR,turnover,out-of-bounds,[],203486,,,1610612766,107,85,2023-01-24T04:11:36Z,6160000,False,,,0,,M. Plumlee bad pass out-of-bounds TURNOVER (2 TO),[203486],1610612766.0,CHA,bad pass,,,Plumlee,M. Plumlee,,,,,Mid-Range,16-24 Left Center,,,,,,,201245.0,2.0,,,,,,,,,,,,
621,PT05M25.00S,2023-01-24T04:11:26.3Z,4,REGULAR,substitution,out,[],1628372,,,1610612762,107,85,2023-01-24T04:11:31Z,6170000,False,,,0,,SUB out: D. Smith Jr.,[1628372],1610612766.0,CHA,,,,Smith Jr.,D. Smith Jr.,,,,,,,,,,,,,,,,,,,,,,,,,,
622,PT05M25.00S,2023-01-24T04:11:26.3Z,4,REGULAR,substitution,in,[],1629667,,,1610612762,107,85,2023-01-24T04:11:31Z,6180000,False,,,0,,SUB in: J. McDaniels,[1629667],1610612766.0,CHA,,,,McDaniels,J. McDaniels,,,,,,,,,,,,,,,,,,,,,,,,,,
623,PT05M14.00S,2023-01-24T04:11:50.1Z,4,REGULAR,2pt,DUNK,"['pointsinthepaint', 'fromturnover']",1631117,93.11760840998686,54.65686274509803,1610612762,109,85,2023-01-24T04:11:54Z,6190000,False,23.0,12.0,1,right,W. Kessler alley-oop DUNK (12 PTS) (T. Horton-Tucker 5 AST),"[1631117, 1629659]",1610612762.0,UTA,alley-oop,,,Kessler,W. Kessler,,,,,Restricted Area,0-8 Center,2.63,Made,,,,,,,12.0,T. Horton-Tucker,1629659.0,5.0,,,,,,,,
625,PT05M04.00S,2023-01-24T04:12:00.5Z,4,REGULAR,3pt,Jump Shot,[],1631121,32.276609724047304,54.65686274509803,1610612766,109,85,2023-01-24T04:12:05Z,6210000,False,-23.0,251.0,1,left,MISS B. McGowens 25' 3PT,[1631121],1610612766.0,CHA,,,,McGowens,B. McGowens,,,,,Above the Break 3,24+ Center,25.2,Missed,,,,,,,,,,,,,,,,,,
626,PT05M00.00S,2023-01-24T04:12:04.5Z,4,REGULAR,rebound,defensive,[],1630534,,,1610612762,109,85,2023-01-24T04:12:05Z,6220000,False,,,0,,O. Agbaji REBOUND (Off:0 Def:4),[1630534],1610612762.0,UTA,,,,Agbaji,O. Agbaji,,,,,Above the Break 3,24+ Center,,,625.0,4.0,4.0,0.0,,,,,,,,,,,,,,
627,PT04M44.00S,2023-01-24T04:12:22.8Z,4,REGULAR,foul,personal,"['inpenalty', '2freethrow']",1629667,,,1610612762,109,85,2023-01-24T04:12:54Z,6230000,False,,,0,,J. McDaniels personal FOUL (4 PF) (Kessler 2 FT),"[1629667, 1631117]",1610612766.0,CHA,,,,McDaniels,J. McDaniels,,,,,Restricted Area,0-8 Center,,,,,,,201245.0,,,,,,,,,,4.0,0.0,Kessler,1631117.0
629,PT04M44.00S,2023-01-24T04:12:56.0Z,4,REGULAR,freethrow,1 of 2,[],1631117,,,1610612762,110,85,2023-01-24T04:13:10Z,6250000,False,,,0,,W. Kessler Free Throw 1 of 2 (13 PTS),[1631117],1610612762.0,UTA,,,,Kessler,W. Kessler,,,,,,,,Made,,,,,,,13.0,,,,,,,,,,,
630,PT04M44.00S,2023-01-24T04:12:56.0Z,4,REGULAR,freethrow,2 of 2,[],1631117,,,1610612762,110,85,2023-01-24T04:13:10Z,6260000,False,,,0,,MISS W. Kessler Free Throw 2 of 2,[1631117],1610612762.0,UTA,,,,Kessler,W. Kessler,,,,,,,,Missed,,,,,,,,,,,,,,,,,,
631,PT04M43.00S,2023-01-24T04:12:57.0Z,4,REGULAR,rebound,defensive,[],1629023,,,1610612766,110,85,2023-01-24T04:13:10Z,6270000,False,,,0,,P. Washington REBOUND (Off:0 Def:3),[1629023],1610612766.0,CHA,,,,Washington,P. Washington,,,,,,,,,630.0,3.0,3.0,0.0,,,,,,,,,,,,,,
632,PT04M30.00S,2023-01-24T04:13:22.7Z,4,REGULAR,2pt,Jump Shot,['pointsinthepaint'],1629023,16.770696452036795,65.19607843137256,1610612766,110,85,2023-01-24T04:13:28Z,6280000,False,-76.0,105.0,1,left,MISS P. Washington 12' pullup Shot,[1629023],1610612766.0,CHA,pullup,,,Washington,P. Washington,,,,,In The Paint (Non-RA),8-16 Left,12.97,Missed,,,,,,,,,,,,,,,,,,
633,PT04M29.00S,2023-01-24T04:13:23.7Z,4,REGULAR,rebound,offensive,['team'],0,,,1610612766,110,85,2023-01-24T04:13:28Z,6290000,False,,,0,,TEAM offensive REBOUND,[],1610612766.0,CHA,,,,,,,,,,In The Paint (Non-RA),8-16 Left,,,632.0,,,,,,,,,,,,,,,,,
634,PT04M29.00S,2023-01-24T04:13:26.5Z,4,REGULAR,foul,personal,"['inpenalty', '2freethrow']",1628374,,,1610612766,110,85,2023-01-24T04:13:37Z,6300000,False,,,0,,L. Markkanen loose ball personal FOUL (3 PF) (Plumlee 2 FT),"[1628374, 203486]",1610612762.0,UTA,loose ball,,,Markkanen,L. Markkanen,,,,,Restricted Area,0-8 Center,,,,,,,201245.0,,,,,,,,,,3.0,0.0,Plumlee,203486.0
636,PT04M29.00S,2023-01-24T04:13:48.5Z,4,REGULAR,freethrow,1 of 2,['2ndchance'],203486,,,1610612766,110,86,2023-01-24T04:13:48Z,6320000,False,,,0,,M. Plumlee Free Throw 1 of 2 (17 PTS),[203486],1610612766.0,CHA,,,,Plumlee,M. Plumlee,,,,,,,,Made,,,,,,,17.0,,,,,,,,,,,
637,PT04M29.00S,2023-01-24T04:14:02.2Z,4,REGULAR,freethrow,2 of 2,['2ndchance'],203486,,,1610612766,110,87,2023-01-24T04:14:02Z,6330000,False,,,0,,M. Plumlee Free Throw 2 of 2 (18 PTS),[203486],1610612766.0,CHA,,,,Plumlee,M. Plumlee,,,,,,,,Made,,,,,,,18.0,,,,,,,,,,,
638,PT04M18.00S,2023-01-24T04:14:19.1Z,4,REGULAR,2pt,Jump Shot,['pointsinthepaint'],1628374,89.43823915900131,58.57843137254902,1610612762,112,87,2023-01-24T04:14:30Z,6340000,False,43.0,47.0,1,right,L. Markkanen 6' driving floating bank Jump Shot (25 PTS) (T. Horton-Tucker 6 AST),"[1628374, 1629659]",1610612762.0,UTA,driving floating bank,,,Markkanen,L. Markkanen,,,,,In The Paint (Non-RA),0-8 Center,6.35,Made,,,,,,,25.0,T. Horton-Tucker,1629659.0,6.0,,,,,,,,
640,PT04M17.00S,2023-01-24T04:14:24.9Z,4,REGULAR,timeout,full,"['team', 'mandatory']",0,,,1610612766,112,87,2023-01-24T04:14:24Z,6360000,False,,,0,,CHA Timeout,[],1610612766.0,CHA,,,,,,,,,,,,,,,,,,,,,,,,,,,,,,,
642,PT04M17.00S,2023-01-24T04:16:46.7Z,4,REGULAR,substitution,out,[],201144,,,1610612766,112,87,2023-01-24T04:17:08Z,6380000,False,,,0,,SUB out: M. Conley,[201144],1610612762.0,UTA,,,,Conley,M. Conley,,,,,,,,,,,,,,,,,,,,,,,,,,
643,PT04M17.00S,2023-01-24T04:16:46.7Z,4,REGULAR,substitution,out,[],1628374,,,1610612766,112,87,2023-01-24T04:17:08Z,6390000,False,,,0,,SUB out: L. Markkanen,[1628374],1610612762.0,UTA,,,,Markkanen,L. Markkanen,,,,,,,,,,,,,,,,,,,,,,,,,,
644,PT04M17.00S,2023-01-24T04:16:46.7Z,4,REGULAR,substitution,out,[],1631117,,,1610612766,112,87,2023-01-24T04:17:08Z,6400000,False,,,0,,SUB out: W. Kessler,[1631117],1610612762.0,UTA,,,,Kessler,W. Kessler,,,,,,,,,,,,,,,,,,,,,,,,,,
645,PT04M17.00S,2023-01-24T04:16:46.7Z,4,REGULAR,substitution,out,[],1626179,,,1610612766,112,87,2023-01-24T04:17:08Z,6410000,False,,,0,,SUB out: T. Rozier,[1626179],1610612766.0,CHA,,,,Rozier,T. Rozier,,,,,,,,,,,,,,,,,,,,,,,,,,
646,PT04M17.00S,2023-01-24T04:16:46.7Z,4,REGULAR,substitution,out,[],203486,,,1610612766,112,87,2023-01-24T04:17:08Z,6420000,False,,,0,,SUB out: M. Plumlee,[203486],1610612766.0,CHA,,,,Plumlee,M. Plumlee,,,,,,,,,,,,,,,,,,,,,,,,,,
647,PT04M17.00S,2023-01-24T04:16:46.7Z,4,REGULAR,substitution,out,[],1629023,,,1610612766,112,87,2023-01-24T04:17:08Z,6430000,False,,,0,,SUB out: P. Washington,[1629023],1610612766.0,CHA,,,,Washington,P. Washington,,,,,,,,,,,,,,,,,,,,,,,,,,
648,PT04M17.00S,2023-01-24T04:16:46.7Z,4,REGULAR,substitution,out,[],1629667,,,1610612766,112,87,2023-01-24T04:17:08Z,6440000,False,,,0,,SUB out: J. McDaniels,[1629667],1610612766.0,CHA,,,,McDaniels,J. McDaniels,,,,,,,,,,,,,,,,,,,,,,,,,,
649,PT04M17.00S,2023-01-24T04:16:46.7Z,4,REGULAR,substitution,in,[],1629638,,,1610612766,112,87,2023-01-24T04:17:08Z,6450000,False,,,0,,SUB in: N. Alexander-Walker,[1629638],1610612762.0,UTA,,,,Alexander-Walker,N. Alexander-Walker,,,,,,,,,,,,,,,,,,,,,,,,,,
650,PT04M17.00S,2023-01-24T04:16:46.7Z,4,REGULAR,substitution,in,[],1628962,,,1610612766,112,87,2023-01-24T04:17:08Z,6460000,False,,,0,,SUB in: U. Azubuike,[1628962],1610612762.0,UTA,,,,Azubuike,U. Azubuike,,,,,,,,,,,,,,,,,,,,,,,,,,
651,PT04M17.00S,2023-01-24T04:16:46.7Z,4,REGULAR,substitution,in,[],1631323,,,1610612766,112,87,2023-01-24T04:17:08Z,6470000,False,,,0,,SUB in: S. Fontecchio,[1631323],1610612762.0,UTA,,,,Fontecchio,S. Fontecchio,,,,,,,,,,,,,,,,,,,,,,,,,,
652,PT04M17.00S,2023-01-24T04:16:46.7Z,4,REGULAR,substitution,in,[],1630208,,,1610612766,112,87,2023-01-24T04:17:08Z,6480000,False,,,0,,SUB in: N. Richards,[1630208],1610612766.0,CHA,,,,Richards,N. Richards,,,,,,,,,,,,,,,,,,,,,,,,,,
653,PT04M17.00S,2023-01-24T04:16:46.7Z,4,REGULAR,substitution,in,[],1628372,,,1610612766,112,87,2023-01-24T04:17:08Z,6490000,False,,,0,,SUB in: D. Smith Jr.,[1628372],1610612766.0,CHA,,,,Smith Jr.,D. Smith Jr.,,,,,,,,,,,,,,,,,,,,,,,,,,
654,PT04M17.00S,2023-01-24T04:16:46.7Z,4,REGULAR,substitution,in,[],1630539,,,1610612766,112,87,2023-01-24T04:17:08Z,6500000,False,,,0,,SUB in: K. Jones,[1630539],1610612766.0,CHA,,,,Jones,K. Jones,,,,,,,,,,,,,,,,,,,,,,,,,,
655,PT04M17.00S,2023-01-24T04:16:46.7Z,4,REGULAR,substitution,in,[],1630550,,,1610612766,112,87,2023-01-24T04:17:08Z,6510000,False,,,0,,SUB in: J. Thor,[1630550],1610612766.0,CHA,,,,Thor,J. Thor,,,,,,,,,,,,,,,,,,,,,,,,,,
656,PT04M06.00S,2023-01-24T04:17:28.4Z,4,REGULAR,2pt,DUNK,['pointsinthepaint'],1630208,7.046649145860711,45.09803921568628,1610612766,112,87,2023-01-24T04:17:32Z,6520000,False,25.0,14.0,1,left,MISS N. Richards DUNK - blocked,"[1630208, 1629638]",1610612766.0,CHA,,,,Richards,N. Richards,,,,,Restricted Area,0-8 Center,2.81,Missed,,,,,,,,,,,,,Alexander-Walker,1629638.0,,,,
657,PT04M06.00S,2023-01-24T04:17:28.4Z,4,REGULAR,block,,[],1629638,,,1610612766,112,87,2023-01-24T04:17:30Z,6530000,False,,,0,,N. Alexander-Walker BLOCK (1 BLK),[1629638],1610612762.0,UTA,,,,Alexander-Walker,N. Alexander-Walker,,,,,Restricted Area,0-8 Center,,,,,,,,,,,,,,,,,,,,
658,PT04M03.00S,2023-01-24T04:17:31.4Z,4,REGULAR,rebound,defensive,[],1631323,,,1610612762,112,87,2023-01-24T04:17:32Z,6540000,False,,,0,,S. Fontecchio REBOUND (Off:0 Def:1),[1631323],1610612762.0,UTA,,,,Fontecchio,S. Fontecchio,,,,,Restricted Area,0-8 Center,,,656.0,1.0,1.0,0.0,,,,,,,,,,,,,,
659,PT04M01.00S,2023-01-24T04:17:32.9Z,4,REGULAR,turnover,lost ball,[],1631323,,,1610612762,112,87,2023-01-24T04:17:37Z,6550000,False,,,0,,S. Fontecchio lost ball TURNOVER (1 TO),"[1631323, 1630208]",1610612762.0,UTA,,,,Fontecchio,S. Fontecchio,,,,,Mid-Range,16-24 Left Center,,,,,,,,1.0,,,,,Richards,1630208.0,,,,,,
660,PT04M01.00S,2023-01-24T04:17:32.9Z,4,REGULAR,steal,,[],1630208,,,1610612766,112,87,2023-01-24T04:17:34Z,6560000,False,,,0,,N. Richards STEAL (1 STL),[1630208],1610612766.0,CHA,,,,Richards,N. Richards,,,,,Mid-Range,16-24 Left Center,,,,,,,,,,,,,,,,,,,,
661,PT03M59.00S,2023-01-24T04:17:35.0Z,4,REGULAR,2pt,DUNK,"['pointsinthepaint', 'fromturnover']",1630208,7.703679369250986,50.0,1610612766,112,89,2023-01-24T04:17:43Z,6570000,False,0.0,20.0,1,left,N. Richards DUNK (2 PTS),[1630208],1610612766.0,CHA,,,,Richards,N. Richards,,,,,Restricted Area,0-8 Center,1.99,Made,,,,,,,2.0,,,,,,,,,,,
662,PT03M49.00S,2023-01-24T04:17:48.5Z,4,REGULAR,foul,personal,"['inpenalty', '2freethrow']",1630550,,,1610612762,112,89,2023-01-24T04:17:55Z,6580000,False,,,0,,J. Thor shooting personal FOUL (1 PF) (Horton-Tucker 2 FT),"[1630550, 1629659]",1610612766.0,CHA,shooting,,,Thor,J. Thor,,,,,In The Paint (Non-RA),0-8 Center,,,,,,,201245.0,,,,,,,,,,1.0,0.0,Horton-Tucker,1629659.0
664,PT03M49.00S,2023-01-24T04:18:13.9Z,4,REGULAR,freethrow,1 of 2,[],1629659,,,1610612762,113,89,2023-01-24T04:18:31Z,6600000,False,,,0,,T. Horton-Tucker Free Throw 1 of 2 (7 PTS),[1629659],1610612762.0,UTA,,,,Horton-Tucker,T. Horton-Tucker,,,,,,,,Made,,,,,,,7.0,,,,,,,,,,,
665,PT03M49.00S,2023-01-24T04:18:13.9Z,4,REGULAR,freethrow,2 of 2,[],1629659,,,1610612762,113,89,2023-01-24T04:18:31Z,6610000,False,,,0,,MISS T. Horton-Tucker Free Throw 2 of 2,[1629659],1610612762.0,UTA,,,,Horton-Tucker,T. Horton-Tucker,,,,,,,,Missed,,,,,,,,,,,,,,,,,,
666,PT03M45.00S,2023-01-24T04:18:17.9Z,4,REGULAR,rebound,defensive,[],1628372,,,1610612766,113,89,2023-01-24T04:18:31Z,6620000,False,,,0,,D. Smith Jr. REBOUND (Off:0 Def:3),[1628372],1610612766.0,CHA,,,,Smith Jr.,D. Smith Jr.,,,,,,,,,665.0,3.0,3.0,0.0,,,,,,,,,,,,,,
667,PT03M39.00S,2023-01-24T04:18:37.5Z,4,REGULAR,2pt,Layup,['pointsinthepaint'],1630550,7.440867279894875,44.6078431372549,1610612766,113,89,2023-01-24T04:19:05Z,6630000,False,27.0,17.0,1,left,MISS J. Thor running Layup,[1630550],1610612766.0,CHA,running,,,Thor,J. Thor,,,,,Restricted Area,0-8 Center,3.21,Missed,,,,,,,,,,,,,,,,,,
668,PT03M37.00S,2023-01-24T04:18:39.5Z,4,REGULAR,rebound,defensive,[],1629659,,,1610612762,113,89,2023-01-24T04:18:49Z,6640000,False,,,0,,T. Horton-Tucker REBOUND (Off:0 Def:2),[1629659],1610612762.0,UTA,,,,Horton-Tucker,T. Horton-Tucker,,,,,Restricted Area,0-8 Center,,,667.0,2.0,2.0,0.0,,,,,,,,,,,,,,
669,PT03M30.00S,2023-01-24T04:18:47.0Z,4,REGULAR,3pt,Jump Shot,[],1631323,77.34888304862024,88.97058823529412,1610612762,116,89,2023-01-24T04:18:55Z,6650000,False,195.0,160.0,1,right,S. Fontecchio 25' 3PT bank (3 PTS) (N. Alexander-Walker 1 AST),"[1631323, 1629638]",1610612762.0,UTA,bank,,,Fontecchio,S. Fontecchio,,,,,Above the Break 3,24+ Right Center,25.24,Made,,,,,,,3.0,N. Alexander-Walker,1629638.0,1.0,,,,,,,,
671,PT03M04.00S,2023-01-24T04:19:12.3Z,4,REGULAR,2pt,DUNK,['pointsinthepaint'],1630539,5.732588699080158,51.9607843137255,1610612766,116,91,2023-01-24T04:19:16Z,6670000,False,-10.0,1.0,1,left,K. Jones cutting DUNK (2 PTS) (D. Smith Jr. 7 AST),"[1630539, 1628372]",1610612766.0,CHA,cutting,,,Jones,K. Jones,,,,,Restricted Area,0-8 Center,0.99,Made,,,,,,,2.0,D. Smith Jr.,1628372.0,7.0,,,,,,,,
673,PT02M54.00S,2023-01-24T04:19:25.1Z,4,REGULAR,turnover,traveling,[],1628962,,,1610612762,116,91,2023-01-24T04:19:32Z,6690000,False,,,0,,U. Azubuike traveling TURNOVER (1 TO),[1628962],1610612762.0,UTA,,,,Azubuike,U. Azubuike,,,,,Restricted Area,0-8 Center,,,,,,,1628159.0,1.0,,,,,,,,,,,,
674,PT02M54.00S,2023-01-24T04:19:30.0Z,4,REGULAR,substitution,out,[],1630534,,,1610612766,116,91,2023-01-24T04:19:34Z,6700000,False,,,0,,SUB out: O. Agbaji,[1630534],1610612762.0,UTA,,,,Agbaji,O. Agbaji,,,,,,,,,,,,,,,,,,,,,,,,,,
675,PT02M54.00S,2023-01-24T04:19:30.0Z,4,REGULAR,substitution,in,[],1630195,,,1610612766,116,91,2023-01-24T04:19:34Z,6710000,False,,,0,,SUB in: L. Bolmaro,[1630195],1610612762.0,UTA,,,,Bolmaro,L. Bolmaro,,,,,,,,,,,,,,,,,,,,,,,,,,
676,PT02M35.00S,2023-01-24T04:20:01.8Z,4,REGULAR,foul,personal,"['inpenalty', '2freethrow']",1631323,,,1610612766,116,91,2023-01-24T04:20:08Z,6720000,False,,,0,,S. Fontecchio shooting personal FOUL (1 PF) (Smith Jr. 2 FT),"[1631323, 1628372]",1610612762.0,UTA,shooting,,,Fontecchio,S. Fontecchio,,,,,In The Paint (Non-RA),8-16 Center,,,,,,,1628159.0,,,,,,,,,,1.0,0.0,Smith Jr.,1628372.0
678,PT02M35.00S,2023-01-24T04:20:24.1Z,4,REGULAR,freethrow,1 of 2,['fromturnover'],1628372,,,1610612766,116,91,2023-01-24T04:20:24Z,6740000,False,,,0,,MISS D. Smith Jr. Free Throw 1 of 2,[1628372],1610612766.0,CHA,,,,Smith Jr.,D. Smith Jr.,,,,,,,,Missed,,,,,,,,,,,,,,,,,,
679,PT02M35.00S,2023-01-24T04:20:24.1Z,4,REGULAR,rebound,offensive,"['deadball', 'team']",0,,,1610612766,116,91,2023-01-24T04:20:24Z,6750000,False,,,0,,TEAM offensive REBOUND,[],1610612766.0,CHA,,,,,,,,,,,,,,678.0,,,,,,,,,,,,,,,,,
680,PT02M35.00S,2023-01-24T04:20:37.5Z,4,REGULAR,freethrow,2 of 2,['fromturnover'],1628372,,,1610612766,116,92,2023-01-24T04:20:37Z,6760000,False,,,0,,D. Smith Jr. Free Throw 2 of 2 (11 PTS),[1628372],1610612766.0,CHA,,,,Smith Jr.,D. Smith Jr.,,,,,,,,Made,,,,,,,11.0,,,,,,,,,,,
681,PT02M25.00S,2023-01-24T04:20:49.6Z,4,REGULAR,2pt,Jump Shot,['pointsinthepaint'],1629638,85.62746386333771,65.44117647058823,1610612762,118,92,2023-01-24T04:20:55Z,6770000,False,77.0,83.0,1,right,N. Alexander-Walker 11' pullup Jump Shot (2 PTS),[1629638],1610612762.0,UTA,pullup,,,Alexander-Walker,N. Alexander-Walker,,,,,In The Paint (Non-RA),8-16 Right,11.31,Made,,,,,,,2.0,,,,,,,,,,,
682,PT02M07.00S,2023-01-24T04:21:07.8Z,4,REGULAR,2pt,Jump Shot,[],1631121,6.915243101182654,16.42156862745098,1610612766,118,92,2023-01-24T04:21:14Z,6780000,False,168.0,13.0,1,left,MISS B. McGowens 16' step back Shot - blocked,"[1631121, 1628962]",1610612766.0,CHA,step back,,,McGowens,B. McGowens,,,,,Mid-Range,16-24 Right,16.84,Missed,,,,,,,,,,,,,Azubuike,1628962.0,,,,
683,PT02M07.00S,2023-01-24T04:21:07.8Z,4,REGULAR,block,,[],1628962,,,1610612766,118,92,2023-01-24T04:21:10Z,6790000,False,,,0,,U. Azubuike BLOCK (1 BLK),[1628962],1610612762.0,UTA,,,,Azubuike,U. Azubuike,,,,,Mid-Range,16-24 Right,,,,,,,,,,,,,,,,,,,,
684,PT02M07.00S,2023-01-24T04:21:07.8Z,4,REGULAR,rebound,offensive,['team'],0,,,1610612766,118,92,2023-01-24T04:21:14Z,6800000,False,,,0,,TEAM offensive REBOUND,[],1610612766.0,CHA,,,,,,,,,,Mid-Range,16-24 Right,,,682.0,,,,,,,,,,,,,,,,,
686,PT01M57.00S,2023-01-24T04:21:32.7Z,4,REGULAR,2pt,Jump Shot,['2ndchance'],1628372,21.50131406044678,72.30392156862744,1610612766,118,94,2023-01-24T04:21:36Z,6820000,False,-112.0,150.0,1,left,D. Smith Jr. 18' pullup Jump Shot (13 PTS) (B. McGowens 1 AST),"[1628372, 1631121]",1610612766.0,CHA,pullup,,,Smith Jr.,D. Smith Jr.,,,,,Mid-Range,16-24 Left Center,18.66,Made,,,,,,,13.0,B. McGowens,1631121.0,1.0,,,,,,,,
687,PT01M46.00S,2023-01-24T04:21:48.3Z,4,REGULAR,2pt,DUNK,['pointsinthepaint'],1628962,89.83245729303549,46.07843137254902,1610612762,118,94,2023-01-24T04:21:53Z,6830000,False,-20.0,43.0,1,right,MISS U. Azubuike cutting DUNK - blocked,"[1628962, 1630208]",1610612762.0,UTA,cutting,,,Azubuike,U. Azubuike,,,,,In The Paint (Non-RA),0-8 Center,4.73,Missed,,,,,,,,,,,,,Richards,1630208.0,,,,
688,PT01M46.00S,2023-01-24T04:21:48.3Z,4,REGULAR,block,,[],1630208,,,1610612762,118,94,2023-01-24T04:21:50Z,6840000,False,,,0,,N. Richards BLOCK (1 BLK),[1630208],1610612766.0,CHA,,,,Richards,N. Richards,,,,,In The Paint (Non-RA),0-8 Center,,,,,,,,,,,,,,,,,,,,
689,PT01M42.00S,2023-01-24T04:21:52.3Z,4,REGULAR,rebound,defensive,[],1630539,,,1610612766,118,94,2023-01-24T04:21:53Z,6850000,False,,,0,,K. Jones REBOUND (Off:0 Def:1),[1630539],1610612766.0,CHA,,,,Jones,K. Jones,,,,,In The Paint (Non-RA),0-8 Center,,,687.0,1.0,1.0,0.0,,,,,,,,,,,,,,
690,PT01M36.00S,2023-01-24T04:21:59.1Z,4,REGULAR,2pt,DUNK,"['fastbreak', 'pointsinthepaint']",1630539,5.601182654402102,39.705882352941174,1610612766,118,96,2023-01-24T04:22:16Z,6860000,False,51.0,0.0,1,left,K. Jones running DUNK (4 PTS) (D. Smith Jr. 8 AST),"[1630539, 1628372]",1610612766.0,CHA,running,,,Jones,K. Jones,,,,,In The Paint (Non-RA),0-8 Center,5.15,Made,,,,,,,4.0,D. Smith Jr.,1628372.0,8.0,,,,,,,,
692,PT01M26.00S,2023-01-24T04:22:11.3Z,4,REGULAR,2pt,Layup,['pointsinthepaint'],1629659,92.19776609724047,44.85294117647059,1610612762,118,96,2023-01-24T04:22:22Z,6880000,False,-26.0,21.0,1,right,MISS T. Horton-Tucker Layup,[1629659],1610612762.0,UTA,,,,Horton-Tucker,T. Horton-Tucker,,,,,Restricted Area,0-8 Center,3.31,Missed,,,,,,,,,,,,,,,,,,
693,PT01M26.00S,2023-01-24T04:22:11.3Z,4,REGULAR,rebound,defensive,['team'],0,,,1610612766,118,96,2023-01-24T04:22:22Z,6890000,False,,,0,,TEAM defensive REBOUND,[],1610612766.0,CHA,,,,,,,,,,Restricted Area,0-8 Center,,,692.0,,,,,,,,,,,,,,,,,
694,PT01M26.00S,2023-01-24T04:22:16.7Z,4,REGULAR,foul,personal,"['inpenalty', '2freethrow']",1628962,,,1610612766,118,96,2023-01-24T04:22:36Z,6900000,False,,,0,,U. Azubuike loose ball personal FOUL (1 PF) (Smith Jr. 2 FT),"[1628962, 1628372]",1610612762.0,UTA,loose ball,,,Azubuike,U. Azubuike,,,,,Restricted Area,0-8 Center,,,,,,,1628159.0,,,,,,,,,,1.0,0.0,Smith Jr.,1628372.0
696,PT01M26.00S,2023-01-24T04:22:41.2Z,4,REGULAR,freethrow,1 of 2,[],1628372,,,1610612766,118,97,2023-01-24T04:22:41Z,6920000,False,,,0,,D. Smith Jr. Free Throw 1 of 2 (14 PTS),[1628372],1610612766.0,CHA,,,,Smith Jr.,D. Smith Jr.,,,,,,,,Made,,,,,,,14.0,,,,,,,,,,,
698,PT01M26.00S,2023-01-24T04:22:53.4Z,4,REGULAR,freethrow,2 of 2,[],1628372,,,1610612766,118,98,2023-01-24T04:22:53Z,6930000,False,,,0,,D. Smith Jr. Free Throw 2 of 2 (15 PTS),[1628372],1610612766.0,CHA,,,,Smith Jr.,D. Smith Jr.,,,,,,,,Made,,,,,,,15.0,,,,,,,,,,,
699,PT01M11.00S,2023-01-24T04:23:14.0Z,4,REGULAR,foul,personal,"['inpenalty', '2freethrow']",1628372,,,1610612762,118,98,2023-01-24T04:23:19Z,6940000,False,,,0,,D. Smith Jr. personal FOUL (3 PF) (Alexander-Walker 2 FT),"[1628372, 1629638]",1610612766.0,CHA,,,,Smith Jr.,D. Smith Jr.,,,,,Mid-Range,16-24 Center,,,,,,,202049.0,,,,,,,,,,3.0,0.0,Alexander-Walker,1629638.0
701,PT01M11.00S,2023-01-24T04:23:31.4Z,4,REGULAR,freethrow,1 of 2,[],1629638,,,1610612762,119,98,2023-01-24T04:23:31Z,6960000,False,,,0,,N. Alexander-Walker Free Throw 1 of 2 (3 PTS),[1629638],1610612762.0,UTA,,,,Alexander-Walker,N. Alexander-Walker,,,,,,,,Made,,,,,,,3.0,,,,,,,,,,,
702,PT01M11.00S,2023-01-24T04:23:43.7Z,4,REGULAR,freethrow,2 of 2,[],1629638,,,1610612762,120,98,2023-01-24T04:23:43Z,6970000,False,,,0,,N. Alexander-Walker Free Throw 2 of 2 (4 PTS),[1629638],1610612762.0,UTA,,,,Alexander-Walker,N. Alexander-Walker,,,,,,,,Made,,,,,,,4.0,,,,,,,,,,,
703,PT00M58.10S,2023-01-24T04:24:01.1Z,4,REGULAR,foul,personal,"['inpenalty', '2freethrow']",1628962,,,1610612766,120,98,2023-01-24T04:24:05Z,6980000,False,,,0,,U. Azubuike shooting personal FOUL (2 PF) (McGowens 2 FT),"[1628962, 1631121]",1610612762.0,UTA,shooting,,,Azubuike,U. Azubuike,,,,,Restricted Area,0-8 Center,,,,,,,202049.0,,,,,,,,,,2.0,0.0,McGowens,1631121.0
705,PT00M58.10S,2023-01-24T04:24:20.2Z,4,REGULAR,freethrow,1 of 2,[],1631121,,,1610612766,120,99,2023-01-24T04:24:20Z,7000000,False,,,0,,B. McGowens Free Throw 1 of 2 (1 PTS),[1631121],1610612766.0,CHA,,,,McGowens,B. McGowens,,,,,,,,Made,,,,,,,1.0,,,,,,,,,,,
706,PT00M58.10S,2023-01-24T04:24:34.7Z,4,REGULAR,freethrow,2 of 2,[],1631121,,,1610612766,120,100,2023-01-24T04:24:34Z,7010000,False,,,0,,B. McGowens Free Throw 2 of 2 (2 PTS),[1631121],1610612766.0,CHA,,,,McGowens,B. McGowens,,,,,,,,Made,,,,,,,2.0,,,,,,,,,,,
707,PT00M40.90S,2023-01-24T04:24:54.8Z,4,REGULAR,2pt,Hook,['pointsinthepaint'],1630195,89.17542706964521,40.19607843137255,1610612762,120,100,2023-01-24T04:24:58Z,7020000,False,-49.0,49.0,1,right,MISS L. Bolmaro 6' driving Hook - blocked,"[1630195, 1630208]",1610612762.0,UTA,driving,,,Bolmaro,L. Bolmaro,,,,,In The Paint (Non-RA),0-8 Center,6.95,Missed,,,,,,,,,,,,,Richards,1630208.0,,,,
708,PT00M40.90S,2023-01-24T04:24:54.8Z,4,REGULAR,block,,[],1630208,,,1610612762,120,100,2023-01-24T04:24:57Z,7030000,False,,,0,,N. Richards BLOCK (2 BLK),[1630208],1610612766.0,CHA,,,,Richards,N. Richards,,,,,In The Paint (Non-RA),0-8 Center,,,,,,,,,,,,,,,,,,,,
709,PT00M37.10S,2023-01-24T04:24:58.6Z,4,REGULAR,rebound,offensive,[],1631323,,,1610612762,120,100,2023-01-24T04:24:58Z,7040000,False,,,0,,S. Fontecchio REBOUND (Off:1 Def:1),[1631323],1610612762.0,UTA,,,,Fontecchio,S. Fontecchio,,,,,In The Paint (Non-RA),0-8 Center,,,707.0,2.0,1.0,1.0,,,,,,,,,,,,,,
710,PT00M36.10S,2023-01-24T04:25:01.3Z,4,REGULAR,turnover,out-of-bounds,[],1631323,,,1610612762,120,100,2023-01-24T04:25:07Z,7050000,False,,,0,,S. Fontecchio lost ball out-of-bounds TURNOVER (2 TO),[1631323],1610612762.0,UTA,lost ball,,,Fontecchio,S. Fontecchio,,,,,Above the Break 3,24+ Left Center,,,,,,,201245.0,2.0,,,,,,,,,,,,
711,PT00M26.90S,2023-01-24T04:25:16.2Z,4,REGULAR,2pt,Layup,"['pointsinthepaint', 'fromturnover']",1630208,5.601182654402102,54.166666666666664,1610612766,120,102,2023-01-24T04:25:21Z,7060000,False,-21.0,0.0,1,left,N. Richards cutting Layup (4 PTS) (D. Smith Jr. 9 AST),"[1630208, 1628372]",1610612766.0,CHA,cutting,,,Richards,N. Richards,,,,,Restricted Area,0-8 Center,2.08,Made,,,,,,,4.0,D. Smith Jr.,1628372.0,9.0,,,,,,,,
713,PT00M06.60S,2023-01-24T04:25:40.4Z,4,REGULAR,3pt,Jump Shot,[],1630195,69.99014454664915,20.588235294117645,1610612762,120,102,2023-01-24T04:25:45Z,7080000,False,-147.0,230.0,1,right,MISS L. Bolmaro 27' 3PT,[1630195],1610612762.0,UTA,,,,Bolmaro,L. Bolmaro,,,,,Above the Break 3,24+ Left Center,27.27,Missed,,,,,,,,,,,,,,,,,,
714,PT00M02.60S,2023-01-24T04:25:44.4Z,4,REGULAR,rebound,defensive,[],1631121,,,1610612766,120,102,2023-01-24T04:25:45Z,7090000,False,,,0,,B. McGowens REBOUND (Off:1 Def:3),[1631121],1610612766.0,CHA,,,,McGowens,B. McGowens,,,,,Above the Break 3,24+ Left Center,,,713.0,4.0,3.0,1.0,,,,,,,,,,,,,,
715,PT00M00.00S,2023-01-24T04:25:50.1Z,4,REGULAR,period,end,[],0,,,1610612766,120,102,2023-01-24T04:25:50Z,7100000,False,,,0,,Period End,[],,,,,,,,,,,,,,,,,,,,,,,,,,,,,,,,,
716,PT00M00.00S,2023-01-24T04:25:51.7Z,4,REGULAR,game,end,[],0,,,0,120,102,2023-01-24T04:25:51Z,7110000,False,,,0,,Game End,[],,,,,,,,,,,,,,,,,,,,,,,,,,,,,,,,,
