actionNumber,clock,timeActual,period,periodType,actionType,subType,qualifiers,personId,x,y,possession,scoreHome,scoreAway,edited,orderNumber,isTargetScoreLastPeriod,xLegacy,yLegacy,isFieldGoal,side,description,personIdsFilter,teamId,teamTricode,descriptor,jumpBallRecoveredName,jumpBallRecoverdPersonId,playerName,playerNameI,jumpBallWonPlayerName,jumpBallWonPersonId,jumpBallLostPlayerName,jumpBallLostPersonId,area,areaDetail,shotDistance,shotResult,pointsTotal,assistPlayerNameInitial,assistPersonId,assistTotal,shotActionNumber,reboundTotal,reboundDefensiveTotal,reboundOffensiveTotal,officialId,foulPersonalTotal,foulTechnicalTotal,foulDrawnPlayerName,foulDrawnPersonId,turnoverTotal,stealPlayerName,stealPersonId,blockPlayerName,blockPersonId
2,PT12M00.00S,2024-03-24T00:10:56.5Z,1,REGULAR,period,start,[],0,,,0,0,0,2024-03-24T00:10:56Z,20000,False,,,0,,Period Start,[],,,,,,,,,,,,,,,,,,,,,,,,,,,,,,,,,
4,PT11M57.00S,2024-03-24T00:10:58.7Z,1,REGULAR,jumpball,recovered,[],1641718,,,1610612762,0,0,2024-03-24T00:10:58Z,40000,False,,,0,,Jump Ball J. Collins vs. J. Smith Jr.: Tip to K. George,"[1641718, 1628381, 1631095]",1610612762.0,UTA,startperiod,K. George,1641718.0,George,K. George,Collins,1628381.0,Smith Jr.,1631095.0,,,,,,,,,,,,,,,,,,,,,,
7,PT11M43.00S,2024-03-24T00:11:13.4Z,1,REGULAR,2pt,Hook,['pointsinthepaint'],1628381,88.25558475689881,55.392156862745104,1610612762,0,2,2024-03-24T00:11:19Z,70000,False,27.0,58.0,1,right,J. Collins 6' turnaround Hook (2 PTS) (K. George 1 AST),"[1628381, 1641718]",1610612762.0,UTA,turnaround,,,Collins,J. Collins,,,,,In The Paint (Non-RA),0-8 Center,6.39,Made,2.0,K. George,1641718.0,1.0,,,,,,,,,,,,,,
9,PT11M26.00S,2024-03-24T00:11:30.0Z,1,REGULAR,3pt,Jump Shot,[],1630224,32.53942181340342,43.872549019607845,1610612745,0,2,2024-03-24T00:11:37Z,90000,False,31.0,253.0,1,left,MISS J. Green 25' 3PT,[1630224],1610612745.0,HOU,,,,Green,J. Green,,,,,Above the Break 3,24+ Center,25.52,Missed,,,,,,,,,,,,,,,,,,
10,PT11M24.00S,2024-03-24T00:11:32.0Z,1,REGULAR,rebound,defensive,[],1641718,,,1610612762,0,2,2024-03-24T00:11:37Z,100000,False,,,0,,K. George REBOUND (Off:0 Def:1),[1641718],1610612762.0,UTA,,,,George,K. George,,,,,Above the Break 3,24+ Center,,,,,,,9.0,1.0,1.0,0.0,,,,,,,,,,
11,PT11M10.00S,2024-03-24T00:11:45.5Z,1,REGULAR,3pt,Jump Shot,[],1641718,70.51576872536137,73.52941176470588,1610612762,0,2,2024-03-24T00:11:52Z,110000,False,118.0,225.0,1,right,MISS K. George 25' pullup 3PT,[1641718],1610612762.0,UTA,pullup,,,George,K. George,,,,,Above the Break 3,24+ Right Center,25.36,Missed,,,,,,,,,,,,,,,,,,
12,PT11M09.00S,2024-03-24T00:11:46.5Z,1,REGULAR,rebound,defensive,[],1630224,,,1610612745,0,2,2024-03-24T00:11:52Z,120000,False,,,0,,J. Green REBOUND (Off:0 Def:1),[1630224],1610612745.0,HOU,,,,Green,J. Green,,,,,Above the Break 3,24+ Right Center,,,,,,,11.0,1.0,1.0,0.0,,,,,,,,,,
13,PT11M04.00S,2024-03-24T00:11:53.9Z,1,REGULAR,foul,personal,['2freethrow'],1630548,,,1610612745,0,2,2024-03-24T00:12:05Z,130000,False,,,0,,J. Juzang shooting personal FOUL (1 PF) (VanVleet 2 FT),"[1630548, 1627832]",1610612762.0,UTA,shooting,,,Juzang,J. Juzang,,,,,In The Paint (Non-RA),8-16 Right,,,,,,,,,,,1628951.0,1.0,0.0,VanVleet,1627832.0,,,,,
15,PT11M04.00S,2024-03-24T00:12:18.3Z,1,REGULAR,freethrow,1 of 2,['fastbreak'],1627832,,,1610612745,1,2,2024-03-24T00:12:18Z,150000,False,,,0,,F. VanVleet Free Throw 1 of 2 (1 PTS),[1627832],1610612745.0,HOU,,,,VanVleet,F. VanVleet,,,,,,,,Made,1.0,,,,,,,,,,,,,,,,,
16,PT11M04.00S,2024-03-24T00:12:32.7Z,1,REGULAR,freethrow,2 of 2,['fastbreak'],1627832,,,1610612745,2,2,2024-03-24T00:12:32Z,160000,False,,,0,,F. VanVleet Free Throw 2 of 2 (2 PTS),[1627832],1610612745.0,HOU,,,,VanVleet,F. VanVleet,,,,,,,,Made,2.0,,,,,,,,,,,,,,,,,
17,PT10M49.00S,2024-03-24T00:12:49.5Z,1,REGULAR,3pt,Jump Shot,[],1630548,72.35545335085413,81.12745098039215,1610612762,2,2,2024-03-24T00:12:56Z,170000,False,156.0,207.0,1,right,MISS J. Juzang 25' 3PT,[1630548],1610612762.0,UTA,,,,Juzang,J. Juzang,,,,,Above the Break 3,24+ Right Center,25.93,Missed,,,,,,,,,,,,,,,,,,
18,PT10M47.00S,2024-03-24T00:12:51.5Z,1,REGULAR,rebound,offensive,[],1628381,,,1610612762,2,2,2024-03-24T00:12:56Z,180000,False,,,0,,J. Collins REBOUND (Off:1 Def:0),[1628381],1610612762.0,UTA,,,,Collins,J. Collins,,,,,Above the Break 3,24+ Right Center,,,,,,,17.0,1.0,0.0,1.0,,,,,,,,,,
19,PT10M44.00S,2024-03-24T00:12:54.8Z,1,REGULAR,turnover,bad pass,[],1628381,,,1610612762,2,2,2024-03-24T00:12:59Z,190000,False,,,0,,J. Collins bad pass TURNOVER (1 TO),"[1628381, 1627832]",1610612762.0,UTA,,,,Collins,J. Collins,,,,,Mid-Range,16-24 Center,,,,,,,,,,,,,,,,1.0,VanVleet,1627832.0,,
20,PT10M44.00S,2024-03-24T00:12:54.8Z,1,REGULAR,steal,,[],1627832,,,1610612745,2,2,2024-03-24T00:12:56Z,200000,False,,,0,,F. VanVleet STEAL (1 STL),[1627832],1610612745.0,HOU,,,,VanVleet,F. VanVleet,,,,,Mid-Range,16-24 Center,,,,,,,,,,,,,,,,,,,,
21,PT10M40.00S,2024-03-24T00:12:58.5Z,1,REGULAR,2pt,DUNK,"['pointsinthepaint', 'fromturnover', 'fastbreak']",1630224,8.229303547963205,51.9607843137255,1610612745,4,2,2024-03-24T00:13:06Z,210000,False,-10.0,25.0,1,left,J. Green running alley-oop DUNK (2 PTS) (A. Thompson 1 AST),"[1630224, 1641708]",1610612745.0,HOU,running alley-oop,,,Green,J. Green,,,,,Restricted Area,0-8 Center,2.68,Made,2.0,A. Thompson,1641708.0,1.0,,,,,,,,,,,,,,
23,PT10M22.00S,2024-03-24T00:13:15.7Z,1,REGULAR,3pt,Jump Shot,[],1641707,67.36202365308804,35.78431372549019,1610612762,4,5,2024-03-24T00:13:21Z,230000,False,-71.0,254.0,1,right,T. Hendricks 26' 3PT  (3 PTS) (C. Sexton 1 AST),"[1641707, 1629012]",1610612762.0,UTA,,,,Hendricks,T. Hendricks,,,,,Above the Break 3,24+ Center,26.41,Made,3.0,C. Sexton,1629012.0,1.0,,,,,,,,,,,,,,
25,PT10M04.00S,2024-03-24T00:13:35.8Z,1,REGULAR,2pt,Jump Shot,['pointsinthepaint'],1631095,12.171484888304862,50.245098039215684,1610612745,6,5,2024-03-24T00:15:18Z,250000,False,-1.0,62.0,1,left,J. Smith Jr. 6' turnaround Jump Shot (2 PTS),[1631095],1610612745.0,HOU,turnaround,,,Smith Jr.,J. Smith Jr.,,,,,In The Paint (Non-RA),0-8 Center,6.19,Made,2.0,,,,,,,,,,,,,,,,,
26,PT10M04.00S,2024-03-24T00:13:38.9Z,1,REGULAR,foul,personal,['1freethrow'],1641707,,,1610612745,6,5,2024-03-24T00:13:59Z,260000,False,,,0,,T. Hendricks shooting personal FOUL (1 PF) (Smith Jr. 1 FT),"[1641707, 1631095]",1610612762.0,UTA,shooting,,,Hendricks,T. Hendricks,,,,,In The Paint (Non-RA),0-8 Center,,,,,,,,,,,200834.0,1.0,0.0,Smith Jr.,1631095.0,,,,,
28,PT10M04.00S,2024-03-24T00:14:01.5Z,1,REGULAR,freethrow,1 of 1,[],1631095,,,1610612745,7,5,2024-03-24T00:14:01Z,280000,False,,,0,,J. Smith Jr. Free Throw 1 of 1 (3 PTS),[1631095],1610612745.0,HOU,,,,Smith Jr.,J. Smith Jr.,,,,,,,,Made,3.0,,,,,,,,,,,,,,,,,
29,PT09M47.00S,2024-03-24T00:14:22.2Z,1,REGULAR,2pt,Jump Shot,['pointsinthepaint'],1629012,84.44480946123521,57.107843137254896,1610612762,7,5,2024-03-24T00:14:27Z,290000,False,36.0,94.0,1,right,MISS C. Sexton 10' floating Shot,[1629012],1610612762.0,UTA,floating,,,Sexton,C. Sexton,,,,,In The Paint (Non-RA),8-16 Center,10.02,Missed,,,,,,,,,,,,,,,,,,
30,PT09M47.00S,2024-03-24T00:14:25.2Z,1,REGULAR,rebound,offensive,['team'],0,,,1610612762,7,5,2024-03-24T00:14:25Z,300000,False,,,0,,TEAM offensive REBOUND,[],1610612762.0,UTA,,,,,,,,,,In The Paint (Non-RA),8-16 Center,,,,,,,29.0,,,,,,,,,,,,,
32,PT09M40.00S,2024-03-24T00:14:45.4Z,1,REGULAR,2pt,Layup,"['pointsinthepaint', '2ndchance']",1629012,91.01511169513797,62.00980392156863,1610612762,7,7,2024-03-24T00:14:49Z,320000,False,60.0,32.0,1,right,C. Sexton 6' driving Layup (2 PTS) (J. Collins 1 AST),"[1629012, 1628381]",1610612762.0,UTA,driving,,,Sexton,C. Sexton,,,,,In The Paint (Non-RA),0-8 Center,6.8,Made,2.0,J. Collins,1628381.0,1.0,,,,,,,,,,,,,,
34,PT09M30.00S,2024-03-24T00:14:55.0Z,1,REGULAR,3pt,Jump Shot,[],1627832,24.52365308804205,87.74509803921569,1610612745,10,7,2024-03-24T00:15:00Z,340000,False,-189.0,178.0,1,left,F. VanVleet 25' 3PT  (5 PTS) (A. Thompson 2 AST),"[1627832, 1641708]",1610612745.0,HOU,,,,VanVleet,F. VanVleet,,,,,Above the Break 3,24+ Left Center,25.94,Made,5.0,A. Thompson,1641708.0,2.0,,,,,,,,,,,,,,
36,PT09M11.00S,2024-03-24T00:15:13.2Z,1,REGULAR,2pt,Jump Shot,[],1628381,83.919185282523,77.69607843137256,1610612762,10,7,2024-03-24T00:15:20Z,360000,False,138.0,99.0,1,right,MISS J. Collins 17' Jump Shot,[1628381],1610612762.0,UTA,,,,Collins,J. Collins,,,,,Mid-Range,16-24 Right,17.01,Missed,,,,,,,,,,,,,,,,,,
37,PT09M10.00S,2024-03-24T00:15:14.2Z,1,REGULAR,rebound,defensive,[],1627832,,,1610612745,10,7,2024-03-24T00:15:20Z,370000,False,,,0,,F. VanVleet REBOUND (Off:0 Def:1),[1627832],1610612745.0,HOU,,,,VanVleet,F. VanVleet,,,,,Mid-Range,16-24 Right,,,,,,,36.0,1.0,1.0,0.0,,,,,,,,,,
38,PT09M04.00S,2024-03-24T00:15:21.5Z,1,REGULAR,2pt,Layup,"['pointsinthepaint', 'fastbreak']",1630224,9.674770039421814,48.03921568627451,1610612745,12,7,2024-03-24T00:15:40Z,380000,False,10.0,38.0,1,left,J. Green running Layup (4 PTS),[1630224],1610612745.0,HOU,running,,,Green,J. Green,,,,,Restricted Area,0-8 Center,3.96,Made,4.0,,,,,,,,,,,,,,,,,
41,PT08M48.00S,2024-03-24T00:15:50.3Z,1,REGULAR,foul,personal,['2freethrow'],1627832,,,1610612762,12,7,2024-03-24T00:15:55Z,410000,False,,,0,,F. VanVleet shooting personal FOUL (1 PF) (Sexton 2 FT),"[1627832, 1629012]",1610612745.0,HOU,shooting,,,VanVleet,F. VanVleet,,,,,In The Paint (Non-RA),0-8 Center,,,,,,,,,,,200834.0,1.0,0.0,Sexton,1629012.0,,,,,
43,PT08M48.00S,2024-03-24T00:16:07.0Z,1,REGULAR,freethrow,1 of 2,[],1629012,,,1610612762,12,7,2024-03-24T00:16:07Z,430000,False,,,0,,MISS C. Sexton Free Throw 1 of 2,[1629012],1610612762.0,UTA,,,,Sexton,C. Sexton,,,,,,,,Missed,,,,,,,,,,,,,,,,,,
44,PT08M48.00S,2024-03-24T00:16:07.0Z,1,REGULAR,rebound,offensive,"['deadball', 'team']",0,,,1610612762,12,7,2024-03-24T00:16:07Z,440000,False,,,0,,TEAM offensive REBOUND,[],1610612762.0,UTA,,,,,,,,,,,,,,,,,,43.0,,,,,,,,,,,,,
45,PT08M48.00S,2024-03-24T00:16:24.3Z,1,REGULAR,freethrow,2 of 2,[],1629012,,,1610612762,12,8,2024-03-24T00:16:24Z,450000,False,,,0,,C. Sexton Free Throw 2 of 2 (3 PTS),[1629012],1610612762.0,UTA,,,,Sexton,C. Sexton,,,,,,,,Made,3.0,,,,,,,,,,,,,,,,,
46,PT08M37.00S,2024-03-24T00:16:37.2Z,1,REGULAR,2pt,Layup,['pointsinthepaint'],1630224,7.178055190538765,38.72549019607843,1610612745,12,8,2024-03-24T00:23:00Z,460000,False,56.0,15.0,1,left,MISS J. Green driving finger roll Layup,[1630224],1610612745.0,HOU,driving finger roll,,,Green,J. Green,,,,,In The Paint (Non-RA),0-8 Center,5.84,Missed,,,,,,,,,,,,,,,,,,
47,PT08M36.00S,2024-03-24T00:16:38.2Z,1,REGULAR,rebound,offensive,[],1641708,,,1610612745,12,8,2024-03-24T00:23:00Z,470000,False,,,0,,A. Thompson REBOUND (Off:1 Def:0),[1641708],1610612745.0,HOU,,,,Thompson,A. Thompson,,,,,In The Paint (Non-RA),0-8 Center,,,,,,,46.0,1.0,0.0,1.0,,,,,,,,,,
48,PT08M36.00S,2024-03-24T00:16:42.3Z,1,REGULAR,2pt,DUNK,"['pointsinthepaint', '2ndchance']",1641708,5.590000152587891,50.0,1610612745,14,8,2024-03-24T00:16:42Z,480000,False,0.0,0.0,1,left,A. Thompson tip DUNK (2 PTS),[1641708],1610612745.0,HOU,tip,,,Thompson,A. Thompson,,,,,Mid-Range,8-16 Left,0.0,Made,2.0,,,,,,,,,,,,,,,,,
49,PT08M36.00S,2024-03-24T00:16:47.9Z,1,REGULAR,timeout,full,"['team', 'mandatory']",0,,,1610612762,14,8,2024-03-24T00:16:47Z,490000,False,,,0,,UTA Timeout,[],1610612762.0,UTA,,,,,,,,,,,,,,,,,,,,,,,,,,,,,,,
50,PT08M15.00S,2024-03-24T00:20:00.9Z,1,REGULAR,2pt,Jump Shot,['pointsinthepaint'],1641707,87.46714848883047,52.94117647058824,1610612762,14,8,2024-03-24T00:20:05Z,500000,False,15.0,65.0,1,right,MISS T. Hendricks 6' driving floating Shot,[1641707],1610612762.0,UTA,driving floating,,,Hendricks,T. Hendricks,,,,,In The Paint (Non-RA),0-8 Center,6.69,Missed,,,,,,,,,,,,,,,,,,
51,PT08M13.00S,2024-03-24T00:20:02.9Z,1,REGULAR,rebound,defensive,[],1631095,,,1610612745,14,8,2024-03-24T00:20:05Z,510000,False,,,0,,J. Smith Jr. REBOUND (Off:0 Def:1),[1631095],1610612745.0,HOU,,,,Smith Jr.,J. Smith Jr.,,,,,In The Paint (Non-RA),0-8 Center,,,,,,,50.0,1.0,1.0,0.0,,,,,,,,,,
52,PT08M10.00S,2024-03-24T00:20:06.2Z,1,REGULAR,2pt,Layup,"['pointsinthepaint', 'fastbreak']",1628415,10.726018396846255,46.81372549019608,1610612745,16,8,2024-03-24T00:20:18Z,520000,False,16.0,48.0,1,left,D. Brooks running Layup (2 PTS) (F. VanVleet 1 AST),"[1628415, 1627832]",1610612745.0,HOU,running,,,Brooks,D. Brooks,,,,,In The Paint (Non-RA),0-8 Center,5.08,Made,2.0,F. VanVleet,1627832.0,1.0,,,,,,,,,,,,,,
54,PT07M58.00S,2024-03-24T00:20:18.1Z,1,REGULAR,3pt,Jump Shot,[],1641707,93.64323258869908,95.83333333333334,1610612762,16,8,2024-03-24T00:20:23Z,540000,False,229.0,7.0,1,right,MISS T. Hendricks 3PT,[1641707],1610612762.0,UTA,,,,Hendricks,T. Hendricks,,,,,Right Corner 3,24+ Right,22.93,Missed,,,,,,,,,,,,,,,,,,
55,PT07M55.00S,2024-03-24T00:20:21.1Z,1,REGULAR,rebound,defensive,[],1628415,,,1610612745,16,8,2024-03-24T00:20:23Z,550000,False,,,0,,D. Brooks REBOUND (Off:0 Def:1),[1628415],1610612745.0,HOU,,,,Brooks,D. Brooks,,,,,Right Corner 3,24+ Right,,,,,,,54.0,1.0,1.0,0.0,,,,,,,,,,
56,PT07M40.00S,2024-03-24T00:20:35.5Z,1,REGULAR,2pt,Jump Shot,[],1631095,7.835085413929041,73.77450980392157,1610612745,16,8,2024-03-24T00:20:43Z,560000,False,-119.0,21.0,1,left,MISS J. Smith Jr. 12' turnaround fadeaway Shot,[1631095],1610612745.0,HOU,turnaround fadeaway,,,Smith Jr.,J. Smith Jr.,,,,,Mid-Range,8-16 Left,12.08,Missed,,,,,,,,,,,,,,,,,,
57,PT07M40.00S,2024-03-24T00:20:35.5Z,1,REGULAR,rebound,defensive,[],1641707,,,1610612762,16,8,2024-03-24T00:20:43Z,570000,False,,,0,,T. Hendricks REBOUND (Off:0 Def:1),[1641707],1610612762.0,UTA,,,,Hendricks,T. Hendricks,,,,,Mid-Range,8-16 Left,,,,,,,56.0,1.0,1.0,0.0,,,,,,,,,,
58,PT07M33.00S,2024-03-24T00:20:43.2Z,1,REGULAR,3pt,Jump Shot,['fastbreak'],1630548,77.4802890932983,88.97058823529412,1610612762,16,11,2024-03-24T00:24:20Z,580000,False,195.0,159.0,1,right,J. Juzang 25' 3PT running (3 PTS) (C. Sexton 2 AST),"[1630548, 1629012]",1610612762.0,UTA,running,,,Juzang,J. Juzang,,,,,Above the Break 3,24+ Right Center,25.17,Made,3.0,C. Sexton,1629012.0,2.0,,,,,,,,,,,,,,
60,PT07M12.00S,2024-03-24T00:21:03.5Z,1,REGULAR,2pt,Jump Shot,['pointsinthepaint'],1628415,15.719448094612352,50.0,1610612745,18,11,2024-03-24T00:21:09Z,600000,False,0.0,95.0,1,left,D. Brooks 9' turnaround fadeaway Jump Shot (4 PTS) (F. VanVleet 2 AST),"[1628415, 1627832]",1610612745.0,HOU,turnaround fadeaway,,,Brooks,D. Brooks,,,,,In The Paint (Non-RA),8-16 Center,9.53,Made,4.0,F. VanVleet,1627832.0,2.0,,,,,,,,,,,,,,
62,PT07M01.00S,2024-03-24T00:21:14.4Z,1,REGULAR,3pt,Jump Shot,[],1629012,67.62483574244416,59.55882352941176,1610612762,18,11,2024-03-24T00:21:22Z,620000,False,48.0,252.0,1,right,MISS C. Sexton 25' pullup 3PT,[1629012],1610612762.0,UTA,pullup,,,Sexton,C. Sexton,,,,,Above the Break 3,24+ Center,25.63,Missed,,,,,,,,,,,,,,,,,,
63,PT06M58.00S,2024-03-24T00:21:17.4Z,1,REGULAR,rebound,defensive,[],1628415,,,1610612745,18,11,2024-03-24T00:51:50Z,630000,False,,,0,,D. Brooks REBOUND (Off:0 Def:2),[1628415],1610612745.0,HOU,,,,Brooks,D. Brooks,,,,,Above the Break 3,24+ Center,,,,,,,62.0,2.0,2.0,0.0,,,,,,,,,,
64,PT06M52.00S,2024-03-24T00:21:23.6Z,1,REGULAR,2pt,Layup,"['pointsinthepaint', 'fastbreak']",1630224,7.703679369250986,41.42156862745098,1610612745,20,11,2024-03-24T00:21:32Z,640000,False,43.0,20.0,1,left,J. Green running finger roll Layup (6 PTS) (F. VanVleet 3 AST),"[1630224, 1627832]",1610612745.0,HOU,running finger roll,,,Green,J. Green,,,,,In The Paint (Non-RA),0-8 Center,4.73,Made,6.0,F. VanVleet,1627832.0,3.0,,,,,,,,,,,,,,
66,PT06M38.00S,2024-03-24T00:21:37.3Z,1,REGULAR,3pt,Jump Shot,[],1630548,78.79434954007884,6.862745098039216,1610612762,20,14,2024-03-24T00:21:50Z,660000,False,-216.0,147.0,1,right,J. Juzang 26' 3PT  (6 PTS) (K. George 2 AST),"[1630548, 1641718]",1610612762.0,UTA,,,,Juzang,J. Juzang,,,,,Above the Break 3,24+ Left Center,26.09,Made,6.0,K. George,1641718.0,2.0,,,,,,,,,,,,,,
68,PT06M23.00S,2024-03-24T00:21:54.8Z,1,REGULAR,turnover,out-of-bounds,[],1627832,,,1610612745,20,14,2024-03-24T00:47:00Z,680000,False,,,0,,F. VanVleet bad pass out-of-bounds TURNOVER (1 TO),[1627832],1610612745.0,HOU,bad pass,,,VanVleet,F. VanVleet,,,,,Left Corner 3,24+ Left,,,,,,,,,,,1628480.0,,,,,1.0,,,,
69,PT06M23.00S,2024-03-24T00:22:00.2Z,1,REGULAR,substitution,out,[],1641707,,,1610612762,20,14,2024-03-24T00:22:07Z,690000,False,,,0,,SUB out: T. Hendricks,[1641707],1610612762.0,UTA,,,,Hendricks,T. Hendricks,,,,,,,,,,,,,,,,,,,,,,,,,,
70,PT06M23.00S,2024-03-24T00:22:00.2Z,1,REGULAR,substitution,in,[],1627739,,,1610612762,20,14,2024-03-24T00:22:07Z,700000,False,,,0,,SUB in: K. Dunn,[1627739],1610612762.0,UTA,,,,Dunn,K. Dunn,,,,,,,,,,,,,,,,,,,,,,,,,,
71,PT06M03.00S,2024-03-24T00:22:26.1Z,1,REGULAR,2pt,Jump Shot,"['pointsinthepaint', 'fromturnover']",1641718,89.83245729303549,38.970588235294116,1610612762,20,16,2024-03-24T00:22:37Z,710000,False,-55.0,43.0,1,right,K. George 7' driving floating bank Jump Shot (2 PTS),[1641718],1610612762.0,UTA,driving floating bank,,,George,K. George,,,,,In The Paint (Non-RA),0-8 Center,7.0,Made,2.0,,,,,,,,,,,,,,,,,
72,PT05M41.00S,2024-03-24T00:22:48.1Z,1,REGULAR,2pt,Jump Shot,[],1630224,8.229303547963205,18.627450980392158,1610612745,22,16,2024-03-24T00:22:53Z,720000,False,157.0,25.0,1,left,J. Green 15' step back Jump Shot (8 PTS),[1630224],1610612745.0,HOU,step back,,,Green,J. Green,,,,,Mid-Range,8-16 Right,15.89,Made,8.0,,,,,,,,,,,,,,,,,
73,PT05M31.00S,2024-03-24T00:23:00.1Z,1,REGULAR,foul,personal,[],1628415,,,1610612762,22,16,2024-03-24T00:23:08Z,730000,False,,,0,,D. Brooks personal FOUL (1 PF),"[1628415, 1628381]",1610612745.0,HOU,,,,Brooks,D. Brooks,,,,,Mid-Range,8-16 Center,,,,,,,,,,,1628480.0,1.0,0.0,Collins,1628381.0,,,,,
75,PT05M31.00S,2024-03-24T00:23:08.1Z,1,REGULAR,substitution,out,[],1631095,,,1610612762,22,16,2024-03-24T00:23:12Z,750000,False,,,0,,SUB out: J. Smith Jr.,[1631095],1610612745.0,HOU,,,,Smith Jr.,J. Smith Jr.,,,,,,,,,,,,,,,,,,,,,,,,,,
76,PT05M31.00S,2024-03-24T00:23:08.1Z,1,REGULAR,substitution,in,[],1629111,,,1610612762,22,16,2024-03-24T00:23:12Z,760000,False,,,0,,SUB in: J. Landale,[1629111],1610612745.0,HOU,,,,Landale,J. Landale,,,,,,,,,,,,,,,,,,,,,,,,,,
77,PT05M24.00S,2024-03-24T00:23:31.6Z,1,REGULAR,3pt,Jump Shot,[],1641718,66.96780551905388,43.13725490196079,1610612762,22,16,2024-03-24T00:23:37Z,770000,False,-34.0,258.0,1,right,MISS K. George 26' pullup 3PT,[1641718],1610612762.0,UTA,pullup,,,George,K. George,,,,,Above the Break 3,24+ Center,26.03,Missed,,,,,,,,,,,,,,,,,,
78,PT05M23.00S,2024-03-24T00:23:32.6Z,1,REGULAR,rebound,offensive,[],1627739,,,1610612762,22,16,2024-03-24T00:23:44Z,780000,False,,,0,,K. Dunn REBOUND (Off:1 Def:0),[1627739],1610612762.0,UTA,,,,Dunn,K. Dunn,,,,,Above the Break 3,24+ Center,,,,,,,77.0,1.0,0.0,1.0,,,,,,,,,,
79,PT05M17.00S,2024-03-24T00:23:40.7Z,1,REGULAR,foul,offensive,[],1628381,,,1610612762,22,16,2024-03-24T00:23:49Z,790000,False,,,0,,J. Collins offensive FOUL (1 PF),"[1628381, 1627832]",1610612762.0,UTA,,,,Collins,J. Collins,,,,,Mid-Range,16-24 Center,,,,,,,,,,,1628951.0,1.0,0.0,VanVleet,1627832.0,,,,,
81,PT05M17.00S,2024-03-24T00:23:40.7Z,1,REGULAR,turnover,offensive foul,[],1628381,,,1610612762,22,16,2024-03-24T00:23:40Z,810000,False,,,0,,J. Collins offensive foul TURNOVER (2 TO),[1628381],1610612762.0,UTA,,,,Collins,J. Collins,,,,,Mid-Range,16-24 Center,,,,,,,,,,,1628951.0,,,,,2.0,,,,
82,PT05M08.00S,2024-03-24T00:24:03.9Z,1,REGULAR,3pt,Jump Shot,['fromturnover'],1627832,32.013797634691194,36.76470588235294,1610612745,25,16,2024-03-24T00:24:10Z,820000,False,66.0,248.0,1,left,F. VanVleet 25' 3PT pullup (8 PTS),[1627832],1610612745.0,HOU,pullup,,,VanVleet,F. VanVleet,,,,,Above the Break 3,24+ Center,25.71,Made,8.0,,,,,,,,,,,,,,,,,
83,PT04M53.00S,2024-03-24T00:24:18.7Z,1,REGULAR,3pt,Jump Shot,[],1628381,66.70499342969777,46.81372549019608,1610612762,25,19,2024-03-24T00:24:23Z,830000,False,-16.0,260.0,1,right,J. Collins 26' 3PT  (5 PTS) (C. Sexton 3 AST),"[1628381, 1629012]",1610612762.0,UTA,,,,Collins,J. Collins,,,,,Above the Break 3,24+ Center,26.1,Made,5.0,C. Sexton,1629012.0,3.0,,,,,,,,,,,,,,
85,PT04M38.00S,2024-03-24T00:24:34.3Z,1,REGULAR,3pt,Jump Shot,[],1627832,32.013797634691194,67.15686274509804,1610612745,28,19,2024-03-24T00:24:39Z,850000,False,-86.0,248.0,1,left,F. VanVleet 26' 3PT  (11 PTS) (D. Brooks 1 AST),"[1627832, 1628415]",1610612745.0,HOU,,,,VanVleet,F. VanVleet,,,,,Above the Break 3,24+ Left Center,26.28,Made,11.0,D. Brooks,1628415.0,1.0,,,,,,,,,,,,,,
88,PT04M26.00S,2024-03-24T00:24:55.1Z,1,REGULAR,turnover,lost ball,[],1641718,,,1610612762,28,19,2024-03-24T00:24:58Z,880000,False,,,0,,K. George lost ball TURNOVER (1 TO),"[1641718, 1641708]",1610612762.0,UTA,,,,George,K. George,,,,,Above the Break 3,24+ Center,,,,,,,,,,,,,,,,1.0,Thompson,1641708.0,,
89,PT04M26.00S,2024-03-24T00:24:55.1Z,1,REGULAR,steal,,[],1641708,,,1610612745,28,19,2024-03-24T00:24:56Z,890000,False,,,0,,A. Thompson STEAL (1 STL),[1641708],1610612745.0,HOU,,,,Thompson,A. Thompson,,,,,Above the Break 3,24+ Center,,,,,,,,,,,,,,,,,,,,
90,PT04M23.00S,2024-03-24T00:24:59.1Z,1,REGULAR,foul,personal,['2freethrow'],1628381,,,1610612745,28,19,2024-03-24T00:25:08Z,900000,False,,,0,,J. Collins shooting personal FOUL (2 PF) (Thompson 2 FT),"[1628381, 1641708]",1610612762.0,UTA,shooting,,,Collins,J. Collins,,,,,Restricted Area,0-8 Center,,,,,,,,,,,1628480.0,2.0,0.0,Thompson,1641708.0,,,,,
92,PT04M23.00S,2024-03-24T00:25:32.6Z,1,REGULAR,freethrow,1 of 2,"['fromturnover', 'fastbreak']",1641708,,,1610612745,28,19,2024-03-24T00:25:59Z,920000,False,,,0,,MISS A. Thompson Free Throw 1 of 2,[1641708],1610612745.0,HOU,,,,Thompson,A. Thompson,,,,,,,,Missed,,,,,,,,,,,,,,,,,,
93,PT04M23.00S,2024-03-24T00:25:32.6Z,1,REGULAR,rebound,offensive,"['team', 'deadball']",0,,,1610612745,28,19,2024-03-24T00:25:59Z,930000,False,,,0,,TEAM offensive REBOUND,[],1610612745.0,HOU,,,,,,,,,,,,,,,,,,92.0,,,,,,,,,,,,,
94,PT04M23.00S,2024-03-24T00:25:33.8Z,1,REGULAR,substitution,out,[],1628381,,,1610612745,28,19,2024-03-24T00:25:46Z,940000,False,,,0,,SUB out: J. Collins,[1628381],1610612762.0,UTA,,,,Collins,J. Collins,,,,,,,,,,,,,,,,,,,,,,,,,,
95,PT04M23.00S,2024-03-24T00:25:33.8Z,1,REGULAR,substitution,out,[],1630548,,,1610612745,28,19,2024-03-24T00:25:46Z,950000,False,,,0,,SUB out: J. Juzang,[1630548],1610612762.0,UTA,,,,Juzang,J. Juzang,,,,,,,,,,,,,,,,,,,,,,,,,,
96,PT04M23.00S,2024-03-24T00:25:33.8Z,1,REGULAR,substitution,in,[],1631117,,,1610612745,28,19,2024-03-24T00:25:46Z,960000,False,,,0,,SUB in: W. Kessler,[1631117],1610612762.0,UTA,,,,Kessler,W. Kessler,,,,,,,,,,,,,,,,,,,,,,,,,,
97,PT04M23.00S,2024-03-24T00:25:33.8Z,1,REGULAR,substitution,in,[],1641729,,,1610612745,28,19,2024-03-24T00:25:46Z,970000,False,,,0,,SUB in: B. Sensabaugh,[1641729],1610612762.0,UTA,,,,Sensabaugh,B. Sensabaugh,,,,,,,,,,,,,,,,,,,,,,,,,,
98,PT04M23.00S,2024-03-24T00:25:32.6Z,1,REGULAR,freethrow,2 of 2,"['fastbreak', 'fromturnover']",1641708,,,1610612745,28,19,2024-03-24T00:25:59Z,980000,False,,,0,,MISS A. Thompson Free Throw 2 of 2,[1641708],1610612745.0,HOU,,,,Thompson,A. Thompson,,,,,,,,Missed,,,,,,,,,,,,,,,,,,
99,PT04M23.00S,2024-03-24T00:25:32.6Z,1,REGULAR,rebound,offensive,[],1629111,,,1610612745,28,19,2024-03-24T00:25:59Z,990000,False,,,0,,J. Landale REBOUND (Off:1 Def:0),[1629111],1610612745.0,HOU,,,,Landale,J. Landale,,,,,,,,,,,,,98.0,1.0,0.0,1.0,,,,,,,,,,
100,PT04M19.00S,2024-03-24T00:25:55.4Z,1,REGULAR,2pt,Layup,"['pointsinthepaint', 'fromturnover', '2ndchance']",1629111,8.492115637319317,50.0,1610612745,30,19,2024-03-24T00:26:02Z,1000000,False,0.0,27.0,1,left,J. Landale putback Layup (2 PTS),[1629111],1610612745.0,HOU,putback,,,Landale,J. Landale,,,,,Restricted Area,0-8 Center,2.73,Made,2.0,,,,,,,,,,,,,,,,,
102,PT04M08.00S,2024-03-24T00:26:11.4Z,1,REGULAR,substitution,out,[],1641708,,,1610612762,30,19,2024-03-24T00:26:18Z,1020000,False,,,0,,SUB out: A. Thompson,[1641708],1610612745.0,HOU,,,,Thompson,A. Thompson,,,,,,,,,,,,,,,,,,,,,,,,,,
103,PT04M08.00S,2024-03-24T00:26:11.4Z,1,REGULAR,substitution,in,[],201145,,,1610612762,30,19,2024-03-24T00:26:18Z,1030000,False,,,0,,SUB in: J. Green,[201145],1610612745.0,HOU,,,,Green,J. Green,,,,,,,,,,,,,,,,,,,,,,,,,,
104,PT04M00.00S,2024-03-24T00:26:34.3Z,1,REGULAR,2pt,Layup,['pointsinthepaint'],1629012,94.56307490144546,63.48039215686274,1610612762,30,19,2024-03-24T00:26:39Z,1040000,False,67.0,-1.0,1,right,MISS C. Sexton 6' driving Layup,[1629012],1610612762.0,UTA,driving,,,Sexton,C. Sexton,,,,,In The Paint (Non-RA),0-8 Center,6.74,Missed,,,,,,,,,,,,,,,,,,
105,PT03M58.00S,2024-03-24T00:26:36.3Z,1,REGULAR,rebound,defensive,[],1628415,,,1610612745,30,19,2024-03-24T00:26:39Z,1050000,False,,,0,,D. Brooks REBOUND (Off:0 Def:3),[1628415],1610612745.0,HOU,,,,Brooks,D. Brooks,,,,,In The Paint (Non-RA),0-8 Center,,,,,,,104.0,3.0,3.0,0.0,,,,,,,,,,
106,PT03M49.00S,2024-03-24T00:26:44.9Z,1,REGULAR,3pt,Jump Shot,[],1627832,29.38567674113009,22.058823529411764,1610612745,30,19,2024-03-24T00:26:54Z,1060000,False,140.0,224.0,1,left,MISS F. VanVleet 26' 3PT,[1627832],1610612745.0,HOU,,,,VanVleet,F. VanVleet,,,,,Above the Break 3,24+ Right Center,26.37,Missed,,,,,,,,,,,,,,,,,,
107,PT03M44.00S,2024-03-24T00:26:49.9Z,1,REGULAR,rebound,offensive,[],1629111,,,1610612745,30,19,2024-03-24T00:26:54Z,1070000,False,,,0,,J. Landale REBOUND (Off:2 Def:0),[1629111],1610612745.0,HOU,,,,Landale,J. Landale,,,,,Above the Break 3,24+ Right Center,,,,,,,106.0,2.0,0.0,2.0,,,,,,,,,,
108,PT03M44.00S,2024-03-24T00:26:49.2Z,1,REGULAR,2pt,Layup,"['pointsinthepaint', '2ndchance']",1629111,7.30946123521682,45.83333333333333,1610612745,32,19,2024-03-24T00:26:59Z,1080000,False,21.0,16.0,1,left,J. Landale putback Layup (4 PTS),[1629111],1610612745.0,HOU,putback,,,Landale,J. Landale,,,,,Restricted Area,0-8 Center,2.64,Made,4.0,,,,,,,,,,,,,,,,,
109,PT03M28.00S,2024-03-24T00:27:05.2Z,1,REGULAR,2pt,Jump Shot,[],1641718,79.188567674113,25.98039215686275,1610612762,32,19,2024-03-24T00:27:11Z,1090000,False,-120.0,143.0,1,right,MISS K. George 18' pullup Shot,[1641718],1610612762.0,UTA,pullup,,,George,K. George,,,,,Mid-Range,16-24 Left Center,18.68,Missed,,,,,,,,,,,,,,,,,,
110,PT03M27.00S,2024-03-24T00:27:06.2Z,1,REGULAR,rebound,defensive,[],1630224,,,1610612745,32,19,2024-03-24T00:27:11Z,1100000,False,,,0,,J. Green REBOUND (Off:0 Def:2),[1630224],1610612745.0,HOU,,,,Green,J. Green,,,,,Mid-Range,16-24 Left Center,,,,,,,109.0,2.0,2.0,0.0,,,,,,,,,,
111,PT03M19.00S,2024-03-24T00:27:18.4Z,1,REGULAR,foul,offensive,[],1629111,,,1610612745,32,19,2024-03-24T00:27:33Z,1110000,False,,,0,,J. Landale offensive FOUL (1 PF),"[1629111, 1641718]",1610612745.0,HOU,,,,Landale,J. Landale,,,,,Mid-Range,16-24 Right Center,,,,,,,,,,,1628480.0,1.0,0.0,George,1641718.0,,,,,
113,PT03M19.00S,2024-03-24T00:27:18.4Z,1,REGULAR,turnover,offensive foul,[],1629111,,,1610612745,32,19,2024-03-24T00:27:18Z,1130000,False,,,0,,J. Landale offensive foul TURNOVER (1 TO),[1629111],1610612745.0,HOU,,,,Landale,J. Landale,,,,,Mid-Range,16-24 Right Center,,,,,,,,,,,1628480.0,,,,,1.0,,,,
114,PT03M19.00S,2024-03-24T00:27:30.9Z,1,REGULAR,substitution,out,[],1629012,,,1610612762,32,19,2024-03-24T00:27:40Z,1140000,False,,,0,,SUB out: C. Sexton,[1629012],1610612762.0,UTA,,,,Sexton,C. Sexton,,,,,,,,,,,,,,,,,,,,,,,,,,
115,PT03M19.00S,2024-03-24T00:27:30.9Z,1,REGULAR,substitution,in,[],1630695,,,1610612762,32,19,2024-03-24T00:27:40Z,1150000,False,,,0,,SUB in: M. Potter,[1630695],1610612762.0,UTA,,,,Potter,M. Potter,,,,,,,,,,,,,,,,,,,,,,,,,,
116,PT03M09.00S,2024-03-24T00:27:45.9Z,1,REGULAR,3pt,Jump Shot,['fromturnover'],1641718,72.88107752956637,80.3921568627451,1610612762,32,19,2024-03-24T00:27:50Z,1160000,False,152.0,202.0,1,right,MISS K. George 25' 3PT,[1641718],1610612762.0,UTA,,,,George,K. George,,,,,Above the Break 3,24+ Right Center,25.31,Missed,,,,,,,,,,,,,,,,,,
117,PT03M07.00S,2024-03-24T00:27:47.9Z,1,REGULAR,rebound,defensive,['team'],0,,,1610612745,32,19,2024-03-24T00:27:50Z,1170000,False,,,0,,TEAM defensive REBOUND,[],1610612745.0,HOU,,,,,,,,,,Above the Break 3,24+ Right Center,,,,,,,116.0,,,,,,,,,,,,,
119,PT02M55.00S,2024-03-24T00:28:03.4Z,1,REGULAR,3pt,Jump Shot,[],1630224,31.750985545335087,77.20588235294117,1610612745,35,19,2024-03-24T00:28:10Z,1190000,False,-136.0,246.0,1,left,J. Green 28' 3PT step back (11 PTS) (D. Brooks 2 AST),"[1630224, 1628415]",1610612745.0,HOU,step back,,,Green,J. Green,,,,,Above the Break 3,24+ Left Center,28.11,Made,11.0,D. Brooks,1628415.0,2.0,,,,,,,,,,,,,,
121,PT02M41.00S,2024-03-24T00:28:18.6Z,1,REGULAR,2pt,Layup,['pointsinthepaint'],1631117,92.46057818659659,41.911764705882355,1610612762,35,19,2024-03-24T00:28:23Z,1210000,False,-40.0,18.0,1,right,MISS W. Kessler alley-oop Layup,[1631117],1610612762.0,UTA,alley-oop,,,Kessler,W. Kessler,,,,,In The Paint (Non-RA),0-8 Center,4.44,Missed,,,,,,,,,,,,,,,,,,
122,PT02M39.00S,2024-03-24T00:28:20.6Z,1,REGULAR,rebound,defensive,[],201145,,,1610612745,35,19,2024-03-24T00:28:23Z,1220000,False,,,0,,J. Green REBOUND (Off:0 Def:1),[201145],1610612745.0,HOU,,,,Green,J. Green,,,,,In The Paint (Non-RA),0-8 Center,,,,,,,121.0,1.0,1.0,0.0,,,,,,,,,,
123,PT02M28.00S,2024-03-24T00:28:31.7Z,1,REGULAR,3pt,Jump Shot,[],1627832,30.56833114323259,80.14705882352942,1610612745,38,19,2024-03-24T00:28:37Z,1230000,False,-151.0,235.0,1,left,F. VanVleet 27' 3PT  (14 PTS) (J. Green 1 AST),"[1627832, 1630224]",1610612745.0,HOU,,,,VanVleet,F. VanVleet,,,,,Above the Break 3,24+ Left Center,27.9,Made,14.0,J. Green,1630224.0,1.0,,,,,,,,,,,,,,
125,PT02M26.00S,2024-03-24T00:28:41.2Z,1,REGULAR,timeout,full,"['team', 'mandatory']",0,,,1610612762,38,19,2024-03-24T00:28:41Z,1250000,False,,,0,,UTA Timeout,[],1610612762.0,UTA,,,,,,,,,,,,,,,,,,,,,,,,,,,,,,,
126,PT02M26.00S,2024-03-24T00:30:14.1Z,1,REGULAR,substitution,out,[],1628415,,,1610612762,38,19,2024-03-24T00:31:29Z,1260000,False,,,0,,SUB out: D. Brooks,[1628415],1610612745.0,HOU,,,,Brooks,D. Brooks,,,,,,,,,,,,,,,,,,,,,,,,,,
127,PT02M26.00S,2024-03-24T00:30:14.1Z,1,REGULAR,substitution,out,[],1641718,,,1610612762,38,19,2024-03-24T00:31:29Z,1270000,False,,,0,,SUB out: K. George,[1641718],1610612762.0,UTA,,,,George,K. George,,,,,,,,,,,,,,,,,,,,,,,,,,
128,PT02M26.00S,2024-03-24T00:30:14.1Z,1,REGULAR,substitution,in,[],1631095,,,1610612762,38,19,2024-03-24T00:31:29Z,1280000,False,,,0,,SUB in: J. Smith Jr.,[1631095],1610612745.0,HOU,,,,Smith Jr.,J. Smith Jr.,,,,,,,,,,,,,,,,,,,,,,,,,,
129,PT02M26.00S,2024-03-24T00:30:14.1Z,1,REGULAR,substitution,in,[],1630184,,,1610612762,38,19,2024-03-24T00:31:29Z,1290000,False,,,0,,SUB in: K. Lewis Jr.,[1630184],1610612762.0,UTA,,,,Lewis Jr.,K. Lewis Jr.,,,,,,,,,,,,,,,,,,,,,,,,,,
130,PT02M10.00S,2024-03-24T00:31:43.9Z,1,REGULAR,3pt,Jump Shot,[],1630695,91.40932982917214,2.696078431372549,1610612762,38,19,2024-03-24T00:31:53Z,1300000,False,-237.0,28.0,1,right,MISS M. Potter 3PT,[1630695],1610612762.0,UTA,,,,Potter,M. Potter,,,,,Left Corner 3,24+ Left,23.82,Missed,,,,,,,,,,,,,,,,,,
131,PT02M08.00S,2024-03-24T00:31:45.9Z,1,REGULAR,rebound,offensive,[],1630184,,,1610612762,38,19,2024-03-24T00:31:53Z,1310000,False,,,0,,K. Lewis Jr. REBOUND (Off:1 Def:0),[1630184],1610612762.0,UTA,,,,Lewis Jr.,K. Lewis Jr.,,,,,Left Corner 3,24+ Left,,,,,,,130.0,1.0,0.0,1.0,,,,,,,,,,
132,PT02M02.00S,2024-03-24T00:31:51.1Z,1,REGULAR,3pt,Jump Shot,['2ndchance'],1627739,70.64717477003943,21.813725490196077,1610612762,38,19,2024-03-24T00:31:57Z,1320000,False,-141.0,223.0,1,right,MISS K. Dunn 26' pullup 3PT,[1627739],1610612762.0,UTA,pullup,,,Dunn,K. Dunn,,,,,Above the Break 3,24+ Left Center,26.41,Missed,,,,,,,,,,,,,,,,,,
133,PT02M02.00S,2024-03-24T00:31:51.1Z,1,REGULAR,rebound,offensive,[],1630695,,,1610612762,38,19,2024-03-24T00:31:57Z,1330000,False,,,0,,M. Potter REBOUND (Off:1 Def:0),[1630695],1610612762.0,UTA,,,,Potter,M. Potter,,,,,Above the Break 3,24+ Left Center,,,,,,,132.0,1.0,0.0,1.0,,,,,,,,,,
134,PT01M54.00S,2024-03-24T00:31:58.5Z,1,REGULAR,turnover,lost ball,[],1641729,,,1610612762,38,19,2024-03-24T00:32:02Z,1340000,False,,,0,,B. Sensabaugh lost ball TURNOVER (1 TO),"[1641729, 1627832]",1610612762.0,UTA,,,,Sensabaugh,B. Sensabaugh,,,,,Mid-Range,16-24 Center,,,,,,,,,,,,,,,,1.0,VanVleet,1627832.0,,
135,PT01M54.00S,2024-03-24T00:31:58.5Z,1,REGULAR,steal,,[],1627832,,,1610612745,38,19,2024-03-24T00:32:00Z,1350000,False,,,0,,F. VanVleet STEAL (2 STL),[1627832],1610612745.0,HOU,,,,VanVleet,F. VanVleet,,,,,Mid-Range,16-24 Center,,,,,,,,,,,,,,,,,,,,
136,PT01M50.00S,2024-03-24T00:32:03.5Z,1,REGULAR,2pt,DUNK,"['pointsinthepaint', 'fromturnover', 'fastbreak']",1630224,5.995400788436268,45.09803921568628,1610612745,40,19,2024-03-24T00:32:13Z,1360000,False,25.0,4.0,1,left,J. Green running alley-oop DUNK (13 PTS) (F. VanVleet 4 AST),"[1630224, 1627832]",1610612745.0,HOU,running alley-oop,,,Green,J. Green,,,,,Restricted Area,0-8 Center,2.48,Made,13.0,F. VanVleet,1627832.0,4.0,,,,,,,,,,,,,,
138,PT01M31.00S,2024-03-24T00:32:21.2Z,1,REGULAR,3pt,Jump Shot,[],1630184,68.41327201051249,66.17647058823529,1610612762,40,19,2024-03-24T00:32:26Z,1380000,False,81.0,244.0,1,right,MISS K. Lewis Jr. 25' bank 3PT,[1630184],1610612762.0,UTA,bank,,,Lewis Jr.,K. Lewis Jr.,,,,,Above the Break 3,24+ Right Center,25.74,Missed,,,,,,,,,,,,,,,,,,
139,PT01M29.00S,2024-03-24T00:32:23.2Z,1,REGULAR,rebound,offensive,[],1630695,,,1610612762,40,19,2024-03-24T00:32:26Z,1390000,False,,,0,,M. Potter REBOUND (Off:2 Def:0),[1630695],1610612762.0,UTA,,,,Potter,M. Potter,,,,,Above the Break 3,24+ Right Center,,,,,,,138.0,2.0,0.0,2.0,,,,,,,,,,
140,PT01M24.00S,2024-03-24T00:32:29.2Z,1,REGULAR,2pt,Layup,"['pointsinthepaint', '2ndchance']",1627739,89.96386333771353,49.50980392156863,1610612762,40,21,2024-03-24T00:32:34Z,1400000,False,-2.0,42.0,1,right,K. Dunn driving Layup (2 PTS),[1627739],1610612762.0,UTA,driving,,,Dunn,K. Dunn,,,,,Restricted Area,0-8 Center,4.19,Made,2.0,,,,,,,,,,,,,,,,,
141,PT01M08.00S,2024-03-24T00:32:44.9Z,1,REGULAR,3pt,Jump Shot,[],1627832,38.18988173455979,61.274509803921575,1610612745,43,21,2024-03-24T00:32:49Z,1410000,False,-56.0,306.0,1,left,F. VanVleet 31' 3PT  (17 PTS) (J. Smith Jr. 1 AST),"[1627832, 1631095]",1610612745.0,HOU,,,,VanVleet,F. VanVleet,,,,,Above the Break 3,24+ Center,31.16,Made,17.0,J. Smith Jr.,1631095.0,1.0,,,,,,,,,,,,,,
143,PT00M55.70S,2024-03-24T00:33:00.4Z,1,REGULAR,foul,personal,[],1627832,,,1610612762,43,21,2024-03-24T00:33:13Z,1430000,False,,,0,,F. VanVleet personal FOUL (2 PF),"[1627832, 1631117]",1610612745.0,HOU,,,,VanVleet,F. VanVleet,,,,,In The Paint (Non-RA),0-8 Center,,,,,,,,,,,1628951.0,2.0,0.0,Kessler,1631117.0,,,,,
145,PT00M55.70S,2024-03-24T00:33:13.9Z,1,REGULAR,substitution,out,[],1627832,,,1610612762,43,21,2024-03-24T00:33:21Z,1450000,False,,,0,,SUB out: F. VanVleet,[1627832],1610612745.0,HOU,,,,VanVleet,F. VanVleet,,,,,,,,,,,,,,,,,,,,,,,,,,
146,PT00M55.70S,2024-03-24T00:33:13.9Z,1,REGULAR,substitution,in,[],1628988,,,1610612762,43,21,2024-03-24T00:33:21Z,1460000,False,,,0,,SUB in: A. Holiday,[1628988],1610612745.0,HOU,,,,Holiday,A. Holiday,,,,,,,,,,,,,,,,,,,,,,,,,,
147,PT00M46.20S,2024-03-24T00:33:36.4Z,1,REGULAR,3pt,Jump Shot,[],1641729,66.96780551905388,30.88235294117647,1610612762,43,21,2024-03-24T00:33:51Z,1470000,False,-96.0,258.0,1,right,MISS B. Sensabaugh 27' 3PT,[1641729],1610612762.0,UTA,,,,Sensabaugh,B. Sensabaugh,,,,,Above the Break 3,24+ Left Center,27.51,Missed,,,,,,,,,,,,,,,,,,
148,PT00M44.20S,2024-03-24T00:33:38.4Z,1,REGULAR,rebound,offensive,[],1631117,,,1610612762,43,21,2024-03-24T00:33:51Z,1480000,False,,,0,,W. Kessler REBOUND (Off:1 Def:0),[1631117],1610612762.0,UTA,,,,Kessler,W. Kessler,,,,,Above the Break 3,24+ Left Center,,,,,,,147.0,1.0,0.0,1.0,,,,,,,,,,
149,PT00M31.70S,2024-03-24T00:33:50.9Z,1,REGULAR,3pt,Jump Shot,['2ndchance'],1641729,90.09526938239159,3.431372549019608,1610612762,43,21,2024-03-24T00:33:56Z,1490000,False,-233.0,41.0,1,right,MISS B. Sensabaugh 3PT,[1641729],1610612762.0,UTA,,,,Sensabaugh,B. Sensabaugh,,,,,Left Corner 3,24+ Left,23.63,Missed,,,,,,,,,,,,,,,,,,
150,PT00M29.00S,2024-03-24T00:33:53.6Z,1,REGULAR,rebound,defensive,[],201145,,,1610612745,43,21,2024-03-24T00:33:56Z,1500000,False,,,0,,J. Green REBOUND (Off:0 Def:2),[201145],1610612745.0,HOU,,,,Green,J. Green,,,,,Left Corner 3,24+ Left,,,,,,,149.0,2.0,2.0,0.0,,,,,,,,,,
151,PT00M25.10S,2024-03-24T00:33:58.2Z,1,REGULAR,2pt,Layup,"['pointsinthepaint', 'fastbreak']",1631095,8.360709592641262,50.245098039215684,1610612745,45,21,2024-03-24T00:34:14Z,1510000,False,-1.0,26.0,1,left,J. Smith Jr. running finger roll Layup (5 PTS) (J. Green 1 AST),"[1631095, 201145]",1610612745.0,HOU,running finger roll,,,Smith Jr.,J. Smith Jr.,,,,,Restricted Area,0-8 Center,2.61,Made,5.0,J. Green,201145.0,1.0,,,,,,,,,,,,,,
153,PT00M15.60S,2024-03-24T00:34:09.0Z,1,REGULAR,2pt,Layup,['pointsinthepaint'],1627739,91.5407358738502,58.333333333333336,1610612762,45,21,2024-03-24T00:41:53Z,1530000,False,42.0,27.0,1,right,MISS K. Dunn driving Layup,[1627739],1610612762.0,UTA,driving,,,Dunn,K. Dunn,,,,,In The Paint (Non-RA),0-8 Center,4.97,Missed,,,,,,,,,,,,,,,,,,
155,PT00M15.60S,2024-03-24T00:34:09.0Z,1,REGULAR,rebound,defensive,[],1631095,,,1610612745,45,21,2024-03-24T00:34:19Z,1550000,False,,,0,,J. Smith Jr. REBOUND (Off:0 Def:2),[1631095],1610612745.0,HOU,,,,Smith Jr.,J. Smith Jr.,,,,,In The Paint (Non-RA),0-8 Center,,,,,,,153.0,2.0,2.0,0.0,,,,,,,,,,
156,PT00M11.80S,2024-03-24T00:34:13.5Z,1,REGULAR,2pt,DUNK,"['pointsinthepaint', 'fastbreak']",201145,8.886333771353483,49.26470588235294,1610612745,47,21,2024-03-24T00:34:26Z,1560000,False,4.0,31.0,1,left,J. Green running DUNK (2 PTS) (J. Smith Jr. 2 AST),"[201145, 1631095]",1610612745.0,HOU,running,,,Green,J. Green,,,,,Restricted Area,0-8 Center,3.12,Made,2.0,J. Smith Jr.,1631095.0,2.0,,,,,,,,,,,,,,
158,PT00M00.70S,2024-03-24T00:34:26.9Z,1,REGULAR,3pt,Jump Shot,[],1641729,69.46452036793693,71.07843137254902,1610612762,47,21,2024-03-24T03:45:52Z,1580000,False,105.0,235.0,1,right,MISS B. Sensabaugh 25' pullup 3PT,[1641729],1610612762.0,UTA,pullup,,,Sensabaugh,B. Sensabaugh,,,,,Above the Break 3,24+ Right Center,25.71,Missed,,,,,,,,,,,,,,,,,,
159,PT00M00.70S,2024-03-24T00:34:26.9Z,1,REGULAR,rebound,offensive,['team'],0,,,1610612762,47,21,2024-03-24T00:34:33Z,1590000,False,,,0,,TEAM offensive REBOUND,[],1610612762.0,UTA,,,,,,,,,,Above the Break 3,24+ Right Center,,,,,,,158.0,,,,,,,,,,,,,
160,PT00M00.00S,2024-03-24T00:34:32.5Z,1,REGULAR,period,end,[],0,,,1610612762,47,21,2024-03-24T00:34:32Z,1600000,False,,,0,,Period End,[],,,,,,,,,,,,,,,,,,,,,,,,,,,,,,,,,
161,PT12M00.00S,2024-03-24T00:36:01.3Z,2,REGULAR,substitution,out,['startperiod'],1629111,,,1610612762,47,21,2024-03-24T00:37:03Z,1610000,False,,,0,,SUB out: J. Landale,[1629111],1610612745.0,HOU,,,,Landale,J. Landale,,,,,,,,,,,,,,,,,,,,,,,,,,
162,PT12M00.00S,2024-03-24T00:36:01.3Z,2,REGULAR,substitution,out,['startperiod'],1630224,,,1610612762,47,21,2024-03-24T00:37:03Z,1620000,False,,,0,,SUB out: J. Green,[1630224],1610612745.0,HOU,,,,Green,J. Green,,,,,,,,,,,,,,,,,,,,,,,,,,
163,PT12M00.00S,2024-03-24T00:36:01.3Z,2,REGULAR,substitution,in,['startperiod'],1630256,,,1610612762,47,21,2024-03-24T00:37:03Z,1630000,False,,,0,,SUB in: J. Tate,[1630256],1610612745.0,HOU,,,,Tate,J. Tate,,,,,,,,,,,,,,,,,,,,,,,,,,
164,PT12M00.00S,2024-03-24T00:36:01.3Z,2,REGULAR,substitution,in,['startperiod'],203493,,,1610612762,47,21,2024-03-24T00:37:03Z,1640000,False,,,0,,SUB in: R. Bullock Jr.,[203493],1610612745.0,HOU,,,,Bullock Jr.,R. Bullock Jr.,,,,,,,,,,,,,,,,,,,,,,,,,,
165,PT12M00.00S,2024-03-24T00:37:09.3Z,2,REGULAR,period,start,[],0,,,1610612745,47,21,2024-03-24T00:37:09Z,1650000,False,,,0,,Period Start,[],,,,,,,,,,,,,,,,,,,,,,,,,,,,,,,,,
167,PT11M55.00S,2024-03-24T00:40:09.9Z,2,REGULAR,foul,technical,[],1627739,,,1610612745,47,21,2024-03-24T00:40:35Z,1670000,False,,,0,,K. Dunn double technical FOUL (1 Tech),[1627739],1610612762.0,UTA,double,,,Dunn,K. Dunn,,,,,,,,,,,,,,,,,200834.0,0.0,1.0,,,,,,,
168,PT11M55.00S,2024-03-24T00:40:09.9Z,2,REGULAR,foul,technical,[],1631095,,,1610612745,47,21,2024-03-24T00:40:16Z,1680000,False,,,0,,J. Smith Jr. double technical FOUL (1 Tech),[1631095],1610612745.0,HOU,double,,,Smith Jr.,J. Smith Jr.,,,,,,,,,,,,,,,,,200834.0,0.0,1.0,,,,,,,
169,PT11M55.00S,2024-03-24T00:40:22.2Z,2,REGULAR,ejection,other,[],1627739,,,1610612745,47,21,2024-03-24T00:40:50Z,1690000,False,,,0,,Ejection K. Dunn,[1627739],1610612762.0,UTA,,,,Dunn,K. Dunn,,,,,,,,,,,,,,,,,200834.0,,,,,,,,,
170,PT11M55.00S,2024-03-24T00:40:27.1Z,2,REGULAR,ejection,other,[],1631095,,,1610612745,47,21,2024-03-24T00:40:57Z,1700000,False,,,0,,Ejection J. Smith Jr.,[1631095],1610612745.0,HOU,,,,Smith Jr.,J. Smith Jr.,,,,,,,,,,,,,,,,,200834.0,,,,,,,,,
171,PT11M55.00S,2024-03-24T00:40:34.1Z,2,REGULAR,substitution,out,[],1631095,,,1610612745,47,21,2024-03-24T00:40:53Z,1710000,False,,,0,,SUB out: J. Smith Jr.,[1631095],1610612745.0,HOU,,,,Smith Jr.,J. Smith Jr.,,,,,,,,,,,,,,,,,,,,,,,,,,
172,PT11M55.00S,2024-03-24T00:40:34.1Z,2,REGULAR,substitution,out,[],1627739,,,1610612745,47,21,2024-03-24T00:40:53Z,1720000,False,,,0,,SUB out: K. Dunn,[1627739],1610612762.0,UTA,,,,Dunn,K. Dunn,,,,,,,,,,,,,,,,,,,,,,,,,,
173,PT11M55.00S,2024-03-24T00:40:34.1Z,2,REGULAR,substitution,in,[],1641708,,,1610612745,47,21,2024-03-24T00:40:53Z,1730000,False,,,0,,SUB in: A. Thompson,[1641708],1610612745.0,HOU,,,,Thompson,A. Thompson,,,,,,,,,,,,,,,,,,,,,,,,,,
174,PT11M55.00S,2024-03-24T00:40:34.1Z,2,REGULAR,substitution,in,[],1629012,,,1610612745,47,21,2024-03-24T00:40:53Z,1740000,False,,,0,,SUB in: C. Sexton,[1629012],1610612762.0,UTA,,,,Sexton,C. Sexton,,,,,,,,,,,,,,,,,,,,,,,,,,
175,PT11M37.00S,2024-03-24T00:41:19.3Z,2,REGULAR,2pt,DUNK,['pointsinthepaint'],201145,9.149145860709593,56.127450980392155,1610612745,47,21,2024-03-24T00:41:24Z,1750000,False,-31.0,34.0,1,left,MISS J. Green driving DUNK,[201145],1610612745.0,HOU,driving,,,Green,J. Green,,,,,In The Paint (Non-RA),0-8 Center,4.54,Missed,,,,,,,,,,,,,,,,,,
176,PT11M34.00S,2024-03-24T00:41:22.1Z,2,REGULAR,rebound,offensive,[],203493,,,1610612745,47,21,2024-03-24T00:41:22Z,1760000,False,,,0,,R. Bullock Jr. REBOUND (Off:1 Def:0),[203493],1610612745.0,HOU,,,,Bullock Jr.,R. Bullock Jr.,,,,,In The Paint (Non-RA),0-8 Center,,,,,,,175.0,1.0,0.0,1.0,,,,,,,,,,
177,PT11M28.00S,2024-03-24T00:41:28.7Z,2,REGULAR,3pt,Jump Shot,['2ndchance'],1628988,29.122864651773984,80.88235294117648,1610612745,47,21,2024-03-24T00:41:34Z,1770000,False,-154.0,221.0,1,left,MISS A. Holiday 26' 3PT,[1628988],1610612745.0,HOU,,,,Holiday,A. Holiday,,,,,Above the Break 3,24+ Left Center,26.98,Missed,,,,,,,,,,,,,,,,,,
178,PT11M27.00S,2024-03-24T00:41:29.7Z,2,REGULAR,rebound,defensive,[],1630184,,,1610612762,47,21,2024-03-24T00:41:34Z,1780000,False,,,0,,K. Lewis Jr. REBOUND (Off:1 Def:1),[1630184],1610612762.0,UTA,,,,Lewis Jr.,K. Lewis Jr.,,,,,Above the Break 3,24+ Left Center,,,,,,,177.0,2.0,1.0,1.0,,,,,,,,,,
179,PT11M21.00S,2024-03-24T00:41:35.4Z,2,REGULAR,2pt,Layup,"['pointsinthepaint', 'fastbreak']",1630184,92.46057818659659,55.14705882352941,1610612762,47,23,2024-03-24T00:41:41Z,1790000,False,26.0,18.0,1,right,K. Lewis Jr. running Layup (2 PTS),[1630184],1610612762.0,UTA,running,,,Lewis Jr.,K. Lewis Jr.,,,,,Restricted Area,0-8 Center,3.16,Made,2.0,,,,,,,,,,,,,,,,,
180,PT10M56.00S,2024-03-24T00:42:00.3Z,2,REGULAR,2pt,Layup,['pointsinthepaint'],201145,8.754927726675426,59.31372549019608,1610612745,49,23,2024-03-24T00:42:04Z,1800000,False,-47.0,30.0,1,left,J. Green driving Layup (4 PTS),[201145],1610612745.0,HOU,driving,,,Green,J. Green,,,,,In The Paint (Non-RA),0-8 Center,5.53,Made,4.0,,,,,,,,,,,,,,,,,
181,PT10M51.00S,2024-03-24T00:42:04.9Z,2,REGULAR,turnover,bad pass,[],1631117,,,1610612762,49,23,2024-03-24T00:42:10Z,1810000,False,,,0,,W. Kessler bad pass TURNOVER (1 TO),"[1631117, 203493]",1610612762.0,UTA,,,,Kessler,W. Kessler,,,,,In The Paint (Non-RA),0-8 Center,,,,,,,,,,,,,,,,1.0,Bullock Jr.,203493.0,,
182,PT10M51.00S,2024-03-24T00:42:04.9Z,2,REGULAR,steal,,[],203493,,,1610612745,49,23,2024-03-24T00:42:06Z,1820000,False,,,0,,R. Bullock Jr. STEAL (1 STL),[203493],1610612745.0,HOU,,,,Bullock Jr.,R. Bullock Jr.,,,,,In The Paint (Non-RA),0-8 Center,,,,,,,,,,,,,,,,,,,,
183,PT10M49.00S,2024-03-24T00:42:13.4Z,2,REGULAR,2pt,Layup,"['pointsinthepaint', 'fromturnover']",1641708,9.017739816031538,55.392156862745104,1610612745,49,23,2024-03-24T00:42:19Z,1830000,False,-27.0,32.0,1,left,MISS A. Thompson cutting Layup,[1641708],1610612745.0,HOU,cutting,,,Thompson,A. Thompson,,,,,Restricted Area,0-8 Center,4.21,Missed,,,,,,,,,,,,,,,,,,
184,PT10M49.00S,2024-03-24T00:42:16.3Z,2,REGULAR,rebound,defensive,['team'],0,,,1610612762,49,23,2024-03-24T00:42:16Z,1840000,False,,,0,,TEAM defensive REBOUND,[],1610612762.0,UTA,,,,,,,,,,Restricted Area,0-8 Center,,,,,,,183.0,,,,,,,,,,,,,
186,PT10M37.00S,2024-03-24T00:42:36.2Z,2,REGULAR,foul,personal,['2freethrow'],201145,,,1610612762,49,23,2024-03-24T00:42:42Z,1860000,False,,,0,,J. Green shooting personal FOUL (1 PF) (Lewis Jr. 2 FT),"[201145, 1630184]",1610612745.0,HOU,shooting,,,Green,J. Green,,,,,In The Paint (Non-RA),0-8 Center,,,,,,,,,,,1628480.0,1.0,0.0,Lewis Jr.,1630184.0,,,,,
188,PT10M37.00S,2024-03-24T00:43:00.9Z,2,REGULAR,freethrow,1 of 2,[],1630184,,,1610612762,49,24,2024-03-24T00:43:00Z,1880000,False,,,0,,K. Lewis Jr. Free Throw 1 of 2 (3 PTS),[1630184],1610612762.0,UTA,,,,Lewis Jr.,K. Lewis Jr.,,,,,,,,Made,3.0,,,,,,,,,,,,,,,,,
189,PT10M37.00S,2024-03-24T00:43:17.2Z,2,REGULAR,freethrow,2 of 2,[],1630184,,,1610612762,49,25,2024-03-24T00:43:17Z,1890000,False,,,0,,K. Lewis Jr. Free Throw 2 of 2 (4 PTS),[1630184],1610612762.0,UTA,,,,Lewis Jr.,K. Lewis Jr.,,,,,,,,Made,4.0,,,,,,,,,,,,,,,,,
190,PT10M24.00S,2024-03-24T00:43:32.2Z,2,REGULAR,2pt,Jump Shot,['pointsinthepaint'],1628988,16.90210249671485,37.745098039215684,1610612745,51,25,2024-03-24T00:43:38Z,1900000,False,61.0,106.0,1,left,A. Holiday 12' driving floating Jump Shot (2 PTS),[1628988],1610612745.0,HOU,driving floating,,,Holiday,A. Holiday,,,,,In The Paint (Non-RA),8-16 Center,12.28,Made,2.0,,,,,,,,,,,,,,,,,
191,PT10M07.00S,2024-03-24T00:43:48.3Z,2,REGULAR,2pt,Jump Shot,['pointsinthepaint'],1629012,92.59198423127464,40.44117647058824,1610612762,51,25,2024-03-24T00:43:53Z,1910000,False,-48.0,17.0,1,right,MISS C. Sexton driving floating Shot - blocked,"[1629012, 201145]",1610612762.0,UTA,driving floating,,,Sexton,C. Sexton,,,,,In The Paint (Non-RA),0-8 Center,5.08,Missed,,,,,,,,,,,,,,,,,Green,201145.0
192,PT10M07.00S,2024-03-24T00:43:48.3Z,2,REGULAR,block,,[],201145,,,1610612762,51,25,2024-03-24T00:43:50Z,1920000,False,,,0,,J. Green BLOCK (1 BLK),[201145],1610612745.0,HOU,,,,Green,J. Green,,,,,In The Paint (Non-RA),0-8 Center,,,,,,,,,,,,,,,,,,,,
193,PT10M04.00S,2024-03-24T00:43:51.3Z,2,REGULAR,rebound,offensive,[],1631117,,,1610612762,51,25,2024-03-24T00:43:53Z,1930000,False,,,0,,W. Kessler REBOUND (Off:2 Def:0),[1631117],1610612762.0,UTA,,,,Kessler,W. Kessler,,,,,In The Paint (Non-RA),0-8 Center,,,,,,,191.0,2.0,0.0,2.0,,,,,,,,,,
194,PT10M03.00S,2024-03-24T00:43:53.1Z,2,REGULAR,2pt,Jump Shot,"['pointsinthepaint', '2ndchance']",1631117,85.89027595269383,48.77450980392157,1610612762,51,27,2024-03-24T00:43:57Z,1940000,False,-6.0,80.0,1,right,W. Kessler 8' turnaround fadeaway Jump Shot (2 PTS),[1631117],1610612762.0,UTA,turnaround fadeaway,,,Kessler,W. Kessler,,,,,In The Paint (Non-RA),8-16 Center,8.03,Made,2.0,,,,,,,,,,,,,,,,,
195,PT09M53.00S,2024-03-24T00:44:02.9Z,2,REGULAR,3pt,Jump Shot,[],1628988,27.808804204993432,17.401960784313726,1610612745,51,27,2024-03-24T00:44:10Z,1950000,False,163.0,209.0,1,left,MISS A. Holiday 26' pullup 3PT,[1628988],1610612745.0,HOU,pullup,,,Holiday,A. Holiday,,,,,Above the Break 3,24+ Right Center,26.5,Missed,,,,,,,,,,,,,,,,,,
196,PT09M51.00S,2024-03-24T00:44:04.9Z,2,REGULAR,rebound,defensive,['team'],0,,,1610612762,51,27,2024-03-24T00:47:48Z,1960000,False,,,0,,TEAM defensive REBOUND,[],1610612762.0,UTA,,,,,,,,,,Above the Break 3,24+ Right Center,,,,,,,195.0,,,,,,,,,,,,,
198,PT09M51.00S,2024-03-24T00:44:28.0Z,2,REGULAR,timeout,full,"['team', 'mandatory']",0,,,1610612762,51,27,2024-03-24T00:47:26Z,1980000,False,,,0,,UTA Timeout,[],1610612762.0,UTA,,,,,,,,,,,,,,,,,,,,,,,,,,,,,,,
200,PT09M42.00S,2024-03-24T00:47:30.7Z,2,REGULAR,2pt,Layup,['pointsinthepaint'],1630184,93.38042049934296,58.08823529411765,1610612762,51,29,2024-03-24T00:47:35Z,2000000,False,40.0,10.0,1,right,K. Lewis Jr. driving finger roll Layup (6 PTS) (C. Sexton 4 AST),"[1630184, 1629012]",1610612762.0,UTA,driving finger roll,,,Lewis Jr.,K. Lewis Jr.,,,,,Restricted Area,0-8 Center,4.15,Made,6.0,C. Sexton,1629012.0,4.0,,,,,,,,,,,,,,
202,PT09M21.00S,2024-03-24T00:47:50.8Z,2,REGULAR,2pt,Hook,['pointsinthepaint'],1628988,8.754927726675426,58.08823529411765,1610612745,51,29,2024-03-24T00:48:05Z,2020000,False,-40.0,30.0,1,left,MISS A. Holiday driving bank Hook,[1628988],1610612745.0,HOU,driving bank,,,Holiday,A. Holiday,,,,,In The Paint (Non-RA),0-8 Center,5.02,Missed,,,,,,,,,,,,,,,,,,
203,PT09M21.00S,2024-03-24T00:47:50.8Z,2,REGULAR,rebound,offensive,[],1641708,,,1610612745,51,29,2024-03-24T00:49:04Z,2030000,False,,,0,,A. Thompson REBOUND (Off:2 Def:0),[1641708],1610612745.0,HOU,,,,Thompson,A. Thompson,,,,,In The Paint (Non-RA),0-8 Center,,,,,,,202.0,2.0,0.0,2.0,,,,,,,,,,
204,PT09M21.00S,2024-03-24T00:47:54.3Z,2,REGULAR,turnover,out-of-bounds,[],1641708,,,1610612745,51,29,2024-03-24T00:48:12Z,2040000,False,,,0,,A. Thompson step out-of-bounds TURNOVER (1 TO),[1641708],1610612745.0,HOU,step,,,Thompson,A. Thompson,,,,,Mid-Range,8-16 Right,,,,,,,,,,,200834.0,,,,,1.0,,,,
205,PT09M09.00S,2024-03-24T00:48:10.0Z,2,REGULAR,3pt,Jump Shot,['fromturnover'],1641729,67.36202365308804,35.049019607843135,1610612762,51,32,2024-03-24T00:48:18Z,2050000,False,-75.0,254.0,1,right,B. Sensabaugh 26' 3PT  (3 PTS) (K. Lewis Jr. 1 AST),"[1641729, 1630184]",1610612762.0,UTA,,,,Sensabaugh,B. Sensabaugh,,,,,Above the Break 3,24+ Center,26.51,Made,3.0,K. Lewis Jr.,1630184.0,1.0,,,,,,,,,,,,,,
208,PT08M56.00S,2024-03-24T00:48:23.1Z,2,REGULAR,2pt,Layup,['pointsinthepaint'],1630256,7.966491458607096,55.63725490196079,1610612745,53,32,2024-03-24T00:48:28Z,2080000,False,-28.0,22.0,1,left,J. Tate driving Layup (2 PTS),[1630256],1610612745.0,HOU,driving,,,Tate,J. Tate,,,,,Restricted Area,0-8 Center,3.6,Made,2.0,,,,,,,,,,,,,,,,,
209,PT08M45.00S,2024-03-24T00:48:37.4Z,2,REGULAR,foul,personal,[],203493,,,1610612762,53,32,2024-03-24T00:48:52Z,2090000,False,,,0,,R. Bullock Jr. personal FOUL (1 PF),"[203493, 1629012]",1610612745.0,HOU,,,,Bullock Jr.,R. Bullock Jr.,,,,,In The Paint (Non-RA),8-16 Center,,,,,,,,,,,1628951.0,1.0,0.0,Sexton,1629012.0,,,,,
211,PT08M28.00S,2024-03-24T00:49:12.2Z,2,REGULAR,2pt,Jump Shot,[],1629012,89.96386333771353,30.14705882352941,1610612762,53,32,2024-03-24T00:56:03Z,2110000,False,-99.0,42.0,1,right,MISS C. Sexton 10' fadeaway Shot,[1629012],1610612762.0,UTA,fadeaway,,,Sexton,C. Sexton,,,,,Mid-Range,8-16 Left,10.77,Missed,,,,,,,,,,,,,,,,,,
212,PT08M27.00S,2024-03-24T00:49:13.2Z,2,REGULAR,rebound,defensive,[],201145,,,1610612745,53,32,2024-03-24T00:49:18Z,2120000,False,,,0,,J. Green REBOUND (Off:0 Def:3),[201145],1610612745.0,HOU,,,,Green,J. Green,,,,,Mid-Range,8-16 Left,,,,,,,211.0,3.0,3.0,0.0,,,,,,,,,,
213,PT08M22.00S,2024-03-24T00:49:20.6Z,2,REGULAR,2pt,Jump Shot,"['fastbreak', 'pointsinthepaint']",1628988,13.091327201051248,60.78431372549019,1610612745,53,32,2024-03-24T00:50:15Z,2130000,False,-54.0,71.0,1,left,MISS A. Holiday 8' turnaround Shot,[1628988],1610612745.0,HOU,turnaround,,,Holiday,A. Holiday,,,,,In The Paint (Non-RA),8-16 Left,8.88,Missed,,,,,,,,,,,,,,,,,,
214,PT08M22.00S,2024-03-24T00:49:20.6Z,2,REGULAR,rebound,defensive,[],1641729,,,1610612762,53,32,2024-03-24T00:50:15Z,2140000,False,,,0,,B. Sensabaugh REBOUND (Off:0 Def:1),[1641729],1610612762.0,UTA,,,,Sensabaugh,B. Sensabaugh,,,,,In The Paint (Non-RA),8-16 Left,,,,,,,213.0,1.0,1.0,0.0,,,,,,,,,,
215,PT07M58.00S,2024-03-24T00:49:43.2Z,2,REGULAR,3pt,Jump Shot,[],1630695,89.56964520367937,95.34313725490196,1610612762,53,32,2024-03-24T00:49:53Z,2150000,False,227.0,46.0,1,right,MISS M. Potter 3PT,[1630695],1610612762.0,UTA,,,,Potter,M. Potter,,,,,Right Corner 3,24+ Right,23.12,Missed,,,,,,,,,,,,,,,,,,
216,PT07M56.00S,2024-03-24T00:49:45.2Z,2,REGULAR,rebound,defensive,['team'],0,,,1610612745,53,32,2024-03-24T00:49:53Z,2160000,False,,,0,,TEAM defensive REBOUND,[],1610612745.0,HOU,,,,,,,,,,Right Corner 3,24+ Right,,,,,,,215.0,,,,,,,,,,,,,
218,PT07M46.00S,2024-03-24T00:50:05.1Z,2,REGULAR,3pt,Jump Shot,[],201145,33.459264126149804,38.48039215686275,1610612745,56,32,2024-03-24T00:50:17Z,2180000,False,58.0,262.0,1,left,J. Green 26' 3PT  (7 PTS) (A. Thompson 3 AST),"[201145, 1641708]",1610612745.0,HOU,,,,Green,J. Green,,,,,Above the Break 3,24+ Center,26.83,Made,7.0,A. Thompson,1641708.0,3.0,,,,,,,,,,,,,,
220,PT07M25.00S,2024-03-24T00:50:25.8Z,2,REGULAR,3pt,Jump Shot,[],1641729,72.09264126149803,18.137254901960784,1610612762,56,32,2024-03-24T00:50:33Z,2200000,False,-159.0,210.0,1,right,MISS B. Sensabaugh 26' pullup 3PT,[1641729],1610612762.0,UTA,pullup,,,Sensabaugh,B. Sensabaugh,,,,,Above the Break 3,24+ Left Center,26.34,Missed,,,,,,,,,,,,,,,,,,
221,PT07M23.00S,2024-03-24T00:50:27.8Z,2,REGULAR,rebound,defensive,[],1628988,,,1610612745,56,32,2024-03-24T00:50:33Z,2210000,False,,,0,,A. Holiday REBOUND (Off:0 Def:1),[1628988],1610612745.0,HOU,,,,Holiday,A. Holiday,,,,,Above the Break 3,24+ Left Center,,,,,,,220.0,1.0,1.0,0.0,,,,,,,,,,
222,PT07M16.00S,2024-03-24T00:50:34.9Z,2,REGULAR,3pt,Jump Shot,[],203493,33.85348226018397,47.30392156862745,1610612745,56,32,2024-03-24T00:50:43Z,2220000,False,13.0,266.0,1,left,MISS R. Bullock Jr. 26' 3PT,[203493],1610612745.0,HOU,,,,Bullock Jr.,R. Bullock Jr.,,,,,Above the Break 3,24+ Center,26.6,Missed,,,,,,,,,,,,,,,,,,
223,PT07M14.00S,2024-03-24T00:50:36.9Z,2,REGULAR,rebound,offensive,[],1641708,,,1610612745,56,32,2024-03-24T00:50:43Z,2230000,False,,,0,,A. Thompson REBOUND (Off:3 Def:0),[1641708],1610612745.0,HOU,,,,Thompson,A. Thompson,,,,,Above the Break 3,24+ Center,,,,,,,222.0,3.0,0.0,3.0,,,,,,,,,,
224,PT07M11.00S,2024-03-24T00:50:40.5Z,2,REGULAR,3pt,Jump Shot,['2ndchance'],203493,33.590670170827856,46.81372549019608,1610612745,56,32,2024-03-24T00:50:46Z,2240000,False,16.0,263.0,1,left,MISS R. Bullock Jr. 26' 3PT,[203493],1610612745.0,HOU,,,,Bullock Jr.,R. Bullock Jr.,,,,,Above the Break 3,24+ Center,26.38,Missed,,,,,,,,,,,,,,,,,,
225,PT07M10.00S,2024-03-24T00:50:41.5Z,2,REGULAR,rebound,defensive,[],1630184,,,1610612762,56,32,2024-03-24T00:50:49Z,2250000,False,,,0,,K. Lewis Jr. REBOUND (Off:1 Def:2),[1630184],1610612762.0,UTA,,,,Lewis Jr.,K. Lewis Jr.,,,,,Above the Break 3,24+ Center,,,,,,,224.0,3.0,2.0,1.0,,,,,,,,,,
226,PT07M02.00S,2024-03-24T00:50:49.1Z,2,REGULAR,3pt,Jump Shot,[],1630184,71.17279894875165,77.94117647058823,1610612762,56,35,2024-03-24T00:50:56Z,2260000,False,140.0,218.0,1,right,K. Lewis Jr. 25' 3PT pullup (9 PTS),[1630184],1610612762.0,UTA,pullup,,,Lewis Jr.,K. Lewis Jr.,,,,,Above the Break 3,24+ Right Center,25.93,Made,9.0,,,,,,,,,,,,,,,,,
227,PT06M49.00S,2024-03-24T00:51:04.3Z,2,REGULAR,turnover,out-of-bounds,[],1641708,,,1610612745,56,35,2024-03-24T00:51:12Z,2270000,False,,,0,,A. Thompson lost ball out-of-bounds TURNOVER (2 TO),[1641708],1610612745.0,HOU,lost ball,,,Thompson,A. Thompson,,,,,Right Corner 3,24+ Right,,,,,,,,,,,200834.0,,,,,2.0,,,,
228,PT06M49.00S,2024-03-24T00:51:07.9Z,2,REGULAR,substitution,out,[],1628988,,,1610612762,56,35,2024-03-24T00:51:25Z,2280000,False,,,0,,SUB out: A. Holiday,[1628988],1610612745.0,HOU,,,,Holiday,A. Holiday,,,,,,,,,,,,,,,,,,,,,,,,,,
229,PT06M49.00S,2024-03-24T00:51:07.9Z,2,REGULAR,substitution,out,[],201145,,,1610612762,56,35,2024-03-24T00:51:25Z,2290000,False,,,0,,SUB out: J. Green,[201145],1610612745.0,HOU,,,,Green,J. Green,,,,,,,,,,,,,,,,,,,,,,,,,,
230,PT06M49.00S,2024-03-24T00:51:07.9Z,2,REGULAR,substitution,out,[],1641729,,,1610612762,56,35,2024-03-24T00:51:25Z,2300000,False,,,0,,SUB out: B. Sensabaugh,[1641729],1610612762.0,UTA,,,,Sensabaugh,B. Sensabaugh,,,,,,,,,,,,,,,,,,,,,,,,,,
231,PT06M49.00S,2024-03-24T00:51:07.9Z,2,REGULAR,substitution,out,[],1629012,,,1610612762,56,35,2024-03-24T00:51:25Z,2310000,False,,,0,,SUB out: C. Sexton,[1629012],1610612762.0,UTA,,,,Sexton,C. Sexton,,,,,,,,,,,,,,,,,,,,,,,,,,
232,PT06M49.00S,2024-03-24T00:51:07.9Z,2,REGULAR,substitution,in,[],1627832,,,1610612762,56,35,2024-03-24T00:51:25Z,2320000,False,,,0,,SUB in: F. VanVleet,[1627832],1610612745.0,HOU,,,,VanVleet,F. VanVleet,,,,,,,,,,,,,,,,,,,,,,,,,,
233,PT06M49.00S,2024-03-24T00:51:07.9Z,2,REGULAR,substitution,in,[],1629111,,,1610612762,56,35,2024-03-24T00:51:25Z,2330000,False,,,0,,SUB in: J. Landale,[1629111],1610612745.0,HOU,,,,Landale,J. Landale,,,,,,,,,,,,,,,,,,,,,,,,,,
234,PT06M49.00S,2024-03-24T00:51:07.9Z,2,REGULAR,substitution,in,[],1641718,,,1610612762,56,35,2024-03-24T00:51:25Z,2340000,False,,,0,,SUB in: K. George,[1641718],1610612762.0,UTA,,,,George,K. George,,,,,,,,,,,,,,,,,,,,,,,,,,
235,PT06M49.00S,2024-03-24T00:51:07.9Z,2,REGULAR,substitution,in,[],1641707,,,1610612762,56,35,2024-03-24T00:51:25Z,2350000,False,,,0,,SUB in: T. Hendricks,[1641707],1610612762.0,UTA,,,,Hendricks,T. Hendricks,,,,,,,,,,,,,,,,,,,,,,,,,,
241,PT06M39.00S,2024-03-24T00:52:12.1Z,2,REGULAR,foul,personal,[],1629111,,,1610612762,56,35,2024-03-24T01:00:27Z,2410000,False,,,0,,J. Landale personal FOUL (2 PF),"[1629111, 1631117]",1610612745.0,HOU,,,,Landale,J. Landale,,,,,In The Paint (Non-RA),0-8 Center,,,,,,,,,,,1628480.0,2.0,0.0,Kessler,1631117.0,,,,,
239,PT06M39.00S,2024-03-24T00:52:13.0Z,2,REGULAR,substitution,out,[],1641708,,,1610612762,56,35,2024-03-24T00:52:17Z,2425000,False,,,0,,SUB out: A. Thompson,[1641708],1610612745.0,HOU,,,,Thompson,A. Thompson,,,,,,,,,,,,,,,,,,,,,,,,,,
240,PT06M39.00S,2024-03-24T00:52:13.0Z,2,REGULAR,substitution,in,[],1628415,,,1610612762,56,35,2024-03-24T00:52:17Z,2427500,False,,,0,,SUB in: D. Brooks,[1628415],1610612745.0,HOU,,,,Brooks,D. Brooks,,,,,,,,,,,,,,,,,,,,,,,,,,
243,PT06M28.00S,2024-03-24T00:52:28.5Z,2,REGULAR,2pt,Jump Shot,"['pointsinthepaint', 'fromturnover']",1630184,84.44480946123521,41.66666666666667,1610612762,56,35,2024-03-24T00:59:59Z,2430000,False,-42.0,94.0,1,right,MISS K. Lewis Jr. 10' driving floating Shot,[1630184],1610612762.0,UTA,driving floating,,,Lewis Jr.,K. Lewis Jr.,,,,,In The Paint (Non-RA),8-16 Center,10.26,Missed,,,,,,,,,,,,,,,,,,
244,PT06M28.00S,2024-03-24T00:52:33.9Z,2,REGULAR,rebound,offensive,['team'],0,,,1610612762,56,35,2024-03-24T00:52:33Z,2440000,False,,,0,,TEAM offensive REBOUND,[],1610612762.0,UTA,,,,,,,,,,In The Paint (Non-RA),8-16 Center,,,,,,,243.0,,,,,,,,,,,,,
245,PT06M28.00S,2024-03-24T00:52:36.0Z,2,REGULAR,foul,personal,[],1629111,,,1610612762,56,35,2024-03-24T00:52:41Z,2450000,False,,,0,,J. Landale loose ball personal FOUL (3 PF),"[1629111, 1631117]",1610612745.0,HOU,loose ball,,,Landale,J. Landale,,,,,In The Paint (Non-RA),0-8 Center,,,,,,,,,,,200834.0,3.0,0.0,Kessler,1631117.0,,,,,
247,PT06M25.00S,2024-03-24T00:52:49.6Z,2,REGULAR,3pt,Jump Shot,"['fromturnover', '2ndchance']",1641707,92.06636005256242,94.85294117647058,1610612762,56,35,2024-03-24T00:53:06Z,2470000,False,224.0,22.0,1,right,MISS T. Hendricks 3PT,[1641707],1610612762.0,UTA,,,,Hendricks,T. Hendricks,,,,,Right Corner 3,24+ Right,22.54,Missed,,,,,,,,,,,,,,,,,,
248,PT06M23.00S,2024-03-24T00:52:51.6Z,2,REGULAR,rebound,defensive,[],203493,,,1610612745,56,35,2024-03-24T00:53:06Z,2480000,False,,,0,,R. Bullock Jr. REBOUND (Off:1 Def:1),[203493],1610612745.0,HOU,,,,Bullock Jr.,R. Bullock Jr.,,,,,Right Corner 3,24+ Right,,,,,,,247.0,2.0,1.0,1.0,,,,,,,,,,
249,PT06M12.00S,2024-03-24T00:53:02.2Z,2,REGULAR,3pt,Jump Shot,[],1628415,32.933639947437584,61.029411764705884,1610612745,59,35,2024-03-24T00:53:10Z,2490000,False,-55.0,257.0,1,left,D. Brooks 26' 3PT  (7 PTS) (J. Landale 1 AST),"[1628415, 1629111]",1610612745.0,HOU,,,,Brooks,D. Brooks,,,,,Above the Break 3,24+ Center,26.29,Made,7.0,J. Landale,1629111.0,1.0,,,,,,,,,,,,,,
251,PT05M46.00S,2024-03-24T00:53:28.0Z,2,REGULAR,2pt,Jump Shot,['pointsinthepaint'],1641718,81.94809461235218,40.931372549019606,1610612762,59,37,2024-03-24T01:02:19Z,2510000,False,-45.0,117.0,1,right,K. George 12' driving floating Jump Shot (4 PTS) (K. Lewis Jr. 2 AST),"[1641718, 1630184]",1610612762.0,UTA,driving floating,,,George,K. George,,,,,In The Paint (Non-RA),8-16 Center,12.57,Made,4.0,K. Lewis Jr.,1630184.0,2.0,,,,,,,,,,,,,,
253,PT05M30.00S,2024-03-24T00:53:44.1Z,2,REGULAR,2pt,Layup,['pointsinthepaint'],1628415,10.5946123521682,50.98039215686274,1610612745,59,37,2024-03-24T00:53:53Z,2530000,False,-5.0,47.0,1,left,MISS D. Brooks driving Layup - blocked,"[1628415, 1631117]",1610612745.0,HOU,driving,,,Brooks,D. Brooks,,,,,In The Paint (Non-RA),0-8 Center,4.74,Missed,,,,,,,,,,,,,,,,,Kessler,1631117.0
254,PT05M30.00S,2024-03-24T00:53:44.1Z,2,REGULAR,block,,[],1631117,,,1610612745,59,37,2024-03-24T00:54:07Z,2540000,False,,,0,,W. Kessler BLOCK (1 BLK),[1631117],1610612762.0,UTA,,,,Kessler,W. Kessler,,,,,In The Paint (Non-RA),0-8 Center,,,,,,,,,,,,,,,,,,,,
255,PT05M30.00S,2024-03-24T00:53:44.1Z,2,REGULAR,rebound,offensive,['team'],0,,,1610612745,59,37,2024-03-24T00:53:53Z,2550000,False,,,0,,TEAM offensive REBOUND,[],1610612745.0,HOU,,,,,,,,,,In The Paint (Non-RA),0-8 Center,,,,,,,253.0,,,,,,,,,,,,,
257,PT05M30.00S,2024-03-24T00:53:50.1Z,2,REGULAR,substitution,out,[],1629111,,,1610612745,59,37,2024-03-24T00:54:01Z,2570000,False,,,0,,SUB out: J. Landale,[1629111],1610612745.0,HOU,,,,Landale,J. Landale,,,,,,,,,,,,,,,,,,,,,,,,,,
258,PT05M30.00S,2024-03-24T00:53:50.1Z,2,REGULAR,substitution,out,[],203493,,,1610612745,59,37,2024-03-24T00:54:01Z,2580000,False,,,0,,SUB out: R. Bullock Jr.,[203493],1610612745.0,HOU,,,,Bullock Jr.,R. Bullock Jr.,,,,,,,,,,,,,,,,,,,,,,,,,,
259,PT05M30.00S,2024-03-24T00:53:50.1Z,2,REGULAR,substitution,out,[],1631117,,,1610612745,59,37,2024-03-24T00:54:01Z,2590000,False,,,0,,SUB out: W. Kessler,[1631117],1610612762.0,UTA,,,,Kessler,W. Kessler,,,,,,,,,,,,,,,,,,,,,,,,,,
260,PT05M30.00S,2024-03-24T00:53:50.1Z,2,REGULAR,substitution,in,[],1630224,,,1610612745,59,37,2024-03-24T00:54:01Z,2600000,False,,,0,,SUB in: J. Green,[1630224],1610612745.0,HOU,,,,Green,J. Green,,,,,,,,,,,,,,,,,,,,,,,,,,
261,PT05M30.00S,2024-03-24T00:53:50.1Z,2,REGULAR,substitution,in,[],201145,,,1610612745,59,37,2024-03-24T00:54:01Z,2610000,False,,,0,,SUB in: J. Green,[201145],1610612745.0,HOU,,,,Green,J. Green,,,,,,,,,,,,,,,,,,,,,,,,,,
262,PT05M30.00S,2024-03-24T00:53:50.1Z,2,REGULAR,substitution,in,[],1628381,,,1610612745,59,37,2024-03-24T00:54:01Z,2620000,False,,,0,,SUB in: J. Collins,[1628381],1610612762.0,UTA,,,,Collins,J. Collins,,,,,,,,,,,,,,,,,,,,,,,,,,
263,PT05M28.00S,2024-03-24T00:54:16.8Z,2,REGULAR,3pt,Jump Shot,['2ndchance'],1627832,24.917871222076215,9.803921568627452,1610612745,62,37,2024-03-24T00:54:22Z,2630000,False,201.0,182.0,1,left,F. VanVleet 27' 3PT  (20 PTS) (J. Green 2 AST),"[1627832, 1630224]",1610612745.0,HOU,,,,VanVleet,F. VanVleet,,,,,Above the Break 3,24+ Right Center,27.1,Made,20.0,J. Green,1630224.0,2.0,,,,,,,,,,,,,,
265,PT05M02.00S,2024-03-24T00:54:41.8Z,2,REGULAR,turnover,bad pass,[],1630184,,,1610612762,62,37,2024-03-24T00:54:45Z,2650000,False,,,0,,K. Lewis Jr. bad pass TURNOVER (1 TO),"[1630184, 1628415]",1610612762.0,UTA,,,,Lewis Jr.,K. Lewis Jr.,,,,,In The Paint (Non-RA),0-8 Center,,,,,,,,,,,,,,,,1.0,Brooks,1628415.0,,
266,PT05M02.00S,2024-03-24T00:54:41.8Z,2,REGULAR,steal,,[],1628415,,,1610612745,62,37,2024-03-24T00:54:43Z,2660000,False,,,0,,D. Brooks STEAL (1 STL),[1628415],1610612745.0,HOU,,,,Brooks,D. Brooks,,,,,In The Paint (Non-RA),0-8 Center,,,,,,,,,,,,,,,,,,,,
267,PT04M57.00S,2024-03-24T00:54:47.0Z,2,REGULAR,3pt,Jump Shot,"['fromturnover', 'fastbreak']",1628415,29.911300919842315,74.26470588235294,1610612745,62,37,2024-03-24T01:04:37Z,2670000,False,-121.0,229.0,1,left,MISS D. Brooks 25' running 3PT,[1628415],1610612745.0,HOU,running,,,Brooks,D. Brooks,,,,,Above the Break 3,24+ Left Center,25.89,Missed,,,,,,,,,,,,,,,,,,
268,PT04M56.00S,2024-03-24T00:54:48.0Z,2,REGULAR,rebound,defensive,[],1628381,,,1610612762,62,37,2024-03-24T00:55:01Z,2680000,False,,,0,,J. Collins REBOUND (Off:1 Def:1),[1628381],1610612762.0,UTA,,,,Collins,J. Collins,,,,,Above the Break 3,24+ Left Center,,,,,,,267.0,2.0,1.0,1.0,,,,,,,,,,
269,PT04M47.00S,2024-03-24T00:54:57.1Z,2,REGULAR,2pt,Layup,['pointsinthepaint'],1628381,88.51839684625493,44.85294117647059,1610612762,62,37,2024-03-24T00:55:07Z,2690000,False,-26.0,55.0,1,right,MISS J. Collins 6' Layup - blocked,"[1628381, 1630256]",1610612762.0,UTA,,,,Collins,J. Collins,,,,,In The Paint (Non-RA),0-8 Center,6.11,Missed,,,,,,,,,,,,,,,,,Tate,1630256.0
270,PT04M47.00S,2024-03-24T00:54:57.1Z,2,REGULAR,block,,[],1630256,,,1610612762,62,37,2024-03-24T00:54:59Z,2700000,False,,,0,,J. Tate BLOCK (1 BLK),[1630256],1610612745.0,HOU,,,,Tate,J. Tate,,,,,In The Paint (Non-RA),0-8 Center,,,,,,,,,,,,,,,,,,,,
271,PT04M43.00S,2024-03-24T00:55:01.1Z,2,REGULAR,rebound,offensive,[],1628381,,,1610612762,62,37,2024-03-24T00:55:07Z,2710000,False,,,0,,J. Collins REBOUND (Off:2 Def:1),[1628381],1610612762.0,UTA,,,,Collins,J. Collins,,,,,In The Paint (Non-RA),0-8 Center,,,,,,,269.0,3.0,1.0,2.0,,,,,,,,,,
272,PT04M43.00S,2024-03-24T00:55:01.0Z,2,REGULAR,2pt,DUNK,"['pointsinthepaint', '2ndchance']",1628381,91.5407358738502,47.794117647058826,1610612762,62,39,2024-03-24T03:45:10Z,2720000,False,-11.0,27.0,1,right,J. Collins DUNK (7 PTS),[1628381],1610612762.0,UTA,,,,Collins,J. Collins,,,,,Restricted Area,0-8 Center,2.92,Made,7.0,,,,,,,,,,,,,,,,,
273,PT04M35.00S,2024-03-24T00:55:08.6Z,2,REGULAR,3pt,Jump Shot,[],201145,4.944152431011826,1.9607843137254901,1610612745,65,39,2024-03-24T00:55:18Z,2730000,False,240.0,-6.0,1,left,J. Green 24' 3PT  (10 PTS) (D. Brooks 3 AST),"[201145, 1628415]",1610612745.0,HOU,,,,Green,J. Green,,,,,Right Corner 3,24+ Right,24.03,Made,10.0,D. Brooks,1628415.0,3.0,,,,,,,,,,,,,,
275,PT04M22.00S,2024-03-24T00:55:26.6Z,2,REGULAR,foul,personal,"['inpenalty', '2freethrow']",1630256,,,1610612762,65,39,2024-03-24T00:55:34Z,2750000,False,,,0,,J. Tate personal FOUL (1 PF) (Collins 2 FT),"[1630256, 1628381]",1610612745.0,HOU,,,,Tate,J. Tate,,,,,Mid-Range,16-24 Center,,,,,,,,,,,1628951.0,1.0,0.0,Collins,1628381.0,,,,,
277,PT04M22.00S,2024-03-24T00:55:52.2Z,2,REGULAR,freethrow,1 of 2,[],1628381,,,1610612762,65,40,2024-03-24T00:55:52Z,2770000,False,,,0,,J. Collins Free Throw 1 of 2 (8 PTS),[1628381],1610612762.0,UTA,,,,Collins,J. Collins,,,,,,,,Made,8.0,,,,,,,,,,,,,,,,,
278,PT04M22.00S,2024-03-24T00:55:53.2Z,2,REGULAR,substitution,out,[],1630256,,,1610612762,65,40,2024-03-24T00:56:06Z,2780000,False,,,0,,SUB out: J. Tate,[1630256],1610612745.0,HOU,,,,Tate,J. Tate,,,,,,,,,,,,,,,,,,,,,,,,,,
279,PT04M22.00S,2024-03-24T00:55:53.2Z,2,REGULAR,substitution,out,[],1630184,,,1610612762,65,40,2024-03-24T00:56:06Z,2790000,False,,,0,,SUB out: K. Lewis Jr.,[1630184],1610612762.0,UTA,,,,Lewis Jr.,K. Lewis Jr.,,,,,,,,,,,,,,,,,,,,,,,,,,
280,PT04M22.00S,2024-03-24T00:55:53.2Z,2,REGULAR,substitution,out,[],1630695,,,1610612762,65,40,2024-03-24T00:56:06Z,2800000,False,,,0,,SUB out: M. Potter,[1630695],1610612762.0,UTA,,,,Potter,M. Potter,,,,,,,,,,,,,,,,,,,,,,,,,,
281,PT04M22.00S,2024-03-24T00:55:53.2Z,2,REGULAR,substitution,in,[],1641708,,,1610612762,65,40,2024-03-24T00:56:06Z,2810000,False,,,0,,SUB in: A. Thompson,[1641708],1610612745.0,HOU,,,,Thompson,A. Thompson,,,,,,,,,,,,,,,,,,,,,,,,,,
282,PT04M22.00S,2024-03-24T00:55:53.2Z,2,REGULAR,substitution,in,[],1629012,,,1610612762,65,40,2024-03-24T00:56:06Z,2820000,False,,,0,,SUB in: C. Sexton,[1629012],1610612762.0,UTA,,,,Sexton,C. Sexton,,,,,,,,,,,,,,,,,,,,,,,,,,
283,PT04M22.00S,2024-03-24T00:55:53.2Z,2,REGULAR,substitution,in,[],1630548,,,1610612762,65,40,2024-03-24T00:56:06Z,2830000,False,,,0,,SUB in: J. Juzang,[1630548],1610612762.0,UTA,,,,Juzang,J. Juzang,,,,,,,,,,,,,,,,,,,,,,,,,,
284,PT04M22.00S,2024-03-24T00:56:16.3Z,2,REGULAR,freethrow,2 of 2,[],1628381,,,1610612762,65,41,2024-03-24T00:56:16Z,2840000,False,,,0,,J. Collins Free Throw 2 of 2 (9 PTS),[1628381],1610612762.0,UTA,,,,Collins,J. Collins,,,,,,,,Made,9.0,,,,,,,,,,,,,,,,,
285,PT04M07.00S,2024-03-24T00:56:33.1Z,2,REGULAR,2pt,Layup,['pointsinthepaint'],1630224,7.703679369250986,44.85294117647059,1610612745,67,41,2024-03-24T00:56:37Z,2850000,False,26.0,20.0,1,left,J. Green driving Layup (15 PTS),[1630224],1610612745.0,HOU,driving,,,Green,J. Green,,,,,Restricted Area,0-8 Center,3.25,Made,15.0,,,,,,,,,,,,,,,,,
286,PT03M57.00S,2024-03-24T00:56:43.0Z,2,REGULAR,2pt,Jump Shot,['pointsinthepaint'],1629012,86.5473061760841,38.48039215686275,1610612762,67,41,2024-03-24T01:06:44Z,2860000,False,-58.0,74.0,1,right,MISS C. Sexton 9' driving floating bank Shot,[1629012],1610612762.0,UTA,driving floating bank,,,Sexton,C. Sexton,,,,,In The Paint (Non-RA),8-16 Left,9.38,Missed,,,,,,,,,,,,,,,,,,
287,PT03M57.00S,2024-03-24T00:56:43.0Z,2,REGULAR,rebound,offensive,['team'],0,,,1610612762,67,41,2024-03-24T00:57:04Z,2870000,False,,,0,,TEAM offensive REBOUND,[],1610612762.0,UTA,,,,,,,,,,In The Paint (Non-RA),8-16 Left,,,,,,,286.0,,,,,,,,,,,,,
288,PT03M57.00S,2024-03-24T00:56:52.2Z,2,REGULAR,foul,personal,"['inpenalty', '2freethrow']",1627832,,,1610612762,67,41,2024-03-24T00:56:58Z,2880000,False,,,0,,F. VanVleet loose ball personal FOUL (3 PF) (Collins 2 FT),"[1627832, 1628381]",1610612745.0,HOU,loose ball,,,VanVleet,F. VanVleet,,,,,Restricted Area,0-8 Center,,,,,,,,,,,200834.0,3.0,0.0,Collins,1628381.0,,,,,
290,PT03M57.00S,2024-03-24T00:57:16.3Z,2,REGULAR,freethrow,1 of 2,['2ndchance'],1628381,,,1610612762,67,42,2024-03-24T00:57:16Z,2900000,False,,,0,,J. Collins Free Throw 1 of 2 (10 PTS),[1628381],1610612762.0,UTA,,,,Collins,J. Collins,,,,,,,,Made,10.0,,,,,,,,,,,,,,,,,
291,PT03M57.00S,2024-03-24T00:57:33.8Z,2,REGULAR,freethrow,2 of 2,['2ndchance'],1628381,,,1610612762,67,43,2024-03-24T00:57:33Z,2910000,False,,,0,,J. Collins Free Throw 2 of 2 (11 PTS),[1628381],1610612762.0,UTA,,,,Collins,J. Collins,,,,,,,,Made,11.0,,,,,,,,,,,,,,,,,
292,PT03M43.00S,2024-03-24T00:57:49.9Z,2,REGULAR,2pt,Layup,['pointsinthepaint'],201145,8.492115637319317,50.245098039215684,1610612745,69,43,2024-03-24T00:57:56Z,2920000,False,-1.0,27.0,1,left,J. Green cutting Layup (12 PTS) (F. VanVleet 5 AST),"[201145, 1627832]",1610612745.0,HOU,cutting,,,Green,J. Green,,,,,Restricted Area,0-8 Center,2.73,Made,12.0,F. VanVleet,1627832.0,5.0,,,,,,,,,,,,,,
294,PT03M43.00S,2024-03-24T00:57:52.3Z,2,REGULAR,foul,personal,['1freethrow'],1641707,,,1610612745,69,43,2024-03-24T00:58:09Z,2940000,False,,,0,,T. Hendricks personal FOUL (2 PF) (Green 1 FT),"[1641707, 201145]",1610612762.0,UTA,,,,Hendricks,T. Hendricks,,,,,Restricted Area,0-8 Center,,,,,,,,,,,200834.0,2.0,0.0,Green,201145.0,,,,,
296,PT03M43.00S,2024-03-24T00:58:20.4Z,2,REGULAR,freethrow,1 of 1,[],201145,,,1610612745,70,43,2024-03-24T00:58:20Z,2960000,False,,,0,,J. Green Free Throw 1 of 1 (13 PTS),[201145],1610612745.0,HOU,,,,Green,J. Green,,,,,,,,Made,13.0,,,,,,,,,,,,,,,,,
297,PT03M21.00S,2024-03-24T00:58:43.7Z,2,REGULAR,3pt,Jump Shot,[],1641718,72.7496714848883,83.33333333333334,1610612762,70,43,2024-03-24T00:58:51Z,2970000,False,167.0,204.0,1,right,MISS K. George 26' pullup 3PT,[1641718],1610612762.0,UTA,pullup,,,George,K. George,,,,,Above the Break 3,24+ Right Center,26.32,Missed,,,,,,,,,,,,,,,,,,
298,PT03M20.00S,2024-03-24T00:58:44.7Z,2,REGULAR,rebound,defensive,[],1627832,,,1610612745,70,43,2024-03-24T00:58:51Z,2980000,False,,,0,,F. VanVleet REBOUND (Off:0 Def:2),[1627832],1610612745.0,HOU,,,,VanVleet,F. VanVleet,,,,,Above the Break 3,24+ Right Center,,,,,,,297.0,2.0,2.0,0.0,,,,,,,,,,
299,PT03M16.00S,2024-03-24T00:58:50.0Z,2,REGULAR,3pt,Jump Shot,['fastbreak'],1627832,30.831143232588698,20.098039215686274,1610612745,73,43,2024-03-24T00:58:59Z,2990000,False,150.0,237.0,1,left,F. VanVleet 28' 3PT running pullup (23 PTS),[1627832],1610612745.0,HOU,running pullup,,,VanVleet,F. VanVleet,,,,,Above the Break 3,24+ Right Center,28.05,Made,23.0,,,,,,,,,,,,,,,,,
300,PT03M05.00S,2024-03-24T00:59:03.9Z,2,REGULAR,foul,personal,"['inpenalty', '2freethrow']",1641708,,,1610612762,73,43,2024-03-24T00:59:12Z,3000000,False,,,0,,A. Thompson personal FOUL (1 PF) (Collins 2 FT),"[1641708, 1628381]",1610612745.0,HOU,,,,Thompson,A. Thompson,,,,,In The Paint (Non-RA),8-16 Center,,,,,,,,,,,1628951.0,1.0,0.0,Collins,1628381.0,,,,,
302,PT03M05.00S,2024-03-24T00:59:30.0Z,2,REGULAR,freethrow,1 of 2,[],1628381,,,1610612762,73,44,2024-03-24T00:59:30Z,3020000,False,,,0,,J. Collins Free Throw 1 of 2 (12 PTS),[1628381],1610612762.0,UTA,,,,Collins,J. Collins,,,,,,,,Made,12.0,,,,,,,,,,,,,,,,,
303,PT03M05.00S,2024-03-24T00:59:55.2Z,2,REGULAR,freethrow,2 of 2,[],1628381,,,1610612762,73,45,2024-03-24T00:59:55Z,3030000,False,,,0,,J. Collins Free Throw 2 of 2 (13 PTS),[1628381],1610612762.0,UTA,,,,Collins,J. Collins,,,,,,,,Made,13.0,,,,,,,,,,,,,,,,,
304,PT02M54.00S,2024-03-24T01:00:08.1Z,2,REGULAR,3pt,Jump Shot,[],1630224,22.683968462549277,90.19607843137256,1610612745,73,45,2024-03-24T01:00:18Z,3040000,False,-201.0,161.0,1,left,MISS J. Green 25' 3PT,[1630224],1610612745.0,HOU,,,,Green,J. Green,,,,,Above the Break 3,24+ Left Center,25.73,Missed,,,,,,,,,,,,,,,,,,
305,PT02M52.00S,2024-03-24T01:00:10.1Z,2,REGULAR,rebound,defensive,[],1641718,,,1610612762,73,45,2024-03-24T01:00:18Z,3050000,False,,,0,,K. George REBOUND (Off:0 Def:2),[1641718],1610612762.0,UTA,,,,George,K. George,,,,,Above the Break 3,24+ Left Center,,,,,,,304.0,2.0,2.0,0.0,,,,,,,,,,
306,PT02M42.00S,2024-03-24T01:00:19.8Z,2,REGULAR,2pt,Jump Shot,['pointsinthepaint'],1628381,84.1819973718791,49.754901960784316,1610612762,73,47,2024-03-24T01:00:25Z,3060000,False,-1.0,96.0,1,right,J. Collins 9' turnaround fadeaway Jump Shot (15 PTS) (K. George 3 AST),"[1628381, 1641718]",1610612762.0,UTA,turnaround fadeaway,,,Collins,J. Collins,,,,,In The Paint (Non-RA),8-16 Center,9.62,Made,15.0,K. George,1641718.0,3.0,,,,,,,,,,,,,,
308,PT02M30.00S,2024-03-24T01:00:32.2Z,2,REGULAR,2pt,Jump Shot,['pointsinthepaint'],1641708,9.806176084099869,57.107843137254896,1610612745,73,47,2024-03-24T01:00:38Z,3080000,False,-36.0,40.0,1,left,MISS A. Thompson driving floating Shot,[1641708],1610612745.0,HOU,driving floating,,,Thompson,A. Thompson,,,,,In The Paint (Non-RA),0-8 Center,5.33,Missed,,,,,,,,,,,,,,,,,,
309,PT02M30.00S,2024-03-24T01:00:32.2Z,2,REGULAR,rebound,offensive,[],1641708,,,1610612745,73,47,2024-03-24T01:00:38Z,3090000,False,,,0,,A. Thompson REBOUND (Off:4 Def:0),[1641708],1610612745.0,HOU,,,,Thompson,A. Thompson,,,,,In The Paint (Non-RA),0-8 Center,,,,,,,308.0,4.0,0.0,4.0,,,,,,,,,,
310,PT02M26.00S,2024-03-24T01:00:35.7Z,2,REGULAR,3pt,Jump Shot,['2ndchance'],201145,10.85742444152431,3.9215686274509802,1610612745,76,47,2024-03-24T01:00:42Z,3100000,False,230.0,50.0,1,left,J. Green 3PT  (16 PTS) (A. Thompson 4 AST),"[201145, 1641708]",1610612745.0,HOU,,,,Green,J. Green,,,,,Right Corner 3,24+ Right,23.57,Made,16.0,A. Thompson,1641708.0,4.0,,,,,,,,,,,,,,
312,PT02M07.00S,2024-03-24T01:00:55.2Z,2,REGULAR,2pt,Layup,['pointsinthepaint'],1629012,92.19776609724047,45.588235294117645,1610612762,76,49,2024-03-24T01:00:59Z,3120000,False,-22.0,21.0,1,right,C. Sexton driving finger roll Layup (5 PTS),[1629012],1610612762.0,UTA,driving finger roll,,,Sexton,C. Sexton,,,,,Restricted Area,0-8 Center,3.03,Made,5.0,,,,,,,,,,,,,,,,,
313,PT01M57.00S,2024-03-24T01:01:07.1Z,2,REGULAR,foul,personal,[],1628381,,,1610612745,76,49,2024-03-24T01:06:39Z,3130000,False,,,0,,J. Collins personal FOUL (3 PF),"[1628381, 1630224]",1610612762.0,UTA,,,,Collins,J. Collins,,,,,Mid-Range,8-16 Right,,,,,,,,,,,1628480.0,3.0,0.0,Green,1630224.0,,,,,
315,PT01M57.00S,2024-03-24T01:01:17.9Z,2,REGULAR,timeout,full,"['team', 'mandatory']",0,,,1610612745,76,49,2024-03-24T01:01:17Z,3150000,False,,,0,,HOU Timeout,[],1610612745.0,HOU,,,,,,,,,,,,,,,,,,,,,,,,,,,,,,,
316,PT01M57.00S,2024-03-24T01:03:56.3Z,2,REGULAR,substitution,out,[],1627832,,,1610612745,76,49,2024-03-24T01:04:15Z,3160000,False,,,0,,SUB out: F. VanVleet,[1627832],1610612745.0,HOU,,,,VanVleet,F. VanVleet,,,,,,,,,,,,,,,,,,,,,,,,,,
317,PT01M57.00S,2024-03-24T01:03:56.3Z,2,REGULAR,substitution,in,[],1628988,,,1610612745,76,49,2024-03-24T01:04:15Z,3170000,False,,,0,,SUB in: A. Holiday,[1628988],1610612745.0,HOU,,,,Holiday,A. Holiday,,,,,,,,,,,,,,,,,,,,,,,,,,
318,PT01M48.00S,2024-03-24T01:04:24.1Z,2,REGULAR,3pt,Jump Shot,[],201145,30.305519053876477,79.41176470588235,1610612745,79,49,2024-03-24T01:04:28Z,3180000,False,-147.0,232.0,1,left,J. Green 27' 3PT  (19 PTS) (A. Holiday 1 AST),"[201145, 1628988]",1610612745.0,HOU,,,,Green,J. Green,,,,,Above the Break 3,24+ Left Center,27.5,Made,19.0,A. Holiday,1628988.0,1.0,,,,,,,,,,,,,,
320,PT01M30.00S,2024-03-24T01:04:41.3Z,2,REGULAR,2pt,Layup,['pointsinthepaint'],1641707,88.91261498028909,49.01960784313725,1610612762,79,49,2024-03-24T01:04:47Z,3200000,False,-5.0,52.0,1,right,MISS T. Hendricks driving finger roll Layup,[1641707],1610612762.0,UTA,driving finger roll,,,Hendricks,T. Hendricks,,,,,In The Paint (Non-RA),0-8 Center,5.19,Missed,,,,,,,,,,,,,,,,,,
321,PT01M26.00S,2024-03-24T01:04:45.3Z,2,REGULAR,rebound,offensive,[],1641707,,,1610612762,79,49,2024-03-24T01:04:47Z,3210000,False,,,0,,T. Hendricks REBOUND (Off:1 Def:1),[1641707],1610612762.0,UTA,,,,Hendricks,T. Hendricks,,,,,In The Paint (Non-RA),0-8 Center,,,,,,,320.0,2.0,1.0,1.0,,,,,,,,,,
322,PT01M26.00S,2024-03-24T01:04:45.9Z,2,REGULAR,2pt,DUNK,"['pointsinthepaint', '2ndchance']",1641707,94.40999984741211,50.0,1610612762,79,51,2024-03-24T01:04:45Z,3220000,False,0.0,0.0,1,right,T. Hendricks tip DUNK (5 PTS),[1641707],1610612762.0,UTA,tip,,,Hendricks,T. Hendricks,,,,,Mid-Range,8-16 Left,0.0,Made,5.0,,,,,,,,,,,,,,,,,
323,PT01M17.00S,2024-03-24T01:04:54.5Z,2,REGULAR,3pt,Jump Shot,[],201145,32.53942181340342,33.088235294117645,1610612745,79,51,2024-03-24T01:04:58Z,3230000,False,85.0,253.0,1,left,MISS J. Green 26' 3PT,[201145],1610612745.0,HOU,,,,Green,J. Green,,,,,Above the Break 3,24+ Right Center,26.71,Missed,,,,,,,,,,,,,,,,,,
324,PT01M14.00S,2024-03-24T01:04:57.5Z,2,REGULAR,rebound,defensive,[],1641718,,,1610612762,79,51,2024-03-24T01:04:58Z,3240000,False,,,0,,K. George REBOUND (Off:0 Def:3),[1641718],1610612762.0,UTA,,,,George,K. George,,,,,Above the Break 3,24+ Right Center,,,,,,,323.0,3.0,3.0,0.0,,,,,,,,,,
325,PT01M04.00S,2024-03-24T01:05:07.8Z,2,REGULAR,2pt,Jump Shot,['pointsinthepaint'],1628381,85.49605781865965,51.470588235294116,1610612762,79,53,2024-03-24T01:10:45Z,3250000,False,7.0,84.0,1,right,J. Collins 8' turnaround Jump Shot (17 PTS) (C. Sexton 5 AST),"[1628381, 1629012]",1610612762.0,UTA,turnaround,,,Collins,J. Collins,,,,,In The Paint (Non-RA),8-16 Center,8.41,Made,17.0,C. Sexton,1629012.0,5.0,,,,,,,,,,,,,,
327,PT00M50.10S,2024-03-24T01:05:22.8Z,2,REGULAR,3pt,Jump Shot,[],1630224,30.436925098554536,76.9607843137255,1610612745,82,53,2024-03-24T01:05:36Z,3270000,False,-135.0,234.0,1,left,J. Green 26' 3PT step back (18 PTS),[1630224],1610612745.0,HOU,step back,,,Green,J. Green,,,,,Above the Break 3,24+ Left Center,26.97,Made,18.0,,,,,,,,,,,,,,,,,
329,PT00M36.30S,2024-03-24T01:05:41.0Z,2,REGULAR,2pt,Layup,['pointsinthepaint'],1629012,90.88370565045992,43.872549019607845,1610612762,82,53,2024-03-24T01:05:48Z,3290000,False,-31.0,33.0,1,right,MISS C. Sexton Layup - blocked,"[1629012, 201145]",1610612762.0,UTA,,,,Sexton,C. Sexton,,,,,In The Paint (Non-RA),0-8 Center,4.52,Missed,,,,,,,,,,,,,,,,,Green,201145.0
330,PT00M36.30S,2024-03-24T01:05:41.0Z,2,REGULAR,block,,[],201145,,,1610612762,82,53,2024-03-24T01:05:45Z,3300000,False,,,0,,J. Green BLOCK (2 BLK),[201145],1610612745.0,HOU,,,,Green,J. Green,,,,,In The Paint (Non-RA),0-8 Center,,,,,,,,,,,,,,,,,,,,
331,PT00M30.60S,2024-03-24T01:05:46.7Z,2,REGULAR,rebound,defensive,[],1628415,,,1610612745,82,53,2024-03-24T01:05:48Z,3310000,False,,,0,,D. Brooks REBOUND (Off:0 Def:4),[1628415],1610612745.0,HOU,,,,Brooks,D. Brooks,,,,,In The Paint (Non-RA),0-8 Center,,,,,,,329.0,4.0,4.0,0.0,,,,,,,,,,
332,PT00M28.80S,2024-03-24T01:05:49.2Z,2,REGULAR,3pt,Jump Shot,['fastbreak'],1630224,30.962549277266753,76.9607843137255,1610612745,85,53,2024-03-24T01:12:47Z,3320000,False,-135.0,239.0,1,left,J. Green 27' 3PT running pullup (21 PTS) (D. Brooks 4 AST),"[1630224, 1628415]",1610612745.0,HOU,running pullup,,,Green,J. Green,,,,,Above the Break 3,24+ Left Center,27.4,Made,21.0,D. Brooks,1628415.0,4.0,,,,,,,,,,,,,,
333,PT00M07.50S,2024-03-24T01:06:15.1Z,2,REGULAR,2pt,Layup,['pointsinthepaint'],1630548,92.72339027595268,57.59803921568627,1610612762,85,55,2024-03-24T01:06:20Z,3330000,False,38.0,16.0,1,right,J. Juzang driving Layup (8 PTS) (K. George 4 AST),"[1630548, 1641718]",1610612762.0,UTA,driving,,,Juzang,J. Juzang,,,,,Restricted Area,0-8 Center,4.12,Made,8.0,K. George,1641718.0,4.0,,,,,,,,,,,,,,
335,PT00M00.70S,2024-03-24T01:06:24.4Z,2,REGULAR,2pt,Jump Shot,[],1641708,4.02431011826544,23.03921568627451,1610612745,85,55,2024-03-24T01:13:30Z,3350000,False,135.0,-15.0,1,left,MISS A. Thompson 13' pullup Shot,[1641708],1610612745.0,HOU,pullup,,,Thompson,A. Thompson,,,,,Mid-Range,8-16 Right,13.56,Missed,,,,,,,,,,,,,,,,,,
336,PT00M00.70S,2024-03-24T01:06:24.4Z,2,REGULAR,rebound,defensive,[],1628381,,,1610612762,85,55,2024-03-24T01:06:33Z,3360000,False,,,0,,J. Collins REBOUND (Off:2 Def:2),[1628381],1610612762.0,UTA,,,,Collins,J. Collins,,,,,Mid-Range,8-16 Right,,,,,,,335.0,4.0,2.0,2.0,,,,,,,,,,
338,PT00M00.00S,2024-03-24T01:07:24.1Z,2,REGULAR,period,end,[],0,,,1610612762,85,55,2024-03-24T01:07:24Z,3370000,False,,,0,,Period End,[],,,,,,,,,,,,,,,,,,,,,,,,,,,,,,,,,
339,PT12M00.00S,2024-03-24T01:21:39.4Z,3,REGULAR,substitution,out,['startperiod'],1628988,,,1610612762,85,55,2024-03-24T01:21:48Z,3380000,False,,,0,,SUB out: A. Holiday,[1628988],1610612745.0,HOU,,,,Holiday,A. Holiday,,,,,,,,,,,,,,,,,,,,,,,,,,
340,PT12M00.00S,2024-03-24T01:21:39.4Z,3,REGULAR,substitution,in,['startperiod'],1627832,,,1610612762,85,55,2024-03-24T01:21:48Z,3390000,False,,,0,,SUB in: F. VanVleet,[1627832],1610612745.0,HOU,,,,VanVleet,F. VanVleet,,,,,,,,,,,,,,,,,,,,,,,,,,
341,PT12M00.00S,2024-03-24T01:21:44.1Z,3,REGULAR,period,start,[],0,,,1610612745,85,55,2024-03-24T01:21:49Z,3400000,False,,,0,,Period Start,[],,,,,,,,,,,,,,,,,,,,,,,,,,,,,,,,,
342,PT11M47.00S,2024-03-24T01:21:56.1Z,3,REGULAR,3pt,Jump Shot,[],1627832,69.33311432325887,72.05882352941177,1610612745,85,55,2024-03-24T01:22:30Z,3410000,False,110.0,236.0,1,right,MISS F. VanVleet 26' turnaround 3PT,[1627832],1610612745.0,HOU,turnaround,,,VanVleet,F. VanVleet,,,,,Above the Break 3,24+ Right Center,26.03,Missed,,,,,,,,,,,,,,,,,,
343,PT11M47.00S,2024-03-24T01:21:56.1Z,3,REGULAR,rebound,defensive,[],1641707,,,1610612762,85,55,2024-03-24T01:22:01Z,3420000,False,,,0,,T. Hendricks REBOUND (Off:1 Def:2),[1641707],1610612762.0,UTA,,,,Hendricks,T. Hendricks,,,,,Above the Break 3,24+ Right Center,,,,,,,342.0,3.0,2.0,1.0,,,,,,,,,,
344,PT11M38.00S,2024-03-24T01:22:04.7Z,3,REGULAR,3pt,Jump Shot,[],1629012,32.53942181340342,52.94117647058824,1610612762,85,58,2024-03-24T01:22:09Z,3430000,False,-15.0,253.0,1,left,C. Sexton 25' 3PT  (8 PTS) (J. Juzang 1 AST),"[1629012, 1630548]",1610612762.0,UTA,,,,Sexton,C. Sexton,,,,,Above the Break 3,24+ Center,25.38,Made,8.0,J. Juzang,1630548.0,1.0,,,,,,,,,,,,,,
346,PT11M13.00S,2024-03-24T01:22:30.0Z,3,REGULAR,2pt,Layup,['pointsinthepaint'],1630224,90.3580814717477,47.30392156862745,1610612745,87,58,2024-03-24T01:22:34Z,3450000,False,-13.0,38.0,1,right,J. Green driving Layup (23 PTS),[1630224],1610612745.0,HOU,driving,,,Green,J. Green,,,,,Restricted Area,0-8 Center,4.04,Made,23.0,,,,,,,,,,,,,,,,,
347,PT10M50.00S,2024-03-24T01:22:53.6Z,3,REGULAR,3pt,Jump Shot,[],1641707,5.863994743758213,97.54901960784314,1610612762,87,58,2024-03-24T01:22:57Z,3460000,False,-238.0,3.0,1,left,MISS T. Hendricks 3PT,[1641707],1610612762.0,UTA,,,,Hendricks,T. Hendricks,,,,,Left Corner 3,24+ Left,23.77,Missed,,,,,,,,,,,,,,,,,,
348,PT10M49.00S,2024-03-24T01:22:56.1Z,3,REGULAR,rebound,offensive,['team'],0,,,1610612762,87,58,2024-03-24T01:22:56Z,3470000,False,,,0,,TEAM offensive REBOUND,[],1610612762.0,UTA,,,,,,,,,,Left Corner 3,24+ Left,,,,,,,347.0,,,,,,,,,,,,,
350,PT10M41.00S,2024-03-24T01:23:21.4Z,3,REGULAR,2pt,Hook,"['pointsinthepaint', '2ndchance']",1628381,10.463206307490145,48.77450980392157,1610612762,87,60,2024-03-24T01:23:26Z,3490000,False,6.0,46.0,1,left,J. Collins Hook (19 PTS),[1628381],1610612762.0,UTA,,,,Collins,J. Collins,,,,,In The Paint (Non-RA),0-8 Center,4.63,Made,19.0,,,,,,,,,,,,,,,,,
351,PT10M32.00S,2024-03-24T01:23:32.9Z,3,REGULAR,foul,personal,['2freethrow'],1641707,,,1610612745,87,60,2024-03-24T01:23:45Z,3500000,False,,,0,,T. Hendricks shooting personal FOUL (3 PF) (Brooks 2 FT),"[1641707, 1628415]",1610612762.0,UTA,shooting,,,Hendricks,T. Hendricks,,,,,Restricted Area,0-8 Center,,,,,,,,,,,200834.0,3.0,0.0,Brooks,1628415.0,,,,,
353,PT10M32.00S,2024-03-24T01:24:00.0Z,3,REGULAR,freethrow,1 of 2,[],1628415,,,1610612745,88,60,2024-03-24T01:24:00Z,3520000,False,,,0,,D. Brooks Free Throw 1 of 2 (8 PTS),[1628415],1610612745.0,HOU,,,,Brooks,D. Brooks,,,,,,,,Made,8.0,,,,,,,,,,,,,,,,,
354,PT10M32.00S,2024-03-24T01:24:17.6Z,3,REGULAR,freethrow,2 of 2,[],1628415,,,1610612745,89,60,2024-03-24T01:24:17Z,3530000,False,,,0,,D. Brooks Free Throw 2 of 2 (9 PTS),[1628415],1610612745.0,HOU,,,,Brooks,D. Brooks,,,,,,,,Made,9.0,,,,,,,,,,,,,,,,,
355,PT10M20.00S,2024-03-24T01:24:30.2Z,3,REGULAR,3pt,Jump Shot,[],1641718,32.14520367936925,67.40196078431373,1610612762,89,60,2024-03-24T01:24:36Z,3540000,False,-87.0,250.0,1,left,MISS K. George 26' pullup 3PT,[1641718],1610612762.0,UTA,pullup,,,George,K. George,,,,,Above the Break 3,24+ Left Center,26.44,Missed,,,,,,,,,,,,,,,,,,
356,PT10M19.00S,2024-03-24T01:24:31.2Z,3,REGULAR,rebound,defensive,[],1641708,,,1610612745,89,60,2024-03-24T01:24:36Z,3550000,False,,,0,,A. Thompson REBOUND (Off:4 Def:1),[1641708],1610612745.0,HOU,,,,Thompson,A. Thompson,,,,,Above the Break 3,24+ Left Center,,,,,,,355.0,5.0,1.0,4.0,,,,,,,,,,
357,PT10M13.00S,2024-03-24T01:24:37.5Z,3,REGULAR,3pt,Jump Shot,['fastbreak'],1628415,69.99014454664915,75.24509803921569,1610612745,92,60,2024-03-24T01:25:35Z,3560000,False,126.0,230.0,1,right,D. Brooks 26' 3PT running (12 PTS) (A. Thompson 5 AST),"[1628415, 1641708]",1610612745.0,HOU,running,,,Brooks,D. Brooks,,,,,Above the Break 3,24+ Right Center,26.2,Made,12.0,A. Thompson,1641708.0,5.0,,,,,,,,,,,,,,
359,PT09M48.00S,2024-03-24T01:25:04.1Z,3,REGULAR,foul,personal,['2freethrow'],1628415,,,1610612762,92,60,2024-03-24T01:25:10Z,3580000,False,,,0,,D. Brooks shooting personal FOUL (2 PF) (George 2 FT),"[1628415, 1641718]",1610612745.0,HOU,shooting,,,Brooks,D. Brooks,,,,,Restricted Area,0-8 Center,,,,,,,,,,,200834.0,2.0,0.0,George,1641718.0,,,,,
361,PT09M48.00S,2024-03-24T01:25:28.4Z,3,REGULAR,freethrow,1 of 2,[],1641718,,,1610612762,92,60,2024-03-24T01:25:28Z,3600000,False,,,0,,MISS K. George Free Throw 1 of 2,[1641718],1610612762.0,UTA,,,,George,K. George,,,,,,,,Missed,,,,,,,,,,,,,,,,,,
362,PT09M48.00S,2024-03-24T01:25:28.4Z,3,REGULAR,rebound,offensive,"['deadball', 'team']",0,,,1610612762,92,60,2024-03-24T01:25:28Z,3610000,False,,,0,,TEAM offensive REBOUND,[],1610612762.0,UTA,,,,,,,,,,,,,,,,,,361.0,,,,,,,,,,,,,
363,PT09M48.00S,2024-03-24T01:25:44.7Z,3,REGULAR,freethrow,2 of 2,[],1641718,,,1610612762,92,61,2024-03-24T01:25:44Z,3620000,False,,,0,,K. George Free Throw 2 of 2 (5 PTS),[1641718],1610612762.0,UTA,,,,George,K. George,,,,,,,,Made,5.0,,,,,,,,,,,,,,,,,
364,PT09M32.00S,2024-03-24T01:26:03.2Z,3,REGULAR,turnover,bad pass,[],1627832,,,1610612745,92,61,2024-03-24T01:26:53Z,3630000,False,,,0,,F. VanVleet bad pass TURNOVER (2 TO),"[1627832, 1629012]",1610612745.0,HOU,,,,VanVleet,F. VanVleet,,,,,In The Paint (Non-RA),8-16 Right,,,,,,,,,,,,,,,,2.0,Sexton,1629012.0,,
365,PT09M32.00S,2024-03-24T01:26:03.2Z,3,REGULAR,steal,,[],1629012,,,1610612762,92,61,2024-03-24T01:26:05Z,3640000,False,,,0,,C. Sexton STEAL (1 STL),[1629012],1610612762.0,UTA,,,,Sexton,C. Sexton,,,,,In The Paint (Non-RA),8-16 Right,,,,,,,,,,,,,,,,,,,,
366,PT09M26.00S,2024-03-24T01:26:08.7Z,3,REGULAR,3pt,Jump Shot,"['fastbreak', 'fromturnover']",1641718,4.944152431011826,95.58823529411765,1610612762,92,61,2024-03-24T01:27:54Z,3650000,False,-228.0,-6.0,1,left,MISS K. George running 3PT,[1641718],1610612762.0,UTA,running,,,George,K. George,,,,,Left Corner 3,24+ Left,22.8,Missed,,,,,,,,,,,,,,,,,,
367,PT09M24.00S,2024-03-24T01:26:10.7Z,3,REGULAR,rebound,offensive,[],1628381,,,1610612762,92,61,2024-03-24T01:26:32Z,3660000,False,,,0,,J. Collins REBOUND (Off:3 Def:2),[1628381],1610612762.0,UTA,,,,Collins,J. Collins,,,,,Left Corner 3,24+ Left,,,,,,,366.0,5.0,2.0,3.0,,,,,,,,,,
368,PT09M24.00S,2024-03-24T01:26:12.7Z,3,REGULAR,foul,personal,['2freethrow'],201145,,,1610612762,92,61,2024-03-24T01:26:23Z,3670000,False,,,0,,J. Green shooting personal FOUL (2 PF) (Collins 2 FT),"[201145, 1628381]",1610612745.0,HOU,shooting,,,Green,J. Green,,,,,Restricted Area,0-8 Center,,,,,,,,,,,200834.0,2.0,0.0,Collins,1628381.0,,,,,
370,PT09M24.00S,2024-03-24T01:26:39.3Z,3,REGULAR,freethrow,1 of 2,"['fromturnover', '2ndchance']",1628381,,,1610612762,92,62,2024-03-24T01:26:39Z,3690000,False,,,0,,J. Collins Free Throw 1 of 2 (20 PTS),[1628381],1610612762.0,UTA,,,,Collins,J. Collins,,,,,,,,Made,20.0,,,,,,,,,,,,,,,,,
371,PT09M24.00S,2024-03-24T01:26:59.9Z,3,REGULAR,freethrow,2 of 2,"['fromturnover', '2ndchance']",1628381,,,1610612762,92,63,2024-03-24T01:26:59Z,3700000,False,,,0,,J. Collins Free Throw 2 of 2 (21 PTS),[1628381],1610612762.0,UTA,,,,Collins,J. Collins,,,,,,,,Made,21.0,,,,,,,,,,,,,,,,,
372,PT09M07.00S,2024-03-24T01:27:18.1Z,3,REGULAR,3pt,Jump Shot,[],1627832,73.01248357424441,87.5,1610612745,95,63,2024-03-24T01:27:21Z,3710000,False,188.0,201.0,1,right,F. VanVleet 27' 3PT  (26 PTS) (J. Green 3 AST),"[1627832, 1630224]",1610612745.0,HOU,,,,VanVleet,F. VanVleet,,,,,Above the Break 3,24+ Right Center,27.5,Made,26.0,J. Green,1630224.0,3.0,,,,,,,,,,,,,,
374,PT08M57.00S,2024-03-24T01:27:30.7Z,3,REGULAR,foul,personal,[],1641708,,,1610612762,95,63,2024-03-24T01:27:40Z,3730000,False,,,0,,A. Thompson personal FOUL (2 PF),"[1641708, 1629012]",1610612745.0,HOU,,,,Thompson,A. Thompson,,,,,Above the Break 3,24+ Right Center,,,,,,,,,,,1628480.0,2.0,0.0,Sexton,1629012.0,,,,,
376,PT08M46.00S,2024-03-24T01:28:01.0Z,3,REGULAR,2pt,Layup,['pointsinthepaint'],1629012,5.995400788436268,43.872549019607845,1610612762,95,65,2024-03-24T01:28:07Z,3750000,False,31.0,4.0,1,left,C. Sexton driving reverse Layup (10 PTS),[1629012],1610612762.0,UTA,driving reverse,,,Sexton,C. Sexton,,,,,Restricted Area,0-8 Center,3.08,Made,10.0,,,,,,,,,,,,,,,,,
377,PT08M38.00S,2024-03-24T01:28:08.9Z,3,REGULAR,2pt,Layup,['pointsinthepaint'],1641708,90.88370565045992,56.86274509803921,1610612745,95,65,2024-03-24T01:28:15Z,3760000,False,34.0,33.0,1,right,MISS A. Thompson driving Layup,[1641708],1610612745.0,HOU,driving,,,Thompson,A. Thompson,,,,,In The Paint (Non-RA),0-8 Center,4.77,Missed,,,,,,,,,,,,,,,,,,
378,PT08M36.00S,2024-03-24T01:28:10.9Z,3,REGULAR,rebound,defensive,[],1641707,,,1610612762,95,65,2024-03-24T01:28:15Z,3770000,False,,,0,,T. Hendricks REBOUND (Off:1 Def:3),[1641707],1610612762.0,UTA,,,,Hendricks,T. Hendricks,,,,,In The Paint (Non-RA),0-8 Center,,,,,,,377.0,4.0,3.0,1.0,,,,,,,,,,
380,PT08M25.00S,2024-03-24T01:28:41.2Z,3,REGULAR,2pt,Jump Shot,[],1629012,25.837713534822605,55.14705882352941,1610612762,95,65,2024-03-24T01:28:49Z,3790000,False,-26.0,190.0,1,left,MISS C. Sexton 19' pullup Shot,[1629012],1610612762.0,UTA,pullup,,,Sexton,C. Sexton,,,,,Mid-Range,16-24 Center,19.21,Missed,,,,,,,,,,,,,,,,,,
381,PT08M24.00S,2024-03-24T01:28:42.2Z,3,REGULAR,rebound,defensive,[],1641708,,,1610612745,95,65,2024-03-24T01:28:49Z,3800000,False,,,0,,A. Thompson REBOUND (Off:4 Def:2),[1641708],1610612745.0,HOU,,,,Thompson,A. Thompson,,,,,Mid-Range,16-24 Center,,,,,,,380.0,6.0,2.0,4.0,,,,,,,,,,
382,PT08M12.00S,2024-03-24T01:28:53.6Z,3,REGULAR,2pt,Jump Shot,[],1628415,78.13731931668858,30.392156862745097,1610612745,95,65,2024-03-24T01:29:00Z,3810000,False,-98.0,153.0,1,right,MISS D. Brooks 18' step back Shot,[1628415],1610612745.0,HOU,step back,,,Brooks,D. Brooks,,,,,Mid-Range,16-24 Left Center,18.17,Missed,,,,,,,,,,,,,,,,,,
383,PT08M11.00S,2024-03-24T01:28:54.6Z,3,REGULAR,rebound,defensive,[],1641707,,,1610612762,95,65,2024-03-24T01:29:00Z,3820000,False,,,0,,T. Hendricks REBOUND (Off:1 Def:4),[1641707],1610612762.0,UTA,,,,Hendricks,T. Hendricks,,,,,Mid-Range,16-24 Left Center,,,,,,,382.0,5.0,4.0,1.0,,,,,,,,,,
384,PT08M01.00S,2024-03-24T01:29:07.0Z,3,REGULAR,foul,personal,['2freethrow'],201145,,,1610612762,95,65,2024-03-24T01:29:11Z,3830000,False,,,0,,J. Green shooting personal FOUL (3 PF) (Collins 2 FT),"[201145, 1628381]",1610612745.0,HOU,shooting,,,Green,J. Green,,,,,Restricted Area,0-8 Center,,,,,,,,,,,200834.0,3.0,0.0,Collins,1628381.0,,,,,
386,PT08M01.00S,2024-03-24T01:29:39.4Z,3,REGULAR,freethrow,1 of 2,[],1628381,,,1610612762,95,65,2024-03-24T01:29:39Z,3850000,False,,,0,,MISS J. Collins Free Throw 1 of 2,[1628381],1610612762.0,UTA,,,,Collins,J. Collins,,,,,,,,Missed,,,,,,,,,,,,,,,,,,
387,PT08M01.00S,2024-03-24T01:29:39.4Z,3,REGULAR,rebound,offensive,"['deadball', 'team']",0,,,1610612762,95,65,2024-03-24T01:29:39Z,3860000,False,,,0,,TEAM offensive REBOUND,[],1610612762.0,UTA,,,,,,,,,,,,,,,,,,386.0,,,,,,,,,,,,,
388,PT08M01.00S,2024-03-24T01:29:58.7Z,3,REGULAR,freethrow,2 of 2,[],1628381,,,1610612762,95,66,2024-03-24T01:29:58Z,3870000,False,,,0,,J. Collins Free Throw 2 of 2 (22 PTS),[1628381],1610612762.0,UTA,,,,Collins,J. Collins,,,,,,,,Made,22.0,,,,,,,,,,,,,,,,,
389,PT07M49.00S,2024-03-24T01:30:12.4Z,3,REGULAR,2pt,Layup,['pointsinthepaint'],201145,90.3580814717477,55.88235294117647,1610612745,95,66,2024-03-24T01:30:18Z,3880000,False,29.0,38.0,1,right,MISS J. Green cutting Layup - blocked,"[201145, 1641707]",1610612745.0,HOU,cutting,,,Green,J. Green,,,,,In The Paint (Non-RA),0-8 Center,4.81,Missed,,,,,,,,,,,,,,,,,Hendricks,1641707.0
390,PT07M49.00S,2024-03-24T01:30:12.4Z,3,REGULAR,block,,[],1641707,,,1610612745,95,66,2024-03-24T01:31:56Z,3890000,False,,,0,,T. Hendricks BLOCK (1 BLK),[1641707],1610612762.0,UTA,,,,Hendricks,T. Hendricks,,,,,In The Paint (Non-RA),0-8 Center,,,,,,,,,,,,,,,,,,,,
391,PT07M47.00S,2024-03-24T01:30:14.4Z,3,REGULAR,rebound,offensive,[],1630224,,,1610612745,95,66,2024-03-24T01:30:18Z,3900000,False,,,0,,J. Green REBOUND (Off:1 Def:2),[1630224],1610612745.0,HOU,,,,Green,J. Green,,,,,In The Paint (Non-RA),0-8 Center,,,,,,,389.0,3.0,2.0,1.0,,,,,,,,,,
392,PT07M45.00S,2024-03-24T01:30:16.2Z,3,REGULAR,turnover,bad pass,[],1630224,,,1610612745,95,66,2024-03-24T01:30:21Z,3910000,False,,,0,,J. Green bad pass TURNOVER (1 TO),"[1630224, 1629012]",1610612745.0,HOU,,,,Green,J. Green,,,,,In The Paint (Non-RA),0-8 Center,,,,,,,,,,,,,,,,1.0,Sexton,1629012.0,,
393,PT07M45.00S,2024-03-24T01:30:16.2Z,3,REGULAR,steal,,[],1629012,,,1610612762,95,66,2024-03-24T03:44:05Z,3920000,False,,,0,,C. Sexton STEAL (2 STL),[1629012],1610612762.0,UTA,,,,Sexton,C. Sexton,,,,,In The Paint (Non-RA),0-8 Center,,,,,,,,,,,,,,,,,,,,
394,PT07M42.00S,2024-03-24T01:30:20.1Z,3,REGULAR,2pt,Layup,"['fastbreak', 'pointsinthepaint', 'fromturnover']",1629012,8.360709592641262,45.09803921568628,1610612762,95,68,2024-03-24T01:35:05Z,3930000,False,25.0,26.0,1,left,C. Sexton running finger roll Layup (12 PTS),[1629012],1610612762.0,UTA,running finger roll,,,Sexton,C. Sexton,,,,,Restricted Area,0-8 Center,3.58,Made,12.0,,,,,,,,,,,,,,,,,
395,PT07M42.00S,2024-03-24T01:30:29.3Z,3,REGULAR,timeout,full,"['team', 'mandatory']",0,,,1610612745,95,68,2024-03-24T01:30:29Z,3940000,False,,,0,,HOU Timeout,[],1610612745.0,HOU,,,,,,,,,,,,,,,,,,,,,,,,,,,,,,,
396,PT07M24.00S,2024-03-24T01:33:38.4Z,3,REGULAR,2pt,Jump Shot,['pointsinthepaint'],1628415,87.46714848883047,38.970588235294116,1610612745,95,68,2024-03-24T01:33:43Z,3950000,False,-55.0,65.0,1,right,MISS D. Brooks 8' turnaround fadeaway Shot,[1628415],1610612745.0,HOU,turnaround fadeaway,,,Brooks,D. Brooks,,,,,In The Paint (Non-RA),8-16 Left,8.54,Missed,,,,,,,,,,,,,,,,,,
397,PT07M22.00S,2024-03-24T01:33:40.3Z,3,REGULAR,rebound,offensive,[],1641708,,,1610612745,95,68,2024-03-24T01:33:40Z,3960000,False,,,0,,A. Thompson REBOUND (Off:5 Def:2),[1641708],1610612745.0,HOU,,,,Thompson,A. Thompson,,,,,In The Paint (Non-RA),8-16 Left,,,,,,,396.0,7.0,2.0,5.0,,,,,,,,,,
398,PT07M20.00S,2024-03-24T01:33:42.2Z,3,REGULAR,3pt,Jump Shot,['2ndchance'],201145,67.7562417871222,59.80392156862745,1610612745,95,68,2024-03-24T01:33:47Z,3970000,False,49.0,251.0,1,right,MISS J. Green 25' 3PT,[201145],1610612745.0,HOU,,,,Green,J. Green,,,,,Above the Break 3,24+ Center,25.53,Missed,,,,,,,,,,,,,,,,,,
399,PT07M18.00S,2024-03-24T01:33:44.2Z,3,REGULAR,rebound,defensive,[],1628381,,,1610612762,95,68,2024-03-24T01:33:47Z,3980000,False,,,0,,J. Collins REBOUND (Off:3 Def:3),[1628381],1610612762.0,UTA,,,,Collins,J. Collins,,,,,Above the Break 3,24+ Center,,,,,,,398.0,6.0,3.0,3.0,,,,,,,,,,
400,PT06M54.00S,2024-03-24T01:34:08.1Z,3,REGULAR,3pt,Jump Shot,[],1628381,7.30946123521682,96.32352941176471,1610612762,95,71,2024-03-24T01:34:13Z,3990000,False,-232.0,16.0,1,left,J. Collins 3PT  (25 PTS) (K. George 5 AST),"[1628381, 1641718]",1610612762.0,UTA,,,,Collins,J. Collins,,,,,Left Corner 3,24+ Left,23.22,Made,25.0,K. George,1641718.0,5.0,,,,,,,,,,,,,,
402,PT06M41.00S,2024-03-24T01:34:21.9Z,3,REGULAR,3pt,Jump Shot,[],1630224,68.54467805519053,29.166666666666668,1610612745,95,71,2024-03-24T01:34:29Z,4010000,False,-104.0,243.0,1,right,MISS J. Green 26' step back 3PT,[1630224],1610612745.0,HOU,step back,,,Green,J. Green,,,,,Above the Break 3,24+ Left Center,26.46,Missed,,,,,,,,,,,,,,,,,,
403,PT06M40.00S,2024-03-24T01:34:22.9Z,3,REGULAR,rebound,offensive,[],1641708,,,1610612745,95,71,2024-03-24T01:34:29Z,4020000,False,,,0,,A. Thompson REBOUND (Off:6 Def:2),[1641708],1610612745.0,HOU,,,,Thompson,A. Thompson,,,,,Above the Break 3,24+ Left Center,,,,,,,402.0,8.0,2.0,6.0,,,,,,,,,,
404,PT06M36.00S,2024-03-24T01:34:29.0Z,3,REGULAR,foul,personal,['2freethrow'],1630548,,,1610612745,95,71,2024-03-24T01:34:33Z,4030000,False,,,0,,J. Juzang shooting personal FOUL (2 PF) (Green 2 FT),"[1630548, 1630224]",1610612762.0,UTA,shooting,,,Juzang,J. Juzang,,,,,Restricted Area,0-8 Center,,,,,,,,,,,200834.0,2.0,0.0,Green,1630224.0,,,,,
406,PT06M36.00S,2024-03-24T01:34:55.9Z,3,REGULAR,freethrow,1 of 2,['2ndchance'],1630224,,,1610612745,96,71,2024-03-24T01:34:55Z,4050000,False,,,0,,J. Green Free Throw 1 of 2 (24 PTS),[1630224],1610612745.0,HOU,,,,Green,J. Green,,,,,,,,Made,24.0,,,,,,,,,,,,,,,,,
407,PT06M36.00S,2024-03-24T01:35:10.3Z,3,REGULAR,freethrow,2 of 2,['2ndchance'],1630224,,,1610612745,97,71,2024-03-24T01:35:10Z,4060000,False,,,0,,J. Green Free Throw 2 of 2 (25 PTS),[1630224],1610612745.0,HOU,,,,Green,J. Green,,,,,,,,Made,25.0,,,,,,,,,,,,,,,,,
408,PT06M22.00S,2024-03-24T01:35:29.2Z,3,REGULAR,2pt,Layup,['pointsinthepaint'],1641707,7.30946123521682,48.28431372549019,1610612762,97,73,2024-03-24T01:37:51Z,4070000,False,9.0,16.0,1,left,T. Hendricks driving Layup (7 PTS),[1641707],1610612762.0,UTA,driving,,,Hendricks,T. Hendricks,,,,,Restricted Area,0-8 Center,1.83,Made,7.0,,,,,,,,,,,,,,,,,
409,PT06M08.00S,2024-03-24T01:35:42.2Z,3,REGULAR,2pt,Jump Shot,['pointsinthepaint'],1627832,88.78120893561103,44.36274509803921,1610612745,99,73,2024-03-24T01:35:45Z,4080000,False,-28.0,53.0,1,right,F. VanVleet 6' driving floating Jump Shot (28 PTS),[1627832],1610612745.0,HOU,driving floating,,,VanVleet,F. VanVleet,,,,,In The Paint (Non-RA),0-8 Center,6.0,Made,28.0,,,,,,,,,,,,,,,,,
410,PT05M57.00S,2024-03-24T01:35:53.4Z,3,REGULAR,3pt,Jump Shot,[],1641718,29.25427069645204,75.24509803921569,1610612762,99,73,2024-03-24T01:36:07Z,4090000,False,-126.0,222.0,1,left,MISS K. George 25' pullup 3PT,[1641718],1610612762.0,UTA,pullup,,,George,K. George,,,,,Above the Break 3,24+ Left Center,25.58,Missed,,,,,,,,,,,,,,,,,,
411,PT05M52.00S,2024-03-24T01:35:58.4Z,3,REGULAR,rebound,offensive,[],1629012,,,1610612762,99,73,2024-03-24T03:43:36Z,4100000,False,,,0,,C. Sexton REBOUND (Off:1 Def:0),[1629012],1610612762.0,UTA,,,,Sexton,C. Sexton,,,,,Above the Break 3,24+ Left Center,,,,,,,410.0,1.0,0.0,1.0,,,,,,,,,,
413,PT05M43.00S,2024-03-24T01:36:33.1Z,3,REGULAR,timeout,full,"['team', 'mandatory']",0,,,1610612762,99,73,2024-03-24T03:43:36Z,4120000,False,,,0,,HOU Timeout,[],1610612745.0,HOU,,,,,,,,,,,,,,,,,,,,,,,,,,,,,,,
415,PT05M43.00S,2024-03-24T01:39:03.4Z,3,REGULAR,substitution,out,[],201145,,,1610612762,99,73,2024-03-24T03:43:36Z,4140000,False,,,0,,SUB out: J. Green,[201145],1610612745.0,HOU,,,,Green,J. Green,,,,,,,,,,,,,,,,,,,,,,,,,,
416,PT05M43.00S,2024-03-24T01:39:03.4Z,3,REGULAR,substitution,out,[],1629012,,,1610612762,99,73,2024-03-24T03:43:36Z,4150000,False,,,0,,SUB out: C. Sexton,[1629012],1610612762.0,UTA,,,,Sexton,C. Sexton,,,,,,,,,,,,,,,,,,,,,,,,,,
417,PT05M43.00S,2024-03-24T01:39:03.4Z,3,REGULAR,substitution,in,[],1629111,,,1610612762,99,73,2024-03-24T03:43:36Z,4160000,False,,,0,,SUB in: J. Landale,[1629111],1610612745.0,HOU,,,,Landale,J. Landale,,,,,,,,,,,,,,,,,,,,,,,,,,
418,PT05M43.00S,2024-03-24T01:39:03.4Z,3,REGULAR,substitution,in,[],1641729,,,1610612762,99,73,2024-03-24T03:43:36Z,4170000,False,,,0,,SUB in: B. Sensabaugh,[1641729],1610612762.0,UTA,,,,Sensabaugh,B. Sensabaugh,,,,,,,,,,,,,,,,,,,,,,,,,,
419,PT05M27.00S,2024-03-24T01:39:38.9Z,3,REGULAR,3pt,Jump Shot,[],1630224,68.28186596583443,64.4607843137255,1610612745,102,73,2024-03-24T01:39:44Z,4180000,False,72.0,246.0,1,right,J. Green 25' 3PT step back (28 PTS),[1630224],1610612745.0,HOU,step back,,,Green,J. Green,,,,,Above the Break 3,24+ Center,25.61,Made,28.0,,,,,,,,,,,,,,,,,
420,PT05M21.00S,2024-03-24T01:39:47.3Z,3,REGULAR,foul,personal,"['inpenalty', '2freethrow']",1641708,,,1610612762,102,73,2024-03-24T01:40:11Z,4190000,False,,,0,,A. Thompson personal FOUL (3 PF) (George 2 FT),"[1641708, 1641718]",1610612745.0,HOU,,,,Thompson,A. Thompson,,,,,Mid-Range,8-16 Right,,,,,,,,,,,1628480.0,3.0,0.0,George,1641718.0,,,,,
422,PT05M21.00S,2024-03-24T01:40:32.9Z,3,REGULAR,freethrow,1 of 2,[],1641718,,,1610612762,102,74,2024-03-24T01:40:33Z,4210000,False,,,0,,K. George Free Throw 1 of 2 (6 PTS),[1641718],1610612762.0,UTA,,,,George,K. George,,,,,,,,Made,6.0,,,,,,,,,,,,,,,,,
423,PT05M21.00S,2024-03-24T01:40:47.6Z,3,REGULAR,freethrow,2 of 2,[],1641718,,,1610612762,102,75,2024-03-24T01:40:47Z,4220000,False,,,0,,K. George Free Throw 2 of 2 (7 PTS),[1641718],1610612762.0,UTA,,,,George,K. George,,,,,,,,Made,7.0,,,,,,,,,,,,,,,,,
424,PT05M10.00S,2024-03-24T01:41:04.2Z,3,REGULAR,foul,personal,['2freethrow'],1628381,,,1610612745,102,75,2024-03-24T01:41:15Z,4230000,False,,,0,,J. Collins shooting personal FOUL (4 PF) (Green 2 FT),"[1628381, 1630224]",1610612762.0,UTA,shooting,,,Collins,J. Collins,,,,,Restricted Area,0-8 Center,,,,,,,,,,,1628480.0,4.0,0.0,Green,1630224.0,,,,,
426,PT05M10.00S,2024-03-24T01:41:51.0Z,3,REGULAR,freethrow,1 of 2,[],1630224,,,1610612745,103,75,2024-03-24T01:41:51Z,4250000,False,,,0,,J. Green Free Throw 1 of 2 (29 PTS),[1630224],1610612745.0,HOU,,,,Green,J. Green,,,,,,,,Made,29.0,,,,,,,,,,,,,,,,,
427,PT05M10.00S,2024-03-24T01:41:53.0Z,3,REGULAR,substitution,out,[],1628381,,,1610612745,103,75,2024-03-24T01:42:03Z,4260000,False,,,0,,SUB out: J. Collins,[1628381],1610612762.0,UTA,,,,Collins,J. Collins,,,,,,,,,,,,,,,,,,,,,,,,,,
428,PT05M10.00S,2024-03-24T01:41:53.0Z,3,REGULAR,substitution,in,[],1631117,,,1610612745,103,75,2024-03-24T01:42:03Z,4270000,False,,,0,,SUB in: W. Kessler,[1631117],1610612762.0,UTA,,,,Kessler,W. Kessler,,,,,,,,,,,,,,,,,,,,,,,,,,
429,PT05M10.00S,2024-03-24T01:42:13.6Z,3,REGULAR,freethrow,2 of 2,[],1630224,,,1610612745,104,75,2024-03-24T01:42:13Z,4280000,False,,,0,,J. Green Free Throw 2 of 2 (30 PTS),[1630224],1610612745.0,HOU,,,,Green,J. Green,,,,,,,,Made,30.0,,,,,,,,,,,,,,,,,
430,PT04M55.00S,2024-03-24T01:42:31.8Z,3,REGULAR,turnover,lost ball,[],1641707,,,1610612762,104,75,2024-03-24T01:42:35Z,4290000,False,,,0,,T. Hendricks lost ball TURNOVER (1 TO),"[1641707, 1630224]",1610612762.0,UTA,,,,Hendricks,T. Hendricks,,,,,Mid-Range,16-24 Right,,,,,,,,,,,,,,,,1.0,Green,1630224.0,,
431,PT04M55.00S,2024-03-24T01:42:31.8Z,3,REGULAR,steal,,[],1630224,,,1610612745,104,75,2024-03-24T01:42:33Z,4300000,False,,,0,,J. Green STEAL (1 STL),[1630224],1610612745.0,HOU,,,,Green,J. Green,,,,,Mid-Range,16-24 Right,,,,,,,,,,,,,,,,,,,,
432,PT04M52.00S,2024-03-24T01:42:36.1Z,3,REGULAR,turnover,out-of-bounds,[],1630224,,,1610612745,104,75,2024-03-24T01:42:42Z,4310000,False,,,0,,J. Green bad pass out-of-bounds TURNOVER (2 TO),[1630224],1610612745.0,HOU,bad pass,,,Green,J. Green,,,,,Mid-Range,8-16 Right,,,,,,,,,,,1628951.0,,,,,2.0,,,,
433,PT04M40.00S,2024-03-24T01:43:04.0Z,3,REGULAR,foul,technical,"['inpenalty', '1freethrow']",1629111,,,1610612762,104,75,2024-03-24T01:43:11Z,4320000,False,,,0,,J. Landale defensive-3-second technical FOUL (1 Tech),[1629111],1610612745.0,HOU,defensive-3-second,,,Landale,J. Landale,,,,,,,,,,,,,,,,,1628951.0,3.0,1.0,,,,,,,
434,PT04M40.00S,2024-03-24T01:43:23.2Z,3,REGULAR,freethrow,1 of 1,[],1641718,,,1610612762,104,76,2024-03-24T01:43:23Z,4330000,False,,,0,,K. George technical Free Throw 1 of 1 (8 PTS),[1641718],1610612762.0,UTA,technical,,,George,K. George,,,,,,,,Made,8.0,,,,,,,,,,,,,,,,,
435,PT04M28.00S,2024-03-24T01:43:46.1Z,3,REGULAR,3pt,Jump Shot,['fromturnover'],1641729,15.325229960578188,2.941176470588235,1610612762,104,76,2024-03-24T01:43:54Z,4340000,False,235.0,92.0,1,left,MISS B. Sensabaugh 25' 3PT,[1641729],1610612762.0,UTA,,,,Sensabaugh,B. Sensabaugh,,,,,Above the Break 3,24+ Right,25.25,Missed,,,,,,,,,,,,,,,,,,
436,PT04M26.00S,2024-03-24T01:43:48.1Z,3,REGULAR,rebound,defensive,[],1641708,,,1610612745,104,76,2024-03-24T01:43:54Z,4350000,False,,,0,,A. Thompson REBOUND (Off:6 Def:3),[1641708],1610612745.0,HOU,,,,Thompson,A. Thompson,,,,,Above the Break 3,24+ Right,,,,,,,435.0,9.0,3.0,6.0,,,,,,,,,,
437,PT04M20.00S,2024-03-24T01:43:56.3Z,3,REGULAR,3pt,Jump Shot,['fastbreak'],1627832,76.5604467805519,89.95098039215686,1610612745,104,76,2024-03-24T01:46:31Z,4360000,False,200.0,168.0,1,right,MISS F. VanVleet 26' step back 3PT,[1627832],1610612745.0,HOU,step back,,,VanVleet,F. VanVleet,,,,,Above the Break 3,24+ Right Center,26.09,Missed,,,,,,,,,,,,,,,,,,
438,PT04M17.00S,2024-03-24T01:43:59.3Z,3,REGULAR,rebound,defensive,[],1641729,,,1610612762,104,76,2024-03-24T01:46:31Z,4370000,False,,,0,,B. Sensabaugh REBOUND (Off:0 Def:2),[1641729],1610612762.0,UTA,,,,Sensabaugh,B. Sensabaugh,,,,,Above the Break 3,24+ Right Center,,,,,,,437.0,2.0,2.0,0.0,,,,,,,,,,
439,PT04M07.00S,2024-03-24T01:44:06.2Z,3,REGULAR,2pt,Jump Shot,['pointsinthepaint'],1641729,15.062417871222076,47.30392156862745,1610612762,104,78,2024-03-24T01:44:10Z,4380000,False,13.0,89.0,1,left,B. Sensabaugh 9' turnaround fadeaway Jump Shot (5 PTS),[1641729],1610612762.0,UTA,turnaround fadeaway,,,Sensabaugh,B. Sensabaugh,,,,,In The Paint (Non-RA),8-16 Center,9.01,Made,5.0,,,,,,,,,,,,,,,,,
440,PT03M52.00S,2024-03-24T01:44:21.2Z,3,REGULAR,2pt,Layup,['pointsinthepaint'],1641708,91.80354796320631,60.5392156862745,1610612745,104,78,2024-03-24T01:44:27Z,4390000,False,53.0,25.0,1,right,MISS A. Thompson cutting Layup,[1641708],1610612745.0,HOU,cutting,,,Thompson,A. Thompson,,,,,In The Paint (Non-RA),0-8 Center,5.81,Missed,,,,,,,,,,,,,,,,,,
441,PT03M52.00S,2024-03-24T01:44:21.2Z,3,REGULAR,rebound,defensive,[],1631117,,,1610612762,104,78,2024-03-24T01:44:27Z,4400000,False,,,0,,W. Kessler REBOUND (Off:2 Def:1),[1631117],1610612762.0,UTA,,,,Kessler,W. Kessler,,,,,In The Paint (Non-RA),0-8 Center,,,,,,,440.0,3.0,1.0,2.0,,,,,,,,,,
442,PT03M46.00S,2024-03-24T01:44:27.9Z,3,REGULAR,2pt,DUNK,"['pointsinthepaint', 'fastbreak']",1641707,8.09789750328515,45.83333333333333,1610612762,104,80,2024-03-24T01:44:38Z,4410000,False,21.0,24.0,1,left,T. Hendricks cutting DUNK (9 PTS) (B. Sensabaugh 1 AST),"[1641707, 1641729]",1610612762.0,UTA,cutting,,,Hendricks,T. Hendricks,,,,,Restricted Area,0-8 Center,3.15,Made,9.0,B. Sensabaugh,1641729.0,1.0,,,,,,,,,,,,,,
444,PT03M29.00S,2024-03-24T01:44:44.3Z,3,REGULAR,2pt,Layup,['pointsinthepaint'],1630224,92.32917214191852,59.31372549019608,1610612745,104,80,2024-03-24T01:44:48Z,4430000,False,47.0,20.0,1,right,MISS J. Green driving Layup - blocked,"[1630224, 1631117]",1610612745.0,HOU,driving,,,Green,J. Green,,,,,In The Paint (Non-RA),0-8 Center,5.06,Missed,,,,,,,,,,,,,,,,,Kessler,1631117.0
445,PT03M29.00S,2024-03-24T01:44:44.3Z,3,REGULAR,block,,[],1631117,,,1610612745,104,80,2024-03-24T01:44:46Z,4440000,False,,,0,,W. Kessler BLOCK (2 BLK),[1631117],1610612762.0,UTA,,,,Kessler,W. Kessler,,,,,In The Paint (Non-RA),0-8 Center,,,,,,,,,,,,,,,,,,,,
446,PT03M28.00S,2024-03-24T01:44:45.3Z,3,REGULAR,rebound,defensive,[],1641718,,,1610612762,104,80,2024-03-24T01:44:48Z,4450000,False,,,0,,K. George REBOUND (Off:0 Def:4),[1641718],1610612762.0,UTA,,,,George,K. George,,,,,In The Paint (Non-RA),0-8 Center,,,,,,,444.0,4.0,4.0,0.0,,,,,,,,,,
447,PT03M25.00S,2024-03-24T01:44:49.0Z,3,REGULAR,3pt,Jump Shot,['fastbreak'],1630548,23.47240473061761,11.519607843137255,1610612762,104,80,2024-03-24T01:44:59Z,4460000,False,192.0,168.0,1,left,MISS J. Juzang 25' running 3PT,[1630548],1610612762.0,UTA,running,,,Juzang,J. Juzang,,,,,Above the Break 3,24+ Right Center,25.55,Missed,,,,,,,,,,,,,,,,,,
448,PT03M22.00S,2024-03-24T01:44:52.2Z,3,REGULAR,rebound,offensive,[],1631117,,,1610612762,104,80,2024-03-24T01:44:52Z,4470000,False,,,0,,W. Kessler REBOUND (Off:3 Def:1),[1631117],1610612762.0,UTA,,,,Kessler,W. Kessler,,,,,Above the Break 3,24+ Right Center,,,,,,,447.0,4.0,1.0,3.0,,,,,,,,,,
449,PT03M14.00S,2024-03-24T01:45:02.5Z,3,REGULAR,foul,personal,"['inpenalty', '2freethrow']",1628415,,,1610612762,104,80,2024-03-24T01:45:09Z,4480000,False,,,0,,D. Brooks personal FOUL (3 PF) (Sensabaugh 2 FT),"[1628415, 1641729]",1610612745.0,HOU,,,,Brooks,D. Brooks,,,,,Mid-Range,16-24 Center,,,,,,,,,,,1628951.0,3.0,0.0,Sensabaugh,1641729.0,,,,,
451,PT03M14.00S,2024-03-24T01:45:29.8Z,3,REGULAR,freethrow,1 of 2,['2ndchance'],1641729,,,1610612762,104,81,2024-03-24T01:45:29Z,4500000,False,,,0,,B. Sensabaugh Free Throw 1 of 2 (6 PTS),[1641729],1610612762.0,UTA,,,,Sensabaugh,B. Sensabaugh,,,,,,,,Made,6.0,,,,,,,,,,,,,,,,,
452,PT03M14.00S,2024-03-24T01:45:31.1Z,3,REGULAR,substitution,out,[],1641708,,,1610612762,104,81,2024-03-24T01:45:40Z,4510000,False,,,0,,SUB out: A. Thompson,[1641708],1610612745.0,HOU,,,,Thompson,A. Thompson,,,,,,,,,,,,,,,,,,,,,,,,,,
453,PT03M14.00S,2024-03-24T01:45:31.1Z,3,REGULAR,substitution,out,[],1630548,,,1610612762,104,81,2024-03-24T01:45:40Z,4520000,False,,,0,,SUB out: J. Juzang,[1630548],1610612762.0,UTA,,,,Juzang,J. Juzang,,,,,,,,,,,,,,,,,,,,,,,,,,
454,PT03M14.00S,2024-03-24T01:45:31.1Z,3,REGULAR,substitution,in,[],1630256,,,1610612762,104,81,2024-03-24T01:45:40Z,4530000,False,,,0,,SUB in: J. Tate,[1630256],1610612745.0,HOU,,,,Tate,J. Tate,,,,,,,,,,,,,,,,,,,,,,,,,,
455,PT03M14.00S,2024-03-24T01:45:31.1Z,3,REGULAR,substitution,in,[],1630184,,,1610612762,104,81,2024-03-24T01:45:40Z,4540000,False,,,0,,SUB in: K. Lewis Jr.,[1630184],1610612762.0,UTA,,,,Lewis Jr.,K. Lewis Jr.,,,,,,,,,,,,,,,,,,,,,,,,,,
456,PT03M14.00S,2024-03-24T01:45:53.1Z,3,REGULAR,freethrow,2 of 2,['2ndchance'],1641729,,,1610612762,104,82,2024-03-24T01:45:53Z,4550000,False,,,0,,B. Sensabaugh Free Throw 2 of 2 (7 PTS),[1641729],1610612762.0,UTA,,,,Sensabaugh,B. Sensabaugh,,,,,,,,Made,7.0,,,,,,,,,,,,,,,,,
457,PT03M04.00S,2024-03-24T01:46:05.7Z,3,REGULAR,3pt,Jump Shot,[],1630224,68.28186596583443,66.91176470588235,1610612745,107,82,2024-03-24T01:46:11Z,4560000,False,85.0,246.0,1,right,J. Green 25' 3PT  (33 PTS) (J. Landale 2 AST),"[1630224, 1629111]",1610612745.0,HOU,,,,Green,J. Green,,,,,Above the Break 3,24+ Right Center,25.99,Made,33.0,J. Landale,1629111.0,2.0,,,,,,,,,,,,,,
459,PT02M47.00S,2024-03-24T01:46:22.3Z,3,REGULAR,2pt,Layup,['pointsinthepaint'],1641718,8.360709592641262,58.57843137254902,1610612762,107,82,2024-03-24T01:46:29Z,4580000,False,-43.0,26.0,1,left,MISS K. George driving finger roll Layup,[1641718],1610612762.0,UTA,driving finger roll,,,George,K. George,,,,,In The Paint (Non-RA),0-8 Center,5.02,Missed,,,,,,,,,,,,,,,,,,
460,PT02M46.00S,2024-03-24T01:46:23.3Z,3,REGULAR,rebound,defensive,[],1630256,,,1610612745,107,82,2024-03-24T01:47:05Z,4590000,False,,,0,,J. Tate REBOUND (Off:0 Def:1),[1630256],1610612745.0,HOU,,,,Tate,J. Tate,,,,,In The Paint (Non-RA),0-8 Center,,,,,,,459.0,1.0,1.0,0.0,,,,,,,,,,
461,PT02M40.00S,2024-03-24T01:46:29.3Z,3,REGULAR,3pt,Jump Shot,['fastbreak'],1630224,72.09264126149803,81.12745098039215,1610612745,110,82,2024-03-24T01:50:21Z,4600000,False,156.0,210.0,1,right,J. Green 26' 3PT running (36 PTS) (J. Tate 1 AST),"[1630224, 1630256]",1610612745.0,HOU,running,,,Green,J. Green,,,,,Above the Break 3,24+ Right Center,26.12,Made,36.0,J. Tate,1630256.0,1.0,,,,,,,,,,,,,,
496,PT02M28.00S,2024-03-24T01:46:54.1Z,3,REGULAR,turnover,out-of-bounds,[],1641729,,,1610612762,110,82,2024-03-24T01:54:11Z,4625000,False,,,0,,B. Sensabaugh lost ball out-of-bounds TURNOVER (2 TO),[1641729],1610612762.0,UTA,lost ball,,,Sensabaugh,B. Sensabaugh,,,,,In The Paint (Non-RA),0-8 Center,,,,,,,,,,,200834.0,,,,,2.0,,,,
464,PT02M28.00S,2024-03-24T01:47:03.8Z,3,REGULAR,timeout,full,['team'],0,,,1610612745,110,82,2024-03-24T01:54:11Z,4630000,False,,,0,,HOU Timeout,[],1610612745.0,HOU,,,,,,,,,,,,,,,,,,,,,,,,,,,,,,,
466,PT02M28.00S,2024-03-24T01:48:55.3Z,3,REGULAR,substitution,out,[],1628415,,,1610612745,110,82,2024-03-24T01:54:11Z,4650000,False,,,0,,SUB out: D. Brooks,[1628415],1610612745.0,HOU,,,,Brooks,D. Brooks,,,,,,,,,,,,,,,,,,,,,,,,,,
467,PT02M28.00S,2024-03-24T01:48:55.3Z,3,REGULAR,substitution,out,[],1641707,,,1610612745,110,82,2024-03-24T01:54:11Z,4660000,False,,,0,,SUB out: T. Hendricks,[1641707],1610612762.0,UTA,,,,Hendricks,T. Hendricks,,,,,,,,,,,,,,,,,,,,,,,,,,
468,PT02M28.00S,2024-03-24T01:48:55.3Z,3,REGULAR,substitution,in,[],203493,,,1610612745,110,82,2024-03-24T01:54:11Z,4670000,False,,,0,,SUB in: R. Bullock Jr.,[203493],1610612745.0,HOU,,,,Bullock Jr.,R. Bullock Jr.,,,,,,,,,,,,,,,,,,,,,,,,,,
469,PT02M28.00S,2024-03-24T01:48:55.3Z,3,REGULAR,substitution,in,[],1629012,,,1610612745,110,82,2024-03-24T01:54:11Z,4680000,False,,,0,,SUB in: C. Sexton,[1629012],1610612762.0,UTA,,,,Sexton,C. Sexton,,,,,,,,,,,,,,,,,,,,,,,,,,
470,PT02M15.00S,2024-03-24T01:49:29.5Z,3,REGULAR,3pt,Jump Shot,['fromturnover'],1627832,66.5735873850197,49.01960784313725,1610612745,113,82,2024-03-24T01:54:11Z,4690000,False,-5.0,262.0,1,right,F. VanVleet 26' 3PT pullup (31 PTS),[1627832],1610612745.0,HOU,pullup,,,VanVleet,F. VanVleet,,,,,Above the Break 3,24+ Center,26.17,Made,31.0,,,,,,,,,,,,,,,,,
471,PT02M01.00S,2024-03-24T01:49:42.4Z,3,REGULAR,3pt,Jump Shot,[],1641718,33.065045992115635,49.50980392156863,1610612762,113,85,2024-03-24T01:51:31Z,4700000,False,2.0,258.0,1,left,K. George 25' 3PT pullup (11 PTS) (C. Sexton 6 AST),"[1641718, 1629012]",1610612762.0,UTA,pullup,,,George,K. George,,,,,Above the Break 3,24+ Center,25.83,Made,11.0,C. Sexton,1629012.0,6.0,,,,,,,,,,,,,,
473,PT01M42.00S,2024-03-24T01:50:01.6Z,3,REGULAR,3pt,Jump Shot,[],203493,87.33574244415243,3.1862745098039214,1610612745,116,85,2024-03-24T01:50:07Z,4720000,False,-234.0,67.0,1,right,R. Bullock Jr. 24' 3PT  (3 PTS) (F. VanVleet 6 AST),"[203493, 1627832]",1610612745.0,HOU,,,,Bullock Jr.,R. Bullock Jr.,,,,,Left Corner 3,24+ Left,24.34,Made,3.0,F. VanVleet,1627832.0,6.0,,,,,,,,,,,,,,
475,PT01M24.00S,2024-03-24T01:50:19.9Z,3,REGULAR,3pt,Jump Shot,[],1641729,6.915243101182654,95.34313725490196,1610612762,116,85,2024-03-24T01:50:25Z,4740000,False,-227.0,13.0,1,left,MISS B. Sensabaugh 3PT,[1641729],1610612762.0,UTA,,,,Sensabaugh,B. Sensabaugh,,,,,Left Corner 3,24+ Left,22.7,Missed,,,,,,,,,,,,,,,,,,
476,PT01M20.00S,2024-03-24T01:50:23.9Z,3,REGULAR,rebound,defensive,[],203493,,,1610612745,116,85,2024-03-24T01:50:25Z,4750000,False,,,0,,R. Bullock Jr. REBOUND (Off:1 Def:2),[203493],1610612745.0,HOU,,,,Bullock Jr.,R. Bullock Jr.,,,,,Left Corner 3,24+ Left,,,,,,,475.0,3.0,2.0,1.0,,,,,,,,,,
477,PT01M14.00S,2024-03-24T01:50:30.9Z,3,REGULAR,3pt,Jump Shot,[],1630224,74.45795006570303,83.08823529411765,1610612745,119,85,2024-03-24T01:50:36Z,4760000,False,165.0,188.0,1,right,J. Green 25' 3PT  (39 PTS) (F. VanVleet 7 AST),"[1630224, 1627832]",1610612745.0,HOU,,,,Green,J. Green,,,,,Above the Break 3,24+ Right Center,25.01,Made,39.0,F. VanVleet,1627832.0,7.0,,,,,,,,,,,,,,
479,PT00M59.20S,2024-03-24T01:50:45.0Z,3,REGULAR,2pt,Layup,['pointsinthepaint'],1629012,8.886333771353483,49.50980392156863,1610612762,119,85,2024-03-24T01:50:50Z,4780000,False,2.0,31.0,1,left,MISS C. Sexton driving Layup,[1629012],1610612762.0,UTA,driving,,,Sexton,C. Sexton,,,,,Restricted Area,0-8 Center,3.11,Missed,,,,,,,,,,,,,,,,,,
480,PT00M57.40S,2024-03-24T01:50:46.8Z,3,REGULAR,rebound,defensive,[],1627832,,,1610612745,119,85,2024-03-24T01:50:50Z,4790000,False,,,0,,F. VanVleet REBOUND (Off:0 Def:3),[1627832],1610612745.0,HOU,,,,VanVleet,F. VanVleet,,,,,Restricted Area,0-8 Center,,,,,,,479.0,3.0,3.0,0.0,,,,,,,,,,
481,PT00M54.40S,2024-03-24T01:50:49.8Z,3,REGULAR,3pt,Jump Shot,['fastbreak'],1627832,69.46452036793693,80.3921568627451,1610612745,119,85,2024-03-24T01:57:03Z,4800000,False,152.0,235.0,1,right,MISS F. VanVleet 27' running pullup 3PT,[1627832],1610612745.0,HOU,running pullup,,,VanVleet,F. VanVleet,,,,,Above the Break 3,24+ Right Center,27.95,Missed,,,,,,,,,,,,,,,,,,
482,PT00M51.10S,2024-03-24T01:50:53.1Z,3,REGULAR,rebound,defensive,[],1631117,,,1610612762,119,85,2024-03-24T01:50:59Z,4810000,False,,,0,,W. Kessler REBOUND (Off:3 Def:2),[1631117],1610612762.0,UTA,,,,Kessler,W. Kessler,,,,,Above the Break 3,24+ Right Center,,,,,,,481.0,5.0,2.0,3.0,,,,,,,,,,
483,PT00M42.60S,2024-03-24T01:51:03.1Z,3,REGULAR,2pt,Layup,['pointsinthepaint'],1631117,6.521024967148489,43.627450980392155,1610612762,119,87,2024-03-24T01:51:11Z,4820000,False,32.0,9.0,1,left,W. Kessler alley-oop Layup (4 PTS) (B. Sensabaugh 2 AST),"[1631117, 1641729]",1610612762.0,UTA,alley-oop,,,Kessler,W. Kessler,,,,,Restricted Area,0-8 Center,3.31,Made,4.0,B. Sensabaugh,1641729.0,2.0,,,,,,,,,,,,,,
485,PT00M30.70S,2024-03-24T01:51:16.3Z,3,REGULAR,3pt,Jump Shot,[],1627832,66.04796320630749,50.245098039215684,1610612745,122,87,2024-03-24T01:51:24Z,4840000,False,1.0,267.0,1,right,F. VanVleet 26' 3PT pullup (34 PTS),[1627832],1610612745.0,HOU,pullup,,,VanVleet,F. VanVleet,,,,,Above the Break 3,24+ Center,26.66,Made,34.0,,,,,,,,,,,,,,,,,
486,PT00M13.80S,2024-03-24T01:51:41.7Z,3,REGULAR,foul,personal,"['inpenalty', '2freethrow']",1630256,,,1610612762,122,87,2024-03-24T01:51:46Z,4850000,False,,,0,,J. Tate personal FOUL (2 PF) (Kessler 2 FT),"[1630256, 1631117]",1610612745.0,HOU,,,,Tate,J. Tate,,,,,In The Paint (Non-RA),8-16 Center,,,,,,,,,,,1628480.0,2.0,0.0,Kessler,1631117.0,,,,,
488,PT00M13.80S,2024-03-24T01:52:14.9Z,3,REGULAR,freethrow,1 of 2,[],1631117,,,1610612762,122,88,2024-03-24T01:52:14Z,4870000,False,,,0,,W. Kessler Free Throw 1 of 2 (5 PTS),[1631117],1610612762.0,UTA,,,,Kessler,W. Kessler,,,,,,,,Made,5.0,,,,,,,,,,,,,,,,,
489,PT00M13.80S,2024-03-24T01:52:32.1Z,3,REGULAR,freethrow,2 of 2,[],1631117,,,1610612762,122,89,2024-03-24T01:52:32Z,4880000,False,,,0,,W. Kessler Free Throw 2 of 2 (6 PTS),[1631117],1610612762.0,UTA,,,,Kessler,W. Kessler,,,,,,,,Made,6.0,,,,,,,,,,,,,,,,,
490,PT00M01.50S,2024-03-24T01:52:46.0Z,3,REGULAR,3pt,Jump Shot,[],1627832,66.04796320630749,51.225490196078425,1610612745,122,89,2024-03-24T01:53:21Z,4890000,False,6.0,267.0,1,right,MISS F. VanVleet 26' pullup 3PT,[1627832],1610612745.0,HOU,pullup,,,VanVleet,F. VanVleet,,,,,Above the Break 3,24+ Center,26.67,Missed,,,,,,,,,,,,,,,,,,
491,PT00M00.10S,2024-03-24T01:52:47.4Z,3,REGULAR,rebound,defensive,[],1630184,,,1610612762,122,89,2024-03-24T01:52:47Z,4900000,False,,,0,,K. Lewis Jr. REBOUND (Off:1 Def:3),[1630184],1610612762.0,UTA,,,,Lewis Jr.,K. Lewis Jr.,,,,,Above the Break 3,24+ Center,,,,,,,490.0,4.0,3.0,1.0,,,,,,,,,,
492,PT00M00.10S,2024-03-24T01:52:52.5Z,3,REGULAR,foul,personal,"['inpenalty', '2freethrow']",1630224,,,1610612762,122,89,2024-03-24T01:53:01Z,4910000,False,,,0,,J. Green personal FOUL (1 PF) (Sexton 2 FT),"[1630224, 1629012]",1610612745.0,HOU,,,,Green,J. Green,,,,,Above the Break 3,24+ Center,,,,,,,,,,,1628951.0,1.0,0.0,Sexton,1629012.0,,,,,
494,PT00M00.10S,2024-03-24T01:53:26.3Z,3,REGULAR,freethrow,1 of 2,[],1629012,,,1610612762,122,90,2024-03-24T01:53:26Z,4930000,False,,,0,,C. Sexton Free Throw 1 of 2 (13 PTS),[1629012],1610612762.0,UTA,,,,Sexton,C. Sexton,,,,,,,,Made,13.0,,,,,,,,,,,,,,,,,
495,PT00M00.10S,2024-03-24T01:53:42.2Z,3,REGULAR,freethrow,2 of 2,[],1629012,,,1610612762,122,91,2024-03-24T01:53:42Z,4940000,False,,,0,,C. Sexton Free Throw 2 of 2 (14 PTS),[1629012],1610612762.0,UTA,,,,Sexton,C. Sexton,,,,,,,,Made,14.0,,,,,,,,,,,,,,,,,
497,PT00M00.00S,2024-03-24T01:54:30.3Z,3,REGULAR,period,end,[],0,,,1610612745,122,91,2024-03-24T01:54:30Z,4950000,False,,,0,,Period End,[],,,,,,,,,,,,,,,,,,,,,,,,,,,,,,,,,
498,PT12M00.00S,2024-03-24T01:55:52.4Z,4,REGULAR,substitution,out,['startperiod'],1627832,,,1610612745,122,91,2024-03-24T01:56:19Z,4960000,False,,,0,,SUB out: F. VanVleet,[1627832],1610612745.0,HOU,,,,VanVleet,F. VanVleet,,,,,,,,,,,,,,,,,,,,,,,,,,
499,PT12M00.00S,2024-03-24T01:55:52.4Z,4,REGULAR,substitution,out,['startperiod'],1641718,,,1610612745,122,91,2024-03-24T01:56:19Z,4970000,False,,,0,,SUB out: K. George,[1641718],1610612762.0,UTA,,,,George,K. George,,,,,,,,,,,,,,,,,,,,,,,,,,
500,PT12M00.00S,2024-03-24T01:55:52.4Z,4,REGULAR,substitution,in,['startperiod'],1628988,,,1610612745,122,91,2024-03-24T01:56:19Z,4980000,False,,,0,,SUB in: A. Holiday,[1628988],1610612745.0,HOU,,,,Holiday,A. Holiday,,,,,,,,,,,,,,,,,,,,,,,,,,
501,PT12M00.00S,2024-03-24T01:55:52.4Z,4,REGULAR,substitution,in,['startperiod'],1630695,,,1610612745,122,91,2024-03-24T01:56:19Z,4990000,False,,,0,,SUB in: M. Potter,[1630695],1610612762.0,UTA,,,,Potter,M. Potter,,,,,,,,,,,,,,,,,,,,,,,,,,
502,PT12M00.00S,2024-03-24T01:56:26.8Z,4,REGULAR,period,start,[],0,,,1610612762,122,91,2024-03-24T01:56:26Z,5000000,False,,,0,,Period Start,[],,,,,,,,,,,,,,,,,,,,,,,,,,,,,,,,,
503,PT11M45.00S,2024-03-24T01:56:40.7Z,4,REGULAR,2pt,Hook,['pointsinthepaint'],1631117,14.011169513797633,51.470588235294116,1610612762,122,91,2024-03-24T01:56:56Z,5010000,False,-7.0,79.0,1,left,MISS W. Kessler 7' turnaround Hook,[1631117],1610612762.0,UTA,turnaround,,,Kessler,W. Kessler,,,,,In The Paint (Non-RA),0-8 Center,7.95,Missed,,,,,,,,,,,,,,,,,,
504,PT11M43.00S,2024-03-24T01:56:42.7Z,4,REGULAR,rebound,defensive,[],203493,,,1610612745,122,91,2024-03-24T01:56:56Z,5020000,False,,,0,,R. Bullock Jr. REBOUND (Off:1 Def:3),[203493],1610612745.0,HOU,,,,Bullock Jr.,R. Bullock Jr.,,,,,In The Paint (Non-RA),0-8 Center,,,,,,,503.0,4.0,3.0,1.0,,,,,,,,,,
505,PT11M38.00S,2024-03-24T01:56:48.1Z,4,REGULAR,3pt,Jump Shot,['fastbreak'],1630224,67.23061760840999,61.274509803921575,1610612745,122,91,2024-03-24T01:59:28Z,5030000,False,56.0,256.0,1,right,MISS J. Green 26' running pullup 3PT,[1630224],1610612745.0,HOU,running pullup,,,Green,J. Green,,,,,Above the Break 3,24+ Center,26.17,Missed,,,,,,,,,,,,,,,,,,
506,PT11M33.00S,2024-03-24T01:56:53.1Z,4,REGULAR,rebound,defensive,[],1631117,,,1610612762,122,91,2024-03-24T01:56:59Z,5040000,False,,,0,,W. Kessler REBOUND (Off:3 Def:3),[1631117],1610612762.0,UTA,,,,Kessler,W. Kessler,,,,,Above the Break 3,24+ Center,,,,,,,505.0,6.0,3.0,3.0,,,,,,,,,,
507,PT11M28.00S,2024-03-24T01:56:58.1Z,4,REGULAR,2pt,Layup,"['fastbreak', 'pointsinthepaint']",1630184,9.017739816031538,38.72549019607843,1610612762,122,93,2024-03-24T02:00:42Z,5050000,False,56.0,32.0,1,left,K. Lewis Jr. 6' running Layup (11 PTS),[1630184],1610612762.0,UTA,running,,,Lewis Jr.,K. Lewis Jr.,,,,,In The Paint (Non-RA),0-8 Center,6.5,Made,11.0,,,,,,,,,,,,,,,,,
508,PT11M11.00S,2024-03-24T01:57:14.5Z,4,REGULAR,2pt,Jump Shot,['pointsinthepaint'],1629111,80.76544021024968,62.254901960784316,1610612745,124,93,2024-03-24T02:01:25Z,5060000,False,61.0,128.0,1,right,J. Landale 14' Jump Shot (6 PTS) (J. Green 4 AST),"[1629111, 1630224]",1610612745.0,HOU,,,,Landale,J. Landale,,,,,In The Paint (Non-RA),8-16 Center,14.22,Made,6.0,J. Green,1630224.0,4.0,,,,,,,,,,,,,,
510,PT10M58.00S,2024-03-24T01:57:30.2Z,4,REGULAR,foul,personal,['2freethrow'],1630256,,,1610612762,124,93,2024-03-24T01:57:35Z,5080000,False,,,0,,J. Tate shooting personal FOUL (3 PF) (Sensabaugh 2 FT),"[1630256, 1641729]",1610612745.0,HOU,shooting,,,Tate,J. Tate,,,,,In The Paint (Non-RA),8-16 Center,,,,,,,,,,,200834.0,3.0,0.0,Sensabaugh,1641729.0,,,,,
512,PT10M58.00S,2024-03-24T01:58:02.5Z,4,REGULAR,freethrow,1 of 2,[],1641729,,,1610612762,124,94,2024-03-24T01:58:02Z,5100000,False,,,0,,B. Sensabaugh Free Throw 1 of 2 (8 PTS),[1641729],1610612762.0,UTA,,,,Sensabaugh,B. Sensabaugh,,,,,,,,Made,8.0,,,,,,,,,,,,,,,,,
513,PT10M58.00S,2024-03-24T01:58:18.8Z,4,REGULAR,freethrow,2 of 2,[],1641729,,,1610612762,124,95,2024-03-24T01:58:18Z,5110000,False,,,0,,B. Sensabaugh Free Throw 2 of 2 (9 PTS),[1641729],1610612762.0,UTA,,,,Sensabaugh,B. Sensabaugh,,,,,,,,Made,9.0,,,,,,,,,,,,,,,,,
515,PT10M50.00S,2024-03-24T01:58:34.8Z,4,REGULAR,foul,offensive,[],1630224,,,1610612745,124,95,2024-03-24T01:58:50Z,5130000,False,,,0,,J. Green offensive FOUL (2 PF),"[1630224, 1629012]",1610612745.0,HOU,,,,Green,J. Green,,,,,In The Paint (Non-RA),8-16 Center,,,,,,,,,,,1628951.0,2.0,0.0,Sexton,1629012.0,,,,,
517,PT10M50.00S,2024-03-24T01:58:34.8Z,4,REGULAR,turnover,offensive foul,[],1630224,,,1610612745,124,95,2024-03-24T01:58:34Z,5150000,False,,,0,,J. Green offensive foul TURNOVER (3 TO),[1630224],1610612745.0,HOU,,,,Green,J. Green,,,,,In The Paint (Non-RA),8-16 Center,,,,,,,,,,,1628951.0,,,,,3.0,,,,
518,PT10M30.00S,2024-03-24T01:59:26.8Z,4,REGULAR,foul,personal,['2freethrow'],1630224,,,1610612762,124,95,2024-03-24T01:59:34Z,5160000,False,,,0,,J. Green shooting personal FOUL (3 PF) (Sexton 2 FT),"[1630224, 1629012]",1610612745.0,HOU,shooting,,,Green,J. Green,,,,,In The Paint (Non-RA),0-8 Center,,,,,,,,,,,1628951.0,3.0,0.0,Sexton,1629012.0,,,,,
520,PT10M30.00S,2024-03-24T01:59:59.7Z,4,REGULAR,freethrow,1 of 2,['fromturnover'],1629012,,,1610612762,124,96,2024-03-24T01:59:59Z,5180000,False,,,0,,C. Sexton Free Throw 1 of 2 (15 PTS),[1629012],1610612762.0,UTA,,,,Sexton,C. Sexton,,,,,,,,Made,15.0,,,,,,,,,,,,,,,,,
521,PT10M30.00S,2024-03-24T02:00:14.5Z,4,REGULAR,freethrow,2 of 2,['fromturnover'],1629012,,,1610612762,124,97,2024-03-24T02:00:14Z,5190000,False,,,0,,C. Sexton Free Throw 2 of 2 (16 PTS),[1629012],1610612762.0,UTA,,,,Sexton,C. Sexton,,,,,,,,Made,16.0,,,,,,,,,,,,,,,,,
523,PT10M10.00S,2024-03-24T02:00:50.4Z,4,REGULAR,2pt,Layup,['pointsinthepaint'],1630256,93.9060446780552,58.57843137254902,1610612745,126,97,2024-03-24T02:00:54Z,5210000,False,43.0,5.0,1,right,J. Tate Layup (4 PTS) (J. Landale 3 AST),"[1630256, 1629111]",1610612745.0,HOU,,,,Tate,J. Tate,,,,,In The Paint (Non-RA),0-8 Center,4.32,Made,4.0,J. Landale,1629111.0,3.0,,,,,,,,,,,,,,
525,PT09M44.00S,2024-03-24T02:01:15.9Z,4,REGULAR,3pt,Jump Shot,[],1630184,30.962549277266753,71.07843137254902,1610612762,126,97,2024-03-24T02:01:22Z,5230000,False,-105.0,239.0,1,left,MISS K. Lewis Jr. 26' 3PT,[1630184],1610612762.0,UTA,,,,Lewis Jr.,K. Lewis Jr.,,,,,Above the Break 3,24+ Left Center,26.08,Missed,,,,,,,,,,,,,,,,,,
526,PT09M44.00S,2024-03-24T02:01:15.9Z,4,REGULAR,rebound,defensive,[],1630224,,,1610612745,126,97,2024-03-24T02:01:22Z,5240000,False,,,0,,J. Green REBOUND (Off:1 Def:3),[1630224],1610612745.0,HOU,,,,Green,J. Green,,,,,Above the Break 3,24+ Left Center,,,,,,,525.0,4.0,3.0,1.0,,,,,,,,,,
527,PT09M35.00S,2024-03-24T02:01:25.5Z,4,REGULAR,2pt,Jump Shot,[],1630224,76.2976346911958,55.63725490196079,1610612745,128,97,2024-03-24T02:01:29Z,5250000,False,28.0,170.0,1,right,J. Green 17' fadeaway Jump Shot (41 PTS),[1630224],1610612745.0,HOU,fadeaway,,,Green,J. Green,,,,,Mid-Range,16-24 Center,17.26,Made,41.0,,,,,,,,,,,,,,,,,
528,PT09M20.00S,2024-03-24T02:01:40.7Z,4,REGULAR,2pt,Hook,['pointsinthepaint'],1631117,7.966491458607096,39.705882352941174,1610612762,128,99,2024-03-24T02:01:47Z,5260000,False,51.0,22.0,1,left,W. Kessler bank Hook (8 PTS) (B. Sensabaugh 3 AST),"[1631117, 1641729]",1610612762.0,UTA,bank,,,Kessler,W. Kessler,,,,,In The Paint (Non-RA),0-8 Center,5.62,Made,8.0,B. Sensabaugh,1641729.0,3.0,,,,,,,,,,,,,,
530,PT09M02.00S,2024-03-24T02:01:58.2Z,4,REGULAR,3pt,Jump Shot,[],1629111,74.58935611038108,86.51960784313727,1610612745,128,99,2024-03-24T02:02:04Z,5280000,False,183.0,186.0,1,right,MISS J. Landale 26' 3PT,[1629111],1610612745.0,HOU,,,,Landale,J. Landale,,,,,Above the Break 3,24+ Right Center,26.09,Missed,,,,,,,,,,,,,,,,,,
531,PT09M02.00S,2024-03-24T02:01:58.2Z,4,REGULAR,rebound,defensive,[],1641729,,,1610612762,128,99,2024-03-24T02:02:04Z,5290000,False,,,0,,B. Sensabaugh REBOUND (Off:0 Def:3),[1641729],1610612762.0,UTA,,,,Sensabaugh,B. Sensabaugh,,,,,Above the Break 3,24+ Right Center,,,,,,,530.0,3.0,3.0,0.0,,,,,,,,,,
532,PT08M55.00S,2024-03-24T02:02:06.1Z,4,REGULAR,3pt,Jump Shot,[],1641729,28.203022339027594,21.323529411764707,1610612762,128,99,2024-03-24T02:02:16Z,5300000,False,143.0,213.0,1,left,MISS B. Sensabaugh 25' pullup 3PT,[1641729],1610612762.0,UTA,pullup,,,Sensabaugh,B. Sensabaugh,,,,,Above the Break 3,24+ Right Center,25.64,Missed,,,,,,,,,,,,,,,,,,
533,PT08M53.00S,2024-03-24T02:02:08.1Z,4,REGULAR,rebound,defensive,[],203493,,,1610612745,128,99,2024-03-24T02:02:16Z,5310000,False,,,0,,R. Bullock Jr. REBOUND (Off:1 Def:4),[203493],1610612745.0,HOU,,,,Bullock Jr.,R. Bullock Jr.,,,,,Above the Break 3,24+ Right Center,,,,,,,532.0,5.0,4.0,1.0,,,,,,,,,,
534,PT08M38.00S,2024-03-24T02:02:22.0Z,4,REGULAR,2pt,Jump Shot,['pointsinthepaint'],1630224,88.12417871222075,38.48039215686275,1610612745,128,99,2024-03-24T02:07:29Z,5320000,False,-58.0,59.0,1,right,MISS J. Green 8' fadeaway bank Shot,[1630224],1610612745.0,HOU,fadeaway bank,,,Green,J. Green,,,,,In The Paint (Non-RA),8-16 Left,8.25,Missed,,,,,,,,,,,,,,,,,,
535,PT08M36.00S,2024-03-24T02:02:24.0Z,4,REGULAR,rebound,defensive,[],1630695,,,1610612762,128,99,2024-03-24T02:02:28Z,5330000,False,,,0,,M. Potter REBOUND (Off:2 Def:1),[1630695],1610612762.0,UTA,,,,Potter,M. Potter,,,,,In The Paint (Non-RA),8-16 Left,,,,,,,534.0,3.0,1.0,2.0,,,,,,,,,,
536,PT08M35.00S,2024-03-24T02:02:28.3Z,4,REGULAR,2pt,Layup,"['fastbreak', 'pointsinthepaint']",1641729,8.09789750328515,43.627450980392155,1610612762,128,101,2024-03-24T02:07:56Z,5340000,False,32.0,24.0,1,left,B. Sensabaugh running finger roll Layup (11 PTS) (C. Sexton 7 AST),"[1641729, 1629012]",1610612762.0,UTA,running finger roll,,,Sensabaugh,B. Sensabaugh,,,,,Restricted Area,0-8 Center,3.97,Made,11.0,C. Sexton,1629012.0,7.0,,,,,,,,,,,,,,
538,PT08M35.00S,2024-03-24T02:02:30.3Z,4,REGULAR,foul,personal,['1freethrow'],203493,,,1610612762,128,101,2024-03-24T02:02:42Z,5360000,False,,,0,,R. Bullock Jr. shooting personal FOUL (2 PF) (Sensabaugh 1 FT),"[203493, 1641729]",1610612745.0,HOU,shooting,,,Bullock Jr.,R. Bullock Jr.,,,,,Restricted Area,0-8 Center,,,,,,,,,,,200834.0,2.0,0.0,Sensabaugh,1641729.0,,,,,
540,PT08M35.00S,2024-03-24T02:02:43.0Z,4,REGULAR,substitution,out,[],1630224,,,1610612762,128,101,2024-03-24T02:03:07Z,5380000,False,,,0,,SUB out: J. Green,[1630224],1610612745.0,HOU,,,,Green,J. Green,,,,,,,,,,,,,,,,,,,,,,,,,,
541,PT08M35.00S,2024-03-24T02:02:43.0Z,4,REGULAR,substitution,in,[],1631466,,,1610612762,128,101,2024-03-24T02:03:07Z,5390000,False,,,0,,SUB in: N. Williams,[1631466],1610612745.0,HOU,,,,Williams,N. Williams,,,,,,,,,,,,,,,,,,,,,,,,,,
542,PT08M35.00S,2024-03-24T02:03:06.5Z,4,REGULAR,freethrow,1 of 1,['fastbreak'],1641729,,,1610612762,128,101,2024-03-24T02:03:11Z,5400000,False,,,0,,MISS B. Sensabaugh Free Throw 1 of 1,[1641729],1610612762.0,UTA,,,,Sensabaugh,B. Sensabaugh,,,,,,,,Missed,,,,,,,,,,,,,,,,,,
543,PT08M34.00S,2024-03-24T02:03:07.5Z,4,REGULAR,rebound,defensive,[],1630256,,,1610612745,128,101,2024-03-24T02:03:11Z,5410000,False,,,0,,J. Tate REBOUND (Off:0 Def:2),[1630256],1610612745.0,HOU,,,,Tate,J. Tate,,,,,,,,,,,,,542.0,2.0,2.0,0.0,,,,,,,,,,
544,PT08M19.00S,2024-03-24T02:03:22.0Z,4,REGULAR,2pt,Jump Shot,['pointsinthepaint'],1628988,89.70105124835742,40.931372549019606,1610612745,130,101,2024-03-24T02:03:25Z,5420000,False,-45.0,44.0,1,right,A. Holiday 6' driving floating Jump Shot (4 PTS),[1628988],1610612745.0,HOU,driving floating,,,Holiday,A. Holiday,,,,,In The Paint (Non-RA),0-8 Center,6.34,Made,4.0,,,,,,,,,,,,,,,,,
545,PT08M00.00S,2024-03-24T02:03:40.0Z,4,REGULAR,2pt,Jump Shot,[],1630184,25.969119579500656,42.15686274509804,1610612762,130,101,2024-03-24T02:03:49Z,5430000,False,39.0,192.0,1,left,MISS K. Lewis Jr. 19' pullup Shot,[1630184],1610612762.0,UTA,pullup,,,Lewis Jr.,K. Lewis Jr.,,,,,Mid-Range,16-24 Center,19.56,Missed,,,,,,,,,,,,,,,,,,
546,PT07M58.00S,2024-03-24T02:03:42.0Z,4,REGULAR,rebound,defensive,[],203493,,,1610612745,130,101,2024-03-24T02:03:49Z,5440000,False,,,0,,R. Bullock Jr. REBOUND (Off:1 Def:5),[203493],1610612745.0,HOU,,,,Bullock Jr.,R. Bullock Jr.,,,,,Mid-Range,16-24 Center,,,,,,,545.0,6.0,5.0,1.0,,,,,,,,,,
547,PT07M52.00S,2024-03-24T02:03:48.8Z,4,REGULAR,2pt,Layup,"['pointsinthepaint', 'fastbreak']",1630256,91.40932982917214,43.13725490196079,1610612745,130,101,2024-03-24T02:03:55Z,5450000,False,-34.0,28.0,1,right,MISS J. Tate cutting Layup,[1630256],1610612745.0,HOU,cutting,,,Tate,J. Tate,,,,,In The Paint (Non-RA),0-8 Center,4.45,Missed,,,,,,,,,,,,,,,,,,
548,PT07M49.00S,2024-03-24T02:03:51.8Z,4,REGULAR,rebound,defensive,[],1631117,,,1610612762,130,101,2024-03-24T02:03:55Z,5460000,False,,,0,,W. Kessler REBOUND (Off:3 Def:4),[1631117],1610612762.0,UTA,,,,Kessler,W. Kessler,,,,,In The Paint (Non-RA),0-8 Center,,,,,,,547.0,7.0,4.0,3.0,,,,,,,,,,
549,PT07M41.00S,2024-03-24T02:03:59.5Z,4,REGULAR,2pt,Layup,['pointsinthepaint'],1631117,8.754927726675426,42.64705882352941,1610612762,130,103,2024-03-24T02:04:03Z,5470000,False,37.0,30.0,1,left,W. Kessler cutting Layup (10 PTS) (B. Sensabaugh 4 AST),"[1631117, 1641729]",1610612762.0,UTA,cutting,,,Kessler,W. Kessler,,,,,In The Paint (Non-RA),0-8 Center,4.74,Made,10.0,B. Sensabaugh,1641729.0,4.0,,,,,,,,,,,,,,
551,PT07M24.00S,2024-03-24T02:04:16.2Z,4,REGULAR,3pt,Jump Shot,[],203493,71.43561103810775,78.18627450980392,1610612745,130,103,2024-03-24T02:04:24Z,5490000,False,141.0,216.0,1,right,MISS R. Bullock Jr. 25' 3PT,[203493],1610612745.0,HOU,,,,Bullock Jr.,R. Bullock Jr.,,,,,Above the Break 3,24+ Right Center,25.79,Missed,,,,,,,,,,,,,,,,,,
552,PT07M23.00S,2024-03-24T02:04:17.2Z,4,REGULAR,rebound,defensive,[],1629012,,,1610612762,130,103,2024-03-24T02:04:24Z,5500000,False,,,0,,C. Sexton REBOUND (Off:1 Def:1),[1629012],1610612762.0,UTA,,,,Sexton,C. Sexton,,,,,Above the Break 3,24+ Right Center,,,,,,,551.0,2.0,1.0,1.0,,,,,,,,,,
553,PT07M17.00S,2024-03-24T02:04:23.0Z,4,REGULAR,2pt,Layup,"['pointsinthepaint', 'fastbreak']",1629012,7.966491458607096,54.166666666666664,1610612762,130,105,2024-03-24T02:04:28Z,5510000,False,-21.0,22.0,1,left,C. Sexton running Layup (18 PTS),[1629012],1610612762.0,UTA,running,,,Sexton,C. Sexton,,,,,Restricted Area,0-8 Center,3.06,Made,18.0,,,,,,,,,,,,,,,,,
554,PT07M03.00S,2024-03-24T02:04:41.2Z,4,REGULAR,foul,offensive,[],1629111,,,1610612745,130,105,2024-03-24T02:04:56Z,5520000,False,,,0,,J. Landale offensive FOUL (4 PF),"[1629111, 1630184]",1610612745.0,HOU,,,,Landale,J. Landale,,,,,Mid-Range,16-24 Center,,,,,,,,,,,1628951.0,4.0,1.0,Lewis Jr.,1630184.0,,,,,
556,PT07M03.00S,2024-03-24T02:04:41.2Z,4,REGULAR,turnover,offensive foul,[],1629111,,,1610612745,130,105,2024-03-24T02:04:41Z,5540000,False,,,0,,J. Landale offensive foul TURNOVER (2 TO),[1629111],1610612745.0,HOU,,,,Landale,J. Landale,,,,,Mid-Range,16-24 Center,,,,,,,,,,,1628951.0,,,,,2.0,,,,
557,PT06M53.00S,2024-03-24T02:05:09.8Z,4,REGULAR,foul,personal,['2freethrow'],1628988,,,1610612762,130,105,2024-03-24T02:05:15Z,5550000,False,,,0,,A. Holiday shooting personal FOUL (1 PF) (Lewis Jr. 2 FT),"[1628988, 1630184]",1610612745.0,HOU,shooting,,,Holiday,A. Holiday,,,,,In The Paint (Non-RA),0-8 Center,,,,,,,,,,,1628480.0,1.0,0.0,Lewis Jr.,1630184.0,,,,,
559,PT06M53.00S,2024-03-24T02:05:23.9Z,4,REGULAR,timeout,full,"['team', 'mandatory']",0,,,1610612762,130,105,2024-03-24T02:05:23Z,5570000,False,,,0,,HOU Timeout,[],1610612745.0,HOU,,,,,,,,,,,,,,,,,,,,,,,,,,,,,,,
563,PT06M53.00S,2024-03-24T02:07:57.1Z,4,REGULAR,substitution,out,[],1629111,,,1610612762,130,105,2024-03-24T02:08:21Z,5610000,False,,,0,,SUB out: J. Landale,[1629111],1610612745.0,HOU,,,,Landale,J. Landale,,,,,,,,,,,,,,,,,,,,,,,,,,
564,PT06M53.00S,2024-03-24T02:07:57.1Z,4,REGULAR,substitution,out,[],1630256,,,1610612762,130,105,2024-03-24T02:08:21Z,5620000,False,,,0,,SUB out: J. Tate,[1630256],1610612745.0,HOU,,,,Tate,J. Tate,,,,,,,,,,,,,,,,,,,,,,,,,,
565,PT06M53.00S,2024-03-24T02:07:57.1Z,4,REGULAR,substitution,in,[],1641708,,,1610612762,130,105,2024-03-24T02:08:21Z,5630000,False,,,0,,SUB in: A. Thompson,[1641708],1610612745.0,HOU,,,,Thompson,A. Thompson,,,,,,,,,,,,,,,,,,,,,,,,,,
566,PT06M53.00S,2024-03-24T02:07:57.1Z,4,REGULAR,substitution,in,[],201145,,,1610612762,130,105,2024-03-24T02:08:21Z,5640000,False,,,0,,SUB in: J. Green,[201145],1610612745.0,HOU,,,,Green,J. Green,,,,,,,,,,,,,,,,,,,,,,,,,,
567,PT06M53.00S,2024-03-24T02:08:43.2Z,4,REGULAR,freethrow,1 of 2,['fromturnover'],1630184,,,1610612762,130,106,2024-03-24T02:09:07Z,5650000,False,,,0,,K. Lewis Jr. Free Throw 1 of 2 (12 PTS),[1630184],1610612762.0,UTA,,,,Lewis Jr.,K. Lewis Jr.,,,,,,,,Made,12.0,,,,,,,,,,,,,,,,,
568,PT06M53.00S,2024-03-24T02:08:43.2Z,4,REGULAR,freethrow,2 of 2,['fromturnover'],1630184,,,1610612762,130,106,2024-03-24T02:09:07Z,5660000,False,,,0,,MISS K. Lewis Jr. Free Throw 2 of 2,[1630184],1610612762.0,UTA,,,,Lewis Jr.,K. Lewis Jr.,,,,,,,,Missed,,,,,,,,,,,,,,,,,,
569,PT06M52.00S,2024-03-24T02:08:44.2Z,4,REGULAR,rebound,defensive,[],1631466,,,1610612745,130,106,2024-03-24T02:18:43Z,5670000,False,,,0,,N. Williams REBOUND (Off:0 Def:1),[1631466],1610612745.0,HOU,,,,Williams,N. Williams,,,,,,,,,,,,,568.0,1.0,1.0,0.0,,,,,,,,,,
570,PT06M29.00S,2024-03-24T02:09:21.6Z,4,REGULAR,3pt,Jump Shot,[],201145,66.83639947437582,68.13725490196079,1610612745,130,106,2024-03-24T02:09:30Z,5680000,False,91.0,259.0,1,right,MISS J. Green 27' 3PT,[201145],1610612745.0,HOU,,,,Green,J. Green,,,,,Above the Break 3,24+ Right Center,27.46,Missed,,,,,,,,,,,,,,,,,,
571,PT06M27.00S,2024-03-24T02:09:23.6Z,4,REGULAR,rebound,defensive,[],1631117,,,1610612762,130,106,2024-03-24T02:09:30Z,5690000,False,,,0,,W. Kessler REBOUND (Off:3 Def:5),[1631117],1610612762.0,UTA,,,,Kessler,W. Kessler,,,,,Above the Break 3,24+ Right Center,,,,,,,570.0,8.0,5.0,3.0,,,,,,,,,,
572,PT06M15.00S,2024-03-24T02:09:35.4Z,4,REGULAR,2pt,Hook,['pointsinthepaint'],1631117,8.229303547963205,37.745098039215684,1610612762,130,106,2024-03-24T02:09:39Z,5700000,False,61.0,25.0,1,left,MISS W. Kessler 6' turnaround Hook,[1631117],1610612762.0,UTA,turnaround,,,Kessler,W. Kessler,,,,,In The Paint (Non-RA),0-8 Center,6.62,Missed,,,,,,,,,,,,,,,,,,
573,PT06M13.00S,2024-03-24T02:09:37.4Z,4,REGULAR,rebound,defensive,[],201145,,,1610612745,130,106,2024-03-24T02:09:39Z,5710000,False,,,0,,J. Green REBOUND (Off:0 Def:4),[201145],1610612745.0,HOU,,,,Green,J. Green,,,,,In The Paint (Non-RA),0-8 Center,,,,,,,572.0,4.0,4.0,0.0,,,,,,,,,,
574,PT06M02.00S,2024-03-24T02:09:48.6Z,4,REGULAR,2pt,Jump Shot,['pointsinthepaint'],201145,85.89027595269383,41.911764705882355,1610612745,130,106,2024-03-24T02:10:01Z,5720000,False,-40.0,80.0,1,right,MISS J. Green 8' driving floating Shot,[201145],1610612745.0,HOU,driving floating,,,Green,J. Green,,,,,In The Paint (Non-RA),8-16 Center,8.97,Missed,,,,,,,,,,,,,,,,,,
575,PT05M58.00S,2024-03-24T02:09:52.6Z,4,REGULAR,rebound,offensive,[],1641708,,,1610612745,130,106,2024-03-24T02:09:54Z,5730000,False,,,0,,A. Thompson REBOUND (Off:7 Def:3),[1641708],1610612745.0,HOU,,,,Thompson,A. Thompson,,,,,In The Paint (Non-RA),8-16 Center,,,,,,,574.0,10.0,3.0,7.0,,,,,,,,,,
576,PT05M58.00S,2024-03-24T02:09:52.3Z,4,REGULAR,2pt,Layup,"['pointsinthepaint', '2ndchance']",1641708,94.40999984741211,50.0,1610612745,132,106,2024-03-24T02:09:52Z,5740000,False,0.0,0.0,1,right,A. Thompson tip Layup (4 PTS),[1641708],1610612745.0,HOU,tip,,,Thompson,A. Thompson,,,,,Mid-Range,8-16 Left,0.0,Made,4.0,,,,,,,,,,,,,,,,,
577,PT05M39.00S,2024-03-24T02:10:10.9Z,4,REGULAR,2pt,DUNK,['pointsinthepaint'],1631117,6.1268068331143235,44.36274509803921,1610612762,132,108,2024-03-24T02:10:16Z,5750000,False,28.0,5.0,1,left,W. Kessler alley-oop DUNK (12 PTS) (C. Sexton 8 AST),"[1631117, 1629012]",1610612762.0,UTA,alley-oop,,,Kessler,W. Kessler,,,,,Restricted Area,0-8 Center,2.87,Made,12.0,C. Sexton,1629012.0,8.0,,,,,,,,,,,,,,
579,PT05M18.00S,2024-03-24T02:10:31.4Z,4,REGULAR,3pt,Jump Shot,[],1641708,85.23324572930355,2.696078431372549,1610612745,132,108,2024-03-24T02:10:48Z,5770000,False,-237.0,86.0,1,right,MISS A. Thompson 25' 3PT,[1641708],1610612745.0,HOU,,,,Thompson,A. Thompson,,,,,Left Corner 3,24+ Left,25.18,Missed,,,,,,,,,,,,,,,,,,
580,PT05M17.00S,2024-03-24T02:10:32.4Z,4,REGULAR,rebound,offensive,['team'],0,,,1610612745,132,108,2024-03-24T02:10:48Z,5780000,False,,,0,,TEAM offensive REBOUND,[],1610612745.0,HOU,,,,,,,,,,Left Corner 3,24+ Left,,,,,,,579.0,,,,,,,,,,,,,
581,PT05M17.00S,2024-03-24T02:10:43.8Z,4,REGULAR,foul,personal,[],1629012,,,1610612745,132,108,2024-03-24T02:11:04Z,5790000,False,,,0,,C. Sexton loose ball personal FOUL (1 PF),"[1629012, 1631466]",1610612762.0,UTA,loose ball,,,Sexton,C. Sexton,,,,,Mid-Range,16-24 Right Center,,,,,,,,,,,200834.0,1.0,0.0,Williams,1631466.0,,,,,
583,PT05M17.00S,2024-03-24T02:10:55.7Z,4,REGULAR,substitution,out,[],1630695,,,1610612745,132,108,2024-03-24T02:11:00Z,5810000,False,,,0,,SUB out: M. Potter,[1630695],1610612762.0,UTA,,,,Potter,M. Potter,,,,,,,,,,,,,,,,,,,,,,,,,,
584,PT05M17.00S,2024-03-24T02:10:55.7Z,4,REGULAR,substitution,in,[],1641707,,,1610612745,132,108,2024-03-24T02:11:00Z,5820000,False,,,0,,SUB in: T. Hendricks,[1641707],1610612762.0,UTA,,,,Hendricks,T. Hendricks,,,,,,,,,,,,,,,,,,,,,,,,,,
585,PT05M09.00S,2024-03-24T02:11:06.0Z,4,REGULAR,3pt,Jump Shot,['2ndchance'],201145,70.12155059132719,73.2843137254902,1610612745,132,108,2024-03-24T02:11:12Z,5830000,False,116.0,228.0,1,right,MISS J. Green 25' 3PT,[201145],1610612745.0,HOU,,,,Green,J. Green,,,,,Above the Break 3,24+ Right Center,25.64,Missed,,,,,,,,,,,,,,,,,,
586,PT05M08.00S,2024-03-24T02:11:07.0Z,4,REGULAR,rebound,defensive,[],1631117,,,1610612762,132,108,2024-03-24T02:11:12Z,5840000,False,,,0,,W. Kessler REBOUND (Off:3 Def:6),[1631117],1610612762.0,UTA,,,,Kessler,W. Kessler,,,,,Above the Break 3,24+ Right Center,,,,,,,585.0,9.0,6.0,3.0,,,,,,,,,,
587,PT04M48.00S,2024-03-24T02:11:27.4Z,4,REGULAR,2pt,Jump Shot,[],1629012,12.302890932982917,71.56862745098039,1610612762,132,108,2024-03-24T02:11:35Z,5850000,False,-108.0,63.0,1,left,MISS C. Sexton 12' fadeaway Shot,[1629012],1610612762.0,UTA,fadeaway,,,Sexton,C. Sexton,,,,,Mid-Range,8-16 Left,12.49,Missed,,,,,,,,,,,,,,,,,,
588,PT04M47.00S,2024-03-24T02:11:28.4Z,4,REGULAR,rebound,defensive,[],1631466,,,1610612745,132,108,2024-03-24T02:11:35Z,5860000,False,,,0,,N. Williams REBOUND (Off:0 Def:2),[1631466],1610612745.0,HOU,,,,Williams,N. Williams,,,,,Mid-Range,8-16 Left,,,,,,,587.0,2.0,2.0,0.0,,,,,,,,,,
589,PT04M39.00S,2024-03-24T02:11:36.2Z,4,REGULAR,2pt,Layup,['pointsinthepaint'],1631466,91.80354796320631,41.66666666666667,1610612745,132,108,2024-03-24T02:11:43Z,5870000,False,-42.0,25.0,1,right,MISS N. Williams driving Layup - blocked,"[1631466, 1631117]",1610612745.0,HOU,driving,,,Williams,N. Williams,,,,,In The Paint (Non-RA),0-8 Center,4.84,Missed,,,,,,,,,,,,,,,,,Kessler,1631117.0
590,PT04M39.00S,2024-03-24T02:11:36.2Z,4,REGULAR,block,,[],1631117,,,1610612745,132,108,2024-03-24T02:11:38Z,5880000,False,,,0,,W. Kessler BLOCK (3 BLK),[1631117],1610612762.0,UTA,,,,Kessler,W. Kessler,,,,,In The Paint (Non-RA),0-8 Center,,,,,,,,,,,,,,,,,,,,
591,PT04M36.00S,2024-03-24T02:11:39.2Z,4,REGULAR,rebound,defensive,[],1641729,,,1610612762,132,108,2024-03-24T02:11:43Z,5890000,False,,,0,,B. Sensabaugh REBOUND (Off:0 Def:4),[1641729],1610612762.0,UTA,,,,Sensabaugh,B. Sensabaugh,,,,,In The Paint (Non-RA),0-8 Center,,,,,,,589.0,4.0,4.0,0.0,,,,,,,,,,
592,PT04M32.00S,2024-03-24T02:11:42.9Z,4,REGULAR,2pt,DUNK,"['pointsinthepaint', 'fastbreak']",1641729,7.966491458607096,48.529411764705884,1610612762,132,110,2024-03-24T02:11:50Z,5900000,False,7.0,22.0,1,left,B. Sensabaugh running DUNK (13 PTS),[1641729],1610612762.0,UTA,running,,,Sensabaugh,B. Sensabaugh,,,,,Restricted Area,0-8 Center,2.36,Made,13.0,,,,,,,,,,,,,,,,,
593,PT04M06.00S,2024-03-24T02:12:12.0Z,4,REGULAR,foul,personal,['2freethrow'],1631117,,,1610612745,132,110,2024-03-24T02:12:16Z,5910000,False,,,0,,W. Kessler shooting personal FOUL (1 PF) (Green 2 FT),"[1631117, 201145]",1610612762.0,UTA,shooting,,,Kessler,W. Kessler,,,,,In The Paint (Non-RA),0-8 Center,,,,,,,,,,,1628951.0,1.0,0.0,Green,201145.0,,,,,
595,PT04M06.00S,2024-03-24T02:12:41.7Z,4,REGULAR,freethrow,1 of 2,[],201145,,,1610612745,133,110,2024-03-24T02:12:41Z,5930000,False,,,0,,J. Green Free Throw 1 of 2 (20 PTS),[201145],1610612745.0,HOU,,,,Green,J. Green,,,,,,,,Made,20.0,,,,,,,,,,,,,,,,,
596,PT04M06.00S,2024-03-24T02:12:58.7Z,4,REGULAR,freethrow,2 of 2,[],201145,,,1610612745,134,110,2024-03-24T02:12:58Z,5940000,False,,,0,,J. Green Free Throw 2 of 2 (21 PTS),[201145],1610612745.0,HOU,,,,Green,J. Green,,,,,,,,Made,21.0,,,,,,,,,,,,,,,,,
597,PT03M47.00S,2024-03-24T02:13:19.4Z,4,REGULAR,2pt,Layup,['pointsinthepaint'],1629012,7.966491458607096,44.85294117647059,1610612762,134,112,2024-03-24T02:13:23Z,5950000,False,26.0,22.0,1,left,C. Sexton Layup (20 PTS) (K. Lewis Jr. 3 AST),"[1629012, 1630184]",1610612762.0,UTA,,,,Sexton,C. Sexton,,,,,Restricted Area,0-8 Center,3.41,Made,20.0,K. Lewis Jr.,1630184.0,3.0,,,,,,,,,,,,,,
599,PT03M33.00S,2024-03-24T02:13:33.6Z,4,REGULAR,2pt,Layup,['pointsinthepaint'],1641708,90.09526938239159,54.41176470588235,1610612745,134,112,2024-03-24T02:13:38Z,5970000,False,22.0,41.0,1,right,MISS A. Thompson driving Layup,[1641708],1610612745.0,HOU,driving,,,Thompson,A. Thompson,,,,,In The Paint (Non-RA),0-8 Center,4.62,Missed,,,,,,,,,,,,,,,,,,
600,PT03M29.00S,2024-03-24T02:13:37.6Z,4,REGULAR,rebound,offensive,[],1631466,,,1610612745,134,112,2024-03-24T02:13:38Z,5980000,False,,,0,,N. Williams REBOUND (Off:1 Def:2),[1631466],1610612745.0,HOU,,,,Williams,N. Williams,,,,,In The Paint (Non-RA),0-8 Center,,,,,,,599.0,3.0,2.0,1.0,,,,,,,,,,
601,PT03M29.00S,2024-03-24T02:13:36.8Z,4,REGULAR,2pt,Layup,"['pointsinthepaint', '2ndchance']",1631466,94.40999984741211,50.0,1610612745,136,112,2024-03-24T02:13:36Z,5990000,False,0.0,0.0,1,right,N. Williams tip Layup (2 PTS),[1631466],1610612745.0,HOU,tip,,,Williams,N. Williams,,,,,Mid-Range,8-16 Left,0.0,Made,2.0,,,,,,,,,,,,,,,,,
602,PT03M19.00S,2024-03-24T02:13:47.5Z,4,REGULAR,turnover,backcourt,[],1630184,,,1610612762,136,112,2024-03-24T02:13:53Z,6000000,False,,,0,,K. Lewis Jr. backcourt TURNOVER (2 TO),[1630184],1610612762.0,UTA,,,,Lewis Jr.,K. Lewis Jr.,,,,,Above the Break 3,24+ Center,,,,,,,,,,,200834.0,,,,,2.0,,,,
603,PT03M04.00S,2024-03-24T02:14:12.7Z,4,REGULAR,3pt,Jump Shot,['fromturnover'],1628988,65.25952693823915,39.705882352941174,1610612745,139,112,2024-03-24T02:14:18Z,6010000,False,-51.0,274.0,1,right,A. Holiday 27' 3PT  (7 PTS) (A. Thompson 6 AST),"[1628988, 1641708]",1610612745.0,HOU,,,,Holiday,A. Holiday,,,,,Above the Break 3,24+ Center,27.89,Made,7.0,A. Thompson,1641708.0,6.0,,,,,,,,,,,,,,
605,PT03M03.00S,2024-03-24T02:14:20.7Z,4,REGULAR,timeout,full,"['team', 'mandatory']",0,,,1610612762,139,112,2024-03-24T02:14:20Z,6030000,False,,,0,,UTA Timeout,[],1610612762.0,UTA,,,,,,,,,,,,,,,,,,,,,,,,,,,,,,,
607,PT03M03.00S,2024-03-24T02:15:51.6Z,4,REGULAR,substitution,out,[],1641708,,,1610612762,139,112,2024-03-24T02:17:11Z,6050000,False,,,0,,SUB out: A. Thompson,[1641708],1610612745.0,HOU,,,,Thompson,A. Thompson,,,,,,,,,,,,,,,,,,,,,,,,,,
608,PT03M03.00S,2024-03-24T02:15:51.6Z,4,REGULAR,substitution,out,[],201145,,,1610612762,139,112,2024-03-24T02:17:11Z,6060000,False,,,0,,SUB out: J. Green,[201145],1610612745.0,HOU,,,,Green,J. Green,,,,,,,,,,,,,,,,,,,,,,,,,,
609,PT03M03.00S,2024-03-24T02:15:51.6Z,4,REGULAR,substitution,out,[],1629012,,,1610612762,139,112,2024-03-24T02:17:11Z,6070000,False,,,0,,SUB out: C. Sexton,[1629012],1610612762.0,UTA,,,,Sexton,C. Sexton,,,,,,,,,,,,,,,,,,,,,,,,,,
610,PT03M03.00S,2024-03-24T02:15:51.6Z,4,REGULAR,substitution,in,[],1626246,,,1610612762,139,112,2024-03-24T02:17:11Z,6080000,False,,,0,,SUB in: B. Marjanovic,[1626246],1610612745.0,HOU,,,,Marjanovic,B. Marjanovic,,,,,,,,,,,,,,,,,,,,,,,,,,
611,PT03M03.00S,2024-03-24T02:15:51.6Z,4,REGULAR,substitution,in,[],1630256,,,1610612762,139,112,2024-03-24T02:17:11Z,6090000,False,,,0,,SUB in: J. Tate,[1630256],1610612745.0,HOU,,,,Tate,J. Tate,,,,,,,,,,,,,,,,,,,,,,,,,,
612,PT03M03.00S,2024-03-24T02:15:51.6Z,4,REGULAR,substitution,in,[],1641718,,,1610612762,139,112,2024-03-24T02:17:11Z,6100000,False,,,0,,SUB in: K. George,[1641718],1610612762.0,UTA,,,,George,K. George,,,,,,,,,,,,,,,,,,,,,,,,,,
613,PT02M48.00S,2024-03-24T02:17:27.2Z,4,REGULAR,3pt,Jump Shot,[],1641718,29.517082785808146,72.79411764705883,1610612762,139,115,2024-03-24T02:17:37Z,6110000,False,-114.0,225.0,1,left,K. George 25' 3PT step back (14 PTS) (W. Kessler 1 AST),"[1641718, 1631117]",1610612762.0,UTA,step back,,,George,K. George,,,,,Above the Break 3,24+ Left Center,25.22,Made,14.0,W. Kessler,1631117.0,1.0,,,,,,,,,,,,,,
615,PT02M48.00S,2024-03-24T02:17:32.0Z,4,REGULAR,foul,personal,"['inpenalty', '1freethrow']",1631466,,,1610612762,139,115,2024-03-24T02:17:39Z,6130000,False,,,0,,N. Williams shooting personal FOUL (1 PF) (George 1 FT),"[1631466, 1641718]",1610612745.0,HOU,shooting,,,Williams,N. Williams,,,,,Above the Break 3,24+ Left Center,,,,,,,,,,,1628480.0,1.0,0.0,George,1641718.0,,,,,
617,PT02M48.00S,2024-03-24T02:17:59.8Z,4,REGULAR,freethrow,1 of 1,[],1641718,,,1610612762,139,116,2024-03-24T02:17:59Z,6150000,False,,,0,,K. George Free Throw 1 of 1 (15 PTS),[1641718],1610612762.0,UTA,,,,George,K. George,,,,,,,,Made,15.0,,,,,,,,,,,,,,,,,
619,PT02M28.00S,2024-03-24T02:18:22.0Z,4,REGULAR,3pt,Jump Shot,[],203493,92.72339027595268,2.696078431372549,1610612745,142,116,2024-03-24T02:18:26Z,6170000,False,-237.0,16.0,1,right,R. Bullock Jr. 3PT  (6 PTS) (A. Holiday 2 AST),"[203493, 1628988]",1610612745.0,HOU,,,,Bullock Jr.,R. Bullock Jr.,,,,,Left Corner 3,24+ Left,23.7,Made,6.0,A. Holiday,1628988.0,2.0,,,,,,,,,,,,,,
621,PT02M13.00S,2024-03-24T02:18:36.1Z,4,REGULAR,2pt,Jump Shot,[],1641729,21.23850197109067,52.94117647058824,1610612762,142,116,2024-03-24T02:18:49Z,6190000,False,-15.0,147.0,1,left,MISS B. Sensabaugh 14' pullup Shot,[1641729],1610612762.0,UTA,pullup,,,Sensabaugh,B. Sensabaugh,,,,,Mid-Range,8-16 Center,14.78,Missed,,,,,,,,,,,,,,,,,,
622,PT02M11.00S,2024-03-24T02:18:39.1Z,4,REGULAR,rebound,defensive,[],203493,,,1610612745,142,116,2024-03-24T02:18:39Z,6200000,False,,,0,,R. Bullock Jr. REBOUND (Off:1 Def:6),[203493],1610612745.0,HOU,,,,Bullock Jr.,R. Bullock Jr.,,,,,Mid-Range,8-16 Center,,,,,,,621.0,7.0,6.0,1.0,,,,,,,,,,
623,PT02M02.00S,2024-03-24T02:18:48.2Z,4,REGULAR,3pt,Jump Shot,[],203493,91.93495400788436,94.85294117647058,1610612745,142,116,2024-03-24T02:18:52Z,6210000,False,224.0,23.0,1,right,MISS R. Bullock Jr. 3PT,[203493],1610612745.0,HOU,,,,Bullock Jr.,R. Bullock Jr.,,,,,Right Corner 3,24+ Right,22.55,Missed,,,,,,,,,,,,,,,,,,
624,PT01M59.00S,2024-03-24T02:18:51.2Z,4,REGULAR,rebound,defensive,[],1630184,,,1610612762,142,116,2024-03-24T02:18:52Z,6220000,False,,,0,,K. Lewis Jr. REBOUND (Off:1 Def:4),[1630184],1610612762.0,UTA,,,,Lewis Jr.,K. Lewis Jr.,,,,,Right Corner 3,24+ Right,,,,,,,623.0,5.0,4.0,1.0,,,,,,,,,,
625,PT01M46.00S,2024-03-24T02:19:03.2Z,4,REGULAR,turnover,bad pass,[],1641718,,,1610612762,142,116,2024-03-24T02:19:07Z,6230000,False,,,0,,K. George bad pass TURNOVER (2 TO),"[1641718, 1631466]",1610612762.0,UTA,,,,George,K. George,,,,,Above the Break 3,24+ Left Center,,,,,,,,,,,,,,,,2.0,Williams,1631466.0,,
626,PT01M46.00S,2024-03-24T02:19:03.2Z,4,REGULAR,steal,,[],1631466,,,1610612745,142,116,2024-03-24T02:19:05Z,6240000,False,,,0,,N. Williams STEAL (1 STL),[1631466],1610612745.0,HOU,,,,Williams,N. Williams,,,,,Above the Break 3,24+ Left Center,,,,,,,,,,,,,,,,,,,,
627,PT01M43.00S,2024-03-24T02:19:07.6Z,4,REGULAR,2pt,DUNK,"['pointsinthepaint', 'fromturnover', 'fastbreak']",1631466,92.19776609724047,52.94117647058824,1610612745,144,116,2024-03-24T02:19:16Z,6250000,False,15.0,21.0,1,right,N. Williams running DUNK (4 PTS),[1631466],1610612745.0,HOU,running,,,Williams,N. Williams,,,,,Restricted Area,0-8 Center,2.55,Made,4.0,,,,,,,,,,,,,,,,,
628,PT01M29.00S,2024-03-24T02:19:25.0Z,4,REGULAR,2pt,Jump Shot,[],1630184,21.369908015768726,44.11764705882353,1610612762,144,116,2024-03-24T02:21:56Z,6260000,False,29.0,148.0,1,left,MISS K. Lewis Jr. 15' fadeaway Shot,[1630184],1610612762.0,UTA,fadeaway,,,Lewis Jr.,K. Lewis Jr.,,,,,Mid-Range,8-16 Center,15.13,Missed,,,,,,,,,,,,,,,,,,
629,PT01M27.00S,2024-03-24T02:19:27.0Z,4,REGULAR,rebound,defensive,[],1626246,,,1610612745,144,116,2024-03-24T02:19:30Z,6270000,False,,,0,,B. Marjanovic REBOUND (Off:0 Def:1),[1626246],1610612745.0,HOU,,,,Marjanovic,B. Marjanovic,,,,,Mid-Range,8-16 Center,,,,,,,628.0,1.0,1.0,0.0,,,,,,,,,,
630,PT01M09.00S,2024-03-24T02:19:45.2Z,4,REGULAR,2pt,Hook,['pointsinthepaint'],1626246,84.57621550591328,47.30392156862745,1610612745,144,116,2024-03-24T02:19:50Z,6280000,False,-13.0,92.0,1,right,MISS B. Marjanovic 9' driving Hook,[1626246],1610612745.0,HOU,driving,,,Marjanovic,B. Marjanovic,,,,,In The Paint (Non-RA),8-16 Center,9.35,Missed,,,,,,,,,,,,,,,,,,
631,PT01M07.00S,2024-03-24T02:19:47.2Z,4,REGULAR,rebound,defensive,[],1641707,,,1610612762,144,116,2024-03-24T02:19:50Z,6290000,False,,,0,,T. Hendricks REBOUND (Off:1 Def:5),[1641707],1610612762.0,UTA,,,,Hendricks,T. Hendricks,,,,,In The Paint (Non-RA),8-16 Center,,,,,,,630.0,6.0,5.0,1.0,,,,,,,,,,
632,PT01M01.00S,2024-03-24T02:19:53.3Z,4,REGULAR,3pt,Jump Shot,[],1641729,6.258212877792378,1.4705882352941175,1610612762,144,119,2024-03-24T02:20:00Z,6300000,False,243.0,6.0,1,left,B. Sensabaugh 24' 3PT  (16 PTS) (K. Lewis Jr. 4 AST),"[1641729, 1630184]",1610612762.0,UTA,,,,Sensabaugh,B. Sensabaugh,,,,,Right Corner 3,24+ Right,24.27,Made,16.0,K. Lewis Jr.,1630184.0,4.0,,,,,,,,,,,,,,
634,PT00M45.10S,2024-03-24T02:20:14.6Z,4,REGULAR,3pt,Jump Shot,[],1630256,90.88370565045992,2.696078431372549,1610612745,147,119,2024-03-24T02:20:21Z,6320000,False,-237.0,33.0,1,right,J. Tate 3PT  (7 PTS) (A. Holiday 3 AST),"[1630256, 1628988]",1610612745.0,HOU,,,,Tate,J. Tate,,,,,Left Corner 3,24+ Left,23.88,Made,7.0,A. Holiday,1628988.0,3.0,,,,,,,,,,,,,,
636,PT00M23.70S,2024-03-24T02:20:39.8Z,4,REGULAR,3pt,Jump Shot,[],1641729,30.56833114323259,73.52941176470588,1610612762,147,119,2024-03-24T02:20:44Z,6340000,False,-118.0,235.0,1,left,MISS B. Sensabaugh 26' 3PT,[1641729],1610612762.0,UTA,,,,Sensabaugh,B. Sensabaugh,,,,,Above the Break 3,24+ Left Center,26.26,Missed,,,,,,,,,,,,,,,,,,
637,PT00M20.70S,2024-03-24T02:20:42.8Z,4,REGULAR,rebound,defensive,[],1630256,,,1610612745,147,119,2024-03-24T02:20:44Z,6350000,False,,,0,,J. Tate REBOUND (Off:0 Def:3),[1630256],1610612745.0,HOU,,,,Tate,J. Tate,,,,,Above the Break 3,24+ Left Center,,,,,,,636.0,3.0,3.0,0.0,,,,,,,,,,
638,PT00M00.00S,2024-03-24T02:21:24.9Z,4,REGULAR,period,end,[],0,,,1610612745,147,119,2024-03-24T02:21:24Z,6360000,False,,,0,,Period End,[],,,,,,,,,,,,,,,,,,,,,,,,,,,,,,,,,
639,PT00M00.00S,2024-03-24T02:21:30.9Z,4,REGULAR,game,end,[],0,,,0,147,119,2024-03-24T02:21:31Z,6370000,False,,,0,,Game End,[],,,,,,,,,,,,,,,,,,,,,,,,,,,,,,,,,
