actionNumber,clock,timeActual,period,periodType,actionType,subType,qualifiers,personId,x,y,possession,scoreHome,scoreAway,edited,orderNumber,isTargetScoreLastPeriod,xLegacy,yLegacy,isFieldGoal,side,description,personIdsFilter,teamId,teamTricode,descriptor,jumpBallRecoveredName,jumpBallRecoverdPersonId,playerName,playerNameI,jumpBallWonPlayerName,jumpBallWonPersonId,jumpBallLostPlayerName,jumpBallLostPersonId,area,areaDetail,shotDistance,shotResult,shotActionNumber,reboundTotal,reboundDefensiveTotal,reboundOffensiveTotal,pointsTotal,assistPlayerNameInitial,assistPersonId,assistTotal,officialId,foulPersonalTotal,foulTechnicalTotal,foulDrawnPlayerName,foulDrawnPersonId,turnoverTotal,stealPlayerName,stealPersonId,blockPlayerName,blockPersonId
2,PT12M00.00S,2024-12-03T01:10:58.5Z,1,REGULAR,period,start,[],0,,,0,0,0,2024-12-03T01:10:58Z,20000,False,,,0,,Period Start,[],,,,,,,,,,,,,,,,,,,,,,,,,,,,,,,,,
4,PT11M58.00S,2024-12-03T01:10:59.6Z,1,REGULAR,jumpball,recovered,[],203944,,,1610612750,0,0,2024-12-03T01:10:59Z,40000,False,,,0,,Jump Ball R. Gobert vs. A. Davis: Tip to J. Randle,"[203944, 203497, 203076]",1610612750.0,MIN,startperiod,J. Randle,203944.0,Randle,J. Randle,Gobert,203497.0,Davis,203076.0,,,,,,,,,,,,,,,,,,,,,,
7,PT11M37.00S,2024-12-03T01:11:21.1Z,1,REGULAR,2pt,Jump Shot,[],203944,3.892904073587385,23.52941176470588,1610612750,0,0,2024-12-03T01:11:27Z,70000,False,132.0,-16.0,1,left,MISS J. Randle 13' fadeaway Shot,[203944],1610612750.0,MIN,fadeaway,,,Randle,J. Randle,,,,,Mid-Range,8-16 Right,13.34,Missed,,,,,,,,,,,,,,,,,,
8,PT11M34.00S,2024-12-03T01:11:24.1Z,1,REGULAR,rebound,defensive,[],203076,,,1610612747,0,0,2024-12-03T01:11:27Z,80000,False,,,0,,A. Davis REBOUND (Off:0 Def:1),[203076],1610612747.0,LAL,,,,Davis,A. Davis,,,,,Mid-Range,8-16 Right,,,7.0,1.0,1.0,0.0,,,,,,,,,,,,,,
9,PT11M17.00S,2024-12-03T01:11:40.8Z,1,REGULAR,2pt,Jump Shot,['pointsinthepaint'],2544,88.91261498028909,45.83333333333333,1610612747,0,0,2024-12-03T01:11:46Z,90000,False,-21.0,52.0,1,right,MISS L. James driving floating Shot,[2544],1610612747.0,LAL,driving floating,,,James,L. James,,,,,In The Paint (Non-RA),0-8 Center,5.57,Missed,,,,,,,,,,,,,,,,,,
10,PT11M15.00S,2024-12-03T01:11:42.8Z,1,REGULAR,rebound,defensive,[],203944,,,1610612750,0,0,2024-12-03T01:11:46Z,100000,False,,,0,,J. Randle REBOUND (Off:0 Def:1),[203944],1610612750.0,MIN,,,,Randle,J. Randle,,,,,In The Paint (Non-RA),0-8 Center,,,9.0,1.0,1.0,0.0,,,,,,,,,,,,,,
11,PT11M10.00S,2024-12-03T01:11:47.6Z,1,REGULAR,2pt,Layup,"['pointsinthepaint', 'fastbreak']",1630162,7.835085413929041,47.549019607843135,1610612750,2,0,2024-12-03T01:11:56Z,110000,False,12.0,21.0,1,left,A. Edwards running finger roll Layup (2 PTS) (M. Conley 1 AST),"[1630162, 201144]",1610612750.0,MIN,running finger roll,,,Edwards,A. Edwards,,,,,Restricted Area,0-8 Center,2.44,Made,,,,,2.0,M. Conley,201144.0,1.0,,,,,,,,,,
13,PT10M51.00S,2024-12-03T01:12:06.0Z,1,REGULAR,2pt,Jump Shot,['pointsinthepaint'],1626156,85.80814717477004,57.13082107843137,1610612747,2,0,2024-12-03T01:27:05Z,130000,False,36.0,81.0,1,right,MISS D. Russell 8' fadeaway Shot,[1626156],1610612747.0,LAL,fadeaway,,,Russell,D. Russell,,,,,In The Paint (Non-RA),8-16 Center,8.84,Missed,,,,,,,,,,,,,,,,,,
14,PT10M48.00S,2024-12-03T01:12:09.0Z,1,REGULAR,rebound,defensive,[],1630162,,,1610612750,2,0,2024-12-03T01:12:22Z,140000,False,,,0,,A. Edwards REBOUND (Off:0 Def:1),[1630162],1610612750.0,MIN,,,,Edwards,A. Edwards,,,,,In The Paint (Non-RA),8-16 Center,,,13.0,1.0,1.0,0.0,,,,,,,,,,,,,,
15,PT10M34.00S,2024-12-03T01:12:23.3Z,1,REGULAR,2pt,Jump Shot,['pointsinthepaint'],1630183,13.61695137976347,60.29411764705882,1610612750,2,0,2024-12-03T01:12:41Z,150000,False,-51.0,75.0,1,left,MISS J. McDaniels 9' pullup Shot,[1630183],1610612750.0,MIN,pullup,,,McDaniels,J. McDaniels,,,,,In The Paint (Non-RA),8-16 Left,9.14,Missed,,,,,,,,,,,,,,,,,,
16,PT10M33.00S,2024-12-03T01:12:24.3Z,1,REGULAR,rebound,defensive,['team'],0,,,1610612747,2,0,2024-12-03T01:12:30Z,160000,False,,,0,,TEAM defensive REBOUND,[],1610612747.0,LAL,,,,,,,,,,In The Paint (Non-RA),8-16 Left,,,15.0,,,,,,,,,,,,,,,,,
18,PT10M18.00S,2024-12-03T01:12:45.8Z,1,REGULAR,3pt,Jump Shot,[],2544,84.62549277266754,94.63082107843137,1610612747,2,0,2024-12-03T01:12:51Z,180000,False,223.0,92.0,1,right,MISS L. James 24' 3PT,[2544],1610612747.0,LAL,,,,James,L. James,,,,,Above the Break 3,24+ Right,24.14,Missed,,,,,,,,,,,,,,,,,,
19,PT10M15.00S,2024-12-03T01:12:48.8Z,1,REGULAR,rebound,offensive,[],1629060,,,1610612747,2,0,2024-12-03T01:12:51Z,190000,False,,,0,,R. Hachimura REBOUND (Off:1 Def:0),[1629060],1610612747.0,LAL,,,,Hachimura,R. Hachimura,,,,,Above the Break 3,24+ Right,,,18.0,1.0,0.0,1.0,,,,,,,,,,,,,,
20,PT10M13.00S,2024-12-03T01:12:51.2Z,1,REGULAR,2pt,DUNK,"['pointsinthepaint', '2ndchance']",2544,92.85479632063075,51.470588235294116,1610612747,2,2,2024-12-03T01:12:56Z,200000,False,7.0,15.0,1,right,L. James alley-oop DUNK (2 PTS) (R. Hachimura 1 AST),"[2544, 1629060]",1610612747.0,LAL,alley-oop,,,James,L. James,,,,,Restricted Area,0-8 Center,1.65,Made,,,,,2.0,R. Hachimura,1629060.0,1.0,,,,,,,,,,
22,PT10M03.00S,2024-12-03T01:13:03.7Z,1,REGULAR,foul,personal,[],1626156,,,1610612750,2,2,2024-12-03T01:13:11Z,220000,False,,,0,,D. Russell personal FOUL (1 PF),"[1626156, 201144]",1610612747.0,LAL,,,,Russell,D. Russell,,,,,Above the Break 3,24+ Center,,,,,,,,,,,2534.0,1.0,0.0,Conley,201144.0,,,,,
24,PT09M50.00S,2024-12-03T01:13:34.4Z,1,REGULAR,2pt,Jump Shot,[],1630162,8.886333771353483,71.56862745098039,1610612750,2,2,2024-12-03T01:13:39Z,240000,False,-108.0,31.0,1,left,MISS A. Edwards 11' turnaround fadeaway Shot,[1630162],1610612750.0,MIN,turnaround fadeaway,,,Edwards,A. Edwards,,,,,Mid-Range,8-16 Left,11.22,Missed,,,,,,,,,,,,,,,,,,
25,PT09M48.00S,2024-12-03T01:13:36.4Z,1,REGULAR,rebound,defensive,[],1626156,,,1610612747,2,2,2024-12-03T01:13:39Z,250000,False,,,0,,D. Russell REBOUND (Off:0 Def:1),[1626156],1610612747.0,LAL,,,,Russell,D. Russell,,,,,Mid-Range,8-16 Left,,,24.0,1.0,1.0,0.0,,,,,,,,,,,,,,
26,PT09M34.00S,2024-12-03T01:13:53.6Z,1,REGULAR,foul,personal,['2freethrow'],203497,,,1610612747,2,2,2024-12-03T01:13:58Z,260000,False,,,0,,R. Gobert shooting personal FOUL (1 PF) (Davis 2 FT),"[203497, 203076]",1610612750.0,MIN,shooting,,,Gobert,R. Gobert,,,,,In The Paint (Non-RA),0-8 Center,,,,,,,,,,,2534.0,1.0,0.0,Davis,203076.0,,,,,
28,PT09M34.00S,2024-12-03T01:14:23.7Z,1,REGULAR,freethrow,1 of 2,[],203076,,,1610612747,2,3,2024-12-03T01:14:23Z,280000,False,,,0,,A. Davis Free Throw 1 of 2 (1 PTS),[203076],1610612747.0,LAL,,,,Davis,A. Davis,,,,,,,,Made,,,,,1.0,,,,,,,,,,,,,
29,PT09M34.00S,2024-12-03T01:14:43.3Z,1,REGULAR,freethrow,2 of 2,[],203076,,,1610612747,2,4,2024-12-03T01:14:43Z,290000,False,,,0,,A. Davis Free Throw 2 of 2 (2 PTS),[203076],1610612747.0,LAL,,,,Davis,A. Davis,,,,,,,,Made,,,,,2.0,,,,,,,,,,,,,
30,PT09M19.00S,2024-12-03T01:14:59.9Z,1,REGULAR,3pt,Jump Shot,[],203944,30.042706964520367,32.84313725490196,1610612750,5,4,2024-12-03T01:15:07Z,300000,False,86.0,230.0,1,left,J. Randle 24' 3PT  (3 PTS) (A. Edwards 1 AST),"[203944, 1630162]",1610612750.0,MIN,,,,Randle,J. Randle,,,,,Above the Break 3,24+ Right Center,24.54,Made,,,,,3.0,A. Edwards,1630162.0,1.0,,,,,,,,,,
32,PT09M03.00S,2024-12-03T01:15:15.5Z,1,REGULAR,2pt,Layup,['pointsinthepaint'],1626156,92.32917214191852,48.28431372549019,1610612747,5,6,2024-12-03T01:15:19Z,320000,False,-9.0,20.0,1,right,D. Russell cutting finger roll Layup (2 PTS) (A. Davis 1 AST),"[1626156, 203076]",1610612747.0,LAL,cutting finger roll,,,Russell,D. Russell,,,,,Restricted Area,0-8 Center,2.14,Made,,,,,2.0,A. Davis,203076.0,1.0,,,,,,,,,,
34,PT08M43.00S,2024-12-03T01:15:35.4Z,1,REGULAR,3pt,Jump Shot,[],201144,8.754927726675426,96.07843137254902,1610612750,5,6,2024-12-03T01:15:40Z,340000,False,-230.0,30.0,1,left,MISS M. Conley step back 3PT,[201144],1610612750.0,MIN,step back,,,Conley,M. Conley,,,,,Left Corner 3,24+ Left,23.23,Missed,,,,,,,,,,,,,,,,,,
35,PT08M40.00S,2024-12-03T01:15:38.4Z,1,REGULAR,rebound,defensive,[],2544,,,1610612747,5,6,2024-12-03T01:15:40Z,350000,False,,,0,,L. James REBOUND (Off:0 Def:1),[2544],1610612747.0,LAL,,,,James,L. James,,,,,Left Corner 3,24+ Left,,,34.0,1.0,1.0,0.0,,,,,,,,,,,,,,
36,PT08M30.00S,2024-12-03T01:15:49.0Z,1,REGULAR,3pt,Jump Shot,[],203076,72.61826544021025,19.362745098039216,1610612747,5,6,2024-12-03T01:15:53Z,360000,False,-153.0,205.0,1,right,MISS A. Davis 25' 3PT,[203076],1610612747.0,LAL,,,,Davis,A. Davis,,,,,Above the Break 3,24+ Left Center,25.58,Missed,,,,,,,,,,,,,,,,,,
37,PT08M27.00S,2024-12-03T01:15:52.0Z,1,REGULAR,rebound,defensive,[],203497,,,1610612750,5,6,2024-12-03T01:15:53Z,370000,False,,,0,,R. Gobert REBOUND (Off:0 Def:1),[203497],1610612750.0,MIN,,,,Gobert,R. Gobert,,,,,Above the Break 3,24+ Left Center,,,36.0,1.0,1.0,0.0,,,,,,,,,,,,,,
38,PT08M19.00S,2024-12-03T01:15:59.8Z,1,REGULAR,3pt,Jump Shot,[],1630162,31.09395532194481,66.42156862745098,1610612750,5,6,2024-12-03T01:16:04Z,380000,False,-82.0,240.0,1,left,MISS A. Edwards 25' step back 3PT,[1630162],1610612750.0,MIN,step back,,,Edwards,A. Edwards,,,,,Above the Break 3,24+ Left Center,25.35,Missed,,,,,,,,,,,,,,,,,,
39,PT08M16.00S,2024-12-03T01:16:02.8Z,1,REGULAR,rebound,defensive,[],1642261,,,1610612747,5,6,2024-12-03T01:16:04Z,390000,False,,,0,,D. Knecht REBOUND (Off:0 Def:1),[1642261],1610612747.0,LAL,,,,Knecht,D. Knecht,,,,,Above the Break 3,24+ Left Center,,,38.0,1.0,1.0,0.0,,,,,,,,,,,,,,
40,PT08M08.00S,2024-12-03T01:16:09.6Z,1,REGULAR,3pt,Jump Shot,[],1626156,68.9388961892247,35.049019607843135,1610612747,5,9,2024-12-03T01:16:15Z,400000,False,-75.0,239.0,1,right,D. Russell 25' 3PT  (5 PTS) (L. James 1 AST),"[1626156, 2544]",1610612747.0,LAL,,,,Russell,D. Russell,,,,,Above the Break 3,24+ Center,25.09,Made,,,,,5.0,L. James,2544.0,1.0,,,,,,,,,,
42,PT07M55.00S,2024-12-03T01:16:23.6Z,1,REGULAR,2pt,Jump Shot,['pointsinthepaint'],203944,19.267411300919843,50.73529411764706,1610612750,5,9,2024-12-03T01:16:29Z,420000,False,-4.0,129.0,1,left,MISS J. Randle 12' step back Shot,[203944],1610612750.0,MIN,step back,,,Randle,J. Randle,,,,,In The Paint (Non-RA),8-16 Center,12.87,Missed,,,,,,,,,,,,,,,,,,
43,PT07M52.00S,2024-12-03T01:16:26.1Z,1,REGULAR,rebound,offensive,[],203497,,,1610612750,5,9,2024-12-03T01:16:26Z,430000,False,,,0,,R. Gobert REBOUND (Off:1 Def:1),[203497],1610612750.0,MIN,,,,Gobert,R. Gobert,,,,,In The Paint (Non-RA),8-16 Center,,,42.0,2.0,1.0,1.0,,,,,,,,,,,,,,
44,PT07M50.00S,2024-12-03T01:16:27.8Z,1,REGULAR,2pt,Layup,"['pointsinthepaint', '2ndchance']",203497,6.521024967148489,50.245098039215684,1610612750,7,9,2024-12-03T01:16:33Z,440000,False,-1.0,9.0,1,left,R. Gobert putback Layup (2 PTS),[203497],1610612750.0,MIN,putback,,,Gobert,R. Gobert,,,,,Restricted Area,0-8 Center,0.89,Made,,,,,2.0,,,,,,,,,,,,,
45,PT07M43.00S,2024-12-03T01:16:35.3Z,1,REGULAR,2pt,Layup,['pointsinthepaint'],203076,93.38042049934296,52.450980392156865,1610612747,7,9,2024-12-03T01:17:17Z,450000,False,12.0,10.0,1,right,MISS A. Davis driving Layup,[203076],1610612747.0,LAL,driving,,,Davis,A. Davis,,,,,Restricted Area,0-8 Center,1.57,Missed,,,,,,,,,,,,,,,,,,
47,PT07M41.00S,2024-12-03T01:16:37.3Z,1,REGULAR,rebound,defensive,[],203944,,,1610612750,7,9,2024-12-03T01:16:39Z,470000,False,,,0,,J. Randle REBOUND (Off:0 Def:2),[203944],1610612750.0,MIN,,,,Randle,J. Randle,,,,,Restricted Area,0-8 Center,,,45.0,2.0,2.0,0.0,,,,,,,,,,,,,,
49,PT07M36.00S,2024-12-03T01:17:04.2Z,1,REGULAR,turnover,bad pass,[],201144,,,1610612750,7,9,2024-12-03T01:17:14Z,490000,False,,,0,,M. Conley bad pass TURNOVER (1 TO),"[201144, 1629060]",1610612750.0,MIN,,,,Conley,M. Conley,,,,,Mid-Range,16-24 Left Center,,,,,,,,,,,,,,,,1.0,Hachimura,1629060.0,,
50,PT07M36.00S,2024-12-03T01:17:04.2Z,1,REGULAR,steal,,[],1629060,,,1610612747,7,9,2024-12-03T01:17:06Z,500000,False,,,0,,R. Hachimura STEAL (1 STL),[1629060],1610612747.0,LAL,,,,Hachimura,R. Hachimura,,,,,Mid-Range,16-24 Left Center,,,,,,,,,,,,,,,,,,,,
51,PT07M30.00S,2024-12-03T01:17:09.4Z,1,REGULAR,3pt,Jump Shot,"['fastbreak', 'fromturnover']",1642261,94.03745072273325,5.392156862745098,1610612747,7,9,2024-12-03T01:18:39Z,510000,False,-223.0,4.0,1,right,MISS D. Knecht running 3PT,[1642261],1610612747.0,LAL,running,,,Knecht,D. Knecht,,,,,Left Corner 3,24+ Left,22.3,Missed,,,,,,,,,,,,,,,,,,
52,PT07M29.00S,2024-12-03T01:17:10.4Z,1,REGULAR,rebound,defensive,[],201144,,,1610612750,7,9,2024-12-03T01:17:21Z,520000,False,,,0,,M. Conley REBOUND (Off:0 Def:1),[201144],1610612750.0,MIN,,,,Conley,M. Conley,,,,,Left Corner 3,24+ Left,,,51.0,1.0,1.0,0.0,,,,,,,,,,,,,,
53,PT07M09.00S,2024-12-03T01:17:31.8Z,1,REGULAR,3pt,Jump Shot,[],201144,27.414586070959263,22.30392156862745,1610612750,10,9,2024-12-03T01:17:38Z,530000,False,138.0,205.0,1,left,M. Conley 24' 3PT  (3 PTS) (J. Randle 1 AST),"[201144, 203944]",1610612750.0,MIN,,,,Conley,M. Conley,,,,,Above the Break 3,24+ Right Center,24.76,Made,,,,,3.0,J. Randle,203944.0,1.0,,,,,,,,,,
55,PT06M50.00S,2024-12-03T01:17:50.5Z,1,REGULAR,turnover,bad pass,[],1626156,,,1610612747,10,9,2024-12-03T01:17:58Z,550000,False,,,0,,D. Russell bad pass TURNOVER (1 TO),"[1626156, 203944]",1610612747.0,LAL,,,,Russell,D. Russell,,,,,Above the Break 3,24+ Center,,,,,,,,,,,,,,,,1.0,Randle,203944.0,,
56,PT06M50.00S,2024-12-03T01:17:50.5Z,1,REGULAR,steal,,[],203944,,,1610612750,10,9,2024-12-03T01:17:51Z,560000,False,,,0,,J. Randle STEAL (1 STL),[203944],1610612750.0,MIN,,,,Randle,J. Randle,,,,,Above the Break 3,24+ Center,,,,,,,,,,,,,,,,,,,,
57,PT06M45.00S,2024-12-03T01:17:55.4Z,1,REGULAR,2pt,DUNK,"['pointsinthepaint', 'fromturnover', 'fastbreak']",203497,6.1268068331143235,50.73529411764706,1610612750,12,9,2024-12-03T01:18:03Z,570000,False,-4.0,5.0,1,left,R. Gobert running DUNK (4 PTS) (J. Randle 2 AST),"[203497, 203944]",1610612750.0,MIN,running,,,Gobert,R. Gobert,,,,,Restricted Area,0-8 Center,0.63,Made,,,,,4.0,J. Randle,203944.0,2.0,,,,,,,,,,
59,PT06M23.00S,2024-12-03T01:18:16.4Z,1,REGULAR,3pt,Jump Shot,[],1642261,95.0886990801577,3.9215686274509802,1610612747,12,9,2024-12-03T01:18:21Z,590000,False,-230.0,-6.0,1,right,MISS D. Knecht 3PT,[1642261],1610612747.0,LAL,,,,Knecht,D. Knecht,,,,,Left Corner 3,24+ Left,23.05,Missed,,,,,,,,,,,,,,,,,,
60,PT06M20.00S,2024-12-03T01:18:19.4Z,1,REGULAR,rebound,defensive,[],1630162,,,1610612750,12,9,2024-12-03T01:18:21Z,600000,False,,,0,,A. Edwards REBOUND (Off:0 Def:2),[1630162],1610612750.0,MIN,,,,Edwards,A. Edwards,,,,,Left Corner 3,24+ Left,,,59.0,2.0,2.0,0.0,,,,,,,,,,,,,,
61,PT06M09.00S,2024-12-03T01:18:31.0Z,1,REGULAR,2pt,Jump Shot,['pointsinthepaint'],1630162,10.988830486202366,52.20588235294118,1610612750,12,9,2024-12-03T01:18:38Z,610000,False,-11.0,51.0,1,left,MISS A. Edwards driving floating Shot - blocked,"[1630162, 203076]",1610612750.0,MIN,driving floating,,,Edwards,A. Edwards,,,,,In The Paint (Non-RA),0-8 Center,5.2,Missed,,,,,,,,,,,,,,,,,Davis,203076.0
62,PT06M09.00S,2024-12-03T01:18:31.0Z,1,REGULAR,block,,[],203076,,,1610612750,12,9,2024-12-03T01:18:32Z,620000,False,,,0,,A. Davis BLOCK (1 BLK),[203076],1610612747.0,LAL,,,,Davis,A. Davis,,,,,In The Paint (Non-RA),0-8 Center,,,,,,,,,,,,,,,,,,,,
63,PT06M07.00S,2024-12-03T01:18:33.0Z,1,REGULAR,rebound,defensive,[],203076,,,1610612747,12,9,2024-12-03T01:18:38Z,630000,False,,,0,,A. Davis REBOUND (Off:0 Def:2),[203076],1610612747.0,LAL,,,,Davis,A. Davis,,,,,In The Paint (Non-RA),0-8 Center,,,61.0,2.0,2.0,0.0,,,,,,,,,,,,,,
64,PT05M59.00S,2024-12-03T01:18:40.6Z,1,REGULAR,turnover,bad pass,[],1629060,,,1610612747,12,9,2024-12-03T01:18:46Z,640000,False,,,0,,R. Hachimura bad pass TURNOVER (1 TO),"[1629060, 1630162]",1610612747.0,LAL,,,,Hachimura,R. Hachimura,,,,,Mid-Range,16-24 Right Center,,,,,,,,,,,,,,,,1.0,Edwards,1630162.0,,
65,PT05M59.00S,2024-12-03T01:18:40.6Z,1,REGULAR,steal,,[],1630162,,,1610612750,12,9,2024-12-03T01:18:43Z,650000,False,,,0,,A. Edwards STEAL (1 STL),[1630162],1610612750.0,MIN,,,,Edwards,A. Edwards,,,,,Mid-Range,16-24 Right Center,,,,,,,,,,,,,,,,,,,,
66,PT05M55.00S,2024-12-03T01:18:44.7Z,1,REGULAR,2pt,Layup,"['pointsinthepaint', 'fromturnover', 'fastbreak']",1630162,8.623521681997373,50.98039215686274,1610612750,12,9,2024-12-03T01:18:51Z,660000,False,-5.0,29.0,1,left,MISS A. Edwards running Layup,[1630162],1610612750.0,MIN,running,,,Edwards,A. Edwards,,,,,Restricted Area,0-8 Center,2.9,Missed,,,,,,,,,,,,,,,,,,
67,PT05M54.00S,2024-12-03T01:18:46.5Z,1,REGULAR,rebound,defensive,[],203076,,,1610612747,12,9,2024-12-03T01:18:46Z,670000,False,,,0,,A. Davis REBOUND (Off:0 Def:3),[203076],1610612747.0,LAL,,,,Davis,A. Davis,,,,,Restricted Area,0-8 Center,,,66.0,3.0,3.0,0.0,,,,,,,,,,,,,,
69,PT05M54.00S,2024-12-03T01:18:52.7Z,1,REGULAR,timeout,full,"['team', 'mandatory']",0,,,1610612747,12,9,2024-12-03T01:18:52Z,690000,False,,,0,,MIN Timeout,[],1610612750.0,MIN,,,,,,,,,,,,,,,,,,,,,,,,,,,,,,,
70,PT05M54.00S,2024-12-03T01:21:27.1Z,1,REGULAR,substitution,out,[],201144,,,1610612747,12,9,2024-12-03T01:21:58Z,700000,False,,,0,,SUB out: M. Conley,[201144],1610612750.0,MIN,,,,Conley,M. Conley,,,,,,,,,,,,,,,,,,,,,,,,,,
71,PT05M54.00S,2024-12-03T01:21:27.1Z,1,REGULAR,substitution,out,[],203944,,,1610612747,12,9,2024-12-03T01:21:58Z,710000,False,,,0,,SUB out: J. Randle,[203944],1610612750.0,MIN,,,,Randle,J. Randle,,,,,,,,,,,,,,,,,,,,,,,,,,
72,PT05M54.00S,2024-12-03T01:21:27.1Z,1,REGULAR,substitution,out,[],2544,,,1610612747,12,9,2024-12-03T01:21:58Z,720000,False,,,0,,SUB out: L. James,[2544],1610612747.0,LAL,,,,James,L. James,,,,,,,,,,,,,,,,,,,,,,,,,,
73,PT05M54.00S,2024-12-03T01:21:27.1Z,1,REGULAR,substitution,in,[],1629638,,,1610612747,12,9,2024-12-03T01:21:58Z,730000,False,,,0,,SUB in: N. Alexander-Walker,[1629638],1610612750.0,MIN,,,,Alexander-Walker,N. Alexander-Walker,,,,,,,,,,,,,,,,,,,,,,,,,,
74,PT05M54.00S,2024-12-03T01:21:27.1Z,1,REGULAR,substitution,in,[],1629675,,,1610612747,12,9,2024-12-03T01:21:58Z,740000,False,,,0,,SUB in: N. Reid,[1629675],1610612750.0,MIN,,,,Reid,N. Reid,,,,,,,,,,,,,,,,,,,,,,,,,,
75,PT05M54.00S,2024-12-03T01:21:27.1Z,1,REGULAR,substitution,in,[],1631108,,,1610612747,12,9,2024-12-03T01:21:58Z,750000,False,,,0,,SUB in: M. Christie,[1631108],1610612747.0,LAL,,,,Christie,M. Christie,,,,,,,,,,,,,,,,,,,,,,,,,,
76,PT05M46.00S,2024-12-03T01:22:07.7Z,1,REGULAR,2pt,Jump Shot,[],203076,79.97700394218134,23.03921568627451,1610612747,12,11,2024-12-03T01:22:13Z,760000,False,-135.0,136.0,1,right,A. Davis 19' pullup Jump Shot (4 PTS),[203076],1610612747.0,LAL,pullup,,,Davis,A. Davis,,,,,Mid-Range,16-24 Left Center,19.13,Made,,,,,4.0,,,,,,,,,,,,,
77,PT05M27.00S,2024-12-03T01:22:26.5Z,1,REGULAR,2pt,Layup,['pointsinthepaint'],1630162,7.178055190538765,50.73529411764706,1610612750,14,11,2024-12-03T01:22:30Z,770000,False,-4.0,15.0,1,left,A. Edwards driving Layup (4 PTS) (N. Alexander-Walker 1 AST),"[1630162, 1629638]",1610612750.0,MIN,driving,,,Edwards,A. Edwards,,,,,Restricted Area,0-8 Center,1.54,Made,,,,,4.0,N. Alexander-Walker,1629638.0,1.0,,,,,,,,,,
79,PT05M07.00S,2024-12-03T01:22:45.6Z,1,REGULAR,2pt,Jump Shot,[],1626156,80.76544021024968,32.35294117647059,1610612747,14,13,2024-12-03T01:22:56Z,790000,False,-88.0,128.0,1,right,D. Russell 15' pullup Jump Shot (7 PTS) (A. Davis 2 AST),"[1626156, 203076]",1610612747.0,LAL,pullup,,,Russell,D. Russell,,,,,Mid-Range,8-16 Left,15.57,Made,,,,,7.0,A. Davis,203076.0,2.0,,,,,,,,,,
81,PT04M45.00S,2024-12-03T01:23:07.5Z,1,REGULAR,turnover,bad pass,[],1630162,,,1610612750,14,13,2024-12-03T01:23:11Z,810000,False,,,0,,A. Edwards bad pass TURNOVER (1 TO),"[1630162, 1629060]",1610612750.0,MIN,,,,Edwards,A. Edwards,,,,,Mid-Range,8-16 Left,,,,,,,,,,,,,,,,1.0,Hachimura,1629060.0,,
82,PT04M45.00S,2024-12-03T01:23:07.5Z,1,REGULAR,steal,,[],1629060,,,1610612747,14,13,2024-12-03T01:23:08Z,820000,False,,,0,,R. Hachimura STEAL (2 STL),[1629060],1610612747.0,LAL,,,,Hachimura,R. Hachimura,,,,,Mid-Range,8-16 Left,,,,,,,,,,,,,,,,,,,,
83,PT04M34.00S,2024-12-03T01:23:18.8Z,1,REGULAR,2pt,Jump Shot,"['pointsinthepaint', 'fromturnover']",203076,80.89684625492772,51.225490196078425,1610612747,14,15,2024-12-03T01:23:26Z,830000,False,6.0,127.0,1,right,A. Davis 12' pullup Jump Shot (6 PTS),[203076],1610612747.0,LAL,pullup,,,Davis,A. Davis,,,,,In The Paint (Non-RA),8-16 Center,12.72,Made,,,,,6.0,,,,,,,,,,,,,
84,PT04M16.00S,2024-12-03T01:23:38.2Z,1,REGULAR,turnover,out-of-bounds,[],1630162,,,1610612750,14,15,2024-12-03T01:23:43Z,840000,False,,,0,,A. Edwards bad pass out-of-bounds TURNOVER (2 TO),[1630162],1610612750.0,MIN,bad pass,,,Edwards,A. Edwards,,,,,Right Corner 3,24+ Right,,,,,,,,,,,2534.0,,,,,2.0,,,,
85,PT04M16.00S,2024-12-03T01:23:40.8Z,1,REGULAR,substitution,out,[],1630183,,,1610612747,14,15,2024-12-03T01:24:00Z,850000,False,,,0,,SUB out: J. McDaniels,[1630183],1610612750.0,MIN,,,,McDaniels,J. McDaniels,,,,,,,,,,,,,,,,,,,,,,,,,,
86,PT04M16.00S,2024-12-03T01:23:40.8Z,1,REGULAR,substitution,out,[],1626156,,,1610612747,14,15,2024-12-03T01:24:00Z,860000,False,,,0,,SUB out: D. Russell,[1626156],1610612747.0,LAL,,,,Russell,D. Russell,,,,,,,,,,,,,,,,,,,,,,,,,,
87,PT04M16.00S,2024-12-03T01:23:40.8Z,1,REGULAR,substitution,in,[],1628978,,,1610612747,14,15,2024-12-03T01:24:00Z,870000,False,,,0,,SUB in: D. DiVincenzo,[1628978],1610612750.0,MIN,,,,DiVincenzo,D. DiVincenzo,,,,,,,,,,,,,,,,,,,,,,,,,,
88,PT04M16.00S,2024-12-03T01:23:40.8Z,1,REGULAR,substitution,in,[],1629216,,,1610612747,14,15,2024-12-03T01:24:00Z,880000,False,,,0,,SUB in: G. Vincent,[1629216],1610612747.0,LAL,,,,Vincent,G. Vincent,,,,,,,,,,,,,,,,,,,,,,,,,,
89,PT03M56.00S,2024-12-03T01:24:16.8Z,1,REGULAR,2pt,Jump Shot,"['pointsinthepaint', 'fromturnover']",203076,80.3712220762155,50.73529411764706,1610612747,14,15,2024-12-03T01:24:25Z,890000,False,4.0,132.0,1,right,MISS A. Davis 13' pullup Shot,[203076],1610612747.0,LAL,pullup,,,Davis,A. Davis,,,,,In The Paint (Non-RA),8-16 Center,13.21,Missed,,,,,,,,,,,,,,,,,,
90,PT03M53.00S,2024-12-03T01:24:19.8Z,1,REGULAR,rebound,defensive,[],203497,,,1610612750,14,15,2024-12-03T01:24:25Z,900000,False,,,0,,R. Gobert REBOUND (Off:1 Def:2),[203497],1610612750.0,MIN,,,,Gobert,R. Gobert,,,,,In The Paint (Non-RA),8-16 Center,,,89.0,3.0,2.0,1.0,,,,,,,,,,,,,,
91,PT03M46.00S,2024-12-03T01:24:27.1Z,1,REGULAR,3pt,Jump Shot,[],1628978,28.991458607095925,16.911764705882355,1610612750,14,15,2024-12-03T01:24:34Z,910000,False,165.0,220.0,1,left,MISS D. DiVincenzo 27' pullup 3PT,[1628978],1610612750.0,MIN,pullup,,,DiVincenzo,D. DiVincenzo,,,,,Above the Break 3,24+ Right Center,27.52,Missed,,,,,,,,,,,,,,,,,,
92,PT03M41.00S,2024-12-03T01:24:32.1Z,1,REGULAR,rebound,defensive,[],1642261,,,1610612747,14,15,2024-12-03T01:24:34Z,920000,False,,,0,,D. Knecht REBOUND (Off:0 Def:2),[1642261],1610612747.0,LAL,,,,Knecht,D. Knecht,,,,,Above the Break 3,24+ Right Center,,,91.0,2.0,2.0,0.0,,,,,,,,,,,,,,
93,PT03M32.00S,2024-12-03T01:24:39.9Z,1,REGULAR,3pt,Jump Shot,[],1629216,86.46517739816032,96.34650735294117,1610612747,14,15,2024-12-03T01:24:45Z,930000,False,232.0,75.0,1,right,MISS G. Vincent 24' 3PT,[1629216],1610612747.0,LAL,,,,Vincent,G. Vincent,,,,,Right Corner 3,24+ Right,24.34,Missed,,,,,,,,,,,,,,,,,,
94,PT03M30.00S,2024-12-03T01:24:41.9Z,1,REGULAR,rebound,defensive,[],203497,,,1610612750,14,15,2024-12-03T01:24:45Z,940000,False,,,0,,R. Gobert REBOUND (Off:1 Def:3),[203497],1610612750.0,MIN,,,,Gobert,R. Gobert,,,,,Right Corner 3,24+ Right,,,93.0,4.0,3.0,1.0,,,,,,,,,,,,,,
95,PT03M07.00S,2024-12-03T01:25:05.2Z,1,REGULAR,2pt,Jump Shot,['pointsinthepaint'],1629675,7.6215505913272015,63.013174019607845,1610612750,16,15,2024-12-03T01:25:17Z,950000,False,-65.0,19.0,1,left,N. Reid 6' driving floating bank Jump Shot (2 PTS) (A. Edwards 2 AST),"[1629675, 1630162]",1610612750.0,MIN,driving floating bank,,,Reid,N. Reid,,,,,In The Paint (Non-RA),0-8 Center,6.78,Made,,,,,2.0,A. Edwards,1630162.0,2.0,,,,,,,,,,
97,PT02M53.00S,2024-12-03T01:25:24.4Z,1,REGULAR,timeout,full,"['team', 'mandatory']",0,,,1610612747,16,15,2024-12-03T01:25:24Z,970000,False,,,0,,LAL Timeout,[],1610612747.0,LAL,,,,,,,,,,,,,,,,,,,,,,,,,,,,,,,
98,PT02M53.00S,2024-12-03T01:28:04.4Z,1,REGULAR,substitution,out,[],203497,,,1610612747,16,15,2024-12-03T01:28:23Z,980000,False,,,0,,SUB out: R. Gobert,[203497],1610612750.0,MIN,,,,Gobert,R. Gobert,,,,,,,,,,,,,,,,,,,,,,,,,,
99,PT02M53.00S,2024-12-03T01:28:04.4Z,1,REGULAR,substitution,out,[],1629060,,,1610612747,16,15,2024-12-03T01:28:23Z,990000,False,,,0,,SUB out: R. Hachimura,[1629060],1610612747.0,LAL,,,,Hachimura,R. Hachimura,,,,,,,,,,,,,,,,,,,,,,,,,,
100,PT02M53.00S,2024-12-03T01:28:04.4Z,1,REGULAR,substitution,in,[],203944,,,1610612747,16,15,2024-12-03T01:28:23Z,1000000,False,,,0,,SUB in: J. Randle,[203944],1610612750.0,MIN,,,,Randle,J. Randle,,,,,,,,,,,,,,,,,,,,,,,,,,
101,PT02M53.00S,2024-12-03T01:28:04.4Z,1,REGULAR,substitution,in,[],1629629,,,1610612747,16,15,2024-12-03T01:28:23Z,1010000,False,,,0,,SUB in: C. Reddish,[1629629],1610612747.0,LAL,,,,Reddish,C. Reddish,,,,,,,,,,,,,,,,,,,,,,,,,,
102,PT02M46.00S,2024-12-03T01:28:30.6Z,1,REGULAR,2pt,Layup,['pointsinthepaint'],203076,90.75229960578186,48.28431372549019,1610612747,16,17,2024-12-03T01:28:36Z,1020000,False,-9.0,34.0,1,right,A. Davis driving Layup (8 PTS) (M. Christie 1 AST),"[203076, 1631108]",1610612747.0,LAL,driving,,,Davis,A. Davis,,,,,Restricted Area,0-8 Center,3.55,Made,,,,,8.0,M. Christie,1631108.0,1.0,,,,,,,,,,
104,PT02M31.00S,2024-12-03T01:28:45.4Z,1,REGULAR,3pt,Jump Shot,[],1629638,25.18068331143233,84.80392156862744,1610612750,16,17,2024-12-03T01:29:01Z,1040000,False,-174.0,184.0,1,left,MISS N. Alexander-Walker 25' 3PT,[1629638],1610612750.0,MIN,,,,Alexander-Walker,N. Alexander-Walker,,,,,Above the Break 3,24+ Left Center,25.34,Missed,,,,,,,,,,,,,,,,,,
105,PT02M28.00S,2024-12-03T01:28:48.4Z,1,REGULAR,rebound,defensive,[],203076,,,1610612747,16,17,2024-12-03T01:29:01Z,1050000,False,,,0,,A. Davis REBOUND (Off:0 Def:4),[203076],1610612747.0,LAL,,,,Davis,A. Davis,,,,,Above the Break 3,24+ Left Center,,,104.0,4.0,4.0,0.0,,,,,,,,,,,,,,
106,PT02M19.00S,2024-12-03T01:28:57.1Z,1,REGULAR,2pt,Jump Shot,[],1631108,89.70105124835742,70.34313725490196,1610612747,16,17,2024-12-03T01:29:09Z,1060000,False,102.0,44.0,1,right,MISS M. Christie 11' driving floating Shot,[1631108],1610612747.0,LAL,driving floating,,,Christie,M. Christie,,,,,Mid-Range,8-16 Right,11.09,Missed,,,,,,,,,,,,,,,,,,
107,PT02M15.00S,2024-12-03T01:29:01.1Z,1,REGULAR,rebound,defensive,[],1630162,,,1610612750,16,17,2024-12-03T01:30:16Z,1070000,False,,,0,,A. Edwards REBOUND (Off:0 Def:3),[1630162],1610612750.0,MIN,,,,Edwards,A. Edwards,,,,,Mid-Range,8-16 Right,,,106.0,3.0,3.0,0.0,,,,,,,,,,,,,,
108,PT02M06.00S,2024-12-03T01:29:10.2Z,1,REGULAR,turnover,bad pass,[],1630162,,,1610612750,16,17,2024-12-03T01:29:15Z,1080000,False,,,0,,A. Edwards bad pass TURNOVER (3 TO),"[1630162, 1629629]",1610612750.0,MIN,,,,Edwards,A. Edwards,,,,,In The Paint (Non-RA),8-16 Left,,,,,,,,,,,,,,,,3.0,Reddish,1629629.0,,
109,PT02M06.00S,2024-12-03T01:29:10.2Z,1,REGULAR,steal,,[],1629629,,,1610612747,16,17,2024-12-03T01:29:52Z,1090000,False,,,0,,C. Reddish STEAL (1 STL),[1629629],1610612747.0,LAL,,,,Reddish,C. Reddish,,,,,In The Paint (Non-RA),8-16 Left,,,,,,,,,,,,,,,,,,,,
110,PT02M04.00S,2024-12-03T01:29:15.5Z,1,REGULAR,foul,personal,['2freethrow'],1629675,,,1610612747,16,17,2024-12-03T01:29:25Z,1100000,False,,,0,,N. Reid shooting personal FOUL (1 PF) (Reddish 2 FT),"[1629675, 1629629]",1610612750.0,MIN,shooting,,,Reid,N. Reid,,,,,In The Paint (Non-RA),0-8 Center,,,,,,,,,,,1627541.0,1.0,0.0,Reddish,1629629.0,,,,,
112,PT02M04.00S,2024-12-03T01:29:39.9Z,1,REGULAR,freethrow,1 of 2,"['fromturnover', 'fastbreak']",1629629,,,1610612747,16,18,2024-12-03T01:29:39Z,1120000,False,,,0,,C. Reddish Free Throw 1 of 2 (1 PTS),[1629629],1610612747.0,LAL,,,,Reddish,C. Reddish,,,,,,,,Made,,,,,1.0,,,,,,,,,,,,,
113,PT02M04.00S,2024-12-03T01:29:40.6Z,1,REGULAR,substitution,out,[],1642261,,,1610612747,16,18,2024-12-03T01:29:45Z,1130000,False,,,0,,SUB out: D. Knecht,[1642261],1610612747.0,LAL,,,,Knecht,D. Knecht,,,,,,,,,,,,,,,,,,,,,,,,,,
114,PT02M04.00S,2024-12-03T01:29:40.6Z,1,REGULAR,substitution,in,[],2544,,,1610612747,16,18,2024-12-03T01:29:45Z,1140000,False,,,0,,SUB in: L. James,[2544],1610612747.0,LAL,,,,James,L. James,,,,,,,,,,,,,,,,,,,,,,,,,,
115,PT02M04.00S,2024-12-03T01:29:54.9Z,1,REGULAR,freethrow,2 of 2,"['fastbreak', 'fromturnover']",1629629,,,1610612747,16,19,2024-12-03T01:29:54Z,1150000,False,,,0,,C. Reddish Free Throw 2 of 2 (2 PTS),[1629629],1610612747.0,LAL,,,,Reddish,C. Reddish,,,,,,,,Made,,,,,2.0,,,,,,,,,,,,,
116,PT01M48.00S,2024-12-03T01:30:16.1Z,1,REGULAR,foul,personal,[],203076,,,1610612750,16,19,2024-12-03T01:30:48Z,1160000,False,,,0,,A. Davis personal FOUL (1 PF),"[203076, 203944]",1610612747.0,LAL,,,,Davis,A. Davis,,,,,In The Paint (Non-RA),8-16 Left,,,,,,,,,,,202053.0,1.0,0.0,Randle,203944.0,,,,,
118,PT01M48.00S,2024-12-03T01:30:27.4Z,1,REGULAR,substitution,out,[],1630162,,,1610612750,16,19,2024-12-03T01:30:43Z,1180000,False,,,0,,SUB out: A. Edwards,[1630162],1610612750.0,MIN,,,,Edwards,A. Edwards,,,,,,,,,,,,,,,,,,,,,,,,,,
119,PT01M48.00S,2024-12-03T01:30:27.4Z,1,REGULAR,substitution,out,[],203076,,,1610612750,16,19,2024-12-03T01:30:43Z,1190000,False,,,0,,SUB out: A. Davis,[203076],1610612747.0,LAL,,,,Davis,A. Davis,,,,,,,,,,,,,,,,,,,,,,,,,,
120,PT01M48.00S,2024-12-03T01:30:27.4Z,1,REGULAR,substitution,in,[],1631169,,,1610612750,16,19,2024-12-03T01:30:43Z,1200000,False,,,0,,SUB in: J. Minott,[1631169],1610612750.0,MIN,,,,Minott,J. Minott,,,,,,,,,,,,,,,,,,,,,,,,,,
121,PT01M48.00S,2024-12-03T01:30:27.4Z,1,REGULAR,substitution,in,[],1642422,,,1610612750,16,19,2024-12-03T01:30:43Z,1210000,False,,,0,,SUB in: A. Traoré,[1642422],1610612747.0,LAL,,,,Traoré,A. Traoré,,,,,,,,,,,,,,,,,,,,,,,,,,
122,PT01M35.00S,2024-12-03T01:31:01.5Z,1,REGULAR,2pt,Hook,['pointsinthepaint'],203944,7.046649145860711,50.73529411764706,1610612750,18,19,2024-12-03T01:32:12Z,1220000,False,-4.0,14.0,1,left,J. Randle driving Hook (5 PTS),[203944],1610612750.0,MIN,driving,,,Randle,J. Randle,,,,,Restricted Area,0-8 Center,1.42,Made,,,,,5.0,,,,,,,,,,,,,
123,PT01M24.00S,2024-12-03T01:31:12.9Z,1,REGULAR,2pt,Jump Shot,['pointsinthepaint'],2544,86.41590013140605,48.77450980392157,1610612747,18,19,2024-12-03T01:31:18Z,1230000,False,-6.0,75.0,1,right,MISS L. James 7' driving floating Shot,[2544],1610612747.0,LAL,driving floating,,,James,L. James,,,,,In The Paint (Non-RA),0-8 Center,7.54,Missed,,,,,,,,,,,,,,,,,,
124,PT01M22.00S,2024-12-03T01:31:14.7Z,1,REGULAR,rebound,offensive,[],2544,,,1610612747,18,19,2024-12-03T01:31:14Z,1240000,False,,,0,,L. James REBOUND (Off:1 Def:1),[2544],1610612747.0,LAL,,,,James,L. James,,,,,In The Paint (Non-RA),0-8 Center,,,123.0,2.0,1.0,1.0,,,,,,,,,,,,,,
125,PT01M20.00S,2024-12-03T01:31:16.7Z,1,REGULAR,2pt,Layup,"['pointsinthepaint', '2ndchance']",2544,92.85479632063075,52.94117647058824,1610612747,18,19,2024-12-03T01:31:20Z,1250000,False,15.0,15.0,1,right,MISS L. James putback Layup,[2544],1610612747.0,LAL,putback,,,James,L. James,,,,,Restricted Area,0-8 Center,2.08,Missed,,,,,,,,,,,,,,,,,,
126,PT01M19.00S,2024-12-03T01:31:17.7Z,1,REGULAR,rebound,defensive,[],1631169,,,1610612750,18,19,2024-12-03T01:31:20Z,1260000,False,,,0,,J. Minott REBOUND (Off:0 Def:1),[1631169],1610612750.0,MIN,,,,Minott,J. Minott,,,,,Restricted Area,0-8 Center,,,125.0,1.0,1.0,0.0,,,,,,,,,,,,,,
129,PT00M59.90S,2024-12-03T01:32:03.5Z,1,REGULAR,2pt,Layup,['pointsinthepaint'],1629638,8.886333771353483,52.450980392156865,1610612750,20,19,2024-12-03T01:33:31Z,1290000,False,-12.0,31.0,1,left,N. Alexander-Walker driving Layup (2 PTS) (D. DiVincenzo 1 AST),"[1629638, 1628978]",1610612750.0,MIN,driving,,,Alexander-Walker,N. Alexander-Walker,,,,,Restricted Area,0-8 Center,3.34,Made,,,,,2.0,D. DiVincenzo,1628978.0,1.0,,,,,,,,,,
131,PT00M51.80S,2024-12-03T01:32:17.6Z,1,REGULAR,foul,personal,[],1631169,,,1610612747,20,19,2024-12-03T01:32:26Z,1310000,False,,,0,,J. Minott personal FOUL (1 PF),"[1631169, 2544]",1610612750.0,MIN,,,,Minott,J. Minott,,,,,In The Paint (Non-RA),0-8 Center,,,,,,,,,,,202053.0,1.0,0.0,James,2544.0,,,,,
133,PT00M44.00S,2024-12-03T01:32:46.7Z,1,REGULAR,foul,personal,"['inpenalty', '2freethrow']",203944,,,1610612747,20,19,2024-12-03T01:32:51Z,1330000,False,,,0,,J. Randle personal FOUL (1 PF) (James 2 FT),"[203944, 2544]",1610612750.0,MIN,,,,Randle,J. Randle,,,,,Mid-Range,8-16 Right,,,,,,,,,,,2534.0,1.0,0.0,James,2544.0,,,,,
135,PT00M44.00S,2024-12-03T01:33:04.6Z,1,REGULAR,freethrow,1 of 2,[],2544,,,1610612747,20,19,2024-12-03T01:33:04Z,1350000,False,,,0,,MISS L. James Free Throw 1 of 2,[2544],1610612747.0,LAL,,,,James,L. James,,,,,,,,Missed,,,,,,,,,,,,,,,,,,
136,PT00M44.00S,2024-12-03T01:33:04.6Z,1,REGULAR,rebound,offensive,"['deadball', 'team']",0,,,1610612747,20,19,2024-12-03T01:33:04Z,1360000,False,,,0,,TEAM offensive REBOUND,[],1610612747.0,LAL,,,,,,,,,,,,,,135.0,,,,,,,,,,,,,,,,,
137,PT00M44.00S,2024-12-03T01:33:16.9Z,1,REGULAR,freethrow,2 of 2,[],2544,,,1610612747,20,20,2024-12-03T01:33:16Z,1370000,False,,,0,,L. James Free Throw 2 of 2 (3 PTS),[2544],1610612747.0,LAL,,,,James,L. James,,,,,,,,Made,,,,,3.0,,,,,,,,,,,,,
138,PT00M30.10S,2024-12-03T01:33:32.2Z,1,REGULAR,3pt,Jump Shot,[],1629638,29.517082785808146,27.941176470588236,1610612750,20,20,2024-12-03T01:33:39Z,1380000,False,110.0,225.0,1,left,MISS N. Alexander-Walker 25' 3PT,[1629638],1610612750.0,MIN,,,,Alexander-Walker,N. Alexander-Walker,,,,,Above the Break 3,24+ Right Center,25.06,Missed,,,,,,,,,,,,,,,,,,
139,PT00M26.00S,2024-12-03T01:33:36.3Z,1,REGULAR,rebound,defensive,[],1629629,,,1610612747,20,20,2024-12-03T01:33:39Z,1390000,False,,,0,,C. Reddish REBOUND (Off:0 Def:1),[1629629],1610612747.0,LAL,,,,Reddish,C. Reddish,,,,,Above the Break 3,24+ Right Center,,,138.0,1.0,1.0,0.0,,,,,,,,,,,,,,
140,PT00M08.30S,2024-12-03T01:33:55.8Z,1,REGULAR,turnover,lost ball,[],1642422,,,1610612747,20,20,2024-12-03T01:35:48Z,1400000,False,,,0,,A. Traoré lost ball TURNOVER (1 TO),"[1642422, 1629675]",1610612747.0,LAL,,,,Traoré,A. Traoré,,,,,In The Paint (Non-RA),8-16 Center,,,,,,,,,,,,,,,,1.0,Reid,1629675.0,,
141,PT00M08.30S,2024-12-03T01:33:55.8Z,1,REGULAR,steal,,[],1629675,,,1610612750,20,20,2024-12-03T01:34:15Z,1410000,False,,,0,,N. Reid STEAL (1 STL),[1629675],1610612750.0,MIN,,,,Reid,N. Reid,,,,,In The Paint (Non-RA),8-16 Center,,,,,,,,,,,,,,,,,,,,
142,PT00M02.50S,2024-12-03T01:34:00.2Z,1,REGULAR,2pt,Layup,"['fastbreak', 'pointsinthepaint', 'fromturnover']",1629638,6.521024967148489,50.0,1610612750,22,20,2024-12-03T01:36:38Z,1420000,False,0.0,9.0,1,left,N. Alexander-Walker running finger roll Layup (4 PTS) (D. DiVincenzo 2 AST),"[1629638, 1628978]",1610612750.0,MIN,running finger roll,,,Alexander-Walker,N. Alexander-Walker,,,,,Restricted Area,0-8 Center,0.88,Made,,,,,4.0,D. DiVincenzo,1628978.0,2.0,,,,,,,,,,
144,PT00M00.30S,2024-12-03T01:34:05.5Z,1,REGULAR,3pt,Jump Shot,[],1631108,50.936268068331145,10.53921568627451,1610612747,22,20,2024-12-03T01:37:22Z,1440000,False,-197.0,409.0,1,right,MISS M. Christie 45' driving floating 3PT,[1631108],1610612747.0,LAL,driving floating,,,Christie,M. Christie,,,,,Above the Break 3,24+ Left Center,45.38,Missed,,,,,,,,,,,,,,,,,,
145,PT00M00.10S,2024-12-03T01:34:05.7Z,1,REGULAR,rebound,offensive,['team'],0,,,1610612747,22,20,2024-12-03T01:35:34Z,1450000,False,,,0,,TEAM offensive REBOUND,[],1610612747.0,LAL,,,,,,,,,,Above the Break 3,24+ Left Center,,,144.0,,,,,,,,,,,,,,,,,
146,PT00M00.00S,2024-12-03T01:34:09.7Z,1,REGULAR,period,end,[],0,,,1610612747,22,20,2024-12-03T01:34:09Z,1460000,False,,,0,,Period End,[],,,,,,,,,,,,,,,,,,,,,,,,,,,,,,,,,
147,PT12M00.00S,2024-12-03T01:36:32.5Z,2,REGULAR,substitution,out,['startperiod'],203944,,,1610612747,22,20,2024-12-03T01:36:58Z,1470000,False,,,0,,SUB out: J. Randle,[203944],1610612750.0,MIN,,,,Randle,J. Randle,,,,,,,,,,,,,,,,,,,,,,,,,,
148,PT12M00.00S,2024-12-03T01:36:32.5Z,2,REGULAR,substitution,out,['startperiod'],1631169,,,1610612747,22,20,2024-12-03T01:36:58Z,1480000,False,,,0,,SUB out: J. Minott,[1631169],1610612750.0,MIN,,,,Minott,J. Minott,,,,,,,,,,,,,,,,,,,,,,,,,,
149,PT12M00.00S,2024-12-03T01:36:32.5Z,2,REGULAR,substitution,out,['startperiod'],1631108,,,1610612747,22,20,2024-12-03T01:36:58Z,1490000,False,,,0,,SUB out: M. Christie,[1631108],1610612747.0,LAL,,,,Christie,M. Christie,,,,,,,,,,,,,,,,,,,,,,,,,,
150,PT12M00.00S,2024-12-03T01:36:32.5Z,2,REGULAR,substitution,in,['startperiod'],201144,,,1610612747,22,20,2024-12-03T01:36:58Z,1500000,False,,,0,,SUB in: M. Conley,[201144],1610612750.0,MIN,,,,Conley,M. Conley,,,,,,,,,,,,,,,,,,,,,,,,,,
151,PT12M00.00S,2024-12-03T01:36:32.5Z,2,REGULAR,substitution,in,['startperiod'],203497,,,1610612747,22,20,2024-12-03T01:36:58Z,1510000,False,,,0,,SUB in: R. Gobert,[203497],1610612750.0,MIN,,,,Gobert,R. Gobert,,,,,,,,,,,,,,,,,,,,,,,,,,
152,PT12M00.00S,2024-12-03T01:36:32.5Z,2,REGULAR,substitution,in,['startperiod'],1626156,,,1610612747,22,20,2024-12-03T01:36:58Z,1520000,False,,,0,,SUB in: D. Russell,[1626156],1610612747.0,LAL,,,,Russell,D. Russell,,,,,,,,,,,,,,,,,,,,,,,,,,
153,PT12M00.00S,2024-12-03T01:36:58.6Z,2,REGULAR,period,start,[],0,,,1610612747,22,20,2024-12-03T01:36:58Z,1530000,False,,,0,,Period Start,[],,,,,,,,,,,,,,,,,,,,,,,,,,,,,,,,,
154,PT11M41.00S,2024-12-03T01:37:17.1Z,2,REGULAR,2pt,Layup,['pointsinthepaint'],1642422,92.72339027595268,52.450980392156865,1610612747,22,20,2024-12-03T01:37:21Z,1540000,False,12.0,16.0,1,right,MISS A. Traoré Layup,[1642422],1610612747.0,LAL,,,,Traoré,A. Traoré,,,,,Restricted Area,0-8 Center,2.01,Missed,,,,,,,,,,,,,,,,,,
155,PT11M39.00S,2024-12-03T01:37:19.1Z,2,REGULAR,rebound,offensive,[],1642422,,,1610612747,22,20,2024-12-03T01:37:21Z,1550000,False,,,0,,A. Traoré REBOUND (Off:1 Def:0),[1642422],1610612747.0,LAL,,,,Traoré,A. Traoré,,,,,Restricted Area,0-8 Center,,,154.0,1.0,0.0,1.0,,,,,,,,,,,,,,
156,PT11M38.00S,2024-12-03T01:37:19.3Z,2,REGULAR,2pt,Layup,"['pointsinthepaint', '2ndchance']",1642422,92.50985545335085,44.9984681372549,1610612747,22,22,2024-12-03T01:37:38Z,1560000,False,-25.0,18.0,1,right,A. Traoré putback Layup (2 PTS),[1642422],1610612747.0,LAL,putback,,,Traoré,A. Traoré,,,,,Restricted Area,0-8 Center,3.07,Made,,,,,2.0,,,,,,,,,,,,,
158,PT11M16.00S,2024-12-03T01:37:41.1Z,2,REGULAR,3pt,Jump Shot,[],201144,28.01412614980289,72.32689950980392,1610612750,25,22,2024-12-03T01:39:06Z,1580000,False,-112.0,211.0,1,left,M. Conley 3PT step back (6 PTS),[201144],1610612750.0,MIN,step back,,,Conley,M. Conley,,,,,Mid-Range,24+ Left Center,23.85,Made,,,,,6.0,,,,,,,,,,,,,
159,PT11M09.00S,2024-12-03T01:37:50.5Z,2,REGULAR,turnover,out-of-bounds,[],2544,,,1610612747,25,22,2024-12-03T01:37:56Z,1590000,False,,,0,,L. James bad pass out-of-bounds TURNOVER (1 TO),[2544],1610612747.0,LAL,bad pass,,,James,L. James,,,,,Above the Break 3,24+ Left Center,,,,,,,,,,,1627541.0,,,,,1.0,,,,
160,PT10M58.00S,2024-12-03T01:38:11.5Z,2,REGULAR,2pt,Layup,"['pointsinthepaint', 'fromturnover']",201144,7.835085413929041,53.431372549019606,1610612750,25,22,2024-12-03T01:44:08Z,1600000,False,-17.0,21.0,1,left,MISS M. Conley driving finger roll Layup,[201144],1610612750.0,MIN,driving finger roll,,,Conley,M. Conley,,,,,Restricted Area,0-8 Center,2.72,Missed,,,,,,,,,,,,,,,,,,
161,PT10M57.00S,2024-12-03T01:38:12.5Z,2,REGULAR,rebound,offensive,[],203497,,,1610612750,25,22,2024-12-03T01:44:08Z,1610000,False,,,0,,R. Gobert REBOUND (Off:2 Def:3),[203497],1610612750.0,MIN,,,,Gobert,R. Gobert,,,,,Restricted Area,0-8 Center,,,160.0,5.0,3.0,2.0,,,,,,,,,,,,,,
191,PT10M56.00S,2024-12-03T01:38:15.7Z,2,REGULAR,turnover,lost ball,[],203497,,,1610612750,25,22,2024-12-03T01:44:35Z,1615000,False,,,0,,R. Gobert lost ball TURNOVER (1 TO),"[203497, 1629216]",1610612750.0,MIN,,,,Gobert,R. Gobert,,,,,Restricted Area,0-8 Center,,,,,,,,,,,,,,,,1.0,Vincent,1629216.0,,
192,PT10M56.00S,2024-12-03T01:38:15.7Z,2,REGULAR,steal,,[],1629216,,,1610612747,25,22,2024-12-03T01:44:35Z,1617500,False,,,0,,G. Vincent STEAL (1 STL),[1629216],1610612747.0,LAL,,,,Vincent,G. Vincent,,,,,Restricted Area,0-8 Center,,,,,,,,,,,,,,,,,,,,
162,PT10M49.00S,2024-12-03T01:38:19.9Z,2,REGULAR,2pt,DUNK,"['fastbreak', 'pointsinthepaint', 'fromturnover']",1642422,93.38042049934296,50.245098039215684,1610612747,25,24,2024-12-03T01:44:35Z,1620000,False,1.0,10.0,1,right,A. Traoré cutting DUNK (4 PTS) (L. James 2 AST),"[1642422, 2544]",1610612747.0,LAL,cutting,,,Traoré,A. Traoré,,,,,Restricted Area,0-8 Center,0.98,Made,,,,,4.0,L. James,2544.0,2.0,,,,,,,,,,
164,PT10M31.00S,2024-12-03T01:38:37.3Z,2,REGULAR,3pt,Jump Shot,[],1628978,30.56833114323259,67.40196078431373,1610612750,25,24,2024-12-03T01:38:43Z,1640000,False,-87.0,235.0,1,left,MISS D. DiVincenzo 25' step back 3PT,[1628978],1610612750.0,MIN,step back,,,DiVincenzo,D. DiVincenzo,,,,,Above the Break 3,24+ Left Center,25.04,Missed,,,,,,,,,,,,,,,,,,
165,PT10M27.00S,2024-12-03T01:38:41.3Z,2,REGULAR,rebound,defensive,[],1629216,,,1610612747,25,24,2024-12-03T01:38:43Z,1650000,False,,,0,,G. Vincent REBOUND (Off:0 Def:1),[1629216],1610612747.0,LAL,,,,Vincent,G. Vincent,,,,,Above the Break 3,24+ Left Center,,,164.0,1.0,1.0,0.0,,,,,,,,,,,,,,
166,PT10M24.00S,2024-12-03T01:38:46.6Z,2,REGULAR,foul,personal,[],1629675,,,1610612747,25,24,2024-12-03T01:38:56Z,1660000,False,,,0,,N. Reid personal FOUL (2 PF),"[1629675, 2544]",1610612750.0,MIN,,,,Reid,N. Reid,,,,,In The Paint (Non-RA),0-8 Center,,,,,,,,,,,1627541.0,2.0,0.0,James,2544.0,,,,,
168,PT10M22.00S,2024-12-03T01:39:05.3Z,2,REGULAR,turnover,bad pass,[],1626156,,,1610612747,25,24,2024-12-03T01:39:09Z,1680000,False,,,0,,D. Russell bad pass TURNOVER (2 TO),"[1626156, 1629675]",1610612747.0,LAL,,,,Russell,D. Russell,,,,,In The Paint (Non-RA),0-8 Center,,,,,,,,,,,,,,,,2.0,Reid,1629675.0,,
169,PT10M22.00S,2024-12-03T01:39:05.3Z,2,REGULAR,steal,,[],1629675,,,1610612750,25,24,2024-12-03T01:39:07Z,1690000,False,,,0,,N. Reid STEAL (2 STL),[1629675],1610612750.0,MIN,,,,Reid,N. Reid,,,,,In The Paint (Non-RA),0-8 Center,,,,,,,,,,,,,,,,,,,,
170,PT10M16.00S,2024-12-03T01:39:11.4Z,2,REGULAR,3pt,Jump Shot,"['fromturnover', 'fastbreak']",201144,27.151773981603156,75.24509803921569,1610612750,28,24,2024-12-03T02:20:02Z,1700000,False,-126.0,203.0,1,left,M. Conley 3PT running (9 PTS) (D. DiVincenzo 3 AST),"[201144, 1628978]",1610612750.0,MIN,running,,,Conley,M. Conley,,,,,Above the Break 3,24+ Left Center,23.88,Made,,,,,9.0,D. DiVincenzo,1628978.0,3.0,,,,,,,,,,
172,PT10M02.00S,2024-12-03T01:39:24.6Z,2,REGULAR,3pt,Jump Shot,[],2544,68.67608409986859,27.205882352941174,1610612747,28,24,2024-12-03T01:39:29Z,1720000,False,-114.0,242.0,1,right,MISS L. James 26' pullup 3PT,[2544],1610612747.0,LAL,pullup,,,James,L. James,,,,,Above the Break 3,24+ Left Center,26.74,Missed,,,,,,,,,,,,,,,,,,
173,PT10M00.00S,2024-12-03T01:39:26.6Z,2,REGULAR,rebound,defensive,[],203497,,,1610612750,28,24,2024-12-03T01:39:29Z,1730000,False,,,0,,R. Gobert REBOUND (Off:2 Def:4),[203497],1610612750.0,MIN,,,,Gobert,R. Gobert,,,,,Above the Break 3,24+ Left Center,,,172.0,6.0,4.0,2.0,,,,,,,,,,,,,,
174,PT09M50.00S,2024-12-03T01:39:39.2Z,2,REGULAR,foul,personal,['2freethrow'],1626156,,,1610612750,28,24,2024-12-03T01:39:47Z,1740000,False,,,0,,D. Russell shooting personal FOUL (2 PF) (Gobert 2 FT),"[1626156, 203497]",1610612747.0,LAL,shooting,,,Russell,D. Russell,,,,,In The Paint (Non-RA),0-8 Center,,,,,,,,,,,1627541.0,2.0,0.0,Gobert,203497.0,,,,,
176,PT09M50.00S,2024-12-03T01:40:05.9Z,2,REGULAR,freethrow,1 of 2,[],203497,,,1610612750,29,24,2024-12-03T01:40:05Z,1760000,False,,,0,,R. Gobert Free Throw 1 of 2 (5 PTS),[203497],1610612750.0,MIN,,,,Gobert,R. Gobert,,,,,,,,Made,,,,,5.0,,,,,,,,,,,,,
177,PT09M50.00S,2024-12-03T01:40:27.1Z,2,REGULAR,freethrow,2 of 2,[],203497,,,1610612750,30,24,2024-12-03T01:40:27Z,1770000,False,,,0,,R. Gobert Free Throw 2 of 2 (6 PTS),[203497],1610612750.0,MIN,,,,Gobert,R. Gobert,,,,,,,,Made,,,,,6.0,,,,,,,,,,,,,
178,PT09M39.00S,2024-12-03T01:40:39.0Z,2,REGULAR,2pt,Jump Shot,['pointsinthepaint'],2544,89.30683311432325,37.99019607843137,1610612747,30,24,2024-12-03T01:40:44Z,1780000,False,-60.0,48.0,1,right,MISS L. James 7' driving floating Shot - blocked,"[2544, 1629675]",1610612747.0,LAL,driving floating,,,James,L. James,,,,,In The Paint (Non-RA),0-8 Center,7.68,Missed,,,,,,,,,,,,,,,,,Reid,1629675.0
179,PT09M39.00S,2024-12-03T01:40:39.0Z,2,REGULAR,block,,[],1629675,,,1610612747,30,24,2024-12-03T01:40:41Z,1790000,False,,,0,,N. Reid BLOCK (1 BLK),[1629675],1610612750.0,MIN,,,,Reid,N. Reid,,,,,In The Paint (Non-RA),0-8 Center,,,,,,,,,,,,,,,,,,,,
180,PT09M36.00S,2024-12-03T01:40:42.0Z,2,REGULAR,rebound,defensive,[],1629675,,,1610612750,30,24,2024-12-03T01:48:19Z,1800000,False,,,0,,N. Reid REBOUND (Off:0 Def:1),[1629675],1610612750.0,MIN,,,,Reid,N. Reid,,,,,In The Paint (Non-RA),0-8 Center,,,178.0,1.0,1.0,0.0,,,,,,,,,,,,,,
181,PT09M28.00S,2024-12-03T01:40:49.6Z,2,REGULAR,3pt,Jump Shot,[],1629675,30.356849540078844,65.95435049019608,1610612750,30,24,2024-12-03T01:40:54Z,1810000,False,-80.0,233.0,1,left,MISS N. Reid 24' 3PT,[1629675],1610612750.0,MIN,,,,Reid,N. Reid,,,,,Above the Break 3,24+ Left Center,24.62,Missed,,,,,,,,,,,,,,,,,,
182,PT09M25.00S,2024-12-03T01:40:52.6Z,2,REGULAR,rebound,defensive,[],1642422,,,1610612747,30,24,2024-12-03T01:40:54Z,1820000,False,,,0,,A. Traoré REBOUND (Off:1 Def:1),[1642422],1610612747.0,LAL,,,,Traoré,A. Traoré,,,,,Above the Break 3,24+ Left Center,,,181.0,2.0,1.0,1.0,,,,,,,,,,,,,,
183,PT09M15.00S,2024-12-03T01:41:02.8Z,2,REGULAR,3pt,Jump Shot,[],1626156,68.15045992115637,65.68627450980392,1610612747,30,27,2024-12-03T01:41:07Z,1830000,False,78.0,247.0,1,right,D. Russell 25' 3PT pullup (10 PTS),[1626156],1610612747.0,LAL,pullup,,,Russell,D. Russell,,,,,Above the Break 3,24+ Center,25.9,Made,,,,,10.0,,,,,,,,,,,,,
185,PT08M58.00S,2024-12-03T01:41:34.0Z,2,REGULAR,2pt,Hook,['pointsinthepaint'],1629675,11.383048620236531,37.745098039215684,1610612750,32,27,2024-12-03T01:41:39Z,1850000,False,61.0,55.0,1,left,N. Reid 8' driving Hook (4 PTS) (N. Alexander-Walker 2 AST),"[1629675, 1629638]",1610612750.0,MIN,driving,,,Reid,N. Reid,,,,,In The Paint (Non-RA),8-16 Right,8.2,Made,,,,,4.0,N. Alexander-Walker,1629638.0,2.0,,,,,,,,,,
187,PT08M41.00S,2024-12-03T01:41:51.1Z,2,REGULAR,2pt,Jump Shot,['pointsinthepaint'],2544,82.91721419185282,45.18229166666667,1610612747,32,27,2024-12-03T01:41:58Z,1870000,False,-24.0,108.0,1,right,MISS L. James 11' fadeaway Shot,[2544],1610612747.0,LAL,fadeaway,,,James,L. James,,,,,In The Paint (Non-RA),8-16 Center,11.08,Missed,,,,,,,,,,,,,,,,,,
188,PT08M38.00S,2024-12-03T01:41:54.1Z,2,REGULAR,rebound,defensive,[],1628978,,,1610612750,32,27,2024-12-03T01:41:58Z,1880000,False,,,0,,D. DiVincenzo REBOUND (Off:0 Def:1),[1628978],1610612750.0,MIN,,,,DiVincenzo,D. DiVincenzo,,,,,In The Paint (Non-RA),8-16 Center,,,187.0,1.0,1.0,0.0,,,,,,,,,,,,,,
189,PT08M32.00S,2024-12-03T01:41:59.7Z,2,REGULAR,3pt,Jump Shot,[],1628978,33.327858081471746,37.99019607843137,1610612750,35,27,2024-12-03T01:42:10Z,1890000,False,60.0,261.0,1,left,D. DiVincenzo 26' 3PT pullup (3 PTS),[1628978],1610612750.0,MIN,pullup,,,DiVincenzo,D. DiVincenzo,,,,,Above the Break 3,24+ Center,26.76,Made,,,,,3.0,,,,,,,,,,,,,
190,PT08M31.00S,2024-12-03T01:42:04.1Z,2,REGULAR,timeout,full,"['team', 'mandatory']",0,,,1610612747,35,27,2024-12-03T01:42:04Z,1900000,False,,,0,,LAL Timeout,[],1610612747.0,LAL,,,,,,,,,,,,,,,,,,,,,,,,,,,,,,,
193,PT08M31.00S,2024-12-03T01:44:33.9Z,2,REGULAR,substitution,out,[],1629629,,,1610612747,35,27,2024-12-03T01:45:01Z,1910000,False,,,0,,SUB out: C. Reddish,[1629629],1610612747.0,LAL,,,,Reddish,C. Reddish,,,,,,,,,,,,,,,,,,,,,,,,,,
194,PT08M31.00S,2024-12-03T01:44:33.9Z,2,REGULAR,substitution,out,[],1629216,,,1610612747,35,27,2024-12-03T01:45:01Z,1920000,False,,,0,,SUB out: G. Vincent,[1629216],1610612747.0,LAL,,,,Vincent,G. Vincent,,,,,,,,,,,,,,,,,,,,,,,,,,
195,PT08M31.00S,2024-12-03T01:44:33.9Z,2,REGULAR,substitution,out,[],1642422,,,1610612747,35,27,2024-12-03T01:45:01Z,1930000,False,,,0,,SUB out: A. Traoré,[1642422],1610612747.0,LAL,,,,Traoré,A. Traoré,,,,,,,,,,,,,,,,,,,,,,,,,,
196,PT08M31.00S,2024-12-03T01:44:33.9Z,2,REGULAR,substitution,in,[],1642261,,,1610612747,35,27,2024-12-03T01:45:01Z,1940000,False,,,0,,SUB in: D. Knecht,[1642261],1610612747.0,LAL,,,,Knecht,D. Knecht,,,,,,,,,,,,,,,,,,,,,,,,,,
197,PT08M31.00S,2024-12-03T01:44:33.9Z,2,REGULAR,substitution,in,[],1629060,,,1610612747,35,27,2024-12-03T01:45:01Z,1950000,False,,,0,,SUB in: R. Hachimura,[1629060],1610612747.0,LAL,,,,Hachimura,R. Hachimura,,,,,,,,,,,,,,,,,,,,,,,,,,
198,PT08M31.00S,2024-12-03T01:44:33.9Z,2,REGULAR,substitution,in,[],203076,,,1610612747,35,27,2024-12-03T01:45:01Z,1960000,False,,,0,,SUB in: A. Davis,[203076],1610612747.0,LAL,,,,Davis,A. Davis,,,,,,,,,,,,,,,,,,,,,,,,,,
199,PT08M17.00S,2024-12-03T01:45:23.8Z,2,REGULAR,turnover,out-of-bounds,[],2544,,,1610612747,35,27,2024-12-03T01:45:31Z,1970000,False,,,0,,L. James bad pass out-of-bounds TURNOVER (2 TO),[2544],1610612747.0,LAL,bad pass,,,James,L. James,,,,,Above the Break 3,24+ Right Center,,,,,,,,,,,2534.0,,,,,2.0,,,,
200,PT08M17.00S,2024-12-03T01:45:27.6Z,2,REGULAR,substitution,out,[],1629638,,,1610612750,35,27,2024-12-03T01:45:34Z,1980000,False,,,0,,SUB out: N. Alexander-Walker,[1629638],1610612750.0,MIN,,,,Alexander-Walker,N. Alexander-Walker,,,,,,,,,,,,,,,,,,,,,,,,,,
201,PT08M17.00S,2024-12-03T01:45:27.6Z,2,REGULAR,substitution,in,[],1630183,,,1610612750,35,27,2024-12-03T01:45:34Z,1990000,False,,,0,,SUB in: J. McDaniels,[1630183],1610612750.0,MIN,,,,McDaniels,J. McDaniels,,,,,,,,,,,,,,,,,,,,,,,,,,
202,PT08M02.00S,2024-12-03T01:45:50.7Z,2,REGULAR,2pt,DUNK,"['pointsinthepaint', 'fromturnover']",203497,5.075558475689881,51.470588235294116,1610612750,37,27,2024-12-03T01:45:55Z,2000000,False,-7.0,-5.0,1,left,R. Gobert cutting DUNK (8 PTS) (M. Conley 2 AST),"[203497, 201144]",1610612750.0,MIN,cutting,,,Gobert,R. Gobert,,,,,Restricted Area,0-8 Center,0.88,Made,,,,,8.0,M. Conley,201144.0,2.0,,,,,,,,,,
204,PT07M44.00S,2024-12-03T01:46:07.7Z,2,REGULAR,2pt,Jump Shot,['pointsinthepaint'],203076,80.3712220762155,44.36274509803921,1610612747,37,29,2024-12-03T01:46:13Z,2020000,False,-28.0,132.0,1,right,A. Davis 13' step back Jump Shot (10 PTS),[203076],1610612747.0,LAL,step back,,,Davis,A. Davis,,,,,In The Paint (Non-RA),8-16 Center,13.5,Made,,,,,10.0,,,,,,,,,,,,,
205,PT07M28.00S,2024-12-03T01:46:24.4Z,2,REGULAR,3pt,Jump Shot,[],1630183,21.76412614980289,87.74509803921569,1610612750,37,29,2024-12-03T01:46:30Z,2030000,False,-189.0,152.0,1,left,MISS J. McDaniels 24' 3PT,[1630183],1610612750.0,MIN,,,,McDaniels,J. McDaniels,,,,,Above the Break 3,24+ Left Center,24.24,Missed,,,,,,,,,,,,,,,,,,
206,PT07M26.00S,2024-12-03T01:46:26.4Z,2,REGULAR,rebound,offensive,[],203497,,,1610612750,37,29,2024-12-03T01:46:30Z,2040000,False,,,0,,R. Gobert REBOUND (Off:3 Def:4),[203497],1610612750.0,MIN,,,,Gobert,R. Gobert,,,,,Above the Break 3,24+ Left Center,,,205.0,7.0,4.0,3.0,,,,,,,,,,,,,,
207,PT07M25.00S,2024-12-03T01:46:27.9Z,2,REGULAR,2pt,Layup,"['pointsinthepaint', '2ndchance']",203497,7.752956636005257,42.95726102941176,1610612750,37,29,2024-12-03T01:46:35Z,2050000,False,35.0,20.0,1,left,MISS R. Gobert putback Layup,[203497],1610612750.0,MIN,putback,,,Gobert,R. Gobert,,,,,Restricted Area,0-8 Center,4.07,Missed,,,,,,,,,,,,,,,,,,
208,PT07M25.00S,2024-12-03T01:46:27.9Z,2,REGULAR,rebound,offensive,['team'],0,,,1610612750,37,29,2024-12-03T01:47:11Z,2060000,False,,,0,,TEAM offensive REBOUND,[],1610612750.0,MIN,,,,,,,,,,Restricted Area,0-8 Center,,,207.0,,,,,,,,,,,,,,,,,
210,PT07M13.00S,2024-12-03T01:46:58.8Z,2,REGULAR,2pt,Jump Shot,['2ndchance'],1628978,6.915243101182654,79.65686274509804,1610612750,39,29,2024-12-03T01:47:03Z,2080000,False,-148.0,13.0,1,left,D. DiVincenzo 14' pullup Jump Shot (5 PTS) (M. Conley 3 AST),"[1628978, 201144]",1610612750.0,MIN,pullup,,,DiVincenzo,D. DiVincenzo,,,,,Mid-Range,8-16 Left,14.88,Made,,,,,5.0,M. Conley,201144.0,3.0,,,,,,,,,,
213,PT06M50.00S,2024-12-03T01:47:24.5Z,2,REGULAR,substitution,out,[],201144,,,1610612747,39,29,2024-12-03T01:47:35Z,2110000,False,,,0,,SUB out: M. Conley,[201144],1610612750.0,MIN,,,,Conley,M. Conley,,,,,,,,,,,,,,,,,,,,,,,,,,
214,PT06M50.00S,2024-12-03T01:47:24.5Z,2,REGULAR,substitution,in,[],1630162,,,1610612747,39,29,2024-12-03T01:47:35Z,2120000,False,,,0,,SUB in: A. Edwards,[1630162],1610612750.0,MIN,,,,Edwards,A. Edwards,,,,,,,,,,,,,,,,,,,,,,,,,,
215,PT06M44.00S,2024-12-03T01:47:49.1Z,2,REGULAR,2pt,Jump Shot,[],2544,78.26872536136662,48.529411764705884,1610612747,39,29,2024-12-03T01:47:55Z,2130000,False,-7.0,152.0,1,right,MISS L. James 15' pullup Shot,[2544],1610612747.0,LAL,pullup,,,James,L. James,,,,,Mid-Range,8-16 Center,15.2,Missed,,,,,,,,,,,,,,,,,,
216,PT06M42.00S,2024-12-03T01:47:51.1Z,2,REGULAR,rebound,defensive,[],1630162,,,1610612750,39,29,2024-12-03T01:47:56Z,2140000,False,,,0,,A. Edwards REBOUND (Off:0 Def:4),[1630162],1610612750.0,MIN,,,,Edwards,A. Edwards,,,,,Mid-Range,8-16 Center,,,215.0,4.0,4.0,0.0,,,,,,,,,,,,,,
217,PT06M36.00S,2024-12-03T01:48:02.2Z,2,REGULAR,turnover,traveling,[],1630183,,,1610612750,39,29,2024-12-03T01:48:08Z,2150000,False,,,0,,J. McDaniels traveling TURNOVER (1 TO),[1630183],1610612750.0,MIN,,,,McDaniels,J. McDaniels,,,,,Left Corner 3,24+ Left,,,,,,,,,,,1627541.0,,,,,1.0,,,,
218,PT06M36.00S,2024-12-03T01:48:04.5Z,2,REGULAR,substitution,out,[],2544,,,1610612747,39,29,2024-12-03T01:48:08Z,2160000,False,,,0,,SUB out: L. James,[2544],1610612747.0,LAL,,,,James,L. James,,,,,,,,,,,,,,,,,,,,,,,,,,
219,PT06M36.00S,2024-12-03T01:48:04.5Z,2,REGULAR,substitution,in,[],1631108,,,1610612747,39,29,2024-12-03T01:48:08Z,2170000,False,,,0,,SUB in: M. Christie,[1631108],1610612747.0,LAL,,,,Christie,M. Christie,,,,,,,,,,,,,,,,,,,,,,,,,,
220,PT06M20.00S,2024-12-03T01:48:30.6Z,2,REGULAR,2pt,DUNK,"['pointsinthepaint', 'fromturnover']",1629060,91.85282522996057,48.67493872549019,1610612747,39,31,2024-12-03T01:48:36Z,2180000,False,-7.0,24.0,1,right,R. Hachimura cutting DUNK (2 PTS) (A. Davis 3 AST),"[1629060, 203076]",1610612747.0,LAL,cutting,,,Hachimura,R. Hachimura,,,,,Restricted Area,0-8 Center,2.5,Made,,,,,2.0,A. Davis,203076.0,3.0,,,,,,,,,,
222,PT06M06.00S,2024-12-03T01:48:43.4Z,2,REGULAR,3pt,Jump Shot,[],1629675,32.14520367936925,45.07506127450981,1610612750,42,31,2024-12-03T01:48:50Z,2200000,False,25.0,250.0,1,left,N. Reid 25' 3PT pullup (7 PTS) (D. DiVincenzo 4 AST),"[1629675, 1628978]",1610612750.0,MIN,pullup,,,Reid,N. Reid,,,,,Above the Break 3,24+ Center,25.09,Made,,,,,7.0,D. DiVincenzo,1628978.0,4.0,,,,,,,,,,
224,PT05M48.00S,2024-12-03T01:49:04.1Z,2,REGULAR,foul,personal,['2freethrow'],1628978,,,1610612747,42,31,2024-12-03T01:49:10Z,2220000,False,,,0,,D. DiVincenzo shooting personal FOUL (1 PF) (Knecht 2 FT),"[1628978, 1642261]",1610612750.0,MIN,shooting,,,DiVincenzo,D. DiVincenzo,,,,,Restricted Area,0-8 Center,,,,,,,,,,,202053.0,1.0,0.0,Knecht,1642261.0,,,,,
226,PT05M48.00S,2024-12-03T01:49:26.3Z,2,REGULAR,freethrow,1 of 2,[],1642261,,,1610612747,42,31,2024-12-03T01:50:12Z,2240000,False,,,0,,MISS D. Knecht Free Throw 1 of 2,[1642261],1610612747.0,LAL,,,,Knecht,D. Knecht,,,,,,,,Missed,,,,,,,,,,,,,,,,,,
227,PT05M48.00S,2024-12-03T01:49:26.3Z,2,REGULAR,rebound,offensive,"['team', 'deadball']",0,,,1610612747,42,31,2024-12-03T01:50:12Z,2250000,False,,,0,,TEAM offensive REBOUND,[],1610612747.0,LAL,,,,,,,,,,,,,,226.0,,,,,,,,,,,,,,,,,
228,PT05M48.00S,2024-12-03T01:49:26.9Z,2,REGULAR,substitution,out,[],203497,,,1610612747,42,31,2024-12-03T01:49:41Z,2260000,False,,,0,,SUB out: R. Gobert,[203497],1610612750.0,MIN,,,,Gobert,R. Gobert,,,,,,,,,,,,,,,,,,,,,,,,,,
229,PT05M48.00S,2024-12-03T01:49:26.9Z,2,REGULAR,substitution,out,[],1626156,,,1610612747,42,31,2024-12-03T01:49:41Z,2270000,False,,,0,,SUB out: D. Russell,[1626156],1610612747.0,LAL,,,,Russell,D. Russell,,,,,,,,,,,,,,,,,,,,,,,,,,
230,PT05M48.00S,2024-12-03T01:49:26.9Z,2,REGULAR,substitution,in,[],203944,,,1610612747,42,31,2024-12-03T01:49:41Z,2280000,False,,,0,,SUB in: J. Randle,[203944],1610612750.0,MIN,,,,Randle,J. Randle,,,,,,,,,,,,,,,,,,,,,,,,,,
231,PT05M48.00S,2024-12-03T01:49:26.9Z,2,REGULAR,substitution,in,[],1629216,,,1610612747,42,31,2024-12-03T01:49:41Z,2290000,False,,,0,,SUB in: G. Vincent,[1629216],1610612747.0,LAL,,,,Vincent,G. Vincent,,,,,,,,,,,,,,,,,,,,,,,,,,
232,PT05M48.00S,2024-12-03T01:49:26.3Z,2,REGULAR,freethrow,2 of 2,[],1642261,,,1610612747,42,31,2024-12-03T01:50:12Z,2300000,False,,,0,,MISS D. Knecht Free Throw 2 of 2,[1642261],1610612747.0,LAL,,,,Knecht,D. Knecht,,,,,,,,Missed,,,,,,,,,,,,,,,,,,
233,PT05M46.00S,2024-12-03T01:49:28.3Z,2,REGULAR,rebound,defensive,[],203944,,,1610612750,42,31,2024-12-03T01:50:12Z,2310000,False,,,0,,J. Randle REBOUND (Off:0 Def:3),[203944],1610612750.0,MIN,,,,Randle,J. Randle,,,,,,,,,232.0,3.0,3.0,0.0,,,,,,,,,,,,,,
234,PT05M36.00S,2024-12-03T01:50:04.8Z,2,REGULAR,foul,personal,['2freethrow'],1629060,,,1610612750,42,31,2024-12-03T01:50:11Z,2320000,False,,,0,,R. Hachimura shooting personal FOUL (1 PF) (Edwards 2 FT),"[1629060, 1630162]",1610612747.0,LAL,shooting,,,Hachimura,R. Hachimura,,,,,In The Paint (Non-RA),0-8 Center,,,,,,,,,,,202053.0,1.0,0.0,Edwards,1630162.0,,,,,
236,PT05M36.00S,2024-12-03T01:50:24.9Z,2,REGULAR,freethrow,1 of 2,[],1630162,,,1610612750,42,31,2024-12-03T01:50:24Z,2340000,False,,,0,,MISS A. Edwards Free Throw 1 of 2,[1630162],1610612750.0,MIN,,,,Edwards,A. Edwards,,,,,,,,Missed,,,,,,,,,,,,,,,,,,
237,PT05M36.00S,2024-12-03T01:50:24.9Z,2,REGULAR,rebound,offensive,"['deadball', 'team']",0,,,1610612750,42,31,2024-12-03T01:50:24Z,2350000,False,,,0,,TEAM offensive REBOUND,[],1610612750.0,MIN,,,,,,,,,,,,,,236.0,,,,,,,,,,,,,,,,,
238,PT05M36.00S,2024-12-03T01:50:36.4Z,2,REGULAR,freethrow,2 of 2,[],1630162,,,1610612750,43,31,2024-12-03T01:50:36Z,2360000,False,,,0,,A. Edwards Free Throw 2 of 2 (5 PTS),[1630162],1610612750.0,MIN,,,,Edwards,A. Edwards,,,,,,,,Made,,,,,5.0,,,,,,,,,,,,,
239,PT05M12.00S,2024-12-03T01:51:02.6Z,2,REGULAR,2pt,Jump Shot,[],203076,84.1819973718791,76.22549019607843,1610612747,43,31,2024-12-03T01:52:49Z,2370000,False,131.0,96.0,1,right,MISS A. Davis 16' fadeaway Shot,[203076],1610612747.0,LAL,fadeaway,,,Davis,A. Davis,,,,,Mid-Range,16-24 Right,16.26,Missed,,,,,,,,,,,,,,,,,,
240,PT05M08.00S,2024-12-03T01:51:06.6Z,2,REGULAR,rebound,defensive,[],1630162,,,1610612750,43,31,2024-12-03T01:51:14Z,2380000,False,,,0,,A. Edwards REBOUND (Off:0 Def:5),[1630162],1610612750.0,MIN,,,,Edwards,A. Edwards,,,,,Mid-Range,16-24 Right,,,239.0,5.0,5.0,0.0,,,,,,,,,,,,,,
241,PT04M56.00S,2024-12-03T01:51:17.6Z,2,REGULAR,3pt,Jump Shot,[],1629675,28.86005256241787,75.73529411764706,1610612750,43,31,2024-12-03T01:54:15Z,2390000,False,-129.0,219.0,1,left,MISS N. Reid 25' pullup 3PT,[1629675],1610612750.0,MIN,pullup,,,Reid,N. Reid,,,,,Above the Break 3,24+ Left Center,25.38,Missed,,,,,,,,,,,,,,,,,,
242,PT04M53.00S,2024-12-03T01:51:20.6Z,2,REGULAR,rebound,defensive,[],1629060,,,1610612747,43,31,2024-12-03T01:51:24Z,2400000,False,,,0,,R. Hachimura REBOUND (Off:1 Def:1),[1629060],1610612747.0,LAL,,,,Hachimura,R. Hachimura,,,,,Above the Break 3,24+ Left Center,,,241.0,2.0,1.0,1.0,,,,,,,,,,,,,,
244,PT04M48.00S,2024-12-03T01:51:29.6Z,2,REGULAR,substitution,out,[],1642261,,,1610612747,43,31,2024-12-03T01:51:40Z,2420000,False,,,0,,SUB out: D. Knecht,[1642261],1610612747.0,LAL,,,,Knecht,D. Knecht,,,,,,,,,,,,,,,,,,,,,,,,,,
245,PT04M48.00S,2024-12-03T01:51:29.6Z,2,REGULAR,substitution,in,[],1626156,,,1610612747,43,31,2024-12-03T01:51:40Z,2430000,False,,,0,,SUB in: D. Russell,[1626156],1610612747.0,LAL,,,,Russell,D. Russell,,,,,,,,,,,,,,,,,,,,,,,,,,
246,PT04M45.00S,2024-12-03T01:51:47.3Z,2,REGULAR,2pt,Layup,['pointsinthepaint'],1629216,92.24704336399473,45.262714460784316,1610612747,43,33,2024-12-03T01:54:42Z,2440000,False,-24.0,20.0,1,right,G. Vincent driving reverse Layup (2 PTS) (D. Russell 1 AST),"[1629216, 1626156]",1610612747.0,LAL,driving reverse,,,Vincent,G. Vincent,,,,,Restricted Area,0-8 Center,3.13,Made,,,,,2.0,D. Russell,1626156.0,1.0,,,,,,,,,,
248,PT04M20.00S,2024-12-03T01:52:12.0Z,2,REGULAR,2pt,Layup,['pointsinthepaint'],1630162,8.14717477003942,50.467218137254896,1610612750,43,33,2024-12-03T01:52:16Z,2460000,False,-2.0,24.0,1,left,MISS A. Edwards driving Layup,[1630162],1610612750.0,MIN,driving,,,Edwards,A. Edwards,,,,,Restricted Area,0-8 Center,2.42,Missed,,,,,,,,,,,,,,,,,,
249,PT04M18.00S,2024-12-03T01:52:14.0Z,2,REGULAR,rebound,defensive,[],203076,,,1610612747,43,33,2024-12-03T01:52:16Z,2470000,False,,,0,,A. Davis REBOUND (Off:0 Def:5),[203076],1610612747.0,LAL,,,,Davis,A. Davis,,,,,Restricted Area,0-8 Center,,,248.0,5.0,5.0,0.0,,,,,,,,,,,,,,
250,PT04M14.00S,2024-12-03T01:52:17.7Z,2,REGULAR,3pt,Jump Shot,['fastbreak'],1631108,74.19513797634691,82.84313725490196,1610612747,43,33,2024-12-03T01:55:22Z,2480000,False,164.0,190.0,1,right,MISS M. Christie 25' running 3PT,[1631108],1610612747.0,LAL,running,,,Christie,M. Christie,,,,,Above the Break 3,24+ Right Center,25.12,Missed,,,,,,,,,,,,,,,,,,
251,PT04M11.00S,2024-12-03T01:52:20.7Z,2,REGULAR,rebound,defensive,[],1628978,,,1610612750,43,33,2024-12-03T01:52:23Z,2490000,False,,,0,,D. DiVincenzo REBOUND (Off:0 Def:2),[1628978],1610612750.0,MIN,,,,DiVincenzo,D. DiVincenzo,,,,,Above the Break 3,24+ Right Center,,,250.0,2.0,2.0,0.0,,,,,,,,,,,,,,
252,PT04M08.00S,2024-12-03T01:52:23.8Z,2,REGULAR,2pt,DUNK,"['pointsinthepaint', 'fastbreak']",203944,6.521024967148489,49.26470588235294,1610612750,45,33,2024-12-03T01:52:30Z,2500000,False,4.0,9.0,1,left,J. Randle running DUNK (7 PTS) (D. DiVincenzo 5 AST),"[203944, 1628978]",1610612750.0,MIN,running,,,Randle,J. Randle,,,,,Restricted Area,0-8 Center,0.95,Made,,,,,7.0,D. DiVincenzo,1628978.0,5.0,,,,,,,,,,
254,PT03M55.00S,2024-12-03T01:52:38.1Z,2,REGULAR,2pt,Jump Shot,['pointsinthepaint'],203076,87.46714848883047,52.69607843137255,1610612747,45,33,2024-12-03T01:56:00Z,2520000,False,13.0,65.0,1,right,MISS A. Davis 6' driving floating Shot,[203076],1610612747.0,LAL,driving floating,,,Davis,A. Davis,,,,,In The Paint (Non-RA),0-8 Center,6.67,Missed,,,,,,,,,,,,,,,,,,
255,PT03M54.00S,2024-12-03T01:52:39.1Z,2,REGULAR,rebound,offensive,[],203076,,,1610612747,45,33,2024-12-03T01:53:25Z,2530000,False,,,0,,A. Davis REBOUND (Off:1 Def:5),[203076],1610612747.0,LAL,,,,Davis,A. Davis,,,,,In The Paint (Non-RA),0-8 Center,,,254.0,6.0,5.0,1.0,,,,,,,,,,,,,,
259,PT03M53.00S,2024-12-03T01:52:42.7Z,2,REGULAR,turnover,out-of-bounds,[],203076,,,1610612747,45,33,2024-12-03T01:54:38Z,2535000,False,,,0,,A. Davis lost ball out-of-bounds TURNOVER (1 TO),[203076],1610612747.0,LAL,lost ball,,,Davis,A. Davis,,,,,In The Paint (Non-RA),0-8 Center,,,,,,,,,,,2534.0,,,,,1.0,,,,
257,PT03M53.00S,2024-12-03T01:52:57.2Z,2,REGULAR,timeout,full,"['team', 'mandatory']",0,,,1610612750,45,33,2024-12-03T01:54:38Z,2550000,False,,,0,,MIN Timeout,[],1610612750.0,MIN,,,,,,,,,,,,,,,,,,,,,,,,,,,,,,,
260,PT03M31.00S,2024-12-03T01:56:13.5Z,2,REGULAR,2pt,Layup,"['pointsinthepaint', 'fromturnover']",1629675,8.492115637319317,50.73529411764706,1610612750,47,33,2024-12-03T01:56:17Z,2570000,False,-4.0,27.0,1,left,N. Reid driving finger roll Layup (9 PTS) (A. Edwards 3 AST),"[1629675, 1630162]",1610612750.0,MIN,driving finger roll,,,Reid,N. Reid,,,,,Restricted Area,0-8 Center,2.75,Made,,,,,9.0,A. Edwards,1630162.0,3.0,,,,,,,,,,
262,PT03M31.00S,2024-12-03T01:56:15.5Z,2,REGULAR,foul,personal,['1freethrow'],1629216,,,1610612750,47,33,2024-12-03T01:56:30Z,2590000,False,,,0,,G. Vincent shooting personal FOUL (1 PF) (Reid 1 FT),"[1629216, 1629675]",1610612747.0,LAL,shooting,,,Vincent,G. Vincent,,,,,Restricted Area,0-8 Center,,,,,,,,,,,202053.0,1.0,0.0,Reid,1629675.0,,,,,
264,PT03M31.00S,2024-12-03T01:56:36.2Z,2,REGULAR,freethrow,1 of 1,['fromturnover'],1629675,,,1610612750,48,33,2024-12-03T01:56:36Z,2610000,False,,,0,,N. Reid Free Throw 1 of 1 (10 PTS),[1629675],1610612750.0,MIN,,,,Reid,N. Reid,,,,,,,,Made,,,,,10.0,,,,,,,,,,,,,
265,PT03M25.00S,2024-12-03T01:56:49.5Z,2,REGULAR,3pt,Jump Shot,[],1626156,68.41327201051249,27.941176470588236,1610612747,48,36,2024-12-03T01:56:55Z,2620000,False,-110.0,244.0,1,right,D. Russell 26' 3PT pullup (13 PTS),[1626156],1610612747.0,LAL,pullup,,,Russell,D. Russell,,,,,Above the Break 3,24+ Left Center,26.81,Made,,,,,13.0,,,,,,,,,,,,,
266,PT03M10.00S,2024-12-03T01:57:04.4Z,2,REGULAR,2pt,Layup,['pointsinthepaint'],203944,8.09789750328515,54.166666666666664,1610612750,48,36,2024-12-03T01:58:06Z,2630000,False,-21.0,24.0,1,left,MISS J. Randle Layup,[203944],1610612750.0,MIN,,,,Randle,J. Randle,,,,,Restricted Area,0-8 Center,3.15,Missed,,,,,,,,,,,,,,,,,,
267,PT03M09.00S,2024-12-03T01:57:05.4Z,2,REGULAR,rebound,defensive,['team'],0,,,1610612747,48,36,2024-12-03T01:58:42Z,2640000,False,,,0,,TEAM defensive REBOUND,[],1610612747.0,LAL,,,,,,,,,,Restricted Area,0-8 Center,,,266.0,,,,,,,,,,,,,,,,,
269,PT03M09.00S,2024-12-03T01:57:29.5Z,2,REGULAR,timeout,challenge,['team'],0,,,1610612747,48,36,2024-12-03T01:58:50Z,2660000,False,,,0,,LAL Timeout,[],1610612747.0,LAL,,,,,,,,,,,,,,,,,,,,,,,,,,,,,,,
271,PT03M09.00S,2024-12-03T01:58:54.2Z,2,REGULAR,substitution,out,[],1630183,,,1610612747,48,36,2024-12-03T01:59:17Z,2680000,False,,,0,,SUB out: J. McDaniels,[1630183],1610612750.0,MIN,,,,McDaniels,J. McDaniels,,,,,,,,,,,,,,,,,,,,,,,,,,
272,PT03M09.00S,2024-12-03T01:58:54.2Z,2,REGULAR,substitution,out,[],1631108,,,1610612747,48,36,2024-12-03T01:59:17Z,2690000,False,,,0,,SUB out: M. Christie,[1631108],1610612747.0,LAL,,,,Christie,M. Christie,,,,,,,,,,,,,,,,,,,,,,,,,,
273,PT03M09.00S,2024-12-03T01:58:54.2Z,2,REGULAR,substitution,in,[],1629638,,,1610612747,48,36,2024-12-03T01:59:17Z,2700000,False,,,0,,SUB in: N. Alexander-Walker,[1629638],1610612750.0,MIN,,,,Alexander-Walker,N. Alexander-Walker,,,,,,,,,,,,,,,,,,,,,,,,,,
274,PT03M09.00S,2024-12-03T01:58:54.2Z,2,REGULAR,substitution,in,[],2544,,,1610612747,48,36,2024-12-03T01:59:17Z,2710000,False,,,0,,SUB in: L. James,[2544],1610612747.0,LAL,,,,James,L. James,,,,,,,,,,,,,,,,,,,,,,,,,,
275,PT02M53.00S,2024-12-03T01:59:23.0Z,2,REGULAR,turnover,lost ball,[],1629060,,,1610612747,48,36,2024-12-03T01:59:28Z,2720000,False,,,0,,R. Hachimura lost ball TURNOVER (2 TO),"[1629060, 1628978]",1610612747.0,LAL,,,,Hachimura,R. Hachimura,,,,,In The Paint (Non-RA),8-16 Center,,,,,,,,,,,,,,,,2.0,DiVincenzo,1628978.0,,
276,PT02M53.00S,2024-12-03T01:59:23.0Z,2,REGULAR,steal,,[],1628978,,,1610612750,48,36,2024-12-03T01:59:24Z,2730000,False,,,0,,D. DiVincenzo STEAL (1 STL),[1628978],1610612750.0,MIN,,,,DiVincenzo,D. DiVincenzo,,,,,In The Paint (Non-RA),8-16 Center,,,,,,,,,,,,,,,,,,,,
277,PT02M50.00S,2024-12-03T01:59:27.8Z,2,REGULAR,2pt,Layup,"['pointsinthepaint', 'fromturnover', 'fastbreak', 'defensivegoaltending']",1629638,7.703679369250986,48.529411764705884,1610612750,50,36,2024-12-03T01:59:39Z,2740000,False,7.0,20.0,1,left,N. Alexander-Walker running Layup (6 PTS) (D. DiVincenzo 6 AST),"[1629638, 1628978]",1610612750.0,MIN,running,,,Alexander-Walker,N. Alexander-Walker,,,,,Restricted Area,0-8 Center,2.12,Made,,,,,6.0,D. DiVincenzo,1628978.0,6.0,,,,,,,,,,
279,PT02M50.00S,2024-12-03T01:59:30.9Z,2,REGULAR,violation,defensive goaltending,[],1629060,,,1610612750,50,36,2024-12-03T01:59:39Z,2760000,False,,,0,,R. Hachimura defensive goaltending VIOLATION,[1629060],1610612747.0,LAL,,,,Hachimura,R. Hachimura,,,,,,,,,,,,,,,,,2534.0,,,,,,,,,
280,PT02M34.00S,2024-12-03T01:59:52.6Z,2,REGULAR,3pt,Jump Shot,[],1629216,67.88764783180025,66.42156862745098,1610612747,50,39,2024-12-03T01:59:57Z,2770000,False,82.0,249.0,1,right,G. Vincent 26' 3PT  (5 PTS) (D. Russell 2 AST),"[1629216, 1626156]",1610612747.0,LAL,,,,Vincent,G. Vincent,,,,,Above the Break 3,24+ Right Center,26.26,Made,,,,,5.0,D. Russell,1626156.0,2.0,,,,,,,,,,
282,PT02M11.00S,2024-12-03T02:00:15.2Z,2,REGULAR,3pt,Jump Shot,[],1628978,27.94021024967148,19.607843137254903,1610612750,53,39,2024-12-03T02:00:23Z,2790000,False,152.0,210.0,1,left,D. DiVincenzo 25' 3PT  (8 PTS) (J. Randle 3 AST),"[1628978, 203944]",1610612750.0,MIN,,,,DiVincenzo,D. DiVincenzo,,,,,Above the Break 3,24+ Right Center,25.93,Made,,,,,8.0,J. Randle,203944.0,3.0,,,,,,,,,,
284,PT01M58.00S,2024-12-03T02:00:31.9Z,2,REGULAR,foul,offensive,[],2544,,,1610612747,53,39,2024-12-03T02:00:38Z,2810000,False,,,0,,L. James charge offensive FOUL (1 PF),"[2544, 1629638]",1610612747.0,LAL,charge,,,James,L. James,,,,,In The Paint (Non-RA),0-8 Center,,,,,,,,,,,1627541.0,1.0,0.0,Alexander-Walker,1629638.0,,,,,
286,PT01M58.00S,2024-12-03T02:00:31.9Z,2,REGULAR,turnover,offensive foul,[],2544,,,1610612747,53,39,2024-12-03T02:00:31Z,2830000,False,,,0,,L. James offensive foul TURNOVER (3 TO),[2544],1610612747.0,LAL,,,,James,L. James,,,,,In The Paint (Non-RA),0-8 Center,,,,,,,,,,,1627541.0,,,,,3.0,,,,
287,PT01M44.00S,2024-12-03T02:01:01.6Z,2,REGULAR,3pt,Jump Shot,['fromturnover'],203944,22.07621550591327,11.787683823529411,1610612750,56,39,2024-12-03T02:01:07Z,2840000,False,191.0,155.0,1,left,J. Randle 24' 3PT  (10 PTS) (N. Alexander-Walker 3 AST),"[203944, 1629638]",1610612750.0,MIN,,,,Randle,J. Randle,,,,,Above the Break 3,24+ Right Center,24.61,Made,,,,,10.0,N. Alexander-Walker,1629638.0,3.0,,,,,,,,,,
289,PT01M29.00S,2024-12-03T02:01:15.9Z,2,REGULAR,3pt,Jump Shot,[],203076,69.46452036793693,62.745098039215684,1610612747,56,39,2024-12-03T02:01:21Z,2860000,False,64.0,235.0,1,right,MISS A. Davis 24' 3PT,[203076],1610612747.0,LAL,,,,Davis,A. Davis,,,,,Above the Break 3,24+ Center,24.3,Missed,,,,,,,,,,,,,,,,,,
290,PT01M25.00S,2024-12-03T02:01:20.3Z,2,REGULAR,rebound,offensive,[],2544,,,1610612747,56,39,2024-12-03T02:01:20Z,2870000,False,,,0,,L. James REBOUND (Off:2 Def:1),[2544],1610612747.0,LAL,,,,James,L. James,,,,,Above the Break 3,24+ Center,,,289.0,3.0,1.0,2.0,,,,,,,,,,,,,,
291,PT01M25.00S,2024-12-03T02:01:20.3Z,2,REGULAR,2pt,Layup,"['pointsinthepaint', '2ndchance']",2544,94.40999984741211,50.0,1610612747,56,41,2024-12-03T02:01:20Z,2880000,False,0.0,0.0,1,right,L. James tip Layup (5 PTS),[2544],1610612747.0,LAL,tip,,,James,L. James,,,,,Mid-Range,8-16 Left,0.0,Made,,,,,5.0,,,,,,,,,,,,,
292,PT01M12.00S,2024-12-03T02:01:32.8Z,2,REGULAR,3pt,Jump Shot,[],1628978,22.683968462549277,89.4607843137255,1610612750,56,41,2024-12-03T02:01:37Z,2890000,False,-197.0,161.0,1,left,MISS D. DiVincenzo 25' 3PT,[1628978],1610612750.0,MIN,,,,DiVincenzo,D. DiVincenzo,,,,,Above the Break 3,24+ Left Center,25.45,Missed,,,,,,,,,,,,,,,,,,
293,PT01M09.00S,2024-12-03T02:01:35.8Z,2,REGULAR,rebound,defensive,[],2544,,,1610612747,56,41,2024-12-03T02:01:37Z,2900000,False,,,0,,L. James REBOUND (Off:2 Def:2),[2544],1610612747.0,LAL,,,,James,L. James,,,,,Above the Break 3,24+ Left Center,,,292.0,4.0,2.0,2.0,,,,,,,,,,,,,,
294,PT01M07.00S,2024-12-03T02:01:40.8Z,2,REGULAR,foul,personal,[],1630162,,,1610612747,56,41,2024-12-03T02:01:46Z,2910000,False,,,0,,A. Edwards personal FOUL (1 PF),"[1630162, 2544]",1610612750.0,MIN,,,,Edwards,A. Edwards,,,,,Above the Break 3,24+ Center,,,,,,,,,,,2534.0,1.0,0.0,James,2544.0,,,,,
296,PT01M07.00S,2024-12-03T02:02:01.8Z,2,REGULAR,substitution,out,[],1629675,,,1610612747,56,41,2024-12-03T02:02:05Z,2930000,False,,,0,,SUB out: N. Reid,[1629675],1610612750.0,MIN,,,,Reid,N. Reid,,,,,,,,,,,,,,,,,,,,,,,,,,
297,PT01M07.00S,2024-12-03T02:02:01.8Z,2,REGULAR,substitution,in,[],203497,,,1610612747,56,41,2024-12-03T02:02:05Z,2940000,False,,,0,,SUB in: R. Gobert,[203497],1610612750.0,MIN,,,,Gobert,R. Gobert,,,,,,,,,,,,,,,,,,,,,,,,,,
298,PT00M59.80S,2024-12-03T02:02:22.5Z,2,REGULAR,2pt,Jump Shot,[],1626156,89.63945466491458,69.38572303921569,1610612747,56,41,2024-12-03T02:02:45Z,2950000,False,97.0,45.0,1,right,MISS D. Russell 10' fadeaway Shot,[1626156],1610612747.0,LAL,fadeaway,,,Russell,D. Russell,,,,,Mid-Range,8-16 Right,10.68,Missed,,,,,,,,,,,,,,,,,,
299,PT00M56.10S,2024-12-03T02:02:26.2Z,2,REGULAR,rebound,defensive,[],1630162,,,1610612750,56,41,2024-12-03T02:02:29Z,2960000,False,,,0,,A. Edwards REBOUND (Off:0 Def:6),[1630162],1610612750.0,MIN,,,,Edwards,A. Edwards,,,,,Mid-Range,8-16 Right,,,298.0,6.0,6.0,0.0,,,,,,,,,,,,,,
300,PT00M46.80S,2024-12-03T02:02:35.4Z,2,REGULAR,3pt,Jump Shot,[],1630162,30.305519053876477,66.91176470588235,1610612750,56,41,2024-12-03T02:03:28Z,2970000,False,-85.0,232.0,1,left,MISS A. Edwards 24' pullup 3PT,[1630162],1610612750.0,MIN,pullup,,,Edwards,A. Edwards,,,,,Above the Break 3,24+ Left Center,24.73,Missed,,,,,,,,,,,,,,,,,,
301,PT00M43.70S,2024-12-03T02:02:38.5Z,2,REGULAR,rebound,defensive,[],203076,,,1610612747,56,41,2024-12-03T02:02:39Z,2980000,False,,,0,,A. Davis REBOUND (Off:1 Def:6),[203076],1610612747.0,LAL,,,,Davis,A. Davis,,,,,Above the Break 3,24+ Left Center,,,300.0,7.0,6.0,1.0,,,,,,,,,,,,,,
302,PT00M22.80S,2024-12-03T02:02:59.5Z,2,REGULAR,2pt,Jump Shot,[],203076,89.63945466491458,29.20113357843137,1610612747,56,41,2024-12-03T02:03:05Z,2990000,False,-104.0,45.0,1,right,MISS A. Davis 11' driving floating Shot,[203076],1610612747.0,LAL,driving floating,,,Davis,A. Davis,,,,,Mid-Range,8-16 Left,11.33,Missed,,,,,,,,,,,,,,,,,,
303,PT00M20.90S,2024-12-03T02:03:01.4Z,2,REGULAR,rebound,offensive,[],2544,,,1610612747,56,41,2024-12-03T02:03:05Z,3000000,False,,,0,,L. James REBOUND (Off:3 Def:2),[2544],1610612747.0,LAL,,,,James,L. James,,,,,Mid-Range,8-16 Left,,,302.0,5.0,2.0,3.0,,,,,,,,,,,,,,
304,PT00M19.30S,2024-12-03T02:03:03.1Z,2,REGULAR,3pt,Jump Shot,['2ndchance'],1629060,75.77201051248358,85.7843137254902,1610612747,56,41,2024-12-03T02:03:07Z,3010000,False,179.0,175.0,1,right,MISS R. Hachimura 25' 3PT,[1629060],1610612747.0,LAL,,,,Hachimura,R. Hachimura,,,,,Above the Break 3,24+ Right Center,25.04,Missed,,,,,,,,,,,,,,,,,,
305,PT00M19.30S,2024-12-03T02:03:03.1Z,2,REGULAR,rebound,offensive,[],1626156,,,1610612747,56,41,2024-12-03T02:03:07Z,3020000,False,,,0,,D. Russell REBOUND (Off:1 Def:1),[1626156],1610612747.0,LAL,,,,Russell,D. Russell,,,,,Above the Break 3,24+ Right Center,,,304.0,2.0,1.0,1.0,,,,,,,,,,,,,,
306,PT00M15.60S,2024-12-03T02:03:06.8Z,2,REGULAR,3pt,Jump Shot,['2ndchance'],1626156,67.73570959264126,44.97549019607843,1610612747,56,44,2024-12-03T02:03:27Z,3030000,False,-25.0,251.0,1,right,D. Russell 25' 3PT  (16 PTS),[1626156],1610612747.0,LAL,,,,Russell,D. Russell,,,,,Above the Break 3,24+ Center,25.21,Made,,,,,16.0,,,,,,,,,,,,,
307,PT00M02.90S,2024-12-03T02:03:28.8Z,2,REGULAR,foul,personal,[],1629060,,,1610612750,56,44,2024-12-03T02:03:38Z,3040000,False,,,0,,R. Hachimura take personal FOUL (2 PF),"[1629060, 1630162]",1610612747.0,LAL,take,,,Hachimura,R. Hachimura,,,,,Above the Break 3,24+ Center,,,,,,,,,,,202053.0,2.0,0.0,Edwards,1630162.0,,,,,
309,PT00M02.90S,2024-12-03T02:03:42.7Z,2,REGULAR,substitution,out,[],1626156,,,1610612750,56,44,2024-12-03T02:03:49Z,3060000,False,,,0,,SUB out: D. Russell,[1626156],1610612747.0,LAL,,,,Russell,D. Russell,,,,,,,,,,,,,,,,,,,,,,,,,,
310,PT00M02.90S,2024-12-03T02:03:42.7Z,2,REGULAR,substitution,in,[],1629629,,,1610612750,56,44,2024-12-03T02:03:49Z,3070000,False,,,0,,SUB in: C. Reddish,[1629629],1610612747.0,LAL,,,,Reddish,C. Reddish,,,,,,,,,,,,,,,,,,,,,,,,,,
313,PT00M00.00S,2024-12-03T02:04:05.4Z,2,REGULAR,period,end,[],0,,,1610612750,56,44,2024-12-03T02:04:05Z,3100000,False,,,0,,Period End,[],,,,,,,,,,,,,,,,,,,,,,,,,,,,,,,,,
314,PT12M00.00S,2024-12-03T02:18:47.5Z,3,REGULAR,substitution,out,['startperiod'],1628978,,,1610612750,56,44,2024-12-03T02:19:23Z,3110000,False,,,0,,SUB out: D. DiVincenzo,[1628978],1610612750.0,MIN,,,,DiVincenzo,D. DiVincenzo,,,,,,,,,,,,,,,,,,,,,,,,,,
315,PT12M00.00S,2024-12-03T02:18:47.5Z,3,REGULAR,substitution,out,['startperiod'],1629638,,,1610612750,56,44,2024-12-03T02:19:23Z,3120000,False,,,0,,SUB out: N. Alexander-Walker,[1629638],1610612750.0,MIN,,,,Alexander-Walker,N. Alexander-Walker,,,,,,,,,,,,,,,,,,,,,,,,,,
316,PT12M00.00S,2024-12-03T02:18:47.5Z,3,REGULAR,substitution,out,['startperiod'],1629216,,,1610612750,56,44,2024-12-03T02:19:23Z,3130000,False,,,0,,SUB out: G. Vincent,[1629216],1610612747.0,LAL,,,,Vincent,G. Vincent,,,,,,,,,,,,,,,,,,,,,,,,,,
317,PT12M00.00S,2024-12-03T02:18:47.5Z,3,REGULAR,substitution,out,['startperiod'],1629629,,,1610612750,56,44,2024-12-03T02:19:23Z,3140000,False,,,0,,SUB out: C. Reddish,[1629629],1610612747.0,LAL,,,,Reddish,C. Reddish,,,,,,,,,,,,,,,,,,,,,,,,,,
318,PT12M00.00S,2024-12-03T02:18:47.5Z,3,REGULAR,substitution,in,['startperiod'],1630183,,,1610612750,56,44,2024-12-03T02:19:23Z,3150000,False,,,0,,SUB in: J. McDaniels,[1630183],1610612750.0,MIN,,,,McDaniels,J. McDaniels,,,,,,,,,,,,,,,,,,,,,,,,,,
319,PT12M00.00S,2024-12-03T02:18:47.5Z,3,REGULAR,substitution,in,['startperiod'],201144,,,1610612750,56,44,2024-12-03T02:19:23Z,3160000,False,,,0,,SUB in: M. Conley,[201144],1610612750.0,MIN,,,,Conley,M. Conley,,,,,,,,,,,,,,,,,,,,,,,,,,
320,PT12M00.00S,2024-12-03T02:18:47.5Z,3,REGULAR,substitution,in,['startperiod'],1626156,,,1610612750,56,44,2024-12-03T02:19:23Z,3170000,False,,,0,,SUB in: D. Russell,[1626156],1610612747.0,LAL,,,,Russell,D. Russell,,,,,,,,,,,,,,,,,,,,,,,,,,
321,PT12M00.00S,2024-12-03T02:18:47.5Z,3,REGULAR,substitution,in,['startperiod'],1642261,,,1610612750,56,44,2024-12-03T02:19:23Z,3180000,False,,,0,,SUB in: D. Knecht,[1642261],1610612747.0,LAL,,,,Knecht,D. Knecht,,,,,,,,,,,,,,,,,,,,,,,,,,
322,PT12M00.00S,2024-12-03T02:19:28.8Z,3,REGULAR,period,start,[],0,,,1610612747,56,44,2024-12-03T02:19:28Z,3190000,False,,,0,,Period Start,[],,,,,,,,,,,,,,,,,,,,,,,,,,,,,,,,,
323,PT11M51.00S,2024-12-03T02:19:37.7Z,3,REGULAR,3pt,Jump Shot,[],1642261,31.882391590013142,44.36274509803921,1610612747,56,44,2024-12-03T02:19:47Z,3200000,False,28.0,247.0,1,left,MISS D. Knecht 24' 3PT,[1642261],1610612747.0,LAL,,,,Knecht,D. Knecht,,,,,Above the Break 3,24+ Center,24.88,Missed,,,,,,,,,,,,,,,,,,
324,PT11M47.00S,2024-12-03T02:19:41.7Z,3,REGULAR,rebound,defensive,[],1630183,,,1610612750,56,44,2024-12-03T02:19:47Z,3210000,False,,,0,,J. McDaniels REBOUND (Off:0 Def:1),[1630183],1610612750.0,MIN,,,,McDaniels,J. McDaniels,,,,,Above the Break 3,24+ Center,,,323.0,1.0,1.0,0.0,,,,,,,,,,,,,,
325,PT11M34.00S,2024-12-03T02:19:54.8Z,3,REGULAR,foul,personal,['2freethrow'],203076,,,1610612750,56,44,2024-12-03T02:20:04Z,3220000,False,,,0,,A. Davis shooting personal FOUL (2 PF) (Randle 2 FT),"[203076, 203944]",1610612747.0,LAL,shooting,,,Davis,A. Davis,,,,,Restricted Area,0-8 Center,,,,,,,,,,,1627541.0,2.0,0.0,Randle,203944.0,,,,,
327,PT11M34.00S,2024-12-03T02:20:27.0Z,3,REGULAR,freethrow,1 of 2,[],203944,,,1610612750,57,44,2024-12-03T02:20:27Z,3240000,False,,,0,,J. Randle Free Throw 1 of 2 (11 PTS),[203944],1610612750.0,MIN,,,,Randle,J. Randle,,,,,,,,Made,,,,,11.0,,,,,,,,,,,,,
328,PT11M34.00S,2024-12-03T02:20:44.1Z,3,REGULAR,freethrow,2 of 2,[],203944,,,1610612750,58,44,2024-12-03T02:20:44Z,3250000,False,,,0,,J. Randle Free Throw 2 of 2 (12 PTS),[203944],1610612750.0,MIN,,,,Randle,J. Randle,,,,,,,,Made,,,,,12.0,,,,,,,,,,,,,
329,PT11M22.00S,2024-12-03T02:20:58.0Z,3,REGULAR,3pt,Jump Shot,[],2544,28.33442838370565,23.774509803921568,1610612747,58,44,2024-12-03T02:21:04Z,3260000,False,131.0,214.0,1,left,MISS L. James 25' 3PT,[2544],1610612747.0,LAL,,,,James,L. James,,,,,Above the Break 3,24+ Right Center,25.08,Missed,,,,,,,,,,,,,,,,,,
330,PT11M19.00S,2024-12-03T02:21:01.0Z,3,REGULAR,rebound,defensive,[],1630183,,,1610612750,58,44,2024-12-03T02:21:04Z,3270000,False,,,0,,J. McDaniels REBOUND (Off:0 Def:2),[1630183],1610612750.0,MIN,,,,McDaniels,J. McDaniels,,,,,Above the Break 3,24+ Right Center,,,329.0,2.0,2.0,0.0,,,,,,,,,,,,,,
331,PT11M06.00S,2024-12-03T02:21:14.7Z,3,REGULAR,2pt,Jump Shot,['pointsinthepaint'],203944,87.46714848883047,55.14705882352941,1610612750,58,44,2024-12-03T02:21:20Z,3280000,False,26.0,65.0,1,right,MISS J. Randle 7' fadeaway Shot,[203944],1610612750.0,MIN,fadeaway,,,Randle,J. Randle,,,,,In The Paint (Non-RA),0-8 Center,7.02,Missed,,,,,,,,,,,,,,,,,,
332,PT11M05.00S,2024-12-03T02:21:15.7Z,3,REGULAR,rebound,defensive,[],203076,,,1610612747,58,44,2024-12-03T02:21:20Z,3290000,False,,,0,,A. Davis REBOUND (Off:1 Def:7),[203076],1610612747.0,LAL,,,,Davis,A. Davis,,,,,In The Paint (Non-RA),0-8 Center,,,331.0,8.0,7.0,1.0,,,,,,,,,,,,,,
333,PT10M53.00S,2024-12-03T02:21:27.5Z,3,REGULAR,2pt,DUNK,['pointsinthepaint'],1629060,5.124835742444152,51.899509803921575,1610612747,58,46,2024-12-03T02:22:11Z,3300000,False,-9.0,-4.0,1,left,R. Hachimura driving reverse DUNK (4 PTS) (L. James 3 AST),"[1629060, 2544]",1610612747.0,LAL,driving reverse,,,Hachimura,R. Hachimura,,,,,Restricted Area,0-8 Center,1.04,Made,,,,,4.0,L. James,2544.0,3.0,,,,,,,,,,
335,PT10M29.00S,2024-12-03T02:21:51.5Z,3,REGULAR,2pt,Jump Shot,[],1630162,81.02825229960578,23.52941176470588,1610612750,58,46,2024-12-03T02:21:57Z,3320000,False,-132.0,126.0,1,right,MISS A. Edwards 18' step back Shot,[1630162],1610612750.0,MIN,step back,,,Edwards,A. Edwards,,,,,Mid-Range,16-24 Left Center,18.26,Missed,,,,,,,,,,,,,,,,,,
336,PT10M27.00S,2024-12-03T02:21:53.5Z,3,REGULAR,rebound,offensive,[],203497,,,1610612750,58,46,2024-12-03T02:21:57Z,3330000,False,,,0,,R. Gobert REBOUND (Off:4 Def:4),[203497],1610612750.0,MIN,,,,Gobert,R. Gobert,,,,,Mid-Range,16-24 Left Center,,,335.0,8.0,4.0,4.0,,,,,,,,,,,,,,
337,PT10M27.00S,2024-12-03T02:21:55.5Z,3,REGULAR,foul,personal,['2freethrow'],203076,,,1610612750,58,46,2024-12-03T02:22:04Z,3340000,False,,,0,,A. Davis shooting personal FOUL (3 PF) (Gobert 2 FT),"[203076, 203497]",1610612747.0,LAL,shooting,,,Davis,A. Davis,,,,,Restricted Area,0-8 Center,,,,,,,,,,,1627541.0,3.0,0.0,Gobert,203497.0,,,,,
339,PT10M27.00S,2024-12-03T02:22:22.9Z,3,REGULAR,freethrow,1 of 2,['2ndchance'],203497,,,1610612750,59,46,2024-12-03T02:22:44Z,3360000,False,,,0,,R. Gobert Free Throw 1 of 2 (9 PTS),[203497],1610612750.0,MIN,,,,Gobert,R. Gobert,,,,,,,,Made,,,,,9.0,,,,,,,,,,,,,
340,PT10M27.00S,2024-12-03T02:22:22.9Z,3,REGULAR,freethrow,2 of 2,['2ndchance'],203497,,,1610612750,59,46,2024-12-03T02:22:44Z,3370000,False,,,0,,MISS R. Gobert Free Throw 2 of 2,[203497],1610612750.0,MIN,,,,Gobert,R. Gobert,,,,,,,,Missed,,,,,,,,,,,,,,,,,,
341,PT10M25.00S,2024-12-03T02:22:24.9Z,3,REGULAR,rebound,defensive,[],1629060,,,1610612747,59,46,2024-12-03T02:22:44Z,3380000,False,,,0,,R. Hachimura REBOUND (Off:1 Def:2),[1629060],1610612747.0,LAL,,,,Hachimura,R. Hachimura,,,,,,,,,340.0,3.0,2.0,1.0,,,,,,,,,,,,,,
342,PT10M06.00S,2024-12-03T02:23:01.0Z,3,REGULAR,2pt,Jump Shot,[],1629060,6.389618922470433,85.5392156862745,1610612747,59,48,2024-12-03T02:23:06Z,3390000,False,-178.0,8.0,1,left,R. Hachimura 17' pullup Jump Shot (6 PTS) (L. James 4 AST),"[1629060, 2544]",1610612747.0,LAL,pullup,,,Hachimura,R. Hachimura,,,,,Mid-Range,16-24 Left,17.79,Made,,,,,6.0,L. James,2544.0,4.0,,,,,,,,,,
344,PT09M54.00S,2024-12-03T02:23:15.4Z,3,REGULAR,foul,offensive,[],203944,,,1610612750,59,48,2024-12-03T02:23:22Z,3410000,False,,,0,,J. Randle offensive FOUL (2 PF),"[203944, 1626156]",1610612750.0,MIN,,,,Randle,J. Randle,,,,,Above the Break 3,24+ Center,,,,,,,,,,,1627541.0,2.0,0.0,Russell,1626156.0,,,,,
346,PT09M54.00S,2024-12-03T02:23:15.4Z,3,REGULAR,turnover,offensive foul,[],203944,,,1610612750,59,48,2024-12-03T02:23:15Z,3430000,False,,,0,,J. Randle offensive foul TURNOVER (1 TO),[203944],1610612750.0,MIN,,,,Randle,J. Randle,,,,,Above the Break 3,24+ Center,,,,,,,,,,,1627541.0,,,,,1.0,,,,
347,PT09M41.00S,2024-12-03T02:23:41.1Z,3,REGULAR,2pt,DUNK,"['pointsinthepaint', 'fromturnover']",1642261,4.993429697766097,48.89705882352941,1610612747,59,50,2024-12-03T02:23:47Z,3440000,False,6.0,-6.0,1,left,D. Knecht cutting DUNK (2 PTS) (D. Russell 3 AST),"[1642261, 1626156]",1610612747.0,LAL,cutting,,,Knecht,D. Knecht,,,,,Restricted Area,0-8 Center,0.78,Made,,,,,2.0,D. Russell,1626156.0,3.0,,,,,,,,,,
349,PT09M16.00S,2024-12-03T02:24:05.2Z,3,REGULAR,3pt,Jump Shot,[],1630183,82.60512483574244,93.62745098039215,1610612750,62,50,2024-12-03T02:24:09Z,3460000,False,218.0,111.0,1,right,J. McDaniels 24' 3PT  (3 PTS) (M. Conley 4 AST),"[1630183, 201144]",1610612750.0,MIN,,,,McDaniels,J. McDaniels,,,,,Above the Break 3,24+ Right Center,24.47,Made,,,,,3.0,M. Conley,201144.0,4.0,,,,,,,,,,
351,PT08M55.00S,2024-12-03T02:24:26.4Z,3,REGULAR,2pt,Jump Shot,['pointsinthepaint'],1626156,15.982260183968464,41.17647058823529,1610612747,62,52,2024-12-03T02:24:58Z,3480000,False,44.0,98.0,1,left,D. Russell 10' driving floating Jump Shot (18 PTS),[1626156],1610612747.0,LAL,driving floating,,,Russell,D. Russell,,,,,In The Paint (Non-RA),8-16 Center,10.72,Made,,,,,18.0,,,,,,,,,,,,,
352,PT08M36.00S,2024-12-03T02:24:45.3Z,3,REGULAR,2pt,Jump Shot,['pointsinthepaint'],203944,84.62549277266754,49.16513480392157,1610612750,64,52,2024-12-03T02:25:25Z,3490000,False,-4.0,92.0,1,right,J. Randle 9' turnaround fadeaway Jump Shot (14 PTS),[203944],1610612750.0,MIN,turnaround fadeaway,,,Randle,J. Randle,,,,,In The Paint (Non-RA),8-16 Center,9.21,Made,,,,,14.0,,,,,,,,,,,,,
353,PT08M19.00S,2024-12-03T02:25:07.8Z,3,REGULAR,foul,offensive,[],1642261,,,1610612747,64,52,2024-12-03T02:25:14Z,3500000,False,,,0,,D. Knecht offensive FOUL (1 PF),"[1642261, 201144]",1610612747.0,LAL,,,,Knecht,D. Knecht,,,,,Above the Break 3,16-24 Left,,,,,,,,,,,1627541.0,1.0,0.0,Conley,201144.0,,,,,
355,PT08M19.00S,2024-12-03T02:25:07.8Z,3,REGULAR,turnover,offensive foul,[],1642261,,,1610612747,64,52,2024-12-03T02:25:07Z,3520000,False,,,0,,D. Knecht offensive foul TURNOVER (1 TO),[1642261],1610612747.0,LAL,,,,Knecht,D. Knecht,,,,,Above the Break 3,16-24 Left,,,,,,,,,,,1627541.0,,,,,1.0,,,,
356,PT08M04.00S,2024-12-03T02:25:38.5Z,3,REGULAR,turnover,out-of-bounds,[],1630183,,,1610612750,64,52,2024-12-03T02:26:43Z,3530000,False,,,0,,J. McDaniels lost ball out-of-bounds TURNOVER (2 TO),[1630183],1610612750.0,MIN,lost ball,,,McDaniels,J. McDaniels,,,,,Above the Break 3,24+ Left Center,,,,,,,,,,,202053.0,,,,,2.0,,,,
357,PT07M45.00S,2024-12-03T02:26:00.0Z,3,REGULAR,2pt,Jump Shot,"['pointsinthepaint', 'fromturnover']",203076,14.799605781865965,38.23529411764706,1610612747,64,52,2024-12-03T02:27:03Z,3540000,False,59.0,87.0,1,left,MISS A. Davis 10' driving floating Shot,[203076],1610612747.0,LAL,driving floating,,,Davis,A. Davis,,,,,In The Paint (Non-RA),8-16 Right,10.47,Missed,,,,,,,,,,,,,,,,,,
358,PT07M42.00S,2024-12-03T02:26:03.0Z,3,REGULAR,rebound,defensive,[],203944,,,1610612750,64,52,2024-12-03T02:26:05Z,3550000,False,,,0,,J. Randle REBOUND (Off:0 Def:4),[203944],1610612750.0,MIN,,,,Randle,J. Randle,,,,,In The Paint (Non-RA),8-16 Right,,,357.0,4.0,4.0,0.0,,,,,,,,,,,,,,
359,PT07M36.00S,2024-12-03T02:26:08.6Z,3,REGULAR,2pt,Layup,['pointsinthepaint'],203944,93.11760840998686,48.28431372549019,1610612750,66,52,2024-12-03T02:26:19Z,3560000,False,-9.0,12.0,1,right,J. Randle driving finger roll Layup (16 PTS),[203944],1610612750.0,MIN,driving finger roll,,,Randle,J. Randle,,,,,Restricted Area,0-8 Center,1.49,Made,,,,,16.0,,,,,,,,,,,,,
360,PT07M36.00S,2024-12-03T02:26:13.1Z,3,REGULAR,timeout,full,"['team', 'mandatory']",0,,,1610612747,66,52,2024-12-03T02:26:13Z,3570000,False,,,0,,LAL Timeout,[],1610612747.0,LAL,,,,,,,,,,,,,,,,,,,,,,,,,,,,,,,
361,PT07M23.00S,2024-12-03T02:29:23.9Z,3,REGULAR,turnover,out-of-bounds,[],2544,,,1610612747,66,52,2024-12-03T02:29:29Z,3580000,False,,,0,,L. James bad pass out-of-bounds TURNOVER (4 TO),[2544],1610612747.0,LAL,bad pass,,,James,L. James,,,,,Above the Break 3,24+ Left Center,,,,,,,,,,,2534.0,,,,,4.0,,,,
362,PT07M02.00S,2024-12-03T02:29:49.8Z,3,REGULAR,3pt,Jump Shot,['fromturnover'],201144,73.06176084099869,80.41513480392157,1610612750,66,52,2024-12-03T02:29:57Z,3590000,False,152.0,201.0,1,right,MISS M. Conley 25' 3PT,[201144],1610612750.0,MIN,,,,Conley,M. Conley,,,,,Above the Break 3,24+ Right Center,25.18,Missed,,,,,,,,,,,,,,,,,,
363,PT07M01.00S,2024-12-03T02:29:50.8Z,3,REGULAR,rebound,defensive,[],1629060,,,1610612747,66,52,2024-12-03T02:29:57Z,3600000,False,,,0,,R. Hachimura REBOUND (Off:1 Def:3),[1629060],1610612747.0,LAL,,,,Hachimura,R. Hachimura,,,,,Above the Break 3,24+ Right Center,,,362.0,4.0,3.0,1.0,,,,,,,,,,,,,,
364,PT06M57.00S,2024-12-03T02:29:57.4Z,3,REGULAR,2pt,Layup,"['fastbreak', 'pointsinthepaint']",203076,9.280551905387648,54.90196078431373,1610612747,66,52,2024-12-03T02:38:18Z,3610000,False,-25.0,35.0,1,left,MISS A. Davis running Layup - blocked,"[203076, 1630183]",1610612747.0,LAL,running,,,Davis,A. Davis,,,,,Restricted Area,0-8 Center,4.25,Missed,,,,,,,,,,,,,,,,,McDaniels,1630183.0
365,PT06M57.00S,2024-12-03T02:29:57.4Z,3,REGULAR,block,,[],1630183,,,1610612747,66,52,2024-12-03T02:29:59Z,3620000,False,,,0,,J. McDaniels BLOCK (1 BLK),[1630183],1610612750.0,MIN,,,,McDaniels,J. McDaniels,,,,,Restricted Area,0-8 Center,,,,,,,,,,,,,,,,,,,,
366,PT06M55.00S,2024-12-03T02:29:59.4Z,3,REGULAR,rebound,offensive,[],203076,,,1610612747,66,52,2024-12-03T02:38:18Z,3630000,False,,,0,,A. Davis REBOUND (Off:2 Def:7),[203076],1610612747.0,LAL,,,,Davis,A. Davis,,,,,Restricted Area,0-8 Center,,,364.0,9.0,7.0,2.0,,,,,,,,,,,,,,
426,PT06M54.00S,2024-12-03T02:30:01.8Z,3,REGULAR,turnover,lost ball,[],203076,,,1610612747,66,52,2024-12-03T02:38:55Z,3635000,False,,,0,,A. Davis lost ball TURNOVER (2 TO),"[203076, 1630162]",1610612747.0,LAL,,,,Davis,A. Davis,,,,,Restricted Area,0-8 Center,,,,,,,,,,,,,,,,2.0,Edwards,1630162.0,,
427,PT06M54.00S,2024-12-03T02:30:01.8Z,3,REGULAR,steal,,[],1630162,,,1610612750,66,52,2024-12-03T02:41:30Z,3637500,False,,,0,,A. Edwards STEAL (2 STL),[1630162],1610612750.0,MIN,,,,Edwards,A. Edwards,,,,,Restricted Area,0-8 Center,,,,,,,,,,,,,,,,,,,,
367,PT06M46.00S,2024-12-03T02:30:06.2Z,3,REGULAR,3pt,Jump Shot,"['fastbreak', 'fromturnover']",1630162,67.49342969776609,39.705882352941174,1610612750,66,52,2024-12-03T02:38:45Z,3640000,False,-51.0,253.0,1,right,MISS A. Edwards 25' running 3PT,[1630162],1610612750.0,MIN,running,,,Edwards,A. Edwards,,,,,Above the Break 3,24+ Center,25.83,Missed,,,,,,,,,,,,,,,,,,
368,PT06M43.00S,2024-12-03T02:30:09.2Z,3,REGULAR,rebound,defensive,[],2544,,,1610612747,66,52,2024-12-03T02:30:10Z,3650000,False,,,0,,L. James REBOUND (Off:3 Def:3),[2544],1610612747.0,LAL,,,,James,L. James,,,,,Above the Break 3,24+ Center,,,367.0,6.0,3.0,3.0,,,,,,,,,,,,,,
369,PT06M40.00S,2024-12-03T02:30:16.3Z,3,REGULAR,foul,personal,[],201144,,,1610612747,66,52,2024-12-03T02:30:24Z,3660000,False,,,0,,M. Conley personal FOUL (1 PF),"[201144, 203076]",1610612750.0,MIN,,,,Conley,M. Conley,,,,,Restricted Area,0-8 Center,,,,,,,,,,,1627541.0,1.0,0.0,Davis,203076.0,,,,,
371,PT06M40.00S,2024-12-03T02:30:29.4Z,3,REGULAR,substitution,out,[],201144,,,1610612747,66,52,2024-12-03T02:30:34Z,3680000,False,,,0,,SUB out: M. Conley,[201144],1610612750.0,MIN,,,,Conley,M. Conley,,,,,,,,,,,,,,,,,,,,,,,,,,
372,PT06M40.00S,2024-12-03T02:30:29.4Z,3,REGULAR,substitution,in,[],1629638,,,1610612747,66,52,2024-12-03T02:30:34Z,3690000,False,,,0,,SUB in: N. Alexander-Walker,[1629638],1610612750.0,MIN,,,,Alexander-Walker,N. Alexander-Walker,,,,,,,,,,,,,,,,,,,,,,,,,,
373,PT06M32.00S,2024-12-03T02:30:48.4Z,3,REGULAR,2pt,Jump Shot,['pointsinthepaint'],2544,19.004599211563733,59.31372549019608,1610612747,66,52,2024-12-03T02:30:54Z,3700000,False,-47.0,126.0,1,left,MISS L. James 13' turnaround fadeaway Shot,[2544],1610612747.0,LAL,turnaround fadeaway,,,James,L. James,,,,,In The Paint (Non-RA),8-16 Center,13.44,Missed,,,,,,,,,,,,,,,,,,
374,PT06M28.00S,2024-12-03T02:30:52.4Z,3,REGULAR,rebound,defensive,[],1630162,,,1610612750,66,52,2024-12-03T02:30:54Z,3710000,False,,,0,,A. Edwards REBOUND (Off:0 Def:7),[1630162],1610612750.0,MIN,,,,Edwards,A. Edwards,,,,,In The Paint (Non-RA),8-16 Center,,,373.0,7.0,7.0,0.0,,,,,,,,,,,,,,
375,PT06M20.00S,2024-12-03T02:30:59.5Z,3,REGULAR,3pt,Jump Shot,[],1629638,93.77463863337714,4.901960784313726,1610612750,66,52,2024-12-03T02:31:04Z,3720000,False,-225.0,6.0,1,right,MISS N. Alexander-Walker 3PT,[1629638],1610612750.0,MIN,,,,Alexander-Walker,N. Alexander-Walker,,,,,Left Corner 3,24+ Left,22.56,Missed,,,,,,,,,,,,,,,,,,
376,PT06M17.00S,2024-12-03T02:31:02.5Z,3,REGULAR,rebound,defensive,[],203076,,,1610612747,66,52,2024-12-03T02:31:07Z,3730000,False,,,0,,A. Davis REBOUND (Off:2 Def:8),[203076],1610612747.0,LAL,,,,Davis,A. Davis,,,,,Left Corner 3,24+ Left,,,375.0,10.0,8.0,2.0,,,,,,,,,,,,,,
377,PT06M04.00S,2024-12-03T02:31:16.4Z,3,REGULAR,2pt,DUNK,['pointsinthepaint'],1629060,4.862023653088042,46.978400735294116,1610612747,66,54,2024-12-03T02:31:21Z,3740000,False,15.0,-7.0,1,left,R. Hachimura cutting DUNK (8 PTS) (D. Russell 4 AST),"[1629060, 1626156]",1610612747.0,LAL,cutting,,,Hachimura,R. Hachimura,,,,,Restricted Area,0-8 Center,1.66,Made,,,,,8.0,D. Russell,1626156.0,4.0,,,,,,,,,,
379,PT05M40.00S,2024-12-03T02:31:39.3Z,3,REGULAR,2pt,Jump Shot,['pointsinthepaint'],1629638,88.5676741130092,36.58471200980392,1610612750,66,54,2024-12-03T02:38:09Z,3760000,False,-67.0,55.0,1,right,MISS N. Alexander-Walker 8' driving floating Shot,[1629638],1610612750.0,MIN,driving floating,,,Alexander-Walker,N. Alexander-Walker,,,,,In The Paint (Non-RA),8-16 Left,8.68,Missed,,,,,,,,,,,,,,,,,,
380,PT05M37.00S,2024-12-03T02:31:42.3Z,3,REGULAR,rebound,defensive,[],1626156,,,1610612747,66,54,2024-12-03T02:31:46Z,3770000,False,,,0,,D. Russell REBOUND (Off:1 Def:2),[1626156],1610612747.0,LAL,,,,Russell,D. Russell,,,,,In The Paint (Non-RA),8-16 Left,,,379.0,3.0,2.0,1.0,,,,,,,,,,,,,,
381,PT05M35.00S,2024-12-03T02:31:45.1Z,3,REGULAR,turnover,lost ball,[],1626156,,,1610612747,66,54,2024-12-03T02:31:49Z,3780000,False,,,0,,D. Russell lost ball TURNOVER (3 TO),"[1626156, 1630183]",1610612747.0,LAL,,,,Russell,D. Russell,,,,,Above the Break 3,24+ Left Center,,,,,,,,,,,,,,,,3.0,McDaniels,1630183.0,,
382,PT05M35.00S,2024-12-03T02:31:45.1Z,3,REGULAR,steal,,[],1630183,,,1610612750,66,54,2024-12-03T02:55:31Z,3790000,False,,,0,,J. McDaniels STEAL (1 STL),[1630183],1610612750.0,MIN,,,,McDaniels,J. McDaniels,,,,,Above the Break 3,24+ Left Center,,,,,,,,,,,,,,,,,,,,
383,PT05M32.00S,2024-12-03T02:31:48.1Z,3,REGULAR,3pt,Jump Shot,['fromturnover'],203944,92.77266754270697,95.61121323529412,1610612750,66,54,2024-12-03T02:40:17Z,3800000,False,228.0,15.0,1,right,MISS J. Randle 3PT,[203944],1610612750.0,MIN,,,,Randle,J. Randle,,,,,Right Corner 3,24+ Right,22.86,Missed,,,,,,,,,,,,,,,,,,
384,PT05M28.00S,2024-12-03T02:31:52.1Z,3,REGULAR,rebound,defensive,[],203076,,,1610612747,66,54,2024-12-03T02:31:57Z,3810000,False,,,0,,A. Davis REBOUND (Off:2 Def:9),[203076],1610612747.0,LAL,,,,Davis,A. Davis,,,,,Right Corner 3,24+ Right,,,383.0,11.0,9.0,2.0,,,,,,,,,,,,,,
385,PT05M15.00S,2024-12-03T02:32:04.8Z,3,REGULAR,3pt,Jump Shot,[],2544,20.49934296977661,9.826899509803921,1610612747,66,54,2024-12-03T02:32:10Z,3820000,False,201.0,140.0,1,left,MISS L. James 24' 3PT,[2544],1610612747.0,LAL,,,,James,L. James,,,,,Above the Break 3,24+ Right Center,24.5,Missed,,,,,,,,,,,,,,,,,,
386,PT05M12.00S,2024-12-03T02:32:07.8Z,3,REGULAR,rebound,defensive,[],203497,,,1610612750,66,54,2024-12-03T02:32:10Z,3830000,False,,,0,,R. Gobert REBOUND (Off:4 Def:5),[203497],1610612750.0,MIN,,,,Gobert,R. Gobert,,,,,Above the Break 3,24+ Right Center,,,385.0,9.0,5.0,4.0,,,,,,,,,,,,,,
387,PT05M02.00S,2024-12-03T02:32:17.5Z,3,REGULAR,3pt,Jump Shot,[],1630162,71.82982917214193,22.30392156862745,1610612750,69,54,2024-12-03T02:32:22Z,3840000,False,-138.0,212.0,1,right,A. Edwards 25' 3PT step back (8 PTS),[1630162],1610612750.0,MIN,step back,,,Edwards,A. Edwards,,,,,Above the Break 3,24+ Left Center,25.35,Made,,,,,8.0,,,,,,,,,,,,,
388,PT04M40.00S,2024-12-03T02:32:39.1Z,3,REGULAR,2pt,Jump Shot,[],2544,20.318659658344284,29.65686274509804,1610612747,69,56,2024-12-03T02:32:44Z,3850000,False,102.0,138.0,1,left,L. James 17' pullup Jump Shot (7 PTS),[2544],1610612747.0,LAL,pullup,,,James,L. James,,,,,Mid-Range,16-24 Right Center,17.18,Made,,,,,7.0,,,,,,,,,,,,,
389,PT04M23.00S,2024-12-03T02:33:04.3Z,3,REGULAR,foul,offensive,[],203497,,,1610612750,69,56,2024-12-03T02:33:14Z,3860000,False,,,0,,R. Gobert offensive FOUL (2 PF),"[203497, 1629060]",1610612750.0,MIN,,,,Gobert,R. Gobert,,,,,In The Paint (Non-RA),0-8 Center,,,,,,,,,,,1627541.0,2.0,0.0,Hachimura,1629060.0,,,,,
391,PT04M23.00S,2024-12-03T02:33:04.3Z,3,REGULAR,turnover,offensive foul,[],203497,,,1610612750,69,56,2024-12-03T02:33:04Z,3880000,False,,,0,,R. Gobert offensive foul TURNOVER (2 TO),[203497],1610612750.0,MIN,,,,Gobert,R. Gobert,,,,,In The Paint (Non-RA),0-8 Center,,,,,,,,,,,1627541.0,,,,,2.0,,,,
392,PT04M23.00S,2024-12-03T02:33:10.3Z,3,REGULAR,substitution,out,[],1630183,,,1610612747,69,56,2024-12-03T02:33:22Z,3890000,False,,,0,,SUB out: J. McDaniels,[1630183],1610612750.0,MIN,,,,McDaniels,J. McDaniels,,,,,,,,,,,,,,,,,,,,,,,,,,
393,PT04M23.00S,2024-12-03T02:33:10.3Z,3,REGULAR,substitution,out,[],203944,,,1610612747,69,56,2024-12-03T02:33:22Z,3900000,False,,,0,,SUB out: J. Randle,[203944],1610612750.0,MIN,,,,Randle,J. Randle,,,,,,,,,,,,,,,,,,,,,,,,,,
394,PT04M23.00S,2024-12-03T02:33:10.3Z,3,REGULAR,substitution,out,[],1626156,,,1610612747,69,56,2024-12-03T02:33:22Z,3910000,False,,,0,,SUB out: D. Russell,[1626156],1610612747.0,LAL,,,,Russell,D. Russell,,,,,,,,,,,,,,,,,,,,,,,,,,
395,PT04M23.00S,2024-12-03T02:33:10.3Z,3,REGULAR,substitution,out,[],2544,,,1610612747,69,56,2024-12-03T02:33:22Z,3920000,False,,,0,,SUB out: L. James,[2544],1610612747.0,LAL,,,,James,L. James,,,,,,,,,,,,,,,,,,,,,,,,,,
396,PT04M23.00S,2024-12-03T02:33:10.3Z,3,REGULAR,substitution,in,[],1628978,,,1610612747,69,56,2024-12-03T02:33:22Z,3930000,False,,,0,,SUB in: D. DiVincenzo,[1628978],1610612750.0,MIN,,,,DiVincenzo,D. DiVincenzo,,,,,,,,,,,,,,,,,,,,,,,,,,
397,PT04M23.00S,2024-12-03T02:33:10.3Z,3,REGULAR,substitution,in,[],1629675,,,1610612747,69,56,2024-12-03T02:33:22Z,3940000,False,,,0,,SUB in: N. Reid,[1629675],1610612750.0,MIN,,,,Reid,N. Reid,,,,,,,,,,,,,,,,,,,,,,,,,,
398,PT04M23.00S,2024-12-03T02:33:10.3Z,3,REGULAR,substitution,in,[],1629216,,,1610612747,69,56,2024-12-03T02:33:22Z,3950000,False,,,0,,SUB in: G. Vincent,[1629216],1610612747.0,LAL,,,,Vincent,G. Vincent,,,,,,,,,,,,,,,,,,,,,,,,,,
399,PT04M23.00S,2024-12-03T02:33:10.3Z,3,REGULAR,substitution,in,[],1631108,,,1610612747,69,56,2024-12-03T02:33:22Z,3960000,False,,,0,,SUB in: M. Christie,[1631108],1610612747.0,LAL,,,,Christie,M. Christie,,,,,,,,,,,,,,,,,,,,,,,,,,
400,PT04M03.00S,2024-12-03T02:33:43.7Z,3,REGULAR,2pt,Layup,"['pointsinthepaint', 'fromturnover']",1642261,5.519053876478318,43.25980392156863,1610612747,69,58,2024-12-03T02:42:16Z,3970000,False,34.0,-1.0,1,left,D. Knecht cutting Layup (4 PTS) (R. Hachimura 2 AST),"[1642261, 1629060]",1610612747.0,LAL,cutting,,,Knecht,D. Knecht,,,,,Restricted Area,0-8 Center,3.37,Made,,,,,4.0,R. Hachimura,1629060.0,2.0,,,,,,,,,,
402,PT03M52.00S,2024-12-03T02:33:54.6Z,3,REGULAR,3pt,Jump Shot,[],1630162,67.8014126149803,35.28262867647059,1610612750,69,58,2024-12-03T02:34:01Z,3990000,False,-74.0,250.0,1,right,MISS A. Edwards 26' step back 3PT,[1630162],1610612750.0,MIN,step back,,,Edwards,A. Edwards,,,,,Above the Break 3,24+ Center,26.08,Missed,,,,,,,,,,,,,,,,,,
403,PT03M49.00S,2024-12-03T02:33:57.6Z,3,REGULAR,rebound,offensive,[],203497,,,1610612750,69,58,2024-12-03T02:34:12Z,4000000,False,,,0,,R. Gobert REBOUND (Off:5 Def:5),[203497],1610612750.0,MIN,,,,Gobert,R. Gobert,,,,,Above the Break 3,24+ Center,,,402.0,10.0,5.0,5.0,,,,,,,,,,,,,,
404,PT03M49.00S,2024-12-03T02:33:59.7Z,3,REGULAR,2pt,DUNK,"['2ndchance', 'pointsinthepaint']",203497,94.40999984741211,50.0,1610612750,71,58,2024-12-03T02:34:16Z,4010000,False,0.0,0.0,1,right,R. Gobert tip DUNK (11 PTS),[203497],1610612750.0,MIN,tip,,,Gobert,R. Gobert,,,,,Restricted Area,0-8 Center,0.0,Made,,,,,11.0,,,,,,,,,,,,,
405,PT03M35.00S,2024-12-03T02:34:14.5Z,3,REGULAR,foul,personal,['2freethrow'],1629675,,,1610612747,71,58,2024-12-03T02:34:21Z,4020000,False,,,0,,N. Reid shooting personal FOUL (3 PF) (Hachimura 2 FT),"[1629675, 1629060]",1610612750.0,MIN,shooting,,,Reid,N. Reid,,,,,In The Paint (Non-RA),0-8 Center,,,,,,,,,,,202053.0,3.0,0.0,Hachimura,1629060.0,,,,,
407,PT03M35.00S,2024-12-03T02:35:08.5Z,3,REGULAR,freethrow,1 of 2,[],1629060,,,1610612747,71,59,2024-12-03T02:35:08Z,4040000,False,,,0,,R. Hachimura Free Throw 1 of 2 (9 PTS),[1629060],1610612747.0,LAL,,,,Hachimura,R. Hachimura,,,,,,,,Made,,,,,9.0,,,,,,,,,,,,,
408,PT03M35.00S,2024-12-03T02:35:21.9Z,3,REGULAR,freethrow,2 of 2,[],1629060,,,1610612747,71,60,2024-12-03T02:35:21Z,4050000,False,,,0,,R. Hachimura Free Throw 2 of 2 (10 PTS),[1629060],1610612747.0,LAL,,,,Hachimura,R. Hachimura,,,,,,,,Made,,,,,10.0,,,,,,,,,,,,,
409,PT03M20.00S,2024-12-03T02:35:39.4Z,3,REGULAR,2pt,Jump Shot,['pointsinthepaint'],1630162,86.81011826544021,42.40196078431372,1610612750,71,60,2024-12-03T02:43:25Z,4060000,False,-38.0,71.0,1,right,MISS A. Edwards 8' driving floating Shot,[1630162],1610612750.0,MIN,driving floating,,,Edwards,A. Edwards,,,,,In The Paint (Non-RA),8-16 Center,8.1,Missed,,,,,,,,,,,,,,,,,,
410,PT03M19.00S,2024-12-03T02:35:40.4Z,3,REGULAR,rebound,defensive,['team'],0,,,1610612747,71,60,2024-12-03T02:35:46Z,4070000,False,,,0,,TEAM defensive REBOUND,[],1610612747.0,LAL,,,,,,,,,,In The Paint (Non-RA),8-16 Center,,,409.0,,,,,,,,,,,,,,,,,
411,PT03M19.00S,2024-12-03T02:35:44.7Z,3,REGULAR,foul,personal,[],203497,,,1610612747,71,60,2024-12-03T02:39:38Z,4080000,False,,,0,,R. Gobert loose ball personal FOUL (3 PF),"[203497, 203076]",1610612750.0,MIN,loose ball,,,Gobert,R. Gobert,,,,,In The Paint (Non-RA),0-8 Center,,,,,,,,,,,202053.0,3.0,0.0,Davis,203076.0,,,,,
413,PT03M19.00S,2024-12-03T02:35:53.5Z,3,REGULAR,substitution,out,[],1629060,,,1610612747,71,60,2024-12-03T02:36:05Z,4100000,False,,,0,,SUB out: R. Hachimura,[1629060],1610612747.0,LAL,,,,Hachimura,R. Hachimura,,,,,,,,,,,,,,,,,,,,,,,,,,
414,PT03M19.00S,2024-12-03T02:35:53.5Z,3,REGULAR,substitution,in,[],1629629,,,1610612747,71,60,2024-12-03T02:36:05Z,4110000,False,,,0,,SUB in: C. Reddish,[1629629],1610612747.0,LAL,,,,Reddish,C. Reddish,,,,,,,,,,,,,,,,,,,,,,,,,,
415,PT02M58.00S,2024-12-03T02:36:20.4Z,3,REGULAR,turnover,bad pass,[],1631108,,,1610612747,71,60,2024-12-03T02:36:26Z,4120000,False,,,0,,M. Christie bad pass TURNOVER (1 TO),"[1631108, 203497]",1610612747.0,LAL,,,,Christie,M. Christie,,,,,Mid-Range,16-24 Center,,,,,,,,,,,,,,,,1.0,Gobert,203497.0,,
416,PT02M58.00S,2024-12-03T02:36:20.4Z,3,REGULAR,steal,,[],203497,,,1610612750,71,60,2024-12-03T02:36:23Z,4130000,False,,,0,,R. Gobert STEAL (1 STL),[203497],1610612750.0,MIN,,,,Gobert,R. Gobert,,,,,Mid-Range,16-24 Center,,,,,,,,,,,,,,,,,,,,
418,PT02M54.00S,2024-12-03T02:36:23.7Z,3,REGULAR,2pt,DUNK,"['pointsinthepaint', 'fromturnover', 'fastbreak']",203497,93.38042049934296,51.71568627450981,1610612750,73,60,2024-12-03T02:36:31Z,4150000,False,9.0,10.0,1,right,R. Gobert running DUNK (13 PTS),[203497],1610612750.0,MIN,running,,,Gobert,R. Gobert,,,,,Restricted Area,0-8 Center,1.3,Made,,,,,13.0,,,,,,,,,,,,,
419,PT02M37.00S,2024-12-03T02:36:40.8Z,3,REGULAR,2pt,DUNK,['pointsinthepaint'],1631108,6.389618922470433,50.73529411764706,1610612747,73,62,2024-12-03T02:36:45Z,4160000,False,-4.0,8.0,1,left,M. Christie cutting DUNK (2 PTS) (A. Davis 4 AST),"[1631108, 203076]",1610612747.0,LAL,cutting,,,Christie,M. Christie,,,,,Restricted Area,0-8 Center,0.85,Made,,,,,2.0,A. Davis,203076.0,4.0,,,,,,,,,,
421,PT02M22.00S,2024-12-03T02:36:55.4Z,3,REGULAR,3pt,Jump Shot,[],1629638,92.24704336399473,95.12101715686273,1610612750,76,62,2024-12-03T02:37:01Z,4180000,False,226.0,20.0,1,right,N. Alexander-Walker 3PT  (9 PTS) (D. DiVincenzo 7 AST),"[1629638, 1628978]",1610612750.0,MIN,,,,Alexander-Walker,N. Alexander-Walker,,,,,Right Corner 3,24+ Right,22.65,Made,,,,,9.0,D. DiVincenzo,1628978.0,7.0,,,,,,,,,,
423,PT02M07.00S,2024-12-03T02:37:10.2Z,3,REGULAR,2pt,Jump Shot,[],203076,26.757555847568987,45.09803921568628,1610612747,76,62,2024-12-03T02:37:15Z,4200000,False,25.0,199.0,1,left,MISS A. Davis 20' step back Shot,[203076],1610612747.0,LAL,step back,,,Davis,A. Davis,,,,,Mid-Range,16-24 Center,20.05,Missed,,,,,,,,,,,,,,,,,,
424,PT02M05.00S,2024-12-03T02:37:12.2Z,3,REGULAR,rebound,defensive,[],1628978,,,1610612750,76,62,2024-12-03T02:37:15Z,4210000,False,,,0,,D. DiVincenzo REBOUND (Off:0 Def:3),[1628978],1610612750.0,MIN,,,,DiVincenzo,D. DiVincenzo,,,,,Mid-Range,16-24 Center,,,423.0,3.0,3.0,0.0,,,,,,,,,,,,,,
425,PT02M05.00S,2024-12-03T02:37:17.1Z,3,REGULAR,timeout,full,"['team', 'mandatory']",0,,,1610612750,76,62,2024-12-03T02:37:17Z,4220000,False,,,0,,MIN Timeout,[],1610612750.0,MIN,,,,,,,,,,,,,,,,,,,,,,,,,,,,,,,
428,PT02M05.00S,2024-12-03T02:39:15.8Z,3,REGULAR,substitution,out,[],1630162,,,1610612750,76,62,2024-12-03T02:40:04Z,4230000,False,,,0,,SUB out: A. Edwards,[1630162],1610612750.0,MIN,,,,Edwards,A. Edwards,,,,,,,,,,,,,,,,,,,,,,,,,,
429,PT02M05.00S,2024-12-03T02:39:15.8Z,3,REGULAR,substitution,out,[],203497,,,1610612750,76,62,2024-12-03T02:40:04Z,4240000,False,,,0,,SUB out: R. Gobert,[203497],1610612750.0,MIN,,,,Gobert,R. Gobert,,,,,,,,,,,,,,,,,,,,,,,,,,
430,PT02M05.00S,2024-12-03T02:39:15.8Z,3,REGULAR,substitution,out,[],1642261,,,1610612750,76,62,2024-12-03T02:40:04Z,4250000,False,,,0,,SUB out: D. Knecht,[1642261],1610612747.0,LAL,,,,Knecht,D. Knecht,,,,,,,,,,,,,,,,,,,,,,,,,,
431,PT02M05.00S,2024-12-03T02:39:15.8Z,3,REGULAR,substitution,in,[],1630183,,,1610612750,76,62,2024-12-03T02:40:04Z,4260000,False,,,0,,SUB in: J. McDaniels,[1630183],1610612750.0,MIN,,,,McDaniels,J. McDaniels,,,,,,,,,,,,,,,,,,,,,,,,,,
432,PT02M05.00S,2024-12-03T02:39:15.8Z,3,REGULAR,substitution,in,[],203944,,,1610612750,76,62,2024-12-03T02:40:04Z,4270000,False,,,0,,SUB in: J. Randle,[203944],1610612750.0,MIN,,,,Randle,J. Randle,,,,,,,,,,,,,,,,,,,,,,,,,,
433,PT02M05.00S,2024-12-03T02:39:15.8Z,3,REGULAR,substitution,in,[],2544,,,1610612750,76,62,2024-12-03T02:40:04Z,4280000,False,,,0,,SUB in: L. James,[2544],1610612747.0,LAL,,,,James,L. James,,,,,,,,,,,,,,,,,,,,,,,,,,
434,PT01M41.00S,2024-12-03T02:40:36.2Z,3,REGULAR,2pt,Jump Shot,['pointsinthepaint'],1628978,81.42247043363994,61.76470588235294,1610612750,76,62,2024-12-03T02:40:46Z,4290000,False,59.0,122.0,1,right,MISS D. DiVincenzo 13' step back Shot,[1628978],1610612750.0,MIN,step back,,,DiVincenzo,D. DiVincenzo,,,,,In The Paint (Non-RA),8-16 Center,13.55,Missed,,,,,,,,,,,,,,,,,,
435,PT01M39.00S,2024-12-03T02:40:39.1Z,3,REGULAR,rebound,defensive,[],2544,,,1610612747,76,62,2024-12-03T02:40:39Z,4300000,False,,,0,,L. James REBOUND (Off:3 Def:4),[2544],1610612747.0,LAL,,,,James,L. James,,,,,In The Paint (Non-RA),8-16 Center,,,434.0,7.0,4.0,3.0,,,,,,,,,,,,,,
436,PT01M17.00S,2024-12-03T02:41:00.0Z,3,REGULAR,turnover,bad pass,[],2544,,,1610612747,76,62,2024-12-03T02:41:03Z,4310000,False,,,0,,L. James bad pass TURNOVER (5 TO),"[2544, 203944]",1610612747.0,LAL,,,,James,L. James,,,,,In The Paint (Non-RA),0-8 Center,,,,,,,,,,,,,,,,5.0,Randle,203944.0,,
437,PT01M17.00S,2024-12-03T02:41:00.0Z,3,REGULAR,steal,,[],203944,,,1610612750,76,62,2024-12-03T02:41:01Z,4320000,False,,,0,,J. Randle STEAL (2 STL),[203944],1610612750.0,MIN,,,,Randle,J. Randle,,,,,In The Paint (Non-RA),0-8 Center,,,,,,,,,,,,,,,,,,,,
438,PT01M14.00S,2024-12-03T02:41:06.4Z,3,REGULAR,foul,personal,['2freethrow'],1629629,,,1610612750,76,62,2024-12-03T02:41:19Z,4330000,False,,,0,,C. Reddish shooting personal FOUL (1 PF) (Alexander-Walker 2 FT),"[1629629, 1629638]",1610612747.0,LAL,shooting,,,Reddish,C. Reddish,,,,,Restricted Area,0-8 Center,,,,,,,,,,,202053.0,1.0,0.0,Alexander-Walker,1629638.0,,,,,
440,PT01M14.00S,2024-12-03T02:41:30.2Z,3,REGULAR,freethrow,1 of 2,"['fromturnover', 'fastbreak']",1629638,,,1610612750,76,62,2024-12-03T02:41:30Z,4350000,False,,,0,,MISS N. Alexander-Walker Free Throw 1 of 2,[1629638],1610612750.0,MIN,,,,Alexander-Walker,N. Alexander-Walker,,,,,,,,Missed,,,,,,,,,,,,,,,,,,
441,PT01M14.00S,2024-12-03T02:41:30.2Z,3,REGULAR,rebound,offensive,"['deadball', 'team']",0,,,1610612750,76,62,2024-12-03T02:41:30Z,4360000,False,,,0,,TEAM offensive REBOUND,[],1610612750.0,MIN,,,,,,,,,,,,,,440.0,,,,,,,,,,,,,,,,,
442,PT01M14.00S,2024-12-03T02:41:41.3Z,3,REGULAR,freethrow,2 of 2,"['fastbreak', 'fromturnover']",1629638,,,1610612750,77,62,2024-12-03T02:41:41Z,4370000,False,,,0,,N. Alexander-Walker Free Throw 2 of 2 (10 PTS),[1629638],1610612750.0,MIN,,,,Alexander-Walker,N. Alexander-Walker,,,,,,,,Made,,,,,10.0,,,,,,,,,,,,,
443,PT00M55.10S,2024-12-03T02:42:08.8Z,3,REGULAR,foul,personal,['2freethrow'],203944,,,1610612747,77,62,2024-12-03T02:42:16Z,4380000,False,,,0,,J. Randle shooting personal FOUL (3 PF) (Davis 2 FT),"[203944, 203076]",1610612750.0,MIN,shooting,,,Randle,J. Randle,,,,,In The Paint (Non-RA),8-16 Center,,,,,,,,,,,2534.0,3.0,0.0,Davis,203076.0,,,,,
445,PT00M55.10S,2024-12-03T02:42:43.3Z,3,REGULAR,freethrow,1 of 2,[],203076,,,1610612747,77,63,2024-12-03T02:42:43Z,4400000,False,,,0,,A. Davis Free Throw 1 of 2 (11 PTS),[203076],1610612747.0,LAL,,,,Davis,A. Davis,,,,,,,,Made,,,,,11.0,,,,,,,,,,,,,
446,PT00M55.10S,2024-12-03T02:43:02.0Z,3,REGULAR,freethrow,2 of 2,[],203076,,,1610612747,77,64,2024-12-03T02:43:02Z,4410000,False,,,0,,A. Davis Free Throw 2 of 2 (12 PTS),[203076],1610612747.0,LAL,,,,Davis,A. Davis,,,,,,,,Made,,,,,12.0,,,,,,,,,,,,,
447,PT00M39.40S,2024-12-03T02:43:20.4Z,3,REGULAR,2pt,Jump Shot,['pointsinthepaint'],203944,86.87992772667543,45.3890931372549,1610612750,77,64,2024-12-03T02:46:36Z,4420000,False,-23.0,71.0,1,right,MISS J. Randle 7' driving floating Shot,[203944],1610612750.0,MIN,driving floating,,,Randle,J. Randle,,,,,In The Paint (Non-RA),0-8 Center,7.45,Missed,,,,,,,,,,,,,,,,,,
448,PT00M36.50S,2024-12-03T02:43:23.3Z,3,REGULAR,rebound,offensive,[],203944,,,1610612750,77,64,2024-12-03T02:43:32Z,4430000,False,,,0,,J. Randle REBOUND (Off:1 Def:4),[203944],1610612750.0,MIN,,,,Randle,J. Randle,,,,,In The Paint (Non-RA),0-8 Center,,,447.0,5.0,4.0,1.0,,,,,,,,,,,,,,
449,PT00M35.70S,2024-12-03T02:43:24.1Z,3,REGULAR,2pt,Layup,"['pointsinthepaint', '2ndchance']",203944,91.21632720105126,47.24264705882353,1610612750,77,64,2024-12-03T02:43:36Z,4440000,False,-14.0,30.0,1,right,MISS J. Randle putback Layup,[203944],1610612750.0,MIN,putback,,,Randle,J. Randle,,,,,Restricted Area,0-8 Center,3.31,Missed,,,,,,,,,,,,,,,,,,
450,PT00M34.00S,2024-12-03T02:43:25.8Z,3,REGULAR,rebound,defensive,[],1631108,,,1610612747,77,64,2024-12-03T02:43:36Z,4450000,False,,,0,,M. Christie REBOUND (Off:0 Def:1),[1631108],1610612747.0,LAL,,,,Christie,M. Christie,,,,,Restricted Area,0-8 Center,,,449.0,1.0,1.0,0.0,,,,,,,,,,,,,,
451,PT00M25.70S,2024-12-03T02:43:34.2Z,3,REGULAR,3pt,Jump Shot,[],1629629,19.398817345597898,8.333333333333332,1610612747,77,64,2024-12-03T02:43:40Z,4460000,False,208.0,130.0,1,left,MISS C. Reddish 24' 3PT,[1629629],1610612747.0,LAL,,,,Reddish,C. Reddish,,,,,Above the Break 3,24+ Right Center,24.54,Missed,,,,,,,,,,,,,,,,,,
452,PT00M25.70S,2024-12-03T02:43:34.2Z,3,REGULAR,rebound,defensive,[],1628978,,,1610612750,77,64,2024-12-03T02:43:40Z,4470000,False,,,0,,D. DiVincenzo REBOUND (Off:0 Def:4),[1628978],1610612750.0,MIN,,,,DiVincenzo,D. DiVincenzo,,,,,Above the Break 3,24+ Right Center,,,451.0,4.0,4.0,0.0,,,,,,,,,,,,,,
453,PT00M01.30S,2024-12-03T02:44:00.6Z,3,REGULAR,foul,personal,"['inpenalty', '2freethrow']",1629216,,,1610612750,77,64,2024-12-03T02:44:17Z,4480000,False,,,0,,G. Vincent shooting personal FOUL (2 PF) (Randle 2 FT),"[1629216, 203944]",1610612747.0,LAL,shooting,,,Vincent,G. Vincent,,,,,In The Paint (Non-RA),0-8 Center,,,,,,,,,,,202053.0,2.0,0.0,Randle,203944.0,,,,,
455,PT00M01.30S,2024-12-03T02:44:26.0Z,3,REGULAR,freethrow,1 of 2,[],203944,,,1610612750,78,64,2024-12-03T02:44:26Z,4500000,False,,,0,,J. Randle Free Throw 1 of 2 (17 PTS),[203944],1610612750.0,MIN,,,,Randle,J. Randle,,,,,,,,Made,,,,,17.0,,,,,,,,,,,,,
456,PT00M01.30S,2024-12-03T02:44:52.1Z,3,REGULAR,freethrow,2 of 2,[],203944,,,1610612750,79,64,2024-12-03T02:44:52Z,4510000,False,,,0,,J. Randle Free Throw 2 of 2 (18 PTS),[203944],1610612750.0,MIN,,,,Randle,J. Randle,,,,,,,,Made,,,,,18.0,,,,,,,,,,,,,
457,PT00M00.20S,2024-12-03T02:45:05.7Z,3,REGULAR,3pt,Jump Shot,[],1631108,59.609067017082786,47.549019607843135,1610612747,79,64,2024-12-03T02:48:20Z,4520000,False,12.0,508.0,1,left,MISS M. Christie 50' floating 3PT,[1631108],1610612747.0,LAL,floating,,,Christie,M. Christie,,,,,Above the Break 3,24+ Center,50.79,Missed,,,,,,,,,,,,,,,,,,
458,PT00M00.10S,2024-12-03T02:45:05.8Z,3,REGULAR,rebound,offensive,['team'],0,,,1610612747,79,64,2024-12-03T02:45:18Z,4530000,False,,,0,,TEAM offensive REBOUND,[],1610612747.0,LAL,,,,,,,,,,Above the Break 3,24+ Center,,,457.0,,,,,,,,,,,,,,,,,
459,PT00M00.00S,2024-12-03T02:45:10.0Z,3,REGULAR,period,end,[],0,,,1610612747,79,64,2024-12-03T02:45:10Z,4540000,False,,,0,,Period End,[],,,,,,,,,,,,,,,,,,,,,,,,,,,,,,,,,
460,PT12M00.00S,2024-12-03T02:47:30.7Z,4,REGULAR,substitution,out,['startperiod'],1630183,,,1610612747,79,64,2024-12-03T02:47:52Z,4550000,False,,,0,,SUB out: J. McDaniels,[1630183],1610612750.0,MIN,,,,McDaniels,J. McDaniels,,,,,,,,,,,,,,,,,,,,,,,,,,
461,PT12M00.00S,2024-12-03T02:47:30.7Z,4,REGULAR,substitution,out,['startperiod'],203944,,,1610612747,79,64,2024-12-03T02:47:52Z,4560000,False,,,0,,SUB out: J. Randle,[203944],1610612750.0,MIN,,,,Randle,J. Randle,,,,,,,,,,,,,,,,,,,,,,,,,,
462,PT12M00.00S,2024-12-03T02:47:30.7Z,4,REGULAR,substitution,out,['startperiod'],203076,,,1610612747,79,64,2024-12-03T02:47:52Z,4570000,False,,,0,,SUB out: A. Davis,[203076],1610612747.0,LAL,,,,Davis,A. Davis,,,,,,,,,,,,,,,,,,,,,,,,,,
463,PT12M00.00S,2024-12-03T02:47:30.7Z,4,REGULAR,substitution,out,['startperiod'],1629216,,,1610612747,79,64,2024-12-03T02:47:52Z,4580000,False,,,0,,SUB out: G. Vincent,[1629216],1610612747.0,LAL,,,,Vincent,G. Vincent,,,,,,,,,,,,,,,,,,,,,,,,,,
464,PT12M00.00S,2024-12-03T02:47:30.7Z,4,REGULAR,substitution,out,['startperiod'],1631108,,,1610612747,79,64,2024-12-03T02:47:52Z,4590000,False,,,0,,SUB out: M. Christie,[1631108],1610612747.0,LAL,,,,Christie,M. Christie,,,,,,,,,,,,,,,,,,,,,,,,,,
465,PT12M00.00S,2024-12-03T02:47:30.7Z,4,REGULAR,substitution,in,['startperiod'],201144,,,1610612747,79,64,2024-12-03T02:47:52Z,4600000,False,,,0,,SUB in: M. Conley,[201144],1610612750.0,MIN,,,,Conley,M. Conley,,,,,,,,,,,,,,,,,,,,,,,,,,
466,PT12M00.00S,2024-12-03T02:47:30.7Z,4,REGULAR,substitution,in,['startperiod'],203497,,,1610612747,79,64,2024-12-03T02:47:52Z,4610000,False,,,0,,SUB in: R. Gobert,[203497],1610612750.0,MIN,,,,Gobert,R. Gobert,,,,,,,,,,,,,,,,,,,,,,,,,,
467,PT12M00.00S,2024-12-03T02:47:30.7Z,4,REGULAR,substitution,in,['startperiod'],1626156,,,1610612747,79,64,2024-12-03T02:47:52Z,4620000,False,,,0,,SUB in: D. Russell,[1626156],1610612747.0,LAL,,,,Russell,D. Russell,,,,,,,,,,,,,,,,,,,,,,,,,,
468,PT12M00.00S,2024-12-03T02:47:30.7Z,4,REGULAR,substitution,in,['startperiod'],1642261,,,1610612747,79,64,2024-12-03T02:47:52Z,4630000,False,,,0,,SUB in: D. Knecht,[1642261],1610612747.0,LAL,,,,Knecht,D. Knecht,,,,,,,,,,,,,,,,,,,,,,,,,,
469,PT12M00.00S,2024-12-03T02:47:30.7Z,4,REGULAR,substitution,in,['startperiod'],1642422,,,1610612747,79,64,2024-12-03T02:47:52Z,4640000,False,,,0,,SUB in: A. Traoré,[1642422],1610612747.0,LAL,,,,Traoré,A. Traoré,,,,,,,,,,,,,,,,,,,,,,,,,,
470,PT12M00.00S,2024-12-03T02:47:51.7Z,4,REGULAR,period,start,[],0,,,1610612750,79,64,2024-12-03T02:47:52Z,4650000,False,,,0,,Period Start,[],,,,,,,,,,,,,,,,,,,,,,,,,,,,,,,,,
471,PT11M46.00S,2024-12-03T02:48:05.5Z,4,REGULAR,3pt,Jump Shot,[],1629638,94.95729303547962,95.58823529411765,1610612750,79,64,2024-12-03T02:48:11Z,4660000,False,228.0,-5.0,1,right,MISS N. Alexander-Walker 3PT,[1629638],1610612750.0,MIN,,,,Alexander-Walker,N. Alexander-Walker,,,,,Right Corner 3,24+ Right,22.8,Missed,,,,,,,,,,,,,,,,,,
472,PT11M42.00S,2024-12-03T02:48:09.5Z,4,REGULAR,rebound,defensive,[],1642261,,,1610612747,79,64,2024-12-03T02:48:11Z,4670000,False,,,0,,D. Knecht REBOUND (Off:0 Def:3),[1642261],1610612747.0,LAL,,,,Knecht,D. Knecht,,,,,Right Corner 3,24+ Right,,,471.0,3.0,3.0,0.0,,,,,,,,,,,,,,
473,PT11M24.00S,2024-12-03T02:48:26.6Z,4,REGULAR,2pt,Layup,['pointsinthepaint'],2544,7.227332457293036,44.93719362745098,1610612747,79,66,2024-12-03T02:48:31Z,4680000,False,25.0,15.0,1,left,L. James Layup (9 PTS),[2544],1610612747.0,LAL,,,,James,L. James,,,,,Restricted Area,0-8 Center,2.96,Made,,,,,9.0,,,,,,,,,,,,,
474,PT11M10.00S,2024-12-03T02:48:40.9Z,4,REGULAR,2pt,Layup,['pointsinthepaint'],1629675,90.09526938239159,42.15686274509804,1610612750,81,66,2024-12-03T02:48:46Z,4690000,False,-39.0,41.0,1,right,N. Reid driving Layup (12 PTS) (D. DiVincenzo 8 AST),"[1629675, 1628978]",1610612750.0,MIN,driving,,,Reid,N. Reid,,,,,In The Paint (Non-RA),0-8 Center,5.64,Made,,,,,12.0,D. DiVincenzo,1628978.0,8.0,,,,,,,,,,
476,PT10M55.00S,2024-12-03T02:48:54.8Z,4,REGULAR,3pt,Jump Shot,[],1642261,25.229960578186596,80.41513480392157,1610612747,81,66,2024-12-03T02:49:01Z,4710000,False,-152.0,185.0,1,left,MISS D. Knecht 3PT,[1642261],1610612747.0,LAL,,,,Knecht,D. Knecht,,,,,Above the Break 3,24+ Left Center,23.93,Missed,,,,,,,,,,,,,,,,,,
477,PT10M54.00S,2024-12-03T02:48:55.8Z,4,REGULAR,rebound,defensive,[],1628978,,,1610612750,81,66,2024-12-03T02:49:01Z,4720000,False,,,0,,D. DiVincenzo REBOUND (Off:0 Def:5),[1628978],1610612750.0,MIN,,,,DiVincenzo,D. DiVincenzo,,,,,Above the Break 3,24+ Left Center,,,476.0,5.0,5.0,0.0,,,,,,,,,,,,,,
478,PT10M48.00S,2024-12-03T02:49:03.2Z,4,REGULAR,3pt,Jump Shot,['fastbreak'],201144,79.84559789750328,91.42156862745098,1610612750,81,66,2024-12-03T02:54:35Z,4730000,False,207.0,137.0,1,right,MISS M. Conley 24' running 3PT,[201144],1610612750.0,MIN,running,,,Conley,M. Conley,,,,,Above the Break 3,24+ Right Center,24.83,Missed,,,,,,,,,,,,,,,,,,
479,PT10M45.00S,2024-12-03T02:49:06.2Z,4,REGULAR,rebound,defensive,[],2544,,,1610612747,81,66,2024-12-03T02:49:08Z,4740000,False,,,0,,L. James REBOUND (Off:3 Def:5),[2544],1610612747.0,LAL,,,,James,L. James,,,,,Above the Break 3,24+ Right Center,,,478.0,8.0,5.0,3.0,,,,,,,,,,,,,,
480,PT10M41.00S,2024-12-03T02:49:09.5Z,4,REGULAR,turnover,bad pass,[],2544,,,1610612747,81,66,2024-12-03T02:49:14Z,4750000,False,,,0,,L. James bad pass TURNOVER (6 TO),"[2544, 1628978]",1610612747.0,LAL,,,,James,L. James,,,,,In The Paint (Non-RA),8-16 Center,,,,,,,,,,,,,,,,6.0,DiVincenzo,1628978.0,,
481,PT10M41.00S,2024-12-03T02:49:09.5Z,4,REGULAR,steal,,[],1628978,,,1610612750,81,66,2024-12-03T02:49:11Z,4760000,False,,,0,,D. DiVincenzo STEAL (2 STL),[1628978],1610612750.0,MIN,,,,DiVincenzo,D. DiVincenzo,,,,,In The Paint (Non-RA),8-16 Center,,,,,,,,,,,,,,,,,,,,
482,PT10M34.00S,2024-12-03T02:49:16.4Z,4,REGULAR,3pt,Jump Shot,['fromturnover'],1628978,70.25295663600527,14.950980392156863,1610612750,84,66,2024-12-03T02:49:21Z,4770000,False,-175.0,227.0,1,right,D. DiVincenzo 28' 3PT  (11 PTS) (N. Reid 1 AST),"[1628978, 1629675]",1610612750.0,MIN,,,,DiVincenzo,D. DiVincenzo,,,,,Above the Break 3,24+ Left Center,28.68,Made,,,,,11.0,N. Reid,1629675.0,1.0,,,,,,,,,,
484,PT10M25.00S,2024-12-03T02:49:28.2Z,4,REGULAR,foul,personal,[],1629638,,,1610612747,84,66,2024-12-03T02:49:49Z,4790000,False,,,0,,N. Alexander-Walker personal FOUL (1 PF),"[1629638, 1626156]",1610612750.0,MIN,,,,Alexander-Walker,N. Alexander-Walker,,,,,Mid-Range,16-24 Right Center,,,,,,,,,,,2534.0,1.0,0.0,Russell,1626156.0,,,,,
486,PT10M25.00S,2024-12-03T02:49:35.8Z,4,REGULAR,substitution,out,[],1629629,,,1610612747,84,66,2024-12-03T02:49:42Z,4810000,False,,,0,,SUB out: C. Reddish,[1629629],1610612747.0,LAL,,,,Reddish,C. Reddish,,,,,,,,,,,,,,,,,,,,,,,,,,
487,PT10M25.00S,2024-12-03T02:49:35.8Z,4,REGULAR,substitution,in,[],1629060,,,1610612747,84,66,2024-12-03T02:49:42Z,4820000,False,,,0,,SUB in: R. Hachimura,[1629060],1610612747.0,LAL,,,,Hachimura,R. Hachimura,,,,,,,,,,,,,,,,,,,,,,,,,,
488,PT10M16.00S,2024-12-03T02:50:01.3Z,4,REGULAR,violation,kicked ball,[],203497,,,1610612747,84,66,2024-12-03T02:50:10Z,4830000,False,,,0,,R. Gobert kicked ball VIOLATION,[203497],1610612750.0,MIN,,,,Gobert,R. Gobert,,,,,,,,,,,,,,,,,2534.0,,,,,,,,,
489,PT10M09.00S,2024-12-03T02:50:21.6Z,4,REGULAR,2pt,Jump Shot,['pointsinthepaint'],1626156,15.374507227332456,51.248468137254896,1610612747,84,66,2024-12-03T02:50:27Z,4840000,False,-6.0,92.0,1,left,MISS D. Russell 9' driving floating Shot,[1626156],1610612747.0,LAL,driving floating,,,Russell,D. Russell,,,,,In The Paint (Non-RA),8-16 Center,9.22,Missed,,,,,,,,,,,,,,,,,,
490,PT10M08.00S,2024-12-03T02:50:22.6Z,4,REGULAR,rebound,defensive,[],203497,,,1610612750,84,66,2024-12-03T02:50:27Z,4850000,False,,,0,,R. Gobert REBOUND (Off:5 Def:6),[203497],1610612750.0,MIN,,,,Gobert,R. Gobert,,,,,In The Paint (Non-RA),8-16 Center,,,489.0,11.0,6.0,5.0,,,,,,,,,,,,,,
491,PT09M56.00S,2024-12-03T02:50:35.3Z,4,REGULAR,2pt,DUNK,['pointsinthepaint'],203497,92.59198423127464,50.73529411764706,1610612750,86,66,2024-12-03T02:50:40Z,4860000,False,4.0,17.0,1,right,R. Gobert driving DUNK (15 PTS) (M. Conley 5 AST),"[203497, 201144]",1610612750.0,MIN,driving,,,Gobert,R. Gobert,,,,,Restricted Area,0-8 Center,1.75,Made,,,,,15.0,M. Conley,201144.0,5.0,,,,,,,,,,
493,PT09M55.00S,2024-12-03T02:50:41.2Z,4,REGULAR,timeout,full,"['team', 'mandatory']",0,,,1610612747,86,66,2024-12-03T02:50:41Z,4880000,False,,,0,,LAL Timeout,[],1610612747.0,LAL,,,,,,,,,,,,,,,,,,,,,,,,,,,,,,,
494,PT09M55.00S,2024-12-03T02:52:52.1Z,4,REGULAR,substitution,out,[],1642422,,,1610612747,86,66,2024-12-03T02:53:20Z,4890000,False,,,0,,SUB out: A. Traoré,[1642422],1610612747.0,LAL,,,,Traoré,A. Traoré,,,,,,,,,,,,,,,,,,,,,,,,,,
495,PT09M55.00S,2024-12-03T02:52:52.1Z,4,REGULAR,substitution,in,[],203076,,,1610612747,86,66,2024-12-03T02:53:20Z,4900000,False,,,0,,SUB in: A. Davis,[203076],1610612747.0,LAL,,,,Davis,A. Davis,,,,,,,,,,,,,,,,,,,,,,,,,,
496,PT09M32.00S,2024-12-03T02:54:07.5Z,4,REGULAR,3pt,Jump Shot,[],1642261,26.757555847568987,79.16666666666666,1610612747,86,66,2024-12-03T02:54:29Z,4910000,False,-146.0,199.0,1,left,MISS D. Knecht 24' step back 3PT,[1642261],1610612747.0,LAL,step back,,,Knecht,D. Knecht,,,,,Above the Break 3,24+ Left Center,24.67,Missed,,,,,,,,,,,,,,,,,,
497,PT09M31.00S,2024-12-03T02:54:08.5Z,4,REGULAR,rebound,offensive,['team'],0,,,1610612747,86,66,2024-12-03T02:54:29Z,4920000,False,,,0,,TEAM offensive REBOUND,[],1610612747.0,LAL,,,,,,,,,,Above the Break 3,24+ Left Center,,,496.0,,,,,,,,,,,,,,,,,
498,PT09M31.00S,2024-12-03T02:54:13.1Z,4,REGULAR,turnover,shot clock,['team'],0,,,1610612747,86,66,2024-12-03T02:54:24Z,4930000,False,,,0,,LAL shot clock Team TURNOVER,[],1610612747.0,LAL,,,,,,,,,,Restricted Area,0-8 Center,,,,,,,,,,,1627541.0,,,,,,,,,
499,PT09M11.00S,2024-12-03T02:54:32.8Z,4,REGULAR,2pt,Jump Shot,"['pointsinthepaint', 'fromturnover']",1629675,86.72798948751642,51.673560049019606,1610612750,86,66,2024-12-03T02:54:40Z,4940000,False,8.0,72.0,1,right,MISS N. Reid 7' floating Shot,[1629675],1610612750.0,MIN,floating,,,Reid,N. Reid,,,,,In The Paint (Non-RA),0-8 Center,7.28,Missed,,,,,,,,,,,,,,,,,,
500,PT09M11.00S,2024-12-03T02:54:32.8Z,4,REGULAR,rebound,offensive,[],203497,,,1610612750,86,66,2024-12-03T02:54:46Z,4950000,False,,,0,,R. Gobert REBOUND (Off:6 Def:6),[203497],1610612750.0,MIN,,,,Gobert,R. Gobert,,,,,In The Paint (Non-RA),0-8 Center,,,499.0,12.0,6.0,6.0,,,,,,,,,,,,,,
501,PT09M05.00S,2024-12-03T02:54:38.8Z,4,REGULAR,3pt,Jump Shot,"['fromturnover', '2ndchance']",1629675,69.85873850197109,22.54901960784314,1610612750,89,66,2024-12-03T02:54:48Z,4960000,False,-137.0,231.0,1,right,N. Reid 26' 3PT  (15 PTS) (N. Alexander-Walker 4 AST),"[1629675, 1629638]",1610612750.0,MIN,,,,Reid,N. Reid,,,,,Above the Break 3,24+ Left Center,26.86,Made,,,,,15.0,N. Alexander-Walker,1629638.0,4.0,,,,,,,,,,
503,PT08M51.00S,2024-12-03T02:54:54.7Z,4,REGULAR,foul,personal,['2freethrow'],1629638,,,1610612747,89,66,2024-12-03T02:55:02Z,4980000,False,,,0,,N. Alexander-Walker shooting personal FOUL (2 PF) (James 2 FT),"[1629638, 2544]",1610612750.0,MIN,shooting,,,Alexander-Walker,N. Alexander-Walker,,,,,Restricted Area,0-8 Center,,,,,,,,,,,202053.0,2.0,0.0,James,2544.0,,,,,
505,PT08M51.00S,2024-12-03T02:55:17.2Z,4,REGULAR,freethrow,1 of 2,[],2544,,,1610612747,89,67,2024-12-03T02:55:34Z,5000000,False,,,0,,L. James Free Throw 1 of 2 (10 PTS),[2544],1610612747.0,LAL,,,,James,L. James,,,,,,,,Made,,,,,10.0,,,,,,,,,,,,,
506,PT08M51.00S,2024-12-03T02:55:17.2Z,4,REGULAR,freethrow,2 of 2,[],2544,,,1610612747,89,67,2024-12-03T02:55:34Z,5010000,False,,,0,,MISS L. James Free Throw 2 of 2,[2544],1610612747.0,LAL,,,,James,L. James,,,,,,,,Missed,,,,,,,,,,,,,,,,,,
507,PT08M48.00S,2024-12-03T02:55:20.2Z,4,REGULAR,rebound,defensive,[],1629675,,,1610612750,89,67,2024-12-03T02:55:34Z,5020000,False,,,0,,N. Reid REBOUND (Off:0 Def:2),[1629675],1610612750.0,MIN,,,,Reid,N. Reid,,,,,,,,,506.0,2.0,2.0,0.0,,,,,,,,,,,,,,
508,PT08M37.00S,2024-12-03T02:55:43.5Z,4,REGULAR,3pt,Jump Shot,[],1629638,92.46057818659659,4.6568627450980395,1610612750,92,67,2024-12-03T02:55:49Z,5030000,False,-227.0,18.0,1,right,N. Alexander-Walker 3PT  (13 PTS) (M. Conley 6 AST),"[1629638, 201144]",1610612750.0,MIN,,,,Alexander-Walker,N. Alexander-Walker,,,,,Left Corner 3,24+ Left,22.74,Made,,,,,13.0,M. Conley,201144.0,6.0,,,,,,,,,,
510,PT08M22.00S,2024-12-03T02:55:59.4Z,4,REGULAR,2pt,Jump Shot,[],2544,9.149145860709593,70.83333333333334,1610612747,92,67,2024-12-03T02:56:04Z,5050000,False,-104.0,34.0,1,left,MISS L. James 10' turnaround fadeaway bank Shot,[2544],1610612747.0,LAL,turnaround fadeaway bank,,,James,L. James,,,,,Mid-Range,8-16 Left,10.95,Missed,,,,,,,,,,,,,,,,,,
511,PT08M18.00S,2024-12-03T02:56:03.4Z,4,REGULAR,rebound,defensive,[],201144,,,1610612750,92,67,2024-12-03T02:56:04Z,5060000,False,,,0,,M. Conley REBOUND (Off:0 Def:2),[201144],1610612750.0,MIN,,,,Conley,M. Conley,,,,,Mid-Range,8-16 Left,,,510.0,2.0,2.0,0.0,,,,,,,,,,,,,,
512,PT08M16.00S,2024-12-03T02:56:07.6Z,4,REGULAR,turnover,out-of-bounds,[],1629638,,,1610612750,92,67,2024-12-03T02:56:12Z,5070000,False,,,0,,N. Alexander-Walker bad pass out-of-bounds TURNOVER (1 TO),[1629638],1610612750.0,MIN,bad pass,,,Alexander-Walker,N. Alexander-Walker,,,,,Left Corner 3,24+ Left,,,,,,,,,,,2534.0,,,,,1.0,,,,
513,PT08M01.00S,2024-12-03T02:56:28.2Z,4,REGULAR,2pt,Jump Shot,['fromturnover'],1642261,11.514454664914586,31.61764705882353,1610612747,92,69,2024-12-03T02:56:38Z,5080000,False,92.0,56.0,1,left,D. Knecht 10' driving floating bank Jump Shot (6 PTS) (A. Davis 5 AST),"[1642261, 203076]",1610612747.0,LAL,driving floating bank,,,Knecht,D. Knecht,,,,,Mid-Range,8-16 Right,10.75,Made,,,,,6.0,A. Davis,203076.0,5.0,,,,,,,,,,
515,PT07M42.00S,2024-12-03T02:56:47.2Z,4,REGULAR,2pt,DUNK,['pointsinthepaint'],203497,93.11760840998686,51.9607843137255,1610612750,94,69,2024-12-03T02:56:51Z,5100000,False,10.0,12.0,1,right,R. Gobert alley-oop DUNK (17 PTS) (N. Reid 2 AST),"[203497, 1629675]",1610612750.0,MIN,alley-oop,,,Gobert,R. Gobert,,,,,Restricted Area,0-8 Center,1.56,Made,,,,,17.0,N. Reid,1629675.0,2.0,,,,,,,,,,
517,PT07M41.00S,2024-12-03T02:56:52.6Z,4,REGULAR,timeout,full,"['team', 'mandatory']",0,,,1610612747,94,69,2024-12-03T02:56:52Z,5120000,False,,,0,,LAL Timeout,[],1610612747.0,LAL,,,,,,,,,,,,,,,,,,,,,,,,,,,,,,,
518,PT07M41.00S,2024-12-03T02:58:32.3Z,4,REGULAR,substitution,out,[],1642261,,,1610612747,94,69,2024-12-03T02:59:29Z,5130000,False,,,0,,SUB out: D. Knecht,[1642261],1610612747.0,LAL,,,,Knecht,D. Knecht,,,,,,,,,,,,,,,,,,,,,,,,,,
519,PT07M41.00S,2024-12-03T02:58:32.3Z,4,REGULAR,substitution,out,[],2544,,,1610612747,94,69,2024-12-03T02:59:29Z,5140000,False,,,0,,SUB out: L. James,[2544],1610612747.0,LAL,,,,James,L. James,,,,,,,,,,,,,,,,,,,,,,,,,,
520,PT07M41.00S,2024-12-03T02:58:32.3Z,4,REGULAR,substitution,out,[],1629060,,,1610612747,94,69,2024-12-03T02:59:29Z,5150000,False,,,0,,SUB out: R. Hachimura,[1629060],1610612747.0,LAL,,,,Hachimura,R. Hachimura,,,,,,,,,,,,,,,,,,,,,,,,,,
521,PT07M41.00S,2024-12-03T02:58:32.3Z,4,REGULAR,substitution,out,[],203076,,,1610612747,94,69,2024-12-03T02:59:29Z,5160000,False,,,0,,SUB out: A. Davis,[203076],1610612747.0,LAL,,,,Davis,A. Davis,,,,,,,,,,,,,,,,,,,,,,,,,,
522,PT07M41.00S,2024-12-03T02:58:32.3Z,4,REGULAR,substitution,in,[],1641721,,,1610612747,94,69,2024-12-03T02:59:29Z,5170000,False,,,0,,SUB in: M. Lewis,[1641721],1610612747.0,LAL,,,,Lewis,M. Lewis,,,,,,,,,,,,,,,,,,,,,,,,,,
523,PT07M41.00S,2024-12-03T02:58:32.3Z,4,REGULAR,substitution,in,[],1642422,,,1610612747,94,69,2024-12-03T02:59:29Z,5180000,False,,,0,,SUB in: A. Traoré,[1642422],1610612747.0,LAL,,,,Traoré,A. Traoré,,,,,,,,,,,,,,,,,,,,,,,,,,
524,PT07M41.00S,2024-12-03T02:58:32.3Z,4,REGULAR,substitution,in,[],1631108,,,1610612747,94,69,2024-12-03T02:59:29Z,5190000,False,,,0,,SUB in: M. Christie,[1631108],1610612747.0,LAL,,,,Christie,M. Christie,,,,,,,,,,,,,,,,,,,,,,,,,,
525,PT07M41.00S,2024-12-03T02:58:32.3Z,4,REGULAR,substitution,in,[],1631132,,,1610612747,94,69,2024-12-03T02:59:29Z,5200000,False,,,0,,SUB in: C. Koloko,[1631132],1610612747.0,LAL,,,,Koloko,C. Koloko,,,,,,,,,,,,,,,,,,,,,,,,,,
526,PT07M26.00S,2024-12-03T02:59:58.6Z,4,REGULAR,2pt,Jump Shot,[],1626156,21.76412614980289,56.127450980392155,1610612747,94,71,2024-12-03T03:00:03Z,5210000,False,-31.0,152.0,1,left,D. Russell 15' pullup Jump Shot (20 PTS),[1626156],1610612747.0,LAL,pullup,,,Russell,D. Russell,,,,,Mid-Range,8-16 Center,15.51,Made,,,,,20.0,,,,,,,,,,,,,
527,PT07M03.00S,2024-12-03T03:00:20.9Z,4,REGULAR,3pt,Jump Shot,[],1629675,93.64323258869908,4.6568627450980395,1610612750,94,71,2024-12-03T03:00:25Z,5220000,False,-227.0,7.0,1,right,MISS N. Reid 3PT,[1629675],1610612750.0,MIN,,,,Reid,N. Reid,,,,,Left Corner 3,24+ Left,22.68,Missed,,,,,,,,,,,,,,,,,,
528,PT07M01.00S,2024-12-03T03:00:22.9Z,4,REGULAR,rebound,defensive,[],1642422,,,1610612747,94,71,2024-12-03T03:00:48Z,5230000,False,,,0,,A. Traoré REBOUND (Off:1 Def:2),[1642422],1610612747.0,LAL,,,,Traoré,A. Traoré,,,,,Left Corner 3,24+ Left,,,527.0,3.0,2.0,1.0,,,,,,,,,,,,,,
529,PT06M54.00S,2024-12-03T03:00:30.3Z,4,REGULAR,2pt,Layup,['pointsinthepaint'],1641721,7.835085413929041,48.529411764705884,1610612747,94,73,2024-12-03T03:00:39Z,5240000,False,7.0,21.0,1,left,M. Lewis driving Layup (2 PTS) (D. Russell 5 AST),"[1641721, 1626156]",1610612747.0,LAL,driving,,,Lewis,M. Lewis,,,,,Restricted Area,0-8 Center,2.24,Made,,,,,2.0,D. Russell,1626156.0,5.0,,,,,,,,,,
531,PT06M38.00S,2024-12-03T03:00:46.7Z,4,REGULAR,2pt,Layup,['pointsinthepaint'],1629638,93.64323258869908,47.05882352941176,1610612750,96,73,2024-12-03T03:00:52Z,5260000,False,-15.0,7.0,1,right,N. Alexander-Walker driving Layup (15 PTS) (D. DiVincenzo 9 AST),"[1629638, 1628978]",1610612750.0,MIN,driving,,,Alexander-Walker,N. Alexander-Walker,,,,,Restricted Area,0-8 Center,1.64,Made,,,,,15.0,D. DiVincenzo,1628978.0,9.0,,,,,,,,,,
533,PT06M24.00S,2024-12-03T03:01:00.1Z,4,REGULAR,3pt,Jump Shot,[],1631108,21.76412614980289,7.107843137254902,1610612747,96,73,2024-12-03T03:01:04Z,5280000,False,214.0,152.0,1,left,MISS M. Christie 26' 3PT,[1631108],1610612747.0,LAL,,,,Christie,M. Christie,,,,,Above the Break 3,24+ Right Center,26.3,Missed,,,,,,,,,,,,,,,,,,
534,PT06M21.00S,2024-12-03T03:01:03.1Z,4,REGULAR,rebound,defensive,[],201144,,,1610612750,96,73,2024-12-03T03:01:04Z,5290000,False,,,0,,M. Conley REBOUND (Off:0 Def:3),[201144],1610612750.0,MIN,,,,Conley,M. Conley,,,,,Above the Break 3,24+ Right Center,,,533.0,3.0,3.0,0.0,,,,,,,,,,,,,,
535,PT06M13.00S,2024-12-03T03:01:11.4Z,4,REGULAR,turnover,bad pass,[],201144,,,1610612750,96,73,2024-12-03T03:01:15Z,5300000,False,,,0,,M. Conley bad pass TURNOVER (2 TO),"[201144, 1626156]",1610612750.0,MIN,,,,Conley,M. Conley,,,,,Above the Break 3,24+ Left Center,,,,,,,,,,,,,,,,2.0,Russell,1626156.0,,
536,PT06M13.00S,2024-12-03T03:01:11.4Z,4,REGULAR,steal,,[],1626156,,,1610612747,96,73,2024-12-03T03:01:12Z,5310000,False,,,0,,D. Russell STEAL (1 STL),[1626156],1610612747.0,LAL,,,,Russell,D. Russell,,,,,Above the Break 3,24+ Left Center,,,,,,,,,,,,,,,,,,,,
537,PT06M11.00S,2024-12-03T03:01:15.2Z,4,REGULAR,2pt,Jump Shot,"['fastbreak', 'fromturnover']",1641721,23.47240473061761,38.23529411764706,1610612747,96,73,2024-12-03T03:01:40Z,5320000,False,59.0,168.0,1,left,MISS M. Lewis 17' running pullup Shot,[1641721],1610612747.0,LAL,running pullup,,,Lewis,M. Lewis,,,,,Mid-Range,16-24 Right Center,17.81,Missed,,,,,,,,,,,,,,,,,,
538,PT06M10.00S,2024-12-03T03:01:16.2Z,4,REGULAR,rebound,defensive,['team'],0,,,1610612750,96,73,2024-12-03T03:01:40Z,5330000,False,,,0,,TEAM defensive REBOUND,[],1610612750.0,MIN,,,,,,,,,,Mid-Range,16-24 Right Center,,,537.0,,,,,,,,,,,,,,,,,
540,PT06M10.00S,2024-12-03T03:01:22.1Z,4,REGULAR,foul,personal,[],1642422,,,1610612750,96,73,2024-12-03T03:01:27Z,5350000,False,,,0,,A. Traoré loose ball personal FOUL (1 PF),"[1642422, 1628978]",1610612747.0,LAL,loose ball,,,Traoré,A. Traoré,,,,,In The Paint (Non-RA),0-8 Center,,,,,,,,,,,2534.0,1.0,0.0,DiVincenzo,1628978.0,,,,,
542,PT06M10.00S,2024-12-03T03:01:32.8Z,4,REGULAR,timeout,full,['team'],0,,,1610612750,96,73,2024-12-03T03:01:32Z,5370000,False,,,0,,MIN Timeout,[],1610612750.0,MIN,,,,,,,,,,,,,,,,,,,,,,,,,,,,,,,
543,PT06M10.00S,2024-12-03T03:02:39.5Z,4,REGULAR,substitution,out,[],201144,,,1610612750,96,73,2024-12-03T03:02:55Z,5380000,False,,,0,,SUB out: M. Conley,[201144],1610612750.0,MIN,,,,Conley,M. Conley,,,,,,,,,,,,,,,,,,,,,,,,,,
544,PT06M10.00S,2024-12-03T03:02:39.5Z,4,REGULAR,substitution,out,[],203497,,,1610612750,96,73,2024-12-03T03:02:55Z,5390000,False,,,0,,SUB out: R. Gobert,[203497],1610612750.0,MIN,,,,Gobert,R. Gobert,,,,,,,,,,,,,,,,,,,,,,,,,,
545,PT06M10.00S,2024-12-03T03:02:39.5Z,4,REGULAR,substitution,in,[],1631169,,,1610612750,96,73,2024-12-03T03:02:55Z,5400000,False,,,0,,SUB in: J. Minott,[1631169],1610612750.0,MIN,,,,Minott,J. Minott,,,,,,,,,,,,,,,,,,,,,,,,,,
546,PT06M10.00S,2024-12-03T03:02:39.5Z,4,REGULAR,substitution,in,[],1630568,,,1610612750,96,73,2024-12-03T03:02:55Z,5410000,False,,,0,,SUB in: L. Garza,[1630568],1610612750.0,MIN,,,,Garza,L. Garza,,,,,,,,,,,,,,,,,,,,,,,,,,
547,PT05M58.00S,2024-12-03T03:03:12.7Z,4,REGULAR,2pt,Layup,['pointsinthepaint'],1629675,92.19776609724047,53.18627450980392,1610612750,96,73,2024-12-03T03:03:18Z,5420000,False,16.0,21.0,1,right,MISS N. Reid alley-oop Layup,[1629675],1610612750.0,MIN,alley-oop,,,Reid,N. Reid,,,,,Restricted Area,0-8 Center,2.62,Missed,,,,,,,,,,,,,,,,,,
548,PT05M55.00S,2024-12-03T03:03:15.7Z,4,REGULAR,rebound,defensive,[],1631132,,,1610612747,96,73,2024-12-03T03:03:18Z,5430000,False,,,0,,C. Koloko REBOUND (Off:0 Def:1),[1631132],1610612747.0,LAL,,,,Koloko,C. Koloko,,,,,Restricted Area,0-8 Center,,,547.0,1.0,1.0,0.0,,,,,,,,,,,,,,
549,PT05M48.00S,2024-12-03T03:03:25.5Z,4,REGULAR,foul,personal,[],1630568,,,1610612747,96,73,2024-12-03T03:03:37Z,5440000,False,,,0,,L. Garza personal FOUL (1 PF),"[1630568, 1626156]",1610612750.0,MIN,,,,Garza,L. Garza,,,,,Mid-Range,16-24 Center,,,,,,,,,,,2534.0,1.0,0.0,Russell,1626156.0,,,,,
551,PT05M34.00S,2024-12-03T03:04:02.2Z,4,REGULAR,foul,offensive,[],1642422,,,1610612747,96,73,2024-12-03T03:04:09Z,5460000,False,,,0,,A. Traoré charge offensive FOUL (2 PF),"[1642422, 1630568]",1610612747.0,LAL,charge,,,Traoré,A. Traoré,,,,,In The Paint (Non-RA),0-8 Center,,,,,,,,,,,1627541.0,2.0,0.0,Garza,1630568.0,,,,,
553,PT05M34.00S,2024-12-03T03:04:02.2Z,4,REGULAR,turnover,offensive foul,[],1642422,,,1610612747,96,73,2024-12-03T03:04:02Z,5480000,False,,,0,,A. Traoré offensive foul TURNOVER (2 TO),[1642422],1610612747.0,LAL,,,,Traoré,A. Traoré,,,,,In The Paint (Non-RA),0-8 Center,,,,,,,,,,,1627541.0,,,,,2.0,,,,
554,PT05M34.00S,2024-12-03T03:04:07.1Z,4,REGULAR,substitution,out,[],1629638,,,1610612750,96,73,2024-12-03T03:04:35Z,5490000,False,,,0,,SUB out: N. Alexander-Walker,[1629638],1610612750.0,MIN,,,,Alexander-Walker,N. Alexander-Walker,,,,,,,,,,,,,,,,,,,,,,,,,,
555,PT05M34.00S,2024-12-03T03:04:07.1Z,4,REGULAR,substitution,out,[],1629675,,,1610612750,96,73,2024-12-03T03:04:35Z,5500000,False,,,0,,SUB out: N. Reid,[1629675],1610612750.0,MIN,,,,Reid,N. Reid,,,,,,,,,,,,,,,,,,,,,,,,,,
556,PT05M34.00S,2024-12-03T03:04:07.1Z,4,REGULAR,substitution,in,[],1630545,,,1610612750,96,73,2024-12-03T03:04:35Z,5510000,False,,,0,,SUB in: T. Shannon Jr.,[1630545],1610612750.0,MIN,,,,Shannon Jr.,T. Shannon Jr.,,,,,,,,,,,,,,,,,,,,,,,,,,
557,PT05M34.00S,2024-12-03T03:04:07.1Z,4,REGULAR,substitution,in,[],1628408,,,1610612750,96,73,2024-12-03T03:04:35Z,5520000,False,,,0,,SUB in: P. Dozier,[1628408],1610612750.0,MIN,,,,Dozier,P. Dozier,,,,,,,,,,,,,,,,,,,,,,,,,,
558,PT05M20.00S,2024-12-03T03:04:48.0Z,4,REGULAR,2pt,Layup,"['pointsinthepaint', 'fromturnover']",1630545,90.09526938239159,49.50980392156863,1610612750,96,73,2024-12-03T03:04:53Z,5530000,False,-2.0,41.0,1,right,MISS T. Shannon Jr. driving Layup - blocked,"[1630545, 1642422]",1610612750.0,MIN,driving,,,Shannon Jr.,T. Shannon Jr.,,,,,Restricted Area,0-8 Center,4.07,Missed,,,,,,,,,,,,,,,,,Traoré,1642422.0
559,PT05M20.00S,2024-12-03T03:04:48.0Z,4,REGULAR,block,,[],1642422,,,1610612750,96,73,2024-12-03T03:04:50Z,5540000,False,,,0,,A. Traoré BLOCK (1 BLK),[1642422],1610612747.0,LAL,,,,Traoré,A. Traoré,,,,,Restricted Area,0-8 Center,,,,,,,,,,,,,,,,,,,,
560,PT05M17.00S,2024-12-03T03:04:51.0Z,4,REGULAR,rebound,defensive,[],1631108,,,1610612747,96,73,2024-12-03T03:04:53Z,5550000,False,,,0,,M. Christie REBOUND (Off:0 Def:2),[1631108],1610612747.0,LAL,,,,Christie,M. Christie,,,,,Restricted Area,0-8 Center,,,558.0,2.0,2.0,0.0,,,,,,,,,,,,,,
561,PT05M08.00S,2024-12-03T03:05:00.4Z,4,REGULAR,3pt,Jump Shot,[],1626156,26.49474375821288,19.11764705882353,1610612747,96,73,2024-12-03T03:05:07Z,5560000,False,154.0,197.0,1,left,MISS D. Russell 25' step back 3PT,[1626156],1610612747.0,LAL,step back,,,Russell,D. Russell,,,,,Above the Break 3,24+ Right Center,25.0,Missed,,,,,,,,,,,,,,,,,,
562,PT05M04.00S,2024-12-03T03:05:03.9Z,4,REGULAR,rebound,offensive,[],1641721,,,1610612747,96,73,2024-12-03T03:05:03Z,5570000,False,,,0,,M. Lewis REBOUND (Off:1 Def:0),[1641721],1610612747.0,LAL,,,,Lewis,M. Lewis,,,,,Above the Break 3,24+ Right Center,,,561.0,1.0,0.0,1.0,,,,,,,,,,,,,,
563,PT05M04.00S,2024-12-03T03:05:04.5Z,4,REGULAR,2pt,Layup,"['pointsinthepaint', '2ndchance']",1641721,8.492115637319317,53.92156862745098,1610612747,96,75,2024-12-03T03:05:09Z,5580000,False,-20.0,27.0,1,left,M. Lewis putback Layup (4 PTS),[1641721],1610612747.0,LAL,putback,,,Lewis,M. Lewis,,,,,Restricted Area,0-8 Center,3.36,Made,,,,,4.0,,,,,,,,,,,,,
564,PT04M48.00S,2024-12-03T03:05:20.4Z,4,REGULAR,3pt,Jump Shot,[],1631169,74.85216819973719,13.480392156862745,1610612750,96,75,2024-12-03T03:05:26Z,5590000,False,-183.0,184.0,1,right,MISS J. Minott 25' 3PT,[1631169],1610612750.0,MIN,,,,Minott,J. Minott,,,,,Above the Break 3,24+ Left Center,25.92,Missed,,,,,,,,,,,,,,,,,,
565,PT04M44.00S,2024-12-03T03:05:24.4Z,4,REGULAR,rebound,defensive,[],1631132,,,1610612747,96,75,2024-12-03T03:05:26Z,5600000,False,,,0,,C. Koloko REBOUND (Off:0 Def:2),[1631132],1610612747.0,LAL,,,,Koloko,C. Koloko,,,,,Above the Break 3,24+ Left Center,,,564.0,2.0,2.0,0.0,,,,,,,,,,,,,,
566,PT04M32.00S,2024-12-03T03:05:35.4Z,4,REGULAR,3pt,Jump Shot,[],1642422,25.18068331143233,84.80392156862744,1610612747,96,75,2024-12-03T03:05:39Z,5610000,False,-174.0,184.0,1,left,MISS A. Traoré 25' 3PT,[1642422],1610612747.0,LAL,,,,Traoré,A. Traoré,,,,,Above the Break 3,24+ Left Center,25.34,Missed,,,,,,,,,,,,,,,,,,
567,PT04M32.00S,2024-12-03T03:05:35.4Z,4,REGULAR,rebound,defensive,[],1630545,,,1610612750,96,75,2024-12-03T03:05:39Z,5620000,False,,,0,,T. Shannon Jr. REBOUND (Off:0 Def:1),[1630545],1610612750.0,MIN,,,,Shannon Jr.,T. Shannon Jr.,,,,,Above the Break 3,24+ Left Center,,,566.0,1.0,1.0,0.0,,,,,,,,,,,,,,
568,PT04M32.00S,2024-12-03T03:05:41.7Z,4,REGULAR,timeout,full,['team'],0,,,1610612750,96,75,2024-12-03T03:05:41Z,5630000,False,,,0,,MIN Timeout,[],1610612750.0,MIN,,,,,,,,,,,,,,,,,,,,,,,,,,,,,,,
569,PT04M32.00S,2024-12-03T03:06:37.3Z,4,REGULAR,substitution,out,[],1628978,,,1610612750,96,75,2024-12-03T03:07:03Z,5640000,False,,,0,,SUB out: D. DiVincenzo,[1628978],1610612750.0,MIN,,,,DiVincenzo,D. DiVincenzo,,,,,,,,,,,,,,,,,,,,,,,,,,
570,PT04M32.00S,2024-12-03T03:06:37.3Z,4,REGULAR,substitution,out,[],1626156,,,1610612750,96,75,2024-12-03T03:07:03Z,5650000,False,,,0,,SUB out: D. Russell,[1626156],1610612747.0,LAL,,,,Russell,D. Russell,,,,,,,,,,,,,,,,,,,,,,,,,,
571,PT04M32.00S,2024-12-03T03:06:37.3Z,4,REGULAR,substitution,in,[],1630227,,,1610612750,96,75,2024-12-03T03:07:03Z,5660000,False,,,0,,SUB in: D. Nix,[1630227],1610612750.0,MIN,,,,Nix,D. Nix,,,,,,,,,,,,,,,,,,,,,,,,,,
572,PT04M32.00S,2024-12-03T03:06:37.3Z,4,REGULAR,substitution,in,[],1629216,,,1610612750,96,75,2024-12-03T03:07:03Z,5670000,False,,,0,,SUB in: G. Vincent,[1629216],1610612747.0,LAL,,,,Vincent,G. Vincent,,,,,,,,,,,,,,,,,,,,,,,,,,
574,PT04M12.00S,2024-12-03T03:07:36.5Z,4,REGULAR,2pt,Jump Shot,['pointsinthepaint'],1630568,87.46714848883047,48.77450980392157,1610612750,98,75,2024-12-03T03:07:42Z,5690000,False,-6.0,65.0,1,right,L. Garza 6' floating Jump Shot (2 PTS) (D. Nix 1 AST),"[1630568, 1630227]",1610612750.0,MIN,floating,,,Garza,L. Garza,,,,,In The Paint (Non-RA),0-8 Center,6.56,Made,,,,,2.0,D. Nix,1630227.0,1.0,,,,,,,,,,
576,PT04M02.00S,2024-12-03T03:07:51.4Z,4,REGULAR,foul,personal,[],1628408,,,1610612747,98,75,2024-12-03T03:07:57Z,5710000,False,,,0,,P. Dozier personal FOUL (1 PF),"[1628408, 1631132]",1610612750.0,MIN,,,,Dozier,P. Dozier,,,,,Mid-Range,24+ Left Center,,,,,,,,,,,2534.0,1.0,0.0,Koloko,1631132.0,,,,,
578,PT03M53.00S,2024-12-03T03:08:15.9Z,4,REGULAR,turnover,out-of-bounds,[],1631132,,,1610612747,98,75,2024-12-03T03:08:21Z,5730000,False,,,0,,C. Koloko lost ball out-of-bounds TURNOVER (1 TO),[1631132],1610612747.0,LAL,lost ball,,,Koloko,C. Koloko,,,,,In The Paint (Non-RA),8-16 Left,,,,,,,,,,,1627541.0,,,,,1.0,,,,
579,PT03M43.00S,2024-12-03T03:08:34.2Z,4,REGULAR,turnover,lost ball,[],1630227,,,1610612750,98,75,2024-12-03T03:08:38Z,5740000,False,,,0,,D. Nix lost ball TURNOVER (1 TO),"[1630227, 1642422]",1610612750.0,MIN,,,,Nix,D. Nix,,,,,In The Paint (Non-RA),8-16 Right,,,,,,,,,,,,,,,,1.0,Traoré,1642422.0,,
580,PT03M43.00S,2024-12-03T03:08:34.2Z,4,REGULAR,steal,,[],1642422,,,1610612747,98,75,2024-12-03T03:09:46Z,5750000,False,,,0,,A. Traoré STEAL (1 STL),[1642422],1610612747.0,LAL,,,,Traoré,A. Traoré,,,,,In The Paint (Non-RA),8-16 Right,,,,,,,,,,,,,,,,,,,,
581,PT03M38.00S,2024-12-03T03:08:38.9Z,4,REGULAR,3pt,Jump Shot,"['fromturnover', 'fastbreak']",1631108,32.40801576872536,48.03921568627451,1610612747,98,78,2024-12-03T03:10:37Z,5760000,False,10.0,252.0,1,left,M. Christie 25' 3PT running (5 PTS) (M. Lewis 1 AST),"[1631108, 1641721]",1610612747.0,LAL,running,,,Christie,M. Christie,,,,,Above the Break 3,24+ Center,25.23,Made,,,,,5.0,M. Lewis,1641721.0,1.0,,,,,,,,,,
583,PT03M18.00S,2024-12-03T03:09:00.1Z,4,REGULAR,foul,personal,['2freethrow'],1631132,,,1610612750,98,78,2024-12-03T03:09:06Z,5780000,False,,,0,,C. Koloko shooting personal FOUL (1 PF) (Garza 2 FT),"[1631132, 1630568]",1610612747.0,LAL,shooting,,,Koloko,C. Koloko,,,,,In The Paint (Non-RA),8-16 Left,,,,,,,,,,,2534.0,1.0,0.0,Garza,1630568.0,,,,,
585,PT03M18.00S,2024-12-03T03:09:20.9Z,4,REGULAR,freethrow,1 of 2,[],1630568,,,1610612750,99,78,2024-12-03T03:09:20Z,5800000,False,,,0,,L. Garza Free Throw 1 of 2 (3 PTS),[1630568],1610612750.0,MIN,,,,Garza,L. Garza,,,,,,,,Made,,,,,3.0,,,,,,,,,,,,,
586,PT03M18.00S,2024-12-03T03:09:33.6Z,4,REGULAR,freethrow,2 of 2,[],1630568,,,1610612750,100,78,2024-12-03T03:09:33Z,5810000,False,,,0,,L. Garza Free Throw 2 of 2 (4 PTS),[1630568],1610612750.0,MIN,,,,Garza,L. Garza,,,,,,,,Made,,,,,4.0,,,,,,,,,,,,,
587,PT03M05.00S,2024-12-03T03:09:47.5Z,4,REGULAR,3pt,Jump Shot,[],1631108,31.882391590013142,47.05882352941176,1610612747,100,78,2024-12-03T03:11:19Z,5820000,False,15.0,247.0,1,left,MISS M. Christie 24' pullup 3PT,[1631108],1610612747.0,LAL,pullup,,,Christie,M. Christie,,,,,Above the Break 3,24+ Center,24.76,Missed,,,,,,,,,,,,,,,,,,
588,PT03M03.00S,2024-12-03T03:09:49.5Z,4,REGULAR,rebound,defensive,[],1628408,,,1610612750,100,78,2024-12-03T03:09:58Z,5830000,False,,,0,,P. Dozier REBOUND (Off:0 Def:1),[1628408],1610612750.0,MIN,,,,Dozier,P. Dozier,,,,,Above the Break 3,24+ Center,,,587.0,1.0,1.0,0.0,,,,,,,,,,,,,,
589,PT02M58.00S,2024-12-03T03:09:56.5Z,4,REGULAR,turnover,out-of-bounds,[],1630545,,,1610612750,100,78,2024-12-03T03:10:02Z,5840000,False,,,0,,T. Shannon Jr. bad pass out-of-bounds TURNOVER (1 TO),[1630545],1610612750.0,MIN,bad pass,,,Shannon Jr.,T. Shannon Jr.,,,,,Right Corner 3,24+ Right,,,,,,,,,,,1627541.0,,,,,1.0,,,,
590,PT02M46.00S,2024-12-03T03:10:15.7Z,4,REGULAR,3pt,Jump Shot,['fromturnover'],1629216,31.882391590013142,25.98039215686275,1610612747,100,78,2024-12-03T03:10:20Z,5850000,False,120.0,247.0,1,left,MISS G. Vincent 27' step back 3PT,[1629216],1610612747.0,LAL,step back,,,Vincent,G. Vincent,,,,,Above the Break 3,24+ Right Center,27.48,Missed,,,,,,,,,,,,,,,,,,
591,PT02M43.00S,2024-12-03T03:10:18.7Z,4,REGULAR,rebound,defensive,[],1630227,,,1610612750,100,78,2024-12-03T03:10:20Z,5860000,False,,,0,,D. Nix REBOUND (Off:0 Def:1),[1630227],1610612750.0,MIN,,,,Nix,D. Nix,,,,,Above the Break 3,24+ Right Center,,,590.0,1.0,1.0,0.0,,,,,,,,,,,,,,
592,PT02M35.00S,2024-12-03T03:10:26.6Z,4,REGULAR,turnover,bad pass,[],1630227,,,1610612750,100,78,2024-12-03T03:13:32Z,5870000,False,,,0,,D. Nix bad pass TURNOVER (2 TO),"[1630227, 1629216]",1610612750.0,MIN,,,,Nix,D. Nix,,,,,In The Paint (Non-RA),0-8 Center,,,,,,,,,,,,,,,,2.0,Vincent,1629216.0,,
593,PT02M35.00S,2024-12-03T03:10:26.6Z,4,REGULAR,steal,,[],1629216,,,1610612747,100,78,2024-12-03T03:10:28Z,5880000,False,,,0,,G. Vincent STEAL (2 STL),[1629216],1610612747.0,LAL,,,,Vincent,G. Vincent,,,,,In The Paint (Non-RA),0-8 Center,,,,,,,,,,,,,,,,,,,,
594,PT02M20.00S,2024-12-03T03:10:41.3Z,4,REGULAR,turnover,lost ball,[],1631108,,,1610612747,100,78,2024-12-03T03:10:45Z,5890000,False,,,0,,M. Christie lost ball TURNOVER (2 TO),"[1631108, 1631169]",1610612747.0,LAL,,,,Christie,M. Christie,,,,,Above the Break 3,24+ Right Center,,,,,,,,,,,,,,,,2.0,Minott,1631169.0,,
595,PT02M20.00S,2024-12-03T03:10:41.3Z,4,REGULAR,steal,,[],1631169,,,1610612750,100,78,2024-12-03T03:10:42Z,5900000,False,,,0,,J. Minott STEAL (1 STL),[1631169],1610612750.0,MIN,,,,Minott,J. Minott,,,,,Above the Break 3,24+ Right Center,,,,,,,,,,,,,,,,,,,,
596,PT02M12.00S,2024-12-03T03:10:49.7Z,4,REGULAR,turnover,bad pass,[],1628408,,,1610612750,100,78,2024-12-03T03:10:54Z,5910000,False,,,0,,P. Dozier bad pass TURNOVER (1 TO),"[1628408, 1641721]",1610612750.0,MIN,,,,Dozier,P. Dozier,,,,,Mid-Range,16-24 Right,,,,,,,,,,,,,,,,1.0,Lewis,1641721.0,,
597,PT02M12.00S,2024-12-03T03:10:49.7Z,4,REGULAR,steal,,[],1641721,,,1610612747,100,78,2024-12-03T03:10:51Z,5920000,False,,,0,,M. Lewis STEAL (1 STL),[1641721],1610612747.0,LAL,,,,Lewis,M. Lewis,,,,,Mid-Range,16-24 Right,,,,,,,,,,,,,,,,,,,,
598,PT01M58.00S,2024-12-03T03:11:03.9Z,4,REGULAR,3pt,Jump Shot,['fromturnover'],1631108,27.283180026281208,79.90196078431373,1610612747,100,78,2024-12-03T03:11:09Z,5930000,False,-150.0,204.0,1,left,MISS M. Christie 25' 3PT,[1631108],1610612747.0,LAL,,,,Christie,M. Christie,,,,,Above the Break 3,24+ Left Center,25.29,Missed,,,,,,,,,,,,,,,,,,
599,PT01M54.00S,2024-12-03T03:11:07.9Z,4,REGULAR,rebound,defensive,[],1628408,,,1610612750,100,78,2024-12-03T03:11:09Z,5940000,False,,,0,,P. Dozier REBOUND (Off:0 Def:2),[1628408],1610612750.0,MIN,,,,Dozier,P. Dozier,,,,,Above the Break 3,24+ Left Center,,,598.0,2.0,2.0,0.0,,,,,,,,,,,,,,
600,PT01M35.00S,2024-12-03T03:11:27.7Z,4,REGULAR,2pt,Layup,['pointsinthepaint'],1631169,90.09526938239159,55.63725490196079,1610612750,102,78,2024-12-03T03:11:32Z,5950000,False,28.0,41.0,1,right,J. Minott driving finger roll Layup (2 PTS) (P. Dozier 1 AST),"[1631169, 1628408]",1610612750.0,MIN,driving finger roll,,,Minott,J. Minott,,,,,In The Paint (Non-RA),0-8 Center,4.94,Made,,,,,2.0,P. Dozier,1628408.0,1.0,,,,,,,,,,
602,PT01M27.00S,2024-12-03T03:11:39.8Z,4,REGULAR,2pt,DUNK,['pointsinthepaint'],1631132,6.1268068331143235,50.245098039215684,1610612747,102,80,2024-12-03T03:11:43Z,5970000,False,-1.0,5.0,1,left,C. Koloko cutting DUNK (2 PTS) (M. Lewis 2 AST),"[1631132, 1641721]",1610612747.0,LAL,cutting,,,Koloko,C. Koloko,,,,,Restricted Area,0-8 Center,0.52,Made,,,,,2.0,M. Lewis,1641721.0,2.0,,,,,,,,,,
604,PT01M22.00S,2024-12-03T03:11:50.5Z,4,REGULAR,foul,personal,[],1642422,,,1610612750,102,80,2024-12-03T03:12:03Z,5990000,False,,,0,,A. Traoré personal FOUL (3 PF),"[1642422, 1631169]",1610612747.0,LAL,,,,Traoré,A. Traoré,,,,,In The Paint (Non-RA),8-16 Left,,,,,,,,,,,2534.0,3.0,0.0,Minott,1631169.0,,,,,
606,PT01M17.00S,2024-12-03T03:12:18.6Z,4,REGULAR,3pt,Jump Shot,[],1630545,91.5407358738502,97.30392156862744,1610612750,105,80,2024-12-03T03:12:24Z,6010000,False,237.0,27.0,1,right,T. Shannon Jr. 3PT  (3 PTS) (D. Nix 2 AST),"[1630545, 1630227]",1610612750.0,MIN,,,,Shannon Jr.,T. Shannon Jr.,,,,,Right Corner 3,24+ Right,23.8,Made,,,,,3.0,D. Nix,1630227.0,2.0,,,,,,,,,,
608,PT01M01.00S,2024-12-03T03:12:37.4Z,4,REGULAR,3pt,Jump Shot,[],1631132,23.99802890932983,12.745098039215685,1610612747,105,80,2024-12-03T03:12:42Z,6030000,False,186.0,173.0,1,left,MISS C. Koloko 25' 3PT,[1631132],1610612747.0,LAL,,,,Koloko,C. Koloko,,,,,Above the Break 3,24+ Right Center,25.43,Missed,,,,,,,,,,,,,,,,,,
609,PT00M59.10S,2024-12-03T03:12:39.3Z,4,REGULAR,rebound,defensive,[],1630227,,,1610612750,105,80,2024-12-03T03:12:42Z,6040000,False,,,0,,D. Nix REBOUND (Off:0 Def:2),[1630227],1610612750.0,MIN,,,,Nix,D. Nix,,,,,Above the Break 3,24+ Right Center,,,608.0,2.0,2.0,0.0,,,,,,,,,,,,,,
610,PT00M54.40S,2024-12-03T03:12:45.8Z,4,REGULAR,2pt,DUNK,"['pointsinthepaint', 'fastbreak']",1630545,92.72339027595268,50.49019607843137,1610612750,107,80,2024-12-03T03:12:55Z,6050000,False,2.0,16.0,1,right,T. Shannon Jr. running DUNK (5 PTS),[1630545],1610612750.0,MIN,running,,,Shannon Jr.,T. Shannon Jr.,,,,,Restricted Area,0-8 Center,1.61,Made,,,,,5.0,,,,,,,,,,,,,
612,PT00M41.90S,2024-12-03T03:13:01.5Z,4,REGULAR,3pt,Jump Shot,[],1629216,24.26084099868594,14.705882352941178,1610612747,107,80,2024-12-03T03:13:06Z,6070000,False,176.0,176.0,1,left,MISS G. Vincent 24' pullup 3PT,[1629216],1610612747.0,LAL,pullup,,,Vincent,G. Vincent,,,,,Above the Break 3,24+ Right Center,24.9,Missed,,,,,,,,,,,,,,,,,,
613,PT00M38.50S,2024-12-03T03:13:04.9Z,4,REGULAR,rebound,defensive,[],1631169,,,1610612750,107,80,2024-12-03T03:13:06Z,6080000,False,,,0,,J. Minott REBOUND (Off:0 Def:2),[1631169],1610612750.0,MIN,,,,Minott,J. Minott,,,,,Above the Break 3,24+ Right Center,,,612.0,2.0,2.0,0.0,,,,,,,,,,,,,,
614,PT00M33.10S,2024-12-03T03:13:11.0Z,4,REGULAR,2pt,Layup,"['fastbreak', 'pointsinthepaint']",1630568,92.92460578186596,45.978860294117645,1610612750,109,80,2024-12-03T03:17:27Z,6090000,False,-20.0,14.0,1,right,L. Garza cutting Layup (6 PTS) (J. Minott 1 AST),"[1630568, 1631169]",1610612750.0,MIN,cutting,,,Garza,L. Garza,,,,,Restricted Area,0-8 Center,2.45,Made,,,,,6.0,J. Minott,1631169.0,1.0,,,,,,,,,,
616,PT00M23.50S,2024-12-03T03:13:28.1Z,4,REGULAR,turnover,out-of-bounds,[],1641721,,,1610612747,109,80,2024-12-03T03:13:37Z,6110000,False,,,0,,M. Lewis lost ball out-of-bounds TURNOVER (1 TO),[1641721],1610612747.0,LAL,lost ball,,,Lewis,M. Lewis,,,,,Above the Break 3,24+ Right Center,,,,,,,,,,,1627541.0,,,,,1.0,,,,
617,PT00M00.00S,2024-12-03T03:13:59.4Z,4,REGULAR,period,end,[],0,,,1610612750,109,80,2024-12-03T03:13:59Z,6120000,False,,,0,,Period End,[],,,,,,,,,,,,,,,,,,,,,,,,,,,,,,,,,
618,PT00M00.00S,2024-12-03T03:14:01.0Z,4,REGULAR,game,end,[],0,,,0,109,80,2024-12-03T03:14:01Z,6130000,False,,,0,,Game End,[],,,,,,,,,,,,,,,,,,,,,,,,,,,,,,,,,
