actionNumber,clock,timeActual,period,periodType,actionType,subType,qualifiers,personId,x,y,possession,scoreHome,scoreAway,edited,orderNumber,isTargetScoreLastPeriod,xLegacy,yLegacy,isFieldGoal,side,description,personIdsFilter,teamId,teamTricode,descriptor,jumpBallRecoveredName,jumpBallRecoverdPersonId,playerName,playerNameI,jumpBallWonPlayerName,jumpBallWonPersonId,jumpBallLostPlayerName,jumpBallLostPersonId,area,areaDetail,shotDistance,shotResult,pointsTotal,assistPlayerNameInitial,assistPersonId,assistTotal,shotActionNumber,reboundTotal,reboundDefensiveTotal,reboundOffensiveTotal,blockPlayerName,blockPersonId,officialId,foulPersonalTotal,foulTechnicalTotal,foulDrawnPlayerName,foulDrawnPersonId,turnoverTotal,stealPlayerName,stealPersonId
2,PT12M00.00S,2023-11-11T00:43:38.4Z,1,REGULAR,period,start,[],0,,,0,0,0,2023-11-11T00:43:38Z,20000,False,,,0,,Period Start,[],,,,,,,,,,,,,,,,,,,,,,,,,,,,,,,,,
4,PT11M55.00S,2023-11-11T00:43:42.4Z,1,REGULAR,jumpball,recovered,[],1627759,,,1610612738,0,0,2023-11-11T00:43:42Z,40000,False,,,0,,Jump Ball K. Porzingis vs. D. Finney-Smith: Tip to J. Brown,"[1627759, 204001, 1627827]",1610612738.0,BOS,startperiod,J. Brown,1627759.0,Brown,J. Brown,Porzingis,204001.0,Finney-Smith,1627827.0,,,,,,,,,,,,,,,,,,,,,,
7,PT11M39.00S,2023-11-11T00:43:57.9Z,1,REGULAR,2pt,Hook,['pointsinthepaint'],201950,13.091327201051248,46.81372549019608,1610612738,2,0,2023-11-11T00:44:04Z,70000,False,16.0,71.0,1,left,J. Holiday 7' driving Hook (2 PTS) (J. Tatum 1 AST),"[201950, 1628369]",1610612738.0,BOS,driving,,,Holiday,J. Holiday,,,,,In The Paint (Non-RA),0-8 Center,7.24,Made,2.0,J. Tatum,1628369.0,1.0,,,,,,,,,,,,,,
9,PT11M20.00S,2023-11-11T00:44:17.1Z,1,REGULAR,3pt,Jump Shot,[],1627827,68.01905387647832,37.00980392156863,1610612751,2,0,2023-11-11T00:44:23Z,90000,False,-65.0,248.0,1,right,MISS D. Finney-Smith 25' 3PT,[1627827],1610612751.0,BKN,,,,Finney-Smith,D. Finney-Smith,,,,,Above the Break 3,24+ Center,25.65,Missed,,,,,,,,,,,,,,,,,,
10,PT11M19.00S,2023-11-11T00:44:18.1Z,1,REGULAR,rebound,defensive,[],201950,,,1610612738,2,0,2023-11-11T00:44:23Z,100000,False,,,0,,J. Holiday REBOUND (Off:0 Def:1),[201950],1610612738.0,BOS,,,,Holiday,J. Holiday,,,,,Above the Break 3,24+ Center,,,,,,,9.0,1.0,1.0,0.0,,,,,,,,,,
11,PT11M13.00S,2023-11-11T00:44:25.3Z,1,REGULAR,2pt,Layup,"['pointsinthepaint', 'fastbreak']",1627759,9.280551905387648,47.549019607843135,1610612738,2,0,2023-11-11T00:44:35Z,110000,False,12.0,35.0,1,left,MISS J. Brown running Layup - blocked,"[1627759, 1627827]",1610612738.0,BOS,running,,,Brown,J. Brown,,,,,Restricted Area,0-8 Center,3.68,Missed,,,,,,,,,Finney-Smith,1627827.0,,,,,,,,
12,PT11M13.00S,2023-11-11T00:44:25.3Z,1,REGULAR,block,,[],1627827,,,1610612738,2,0,2023-11-11T00:44:27Z,120000,False,,,0,,D. Finney-Smith BLOCK (1 BLK),[1627827],1610612751.0,BKN,,,,Finney-Smith,D. Finney-Smith,,,,,Restricted Area,0-8 Center,,,,,,,,,,,,,,,,,,,,
13,PT11M11.00S,2023-11-11T00:44:27.3Z,1,REGULAR,rebound,defensive,[],1629661,,,1610612751,2,0,2023-11-11T00:44:35Z,130000,False,,,0,,C. Johnson REBOUND (Off:0 Def:1),[1629661],1610612751.0,BKN,,,,Johnson,C. Johnson,,,,,Restricted Area,0-8 Center,,,,,,,11.0,1.0,1.0,0.0,,,,,,,,,,
14,PT11M04.00S,2023-11-11T00:44:33.3Z,1,REGULAR,3pt,Jump Shot,[],203915,84.1819973718791,3.6764705882352944,1610612751,2,3,2023-11-11T00:44:48Z,140000,False,-232.0,96.0,1,right,S. Dinwiddie 25' 3PT  (3 PTS) (M. Bridges 1 AST),"[203915, 1628969]",1610612751.0,BKN,,,,Dinwiddie,S. Dinwiddie,,,,,Above the Break 3,24+ Left Center,25.08,Made,3.0,M. Bridges,1628969.0,1.0,,,,,,,,,,,,,,
16,PT10M48.00S,2023-11-11T00:44:51.0Z,1,REGULAR,foul,personal,['2freethrow'],1629661,,,1610612738,2,3,2023-11-11T00:45:02Z,160000,False,,,0,,C. Johnson shooting personal FOUL (1 PF) (Porzingis 2 FT),"[1629661, 204001]",1610612751.0,BKN,shooting,,,Johnson,C. Johnson,,,,,In The Paint (Non-RA),8-16 Center,,,,,,,,,,,,,1626301.0,1.0,0.0,Porzingis,204001.0,,,
18,PT10M48.00S,2023-11-11T00:45:14.9Z,1,REGULAR,freethrow,1 of 2,[],204001,,,1610612738,3,3,2023-11-11T00:45:14Z,180000,False,,,0,,K. Porzingis Free Throw 1 of 2 (1 PTS),[204001],1610612738.0,BOS,,,,Porzingis,K. Porzingis,,,,,,,,Made,1.0,,,,,,,,,,,,,,,,,
19,PT10M48.00S,2023-11-11T00:45:33.9Z,1,REGULAR,freethrow,2 of 2,[],204001,,,1610612738,4,3,2023-11-11T00:45:33Z,190000,False,,,0,,K. Porzingis Free Throw 2 of 2 (2 PTS),[204001],1610612738.0,BOS,,,,Porzingis,K. Porzingis,,,,,,,,Made,2.0,,,,,,,,,,,,,,,,,
20,PT10M39.00S,2023-11-11T00:45:45.2Z,1,REGULAR,2pt,Jump Shot,[],1628969,76.16622864651774,70.09803921568627,1610612751,4,5,2023-11-11T00:45:49Z,200000,False,100.0,172.0,1,right,M. Bridges 19' pullup Jump Shot (2 PTS),[1628969],1610612751.0,BKN,pullup,,,Bridges,M. Bridges,,,,,Mid-Range,16-24 Right Center,19.88,Made,2.0,,,,,,,,,,,,,,,,,
21,PT10M27.00S,2023-11-11T00:45:56.6Z,1,REGULAR,3pt,Jump Shot,[],1628369,32.013797634691194,23.03921568627451,1610612738,4,5,2023-11-11T00:46:02Z,210000,False,135.0,248.0,1,left,MISS J. Tatum 28' 3PT,[1628369],1610612738.0,BOS,,,,Tatum,J. Tatum,,,,,Above the Break 3,24+ Right Center,28.26,Missed,,,,,,,,,,,,,,,,,,
22,PT10M25.00S,2023-11-11T00:45:58.6Z,1,REGULAR,rebound,offensive,[],1628369,,,1610612738,4,5,2023-11-11T00:46:02Z,220000,False,,,0,,J. Tatum REBOUND (Off:1 Def:0),[1628369],1610612738.0,BOS,,,,Tatum,J. Tatum,,,,,Above the Break 3,24+ Right Center,,,,,,,21.0,1.0,0.0,1.0,,,,,,,,,,
23,PT10M22.00S,2023-11-11T00:46:02.6Z,1,REGULAR,2pt,Jump Shot,['2ndchance'],1627759,18.610381077529567,76.7156862745098,1610612738,6,5,2023-11-11T00:46:15Z,230000,False,-134.0,122.0,1,left,J. Brown 18' pullup Jump Shot (2 PTS) (J. Tatum 2 AST),"[1627759, 1628369]",1610612738.0,BOS,pullup,,,Brown,J. Brown,,,,,Mid-Range,16-24 Left Center,18.12,Made,2.0,J. Tatum,1628369.0,2.0,,,,,,,,,,,,,,
25,PT10M22.00S,2023-11-11T00:46:06.0Z,1,REGULAR,foul,personal,['1freethrow'],1628969,,,1610612738,6,5,2023-11-11T00:46:12Z,250000,False,,,0,,M. Bridges shooting personal FOUL (1 PF) (Brown 1 FT),"[1628969, 1627759]",1610612751.0,BKN,shooting,,,Bridges,M. Bridges,,,,,Mid-Range,16-24 Left Center,,,,,,,,,,,,,2534.0,1.0,0.0,Brown,1627759.0,,,
27,PT10M22.00S,2023-11-11T00:46:30.4Z,1,REGULAR,freethrow,1 of 1,['2ndchance'],1627759,,,1610612738,7,5,2023-11-11T00:46:30Z,270000,False,,,0,,J. Brown Free Throw 1 of 1 (3 PTS),[1627759],1610612738.0,BOS,,,,Brown,J. Brown,,,,,,,,Made,3.0,,,,,,,,,,,,,,,,,
28,PT10M05.00S,2023-11-11T00:46:48.9Z,1,REGULAR,turnover,bad pass,[],1628969,,,1610612751,7,5,2023-11-11T00:46:52Z,280000,False,,,0,,M. Bridges bad pass TURNOVER (1 TO),"[1628969, 201950]",1610612751.0,BKN,,,,Bridges,M. Bridges,,,,,Above the Break 3,24+ Right Center,,,,,,,,,,,,,,,,,,1.0,Holiday,201950.0
29,PT10M05.00S,2023-11-11T00:46:48.9Z,1,REGULAR,steal,,[],201950,,,1610612738,7,5,2023-11-11T00:46:51Z,290000,False,,,0,,J. Holiday STEAL (1 STL),[201950],1610612738.0,BOS,,,,Holiday,J. Holiday,,,,,Above the Break 3,24+ Right Center,,,,,,,,,,,,,,,,,,,,
30,PT10M02.00S,2023-11-11T00:46:52.2Z,1,REGULAR,3pt,Jump Shot,"['fromturnover', 'fastbreak']",1627759,29.77989487516426,79.41176470588235,1610612738,10,5,2023-11-11T00:46:59Z,300000,False,-147.0,227.0,1,left,J. Brown 27' 3PT running pullup (6 PTS) (J. Holiday 1 AST),"[1627759, 201950]",1610612738.0,BOS,running pullup,,,Brown,J. Brown,,,,,Above the Break 3,24+ Left Center,27.08,Made,6.0,J. Holiday,201950.0,1.0,,,,,,,,,,,,,,
32,PT09M40.00S,2023-11-11T00:47:14.3Z,1,REGULAR,3pt,Jump Shot,[],203915,70.64717477003943,74.50980392156863,1610612751,10,5,2023-11-11T00:47:41Z,320000,False,123.0,223.0,1,right,MISS S. Dinwiddie 25' pullup 3PT,[203915],1610612751.0,BKN,pullup,,,Dinwiddie,S. Dinwiddie,,,,,Above the Break 3,24+ Right Center,25.48,Missed,,,,,,,,,,,,,,,,,,
33,PT09M37.00S,2023-11-11T00:47:17.3Z,1,REGULAR,rebound,defensive,[],1628369,,,1610612738,10,5,2023-11-11T00:47:20Z,330000,False,,,0,,J. Tatum REBOUND (Off:1 Def:1),[1628369],1610612738.0,BOS,,,,Tatum,J. Tatum,,,,,Above the Break 3,24+ Right Center,,,,,,,32.0,2.0,1.0,1.0,,,,,,,,,,
34,PT09M28.00S,2023-11-11T00:47:25.7Z,1,REGULAR,2pt,Jump Shot,[],204001,13.61695137976347,73.2843137254902,1610612738,12,5,2023-11-11T00:47:34Z,340000,False,-116.0,75.0,1,left,K. Porzingis 13' turnaround bank Jump Shot (4 PTS) (J. Brown 1 AST),"[204001, 1627759]",1610612738.0,BOS,turnaround bank,,,Porzingis,K. Porzingis,,,,,Mid-Range,8-16 Left,13.87,Made,4.0,J. Brown,1627759.0,1.0,,,,,,,,,,,,,,
36,PT09M10.00S,2023-11-11T00:47:44.3Z,1,REGULAR,3pt,Jump Shot,[],203915,69.33311432325887,71.81372549019608,1610612751,12,8,2023-11-11T00:47:53Z,360000,False,109.0,236.0,1,right,S. Dinwiddie 25' 3PT  (6 PTS) (R. O'Neale 1 AST),"[203915, 1626220]",1610612751.0,BKN,,,,Dinwiddie,S. Dinwiddie,,,,,Above the Break 3,24+ Right Center,25.98,Made,6.0,R. O'Neale,1626220.0,1.0,,,,,,,,,,,,,,
38,PT08M53.00S,2023-11-11T00:48:00.5Z,1,REGULAR,3pt,Jump Shot,[],1627759,26.49474375821288,85.29411764705883,1610612738,15,8,2023-11-11T00:48:04Z,380000,False,-176.0,197.0,1,left,J. Brown 26' 3PT  (9 PTS) (J. Holiday 2 AST),"[1627759, 201950]",1610612738.0,BOS,,,,Brown,J. Brown,,,,,Above the Break 3,24+ Left Center,26.42,Made,9.0,J. Holiday,201950.0,2.0,,,,,,,,,,,,,,
40,PT08M52.00S,2023-11-11T00:48:06.9Z,1,REGULAR,timeout,full,"['team', 'mandatory']",0,,,1610612751,15,8,2023-11-11T00:48:06Z,400000,False,,,0,,BKN Timeout,[],1610612751.0,BKN,,,,,,,,,,,,,,,,,,,,,,,,,,,,,,,
41,PT08M35.00S,2023-11-11T00:51:50.0Z,1,REGULAR,2pt,Layup,['pointsinthepaint'],203915,92.9862023653088,54.65686274509803,1610612751,15,8,2023-11-11T00:52:16Z,410000,False,23.0,13.0,1,right,MISS S. Dinwiddie driving finger roll Layup,[203915],1610612751.0,BKN,driving finger roll,,,Dinwiddie,S. Dinwiddie,,,,,Restricted Area,0-8 Center,2.69,Missed,,,,,,,,,,,,,,,,,,
42,PT08M34.00S,2023-11-11T00:51:51.0Z,1,REGULAR,rebound,defensive,[],201950,,,1610612738,15,8,2023-11-11T00:51:57Z,420000,False,,,0,,J. Holiday REBOUND (Off:0 Def:2),[201950],1610612738.0,BOS,,,,Holiday,J. Holiday,,,,,Restricted Area,0-8 Center,,,,,,,41.0,2.0,2.0,0.0,,,,,,,,,,
43,PT08M26.00S,2023-11-11T00:51:58.4Z,1,REGULAR,2pt,Jump Shot,[],1627759,19.92444152431012,24.754901960784316,1610612738,15,8,2023-11-11T00:52:05Z,430000,False,126.0,135.0,1,left,MISS J. Brown 18' fadeaway Shot,[1627759],1610612738.0,BOS,fadeaway,,,Brown,J. Brown,,,,,Mid-Range,16-24 Right Center,18.47,Missed,,,,,,,,,,,,,,,,,,
44,PT08M24.00S,2023-11-11T00:52:00.4Z,1,REGULAR,rebound,defensive,[],203915,,,1610612751,15,8,2023-11-11T00:52:05Z,440000,False,,,0,,S. Dinwiddie REBOUND (Off:0 Def:1),[203915],1610612751.0,BKN,,,,Dinwiddie,S. Dinwiddie,,,,,Mid-Range,16-24 Right Center,,,,,,,43.0,1.0,1.0,0.0,,,,,,,,,,
45,PT08M11.00S,2023-11-11T00:52:12.4Z,1,REGULAR,3pt,Jump Shot,[],1629661,90.22667542706965,96.32352941176471,1610612751,15,11,2023-11-11T00:52:34Z,450000,False,232.0,39.0,1,right,C. Johnson 3PT  (3 PTS) (S. Dinwiddie 1 AST),"[1629661, 203915]",1610612751.0,BKN,,,,Johnson,C. Johnson,,,,,Right Corner 3,24+ Right,23.49,Made,3.0,S. Dinwiddie,203915.0,1.0,,,,,,,,,,,,,,
47,PT07M53.00S,2023-11-11T00:52:31.4Z,1,REGULAR,3pt,Jump Shot,[],201950,26.363337713534822,85.5392156862745,1610612738,18,11,2023-11-11T00:53:27Z,470000,False,-178.0,195.0,1,left,J. Holiday 26' 3PT step back (5 PTS) (J. Brown 2 AST),"[201950, 1627759]",1610612738.0,BOS,step back,,,Holiday,J. Holiday,,,,,Above the Break 3,24+ Left Center,26.4,Made,5.0,J. Brown,1627759.0,2.0,,,,,,,,,,,,,,
49,PT07M39.00S,2023-11-11T00:52:44.5Z,1,REGULAR,2pt,Layup,['pointsinthepaint'],1627827,92.85479632063075,57.59803921568627,1610612751,18,11,2023-11-11T00:54:00Z,490000,False,38.0,15.0,1,right,MISS D. Finney-Smith driving reverse Layup,[1627827],1610612751.0,BKN,driving reverse,,,Finney-Smith,D. Finney-Smith,,,,,Restricted Area,0-8 Center,4.07,Missed,,,,,,,,,,,,,,,,,,
50,PT07M37.00S,2023-11-11T00:52:46.5Z,1,REGULAR,rebound,defensive,[],201950,,,1610612738,18,11,2023-11-11T00:52:49Z,500000,False,,,0,,J. Holiday REBOUND (Off:0 Def:3),[201950],1610612738.0,BOS,,,,Holiday,J. Holiday,,,,,Restricted Area,0-8 Center,,,,,,,49.0,3.0,3.0,0.0,,,,,,,,,,
51,PT07M34.00S,2023-11-11T00:52:51.0Z,1,REGULAR,2pt,Layup,"['pointsinthepaint', 'fastbreak']",1627759,9.411957950065702,48.77450980392157,1610612738,20,11,2023-11-11T00:52:55Z,510000,False,6.0,36.0,1,left,J. Brown running finger roll Layup (11 PTS) (J. Holiday 3 AST),"[1627759, 201950]",1610612738.0,BOS,running finger roll,,,Brown,J. Brown,,,,,Restricted Area,0-8 Center,3.65,Made,11.0,J. Holiday,201950.0,3.0,,,,,,,,,,,,,,
53,PT07M20.00S,2023-11-11T00:53:04.1Z,1,REGULAR,3pt,Jump Shot,[],1627827,69.20170827858082,71.81372549019608,1610612751,20,11,2023-11-11T00:53:11Z,530000,False,109.0,237.0,1,right,MISS D. Finney-Smith 26' 3PT,[1627827],1610612751.0,BKN,,,,Finney-Smith,D. Finney-Smith,,,,,Above the Break 3,24+ Right Center,26.09,Missed,,,,,,,,,,,,,,,,,,
54,PT07M19.00S,2023-11-11T00:53:05.1Z,1,REGULAR,rebound,defensive,[],1628369,,,1610612738,20,11,2023-11-11T00:53:11Z,540000,False,,,0,,J. Tatum REBOUND (Off:1 Def:2),[1628369],1610612738.0,BOS,,,,Tatum,J. Tatum,,,,,Above the Break 3,24+ Right Center,,,,,,,53.0,3.0,2.0,1.0,,,,,,,,,,
55,PT07M13.00S,2023-11-11T00:53:11.8Z,1,REGULAR,3pt,Jump Shot,['fastbreak'],1627759,32.670827858081466,27.941176470588236,1610612738,20,11,2023-11-11T00:54:51Z,550000,False,110.0,255.0,1,left,MISS J. Brown 27' running pullup 3PT,[1627759],1610612738.0,BOS,running pullup,,,Brown,J. Brown,,,,,Above the Break 3,24+ Right Center,27.75,Missed,,,,,,,,,,,,,,,,,,
56,PT07M11.00S,2023-11-11T00:53:13.8Z,1,REGULAR,rebound,defensive,[],203915,,,1610612751,20,11,2023-11-11T00:53:22Z,560000,False,,,0,,S. Dinwiddie REBOUND (Off:0 Def:2),[203915],1610612751.0,BKN,,,,Dinwiddie,S. Dinwiddie,,,,,Above the Break 3,24+ Right Center,,,,,,,55.0,2.0,2.0,0.0,,,,,,,,,,
57,PT07M00.00S,2023-11-11T00:53:23.9Z,1,REGULAR,3pt,Jump Shot,[],203915,62.23718791064389,60.5392156862745,1610612751,20,14,2023-11-11T00:53:32Z,570000,False,53.0,302.0,1,right,S. Dinwiddie 30' 3PT  (9 PTS) (D. Finney-Smith 1 AST),"[203915, 1627827]",1610612751.0,BKN,,,,Dinwiddie,S. Dinwiddie,,,,,Above the Break 3,24+ Center,30.71,Made,9.0,D. Finney-Smith,1627827.0,1.0,,,,,,,,,,,,,,
59,PT06M33.00S,2023-11-11T00:53:50.5Z,1,REGULAR,2pt,Jump Shot,['pointsinthepaint'],204001,18.610381077529567,35.049019607843135,1610612738,22,14,2023-11-11T00:53:55Z,590000,False,75.0,122.0,1,left,K. Porzingis 14' turnaround Jump Shot (6 PTS),[204001],1610612738.0,BOS,turnaround,,,Porzingis,K. Porzingis,,,,,In The Paint (Non-RA),8-16 Right,14.34,Made,6.0,,,,,,,,,,,,,,,,,
60,PT06M23.00S,2023-11-11T00:54:01.0Z,1,REGULAR,3pt,Jump Shot,[],1629661,67.62483574244416,32.84313725490196,1610612751,22,14,2023-11-11T00:54:06Z,600000,False,-86.0,252.0,1,right,MISS C. Johnson 26' step back 3PT,[1629661],1610612751.0,BKN,step back,,,Johnson,C. Johnson,,,,,Above the Break 3,24+ Left Center,26.6,Missed,,,,,,,,,,,,,,,,,,
61,PT06M21.00S,2023-11-11T00:54:03.0Z,1,REGULAR,rebound,defensive,[],1628401,,,1610612738,22,14,2023-11-11T00:54:06Z,610000,False,,,0,,D. White REBOUND (Off:0 Def:1),[1628401],1610612738.0,BOS,,,,White,D. White,,,,,Above the Break 3,24+ Left Center,,,,,,,60.0,1.0,1.0,0.0,,,,,,,,,,
62,PT06M16.00S,2023-11-11T00:54:08.0Z,1,REGULAR,3pt,Jump Shot,['fastbreak'],201950,28.991458607095925,26.225490196078432,1610612738,22,14,2023-11-11T00:54:16Z,620000,False,119.0,220.0,1,left,MISS J. Holiday 25' running pullup 3PT,[201950],1610612738.0,BOS,running pullup,,,Holiday,J. Holiday,,,,,Above the Break 3,24+ Right Center,25.01,Missed,,,,,,,,,,,,,,,,,,
63,PT06M15.00S,2023-11-11T00:54:09.0Z,1,REGULAR,rebound,defensive,[],1627827,,,1610612751,22,14,2023-11-11T00:54:16Z,630000,False,,,0,,D. Finney-Smith REBOUND (Off:0 Def:1),[1627827],1610612751.0,BKN,,,,Finney-Smith,D. Finney-Smith,,,,,Above the Break 3,24+ Right Center,,,,,,,62.0,1.0,1.0,0.0,,,,,,,,,,
64,PT06M04.00S,2023-11-11T00:54:21.7Z,1,REGULAR,foul,personal,['2freethrow'],1628401,,,1610612751,22,14,2023-11-11T00:54:32Z,640000,False,,,0,,D. White shooting personal FOUL (1 PF) (Bridges 2 FT),"[1628401, 1628969]",1610612738.0,BOS,shooting,,,White,D. White,,,,,Mid-Range,8-16 Right,,,,,,,,,,,,,2534.0,1.0,0.0,Bridges,1628969.0,,,
66,PT06M04.00S,2023-11-11T00:54:49.1Z,1,REGULAR,freethrow,1 of 2,[],1628969,,,1610612751,22,15,2023-11-11T00:54:49Z,660000,False,,,0,,M. Bridges Free Throw 1 of 2 (3 PTS),[1628969],1610612751.0,BKN,,,,Bridges,M. Bridges,,,,,,,,Made,3.0,,,,,,,,,,,,,,,,,
67,PT06M04.00S,2023-11-11T00:54:50.5Z,1,REGULAR,substitution,out,[],1628369,,,1610612751,22,15,2023-11-11T00:55:10Z,670000,False,,,0,,SUB out: J. Tatum,[1628369],1610612738.0,BOS,,,,Tatum,J. Tatum,,,,,,,,,,,,,,,,,,,,,,,,,,
68,PT06M04.00S,2023-11-11T00:54:50.5Z,1,REGULAR,substitution,out,[],201950,,,1610612751,22,15,2023-11-11T00:55:10Z,680000,False,,,0,,SUB out: J. Holiday,[201950],1610612738.0,BOS,,,,Holiday,J. Holiday,,,,,,,,,,,,,,,,,,,,,,,,,,
69,PT06M04.00S,2023-11-11T00:54:50.5Z,1,REGULAR,substitution,out,[],1627827,,,1610612751,22,15,2023-11-11T00:55:10Z,690000,False,,,0,,SUB out: D. Finney-Smith,[1627827],1610612751.0,BKN,,,,Finney-Smith,D. Finney-Smith,,,,,,,,,,,,,,,,,,,,,,,,,,
70,PT06M04.00S,2023-11-11T00:54:50.5Z,1,REGULAR,substitution,out,[],1629661,,,1610612751,22,15,2023-11-11T00:55:10Z,700000,False,,,0,,SUB out: C. Johnson,[1629661],1610612751.0,BKN,,,,Johnson,C. Johnson,,,,,,,,,,,,,,,,,,,,,,,,,,
71,PT06M04.00S,2023-11-11T00:54:50.5Z,1,REGULAR,substitution,out,[],1626220,,,1610612751,22,15,2023-11-11T00:55:10Z,710000,False,,,0,,SUB out: R. O'Neale,[1626220],1610612751.0,BKN,,,,O'Neale,R. O'Neale,,,,,,,,,,,,,,,,,,,,,,,,,,
72,PT06M04.00S,2023-11-11T00:54:50.5Z,1,REGULAR,substitution,in,[],1629052,,,1610612751,22,15,2023-11-11T00:55:10Z,720000,False,,,0,,SUB in: O. Brissett,[1629052],1610612738.0,BOS,,,,Brissett,O. Brissett,,,,,,,,,,,,,,,,,,,,,,,,,,
73,PT06M04.00S,2023-11-11T00:54:50.5Z,1,REGULAR,substitution,in,[],1630573,,,1610612751,22,15,2023-11-11T00:55:10Z,730000,False,,,0,,SUB in: S. Hauser,[1630573],1610612738.0,BOS,,,,Hauser,S. Hauser,,,,,,,,,,,,,,,,,,,,,,,,,,
74,PT06M04.00S,2023-11-11T00:54:50.5Z,1,REGULAR,substitution,in,[],1629022,,,1610612751,22,15,2023-11-11T00:55:10Z,740000,False,,,0,,SUB in: L. Walker IV,[1629022],1610612751.0,BKN,,,,Walker IV,L. Walker IV,,,,,,,,,,,,,,,,,,,,,,,,,,
75,PT06M04.00S,2023-11-11T00:54:50.5Z,1,REGULAR,substitution,in,[],1630570,,,1610612751,22,15,2023-11-11T00:55:10Z,750000,False,,,0,,SUB in: T. Watford,[1630570],1610612751.0,BKN,,,,Watford,T. Watford,,,,,,,,,,,,,,,,,,,,,,,,,,
76,PT06M04.00S,2023-11-11T00:54:50.5Z,1,REGULAR,substitution,in,[],1630549,,,1610612751,22,15,2023-11-11T00:55:10Z,760000,False,,,0,,SUB in: D. Sharpe,[1630549],1610612751.0,BKN,,,,Sharpe,D. Sharpe,,,,,,,,,,,,,,,,,,,,,,,,,,
77,PT06M04.00S,2023-11-11T00:55:13.7Z,1,REGULAR,freethrow,2 of 2,[],1628969,,,1610612751,22,16,2023-11-11T00:55:13Z,770000,False,,,0,,M. Bridges Free Throw 2 of 2 (4 PTS),[1628969],1610612751.0,BKN,,,,Bridges,M. Bridges,,,,,,,,Made,4.0,,,,,,,,,,,,,,,,,
78,PT05M44.00S,2023-11-11T00:55:38.4Z,1,REGULAR,3pt,Jump Shot,[],1630573,14.536793692509855,4.166666666666666,1610612738,22,16,2023-11-11T00:55:44Z,780000,False,229.0,84.0,1,left,MISS S. Hauser 24' 3PT,[1630573],1610612738.0,BOS,,,,Hauser,S. Hauser,,,,,Right Corner 3,24+ Right,24.41,Missed,,,,,,,,,,,,,,,,,,
79,PT05M42.00S,2023-11-11T00:55:40.4Z,1,REGULAR,rebound,offensive,[],1629052,,,1610612738,22,16,2023-11-11T00:55:44Z,790000,False,,,0,,O. Brissett REBOUND (Off:1 Def:0),[1629052],1610612738.0,BOS,,,,Brissett,O. Brissett,,,,,Right Corner 3,24+ Right,,,,,,,78.0,1.0,0.0,1.0,,,,,,,,,,
80,PT05M37.00S,2023-11-11T00:55:46.7Z,1,REGULAR,foul,personal,['2freethrow'],203915,,,1610612738,22,16,2023-11-11T00:55:56Z,800000,False,,,0,,S. Dinwiddie shooting personal FOUL (1 PF) (Brown 2 FT),"[203915, 1627759]",1610612751.0,BKN,shooting,,,Dinwiddie,S. Dinwiddie,,,,,In The Paint (Non-RA),8-16 Left,,,,,,,,,,,,,2534.0,1.0,0.0,Brown,1627759.0,,,
82,PT05M37.00S,2023-11-11T00:56:13.7Z,1,REGULAR,freethrow,1 of 2,['2ndchance'],1627759,,,1610612738,23,16,2023-11-11T00:56:37Z,820000,False,,,0,,J. Brown Free Throw 1 of 2 (12 PTS),[1627759],1610612738.0,BOS,,,,Brown,J. Brown,,,,,,,,Made,12.0,,,,,,,,,,,,,,,,,
83,PT05M37.00S,2023-11-11T00:56:13.7Z,1,REGULAR,freethrow,2 of 2,['2ndchance'],1627759,,,1610612738,23,16,2023-11-11T00:56:37Z,830000,False,,,0,,MISS J. Brown Free Throw 2 of 2,[1627759],1610612738.0,BOS,,,,Brown,J. Brown,,,,,,,,Missed,,,,,,,,,,,,,,,,,,
84,PT05M37.00S,2023-11-11T00:56:13.7Z,1,REGULAR,rebound,defensive,[],1630549,,,1610612751,23,16,2023-11-11T00:56:37Z,840000,False,,,0,,D. Sharpe REBOUND (Off:0 Def:1),[1630549],1610612751.0,BKN,,,,Sharpe,D. Sharpe,,,,,,,,,,,,,83.0,1.0,1.0,0.0,,,,,,,,,,
85,PT05M26.00S,2023-11-11T00:56:41.3Z,1,REGULAR,2pt,Jump Shot,[],1628969,80.6340341655716,68.38235294117648,1610612751,23,18,2023-11-11T00:56:53Z,850000,False,92.0,130.0,1,right,M. Bridges 15' pullup Jump Shot (6 PTS),[1628969],1610612751.0,BKN,pullup,,,Bridges,M. Bridges,,,,,Mid-Range,8-16 Right,15.88,Made,6.0,,,,,,,,,,,,,,,,,
86,PT05M13.00S,2023-11-11T00:57:04.9Z,1,REGULAR,foul,technical,['1freethrow'],1630549,,,1610612738,23,18,2023-11-11T00:57:09Z,860000,False,,,0,,D. Sharpe defensive-3-second technical FOUL (1 Tech),[1630549],1610612751.0,BKN,defensive-3-second,,,Sharpe,D. Sharpe,,,,,,,,,,,,,,,,,,,1151.0,0.0,1.0,,,,,
87,PT05M13.00S,2023-11-11T00:57:16.4Z,1,REGULAR,freethrow,1 of 1,[],204001,,,1610612738,24,18,2023-11-11T00:57:16Z,870000,False,,,0,,K. Porzingis technical Free Throw 1 of 1 (7 PTS),[204001],1610612738.0,BOS,technical,,,Porzingis,K. Porzingis,,,,,,,,Made,7.0,,,,,,,,,,,,,,,,,
88,PT05M13.00S,2023-11-11T00:57:17.4Z,1,REGULAR,substitution,out,[],203915,,,1610612738,24,18,2023-11-11T00:57:21Z,880000,False,,,0,,SUB out: S. Dinwiddie,[203915],1610612751.0,BKN,,,,Dinwiddie,S. Dinwiddie,,,,,,,,,,,,,,,,,,,,,,,,,,
89,PT05M13.00S,2023-11-11T00:57:17.4Z,1,REGULAR,substitution,in,[],1628372,,,1610612738,24,18,2023-11-11T00:57:21Z,890000,False,,,0,,SUB in: D. Smith Jr.,[1628372],1610612751.0,BKN,,,,Smith Jr.,D. Smith Jr.,,,,,,,,,,,,,,,,,,,,,,,,,,
90,PT05M07.00S,2023-11-11T00:57:40.5Z,1,REGULAR,2pt,Jump Shot,[],1627759,21.50131406044678,33.82352941176471,1610612738,24,18,2023-11-11T00:58:06Z,900000,False,81.0,150.0,1,left,MISS J. Brown 17' pullup Shot,[1627759],1610612738.0,BOS,pullup,,,Brown,J. Brown,,,,,Mid-Range,16-24 Right Center,17.01,Missed,,,,,,,,,,,,,,,,,,
91,PT05M05.00S,2023-11-11T00:57:42.5Z,1,REGULAR,rebound,defensive,[],1628969,,,1610612751,24,18,2023-11-11T00:58:07Z,910000,False,,,0,,M. Bridges REBOUND (Off:0 Def:1),[1628969],1610612751.0,BKN,,,,Bridges,M. Bridges,,,,,Mid-Range,16-24 Right Center,,,,,,,90.0,1.0,1.0,0.0,,,,,,,,,,
92,PT04M59.00S,2023-11-11T00:57:47.7Z,1,REGULAR,3pt,Jump Shot,['fastbreak'],1628969,67.23061760840999,63.725490196078425,1610612751,24,18,2023-11-11T00:58:49Z,920000,False,69.0,256.0,1,right,MISS M. Bridges 26' running 3PT,[1628969],1610612751.0,BKN,running,,,Bridges,M. Bridges,,,,,Above the Break 3,24+ Center,26.45,Missed,,,,,,,,,,,,,,,,,,
93,PT04M57.00S,2023-11-11T00:57:49.7Z,1,REGULAR,rebound,defensive,[],204001,,,1610612738,24,18,2023-11-11T00:57:57Z,930000,False,,,0,,K. Porzingis REBOUND (Off:0 Def:1),[204001],1610612738.0,BOS,,,,Porzingis,K. Porzingis,,,,,Above the Break 3,24+ Center,,,,,,,92.0,1.0,1.0,0.0,,,,,,,,,,
94,PT04M52.00S,2023-11-11T00:57:54.9Z,1,REGULAR,3pt,Jump Shot,['fastbreak'],1630573,30.56833114323259,79.16666666666666,1610612738,27,18,2023-11-11T00:59:33Z,940000,False,-146.0,235.0,1,left,S. Hauser 27' 3PT running (3 PTS) (D. White 1 AST),"[1630573, 1628401]",1610612738.0,BOS,running,,,Hauser,S. Hauser,,,,,Above the Break 3,24+ Left Center,27.64,Made,3.0,D. White,1628401.0,1.0,,,,,,,,,,,,,,
96,PT04M35.00S,2023-11-11T00:58:11.9Z,1,REGULAR,3pt,Jump Shot,[],1628969,89.04402102496715,96.07843137254902,1610612751,27,18,2023-11-11T00:58:45Z,960000,False,230.0,50.0,1,right,MISS M. Bridges 3PT,[1628969],1610612751.0,BKN,,,,Bridges,M. Bridges,,,,,Right Corner 3,24+ Right,23.59,Missed,,,,,,,,,,,,,,,,,,
97,PT04M34.00S,2023-11-11T00:58:12.9Z,1,REGULAR,rebound,offensive,['team'],0,,,1610612751,27,18,2023-11-11T00:58:21Z,970000,False,,,0,,TEAM offensive REBOUND,[],1610612751.0,BKN,,,,,,,,,,Right Corner 3,24+ Right,,,,,,,96.0,,,,,,,,,,,,,
98,PT04M34.00S,2023-11-11T00:58:19.9Z,1,REGULAR,foul,personal,[],204001,,,1610612751,27,18,2023-11-11T00:58:31Z,980000,False,,,0,,K. Porzingis loose ball personal FOUL (1 PF),"[204001, 1630549]",1610612738.0,BOS,loose ball,,,Porzingis,K. Porzingis,,,,,Restricted Area,0-8 Center,,,,,,,,,,,,,2534.0,1.0,0.0,Sharpe,1630549.0,,,
100,PT04M34.00S,2023-11-11T00:58:26.9Z,1,REGULAR,substitution,out,[],1628969,,,1610612751,27,18,2023-11-11T00:58:30Z,1000000,False,,,0,,SUB out: M. Bridges,[1628969],1610612751.0,BKN,,,,Bridges,M. Bridges,,,,,,,,,,,,,,,,,,,,,,,,,,
101,PT04M34.00S,2023-11-11T00:58:26.9Z,1,REGULAR,substitution,in,[],1629717,,,1610612751,27,18,2023-11-11T00:58:30Z,1010000,False,,,0,,SUB in: A. Brooks,[1629717],1610612751.0,BKN,,,,Brooks,A. Brooks,,,,,,,,,,,,,,,,,,,,,,,,,,
102,PT04M28.00S,2023-11-11T00:58:42.9Z,1,REGULAR,foul,personal,['2freethrow'],204001,,,1610612751,27,18,2023-11-11T00:58:55Z,1020000,False,,,0,,K. Porzingis shooting personal FOUL (2 PF) (Sharpe 2 FT),"[204001, 1630549]",1610612738.0,BOS,shooting,,,Porzingis,K. Porzingis,,,,,Restricted Area,0-8 Center,,,,,,,,,,,,,1626301.0,2.0,0.0,Sharpe,1630549.0,,,
104,PT04M28.00S,2023-11-11T00:59:12.8Z,1,REGULAR,freethrow,1 of 2,['2ndchance'],1630549,,,1610612751,27,18,2023-11-11T00:59:12Z,1040000,False,,,0,,MISS D. Sharpe Free Throw 1 of 2,[1630549],1610612751.0,BKN,,,,Sharpe,D. Sharpe,,,,,,,,Missed,,,,,,,,,,,,,,,,,,
105,PT04M28.00S,2023-11-11T00:59:12.8Z,1,REGULAR,rebound,offensive,"['deadball', 'team']",0,,,1610612751,27,18,2023-11-11T00:59:12Z,1050000,False,,,0,,TEAM offensive REBOUND,[],1610612751.0,BKN,,,,,,,,,,,,,,,,,,104.0,,,,,,,,,,,,,
106,PT04M28.00S,2023-11-11T00:59:19.4Z,1,REGULAR,substitution,out,[],204001,,,1610612751,27,18,2023-11-11T00:59:25Z,1060000,False,,,0,,SUB out: K. Porzingis,[204001],1610612738.0,BOS,,,,Porzingis,K. Porzingis,,,,,,,,,,,,,,,,,,,,,,,,,,
107,PT04M28.00S,2023-11-11T00:59:19.4Z,1,REGULAR,substitution,in,[],1628436,,,1610612751,27,18,2023-11-11T00:59:25Z,1070000,False,,,0,,SUB in: L. Kornet,[1628436],1610612738.0,BOS,,,,Kornet,L. Kornet,,,,,,,,,,,,,,,,,,,,,,,,,,
108,PT04M28.00S,2023-11-11T00:59:40.9Z,1,REGULAR,freethrow,2 of 2,['2ndchance'],1630549,,,1610612751,27,19,2023-11-11T00:59:40Z,1080000,False,,,0,,D. Sharpe Free Throw 2 of 2 (1 PTS),[1630549],1610612751.0,BKN,,,,Sharpe,D. Sharpe,,,,,,,,Made,1.0,,,,,,,,,,,,,,,,,
109,PT04M11.00S,2023-11-11T00:59:58.9Z,1,REGULAR,2pt,Layup,['pointsinthepaint'],1628436,7.095926412614981,43.37086397058824,1610612738,27,19,2023-11-11T01:00:52Z,1090000,False,33.0,14.0,1,left,MISS L. Kornet cutting Layup,[1628436],1610612738.0,BOS,cutting,,,Kornet,L. Kornet,,,,,Restricted Area,0-8 Center,3.6,Missed,,,,,,,,,,,,,,,,,,
110,PT04M09.00S,2023-11-11T01:00:00.9Z,1,REGULAR,rebound,defensive,[],1630570,,,1610612751,27,19,2023-11-11T01:00:05Z,1100000,False,,,0,,T. Watford REBOUND (Off:0 Def:1),[1630570],1610612751.0,BKN,,,,Watford,T. Watford,,,,,Restricted Area,0-8 Center,,,,,,,109.0,1.0,1.0,0.0,,,,,,,,,,
111,PT04M05.00S,2023-11-11T01:00:05.0Z,1,REGULAR,2pt,Layup,"['pointsinthepaint', 'fastbreak']",1630570,91.93495400788436,44.6078431372549,1610612751,27,21,2023-11-11T01:00:13Z,1110000,False,-27.0,23.0,1,right,T. Watford running Layup (2 PTS),[1630570],1610612751.0,BKN,running,,,Watford,T. Watford,,,,,Restricted Area,0-8 Center,3.57,Made,2.0,,,,,,,,,,,,,,,,,
113,PT03M54.00S,2023-11-11T01:00:24.9Z,1,REGULAR,2pt,Jump Shot,[],1628401,22.158344283837057,50.0,1610612738,27,21,2023-11-11T01:00:34Z,1130000,False,0.0,156.0,1,left,MISS D. White 15' driving floating Shot,[1628401],1610612738.0,BOS,driving floating,,,White,D. White,,,,,Mid-Range,8-16 Center,15.58,Missed,,,,,,,,,,,,,,,,,,
114,PT03M51.00S,2023-11-11T01:00:27.9Z,1,REGULAR,rebound,defensive,[],1629022,,,1610612751,27,21,2023-11-11T01:00:34Z,1140000,False,,,0,,L. Walker IV REBOUND (Off:0 Def:1),[1629022],1610612751.0,BKN,,,,Walker IV,L. Walker IV,,,,,Mid-Range,8-16 Center,,,,,,,113.0,1.0,1.0,0.0,,,,,,,,,,
115,PT03M44.00S,2023-11-11T01:00:35.6Z,1,REGULAR,2pt,Jump Shot,[],1630570,77.08607095926413,17.15686274509804,1610612751,27,23,2023-11-11T01:02:37Z,1150000,False,-164.0,163.0,1,right,T. Watford 23' pullup Jump Shot (4 PTS) (L. Walker IV 1 AST),"[1630570, 1629022]",1610612751.0,BKN,pullup,,,Watford,T. Watford,,,,,Mid-Range,16-24 Left Center,23.13,Made,4.0,L. Walker IV,1629022.0,1.0,,,,,,,,,,,,,,
117,PT03M44.00S,2023-11-11T01:00:40.4Z,1,REGULAR,timeout,full,"['team', 'mandatory']",0,,,1610612738,27,23,2023-11-11T01:00:40Z,1170000,False,,,0,,BOS Timeout,[],1610612738.0,BOS,,,,,,,,,,,,,,,,,,,,,,,,,,,,,,,
118,PT03M44.00S,2023-11-11T01:03:29.7Z,1,REGULAR,substitution,out,[],1629052,,,1610612738,27,23,2023-11-11T01:03:35Z,1180000,False,,,0,,SUB out: O. Brissett,[1629052],1610612738.0,BOS,,,,Brissett,O. Brissett,,,,,,,,,,,,,,,,,,,,,,,,,,
119,PT03M44.00S,2023-11-11T01:03:29.7Z,1,REGULAR,substitution,in,[],1630202,,,1610612738,27,23,2023-11-11T01:03:35Z,1190000,False,,,0,,SUB in: P. Pritchard,[1630202],1610612738.0,BOS,,,,Pritchard,P. Pritchard,,,,,,,,,,,,,,,,,,,,,,,,,,
120,PT03M34.00S,2023-11-11T01:04:11.6Z,1,REGULAR,3pt,Jump Shot,[],1630573,15.982260183968464,5.147058823529411,1610612738,27,23,2023-11-11T01:04:18Z,1200000,False,224.0,98.0,1,left,MISS S. Hauser 24' 3PT,[1630573],1610612738.0,BOS,,,,Hauser,S. Hauser,,,,,Above the Break 3,24+ Right Center,24.47,Missed,,,,,,,,,,,,,,,,,,
121,PT03M32.00S,2023-11-11T01:04:13.6Z,1,REGULAR,rebound,defensive,[],1630570,,,1610612751,27,23,2023-11-11T01:04:18Z,1210000,False,,,0,,T. Watford REBOUND (Off:0 Def:2),[1630570],1610612751.0,BKN,,,,Watford,T. Watford,,,,,Above the Break 3,24+ Right Center,,,,,,,120.0,2.0,2.0,0.0,,,,,,,,,,
122,PT03M22.00S,2023-11-11T01:04:23.6Z,1,REGULAR,2pt,Jump Shot,['pointsinthepaint'],1630570,85.67674113009198,44.46614583333333,1610612751,27,25,2023-11-11T01:04:50Z,1220000,False,-28.0,82.0,1,right,T. Watford 8' driving floating Jump Shot (6 PTS) (D. Smith Jr. 1 AST),"[1630570, 1628372]",1610612751.0,BKN,driving floating,,,Watford,T. Watford,,,,,In The Paint (Non-RA),8-16 Center,8.66,Made,6.0,D. Smith Jr.,1628372.0,1.0,,,,,,,,,,,,,,
123,PT03M07.00S,2023-11-11T01:04:37.4Z,1,REGULAR,2pt,Jump Shot,[],1628401,20.318659658344284,30.88235294117647,1610612738,27,25,2023-11-11T01:04:45Z,1230000,False,96.0,138.0,1,left,MISS D. White 16' driving floating Shot,[1628401],1610612738.0,BOS,driving floating,,,White,D. White,,,,,Mid-Range,16-24 Right Center,16.83,Missed,,,,,,,,,,,,,,,,,,
124,PT03M04.00S,2023-11-11T01:04:40.4Z,1,REGULAR,rebound,defensive,[],1629022,,,1610612751,27,25,2023-11-11T01:04:45Z,1240000,False,,,0,,L. Walker IV REBOUND (Off:0 Def:2),[1629022],1610612751.0,BKN,,,,Walker IV,L. Walker IV,,,,,Mid-Range,16-24 Right Center,,,,,,,123.0,2.0,2.0,0.0,,,,,,,,,,
125,PT02M58.00S,2023-11-11T01:04:46.2Z,1,REGULAR,2pt,Jump Shot,"['fastbreak', 'pointsinthepaint']",1629022,86.94152431011827,41.66666666666667,1610612751,27,27,2023-11-11T02:02:33Z,1250000,False,-42.0,70.0,1,right,L. Walker IV 8' driving floating Jump Shot (2 PTS),[1629022],1610612751.0,BKN,driving floating,,,Walker IV,L. Walker IV,,,,,In The Paint (Non-RA),8-16 Center,8.17,Made,2.0,,,,,,,,,,,,,,,,,
127,PT02M40.00S,2023-11-11T01:05:04.8Z,1,REGULAR,3pt,Jump Shot,[],1630202,29.38567674113009,80.88235294117648,1610612738,30,27,2023-11-11T01:05:09Z,1260000,False,-154.0,224.0,1,left,P. Pritchard 27' 3PT  (3 PTS) (J. Brown 3 AST),"[1630202, 1627759]",1610612738.0,BOS,,,,Pritchard,P. Pritchard,,,,,Above the Break 3,24+ Left Center,27.18,Made,3.0,J. Brown,1627759.0,3.0,,,,,,,,,,,,,,
129,PT02M14.00S,2023-11-11T01:05:31.0Z,1,REGULAR,2pt,Hook,['pointsinthepaint'],1630549,91.01511169513797,53.431372549019606,1610612751,30,27,2023-11-11T01:07:50Z,1280000,False,17.0,32.0,1,right,MISS D. Sharpe driving Hook,[1630549],1610612751.0,BKN,driving,,,Sharpe,D. Sharpe,,,,,Restricted Area,0-8 Center,3.63,Missed,,,,,,,,,,,,,,,,,,
130,PT02M11.00S,2023-11-11T01:05:34.0Z,1,REGULAR,rebound,defensive,[],1627759,,,1610612738,30,27,2023-11-11T01:05:37Z,1290000,False,,,0,,J. Brown REBOUND (Off:0 Def:1),[1627759],1610612738.0,BOS,,,,Brown,J. Brown,,,,,Restricted Area,0-8 Center,,,,,,,129.0,1.0,1.0,0.0,,,,,,,,,,
131,PT02M06.00S,2023-11-11T01:05:38.4Z,1,REGULAR,3pt,Jump Shot,['fastbreak'],1628401,9.937582128777924,6.127450980392156,1610612738,30,27,2023-11-11T01:08:24Z,1300000,False,219.0,41.0,1,left,MISS D. White running 3PT,[1628401],1610612738.0,BOS,running,,,White,D. White,,,,,Right Corner 3,24+ Right,22.32,Missed,,,,,,,,,,,,,,,,,,
132,PT02M04.00S,2023-11-11T01:05:40.4Z,1,REGULAR,rebound,defensive,[],1629717,,,1610612751,30,27,2023-11-11T01:05:43Z,1310000,False,,,0,,A. Brooks REBOUND (Off:0 Def:1),[1629717],1610612751.0,BKN,,,,Brooks,A. Brooks,,,,,Right Corner 3,24+ Right,,,,,,,131.0,1.0,1.0,0.0,,,,,,,,,,
133,PT01M58.00S,2023-11-11T01:05:47.6Z,1,REGULAR,3pt,Jump Shot,[],1629022,69.46452036793693,24.264705882352942,1610612751,30,30,2023-11-11T01:09:02Z,1320000,False,-129.0,235.0,1,right,L. Walker IV 26' 3PT  (5 PTS) (D. Smith Jr. 2 AST),"[1629022, 1628372]",1610612751.0,BKN,,,,Walker IV,L. Walker IV,,,,,Above the Break 3,24+ Left Center,26.75,Made,5.0,D. Smith Jr.,1628372.0,2.0,,,,,,,,,,,,,,
135,PT01M36.00S,2023-11-11T01:06:08.7Z,1,REGULAR,3pt,Jump Shot,[],1628401,30.042706964520367,18.137254901960784,1610612738,33,30,2023-11-11T01:06:12Z,1340000,False,159.0,230.0,1,left,D. White 27' 3PT  (3 PTS) (J. Brown 4 AST),"[1628401, 1627759]",1610612738.0,BOS,,,,White,D. White,,,,,Above the Break 3,24+ Right Center,27.97,Made,3.0,J. Brown,1627759.0,4.0,,,,,,,,,,,,,,
137,PT01M28.00S,2023-11-11T01:06:18.9Z,1,REGULAR,foul,offensive,[],1630549,,,1610612751,33,30,2023-11-11T01:06:28Z,1360000,False,,,0,,D. Sharpe offensive FOUL (1 PF),"[1630549, 1627759]",1610612751.0,BKN,,,,Sharpe,D. Sharpe,,,,,Above the Break 3,24+ Right Center,,,,,,,,,,,,,1626301.0,1.0,1.0,Brown,1627759.0,,,
139,PT01M28.00S,2023-11-11T01:06:18.9Z,1,REGULAR,turnover,offensive foul,[],1630549,,,1610612751,33,30,2023-11-11T01:06:18Z,1380000,False,,,0,,D. Sharpe offensive foul TURNOVER (1 TO),[1630549],1610612751.0,BKN,,,,Sharpe,D. Sharpe,,,,,Above the Break 3,24+ Right Center,,,,,,,,,,,,,1626301.0,,,,,1.0,,
140,PT01M28.00S,2023-11-11T01:06:26.1Z,1,REGULAR,substitution,out,[],1627759,,,1610612738,33,30,2023-11-11T01:06:45Z,1390000,False,,,0,,SUB out: J. Brown,[1627759],1610612738.0,BOS,,,,Brown,J. Brown,,,,,,,,,,,,,,,,,,,,,,,,,,
141,PT01M28.00S,2023-11-11T01:06:26.1Z,1,REGULAR,substitution,out,[],1628401,,,1610612738,33,30,2023-11-11T01:06:45Z,1400000,False,,,0,,SUB out: D. White,[1628401],1610612738.0,BOS,,,,White,D. White,,,,,,,,,,,,,,,,,,,,,,,,,,
142,PT01M28.00S,2023-11-11T01:06:26.1Z,1,REGULAR,substitution,out,[],1630549,,,1610612738,33,30,2023-11-11T01:06:45Z,1410000,False,,,0,,SUB out: D. Sharpe,[1630549],1610612751.0,BKN,,,,Sharpe,D. Sharpe,,,,,,,,,,,,,,,,,,,,,,,,,,
143,PT01M28.00S,2023-11-11T01:06:26.1Z,1,REGULAR,substitution,in,[],201950,,,1610612738,33,30,2023-11-11T01:06:45Z,1420000,False,,,0,,SUB in: J. Holiday,[201950],1610612738.0,BOS,,,,Holiday,J. Holiday,,,,,,,,,,,,,,,,,,,,,,,,,,
144,PT01M28.00S,2023-11-11T01:06:26.1Z,1,REGULAR,substitution,in,[],1628369,,,1610612738,33,30,2023-11-11T01:06:45Z,1430000,False,,,0,,SUB in: J. Tatum,[1628369],1610612738.0,BOS,,,,Tatum,J. Tatum,,,,,,,,,,,,,,,,,,,,,,,,,,
145,PT01M28.00S,2023-11-11T01:06:26.1Z,1,REGULAR,substitution,in,[],1627827,,,1610612738,33,30,2023-11-11T01:06:45Z,1440000,False,,,0,,SUB in: D. Finney-Smith,[1627827],1610612751.0,BKN,,,,Finney-Smith,D. Finney-Smith,,,,,,,,,,,,,,,,,,,,,,,,,,
146,PT01M19.00S,2023-11-11T01:06:48.3Z,1,REGULAR,3pt,Jump Shot,['fromturnover'],1628369,30.56833114323259,23.52941176470588,1610612738,33,30,2023-11-11T01:06:58Z,1450000,False,132.0,235.0,1,left,MISS J. Tatum 26' 3PT,[1628369],1610612738.0,BOS,,,,Tatum,J. Tatum,,,,,Above the Break 3,24+ Right Center,26.96,Missed,,,,,,,,,,,,,,,,,,
147,PT01M17.00S,2023-11-11T01:06:50.3Z,1,REGULAR,rebound,offensive,[],1628436,,,1610612738,33,30,2023-11-11T01:06:58Z,1460000,False,,,0,,L. Kornet REBOUND (Off:1 Def:0),[1628436],1610612738.0,BOS,,,,Kornet,L. Kornet,,,,,Above the Break 3,24+ Right Center,,,,,,,146.0,1.0,0.0,1.0,,,,,,,,,,
148,PT01M17.00S,2023-11-11T01:06:53.1Z,1,REGULAR,2pt,Layup,"['2ndchance', 'pointsinthepaint', 'fromturnover']",1628436,5.590000152587891,50.0,1610612738,35,30,2023-11-11T01:07:03Z,1470000,False,0.0,0.0,1,left,L. Kornet tip Layup (2 PTS),[1628436],1610612738.0,BOS,tip,,,Kornet,L. Kornet,,,,,Restricted Area,0-8 Center,0.0,Made,2.0,,,,,,,,,,,,,,,,,
149,PT01M05.00S,2023-11-11T01:07:02.1Z,1,REGULAR,2pt,Jump Shot,[],1629022,71.30420499342969,39.705882352941174,1610612751,35,30,2023-11-11T01:07:10Z,1480000,False,-51.0,217.0,1,right,MISS L. Walker IV 22' step back Shot,[1629022],1610612751.0,BKN,step back,,,Walker IV,L. Walker IV,,,,,Mid-Range,16-24 Center,22.32,Missed,,,,,,,,,,,,,,,,,,
150,PT01M03.00S,2023-11-11T01:07:04.1Z,1,REGULAR,rebound,defensive,[],1630202,,,1610612738,35,30,2023-11-11T01:07:10Z,1490000,False,,,0,,P. Pritchard REBOUND (Off:0 Def:1),[1630202],1610612738.0,BOS,,,,Pritchard,P. Pritchard,,,,,Mid-Range,16-24 Center,,,,,,,149.0,1.0,1.0,0.0,,,,,,,,,,
152,PT00M53.10S,2023-11-11T01:07:31.7Z,1,REGULAR,2pt,Layup,['pointsinthepaint'],201950,8.14717477003942,43.00704656862745,1610612738,35,30,2023-11-11T01:07:37Z,1510000,False,35.0,24.0,1,left,MISS J. Holiday driving Layup,[201950],1610612738.0,BOS,driving,,,Holiday,J. Holiday,,,,,Restricted Area,0-8 Center,4.25,Missed,,,,,,,,,,,,,,,,,,
153,PT00M50.80S,2023-11-11T01:07:34.0Z,1,REGULAR,rebound,defensive,[],1628372,,,1610612751,35,30,2023-11-11T01:07:37Z,1520000,False,,,0,,D. Smith Jr. REBOUND (Off:0 Def:1),[1628372],1610612751.0,BKN,,,,Smith Jr.,D. Smith Jr.,,,,,Restricted Area,0-8 Center,,,,,,,152.0,1.0,1.0,0.0,,,,,,,,,,
154,PT00M45.70S,2023-11-11T01:07:39.1Z,1,REGULAR,2pt,Layup,"['fastbreak', 'pointsinthepaint']",1628372,92.13616951379764,41.59390318627451,1610612751,35,30,2023-11-11T01:08:06Z,1530000,False,-42.0,21.0,1,right,MISS D. Smith Jr. running Layup,[1628372],1610612751.0,BKN,running,,,Smith Jr.,D. Smith Jr.,,,,,In The Paint (Non-RA),0-8 Center,4.71,Missed,,,,,,,,,,,,,,,,,,
155,PT00M44.10S,2023-11-11T01:07:40.7Z,1,REGULAR,rebound,defensive,[],1628369,,,1610612738,35,30,2023-11-11T01:08:06Z,1540000,False,,,0,,J. Tatum REBOUND (Off:1 Def:3),[1628369],1610612738.0,BOS,,,,Tatum,J. Tatum,,,,,In The Paint (Non-RA),0-8 Center,,,,,,,154.0,4.0,3.0,1.0,,,,,,,,,,
156,PT00M41.40S,2023-11-11T01:07:43.3Z,1,REGULAR,3pt,Jump Shot,['fastbreak'],1630202,30.699737187910642,18.38235294117647,1610612738,35,30,2023-11-11T01:10:44Z,1550000,False,158.0,236.0,1,left,MISS P. Pritchard 28' running pullup 3PT,[1630202],1610612738.0,BOS,running pullup,,,Pritchard,P. Pritchard,,,,,Above the Break 3,24+ Right Center,28.41,Missed,,,,,,,,,,,,,,,,,,
157,PT00M40.20S,2023-11-11T01:07:44.5Z,1,REGULAR,rebound,offensive,[],1630202,,,1610612738,35,30,2023-11-11T01:08:19Z,1560000,False,,,0,,P. Pritchard REBOUND (Off:1 Def:1),[1630202],1610612738.0,BOS,,,,Pritchard,P. Pritchard,,,,,Above the Break 3,24+ Right Center,,,,,,,156.0,2.0,1.0,1.0,,,,,,,,,,
158,PT00M36.60S,2023-11-11T01:07:49.8Z,1,REGULAR,3pt,Jump Shot,['2ndchance'],1630202,13.87976346911958,4.6568627450980395,1610612738,38,30,2023-11-11T01:08:25Z,1570000,False,227.0,78.0,1,left,P. Pritchard 3PT  (6 PTS),[1630202],1610612738.0,BOS,,,,Pritchard,P. Pritchard,,,,,Right Corner 3,24+ Right,23.97,Made,6.0,,,,,,,,,,,,,,,,,
159,PT00M32.10S,2023-11-11T01:07:57.7Z,1,REGULAR,3pt,Jump Shot,[],1629022,67.09921156373193,27.696078431372552,1610612751,38,33,2023-11-11T01:11:14Z,1580000,False,-112.0,257.0,1,right,L. Walker IV 28' 3PT pullup (8 PTS),[1629022],1610612751.0,BKN,pullup,,,Walker IV,L. Walker IV,,,,,Above the Break 3,24+ Left Center,28.0,Made,8.0,,,,,,,,,,,,,,,,,
160,PT00M16.80S,2023-11-11T01:08:22.7Z,1,REGULAR,3pt,Jump Shot,[],1630202,29.38567674113009,18.38235294117647,1610612738,38,33,2023-11-11T01:08:33Z,1590000,False,158.0,224.0,1,left,MISS P. Pritchard 27' 3PT,[1630202],1610612738.0,BOS,,,,Pritchard,P. Pritchard,,,,,Above the Break 3,24+ Right Center,27.39,Missed,,,,,,,,,,,,,,,,,,
161,PT00M15.80S,2023-11-11T01:08:23.7Z,1,REGULAR,rebound,offensive,[],1630573,,,1610612738,38,33,2023-11-11T01:08:33Z,1600000,False,,,0,,S. Hauser REBOUND (Off:1 Def:0),[1630573],1610612738.0,BOS,,,,Hauser,S. Hauser,,,,,Above the Break 3,24+ Right Center,,,,,,,160.0,1.0,0.0,1.0,,,,,,,,,,
162,PT00M03.30S,2023-11-11T01:08:35.4Z,1,REGULAR,2pt,Layup,"['pointsinthepaint', '2ndchance']",1628369,6.176084099868594,54.6798406862745,1610612738,38,33,2023-11-11T01:08:42Z,1610000,False,-23.0,6.0,1,left,MISS J. Tatum driving Layup,[1628369],1610612738.0,BOS,driving,,,Tatum,J. Tatum,,,,,Restricted Area,0-8 Center,2.41,Missed,,,,,,,,,,,,,,,,,,
163,PT00M00.80S,2023-11-11T01:08:37.9Z,1,REGULAR,rebound,defensive,[],1628372,,,1610612751,38,33,2023-11-11T01:08:42Z,1620000,False,,,0,,D. Smith Jr. REBOUND (Off:0 Def:2),[1628372],1610612751.0,BKN,,,,Smith Jr.,D. Smith Jr.,,,,,Restricted Area,0-8 Center,,,,,,,162.0,2.0,2.0,0.0,,,,,,,,,,
164,PT00M00.00S,2023-11-11T01:08:42.0Z,1,REGULAR,period,end,[],0,,,1610612751,38,33,2023-11-11T01:08:42Z,1630000,False,,,0,,Period End,[],,,,,,,,,,,,,,,,,,,,,,,,,,,,,,,,,
165,PT12M00.00S,2023-11-11T01:11:39.1Z,2,REGULAR,substitution,out,['startperiod'],1630573,,,1610612751,38,33,2023-11-11T01:11:57Z,1640000,False,,,0,,SUB out: S. Hauser,[1630573],1610612738.0,BOS,,,,Hauser,S. Hauser,,,,,,,,,,,,,,,,,,,,,,,,,,
166,PT12M00.00S,2023-11-11T01:11:39.1Z,2,REGULAR,substitution,out,['startperiod'],1628436,,,1610612751,38,33,2023-11-11T01:11:57Z,1650000,False,,,0,,SUB out: L. Kornet,[1628436],1610612738.0,BOS,,,,Kornet,L. Kornet,,,,,,,,,,,,,,,,,,,,,,,,,,
167,PT12M00.00S,2023-11-11T01:11:39.1Z,2,REGULAR,substitution,out,['startperiod'],1628372,,,1610612751,38,33,2023-11-11T01:11:57Z,1660000,False,,,0,,SUB out: D. Smith Jr.,[1628372],1610612751.0,BKN,,,,Smith Jr.,D. Smith Jr.,,,,,,,,,,,,,,,,,,,,,,,,,,
168,PT12M00.00S,2023-11-11T01:11:39.1Z,2,REGULAR,substitution,out,['startperiod'],1629022,,,1610612751,38,33,2023-11-11T01:11:57Z,1670000,False,,,0,,SUB out: L. Walker IV,[1629022],1610612751.0,BKN,,,,Walker IV,L. Walker IV,,,,,,,,,,,,,,,,,,,,,,,,,,
169,PT12M00.00S,2023-11-11T01:11:39.1Z,2,REGULAR,substitution,in,['startperiod'],1629004,,,1610612751,38,33,2023-11-11T01:11:57Z,1680000,False,,,0,,SUB in: S. Mykhailiuk,[1629004],1610612738.0,BOS,,,,Mykhailiuk,S. Mykhailiuk,,,,,,,,,,,,,,,,,,,,,,,,,,
170,PT12M00.00S,2023-11-11T01:11:39.1Z,2,REGULAR,substitution,in,['startperiod'],1629052,,,1610612751,38,33,2023-11-11T01:11:57Z,1690000,False,,,0,,SUB in: O. Brissett,[1629052],1610612738.0,BOS,,,,Brissett,O. Brissett,,,,,,,,,,,,,,,,,,,,,,,,,,
171,PT12M00.00S,2023-11-11T01:11:39.1Z,2,REGULAR,substitution,in,['startperiod'],1628969,,,1610612751,38,33,2023-11-11T01:11:57Z,1700000,False,,,0,,SUB in: M. Bridges,[1628969],1610612751.0,BKN,,,,Bridges,M. Bridges,,,,,,,,,,,,,,,,,,,,,,,,,,
172,PT12M00.00S,2023-11-11T01:11:39.1Z,2,REGULAR,substitution,in,['startperiod'],203915,,,1610612751,38,33,2023-11-11T01:11:57Z,1710000,False,,,0,,SUB in: S. Dinwiddie,[203915],1610612751.0,BKN,,,,Dinwiddie,S. Dinwiddie,,,,,,,,,,,,,,,,,,,,,,,,,,
173,PT12M00.00S,2023-11-11T01:12:20.0Z,2,REGULAR,period,start,[],0,,,1610612751,38,33,2023-11-11T01:12:20Z,1720000,False,,,0,,Period Start,[],,,,,,,,,,,,,,,,,,,,,,,,,,,,,,,,,
174,PT11M48.00S,2023-11-11T01:12:31.2Z,2,REGULAR,3pt,Jump Shot,[],1629717,72.7496714848883,17.15686274509804,1610612751,38,33,2023-11-11T01:12:38Z,1730000,False,-164.0,204.0,1,right,MISS A. Brooks 26' 3PT,[1629717],1610612751.0,BKN,,,,Brooks,A. Brooks,,,,,Above the Break 3,24+ Left Center,26.16,Missed,,,,,,,,,,,,,,,,,,
175,PT11M46.00S,2023-11-11T01:12:33.2Z,2,REGULAR,rebound,defensive,[],1629052,,,1610612738,38,33,2023-11-11T01:12:38Z,1740000,False,,,0,,O. Brissett REBOUND (Off:1 Def:1),[1629052],1610612738.0,BOS,,,,Brissett,O. Brissett,,,,,Above the Break 3,24+ Left Center,,,,,,,174.0,2.0,1.0,1.0,,,,,,,,,,
176,PT11M31.00S,2023-11-11T01:12:47.5Z,2,REGULAR,3pt,Jump Shot,[],1629052,27.414586070959263,22.058823529411764,1610612738,38,33,2023-11-11T01:12:53Z,1750000,False,140.0,205.0,1,left,MISS O. Brissett 24' 3PT,[1629052],1610612738.0,BOS,,,,Brissett,O. Brissett,,,,,Above the Break 3,24+ Right Center,24.82,Missed,,,,,,,,,,,,,,,,,,
177,PT11M29.00S,2023-11-11T01:12:49.5Z,2,REGULAR,rebound,defensive,[],203915,,,1610612751,38,33,2023-11-11T01:12:53Z,1760000,False,,,0,,S. Dinwiddie REBOUND (Off:0 Def:3),[203915],1610612751.0,BKN,,,,Dinwiddie,S. Dinwiddie,,,,,Above the Break 3,24+ Right Center,,,,,,,176.0,3.0,3.0,0.0,,,,,,,,,,
178,PT11M27.00S,2023-11-11T01:12:55.3Z,2,REGULAR,turnover,bad pass,[],203915,,,1610612751,38,33,2023-11-11T01:13:03Z,1770000,False,,,0,,S. Dinwiddie bad pass TURNOVER (1 TO),"[203915, 1629052]",1610612751.0,BKN,,,,Dinwiddie,S. Dinwiddie,,,,,Mid-Range,16-24 Center,,,,,,,,,,,,,,,,,,1.0,Brissett,1629052.0
179,PT11M27.00S,2023-11-11T01:12:55.3Z,2,REGULAR,steal,,[],1629052,,,1610612738,38,33,2023-11-11T01:12:58Z,1780000,False,,,0,,O. Brissett STEAL (1 STL),[1629052],1610612738.0,BOS,,,,Brissett,O. Brissett,,,,,Mid-Range,16-24 Center,,,,,,,,,,,,,,,,,,,,
180,PT11M26.00S,2023-11-11T01:12:59.7Z,2,REGULAR,foul,personal,[],1630570,,,1610612738,38,33,2023-11-11T01:13:06Z,1790000,False,,,0,,T. Watford personal FOUL (1 PF),"[1630570, 1629052]",1610612751.0,BKN,,,,Watford,T. Watford,,,,,In The Paint (Non-RA),8-16 Center,,,,,,,,,,,,,1151.0,1.0,0.0,Brissett,1629052.0,,,
182,PT11M09.00S,2023-11-11T01:13:27.7Z,2,REGULAR,2pt,Jump Shot,['fromturnover'],201950,22.815374507227332,31.127450980392158,1610612738,38,33,2023-11-11T01:13:41Z,1810000,False,94.0,162.0,1,left,MISS J. Holiday 18' pullup Shot,[201950],1610612738.0,BOS,pullup,,,Holiday,J. Holiday,,,,,Mid-Range,16-24 Right Center,18.75,Missed,,,,,,,,,,,,,,,,,,
183,PT11M07.00S,2023-11-11T01:13:29.7Z,2,REGULAR,rebound,defensive,[],203915,,,1610612751,38,33,2023-11-11T01:13:35Z,1820000,False,,,0,,S. Dinwiddie REBOUND (Off:0 Def:4),[203915],1610612751.0,BKN,,,,Dinwiddie,S. Dinwiddie,,,,,Mid-Range,16-24 Right Center,,,,,,,182.0,4.0,4.0,0.0,,,,,,,,,,
184,PT10M52.00S,2023-11-11T01:13:44.5Z,2,REGULAR,2pt,Layup,['pointsinthepaint'],1630570,92.06636005256242,46.07843137254902,1610612751,38,33,2023-11-11T01:13:49Z,1830000,False,-20.0,22.0,1,right,MISS T. Watford cutting Layup,[1630570],1610612751.0,BKN,cutting,,,Watford,T. Watford,,,,,Restricted Area,0-8 Center,2.95,Missed,,,,,,,,,,,,,,,,,,
185,PT10M50.00S,2023-11-11T01:13:46.5Z,2,REGULAR,rebound,defensive,[],1629052,,,1610612738,38,33,2023-11-11T01:13:49Z,1840000,False,,,0,,O. Brissett REBOUND (Off:1 Def:2),[1629052],1610612738.0,BOS,,,,Brissett,O. Brissett,,,,,Restricted Area,0-8 Center,,,,,,,184.0,3.0,2.0,1.0,,,,,,,,,,
194,PT10M39.00S,2023-11-11T01:13:53.0Z,2,REGULAR,turnover,bad pass,[],1629004,,,1610612738,38,33,2023-11-11T01:15:32Z,1845000,False,,,0,,S. Mykhailiuk bad pass TURNOVER (1 TO),[1629004],1610612738.0,BOS,,,,Mykhailiuk,S. Mykhailiuk,,,,,Mid-Range,16-24 Center,,,,,,,,,,,,,,,,,,1.0,,
186,PT10M39.00S,2023-11-11T01:14:01.5Z,2,REGULAR,foul,personal,[],201950,,,1610612751,38,33,2023-11-11T01:15:32Z,1850000,False,,,0,,J. Holiday loose ball personal FOUL (1 PF),"[201950, 1628969]",1610612738.0,BOS,loose ball,,,Holiday,J. Holiday,,,,,Mid-Range,8-16 Left,,,,,,,,,,,,,1626301.0,1.0,0.0,Bridges,1628969.0,,,
189,PT10M39.00S,2023-11-11T01:14:14.4Z,2,REGULAR,substitution,out,[],1630570,,,1610612751,38,33,2023-11-11T01:14:21Z,1880000,False,,,0,,SUB out: T. Watford,[1630570],1610612751.0,BKN,,,,Watford,T. Watford,,,,,,,,,,,,,,,,,,,,,,,,,,
190,PT10M39.00S,2023-11-11T01:14:14.4Z,2,REGULAR,substitution,in,[],1626220,,,1610612751,38,33,2023-11-11T01:14:21Z,1890000,False,,,0,,SUB in: R. O'Neale,[1626220],1610612751.0,BKN,,,,O'Neale,R. O'Neale,,,,,,,,,,,,,,,,,,,,,,,,,,
191,PT10M27.00S,2023-11-11T01:14:53.3Z,2,REGULAR,turnover,lost ball,[],1628969,,,1610612751,38,33,2023-11-11T01:15:01Z,1900000,False,,,0,,M. Bridges lost ball TURNOVER (2 TO),"[1628969, 1630202]",1610612751.0,BKN,,,,Bridges,M. Bridges,,,,,Mid-Range,16-24 Left Center,,,,,,,,,,,,,,,,,,2.0,Pritchard,1630202.0
192,PT10M27.00S,2023-11-11T01:14:53.3Z,2,REGULAR,steal,,[],1630202,,,1610612738,38,33,2023-11-11T01:14:55Z,1910000,False,,,0,,P. Pritchard STEAL (1 STL),[1630202],1610612738.0,BOS,,,,Pritchard,P. Pritchard,,,,,Mid-Range,16-24 Left Center,,,,,,,,,,,,,,,,,,,,
193,PT10M27.00S,2023-11-11T01:15:14.9Z,2,REGULAR,foul,personal,['1freethrow'],1628969,,,1610612738,38,33,2023-11-11T01:15:43Z,1920000,False,,,0,,M. Bridges transition take personal FOUL (2 PF) (Pritchard 1 FT),"[1628969, 1630202]",1610612751.0,BKN,transition take,,,Bridges,M. Bridges,,,,,Mid-Range,16-24 Left Center,,,,,,,,,,,,,2534.0,2.0,0.0,Pritchard,1630202.0,,,
197,PT10M27.00S,2023-11-11T01:16:32.4Z,2,REGULAR,freethrow,1 of 1,['fromturnover'],1628369,,,1610612738,38,33,2023-11-11T01:16:32Z,1950000,False,,,0,,MISS J. Tatum transition take Free Throw 1 of 1,[1628369],1610612738.0,BOS,transition take,,,Tatum,J. Tatum,,,,,,,,Missed,,,,,,,,,,,,,,,,,,
198,PT10M27.00S,2023-11-11T01:16:32.4Z,2,REGULAR,rebound,offensive,['team'],0,,,1610612738,38,33,2023-11-11T01:16:34Z,1960000,False,,,0,,TEAM offensive REBOUND,[],1610612738.0,BOS,,,,,,,,,,,,,,,,,,197.0,,,,,,,,,,,,,
199,PT10M06.00S,2023-11-11T01:17:04.9Z,2,REGULAR,3pt,Jump Shot,"['fromturnover', '2ndchance']",201950,28.728646517739815,80.3921568627451,1610612738,38,33,2023-11-11T01:17:57Z,1970000,False,-152.0,218.0,1,left,MISS J. Holiday 26' 3PT,[201950],1610612738.0,BOS,,,,Holiday,J. Holiday,,,,,Above the Break 3,24+ Left Center,26.53,Missed,,,,,,,,,,,,,,,,,,
200,PT10M03.00S,2023-11-11T01:17:08.0Z,2,REGULAR,rebound,offensive,[],1630202,,,1610612738,38,33,2023-11-11T01:17:08Z,1980000,False,,,0,,P. Pritchard REBOUND (Off:2 Def:1),[1630202],1610612738.0,BOS,,,,Pritchard,P. Pritchard,,,,,Above the Break 3,24+ Left Center,,,,,,,199.0,3.0,1.0,2.0,,,,,,,,,,
201,PT09M51.00S,2023-11-11T01:17:20.0Z,2,REGULAR,3pt,Jump Shot,"['fromturnover', '2ndchance']",1629052,9.674770039421814,97.05882352941177,1610612738,38,33,2023-11-11T01:17:54Z,1990000,False,-235.0,38.0,1,left,MISS O. Brissett step back 3PT,[1629052],1610612738.0,BOS,step back,,,Brissett,O. Brissett,,,,,Left Corner 3,24+ Left,23.84,Missed,,,,,,,,,,,,,,,,,,
202,PT09M48.00S,2023-11-11T01:17:22.7Z,2,REGULAR,rebound,defensive,[],1626220,,,1610612751,38,33,2023-11-11T01:17:22Z,2000000,False,,,0,,R. O'Neale REBOUND (Off:0 Def:1),[1626220],1610612751.0,BKN,,,,O'Neale,R. O'Neale,,,,,Left Corner 3,24+ Left,,,,,,,201.0,1.0,1.0,0.0,,,,,,,,,,
203,PT09M42.00S,2023-11-11T01:17:29.5Z,2,REGULAR,foul,personal,['2freethrow'],1629004,,,1610612751,38,33,2023-11-11T01:17:37Z,2010000,False,,,0,,S. Mykhailiuk shooting personal FOUL (1 PF) (Dinwiddie 2 FT),"[1629004, 203915]",1610612738.0,BOS,shooting,,,Mykhailiuk,S. Mykhailiuk,,,,,In The Paint (Non-RA),0-8 Center,,,,,,,,,,,,,2534.0,1.0,0.0,Dinwiddie,203915.0,,,
205,PT09M42.00S,2023-11-11T01:17:53.9Z,2,REGULAR,freethrow,1 of 2,[],203915,,,1610612751,38,34,2023-11-11T01:17:54Z,2030000,False,,,0,,S. Dinwiddie Free Throw 1 of 2 (10 PTS),[203915],1610612751.0,BKN,,,,Dinwiddie,S. Dinwiddie,,,,,,,,Made,10.0,,,,,,,,,,,,,,,,,
206,PT09M42.00S,2023-11-11T01:17:55.1Z,2,REGULAR,substitution,out,[],1629052,,,1610612751,38,34,2023-11-11T01:17:58Z,2040000,False,,,0,,SUB out: O. Brissett,[1629052],1610612738.0,BOS,,,,Brissett,O. Brissett,,,,,,,,,,,,,,,,,,,,,,,,,,
207,PT09M42.00S,2023-11-11T01:17:55.1Z,2,REGULAR,substitution,in,[],204001,,,1610612751,38,34,2023-11-11T01:17:58Z,2050000,False,,,0,,SUB in: K. Porzingis,[204001],1610612738.0,BOS,,,,Porzingis,K. Porzingis,,,,,,,,,,,,,,,,,,,,,,,,,,
208,PT09M42.00S,2023-11-11T01:18:12.0Z,2,REGULAR,freethrow,2 of 2,[],203915,,,1610612751,38,35,2023-11-11T01:18:12Z,2060000,False,,,0,,S. Dinwiddie Free Throw 2 of 2 (11 PTS),[203915],1610612751.0,BKN,,,,Dinwiddie,S. Dinwiddie,,,,,,,,Made,11.0,,,,,,,,,,,,,,,,,
209,PT09M26.00S,2023-11-11T01:18:28.1Z,2,REGULAR,2pt,Layup,['pointsinthepaint'],201950,10.38107752956636,43.026194852941174,1610612738,40,35,2023-11-11T01:18:42Z,2070000,False,35.0,45.0,1,left,J. Holiday driving finger roll Layup (7 PTS),[201950],1610612738.0,BOS,driving finger roll,,,Holiday,J. Holiday,,,,,In The Paint (Non-RA),0-8 Center,5.7,Made,7.0,,,,,,,,,,,,,,,,,
210,PT09M03.00S,2023-11-11T01:18:51.3Z,2,REGULAR,3pt,Jump Shot,[],1626220,71.69842312746385,80.88235294117648,1610612751,40,35,2023-11-11T01:19:47Z,2080000,False,154.0,214.0,1,right,MISS R. O'Neale 26' 3PT,[1626220],1610612751.0,BKN,,,,O'Neale,R. O'Neale,,,,,Above the Break 3,24+ Right Center,26.35,Missed,,,,,,,,,,,,,,,,,,
211,PT09M01.00S,2023-11-11T01:18:53.3Z,2,REGULAR,rebound,offensive,[],1629717,,,1610612751,40,35,2023-11-11T01:19:05Z,2090000,False,,,0,,A. Brooks REBOUND (Off:1 Def:1),[1629717],1610612751.0,BKN,,,,Brooks,A. Brooks,,,,,Above the Break 3,24+ Right Center,,,,,,,210.0,2.0,1.0,1.0,,,,,,,,,,
212,PT09M01.00S,2023-11-11T01:18:56.9Z,2,REGULAR,2pt,Layup,"['2ndchance', 'pointsinthepaint']",1629717,94.40999984741211,50.0,1610612751,40,35,2023-11-11T01:19:26Z,2100000,False,0.0,0.0,1,right,MISS A. Brooks tip Layup,[1629717],1610612751.0,BKN,tip,,,Brooks,A. Brooks,,,,,Restricted Area,0-8 Center,0.0,Missed,,,,,,,,,,,,,,,,,,
213,PT08M58.00S,2023-11-11T01:18:59.9Z,2,REGULAR,rebound,offensive,[],1627827,,,1610612751,40,35,2023-11-11T01:19:26Z,2110000,False,,,0,,D. Finney-Smith REBOUND (Off:1 Def:1),[1627827],1610612751.0,BKN,,,,Finney-Smith,D. Finney-Smith,,,,,Restricted Area,0-8 Center,,,,,,,212.0,2.0,1.0,1.0,,,,,,,,,,
214,PT08M52.00S,2023-11-11T01:19:02.4Z,2,REGULAR,2pt,Jump Shot,"['pointsinthepaint', '2ndchance']",1628969,85.23324572930355,58.57843137254902,1610612751,40,35,2023-11-11T01:19:10Z,2120000,False,43.0,86.0,1,right,MISS M. Bridges 9' fadeaway Shot,[1628969],1610612751.0,BKN,fadeaway,,,Bridges,M. Bridges,,,,,In The Paint (Non-RA),8-16 Center,9.64,Missed,,,,,,,,,,,,,,,,,,
215,PT08M52.00S,2023-11-11T01:19:02.4Z,2,REGULAR,rebound,defensive,[],1628369,,,1610612738,40,35,2023-11-11T01:19:10Z,2130000,False,,,0,,J. Tatum REBOUND (Off:1 Def:4),[1628369],1610612738.0,BOS,,,,Tatum,J. Tatum,,,,,In The Paint (Non-RA),8-16 Center,,,,,,,214.0,5.0,4.0,1.0,,,,,,,,,,
216,PT08M35.00S,2023-11-11T01:19:19.6Z,2,REGULAR,3pt,Jump Shot,[],204001,34.247700394218136,35.78431372549019,1610612738,40,35,2023-11-11T01:19:34Z,2140000,False,71.0,269.0,1,left,MISS K. Porzingis 27' 3PT,[204001],1610612738.0,BOS,,,,Porzingis,K. Porzingis,,,,,Above the Break 3,24+ Center,27.86,Missed,,,,,,,,,,,,,,,,,,
217,PT08M33.00S,2023-11-11T01:19:21.6Z,2,REGULAR,rebound,defensive,[],1629717,,,1610612751,40,35,2023-11-11T01:19:34Z,2150000,False,,,0,,A. Brooks REBOUND (Off:1 Def:2),[1629717],1610612751.0,BKN,,,,Brooks,A. Brooks,,,,,Above the Break 3,24+ Center,,,,,,,216.0,3.0,2.0,1.0,,,,,,,,,,
218,PT08M13.00S,2023-11-11T01:19:41.5Z,2,REGULAR,3pt,Jump Shot,[],1629717,70.12155059132719,16.911764705882355,1610612751,40,35,2023-11-11T01:19:50Z,2160000,False,-165.0,228.0,1,right,MISS A. Brooks 28' 3PT,[1629717],1610612751.0,BKN,,,,Brooks,A. Brooks,,,,,Above the Break 3,24+ Left Center,28.2,Missed,,,,,,,,,,,,,,,,,,
219,PT08M11.00S,2023-11-11T01:19:43.5Z,2,REGULAR,rebound,defensive,[],1628369,,,1610612738,40,35,2023-11-11T01:19:50Z,2170000,False,,,0,,J. Tatum REBOUND (Off:1 Def:5),[1628369],1610612738.0,BOS,,,,Tatum,J. Tatum,,,,,Above the Break 3,24+ Left Center,,,,,,,218.0,6.0,5.0,1.0,,,,,,,,,,
220,PT08M00.00S,2023-11-11T01:19:54.9Z,2,REGULAR,2pt,Layup,['pointsinthepaint'],201950,9.149145860709593,48.529411764705884,1610612738,42,35,2023-11-11T01:20:00Z,2180000,False,7.0,34.0,1,left,J. Holiday driving Layup (9 PTS),[201950],1610612738.0,BOS,driving,,,Holiday,J. Holiday,,,,,Restricted Area,0-8 Center,3.43,Made,9.0,,,,,,,,,,,,,,,,,
221,PT07M46.00S,2023-11-11T01:20:07.9Z,2,REGULAR,3pt,Jump Shot,[],1628969,74.58935611038108,82.84313725490196,1610612751,42,38,2023-11-11T01:20:22Z,2190000,False,164.0,186.0,1,right,M. Bridges 24' 3PT  (9 PTS) (S. Dinwiddie 2 AST),"[1628969, 203915]",1610612751.0,BKN,,,,Bridges,M. Bridges,,,,,Above the Break 3,24+ Right Center,24.84,Made,9.0,S. Dinwiddie,203915.0,2.0,,,,,,,,,,,,,,
223,PT07M34.00S,2023-11-11T01:20:20.7Z,2,REGULAR,2pt,Layup,['pointsinthepaint'],201950,8.09789750328515,47.05882352941176,1610612738,44,38,2023-11-11T01:20:24Z,2210000,False,15.0,24.0,1,left,J. Holiday cutting Layup (11 PTS) (P. Pritchard 1 AST),"[201950, 1630202]",1610612738.0,BOS,cutting,,,Holiday,J. Holiday,,,,,Restricted Area,0-8 Center,2.78,Made,11.0,P. Pritchard,1630202.0,1.0,,,,,,,,,,,,,,
225,PT07M10.00S,2023-11-11T01:20:44.5Z,2,REGULAR,2pt,Jump Shot,[],1629717,72.61826544021025,30.88235294117647,1610612751,44,38,2023-11-11T01:21:46Z,2230000,False,-96.0,205.0,1,right,MISS A. Brooks 22' step back Shot,[1629717],1610612751.0,BKN,step back,,,Brooks,A. Brooks,,,,,Mid-Range,16-24 Left Center,22.61,Missed,,,,,,,,,,,,,,,,,,
226,PT07M05.00S,2023-11-11T01:20:49.5Z,2,REGULAR,rebound,offensive,[],1627827,,,1610612751,44,38,2023-11-11T01:20:55Z,2240000,False,,,0,,D. Finney-Smith REBOUND (Off:2 Def:1),[1627827],1610612751.0,BKN,,,,Finney-Smith,D. Finney-Smith,,,,,Mid-Range,16-24 Left Center,,,,,,,225.0,3.0,1.0,2.0,,,,,,,,,,
227,PT07M00.00S,2023-11-11T01:20:54.1Z,2,REGULAR,3pt,Jump Shot,['2ndchance'],203915,63.15703022339028,80.63725490196079,1610612751,44,38,2023-11-11T01:21:00Z,2250000,False,153.0,294.0,1,right,MISS S. Dinwiddie 33' 3PT,[203915],1610612751.0,BKN,,,,Dinwiddie,S. Dinwiddie,,,,,Above the Break 3,24+ Right Center,33.13,Missed,,,,,,,,,,,,,,,,,,
228,PT06M58.00S,2023-11-11T01:20:56.1Z,2,REGULAR,rebound,defensive,[],201950,,,1610612738,44,38,2023-11-11T01:21:00Z,2260000,False,,,0,,J. Holiday REBOUND (Off:0 Def:4),[201950],1610612738.0,BOS,,,,Holiday,J. Holiday,,,,,Above the Break 3,24+ Right Center,,,,,,,227.0,4.0,4.0,0.0,,,,,,,,,,
229,PT06M57.00S,2023-11-11T01:21:06.7Z,2,REGULAR,timeout,full,"['team', 'mandatory']",0,,,1610612738,44,38,2023-11-11T01:21:06Z,2270000,False,,,0,,BOS Timeout,[],1610612738.0,BOS,,,,,,,,,,,,,,,,,,,,,,,,,,,,,,,
230,PT06M57.00S,2023-11-11T01:23:42.1Z,2,REGULAR,substitution,out,[],1629004,,,1610612738,44,38,2023-11-11T01:24:08Z,2280000,False,,,0,,SUB out: S. Mykhailiuk,[1629004],1610612738.0,BOS,,,,Mykhailiuk,S. Mykhailiuk,,,,,,,,,,,,,,,,,,,,,,,,,,
231,PT06M57.00S,2023-11-11T01:23:42.1Z,2,REGULAR,substitution,out,[],1629717,,,1610612738,44,38,2023-11-11T01:24:08Z,2290000,False,,,0,,SUB out: A. Brooks,[1629717],1610612751.0,BKN,,,,Brooks,A. Brooks,,,,,,,,,,,,,,,,,,,,,,,,,,
232,PT06M57.00S,2023-11-11T01:23:42.1Z,2,REGULAR,substitution,in,[],1627759,,,1610612738,44,38,2023-11-11T01:24:08Z,2300000,False,,,0,,SUB in: J. Brown,[1627759],1610612738.0,BOS,,,,Brown,J. Brown,,,,,,,,,,,,,,,,,,,,,,,,,,
233,PT06M57.00S,2023-11-11T01:23:42.1Z,2,REGULAR,substitution,in,[],1629661,,,1610612738,44,38,2023-11-11T01:24:08Z,2310000,False,,,0,,SUB in: C. Johnson,[1629661],1610612751.0,BKN,,,,Johnson,C. Johnson,,,,,,,,,,,,,,,,,,,,,,,,,,
234,PT06M44.00S,2023-11-11T01:24:36.5Z,2,REGULAR,3pt,Jump Shot,[],1628369,28.728646517739815,21.323529411764707,1610612738,47,38,2023-11-11T01:24:41Z,2320000,False,143.0,218.0,1,left,J. Tatum 26' 3PT  (3 PTS) (K. Porzingis 1 AST),"[1628369, 204001]",1610612738.0,BOS,,,,Tatum,J. Tatum,,,,,Above the Break 3,24+ Right Center,26.05,Made,3.0,K. Porzingis,204001.0,1.0,,,,,,,,,,,,,,
236,PT06M14.00S,2023-11-11T01:25:05.5Z,2,REGULAR,turnover,lost ball,[],1626220,,,1610612751,47,38,2023-11-11T01:25:11Z,2340000,False,,,0,,R. O'Neale lost ball TURNOVER (1 TO),"[1626220, 1627759]",1610612751.0,BKN,,,,O'Neale,R. O'Neale,,,,,Above the Break 3,24+ Center,,,,,,,,,,,,,,,,,,1.0,Brown,1627759.0
237,PT06M14.00S,2023-11-11T01:25:05.5Z,2,REGULAR,steal,,[],1627759,,,1610612738,47,38,2023-11-11T01:25:07Z,2350000,False,,,0,,J. Brown STEAL (1 STL),[1627759],1610612738.0,BOS,,,,Brown,J. Brown,,,,,Above the Break 3,24+ Center,,,,,,,,,,,,,,,,,,,,
238,PT06M12.00S,2023-11-11T01:25:08.8Z,2,REGULAR,foul,personal,['2freethrow'],1626220,,,1610612738,47,38,2023-11-11T01:25:14Z,2360000,False,,,0,,R. O'Neale shooting personal FOUL (1 PF) (Brown 2 FT),"[1626220, 1627759]",1610612751.0,BKN,shooting,,,O'Neale,R. O'Neale,,,,,Restricted Area,0-8 Center,,,,,,,,,,,,,2534.0,1.0,0.0,Brown,1627759.0,,,
240,PT06M12.00S,2023-11-11T01:25:39.1Z,2,REGULAR,freethrow,1 of 2,"['fromturnover', 'fastbreak']",1627759,,,1610612738,47,38,2023-11-11T01:26:20Z,2380000,False,,,0,,MISS J. Brown Free Throw 1 of 2,[1627759],1610612738.0,BOS,,,,Brown,J. Brown,,,,,,,,Missed,,,,,,,,,,,,,,,,,,
241,PT06M12.00S,2023-11-11T01:25:39.1Z,2,REGULAR,rebound,offensive,"['team', 'deadball']",0,,,1610612738,47,38,2023-11-11T01:26:20Z,2390000,False,,,0,,TEAM offensive REBOUND,[],1610612738.0,BOS,,,,,,,,,,,,,,,,,,240.0,,,,,,,,,,,,,
242,PT06M12.00S,2023-11-11T01:25:39.1Z,2,REGULAR,freethrow,2 of 2,"['fromturnover', 'fastbreak']",1627759,,,1610612738,48,38,2023-11-11T01:26:20Z,2400000,False,,,0,,J. Brown Free Throw 2 of 2 (13 PTS),[1627759],1610612738.0,BOS,,,,Brown,J. Brown,,,,,,,,Made,13.0,,,,,,,,,,,,,,,,,
243,PT05M51.00S,2023-11-11T01:26:19.8Z,2,REGULAR,3pt,Jump Shot,[],1629661,70.90998685939553,75.73529411764706,1610612751,48,41,2023-11-11T01:26:24Z,2410000,False,129.0,221.0,1,right,C. Johnson 25' 3PT  (6 PTS) (R. O'Neale 2 AST),"[1629661, 1626220]",1610612751.0,BKN,,,,Johnson,C. Johnson,,,,,Above the Break 3,24+ Right Center,25.57,Made,6.0,R. O'Neale,1626220.0,2.0,,,,,,,,,,,,,,
245,PT05M37.00S,2023-11-11T01:26:33.0Z,2,REGULAR,2pt,Jump Shot,[],1628369,25.780223390275953,71.83670343137256,1610612738,50,41,2023-11-11T01:33:31Z,2430000,False,-109.0,190.0,1,left,J. Tatum 21' pullup Jump Shot (5 PTS) (K. Porzingis 2 AST),"[1628369, 204001]",1610612738.0,BOS,pullup,,,Tatum,J. Tatum,,,,,Mid-Range,16-24 Left Center,21.9,Made,5.0,K. Porzingis,204001.0,2.0,,,,,,,,,,,,,,
246,PT05M11.00S,2023-11-11T01:27:00.8Z,2,REGULAR,3pt,Jump Shot,[],1628969,88.64980289093299,96.56862745098039,1610612751,50,41,2023-11-11T01:27:06Z,2440000,False,233.0,54.0,1,right,MISS M. Bridges 3PT,[1628969],1610612751.0,BKN,,,,Bridges,M. Bridges,,,,,Right Corner 3,24+ Right,23.9,Missed,,,,,,,,,,,,,,,,,,
247,PT05M09.00S,2023-11-11T01:27:02.8Z,2,REGULAR,rebound,defensive,[],201950,,,1610612738,50,41,2023-11-11T01:27:06Z,2450000,False,,,0,,J. Holiday REBOUND (Off:0 Def:5),[201950],1610612738.0,BOS,,,,Holiday,J. Holiday,,,,,Right Corner 3,24+ Right,,,,,,,246.0,5.0,5.0,0.0,,,,,,,,,,
248,PT04M59.00S,2023-11-11T01:27:11.5Z,2,REGULAR,2pt,Layup,['pointsinthepaint'],1627759,6.57030223390276,52.473958333333336,1610612738,50,41,2023-11-11T01:27:18Z,2460000,False,-12.0,9.0,1,left,MISS J. Brown driving Layup,[1627759],1610612738.0,BOS,driving,,,Brown,J. Brown,,,,,Restricted Area,0-8 Center,1.55,Missed,,,,,,,,,,,,,,,,,,
249,PT04M57.00S,2023-11-11T01:27:13.5Z,2,REGULAR,rebound,offensive,[],201950,,,1610612738,50,41,2023-11-11T01:27:18Z,2470000,False,,,0,,J. Holiday REBOUND (Off:1 Def:5),[201950],1610612738.0,BOS,,,,Holiday,J. Holiday,,,,,Restricted Area,0-8 Center,,,,,,,248.0,6.0,5.0,1.0,,,,,,,,,,
250,PT04M54.00S,2023-11-11T01:27:16.9Z,2,REGULAR,3pt,Jump Shot,['2ndchance'],1628369,30.699737187910642,76.22549019607843,1610612738,53,41,2023-11-11T01:27:23Z,2480000,False,-131.0,236.0,1,left,J. Tatum 27' 3PT  (8 PTS) (J. Holiday 4 AST),"[1628369, 201950]",1610612738.0,BOS,,,,Tatum,J. Tatum,,,,,Above the Break 3,24+ Left Center,27.01,Made,8.0,J. Holiday,201950.0,4.0,,,,,,,,,,,,,,
252,PT04M38.00S,2023-11-11T01:27:32.0Z,2,REGULAR,3pt,Jump Shot,[],1626220,65.78515111695138,29.166666666666668,1610612751,53,44,2023-11-11T01:27:36Z,2500000,False,-104.0,269.0,1,right,R. O'Neale 28' 3PT  (3 PTS) (D. Finney-Smith 2 AST),"[1626220, 1627827]",1610612751.0,BKN,,,,O'Neale,R. O'Neale,,,,,Above the Break 3,24+ Left Center,28.86,Made,3.0,D. Finney-Smith,1627827.0,2.0,,,,,,,,,,,,,,
254,PT04M17.00S,2023-11-11T01:27:55.7Z,2,REGULAR,foul,personal,['2freethrow'],1626220,,,1610612738,53,44,2023-11-11T01:28:05Z,2520000,False,,,0,,R. O'Neale shooting personal FOUL (2 PF) (Tatum 2 FT),"[1626220, 1628369]",1610612751.0,BKN,shooting,,,O'Neale,R. O'Neale,,,,,In The Paint (Non-RA),8-16 Center,,,,,,,,,,,,,1626301.0,2.0,0.0,Tatum,1628369.0,,,
256,PT04M17.00S,2023-11-11T01:28:34.1Z,2,REGULAR,freethrow,1 of 2,[],1628369,,,1610612738,54,44,2023-11-11T01:28:34Z,2540000,False,,,0,,J. Tatum Free Throw 1 of 2 (9 PTS),[1628369],1610612738.0,BOS,,,,Tatum,J. Tatum,,,,,,,,Made,9.0,,,,,,,,,,,,,,,,,
257,PT04M17.00S,2023-11-11T01:28:36.4Z,2,REGULAR,substitution,out,[],1628969,,,1610612738,54,44,2023-11-11T01:28:53Z,2550000,False,,,0,,SUB out: M. Bridges,[1628969],1610612751.0,BKN,,,,Bridges,M. Bridges,,,,,,,,,,,,,,,,,,,,,,,,,,
258,PT04M17.00S,2023-11-11T01:28:36.4Z,2,REGULAR,substitution,out,[],203915,,,1610612738,54,44,2023-11-11T01:28:53Z,2560000,False,,,0,,SUB out: S. Dinwiddie,[203915],1610612751.0,BKN,,,,Dinwiddie,S. Dinwiddie,,,,,,,,,,,,,,,,,,,,,,,,,,
259,PT04M17.00S,2023-11-11T01:28:36.4Z,2,REGULAR,substitution,in,[],1628372,,,1610612738,54,44,2023-11-11T01:28:53Z,2570000,False,,,0,,SUB in: D. Smith Jr.,[1628372],1610612751.0,BKN,,,,Smith Jr.,D. Smith Jr.,,,,,,,,,,,,,,,,,,,,,,,,,,
260,PT04M17.00S,2023-11-11T01:28:36.4Z,2,REGULAR,substitution,in,[],1629022,,,1610612738,54,44,2023-11-11T01:28:53Z,2580000,False,,,0,,SUB in: L. Walker IV,[1629022],1610612751.0,BKN,,,,Walker IV,L. Walker IV,,,,,,,,,,,,,,,,,,,,,,,,,,
267,PT04M17.00S,2023-11-11T01:28:36.4Z,2,REGULAR,substitution,out,[],201950,,,1610612738,54,44,2023-11-11T01:29:42Z,2585000,False,,,0,,SUB out: J. Holiday,[201950],1610612738.0,BOS,,,,Holiday,J. Holiday,,,,,,,,,,,,,,,,,,,,,,,,,,
268,PT04M17.00S,2023-11-11T01:28:36.4Z,2,REGULAR,substitution,in,[],1628401,,,1610612738,54,44,2023-11-11T01:29:42Z,2587500,False,,,0,,SUB in: D. White,[1628401],1610612738.0,BOS,,,,White,D. White,,,,,,,,,,,,,,,,,,,,,,,,,,
261,PT04M17.00S,2023-11-11T01:28:54.5Z,2,REGULAR,freethrow,2 of 2,[],1628369,,,1610612738,55,44,2023-11-11T01:28:54Z,2590000,False,,,0,,J. Tatum Free Throw 2 of 2 (10 PTS),[1628369],1610612738.0,BOS,,,,Tatum,J. Tatum,,,,,,,,Made,10.0,,,,,,,,,,,,,,,,,
264,PT03M59.00S,2023-11-11T01:29:14.8Z,2,REGULAR,2pt,Layup,['pointsinthepaint'],1629022,93.38042049934296,43.872549019607845,1610612751,55,46,2023-11-11T01:29:28Z,2600000,False,-31.0,10.0,1,right,L. Walker IV Layup (10 PTS) (D. Smith Jr. 3 AST),"[1629022, 1628372]",1610612751.0,BKN,,,,Walker IV,L. Walker IV,,,,,Restricted Area,0-8 Center,3.21,Made,10.0,D. Smith Jr.,1628372.0,3.0,,,,,,,,,,,,,,
265,PT03M49.00S,2023-11-11T01:29:24.9Z,2,REGULAR,3pt,Jump Shot,[],1628369,26.49474375821288,84.55882352941177,1610612738,58,46,2023-11-11T01:29:31Z,2610000,False,-173.0,197.0,1,left,J. Tatum 26' 3PT  (13 PTS) (D. White 2 AST),"[1628369, 1628401]",1610612738.0,BOS,,,,Tatum,J. Tatum,,,,,Above the Break 3,24+ Left Center,26.17,Made,13.0,D. White,1628401.0,2.0,,,,,,,,,,,,,,
270,PT03M24.00S,2023-11-11T01:29:50.4Z,2,REGULAR,3pt,Jump Shot,[],1628372,84.44480946123521,95.58823529411765,1610612751,58,46,2023-11-11T01:29:58Z,2630000,False,228.0,94.0,1,right,MISS D. Smith Jr. 24' 3PT,[1628372],1610612751.0,BKN,,,,Smith Jr.,D. Smith Jr.,,,,,Above the Break 3,24+ Right,24.64,Missed,,,,,,,,,,,,,,,,,,
271,PT03M22.00S,2023-11-11T01:29:52.4Z,2,REGULAR,rebound,offensive,[],1629661,,,1610612751,58,46,2023-11-11T01:29:58Z,2640000,False,,,0,,C. Johnson REBOUND (Off:1 Def:1),[1629661],1610612751.0,BKN,,,,Johnson,C. Johnson,,,,,Above the Break 3,24+ Right,,,,,,,270.0,2.0,1.0,1.0,,,,,,,,,,
272,PT03M22.00S,2023-11-11T01:29:58.5Z,2,REGULAR,turnover,shot clock,['team'],0,,,1610612751,58,46,2023-11-11T01:30:03Z,2650000,False,,,0,,BKN shot clock Team TURNOVER,[],1610612751.0,BKN,,,,,,,,,,Restricted Area,0-8 Center,,,,,,,,,,,,,1151.0,,,,,,,
273,PT03M10.00S,2023-11-11T01:30:15.8Z,2,REGULAR,3pt,Jump Shot,['fromturnover'],1627759,29.517082785808146,83.08823529411765,1610612738,61,46,2023-11-11T01:30:20Z,2660000,False,-165.0,225.0,1,left,J. Brown 27' 3PT  (16 PTS) (J. Tatum 3 AST),"[1627759, 1628369]",1610612738.0,BOS,,,,Brown,J. Brown,,,,,Above the Break 3,24+ Left Center,27.93,Made,16.0,J. Tatum,1628369.0,3.0,,,,,,,,,,,,,,
275,PT03M08.00S,2023-11-11T01:30:22.5Z,2,REGULAR,timeout,full,"['team', 'mandatory']",0,,,1610612751,61,46,2023-11-11T01:30:22Z,2680000,False,,,0,,BKN Timeout,[],1610612751.0,BKN,,,,,,,,,,,,,,,,,,,,,,,,,,,,,,,
276,PT02M47.00S,2023-11-11T01:34:04.3Z,2,REGULAR,2pt,Layup,[],1629661,91.01511169513797,69.6078431372549,1610612751,61,46,2023-11-11T01:34:09Z,2690000,False,98.0,32.0,1,right,MISS C. Johnson 10' driving Layup,[1629661],1610612751.0,BKN,driving,,,Johnson,C. Johnson,,,,,Mid-Range,8-16 Right,10.31,Missed,,,,,,,,,,,,,,,,,,
277,PT02M45.00S,2023-11-11T01:34:06.3Z,2,REGULAR,rebound,defensive,[],1628369,,,1610612738,61,46,2023-11-11T01:34:09Z,2700000,False,,,0,,J. Tatum REBOUND (Off:1 Def:6),[1628369],1610612738.0,BOS,,,,Tatum,J. Tatum,,,,,Mid-Range,8-16 Right,,,,,,,276.0,7.0,6.0,1.0,,,,,,,,,,
278,PT02M36.00S,2023-11-11T01:34:16.0Z,2,REGULAR,2pt,Layup,['pointsinthepaint'],1628369,8.409986859395532,37.798713235294116,1610612738,61,46,2023-11-11T01:34:24Z,2710000,False,61.0,27.0,1,left,MISS J. Tatum 6' driving finger roll Layup,[1628369],1610612738.0,BOS,driving finger roll,,,Tatum,J. Tatum,,,,,In The Paint (Non-RA),0-8 Center,6.65,Missed,,,,,,,,,,,,,,,,,,
279,PT02M33.00S,2023-11-11T01:34:19.0Z,2,REGULAR,rebound,defensive,[],1629022,,,1610612751,61,46,2023-11-11T01:34:24Z,2720000,False,,,0,,L. Walker IV REBOUND (Off:0 Def:3),[1629022],1610612751.0,BKN,,,,Walker IV,L. Walker IV,,,,,In The Paint (Non-RA),0-8 Center,,,,,,,278.0,3.0,3.0,0.0,,,,,,,,,,
280,PT02M25.00S,2023-11-11T01:34:25.4Z,2,REGULAR,3pt,Jump Shot,[],1627827,70.51576872536137,19.852941176470587,1610612751,61,49,2023-11-11T01:34:32Z,2730000,False,-151.0,225.0,1,right,D. Finney-Smith 27' 3PT  (3 PTS) (L. Walker IV 2 AST),"[1627827, 1629022]",1610612751.0,BKN,,,,Finney-Smith,D. Finney-Smith,,,,,Above the Break 3,24+ Left Center,27.06,Made,3.0,L. Walker IV,1629022.0,2.0,,,,,,,,,,,,,,
282,PT02M01.00S,2023-11-11T01:34:50.1Z,2,REGULAR,3pt,Jump Shot,[],1627759,32.53942181340342,70.83333333333334,1610612738,64,49,2023-11-11T01:35:32Z,2750000,False,-104.0,253.0,1,left,J. Brown 27' 3PT pullup (19 PTS),[1627759],1610612738.0,BOS,pullup,,,Brown,J. Brown,,,,,Above the Break 3,24+ Left Center,27.4,Made,19.0,,,,,,,,,,,,,,,,,
283,PT01M40.00S,2023-11-11T01:35:10.8Z,2,REGULAR,2pt,Layup,['pointsinthepaint'],1629022,94.1688567674113,65.19607843137256,1610612751,64,49,2023-11-11T01:35:18Z,2760000,False,76.0,2.0,1,right,MISS L. Walker IV 7' driving Layup - blocked,"[1629022, 1628401]",1610612751.0,BKN,driving,,,Walker IV,L. Walker IV,,,,,In The Paint (Non-RA),0-8 Center,7.6,Missed,,,,,,,,,White,1628401.0,,,,,,,,
284,PT01M40.00S,2023-11-11T01:35:10.8Z,2,REGULAR,block,,[],1628401,,,1610612751,64,49,2023-11-11T01:35:13Z,2770000,False,,,0,,D. White BLOCK (1 BLK),[1628401],1610612738.0,BOS,,,,White,D. White,,,,,In The Paint (Non-RA),0-8 Center,,,,,,,,,,,,,,,,,,,,
285,PT01M39.00S,2023-11-11T01:35:11.8Z,2,REGULAR,rebound,defensive,[],1628401,,,1610612738,64,49,2023-11-11T01:35:18Z,2780000,False,,,0,,D. White REBOUND (Off:0 Def:2),[1628401],1610612738.0,BOS,,,,White,D. White,,,,,In The Paint (Non-RA),0-8 Center,,,,,,,283.0,2.0,2.0,0.0,,,,,,,,,,
286,PT01M34.00S,2023-11-11T01:35:17.2Z,2,REGULAR,2pt,Layup,"['fastbreak', 'pointsinthepaint']",1627759,9.067017082785808,44.27083333333333,1610612738,66,49,2023-11-11T01:35:23Z,2790000,False,29.0,33.0,1,left,J. Brown running Layup (21 PTS) (D. White 3 AST),"[1627759, 1628401]",1610612738.0,BOS,running,,,Brown,J. Brown,,,,,In The Paint (Non-RA),0-8 Center,4.34,Made,21.0,D. White,1628401.0,3.0,,,,,,,,,,,,,,
287,PT01M10.00S,2023-11-11T01:35:40.8Z,2,REGULAR,2pt,Jump Shot,[],1628372,71.96123521681997,67.15686274509804,1610612751,66,51,2023-11-11T01:35:44Z,2800000,False,86.0,211.0,1,right,D. Smith Jr. 22' step back Jump Shot (2 PTS),[1628372],1610612751.0,BKN,step back,,,Smith Jr.,D. Smith Jr.,,,,,Mid-Range,16-24 Right Center,22.79,Made,2.0,,,,,,,,,,,,,,,,,
288,PT00M57.10S,2023-11-11T01:35:55.1Z,2,REGULAR,3pt,Jump Shot,[],1628369,26.62614980289093,85.29411764705883,1610612738,66,51,2023-11-11T01:36:02Z,2810000,False,-176.0,198.0,1,left,MISS J. Tatum 26' step back 3PT,[1628369],1610612738.0,BOS,step back,,,Tatum,J. Tatum,,,,,Above the Break 3,24+ Left Center,26.51,Missed,,,,,,,,,,,,,,,,,,
289,PT00M54.60S,2023-11-11T01:35:57.6Z,2,REGULAR,rebound,defensive,[],1629022,,,1610612751,66,51,2023-11-11T01:36:02Z,2820000,False,,,0,,L. Walker IV REBOUND (Off:0 Def:4),[1629022],1610612751.0,BKN,,,,Walker IV,L. Walker IV,,,,,Above the Break 3,24+ Left Center,,,,,,,288.0,4.0,4.0,0.0,,,,,,,,,,
290,PT00M51.20S,2023-11-11T01:36:01.0Z,2,REGULAR,3pt,Jump Shot,['fastbreak'],1629022,71.69842312746385,24.509803921568626,1610612751,66,54,2023-11-11T01:36:08Z,2830000,False,-127.0,214.0,1,right,L. Walker IV 24' 3PT running pullup (13 PTS),[1629022],1610612751.0,BKN,running pullup,,,Walker IV,L. Walker IV,,,,,Above the Break 3,24+ Left Center,24.87,Made,13.0,,,,,,,,,,,,,,,,,
291,PT00M34.90S,2023-11-11T01:36:20.9Z,2,REGULAR,3pt,Jump Shot,[],1628401,32.276609724047304,74.75490196078431,1610612738,66,54,2023-11-11T01:37:19Z,2840000,False,-124.0,251.0,1,left,MISS D. White 27' pullup 3PT,[1628401],1610612738.0,BOS,pullup,,,White,D. White,,,,,Above the Break 3,24+ Left Center,27.98,Missed,,,,,,,,,,,,,,,,,,
292,PT00M32.60S,2023-11-11T01:36:23.2Z,2,REGULAR,rebound,defensive,[],1629022,,,1610612751,66,54,2023-11-11T01:36:28Z,2850000,False,,,0,,L. Walker IV REBOUND (Off:0 Def:5),[1629022],1610612751.0,BKN,,,,Walker IV,L. Walker IV,,,,,Above the Break 3,24+ Left Center,,,,,,,291.0,5.0,5.0,0.0,,,,,,,,,,
293,PT00M16.40S,2023-11-11T01:36:39.4Z,2,REGULAR,3pt,Jump Shot,[],1629022,68.67608409986859,70.58823529411765,1610612751,66,54,2023-11-11T01:37:34Z,2860000,False,103.0,242.0,1,right,MISS L. Walker IV 26' pullup 3PT,[1629022],1610612751.0,BKN,pullup,,,Walker IV,L. Walker IV,,,,,Above the Break 3,24+ Right Center,26.29,Missed,,,,,,,,,,,,,,,,,,
294,PT00M14.00S,2023-11-11T01:36:41.8Z,2,REGULAR,rebound,defensive,[],1628401,,,1610612738,66,54,2023-11-11T01:36:45Z,2870000,False,,,0,,D. White REBOUND (Off:0 Def:3),[1628401],1610612738.0,BOS,,,,White,D. White,,,,,Above the Break 3,24+ Right Center,,,,,,,293.0,3.0,3.0,0.0,,,,,,,,,,
295,PT00M02.10S,2023-11-11T01:37:01.4Z,2,REGULAR,foul,offensive,[],1628369,,,1610612738,66,54,2023-11-11T01:37:08Z,2880000,False,,,0,,J. Tatum charge offensive FOUL (1 PF),"[1628369, 1629661]",1610612738.0,BOS,charge,,,Tatum,J. Tatum,,,,,In The Paint (Non-RA),0-8 Center,,,,,,,,,,,,,1151.0,1.0,0.0,Johnson,1629661.0,,,
297,PT00M02.10S,2023-11-11T01:37:01.4Z,2,REGULAR,turnover,offensive foul,[],1628369,,,1610612738,66,54,2023-11-11T01:37:01Z,2900000,False,,,0,,J. Tatum offensive foul TURNOVER (1 TO),[1628369],1610612738.0,BOS,,,,Tatum,J. Tatum,,,,,In The Paint (Non-RA),0-8 Center,,,,,,,,,,,,,1151.0,,,,,1.0,,
298,PT00M02.10S,2023-11-11T01:37:07.5Z,2,REGULAR,substitution,out,[],204001,,,1610612751,66,54,2023-11-11T01:37:37Z,2910000,False,,,0,,SUB out: K. Porzingis,[204001],1610612738.0,BOS,,,,Porzingis,K. Porzingis,,,,,,,,,,,,,,,,,,,,,,,,,,
299,PT00M02.10S,2023-11-11T01:37:07.5Z,2,REGULAR,substitution,out,[],1630202,,,1610612751,66,54,2023-11-11T01:37:37Z,2920000,False,,,0,,SUB out: P. Pritchard,[1630202],1610612738.0,BOS,,,,Pritchard,P. Pritchard,,,,,,,,,,,,,,,,,,,,,,,,,,
300,PT00M02.10S,2023-11-11T01:37:07.5Z,2,REGULAR,substitution,out,[],1627827,,,1610612751,66,54,2023-11-11T01:37:37Z,2930000,False,,,0,,SUB out: D. Finney-Smith,[1627827],1610612751.0,BKN,,,,Finney-Smith,D. Finney-Smith,,,,,,,,,,,,,,,,,,,,,,,,,,
301,PT00M02.10S,2023-11-11T01:37:07.5Z,2,REGULAR,substitution,in,[],201950,,,1610612751,66,54,2023-11-11T01:37:37Z,2940000,False,,,0,,SUB in: J. Holiday,[201950],1610612738.0,BOS,,,,Holiday,J. Holiday,,,,,,,,,,,,,,,,,,,,,,,,,,
302,PT00M02.10S,2023-11-11T01:37:07.5Z,2,REGULAR,substitution,in,[],1628436,,,1610612751,66,54,2023-11-11T01:37:37Z,2950000,False,,,0,,SUB in: L. Kornet,[1628436],1610612738.0,BOS,,,,Kornet,L. Kornet,,,,,,,,,,,,,,,,,,,,,,,,,,
303,PT00M02.10S,2023-11-11T01:37:07.5Z,2,REGULAR,substitution,in,[],1630549,,,1610612751,66,54,2023-11-11T01:37:37Z,2960000,False,,,0,,SUB in: D. Sharpe,[1630549],1610612751.0,BKN,,,,Sharpe,D. Sharpe,,,,,,,,,,,,,,,,,,,,,,,,,,
304,PT00M00.00S,2023-11-11T01:37:41.3Z,2,REGULAR,period,end,[],0,,,1610612751,66,54,2023-11-11T01:37:41Z,2970000,False,,,0,,Period End,[],,,,,,,,,,,,,,,,,,,,,,,,,,,,,,,,,
306,PT12M00.00S,2023-11-11T01:52:13.3Z,3,REGULAR,substitution,out,['startperiod'],1628436,,,1610612751,66,54,2023-11-11T01:52:44Z,2980000,False,,,0,,SUB out: L. Kornet,[1628436],1610612738.0,BOS,,,,Kornet,L. Kornet,,,,,,,,,,,,,,,,,,,,,,,,,,
307,PT12M00.00S,2023-11-11T01:52:13.3Z,3,REGULAR,substitution,out,['startperiod'],1628372,,,1610612751,66,54,2023-11-11T01:52:44Z,2990000,False,,,0,,SUB out: D. Smith Jr.,[1628372],1610612751.0,BKN,,,,Smith Jr.,D. Smith Jr.,,,,,,,,,,,,,,,,,,,,,,,,,,
308,PT12M00.00S,2023-11-11T01:52:13.3Z,3,REGULAR,substitution,out,['startperiod'],1629022,,,1610612751,66,54,2023-11-11T01:52:44Z,3000000,False,,,0,,SUB out: L. Walker IV,[1629022],1610612751.0,BKN,,,,Walker IV,L. Walker IV,,,,,,,,,,,,,,,,,,,,,,,,,,
309,PT12M00.00S,2023-11-11T01:52:13.3Z,3,REGULAR,substitution,out,['startperiod'],1630549,,,1610612751,66,54,2023-11-11T01:52:44Z,3010000,False,,,0,,SUB out: D. Sharpe,[1630549],1610612751.0,BKN,,,,Sharpe,D. Sharpe,,,,,,,,,,,,,,,,,,,,,,,,,,
310,PT12M00.00S,2023-11-11T01:52:13.3Z,3,REGULAR,substitution,in,['startperiod'],204001,,,1610612751,66,54,2023-11-11T01:52:44Z,3020000,False,,,0,,SUB in: K. Porzingis,[204001],1610612738.0,BOS,,,,Porzingis,K. Porzingis,,,,,,,,,,,,,,,,,,,,,,,,,,
311,PT12M00.00S,2023-11-11T01:52:13.3Z,3,REGULAR,substitution,in,['startperiod'],1628969,,,1610612751,66,54,2023-11-11T01:52:44Z,3030000,False,,,0,,SUB in: M. Bridges,[1628969],1610612751.0,BKN,,,,Bridges,M. Bridges,,,,,,,,,,,,,,,,,,,,,,,,,,
312,PT12M00.00S,2023-11-11T01:52:13.3Z,3,REGULAR,substitution,in,['startperiod'],203915,,,1610612751,66,54,2023-11-11T01:52:44Z,3040000,False,,,0,,SUB in: S. Dinwiddie,[203915],1610612751.0,BKN,,,,Dinwiddie,S. Dinwiddie,,,,,,,,,,,,,,,,,,,,,,,,,,
313,PT12M00.00S,2023-11-11T01:52:13.3Z,3,REGULAR,substitution,in,['startperiod'],1627827,,,1610612751,66,54,2023-11-11T01:52:44Z,3050000,False,,,0,,SUB in: D. Finney-Smith,[1627827],1610612751.0,BKN,,,,Finney-Smith,D. Finney-Smith,,,,,,,,,,,,,,,,,,,,,,,,,,
314,PT12M00.00S,2023-11-11T01:53:03.2Z,3,REGULAR,period,start,[],0,,,1610612751,66,54,2023-11-11T01:53:03Z,3060000,False,,,0,,Period Start,[],,,,,,,,,,,,,,,,,,,,,,,,,,,,,,,,,
315,PT11M51.00S,2023-11-11T01:53:11.5Z,3,REGULAR,3pt,Jump Shot,[],1627827,18.478975032851512,6.61764705882353,1610612751,66,57,2023-11-11T01:53:18Z,3070000,False,217.0,121.0,1,left,D. Finney-Smith 24' 3PT  (6 PTS) (S. Dinwiddie 3 AST),"[1627827, 203915]",1610612751.0,BKN,,,,Finney-Smith,D. Finney-Smith,,,,,Above the Break 3,24+ Right Center,24.85,Made,6.0,S. Dinwiddie,203915.0,3.0,,,,,,,,,,,,,,
317,PT11M37.00S,2023-11-11T01:53:27.7Z,3,REGULAR,foul,personal,[],1626220,,,1610612738,66,57,2023-11-11T01:53:34Z,3090000,False,,,0,,R. O'Neale personal FOUL (3 PF),"[1626220, 204001]",1610612751.0,BKN,,,,O'Neale,R. O'Neale,,,,,In The Paint (Non-RA),0-8 Center,,,,,,,,,,,,,1626301.0,3.0,0.0,Porzingis,204001.0,,,
319,PT11M29.00S,2023-11-11T01:53:53.8Z,3,REGULAR,3pt,Jump Shot,[],1628401,71.43561103810775,16.176470588235293,1610612738,69,57,2023-11-11T01:53:59Z,3110000,False,-169.0,216.0,1,right,D. White 27' 3PT  (6 PTS) (J. Brown 5 AST),"[1628401, 1627759]",1610612738.0,BOS,,,,White,D. White,,,,,Above the Break 3,24+ Left Center,27.43,Made,6.0,J. Brown,1627759.0,5.0,,,,,,,,,,,,,,
321,PT11M15.00S,2023-11-11T01:54:07.0Z,3,REGULAR,3pt,Jump Shot,[],1628969,24.917871222076215,12.254901960784313,1610612751,69,57,2023-11-11T01:54:13Z,3130000,False,189.0,182.0,1,left,MISS M. Bridges 26' 3PT,[1628969],1610612751.0,BKN,,,,Bridges,M. Bridges,,,,,Above the Break 3,24+ Right Center,26.2,Missed,,,,,,,,,,,,,,,,,,
322,PT11M13.00S,2023-11-11T01:54:09.0Z,3,REGULAR,rebound,defensive,[],201950,,,1610612738,69,57,2023-11-11T01:54:13Z,3140000,False,,,0,,J. Holiday REBOUND (Off:1 Def:6),[201950],1610612738.0,BOS,,,,Holiday,J. Holiday,,,,,Above the Break 3,24+ Right Center,,,,,,,321.0,7.0,6.0,1.0,,,,,,,,,,
323,PT11M09.00S,2023-11-11T01:54:13.6Z,3,REGULAR,3pt,Jump Shot,['fastbreak'],1628401,71.69842312746385,79.90196078431373,1610612738,69,57,2023-11-11T01:54:23Z,3150000,False,150.0,214.0,1,right,MISS D. White 26' running pullup 3PT,[1628401],1610612738.0,BOS,running pullup,,,White,D. White,,,,,Above the Break 3,24+ Right Center,26.06,Missed,,,,,,,,,,,,,,,,,,
324,PT11M07.00S,2023-11-11T01:54:15.6Z,3,REGULAR,rebound,defensive,[],1628969,,,1610612751,69,57,2023-11-11T02:03:07Z,3160000,False,,,0,,M. Bridges REBOUND (Off:0 Def:2),[1628969],1610612751.0,BKN,,,,Bridges,M. Bridges,,,,,Above the Break 3,24+ Right Center,,,,,,,323.0,2.0,2.0,0.0,,,,,,,,,,
325,PT10M51.00S,2023-11-11T01:54:31.2Z,3,REGULAR,2pt,Jump Shot,[],1629661,21.632720105124836,25.98039215686275,1610612751,69,57,2023-11-11T01:55:40Z,3170000,False,120.0,151.0,1,left,MISS C. Johnson 19' pullup Shot,[1629661],1610612751.0,BKN,pullup,,,Johnson,C. Johnson,,,,,Mid-Range,16-24 Right Center,19.28,Missed,,,,,,,,,,,,,,,,,,
326,PT10M49.00S,2023-11-11T01:54:33.2Z,3,REGULAR,rebound,defensive,[],1628369,,,1610612738,69,57,2023-11-11T01:54:37Z,3180000,False,,,0,,J. Tatum REBOUND (Off:1 Def:7),[1628369],1610612738.0,BOS,,,,Tatum,J. Tatum,,,,,Mid-Range,16-24 Right Center,,,,,,,325.0,8.0,7.0,1.0,,,,,,,,,,
327,PT10M39.00S,2023-11-11T01:54:43.2Z,3,REGULAR,3pt,Jump Shot,[],1627759,82.86793692509855,94.85294117647058,1610612738,69,57,2023-11-11T01:54:51Z,3190000,False,224.0,109.0,1,right,MISS J. Brown 24' 3PT,[1627759],1610612738.0,BOS,,,,Brown,J. Brown,,,,,Above the Break 3,24+ Right Center,24.92,Missed,,,,,,,,,,,,,,,,,,
328,PT10M37.00S,2023-11-11T01:54:45.2Z,3,REGULAR,rebound,defensive,[],1629661,,,1610612751,69,57,2023-11-11T01:54:51Z,3200000,False,,,0,,C. Johnson REBOUND (Off:1 Def:2),[1629661],1610612751.0,BKN,,,,Johnson,C. Johnson,,,,,Above the Break 3,24+ Right Center,,,,,,,327.0,3.0,2.0,1.0,,,,,,,,,,
329,PT10M28.00S,2023-11-11T01:54:54.5Z,3,REGULAR,2pt,Jump Shot,[],1629661,15.062417871222076,13.23529411764706,1610612751,69,57,2023-11-11T01:54:59Z,3210000,False,184.0,89.0,1,left,MISS C. Johnson 20' step back Shot,[1629661],1610612751.0,BKN,step back,,,Johnson,C. Johnson,,,,,Mid-Range,16-24 Right,20.43,Missed,,,,,,,,,,,,,,,,,,
330,PT10M26.00S,2023-11-11T01:54:56.5Z,3,REGULAR,rebound,defensive,[],1627759,,,1610612738,69,57,2023-11-11T01:54:59Z,3220000,False,,,0,,J. Brown REBOUND (Off:0 Def:2),[1627759],1610612738.0,BOS,,,,Brown,J. Brown,,,,,Mid-Range,16-24 Right,,,,,,,329.0,2.0,2.0,0.0,,,,,,,,,,
331,PT10M20.00S,2023-11-11T01:55:02.2Z,3,REGULAR,2pt,Layup,['pointsinthepaint'],1627759,94.1688567674113,52.69607843137255,1610612738,71,57,2023-11-11T01:56:44Z,3230000,False,13.0,2.0,1,right,J. Brown driving Layup (23 PTS),[1627759],1610612738.0,BOS,driving,,,Brown,J. Brown,,,,,Restricted Area,0-8 Center,1.37,Made,23.0,,,,,,,,,,,,,,,,,
332,PT10M10.00S,2023-11-11T01:55:11.9Z,3,REGULAR,3pt,Jump Shot,[],1627827,14.536793692509855,96.81372549019608,1610612751,71,60,2023-11-11T01:55:16Z,3240000,False,-234.0,84.0,1,left,D. Finney-Smith 24' 3PT  (9 PTS) (S. Dinwiddie 4 AST),"[1627827, 203915]",1610612751.0,BKN,,,,Finney-Smith,D. Finney-Smith,,,,,Left Corner 3,24+ Left,24.87,Made,9.0,S. Dinwiddie,203915.0,4.0,,,,,,,,,,,,,,
334,PT09M56.00S,2023-11-11T01:55:25.8Z,3,REGULAR,3pt,Jump Shot,[],204001,66.96780551905388,63.970588235294116,1610612738,71,60,2023-11-11T01:55:31Z,3260000,False,70.0,258.0,1,right,MISS K. Porzingis 26' 3PT,[204001],1610612738.0,BOS,,,,Porzingis,K. Porzingis,,,,,Above the Break 3,24+ Center,26.73,Missed,,,,,,,,,,,,,,,,,,
335,PT09M54.00S,2023-11-11T01:55:27.8Z,3,REGULAR,rebound,defensive,[],1626220,,,1610612751,71,60,2023-11-11T01:55:31Z,3270000,False,,,0,,R. O'Neale REBOUND (Off:0 Def:2),[1626220],1610612751.0,BKN,,,,O'Neale,R. O'Neale,,,,,Above the Break 3,24+ Center,,,,,,,334.0,2.0,2.0,0.0,,,,,,,,,,
336,PT09M38.00S,2023-11-11T01:55:46.8Z,3,REGULAR,foul,offensive,[],203915,,,1610612751,71,60,2023-11-11T01:56:02Z,3280000,False,,,0,,S. Dinwiddie offensive FOUL (2 PF),"[203915, 204001]",1610612751.0,BKN,,,,Dinwiddie,S. Dinwiddie,,,,,In The Paint (Non-RA),8-16 Center,,,,,,,,,,,,,1151.0,2.0,0.0,Porzingis,204001.0,,,
338,PT09M38.00S,2023-11-11T01:55:46.8Z,3,REGULAR,turnover,offensive foul,[],203915,,,1610612751,71,60,2023-11-11T01:56:02Z,3300000,False,,,0,,S. Dinwiddie offensive foul TURNOVER (2 TO),[203915],1610612751.0,BKN,,,,Dinwiddie,S. Dinwiddie,,,,,In The Paint (Non-RA),8-16 Center,,,,,,,,,,,,,1151.0,,,,,2.0,,
339,PT09M28.00S,2023-11-11T01:56:12.3Z,3,REGULAR,2pt,Jump Shot,['fromturnover'],1628369,86.94152431011827,87.99019607843137,1610612738,71,60,2023-11-11T01:56:18Z,3310000,False,190.0,70.0,1,right,MISS J. Tatum 20' fadeaway Shot,[1628369],1610612738.0,BOS,fadeaway,,,Tatum,J. Tatum,,,,,Mid-Range,16-24 Right,20.26,Missed,,,,,,,,,,,,,,,,,,
340,PT09M26.00S,2023-11-11T01:56:14.3Z,3,REGULAR,rebound,defensive,[],1628969,,,1610612751,71,60,2023-11-11T01:56:18Z,3320000,False,,,0,,M. Bridges REBOUND (Off:0 Def:3),[1628969],1610612751.0,BKN,,,,Bridges,M. Bridges,,,,,Mid-Range,16-24 Right,,,,,,,339.0,3.0,3.0,0.0,,,,,,,,,,
341,PT09M10.00S,2023-11-11T01:56:29.6Z,3,REGULAR,foul,personal,['2freethrow'],201950,,,1610612751,71,60,2023-11-11T01:56:41Z,3330000,False,,,0,,J. Holiday shooting personal FOUL (2 PF) (Dinwiddie 2 FT),"[201950, 203915]",1610612738.0,BOS,shooting,,,Holiday,J. Holiday,,,,,In The Paint (Non-RA),0-8 Center,,,,,,,,,,,,,1626301.0,2.0,0.0,Dinwiddie,203915.0,,,
343,PT09M10.00S,2023-11-11T01:56:56.7Z,3,REGULAR,freethrow,1 of 2,[],203915,,,1610612751,71,60,2023-11-11T01:56:56Z,3350000,False,,,0,,MISS S. Dinwiddie Free Throw 1 of 2,[203915],1610612751.0,BKN,,,,Dinwiddie,S. Dinwiddie,,,,,,,,Missed,,,,,,,,,,,,,,,,,,
344,PT09M10.00S,2023-11-11T01:56:56.7Z,3,REGULAR,rebound,offensive,"['deadball', 'team']",0,,,1610612751,71,60,2023-11-11T01:56:56Z,3360000,False,,,0,,TEAM offensive REBOUND,[],1610612751.0,BKN,,,,,,,,,,,,,,,,,,343.0,,,,,,,,,,,,,
345,PT09M10.00S,2023-11-11T01:57:10.6Z,3,REGULAR,freethrow,2 of 2,[],203915,,,1610612751,71,61,2023-11-11T01:57:10Z,3370000,False,,,0,,S. Dinwiddie Free Throw 2 of 2 (12 PTS),[203915],1610612751.0,BKN,,,,Dinwiddie,S. Dinwiddie,,,,,,,,Made,12.0,,,,,,,,,,,,,,,,,
346,PT09M04.00S,2023-11-11T01:57:24.0Z,3,REGULAR,foul,personal,[],1627827,,,1610612738,71,61,2023-11-11T01:57:51Z,3380000,False,,,0,,D. Finney-Smith personal FOUL (1 PF),"[1627827, 204001]",1610612751.0,BKN,,,,Finney-Smith,D. Finney-Smith,,,,,Mid-Range,16-24 Right Center,,,,,,,,,,,,,1626301.0,1.0,0.0,Porzingis,204001.0,,,
348,PT09M00.00S,2023-11-11T01:57:45.1Z,3,REGULAR,turnover,traveling,[],1627759,,,1610612738,71,61,2023-11-11T01:57:54Z,3400000,False,,,0,,J. Brown traveling TURNOVER (1 TO),[1627759],1610612738.0,BOS,,,,Brown,J. Brown,,,,,Mid-Range,8-16 Right,,,,,,,,,,,,,2534.0,,,,,1.0,,
349,PT08M35.00S,2023-11-11T01:58:20.6Z,3,REGULAR,2pt,Layup,"['pointsinthepaint', 'fromturnover']",1629661,10.85742444152431,44.36274509803921,1610612751,71,61,2023-11-11T01:58:25Z,3410000,False,28.0,50.0,1,left,MISS C. Johnson driving Layup,[1629661],1610612751.0,BKN,driving,,,Johnson,C. Johnson,,,,,In The Paint (Non-RA),0-8 Center,5.71,Missed,,,,,,,,,,,,,,,,,,
350,PT08M33.00S,2023-11-11T01:58:22.6Z,3,REGULAR,rebound,defensive,[],1628369,,,1610612738,71,61,2023-11-11T01:58:41Z,3420000,False,,,0,,J. Tatum REBOUND (Off:1 Def:8),[1628369],1610612738.0,BOS,,,,Tatum,J. Tatum,,,,,In The Paint (Non-RA),0-8 Center,,,,,,,349.0,9.0,8.0,1.0,,,,,,,,,,
351,PT08M27.00S,2023-11-11T01:58:28.8Z,3,REGULAR,2pt,Jump Shot,['pointsinthepaint'],1628401,82.86793692509855,49.754901960784316,1610612738,73,61,2023-11-11T01:59:03Z,3430000,False,-1.0,109.0,1,right,D. White 10' pullup Jump Shot (8 PTS) (J. Holiday 5 AST),"[1628401, 201950]",1610612738.0,BOS,pullup,,,White,D. White,,,,,In The Paint (Non-RA),8-16 Center,10.85,Made,8.0,J. Holiday,201950.0,5.0,,,,,,,,,,,,,,
353,PT08M01.00S,2023-11-11T01:58:57.4Z,3,REGULAR,turnover,shot clock,['team'],0,,,1610612751,73,61,2023-11-11T01:59:11Z,3450000,False,,,0,,BKN shot clock Team TURNOVER,[],1610612751.0,BKN,,,,,,,,,,In The Paint (Non-RA),8-16 Left,,,,,,,,,,,,,,,,,,,,
354,PT07M47.00S,2023-11-11T01:59:24.4Z,3,REGULAR,foul,personal,['2freethrow'],1629661,,,1610612738,73,61,2023-11-11T01:59:33Z,3460000,False,,,0,,C. Johnson shooting personal FOUL (2 PF) (Porzingis 2 FT),"[1629661, 204001]",1610612751.0,BKN,shooting,,,Johnson,C. Johnson,,,,,In The Paint (Non-RA),8-16 Center,,,,,,,,,,,,,1151.0,2.0,0.0,Porzingis,204001.0,,,
356,PT07M47.00S,2023-11-11T02:00:04.2Z,3,REGULAR,freethrow,1 of 2,['fromturnover'],204001,,,1610612738,74,61,2023-11-11T02:00:04Z,3480000,False,,,0,,K. Porzingis Free Throw 1 of 2 (8 PTS),[204001],1610612738.0,BOS,,,,Porzingis,K. Porzingis,,,,,,,,Made,8.0,,,,,,,,,,,,,,,,,
357,PT07M47.00S,2023-11-11T02:00:05.0Z,3,REGULAR,substitution,out,[],1627827,,,1610612738,74,61,2023-11-11T02:00:10Z,3490000,False,,,0,,SUB out: D. Finney-Smith,[1627827],1610612751.0,BKN,,,,Finney-Smith,D. Finney-Smith,,,,,,,,,,,,,,,,,,,,,,,,,,
358,PT07M47.00S,2023-11-11T02:00:05.0Z,3,REGULAR,substitution,in,[],1630570,,,1610612738,74,61,2023-11-11T02:00:10Z,3500000,False,,,0,,SUB in: T. Watford,[1630570],1610612751.0,BKN,,,,Watford,T. Watford,,,,,,,,,,,,,,,,,,,,,,,,,,
359,PT07M47.00S,2023-11-11T02:00:24.7Z,3,REGULAR,freethrow,2 of 2,['fromturnover'],204001,,,1610612738,75,61,2023-11-11T02:00:24Z,3510000,False,,,0,,K. Porzingis Free Throw 2 of 2 (9 PTS),[204001],1610612738.0,BOS,,,,Porzingis,K. Porzingis,,,,,,,,Made,9.0,,,,,,,,,,,,,,,,,
360,PT07M43.00S,2023-11-11T02:00:34.9Z,3,REGULAR,foul,personal,[],1628401,,,1610612751,75,61,2023-11-11T02:00:43Z,3520000,False,,,0,,D. White personal FOUL (2 PF),"[1628401, 1628969]",1610612738.0,BOS,,,,White,D. White,,,,,Mid-Range,16-24 Right Center,,,,,,,,,,,,,2534.0,2.0,0.0,Bridges,1628969.0,,,
362,PT07M34.00S,2023-11-11T02:00:59.1Z,3,REGULAR,3pt,Jump Shot,[],203915,25.443495400788436,87.5,1610612751,75,61,2023-11-11T02:01:13Z,3540000,False,-188.0,187.0,1,left,MISS S. Dinwiddie 26' 3PT,[203915],1610612751.0,BKN,,,,Dinwiddie,S. Dinwiddie,,,,,Above the Break 3,24+ Left Center,26.46,Missed,,,,,,,,,,,,,,,,,,
363,PT07M30.00S,2023-11-11T02:01:03.1Z,3,REGULAR,rebound,offensive,[],1630570,,,1610612751,75,61,2023-11-11T02:01:36Z,3550000,False,,,0,,T. Watford REBOUND (Off:1 Def:2),[1630570],1610612751.0,BKN,,,,Watford,T. Watford,,,,,Above the Break 3,24+ Left Center,,,,,,,362.0,3.0,2.0,1.0,,,,,,,,,,
365,PT07M22.00S,2023-11-11T02:01:27.9Z,3,REGULAR,3pt,Jump Shot,['2ndchance'],1626220,34.37910643889619,26.96078431372549,1610612751,75,61,2023-11-11T02:01:45Z,3570000,False,115.0,271.0,1,left,MISS R. O'Neale 29' 3PT,[1626220],1610612751.0,BKN,,,,O'Neale,R. O'Neale,,,,,Above the Break 3,24+ Right Center,29.42,Missed,,,,,,,,,,,,,,,,,,
366,PT07M19.00S,2023-11-11T02:01:30.9Z,3,REGULAR,rebound,defensive,[],204001,,,1610612738,75,61,2023-11-11T02:01:45Z,3580000,False,,,0,,K. Porzingis REBOUND (Off:0 Def:2),[204001],1610612738.0,BOS,,,,Porzingis,K. Porzingis,,,,,Above the Break 3,24+ Right Center,,,,,,,365.0,2.0,2.0,0.0,,,,,,,,,,
367,PT07M09.00S,2023-11-11T02:01:39.8Z,3,REGULAR,2pt,Layup,['pointsinthepaint'],1628401,92.72339027595268,46.568627450980394,1610612738,77,61,2023-11-11T02:04:18Z,3590000,False,-17.0,16.0,1,right,D. White driving Layup (10 PTS),[1628401],1610612738.0,BOS,driving,,,White,D. White,,,,,Restricted Area,0-8 Center,2.34,Made,10.0,,,,,,,,,,,,,,,,,
368,PT06M51.00S,2023-11-11T02:01:57.8Z,3,REGULAR,2pt,Jump Shot,[],1628969,23.47240473061761,71.56862745098039,1610612751,77,61,2023-11-11T02:02:07Z,3600000,False,-108.0,168.0,1,left,MISS M. Bridges 19' pullup Shot,[1628969],1610612751.0,BKN,pullup,,,Bridges,M. Bridges,,,,,Mid-Range,16-24 Left Center,19.97,Missed,,,,,,,,,,,,,,,,,,
369,PT06M47.00S,2023-11-11T02:02:01.8Z,3,REGULAR,rebound,defensive,[],1628369,,,1610612738,77,61,2023-11-11T02:02:07Z,3610000,False,,,0,,J. Tatum REBOUND (Off:1 Def:9),[1628369],1610612738.0,BOS,,,,Tatum,J. Tatum,,,,,Mid-Range,16-24 Left Center,,,,,,,368.0,10.0,9.0,1.0,,,,,,,,,,
370,PT06M40.00S,2023-11-11T02:02:09.0Z,3,REGULAR,3pt,Jump Shot,[],1628369,66.04796320630749,30.14705882352941,1610612738,77,61,2023-11-11T02:05:20Z,3620000,False,-99.0,267.0,1,right,MISS J. Tatum 28' step back 3PT,[1628369],1610612738.0,BOS,step back,,,Tatum,J. Tatum,,,,,Above the Break 3,24+ Left Center,28.45,Missed,,,,,,,,,,,,,,,,,,
371,PT06M38.00S,2023-11-11T02:02:11.0Z,3,REGULAR,rebound,defensive,[],1626220,,,1610612751,77,61,2023-11-11T02:02:15Z,3630000,False,,,0,,R. O'Neale REBOUND (Off:0 Def:3),[1626220],1610612751.0,BKN,,,,O'Neale,R. O'Neale,,,,,Above the Break 3,24+ Left Center,,,,,,,370.0,3.0,3.0,0.0,,,,,,,,,,
372,PT06M34.00S,2023-11-11T02:02:15.2Z,3,REGULAR,2pt,DUNK,"['fastbreak', 'pointsinthepaint']",1630570,8.09789750328515,47.794117647058826,1610612751,77,63,2023-11-11T02:05:59Z,3640000,False,11.0,24.0,1,left,T. Watford running DUNK (8 PTS) (R. O'Neale 3 AST),"[1630570, 1626220]",1610612751.0,BKN,running,,,Watford,T. Watford,,,,,Restricted Area,0-8 Center,2.6,Made,8.0,R. O'Neale,1626220.0,3.0,,,,,,,,,,,,,,
374,PT06M34.00S,2023-11-11T02:02:20.2Z,3,REGULAR,timeout,full,"['team', 'mandatory']",0,,,1610612738,77,63,2023-11-11T02:02:20Z,3660000,False,,,0,,BOS Timeout,[],1610612738.0,BOS,,,,,,,,,,,,,,,,,,,,,,,,,,,,,,,
375,PT06M34.00S,2023-11-11T02:04:59.8Z,3,REGULAR,substitution,out,[],1628369,,,1610612738,77,63,2023-11-11T02:05:17Z,3670000,False,,,0,,SUB out: J. Tatum,[1628369],1610612738.0,BOS,,,,Tatum,J. Tatum,,,,,,,,,,,,,,,,,,,,,,,,,,
376,PT06M34.00S,2023-11-11T02:04:59.8Z,3,REGULAR,substitution,out,[],1628969,,,1610612738,77,63,2023-11-11T02:05:17Z,3680000,False,,,0,,SUB out: M. Bridges,[1628969],1610612751.0,BKN,,,,Bridges,M. Bridges,,,,,,,,,,,,,,,,,,,,,,,,,,
377,PT06M34.00S,2023-11-11T02:04:59.8Z,3,REGULAR,substitution,out,[],203915,,,1610612738,77,63,2023-11-11T02:05:17Z,3690000,False,,,0,,SUB out: S. Dinwiddie,[203915],1610612751.0,BKN,,,,Dinwiddie,S. Dinwiddie,,,,,,,,,,,,,,,,,,,,,,,,,,
378,PT06M34.00S,2023-11-11T02:04:59.8Z,3,REGULAR,substitution,in,[],1630573,,,1610612738,77,63,2023-11-11T02:05:17Z,3700000,False,,,0,,SUB in: S. Hauser,[1630573],1610612738.0,BOS,,,,Hauser,S. Hauser,,,,,,,,,,,,,,,,,,,,,,,,,,
379,PT06M34.00S,2023-11-11T02:04:59.8Z,3,REGULAR,substitution,in,[],1628372,,,1610612738,77,63,2023-11-11T02:05:17Z,3710000,False,,,0,,SUB in: D. Smith Jr.,[1628372],1610612751.0,BKN,,,,Smith Jr.,D. Smith Jr.,,,,,,,,,,,,,,,,,,,,,,,,,,
380,PT06M34.00S,2023-11-11T02:04:59.8Z,3,REGULAR,substitution,in,[],1629022,,,1610612738,77,63,2023-11-11T02:05:17Z,3720000,False,,,0,,SUB in: L. Walker IV,[1629022],1610612751.0,BKN,,,,Walker IV,L. Walker IV,,,,,,,,,,,,,,,,,,,,,,,,,,
381,PT06M20.00S,2023-11-11T02:05:53.0Z,3,REGULAR,2pt,Jump Shot,[],201950,82.07950065703022,80.3921568627451,1610612738,79,63,2023-11-11T02:06:36Z,3730000,False,152.0,116.0,1,right,J. Holiday 19' pullup Jump Shot (13 PTS) (D. White 4 AST),"[201950, 1628401]",1610612738.0,BOS,pullup,,,Holiday,J. Holiday,,,,,Mid-Range,16-24 Right Center,19.12,Made,13.0,D. White,1628401.0,4.0,,,,,,,,,,,,,,
382,PT06M06.00S,2023-11-11T02:06:06.6Z,3,REGULAR,2pt,Layup,['pointsinthepaint'],1630570,8.015768725361367,43.62362132352941,1610612751,79,63,2023-11-11T02:06:15Z,3740000,False,32.0,23.0,1,left,MISS T. Watford driving Layup - blocked,"[1630570, 204001]",1610612751.0,BKN,driving,,,Watford,T. Watford,,,,,Restricted Area,0-8 Center,3.92,Missed,,,,,,,,,Porzingis,204001.0,,,,,,,,
383,PT06M06.00S,2023-11-11T02:06:06.6Z,3,REGULAR,block,,[],204001,,,1610612751,79,63,2023-11-11T02:06:09Z,3750000,False,,,0,,K. Porzingis BLOCK (1 BLK),[204001],1610612738.0,BOS,,,,Porzingis,K. Porzingis,,,,,Restricted Area,0-8 Center,,,,,,,,,,,,,,,,,,,,
384,PT06M04.00S,2023-11-11T02:06:08.6Z,3,REGULAR,rebound,defensive,[],201950,,,1610612738,79,63,2023-11-11T02:06:15Z,3760000,False,,,0,,J. Holiday REBOUND (Off:1 Def:7),[201950],1610612738.0,BOS,,,,Holiday,J. Holiday,,,,,Restricted Area,0-8 Center,,,,,,,382.0,8.0,7.0,1.0,,,,,,,,,,
385,PT05M53.00S,2023-11-11T02:06:20.1Z,3,REGULAR,3pt,Jump Shot,[],1627759,74.58935611038108,10.53921568627451,1610612738,79,63,2023-11-11T02:06:28Z,3770000,False,-197.0,186.0,1,right,MISS J. Brown 27' 3PT,[1627759],1610612738.0,BOS,,,,Brown,J. Brown,,,,,Above the Break 3,24+ Left Center,27.14,Missed,,,,,,,,,,,,,,,,,,
386,PT05M51.00S,2023-11-11T02:06:22.1Z,3,REGULAR,rebound,defensive,['team'],0,,,1610612751,79,63,2023-11-11T02:06:28Z,3780000,False,,,0,,TEAM defensive REBOUND,[],1610612751.0,BKN,,,,,,,,,,Above the Break 3,24+ Left Center,,,,,,,385.0,,,,,,,,,,,,,
388,PT05M34.00S,2023-11-11T02:06:48.4Z,3,REGULAR,2pt,Layup,['pointsinthepaint'],1629022,10.11826544021025,51.98376225490197,1610612751,79,63,2023-11-11T02:06:54Z,3800000,False,-10.0,43.0,1,left,MISS L. Walker IV driving Layup,[1629022],1610612751.0,BKN,driving,,,Walker IV,L. Walker IV,,,,,In The Paint (Non-RA),0-8 Center,4.37,Missed,,,,,,,,,,,,,,,,,,
389,PT05M33.00S,2023-11-11T02:06:49.4Z,3,REGULAR,rebound,defensive,[],1627759,,,1610612738,79,63,2023-11-11T02:06:54Z,3810000,False,,,0,,J. Brown REBOUND (Off:0 Def:3),[1627759],1610612738.0,BOS,,,,Brown,J. Brown,,,,,In The Paint (Non-RA),0-8 Center,,,,,,,388.0,3.0,3.0,0.0,,,,,,,,,,
390,PT05M28.00S,2023-11-11T02:06:54.9Z,3,REGULAR,2pt,Layup,"['pointsinthepaint', 'fastbreak']",201950,93.38042049934296,46.81372549019608,1610612738,79,63,2023-11-11T02:07:08Z,3820000,False,-16.0,10.0,1,right,MISS J. Holiday running reverse Layup - blocked,"[201950, 1630570]",1610612738.0,BOS,running reverse,,,Holiday,J. Holiday,,,,,Restricted Area,0-8 Center,1.86,Missed,,,,,,,,,Watford,1630570.0,,,,,,,,
391,PT05M28.00S,2023-11-11T02:06:54.9Z,3,REGULAR,block,,[],1630570,,,1610612738,79,63,2023-11-11T02:08:56Z,3830000,False,,,0,,T. Watford BLOCK (1 BLK),[1630570],1610612751.0,BKN,,,,Watford,T. Watford,,,,,Restricted Area,0-8 Center,,,,,,,,,,,,,,,,,,,,
392,PT05M25.00S,2023-11-11T02:06:57.9Z,3,REGULAR,rebound,offensive,[],201950,,,1610612738,79,63,2023-11-11T02:07:08Z,3840000,False,,,0,,J. Holiday REBOUND (Off:2 Def:7),[201950],1610612738.0,BOS,,,,Holiday,J. Holiday,,,,,Restricted Area,0-8 Center,,,,,,,390.0,9.0,7.0,2.0,,,,,,,,,,
393,PT05M23.00S,2023-11-11T02:06:59.9Z,3,REGULAR,3pt,Jump Shot,['2ndchance'],201950,69.20170827858082,72.05882352941177,1610612738,79,63,2023-11-11T02:09:41Z,3850000,False,110.0,237.0,1,right,MISS J. Holiday 26' pullup 3PT,[201950],1610612738.0,BOS,pullup,,,Holiday,J. Holiday,,,,,Above the Break 3,24+ Right Center,26.14,Missed,,,,,,,,,,,,,,,,,,
394,PT05M21.00S,2023-11-11T02:07:01.9Z,3,REGULAR,rebound,defensive,[],1630570,,,1610612751,79,63,2023-11-11T02:07:13Z,3860000,False,,,0,,T. Watford REBOUND (Off:1 Def:3),[1630570],1610612751.0,BKN,,,,Watford,T. Watford,,,,,Above the Break 3,24+ Right Center,,,,,,,393.0,4.0,3.0,1.0,,,,,,,,,,
395,PT05M11.00S,2023-11-11T02:07:11.1Z,3,REGULAR,2pt,Jump Shot,[],1630570,10.988830486202366,27.696078431372552,1610612751,79,63,2023-11-11T02:09:57Z,3870000,False,112.0,51.0,1,left,MISS T. Watford 12' driving floating Shot,[1630570],1610612751.0,BKN,driving floating,,,Watford,T. Watford,,,,,Mid-Range,8-16 Right,12.25,Missed,,,,,,,,,,,,,,,,,,
396,PT05M11.00S,2023-11-11T02:07:11.1Z,3,REGULAR,rebound,defensive,[],1628401,,,1610612738,79,63,2023-11-11T02:07:19Z,3880000,False,,,0,,D. White REBOUND (Off:0 Def:4),[1628401],1610612738.0,BOS,,,,White,D. White,,,,,Mid-Range,8-16 Right,,,,,,,395.0,4.0,4.0,0.0,,,,,,,,,,
397,PT05M07.00S,2023-11-11T02:07:17.0Z,3,REGULAR,2pt,Layup,"['fastbreak', 'pointsinthepaint']",1627759,92.32917214191852,59.31372549019608,1610612738,79,63,2023-11-11T02:07:25Z,3890000,False,47.0,20.0,1,right,MISS J. Brown running Layup - blocked,"[1627759, 1629022]",1610612738.0,BOS,running,,,Brown,J. Brown,,,,,In The Paint (Non-RA),0-8 Center,5.06,Missed,,,,,,,,,Walker IV,1629022.0,,,,,,,,
398,PT05M07.00S,2023-11-11T02:07:17.0Z,3,REGULAR,block,,[],1629022,,,1610612738,79,63,2023-11-11T02:07:19Z,3900000,False,,,0,,L. Walker IV BLOCK (1 BLK),[1629022],1610612751.0,BKN,,,,Walker IV,L. Walker IV,,,,,In The Paint (Non-RA),0-8 Center,,,,,,,,,,,,,,,,,,,,
399,PT05M06.00S,2023-11-11T02:07:18.0Z,3,REGULAR,rebound,defensive,[],1628372,,,1610612751,79,63,2023-11-11T02:07:25Z,3910000,False,,,0,,D. Smith Jr. REBOUND (Off:0 Def:3),[1628372],1610612751.0,BKN,,,,Smith Jr.,D. Smith Jr.,,,,,In The Paint (Non-RA),0-8 Center,,,,,,,397.0,3.0,3.0,0.0,,,,,,,,,,
400,PT04M59.00S,2023-11-11T02:07:24.4Z,3,REGULAR,turnover,lost ball,[],1629661,,,1610612751,79,63,2023-11-11T02:07:49Z,3920000,False,,,0,,C. Johnson lost ball TURNOVER (1 TO),"[1629661, 201950]",1610612751.0,BKN,,,,Johnson,C. Johnson,,,,,In The Paint (Non-RA),8-16 Center,,,,,,,,,,,,,,,,,,1.0,Holiday,201950.0
401,PT04M59.00S,2023-11-11T02:07:24.4Z,3,REGULAR,steal,,[],201950,,,1610612738,79,63,2023-11-11T02:10:19Z,3930000,False,,,0,,J. Holiday STEAL (2 STL),[201950],1610612738.0,BOS,,,,Holiday,J. Holiday,,,,,In The Paint (Non-RA),8-16 Center,,,,,,,,,,,,,,,,,,,,
402,PT04M47.00S,2023-11-11T02:07:36.7Z,3,REGULAR,2pt,Jump Shot,['fromturnover'],1627759,79.45137976346912,64.95098039215686,1610612738,81,63,2023-11-11T02:07:45Z,3940000,False,75.0,141.0,1,right,J. Brown 15' fadeaway Jump Shot (25 PTS),[1627759],1610612738.0,BOS,fadeaway,,,Brown,J. Brown,,,,,Mid-Range,8-16 Center,15.93,Made,25.0,,,,,,,,,,,,,,,,,
403,PT04M45.00S,2023-11-11T02:07:51.8Z,3,REGULAR,timeout,full,"['team', 'mandatory']",0,,,1610612751,81,63,2023-11-11T02:07:51Z,3950000,False,,,0,,BKN Timeout,[],1610612751.0,BKN,,,,,,,,,,,,,,,,,,,,,,,,,,,,,,,
404,PT04M45.00S,2023-11-11T02:10:26.6Z,3,REGULAR,substitution,out,[],1629661,,,1610612751,81,63,2023-11-11T02:10:40Z,3960000,False,,,0,,SUB out: C. Johnson,[1629661],1610612751.0,BKN,,,,Johnson,C. Johnson,,,,,,,,,,,,,,,,,,,,,,,,,,
405,PT04M45.00S,2023-11-11T02:10:26.6Z,3,REGULAR,substitution,in,[],1628969,,,1610612751,81,63,2023-11-11T02:10:40Z,3970000,False,,,0,,SUB in: M. Bridges,[1628969],1610612751.0,BKN,,,,Bridges,M. Bridges,,,,,,,,,,,,,,,,,,,,,,,,,,
406,PT04M32.00S,2023-11-11T02:11:18.6Z,3,REGULAR,2pt,Layup,['pointsinthepaint'],1628372,11.514454664914586,58.82352941176471,1610612751,81,65,2023-11-11T02:11:28Z,3980000,False,-44.0,56.0,1,left,D. Smith Jr. 7' driving Layup (4 PTS) (L. Walker IV 3 AST),"[1628372, 1629022]",1610612751.0,BKN,driving,,,Smith Jr.,D. Smith Jr.,,,,,In The Paint (Non-RA),0-8 Center,7.1,Made,4.0,L. Walker IV,1629022.0,3.0,,,,,,,,,,,,,,
408,PT04M31.00S,2023-11-11T02:11:26.5Z,3,REGULAR,foul,technical,['1freethrow'],204001,,,1610612738,81,65,2023-11-11T02:12:00Z,4000000,False,,,0,,K. Porzingis technical FOUL (1 Tech),[204001],1610612738.0,BOS,,,,Porzingis,K. Porzingis,,,,,,,,,,,,,,,,,,,2534.0,2.0,1.0,,,,,
409,PT04M31.00S,2023-11-11T02:11:41.7Z,3,REGULAR,freethrow,1 of 1,[],1628969,,,1610612738,81,66,2023-11-11T02:11:41Z,4010000,False,,,0,,M. Bridges technical Free Throw 1 of 1 (10 PTS),[1628969],1610612751.0,BKN,technical,,,Bridges,M. Bridges,,,,,,,,Made,10.0,,,,,,,,,,,,,,,,,
410,PT04M31.00S,2023-11-11T02:11:42.9Z,3,REGULAR,substitution,out,[],204001,,,1610612738,81,66,2023-11-11T02:11:46Z,4020000,False,,,0,,SUB out: K. Porzingis,[204001],1610612738.0,BOS,,,,Porzingis,K. Porzingis,,,,,,,,,,,,,,,,,,,,,,,,,,
411,PT04M31.00S,2023-11-11T02:11:42.9Z,3,REGULAR,substitution,in,[],1628436,,,1610612738,81,66,2023-11-11T02:11:46Z,4030000,False,,,0,,SUB in: L. Kornet,[1628436],1610612738.0,BOS,,,,Kornet,L. Kornet,,,,,,,,,,,,,,,,,,,,,,,,,,
412,PT04M21.00S,2023-11-11T02:12:05.8Z,3,REGULAR,2pt,DUNK,['pointsinthepaint'],1628436,93.64323258869908,50.0,1610612738,83,66,2023-11-11T02:12:10Z,4040000,False,0.0,7.0,1,right,L. Kornet alley-oop DUNK (4 PTS) (D. White 5 AST),"[1628436, 1628401]",1610612738.0,BOS,alley-oop,,,Kornet,L. Kornet,,,,,Restricted Area,0-8 Center,0.73,Made,4.0,D. White,1628401.0,5.0,,,,,,,,,,,,,,
414,PT04M05.00S,2023-11-11T02:12:23.0Z,3,REGULAR,2pt,Layup,['pointsinthepaint'],1629022,12.040078843626807,50.98039215686274,1610612751,83,68,2023-11-11T02:12:30Z,4060000,False,-5.0,61.0,1,left,L. Walker IV 6' driving Layup (15 PTS),[1629022],1610612751.0,BKN,driving,,,Walker IV,L. Walker IV,,,,,In The Paint (Non-RA),0-8 Center,6.09,Made,15.0,,,,,,,,,,,,,,,,,
415,PT04M05.00S,2023-11-11T02:12:27.7Z,3,REGULAR,foul,personal,['1freethrow'],1628436,,,1610612751,83,68,2023-11-11T02:12:36Z,4070000,False,,,0,,L. Kornet shooting personal FOUL (1 PF) (Walker IV 1 FT),"[1628436, 1629022]",1610612738.0,BOS,shooting,,,Kornet,L. Kornet,,,,,In The Paint (Non-RA),0-8 Center,,,,,,,,,,,,,2534.0,1.0,0.0,Walker IV,1629022.0,,,
417,PT04M05.00S,2023-11-11T02:12:53.0Z,3,REGULAR,freethrow,1 of 1,[],1629022,,,1610612751,83,69,2023-11-11T02:12:53Z,4090000,False,,,0,,L. Walker IV Free Throw 1 of 1 (16 PTS),[1629022],1610612751.0,BKN,,,,Walker IV,L. Walker IV,,,,,,,,Made,16.0,,,,,,,,,,,,,,,,,
418,PT03M53.00S,2023-11-11T02:13:06.7Z,3,REGULAR,3pt,Jump Shot,[],1627759,76.69185282522996,89.95098039215686,1610612738,86,69,2023-11-11T02:13:11Z,4100000,False,200.0,167.0,1,right,J. Brown 26' 3PT  (28 PTS) (J. Holiday 6 AST),"[1627759, 201950]",1610612738.0,BOS,,,,Brown,J. Brown,,,,,Above the Break 3,24+ Right Center,26.01,Made,28.0,J. Holiday,201950.0,6.0,,,,,,,,,,,,,,
420,PT03M40.00S,2023-11-11T02:13:19.2Z,3,REGULAR,2pt,Layup,['pointsinthepaint'],1628372,9.017739816031538,45.34313725490196,1610612751,86,71,2023-11-11T02:13:46Z,4120000,False,23.0,32.0,1,left,D. Smith Jr. driving Layup (6 PTS),[1628372],1610612751.0,BKN,driving,,,Smith Jr.,D. Smith Jr.,,,,,Restricted Area,0-8 Center,3.98,Made,6.0,,,,,,,,,,,,,,,,,
421,PT03M31.00S,2023-11-11T02:13:27.3Z,3,REGULAR,3pt,Jump Shot,[],1627759,68.15045992115637,71.07843137254902,1610612738,86,71,2023-11-11T02:13:39Z,4130000,False,105.0,247.0,1,right,MISS J. Brown 26' 3PT,[1627759],1610612738.0,BOS,,,,Brown,J. Brown,,,,,Above the Break 3,24+ Right Center,26.85,Missed,,,,,,,,,,,,,,,,,,
422,PT03M31.00S,2023-11-11T02:13:27.3Z,3,REGULAR,rebound,defensive,[],1629022,,,1610612751,86,71,2023-11-11T02:13:39Z,4140000,False,,,0,,L. Walker IV REBOUND (Off:0 Def:6),[1629022],1610612751.0,BKN,,,,Walker IV,L. Walker IV,,,,,Above the Break 3,24+ Right Center,,,,,,,421.0,6.0,6.0,0.0,,,,,,,,,,
424,PT03M15.00S,2023-11-11T02:13:43.6Z,3,REGULAR,2pt,Jump Shot,['pointsinthepaint'],1630570,15.719448094612352,46.568627450980394,1610612751,86,73,2023-11-11T02:14:33Z,4150000,False,17.0,95.0,1,left,T. Watford 9' driving floating Jump Shot (10 PTS) (R. O'Neale 4 AST),"[1630570, 1626220]",1610612751.0,BKN,driving floating,,,Watford,T. Watford,,,,,In The Paint (Non-RA),8-16 Center,9.68,Made,10.0,R. O'Neale,1626220.0,4.0,,,,,,,,,,,,,,
425,PT02M58.00S,2023-11-11T02:14:00.5Z,3,REGULAR,3pt,Jump Shot,[],1630573,66.44218134034165,30.88235294117647,1610612738,86,73,2023-11-11T02:14:07Z,4160000,False,-96.0,263.0,1,right,MISS S. Hauser 27' 3PT,[1630573],1610612738.0,BOS,,,,Hauser,S. Hauser,,,,,Above the Break 3,24+ Left Center,27.97,Missed,,,,,,,,,,,,,,,,,,
426,PT02M57.00S,2023-11-11T02:14:01.5Z,3,REGULAR,rebound,defensive,[],1628969,,,1610612751,86,73,2023-11-11T02:14:07Z,4170000,False,,,0,,M. Bridges REBOUND (Off:0 Def:4),[1628969],1610612751.0,BKN,,,,Bridges,M. Bridges,,,,,Above the Break 3,24+ Left Center,,,,,,,425.0,4.0,4.0,0.0,,,,,,,,,,
429,PT02M47.00S,2023-11-11T02:14:20.9Z,3,REGULAR,substitution,out,[],201950,,,1610612751,86,73,2023-11-11T02:14:25Z,4190000,False,,,0,,SUB out: J. Holiday,[201950],1610612738.0,BOS,,,,Holiday,J. Holiday,,,,,,,,,,,,,,,,,,,,,,,,,,
430,PT02M47.00S,2023-11-11T02:14:20.9Z,3,REGULAR,substitution,in,[],1630202,,,1610612751,86,73,2023-11-11T02:14:25Z,4200000,False,,,0,,SUB in: P. Pritchard,[1630202],1610612738.0,BOS,,,,Pritchard,P. Pritchard,,,,,,,,,,,,,,,,,,,,,,,,,,
431,PT02M47.00S,2023-11-11T02:14:42.7Z,3,REGULAR,timeout,full,['team'],0,,,1610612751,86,73,2023-11-11T02:14:42Z,4210000,False,,,0,,BOS Timeout,[],1610612738.0,BOS,,,,,,,,,,,,,,,,,,,,,,,,,,,,,,,
435,PT02M40.00S,2023-11-11T02:17:01.6Z,3,REGULAR,2pt,Layup,['pointsinthepaint'],1628969,8.623521681997373,60.29411764705882,1610612751,86,75,2023-11-11T02:17:22Z,4250000,False,-51.0,29.0,1,left,M. Bridges driving Layup (12 PTS) (T. Watford 1 AST),"[1628969, 1630570]",1610612751.0,BKN,driving,,,Bridges,M. Bridges,,,,,In The Paint (Non-RA),0-8 Center,5.89,Made,12.0,T. Watford,1630570.0,1.0,,,,,,,,,,,,,,
437,PT02M17.00S,2023-11-11T02:17:29.6Z,3,REGULAR,turnover,out-of-bounds,[],1627759,,,1610612738,86,75,2023-11-11T02:18:03Z,4270000,False,,,0,,J. Brown lost ball out-of-bounds TURNOVER (2 TO),[1627759],1610612738.0,BOS,lost ball,,,Brown,J. Brown,,,,,Mid-Range,8-16 Right,,,,,,,,,,,,,,,,,,2.0,,
438,PT02M03.00S,2023-11-11T02:17:50.8Z,3,REGULAR,2pt,Jump Shot,['fromturnover'],1629022,21.107095926412615,27.696078431372552,1610612751,86,77,2023-11-11T02:18:06Z,4280000,False,112.0,146.0,1,left,L. Walker IV 18' pullup Jump Shot (18 PTS),[1629022],1610612751.0,BKN,pullup,,,Walker IV,L. Walker IV,,,,,Mid-Range,16-24 Right Center,18.36,Made,18.0,,,,,,,,,,,,,,,,,
439,PT01M47.00S,2023-11-11T02:18:06.3Z,3,REGULAR,2pt,Layup,['pointsinthepaint'],1628401,88.64980289093299,41.17647058823529,1610612738,86,77,2023-11-11T02:18:23Z,4290000,False,-44.0,54.0,1,right,MISS D. White 6' driving Layup,[1628401],1610612738.0,BOS,driving,,,White,D. White,,,,,In The Paint (Non-RA),0-8 Center,6.99,Missed,,,,,,,,,,,,,,,,,,
440,PT01M46.00S,2023-11-11T02:18:07.3Z,3,REGULAR,rebound,offensive,[],1628436,,,1610612738,86,77,2023-11-11T02:18:23Z,4300000,False,,,0,,L. Kornet REBOUND (Off:2 Def:0),[1628436],1610612738.0,BOS,,,,Kornet,L. Kornet,,,,,In The Paint (Non-RA),0-8 Center,,,,,,,439.0,2.0,0.0,2.0,,,,,,,,,,
441,PT01M45.00S,2023-11-11T02:18:09.1Z,3,REGULAR,2pt,Layup,"['pointsinthepaint', '2ndchance']",1628436,93.77463863337714,48.529411764705884,1610612738,88,77,2023-11-11T02:18:27Z,4310000,False,-7.0,6.0,1,right,L. Kornet putback Layup (6 PTS),[1628436],1610612738.0,BOS,putback,,,Kornet,L. Kornet,,,,,Restricted Area,0-8 Center,0.95,Made,6.0,,,,,,,,,,,,,,,,,
442,PT01M45.00S,2023-11-11T02:18:11.9Z,3,REGULAR,foul,personal,['1freethrow'],1630570,,,1610612738,88,77,2023-11-11T02:18:20Z,4320000,False,,,0,,T. Watford shooting personal FOUL (2 PF) (Kornet 1 FT),"[1630570, 1628436]",1610612751.0,BKN,shooting,,,Watford,T. Watford,,,,,Restricted Area,0-8 Center,,,,,,,,,,,,,1626301.0,2.0,0.0,Kornet,1628436.0,,,
444,PT01M45.00S,2023-11-11T02:18:29.9Z,3,REGULAR,substitution,out,[],1626220,,,1610612738,88,77,2023-11-11T02:18:34Z,4340000,False,,,0,,SUB out: R. O'Neale,[1626220],1610612751.0,BKN,,,,O'Neale,R. O'Neale,,,,,,,,,,,,,,,,,,,,,,,,,,
445,PT01M45.00S,2023-11-11T02:18:29.9Z,3,REGULAR,substitution,in,[],1629661,,,1610612738,88,77,2023-11-11T02:18:34Z,4350000,False,,,0,,SUB in: C. Johnson,[1629661],1610612751.0,BKN,,,,Johnson,C. Johnson,,,,,,,,,,,,,,,,,,,,,,,,,,
446,PT01M45.00S,2023-11-11T02:18:46.1Z,3,REGULAR,freethrow,1 of 1,['2ndchance'],1628436,,,1610612738,89,77,2023-11-11T02:18:46Z,4360000,False,,,0,,L. Kornet Free Throw 1 of 1 (7 PTS),[1628436],1610612738.0,BOS,,,,Kornet,L. Kornet,,,,,,,,Made,7.0,,,,,,,,,,,,,,,,,
447,PT01M38.00S,2023-11-11T02:18:54.8Z,3,REGULAR,3pt,Jump Shot,[],1629661,11.777266754270697,97.05882352941177,1610612751,89,80,2023-11-11T02:18:59Z,4370000,False,-235.0,58.0,1,left,C. Johnson 24' 3PT  (9 PTS) (T. Watford 2 AST),"[1629661, 1630570]",1610612751.0,BKN,,,,Johnson,C. Johnson,,,,,Left Corner 3,24+ Left,24.24,Made,9.0,T. Watford,1630570.0,2.0,,,,,,,,,,,,,,
449,PT01M19.00S,2023-11-11T02:19:16.3Z,3,REGULAR,turnover,traveling,[],1627759,,,1610612738,89,80,2023-11-11T02:19:22Z,4390000,False,,,0,,J. Brown traveling TURNOVER (3 TO),[1627759],1610612738.0,BOS,,,,Brown,J. Brown,,,,,Above the Break 3,24+ Center,,,,,,,,,,,,,1626301.0,,,,,3.0,,
450,PT01M08.00S,2023-11-11T02:19:43.7Z,3,REGULAR,3pt,Jump Shot,['fromturnover'],1628969,11.514454664914586,96.56862745098039,1610612751,89,80,2023-11-11T02:19:50Z,4400000,False,-233.0,56.0,1,left,MISS M. Bridges 3PT,[1628969],1610612751.0,BKN,,,,Bridges,M. Bridges,,,,,Left Corner 3,24+ Left,23.94,Missed,,,,,,,,,,,,,,,,,,
451,PT01M06.00S,2023-11-11T02:19:46.6Z,3,REGULAR,rebound,offensive,[],1629661,,,1610612751,89,80,2023-11-11T02:19:46Z,4410000,False,,,0,,C. Johnson REBOUND (Off:2 Def:2),[1629661],1610612751.0,BKN,,,,Johnson,C. Johnson,,,,,Left Corner 3,24+ Left,,,,,,,450.0,4.0,2.0,2.0,,,,,,,,,,
452,PT01M04.00S,2023-11-11T02:19:48.1Z,3,REGULAR,2pt,Jump Shot,"['fromturnover', '2ndchance']",1629661,9.543363994743759,26.47058823529412,1610612751,89,80,2023-11-11T02:19:53Z,4420000,False,118.0,37.0,1,left,MISS C. Johnson 12' fadeaway Shot,[1629661],1610612751.0,BKN,fadeaway,,,Johnson,C. Johnson,,,,,Mid-Range,8-16 Right,12.33,Missed,,,,,,,,,,,,,,,,,,
453,PT01M03.00S,2023-11-11T02:19:49.1Z,3,REGULAR,rebound,defensive,[],1628436,,,1610612738,89,80,2023-11-11T02:19:53Z,4430000,False,,,0,,L. Kornet REBOUND (Off:2 Def:1),[1628436],1610612738.0,BOS,,,,Kornet,L. Kornet,,,,,Mid-Range,8-16 Right,,,,,,,452.0,3.0,1.0,2.0,,,,,,,,,,
454,PT01M02.00S,2023-11-11T02:19:53.3Z,3,REGULAR,foul,personal,"['inpenalty', '2freethrow']",1628372,,,1610612738,89,80,2023-11-11T02:19:59Z,4440000,False,,,0,,D. Smith Jr. personal FOUL (1 PF) (Pritchard 2 FT),"[1628372, 1630202]",1610612751.0,BKN,,,,Smith Jr.,D. Smith Jr.,,,,,Above the Break 3,24+ Left Center,,,,,,,,,,,,,1151.0,1.0,0.0,Pritchard,1630202.0,,,
456,PT01M02.00S,2023-11-11T02:20:25.0Z,3,REGULAR,freethrow,1 of 2,['fastbreak'],1630202,,,1610612738,90,80,2023-11-11T02:20:51Z,4460000,False,,,0,,P. Pritchard Free Throw 1 of 2 (7 PTS),[1630202],1610612738.0,BOS,,,,Pritchard,P. Pritchard,,,,,,,,Made,7.0,,,,,,,,,,,,,,,,,
457,PT01M02.00S,2023-11-11T02:20:25.9Z,3,REGULAR,substitution,out,[],1628436,,,1610612738,90,80,2023-11-11T02:20:32Z,4470000,False,,,0,,SUB out: L. Kornet,[1628436],1610612738.0,BOS,,,,Kornet,L. Kornet,,,,,,,,,,,,,,,,,,,,,,,,,,
458,PT01M02.00S,2023-11-11T02:20:25.9Z,3,REGULAR,substitution,in,[],1629052,,,1610612738,90,80,2023-11-11T02:20:32Z,4480000,False,,,0,,SUB in: O. Brissett,[1629052],1610612738.0,BOS,,,,Brissett,O. Brissett,,,,,,,,,,,,,,,,,,,,,,,,,,
459,PT01M02.00S,2023-11-11T02:20:25.0Z,3,REGULAR,freethrow,2 of 2,['fastbreak'],1630202,,,1610612738,90,80,2023-11-11T02:20:51Z,4490000,False,,,0,,MISS P. Pritchard Free Throw 2 of 2,[1630202],1610612738.0,BOS,,,,Pritchard,P. Pritchard,,,,,,,,Missed,,,,,,,,,,,,,,,,,,
460,PT01M02.00S,2023-11-11T02:20:25.0Z,3,REGULAR,rebound,offensive,[],1630202,,,1610612738,90,80,2023-11-11T02:20:51Z,4500000,False,,,0,,P. Pritchard REBOUND (Off:3 Def:1),[1630202],1610612738.0,BOS,,,,Pritchard,P. Pritchard,,,,,,,,,,,,,459.0,4.0,1.0,3.0,,,,,,,,,,
461,PT01M00.00S,2023-11-11T02:20:47.6Z,3,REGULAR,2pt,Layup,"['pointsinthepaint', '2ndchance']",1630202,94.1688567674113,49.26470588235294,1610612738,92,80,2023-11-11T02:20:55Z,4510000,False,-4.0,2.0,1,right,P. Pritchard putback Layup (9 PTS),[1630202],1610612738.0,BOS,putback,,,Pritchard,P. Pritchard,,,,,Restricted Area,0-8 Center,0.44,Made,9.0,,,,,,,,,,,,,,,,,
462,PT00M51.40S,2023-11-11T02:20:59.9Z,3,REGULAR,foul,personal,['2freethrow'],1629052,,,1610612751,92,80,2023-11-11T02:21:10Z,4520000,False,,,0,,O. Brissett shooting personal FOUL (1 PF) (Smith Jr. 2 FT),"[1629052, 1628372]",1610612738.0,BOS,shooting,,,Brissett,O. Brissett,,,,,Restricted Area,0-8 Center,,,,,,,,,,,,,1151.0,1.0,0.0,Smith Jr.,1628372.0,,,
464,PT00M51.40S,2023-11-11T02:21:21.0Z,3,REGULAR,freethrow,1 of 2,[],1628372,,,1610612751,92,81,2023-11-11T02:21:21Z,4540000,False,,,0,,D. Smith Jr. Free Throw 1 of 2 (7 PTS),[1628372],1610612751.0,BKN,,,,Smith Jr.,D. Smith Jr.,,,,,,,,Made,7.0,,,,,,,,,,,,,,,,,
465,PT00M51.40S,2023-11-11T02:21:32.1Z,3,REGULAR,freethrow,2 of 2,[],1628372,,,1610612751,92,82,2023-11-11T02:21:32Z,4550000,False,,,0,,D. Smith Jr. Free Throw 2 of 2 (8 PTS),[1628372],1610612751.0,BKN,,,,Smith Jr.,D. Smith Jr.,,,,,,,,Made,8.0,,,,,,,,,,,,,,,,,
466,PT00M40.60S,2023-11-11T02:21:47.6Z,3,REGULAR,foul,personal,"['inpenalty', '2freethrow']",1628372,,,1610612738,92,82,2023-11-11T02:21:53Z,4560000,False,,,0,,D. Smith Jr. personal FOUL (2 PF) (White 2 FT),"[1628372, 1628401]",1610612751.0,BKN,,,,Smith Jr.,D. Smith Jr.,,,,,Above the Break 3,24+ Center,,,,,,,,,,,,,2534.0,2.0,0.0,White,1628401.0,,,
468,PT00M40.60S,2023-11-11T02:22:13.0Z,3,REGULAR,freethrow,1 of 2,[],1628401,,,1610612738,93,82,2023-11-11T02:22:35Z,4580000,False,,,0,,D. White Free Throw 1 of 2 (11 PTS),[1628401],1610612738.0,BOS,,,,White,D. White,,,,,,,,Made,11.0,,,,,,,,,,,,,,,,,
469,PT00M40.60S,2023-11-11T02:22:13.0Z,3,REGULAR,freethrow,2 of 2,[],1628401,,,1610612738,93,82,2023-11-11T02:22:35Z,4590000,False,,,0,,MISS D. White Free Throw 2 of 2,[1628401],1610612738.0,BOS,,,,White,D. White,,,,,,,,Missed,,,,,,,,,,,,,,,,,,
470,PT00M40.60S,2023-11-11T02:22:13.0Z,3,REGULAR,rebound,defensive,[],1628969,,,1610612751,93,82,2023-11-11T02:22:35Z,4600000,False,,,0,,M. Bridges REBOUND (Off:0 Def:5),[1628969],1610612751.0,BKN,,,,Bridges,M. Bridges,,,,,,,,,,,,,469.0,5.0,5.0,0.0,,,,,,,,,,
471,PT00M30.40S,2023-11-11T02:22:40.6Z,3,REGULAR,2pt,Layup,['pointsinthepaint'],1628372,8.623521681997373,45.83333333333333,1610612751,93,82,2023-11-11T02:22:51Z,4610000,False,21.0,29.0,1,left,MISS D. Smith Jr. driving Layup,[1628372],1610612751.0,BKN,driving,,,Smith Jr.,D. Smith Jr.,,,,,Restricted Area,0-8 Center,3.54,Missed,,,,,,,,,,,,,,,,,,
472,PT00M28.80S,2023-11-11T02:22:42.2Z,3,REGULAR,rebound,offensive,[],1630570,,,1610612751,93,82,2023-11-11T02:22:51Z,4620000,False,,,0,,T. Watford REBOUND (Off:2 Def:3),[1630570],1610612751.0,BKN,,,,Watford,T. Watford,,,,,Restricted Area,0-8 Center,,,,,,,471.0,5.0,3.0,2.0,,,,,,,,,,
473,PT00M26.50S,2023-11-11T02:22:51.6Z,3,REGULAR,foul,personal,"['inpenalty', '2freethrow']",1630573,,,1610612751,93,82,2023-11-11T02:22:56Z,4630000,False,,,0,,S. Hauser personal FOUL (1 PF) (Watford 2 FT),"[1630573, 1630570]",1610612738.0,BOS,,,,Hauser,S. Hauser,,,,,In The Paint (Non-RA),0-8 Center,,,,,,,,,,,,,2534.0,1.0,0.0,Watford,1630570.0,,,
475,PT00M26.50S,2023-11-11T02:23:11.1Z,3,REGULAR,freethrow,1 of 2,['2ndchance'],1630570,,,1610612751,93,83,2023-11-11T02:23:11Z,4650000,False,,,0,,T. Watford Free Throw 1 of 2 (11 PTS),[1630570],1610612751.0,BKN,,,,Watford,T. Watford,,,,,,,,Made,11.0,,,,,,,,,,,,,,,,,
476,PT00M26.50S,2023-11-11T02:23:12.0Z,3,REGULAR,substitution,out,[],1629022,,,1610612751,93,83,2023-11-11T02:23:31Z,4660000,False,,,0,,SUB out: L. Walker IV,[1629022],1610612751.0,BKN,,,,Walker IV,L. Walker IV,,,,,,,,,,,,,,,,,,,,,,,,,,
477,PT00M26.50S,2023-11-11T02:23:12.0Z,3,REGULAR,substitution,in,[],1627827,,,1610612751,93,83,2023-11-11T02:23:31Z,4670000,False,,,0,,SUB in: D. Finney-Smith,[1627827],1610612751.0,BKN,,,,Finney-Smith,D. Finney-Smith,,,,,,,,,,,,,,,,,,,,,,,,,,
478,PT00M26.50S,2023-11-11T02:23:32.1Z,3,REGULAR,freethrow,2 of 2,['2ndchance'],1630570,,,1610612751,93,84,2023-11-11T02:23:32Z,4680000,False,,,0,,T. Watford Free Throw 2 of 2 (12 PTS),[1630570],1610612751.0,BKN,,,,Watford,T. Watford,,,,,,,,Made,12.0,,,,,,,,,,,,,,,,,
479,PT00M03.70S,2023-11-11T02:23:55.6Z,3,REGULAR,2pt,Layup,['pointsinthepaint'],1629052,88.51839684625493,44.11764705882353,1610612738,93,84,2023-11-11T02:24:04Z,4690000,False,-29.0,55.0,1,right,MISS O. Brissett 6' driving Layup,[1629052],1610612738.0,BOS,driving,,,Brissett,O. Brissett,,,,,In The Paint (Non-RA),0-8 Center,6.27,Missed,,,,,,,,,,,,,,,,,,
480,PT00M00.70S,2023-11-11T02:23:58.6Z,3,REGULAR,rebound,defensive,[],1629661,,,1610612751,93,84,2023-11-11T02:24:04Z,4700000,False,,,0,,C. Johnson REBOUND (Off:2 Def:3),[1629661],1610612751.0,BKN,,,,Johnson,C. Johnson,,,,,In The Paint (Non-RA),0-8 Center,,,,,,,479.0,5.0,3.0,2.0,,,,,,,,,,
481,PT00M00.00S,2023-11-11T02:23:59.8Z,3,REGULAR,3pt,Jump Shot,[],1629661,53.82720105124835,50.49019607843137,1610612751,93,84,2023-11-11T02:25:34Z,4710000,False,-2.0,453.0,1,left,MISS C. Johnson 45' pullup 3PT,[1629661],1610612751.0,BKN,pullup,,,Johnson,C. Johnson,,,,,Above the Break 3,24+ Center,45.35,Missed,,,,,,,,,,,,,,,,,,
482,PT00M00.00S,2023-11-11T02:24:02.3Z,3,REGULAR,rebound,offensive,['team'],0,,,1610612751,93,84,2023-11-11T02:24:02Z,4720000,False,,,0,,TEAM offensive REBOUND,[],1610612751.0,BKN,,,,,,,,,,Above the Break 3,24+ Center,,,,,,,481.0,,,,,,,,,,,,,
483,PT00M00.00S,2023-11-11T02:24:03.4Z,3,REGULAR,period,end,[],0,,,1610612751,93,84,2023-11-11T02:24:03Z,4730000,False,,,0,,Period End,[],,,,,,,,,,,,,,,,,,,,,,,,,,,,,,,,,
484,PT12M00.00S,2023-11-11T02:26:31.3Z,4,REGULAR,substitution,out,['startperiod'],1627759,,,1610612751,93,84,2023-11-11T02:26:52Z,4740000,False,,,0,,SUB out: J. Brown,[1627759],1610612738.0,BOS,,,,Brown,J. Brown,,,,,,,,,,,,,,,,,,,,,,,,,,
485,PT12M00.00S,2023-11-11T02:26:31.3Z,4,REGULAR,substitution,out,['startperiod'],1628401,,,1610612751,93,84,2023-11-11T02:26:52Z,4750000,False,,,0,,SUB out: D. White,[1628401],1610612738.0,BOS,,,,White,D. White,,,,,,,,,,,,,,,,,,,,,,,,,,
486,PT12M00.00S,2023-11-11T02:26:31.3Z,4,REGULAR,substitution,out,['startperiod'],1629052,,,1610612751,93,84,2023-11-11T02:26:52Z,4760000,False,,,0,,SUB out: O. Brissett,[1629052],1610612738.0,BOS,,,,Brissett,O. Brissett,,,,,,,,,,,,,,,,,,,,,,,,,,
487,PT12M00.00S,2023-11-11T02:26:31.3Z,4,REGULAR,substitution,in,['startperiod'],1628369,,,1610612751,93,84,2023-11-11T02:26:52Z,4770000,False,,,0,,SUB in: J. Tatum,[1628369],1610612738.0,BOS,,,,Tatum,J. Tatum,,,,,,,,,,,,,,,,,,,,,,,,,,
488,PT12M00.00S,2023-11-11T02:26:31.3Z,4,REGULAR,substitution,in,['startperiod'],201950,,,1610612751,93,84,2023-11-11T02:26:52Z,4780000,False,,,0,,SUB in: J. Holiday,[201950],1610612738.0,BOS,,,,Holiday,J. Holiday,,,,,,,,,,,,,,,,,,,,,,,,,,
489,PT12M00.00S,2023-11-11T02:26:31.3Z,4,REGULAR,substitution,in,['startperiod'],1628436,,,1610612751,93,84,2023-11-11T02:26:52Z,4790000,False,,,0,,SUB in: L. Kornet,[1628436],1610612738.0,BOS,,,,Kornet,L. Kornet,,,,,,,,,,,,,,,,,,,,,,,,,,
490,PT12M00.00S,2023-11-11T02:27:40.0Z,4,REGULAR,period,start,[],0,,,1610612738,93,84,2023-11-11T02:27:40Z,4800000,False,,,0,,Period Start,[],,,,,,,,,,,,,,,,,,,,,,,,,,,,,,,,,
491,PT11M43.00S,2023-11-11T02:27:56.4Z,4,REGULAR,2pt,Jump Shot,[],201950,88.25558475689881,26.225490196078432,1610612738,93,84,2023-11-11T02:28:10Z,4810000,False,-119.0,58.0,1,right,MISS J. Holiday 13' driving floating Shot,[201950],1610612738.0,BOS,driving floating,,,Holiday,J. Holiday,,,,,Mid-Range,8-16 Left,13.22,Missed,,,,,,,,,,,,,,,,,,
492,PT11M41.00S,2023-11-11T02:27:58.4Z,4,REGULAR,rebound,offensive,['team'],0,,,1610612738,93,84,2023-11-11T02:28:10Z,4820000,False,,,0,,TEAM offensive REBOUND,[],1610612738.0,BOS,,,,,,,,,,Mid-Range,8-16 Left,,,,,,,491.0,,,,,,,,,,,,,
493,PT11M41.00S,2023-11-11T02:28:06.8Z,4,REGULAR,foul,personal,[],1629661,,,1610612738,93,84,2023-11-11T02:28:10Z,4830000,False,,,0,,C. Johnson loose ball personal FOUL (3 PF),"[1629661, 1628436]",1610612751.0,BKN,loose ball,,,Johnson,C. Johnson,,,,,Restricted Area,0-8 Center,,,,,,,,,,,,,1151.0,3.0,0.0,Kornet,1628436.0,,,
495,PT11M30.00S,2023-11-11T02:28:32.5Z,4,REGULAR,3pt,Jump Shot,['2ndchance'],1628369,65.91655716162943,60.049019607843135,1610612738,96,84,2023-11-11T02:28:37Z,4850000,False,50.0,268.0,1,right,J. Tatum 27' 3PT  (16 PTS) (J. Holiday 7 AST),"[1628369, 201950]",1610612738.0,BOS,,,,Tatum,J. Tatum,,,,,Above the Break 3,24+ Center,27.26,Made,16.0,J. Holiday,201950.0,7.0,,,,,,,,,,,,,,
497,PT11M10.00S,2023-11-11T02:28:51.6Z,4,REGULAR,2pt,Jump Shot,[],1629661,21.50131406044678,76.47058823529412,1610612751,96,84,2023-11-11T02:29:01Z,4870000,False,-132.0,150.0,1,left,MISS C. Johnson 19' turnaround fadeaway Shot,[1629661],1610612751.0,BKN,turnaround fadeaway,,,Johnson,C. Johnson,,,,,Mid-Range,16-24 Left Center,19.98,Missed,,,,,,,,,,,,,,,,,,
498,PT11M08.00S,2023-11-11T02:28:53.6Z,4,REGULAR,rebound,defensive,[],1630573,,,1610612738,96,84,2023-11-11T02:29:01Z,4880000,False,,,0,,S. Hauser REBOUND (Off:1 Def:1),[1630573],1610612738.0,BOS,,,,Hauser,S. Hauser,,,,,Mid-Range,16-24 Left Center,,,,,,,497.0,2.0,1.0,1.0,,,,,,,,,,
499,PT11M06.00S,2023-11-11T02:28:57.6Z,4,REGULAR,foul,personal,[],1627827,,,1610612738,96,84,2023-11-11T02:29:22Z,4890000,False,,,0,,D. Finney-Smith personal FOUL (2 PF),"[1627827, 1630573]",1610612751.0,BKN,,,,Finney-Smith,D. Finney-Smith,,,,,Above the Break 3,24+ Left Center,,,,,,,,,,,,,2534.0,2.0,0.0,Hauser,1630573.0,,,
501,PT10M53.00S,2023-11-11T02:29:29.3Z,4,REGULAR,2pt,Jump Shot,[],1628369,79.45137976346912,19.607843137254903,1610612738,98,84,2023-11-11T02:29:41Z,4910000,False,-152.0,141.0,1,right,J. Tatum 20' Jump Shot (18 PTS) (J. Holiday 8 AST),"[1628369, 201950]",1610612738.0,BOS,,,,Tatum,J. Tatum,,,,,Mid-Range,16-24 Left Center,20.71,Made,18.0,J. Holiday,201950.0,8.0,,,,,,,,,,,,,,
502,PT10M27.00S,2023-11-11T02:29:56.4Z,4,REGULAR,2pt,Jump Shot,[],1628372,13.222733245729303,86.76470588235294,1610612751,98,86,2023-11-11T02:30:02Z,4920000,False,-184.0,72.0,1,left,D. Smith Jr. 19' step back Jump Shot (10 PTS),[1628372],1610612751.0,BKN,step back,,,Smith Jr.,D. Smith Jr.,,,,,Mid-Range,16-24 Left,19.73,Made,10.0,,,,,,,,,,,,,,,,,
503,PT10M07.00S,2023-11-11T02:30:15.1Z,4,REGULAR,3pt,Jump Shot,[],1628369,71.30420499342969,81.12745098039215,1610612738,98,86,2023-11-11T02:30:45Z,4930000,False,156.0,217.0,1,right,MISS J. Tatum 26' step back 3PT,[1628369],1610612738.0,BOS,step back,,,Tatum,J. Tatum,,,,,Above the Break 3,24+ Right Center,26.72,Missed,,,,,,,,,,,,,,,,,,
504,PT10M05.00S,2023-11-11T02:30:17.1Z,4,REGULAR,rebound,offensive,[],1630202,,,1610612738,98,86,2023-11-11T02:30:27Z,4940000,False,,,0,,P. Pritchard REBOUND (Off:4 Def:1),[1630202],1610612738.0,BOS,,,,Pritchard,P. Pritchard,,,,,Above the Break 3,24+ Right Center,,,,,,,503.0,5.0,1.0,4.0,,,,,,,,,,
505,PT09M59.00S,2023-11-11T02:30:23.8Z,4,REGULAR,3pt,Jump Shot,['2ndchance'],1630573,69.33311432325887,74.01960784313727,1610612738,101,86,2023-11-11T02:30:29Z,4950000,False,120.0,236.0,1,right,S. Hauser 26' 3PT  (6 PTS) (P. Pritchard 2 AST),"[1630573, 1630202]",1610612738.0,BOS,,,,Hauser,S. Hauser,,,,,Above the Break 3,24+ Right Center,26.46,Made,6.0,P. Pritchard,1630202.0,2.0,,,,,,,,,,,,,,
508,PT09M40.00S,2023-11-11T02:30:41.7Z,4,REGULAR,3pt,Jump Shot,[],1629661,30.831143232588698,14.460784313725492,1610612751,101,86,2023-11-11T02:30:56Z,4970000,False,178.0,237.0,1,left,MISS C. Johnson 29' 3PT,[1629661],1610612751.0,BKN,,,,Johnson,C. Johnson,,,,,Above the Break 3,24+ Right Center,29.65,Missed,,,,,,,,,,,,,,,,,,
509,PT09M39.00S,2023-11-11T02:30:42.7Z,4,REGULAR,rebound,defensive,['team'],0,,,1610612738,101,86,2023-11-11T02:30:56Z,4980000,False,,,0,,TEAM defensive REBOUND,[],1610612738.0,BOS,,,,,,,,,,Above the Break 3,24+ Right Center,,,,,,,508.0,,,,,,,,,,,,,
510,PT09M39.00S,2023-11-11T02:30:47.4Z,4,REGULAR,foul,personal,[],1627827,,,1610612738,101,86,2023-11-11T02:31:00Z,4990000,False,,,0,,D. Finney-Smith loose ball personal FOUL (3 PF),"[1627827, 1628436]",1610612751.0,BKN,loose ball,,,Finney-Smith,D. Finney-Smith,,,,,Mid-Range,8-16 Center,,,,,,,,,,,,,1626301.0,3.0,0.0,Kornet,1628436.0,,,
512,PT09M39.00S,2023-11-11T02:31:00.1Z,4,REGULAR,substitution,out,[],1628969,,,1610612738,101,86,2023-11-11T02:31:04Z,5010000,False,,,0,,SUB out: M. Bridges,[1628969],1610612751.0,BKN,,,,Bridges,M. Bridges,,,,,,,,,,,,,,,,,,,,,,,,,,
513,PT09M39.00S,2023-11-11T02:31:00.1Z,4,REGULAR,substitution,in,[],1629717,,,1610612738,101,86,2023-11-11T02:31:04Z,5020000,False,,,0,,SUB in: A. Brooks,[1629717],1610612751.0,BKN,,,,Brooks,A. Brooks,,,,,,,,,,,,,,,,,,,,,,,,,,
514,PT09M39.00S,2023-11-11T02:31:09.3Z,4,REGULAR,substitution,out,[],1628372,,,1610612738,101,86,2023-11-11T02:31:21Z,5030000,False,,,0,,SUB out: D. Smith Jr.,[1628372],1610612751.0,BKN,,,,Smith Jr.,D. Smith Jr.,,,,,,,,,,,,,,,,,,,,,,,,,,
515,PT09M39.00S,2023-11-11T02:31:09.3Z,4,REGULAR,substitution,in,[],1629022,,,1610612738,101,86,2023-11-11T02:31:21Z,5040000,False,,,0,,SUB in: L. Walker IV,[1629022],1610612751.0,BKN,,,,Walker IV,L. Walker IV,,,,,,,,,,,,,,,,,,,,,,,,,,
516,PT09M26.00S,2023-11-11T02:31:36.6Z,4,REGULAR,turnover,out-of-bounds,[],1628369,,,1610612738,101,86,2023-11-11T02:31:41Z,5050000,False,,,0,,J. Tatum lost ball out-of-bounds TURNOVER (2 TO),[1628369],1610612738.0,BOS,lost ball,,,Tatum,J. Tatum,,,,,Mid-Range,16-24 Left Center,,,,,,,,,,,,,2534.0,,,,,2.0,,
517,PT09M12.00S,2023-11-11T02:31:56.9Z,4,REGULAR,3pt,Jump Shot,['fromturnover'],1630570,28.86005256241787,25.98039215686275,1610612751,101,86,2023-11-11T02:32:03Z,5060000,False,120.0,219.0,1,left,MISS T. Watford 24' 3PT,[1630570],1610612751.0,BKN,,,,Watford,T. Watford,,,,,Above the Break 3,24+ Right Center,24.96,Missed,,,,,,,,,,,,,,,,,,
518,PT09M10.00S,2023-11-11T02:31:58.9Z,4,REGULAR,rebound,defensive,[],201950,,,1610612738,101,86,2023-11-11T02:32:07Z,5070000,False,,,0,,J. Holiday REBOUND (Off:2 Def:8),[201950],1610612738.0,BOS,,,,Holiday,J. Holiday,,,,,Above the Break 3,24+ Right Center,,,,,,,517.0,10.0,8.0,2.0,,,,,,,,,,
519,PT09M00.00S,2023-11-11T02:32:08.8Z,4,REGULAR,3pt,Jump Shot,[],1630573,72.22404730617609,81.61764705882352,1610612738,104,86,2023-11-11T02:32:12Z,5080000,False,158.0,209.0,1,right,S. Hauser 26' 3PT  (9 PTS) (P. Pritchard 3 AST),"[1630573, 1630202]",1610612738.0,BOS,,,,Hauser,S. Hauser,,,,,Above the Break 3,24+ Right Center,26.17,Made,9.0,P. Pritchard,1630202.0,3.0,,,,,,,,,,,,,,
521,PT08M38.00S,2023-11-11T02:32:30.3Z,4,REGULAR,2pt,Jump Shot,[],1629661,19.66162943495401,32.84313725490196,1610612751,104,88,2023-11-11T02:32:44Z,5100000,False,86.0,132.0,1,left,C. Johnson 15' pullup Jump Shot (11 PTS) (T. Watford 3 AST),"[1629661, 1630570]",1610612751.0,BKN,pullup,,,Johnson,C. Johnson,,,,,Mid-Range,8-16 Right,15.77,Made,11.0,T. Watford,1630570.0,3.0,,,,,,,,,,,,,,
522,PT08M32.00S,2023-11-11T02:32:40.1Z,4,REGULAR,foul,personal,[],1627827,,,1610612738,104,88,2023-11-11T02:32:46Z,5110000,False,,,0,,D. Finney-Smith personal FOUL (4 PF),"[1627827, 201950]",1610612751.0,BKN,,,,Finney-Smith,D. Finney-Smith,,,,,Above the Break 3,24+ Right Center,,,,,,,,,,,,,1626301.0,4.0,0.0,Holiday,201950.0,,,
525,PT08M32.00S,2023-11-11T02:32:47.7Z,4,REGULAR,substitution,out,[],1629661,,,1610612738,104,88,2023-11-11T02:32:57Z,5130000,False,,,0,,SUB out: C. Johnson,[1629661],1610612751.0,BKN,,,,Johnson,C. Johnson,,,,,,,,,,,,,,,,,,,,,,,,,,
526,PT08M32.00S,2023-11-11T02:32:47.7Z,4,REGULAR,substitution,out,[],1627827,,,1610612738,104,88,2023-11-11T02:32:57Z,5140000,False,,,0,,SUB out: D. Finney-Smith,[1627827],1610612751.0,BKN,,,,Finney-Smith,D. Finney-Smith,,,,,,,,,,,,,,,,,,,,,,,,,,
527,PT08M32.00S,2023-11-11T02:32:47.7Z,4,REGULAR,substitution,in,[],1628372,,,1610612738,104,88,2023-11-11T02:32:57Z,5150000,False,,,0,,SUB in: D. Smith Jr.,[1628372],1610612751.0,BKN,,,,Smith Jr.,D. Smith Jr.,,,,,,,,,,,,,,,,,,,,,,,,,,
528,PT08M32.00S,2023-11-11T02:32:47.7Z,4,REGULAR,substitution,in,[],1630549,,,1610612738,104,88,2023-11-11T02:32:57Z,5160000,False,,,0,,SUB in: D. Sharpe,[1630549],1610612751.0,BKN,,,,Sharpe,D. Sharpe,,,,,,,,,,,,,,,,,,,,,,,,,,
530,PT08M15.00S,2023-11-11T02:33:35.5Z,4,REGULAR,foul,personal,"['inpenalty', '2freethrow']",1628372,,,1610612738,104,88,2023-11-11T02:33:42Z,5180000,False,,,0,,D. Smith Jr. shooting personal FOUL (3 PF) (Tatum 2 FT),"[1628372, 1628369]",1610612751.0,BKN,shooting,,,Smith Jr.,D. Smith Jr.,,,,,Mid-Range,8-16 Right,,,,,,,,,,,,,2534.0,3.0,0.0,Tatum,1628369.0,,,
532,PT08M15.00S,2023-11-11T02:33:57.4Z,4,REGULAR,freethrow,1 of 2,[],1628369,,,1610612738,105,88,2023-11-11T02:33:57Z,5200000,False,,,0,,J. Tatum Free Throw 1 of 2 (19 PTS),[1628369],1610612738.0,BOS,,,,Tatum,J. Tatum,,,,,,,,Made,19.0,,,,,,,,,,,,,,,,,
533,PT08M15.00S,2023-11-11T02:34:13.9Z,4,REGULAR,freethrow,2 of 2,[],1628369,,,1610612738,106,88,2023-11-11T02:34:13Z,5210000,False,,,0,,J. Tatum Free Throw 2 of 2 (20 PTS),[1628369],1610612738.0,BOS,,,,Tatum,J. Tatum,,,,,,,,Made,20.0,,,,,,,,,,,,,,,,,
534,PT08M03.00S,2023-11-11T02:34:29.5Z,4,REGULAR,2pt,Jump Shot,['pointsinthepaint'],1628372,19.136005256241788,63.970588235294116,1610612751,106,88,2023-11-11T02:34:41Z,5220000,False,-70.0,127.0,1,left,MISS D. Smith Jr. 14' driving floating Shot,[1628372],1610612751.0,BKN,driving floating,,,Smith Jr.,D. Smith Jr.,,,,,In The Paint (Non-RA),8-16 Center,14.53,Missed,,,,,,,,,,,,,,,,,,
535,PT08M01.00S,2023-11-11T02:34:31.5Z,4,REGULAR,rebound,offensive,[],1628372,,,1610612751,106,88,2023-11-11T02:34:41Z,5230000,False,,,0,,D. Smith Jr. REBOUND (Off:1 Def:3),[1628372],1610612751.0,BKN,,,,Smith Jr.,D. Smith Jr.,,,,,In The Paint (Non-RA),8-16 Center,,,,,,,534.0,4.0,3.0,1.0,,,,,,,,,,
536,PT08M01.00S,2023-11-11T02:34:33.1Z,4,REGULAR,2pt,Layup,"['2ndchance', 'pointsinthepaint']",1628372,5.590000152587891,50.0,1610612751,106,88,2023-11-11T02:35:10Z,5240000,False,0.0,0.0,1,left,MISS D. Smith Jr. tip Layup,[1628372],1610612751.0,BKN,tip,,,Smith Jr.,D. Smith Jr.,,,,,Restricted Area,0-8 Center,0.0,Missed,,,,,,,,,,,,,,,,,,
537,PT07M58.00S,2023-11-11T02:34:36.1Z,4,REGULAR,rebound,defensive,[],1628436,,,1610612738,106,88,2023-11-11T02:35:10Z,5250000,False,,,0,,L. Kornet REBOUND (Off:2 Def:2),[1628436],1610612738.0,BOS,,,,Kornet,L. Kornet,,,,,Restricted Area,0-8 Center,,,,,,,536.0,4.0,2.0,2.0,,,,,,,,,,
538,PT07M55.00S,2023-11-11T02:34:37.7Z,4,REGULAR,2pt,Layup,"['fastbreak', 'pointsinthepaint']",1628369,92.06636005256242,46.32352941176471,1610612738,106,88,2023-11-11T02:35:01Z,5260000,False,-18.0,22.0,1,right,MISS J. Tatum running Layup,[1628369],1610612738.0,BOS,running,,,Tatum,J. Tatum,,,,,Restricted Area,0-8 Center,2.88,Missed,,,,,,,,,,,,,,,,,,
539,PT07M53.00S,2023-11-11T02:34:39.7Z,4,REGULAR,rebound,defensive,[],1629022,,,1610612751,106,88,2023-11-11T02:34:47Z,5270000,False,,,0,,L. Walker IV REBOUND (Off:0 Def:7),[1629022],1610612751.0,BKN,,,,Walker IV,L. Walker IV,,,,,Restricted Area,0-8 Center,,,,,,,538.0,7.0,7.0,0.0,,,,,,,,,,
540,PT07M49.00S,2023-11-11T02:34:42.8Z,4,REGULAR,2pt,DUNK,"['pointsinthepaint', 'fastbreak']",1628372,7.966491458607096,50.73529411764706,1610612751,106,90,2023-11-11T02:34:52Z,5280000,False,-4.0,22.0,1,left,D. Smith Jr. running DUNK (12 PTS) (L. Walker IV 4 AST),"[1628372, 1629022]",1610612751.0,BKN,running,,,Smith Jr.,D. Smith Jr.,,,,,Restricted Area,0-8 Center,2.27,Made,12.0,L. Walker IV,1629022.0,4.0,,,,,,,,,,,,,,
542,PT07M32.00S,2023-11-11T02:35:00.1Z,4,REGULAR,3pt,Jump Shot,[],1630573,76.69185282522996,87.99019607843137,1610612738,106,90,2023-11-11T02:35:28Z,5300000,False,190.0,167.0,1,right,MISS S. Hauser 25' 3PT,[1630573],1610612738.0,BOS,,,,Hauser,S. Hauser,,,,,Above the Break 3,24+ Right Center,25.27,Missed,,,,,,,,,,,,,,,,,,
543,PT07M30.00S,2023-11-11T02:35:02.1Z,4,REGULAR,rebound,offensive,[],201950,,,1610612738,106,90,2023-11-11T02:35:28Z,5310000,False,,,0,,J. Holiday REBOUND (Off:3 Def:8),[201950],1610612738.0,BOS,,,,Holiday,J. Holiday,,,,,Above the Break 3,24+ Right Center,,,,,,,542.0,11.0,8.0,3.0,,,,,,,,,,
544,PT07M19.00S,2023-11-11T02:35:14.2Z,4,REGULAR,foul,personal,"['inpenalty', '2freethrow']",1630570,,,1610612738,106,90,2023-11-11T02:35:25Z,5320000,False,,,0,,T. Watford shooting personal FOUL (3 PF) (Tatum 2 FT),"[1630570, 1628369]",1610612751.0,BKN,shooting,,,Watford,T. Watford,,,,,Mid-Range,16-24 Left,,,,,,,,,,,,,1626301.0,3.0,0.0,Tatum,1628369.0,,,
546,PT07M19.00S,2023-11-11T02:35:38.0Z,4,REGULAR,freethrow,1 of 2,['2ndchance'],1628369,,,1610612738,107,90,2023-11-11T02:35:38Z,5340000,False,,,0,,J. Tatum Free Throw 1 of 2 (21 PTS),[1628369],1610612738.0,BOS,,,,Tatum,J. Tatum,,,,,,,,Made,21.0,,,,,,,,,,,,,,,,,
547,PT07M19.00S,2023-11-11T02:35:49.8Z,4,REGULAR,freethrow,2 of 2,['2ndchance'],1628369,,,1610612738,108,90,2023-11-11T02:35:49Z,5350000,False,,,0,,J. Tatum Free Throw 2 of 2 (22 PTS),[1628369],1610612738.0,BOS,,,,Tatum,J. Tatum,,,,,,,,Made,22.0,,,,,,,,,,,,,,,,,
548,PT07M01.00S,2023-11-11T02:36:11.6Z,4,REGULAR,foul,offensive,['inpenalty'],1630549,,,1610612751,108,90,2023-11-11T02:36:37Z,5360000,False,,,0,,D. Sharpe offensive FOUL (2 PF),"[1630549, 1630573]",1610612751.0,BKN,,,,Sharpe,D. Sharpe,,,,,Mid-Range,16-24 Right Center,,,,,,,,,,,,,1151.0,2.0,1.0,Hauser,1630573.0,,,
550,PT07M01.00S,2023-11-11T02:36:11.6Z,4,REGULAR,turnover,offensive foul,[],1630549,,,1610612751,108,90,2023-11-11T02:36:11Z,5380000,False,,,0,,D. Sharpe offensive foul TURNOVER (2 TO),[1630549],1610612751.0,BKN,,,,Sharpe,D. Sharpe,,,,,Mid-Range,16-24 Right Center,,,,,,,,,,,,,1151.0,,,,,2.0,,
551,PT06M51.00S,2023-11-11T02:36:34.7Z,4,REGULAR,3pt,Jump Shot,['fromturnover'],1630573,67.49342969776609,35.294117647058826,1610612738,111,90,2023-11-11T02:37:18Z,5390000,False,-74.0,253.0,1,right,S. Hauser 26' 3PT pullup (12 PTS) (J. Holiday 9 AST),"[1630573, 201950]",1610612738.0,BOS,pullup,,,Hauser,S. Hauser,,,,,Above the Break 3,24+ Center,26.36,Made,12.0,J. Holiday,201950.0,9.0,,,,,,,,,,,,,,
553,PT06M29.00S,2023-11-11T02:36:56.6Z,4,REGULAR,2pt,Layup,['pointsinthepaint'],1630549,8.886333771353483,44.85294117647059,1610612751,111,90,2023-11-11T02:37:03Z,5410000,False,26.0,31.0,1,left,MISS D. Sharpe Layup - blocked,"[1630549, 1628436]",1610612751.0,BKN,,,,Sharpe,D. Sharpe,,,,,Restricted Area,0-8 Center,4.03,Missed,,,,,,,,,Kornet,1628436.0,,,,,,,,
554,PT06M29.00S,2023-11-11T02:36:56.6Z,4,REGULAR,block,,[],1628436,,,1610612751,111,90,2023-11-11T02:36:59Z,5420000,False,,,0,,L. Kornet BLOCK (1 BLK),[1628436],1610612738.0,BOS,,,,Kornet,L. Kornet,,,,,Restricted Area,0-8 Center,,,,,,,,,,,,,,,,,,,,
555,PT06M27.00S,2023-11-11T02:36:58.6Z,4,REGULAR,rebound,defensive,[],1628436,,,1610612738,111,90,2023-11-11T02:37:03Z,5430000,False,,,0,,L. Kornet REBOUND (Off:2 Def:3),[1628436],1610612738.0,BOS,,,,Kornet,L. Kornet,,,,,Restricted Area,0-8 Center,,,,,,,553.0,5.0,3.0,2.0,,,,,,,,,,
556,PT06M20.00S,2023-11-11T02:37:05.3Z,4,REGULAR,3pt,Jump Shot,[],1630202,68.54467805519053,76.9607843137255,1610612738,111,90,2023-11-11T02:37:11Z,5440000,False,135.0,243.0,1,right,MISS P. Pritchard 27' 3PT,[1630202],1610612738.0,BOS,,,,Pritchard,P. Pritchard,,,,,Above the Break 3,24+ Right Center,27.81,Missed,,,,,,,,,,,,,,,,,,
557,PT06M18.00S,2023-11-11T02:37:07.3Z,4,REGULAR,rebound,defensive,[],1630570,,,1610612751,111,90,2023-11-11T02:37:11Z,5450000,False,,,0,,T. Watford REBOUND (Off:2 Def:4),[1630570],1610612751.0,BKN,,,,Watford,T. Watford,,,,,Above the Break 3,24+ Right Center,,,,,,,556.0,6.0,4.0,2.0,,,,,,,,,,
558,PT06M06.00S,2023-11-11T02:37:19.8Z,4,REGULAR,2pt,Layup,['pointsinthepaint'],1629022,7.35873850197109,46.49586397058824,1610612751,111,92,2023-11-11T02:37:25Z,5460000,False,18.0,17.0,1,left,L. Walker IV driving Layup (20 PTS),[1629022],1610612751.0,BKN,driving,,,Walker IV,L. Walker IV,,,,,Restricted Area,0-8 Center,2.42,Made,20.0,,,,,,,,,,,,,,,,,
559,PT05M51.00S,2023-11-11T02:37:33.9Z,4,REGULAR,foul,personal,"['inpenalty', '2freethrow']",1630570,,,1610612738,111,92,2023-11-11T02:37:45Z,5470000,False,,,0,,T. Watford shooting personal FOUL (4 PF) (Tatum 2 FT),"[1630570, 1628369]",1610612751.0,BKN,shooting,,,Watford,T. Watford,,,,,Mid-Range,16-24 Left,,,,,,,,,,,,,1151.0,4.0,0.0,Tatum,1628369.0,,,
561,PT05M51.00S,2023-11-11T02:37:48.2Z,4,REGULAR,timeout,full,"['team', 'mandatory']",0,,,1610612738,111,92,2023-11-11T02:37:48Z,5490000,False,,,0,,BOS Timeout,[],1610612738.0,BOS,,,,,,,,,,,,,,,,,,,,,,,,,,,,,,,
562,PT05M51.00S,2023-11-11T02:40:51.9Z,4,REGULAR,substitution,out,[],1629022,,,1610612738,111,92,2023-11-11T02:41:05Z,5500000,False,,,0,,SUB out: L. Walker IV,[1629022],1610612751.0,BKN,,,,Walker IV,L. Walker IV,,,,,,,,,,,,,,,,,,,,,,,,,,
563,PT05M51.00S,2023-11-11T02:40:51.9Z,4,REGULAR,substitution,in,[],1628385,,,1610612738,111,92,2023-11-11T02:41:05Z,5510000,False,,,0,,SUB in: H. Giles III,[1628385],1610612751.0,BKN,,,,Giles III,H. Giles III,,,,,,,,,,,,,,,,,,,,,,,,,,
564,PT05M51.00S,2023-11-11T02:41:15.5Z,4,REGULAR,freethrow,1 of 2,[],1628369,,,1610612738,111,92,2023-11-11T02:41:15Z,5520000,False,,,0,,MISS J. Tatum Free Throw 1 of 2,[1628369],1610612738.0,BOS,,,,Tatum,J. Tatum,,,,,,,,Missed,,,,,,,,,,,,,,,,,,
565,PT05M51.00S,2023-11-11T02:41:15.5Z,4,REGULAR,rebound,offensive,"['deadball', 'team']",0,,,1610612738,111,92,2023-11-11T02:41:15Z,5530000,False,,,0,,TEAM offensive REBOUND,[],1610612738.0,BOS,,,,,,,,,,,,,,,,,,564.0,,,,,,,,,,,,,
566,PT05M51.00S,2023-11-11T02:41:27.6Z,4,REGULAR,freethrow,2 of 2,[],1628369,,,1610612738,112,92,2023-11-11T02:41:27Z,5540000,False,,,0,,J. Tatum Free Throw 2 of 2 (23 PTS),[1628369],1610612738.0,BOS,,,,Tatum,J. Tatum,,,,,,,,Made,23.0,,,,,,,,,,,,,,,,,
567,PT05M39.00S,2023-11-11T02:41:43.5Z,4,REGULAR,3pt,Jump Shot,[],1630549,12.828515111695138,3.9215686274509802,1610612751,112,92,2023-11-11T02:41:51Z,5550000,False,230.0,68.0,1,left,MISS D. Sharpe 24' 3PT,[1630549],1610612751.0,BKN,,,,Sharpe,D. Sharpe,,,,,Right Corner 3,24+ Right,24.03,Missed,,,,,,,,,,,,,,,,,,
568,PT05M37.00S,2023-11-11T02:41:45.5Z,4,REGULAR,rebound,defensive,[],201950,,,1610612738,112,92,2023-11-11T02:41:51Z,5560000,False,,,0,,J. Holiday REBOUND (Off:3 Def:9),[201950],1610612738.0,BOS,,,,Holiday,J. Holiday,,,,,Right Corner 3,24+ Right,,,,,,,567.0,12.0,9.0,3.0,,,,,,,,,,
569,PT05M24.00S,2023-11-11T02:41:58.0Z,4,REGULAR,3pt,Jump Shot,[],1630202,74.19513797634691,21.323529411764707,1610612738,112,92,2023-11-11T02:42:02Z,5570000,False,-143.0,190.0,1,right,MISS P. Pritchard 3PT,[1630202],1610612738.0,BOS,,,,Pritchard,P. Pritchard,,,,,Above the Break 3,16-24 Left Center,23.81,Missed,,,,,,,,,,,,,,,,,,
570,PT05M23.00S,2023-11-11T02:41:59.8Z,4,REGULAR,rebound,offensive,[],1628436,,,1610612738,112,92,2023-11-11T02:41:59Z,5580000,False,,,0,,L. Kornet REBOUND (Off:3 Def:3),[1628436],1610612738.0,BOS,,,,Kornet,L. Kornet,,,,,Above the Break 3,16-24 Left Center,,,,,,,569.0,6.0,3.0,3.0,,,,,,,,,,
571,PT05M19.00S,2023-11-11T02:42:04.6Z,4,REGULAR,2pt,Layup,"['pointsinthepaint', '2ndchance']",1630202,90.75229960578186,42.8921568627451,1610612738,114,92,2023-11-11T02:42:09Z,5590000,False,-36.0,34.0,1,right,P. Pritchard driving finger roll Layup (11 PTS) (S. Hauser 1 AST),"[1630202, 1630573]",1610612738.0,BOS,driving finger roll,,,Pritchard,P. Pritchard,,,,,In The Paint (Non-RA),0-8 Center,4.94,Made,11.0,S. Hauser,1630573.0,1.0,,,,,,,,,,,,,,
573,PT05M02.00S,2023-11-11T02:42:22.6Z,4,REGULAR,turnover,out-of-bounds,[],1628385,,,1610612751,114,92,2023-11-11T02:42:28Z,5610000,False,,,0,,H. Giles III bad pass out-of-bounds TURNOVER (1 TO),[1628385],1610612751.0,BKN,bad pass,,,Giles III,H. Giles III,,,,,Mid-Range,16-24 Right,,,,,,,,,,,,,2534.0,,,,,1.0,,
574,PT04M52.00S,2023-11-11T02:42:43.4Z,4,REGULAR,3pt,Jump Shot,['fromturnover'],1630202,69.72733245729303,71.07843137254902,1610612738,114,92,2023-11-11T02:43:04Z,5620000,False,105.0,232.0,1,right,MISS P. Pritchard 25' pullup 3PT,[1630202],1610612738.0,BOS,pullup,,,Pritchard,P. Pritchard,,,,,Above the Break 3,24+ Right Center,25.49,Missed,,,,,,,,,,,,,,,,,,
575,PT04M47.00S,2023-11-11T02:42:48.4Z,4,REGULAR,rebound,defensive,[],1630549,,,1610612751,114,92,2023-11-11T02:42:50Z,5630000,False,,,0,,D. Sharpe REBOUND (Off:0 Def:2),[1630549],1610612751.0,BKN,,,,Sharpe,D. Sharpe,,,,,Above the Break 3,24+ Right Center,,,,,,,574.0,2.0,2.0,0.0,,,,,,,,,,
576,PT04M41.00S,2023-11-11T02:42:56.6Z,4,REGULAR,turnover,out-of-bounds,[],1629717,,,1610612751,114,92,2023-11-11T02:43:01Z,5640000,False,,,0,,A. Brooks bad pass out-of-bounds TURNOVER (1 TO),[1629717],1610612751.0,BKN,bad pass,,,Brooks,A. Brooks,,,,,Above the Break 3,24+ Center,,,,,,,,,,,,,2534.0,,,,,1.0,,
577,PT04M28.00S,2023-11-11T02:43:15.1Z,4,REGULAR,3pt,Jump Shot,['fromturnover'],1628369,69.46452036793693,65.19607843137256,1610612738,114,92,2023-11-11T02:44:44Z,5650000,False,76.0,235.0,1,right,MISS J. Tatum 24' pullup 3PT,[1628369],1610612738.0,BOS,pullup,,,Tatum,J. Tatum,,,,,Above the Break 3,24+ Center,24.65,Missed,,,,,,,,,,,,,,,,,,
578,PT04M26.00S,2023-11-11T02:43:17.1Z,4,REGULAR,rebound,offensive,[],1628436,,,1610612738,114,92,2023-11-11T02:45:08Z,5660000,False,,,0,,L. Kornet REBOUND (Off:4 Def:3),[1628436],1610612738.0,BOS,,,,Kornet,L. Kornet,,,,,Above the Break 3,24+ Center,,,,,,,577.0,7.0,3.0,4.0,,,,,,,,,,
599,PT04M26.00S,2023-11-11T02:43:18.9Z,4,REGULAR,2pt,Layup,"['pointsinthepaint', 'fromturnover', '2ndchance']",1628436,93.9060446780552,48.529411764705884,1610612738,114,92,2023-11-11T02:45:26Z,5665000,False,-7.0,5.0,1,right,MISS L. Kornet tip Layup,[1628436],1610612738.0,BOS,tip,,,Kornet,L. Kornet,,,,,Restricted Area,0-8 Center,0.88,Missed,,,,,,,,,,,,,,,,,,
600,PT04M24.00S,2023-11-11T02:43:20.9Z,4,REGULAR,rebound,offensive,[],1628436,,,1610612738,114,92,2023-11-11T02:45:26Z,5667500,False,,,0,,L. Kornet REBOUND (Off:5 Def:3),[1628436],1610612738.0,BOS,,,,Kornet,L. Kornet,,,,,Restricted Area,0-8 Center,,,,,,,599.0,8.0,3.0,5.0,,,,,,,,,,
579,PT04M21.00S,2023-11-11T02:43:22.7Z,4,REGULAR,3pt,Jump Shot,"['fromturnover', '2ndchance']",201950,68.80749014454665,27.205882352941174,1610612738,114,92,2023-11-11T02:45:26Z,5670000,False,-114.0,241.0,1,right,MISS J. Holiday 26' pullup 3PT,[201950],1610612738.0,BOS,pullup,,,Holiday,J. Holiday,,,,,Above the Break 3,24+ Left Center,26.63,Missed,,,,,,,,,,,,,,,,,,
580,PT04M18.00S,2023-11-11T02:43:25.7Z,4,REGULAR,rebound,offensive,[],1628436,,,1610612738,114,92,2023-11-11T02:43:30Z,5680000,False,,,0,,L. Kornet REBOUND (Off:6 Def:3),[1628436],1610612738.0,BOS,,,,Kornet,L. Kornet,,,,,Above the Break 3,24+ Left Center,,,,,,,579.0,9.0,3.0,6.0,,,,,,,,,,
581,PT04M08.00S,2023-11-11T02:43:35.0Z,4,REGULAR,2pt,Layup,"['pointsinthepaint', 'fromturnover', '2ndchance']",1630202,93.51182654402102,53.92156862745098,1610612738,116,92,2023-11-11T02:43:39Z,5690000,False,20.0,8.0,1,right,P. Pritchard cutting Layup (13 PTS) (L. Kornet 1 AST),"[1630202, 1628436]",1610612738.0,BOS,cutting,,,Pritchard,P. Pritchard,,,,,Restricted Area,0-8 Center,2.14,Made,13.0,L. Kornet,1628436.0,1.0,,,,,,,,,,,,,,
583,PT03M55.00S,2023-11-11T02:43:47.9Z,4,REGULAR,2pt,Layup,['pointsinthepaint'],1628385,6.438896189224705,56.15042892156863,1610612751,116,94,2023-11-11T02:46:02Z,5710000,False,-31.0,8.0,1,left,H. Giles III Layup (2 PTS) (D. Sharpe 1 AST),"[1628385, 1630549]",1610612751.0,BKN,,,,Giles III,H. Giles III,,,,,Restricted Area,0-8 Center,3.18,Made,2.0,D. Sharpe,1630549.0,1.0,,,,,,,,,,,,,,
585,PT03M41.00S,2023-11-11T02:44:01.7Z,4,REGULAR,3pt,Jump Shot,[],1628369,67.49342969776609,27.941176470588236,1610612738,116,94,2023-11-11T02:46:20Z,5730000,False,-110.0,253.0,1,right,MISS J. Tatum 27' pullup 3PT,[1628369],1610612738.0,BOS,pullup,,,Tatum,J. Tatum,,,,,Above the Break 3,24+ Left Center,27.61,Missed,,,,,,,,,,,,,,,,,,
586,PT03M38.00S,2023-11-11T02:44:04.7Z,4,REGULAR,rebound,defensive,[],1628385,,,1610612751,116,94,2023-11-11T02:44:09Z,5740000,False,,,0,,H. Giles III REBOUND (Off:0 Def:1),[1628385],1610612751.0,BKN,,,,Giles III,H. Giles III,,,,,Above the Break 3,24+ Left Center,,,,,,,585.0,1.0,1.0,0.0,,,,,,,,,,
587,PT03M32.00S,2023-11-11T02:44:15.7Z,4,REGULAR,foul,personal,['2freethrow'],1630202,,,1610612751,116,94,2023-11-11T02:44:37Z,5750000,False,,,0,,P. Pritchard shooting personal FOUL (1 PF) (Smith Jr. 2 FT),"[1630202, 1628372]",1610612738.0,BOS,shooting,,,Pritchard,P. Pritchard,,,,,Mid-Range,8-16 Left,,,,,,,,,,,,,2534.0,1.0,0.0,Smith Jr.,1628372.0,,,
589,PT03M32.00S,2023-11-11T02:44:39.6Z,4,REGULAR,freethrow,1 of 2,[],1628372,,,1610612751,116,95,2023-11-11T02:44:39Z,5770000,False,,,0,,D. Smith Jr. Free Throw 1 of 2 (13 PTS),[1628372],1610612751.0,BKN,,,,Smith Jr.,D. Smith Jr.,,,,,,,,Made,13.0,,,,,,,,,,,,,,,,,
590,PT03M32.00S,2023-11-11T02:44:40.3Z,4,REGULAR,substitution,out,[],1628369,,,1610612751,116,95,2023-11-11T02:44:48Z,5780000,False,,,0,,SUB out: J. Tatum,[1628369],1610612738.0,BOS,,,,Tatum,J. Tatum,,,,,,,,,,,,,,,,,,,,,,,,,,
591,PT03M32.00S,2023-11-11T02:44:40.3Z,4,REGULAR,substitution,out,[],201950,,,1610612751,116,95,2023-11-11T02:44:48Z,5790000,False,,,0,,SUB out: J. Holiday,[201950],1610612738.0,BOS,,,,Holiday,J. Holiday,,,,,,,,,,,,,,,,,,,,,,,,,,
592,PT03M32.00S,2023-11-11T02:44:40.3Z,4,REGULAR,substitution,in,[],1629004,,,1610612751,116,95,2023-11-11T02:44:48Z,5800000,False,,,0,,SUB in: S. Mykhailiuk,[1629004],1610612738.0,BOS,,,,Mykhailiuk,S. Mykhailiuk,,,,,,,,,,,,,,,,,,,,,,,,,,
593,PT03M32.00S,2023-11-11T02:44:40.3Z,4,REGULAR,substitution,in,[],1630625,,,1610612751,116,95,2023-11-11T02:44:48Z,5810000,False,,,0,,SUB in: D. Banton,[1630625],1610612738.0,BOS,,,,Banton,D. Banton,,,,,,,,,,,,,,,,,,,,,,,,,,
594,PT03M32.00S,2023-11-11T02:44:54.8Z,4,REGULAR,freethrow,2 of 2,[],1628372,,,1610612751,116,96,2023-11-11T02:44:54Z,5820000,False,,,0,,D. Smith Jr. Free Throw 2 of 2 (14 PTS),[1628372],1610612751.0,BKN,,,,Smith Jr.,D. Smith Jr.,,,,,,,,Made,14.0,,,,,,,,,,,,,,,,,
595,PT03M17.00S,2023-11-11T02:45:12.1Z,4,REGULAR,3pt,Jump Shot,[],1629004,66.96780551905388,55.392156862745104,1610612738,116,96,2023-11-11T02:45:38Z,5830000,False,27.0,258.0,1,right,MISS S. Mykhailiuk 25' 3PT,[1629004],1610612738.0,BOS,,,,Mykhailiuk,S. Mykhailiuk,,,,,Above the Break 3,24+ Center,25.94,Missed,,,,,,,,,,,,,,,,,,
596,PT03M15.00S,2023-11-11T02:45:14.1Z,4,REGULAR,rebound,defensive,[],1629717,,,1610612751,116,96,2023-11-11T02:45:38Z,5840000,False,,,0,,A. Brooks REBOUND (Off:1 Def:3),[1629717],1610612751.0,BKN,,,,Brooks,A. Brooks,,,,,Above the Break 3,24+ Center,,,,,,,595.0,4.0,3.0,1.0,,,,,,,,,,
597,PT03M06.00S,2023-11-11T02:45:22.9Z,4,REGULAR,3pt,Jump Shot,[],1628385,32.40801576872536,67.64705882352942,1610612751,116,99,2023-11-11T02:45:41Z,5850000,False,-88.0,252.0,1,left,H. Giles III 26' 3PT  (5 PTS) (D. Smith Jr. 4 AST),"[1628385, 1628372]",1610612751.0,BKN,,,,Giles III,H. Giles III,,,,,Above the Break 3,24+ Left Center,26.71,Made,5.0,D. Smith Jr.,1628372.0,4.0,,,,,,,,,,,,,,
601,PT02M39.00S,2023-11-11T02:45:49.7Z,4,REGULAR,3pt,Jump Shot,[],1630573,69.72733245729303,74.50980392156863,1610612738,116,99,2023-11-11T02:45:57Z,5870000,False,123.0,232.0,1,right,MISS S. Hauser 26' 3PT,[1630573],1610612738.0,BOS,,,,Hauser,S. Hauser,,,,,Above the Break 3,24+ Right Center,26.24,Missed,,,,,,,,,,,,,,,,,,
602,PT02M38.00S,2023-11-11T02:45:50.7Z,4,REGULAR,rebound,offensive,[],1630625,,,1610612738,116,99,2023-11-11T02:45:57Z,5880000,False,,,0,,D. Banton REBOUND (Off:1 Def:0),[1630625],1610612738.0,BOS,,,,Banton,D. Banton,,,,,Above the Break 3,24+ Right Center,,,,,,,601.0,1.0,0.0,1.0,,,,,,,,,,
603,PT02M38.00S,2023-11-11T02:45:54.4Z,4,REGULAR,2pt,Layup,"['2ndchance', 'pointsinthepaint']",1630625,94.40999984741211,50.0,1610612738,116,99,2023-11-11T02:46:05Z,5890000,False,0.0,0.0,1,right,MISS D. Banton tip Layup,[1630625],1610612738.0,BOS,tip,,,Banton,D. Banton,,,,,Restricted Area,0-8 Center,0.0,Missed,,,,,,,,,,,,,,,,,,
604,PT02M37.00S,2023-11-11T02:45:55.4Z,4,REGULAR,rebound,defensive,[],1630549,,,1610612751,116,99,2023-11-11T02:46:05Z,5900000,False,,,0,,D. Sharpe REBOUND (Off:0 Def:3),[1630549],1610612751.0,BKN,,,,Sharpe,D. Sharpe,,,,,Restricted Area,0-8 Center,,,,,,,603.0,3.0,3.0,0.0,,,,,,,,,,
605,PT02M32.00S,2023-11-11T02:45:57.3Z,4,REGULAR,2pt,DUNK,"['pointsinthepaint', 'fastbreak']",1628385,8.09789750328515,50.73529411764706,1610612751,116,101,2023-11-11T02:46:11Z,5910000,False,-4.0,24.0,1,left,H. Giles III running DUNK (7 PTS) (D. Smith Jr. 5 AST),"[1628385, 1628372]",1610612751.0,BKN,running,,,Giles III,H. Giles III,,,,,Restricted Area,0-8 Center,2.39,Made,7.0,D. Smith Jr.,1628372.0,5.0,,,,,,,,,,,,,,
607,PT02M06.00S,2023-11-11T02:46:26.2Z,4,REGULAR,turnover,out-of-bounds,[],1629004,,,1610612738,116,101,2023-11-11T02:46:31Z,5930000,False,,,0,,S. Mykhailiuk bad pass out-of-bounds TURNOVER (2 TO),[1629004],1610612738.0,BOS,bad pass,,,Mykhailiuk,S. Mykhailiuk,,,,,Restricted Area,0-8 Center,,,,,,,,,,,,,2534.0,,,,,2.0,,
608,PT02M06.00S,2023-11-11T02:46:31.6Z,4,REGULAR,timeout,full,"['team', 'mandatory']",0,,,1610612751,116,101,2023-11-11T02:46:31Z,5940000,False,,,0,,BKN Timeout,[],1610612751.0,BKN,,,,,,,,,,,,,,,,,,,,,,,,,,,,,,,
609,PT02M06.00S,2023-11-11T02:48:53.7Z,4,REGULAR,substitution,out,[],1628436,,,1610612751,116,101,2023-11-11T02:49:33Z,5950000,False,,,0,,SUB out: L. Kornet,[1628436],1610612738.0,BOS,,,,Kornet,L. Kornet,,,,,,,,,,,,,,,,,,,,,,,,,,
610,PT02M06.00S,2023-11-11T02:48:53.7Z,4,REGULAR,substitution,in,[],1629052,,,1610612751,116,101,2023-11-11T02:49:33Z,5960000,False,,,0,,SUB in: O. Brissett,[1629052],1610612738.0,BOS,,,,Brissett,O. Brissett,,,,,,,,,,,,,,,,,,,,,,,,,,
611,PT01M50.00S,2023-11-11T02:50:05.5Z,4,REGULAR,2pt,Layup,"['pointsinthepaint', 'fromturnover']",1630570,10.64388961892247,39.82077205882353,1610612751,116,101,2023-11-11T02:50:12Z,5970000,False,51.0,48.0,1,left,MISS T. Watford 6' driving Layup,[1630570],1610612751.0,BKN,driving,,,Watford,T. Watford,,,,,In The Paint (Non-RA),0-8 Center,6.97,Missed,,,,,,,,,,,,,,,,,,
612,PT01M47.00S,2023-11-11T02:50:08.5Z,4,REGULAR,rebound,defensive,[],1629004,,,1610612738,116,101,2023-11-11T02:51:53Z,5980000,False,,,0,,S. Mykhailiuk REBOUND (Off:0 Def:1),[1629004],1610612738.0,BOS,,,,Mykhailiuk,S. Mykhailiuk,,,,,In The Paint (Non-RA),0-8 Center,,,,,,,611.0,1.0,1.0,0.0,,,,,,,,,,
613,PT01M36.00S,2023-11-11T02:50:19.2Z,4,REGULAR,3pt,Jump Shot,[],1630573,69.07030223390277,73.52941176470588,1610612738,119,101,2023-11-11T02:50:23Z,5990000,False,118.0,238.0,1,right,S. Hauser 26' 3PT pullup (15 PTS),[1630573],1610612738.0,BOS,pullup,,,Hauser,S. Hauser,,,,,Above the Break 3,24+ Right Center,26.56,Made,15.0,,,,,,,,,,,,,,,,,
614,PT01M21.00S,2023-11-11T02:50:38.9Z,4,REGULAR,2pt,Layup,['pointsinthepaint'],1630570,9.806176084099869,47.794117647058826,1610612751,119,103,2023-11-11T02:50:43Z,6000000,False,11.0,40.0,1,left,T. Watford cutting Layup (14 PTS) (D. Smith Jr. 6 AST),"[1630570, 1628372]",1610612751.0,BKN,cutting,,,Watford,T. Watford,,,,,Restricted Area,0-8 Center,4.12,Made,14.0,D. Smith Jr.,1628372.0,6.0,,,,,,,,,,,,,,
616,PT01M12.00S,2023-11-11T02:50:51.5Z,4,REGULAR,foul,personal,"['inpenalty', '2freethrow']",1628385,,,1610612738,119,103,2023-11-11T02:50:59Z,6020000,False,,,0,,H. Giles III shooting personal FOUL (1 PF) (Brissett 2 FT),"[1628385, 1629052]",1610612751.0,BKN,shooting,,,Giles III,H. Giles III,,,,,Restricted Area,0-8 Center,,,,,,,,,,,,,2534.0,1.0,0.0,Brissett,1629052.0,,,
618,PT01M12.00S,2023-11-11T02:51:15.3Z,4,REGULAR,freethrow,1 of 2,[],1629052,,,1610612738,119,103,2023-11-11T02:51:15Z,6040000,False,,,0,,MISS O. Brissett Free Throw 1 of 2,[1629052],1610612738.0,BOS,,,,Brissett,O. Brissett,,,,,,,,Missed,,,,,,,,,,,,,,,,,,
619,PT01M12.00S,2023-11-11T02:51:15.3Z,4,REGULAR,rebound,offensive,"['deadball', 'team']",0,,,1610612738,119,103,2023-11-11T02:51:15Z,6050000,False,,,0,,TEAM offensive REBOUND,[],1610612738.0,BOS,,,,,,,,,,,,,,,,,,618.0,,,,,,,,,,,,,
620,PT01M12.00S,2023-11-11T02:51:29.2Z,4,REGULAR,freethrow,2 of 2,[],1629052,,,1610612738,120,103,2023-11-11T02:51:29Z,6060000,False,,,0,,O. Brissett Free Throw 2 of 2 (1 PTS),[1629052],1610612738.0,BOS,,,,Brissett,O. Brissett,,,,,,,,Made,1.0,,,,,,,,,,,,,,,,,
621,PT00M59.90S,2023-11-11T02:51:43.4Z,4,REGULAR,2pt,Layup,['pointsinthepaint'],1630549,8.360709592641262,50.49019607843137,1610612751,120,105,2023-11-11T02:51:49Z,6070000,False,-2.0,26.0,1,left,D. Sharpe Layup (3 PTS) (D. Smith Jr. 7 AST),"[1630549, 1628372]",1610612751.0,BKN,,,,Sharpe,D. Sharpe,,,,,Restricted Area,0-8 Center,2.62,Made,3.0,D. Smith Jr.,1628372.0,7.0,,,,,,,,,,,,,,
623,PT00M46.30S,2023-11-11T02:52:00.8Z,4,REGULAR,foul,personal,"['inpenalty', '2freethrow']",1628372,,,1610612738,120,105,2023-11-11T02:52:11Z,6090000,False,,,0,,D. Smith Jr. shooting personal FOUL (4 PF) (Brissett 2 FT),"[1628372, 1629052]",1610612751.0,BKN,shooting,,,Smith Jr.,D. Smith Jr.,,,,,Restricted Area,0-8 Center,,,,,,,,,,,,,1151.0,4.0,0.0,Brissett,1629052.0,,,
625,PT00M46.30S,2023-11-11T02:52:27.5Z,4,REGULAR,freethrow,1 of 2,[],1629052,,,1610612738,120,105,2023-11-11T02:52:27Z,6110000,False,,,0,,MISS O. Brissett Free Throw 1 of 2,[1629052],1610612738.0,BOS,,,,Brissett,O. Brissett,,,,,,,,Missed,,,,,,,,,,,,,,,,,,
626,PT00M46.30S,2023-11-11T02:52:27.5Z,4,REGULAR,rebound,offensive,"['deadball', 'team']",0,,,1610612738,120,105,2023-11-11T02:52:27Z,6120000,False,,,0,,TEAM offensive REBOUND,[],1610612738.0,BOS,,,,,,,,,,,,,,,,,,625.0,,,,,,,,,,,,,
627,PT00M46.30S,2023-11-11T02:52:39.9Z,4,REGULAR,freethrow,2 of 2,[],1629052,,,1610612738,121,105,2023-11-11T02:52:39Z,6130000,False,,,0,,O. Brissett Free Throw 2 of 2 (2 PTS),[1629052],1610612738.0,BOS,,,,Brissett,O. Brissett,,,,,,,,Made,2.0,,,,,,,,,,,,,,,,,
628,PT00M38.20S,2023-11-11T02:52:49.8Z,4,REGULAR,3pt,Jump Shot,[],1629717,34.641918528252305,46.32352941176471,1610612751,121,105,2023-11-11T02:52:57Z,6140000,False,18.0,273.0,1,left,MISS A. Brooks 27' 3PT,[1629717],1610612751.0,BKN,,,,Brooks,A. Brooks,,,,,Above the Break 3,24+ Center,27.37,Missed,,,,,,,,,,,,,,,,,,
629,PT00M36.80S,2023-11-11T02:52:51.2Z,4,REGULAR,rebound,offensive,[],1630570,,,1610612751,121,105,2023-11-11T02:52:57Z,6150000,False,,,0,,T. Watford REBOUND (Off:3 Def:4),[1630570],1610612751.0,BKN,,,,Watford,T. Watford,,,,,Above the Break 3,24+ Center,,,,,,,628.0,7.0,4.0,3.0,,,,,,,,,,
630,PT00M30.70S,2023-11-11T02:52:57.7Z,4,REGULAR,foul,personal,['2freethrow'],1629052,,,1610612751,121,105,2023-11-11T02:53:05Z,6160000,False,,,0,,O. Brissett shooting personal FOUL (2 PF) (Sharpe 2 FT),"[1629052, 1630549]",1610612738.0,BOS,shooting,,,Brissett,O. Brissett,,,,,In The Paint (Non-RA),0-8 Center,,,,,,,,,,,,,1151.0,2.0,0.0,Sharpe,1630549.0,,,
632,PT00M30.70S,2023-11-11T02:53:18.7Z,4,REGULAR,freethrow,1 of 2,['2ndchance'],1630549,,,1610612751,121,106,2023-11-11T02:53:18Z,6180000,False,,,0,,D. Sharpe Free Throw 1 of 2 (4 PTS),[1630549],1610612751.0,BKN,,,,Sharpe,D. Sharpe,,,,,,,,Made,4.0,,,,,,,,,,,,,,,,,
633,PT00M30.70S,2023-11-11T02:53:32.2Z,4,REGULAR,freethrow,2 of 2,['2ndchance'],1630549,,,1610612751,121,107,2023-11-11T02:53:32Z,6190000,False,,,0,,D. Sharpe Free Throw 2 of 2 (5 PTS),[1630549],1610612751.0,BKN,,,,Sharpe,D. Sharpe,,,,,,,,Made,5.0,,,,,,,,,,,,,,,,,
634,PT00M06.70S,2023-11-11T02:54:00.3Z,4,REGULAR,turnover,shot clock,['team'],0,,,1610612738,121,107,2023-11-11T02:54:12Z,6200000,False,,,0,,BOS shot clock Team TURNOVER,[],1610612738.0,BOS,,,,,,,,,,Above the Break 3,24+ Left Center,,,,,,,,,,,,,,,,,,,,
635,PT00M00.00S,2023-11-11T02:54:20.0Z,4,REGULAR,period,end,[],0,,,1610612751,121,107,2023-11-11T02:54:20Z,6210000,False,,,0,,Period End,[],,,,,,,,,,,,,,,,,,,,,,,,,,,,,,,,,
636,PT00M00.00S,2023-11-11T02:54:47.5Z,4,REGULAR,game,end,[],0,,,0,121,107,2023-11-11T02:54:47Z,6220000,False,,,0,,Game End,[],,,,,,,,,,,,,,,,,,,,,,,,,,,,,,,,,
