actionNumber,clock,timeActual,period,periodType,actionType,subType,qualifiers,personId,x,y,possession,scoreHome,scoreAway,edited,orderNumber,isTargetScoreLastPeriod,xLegacy,yLegacy,isFieldGoal,side,description,personIdsFilter,teamId,teamTricode,descriptor,jumpBallRecoveredName,jumpBallRecoverdPersonId,playerName,playerNameI,jumpBallWonPlayerName,jumpBallWonPersonId,jumpBallLostPlayerName,jumpBallLostPersonId,area,areaDetail,shotDistance,shotResult,shotActionNumber,reboundTotal,reboundDefensiveTotal,reboundOffensiveTotal,pointsTotal,assistPlayerNameInitial,assistPersonId,assistTotal,turnoverTotal,stealPlayerName,stealPersonId,officialId,foulPersonalTotal,foulTechnicalTotal,foulDrawnPlayerName,foulDrawnPersonId,blockPlayerName,blockPersonId
2,PT12M00.00S,2024-04-09T23:16:53.3Z,1,REGULAR,period,start,[],0,,,0,0,0,2024-04-09T23:16:53Z,20000,False,,,0,,Period Start,[],,,,,,,,,,,,,,,,,,,,,,,,,,,,,,,,,
4,PT11M56.00S,2024-04-09T23:17:59.0Z,1,REGULAR,jumpball,recovered,[],201587,,,1610612755,0,0,2024-04-09T23:17:59Z,40000,False,,,0,,Jump Ball J. Embiid vs. J. Duren: Tip to N. Batum,"[201587, 203954, 1631105]",1610612755.0,PHI,startperiod,N. Batum,201587.0,Batum,N. Batum,Embiid,203954.0,Duren,1631105.0,,,,,,,,,,,,,,,,,,,,,,
7,PT11M36.00S,2024-04-09T23:18:19.0Z,1,REGULAR,3pt,Jump Shot,[],203954,23.04533508541394,5.392156862745097,1610612755,0,0,2024-04-09T23:18:25Z,70000,False,223.0,164.0,1,left,MISS J. Embiid 27' step back 3PT,[203954],1610612755.0,PHI,step back,,,Embiid,J. Embiid,,,,,Above the Break 3,24+ Right Center,27.69,Missed,,,,,,,,,,,,,,,,,,
8,PT11M34.00S,2024-04-09T23:18:21.0Z,1,REGULAR,rebound,defensive,[],1631204,,,1610612765,0,0,2024-04-09T23:18:26Z,80000,False,,,0,,M. Sasser REBOUND (Off:0 Def:1),[1631204],1610612765.0,DET,,,,Sasser,M. Sasser,,,,,Above the Break 3,24+ Right Center,,,7.0,1.0,1.0,0.0,,,,,,,,,,,,,,
9,PT11M14.00S,2024-04-09T23:18:41.3Z,1,REGULAR,2pt,Jump Shot,['pointsinthepaint'],1631093,88.35413929040736,53.92156862745098,1610612765,0,2,2024-04-09T23:18:45Z,90000,False,20.0,57.0,1,right,J. Ivey 6' fadeaway Jump Shot (2 PTS) (J. Duren 1 AST),"[1631093, 1631105]",1610612765.0,DET,fadeaway,,,Ivey,J. Ivey,,,,,In The Paint (Non-RA),0-8 Center,6.03,Made,,,,,2.0,J. Duren,1631105.0,1.0,,,,,,,,,,
13,PT10M54.00S,2024-04-09T23:19:33.9Z,1,REGULAR,2pt,Layup,['pointsinthepaint'],202699,6.225361366622863,53.67647058823529,1610612755,2,2,2024-04-09T23:19:37Z,130000,False,-18.0,6.0,1,left,T. Harris Layup (2 PTS) (N. Batum 1 AST),"[202699, 201587]",1610612755.0,PHI,,,,Harris,T. Harris,,,,,Restricted Area,0-8 Center,1.94,Made,,,,,2.0,N. Batum,201587.0,1.0,,,,,,,,,,
15,PT10M35.00S,2024-04-09T23:19:52.3Z,1,REGULAR,turnover,bad pass,[],1631093,,,1610612765,2,2,2024-04-09T23:23:19Z,150000,False,,,0,,J. Ivey bad pass TURNOVER (1 TO),"[1631093, 203954]",1610612765.0,DET,,,,Ivey,J. Ivey,,,,,Restricted Area,0-8 Center,,,,,,,,,,,1.0,Embiid,203954.0,,,,,,,
16,PT10M35.00S,2024-04-09T23:19:52.3Z,1,REGULAR,steal,,[],203954,,,1610612755,2,2,2024-04-09T23:19:54Z,160000,False,,,0,,J. Embiid STEAL (1 STL),[203954],1610612755.0,PHI,,,,Embiid,J. Embiid,,,,,Restricted Area,0-8 Center,,,,,,,,,,,,,,,,,,,,
17,PT10M23.00S,2024-04-09T23:20:04.5Z,1,REGULAR,2pt,Jump Shot,"['pointsinthepaint', 'fromturnover']",1626162,18.31471747700394,60.294117647058826,1610612755,2,2,2024-04-09T23:20:09Z,170000,False,-51.0,120.0,1,left,MISS K. Oubre Jr. 13' pullup Shot,[1626162],1610612755.0,PHI,pullup,,,Oubre Jr.,K. Oubre Jr.,,,,,In The Paint (Non-RA),8-16 Center,13.03,Missed,,,,,,,,,,,,,,,,,,
18,PT10M19.00S,2024-04-09T23:20:08.5Z,1,REGULAR,rebound,defensive,[],1628972,,,1610612765,2,2,2024-04-09T23:20:09Z,180000,False,,,0,,T. Brown Jr. REBOUND (Off:0 Def:1),[1628972],1610612765.0,DET,,,,Brown Jr.,T. Brown Jr.,,,,,In The Paint (Non-RA),8-16 Center,,,17.0,1.0,1.0,0.0,,,,,,,,,,,,,,
19,PT10M10.00S,2024-04-09T23:20:16.9Z,1,REGULAR,2pt,Jump Shot,['pointsinthepaint'],1631093,82.04664914586071,34.31372549019608,1610612765,2,2,2024-04-09T23:20:21Z,190000,False,-78.0,116.0,1,right,MISS J. Ivey 14' pullup Shot,[1631093],1610612765.0,DET,pullup,,,Ivey,J. Ivey,,,,,In The Paint (Non-RA),8-16 Left,14.03,Missed,,,,,,,,,,,,,,,,,,
20,PT10M08.00S,2024-04-09T23:20:18.9Z,1,REGULAR,rebound,defensive,[],202699,,,1610612755,2,2,2024-04-09T23:20:21Z,200000,False,,,0,,T. Harris REBOUND (Off:0 Def:1),[202699],1610612755.0,PHI,,,,Harris,T. Harris,,,,,In The Paint (Non-RA),8-16 Left,,,19.0,1.0,1.0,0.0,,,,,,,,,,,,,,
21,PT10M00.00S,2024-04-09T23:20:26.4Z,1,REGULAR,2pt,Layup,['pointsinthepaint'],202699,9.116294349540084,49.754901960784316,1610612755,2,2,2024-04-09T23:20:31Z,210000,False,1.0,33.0,1,left,MISS T. Harris driving Layup,[202699],1610612755.0,PHI,driving,,,Harris,T. Harris,,,,,Restricted Area,0-8 Center,3.32,Missed,,,,,,,,,,,,,,,,,,
22,PT09M57.00S,2024-04-09T23:20:29.4Z,1,REGULAR,rebound,offensive,[],202699,,,1610612755,2,2,2024-04-09T23:20:31Z,220000,False,,,0,,T. Harris REBOUND (Off:1 Def:1),[202699],1610612755.0,PHI,,,,Harris,T. Harris,,,,,Restricted Area,0-8 Center,,,21.0,2.0,1.0,1.0,,,,,,,,,,,,,,
23,PT09M57.00S,2024-04-09T23:20:29.6Z,1,REGULAR,2pt,Layup,"['pointsinthepaint', '2ndchance']",202699,5.590000152587891,50.0,1610612755,2,2,2024-04-09T23:20:29Z,230000,False,0.0,0.0,1,left,MISS T. Harris tip Layup,[202699],1610612755.0,PHI,tip,,,Harris,T. Harris,,,,,Mid-Range,8-16 Left,0.0,Missed,,,,,,,,,,,,,,,,,,
24,PT09M57.00S,2024-04-09T23:20:30.1Z,1,REGULAR,rebound,offensive,[],201587,,,1610612755,2,2,2024-04-09T23:20:30Z,240000,False,,,0,,N. Batum REBOUND (Off:1 Def:0),[201587],1610612755.0,PHI,,,,Batum,N. Batum,,,,,Mid-Range,8-16 Left,,,23.0,1.0,0.0,1.0,,,,,,,,,,,,,,
25,PT09M54.00S,2024-04-09T23:20:32.9Z,1,REGULAR,3pt,Jump Shot,['2ndchance'],203954,30.535479632063073,25.0,1610612755,2,2,2024-04-09T23:20:36Z,250000,False,125.0,235.0,1,left,MISS J. Embiid 26' 3PT,[203954],1610612755.0,PHI,,,,Embiid,J. Embiid,,,,,Above the Break 3,24+ Right Center,26.57,Missed,,,,,,,,,,,,,,,,,,
26,PT09M51.00S,2024-04-09T23:20:35.9Z,1,REGULAR,rebound,defensive,[],1631105,,,1610612765,2,2,2024-04-09T23:20:36Z,260000,False,,,0,,J. Duren REBOUND (Off:0 Def:1),[1631105],1610612765.0,DET,,,,Duren,J. Duren,,,,,Above the Break 3,24+ Right Center,,,25.0,1.0,1.0,0.0,,,,,,,,,,,,,,
27,PT09M46.00S,2024-04-09T23:20:41.1Z,1,REGULAR,2pt,Layup,"['pointsinthepaint', 'fastbreak']",1631105,93.87319316688567,57.35294117647059,1610612765,2,2,2024-04-09T23:20:46Z,270000,False,37.0,5.0,1,right,MISS J. Duren running Layup,[1631105],1610612765.0,DET,running,,,Duren,J. Duren,,,,,Restricted Area,0-8 Center,3.72,Missed,,,,,,,,,,,,,,,,,,
28,PT09M44.00S,2024-04-09T23:20:43.1Z,1,REGULAR,rebound,defensive,[],202699,,,1610612755,2,2,2024-04-09T23:20:46Z,280000,False,,,0,,T. Harris REBOUND (Off:1 Def:2),[202699],1610612755.0,PHI,,,,Harris,T. Harris,,,,,Restricted Area,0-8 Center,,,27.0,3.0,2.0,1.0,,,,,,,,,,,,,,
29,PT09M41.00S,2024-04-09T23:20:46.8Z,1,REGULAR,2pt,Layup,"['pointsinthepaint', 'fastbreak']",1626166,6.225361366622863,50.49019607843137,1610612755,4,2,2024-04-09T23:20:51Z,290000,False,-2.0,6.0,1,left,C. Payne running Layup (2 PTS) (T. Harris 1 AST),"[1626166, 202699]",1610612755.0,PHI,running,,,Payne,C. Payne,,,,,Restricted Area,0-8 Center,0.65,Made,,,,,2.0,T. Harris,202699.0,1.0,,,,,,,,,,
31,PT09M25.00S,2024-04-09T23:21:02.2Z,1,REGULAR,turnover,bad pass,[],1631093,,,1610612765,4,2,2024-04-09T23:21:05Z,310000,False,,,0,,J. Ivey bad pass TURNOVER (2 TO),"[1631093, 203954]",1610612765.0,DET,,,,Ivey,J. Ivey,,,,,In The Paint (Non-RA),8-16 Center,,,,,,,,,,,2.0,Embiid,203954.0,,,,,,,
32,PT09M25.00S,2024-04-09T23:21:02.2Z,1,REGULAR,steal,,[],203954,,,1610612755,4,2,2024-04-09T23:21:04Z,320000,False,,,0,,J. Embiid STEAL (2 STL),[203954],1610612755.0,PHI,,,,Embiid,J. Embiid,,,,,In The Paint (Non-RA),8-16 Center,,,,,,,,,,,,,,,,,,,,
33,PT09M18.00S,2024-04-09T23:21:11.1Z,1,REGULAR,foul,personal,[],1631105,,,1610612755,4,2,2024-04-09T23:21:18Z,330000,False,,,0,,J. Duren personal FOUL (1 PF),"[1631105, 203954]",1610612765.0,DET,,,,Duren,J. Duren,,,,,Mid-Range,8-16 Right,,,,,,,,,,,,,,1198.0,1.0,0.0,Embiid,203954.0,,
35,PT09M11.00S,2024-04-09T23:21:36.3Z,1,REGULAR,2pt,Jump Shot,"['pointsinthepaint', 'fromturnover']",202699,17.263469119579497,43.872549019607845,1610612755,4,2,2024-04-09T23:21:40Z,350000,False,31.0,110.0,1,left,MISS T. Harris 11' pullup Shot,[202699],1610612755.0,PHI,pullup,,,Harris,T. Harris,,,,,In The Paint (Non-RA),8-16 Center,11.4,Missed,,,,,,,,,,,,,,,,,,
36,PT09M07.00S,2024-04-09T23:21:40.3Z,1,REGULAR,rebound,defensive,[],1631105,,,1610612765,4,2,2024-04-09T23:21:40Z,360000,False,,,0,,J. Duren REBOUND (Off:0 Def:2),[1631105],1610612765.0,DET,,,,Duren,J. Duren,,,,,In The Paint (Non-RA),8-16 Center,,,35.0,2.0,2.0,0.0,,,,,,,,,,,,,,
37,PT08M54.00S,2024-04-09T23:21:52.9Z,1,REGULAR,2pt,Jump Shot,['pointsinthepaint'],1629002,84.67477003942182,59.80392156862745,1610612765,4,2,2024-04-09T23:21:58Z,370000,False,49.0,92.0,1,right,MISS C. Metu 10' pullup Shot,[1629002],1610612765.0,DET,pullup,,,Metu,C. Metu,,,,,In The Paint (Non-RA),8-16 Center,10.39,Missed,,,,,,,,,,,,,,,,,,
38,PT08M53.00S,2024-04-09T23:21:53.9Z,1,REGULAR,rebound,offensive,[],1629002,,,1610612765,4,2,2024-04-09T23:30:54Z,380000,False,,,0,,C. Metu REBOUND (Off:1 Def:0),[1629002],1610612765.0,DET,,,,Metu,C. Metu,,,,,In The Paint (Non-RA),8-16 Center,,,37.0,1.0,0.0,1.0,,,,,,,,,,,,,,
90,PT08M53.00S,2024-04-09T23:22:00.7Z,1,REGULAR,2pt,Jump Shot,"['pointsinthepaint', '2ndchance']",1629002,82.17805519053877,54.411764705882355,1610612765,4,2,2024-04-09T23:30:41Z,395000,False,22.0,115.0,1,right,MISS C. Metu 11' Jump Shot - blocked,"[1629002, 202699]",1610612765.0,DET,,,,Metu,C. Metu,,,,,In The Paint (Non-RA),8-16 Center,11.71,Missed,,,,,,,,,,,,,,,,,Harris,202699.0
91,PT08M53.00S,2024-04-09T23:22:00.7Z,1,REGULAR,block,,[],202699,,,1610612765,4,2,2024-04-09T23:30:41Z,402500,False,,,0,,T. Harris BLOCK (1 BLK),[202699],1610612755.0,PHI,,,,Harris,T. Harris,,,,,In The Paint (Non-RA),8-16 Center,,,,,,,,,,,,,,,,,,,,
92,PT08M52.00S,2024-04-09T23:22:01.7Z,1,REGULAR,rebound,defensive,[],202699,,,1610612755,4,2,2024-04-09T23:30:41Z,406250,False,,,0,,T. Harris REBOUND (Off:1 Def:3),[202699],1610612755.0,PHI,,,,Harris,T. Harris,,,,,In The Paint (Non-RA),8-16 Center,,,90.0,4.0,3.0,1.0,,,,,,,,,,,,,,
41,PT08M42.00S,2024-04-09T23:22:08.6Z,1,REGULAR,foul,personal,['2freethrow'],1631105,,,1610612755,4,2,2024-04-09T23:22:15Z,410000,False,,,0,,J. Duren shooting personal FOUL (2 PF) (Embiid 2 FT),"[1631105, 203954]",1610612765.0,DET,shooting,,,Duren,J. Duren,,,,,In The Paint (Non-RA),0-8 Center,,,,,,,,,,,,,,1626302.0,2.0,0.0,Embiid,203954.0,,
43,PT08M42.00S,2024-04-09T23:22:34.8Z,1,REGULAR,freethrow,1 of 2,[],203954,,,1610612755,5,2,2024-04-09T23:30:13Z,430000,False,,,0,,J. Embiid Free Throw 1 of 2 (1 PTS),[203954],1610612755.0,PHI,,,,Embiid,J. Embiid,,,,,,,,Made,,,,,1.0,,,,,,,,,,,,,
44,PT08M42.00S,2024-04-09T23:22:35.9Z,1,REGULAR,substitution,out,[],1631105,,,1610612755,5,2,2024-04-09T23:22:39Z,440000,False,,,0,,SUB out: J. Duren,[1631105],1610612765.0,DET,,,,Duren,J. Duren,,,,,,,,,,,,,,,,,,,,,,,,,,
45,PT08M42.00S,2024-04-09T23:22:35.9Z,1,REGULAR,substitution,in,[],1630164,,,1610612755,5,2,2024-04-09T23:22:39Z,450000,False,,,0,,SUB in: J. Wiseman,[1630164],1610612765.0,DET,,,,Wiseman,J. Wiseman,,,,,,,,,,,,,,,,,,,,,,,,,,
46,PT08M42.00S,2024-04-09T23:22:54.6Z,1,REGULAR,freethrow,2 of 2,[],203954,,,1610612755,6,2,2024-04-09T23:30:13Z,460000,False,,,0,,J. Embiid Free Throw 2 of 2 (2 PTS),[203954],1610612755.0,PHI,,,,Embiid,J. Embiid,,,,,,,,Made,,,,,2.0,,,,,,,,,,,,,
47,PT08M28.00S,2024-04-09T23:23:09.0Z,1,REGULAR,2pt,Jump Shot,['pointsinthepaint'],1631204,86.51445466491458,62.5,1610612765,6,4,2024-04-09T23:23:13Z,470000,False,62.0,74.0,1,right,M. Sasser 9' fadeaway Jump Shot (2 PTS),[1631204],1610612765.0,DET,fadeaway,,,Sasser,M. Sasser,,,,,In The Paint (Non-RA),8-16 Right,9.71,Made,,,,,2.0,,,,,,,,,,,,,
48,PT08M16.00S,2024-04-09T23:23:22.1Z,1,REGULAR,2pt,Layup,['pointsinthepaint'],203954,6.8823915900131425,46.81372549019608,1610612755,8,4,2024-04-09T23:23:25Z,480000,False,16.0,12.0,1,left,J. Embiid driving finger roll Layup (4 PTS) (C. Payne 1 AST),"[203954, 1626166]",1610612755.0,PHI,driving finger roll,,,Embiid,J. Embiid,,,,,Restricted Area,0-8 Center,2.0,Made,,,,,4.0,C. Payne,1626166.0,1.0,,,,,,,,,,
50,PT08M09.00S,2024-04-09T23:23:28.2Z,1,REGULAR,2pt,Layup,['pointsinthepaint'],1631093,94.00459921156373,51.22549019607843,1610612765,8,6,2024-04-09T23:26:52Z,500000,False,6.0,4.0,1,right,J. Ivey driving finger roll Layup (4 PTS),[1631093],1610612765.0,DET,driving finger roll,,,Ivey,J. Ivey,,,,,Restricted Area,0-8 Center,0.72,Made,,,,,4.0,,,,,,,,,,,,,
51,PT07M54.00S,2024-04-09T23:23:43.1Z,1,REGULAR,2pt,Jump Shot,[],203954,22.913929040735866,62.745098039215684,1610612755,10,6,2024-04-09T23:23:47Z,510000,False,-64.0,163.0,1,left,J. Embiid 17' Jump Shot (6 PTS),[203954],1610612755.0,PHI,,,,Embiid,J. Embiid,,,,,Mid-Range,16-24 Left Center,17.49,Made,,,,,6.0,,,,,,,,,,,,,
52,PT07M41.00S,2024-04-09T23:23:56.8Z,1,REGULAR,2pt,Jump Shot,['pointsinthepaint'],1630164,92.42772667542707,62.745098039215684,1610612765,10,6,2024-04-09T23:24:02Z,520000,False,64.0,19.0,1,right,MISS J. Wiseman 6' floating Shot,[1630164],1610612765.0,DET,floating,,,Wiseman,J. Wiseman,,,,,In The Paint (Non-RA),0-8 Center,6.64,Missed,,,,,,,,,,,,,,,,,,
53,PT07M39.00S,2024-04-09T23:23:58.8Z,1,REGULAR,rebound,defensive,[],203954,,,1610612755,10,6,2024-04-09T23:24:02Z,530000,False,,,0,,J. Embiid REBOUND (Off:0 Def:1),[203954],1610612755.0,PHI,,,,Embiid,J. Embiid,,,,,In The Paint (Non-RA),0-8 Center,,,52.0,1.0,1.0,0.0,,,,,,,,,,,,,,
54,PT07M24.00S,2024-04-09T23:24:13.9Z,1,REGULAR,3pt,Jump Shot,[],202699,31.980946123521676,68.87254901960785,1610612755,10,6,2024-04-09T23:24:18Z,540000,False,-94.0,248.0,1,left,MISS T. Harris 26' 3PT,[202699],1610612755.0,PHI,,,,Harris,T. Harris,,,,,Above the Break 3,24+ Left Center,26.55,Missed,,,,,,,,,,,,,,,,,,
55,PT07M20.00S,2024-04-09T23:24:17.9Z,1,REGULAR,rebound,defensive,[],1630164,,,1610612765,10,6,2024-04-09T23:24:18Z,550000,False,,,0,,J. Wiseman REBOUND (Off:0 Def:1),[1630164],1610612765.0,DET,,,,Wiseman,J. Wiseman,,,,,Above the Break 3,24+ Left Center,,,54.0,1.0,1.0,0.0,,,,,,,,,,,,,,
56,PT07M19.00S,2024-04-09T23:24:18.9Z,1,REGULAR,turnover,lost ball,[],1629002,,,1610612765,10,6,2024-04-09T23:41:19Z,560000,False,,,0,,C. Metu lost ball TURNOVER (1 TO),"[1629002, 1626166]",1610612765.0,DET,,,,Metu,C. Metu,,,,,Above the Break 3,24+ Center,,,,,,,,,,,1.0,Payne,1626166.0,,,,,,,
57,PT07M19.00S,2024-04-09T23:24:18.9Z,1,REGULAR,steal,,[],1626166,,,1610612755,10,6,2024-04-09T23:24:21Z,570000,False,,,0,,C. Payne STEAL (1 STL),[1626166],1610612755.0,PHI,,,,Payne,C. Payne,,,,,Above the Break 3,24+ Center,,,,,,,,,,,,,,,,,,,,
58,PT07M15.00S,2024-04-09T23:24:22.5Z,1,REGULAR,3pt,Jump Shot,['fromturnover'],1626162,31.84954007884363,34.803921568627445,1610612755,10,6,2024-04-09T23:24:27Z,580000,False,76.0,247.0,1,left,MISS K. Oubre Jr. 25' pullup 3PT,[1626162],1610612755.0,PHI,pullup,,,Oubre Jr.,K. Oubre Jr.,,,,,Above the Break 3,24+ Center,25.83,Missed,,,,,,,,,,,,,,,,,,
59,PT07M11.00S,2024-04-09T23:24:26.5Z,1,REGULAR,rebound,defensive,[],1629002,,,1610612765,10,6,2024-04-09T23:24:27Z,590000,False,,,0,,C. Metu REBOUND (Off:1 Def:1),[1629002],1610612765.0,DET,,,,Metu,C. Metu,,,,,Above the Break 3,24+ Center,,,58.0,2.0,1.0,1.0,,,,,,,,,,,,,,
60,PT06M59.00S,2024-04-09T23:24:37.4Z,1,REGULAR,2pt,Jump Shot,['pointsinthepaint'],1631204,80.86399474375821,40.44117647058824,1610612765,10,6,2024-04-09T23:24:42Z,600000,False,-48.0,127.0,1,right,MISS M. Sasser 13' pullup Shot,[1631204],1610612765.0,DET,pullup,,,Sasser,M. Sasser,,,,,In The Paint (Non-RA),8-16 Center,13.61,Missed,,,,,,,,,,,,,,,,,,
61,PT06M55.00S,2024-04-09T23:24:41.4Z,1,REGULAR,rebound,defensive,[],201587,,,1610612755,10,6,2024-04-09T23:24:42Z,610000,False,,,0,,N. Batum REBOUND (Off:1 Def:1),[201587],1610612755.0,PHI,,,,Batum,N. Batum,,,,,In The Paint (Non-RA),8-16 Center,,,60.0,2.0,1.0,1.0,,,,,,,,,,,,,,
62,PT06M43.00S,2024-04-09T23:24:53.2Z,1,REGULAR,3pt,Jump Shot,[],1626166,33.42641261498029,59.80392156862745,1610612755,10,6,2024-04-09T23:24:59Z,620000,False,-49.0,262.0,1,left,MISS C. Payne 26' step back 3PT,[1626166],1610612755.0,PHI,step back,,,Payne,C. Payne,,,,,Above the Break 3,24+ Center,26.62,Missed,,,,,,,,,,,,,,,,,,
63,PT06M41.00S,2024-04-09T23:24:55.2Z,1,REGULAR,rebound,offensive,[],202699,,,1610612755,10,6,2024-04-09T23:24:59Z,630000,False,,,0,,T. Harris REBOUND (Off:2 Def:3),[202699],1610612755.0,PHI,,,,Harris,T. Harris,,,,,Above the Break 3,24+ Center,,,62.0,5.0,3.0,2.0,,,,,,,,,,,,,,
64,PT06M38.00S,2024-04-09T23:24:58.6Z,1,REGULAR,2pt,Layup,"['pointsinthepaint', '2ndchance']",202699,7.408015768725363,53.67647058823529,1610612755,12,6,2024-04-09T23:25:03Z,640000,False,-18.0,17.0,1,left,T. Harris putback Layup (4 PTS),[202699],1610612755.0,PHI,putback,,,Harris,T. Harris,,,,,Restricted Area,0-8 Center,2.51,Made,,,,,4.0,,,,,,,,,,,,,
65,PT06M24.00S,2024-04-09T23:25:12.2Z,1,REGULAR,3pt,Jump Shot,[],1629002,72.32260183968462,84.06862745098039,1610612765,12,6,2024-04-09T23:25:18Z,650000,False,170.0,208.0,1,right,MISS C. Metu 26' 3PT,[1629002],1610612765.0,DET,,,,Metu,C. Metu,,,,,Above the Break 3,24+ Right Center,26.86,Missed,,,,,,,,,,,,,,,,,,
66,PT06M22.00S,2024-04-09T23:25:14.2Z,1,REGULAR,rebound,defensive,[],201587,,,1610612755,12,6,2024-04-09T23:25:18Z,660000,False,,,0,,N. Batum REBOUND (Off:1 Def:2),[201587],1610612755.0,PHI,,,,Batum,N. Batum,,,,,Above the Break 3,24+ Right Center,,,65.0,3.0,2.0,1.0,,,,,,,,,,,,,,
67,PT06M12.00S,2024-04-09T23:25:25.4Z,1,REGULAR,2pt,DUNK,['pointsinthepaint'],202699,5.962549277266746,49.50980392156863,1610612755,14,6,2024-04-09T23:25:30Z,670000,False,2.0,4.0,1,left,T. Harris cutting DUNK (6 PTS) (J. Embiid 1 AST),"[202699, 203954]",1610612755.0,PHI,cutting,,,Harris,T. Harris,,,,,Restricted Area,0-8 Center,0.43,Made,,,,,6.0,J. Embiid,203954.0,1.0,,,,,,,,,,
69,PT06M12.00S,2024-04-09T23:25:36.3Z,1,REGULAR,timeout,full,"['team', 'mandatory']",0,,,1610612765,14,6,2024-04-09T23:25:36Z,690000,False,,,0,,DET Timeout,[],1610612765.0,DET,,,,,,,,,,,,,,,,,,,,,,,,,,,,,,,
70,PT06M12.00S,2024-04-09T23:28:04.3Z,1,REGULAR,substitution,out,[],1628972,,,1610612765,14,6,2024-04-09T23:28:08Z,700000,False,,,0,,SUB out: T. Brown Jr.,[1628972],1610612765.0,DET,,,,Brown Jr.,T. Brown Jr.,,,,,,,,,,,,,,,,,,,,,,,,,,
71,PT06M12.00S,2024-04-09T23:28:04.3Z,1,REGULAR,substitution,in,[],1631197,,,1610612765,14,6,2024-04-09T23:28:08Z,710000,False,,,0,,SUB in: J. Rhoden,[1631197],1610612765.0,DET,,,,Rhoden,J. Rhoden,,,,,,,,,,,,,,,,,,,,,,,,,,
72,PT05M59.00S,2024-04-09T23:28:34.5Z,1,REGULAR,2pt,Jump Shot,[],1631204,72.32260183968462,54.16666666666667,1610612765,14,6,2024-04-09T23:28:41Z,720000,False,21.0,208.0,1,right,MISS M. Sasser 20' step back Shot,[1631204],1610612765.0,DET,step back,,,Sasser,M. Sasser,,,,,Mid-Range,16-24 Center,20.87,Missed,,,,,,,,,,,,,,,,,,
73,PT05M55.00S,2024-04-09T23:28:38.5Z,1,REGULAR,rebound,offensive,[],1631093,,,1610612765,14,6,2024-04-09T23:28:41Z,730000,False,,,0,,J. Ivey REBOUND (Off:1 Def:0),[1631093],1610612765.0,DET,,,,Ivey,J. Ivey,,,,,Mid-Range,16-24 Center,,,72.0,1.0,0.0,1.0,,,,,,,,,,,,,,
74,PT05M50.00S,2024-04-09T23:28:43.8Z,1,REGULAR,3pt,Jump Shot,['2ndchance'],1629002,92.42772667542707,97.30392156862744,1610612765,14,6,2024-04-09T23:28:50Z,740000,False,237.0,19.0,1,right,MISS C. Metu 3PT,[1629002],1610612765.0,DET,,,,Metu,C. Metu,,,,,Right Corner 3,24+ Right,23.72,Missed,,,,,,,,,,,,,,,,,,
75,PT05M44.00S,2024-04-09T23:28:49.8Z,1,REGULAR,rebound,defensive,[],202699,,,1610612755,14,6,2024-04-09T23:49:30Z,750000,False,,,0,,T. Harris REBOUND (Off:2 Def:4),[202699],1610612755.0,PHI,,,,Harris,T. Harris,,,,,Right Corner 3,24+ Right,,,74.0,6.0,4.0,2.0,,,,,,,,,,,,,,
76,PT05M35.00S,2024-04-09T23:29:01.0Z,1,REGULAR,turnover,out-of-bounds,[],203954,,,1610612755,14,6,2024-04-09T23:29:06Z,760000,False,,,0,,J. Embiid bad pass out-of-bounds TURNOVER (1 TO),[203954],1610612755.0,PHI,bad pass,,,Embiid,J. Embiid,,,,,Mid-Range,8-16 Left,,,,,,,,,,,1.0,,,1148.0,,,,,,
77,PT05M25.00S,2024-04-09T23:29:17.5Z,1,REGULAR,3pt,Jump Shot,['fromturnover'],1631093,73.50525624178712,14.705882352941174,1610612765,14,9,2024-04-09T23:29:21Z,770000,False,-176.0,197.0,1,right,J. Ivey 26' 3PT pullup (7 PTS) (M. Sasser 1 AST),"[1631093, 1631204]",1610612765.0,DET,pullup,,,Ivey,J. Ivey,,,,,Above the Break 3,24+ Left Center,26.42,Made,,,,,7.0,M. Sasser,1631204.0,1.0,,,,,,,,,,
79,PT05M06.00S,2024-04-09T23:29:37.8Z,1,REGULAR,2pt,Jump Shot,['pointsinthepaint'],1626162,19.365965834428394,56.86274509803921,1610612755,14,9,2024-04-09T23:31:12Z,790000,False,-34.0,130.0,1,left,MISS K. Oubre Jr. 13' pullup Shot,[1626162],1610612755.0,PHI,pullup,,,Oubre Jr.,K. Oubre Jr.,,,,,In The Paint (Non-RA),8-16 Center,13.4,Missed,,,,,,,,,,,,,,,,,,
80,PT05M00.00S,2024-04-09T23:29:42.7Z,1,REGULAR,rebound,defensive,[],1630164,,,1610612765,14,9,2024-04-09T23:29:42Z,800000,False,,,0,,J. Wiseman REBOUND (Off:0 Def:2),[1630164],1610612765.0,DET,,,,Wiseman,J. Wiseman,,,,,In The Paint (Non-RA),8-16 Center,,,79.0,2.0,2.0,0.0,,,,,,,,,,,,,,
81,PT04M58.00S,2024-04-09T23:29:45.7Z,1,REGULAR,3pt,Jump Shot,['fastbreak'],1631197,92.42772667542707,3.67647058823529,1610612765,14,9,2024-04-09T23:33:43Z,810000,False,-232.0,19.0,1,right,MISS J. Rhoden running pullup 3PT,[1631197],1610612765.0,DET,running pullup,,,Rhoden,J. Rhoden,,,,,Left Corner 3,24+ Left,23.24,Missed,,,,,,,,,,,,,,,,,,
82,PT04M55.00S,2024-04-09T23:29:48.7Z,1,REGULAR,rebound,defensive,[],1626166,,,1610612755,14,9,2024-04-09T23:31:15Z,820000,False,,,0,,C. Payne REBOUND (Off:0 Def:1),[1626166],1610612755.0,PHI,,,,Payne,C. Payne,,,,,Left Corner 3,24+ Left,,,81.0,1.0,1.0,0.0,,,,,,,,,,,,,,
83,PT04M50.00S,2024-04-09T23:29:55.4Z,1,REGULAR,foul,personal,['2freethrow'],1629002,,,1610612755,14,9,2024-04-09T23:30:05Z,830000,False,,,0,,C. Metu shooting personal FOUL (1 PF) (Oubre Jr. 2 FT),"[1629002, 1626162]",1610612765.0,DET,shooting,,,Metu,C. Metu,,,,,Restricted Area,0-8 Center,,,,,,,,,,,,,,1198.0,1.0,0.0,Oubre Jr.,1626162.0,,
85,PT04M50.00S,2024-04-09T23:30:23.8Z,1,REGULAR,freethrow,1 of 2,[],1626162,,,1610612755,15,9,2024-04-09T23:34:22Z,850000,False,,,0,,K. Oubre Jr. Free Throw 1 of 2 (1 PTS),[1626162],1610612755.0,PHI,,,,Oubre Jr.,K. Oubre Jr.,,,,,,,,Made,,,,,1.0,,,,,,,,,,,,,
86,PT04M50.00S,2024-04-09T23:30:27.2Z,1,REGULAR,substitution,out,[],202699,,,1610612755,15,9,2024-04-09T23:30:36Z,860000,False,,,0,,SUB out: T. Harris,[202699],1610612755.0,PHI,,,,Harris,T. Harris,,,,,,,,,,,,,,,,,,,,,,,,,,
87,PT04M50.00S,2024-04-09T23:30:27.2Z,1,REGULAR,substitution,in,[],1627741,,,1610612755,15,9,2024-04-09T23:30:36Z,870000,False,,,0,,SUB in: B. Hield,[1627741],1610612755.0,PHI,,,,Hield,B. Hield,,,,,,,,,,,,,,,,,,,,,,,,,,
88,PT04M50.00S,2024-04-09T23:30:37.7Z,1,REGULAR,substitution,out,[],1629002,,,1610612755,15,9,2024-04-09T23:30:40Z,880000,False,,,0,,SUB out: C. Metu,[1629002],1610612765.0,DET,,,,Metu,C. Metu,,,,,,,,,,,,,,,,,,,,,,,,,,
89,PT04M50.00S,2024-04-09T23:30:37.7Z,1,REGULAR,substitution,in,[],1628972,,,1610612755,15,9,2024-04-09T23:30:40Z,890000,False,,,0,,SUB in: T. Brown Jr.,[1628972],1610612765.0,DET,,,,Brown Jr.,T. Brown Jr.,,,,,,,,,,,,,,,,,,,,,,,,,,
93,PT04M50.00S,2024-04-09T23:30:23.8Z,1,REGULAR,freethrow,2 of 2,[],1626162,,,1610612755,16,9,2024-04-09T23:34:22Z,900000,False,,,0,,K. Oubre Jr. Free Throw 2 of 2 (2 PTS),[1626162],1610612755.0,PHI,,,,Oubre Jr.,K. Oubre Jr.,,,,,,,,Made,,,,,2.0,,,,,,,,,,,,,
94,PT04M35.00S,2024-04-09T23:31:10.6Z,1,REGULAR,2pt,DUNK,['pointsinthepaint'],1630164,93.47897503285151,50.245098039215684,1610612765,16,11,2024-04-09T23:35:07Z,910000,False,1.0,9.0,1,right,J. Wiseman cutting DUNK (2 PTS) (J. Ivey 1 AST),"[1630164, 1631093]",1610612765.0,DET,cutting,,,Wiseman,J. Wiseman,,,,,Restricted Area,0-8 Center,0.89,Made,,,,,2.0,J. Ivey,1631093.0,1.0,,,,,,,,,,
96,PT04M18.00S,2024-04-09T23:31:27.6Z,1,REGULAR,2pt,Layup,['pointsinthepaint'],1626162,9.247700394218143,51.96078431372549,1610612755,16,11,2024-04-09T23:31:47Z,930000,False,-10.0,34.0,1,left,MISS K. Oubre Jr. driving Layup - blocked,"[1626162, 1631093]",1610612755.0,PHI,driving,,,Oubre Jr.,K. Oubre Jr.,,,,,Restricted Area,0-8 Center,3.58,Missed,,,,,,,,,,,,,,,,,Ivey,1631093.0
97,PT04M18.00S,2024-04-09T23:31:27.6Z,1,REGULAR,block,,[],1631093,,,1610612755,16,11,2024-04-09T23:31:30Z,940000,False,,,0,,J. Ivey BLOCK (1 BLK),[1631093],1610612765.0,DET,,,,Ivey,J. Ivey,,,,,Restricted Area,0-8 Center,,,,,,,,,,,,,,,,,,,,
98,PT04M17.00S,2024-04-09T23:31:28.6Z,1,REGULAR,rebound,offensive,[],203954,,,1610612755,16,11,2024-04-09T23:35:58Z,950000,False,,,0,,J. Embiid REBOUND (Off:1 Def:1),[203954],1610612755.0,PHI,,,,Embiid,J. Embiid,,,,,Restricted Area,0-8 Center,,,96.0,2.0,1.0,1.0,,,,,,,,,,,,,,
99,PT04M17.00S,2024-04-09T23:31:35.3Z,1,REGULAR,2pt,Layup,"['2ndchance', 'pointsinthepaint']",203954,5.590000152587891,50.0,1610612755,18,11,2024-04-09T23:36:05Z,960000,False,0.0,0.0,1,left,J. Embiid putback Layup (8 PTS),[203954],1610612755.0,PHI,putback,,,Embiid,J. Embiid,,,,,Restricted Area,0-8 Center,0.0,Made,,,,,8.0,,,,,,,,,,,,,
100,PT04M10.00S,2024-04-09T23:31:36.7Z,1,REGULAR,3pt,Jump Shot,[],1628972,66.77480289093299,65.90839460784314,1610612765,18,11,2024-04-09T23:36:28Z,970000,False,80.0,260.0,1,right,MISS T. Brown Jr. 27' 3PT,[1628972],1610612765.0,DET,,,,Brown Jr.,T. Brown Jr.,,,,,Above the Break 3,24+ Center,27.17,Missed,,,,,,,,,,,,,,,,,,
101,PT04M07.00S,2024-04-09T23:31:39.7Z,1,REGULAR,rebound,defensive,[],1626166,,,1610612755,18,11,2024-04-09T23:31:45Z,980000,False,,,0,,C. Payne REBOUND (Off:0 Def:2),[1626166],1610612755.0,PHI,,,,Payne,C. Payne,,,,,Above the Break 3,24+ Center,,,100.0,2.0,2.0,0.0,,,,,,,,,,,,,,
102,PT04M00.00S,2024-04-09T23:31:50.6Z,1,REGULAR,foul,personal,['2freethrow'],1630164,,,1610612755,18,11,2024-04-09T23:31:58Z,990000,False,,,0,,J. Wiseman shooting personal FOUL (1 PF) (Embiid 2 FT),"[1630164, 203954]",1610612765.0,DET,shooting,,,Wiseman,J. Wiseman,,,,,In The Paint (Non-RA),0-8 Center,,,,,,,,,,,,,,1148.0,1.0,0.0,Embiid,203954.0,,
104,PT04M00.00S,2024-04-09T23:32:21.5Z,1,REGULAR,freethrow,1 of 2,[],203954,,,1610612755,19,11,2024-04-09T23:32:21Z,1010000,False,,,0,,J. Embiid Free Throw 1 of 2 (9 PTS),[203954],1610612755.0,PHI,,,,Embiid,J. Embiid,,,,,,,,Made,,,,,9.0,,,,,,,,,,,,,
105,PT04M00.00S,2024-04-09T23:32:22.9Z,1,REGULAR,substitution,out,[],201587,,,1610612755,19,11,2024-04-09T23:32:26Z,1020000,False,,,0,,SUB out: N. Batum,[201587],1610612755.0,PHI,,,,Batum,N. Batum,,,,,,,,,,,,,,,,,,,,,,,,,,
106,PT04M00.00S,2024-04-09T23:32:22.9Z,1,REGULAR,substitution,in,[],1641741,,,1610612755,19,11,2024-04-09T23:32:26Z,1030000,False,,,0,,SUB in: R. Council IV,[1641741],1610612755.0,PHI,,,,Council IV,R. Council IV,,,,,,,,,,,,,,,,,,,,,,,,,,
107,PT04M00.00S,2024-04-09T23:32:44.4Z,1,REGULAR,freethrow,2 of 2,[],203954,,,1610612755,20,11,2024-04-09T23:32:44Z,1040000,False,,,0,,J. Embiid Free Throw 2 of 2 (10 PTS),[203954],1610612755.0,PHI,,,,Embiid,J. Embiid,,,,,,,,Made,,,,,10.0,,,,,,,,,,,,,
109,PT03M48.00S,2024-04-09T23:33:06.3Z,1,REGULAR,foul,personal,['2freethrow'],203954,,,1610612765,20,11,2024-04-09T23:33:12Z,1060000,False,,,0,,J. Embiid shooting personal FOUL (1 PF) (Wiseman 2 FT),"[203954, 1630164]",1610612755.0,PHI,shooting,,,Embiid,J. Embiid,,,,,Restricted Area,0-8 Center,,,,,,,,,,,,,,1198.0,1.0,0.0,Wiseman,1630164.0,,
111,PT03M48.00S,2024-04-09T23:33:28.8Z,1,REGULAR,freethrow,1 of 2,[],1630164,,,1610612765,20,12,2024-04-09T23:33:28Z,1080000,False,,,0,,J. Wiseman Free Throw 1 of 2 (3 PTS),[1630164],1610612765.0,DET,,,,Wiseman,J. Wiseman,,,,,,,,Made,,,,,3.0,,,,,,,,,,,,,
112,PT03M48.00S,2024-04-09T23:33:44.8Z,1,REGULAR,freethrow,2 of 2,[],1630164,,,1610612765,20,13,2024-04-09T23:33:44Z,1090000,False,,,0,,J. Wiseman Free Throw 2 of 2 (4 PTS),[1630164],1610612765.0,DET,,,,Wiseman,J. Wiseman,,,,,,,,Made,,,,,4.0,,,,,,,,,,,,,
113,PT03M32.00S,2024-04-09T23:34:03.0Z,1,REGULAR,2pt,DUNK,['pointsinthepaint'],1626162,6.619579500657039,49.754901960784316,1610612755,22,13,2024-04-09T23:34:08Z,1100000,False,1.0,10.0,1,left,K. Oubre Jr. cutting DUNK (4 PTS) (J. Embiid 2 AST),"[1626162, 203954]",1610612755.0,PHI,cutting,,,Oubre Jr.,K. Oubre Jr.,,,,,Restricted Area,0-8 Center,0.98,Made,,,,,4.0,J. Embiid,203954.0,2.0,,,,,,,,,,
115,PT03M14.00S,2024-04-09T23:34:23.0Z,1,REGULAR,foul,personal,['2freethrow'],1641741,,,1610612765,22,13,2024-04-09T23:34:30Z,1120000,False,,,0,,R. Council IV shooting personal FOUL (1 PF) (Ivey 2 FT),"[1641741, 1631093]",1610612755.0,PHI,shooting,,,Council IV,R. Council IV,,,,,In The Paint (Non-RA),0-8 Center,,,,,,,,,,,,,,1148.0,1.0,0.0,Ivey,1631093.0,,
117,PT03M14.00S,2024-04-09T23:34:52.8Z,1,REGULAR,freethrow,1 of 2,[],1631093,,,1610612765,22,14,2024-04-09T23:38:04Z,1140000,False,,,0,,J. Ivey Free Throw 1 of 2 (8 PTS),[1631093],1610612765.0,DET,,,,Ivey,J. Ivey,,,,,,,,Made,,,,,8.0,,,,,,,,,,,,,
118,PT03M14.00S,2024-04-09T23:34:55.4Z,1,REGULAR,substitution,out,[],1631204,,,1610612765,22,14,2024-04-09T23:35:00Z,1150000,False,,,0,,SUB out: M. Sasser,[1631204],1610612765.0,DET,,,,Sasser,M. Sasser,,,,,,,,,,,,,,,,,,,,,,,,,,
119,PT03M14.00S,2024-04-09T23:34:55.4Z,1,REGULAR,substitution,in,[],1630201,,,1610612765,22,14,2024-04-09T23:35:00Z,1160000,False,,,0,,SUB in: M. Flynn,[1630201],1610612765.0,DET,,,,Flynn,M. Flynn,,,,,,,,,,,,,,,,,,,,,,,,,,
120,PT03M14.00S,2024-04-09T23:35:04.8Z,1,REGULAR,timeout,full,"['team', 'mandatory']",0,,,1610612765,22,14,2024-04-09T23:35:04Z,1170000,False,,,0,,PHI Timeout,[],1610612755.0,PHI,,,,,,,,,,,,,,,,,,,,,,,,,,,,,,,
121,PT03M14.00S,2024-04-09T23:37:17.5Z,1,REGULAR,substitution,out,[],1626162,,,1610612765,22,14,2024-04-09T23:37:27Z,1180000,False,,,0,,SUB out: K. Oubre Jr.,[1626162],1610612755.0,PHI,,,,Oubre Jr.,K. Oubre Jr.,,,,,,,,,,,,,,,,,,,,,,,,,,
122,PT03M14.00S,2024-04-09T23:37:17.5Z,1,REGULAR,substitution,out,[],203954,,,1610612765,22,14,2024-04-09T23:37:27Z,1190000,False,,,0,,SUB out: J. Embiid,[203954],1610612755.0,PHI,,,,Embiid,J. Embiid,,,,,,,,,,,,,,,,,,,,,,,,,,
123,PT03M14.00S,2024-04-09T23:37:17.5Z,1,REGULAR,substitution,out,[],1626166,,,1610612765,22,14,2024-04-09T23:37:27Z,1200000,False,,,0,,SUB out: C. Payne,[1626166],1610612755.0,PHI,,,,Payne,C. Payne,,,,,,,,,,,,,,,,,,,,,,,,,,
124,PT03M14.00S,2024-04-09T23:37:17.5Z,1,REGULAR,substitution,in,[],202699,,,1610612765,22,14,2024-04-09T23:37:27Z,1210000,False,,,0,,SUB in: T. Harris,[202699],1610612755.0,PHI,,,,Harris,T. Harris,,,,,,,,,,,,,,,,,,,,,,,,,,
125,PT03M14.00S,2024-04-09T23:37:17.5Z,1,REGULAR,substitution,in,[],1630288,,,1610612765,22,14,2024-04-09T23:37:27Z,1220000,False,,,0,,SUB in: J. Dowtin Jr.,[1630288],1610612755.0,PHI,,,,Dowtin Jr.,J. Dowtin Jr.,,,,,,,,,,,,,,,,,,,,,,,,,,
126,PT03M14.00S,2024-04-09T23:37:17.5Z,1,REGULAR,substitution,in,[],1630194,,,1610612765,22,14,2024-04-09T23:37:27Z,1230000,False,,,0,,SUB in: P. Reed,[1630194],1610612755.0,PHI,,,,Reed,P. Reed,,,,,,,,,,,,,,,,,,,,,,,,,,
127,PT03M14.00S,2024-04-09T23:34:52.8Z,1,REGULAR,freethrow,2 of 2,[],1631093,,,1610612765,22,14,2024-04-09T23:38:04Z,1240000,False,,,0,,MISS J. Ivey Free Throw 2 of 2,[1631093],1610612765.0,DET,,,,Ivey,J. Ivey,,,,,,,,Missed,,,,,,,,,,,,,,,,,,
128,PT03M12.00S,2024-04-09T23:34:54.8Z,1,REGULAR,rebound,defensive,[],1627741,,,1610612755,22,14,2024-04-09T23:38:04Z,1250000,False,,,0,,B. Hield REBOUND (Off:0 Def:1),[1627741],1610612755.0,PHI,,,,Hield,B. Hield,,,,,,,,,127.0,1.0,1.0,0.0,,,,,,,,,,,,,,
129,PT02M59.00S,2024-04-09T23:38:15.7Z,1,REGULAR,2pt,Jump Shot,[],1630194,4.517082785808142,69.8529411764706,1610612755,22,14,2024-04-09T23:38:20Z,1260000,False,-99.0,-10.0,1,left,MISS P. Reed 9' Jump Shot,[1630194],1610612755.0,PHI,,,,Reed,P. Reed,,,,,Mid-Range,8-16 Left,9.98,Missed,,,,,,,,,,,,,,,,,,
130,PT02M55.00S,2024-04-09T23:38:19.7Z,1,REGULAR,rebound,defensive,[],1630164,,,1610612765,22,14,2024-04-09T23:38:20Z,1270000,False,,,0,,J. Wiseman REBOUND (Off:0 Def:3),[1630164],1610612765.0,DET,,,,Wiseman,J. Wiseman,,,,,Mid-Range,8-16 Left,,,129.0,3.0,3.0,0.0,,,,,,,,,,,,,,
131,PT02M52.00S,2024-04-09T23:38:25.4Z,1,REGULAR,turnover,out-of-bounds,[],1631093,,,1610612765,22,14,2024-04-09T23:38:31Z,1280000,False,,,0,,J. Ivey lost ball out-of-bounds TURNOVER (3 TO),[1631093],1610612765.0,DET,lost ball,,,Ivey,J. Ivey,,,,,In The Paint (Non-RA),0-8 Center,,,,,,,,,,,3.0,,,1198.0,,,,,,
132,PT02M39.00S,2024-04-09T23:38:45.6Z,1,REGULAR,3pt,Jump Shot,['fromturnover'],1627741,20.154402102496718,92.40196078431373,1610612755,22,14,2024-04-09T23:38:53Z,1290000,False,-212.0,137.0,1,left,MISS B. Hield 25' 3PT,[1627741],1610612755.0,PHI,,,,Hield,B. Hield,,,,,Above the Break 3,24+ Left Center,25.24,Missed,,,,,,,,,,,,,,,,,,
133,PT02M32.00S,2024-04-09T23:38:52.6Z,1,REGULAR,rebound,offensive,[],1630194,,,1610612755,22,14,2024-04-09T23:38:53Z,1300000,False,,,0,,P. Reed REBOUND (Off:1 Def:0),[1630194],1610612755.0,PHI,,,,Reed,P. Reed,,,,,Above the Break 3,24+ Left Center,,,132.0,1.0,0.0,1.0,,,,,,,,,,,,,,
134,PT02M32.00S,2024-04-09T23:38:52.5Z,1,REGULAR,2pt,Layup,"['pointsinthepaint', 'fromturnover', '2ndchance']",1630194,5.590000152587891,50.0,1610612755,24,14,2024-04-09T23:38:52Z,1310000,False,0.0,0.0,1,left,P. Reed putback Layup (2 PTS),[1630194],1610612755.0,PHI,putback,,,Reed,P. Reed,,,,,Mid-Range,8-16 Left,0.0,Made,,,,,2.0,,,,,,,,,,,,,
135,PT02M20.00S,2024-04-09T23:39:04.2Z,1,REGULAR,3pt,Jump Shot,[],1631093,68.77463863337714,70.58823529411765,1610612765,24,17,2024-04-09T23:41:42Z,1320000,False,103.0,241.0,1,right,J. Ivey 26' 3PT pullup (11 PTS) (J. Wiseman 1 AST),"[1631093, 1630164]",1610612765.0,DET,pullup,,,Ivey,J. Ivey,,,,,Above the Break 3,24+ Right Center,26.2,Made,,,,,11.0,J. Wiseman,1630164.0,1.0,,,,,,,,,,
137,PT02M10.00S,2024-04-09T23:39:14.6Z,1,REGULAR,2pt,DUNK,['pointsinthepaint'],1630194,5.831143232588701,49.01960784313726,1610612755,26,17,2024-04-09T23:39:19Z,1340000,False,5.0,2.0,1,left,P. Reed DUNK (4 PTS) (J. Dowtin Jr. 1 AST),"[1630194, 1630288]",1610612755.0,PHI,,,,Reed,P. Reed,,,,,Restricted Area,0-8 Center,0.54,Made,,,,,4.0,J. Dowtin Jr.,1630288.0,1.0,,,,,,,,,,
139,PT01M48.00S,2024-04-09T23:39:36.4Z,1,REGULAR,2pt,Jump Shot,['pointsinthepaint'],1631197,81.52102496714849,62.745098039215684,1610612765,26,17,2024-04-09T23:39:41Z,1360000,False,64.0,121.0,1,right,MISS J. Rhoden 13' turnaround Shot,[1631197],1610612765.0,DET,turnaround,,,Rhoden,J. Rhoden,,,,,In The Paint (Non-RA),8-16 Center,13.69,Missed,,,,,,,,,,,,,,,,,,
140,PT01M46.00S,2024-04-09T23:39:38.4Z,1,REGULAR,rebound,defensive,[],1627741,,,1610612755,26,17,2024-04-09T23:39:41Z,1370000,False,,,0,,B. Hield REBOUND (Off:0 Def:2),[1627741],1610612755.0,PHI,,,,Hield,B. Hield,,,,,In The Paint (Non-RA),8-16 Center,,,139.0,2.0,2.0,0.0,,,,,,,,,,,,,,
141,PT01M35.00S,2024-04-09T23:39:51.1Z,1,REGULAR,2pt,Layup,['pointsinthepaint'],202699,5.305519053876466,54.90196078431372,1610612755,26,17,2024-04-09T23:39:58Z,1380000,False,-25.0,-3.0,1,left,MISS T. Harris driving Layup - blocked,"[202699, 1631197]",1610612755.0,PHI,driving,,,Harris,T. Harris,,,,,Restricted Area,0-8 Center,2.46,Missed,,,,,,,,,,,,,,,,,Rhoden,1631197.0
142,PT01M35.00S,2024-04-09T23:39:51.1Z,1,REGULAR,block,,[],1631197,,,1610612755,26,17,2024-04-09T23:50:34Z,1390000,False,,,0,,J. Rhoden BLOCK (1 BLK),[1631197],1610612765.0,DET,,,,Rhoden,J. Rhoden,,,,,Restricted Area,0-8 Center,,,,,,,,,,,,,,,,,,,,
143,PT01M35.00S,2024-04-09T23:39:51.1Z,1,REGULAR,rebound,defensive,['team'],0,,,1610612765,26,17,2024-04-09T23:39:58Z,1400000,False,,,0,,TEAM defensive REBOUND,[],1610612765.0,DET,,,,,,,,,,Restricted Area,0-8 Center,,,141.0,,,,,,,,,,,,,,,,,
145,PT01M35.00S,2024-04-09T23:40:00.8Z,1,REGULAR,substitution,out,[],1628972,,,1610612765,26,17,2024-04-09T23:40:10Z,1420000,False,,,0,,SUB out: T. Brown Jr.,[1628972],1610612765.0,DET,,,,Brown Jr.,T. Brown Jr.,,,,,,,,,,,,,,,,,,,,,,,,,,
146,PT01M35.00S,2024-04-09T23:40:00.8Z,1,REGULAR,substitution,out,[],1631093,,,1610612765,26,17,2024-04-09T23:40:10Z,1430000,False,,,0,,SUB out: J. Ivey,[1631093],1610612765.0,DET,,,,Ivey,J. Ivey,,,,,,,,,,,,,,,,,,,,,,,,,,
147,PT01M35.00S,2024-04-09T23:40:00.8Z,1,REGULAR,substitution,in,[],1629002,,,1610612765,26,17,2024-04-09T23:40:10Z,1440000,False,,,0,,SUB in: C. Metu,[1629002],1610612765.0,DET,,,,Metu,C. Metu,,,,,,,,,,,,,,,,,,,,,,,,,,
148,PT01M35.00S,2024-04-09T23:40:00.8Z,1,REGULAR,substitution,in,[],203095,,,1610612765,26,17,2024-04-09T23:40:10Z,1450000,False,,,0,,SUB in: E. Fournier,[203095],1610612765.0,DET,,,,Fournier,E. Fournier,,,,,,,,,,,,,,,,,,,,,,,,,,
149,PT01M21.00S,2024-04-09T23:40:31.2Z,1,REGULAR,turnover,lost ball,[],1630164,,,1610612765,26,17,2024-04-09T23:40:39Z,1460000,False,,,0,,J. Wiseman lost ball TURNOVER (1 TO),"[1630164, 1641741]",1610612765.0,DET,,,,Wiseman,J. Wiseman,,,,,In The Paint (Non-RA),8-16 Center,,,,,,,,,,,1.0,Council IV,1641741.0,,,,,,,
150,PT01M21.00S,2024-04-09T23:40:31.2Z,1,REGULAR,steal,,[],1641741,,,1610612755,26,17,2024-04-09T23:40:33Z,1470000,False,,,0,,R. Council IV STEAL (1 STL),[1641741],1610612755.0,PHI,,,,Council IV,R. Council IV,,,,,In The Paint (Non-RA),8-16 Center,,,,,,,,,,,,,,,,,,,,
151,PT01M15.00S,2024-04-09T23:40:36.2Z,1,REGULAR,2pt,Layup,"['pointsinthepaint', 'fromturnover', 'fastbreak']",1641741,6.8823915900131425,45.58823529411765,1610612755,26,17,2024-04-09T23:40:43Z,1480000,False,22.0,12.0,1,left,MISS R. Council IV running Layup,[1641741],1610612755.0,PHI,running,,,Council IV,R. Council IV,,,,,Restricted Area,0-8 Center,2.52,Missed,,,,,,,,,,,,,,,,,,
152,PT01M12.00S,2024-04-09T23:40:39.3Z,1,REGULAR,rebound,offensive,[],1630194,,,1610612755,26,17,2024-04-09T23:40:39Z,1490000,False,,,0,,P. Reed REBOUND (Off:2 Def:0),[1630194],1610612755.0,PHI,,,,Reed,P. Reed,,,,,Restricted Area,0-8 Center,,,151.0,2.0,0.0,2.0,,,,,,,,,,,,,,
153,PT01M12.00S,2024-04-09T23:40:39.3Z,1,REGULAR,2pt,Layup,"['pointsinthepaint', 'fromturnover', '2ndchance']",1630194,5.590000152587891,50.0,1610612755,26,17,2024-04-09T23:40:39Z,1500000,False,0.0,0.0,1,left,MISS P. Reed tip Layup,[1630194],1610612755.0,PHI,tip,,,Reed,P. Reed,,,,,Mid-Range,8-16 Left,0.0,Missed,,,,,,,,,,,,,,,,,,
154,PT01M12.00S,2024-04-09T23:40:39.8Z,1,REGULAR,rebound,offensive,[],1630194,,,1610612755,26,17,2024-04-09T23:40:39Z,1510000,False,,,0,,P. Reed REBOUND (Off:3 Def:0),[1630194],1610612755.0,PHI,,,,Reed,P. Reed,,,,,Mid-Range,8-16 Left,,,153.0,3.0,0.0,3.0,,,,,,,,,,,,,,
155,PT01M01.00S,2024-04-09T23:40:50.5Z,1,REGULAR,3pt,Jump Shot,"['fromturnover', '2ndchance']",1641741,12.927069645203687,2.4509803921568647,1610612755,26,17,2024-04-09T23:40:54Z,1520000,False,238.0,69.0,1,left,MISS R. Council IV 24' 3PT,[1641741],1610612755.0,PHI,,,,Council IV,R. Council IV,,,,,Right Corner 3,24+ Right,24.75,Missed,,,,,,,,,,,,,,,,,,
156,PT00M59.10S,2024-04-09T23:40:52.4Z,1,REGULAR,rebound,defensive,[],1630164,,,1610612765,26,17,2024-04-09T23:40:54Z,1530000,False,,,0,,J. Wiseman REBOUND (Off:0 Def:4),[1630164],1610612765.0,DET,,,,Wiseman,J. Wiseman,,,,,Right Corner 3,24+ Right,,,155.0,4.0,4.0,0.0,,,,,,,,,,,,,,
157,PT00M48.60S,2024-04-09T23:41:04.0Z,1,REGULAR,3pt,Jump Shot,[],203095,79.68134034165571,3.4313725490196134,1610612765,26,20,2024-04-09T23:41:23Z,1540000,False,-233.0,138.0,1,right,E. Fournier 27' 3PT  (3 PTS) (C. Metu 1 AST),"[203095, 1629002]",1610612765.0,DET,,,,Fournier,E. Fournier,,,,,Above the Break 3,24+ Left Center,27.09,Made,,,,,3.0,C. Metu,1629002.0,1.0,,,,,,,,,,
159,PT00M28.50S,2024-04-09T23:41:29.5Z,1,REGULAR,foul,personal,"['inpenalty', '2freethrow']",1631197,,,1610612755,26,20,2024-04-09T23:41:37Z,1560000,False,,,0,,J. Rhoden shooting personal FOUL (1 PF) (Hield 2 FT),"[1631197, 1627741]",1610612765.0,DET,shooting,,,Rhoden,J. Rhoden,,,,,In The Paint (Non-RA),0-8 Center,,,,,,,,,,,,,,1148.0,1.0,0.0,Hield,1627741.0,,
161,PT00M28.50S,2024-04-09T23:41:52.1Z,1,REGULAR,freethrow,1 of 2,[],1627741,,,1610612755,26,20,2024-04-09T23:41:52Z,1580000,False,,,0,,MISS B. Hield Free Throw 1 of 2,[1627741],1610612755.0,PHI,,,,Hield,B. Hield,,,,,,,,Missed,,,,,,,,,,,,,,,,,,
162,PT00M28.50S,2024-04-09T23:41:52.1Z,1,REGULAR,rebound,offensive,"['deadball', 'team']",0,,,1610612755,26,20,2024-04-09T23:41:52Z,1590000,False,,,0,,TEAM offensive REBOUND,[],1610612755.0,PHI,,,,,,,,,,,,,,161.0,,,,,,,,,,,,,,,,,
163,PT00M28.50S,2024-04-09T23:42:05.9Z,1,REGULAR,freethrow,2 of 2,[],1627741,,,1610612755,27,20,2024-04-09T23:42:05Z,1600000,False,,,0,,B. Hield Free Throw 2 of 2 (1 PTS),[1627741],1610612755.0,PHI,,,,Hield,B. Hield,,,,,,,,Made,,,,,1.0,,,,,,,,,,,,,
164,PT00M09.40S,2024-04-09T23:42:26.7Z,1,REGULAR,2pt,Layup,['pointsinthepaint'],1630201,94.00459921156373,49.754901960784316,1610612765,27,22,2024-04-09T23:42:30Z,1610000,False,-1.0,4.0,1,right,M. Flynn driving finger roll Layup (2 PTS),[1630201],1610612765.0,DET,driving finger roll,,,Flynn,M. Flynn,,,,,Restricted Area,0-8 Center,0.41,Made,,,,,2.0,,,,,,,,,,,,,
165,PT00M00.50S,2024-04-09T23:42:38.0Z,1,REGULAR,3pt,Jump Shot,[],1641741,7.670827858081481,95.83333333333333,1610612755,30,22,2024-04-09T23:45:57Z,1620000,False,-229.0,20.0,1,left,R. Council IV 3PT  (3 PTS) (T. Harris 2 AST),"[1641741, 202699]",1610612755.0,PHI,,,,Council IV,R. Council IV,,,,,Left Corner 3,24+ Left,23.0,Made,,,,,3.0,T. Harris,202699.0,2.0,,,,,,,,,,
167,PT00M00.00S,2024-04-09T23:42:45.9Z,1,REGULAR,period,end,[],0,,,1610612765,30,22,2024-04-09T23:42:45Z,1640000,False,,,0,,Period End,[],,,,,,,,,,,,,,,,,,,,,,,,,,,,,,,,,
169,PT12M00.00S,2024-04-09T23:43:46.7Z,2,REGULAR,substitution,out,['startperiod'],202699,,,1610612765,30,22,2024-04-09T23:45:21Z,1650000,False,,,0,,SUB out: T. Harris,[202699],1610612755.0,PHI,,,,Harris,T. Harris,,,,,,,,,,,,,,,,,,,,,,,,,,
170,PT12M00.00S,2024-04-09T23:43:46.7Z,2,REGULAR,substitution,out,['startperiod'],1641741,,,1610612765,30,22,2024-04-09T23:45:21Z,1660000,False,,,0,,SUB out: R. Council IV,[1641741],1610612755.0,PHI,,,,Council IV,R. Council IV,,,,,,,,,,,,,,,,,,,,,,,,,,
171,PT12M00.00S,2024-04-09T23:43:46.7Z,2,REGULAR,substitution,out,['startperiod'],1630194,,,1610612765,30,22,2024-04-09T23:45:21Z,1670000,False,,,0,,SUB out: P. Reed,[1630194],1610612755.0,PHI,,,,Reed,P. Reed,,,,,,,,,,,,,,,,,,,,,,,,,,
172,PT12M00.00S,2024-04-09T23:43:46.7Z,2,REGULAR,substitution,in,['startperiod'],203954,,,1610612765,30,22,2024-04-09T23:45:21Z,1680000,False,,,0,,SUB in: J. Embiid,[203954],1610612755.0,PHI,,,,Embiid,J. Embiid,,,,,,,,,,,,,,,,,,,,,,,,,,
173,PT12M00.00S,2024-04-09T23:43:46.7Z,2,REGULAR,substitution,in,['startperiod'],1629001,,,1610612765,30,22,2024-04-09T23:45:21Z,1690000,False,,,0,,SUB in: D. Melton,[1629001],1610612755.0,PHI,,,,Melton,D. Melton,,,,,,,,,,,,,,,,,,,,,,,,,,
174,PT12M00.00S,2024-04-09T23:43:46.7Z,2,REGULAR,substitution,in,['startperiod'],201587,,,1610612765,30,22,2024-04-09T23:45:21Z,1700000,False,,,0,,SUB in: N. Batum,[201587],1610612755.0,PHI,,,,Batum,N. Batum,,,,,,,,,,,,,,,,,,,,,,,,,,
175,PT12M00.00S,2024-04-09T23:45:23.7Z,2,REGULAR,period,start,[],0,,,1610612765,30,22,2024-04-09T23:45:23Z,1710000,False,,,0,,Period Start,[],,,,,,,,,,,,,,,,,,,,,,,,,,,,,,,,,
176,PT11M41.00S,2024-04-09T23:45:41.9Z,2,REGULAR,3pt,Jump Shot,[],203095,67.06636005256242,68.13725490196079,1610612765,30,25,2024-04-09T23:46:35Z,1720000,False,91.0,257.0,1,right,E. Fournier 27' 3PT  (6 PTS) (C. Metu 2 AST),"[203095, 1629002]",1610612765.0,DET,,,,Fournier,E. Fournier,,,,,Above the Break 3,24+ Right Center,27.26,Made,,,,,6.0,C. Metu,1629002.0,2.0,,,,,,,,,,
178,PT11M22.00S,2024-04-09T23:45:59.8Z,2,REGULAR,3pt,Jump Shot,[],1627741,26.461892247043366,16.42156862745098,1610612755,33,25,2024-04-09T23:46:04Z,1740000,False,168.0,196.0,1,left,B. Hield 25' 3PT  (4 PTS) (J. Dowtin Jr. 2 AST),"[1627741, 1630288]",1610612755.0,PHI,,,,Hield,B. Hield,,,,,Above the Break 3,24+ Right Center,25.82,Made,,,,,4.0,J. Dowtin Jr.,1630288.0,2.0,,,,,,,,,,
180,PT11M13.00S,2024-04-09T23:46:13.3Z,2,REGULAR,foul,offensive,[],1630201,,,1610612765,33,25,2024-04-09T23:46:21Z,1760000,False,,,0,,M. Flynn offensive FOUL (1 PF),"[1630201, 1630288]",1610612765.0,DET,,,,Flynn,M. Flynn,,,,,Above the Break 3,24+ Right Center,,,,,,,,,,,,,,1626302.0,1.0,0.0,Dowtin Jr.,1630288.0,,
182,PT11M13.00S,2024-04-09T23:46:13.3Z,2,REGULAR,turnover,offensive foul,[],1630201,,,1610612765,33,25,2024-04-09T23:46:13Z,1780000,False,,,0,,M. Flynn offensive foul TURNOVER (1 TO),[1630201],1610612765.0,DET,,,,Flynn,M. Flynn,,,,,Above the Break 3,24+ Right Center,,,,,,,,,,,1.0,,,1626302.0,,,,,,
183,PT11M13.00S,2024-04-09T23:46:20.4Z,2,REGULAR,substitution,out,[],1631197,,,1610612755,33,25,2024-04-09T23:46:23Z,1790000,False,,,0,,SUB out: J. Rhoden,[1631197],1610612765.0,DET,,,,Rhoden,J. Rhoden,,,,,,,,,,,,,,,,,,,,,,,,,,
184,PT11M13.00S,2024-04-09T23:46:20.4Z,2,REGULAR,substitution,in,[],1629669,,,1610612755,33,25,2024-04-09T23:46:23Z,1800000,False,,,0,,SUB in: J. Nowell,[1629669],1610612765.0,DET,,,,Nowell,J. Nowell,,,,,,,,,,,,,,,,,,,,,,,,,,
185,PT10M58.00S,2024-04-09T23:46:46.0Z,2,REGULAR,2pt,Layup,"['pointsinthepaint', 'fromturnover']",1630288,6.619579500657039,56.127450980392155,1610612755,33,25,2024-04-09T23:46:51Z,1810000,False,-31.0,10.0,1,left,MISS J. Dowtin Jr. driving Layup,[1630288],1610612755.0,PHI,driving,,,Dowtin Jr.,J. Dowtin Jr.,,,,,Restricted Area,0-8 Center,3.21,Missed,,,,,,,,,,,,,,,,,,
186,PT10M57.00S,2024-04-09T23:46:47.8Z,2,REGULAR,rebound,offensive,[],1629001,,,1610612755,33,25,2024-04-09T23:46:47Z,1820000,False,,,0,,D. Melton REBOUND (Off:1 Def:0),[1629001],1610612755.0,PHI,,,,Melton,D. Melton,,,,,Restricted Area,0-8 Center,,,185.0,1.0,0.0,1.0,,,,,,,,,,,,,,
187,PT10M54.00S,2024-04-09T23:46:49.7Z,2,REGULAR,2pt,Jump Shot,"['pointsinthepaint', 'fromturnover', '2ndchance']",1630288,5.256241787122207,48.20006127450981,1610612755,35,25,2024-04-09T23:46:57Z,1830000,False,9.0,-3.0,1,left,J. Dowtin Jr. floating Jump Shot (2 PTS) (D. Melton 1 AST),"[1630288, 1629001]",1610612755.0,PHI,floating,,,Dowtin Jr.,J. Dowtin Jr.,,,,,Restricted Area,0-8 Center,0.95,Made,,,,,2.0,D. Melton,1629001.0,1.0,,,,,,,,,,
189,PT10M43.00S,2024-04-09T23:47:03.6Z,2,REGULAR,turnover,out-of-bounds,[],1630201,,,1610612765,35,25,2024-04-09T23:47:09Z,1850000,False,,,0,,M. Flynn bad pass out-of-bounds TURNOVER (2 TO),[1630201],1610612765.0,DET,bad pass,,,Flynn,M. Flynn,,,,,In The Paint (Non-RA),0-8 Center,,,,,,,,,,,2.0,,,1626302.0,,,,,,
190,PT10M23.00S,2024-04-09T23:47:26.7Z,2,REGULAR,3pt,Jump Shot,['fromturnover'],1629001,6.8823915900131425,1.7156862745098067,1610612755,38,25,2024-04-09T23:47:31Z,1860000,False,241.0,12.0,1,left,D. Melton 24' 3PT  (3 PTS) (J. Embiid 3 AST),"[1629001, 203954]",1610612755.0,PHI,,,,Melton,D. Melton,,,,,Right Corner 3,24+ Right,24.17,Made,,,,,3.0,J. Embiid,203954.0,3.0,,,,,,,,,,
192,PT10M05.00S,2024-04-09T23:47:46.0Z,2,REGULAR,2pt,Layup,['pointsinthepaint'],203095,94.13600525624179,52.94117647058824,1610612765,38,27,2024-04-09T23:47:54Z,1880000,False,15.0,3.0,1,right,E. Fournier reverse Layup (8 PTS) (J. Nowell 1 AST),"[203095, 1629669]",1610612765.0,DET,reverse,,,Fournier,E. Fournier,,,,,Restricted Area,0-8 Center,1.49,Made,,,,,8.0,J. Nowell,1629669.0,1.0,,,,,,,,,,
194,PT09M47.00S,2024-04-09T23:48:03.8Z,2,REGULAR,2pt,Layup,['pointsinthepaint'],1629001,6.225361366622863,53.92156862745098,1610612755,38,27,2024-04-09T23:48:09Z,1900000,False,-20.0,6.0,1,left,MISS D. Melton driving Layup - blocked,"[1629001, 203095]",1610612755.0,PHI,driving,,,Melton,D. Melton,,,,,Restricted Area,0-8 Center,2.05,Missed,,,,,,,,,,,,,,,,,Fournier,203095.0
195,PT09M47.00S,2024-04-09T23:48:03.8Z,2,REGULAR,block,,[],203095,,,1610612755,38,27,2024-04-09T23:48:06Z,1910000,False,,,0,,E. Fournier BLOCK (1 BLK),[203095],1610612765.0,DET,,,,Fournier,E. Fournier,,,,,Restricted Area,0-8 Center,,,,,,,,,,,,,,,,,,,,
196,PT09M44.00S,2024-04-09T23:48:06.8Z,2,REGULAR,rebound,offensive,[],1627741,,,1610612755,38,27,2024-04-09T23:48:09Z,1920000,False,,,0,,B. Hield REBOUND (Off:1 Def:2),[1627741],1610612755.0,PHI,,,,Hield,B. Hield,,,,,Restricted Area,0-8 Center,,,194.0,3.0,2.0,1.0,,,,,,,,,,,,,,
197,PT09M42.00S,2024-04-09T23:48:08.5Z,2,REGULAR,2pt,Layup,"['pointsinthepaint', '2ndchance']",1627741,5.256241787122207,47.28094362745098,1610612755,40,27,2024-04-09T23:48:21Z,1930000,False,14.0,-3.0,1,left,B. Hield driving finger roll Layup (6 PTS),[1627741],1610612755.0,PHI,driving finger roll,,,Hield,B. Hield,,,,,Restricted Area,0-8 Center,1.39,Made,,,,,6.0,,,,,,,,,,,,,
198,PT09M29.00S,2024-04-09T23:48:20.6Z,2,REGULAR,2pt,Jump Shot,['pointsinthepaint'],1630201,81.91524310118265,46.07843137254902,1610612765,40,27,2024-04-09T23:48:28Z,1940000,False,-20.0,117.0,1,right,MISS M. Flynn 11' driving floating Shot,[1630201],1610612765.0,DET,driving floating,,,Flynn,M. Flynn,,,,,In The Paint (Non-RA),8-16 Center,11.91,Missed,,,,,,,,,,,,,,,,,,
199,PT09M27.00S,2024-04-09T23:48:22.6Z,2,REGULAR,rebound,defensive,['team'],0,,,1610612755,40,27,2024-04-09T23:48:28Z,1950000,False,,,0,,TEAM defensive REBOUND,[],1610612755.0,PHI,,,,,,,,,,In The Paint (Non-RA),8-16 Center,,,198.0,,,,,,,,,,,,,,,,,
201,PT09M27.00S,2024-04-09T23:48:29.2Z,2,REGULAR,substitution,out,[],1630164,,,1610612755,40,27,2024-04-09T23:48:34Z,1970000,False,,,0,,SUB out: J. Wiseman,[1630164],1610612765.0,DET,,,,Wiseman,J. Wiseman,,,,,,,,,,,,,,,,,,,,,,,,,,
202,PT09M27.00S,2024-04-09T23:48:29.2Z,2,REGULAR,substitution,in,[],1631105,,,1610612755,40,27,2024-04-09T23:48:34Z,1980000,False,,,0,,SUB in: J. Duren,[1631105],1610612765.0,DET,,,,Duren,J. Duren,,,,,,,,,,,,,,,,,,,,,,,,,,
203,PT09M07.00S,2024-04-09T23:48:57.7Z,2,REGULAR,3pt,Jump Shot,[],1629001,26.72470433639947,87.00980392156862,1610612755,40,27,2024-04-09T23:49:04Z,1990000,False,-185.0,199.0,1,left,MISS D. Melton 27' 3PT,[1629001],1610612755.0,PHI,,,,Melton,D. Melton,,,,,Above the Break 3,24+ Left Center,27.15,Missed,,,,,,,,,,,,,,,,,,
204,PT09M01.00S,2024-04-09T23:49:03.7Z,2,REGULAR,rebound,defensive,[],1631105,,,1610612765,40,27,2024-04-09T23:49:04Z,2000000,False,,,0,,J. Duren REBOUND (Off:0 Def:3),[1631105],1610612765.0,DET,,,,Duren,J. Duren,,,,,Above the Break 3,24+ Left Center,,,203.0,3.0,3.0,0.0,,,,,,,,,,,,,,
205,PT08M56.00S,2024-04-09T23:49:08.2Z,2,REGULAR,3pt,Jump Shot,['fastbreak'],203095,66.01511169513799,41.666666666666664,1610612765,40,30,2024-04-09T23:49:16Z,2010000,False,-42.0,267.0,1,right,E. Fournier 27' 3PT running pullup (11 PTS),[203095],1610612765.0,DET,running pullup,,,Fournier,E. Fournier,,,,,Above the Break 3,24+ Center,27.02,Made,,,,,11.0,,,,,,,,,,,,,
207,PT08M36.00S,2024-04-09T23:49:52.8Z,2,REGULAR,2pt,Layup,['pointsinthepaint'],1630288,5.962549277266746,53.18627450980392,1610612755,42,30,2024-04-09T23:49:57Z,2030000,False,-16.0,4.0,1,left,J. Dowtin Jr. cutting Layup (4 PTS) (J. Embiid 4 AST),"[1630288, 203954]",1610612755.0,PHI,cutting,,,Dowtin Jr.,J. Dowtin Jr.,,,,,Restricted Area,0-8 Center,1.63,Made,,,,,4.0,J. Embiid,203954.0,4.0,,,,,,,,,,
209,PT08M23.00S,2024-04-09T23:50:05.0Z,2,REGULAR,2pt,Jump Shot,[],1630201,83.49211563731932,76.7156862745098,1610612765,42,32,2024-04-09T23:50:08Z,2050000,False,134.0,103.0,1,right,M. Flynn 16' pullup Jump Shot (4 PTS),[1630201],1610612765.0,DET,pullup,,,Flynn,M. Flynn,,,,,Mid-Range,16-24 Right Center,16.85,Made,,,,,4.0,,,,,,,,,,,,,
210,PT08M05.00S,2024-04-09T23:50:22.2Z,2,REGULAR,2pt,Layup,['pointsinthepaint'],203954,6.8823915900131425,50.73529411764706,1610612755,44,32,2024-04-09T23:50:26Z,2060000,False,-4.0,12.0,1,left,J. Embiid driving Layup (12 PTS) (D. Melton 2 AST),"[203954, 1629001]",1610612755.0,PHI,driving,,,Embiid,J. Embiid,,,,,Restricted Area,0-8 Center,1.27,Made,,,,,12.0,D. Melton,1629001.0,2.0,,,,,,,,,,
212,PT07M54.00S,2024-04-09T23:50:36.8Z,2,REGULAR,foul,personal,[],1627741,,,1610612765,44,32,2024-04-09T23:50:43Z,2080000,False,,,0,,B. Hield personal FOUL (1 PF),"[1627741, 1629002]",1610612755.0,PHI,,,,Hield,B. Hield,,,,,Mid-Range,8-16 Right,,,,,,,,,,,,,,1148.0,1.0,0.0,Metu,1629002.0,,
214,PT07M54.00S,2024-04-09T23:50:43.0Z,2,REGULAR,substitution,out,[],1629002,,,1610612765,44,32,2024-04-09T23:50:45Z,2100000,False,,,0,,SUB out: C. Metu,[1629002],1610612765.0,DET,,,,Metu,C. Metu,,,,,,,,,,,,,,,,,,,,,,,,,,
215,PT07M54.00S,2024-04-09T23:50:43.0Z,2,REGULAR,substitution,in,[],1628972,,,1610612765,44,32,2024-04-09T23:50:45Z,2110000,False,,,0,,SUB in: T. Brown Jr.,[1628972],1610612765.0,DET,,,,Brown Jr.,T. Brown Jr.,,,,,,,,,,,,,,,,,,,,,,,,,,
216,PT07M46.00S,2024-04-09T23:50:57.2Z,2,REGULAR,3pt,Jump Shot,[],1630201,67.06636005256242,67.40196078431373,1610612765,44,32,2024-04-09T23:51:02Z,2120000,False,87.0,257.0,1,right,MISS M. Flynn 27' pullup 3PT,[1630201],1610612765.0,DET,pullup,,,Flynn,M. Flynn,,,,,Above the Break 3,24+ Right Center,27.14,Missed,,,,,,,,,,,,,,,,,,
217,PT07M42.00S,2024-04-09T23:51:01.2Z,2,REGULAR,rebound,defensive,[],203954,,,1610612755,44,32,2024-04-09T23:51:02Z,2130000,False,,,0,,J. Embiid REBOUND (Off:1 Def:2),[203954],1610612755.0,PHI,,,,Embiid,J. Embiid,,,,,Above the Break 3,24+ Right Center,,,216.0,3.0,2.0,1.0,,,,,,,,,,,,,,
218,PT07M35.00S,2024-04-09T23:51:07.2Z,2,REGULAR,3pt,Jump Shot,[],201587,7.802233902759525,95.58823529411765,1610612755,44,32,2024-04-09T23:51:11Z,2140000,False,-228.0,21.0,1,left,MISS N. Batum 3PT,[201587],1610612755.0,PHI,,,,Batum,N. Batum,,,,,Left Corner 3,24+ Left,22.88,Missed,,,,,,,,,,,,,,,,,,
219,PT07M33.00S,2024-04-09T23:51:09.2Z,2,REGULAR,rebound,defensive,[],1631105,,,1610612765,44,32,2024-04-09T23:51:11Z,2150000,False,,,0,,J. Duren REBOUND (Off:0 Def:4),[1631105],1610612765.0,DET,,,,Duren,J. Duren,,,,,Left Corner 3,24+ Left,,,218.0,4.0,4.0,0.0,,,,,,,,,,,,,,
220,PT07M26.00S,2024-04-09T23:51:18.6Z,2,REGULAR,foul,personal,['2freethrow'],201587,,,1610612765,44,32,2024-04-09T23:51:32Z,2160000,False,,,0,,N. Batum shooting personal FOUL (1 PF) (Fournier 2 FT),"[201587, 203095]",1610612755.0,PHI,shooting,,,Batum,N. Batum,,,,,Restricted Area,0-8 Center,,,,,,,,,,,,,,1626302.0,1.0,0.0,Fournier,203095.0,,
222,PT07M26.00S,2024-04-09T23:51:48.1Z,2,REGULAR,freethrow,1 of 2,[],203095,,,1610612765,44,33,2024-04-09T23:51:48Z,2180000,False,,,0,,E. Fournier Free Throw 1 of 2 (12 PTS),[203095],1610612765.0,DET,,,,Fournier,E. Fournier,,,,,,,,Made,,,,,12.0,,,,,,,,,,,,,
223,PT07M26.00S,2024-04-09T23:51:50.1Z,2,REGULAR,substitution,out,[],1627741,,,1610612765,44,33,2024-04-09T23:51:53Z,2190000,False,,,0,,SUB out: B. Hield,[1627741],1610612755.0,PHI,,,,Hield,B. Hield,,,,,,,,,,,,,,,,,,,,,,,,,,
224,PT07M26.00S,2024-04-09T23:51:50.1Z,2,REGULAR,substitution,in,[],1626162,,,1610612765,44,33,2024-04-09T23:51:53Z,2200000,False,,,0,,SUB in: K. Oubre Jr.,[1626162],1610612755.0,PHI,,,,Oubre Jr.,K. Oubre Jr.,,,,,,,,,,,,,,,,,,,,,,,,,,
225,PT07M26.00S,2024-04-09T23:52:02.8Z,2,REGULAR,freethrow,2 of 2,[],203095,,,1610612765,44,34,2024-04-09T23:52:02Z,2210000,False,,,0,,E. Fournier Free Throw 2 of 2 (13 PTS),[203095],1610612765.0,DET,,,,Fournier,E. Fournier,,,,,,,,Made,,,,,13.0,,,,,,,,,,,,,
226,PT07M14.00S,2024-04-09T23:52:17.1Z,2,REGULAR,2pt,Jump Shot,['pointsinthepaint'],203954,19.628777923784497,62.254901960784316,1610612755,46,34,2024-04-09T23:52:21Z,2220000,False,-61.0,132.0,1,left,J. Embiid 14' pullup Jump Shot (14 PTS),[203954],1610612755.0,PHI,pullup,,,Embiid,J. Embiid,,,,,In The Paint (Non-RA),8-16 Center,14.55,Made,,,,,14.0,,,,,,,,,,,,,
227,PT06M57.00S,2024-04-09T23:52:32.8Z,2,REGULAR,2pt,Layup,['pointsinthepaint'],1631105,93.34756898817345,61.51960784313725,1610612765,46,36,2024-04-09T23:52:36Z,2230000,False,58.0,10.0,1,right,J. Duren driving Layup (2 PTS),[1631105],1610612765.0,DET,driving,,,Duren,J. Duren,,,,,In The Paint (Non-RA),0-8 Center,5.85,Made,,,,,2.0,,,,,,,,,,,,,
228,PT06M45.00S,2024-04-09T23:52:45.0Z,2,REGULAR,3pt,Jump Shot,[],203954,33.295006570302235,50.49019607843137,1610612755,49,36,2024-04-09T23:52:49Z,2240000,False,-2.0,260.0,1,left,J. Embiid 26' 3PT  (17 PTS) (J. Dowtin Jr. 3 AST),"[203954, 1630288]",1610612755.0,PHI,,,,Embiid,J. Embiid,,,,,Above the Break 3,24+ Center,26.05,Made,,,,,17.0,J. Dowtin Jr.,1630288.0,3.0,,,,,,,,,,
230,PT06M31.00S,2024-04-09T23:52:59.8Z,2,REGULAR,2pt,Jump Shot,['pointsinthepaint'],203095,81.7838370565046,52.94117647058824,1610612765,49,38,2024-04-09T23:53:06Z,2260000,False,15.0,119.0,1,right,E. Fournier 11' driving floating Jump Shot (15 PTS) (M. Flynn 1 AST),"[203095, 1630201]",1610612765.0,DET,driving floating,,,Fournier,E. Fournier,,,,,In The Paint (Non-RA),8-16 Center,11.96,Made,,,,,15.0,M. Flynn,1630201.0,1.0,,,,,,,,,,
232,PT06M16.00S,2024-04-09T23:53:13.7Z,2,REGULAR,2pt,Layup,['pointsinthepaint'],1630288,6.750985545335084,48.529411764705884,1610612755,49,38,2024-04-09T23:58:48Z,2280000,False,7.0,11.0,1,left,MISS J. Dowtin Jr. driving finger roll Layup,[1630288],1610612755.0,PHI,driving finger roll,,,Dowtin Jr.,J. Dowtin Jr.,,,,,Restricted Area,0-8 Center,1.33,Missed,,,,,,,,,,,,,,,,,,
233,PT06M14.00S,2024-04-09T23:53:15.7Z,2,REGULAR,rebound,defensive,[],1631105,,,1610612765,49,38,2024-04-09T23:53:17Z,2290000,False,,,0,,J. Duren REBOUND (Off:0 Def:5),[1631105],1610612765.0,DET,,,,Duren,J. Duren,,,,,Restricted Area,0-8 Center,,,232.0,5.0,5.0,0.0,,,,,,,,,,,,,,
234,PT06M12.00S,2024-04-09T23:53:19.2Z,2,REGULAR,2pt,Layup,"['pointsinthepaint', 'fastbreak']",1629669,94.13600525624179,54.90196078431372,1610612765,49,40,2024-04-09T23:53:25Z,2300000,False,25.0,3.0,1,right,J. Nowell running finger roll Layup (2 PTS) (J. Duren 2 AST),"[1629669, 1631105]",1610612765.0,DET,running finger roll,,,Nowell,J. Nowell,,,,,Restricted Area,0-8 Center,2.46,Made,,,,,2.0,J. Duren,1631105.0,2.0,,,,,,,,,,
236,PT06M12.00S,2024-04-09T23:53:27.3Z,2,REGULAR,timeout,full,"['team', 'mandatory']",0,,,1610612755,49,40,2024-04-09T23:53:27Z,2320000,False,,,0,,PHI Timeout,[],1610612755.0,PHI,,,,,,,,,,,,,,,,,,,,,,,,,,,,,,,
237,PT06M12.00S,2024-04-09T23:55:46.4Z,2,REGULAR,substitution,out,[],1630288,,,1610612755,49,40,2024-04-09T23:56:10Z,2330000,False,,,0,,SUB out: J. Dowtin Jr.,[1630288],1610612755.0,PHI,,,,Dowtin Jr.,J. Dowtin Jr.,,,,,,,,,,,,,,,,,,,,,,,,,,
238,PT06M12.00S,2024-04-09T23:55:46.4Z,2,REGULAR,substitution,out,[],203954,,,1610612755,49,40,2024-04-09T23:56:10Z,2340000,False,,,0,,SUB out: J. Embiid,[203954],1610612755.0,PHI,,,,Embiid,J. Embiid,,,,,,,,,,,,,,,,,,,,,,,,,,
239,PT06M12.00S,2024-04-09T23:55:46.4Z,2,REGULAR,substitution,out,[],201587,,,1610612755,49,40,2024-04-09T23:56:10Z,2350000,False,,,0,,SUB out: N. Batum,[201587],1610612755.0,PHI,,,,Batum,N. Batum,,,,,,,,,,,,,,,,,,,,,,,,,,
240,PT06M12.00S,2024-04-09T23:55:46.4Z,2,REGULAR,substitution,out,[],1630201,,,1610612755,49,40,2024-04-09T23:56:10Z,2360000,False,,,0,,SUB out: M. Flynn,[1630201],1610612765.0,DET,,,,Flynn,M. Flynn,,,,,,,,,,,,,,,,,,,,,,,,,,
241,PT06M12.00S,2024-04-09T23:55:46.4Z,2,REGULAR,substitution,out,[],1629669,,,1610612755,49,40,2024-04-09T23:56:10Z,2370000,False,,,0,,SUB out: J. Nowell,[1629669],1610612765.0,DET,,,,Nowell,J. Nowell,,,,,,,,,,,,,,,,,,,,,,,,,,
242,PT06M12.00S,2024-04-09T23:55:46.4Z,2,REGULAR,substitution,in,[],1630194,,,1610612755,49,40,2024-04-09T23:56:10Z,2380000,False,,,0,,SUB in: P. Reed,[1630194],1610612755.0,PHI,,,,Reed,P. Reed,,,,,,,,,,,,,,,,,,,,,,,,,,
243,PT06M12.00S,2024-04-09T23:55:46.4Z,2,REGULAR,substitution,in,[],202699,,,1610612755,49,40,2024-04-09T23:56:10Z,2390000,False,,,0,,SUB in: T. Harris,[202699],1610612755.0,PHI,,,,Harris,T. Harris,,,,,,,,,,,,,,,,,,,,,,,,,,
244,PT06M12.00S,2024-04-09T23:55:46.4Z,2,REGULAR,substitution,in,[],1626166,,,1610612755,49,40,2024-04-09T23:56:10Z,2400000,False,,,0,,SUB in: C. Payne,[1626166],1610612755.0,PHI,,,,Payne,C. Payne,,,,,,,,,,,,,,,,,,,,,,,,,,
245,PT06M12.00S,2024-04-09T23:55:46.4Z,2,REGULAR,substitution,in,[],1631204,,,1610612755,49,40,2024-04-09T23:56:10Z,2410000,False,,,0,,SUB in: M. Sasser,[1631204],1610612765.0,DET,,,,Sasser,M. Sasser,,,,,,,,,,,,,,,,,,,,,,,,,,
246,PT06M12.00S,2024-04-09T23:55:46.4Z,2,REGULAR,substitution,in,[],1631093,,,1610612755,49,40,2024-04-09T23:56:10Z,2420000,False,,,0,,SUB in: J. Ivey,[1631093],1610612765.0,DET,,,,Ivey,J. Ivey,,,,,,,,,,,,,,,,,,,,,,,,,,
247,PT05M54.00S,2024-04-09T23:56:28.4Z,2,REGULAR,2pt,Jump Shot,['pointsinthepaint'],1629001,15.160972404730614,50.73529411764706,1610612755,49,40,2024-04-09T23:56:40Z,2430000,False,-4.0,90.0,1,left,MISS D. Melton 9' pullup Shot,[1629001],1610612755.0,PHI,pullup,,,Melton,D. Melton,,,,,In The Paint (Non-RA),8-16 Center,9.01,Missed,,,,,,,,,,,,,,,,,,
248,PT05M53.00S,2024-04-09T23:56:29.4Z,2,REGULAR,rebound,offensive,[],202699,,,1610612755,49,40,2024-04-10T00:10:38Z,2440000,False,,,0,,T. Harris REBOUND (Off:3 Def:4),[202699],1610612755.0,PHI,,,,Harris,T. Harris,,,,,In The Paint (Non-RA),8-16 Center,,,247.0,7.0,4.0,3.0,,,,,,,,,,,,,,
249,PT05M43.00S,2024-04-09T23:56:40.3Z,2,REGULAR,2pt,Jump Shot,"['pointsinthepaint', '2ndchance']",202699,13.18988173455979,51.22549019607843,1610612755,51,40,2024-04-09T23:56:46Z,2450000,False,-6.0,71.0,1,left,T. Harris 7' pullup Jump Shot (8 PTS),[202699],1610612755.0,PHI,pullup,,,Harris,T. Harris,,,,,In The Paint (Non-RA),0-8 Center,7.18,Made,,,,,8.0,,,,,,,,,,,,,
250,PT05M23.00S,2024-04-09T23:57:00.0Z,2,REGULAR,3pt,Jump Shot,[],1631093,74.03088042049934,82.84313725490196,1610612765,51,43,2024-04-09T23:57:05Z,2460000,False,164.0,192.0,1,right,J. Ivey 25' 3PT  (14 PTS) (M. Sasser 2 AST),"[1631093, 1631204]",1610612765.0,DET,,,,Ivey,J. Ivey,,,,,Above the Break 3,24+ Right Center,25.23,Made,,,,,14.0,M. Sasser,1631204.0,2.0,,,,,,,,,,
252,PT04M54.00S,2024-04-09T23:57:28.9Z,2,REGULAR,2pt,Jump Shot,['pointsinthepaint'],1630194,14.50394218134035,46.568627450980394,1610612755,51,43,2024-04-10T00:02:35Z,2480000,False,17.0,84.0,1,left,MISS P. Reed 8' step back Shot,[1630194],1610612755.0,PHI,step back,,,Reed,P. Reed,,,,,In The Paint (Non-RA),8-16 Center,8.55,Missed,,,,,,,,,,,,,,,,,,
253,PT04M52.00S,2024-04-09T23:57:30.9Z,2,REGULAR,rebound,defensive,[],1628972,,,1610612765,51,43,2024-04-10T00:02:35Z,2490000,False,,,0,,T. Brown Jr. REBOUND (Off:0 Def:2),[1628972],1610612765.0,DET,,,,Brown Jr.,T. Brown Jr.,,,,,In The Paint (Non-RA),8-16 Center,,,252.0,2.0,2.0,0.0,,,,,,,,,,,,,,
254,PT04M46.00S,2024-04-09T23:57:39.3Z,2,REGULAR,foul,personal,[],1630194,,,1610612765,51,43,2024-04-09T23:57:44Z,2500000,False,,,0,,P. Reed personal FOUL (1 PF),"[1630194, 1631105]",1610612755.0,PHI,,,,Reed,P. Reed,,,,,Mid-Range,8-16 Right,,,,,,,,,,,,,,1148.0,1.0,0.0,Duren,1631105.0,,
256,PT04M46.00S,2024-04-09T23:57:45.5Z,2,REGULAR,substitution,out,[],1629001,,,1610612765,51,43,2024-04-09T23:57:49Z,2520000,False,,,0,,SUB out: D. Melton,[1629001],1610612755.0,PHI,,,,Melton,D. Melton,,,,,,,,,,,,,,,,,,,,,,,,,,
257,PT04M46.00S,2024-04-09T23:57:45.5Z,2,REGULAR,substitution,in,[],201587,,,1610612765,51,43,2024-04-09T23:57:49Z,2530000,False,,,0,,SUB in: N. Batum,[201587],1610612755.0,PHI,,,,Batum,N. Batum,,,,,,,,,,,,,,,,,,,,,,,,,,
258,PT04M40.00S,2024-04-09T23:58:03.2Z,2,REGULAR,3pt,Jump Shot,[],1631093,68.11760840998686,64.70588235294117,1610612765,51,46,2024-04-09T23:58:09Z,2540000,False,74.0,247.0,1,right,J. Ivey 25' 3PT  (17 PTS) (M. Sasser 3 AST),"[1631093, 1631204]",1610612765.0,DET,,,,Ivey,J. Ivey,,,,,Above the Break 3,24+ Center,25.79,Made,,,,,17.0,M. Sasser,1631204.0,3.0,,,,,,,,,,
260,PT04M20.00S,2024-04-09T23:58:23.0Z,2,REGULAR,3pt,Jump Shot,[],1626162,25.936268068331145,90.19607843137254,1610612755,54,46,2024-04-09T23:58:27Z,2560000,False,-201.0,191.0,1,left,K. Oubre Jr. 27' 3PT  (7 PTS) (T. Harris 3 AST),"[1626162, 202699]",1610612755.0,PHI,,,,Oubre Jr.,K. Oubre Jr.,,,,,Above the Break 3,24+ Left Center,27.75,Made,,,,,7.0,T. Harris,202699.0,3.0,,,,,,,,,,
262,PT04M06.00S,2024-04-09T23:58:37.0Z,2,REGULAR,3pt,Jump Shot,[],203095,96.63272010512483,95.58823529411765,1610612765,54,46,2024-04-09T23:58:44Z,2580000,False,228.0,-21.0,1,right,MISS E. Fournier fadeaway 3PT,[203095],1610612765.0,DET,fadeaway,,,Fournier,E. Fournier,,,,,Right Corner 3,24+ Right,22.88,Missed,,,,,,,,,,,,,,,,,,
263,PT04M05.00S,2024-04-09T23:58:38.0Z,2,REGULAR,rebound,offensive,['team'],0,,,1610612765,54,46,2024-04-09T23:58:44Z,2590000,False,,,0,,TEAM offensive REBOUND,[],1610612765.0,DET,,,,,,,,,,Right Corner 3,24+ Right,,,262.0,,,,,,,,,,,,,,,,,
265,PT04M05.00S,2024-04-09T23:58:44.8Z,2,REGULAR,substitution,out,[],1628972,,,1610612765,54,46,2024-04-09T23:58:50Z,2610000,False,,,0,,SUB out: T. Brown Jr.,[1628972],1610612765.0,DET,,,,Brown Jr.,T. Brown Jr.,,,,,,,,,,,,,,,,,,,,,,,,,,
266,PT04M05.00S,2024-04-09T23:58:44.8Z,2,REGULAR,substitution,in,[],1629002,,,1610612765,54,46,2024-04-09T23:58:50Z,2620000,False,,,0,,SUB in: C. Metu,[1629002],1610612765.0,DET,,,,Metu,C. Metu,,,,,,,,,,,,,,,,,,,,,,,,,,
267,PT04M00.00S,2024-04-09T23:59:12.6Z,2,REGULAR,turnover,out-of-bounds,[],1631204,,,1610612765,54,46,2024-04-09T23:59:21Z,2630000,False,,,0,,M. Sasser bad pass out-of-bounds TURNOVER (1 TO),[1631204],1610612765.0,DET,bad pass,,,Sasser,M. Sasser,,,,,Above the Break 3,24+ Right Center,,,,,,,,,,,1.0,,,1148.0,,,,,,
268,PT03M58.00S,2024-04-09T23:59:36.0Z,2,REGULAR,3pt,Jump Shot,['fromturnover'],1626162,13.84691195795007,2.205882352941174,1610612755,54,46,2024-04-09T23:59:44Z,2640000,False,239.0,78.0,1,left,MISS K. Oubre Jr. 25' 3PT,[1626162],1610612755.0,PHI,,,,Oubre Jr.,K. Oubre Jr.,,,,,Right Corner 3,24+ Right,25.13,Missed,,,,,,,,,,,,,,,,,,
269,PT03M54.00S,2024-04-09T23:59:39.6Z,2,REGULAR,rebound,offensive,[],202699,,,1610612755,54,46,2024-04-09T23:59:39Z,2650000,False,,,0,,T. Harris REBOUND (Off:4 Def:4),[202699],1610612755.0,PHI,,,,Harris,T. Harris,,,,,Right Corner 3,24+ Right,,,268.0,8.0,4.0,4.0,,,,,,,,,,,,,,
270,PT03M49.00S,2024-04-09T23:59:46.5Z,2,REGULAR,foul,personal,[],1631093,,,1610612755,54,46,2024-04-10T00:05:32Z,2660000,False,,,0,,J. Ivey personal FOUL (1 PF),"[1631093, 1626162]",1610612765.0,DET,,,,Ivey,J. Ivey,,,,,In The Paint (Non-RA),8-16 Center,,,,,,,,,,,,,,1148.0,1.0,0.0,Oubre Jr.,1626162.0,,
272,PT03M49.00S,2024-04-09T23:59:56.1Z,2,REGULAR,substitution,out,[],1630194,,,1610612755,54,46,2024-04-09T23:59:59Z,2680000,False,,,0,,SUB out: P. Reed,[1630194],1610612755.0,PHI,,,,Reed,P. Reed,,,,,,,,,,,,,,,,,,,,,,,,,,
273,PT03M49.00S,2024-04-09T23:59:56.1Z,2,REGULAR,substitution,in,[],203954,,,1610612755,54,46,2024-04-09T23:59:59Z,2690000,False,,,0,,SUB in: J. Embiid,[203954],1610612755.0,PHI,,,,Embiid,J. Embiid,,,,,,,,,,,,,,,,,,,,,,,,,,
274,PT03M40.00S,2024-04-10T00:00:25.7Z,2,REGULAR,foul,personal,[],1631093,,,1610612755,54,46,2024-04-10T00:00:31Z,2700000,False,,,0,,J. Ivey personal FOUL (2 PF),"[1631093, 1626162]",1610612765.0,DET,,,,Ivey,J. Ivey,,,,,Above the Break 3,24+ Left Center,,,,,,,,,,,,,,1626302.0,2.0,0.0,Oubre Jr.,1626162.0,,
276,PT03M29.00S,2024-04-10T00:01:07.3Z,2,REGULAR,3pt,Jump Shot,"['fromturnover', '2ndchance']",203954,28.56438896189225,81.86274509803921,1610612755,57,46,2024-04-10T00:01:11Z,2720000,False,-159.0,216.0,1,left,J. Embiid 26' 3PT  (20 PTS) (C. Payne 2 AST),"[203954, 1626166]",1610612755.0,PHI,,,,Embiid,J. Embiid,,,,,Above the Break 3,24+ Left Center,26.84,Made,,,,,20.0,C. Payne,1626166.0,2.0,,,,,,,,,,
278,PT03M05.00S,2024-04-10T00:01:31.0Z,2,REGULAR,2pt,DUNK,['pointsinthepaint'],1631105,95.58147174770039,49.50980392156863,1610612765,57,48,2024-04-10T00:01:34Z,2740000,False,-2.0,-11.0,1,right,J. Duren cutting DUNK (4 PTS) (J. Ivey 2 AST),"[1631105, 1631093]",1610612765.0,DET,cutting,,,Duren,J. Duren,,,,,Restricted Area,0-8 Center,1.13,Made,,,,,4.0,J. Ivey,1631093.0,2.0,,,,,,,,,,
281,PT03M00.00S,2024-04-10T00:01:46.0Z,2,REGULAR,violation,kicked ball,[],1631105,,,1610612755,57,48,2024-04-10T00:01:52Z,2770000,False,,,0,,J. Duren kicked ball VIOLATION,[1631105],1610612765.0,DET,,,,Duren,J. Duren,,,,,,,,,,,,,,,,,,,,1148.0,,,,,,
282,PT02M52.00S,2024-04-10T00:02:00.5Z,2,REGULAR,3pt,Jump Shot,[],1626162,7.276609724047319,2.941176470588232,1610612755,57,48,2024-04-10T00:02:06Z,2780000,False,235.0,16.0,1,left,MISS K. Oubre Jr. 3PT,[1626162],1610612755.0,PHI,,,,Oubre Jr.,K. Oubre Jr.,,,,,Right Corner 3,24+ Right,23.58,Missed,,,,,,,,,,,,,,,,,,
283,PT02M47.00S,2024-04-10T00:02:05.5Z,2,REGULAR,rebound,defensive,[],203095,,,1610612765,57,48,2024-04-10T00:02:06Z,2790000,False,,,0,,E. Fournier REBOUND (Off:0 Def:1),[203095],1610612765.0,DET,,,,Fournier,E. Fournier,,,,,Right Corner 3,24+ Right,,,282.0,1.0,1.0,0.0,,,,,,,,,,,,,,
284,PT02M42.00S,2024-04-10T00:02:10.4Z,2,REGULAR,3pt,Jump Shot,['fastbreak'],1631093,79.28712220762155,5.882352941176478,1610612765,57,48,2024-04-10T00:02:18Z,2800000,False,-221.0,142.0,1,right,MISS J. Ivey 26' running 3PT,[1631093],1610612765.0,DET,running,,,Ivey,J. Ivey,,,,,Above the Break 3,24+ Left Center,26.25,Missed,,,,,,,,,,,,,,,,,,
285,PT02M37.00S,2024-04-10T00:02:15.4Z,2,REGULAR,rebound,defensive,[],203954,,,1610612755,57,48,2024-04-10T00:19:52Z,2810000,False,,,0,,J. Embiid REBOUND (Off:1 Def:3),[203954],1610612755.0,PHI,,,,Embiid,J. Embiid,,,,,Above the Break 3,24+ Left Center,,,284.0,4.0,3.0,1.0,,,,,,,,,,,,,,
286,PT02M26.00S,2024-04-10T00:02:26.6Z,2,REGULAR,3pt,Jump Shot,[],1626166,28.301576872536145,19.85294117647058,1610612755,60,48,2024-04-10T00:02:31Z,2820000,False,151.0,214.0,1,left,C. Payne 26' 3PT  (5 PTS) (J. Embiid 5 AST),"[1626166, 203954]",1610612755.0,PHI,,,,Payne,C. Payne,,,,,Above the Break 3,24+ Right Center,26.13,Made,,,,,5.0,J. Embiid,203954.0,5.0,,,,,,,,,,
288,PT02M09.00S,2024-04-10T00:02:43.2Z,2,REGULAR,2pt,Jump Shot,[],1631105,80.6011826544021,75.73529411764706,1610612765,60,50,2024-04-10T00:02:47Z,2840000,False,129.0,130.0,1,right,J. Duren 18' Jump Shot (6 PTS),[1631105],1610612765.0,DET,,,,Duren,J. Duren,,,,,Mid-Range,16-24 Right Center,18.28,Made,,,,,6.0,,,,,,,,,,,,,
289,PT01M56.00S,2024-04-10T00:02:56.3Z,2,REGULAR,2pt,Jump Shot,[],203954,21.0742444152431,47.30392156862745,1610612755,60,50,2024-04-10T00:03:00Z,2850000,False,13.0,146.0,1,left,MISS J. Embiid 14' pullup Shot,[203954],1610612755.0,PHI,pullup,,,Embiid,J. Embiid,,,,,Mid-Range,8-16 Center,14.62,Missed,,,,,,,,,,,,,,,,,,
290,PT01M53.00S,2024-04-10T00:02:59.3Z,2,REGULAR,rebound,defensive,[],1631105,,,1610612765,60,50,2024-04-10T00:03:00Z,2860000,False,,,0,,J. Duren REBOUND (Off:0 Def:6),[1631105],1610612765.0,DET,,,,Duren,J. Duren,,,,,Mid-Range,8-16 Center,,,289.0,6.0,6.0,0.0,,,,,,,,,,,,,,
291,PT01M45.00S,2024-04-10T00:03:07.4Z,2,REGULAR,3pt,Jump Shot,[],1631204,73.50525624178712,16.42156862745098,1610612765,60,50,2024-04-10T00:03:13Z,2870000,False,-168.0,197.0,1,right,MISS M. Sasser 25' step back 3PT,[1631204],1610612765.0,DET,step back,,,Sasser,M. Sasser,,,,,Above the Break 3,24+ Left Center,25.85,Missed,,,,,,,,,,,,,,,,,,
292,PT01M42.00S,2024-04-10T00:03:10.4Z,2,REGULAR,rebound,defensive,[],202699,,,1610612755,60,50,2024-04-10T00:03:13Z,2880000,False,,,0,,T. Harris REBOUND (Off:4 Def:5),[202699],1610612755.0,PHI,,,,Harris,T. Harris,,,,,Above the Break 3,24+ Left Center,,,291.0,9.0,5.0,4.0,,,,,,,,,,,,,,
293,PT01M32.00S,2024-04-10T00:03:20.5Z,2,REGULAR,2pt,DUNK,['pointsinthepaint'],201587,5.831143232588701,51.22549019607843,1610612755,62,50,2024-04-10T00:03:26Z,2890000,False,-6.0,2.0,1,left,N. Batum cutting DUNK (2 PTS) (J. Embiid 6 AST),"[201587, 203954]",1610612755.0,PHI,cutting,,,Batum,N. Batum,,,,,Restricted Area,0-8 Center,0.65,Made,,,,,2.0,J. Embiid,203954.0,6.0,,,,,,,,,,
295,PT01M17.00S,2024-04-10T00:03:36.0Z,2,REGULAR,turnover,lost ball,[],1631093,,,1610612765,62,50,2024-04-10T00:03:39Z,2910000,False,,,0,,J. Ivey lost ball TURNOVER (4 TO),"[1631093, 203954]",1610612765.0,DET,,,,Ivey,J. Ivey,,,,,In The Paint (Non-RA),8-16 Center,,,,,,,,,,,4.0,Embiid,203954.0,,,,,,,
296,PT01M17.00S,2024-04-10T00:03:36.0Z,2,REGULAR,steal,,[],203954,,,1610612755,62,50,2024-04-10T00:03:38Z,2920000,False,,,0,,J. Embiid STEAL (3 STL),[203954],1610612755.0,PHI,,,,Embiid,J. Embiid,,,,,In The Paint (Non-RA),8-16 Center,,,,,,,,,,,,,,,,,,,,
297,PT01M05.00S,2024-04-10T00:03:48.1Z,2,REGULAR,3pt,Jump Shot,['fromturnover'],203954,32.90078843626807,51.470588235294116,1610612755,62,50,2024-04-10T00:03:52Z,2930000,False,-7.0,257.0,1,left,MISS J. Embiid 25' step back 3PT,[203954],1610612755.0,PHI,step back,,,Embiid,J. Embiid,,,,,Above the Break 3,24+ Center,25.69,Missed,,,,,,,,,,,,,,,,,,
298,PT01M01.00S,2024-04-10T00:03:52.1Z,2,REGULAR,rebound,defensive,[],203095,,,1610612765,62,50,2024-04-10T00:03:52Z,2940000,False,,,0,,E. Fournier REBOUND (Off:0 Def:2),[203095],1610612765.0,DET,,,,Fournier,E. Fournier,,,,,Above the Break 3,24+ Center,,,297.0,2.0,2.0,0.0,,,,,,,,,,,,,,
299,PT00M49.30S,2024-04-10T00:04:04.4Z,2,REGULAR,2pt,Jump Shot,[],1631093,88.61695137976346,83.33333333333334,1610612765,62,50,2024-04-10T00:04:09Z,2950000,False,167.0,55.0,1,right,MISS J. Ivey 17' fadeaway Shot,[1631093],1610612765.0,DET,fadeaway,,,Ivey,J. Ivey,,,,,Mid-Range,16-24 Right,17.54,Missed,,,,,,,,,,,,,,,,,,
300,PT00M46.30S,2024-04-10T00:04:07.4Z,2,REGULAR,rebound,offensive,[],1631204,,,1610612765,62,50,2024-04-10T00:04:07Z,2960000,False,,,0,,M. Sasser REBOUND (Off:1 Def:1),[1631204],1610612765.0,DET,,,,Sasser,M. Sasser,,,,,Mid-Range,16-24 Right,,,299.0,2.0,1.0,1.0,,,,,,,,,,,,,,
301,PT00M40.70S,2024-04-10T00:04:13.1Z,2,REGULAR,2pt,Jump Shot,"['pointsinthepaint', '2ndchance']",1631105,84.4119579500657,57.1078431372549,1610612765,62,50,2024-04-10T00:04:18Z,2970000,False,36.0,94.0,1,right,MISS J. Duren 10' floating Shot,[1631105],1610612765.0,DET,floating,,,Duren,J. Duren,,,,,In The Paint (Non-RA),8-16 Center,10.05,Missed,,,,,,,,,,,,,,,,,,
302,PT00M37.00S,2024-04-10T00:04:16.6Z,2,REGULAR,rebound,defensive,[],202699,,,1610612755,62,50,2024-04-10T00:04:16Z,2980000,False,,,0,,T. Harris REBOUND (Off:4 Def:6),[202699],1610612755.0,PHI,,,,Harris,T. Harris,,,,,In The Paint (Non-RA),8-16 Center,,,301.0,10.0,6.0,4.0,,,,,,,,,,,,,,
303,PT00M32.40S,2024-04-10T00:04:27.9Z,2,REGULAR,foul,personal,['2freethrow'],203095,,,1610612755,62,50,2024-04-10T00:04:34Z,2990000,False,,,0,,E. Fournier shooting personal FOUL (1 PF) (Harris 2 FT),"[203095, 202699]",1610612765.0,DET,shooting,,,Fournier,E. Fournier,,,,,In The Paint (Non-RA),0-8 Center,,,,,,,,,,,,,,1198.0,1.0,0.0,Harris,202699.0,,
305,PT00M32.40S,2024-04-10T00:04:41.7Z,2,REGULAR,timeout,full,"['team', 'mandatory']",0,,,1610612755,62,50,2024-04-10T00:04:41Z,3010000,False,,,0,,DET Timeout,[],1610612765.0,DET,,,,,,,,,,,,,,,,,,,,,,,,,,,,,,,
306,PT00M32.40S,2024-04-10T00:07:31.7Z,2,REGULAR,freethrow,1 of 2,['fastbreak'],202699,,,1610612755,63,50,2024-04-10T00:07:31Z,3020000,False,,,0,,T. Harris Free Throw 1 of 2 (9 PTS),[202699],1610612755.0,PHI,,,,Harris,T. Harris,,,,,,,,Made,,,,,9.0,,,,,,,,,,,,,
307,PT00M32.40S,2024-04-10T00:07:46.1Z,2,REGULAR,freethrow,2 of 2,['fastbreak'],202699,,,1610612755,64,50,2024-04-10T00:07:46Z,3030000,False,,,0,,T. Harris Free Throw 2 of 2 (10 PTS),[202699],1610612755.0,PHI,,,,Harris,T. Harris,,,,,,,,Made,,,,,10.0,,,,,,,,,,,,,
308,PT00M10.90S,2024-04-10T00:08:09.6Z,2,REGULAR,2pt,Jump Shot,['pointsinthepaint'],1631105,83.75492772667542,53.18627450980392,1610612765,64,50,2024-04-10T00:08:17Z,3040000,False,16.0,100.0,1,right,MISS J. Duren 10' floating Shot,[1631105],1610612765.0,DET,floating,,,Duren,J. Duren,,,,,In The Paint (Non-RA),8-16 Center,10.15,Missed,,,,,,,,,,,,,,,,,,
309,PT00M09.00S,2024-04-10T00:08:11.5Z,2,REGULAR,rebound,offensive,[],1629002,,,1610612765,64,50,2024-04-10T00:08:17Z,3050000,False,,,0,,C. Metu REBOUND (Off:2 Def:1),[1629002],1610612765.0,DET,,,,Metu,C. Metu,,,,,In The Paint (Non-RA),8-16 Center,,,308.0,3.0,1.0,2.0,,,,,,,,,,,,,,
310,PT00M09.00S,2024-04-10T00:08:15.6Z,2,REGULAR,2pt,Layup,"['pointsinthepaint', '2ndchance']",1629002,94.40999984741211,50.0,1610612765,64,52,2024-04-10T00:08:15Z,3060000,False,0.0,0.0,1,right,C. Metu tip Layup (2 PTS),[1629002],1610612765.0,DET,tip,,,Metu,C. Metu,,,,,Mid-Range,8-16 Left,0.0,Made,,,,,2.0,,,,,,,,,,,,,
311,PT00M02.30S,2024-04-10T00:08:25.8Z,2,REGULAR,3pt,Jump Shot,[],203954,30.929697766097235,81.61764705882354,1610612755,64,52,2024-04-10T00:14:22Z,3070000,False,-158.0,238.0,1,left,MISS J. Embiid 28' step back 3PT,[203954],1610612755.0,PHI,step back,,,Embiid,J. Embiid,,,,,Above the Break 3,24+ Left Center,28.59,Missed,,,,,,,,,,,,,,,,,,
312,PT00M00.10S,2024-04-10T00:08:28.0Z,2,REGULAR,rebound,offensive,['team'],0,,,1610612755,64,52,2024-04-10T00:14:22Z,3080000,False,,,0,,TEAM offensive REBOUND,[],1610612755.0,PHI,,,,,,,,,,Above the Break 3,24+ Left Center,,,311.0,,,,,,,,,,,,,,,,,
313,PT00M00.00S,2024-04-10T00:08:36.5Z,2,REGULAR,period,end,[],0,,,1610612755,64,52,2024-04-10T00:08:36Z,3090000,False,,,0,,Period End,[],,,,,,,,,,,,,,,,,,,,,,,,,,,,,,,,,
314,PT12M00.00S,2024-04-10T00:21:54.0Z,3,REGULAR,substitution,out,['startperiod'],203095,,,1610612755,64,52,2024-04-10T00:23:32Z,3100000,False,,,0,,SUB out: E. Fournier,[203095],1610612765.0,DET,,,,Fournier,E. Fournier,,,,,,,,,,,,,,,,,,,,,,,,,,
315,PT12M00.00S,2024-04-10T00:21:54.0Z,3,REGULAR,substitution,in,['startperiod'],1628972,,,1610612755,64,52,2024-04-10T00:23:32Z,3110000,False,,,0,,SUB in: T. Brown Jr.,[1628972],1610612765.0,DET,,,,Brown Jr.,T. Brown Jr.,,,,,,,,,,,,,,,,,,,,,,,,,,
316,PT12M00.00S,2024-04-10T00:23:50.4Z,3,REGULAR,period,start,[],0,,,1610612765,64,52,2024-04-10T00:23:50Z,3120000,False,,,0,,Period Start,[],,,,,,,,,,,,,,,,,,,,,,,,,,,,,,,,,
317,PT11M47.00S,2024-04-10T00:24:05.1Z,3,REGULAR,foul,personal,[],1626166,,,1610612765,64,52,2024-04-10T00:24:10Z,3130000,False,,,0,,C. Payne personal FOUL (1 PF),"[1626166, 1628972]",1610612755.0,PHI,,,,Payne,C. Payne,,,,,Above the Break 3,24+ Right Center,,,,,,,,,,,,,,1148.0,1.0,0.0,Brown Jr.,1628972.0,,
319,PT11M41.00S,2024-04-10T00:24:31.8Z,3,REGULAR,foul,personal,['2freethrow'],203954,,,1610612765,64,52,2024-04-10T00:24:39Z,3150000,False,,,0,,J. Embiid shooting personal FOUL (2 PF) (Duren 2 FT),"[203954, 1631105]",1610612755.0,PHI,shooting,,,Embiid,J. Embiid,,,,,Restricted Area,0-8 Center,,,,,,,,,,,,,,1626302.0,2.0,0.0,Duren,1631105.0,,
321,PT11M41.00S,2024-04-10T00:25:00.8Z,3,REGULAR,freethrow,1 of 2,[],1631105,,,1610612765,64,53,2024-04-10T00:25:00Z,3170000,False,,,0,,J. Duren Free Throw 1 of 2 (7 PTS),[1631105],1610612765.0,DET,,,,Duren,J. Duren,,,,,,,,Made,,,,,7.0,,,,,,,,,,,,,
322,PT11M41.00S,2024-04-10T00:25:17.7Z,3,REGULAR,freethrow,2 of 2,[],1631105,,,1610612765,64,54,2024-04-10T00:25:17Z,3180000,False,,,0,,J. Duren Free Throw 2 of 2 (8 PTS),[1631105],1610612765.0,DET,,,,Duren,J. Duren,,,,,,,,Made,,,,,8.0,,,,,,,,,,,,,
323,PT11M21.00S,2024-04-10T00:25:37.4Z,3,REGULAR,3pt,Jump Shot,[],202699,68.38042049934297,57.35294117647059,1610612755,64,54,2024-04-10T00:25:41Z,3190000,False,37.0,245.0,1,right,MISS T. Harris 24' 3PT,[202699],1610612755.0,PHI,,,,Harris,T. Harris,,,,,Above the Break 3,24+ Center,24.75,Missed,,,,,,,,,,,,,,,,,,
324,PT11M19.00S,2024-04-10T00:25:39.2Z,3,REGULAR,rebound,defensive,[],1629002,,,1610612765,64,54,2024-04-10T00:25:39Z,3200000,False,,,0,,C. Metu REBOUND (Off:2 Def:2),[1629002],1610612765.0,DET,,,,Metu,C. Metu,,,,,Above the Break 3,24+ Center,,,323.0,4.0,2.0,2.0,,,,,,,,,,,,,,
325,PT11M14.00S,2024-04-10T00:25:45.1Z,3,REGULAR,2pt,Jump Shot,['pointsinthepaint'],1629002,12.270039421813408,43.13725490196079,1610612765,64,54,2024-04-10T00:25:54Z,3210000,False,34.0,63.0,1,left,MISS C. Metu 7' driving floating Shot - blocked,"[1629002, 1626162]",1610612765.0,DET,driving floating,,,Metu,C. Metu,,,,,In The Paint (Non-RA),0-8 Center,7.16,Missed,,,,,,,,,,,,,,,,,Oubre Jr.,1626162.0
376,PT11M14.00S,2024-04-10T00:25:45.1Z,3,REGULAR,block,,[],1626162,,,1610612765,64,54,2024-04-10T00:34:36Z,3215000,False,,,0,,K. Oubre Jr. BLOCK (1 BLK),[1626162],1610612755.0,PHI,,,,Oubre Jr.,K. Oubre Jr.,,,,,In The Paint (Non-RA),0-8 Center,,,,,,,,,,,,,,,,,,,,
326,PT11M12.00S,2024-04-10T00:25:47.1Z,3,REGULAR,rebound,defensive,[],203954,,,1610612755,64,54,2024-04-10T00:25:54Z,3220000,False,,,0,,J. Embiid REBOUND (Off:1 Def:4),[203954],1610612755.0,PHI,,,,Embiid,J. Embiid,,,,,In The Paint (Non-RA),0-8 Center,,,325.0,5.0,4.0,1.0,,,,,,,,,,,,,,
327,PT11M04.00S,2024-04-10T00:25:57.2Z,3,REGULAR,foul,personal,['2freethrow'],1631204,,,1610612755,64,54,2024-04-10T00:26:04Z,3230000,False,,,0,,M. Sasser shooting personal FOUL (1 PF) (Harris 2 FT),"[1631204, 202699]",1610612765.0,DET,shooting,,,Sasser,M. Sasser,,,,,In The Paint (Non-RA),0-8 Center,,,,,,,,,,,,,,1148.0,1.0,0.0,Harris,202699.0,,
329,PT11M04.00S,2024-04-10T00:26:21.4Z,3,REGULAR,freethrow,1 of 2,[],202699,,,1610612755,65,54,2024-04-10T00:26:21Z,3250000,False,,,0,,T. Harris Free Throw 1 of 2 (11 PTS),[202699],1610612755.0,PHI,,,,Harris,T. Harris,,,,,,,,Made,,,,,11.0,,,,,,,,,,,,,
330,PT11M04.00S,2024-04-10T00:26:21.4Z,3,REGULAR,freethrow,2 of 2,[],202699,,,1610612755,65,54,2024-04-10T00:26:38Z,3260000,False,,,0,,MISS T. Harris Free Throw 2 of 2,[202699],1610612755.0,PHI,,,,Harris,T. Harris,,,,,,,,Missed,,,,,,,,,,,,,,,,,,
331,PT11M02.00S,2024-04-10T00:26:23.4Z,3,REGULAR,rebound,defensive,[],1631105,,,1610612765,65,54,2024-04-10T00:26:38Z,3270000,False,,,0,,J. Duren REBOUND (Off:0 Def:7),[1631105],1610612765.0,DET,,,,Duren,J. Duren,,,,,,,,,330.0,7.0,7.0,0.0,,,,,,,,,,,,,,
332,PT10M49.00S,2024-04-10T00:26:51.4Z,3,REGULAR,2pt,Jump Shot,['pointsinthepaint'],1631204,18.84034165571616,34.55882352941177,1610612765,65,54,2024-04-10T00:26:55Z,3280000,False,77.0,125.0,1,left,MISS M. Sasser 14' pullup Shot,[1631204],1610612765.0,DET,pullup,,,Sasser,M. Sasser,,,,,In The Paint (Non-RA),8-16 Right,14.66,Missed,,,,,,,,,,,,,,,,,,
333,PT10M47.00S,2024-04-10T00:26:53.4Z,3,REGULAR,rebound,defensive,[],202699,,,1610612755,65,54,2024-04-10T00:26:55Z,3290000,False,,,0,,T. Harris REBOUND (Off:4 Def:7),[202699],1610612755.0,PHI,,,,Harris,T. Harris,,,,,In The Paint (Non-RA),8-16 Right,,,332.0,11.0,7.0,4.0,,,,,,,,,,,,,,
334,PT10M39.00S,2024-04-10T00:27:01.3Z,3,REGULAR,turnover,bad pass,[],203954,,,1610612755,65,54,2024-04-10T00:27:11Z,3300000,False,,,0,,J. Embiid bad pass TURNOVER (2 TO),"[203954, 1628972]",1610612755.0,PHI,,,,Embiid,J. Embiid,,,,,Above the Break 3,24+ Center,,,,,,,,,,,2.0,Brown Jr.,1628972.0,,,,,,,
335,PT10M39.00S,2024-04-10T00:27:01.3Z,3,REGULAR,steal,,[],1628972,,,1610612765,65,54,2024-04-10T00:27:03Z,3310000,False,,,0,,T. Brown Jr. STEAL (1 STL),[1628972],1610612765.0,DET,,,,Brown Jr.,T. Brown Jr.,,,,,Above the Break 3,24+ Center,,,,,,,,,,,,,,,,,,,,
336,PT10M34.00S,2024-04-10T00:27:07.3Z,3,REGULAR,foul,personal,['2freethrow'],203954,,,1610612765,65,54,2024-04-10T00:27:12Z,3320000,False,,,0,,J. Embiid shooting personal FOUL (3 PF) (Ivey 2 FT),"[203954, 1631093]",1610612755.0,PHI,shooting,,,Embiid,J. Embiid,,,,,In The Paint (Non-RA),0-8 Center,,,,,,,,,,,,,,1148.0,3.0,0.0,Ivey,1631093.0,,
338,PT10M34.00S,2024-04-10T00:27:35.4Z,3,REGULAR,freethrow,1 of 2,"['fromturnover', 'fastbreak']",1631093,,,1610612765,65,55,2024-04-10T00:27:35Z,3340000,False,,,0,,J. Ivey Free Throw 1 of 2 (18 PTS),[1631093],1610612765.0,DET,,,,Ivey,J. Ivey,,,,,,,,Made,,,,,18.0,,,,,,,,,,,,,
339,PT10M34.00S,2024-04-10T00:27:50.6Z,3,REGULAR,freethrow,2 of 2,"['fastbreak', 'fromturnover']",1631093,,,1610612765,65,56,2024-04-10T00:27:50Z,3350000,False,,,0,,J. Ivey Free Throw 2 of 2 (19 PTS),[1631093],1610612765.0,DET,,,,Ivey,J. Ivey,,,,,,,,Made,,,,,19.0,,,,,,,,,,,,,
340,PT10M20.00S,2024-04-10T00:28:07.3Z,3,REGULAR,2pt,Jump Shot,['pointsinthepaint'],1626162,88.74835742444152,39.21568627450981,1610612755,65,56,2024-04-10T00:28:12Z,3360000,False,-54.0,53.0,1,right,MISS K. Oubre Jr. 7' driving floating Shot,[1626162],1610612755.0,PHI,driving floating,,,Oubre Jr.,K. Oubre Jr.,,,,,In The Paint (Non-RA),0-8 Center,7.58,Missed,,,,,,,,,,,,,,,,,,
341,PT10M15.00S,2024-04-10T00:28:12.3Z,3,REGULAR,rebound,offensive,[],1626162,,,1610612755,65,56,2024-04-10T00:28:12Z,3370000,False,,,0,,K. Oubre Jr. REBOUND (Off:1 Def:0),[1626162],1610612755.0,PHI,,,,Oubre Jr.,K. Oubre Jr.,,,,,In The Paint (Non-RA),0-8 Center,,,340.0,1.0,0.0,1.0,,,,,,,,,,,,,,
342,PT10M15.00S,2024-04-10T00:28:11.6Z,3,REGULAR,2pt,DUNK,"['pointsinthepaint', '2ndchance']",1626162,94.40999984741211,50.0,1610612755,67,56,2024-04-10T00:28:11Z,3380000,False,0.0,0.0,1,right,K. Oubre Jr. tip DUNK (9 PTS),[1626162],1610612755.0,PHI,tip,,,Oubre Jr.,K. Oubre Jr.,,,,,Mid-Range,8-16 Left,0.0,Made,,,,,9.0,,,,,,,,,,,,,
343,PT10M08.00S,2024-04-10T00:28:20.0Z,3,REGULAR,2pt,Layup,['pointsinthepaint'],1628972,8.853482260183966,50.73529411764706,1610612765,67,56,2024-04-10T00:28:25Z,3390000,False,-4.0,31.0,1,left,MISS T. Brown Jr. driving Layup,[1628972],1610612765.0,DET,driving,,,Brown Jr.,T. Brown Jr.,,,,,Restricted Area,0-8 Center,3.09,Missed,,,,,,,,,,,,,,,,,,
344,PT10M07.00S,2024-04-10T00:28:21.0Z,3,REGULAR,rebound,defensive,['team'],0,,,1610612755,67,56,2024-04-10T00:28:25Z,3400000,False,,,0,,TEAM defensive REBOUND,[],1610612755.0,PHI,,,,,,,,,,Restricted Area,0-8 Center,,,343.0,,,,,,,,,,,,,,,,,
346,PT09M46.00S,2024-04-10T00:28:48.9Z,3,REGULAR,turnover,lost ball,[],203954,,,1610612755,67,56,2024-04-10T00:28:52Z,3420000,False,,,0,,J. Embiid lost ball TURNOVER (3 TO),"[203954, 1628972]",1610612755.0,PHI,,,,Embiid,J. Embiid,,,,,In The Paint (Non-RA),8-16 Center,,,,,,,,,,,3.0,Brown Jr.,1628972.0,,,,,,,
347,PT09M46.00S,2024-04-10T00:28:48.9Z,3,REGULAR,steal,,[],1628972,,,1610612765,67,56,2024-04-10T00:28:50Z,3430000,False,,,0,,T. Brown Jr. STEAL (2 STL),[1628972],1610612765.0,DET,,,,Brown Jr.,T. Brown Jr.,,,,,In The Paint (Non-RA),8-16 Center,,,,,,,,,,,,,,,,,,,,
348,PT09M43.00S,2024-04-10T00:28:53.9Z,3,REGULAR,foul,personal,['2freethrow'],1626162,,,1610612765,67,56,2024-04-10T00:29:03Z,3440000,False,,,0,,K. Oubre Jr. shooting personal FOUL (1 PF) (Duren 2 FT),"[1626162, 1631105]",1610612755.0,PHI,shooting,,,Oubre Jr.,K. Oubre Jr.,,,,,In The Paint (Non-RA),0-8 Center,,,,,,,,,,,,,,1626302.0,1.0,0.0,Duren,1631105.0,,
350,PT09M43.00S,2024-04-10T00:29:28.5Z,3,REGULAR,freethrow,1 of 2,"['fromturnover', 'fastbreak']",1631105,,,1610612765,67,57,2024-04-10T00:29:28Z,3460000,False,,,0,,J. Duren Free Throw 1 of 2 (9 PTS),[1631105],1610612765.0,DET,,,,Duren,J. Duren,,,,,,,,Made,,,,,9.0,,,,,,,,,,,,,
351,PT09M43.00S,2024-04-10T00:29:46.2Z,3,REGULAR,freethrow,2 of 2,"['fastbreak', 'fromturnover']",1631105,,,1610612765,67,58,2024-04-10T00:29:46Z,3470000,False,,,0,,J. Duren Free Throw 2 of 2 (10 PTS),[1631105],1610612765.0,DET,,,,Duren,J. Duren,,,,,,,,Made,,,,,10.0,,,,,,,,,,,,,
352,PT09M27.00S,2024-04-10T00:30:04.7Z,3,REGULAR,3pt,Jump Shot,[],201587,80.46977660972405,92.15686274509804,1610612755,67,58,2024-04-10T00:30:08Z,3480000,False,211.0,131.0,1,right,MISS N. Batum 24' 3PT,[201587],1610612755.0,PHI,,,,Batum,N. Batum,,,,,Above the Break 3,24+ Right Center,24.82,Missed,,,,,,,,,,,,,,,,,,
353,PT09M26.00S,2024-04-10T00:30:05.7Z,3,REGULAR,rebound,defensive,[],1631105,,,1610612765,67,58,2024-04-10T00:30:08Z,3490000,False,,,0,,J. Duren REBOUND (Off:0 Def:8),[1631105],1610612765.0,DET,,,,Duren,J. Duren,,,,,Above the Break 3,24+ Right Center,,,352.0,8.0,8.0,0.0,,,,,,,,,,,,,,
354,PT09M21.00S,2024-04-10T00:30:13.7Z,3,REGULAR,foul,personal,"['inpenalty', '2freethrow']",203954,,,1610612765,67,58,2024-04-10T00:30:20Z,3500000,False,,,0,,J. Embiid shooting personal FOUL (4 PF) (Duren 2 FT),"[203954, 1631105]",1610612755.0,PHI,shooting,,,Embiid,J. Embiid,,,,,In The Paint (Non-RA),8-16 Right,,,,,,,,,,,,,,1198.0,4.0,0.0,Duren,1631105.0,,
356,PT09M21.00S,2024-04-10T00:30:44.7Z,3,REGULAR,freethrow,1 of 2,['fastbreak'],1631105,,,1610612765,67,58,2024-04-10T00:30:44Z,3520000,False,,,0,,MISS J. Duren Free Throw 1 of 2,[1631105],1610612765.0,DET,,,,Duren,J. Duren,,,,,,,,Missed,,,,,,,,,,,,,,,,,,
357,PT09M21.00S,2024-04-10T00:30:44.7Z,3,REGULAR,rebound,offensive,"['deadball', 'team']",0,,,1610612765,67,58,2024-04-10T00:30:44Z,3530000,False,,,0,,TEAM offensive REBOUND,[],1610612765.0,DET,,,,,,,,,,,,,,356.0,,,,,,,,,,,,,,,,,
358,PT09M21.00S,2024-04-10T00:31:02.3Z,3,REGULAR,freethrow,2 of 2,['fastbreak'],1631105,,,1610612765,67,59,2024-04-10T00:31:02Z,3540000,False,,,0,,J. Duren Free Throw 2 of 2 (11 PTS),[1631105],1610612765.0,DET,,,,Duren,J. Duren,,,,,,,,Made,,,,,11.0,,,,,,,,,,,,,
359,PT09M09.00S,2024-04-10T00:31:14.5Z,3,REGULAR,2pt,Jump Shot,['pointsinthepaint'],203954,80.46977660972405,62.99019607843137,1610612755,69,59,2024-04-10T00:38:39Z,3550000,False,65.0,131.0,1,right,J. Embiid 14' driving floating Jump Shot (22 PTS),[203954],1610612755.0,PHI,driving floating,,,Embiid,J. Embiid,,,,,In The Paint (Non-RA),8-16 Center,14.63,Made,,,,,22.0,,,,,,,,,,,,,
361,PT09M01.00S,2024-04-10T00:31:23.3Z,3,REGULAR,2pt,Layup,['pointsinthepaint'],1631093,9.116294349540084,47.30392156862745,1610612765,69,59,2024-04-10T00:31:27Z,3570000,False,13.0,33.0,1,left,MISS J. Ivey driving Layup - blocked,"[1631093, 201587]",1610612765.0,DET,driving,,,Ivey,J. Ivey,,,,,Restricted Area,0-8 Center,3.58,Missed,,,,,,,,,,,,,,,,,Batum,201587.0
363,PT09M01.00S,2024-04-10T00:31:23.3Z,3,REGULAR,block,,[],201587,,,1610612765,69,59,2024-04-10T00:31:33Z,3575000,False,,,0,,N. Batum BLOCK (1 BLK),[201587],1610612755.0,PHI,,,,Batum,N. Batum,,,,,Restricted Area,0-8 Center,,,,,,,,,,,,,,,,,,,,
362,PT08M59.00S,2024-04-10T00:31:25.3Z,3,REGULAR,rebound,offensive,[],1631093,,,1610612765,69,59,2024-04-10T00:31:33Z,3580000,False,,,0,,J. Ivey REBOUND (Off:2 Def:0),[1631093],1610612765.0,DET,,,,Ivey,J. Ivey,,,,,Restricted Area,0-8 Center,,,361.0,2.0,0.0,2.0,,,,,,,,,,,,,,
364,PT08M45.00S,2024-04-10T00:31:43.7Z,3,REGULAR,foul,personal,"['inpenalty', '2freethrow']",1626162,,,1610612765,69,59,2024-04-10T00:32:23Z,3590000,False,,,0,,K. Oubre Jr. loose ball personal FOUL (2 PF) (Sasser 2 FT),"[1626162, 1631204]",1610612755.0,PHI,loose ball,,,Oubre Jr.,K. Oubre Jr.,,,,,Mid-Range,16-24 Left Center,,,,,,,,,,,,,,1198.0,2.0,0.0,Sasser,1631204.0,,
366,PT08M45.00S,2024-04-10T00:32:24.3Z,3,REGULAR,freethrow,1 of 2,['2ndchance'],1631204,,,1610612765,69,60,2024-04-10T00:32:24Z,3610000,False,,,0,,M. Sasser Free Throw 1 of 2 (3 PTS),[1631204],1610612765.0,DET,,,,Sasser,M. Sasser,,,,,,,,Made,,,,,3.0,,,,,,,,,,,,,
367,PT08M45.00S,2024-04-10T00:32:41.4Z,3,REGULAR,freethrow,2 of 2,['2ndchance'],1631204,,,1610612765,69,61,2024-04-10T00:32:41Z,3620000,False,,,0,,M. Sasser Free Throw 2 of 2 (4 PTS),[1631204],1610612765.0,DET,,,,Sasser,M. Sasser,,,,,,,,Made,,,,,4.0,,,,,,,,,,,,,
368,PT08M35.00S,2024-04-10T00:32:56.1Z,3,REGULAR,foul,personal,['2freethrow'],1631105,,,1610612755,69,61,2024-04-10T00:33:01Z,3630000,False,,,0,,J. Duren shooting personal FOUL (3 PF) (Embiid 2 FT),"[1631105, 203954]",1610612765.0,DET,shooting,,,Duren,J. Duren,,,,,Restricted Area,0-8 Center,,,,,,,,,,,,,,1198.0,3.0,0.0,Embiid,203954.0,,
370,PT08M35.00S,2024-04-10T00:33:21.4Z,3,REGULAR,freethrow,1 of 2,[],203954,,,1610612755,70,61,2024-04-10T00:33:21Z,3650000,False,,,0,,J. Embiid Free Throw 1 of 2 (23 PTS),[203954],1610612755.0,PHI,,,,Embiid,J. Embiid,,,,,,,,Made,,,,,23.0,,,,,,,,,,,,,
371,PT08M35.00S,2024-04-10T00:33:42.3Z,3,REGULAR,freethrow,2 of 2,[],203954,,,1610612755,71,61,2024-04-10T00:33:42Z,3660000,False,,,0,,J. Embiid Free Throw 2 of 2 (24 PTS),[203954],1610612755.0,PHI,,,,Embiid,J. Embiid,,,,,,,,Made,,,,,24.0,,,,,,,,,,,,,
372,PT08M21.00S,2024-04-10T00:33:57.4Z,3,REGULAR,3pt,Jump Shot,[],1631093,27.644546649145866,82.1078431372549,1610612765,71,64,2024-04-10T00:34:01Z,3670000,False,-161.0,207.0,1,left,J. Ivey 26' 3PT  (22 PTS) (M. Sasser 4 AST),"[1631093, 1631204]",1610612765.0,DET,,,,Ivey,J. Ivey,,,,,Above the Break 3,24+ Left Center,26.22,Made,,,,,22.0,M. Sasser,1631204.0,4.0,,,,,,,,,,
374,PT08M04.00S,2024-04-10T00:34:16.6Z,3,REGULAR,foul,personal,[],1628972,,,1610612755,71,64,2024-04-10T00:34:21Z,3690000,False,,,0,,T. Brown Jr. personal FOUL (1 PF),"[1628972, 201587]",1610612765.0,DET,,,,Brown Jr.,T. Brown Jr.,,,,,In The Paint (Non-RA),0-8 Center,,,,,,,,,,,,,,1148.0,1.0,0.0,Batum,201587.0,,
377,PT07M50.00S,2024-04-10T00:34:50.2Z,3,REGULAR,2pt,Jump Shot,[],203954,81.65243101182654,77.69607843137254,1610612755,71,64,2024-04-10T00:34:54Z,3710000,False,138.0,120.0,1,right,MISS J. Embiid 18' fadeaway Shot,[203954],1610612755.0,PHI,fadeaway,,,Embiid,J. Embiid,,,,,Mid-Range,16-24 Right Center,18.33,Missed,,,,,,,,,,,,,,,,,,
378,PT07M48.00S,2024-04-10T00:34:52.0Z,3,REGULAR,rebound,defensive,[],1631093,,,1610612765,71,64,2024-04-10T00:34:52Z,3720000,False,,,0,,J. Ivey REBOUND (Off:2 Def:1),[1631093],1610612765.0,DET,,,,Ivey,J. Ivey,,,,,Mid-Range,16-24 Right Center,,,377.0,3.0,1.0,2.0,,,,,,,,,,,,,,
379,PT07M40.00S,2024-04-10T00:35:00.3Z,3,REGULAR,3pt,Jump Shot,[],1631204,8.722076215505908,96.07843137254902,1610612765,71,67,2024-04-10T00:35:53Z,3730000,False,-230.0,29.0,1,left,M. Sasser 3PT step back (7 PTS),[1631204],1610612765.0,DET,step back,,,Sasser,M. Sasser,,,,,Left Corner 3,24+ Left,23.23,Made,,,,,7.0,,,,,,,,,,,,,
382,PT07M21.00S,2024-04-10T00:36:04.6Z,3,REGULAR,turnover,out-of-bounds,[],201587,,,1610612755,71,67,2024-04-10T00:36:13Z,3760000,False,,,0,,N. Batum bad pass out-of-bounds TURNOVER (1 TO),[201587],1610612755.0,PHI,bad pass,,,Batum,N. Batum,,,,,Above the Break 3,24+ Right Center,,,,,,,,,,,1.0,,,1198.0,,,,,,
383,PT07M21.00S,2024-04-10T00:36:17.9Z,3,REGULAR,timeout,full,"['team', 'mandatory']",0,,,1610612765,71,67,2024-04-10T00:36:17Z,3770000,False,,,0,,PHI Timeout,[],1610612755.0,PHI,,,,,,,,,,,,,,,,,,,,,,,,,,,,,,,
384,PT07M11.00S,2024-04-10T00:39:23.3Z,3,REGULAR,2pt,Jump Shot,"['pointsinthepaint', 'fromturnover']",1631105,16.343626806833115,51.470588235294116,1610612765,71,67,2024-04-10T00:39:31Z,3780000,False,-7.0,101.0,1,left,MISS J. Duren 10' floating Shot,[1631105],1610612765.0,DET,floating,,,Duren,J. Duren,,,,,In The Paint (Non-RA),8-16 Center,10.14,Missed,,,,,,,,,,,,,,,,,,
385,PT07M07.00S,2024-04-10T00:39:27.3Z,3,REGULAR,rebound,offensive,[],1631093,,,1610612765,71,67,2024-04-10T00:39:27Z,3790000,False,,,0,,J. Ivey REBOUND (Off:3 Def:1),[1631093],1610612765.0,DET,,,,Ivey,J. Ivey,,,,,In The Paint (Non-RA),8-16 Center,,,384.0,4.0,1.0,3.0,,,,,,,,,,,,,,
386,PT07M06.00S,2024-04-10T00:39:28.8Z,3,REGULAR,3pt,Jump Shot,"['fromturnover', '2ndchance']",1631204,33.03219448094612,50.245098039215684,1610612765,71,70,2024-04-10T00:39:34Z,3800000,False,-1.0,258.0,1,left,M. Sasser 25' 3PT  (10 PTS) (J. Ivey 3 AST),"[1631204, 1631093]",1610612765.0,DET,,,,Sasser,M. Sasser,,,,,Above the Break 3,24+ Center,25.8,Made,,,,,10.0,J. Ivey,1631093.0,3.0,,,,,,,,,,
388,PT06M45.00S,2024-04-10T00:39:48.6Z,3,REGULAR,3pt,Jump Shot,[],201587,93.34756898817345,95.83333333333333,1610612755,71,70,2024-04-10T00:39:52Z,3820000,False,229.0,10.0,1,right,MISS N. Batum 3PT,[201587],1610612755.0,PHI,,,,Batum,N. Batum,,,,,Right Corner 3,24+ Right,22.94,Missed,,,,,,,,,,,,,,,,,,
389,PT06M43.00S,2024-04-10T00:39:50.6Z,3,REGULAR,rebound,defensive,[],1629002,,,1610612765,71,70,2024-04-10T00:39:52Z,3830000,False,,,0,,C. Metu REBOUND (Off:2 Def:3),[1629002],1610612765.0,DET,,,,Metu,C. Metu,,,,,Right Corner 3,24+ Right,,,388.0,5.0,3.0,2.0,,,,,,,,,,,,,,
390,PT06M31.00S,2024-04-10T00:40:03.2Z,3,REGULAR,turnover,bad pass,[],1631204,,,1610612765,71,70,2024-04-10T00:40:11Z,3840000,False,,,0,,M. Sasser bad pass TURNOVER (2 TO),"[1631204, 1626166]",1610612765.0,DET,,,,Sasser,M. Sasser,,,,,Mid-Range,16-24 Left Center,,,,,,,,,,,2.0,Payne,1626166.0,,,,,,,
391,PT06M31.00S,2024-04-10T00:40:03.2Z,3,REGULAR,steal,,[],1626166,,,1610612755,71,70,2024-04-10T00:40:07Z,3850000,False,,,0,,C. Payne STEAL (2 STL),[1626166],1610612755.0,PHI,,,,Payne,C. Payne,,,,,Mid-Range,16-24 Left Center,,,,,,,,,,,,,,,,,,,,
393,PT06M20.00S,2024-04-10T00:40:23.4Z,3,REGULAR,substitution,out,[],201587,,,1610612755,71,70,2024-04-10T00:40:29Z,3870000,False,,,0,,SUB out: N. Batum,[201587],1610612755.0,PHI,,,,Batum,N. Batum,,,,,,,,,,,,,,,,,,,,,,,,,,
394,PT06M20.00S,2024-04-10T00:40:23.4Z,3,REGULAR,substitution,in,[],1627741,,,1610612755,71,70,2024-04-10T00:40:29Z,3880000,False,,,0,,SUB in: B. Hield,[1627741],1610612755.0,PHI,,,,Hield,B. Hield,,,,,,,,,,,,,,,,,,,,,,,,,,
395,PT06M20.00S,2024-04-10T00:40:46.8Z,3,REGULAR,turnover,5-second-violation,['team'],0,,,1610612755,71,70,2024-04-10T00:40:55Z,3890000,False,,,0,,PHI 5-second-violation Team TURNOVER,[],1610612755.0,PHI,,,,,,,,,,Above the Break 3,24+ Right Center,,,,,,,,,,,,,,1148.0,,,,,,
397,PT06M01.00S,2024-04-10T00:41:31.1Z,3,REGULAR,2pt,Layup,"['pointsinthepaint', 'fromturnover']",1631093,7.539421813403408,44.85294117647059,1610612765,71,70,2024-04-10T00:43:23Z,3910000,False,26.0,18.0,1,left,MISS J. Ivey driving finger roll Layup,[1631093],1610612765.0,DET,driving finger roll,,,Ivey,J. Ivey,,,,,Restricted Area,0-8 Center,3.16,Missed,,,,,,,,,,,,,,,,,,
398,PT05M58.00S,2024-04-10T00:41:34.1Z,3,REGULAR,rebound,offensive,[],1629002,,,1610612765,71,70,2024-04-10T00:41:37Z,3920000,False,,,0,,C. Metu REBOUND (Off:3 Def:3),[1629002],1610612765.0,DET,,,,Metu,C. Metu,,,,,Restricted Area,0-8 Center,,,397.0,6.0,3.0,3.0,,,,,,,,,,,,,,
399,PT05M52.00S,2024-04-10T00:41:39.9Z,3,REGULAR,turnover,bad pass,[],1631105,,,1610612765,71,70,2024-04-10T00:41:47Z,3930000,False,,,0,,J. Duren bad pass TURNOVER (1 TO),"[1631105, 1626166]",1610612765.0,DET,,,,Duren,J. Duren,,,,,Mid-Range,16-24 Center,,,,,,,,,,,1.0,Payne,1626166.0,,,,,,,
400,PT05M52.00S,2024-04-10T00:41:39.9Z,3,REGULAR,steal,,[],1626166,,,1610612755,71,70,2024-04-10T00:41:41Z,3940000,False,,,0,,C. Payne STEAL (3 STL),[1626166],1610612755.0,PHI,,,,Payne,C. Payne,,,,,Mid-Range,16-24 Center,,,,,,,,,,,,,,,,,,,,
401,PT05M45.00S,2024-04-10T00:41:46.5Z,3,REGULAR,2pt,Layup,"['pointsinthepaint', 'fromturnover', 'fastbreak']",1627741,90.98226018396846,47.30392156862745,1610612755,71,70,2024-04-10T00:41:52Z,3950000,False,-13.0,32.0,1,right,MISS B. Hield running Layup,[1627741],1610612755.0,PHI,running,,,Hield,B. Hield,,,,,Restricted Area,0-8 Center,3.5,Missed,,,,,,,,,,,,,,,,,,
402,PT05M42.00S,2024-04-10T00:41:49.5Z,3,REGULAR,rebound,offensive,[],203954,,,1610612755,71,70,2024-04-10T00:41:52Z,3960000,False,,,0,,J. Embiid REBOUND (Off:2 Def:4),[203954],1610612755.0,PHI,,,,Embiid,J. Embiid,,,,,Restricted Area,0-8 Center,,,401.0,6.0,4.0,2.0,,,,,,,,,,,,,,
403,PT05M42.00S,2024-04-10T00:41:50.1Z,3,REGULAR,2pt,Layup,"['2ndchance', 'fastbreak', 'pointsinthepaint', 'fromturnover']",203954,94.40999984741211,50.0,1610612755,73,70,2024-04-10T00:41:59Z,3970000,False,0.0,0.0,1,right,J. Embiid putback Layup (26 PTS),[203954],1610612755.0,PHI,putback,,,Embiid,J. Embiid,,,,,Restricted Area,0-8 Center,0.0,Made,,,,,26.0,,,,,,,,,,,,,
404,PT05M33.00S,2024-04-10T00:41:59.4Z,3,REGULAR,2pt,Jump Shot,[],1631093,23.04533508541394,38.23529411764706,1610612765,73,70,2024-04-10T00:42:04Z,3980000,False,59.0,164.0,1,left,MISS J. Ivey 17' pullup Shot,[1631093],1610612765.0,DET,pullup,,,Ivey,J. Ivey,,,,,Mid-Range,16-24 Right Center,17.43,Missed,,,,,,,,,,,,,,,,,,
405,PT05M29.00S,2024-04-10T00:42:03.4Z,3,REGULAR,rebound,defensive,[],203954,,,1610612755,73,70,2024-04-10T00:42:04Z,3990000,False,,,0,,J. Embiid REBOUND (Off:2 Def:5),[203954],1610612755.0,PHI,,,,Embiid,J. Embiid,,,,,Mid-Range,16-24 Right Center,,,404.0,7.0,5.0,2.0,,,,,,,,,,,,,,
406,PT05M22.00S,2024-04-10T00:42:09.8Z,3,REGULAR,3pt,Jump Shot,[],1626162,71.13994743758212,19.85294117647058,1610612755,73,70,2024-04-10T00:42:14Z,4000000,False,-151.0,219.0,1,right,MISS K. Oubre Jr. 26' 3PT,[1626162],1610612755.0,PHI,,,,Oubre Jr.,K. Oubre Jr.,,,,,Above the Break 3,24+ Left Center,26.57,Missed,,,,,,,,,,,,,,,,,,
407,PT05M19.00S,2024-04-10T00:42:12.8Z,3,REGULAR,rebound,defensive,[],1631204,,,1610612765,73,70,2024-04-10T00:42:14Z,4010000,False,,,0,,M. Sasser REBOUND (Off:1 Def:2),[1631204],1610612765.0,DET,,,,Sasser,M. Sasser,,,,,Above the Break 3,24+ Left Center,,,406.0,3.0,2.0,1.0,,,,,,,,,,,,,,
408,PT05M15.00S,2024-04-10T00:42:16.9Z,3,REGULAR,3pt,Jump Shot,['fastbreak'],1629002,8.459264126149804,1.7156862745098067,1610612765,73,70,2024-04-10T00:42:25Z,4020000,False,241.0,27.0,1,left,MISS C. Metu 24' running 3PT,[1629002],1610612765.0,DET,running,,,Metu,C. Metu,,,,,Right Corner 3,24+ Right,24.29,Missed,,,,,,,,,,,,,,,,,,
409,PT05M10.00S,2024-04-10T00:42:22.3Z,3,REGULAR,rebound,offensive,[],1628972,,,1610612765,73,70,2024-04-10T00:42:22Z,4030000,False,,,0,,T. Brown Jr. REBOUND (Off:1 Def:2),[1628972],1610612765.0,DET,,,,Brown Jr.,T. Brown Jr.,,,,,Right Corner 3,24+ Right,,,408.0,3.0,2.0,1.0,,,,,,,,,,,,,,
410,PT05M02.00S,2024-04-10T00:42:30.1Z,3,REGULAR,3pt,Jump Shot,['2ndchance'],1631093,33.42641261498029,52.69607843137255,1610612765,73,70,2024-04-10T00:42:34Z,4040000,False,-13.0,262.0,1,left,MISS J. Ivey 26' pullup 3PT,[1631093],1610612765.0,DET,pullup,,,Ivey,J. Ivey,,,,,Above the Break 3,24+ Center,26.2,Missed,,,,,,,,,,,,,,,,,,
411,PT04M59.00S,2024-04-10T00:42:33.1Z,3,REGULAR,rebound,defensive,[],202699,,,1610612755,73,70,2024-04-10T00:42:34Z,4050000,False,,,0,,T. Harris REBOUND (Off:4 Def:8),[202699],1610612755.0,PHI,,,,Harris,T. Harris,,,,,Above the Break 3,24+ Center,,,410.0,12.0,8.0,4.0,,,,,,,,,,,,,,
412,PT04M52.00S,2024-04-10T00:42:40.6Z,3,REGULAR,2pt,Layup,['pointsinthepaint'],203954,93.74178712220763,49.754901960784316,1610612755,75,70,2024-04-10T00:42:46Z,4060000,False,-1.0,6.0,1,right,J. Embiid driving finger roll Layup (28 PTS) (T. Harris 4 AST),"[203954, 202699]",1610612755.0,PHI,driving finger roll,,,Embiid,J. Embiid,,,,,Restricted Area,0-8 Center,0.64,Made,,,,,28.0,T. Harris,202699.0,4.0,,,,,,,,,,
414,PT04M33.00S,2024-04-10T00:42:59.0Z,3,REGULAR,2pt,Layup,['pointsinthepaint'],1629002,7.145203679369246,53.67647058823529,1610612765,75,72,2024-04-10T00:46:28Z,4080000,False,-18.0,15.0,1,left,C. Metu driving reverse Layup (4 PTS),[1629002],1610612765.0,DET,driving reverse,,,Metu,C. Metu,,,,,Restricted Area,0-8 Center,2.36,Made,,,,,4.0,,,,,,,,,,,,,
415,PT04M19.00S,2024-04-10T00:43:13.2Z,3,REGULAR,2pt,DUNK,['pointsinthepaint'],1626162,94.92444152431011,51.71568627450981,1610612755,77,72,2024-04-10T00:43:17Z,4090000,False,9.0,-5.0,1,right,K. Oubre Jr. cutting DUNK (11 PTS) (C. Payne 3 AST),"[1626162, 1626166]",1610612755.0,PHI,cutting,,,Oubre Jr.,K. Oubre Jr.,,,,,Restricted Area,0-8 Center,0.98,Made,,,,,11.0,C. Payne,1626166.0,3.0,,,,,,,,,,
417,PT04M11.00S,2024-04-10T00:43:23.8Z,3,REGULAR,foul,personal,"['inpenalty', '2freethrow']",1627741,,,1610612765,77,72,2024-04-10T00:43:31Z,4110000,False,,,0,,B. Hield personal FOUL (2 PF) (Ivey 2 FT),"[1627741, 1631093]",1610612755.0,PHI,,,,Hield,B. Hield,,,,,Above the Break 3,24+ Right Center,,,,,,,,,,,,,,1198.0,2.0,0.0,Ivey,1631093.0,,
419,PT04M11.00S,2024-04-10T00:44:01.7Z,3,REGULAR,freethrow,1 of 2,[],1631093,,,1610612765,77,72,2024-04-10T00:44:40Z,4130000,False,,,0,,MISS J. Ivey Free Throw 1 of 2,[1631093],1610612765.0,DET,,,,Ivey,J. Ivey,,,,,,,,Missed,,,,,,,,,,,,,,,,,,
420,PT04M11.00S,2024-04-10T00:44:01.7Z,3,REGULAR,rebound,offensive,"['team', 'deadball']",0,,,1610612765,77,72,2024-04-10T00:44:40Z,4140000,False,,,0,,TEAM offensive REBOUND,[],1610612765.0,DET,,,,,,,,,,,,,,419.0,,,,,,,,,,,,,,,,,
421,PT04M11.00S,2024-04-10T00:44:02.9Z,3,REGULAR,substitution,out,[],1626162,,,1610612765,77,72,2024-04-10T00:44:18Z,4150000,False,,,0,,SUB out: K. Oubre Jr.,[1626162],1610612755.0,PHI,,,,Oubre Jr.,K. Oubre Jr.,,,,,,,,,,,,,,,,,,,,,,,,,,
422,PT04M11.00S,2024-04-10T00:44:02.9Z,3,REGULAR,substitution,out,[],202699,,,1610612765,77,72,2024-04-10T00:44:18Z,4160000,False,,,0,,SUB out: T. Harris,[202699],1610612755.0,PHI,,,,Harris,T. Harris,,,,,,,,,,,,,,,,,,,,,,,,,,
424,PT04M11.00S,2024-04-10T00:44:02.9Z,3,REGULAR,substitution,out,[],1631105,,,1610612765,77,72,2024-04-10T00:44:18Z,4180000,False,,,0,,SUB out: J. Duren,[1631105],1610612765.0,DET,,,,Duren,J. Duren,,,,,,,,,,,,,,,,,,,,,,,,,,
425,PT04M11.00S,2024-04-10T00:44:02.9Z,3,REGULAR,substitution,out,[],1628972,,,1610612765,77,72,2024-04-10T00:44:18Z,4190000,False,,,0,,SUB out: T. Brown Jr.,[1628972],1610612765.0,DET,,,,Brown Jr.,T. Brown Jr.,,,,,,,,,,,,,,,,,,,,,,,,,,
426,PT04M11.00S,2024-04-10T00:44:02.9Z,3,REGULAR,substitution,in,[],1641741,,,1610612765,77,72,2024-04-10T00:44:18Z,4200000,False,,,0,,SUB in: R. Council IV,[1641741],1610612755.0,PHI,,,,Council IV,R. Council IV,,,,,,,,,,,,,,,,,,,,,,,,,,
427,PT04M11.00S,2024-04-10T00:44:02.9Z,3,REGULAR,substitution,in,[],1630194,,,1610612765,77,72,2024-04-10T00:44:18Z,4210000,False,,,0,,SUB in: P. Reed,[1630194],1610612755.0,PHI,,,,Reed,P. Reed,,,,,,,,,,,,,,,,,,,,,,,,,,
428,PT04M11.00S,2024-04-10T00:44:02.9Z,3,REGULAR,substitution,in,[],1630288,,,1610612765,77,72,2024-04-10T00:44:18Z,4220000,False,,,0,,SUB in: J. Dowtin Jr.,[1630288],1610612755.0,PHI,,,,Dowtin Jr.,J. Dowtin Jr.,,,,,,,,,,,,,,,,,,,,,,,,,,
429,PT04M11.00S,2024-04-10T00:44:02.9Z,3,REGULAR,substitution,in,[],1630164,,,1610612765,77,72,2024-04-10T00:44:18Z,4230000,False,,,0,,SUB in: J. Wiseman,[1630164],1610612765.0,DET,,,,Wiseman,J. Wiseman,,,,,,,,,,,,,,,,,,,,,,,,,,
430,PT04M11.00S,2024-04-10T00:44:02.9Z,3,REGULAR,substitution,in,[],203095,,,1610612765,77,72,2024-04-10T00:44:18Z,4240000,False,,,0,,SUB in: E. Fournier,[203095],1610612765.0,DET,,,,Fournier,E. Fournier,,,,,,,,,,,,,,,,,,,,,,,,,,
435,PT04M11.00S,2024-04-10T00:44:02.9Z,3,REGULAR,substitution,out,[],1626166,,,1610612765,77,72,2024-04-10T00:44:56Z,4245000,False,,,0,,SUB out: C. Payne,[1626166],1610612755.0,PHI,,,,Payne,C. Payne,,,,,,,,,,,,,,,,,,,,,,,,,,
433,PT04M11.00S,2024-04-10T00:44:01.7Z,3,REGULAR,freethrow,2 of 2,[],1631093,,,1610612765,77,72,2024-04-10T00:44:40Z,4270000,False,,,0,,MISS J. Ivey Free Throw 2 of 2,[1631093],1610612765.0,DET,,,,Ivey,J. Ivey,,,,,,,,Missed,,,,,,,,,,,,,,,,,,
434,PT04M08.00S,2024-04-10T00:44:04.7Z,3,REGULAR,rebound,defensive,[],1627741,,,1610612755,77,72,2024-04-10T00:44:40Z,4280000,False,,,0,,B. Hield REBOUND (Off:1 Def:3),[1627741],1610612755.0,PHI,,,,Hield,B. Hield,,,,,,,,,433.0,4.0,3.0,1.0,,,,,,,,,,,,,,
436,PT03M49.00S,2024-04-10T00:44:56.4Z,3,REGULAR,2pt,Layup,['pointsinthepaint'],203954,91.24507227332458,42.892156862745104,1610612755,77,72,2024-04-10T00:45:06Z,4290000,False,-36.0,30.0,1,right,MISS J. Embiid driving reverse Layup,[203954],1610612755.0,PHI,driving reverse,,,Embiid,J. Embiid,,,,,In The Paint (Non-RA),0-8 Center,4.63,Missed,,,,,,,,,,,,,,,,,,
437,PT03M46.00S,2024-04-10T00:44:59.4Z,3,REGULAR,rebound,offensive,[],1630194,,,1610612755,77,72,2024-04-10T00:44:59Z,4300000,False,,,0,,P. Reed REBOUND (Off:4 Def:0),[1630194],1610612755.0,PHI,,,,Reed,P. Reed,,,,,In The Paint (Non-RA),0-8 Center,,,436.0,4.0,0.0,4.0,,,,,,,,,,,,,,
438,PT03M46.00S,2024-04-10T00:44:59.4Z,3,REGULAR,2pt,Layup,"['pointsinthepaint', '2ndchance']",1630194,94.40999984741211,50.0,1610612755,79,72,2024-04-10T00:44:59Z,4310000,False,0.0,0.0,1,right,P. Reed tip Layup (6 PTS),[1630194],1610612755.0,PHI,tip,,,Reed,P. Reed,,,,,Mid-Range,8-16 Left,0.0,Made,,,,,6.0,,,,,,,,,,,,,
439,PT03M37.00S,2024-04-10T00:45:07.8Z,3,REGULAR,2pt,Jump Shot,[],1631204,8.722076215505908,29.166666666666657,1610612765,79,72,2024-04-10T00:45:15Z,4320000,False,104.0,29.0,1,left,MISS M. Sasser 10' pullup bank Shot,[1631204],1610612765.0,DET,pullup bank,,,Sasser,M. Sasser,,,,,Mid-Range,8-16 Right,10.83,Missed,,,,,,,,,,,,,,,,,,
440,PT03M35.00S,2024-04-10T00:45:09.8Z,3,REGULAR,rebound,defensive,[],1630194,,,1610612755,79,72,2024-04-10T00:45:15Z,4330000,False,,,0,,P. Reed REBOUND (Off:4 Def:1),[1630194],1610612755.0,PHI,,,,Reed,P. Reed,,,,,Mid-Range,8-16 Right,,,439.0,5.0,1.0,4.0,,,,,,,,,,,,,,
441,PT03M27.00S,2024-04-10T00:45:18.4Z,3,REGULAR,2pt,Layup,['pointsinthepaint'],1641741,92.0335085413929,43.13725490196079,1610612755,79,72,2024-04-10T00:45:23Z,4340000,False,-34.0,22.0,1,right,MISS R. Council IV driving reverse Layup,[1641741],1610612755.0,PHI,driving reverse,,,Council IV,R. Council IV,,,,,Restricted Area,0-8 Center,4.1,Missed,,,,,,,,,,,,,,,,,,
442,PT03M26.00S,2024-04-10T00:45:19.4Z,3,REGULAR,rebound,defensive,[],1629002,,,1610612765,79,72,2024-04-10T00:45:23Z,4350000,False,,,0,,C. Metu REBOUND (Off:3 Def:4),[1629002],1610612765.0,DET,,,,Metu,C. Metu,,,,,Restricted Area,0-8 Center,,,441.0,7.0,4.0,3.0,,,,,,,,,,,,,,
443,PT03M23.00S,2024-04-10T00:45:22.5Z,3,REGULAR,turnover,lost ball,[],1629002,,,1610612765,79,72,2024-04-10T00:45:27Z,4360000,False,,,0,,C. Metu lost ball TURNOVER (2 TO),"[1629002, 1630194]",1610612765.0,DET,,,,Metu,C. Metu,,,,,Above the Break 3,24+ Center,,,,,,,,,,,2.0,Reed,1630194.0,,,,,,,
444,PT03M23.00S,2024-04-10T00:45:22.5Z,3,REGULAR,steal,,[],1630194,,,1610612755,79,72,2024-04-10T00:45:25Z,4370000,False,,,0,,P. Reed STEAL (1 STL),[1630194],1610612755.0,PHI,,,,Reed,P. Reed,,,,,Above the Break 3,24+ Center,,,,,,,,,,,,,,,,,,,,
445,PT03M19.00S,2024-04-10T00:45:26.4Z,3,REGULAR,3pt,Jump Shot,"['fromturnover', 'fastbreak']",1627741,94.3988173455979,2.205882352941174,1610612755,79,72,2024-04-10T00:56:52Z,4380000,False,-239.0,0.0,1,right,MISS B. Hield running 3PT,[1627741],1610612755.0,PHI,running,,,Hield,B. Hield,,,,,Left Corner 3,24+ Left,23.9,Missed,,,,,,,,,,,,,,,,,,
446,PT03M17.00S,2024-04-10T00:45:28.4Z,3,REGULAR,rebound,defensive,[],1631093,,,1610612765,79,72,2024-04-10T00:45:30Z,4390000,False,,,0,,J. Ivey REBOUND (Off:3 Def:2),[1631093],1610612765.0,DET,,,,Ivey,J. Ivey,,,,,Left Corner 3,24+ Left,,,445.0,5.0,2.0,3.0,,,,,,,,,,,,,,
447,PT03M11.00S,2024-04-10T00:45:34.2Z,3,REGULAR,3pt,Jump Shot,['fastbreak'],1631204,9.510512483574246,95.58823529411765,1610612765,79,72,2024-04-10T00:45:41Z,4400000,False,-228.0,37.0,1,left,MISS M. Sasser running 3PT,[1631204],1610612765.0,DET,running,,,Sasser,M. Sasser,,,,,Left Corner 3,24+ Left,23.09,Missed,,,,,,,,,,,,,,,,,,
448,PT03M09.00S,2024-04-10T00:45:36.2Z,3,REGULAR,rebound,defensive,[],203954,,,1610612755,79,72,2024-04-10T00:45:41Z,4410000,False,,,0,,J. Embiid REBOUND (Off:2 Def:6),[203954],1610612755.0,PHI,,,,Embiid,J. Embiid,,,,,Left Corner 3,24+ Left,,,447.0,8.0,6.0,2.0,,,,,,,,,,,,,,
449,PT03M09.00S,2024-04-10T00:45:40.0Z,3,REGULAR,turnover,out-of-bounds,[],203954,,,1610612755,79,72,2024-04-10T00:45:49Z,4420000,False,,,0,,J. Embiid bad pass out-of-bounds TURNOVER (4 TO),[203954],1610612755.0,PHI,bad pass,,,Embiid,J. Embiid,,,,,Above the Break 3,24+ Right Center,,,,,,,,,,,4.0,,,1148.0,,,,,,
450,PT03M09.00S,2024-04-10T00:45:47.2Z,3,REGULAR,timeout,full,"['team', 'mandatory']",0,,,1610612765,79,72,2024-04-10T00:45:47Z,4430000,False,,,0,,DET Timeout,[],1610612765.0,DET,,,,,,,,,,,,,,,,,,,,,,,,,,,,,,,
451,PT03M09.00S,2024-04-10T00:47:59.4Z,3,REGULAR,substitution,out,[],203954,,,1610612765,79,72,2024-04-10T00:48:12Z,4440000,False,,,0,,SUB out: J. Embiid,[203954],1610612755.0,PHI,,,,Embiid,J. Embiid,,,,,,,,,,,,,,,,,,,,,,,,,,
452,PT03M09.00S,2024-04-10T00:47:59.4Z,3,REGULAR,substitution,out,[],1631204,,,1610612765,79,72,2024-04-10T00:48:12Z,4450000,False,,,0,,SUB out: M. Sasser,[1631204],1610612765.0,DET,,,,Sasser,M. Sasser,,,,,,,,,,,,,,,,,,,,,,,,,,
453,PT03M09.00S,2024-04-10T00:47:59.4Z,3,REGULAR,substitution,in,[],1626162,,,1610612765,79,72,2024-04-10T00:48:12Z,4460000,False,,,0,,SUB in: K. Oubre Jr.,[1626162],1610612755.0,PHI,,,,Oubre Jr.,K. Oubre Jr.,,,,,,,,,,,,,,,,,,,,,,,,,,
454,PT03M09.00S,2024-04-10T00:47:59.4Z,3,REGULAR,substitution,in,[],1630201,,,1610612765,79,72,2024-04-10T00:48:12Z,4470000,False,,,0,,SUB in: M. Flynn,[1630201],1610612765.0,DET,,,,Flynn,M. Flynn,,,,,,,,,,,,,,,,,,,,,,,,,,
455,PT03M01.00S,2024-04-10T00:48:47.1Z,3,REGULAR,turnover,bad pass,[],1629002,,,1610612765,79,72,2024-04-10T00:48:51Z,4480000,False,,,0,,C. Metu bad pass TURNOVER (3 TO),"[1629002, 1630288]",1610612765.0,DET,,,,Metu,C. Metu,,,,,In The Paint (Non-RA),8-16 Center,,,,,,,,,,,3.0,Dowtin Jr.,1630288.0,,,,,,,
456,PT03M01.00S,2024-04-10T00:48:47.1Z,3,REGULAR,steal,,[],1630288,,,1610612755,79,72,2024-04-10T00:48:49Z,4490000,False,,,0,,J. Dowtin Jr. STEAL (1 STL),[1630288],1610612755.0,PHI,,,,Dowtin Jr.,J. Dowtin Jr.,,,,,In The Paint (Non-RA),8-16 Center,,,,,,,,,,,,,,,,,,,,
457,PT03M00.00S,2024-04-10T00:48:51.4Z,3,REGULAR,2pt,Layup,"['pointsinthepaint', 'fromturnover', 'fastbreak']",1630288,93.34756898817345,47.79411764705882,1610612755,81,72,2024-04-10T00:49:01Z,4500000,False,-11.0,10.0,1,right,J. Dowtin Jr. running Layup (6 PTS),[1630288],1610612755.0,PHI,running,,,Dowtin Jr.,J. Dowtin Jr.,,,,,Restricted Area,0-8 Center,1.49,Made,,,,,6.0,,,,,,,,,,,,,
458,PT03M00.00S,2024-04-10T00:48:54.5Z,3,REGULAR,foul,personal,['1freethrow'],1630201,,,1610612755,81,72,2024-04-10T00:49:03Z,4510000,False,,,0,,M. Flynn shooting personal FOUL (2 PF) (Dowtin Jr. 1 FT),"[1630201, 1630288]",1610612765.0,DET,shooting,,,Flynn,M. Flynn,,,,,Restricted Area,0-8 Center,,,,,,,,,,,,,,1148.0,2.0,0.0,Dowtin Jr.,1630288.0,,
460,PT03M00.00S,2024-04-10T00:49:24.4Z,3,REGULAR,freethrow,1 of 1,['fromturnover'],1630288,,,1610612755,81,72,2024-04-10T00:49:24Z,4530000,False,,,0,,MISS J. Dowtin Jr. Free Throw 1 of 1,[1630288],1610612755.0,PHI,,,,Dowtin Jr.,J. Dowtin Jr.,,,,,,,,Missed,,,,,,,,,,,,,,,,,,
461,PT02M58.00S,2024-04-10T00:49:26.4Z,3,REGULAR,rebound,defensive,[],1630164,,,1610612765,81,72,2024-04-10T00:49:26Z,4540000,False,,,0,,J. Wiseman REBOUND (Off:0 Def:5),[1630164],1610612765.0,DET,,,,Wiseman,J. Wiseman,,,,,,,,,460.0,5.0,5.0,0.0,,,,,,,,,,,,,,
462,PT02M39.00S,2024-04-10T00:49:45.6Z,3,REGULAR,2pt,Layup,['pointsinthepaint'],1631093,6.356767411300922,52.205882352941174,1610612765,81,72,2024-04-10T00:49:51Z,4550000,False,-11.0,7.0,1,left,MISS J. Ivey driving Layup - blocked,"[1631093, 1626162]",1610612765.0,DET,driving,,,Ivey,J. Ivey,,,,,Restricted Area,0-8 Center,1.32,Missed,,,,,,,,,,,,,,,,,Oubre Jr.,1626162.0
463,PT02M39.00S,2024-04-10T00:49:45.6Z,3,REGULAR,block,,[],1626162,,,1610612765,81,72,2024-04-10T00:49:48Z,4560000,False,,,0,,K. Oubre Jr. BLOCK (2 BLK),[1626162],1610612755.0,PHI,,,,Oubre Jr.,K. Oubre Jr.,,,,,Restricted Area,0-8 Center,,,,,,,,,,,,,,,,,,,,
464,PT02M39.00S,2024-04-10T00:49:45.6Z,3,REGULAR,rebound,offensive,['team'],0,,,1610612765,81,72,2024-04-10T00:49:51Z,4570000,False,,,0,,TEAM offensive REBOUND,[],1610612765.0,DET,,,,,,,,,,Restricted Area,0-8 Center,,,462.0,,,,,,,,,,,,,,,,,
466,PT02M39.00S,2024-04-10T00:49:53.1Z,3,REGULAR,substitution,out,[],1629002,,,1610612765,81,72,2024-04-10T00:49:56Z,4590000,False,,,0,,SUB out: C. Metu,[1629002],1610612765.0,DET,,,,Metu,C. Metu,,,,,,,,,,,,,,,,,,,,,,,,,,
467,PT02M39.00S,2024-04-10T00:49:53.1Z,3,REGULAR,substitution,in,[],1631197,,,1610612765,81,72,2024-04-10T00:49:56Z,4600000,False,,,0,,SUB in: J. Rhoden,[1631197],1610612765.0,DET,,,,Rhoden,J. Rhoden,,,,,,,,,,,,,,,,,,,,,,,,,,
468,PT02M38.00S,2024-04-10T00:50:07.5Z,3,REGULAR,foul,personal,"['inpenalty', '2freethrow']",1641741,,,1610612765,81,72,2024-04-10T00:50:15Z,4610000,False,,,0,,R. Council IV personal FOUL (2 PF) (Fournier 2 FT),"[1641741, 203095]",1610612755.0,PHI,,,,Council IV,R. Council IV,,,,,In The Paint (Non-RA),0-8 Center,,,,,,,,,,,,,,1198.0,2.0,0.0,Fournier,203095.0,,
470,PT02M38.00S,2024-04-10T00:50:30.8Z,3,REGULAR,freethrow,1 of 2,['2ndchance'],203095,,,1610612765,81,73,2024-04-10T00:50:30Z,4630000,False,,,0,,E. Fournier Free Throw 1 of 2 (16 PTS),[203095],1610612765.0,DET,,,,Fournier,E. Fournier,,,,,,,,Made,,,,,16.0,,,,,,,,,,,,,
471,PT02M38.00S,2024-04-10T00:50:49.3Z,3,REGULAR,freethrow,2 of 2,['2ndchance'],203095,,,1610612765,81,74,2024-04-10T00:50:49Z,4640000,False,,,0,,E. Fournier Free Throw 2 of 2 (17 PTS),[203095],1610612765.0,DET,,,,Fournier,E. Fournier,,,,,,,,Made,,,,,17.0,,,,,,,,,,,,,
472,PT02M26.00S,2024-04-10T00:51:05.5Z,3,REGULAR,2pt,Layup,['pointsinthepaint'],1630288,92.42772667542707,43.627450980392155,1610612755,81,74,2024-04-10T00:51:10Z,4650000,False,-32.0,19.0,1,right,MISS J. Dowtin Jr. driving Layup - blocked,"[1630288, 203095]",1610612755.0,PHI,driving,,,Dowtin Jr.,J. Dowtin Jr.,,,,,Restricted Area,0-8 Center,3.7,Missed,,,,,,,,,,,,,,,,,Fournier,203095.0
473,PT02M26.00S,2024-04-10T00:51:05.5Z,3,REGULAR,block,,[],203095,,,1610612755,81,74,2024-04-10T00:51:08Z,4660000,False,,,0,,E. Fournier BLOCK (2 BLK),[203095],1610612765.0,DET,,,,Fournier,E. Fournier,,,,,Restricted Area,0-8 Center,,,,,,,,,,,,,,,,,,,,
474,PT02M26.00S,2024-04-10T00:51:05.5Z,3,REGULAR,rebound,defensive,['team'],0,,,1610612765,81,74,2024-04-10T00:53:35Z,4670000,False,,,0,,TEAM defensive REBOUND,[],1610612765.0,DET,,,,,,,,,,Restricted Area,0-8 Center,,,472.0,,,,,,,,,,,,,,,,,
476,PT02M26.00S,2024-04-10T00:51:13.3Z,3,REGULAR,substitution,out,[],1631093,,,1610612765,81,74,2024-04-10T00:53:35Z,4690000,False,,,0,,SUB out: J. Ivey,[1631093],1610612765.0,DET,,,,Ivey,J. Ivey,,,,,,,,,,,,,,,,,,,,,,,,,,
477,PT02M26.00S,2024-04-10T00:51:13.3Z,3,REGULAR,substitution,in,[],1629669,,,1610612765,81,74,2024-04-10T00:53:35Z,4700000,False,,,0,,SUB in: J. Nowell,[1629669],1610612765.0,DET,,,,Nowell,J. Nowell,,,,,,,,,,,,,,,,,,,,,,,,,,
478,PT02M10.00S,2024-04-10T00:51:38.8Z,3,REGULAR,2pt,DUNK,['pointsinthepaint'],1630164,10.036136662286467,46.81372549019608,1610612765,81,74,2024-04-10T00:51:45Z,4710000,False,16.0,42.0,1,left,MISS J. Wiseman cutting DUNK - blocked,"[1630164, 1626162]",1610612765.0,DET,cutting,,,Wiseman,J. Wiseman,,,,,In The Paint (Non-RA),0-8 Center,4.47,Missed,,,,,,,,,,,,,,,,,Oubre Jr.,1626162.0
479,PT02M10.00S,2024-04-10T00:51:38.8Z,3,REGULAR,block,,[],1626162,,,1610612765,81,74,2024-04-10T00:51:41Z,4720000,False,,,0,,K. Oubre Jr. BLOCK (3 BLK),[1626162],1610612755.0,PHI,,,,Oubre Jr.,K. Oubre Jr.,,,,,In The Paint (Non-RA),0-8 Center,,,,,,,,,,,,,,,,,,,,
480,PT02M07.00S,2024-04-10T00:51:41.8Z,3,REGULAR,rebound,defensive,[],1630194,,,1610612755,81,74,2024-04-10T00:51:45Z,4730000,False,,,0,,P. Reed REBOUND (Off:4 Def:2),[1630194],1610612755.0,PHI,,,,Reed,P. Reed,,,,,In The Paint (Non-RA),0-8 Center,,,478.0,6.0,2.0,4.0,,,,,,,,,,,,,,
481,PT02M02.00S,2024-04-10T00:51:47.7Z,3,REGULAR,2pt,Layup,"['pointsinthepaint', 'fastbreak']",1626162,92.0335085413929,48.28431372549019,1610612755,81,74,2024-04-10T00:51:55Z,4740000,False,-9.0,22.0,1,right,MISS K. Oubre Jr. running finger roll Layup,[1626162],1610612755.0,PHI,running finger roll,,,Oubre Jr.,K. Oubre Jr.,,,,,Restricted Area,0-8 Center,2.4,Missed,,,,,,,,,,,,,,,,,,
482,PT01M59.00S,2024-04-10T00:51:50.7Z,3,REGULAR,rebound,defensive,[],1631197,,,1610612765,81,74,2024-04-10T00:51:55Z,4750000,False,,,0,,J. Rhoden REBOUND (Off:0 Def:1),[1631197],1610612765.0,DET,,,,Rhoden,J. Rhoden,,,,,Restricted Area,0-8 Center,,,481.0,1.0,1.0,0.0,,,,,,,,,,,,,,
483,PT01M53.00S,2024-04-10T00:51:55.6Z,3,REGULAR,2pt,Jump Shot,[],1629669,8.459264126149804,33.33333333333334,1610612765,81,74,2024-04-10T00:55:30Z,4760000,False,83.0,27.0,1,left,MISS J. Nowell 8' pullup Shot,[1629669],1610612765.0,DET,pullup,,,Nowell,J. Nowell,,,,,Mid-Range,8-16 Right,8.76,Missed,,,,,,,,,,,,,,,,,,
484,PT01M50.00S,2024-04-10T00:51:58.6Z,3,REGULAR,rebound,defensive,[],1626162,,,1610612755,81,74,2024-04-10T00:52:07Z,4770000,False,,,0,,K. Oubre Jr. REBOUND (Off:1 Def:1),[1626162],1610612755.0,PHI,,,,Oubre Jr.,K. Oubre Jr.,,,,,Mid-Range,8-16 Right,,,483.0,2.0,1.0,1.0,,,,,,,,,,,,,,
485,PT01M35.00S,2024-04-10T00:52:14.8Z,3,REGULAR,2pt,Layup,['pointsinthepaint'],1630288,93.61038107752957,54.411764705882355,1610612755,83,74,2024-04-10T00:52:19Z,4780000,False,22.0,8.0,1,right,J. Dowtin Jr. driving finger roll Layup (8 PTS),[1630288],1610612755.0,PHI,driving finger roll,,,Dowtin Jr.,J. Dowtin Jr.,,,,,Restricted Area,0-8 Center,2.34,Made,,,,,8.0,,,,,,,,,,,,,
486,PT01M22.00S,2024-04-10T00:52:30.0Z,3,REGULAR,foul,personal,"['inpenalty', '2freethrow']",1630194,,,1610612765,83,74,2024-04-10T00:52:35Z,4790000,False,,,0,,P. Reed personal FOUL (2 PF) (Wiseman 2 FT),"[1630194, 1630164]",1610612755.0,PHI,,,,Reed,P. Reed,,,,,In The Paint (Non-RA),8-16 Center,,,,,,,,,,,,,,1148.0,2.0,0.0,Wiseman,1630164.0,,
488,PT01M22.00S,2024-04-10T00:52:57.3Z,3,REGULAR,freethrow,1 of 2,[],1630164,,,1610612765,83,75,2024-04-10T00:52:57Z,4810000,False,,,0,,J. Wiseman Free Throw 1 of 2 (5 PTS),[1630164],1610612765.0,DET,,,,Wiseman,J. Wiseman,,,,,,,,Made,,,,,5.0,,,,,,,,,,,,,
489,PT01M22.00S,2024-04-10T00:53:16.5Z,3,REGULAR,freethrow,2 of 2,[],1630164,,,1610612765,83,76,2024-04-10T00:53:16Z,4820000,False,,,0,,J. Wiseman Free Throw 2 of 2 (6 PTS),[1630164],1610612765.0,DET,,,,Wiseman,J. Wiseman,,,,,,,,Made,,,,,6.0,,,,,,,,,,,,,
490,PT01M11.00S,2024-04-10T00:53:32.4Z,3,REGULAR,2pt,Layup,['pointsinthepaint'],1626162,90.98226018396846,43.872549019607845,1610612755,83,76,2024-04-10T00:53:42Z,4830000,False,-31.0,32.0,1,right,MISS K. Oubre Jr. driving Layup - blocked,"[1626162, 1631197]",1610612755.0,PHI,driving,,,Oubre Jr.,K. Oubre Jr.,,,,,In The Paint (Non-RA),0-8 Center,4.45,Missed,,,,,,,,,,,,,,,,,Rhoden,1631197.0
491,PT01M11.00S,2024-04-10T00:53:32.4Z,3,REGULAR,block,,[],1631197,,,1610612755,83,76,2024-04-10T00:53:34Z,4840000,False,,,0,,J. Rhoden BLOCK (2 BLK),[1631197],1610612765.0,DET,,,,Rhoden,J. Rhoden,,,,,In The Paint (Non-RA),0-8 Center,,,,,,,,,,,,,,,,,,,,
492,PT01M11.00S,2024-04-10T00:53:32.4Z,3,REGULAR,rebound,offensive,['team'],0,,,1610612755,83,76,2024-04-10T00:53:42Z,4850000,False,,,0,,TEAM offensive REBOUND,[],1610612755.0,PHI,,,,,,,,,,In The Paint (Non-RA),0-8 Center,,,490.0,,,,,,,,,,,,,,,,,
494,PT01M09.00S,2024-04-10T00:53:52.0Z,3,REGULAR,3pt,Jump Shot,['2ndchance'],1627741,89.01116951379764,4.656862745098039,1610612755,86,76,2024-04-10T00:53:57Z,4870000,False,-227.0,51.0,1,right,B. Hield 3PT  (9 PTS) (J. Dowtin Jr. 4 AST),"[1627741, 1630288]",1610612755.0,PHI,,,,Hield,B. Hield,,,,,Left Corner 3,24+ Left,23.23,Made,,,,,9.0,J. Dowtin Jr.,1630288.0,4.0,,,,,,,,,,
497,PT00M43.30S,2024-04-10T00:54:36.9Z,3,REGULAR,2pt,Jump Shot,['pointsinthepaint'],203095,18.7089356110381,48.774509803921575,1610612765,86,76,2024-04-10T00:54:43Z,4900000,False,6.0,123.0,1,left,MISS E. Fournier 12' driving floating Shot,[203095],1610612765.0,DET,driving floating,,,Fournier,E. Fournier,,,,,In The Paint (Non-RA),8-16 Center,12.36,Missed,,,,,,,,,,,,,,,,,,
498,PT00M40.60S,2024-04-10T00:54:39.7Z,3,REGULAR,rebound,defensive,[],1641741,,,1610612755,86,76,2024-04-10T00:54:39Z,4910000,False,,,0,,R. Council IV REBOUND (Off:0 Def:1),[1641741],1610612755.0,PHI,,,,Council IV,R. Council IV,,,,,In The Paint (Non-RA),8-16 Center,,,497.0,1.0,1.0,0.0,,,,,,,,,,,,,,
499,PT00M36.90S,2024-04-10T00:54:44.1Z,3,REGULAR,2pt,Jump Shot,"['pointsinthepaint', 'fastbreak']",1626162,89.53679369250986,47.30392156862745,1610612755,88,76,2024-04-10T00:54:50Z,4920000,False,-13.0,46.0,1,right,K. Oubre Jr. driving floating Jump Shot (13 PTS) (R. Council IV 1 AST),"[1626162, 1641741]",1610612755.0,PHI,driving floating,,,Oubre Jr.,K. Oubre Jr.,,,,,In The Paint (Non-RA),0-8 Center,4.78,Made,,,,,13.0,R. Council IV,1641741.0,1.0,,,,,,,,,,
501,PT00M13.70S,2024-04-10T00:55:12.3Z,3,REGULAR,2pt,Jump Shot,['pointsinthepaint'],203095,19.23455978975032,49.50980392156863,1610612765,88,78,2024-04-10T00:55:16Z,4940000,False,2.0,128.0,1,left,E. Fournier 12' driving floating Jump Shot (19 PTS) (M. Flynn 2 AST),"[203095, 1630201]",1610612765.0,DET,driving floating,,,Fournier,E. Fournier,,,,,In The Paint (Non-RA),8-16 Center,12.83,Made,,,,,19.0,M. Flynn,1630201.0,2.0,,,,,,,,,,
503,PT00M02.20S,2024-04-10T00:55:29.7Z,3,REGULAR,2pt,Jump Shot,['pointsinthepaint'],1626162,87.0400788436268,42.40196078431373,1610612755,90,78,2024-04-10T00:55:34Z,4960000,False,-38.0,69.0,1,right,K. Oubre Jr. 7' driving floating Jump Shot (15 PTS),[1626162],1610612755.0,PHI,driving floating,,,Oubre Jr.,K. Oubre Jr.,,,,,In The Paint (Non-RA),0-8 Center,7.9,Made,,,,,15.0,,,,,,,,,,,,,
504,PT00M00.70S,2024-04-10T00:55:37.7Z,3,REGULAR,3pt,Jump Shot,[],1631197,50.64060446780552,31.617647058823522,1610612765,90,78,2024-04-10T01:04:59Z,4970000,False,92.0,424.0,1,left,MISS J. Rhoden 43' floating 3PT,[1631197],1610612765.0,DET,floating,,,Rhoden,J. Rhoden,,,,,Above the Break 3,24+ Center,43.34,Missed,,,,,,,,,,,,,,,,,,
505,PT00M00.20S,2024-04-10T00:55:38.2Z,3,REGULAR,rebound,offensive,['team'],0,,,1610612765,90,78,2024-04-10T01:04:59Z,4980000,False,,,0,,TEAM offensive REBOUND,[],1610612765.0,DET,,,,,,,,,,Above the Break 3,24+ Center,,,504.0,,,,,,,,,,,,,,,,,
506,PT00M00.00S,2024-04-10T00:55:54.4Z,3,REGULAR,period,end,[],0,,,1610612765,90,78,2024-04-10T00:55:54Z,4990000,False,,,0,,Period End,[],,,,,,,,,,,,,,,,,,,,,,,,,,,,,,,,,
507,PT12M00.00S,2024-04-10T00:57:42.7Z,4,REGULAR,substitution,out,['startperiod'],1641741,,,1610612765,90,78,2024-04-10T00:58:16Z,5000000,False,,,0,,SUB out: R. Council IV,[1641741],1610612755.0,PHI,,,,Council IV,R. Council IV,,,,,,,,,,,,,,,,,,,,,,,,,,
508,PT12M00.00S,2024-04-10T00:57:42.7Z,4,REGULAR,substitution,out,['startperiod'],1630194,,,1610612765,90,78,2024-04-10T00:58:16Z,5010000,False,,,0,,SUB out: P. Reed,[1630194],1610612755.0,PHI,,,,Reed,P. Reed,,,,,,,,,,,,,,,,,,,,,,,,,,
509,PT12M00.00S,2024-04-10T00:57:42.7Z,4,REGULAR,substitution,in,['startperiod'],1629001,,,1610612765,90,78,2024-04-10T00:58:16Z,5020000,False,,,0,,SUB in: D. Melton,[1629001],1610612755.0,PHI,,,,Melton,D. Melton,,,,,,,,,,,,,,,,,,,,,,,,,,
510,PT12M00.00S,2024-04-10T00:57:42.7Z,4,REGULAR,substitution,in,['startperiod'],203954,,,1610612765,90,78,2024-04-10T00:58:16Z,5030000,False,,,0,,SUB in: J. Embiid,[203954],1610612755.0,PHI,,,,Embiid,J. Embiid,,,,,,,,,,,,,,,,,,,,,,,,,,
511,PT12M00.00S,2024-04-10T00:58:25.5Z,4,REGULAR,period,start,[],0,,,1610612755,90,78,2024-04-10T00:58:25Z,5040000,False,,,0,,Period Start,[],,,,,,,,,,,,,,,,,,,,,,,,,,,,,,,,,
512,PT11M46.00S,2024-04-10T00:58:38.6Z,4,REGULAR,2pt,Jump Shot,[],203954,79.02431011826545,47.30392156862745,1610612755,90,78,2024-04-10T00:58:43Z,5050000,False,-13.0,145.0,1,right,MISS J. Embiid 14' Jump Shot,[203954],1610612755.0,PHI,,,,Embiid,J. Embiid,,,,,Mid-Range,8-16 Center,14.53,Missed,,,,,,,,,,,,,,,,,,
513,PT11M42.00S,2024-04-10T00:58:42.6Z,4,REGULAR,rebound,defensive,[],1629669,,,1610612765,90,78,2024-04-10T00:58:43Z,5060000,False,,,0,,J. Nowell REBOUND (Off:0 Def:1),[1629669],1610612765.0,DET,,,,Nowell,J. Nowell,,,,,Mid-Range,8-16 Center,,,512.0,1.0,1.0,0.0,,,,,,,,,,,,,,
514,PT11M27.00S,2024-04-10T00:58:57.5Z,4,REGULAR,3pt,Jump Shot,[],1630201,24.227989487516425,89.4607843137255,1610612765,90,81,2024-04-10T00:59:01Z,5070000,False,-197.0,175.0,1,left,M. Flynn 26' 3PT pullup (7 PTS),[1630201],1610612765.0,DET,pullup,,,Flynn,M. Flynn,,,,,Above the Break 3,24+ Left Center,26.39,Made,,,,,7.0,,,,,,,,,,,,,
515,PT11M10.00S,2024-04-10T00:59:15.3Z,4,REGULAR,2pt,Layup,['pointsinthepaint'],1629001,87.0400788436268,47.79411764705882,1610612755,92,81,2024-04-10T00:59:22Z,5080000,False,-11.0,69.0,1,right,D. Melton 7' driving Layup (5 PTS) (J. Embiid 7 AST),"[1629001, 203954]",1610612755.0,PHI,driving,,,Melton,D. Melton,,,,,In The Paint (Non-RA),0-8 Center,7.02,Made,,,,,5.0,J. Embiid,203954.0,7.0,,,,,,,,,,
517,PT10M53.00S,2024-04-10T00:59:30.9Z,4,REGULAR,3pt,Jump Shot,[],1630201,28.827201051248352,78.92156862745098,1610612765,92,81,2024-04-10T00:59:34Z,5100000,False,-145.0,218.0,1,left,MISS M. Flynn 26' pullup 3PT,[1630201],1610612765.0,DET,pullup,,,Flynn,M. Flynn,,,,,Above the Break 3,24+ Left Center,26.2,Missed,,,,,,,,,,,,,,,,,,
518,PT10M53.00S,2024-04-10T00:59:30.9Z,4,REGULAR,rebound,defensive,[],1626162,,,1610612755,92,81,2024-04-10T00:59:34Z,5110000,False,,,0,,K. Oubre Jr. REBOUND (Off:1 Def:2),[1626162],1610612755.0,PHI,,,,Oubre Jr.,K. Oubre Jr.,,,,,Above the Break 3,24+ Left Center,,,517.0,3.0,2.0,1.0,,,,,,,,,,,,,,
519,PT10M45.00S,2024-04-10T00:59:42.8Z,4,REGULAR,foul,personal,['2freethrow'],1631197,,,1610612755,92,81,2024-04-10T01:02:45Z,5120000,False,,,0,,J. Rhoden shooting personal FOUL (2 PF) (Oubre Jr. 2 FT),"[1631197, 1626162]",1610612765.0,DET,shooting,,,Rhoden,J. Rhoden,,,,,In The Paint (Non-RA),8-16 Center,,,,,,,,,,,,,,1148.0,2.0,0.0,Oubre Jr.,1626162.0,,
521,PT10M45.00S,2024-04-10T01:00:12.9Z,4,REGULAR,freethrow,1 of 2,[],1626162,,,1610612755,93,81,2024-04-10T01:00:12Z,5140000,False,,,0,,K. Oubre Jr. Free Throw 1 of 2 (16 PTS),[1626162],1610612755.0,PHI,,,,Oubre Jr.,K. Oubre Jr.,,,,,,,,Made,,,,,16.0,,,,,,,,,,,,,
522,PT10M45.00S,2024-04-10T01:00:31.2Z,4,REGULAR,freethrow,2 of 2,[],1626162,,,1610612755,94,81,2024-04-10T01:00:31Z,5150000,False,,,0,,K. Oubre Jr. Free Throw 2 of 2 (17 PTS),[1626162],1610612755.0,PHI,,,,Oubre Jr.,K. Oubre Jr.,,,,,,,,Made,,,,,17.0,,,,,,,,,,,,,
523,PT10M29.00S,2024-04-10T01:00:48.8Z,4,REGULAR,2pt,Layup,['pointsinthepaint'],203095,7.539421813403408,51.96078431372549,1610612765,94,83,2024-04-10T01:00:53Z,5160000,False,-10.0,18.0,1,left,E. Fournier cutting finger roll Layup (21 PTS) (J. Wiseman 2 AST),"[203095, 1630164]",1610612765.0,DET,cutting finger roll,,,Fournier,E. Fournier,,,,,Restricted Area,0-8 Center,2.08,Made,,,,,21.0,J. Wiseman,1630164.0,2.0,,,,,,,,,,
525,PT10M23.00S,2024-04-10T01:00:58.1Z,4,REGULAR,foul,personal,['2freethrow'],1630164,,,1610612755,94,83,2024-04-10T01:01:03Z,5180000,False,,,0,,J. Wiseman shooting personal FOUL (2 PF) (Embiid 2 FT),"[1630164, 203954]",1610612765.0,DET,shooting,,,Wiseman,J. Wiseman,,,,,In The Paint (Non-RA),0-8 Center,,,,,,,,,,,,,,1626302.0,2.0,0.0,Embiid,203954.0,,
527,PT10M23.00S,2024-04-10T01:01:24.4Z,4,REGULAR,freethrow,1 of 2,[],203954,,,1610612755,94,83,2024-04-10T01:01:24Z,5200000,False,,,0,,MISS J. Embiid Free Throw 1 of 2,[203954],1610612755.0,PHI,,,,Embiid,J. Embiid,,,,,,,,Missed,,,,,,,,,,,,,,,,,,
528,PT10M23.00S,2024-04-10T01:01:24.4Z,4,REGULAR,rebound,offensive,"['deadball', 'team']",0,,,1610612755,94,83,2024-04-10T01:01:24Z,5210000,False,,,0,,TEAM offensive REBOUND,[],1610612755.0,PHI,,,,,,,,,,,,,,527.0,,,,,,,,,,,,,,,,,
529,PT10M23.00S,2024-04-10T01:01:26.0Z,4,REGULAR,substitution,out,[],1626162,,,1610612755,94,83,2024-04-10T01:01:35Z,5220000,False,,,0,,SUB out: K. Oubre Jr.,[1626162],1610612755.0,PHI,,,,Oubre Jr.,K. Oubre Jr.,,,,,,,,,,,,,,,,,,,,,,,,,,
530,PT10M23.00S,2024-04-10T01:01:26.0Z,4,REGULAR,substitution,out,[],1631197,,,1610612755,94,83,2024-04-10T01:01:35Z,5230000,False,,,0,,SUB out: J. Rhoden,[1631197],1610612765.0,DET,,,,Rhoden,J. Rhoden,,,,,,,,,,,,,,,,,,,,,,,,,,
531,PT10M23.00S,2024-04-10T01:01:26.0Z,4,REGULAR,substitution,out,[],1630164,,,1610612755,94,83,2024-04-10T01:01:35Z,5240000,False,,,0,,SUB out: J. Wiseman,[1630164],1610612765.0,DET,,,,Wiseman,J. Wiseman,,,,,,,,,,,,,,,,,,,,,,,,,,
532,PT10M23.00S,2024-04-10T01:01:26.0Z,4,REGULAR,substitution,in,[],201587,,,1610612755,94,83,2024-04-10T01:01:35Z,5250000,False,,,0,,SUB in: N. Batum,[201587],1610612755.0,PHI,,,,Batum,N. Batum,,,,,,,,,,,,,,,,,,,,,,,,,,
533,PT10M23.00S,2024-04-10T01:01:26.0Z,4,REGULAR,substitution,in,[],1631105,,,1610612755,94,83,2024-04-10T01:01:35Z,5260000,False,,,0,,SUB in: J. Duren,[1631105],1610612765.0,DET,,,,Duren,J. Duren,,,,,,,,,,,,,,,,,,,,,,,,,,
534,PT10M23.00S,2024-04-10T01:01:26.0Z,4,REGULAR,substitution,in,[],1628972,,,1610612755,94,83,2024-04-10T01:01:35Z,5270000,False,,,0,,SUB in: T. Brown Jr.,[1628972],1610612765.0,DET,,,,Brown Jr.,T. Brown Jr.,,,,,,,,,,,,,,,,,,,,,,,,,,
535,PT10M23.00S,2024-04-10T01:01:50.9Z,4,REGULAR,freethrow,2 of 2,[],203954,,,1610612755,95,83,2024-04-10T01:01:50Z,5280000,False,,,0,,J. Embiid Free Throw 2 of 2 (29 PTS),[203954],1610612755.0,PHI,,,,Embiid,J. Embiid,,,,,,,,Made,,,,,29.0,,,,,,,,,,,,,
536,PT10M12.00S,2024-04-10T01:02:04.3Z,4,REGULAR,2pt,Layup,['pointsinthepaint'],1630201,6.356767411300922,43.627450980392155,1610612765,95,83,2024-04-10T01:02:10Z,5290000,False,32.0,7.0,1,left,MISS M. Flynn driving reverse Layup,[1630201],1610612765.0,DET,driving reverse,,,Flynn,M. Flynn,,,,,Restricted Area,0-8 Center,3.27,Missed,,,,,,,,,,,,,,,,,,
537,PT10M12.00S,2024-04-10T01:02:04.3Z,4,REGULAR,rebound,defensive,['team'],0,,,1610612755,95,83,2024-04-10T01:02:10Z,5300000,False,,,0,,TEAM defensive REBOUND,[],1610612755.0,PHI,,,,,,,,,,Restricted Area,0-8 Center,,,536.0,,,,,,,,,,,,,,,,,
539,PT09M59.00S,2024-04-10T01:02:24.2Z,4,REGULAR,2pt,Jump Shot,[],203954,80.99540078843627,31.127450980392155,1610612755,95,83,2024-04-10T01:02:29Z,5320000,False,-94.0,126.0,1,right,MISS J. Embiid 15' Jump Shot,[203954],1610612755.0,PHI,,,,Embiid,J. Embiid,,,,,Mid-Range,8-16 Left,15.75,Missed,,,,,,,,,,,,,,,,,,
540,PT09M56.00S,2024-04-10T01:02:27.2Z,4,REGULAR,rebound,defensive,[],203095,,,1610612765,95,83,2024-04-10T01:02:29Z,5330000,False,,,0,,E. Fournier REBOUND (Off:0 Def:3),[203095],1610612765.0,DET,,,,Fournier,E. Fournier,,,,,Mid-Range,8-16 Left,,,539.0,3.0,3.0,0.0,,,,,,,,,,,,,,
541,PT09M49.00S,2024-04-10T01:02:34.8Z,4,REGULAR,2pt,Layup,['pointsinthepaint'],1631105,8.065045992115643,50.49019607843137,1610612765,95,83,2024-04-10T01:06:35Z,5340000,False,-2.0,23.0,1,left,MISS J. Duren cutting finger roll Layup - blocked,"[1631105, 203954]",1610612765.0,DET,cutting finger roll,,,Duren,J. Duren,,,,,Restricted Area,0-8 Center,2.34,Missed,,,,,,,,,,,,,,,,,Embiid,203954.0
542,PT09M49.00S,2024-04-10T01:02:34.8Z,4,REGULAR,block,,[],203954,,,1610612765,95,83,2024-04-10T01:02:36Z,5350000,False,,,0,,J. Embiid BLOCK (1 BLK),[203954],1610612755.0,PHI,,,,Embiid,J. Embiid,,,,,Restricted Area,0-8 Center,,,,,,,,,,,,,,,,,,,,
543,PT09M49.00S,2024-04-10T01:02:34.8Z,4,REGULAR,rebound,offensive,['team'],0,,,1610612765,95,83,2024-04-10T01:02:40Z,5360000,False,,,0,,TEAM offensive REBOUND,[],1610612765.0,DET,,,,,,,,,,Restricted Area,0-8 Center,,,541.0,,,,,,,,,,,,,,,,,
545,PT09M41.00S,2024-04-10T01:03:00.0Z,4,REGULAR,turnover,traveling,[],1631105,,,1610612765,95,83,2024-04-10T01:03:06Z,5380000,False,,,0,,J. Duren traveling TURNOVER (2 TO),[1631105],1610612765.0,DET,,,,Duren,J. Duren,,,,,In The Paint (Non-RA),0-8 Center,,,,,,,,,,,2.0,,,1198.0,,,,,,
546,PT09M31.00S,2024-04-10T01:03:21.1Z,4,REGULAR,3pt,Jump Shot,['fromturnover'],203954,67.06636005256242,59.31372549019608,1610612755,98,83,2024-04-10T01:03:25Z,5390000,False,47.0,257.0,1,right,J. Embiid 26' 3PT  (32 PTS) (J. Dowtin Jr. 5 AST),"[203954, 1630288]",1610612755.0,PHI,,,,Embiid,J. Embiid,,,,,Above the Break 3,24+ Center,26.13,Made,,,,,32.0,J. Dowtin Jr.,1630288.0,5.0,,,,,,,,,,
548,PT09M16.00S,2024-04-10T01:03:35.3Z,4,REGULAR,3pt,Jump Shot,[],203095,33.55781865965835,43.872549019607845,1610612765,98,83,2024-04-10T01:03:39Z,5410000,False,31.0,263.0,1,left,MISS E. Fournier 26' 3PT,[203095],1610612765.0,DET,,,,Fournier,E. Fournier,,,,,Above the Break 3,24+ Center,26.47,Missed,,,,,,,,,,,,,,,,,,
549,PT09M14.00S,2024-04-10T01:03:37.3Z,4,REGULAR,rebound,defensive,[],203954,,,1610612755,98,83,2024-04-10T01:03:39Z,5420000,False,,,0,,J. Embiid REBOUND (Off:2 Def:7),[203954],1610612755.0,PHI,,,,Embiid,J. Embiid,,,,,Above the Break 3,24+ Center,,,548.0,9.0,7.0,2.0,,,,,,,,,,,,,,
550,PT09M01.00S,2024-04-10T01:03:51.2Z,4,REGULAR,3pt,Jump Shot,[],1627741,88.74835742444152,96.32352941176471,1610612755,101,83,2024-04-10T01:03:57Z,5430000,False,232.0,53.0,1,right,B. Hield 3PT  (12 PTS) (J. Dowtin Jr. 6 AST),"[1627741, 1630288]",1610612755.0,PHI,,,,Hield,B. Hield,,,,,Right Corner 3,24+ Right,23.77,Made,,,,,12.0,J. Dowtin Jr.,1630288.0,6.0,,,,,,,,,,
552,PT09M00.00S,2024-04-10T01:03:57.1Z,4,REGULAR,timeout,full,"['team', 'mandatory']",0,,,1610612765,101,83,2024-04-10T01:03:57Z,5450000,False,,,0,,DET Timeout,[],1610612765.0,DET,,,,,,,,,,,,,,,,,,,,,,,,,,,,,,,
553,PT09M00.00S,2024-04-10T01:06:18.1Z,4,REGULAR,substitution,out,[],1630201,,,1610612765,101,83,2024-04-10T01:06:24Z,5460000,False,,,0,,SUB out: M. Flynn,[1630201],1610612765.0,DET,,,,Flynn,M. Flynn,,,,,,,,,,,,,,,,,,,,,,,,,,
554,PT09M00.00S,2024-04-10T01:06:18.1Z,4,REGULAR,substitution,out,[],1629669,,,1610612765,101,83,2024-04-10T01:06:24Z,5470000,False,,,0,,SUB out: J. Nowell,[1629669],1610612765.0,DET,,,,Nowell,J. Nowell,,,,,,,,,,,,,,,,,,,,,,,,,,
555,PT09M00.00S,2024-04-10T01:06:18.1Z,4,REGULAR,substitution,in,[],1631204,,,1610612765,101,83,2024-04-10T01:06:24Z,5480000,False,,,0,,SUB in: M. Sasser,[1631204],1610612765.0,DET,,,,Sasser,M. Sasser,,,,,,,,,,,,,,,,,,,,,,,,,,
556,PT09M00.00S,2024-04-10T01:06:18.1Z,4,REGULAR,substitution,in,[],1631093,,,1610612765,101,83,2024-04-10T01:06:24Z,5490000,False,,,0,,SUB in: J. Ivey,[1631093],1610612765.0,DET,,,,Ivey,J. Ivey,,,,,,,,,,,,,,,,,,,,,,,,,,
557,PT08M50.00S,2024-04-10T01:07:00.4Z,4,REGULAR,foul,personal,[],1629001,,,1610612765,101,83,2024-04-10T01:07:08Z,5500000,False,,,0,,D. Melton personal FOUL (1 PF),"[1629001, 1631093]",1610612755.0,PHI,,,,Melton,D. Melton,,,,,Above the Break 3,24+ Center,,,,,,,,,,,,,,1148.0,1.0,0.0,Ivey,1631093.0,,
559,PT08M34.00S,2024-04-10T01:07:29.0Z,4,REGULAR,2pt,Layup,['pointsinthepaint'],1631105,6.4881734559789805,46.568627450980394,1610612765,101,83,2024-04-10T01:09:17Z,5520000,False,17.0,8.0,1,left,MISS J. Duren driving Layup,[1631105],1610612765.0,DET,driving,,,Duren,J. Duren,,,,,Restricted Area,0-8 Center,1.92,Missed,,,,,,,,,,,,,,,,,,
560,PT08M32.00S,2024-04-10T01:07:31.4Z,4,REGULAR,rebound,defensive,[],1629001,,,1610612755,101,83,2024-04-10T01:07:31Z,5530000,False,,,0,,D. Melton REBOUND (Off:1 Def:1),[1629001],1610612755.0,PHI,,,,Melton,D. Melton,,,,,Restricted Area,0-8 Center,,,559.0,2.0,1.0,1.0,,,,,,,,,,,,,,
561,PT08M29.00S,2024-04-10T01:07:38.8Z,4,REGULAR,foul,personal,['2freethrow'],1631204,,,1610612755,101,83,2024-04-10T01:07:45Z,5540000,False,,,0,,M. Sasser shooting personal FOUL (2 PF) (Embiid 2 FT),"[1631204, 203954]",1610612765.0,DET,shooting,,,Sasser,M. Sasser,,,,,Restricted Area,0-8 Center,,,,,,,,,,,,,,1148.0,2.0,0.0,Embiid,203954.0,,
563,PT08M29.00S,2024-04-10T01:08:17.0Z,4,REGULAR,freethrow,1 of 2,['fastbreak'],203954,,,1610612755,102,83,2024-04-10T01:08:17Z,5560000,False,,,0,,J. Embiid Free Throw 1 of 2 (33 PTS),[203954],1610612755.0,PHI,,,,Embiid,J. Embiid,,,,,,,,Made,,,,,33.0,,,,,,,,,,,,,
564,PT08M29.00S,2024-04-10T01:08:17.9Z,4,REGULAR,substitution,out,[],1628972,,,1610612755,102,83,2024-04-10T01:08:21Z,5570000,False,,,0,,SUB out: T. Brown Jr.,[1628972],1610612765.0,DET,,,,Brown Jr.,T. Brown Jr.,,,,,,,,,,,,,,,,,,,,,,,,,,
565,PT08M29.00S,2024-04-10T01:08:17.9Z,4,REGULAR,substitution,in,[],1629002,,,1610612755,102,83,2024-04-10T01:08:21Z,5580000,False,,,0,,SUB in: C. Metu,[1629002],1610612765.0,DET,,,,Metu,C. Metu,,,,,,,,,,,,,,,,,,,,,,,,,,
566,PT08M29.00S,2024-04-10T01:08:40.5Z,4,REGULAR,freethrow,2 of 2,['fastbreak'],203954,,,1610612755,103,83,2024-04-10T01:08:40Z,5590000,False,,,0,,J. Embiid Free Throw 2 of 2 (34 PTS),[203954],1610612755.0,PHI,,,,Embiid,J. Embiid,,,,,,,,Made,,,,,34.0,,,,,,,,,,,,,
567,PT08M14.00S,2024-04-10T01:08:55.9Z,4,REGULAR,2pt,Jump Shot,[],1631204,21.468462549277262,44.36274509803921,1610612765,103,83,2024-04-10T01:09:01Z,5600000,False,28.0,149.0,1,left,MISS M. Sasser 15' pullup Shot,[1631204],1610612765.0,DET,pullup,,,Sasser,M. Sasser,,,,,Mid-Range,8-16 Center,15.19,Missed,,,,,,,,,,,,,,,,,,
568,PT08M12.00S,2024-04-10T01:08:57.9Z,4,REGULAR,rebound,defensive,[],203954,,,1610612755,103,83,2024-04-10T01:09:01Z,5610000,False,,,0,,J. Embiid REBOUND (Off:2 Def:8),[203954],1610612755.0,PHI,,,,Embiid,J. Embiid,,,,,Mid-Range,8-16 Center,,,567.0,10.0,8.0,2.0,,,,,,,,,,,,,,
569,PT08M00.00S,2024-04-10T01:09:10.6Z,4,REGULAR,3pt,Jump Shot,[],1629001,89.6681997371879,2.205882352941174,1610612755,103,83,2024-04-10T01:09:16Z,5620000,False,-239.0,45.0,1,right,MISS D. Melton 24' 3PT,[1629001],1610612755.0,PHI,,,,Melton,D. Melton,,,,,Left Corner 3,24+ Left,24.31,Missed,,,,,,,,,,,,,,,,,,
570,PT07M57.00S,2024-04-10T01:09:13.6Z,4,REGULAR,rebound,offensive,[],1627741,,,1610612755,103,83,2024-04-10T01:09:16Z,5630000,False,,,0,,B. Hield REBOUND (Off:2 Def:3),[1627741],1610612755.0,PHI,,,,Hield,B. Hield,,,,,Left Corner 3,24+ Left,,,569.0,5.0,3.0,2.0,,,,,,,,,,,,,,
571,PT07M54.00S,2024-04-10T01:09:16.6Z,4,REGULAR,3pt,Jump Shot,['2ndchance'],1627741,91.50788436268068,2.941176470588232,1610612755,106,83,2024-04-10T01:09:22Z,5640000,False,-235.0,27.0,1,right,B. Hield 3PT  (15 PTS) (D. Melton 3 AST),"[1627741, 1629001]",1610612755.0,PHI,,,,Hield,B. Hield,,,,,Left Corner 3,24+ Left,23.69,Made,,,,,15.0,D. Melton,1629001.0,3.0,,,,,,,,,,
573,PT07M44.00S,2024-04-10T01:09:26.8Z,4,REGULAR,turnover,bad pass,[],1631204,,,1610612765,106,83,2024-04-10T01:09:32Z,5660000,False,,,0,,M. Sasser bad pass TURNOVER (3 TO),"[1631204, 1629001]",1610612765.0,DET,,,,Sasser,M. Sasser,,,,,Mid-Range,16-24 Left Center,,,,,,,,,,,3.0,Melton,1629001.0,,,,,,,
574,PT07M44.00S,2024-04-10T01:09:26.8Z,4,REGULAR,steal,,[],1629001,,,1610612755,106,83,2024-04-10T01:09:29Z,5670000,False,,,0,,D. Melton STEAL (1 STL),[1629001],1610612755.0,PHI,,,,Melton,D. Melton,,,,,Mid-Range,16-24 Left Center,,,,,,,,,,,,,,,,,,,,
575,PT07M39.00S,2024-04-10T01:09:31.3Z,4,REGULAR,2pt,Layup,"['fastbreak', 'pointsinthepaint', 'fromturnover']",1627741,93.08475689881735,50.98039215686275,1610612755,106,83,2024-04-10T01:11:47Z,5680000,False,5.0,13.0,1,right,MISS B. Hield running finger roll Layup,[1627741],1610612755.0,PHI,running finger roll,,,Hield,B. Hield,,,,,Restricted Area,0-8 Center,1.34,Missed,,,,,,,,,,,,,,,,,,
576,PT07M37.00S,2024-04-10T01:09:33.3Z,4,REGULAR,rebound,defensive,[],1631105,,,1610612765,106,83,2024-04-10T01:09:33Z,5690000,False,,,0,,J. Duren REBOUND (Off:0 Def:9),[1631105],1610612765.0,DET,,,,Duren,J. Duren,,,,,Restricted Area,0-8 Center,,,575.0,9.0,9.0,0.0,,,,,,,,,,,,,,
577,PT07M29.00S,2024-04-10T01:09:42.0Z,4,REGULAR,2pt,Hook,['pointsinthepaint'],1631105,13.18988173455979,48.28431372549019,1610612765,106,85,2024-04-10T01:12:26Z,5700000,False,9.0,71.0,1,left,J. Duren 7' driving Hook (13 PTS) (J. Ivey 4 AST),"[1631105, 1631093]",1610612765.0,DET,driving,,,Duren,J. Duren,,,,,In The Paint (Non-RA),0-8 Center,7.2,Made,,,,,13.0,J. Ivey,1631093.0,4.0,,,,,,,,,,
579,PT07M08.00S,2024-04-10T01:10:02.6Z,4,REGULAR,2pt,Jump Shot,[],1629001,76.39618922470433,36.029411764705884,1610612755,106,85,2024-04-10T01:10:07Z,5720000,False,-70.0,169.0,1,right,MISS D. Melton 18' pullup Shot,[1629001],1610612755.0,PHI,pullup,,,Melton,D. Melton,,,,,Mid-Range,16-24 Left Center,18.33,Missed,,,,,,,,,,,,,,,,,,
580,PT07M05.00S,2024-04-10T01:10:05.6Z,4,REGULAR,rebound,defensive,[],1631105,,,1610612765,106,85,2024-04-10T01:10:07Z,5730000,False,,,0,,J. Duren REBOUND (Off:0 Def:10),[1631105],1610612765.0,DET,,,,Duren,J. Duren,,,,,Mid-Range,16-24 Left Center,,,579.0,10.0,10.0,0.0,,,,,,,,,,,,,,
581,PT06M58.00S,2024-04-10T01:10:12.7Z,4,REGULAR,2pt,Layup,['pointsinthepaint'],1631105,7.670827858081481,52.450980392156865,1610612765,106,85,2024-04-10T01:10:57Z,5740000,False,-12.0,20.0,1,left,MISS J. Duren driving finger roll Layup - blocked,"[1631105, 203954]",1610612765.0,DET,driving finger roll,,,Duren,J. Duren,,,,,Restricted Area,0-8 Center,2.31,Missed,,,,,,,,,,,,,,,,,Embiid,203954.0
582,PT06M58.00S,2024-04-10T01:10:12.7Z,4,REGULAR,block,,[],203954,,,1610612765,106,85,2024-04-10T01:10:14Z,5750000,False,,,0,,J. Embiid BLOCK (2 BLK),[203954],1610612755.0,PHI,,,,Embiid,J. Embiid,,,,,Restricted Area,0-8 Center,,,,,,,,,,,,,,,,,,,,
583,PT06M56.00S,2024-04-10T01:10:14.7Z,4,REGULAR,rebound,defensive,[],1627741,,,1610612755,106,85,2024-04-10T01:10:19Z,5760000,False,,,0,,B. Hield REBOUND (Off:2 Def:4),[1627741],1610612755.0,PHI,,,,Hield,B. Hield,,,,,Restricted Area,0-8 Center,,,581.0,6.0,4.0,2.0,,,,,,,,,,,,,,
584,PT06M54.00S,2024-04-10T01:10:17.1Z,4,REGULAR,3pt,Jump Shot,['fastbreak'],1629001,66.40932982917215,44.36274509803921,1610612755,106,85,2024-04-10T01:10:24Z,5770000,False,-28.0,263.0,1,right,MISS D. Melton 26' running 3PT,[1629001],1610612755.0,PHI,running,,,Melton,D. Melton,,,,,Above the Break 3,24+ Center,26.48,Missed,,,,,,,,,,,,,,,,,,
585,PT06M54.00S,2024-04-10T01:10:17.1Z,4,REGULAR,rebound,defensive,[],1629002,,,1610612765,106,85,2024-04-10T01:10:24Z,5780000,False,,,0,,C. Metu REBOUND (Off:3 Def:5),[1629002],1610612765.0,DET,,,,Metu,C. Metu,,,,,Above the Break 3,24+ Center,,,584.0,8.0,5.0,3.0,,,,,,,,,,,,,,
586,PT06M40.00S,2024-04-10T01:10:30.9Z,4,REGULAR,turnover,bad pass,[],1631093,,,1610612765,106,85,2024-04-10T01:10:34Z,5790000,False,,,0,,J. Ivey bad pass TURNOVER (5 TO),"[1631093, 1629001]",1610612765.0,DET,,,,Ivey,J. Ivey,,,,,Above the Break 3,24+ Left Center,,,,,,,,,,,5.0,Melton,1629001.0,,,,,,,
587,PT06M40.00S,2024-04-10T01:10:30.9Z,4,REGULAR,steal,,[],1629001,,,1610612755,106,85,2024-04-10T01:10:32Z,5800000,False,,,0,,D. Melton STEAL (2 STL),[1629001],1610612755.0,PHI,,,,Melton,D. Melton,,,,,Above the Break 3,24+ Left Center,,,,,,,,,,,,,,,,,,,,
588,PT06M33.00S,2024-04-10T01:10:37.8Z,4,REGULAR,3pt,Jump Shot,"['fromturnover', 'fastbreak']",1629001,68.51182654402103,67.8921568627451,1610612755,106,85,2024-04-10T01:10:44Z,5810000,False,89.0,243.0,1,right,MISS D. Melton 25' running 3PT,[1629001],1610612755.0,PHI,running,,,Melton,D. Melton,,,,,Above the Break 3,24+ Right Center,25.94,Missed,,,,,,,,,,,,,,,,,,
589,PT06M30.00S,2024-04-10T01:10:40.8Z,4,REGULAR,rebound,defensive,[],1629002,,,1610612765,106,85,2024-04-10T01:10:44Z,5820000,False,,,0,,C. Metu REBOUND (Off:3 Def:6),[1629002],1610612765.0,DET,,,,Metu,C. Metu,,,,,Above the Break 3,24+ Right Center,,,588.0,9.0,6.0,3.0,,,,,,,,,,,,,,
590,PT06M11.00S,2024-04-10T01:11:00.6Z,4,REGULAR,3pt,Jump Shot,[],1631093,30.14126149802891,77.69607843137254,1610612765,106,88,2024-04-10T01:11:05Z,5830000,False,-138.0,231.0,1,left,J. Ivey 26' 3PT  (25 PTS) (M. Sasser 5 AST),"[1631093, 1631204]",1610612765.0,DET,,,,Ivey,J. Ivey,,,,,Above the Break 3,24+ Left Center,26.92,Made,,,,,25.0,M. Sasser,1631204.0,5.0,,,,,,,,,,
592,PT05M59.00S,2024-04-10T01:11:14.9Z,4,REGULAR,timeout,full,"['team', 'mandatory']",0,,,1610612755,106,88,2024-04-10T01:11:14Z,5850000,False,,,0,,PHI Timeout,[],1610612755.0,PHI,,,,,,,,,,,,,,,,,,,,,,,,,,,,,,,
593,PT05M59.00S,2024-04-10T01:13:22.5Z,4,REGULAR,substitution,out,[],1630288,,,1610612755,106,88,2024-04-10T01:13:41Z,5860000,False,,,0,,SUB out: J. Dowtin Jr.,[1630288],1610612755.0,PHI,,,,Dowtin Jr.,J. Dowtin Jr.,,,,,,,,,,,,,,,,,,,,,,,,,,
594,PT05M59.00S,2024-04-10T01:13:22.5Z,4,REGULAR,substitution,out,[],201587,,,1610612755,106,88,2024-04-10T01:13:41Z,5870000,False,,,0,,SUB out: N. Batum,[201587],1610612755.0,PHI,,,,Batum,N. Batum,,,,,,,,,,,,,,,,,,,,,,,,,,
595,PT05M59.00S,2024-04-10T01:13:22.5Z,4,REGULAR,substitution,out,[],1631204,,,1610612755,106,88,2024-04-10T01:13:41Z,5880000,False,,,0,,SUB out: M. Sasser,[1631204],1610612765.0,DET,,,,Sasser,M. Sasser,,,,,,,,,,,,,,,,,,,,,,,,,,
596,PT05M59.00S,2024-04-10T01:13:22.5Z,4,REGULAR,substitution,in,[],1626166,,,1610612755,106,88,2024-04-10T01:13:41Z,5890000,False,,,0,,SUB in: C. Payne,[1626166],1610612755.0,PHI,,,,Payne,C. Payne,,,,,,,,,,,,,,,,,,,,,,,,,,
597,PT05M59.00S,2024-04-10T01:13:22.5Z,4,REGULAR,substitution,in,[],202699,,,1610612755,106,88,2024-04-10T01:13:41Z,5900000,False,,,0,,SUB in: T. Harris,[202699],1610612755.0,PHI,,,,Harris,T. Harris,,,,,,,,,,,,,,,,,,,,,,,,,,
598,PT05M59.00S,2024-04-10T01:13:22.5Z,4,REGULAR,substitution,in,[],1630201,,,1610612755,106,88,2024-04-10T01:13:41Z,5910000,False,,,0,,SUB in: M. Flynn,[1630201],1610612765.0,DET,,,,Flynn,M. Flynn,,,,,,,,,,,,,,,,,,,,,,,,,,
599,PT05M52.00S,2024-04-10T01:14:14.3Z,4,REGULAR,3pt,Jump Shot,[],1627741,68.64323258869908,65.93137254901961,1610612755,106,88,2024-04-10T01:14:20Z,5920000,False,80.0,242.0,1,right,MISS B. Hield 25' 3PT,[1627741],1610612755.0,PHI,,,,Hield,B. Hield,,,,,Above the Break 3,24+ Right Center,25.51,Missed,,,,,,,,,,,,,,,,,,
600,PT05M51.00S,2024-04-10T01:14:15.3Z,4,REGULAR,rebound,offensive,['team'],0,,,1610612755,106,88,2024-04-10T01:14:20Z,5930000,False,,,0,,TEAM offensive REBOUND,[],1610612755.0,PHI,,,,,,,,,,Above the Break 3,24+ Right Center,,,599.0,,,,,,,,,,,,,,,,,
602,PT05M49.00S,2024-04-10T01:14:39.0Z,4,REGULAR,3pt,Jump Shot,['2ndchance'],203954,89.53679369250986,95.58823529411765,1610612755,109,88,2024-04-10T01:14:49Z,5950000,False,228.0,46.0,1,right,J. Embiid 3PT  (37 PTS) (C. Payne 4 AST),"[203954, 1626166]",1610612755.0,PHI,,,,Embiid,J. Embiid,,,,,Right Corner 3,24+ Right,23.25,Made,,,,,37.0,C. Payne,1626166.0,4.0,,,,,,,,,,
604,PT05M29.00S,2024-04-10T01:14:58.4Z,4,REGULAR,2pt,Jump Shot,[],1629002,19.23455978975032,73.0392156862745,1610612765,109,88,2024-04-10T01:15:02Z,5970000,False,-115.0,128.0,1,left,MISS C. Metu 17' pullup Shot,[1629002],1610612765.0,DET,pullup,,,Metu,C. Metu,,,,,Mid-Range,16-24 Left Center,17.24,Missed,,,,,,,,,,,,,,,,,,
605,PT05M27.00S,2024-04-10T01:15:00.4Z,4,REGULAR,rebound,defensive,[],1626166,,,1610612755,109,88,2024-04-10T01:15:02Z,5980000,False,,,0,,C. Payne REBOUND (Off:0 Def:3),[1626166],1610612755.0,PHI,,,,Payne,C. Payne,,,,,Mid-Range,16-24 Left Center,,,604.0,3.0,3.0,0.0,,,,,,,,,,,,,,
606,PT05M15.00S,2024-04-10T01:15:12.5Z,4,REGULAR,3pt,Jump Shot,[],203954,67.59198423127464,43.38235294117647,1610612755,109,88,2024-04-10T01:15:17Z,5990000,False,-33.0,252.0,1,right,MISS J. Embiid 25' pullup 3PT,[203954],1610612755.0,PHI,pullup,,,Embiid,J. Embiid,,,,,Above the Break 3,24+ Center,25.43,Missed,,,,,,,,,,,,,,,,,,
607,PT05M11.00S,2024-04-10T01:15:16.5Z,4,REGULAR,rebound,defensive,[],1631105,,,1610612765,109,88,2024-04-10T01:15:17Z,6000000,False,,,0,,J. Duren REBOUND (Off:0 Def:11),[1631105],1610612765.0,DET,,,,Duren,J. Duren,,,,,Above the Break 3,24+ Center,,,606.0,11.0,11.0,0.0,,,,,,,,,,,,,,
608,PT05M07.00S,2024-04-10T01:15:25.4Z,4,REGULAR,foul,personal,[],1626166,,,1610612765,109,88,2024-04-10T01:15:31Z,6010000,False,,,0,,C. Payne personal FOUL (2 PF),"[1626166, 1631093]",1610612755.0,PHI,,,,Payne,C. Payne,,,,,Mid-Range,16-24 Left Center,,,,,,,,,,,,,,1148.0,2.0,0.0,Ivey,1631093.0,,
610,PT04M56.00S,2024-04-10T01:15:49.9Z,4,REGULAR,2pt,Jump Shot,[],203095,22.913929040735866,45.09803921568627,1610612765,109,88,2024-04-10T01:15:54Z,6030000,False,25.0,163.0,1,left,MISS E. Fournier 16' driving floating Shot,[203095],1610612765.0,DET,driving floating,,,Fournier,E. Fournier,,,,,Mid-Range,16-24 Center,16.47,Missed,,,,,,,,,,,,,,,,,,
611,PT04M54.00S,2024-04-10T01:15:51.9Z,4,REGULAR,rebound,defensive,[],1629001,,,1610612755,109,88,2024-04-10T01:15:54Z,6040000,False,,,0,,D. Melton REBOUND (Off:1 Def:2),[1629001],1610612755.0,PHI,,,,Melton,D. Melton,,,,,Mid-Range,16-24 Center,,,610.0,3.0,2.0,1.0,,,,,,,,,,,,,,
612,PT04M39.00S,2024-04-10T01:16:06.9Z,4,REGULAR,turnover,lost ball,[],203954,,,1610612755,109,88,2024-04-10T01:16:10Z,6050000,False,,,0,,J. Embiid lost ball TURNOVER (5 TO),"[203954, 203095]",1610612755.0,PHI,,,,Embiid,J. Embiid,,,,,Mid-Range,16-24 Right Center,,,,,,,,,,,5.0,Fournier,203095.0,,,,,,,
613,PT04M39.00S,2024-04-10T01:16:06.9Z,4,REGULAR,steal,,[],203095,,,1610612765,109,88,2024-04-10T01:16:09Z,6060000,False,,,0,,E. Fournier STEAL (1 STL),[203095],1610612765.0,DET,,,,Fournier,E. Fournier,,,,,Mid-Range,16-24 Right Center,,,,,,,,,,,,,,,,,,,,
614,PT04M34.00S,2024-04-10T01:16:12.2Z,4,REGULAR,2pt,DUNK,"['pointsinthepaint', 'fromturnover', 'fastbreak']",1631105,8.590670170827863,49.50980392156863,1610612765,109,90,2024-04-10T01:16:18Z,6070000,False,2.0,28.0,1,left,J. Duren running alley-oop DUNK (15 PTS) (M. Flynn 3 AST),"[1631105, 1630201]",1610612765.0,DET,running alley-oop,,,Duren,J. Duren,,,,,Restricted Area,0-8 Center,2.84,Made,,,,,15.0,M. Flynn,1630201.0,3.0,,,,,,,,,,
616,PT04M12.00S,2024-04-10T01:16:34.7Z,4,REGULAR,2pt,Layup,['pointsinthepaint'],202699,93.74178712220763,48.774509803921575,1610612755,111,90,2024-04-10T01:16:38Z,6090000,False,-6.0,6.0,1,right,T. Harris driving Layup (13 PTS),[202699],1610612755.0,PHI,driving,,,Harris,T. Harris,,,,,Restricted Area,0-8 Center,0.88,Made,,,,,13.0,,,,,,,,,,,,,
617,PT04M04.00S,2024-04-10T01:16:41.5Z,4,REGULAR,3pt,Jump Shot,[],1631093,15.949408672798953,94.6078431372549,1610612765,111,90,2024-04-10T01:16:46Z,6100000,False,-223.0,97.0,1,left,MISS J. Ivey 24' 3PT,[1631093],1610612765.0,DET,,,,Ivey,J. Ivey,,,,,Above the Break 3,24+ Left Center,24.33,Missed,,,,,,,,,,,,,,,,,,
618,PT04M01.00S,2024-04-10T01:16:44.5Z,4,REGULAR,rebound,defensive,[],203954,,,1610612755,111,90,2024-04-10T01:16:46Z,6110000,False,,,0,,J. Embiid REBOUND (Off:2 Def:9),[203954],1610612755.0,PHI,,,,Embiid,J. Embiid,,,,,Above the Break 3,24+ Left Center,,,617.0,11.0,9.0,2.0,,,,,,,,,,,,,,
619,PT03M54.00S,2024-04-10T01:16:52.2Z,4,REGULAR,2pt,Layup,['pointsinthepaint'],202699,94.53022339027595,51.96078431372549,1610612755,113,90,2024-04-10T01:19:30Z,6120000,False,10.0,-1.0,1,right,T. Harris driving Layup (15 PTS) (J. Embiid 8 AST),"[202699, 203954]",1610612755.0,PHI,driving,,,Harris,T. Harris,,,,,Restricted Area,0-8 Center,0.99,Made,,,,,15.0,J. Embiid,203954.0,8.0,,,,,,,,,,
621,PT03M35.00S,2024-04-10T01:17:11.2Z,4,REGULAR,2pt,Jump Shot,[],1630201,20.54862023653088,72.05882352941177,1610612765,113,92,2024-04-10T01:17:16Z,6140000,False,-110.0,141.0,1,left,M. Flynn 17' pullup Jump Shot (9 PTS),[1630201],1610612765.0,DET,pullup,,,Flynn,M. Flynn,,,,,Mid-Range,16-24 Left Center,17.88,Made,,,,,9.0,,,,,,,,,,,,,
622,PT03M25.00S,2024-04-10T01:17:26.7Z,4,REGULAR,timeout,full,['team'],0,,,1610612755,113,92,2024-04-10T01:17:26Z,6150000,False,,,0,,PHI Timeout,[],1610612755.0,PHI,,,,,,,,,,,,,,,,,,,,,,,,,,,,,,,
623,PT03M25.00S,2024-04-10T01:18:49.0Z,4,REGULAR,substitution,out,[],1629001,,,1610612755,113,92,2024-04-10T01:19:05Z,6160000,False,,,0,,SUB out: D. Melton,[1629001],1610612755.0,PHI,,,,Melton,D. Melton,,,,,,,,,,,,,,,,,,,,,,,,,,
624,PT03M25.00S,2024-04-10T01:18:49.0Z,4,REGULAR,substitution,out,[],203954,,,1610612755,113,92,2024-04-10T01:19:05Z,6170000,False,,,0,,SUB out: J. Embiid,[203954],1610612755.0,PHI,,,,Embiid,J. Embiid,,,,,,,,,,,,,,,,,,,,,,,,,,
625,PT03M25.00S,2024-04-10T01:18:49.0Z,4,REGULAR,substitution,out,[],1631105,,,1610612755,113,92,2024-04-10T01:19:05Z,6180000,False,,,0,,SUB out: J. Duren,[1631105],1610612765.0,DET,,,,Duren,J. Duren,,,,,,,,,,,,,,,,,,,,,,,,,,
626,PT03M25.00S,2024-04-10T01:18:49.0Z,4,REGULAR,substitution,out,[],1631093,,,1610612755,113,92,2024-04-10T01:19:05Z,6190000,False,,,0,,SUB out: J. Ivey,[1631093],1610612765.0,DET,,,,Ivey,J. Ivey,,,,,,,,,,,,,,,,,,,,,,,,,,
627,PT03M25.00S,2024-04-10T01:18:49.0Z,4,REGULAR,substitution,out,[],203095,,,1610612755,113,92,2024-04-10T01:19:05Z,6200000,False,,,0,,SUB out: E. Fournier,[203095],1610612765.0,DET,,,,Fournier,E. Fournier,,,,,,,,,,,,,,,,,,,,,,,,,,
628,PT03M25.00S,2024-04-10T01:18:49.0Z,4,REGULAR,substitution,in,[],1630194,,,1610612755,113,92,2024-04-10T01:19:05Z,6210000,False,,,0,,SUB in: P. Reed,[1630194],1610612755.0,PHI,,,,Reed,P. Reed,,,,,,,,,,,,,,,,,,,,,,,,,,
629,PT03M25.00S,2024-04-10T01:18:49.0Z,4,REGULAR,substitution,in,[],1628964,,,1610612755,113,92,2024-04-10T01:19:05Z,6220000,False,,,0,,SUB in: M. Bamba,[1628964],1610612755.0,PHI,,,,Bamba,M. Bamba,,,,,,,,,,,,,,,,,,,,,,,,,,
630,PT03M25.00S,2024-04-10T01:18:49.0Z,4,REGULAR,substitution,in,[],1630164,,,1610612755,113,92,2024-04-10T01:19:05Z,6230000,False,,,0,,SUB in: J. Wiseman,[1630164],1610612765.0,DET,,,,Wiseman,J. Wiseman,,,,,,,,,,,,,,,,,,,,,,,,,,
631,PT03M25.00S,2024-04-10T01:18:49.0Z,4,REGULAR,substitution,in,[],1631197,,,1610612755,113,92,2024-04-10T01:19:05Z,6240000,False,,,0,,SUB in: J. Rhoden,[1631197],1610612765.0,DET,,,,Rhoden,J. Rhoden,,,,,,,,,,,,,,,,,,,,,,,,,,
632,PT03M25.00S,2024-04-10T01:18:49.0Z,4,REGULAR,substitution,in,[],1631205,,,1610612755,113,92,2024-04-10T01:19:05Z,6250000,False,,,0,,SUB in: B. Boeheim,[1631205],1610612765.0,DET,,,,Boeheim,B. Boeheim,,,,,,,,,,,,,,,,,,,,,,,,,,
633,PT03M19.00S,2024-04-10T01:19:23.8Z,4,REGULAR,2pt,Hook,['pointsinthepaint'],202699,89.01116951379764,48.774509803921575,1610612755,113,92,2024-04-10T01:19:30Z,6260000,False,-6.0,51.0,1,right,MISS T. Harris turnaround Hook,[202699],1610612755.0,PHI,turnaround,,,Harris,T. Harris,,,,,In The Paint (Non-RA),0-8 Center,5.12,Missed,,,,,,,,,,,,,,,,,,
634,PT03M15.00S,2024-04-10T01:19:27.8Z,4,REGULAR,rebound,offensive,[],1626166,,,1610612755,113,92,2024-04-10T01:19:30Z,6270000,False,,,0,,C. Payne REBOUND (Off:1 Def:3),[1626166],1610612755.0,PHI,,,,Payne,C. Payne,,,,,In The Paint (Non-RA),0-8 Center,,,633.0,4.0,3.0,1.0,,,,,,,,,,,,,,
635,PT03M14.00S,2024-04-10T01:19:28.6Z,4,REGULAR,3pt,Jump Shot,['2ndchance'],1627741,88.61695137976346,96.32352941176471,1610612755,116,92,2024-04-10T01:19:33Z,6280000,False,232.0,55.0,1,right,B. Hield 3PT  (18 PTS) (C. Payne 5 AST),"[1627741, 1626166]",1610612755.0,PHI,,,,Hield,B. Hield,,,,,Right Corner 3,24+ Right,23.79,Made,,,,,18.0,C. Payne,1626166.0,5.0,,,,,,,,,,
637,PT02M59.00S,2024-04-10T01:19:43.2Z,4,REGULAR,3pt,Jump Shot,[],1629002,28.56438896189225,77.94117647058823,1610612765,116,95,2024-04-10T01:19:47Z,6300000,False,-140.0,216.0,1,left,C. Metu 25' 3PT  (7 PTS) (M. Flynn 4 AST),"[1629002, 1630201]",1610612765.0,DET,,,,Metu,C. Metu,,,,,Above the Break 3,24+ Left Center,25.72,Made,,,,,7.0,M. Flynn,1630201.0,4.0,,,,,,,,,,
639,PT02M47.00S,2024-04-10T01:19:54.5Z,4,REGULAR,3pt,Jump Shot,[],1627741,67.9862023653088,57.1078431372549,1610612755,116,95,2024-04-10T01:19:59Z,6320000,False,36.0,248.0,1,right,MISS B. Hield 25' pullup 3PT,[1627741],1610612755.0,PHI,pullup,,,Hield,B. Hield,,,,,Above the Break 3,24+ Center,25.09,Missed,,,,,,,,,,,,,,,,,,
640,PT02M45.00S,2024-04-10T01:19:56.5Z,4,REGULAR,rebound,defensive,[],1629002,,,1610612765,116,95,2024-04-10T01:19:59Z,6330000,False,,,0,,C. Metu REBOUND (Off:3 Def:7),[1629002],1610612765.0,DET,,,,Metu,C. Metu,,,,,Above the Break 3,24+ Center,,,639.0,10.0,7.0,3.0,,,,,,,,,,,,,,
641,PT02M38.00S,2024-04-10T01:20:04.6Z,4,REGULAR,2pt,Jump Shot,[],1631197,13.32128777923785,22.794117647058826,1610612765,116,97,2024-04-10T01:20:09Z,6340000,False,136.0,73.0,1,left,J. Rhoden 15' pullup Jump Shot (2 PTS),[1631197],1610612765.0,DET,pullup,,,Rhoden,J. Rhoden,,,,,Mid-Range,8-16 Right,15.42,Made,,,,,2.0,,,,,,,,,,,,,
642,PT02M17.00S,2024-04-10T01:20:26.7Z,4,REGULAR,turnover,out-of-bounds,[],1627741,,,1610612755,116,97,2024-04-10T01:20:34Z,6350000,False,,,0,,B. Hield bad pass out-of-bounds TURNOVER (1 TO),[1627741],1610612755.0,PHI,bad pass,,,Hield,B. Hield,,,,,Above the Break 3,24+ Right Center,,,,,,,,,,,1.0,,,1198.0,,,,,,
643,PT02M17.00S,2024-04-10T01:20:31.3Z,4,REGULAR,substitution,out,[],202699,,,1610612765,116,97,2024-04-10T01:20:37Z,6360000,False,,,0,,SUB out: T. Harris,[202699],1610612755.0,PHI,,,,Harris,T. Harris,,,,,,,,,,,,,,,,,,,,,,,,,,
644,PT02M17.00S,2024-04-10T01:20:31.3Z,4,REGULAR,substitution,out,[],1627741,,,1610612765,116,97,2024-04-10T01:20:37Z,6370000,False,,,0,,SUB out: B. Hield,[1627741],1610612755.0,PHI,,,,Hield,B. Hield,,,,,,,,,,,,,,,,,,,,,,,,,,
645,PT02M17.00S,2024-04-10T01:20:31.3Z,4,REGULAR,substitution,in,[],1641741,,,1610612765,116,97,2024-04-10T01:20:37Z,6380000,False,,,0,,SUB in: R. Council IV,[1641741],1610612755.0,PHI,,,,Council IV,R. Council IV,,,,,,,,,,,,,,,,,,,,,,,,,,
646,PT02M17.00S,2024-04-10T01:20:31.3Z,4,REGULAR,substitution,in,[],1631173,,,1610612765,116,97,2024-04-10T01:20:37Z,6390000,False,,,0,,SUB in: T. Smith,[1631173],1610612755.0,PHI,,,,Smith,T. Smith,,,,,,,,,,,,,,,,,,,,,,,,,,
647,PT01M58.00S,2024-04-10T01:21:09.9Z,4,REGULAR,2pt,Jump Shot,['fromturnover'],1630164,22.78252299605782,38.725490196078425,1610612765,116,97,2024-04-10T01:21:15Z,6400000,False,56.0,162.0,1,left,MISS J. Wiseman 17' Jump Shot,[1630164],1610612765.0,DET,,,,Wiseman,J. Wiseman,,,,,Mid-Range,16-24 Right Center,17.13,Missed,,,,,,,,,,,,,,,,,,
648,PT01M54.00S,2024-04-10T01:21:13.9Z,4,REGULAR,rebound,defensive,[],1626166,,,1610612755,116,97,2024-04-10T01:21:15Z,6410000,False,,,0,,C. Payne REBOUND (Off:1 Def:4),[1626166],1610612755.0,PHI,,,,Payne,C. Payne,,,,,Mid-Range,16-24 Right Center,,,647.0,5.0,4.0,1.0,,,,,,,,,,,,,,
649,PT01M44.00S,2024-04-10T01:21:24.7Z,4,REGULAR,2pt,Layup,['pointsinthepaint'],1630194,93.87319316688567,45.34313725490197,1610612755,118,97,2024-04-10T01:23:57Z,6420000,False,-23.0,5.0,1,right,P. Reed cutting finger roll Layup (8 PTS) (C. Payne 6 AST),"[1630194, 1626166]",1610612755.0,PHI,cutting finger roll,,,Reed,P. Reed,,,,,Restricted Area,0-8 Center,2.39,Made,,,,,8.0,C. Payne,1626166.0,6.0,,,,,,,,,,
651,PT01M35.00S,2024-04-10T01:21:35.5Z,4,REGULAR,2pt,Jump Shot,[],1631197,27.513140604467807,50.245098039215684,1610612765,118,97,2024-04-10T01:21:40Z,6440000,False,-1.0,206.0,1,left,MISS J. Rhoden 20' pullup Shot,[1631197],1610612765.0,DET,pullup,,,Rhoden,J. Rhoden,,,,,Mid-Range,16-24 Center,20.61,Missed,,,,,,,,,,,,,,,,,,
652,PT01M32.00S,2024-04-10T01:21:38.5Z,4,REGULAR,rebound,defensive,[],1628964,,,1610612755,118,97,2024-04-10T01:21:40Z,6450000,False,,,0,,M. Bamba REBOUND (Off:0 Def:1),[1628964],1610612755.0,PHI,,,,Bamba,M. Bamba,,,,,Mid-Range,16-24 Center,,,651.0,1.0,1.0,0.0,,,,,,,,,,,,,,
653,PT01M19.00S,2024-04-10T01:21:53.1Z,4,REGULAR,foul,personal,['2freethrow'],1631197,,,1610612755,118,97,2024-04-10T01:22:01Z,6460000,False,,,0,,J. Rhoden shooting personal FOUL (3 PF) (Bamba 2 FT),"[1631197, 1628964]",1610612765.0,DET,shooting,,,Rhoden,J. Rhoden,,,,,In The Paint (Non-RA),0-8 Center,,,,,,,,,,,,,,1148.0,3.0,0.0,Bamba,1628964.0,,
655,PT01M19.00S,2024-04-10T01:22:14.8Z,4,REGULAR,freethrow,1 of 2,[],1628964,,,1610612755,119,97,2024-04-10T01:22:14Z,6480000,False,,,0,,M. Bamba Free Throw 1 of 2 (1 PTS),[1628964],1610612755.0,PHI,,,,Bamba,M. Bamba,,,,,,,,Made,,,,,1.0,,,,,,,,,,,,,
656,PT01M19.00S,2024-04-10T01:22:15.9Z,4,REGULAR,substitution,out,[],1626166,,,1610612755,119,97,2024-04-10T01:22:19Z,6490000,False,,,0,,SUB out: C. Payne,[1626166],1610612755.0,PHI,,,,Payne,C. Payne,,,,,,,,,,,,,,,,,,,,,,,,,,
657,PT01M19.00S,2024-04-10T01:22:15.9Z,4,REGULAR,substitution,in,[],1630288,,,1610612755,119,97,2024-04-10T01:22:19Z,6500000,False,,,0,,SUB in: J. Dowtin Jr.,[1630288],1610612755.0,PHI,,,,Dowtin Jr.,J. Dowtin Jr.,,,,,,,,,,,,,,,,,,,,,,,,,,
658,PT01M19.00S,2024-04-10T01:22:32.0Z,4,REGULAR,freethrow,2 of 2,[],1628964,,,1610612755,120,97,2024-04-10T01:22:32Z,6510000,False,,,0,,M. Bamba Free Throw 2 of 2 (2 PTS),[1628964],1610612755.0,PHI,,,,Bamba,M. Bamba,,,,,,,,Made,,,,,2.0,,,,,,,,,,,,,
659,PT01M06.00S,2024-04-10T01:22:47.1Z,4,REGULAR,2pt,Hook,['pointsinthepaint'],1630164,10.82457293035479,57.1078431372549,1610612765,120,97,2024-04-10T01:22:53Z,6520000,False,-36.0,49.0,1,left,MISS J. Wiseman 6' driving Hook - blocked,"[1630164, 1628964]",1610612765.0,DET,driving,,,Wiseman,J. Wiseman,,,,,In The Paint (Non-RA),0-8 Center,6.08,Missed,,,,,,,,,,,,,,,,,Bamba,1628964.0
660,PT01M06.00S,2024-04-10T01:22:47.1Z,4,REGULAR,block,,[],1628964,,,1610612765,120,97,2024-04-10T01:22:49Z,6530000,False,,,0,,M. Bamba BLOCK (1 BLK),[1628964],1610612755.0,PHI,,,,Bamba,M. Bamba,,,,,In The Paint (Non-RA),0-8 Center,,,,,,,,,,,,,,,,,,,,
661,PT01M06.00S,2024-04-10T01:22:47.1Z,4,REGULAR,rebound,offensive,['team'],0,,,1610612765,120,97,2024-04-10T01:22:53Z,6540000,False,,,0,,TEAM offensive REBOUND,[],1610612765.0,DET,,,,,,,,,,In The Paint (Non-RA),0-8 Center,,,659.0,,,,,,,,,,,,,,,,,
663,PT01M04.00S,2024-04-10T01:23:08.2Z,4,REGULAR,3pt,Jump Shot,['2ndchance'],1631205,9.116294349540084,1.7156862745098067,1610612765,120,97,2024-04-10T01:23:16Z,6560000,False,241.0,33.0,1,left,MISS B. Boeheim 24' 3PT,[1631205],1610612765.0,DET,,,,Boeheim,B. Boeheim,,,,,Right Corner 3,24+ Right,24.37,Missed,,,,,,,,,,,,,,,,,,
664,PT00M58.50S,2024-04-10T01:23:13.7Z,4,REGULAR,rebound,offensive,[],1630164,,,1610612765,120,97,2024-04-10T01:23:16Z,6570000,False,,,0,,J. Wiseman REBOUND (Off:1 Def:5),[1630164],1610612765.0,DET,,,,Wiseman,J. Wiseman,,,,,Right Corner 3,24+ Right,,,663.0,6.0,5.0,1.0,,,,,,,,,,,,,,
665,PT00M57.80S,2024-04-10T01:23:16.5Z,4,REGULAR,foul,personal,[],1631173,,,1610612765,120,97,2024-04-10T01:23:24Z,6580000,False,,,0,,T. Smith personal FOUL (1 PF),"[1631173, 1629002]",1610612755.0,PHI,,,,Smith,T. Smith,,,,,Mid-Range,8-16 Left,,,,,,,,,,,,,,1198.0,1.0,0.0,Metu,1629002.0,,
667,PT00M53.10S,2024-04-10T01:23:35.9Z,4,REGULAR,3pt,Jump Shot,['2ndchance'],1630201,26.461892247043366,84.80392156862746,1610612765,120,100,2024-04-10T01:23:40Z,6600000,False,-174.0,196.0,1,left,M. Flynn 26' 3PT pullup (12 PTS),[1630201],1610612765.0,DET,pullup,,,Flynn,M. Flynn,,,,,Above the Break 3,24+ Left Center,26.22,Made,,,,,12.0,,,,,,,,,,,,,
668,PT00M42.80S,2024-04-10T01:23:48.2Z,4,REGULAR,2pt,Jump Shot,[],1628964,76.13337713534823,39.950980392156865,1610612755,120,100,2024-04-10T01:23:53Z,6610000,False,-50.0,172.0,1,right,MISS M. Bamba 17' Jump Shot,[1628964],1610612755.0,PHI,,,,Bamba,M. Bamba,,,,,Mid-Range,16-24 Center,17.9,Missed,,,,,,,,,,,,,,,,,,
669,PT00M39.50S,2024-04-10T01:23:51.5Z,4,REGULAR,rebound,defensive,[],1629002,,,1610612765,120,100,2024-04-10T01:23:53Z,6620000,False,,,0,,C. Metu REBOUND (Off:3 Def:8),[1629002],1610612765.0,DET,,,,Metu,C. Metu,,,,,Mid-Range,16-24 Center,,,668.0,11.0,8.0,3.0,,,,,,,,,,,,,,
670,PT00M26.60S,2024-04-10T01:24:06.0Z,4,REGULAR,foul,personal,"['inpenalty', '2freethrow']",1628964,,,1610612765,120,100,2024-04-10T01:24:12Z,6630000,False,,,0,,M. Bamba shooting personal FOUL (1 PF) (Wiseman 2 FT),"[1628964, 1630164]",1610612755.0,PHI,shooting,,,Bamba,M. Bamba,,,,,In The Paint (Non-RA),0-8 Center,,,,,,,,,,,,,,1198.0,1.0,0.0,Wiseman,1630164.0,,
672,PT00M26.60S,2024-04-10T01:24:27.3Z,4,REGULAR,freethrow,1 of 2,[],1630164,,,1610612765,120,101,2024-04-10T01:24:27Z,6650000,False,,,0,,J. Wiseman Free Throw 1 of 2 (7 PTS),[1630164],1610612765.0,DET,,,,Wiseman,J. Wiseman,,,,,,,,Made,,,,,7.0,,,,,,,,,,,,,
673,PT00M26.60S,2024-04-10T01:24:41.8Z,4,REGULAR,freethrow,2 of 2,[],1630164,,,1610612765,120,102,2024-04-10T01:24:41Z,6660000,False,,,0,,J. Wiseman Free Throw 2 of 2 (8 PTS),[1630164],1610612765.0,DET,,,,Wiseman,J. Wiseman,,,,,,,,Made,,,,,8.0,,,,,,,,,,,,,
674,PT00M02.60S,2024-04-10T01:25:05.7Z,4,REGULAR,turnover,shot clock,['team'],0,,,1610612755,120,102,2024-04-10T01:25:25Z,6670000,False,,,0,,PHI shot clock Team TURNOVER,[],1610612755.0,PHI,,,,,,,,,,Mid-Range,16-24 Right,,,,,,,,,,,,,,1148.0,,,,,,
675,PT00M00.00S,2024-04-10T01:25:31.8Z,4,REGULAR,period,end,[],0,,,1610612765,120,102,2024-04-10T01:25:31Z,6680000,False,,,0,,Period End,[],,,,,,,,,,,,,,,,,,,,,,,,,,,,,,,,,
676,PT00M00.00S,2024-04-10T01:25:45.9Z,4,REGULAR,game,end,[],0,,,0,120,102,2024-04-10T01:25:45Z,6690000,False,,,0,,Game End,[],,,,,,,,,,,,,,,,,,,,,,,,,,,,,,,,,
