actionNumber,clock,timeActual,period,periodType,actionType,subType,qualifiers,personId,x,y,possession,scoreHome,scoreAway,edited,orderNumber,isTargetScoreLastPeriod,xLegacy,yLegacy,isFieldGoal,side,description,personIdsFilter,teamId,teamTricode,descriptor,jumpBallRecoveredName,jumpBallRecoverdPersonId,playerName,playerNameI,jumpBallWonPlayerName,jumpBallWonPersonId,jumpBallLostPlayerName,jumpBallLostPersonId,area,areaDetail,shotDistance,shotResult,pointsTotal,assistPlayerNameInitial,assistPersonId,assistTotal,officialId,foulPersonalTotal,foulTechnicalTotal,foulDrawnPlayerName,foulDrawnPersonId,shotActionNumber,reboundTotal,reboundDefensiveTotal,reboundOffensiveTotal,blockPlayerName,blockPersonId,turnoverTotal,stealPlayerName,stealPersonId
2,PT12M00.00S,2024-12-16T01:40:45.8Z,1,REGULAR,period,start,[],0,,,0,0,0,2024-12-16T01:40:45Z,20000,False,,,0,,Period Start,[],,,,,,,,,,,,,,,,,,,,,,,,,,,,,,,,,
4,PT12M00.00S,2024-12-16T01:40:47.0Z,1,REGULAR,jumpball,recovered,[],1629029,,,1610612742,0,0,2024-12-16T01:40:47Z,40000,False,,,0,,Jump Ball D. Lively II vs. K. Looney: Tip to L. Dončić,"[1629029, 1641726, 1626172]",1610612742.0,DAL,startperiod,L. Dončić,1629029.0,Dončić,L. Dončić,Lively II,1641726.0,Looney,1626172.0,,,,,,,,,,,,,,,,,,,,,,
7,PT11M44.00S,2024-12-16T01:41:01.6Z,1,REGULAR,2pt,Layup,['pointsinthepaint'],1629023,5.863994743758213,37.254901960784316,1610612742,0,2,2024-12-16T01:43:07Z,70000,False,64.0,3.0,1,left,P. Washington 6' driving Layup (2 PTS) (L. Dončić 1 AST),"[1629023, 1629029]",1610612742.0,DAL,driving,,,Washington,P. Washington,,,,,In The Paint (Non-RA),0-8 Center,6.38,Made,2.0,L. Dončić,1629029.0,1.0,,,,,,,,,,,,,,
8,PT11M21.00S,2024-12-16T01:41:23.6Z,1,REGULAR,3pt,Jump Shot,[],203952,69.20170827858082,74.50980392156863,1610612744,3,2,2024-12-16T01:41:34Z,80000,False,123.0,237.0,1,right,A. Wiggins 26' 3PT  (3 PTS) (K. Looney 1 AST),"[203952, 1626172]",1610612744.0,GSW,,,,Wiggins,A. Wiggins,,,,,Above the Break 3,24+ Right Center,26.68,Made,3.0,K. Looney,1626172.0,1.0,,,,,,,,,,,,,,
10,PT11M05.00S,2024-12-16T01:41:41.8Z,1,REGULAR,foul,personal,[],1630228,,,1610612742,3,2,2024-12-16T01:41:54Z,100000,False,,,0,,J. Kuminga personal FOUL (1 PF),"[1630228, 1629023]",1610612744.0,GSW,,,,Kuminga,J. Kuminga,,,,,In The Paint (Non-RA),0-8 Center,,,,,,,2002.0,1.0,0.0,Washington,1629023.0,,,,,,,,,
12,PT11M01.00S,2024-12-16T01:42:01.1Z,1,REGULAR,2pt,Layup,['pointsinthepaint'],1641726,5.995400788436268,55.63725490196079,1610612742,3,4,2024-12-16T01:42:22Z,120000,False,-28.0,4.0,1,left,D. Lively II cutting Layup (2 PTS) (K. Thompson 1 AST),"[1641726, 202691]",1610612742.0,DAL,cutting,,,Lively II,D. Lively II,,,,,Restricted Area,0-8 Center,2.85,Made,2.0,K. Thompson,202691.0,1.0,,,,,,,,,,,,,,
14,PT10M52.00S,2024-12-16T01:42:09.0Z,1,REGULAR,2pt,Layup,['pointsinthepaint'],1630228,91.93495400788436,41.66666666666667,1610612744,3,4,2024-12-16T01:42:37Z,140000,False,-42.0,23.0,1,right,MISS J. Kuminga driving Layup,[1630228],1610612744.0,GSW,driving,,,Kuminga,J. Kuminga,,,,,In The Paint (Non-RA),0-8 Center,4.78,Missed,,,,,,,,,,,,,,,,,,
15,PT10M52.00S,2024-12-16T01:42:09.0Z,1,REGULAR,rebound,defensive,[],1641726,,,1610612742,3,4,2024-12-16T01:42:23Z,150000,False,,,0,,D. Lively II REBOUND (Off:0 Def:1),[1641726],1610612742.0,DAL,,,,Lively II,D. Lively II,,,,,In The Paint (Non-RA),0-8 Center,,,,,,,,,,,,14.0,1.0,1.0,0.0,,,,,
16,PT10M39.00S,2024-12-16T01:42:21.8Z,1,REGULAR,2pt,Jump Shot,[],1629029,21.632720105124836,48.77450980392157,1610612742,3,6,2024-12-16T01:42:37Z,160000,False,6.0,151.0,1,left,L. Dončić 15' step back Jump Shot (2 PTS),[1629029],1610612742.0,DAL,step back,,,Dončić,L. Dončić,,,,,Mid-Range,8-16 Center,15.09,Made,2.0,,,,,,,,,,,,,,,,,
17,PT10M22.00S,2024-12-16T01:42:39.9Z,1,REGULAR,3pt,Jump Shot,[],203952,74.45795006570303,14.215686274509803,1610612744,3,6,2024-12-16T01:42:49Z,170000,False,-179.0,188.0,1,right,MISS A. Wiggins 25' 3PT,[203952],1610612744.0,GSW,,,,Wiggins,A. Wiggins,,,,,Above the Break 3,24+ Left Center,25.92,Missed,,,,,,,,,,,,,,,,,,
18,PT10M19.00S,2024-12-16T01:42:42.9Z,1,REGULAR,rebound,defensive,[],1641726,,,1610612742,3,6,2024-12-16T01:42:49Z,180000,False,,,0,,D. Lively II REBOUND (Off:0 Def:2),[1641726],1610612742.0,DAL,,,,Lively II,D. Lively II,,,,,Above the Break 3,24+ Left Center,,,,,,,,,,,,17.0,2.0,2.0,0.0,,,,,
19,PT10M08.00S,2024-12-16T01:42:53.4Z,1,REGULAR,3pt,Jump Shot,[],1629029,29.122864651773984,11.519607843137255,1610612742,3,9,2024-12-16T01:42:58Z,190000,False,192.0,221.0,1,left,L. Dončić 29' 3PT  (5 PTS) (D. Lively II 1 AST),"[1629029, 1641726]",1610612742.0,DAL,,,,Dončić,L. Dončić,,,,,Above the Break 3,24+ Right Center,29.32,Made,5.0,D. Lively II,1641726.0,1.0,,,,,,,,,,,,,,
21,PT09M51.00S,2024-12-16T01:43:11.9Z,1,REGULAR,2pt,Layup,['pointsinthepaint'],203952,90.48948751642575,50.49019607843137,1610612744,5,9,2024-12-16T01:43:24Z,210000,False,2.0,37.0,1,right,A. Wiggins driving Layup (5 PTS) (K. Looney 2 AST),"[203952, 1626172]",1610612744.0,GSW,driving,,,Wiggins,A. Wiggins,,,,,Restricted Area,0-8 Center,3.7,Made,5.0,K. Looney,1626172.0,2.0,,,,,,,,,,,,,,
22,PT09M51.00S,2024-12-16T01:43:14.9Z,1,REGULAR,foul,personal,['1freethrow'],1641726,,,1610612744,5,9,2024-12-16T01:43:21Z,220000,False,,,0,,D. Lively II shooting personal FOUL (1 PF) (Wiggins 1 FT),"[1641726, 203952]",1610612742.0,DAL,shooting,,,Lively II,D. Lively II,,,,,Restricted Area,0-8 Center,,,,,,,2002.0,1.0,0.0,Wiggins,203952.0,,,,,,,,,
24,PT09M51.00S,2024-12-16T01:43:41.1Z,1,REGULAR,freethrow,1 of 1,[],203952,,,1610612744,5,9,2024-12-16T01:43:41Z,240000,False,,,0,,MISS A. Wiggins Free Throw 1 of 1,[203952],1610612744.0,GSW,,,,Wiggins,A. Wiggins,,,,,,,,Missed,,,,,,,,,,,,,,,,,,
25,PT09M49.00S,2024-12-16T01:43:43.1Z,1,REGULAR,rebound,defensive,[],1629029,,,1610612742,5,9,2024-12-16T01:43:46Z,250000,False,,,0,,L. Dončić REBOUND (Off:0 Def:1),[1629029],1610612742.0,DAL,,,,Dončić,L. Dončić,,,,,,,,,,,,,,,,,,24.0,1.0,1.0,0.0,,,,,
26,PT09M43.00S,2024-12-16T01:43:48.4Z,1,REGULAR,2pt,Jump Shot,"['pointsinthepaint', 'fastbreak']",1629029,17.821944809461236,43.627450980392155,1610612742,5,11,2024-12-16T01:44:33Z,260000,False,32.0,115.0,1,left,L. Dončić 11' running pullup Jump Shot (7 PTS),[1629029],1610612742.0,DAL,running pullup,,,Dončić,L. Dončić,,,,,In The Paint (Non-RA),8-16 Center,11.93,Made,7.0,,,,,,,,,,,,,,,,,
27,PT09M32.00S,2024-12-16T01:43:59.8Z,1,REGULAR,2pt,Jump Shot,['pointsinthepaint'],1630228,80.76544021024968,43.627450980392155,1610612744,7,11,2024-12-16T01:44:51Z,270000,False,-32.0,128.0,1,right,J. Kuminga 13' step back Jump Shot (2 PTS) (K. Looney 3 AST),"[1630228, 1626172]",1610612744.0,GSW,step back,,,Kuminga,J. Kuminga,,,,,In The Paint (Non-RA),8-16 Center,13.22,Made,2.0,K. Looney,1626172.0,3.0,,,,,,,,,,,,,,
29,PT09M18.00S,2024-12-16T01:44:13.2Z,1,REGULAR,3pt,Jump Shot,[],1629029,25.18068331143233,86.27450980392157,1610612742,7,14,2024-12-16T01:44:23Z,290000,False,-181.0,184.0,1,left,L. Dončić 25' 3PT step back (10 PTS),[1629029],1610612742.0,DAL,step back,,,Dončić,L. Dončić,,,,,Above the Break 3,24+ Left Center,25.85,Made,10.0,,,,,,,,,,,,,,,,,
30,PT09M12.00S,2024-12-16T01:44:21.9Z,1,REGULAR,foul,personal,['2freethrow'],1629029,,,1610612744,7,14,2024-12-16T01:44:30Z,300000,False,,,0,,L. Dončić shooting personal FOUL (1 PF) (Wiggins 2 FT),"[1629029, 203952]",1610612742.0,DAL,shooting,,,Dončić,L. Dončić,,,,,Restricted Area,0-8 Center,,,,,,,204058.0,1.0,0.0,Wiggins,203952.0,,,,,,,,,
32,PT09M12.00S,2024-12-16T01:44:50.0Z,1,REGULAR,freethrow,1 of 2,[],203952,,,1610612744,8,14,2024-12-16T01:44:50Z,320000,False,,,0,,A. Wiggins Free Throw 1 of 2 (6 PTS),[203952],1610612744.0,GSW,,,,Wiggins,A. Wiggins,,,,,,,,Made,6.0,,,,,,,,,,,,,,,,,
33,PT09M12.00S,2024-12-16T01:45:06.4Z,1,REGULAR,freethrow,2 of 2,[],203952,,,1610612744,9,14,2024-12-16T01:45:06Z,330000,False,,,0,,A. Wiggins Free Throw 2 of 2 (7 PTS),[203952],1610612744.0,GSW,,,,Wiggins,A. Wiggins,,,,,,,,Made,7.0,,,,,,,,,,,,,,,,,
34,PT09M01.00S,2024-12-16T01:45:19.3Z,1,REGULAR,2pt,Layup,['pointsinthepaint'],202681,6.521024967148489,57.59803921568627,1610612742,9,16,2024-12-16T01:45:42Z,340000,False,-38.0,9.0,1,left,K. Irving driving finger roll Layup (2 PTS),[202681],1610612742.0,DAL,driving finger roll,,,Irving,K. Irving,,,,,Restricted Area,0-8 Center,3.9,Made,2.0,,,,,,,,,,,,,,,,,
35,PT08M37.00S,2024-12-16T01:45:42.3Z,1,REGULAR,2pt,Layup,['pointsinthepaint'],1630228,94.03745072273325,43.13725490196079,1610612744,9,16,2024-12-16T01:45:53Z,350000,False,-34.0,4.0,1,right,MISS J. Kuminga driving Layup - blocked,"[1630228, 1629023]",1610612744.0,GSW,driving,,,Kuminga,J. Kuminga,,,,,Restricted Area,0-8 Center,3.45,Missed,,,,,,,,,,,,,,Washington,1629023.0,,,
36,PT08M37.00S,2024-12-16T01:45:42.3Z,1,REGULAR,block,,[],1629023,,,1610612744,9,16,2024-12-16T01:45:44Z,360000,False,,,0,,P. Washington BLOCK (1 BLK),[1629023],1610612742.0,DAL,,,,Washington,P. Washington,,,,,Restricted Area,0-8 Center,,,,,,,,,,,,,,,,,,,,
37,PT08M37.00S,2024-12-16T01:45:42.3Z,1,REGULAR,rebound,offensive,['team'],0,,,1610612744,9,16,2024-12-16T01:45:53Z,370000,False,,,0,,TEAM offensive REBOUND,[],1610612744.0,GSW,,,,,,,,,,Restricted Area,0-8 Center,,,,,,,,,,,,35.0,,,,,,,,
39,PT08M34.00S,2024-12-16T01:45:58.6Z,1,REGULAR,turnover,lost ball,[],1627741,,,1610612744,9,16,2024-12-16T01:49:29Z,390000,False,,,0,,B. Hield lost ball TURNOVER (1 TO),"[1627741, 1629029]",1610612744.0,GSW,,,,Hield,B. Hield,,,,,In The Paint (Non-RA),0-8 Center,,,,,,,,,,,,,,,,,,1.0,Dončić,1629029.0
40,PT08M34.00S,2024-12-16T01:45:58.6Z,1,REGULAR,steal,,[],1629029,,,1610612742,9,16,2024-12-16T01:45:59Z,400000,False,,,0,,L. Dončić STEAL (1 STL),[1629029],1610612742.0,DAL,,,,Dončić,L. Dončić,,,,,In The Paint (Non-RA),0-8 Center,,,,,,,,,,,,,,,,,,,,
41,PT08M30.00S,2024-12-16T01:46:02.9Z,1,REGULAR,3pt,Jump Shot,"['fromturnover', 'fastbreak']",202681,15.850854139290407,5.147058823529411,1610612742,9,19,2024-12-16T01:46:47Z,410000,False,224.0,96.0,1,left,K. Irving 24' 3PT running (5 PTS) (L. Dončić 2 AST),"[202681, 1629029]",1610612742.0,DAL,running,,,Irving,K. Irving,,,,,Above the Break 3,24+ Right Center,24.42,Made,5.0,L. Dončić,1629029.0,2.0,,,,,,,,,,,,,,
43,PT08M06.00S,2024-12-16T01:46:26.4Z,1,REGULAR,2pt,Layup,['pointsinthepaint'],203952,94.30026281208936,57.107843137254896,1610612744,11,19,2024-12-16T01:46:51Z,430000,False,36.0,1.0,1,right,A. Wiggins driving Layup (9 PTS),[203952],1610612744.0,GSW,driving,,,Wiggins,A. Wiggins,,,,,Restricted Area,0-8 Center,3.55,Made,9.0,,,,,,,,,,,,,,,,,
44,PT07M58.00S,2024-12-16T01:46:36.3Z,1,REGULAR,foul,personal,['2freethrow'],201939,,,1610612742,11,19,2024-12-16T01:46:42Z,440000,False,,,0,,S. Curry shooting personal FOUL (1 PF) (Irving 2 FT),"[201939, 202681]",1610612744.0,GSW,shooting,,,Curry,S. Curry,,,,,In The Paint (Non-RA),0-8 Center,,,,,,,204058.0,1.0,0.0,Irving,202681.0,,,,,,,,,
46,PT07M58.00S,2024-12-16T01:47:13.3Z,1,REGULAR,freethrow,1 of 2,[],202681,,,1610612742,11,20,2024-12-16T01:48:14Z,460000,False,,,0,,K. Irving Free Throw 1 of 2 (6 PTS),[202681],1610612742.0,DAL,,,,Irving,K. Irving,,,,,,,,Made,6.0,,,,,,,,,,,,,,,,,
47,PT07M58.00S,2024-12-16T01:47:13.3Z,1,REGULAR,freethrow,2 of 2,[],202681,,,1610612742,11,20,2024-12-16T01:48:14Z,470000,False,,,0,,MISS K. Irving Free Throw 2 of 2,[202681],1610612742.0,DAL,,,,Irving,K. Irving,,,,,,,,Missed,,,,,,,,,,,,,,,,,,
48,PT07M57.00S,2024-12-16T01:47:14.3Z,1,REGULAR,rebound,defensive,[],1626172,,,1610612744,11,20,2024-12-16T01:48:14Z,480000,False,,,0,,K. Looney REBOUND (Off:0 Def:1),[1626172],1610612744.0,GSW,,,,Looney,K. Looney,,,,,,,,,,,,,,,,,,47.0,1.0,1.0,0.0,,,,,
49,PT07M40.00S,2024-12-16T01:47:52.0Z,1,REGULAR,turnover,lost ball,[],201939,,,1610612744,11,20,2024-12-16T01:48:21Z,490000,False,,,0,,S. Curry lost ball TURNOVER (1 TO),"[201939, 202691]",1610612744.0,GSW,,,,Curry,S. Curry,,,,,Above the Break 3,24+ Center,,,,,,,,,,,,,,,,,,1.0,Thompson,202691.0
50,PT07M40.00S,2024-12-16T01:47:52.0Z,1,REGULAR,steal,,[],202691,,,1610612742,11,20,2024-12-16T01:47:54Z,500000,False,,,0,,K. Thompson STEAL (1 STL),[202691],1610612742.0,DAL,,,,Thompson,K. Thompson,,,,,Above the Break 3,24+ Center,,,,,,,,,,,,,,,,,,,,
51,PT07M38.00S,2024-12-16T01:47:56.5Z,1,REGULAR,2pt,Layup,"['pointsinthepaint', 'fromturnover', 'fastbreak']",1629029,6.1268068331143235,57.84313725490197,1610612742,11,22,2024-12-16T01:48:43Z,510000,False,-39.0,5.0,1,left,L. Dončić running reverse Layup (12 PTS) (K. Thompson 2 AST),"[1629029, 202691]",1610612742.0,DAL,running reverse,,,Dončić,L. Dončić,,,,,Restricted Area,0-8 Center,3.95,Made,12.0,K. Thompson,202691.0,2.0,,,,,,,,,,,,,,
53,PT07M38.00S,2024-12-16T01:48:00.6Z,1,REGULAR,foul,personal,['1freethrow'],1627741,,,1610612742,11,22,2024-12-16T01:48:12Z,530000,False,,,0,,B. Hield shooting personal FOUL (1 PF) (Dončić 1 FT),"[1627741, 1629029]",1610612744.0,GSW,shooting,,,Hield,B. Hield,,,,,Restricted Area,0-8 Center,,,,,,,2002.0,1.0,0.0,Dončić,1629029.0,,,,,,,,,
55,PT07M38.00S,2024-12-16T01:48:10.8Z,1,REGULAR,timeout,full,"['team', 'mandatory']",0,,,1610612742,11,22,2024-12-16T01:48:14Z,550000,False,,,0,,GSW Timeout,[],1610612744.0,GSW,,,,,,,,,,,,,,,,,,,,,,,,,,,,,,,
57,PT07M38.00S,2024-12-16T01:50:35.9Z,1,REGULAR,substitution,out,[],1630228,,,1610612742,11,22,2024-12-16T01:50:51Z,560000,False,,,0,,SUB out: J. Kuminga,[1630228],1610612744.0,GSW,,,,Kuminga,J. Kuminga,,,,,,,,,,,,,,,,,,,,,,,,,,
58,PT07M38.00S,2024-12-16T01:50:35.9Z,1,REGULAR,substitution,in,[],203110,,,1610612742,11,22,2024-12-16T01:50:51Z,570000,False,,,0,,SUB in: D. Green,[203110],1610612744.0,GSW,,,,Green,D. Green,,,,,,,,,,,,,,,,,,,,,,,,,,
59,PT07M38.00S,2024-12-16T01:51:17.8Z,1,REGULAR,freethrow,1 of 1,"['fromturnover', 'fastbreak']",1629029,,,1610612742,11,23,2024-12-16T01:51:17Z,580000,False,,,0,,L. Dončić Free Throw 1 of 1 (13 PTS),[1629029],1610612742.0,DAL,,,,Dončić,L. Dončić,,,,,,,,Made,13.0,,,,,,,,,,,,,,,,,
60,PT07M28.00S,2024-12-16T01:51:28.9Z,1,REGULAR,3pt,Jump Shot,[],201939,70.12155059132719,86.02941176470588,1610612744,14,23,2024-12-16T01:51:35Z,590000,False,180.0,228.0,1,right,S. Curry 29' 3PT pullup (3 PTS),[201939],1610612744.0,GSW,pullup,,,Curry,S. Curry,,,,,Above the Break 3,24+ Right Center,29.09,Made,3.0,,,,,,,,,,,,,,,,,
61,PT07M13.00S,2024-12-16T01:51:44.5Z,1,REGULAR,3pt,Jump Shot,[],1629029,30.962549277266753,8.823529411764707,1610612742,14,23,2024-12-16T01:51:54Z,600000,False,206.0,239.0,1,left,MISS L. Dončić 31' 3PT,[1629029],1610612742.0,DAL,,,,Dončić,L. Dončić,,,,,Above the Break 3,24+ Right Center,31.51,Missed,,,,,,,,,,,,,,,,,,
62,PT07M09.00S,2024-12-16T01:51:48.5Z,1,REGULAR,rebound,offensive,[],202681,,,1610612742,14,23,2024-12-16T01:51:54Z,610000,False,,,0,,K. Irving REBOUND (Off:1 Def:0),[202681],1610612742.0,DAL,,,,Irving,K. Irving,,,,,Above the Break 3,24+ Right Center,,,,,,,,,,,,61.0,1.0,0.0,1.0,,,,,
63,PT07M08.00S,2024-12-16T01:51:48.7Z,1,REGULAR,3pt,Jump Shot,['2ndchance'],202691,30.699737187910642,70.83333333333334,1610612742,14,26,2024-12-16T01:51:56Z,620000,False,-104.0,236.0,1,left,K. Thompson 25' 3PT  (3 PTS) (K. Irving 1 AST),"[202691, 202681]",1610612742.0,DAL,,,,Thompson,K. Thompson,,,,,Above the Break 3,24+ Left Center,25.81,Made,3.0,K. Irving,202681.0,1.0,,,,,,,,,,,,,,
65,PT06M53.00S,2024-12-16T01:52:03.3Z,1,REGULAR,2pt,Layup,['pointsinthepaint'],203110,92.59198423127464,56.127450980392155,1610612744,14,26,2024-12-16T01:52:36Z,640000,False,31.0,17.0,1,right,MISS D. Green cutting finger roll Layup,[203110],1610612744.0,GSW,cutting finger roll,,,Green,D. Green,,,,,Restricted Area,0-8 Center,3.51,Missed,,,,,,,,,,,,,,,,,,
66,PT06M51.00S,2024-12-16T01:52:05.3Z,1,REGULAR,rebound,defensive,[],1629029,,,1610612742,14,26,2024-12-16T01:52:14Z,650000,False,,,0,,L. Dončić REBOUND (Off:0 Def:2),[1629029],1610612742.0,DAL,,,,Dončić,L. Dončić,,,,,Restricted Area,0-8 Center,,,,,,,,,,,,65.0,2.0,2.0,0.0,,,,,
67,PT06M48.00S,2024-12-16T01:52:08.4Z,1,REGULAR,3pt,Jump Shot,['fastbreak'],202691,26.757555847568987,85.5392156862745,1610612742,14,26,2024-12-16T01:53:00Z,660000,False,-178.0,199.0,1,left,MISS K. Thompson 26' running 3PT,[202691],1610612742.0,DAL,running,,,Thompson,K. Thompson,,,,,Above the Break 3,24+ Left Center,26.68,Missed,,,,,,,,,,,,,,,,,,
68,PT06M45.00S,2024-12-16T01:52:11.6Z,1,REGULAR,rebound,offensive,[],1629023,,,1610612742,14,26,2024-12-16T01:52:11Z,670000,False,,,0,,P. Washington REBOUND (Off:1 Def:0),[1629023],1610612742.0,DAL,,,,Washington,P. Washington,,,,,Above the Break 3,24+ Left Center,,,,,,,,,,,,67.0,1.0,0.0,1.0,,,,,
69,PT06M42.00S,2024-12-16T01:52:14.3Z,1,REGULAR,3pt,Jump Shot,['2ndchance'],202691,29.6484888304862,78.43137254901961,1610612742,14,29,2024-12-16T01:52:29Z,680000,False,-142.0,226.0,1,left,K. Thompson 26' 3PT  (6 PTS) (K. Irving 2 AST),"[202691, 202681]",1610612742.0,DAL,,,,Thompson,K. Thompson,,,,,Above the Break 3,24+ Left Center,26.72,Made,6.0,K. Irving,202681.0,2.0,,,,,,,,,,,,,,
71,PT06M16.00S,2024-12-16T01:52:40.4Z,1,REGULAR,2pt,Layup,['pointsinthepaint'],1626172,92.9862023653088,54.90196078431373,1610612744,16,29,2024-12-16T01:53:19Z,700000,False,25.0,13.0,1,right,K. Looney reverse Layup (2 PTS) (A. Wiggins 1 AST),"[1626172, 203952]",1610612744.0,GSW,reverse,,,Looney,K. Looney,,,,,Restricted Area,0-8 Center,2.79,Made,2.0,A. Wiggins,203952.0,1.0,,,,,,,,,,,,,,
73,PT06M01.00S,2024-12-16T01:52:56.0Z,1,REGULAR,2pt,Jump Shot,['pointsinthepaint'],202681,18.2161629434954,48.77450980392157,1610612742,16,29,2024-12-16T01:53:03Z,720000,False,6.0,119.0,1,left,MISS K. Irving 11' pullup Shot,[202681],1610612742.0,DAL,pullup,,,Irving,K. Irving,,,,,In The Paint (Non-RA),8-16 Center,11.89,Missed,,,,,,,,,,,,,,,,,,
74,PT05M57.00S,2024-12-16T01:53:00.0Z,1,REGULAR,rebound,defensive,[],1626172,,,1610612744,16,29,2024-12-16T01:53:03Z,730000,False,,,0,,K. Looney REBOUND (Off:0 Def:2),[1626172],1610612744.0,GSW,,,,Looney,K. Looney,,,,,In The Paint (Non-RA),8-16 Center,,,,,,,,,,,,73.0,2.0,2.0,0.0,,,,,
75,PT05M49.00S,2024-12-16T01:53:07.8Z,1,REGULAR,3pt,Jump Shot,[],203110,73.27529566360053,89.4607843137255,1610612744,16,29,2024-12-16T01:53:15Z,740000,False,197.0,199.0,1,right,MISS D. Green 28' 3PT,[203110],1610612744.0,GSW,,,,Green,D. Green,,,,,Above the Break 3,24+ Right Center,28.0,Missed,,,,,,,,,,,,,,,,,,
76,PT05M45.00S,2024-12-16T01:53:11.8Z,1,REGULAR,rebound,defensive,[],202681,,,1610612742,16,29,2024-12-16T01:53:15Z,750000,False,,,0,,K. Irving REBOUND (Off:1 Def:1),[202681],1610612742.0,DAL,,,,Irving,K. Irving,,,,,Above the Break 3,24+ Right Center,,,,,,,,,,,,75.0,2.0,1.0,1.0,,,,,
77,PT05M37.00S,2024-12-16T01:53:19.5Z,1,REGULAR,2pt,Jump Shot,[],1629029,5.995400788436268,27.696078431372552,1610612742,16,31,2024-12-16T01:54:02Z,760000,False,112.0,4.0,1,left,L. Dončić 11' driving floating Jump Shot (15 PTS),[1629029],1610612742.0,DAL,driving floating,,,Dončić,L. Dončić,,,,,Mid-Range,8-16 Right,11.16,Made,15.0,,,,,,,,,,,,,,,,,
78,PT05M32.00S,2024-12-16T01:53:25.4Z,1,REGULAR,3pt,Jump Shot,[],1627741,76.03482260183968,10.784313725490197,1610612744,16,31,2024-12-16T01:54:12Z,770000,False,-196.0,173.0,1,right,MISS B. Hield 26' pullup 3PT,[1627741],1610612744.0,GSW,pullup,,,Hield,B. Hield,,,,,Above the Break 3,24+ Left Center,26.14,Missed,,,,,,,,,,,,,,,,,,
79,PT05M32.00S,2024-12-16T01:53:25.4Z,1,REGULAR,rebound,offensive,['team'],0,,,1610612744,16,31,2024-12-16T01:53:56Z,780000,False,,,0,,TEAM offensive REBOUND,[],1610612744.0,GSW,,,,,,,,,,Above the Break 3,24+ Left Center,,,,,,,,,,,,78.0,,,,,,,,
81,PT05M29.00S,2024-12-16T01:53:31.5Z,1,REGULAR,substitution,out,[],1626172,,,1610612744,16,31,2024-12-16T01:53:48Z,800000,False,,,0,,SUB out: K. Looney,[1626172],1610612744.0,GSW,,,,Looney,K. Looney,,,,,,,,,,,,,,,,,,,,,,,,,,
82,PT05M29.00S,2024-12-16T01:53:31.5Z,1,REGULAR,substitution,out,[],201939,,,1610612744,16,31,2024-12-16T01:53:48Z,810000,False,,,0,,SUB out: S. Curry,[201939],1610612744.0,GSW,,,,Curry,S. Curry,,,,,,,,,,,,,,,,,,,,,,,,,,
83,PT05M29.00S,2024-12-16T01:53:31.5Z,1,REGULAR,substitution,out,[],1641726,,,1610612744,16,31,2024-12-16T01:53:48Z,820000,False,,,0,,SUB out: D. Lively II,[1641726],1610612742.0,DAL,,,,Lively II,D. Lively II,,,,,,,,,,,,,,,,,,,,,,,,,,
84,PT05M29.00S,2024-12-16T01:53:31.5Z,1,REGULAR,substitution,out,[],1629029,,,1610612744,16,31,2024-12-16T01:53:48Z,830000,False,,,0,,SUB out: L. Dončić,[1629029],1610612742.0,DAL,,,,Dončić,L. Dončić,,,,,,,,,,,,,,,,,,,,,,,,,,
85,PT05M29.00S,2024-12-16T01:53:31.5Z,1,REGULAR,substitution,in,[],1641764,,,1610612744,16,31,2024-12-16T01:53:48Z,840000,False,,,0,,SUB in: B. Podziemski,[1641764],1610612744.0,GSW,,,,Podziemski,B. Podziemski,,,,,,,,,,,,,,,,,,,,,,,,,,
86,PT05M29.00S,2024-12-16T01:53:31.5Z,1,REGULAR,substitution,in,[],1631218,,,1610612744,16,31,2024-12-16T01:53:48Z,850000,False,,,0,,SUB in: T. Jackson-Davis,[1631218],1610612744.0,GSW,,,,Jackson-Davis,T. Jackson-Davis,,,,,,,,,,,,,,,,,,,,,,,,,,
87,PT05M29.00S,2024-12-16T01:53:31.5Z,1,REGULAR,substitution,in,[],203915,,,1610612744,16,31,2024-12-16T01:53:48Z,860000,False,,,0,,SUB in: S. Dinwiddie,[203915],1610612742.0,DAL,,,,Dinwiddie,S. Dinwiddie,,,,,,,,,,,,,,,,,,,,,,,,,,
88,PT05M29.00S,2024-12-16T01:53:31.5Z,1,REGULAR,substitution,in,[],1629655,,,1610612744,16,31,2024-12-16T01:53:48Z,870000,False,,,0,,SUB in: D. Gafford,[1629655],1610612742.0,DAL,,,,Gafford,D. Gafford,,,,,,,,,,,,,,,,,,,,,,,,,,
89,PT05M22.00S,2024-12-16T01:54:00.8Z,1,REGULAR,2pt,Hook,"['pointsinthepaint', '2ndchance']",203952,92.46057818659659,46.32352941176471,1610612744,16,31,2024-12-16T01:55:08Z,880000,False,-18.0,18.0,1,right,MISS A. Wiggins turnaround Hook - blocked,"[203952, 202691]",1610612744.0,GSW,turnaround,,,Wiggins,A. Wiggins,,,,,Restricted Area,0-8 Center,2.6,Missed,,,,,,,,,,,,,,Thompson,202691.0,,,
90,PT05M22.00S,2024-12-16T01:54:00.8Z,1,REGULAR,block,,[],202691,,,1610612744,16,31,2024-12-16T01:59:38Z,890000,False,,,0,,K. Thompson BLOCK (1 BLK),[202691],1610612742.0,DAL,,,,Thompson,K. Thompson,,,,,Restricted Area,0-8 Center,,,,,,,,,,,,,,,,,,,,
91,PT05M18.00S,2024-12-16T01:54:04.8Z,1,REGULAR,rebound,defensive,[],202691,,,1610612742,16,31,2024-12-16T01:54:14Z,900000,False,,,0,,K. Thompson REBOUND (Off:0 Def:1),[202691],1610612742.0,DAL,,,,Thompson,K. Thompson,,,,,Restricted Area,0-8 Center,,,,,,,,,,,,89.0,1.0,1.0,0.0,,,,,
92,PT05M12.00S,2024-12-16T01:54:13.6Z,1,REGULAR,foul,personal,['2freethrow'],1631218,,,1610612742,16,31,2024-12-16T01:54:25Z,910000,False,,,0,,T. Jackson-Davis shooting personal FOUL (1 PF) (Washington 2 FT),"[1631218, 1629023]",1610612744.0,GSW,shooting,,,Jackson-Davis,T. Jackson-Davis,,,,,In The Paint (Non-RA),0-8 Center,,,,,,,2530.0,1.0,0.0,Washington,1629023.0,,,,,,,,,
94,PT05M12.00S,2024-12-16T01:54:46.4Z,1,REGULAR,freethrow,1 of 2,[],1629023,,,1610612742,16,32,2024-12-16T01:54:46Z,930000,False,,,0,,P. Washington Free Throw 1 of 2 (3 PTS),[1629023],1610612742.0,DAL,,,,Washington,P. Washington,,,,,,,,Made,3.0,,,,,,,,,,,,,,,,,
95,PT05M12.00S,2024-12-16T01:54:46.9Z,1,REGULAR,substitution,out,[],203952,,,1610612742,16,32,2024-12-16T01:54:53Z,940000,False,,,0,,SUB out: A. Wiggins,[203952],1610612744.0,GSW,,,,Wiggins,A. Wiggins,,,,,,,,,,,,,,,,,,,,,,,,,,
96,PT05M12.00S,2024-12-16T01:54:46.9Z,1,REGULAR,substitution,out,[],202691,,,1610612742,16,32,2024-12-16T01:54:53Z,950000,False,,,0,,SUB out: K. Thompson,[202691],1610612742.0,DAL,,,,Thompson,K. Thompson,,,,,,,,,,,,,,,,,,,,,,,,,,
97,PT05M12.00S,2024-12-16T01:54:46.9Z,1,REGULAR,substitution,in,[],1630322,,,1610612742,16,32,2024-12-16T01:54:53Z,960000,False,,,0,,SUB in: L. Waters III,[1630322],1610612744.0,GSW,,,,Waters III,L. Waters III,,,,,,,,,,,,,,,,,,,,,,,,,,
98,PT05M12.00S,2024-12-16T01:54:46.9Z,1,REGULAR,substitution,in,[],1629656,,,1610612742,16,32,2024-12-16T01:54:53Z,970000,False,,,0,,SUB in: Q. Grimes,[1629656],1610612742.0,DAL,,,,Grimes,Q. Grimes,,,,,,,,,,,,,,,,,,,,,,,,,,
99,PT05M12.00S,2024-12-16T01:55:13.3Z,1,REGULAR,freethrow,2 of 2,[],1629023,,,1610612742,16,33,2024-12-16T01:55:13Z,980000,False,,,0,,P. Washington Free Throw 2 of 2 (4 PTS),[1629023],1610612742.0,DAL,,,,Washington,P. Washington,,,,,,,,Made,4.0,,,,,,,,,,,,,,,,,
100,PT04M52.00S,2024-12-16T01:55:36.8Z,1,REGULAR,2pt,Jump Shot,['pointsinthepaint'],1627741,81.2910643889619,48.77450980392157,1610612744,16,33,2024-12-16T01:55:43Z,990000,False,-6.0,123.0,1,right,MISS B. Hield 12' fadeaway Shot,[1627741],1610612744.0,GSW,fadeaway,,,Hield,B. Hield,,,,,In The Paint (Non-RA),8-16 Center,12.36,Missed,,,,,,,,,,,,,,,,,,
101,PT04M50.00S,2024-12-16T01:55:38.8Z,1,REGULAR,rebound,defensive,[],1629655,,,1610612742,16,33,2024-12-16T01:55:43Z,1000000,False,,,0,,D. Gafford REBOUND (Off:0 Def:1),[1629655],1610612742.0,DAL,,,,Gafford,D. Gafford,,,,,In The Paint (Non-RA),8-16 Center,,,,,,,,,,,,100.0,1.0,1.0,0.0,,,,,
102,PT04M41.00S,2024-12-16T01:55:48.1Z,1,REGULAR,3pt,Jump Shot,[],202681,31.488173455978973,14.950980392156863,1610612742,16,33,2024-12-16T01:55:57Z,1010000,False,175.0,243.0,1,left,MISS K. Irving 30' 3PT,[202681],1610612742.0,DAL,,,,Irving,K. Irving,,,,,Above the Break 3,24+ Right Center,30.0,Missed,,,,,,,,,,,,,,,,,,
103,PT04M38.00S,2024-12-16T01:55:51.1Z,1,REGULAR,rebound,offensive,[],1629655,,,1610612742,16,33,2024-12-16T01:55:51Z,1020000,False,,,0,,D. Gafford REBOUND (Off:1 Def:1),[1629655],1610612742.0,DAL,,,,Gafford,D. Gafford,,,,,Above the Break 3,24+ Right Center,,,,,,,,,,,,102.0,2.0,1.0,1.0,,,,,
104,PT04M35.00S,2024-12-16T01:55:53.0Z,1,REGULAR,2pt,Layup,"['pointsinthepaint', '2ndchance']",202681,6.915243101182654,55.14705882352941,1610612742,16,35,2024-12-16T01:56:01Z,1030000,False,-26.0,13.0,1,left,K. Irving cutting Layup (8 PTS) (D. Gafford 1 AST),"[202681, 1629655]",1610612742.0,DAL,cutting,,,Irving,K. Irving,,,,,Restricted Area,0-8 Center,2.86,Made,8.0,D. Gafford,1629655.0,1.0,,,,,,,,,,,,,,
106,PT04M24.00S,2024-12-16T01:56:04.1Z,1,REGULAR,3pt,Jump Shot,[],203110,94.03745072273325,2.696078431372549,1610612744,19,35,2024-12-16T01:56:11Z,1050000,False,-237.0,4.0,1,right,D. Green 3PT  (3 PTS) (B. Podziemski 1 AST),"[203110, 1641764]",1610612744.0,GSW,,,,Green,D. Green,,,,,Left Corner 3,24+ Left,23.65,Made,3.0,B. Podziemski,1641764.0,1.0,,,,,,,,,,,,,,
108,PT04M12.00S,2024-12-16T01:56:17.1Z,1,REGULAR,3pt,Jump Shot,[],1629656,9.149145860709593,4.411764705882353,1610612742,19,35,2024-12-16T01:56:23Z,1070000,False,228.0,34.0,1,left,MISS Q. Grimes 3PT,[1629656],1610612742.0,DAL,,,,Grimes,Q. Grimes,,,,,Right Corner 3,24+ Right,23.03,Missed,,,,,,,,,,,,,,,,,,
109,PT04M08.00S,2024-12-16T01:56:21.1Z,1,REGULAR,rebound,defensive,[],1630322,,,1610612744,19,35,2024-12-16T01:56:23Z,1080000,False,,,0,,L. Waters III REBOUND (Off:0 Def:1),[1630322],1610612744.0,GSW,,,,Waters III,L. Waters III,,,,,Right Corner 3,24+ Right,,,,,,,,,,,,108.0,1.0,1.0,0.0,,,,,
110,PT04M01.00S,2024-12-16T01:56:27.9Z,1,REGULAR,2pt,Layup,['pointsinthepaint'],1627741,92.59198423127464,56.86274509803921,1610612744,19,35,2024-12-16T01:56:36Z,1090000,False,34.0,17.0,1,right,MISS B. Hield driving reverse Layup,[1627741],1610612744.0,GSW,driving reverse,,,Hield,B. Hield,,,,,Restricted Area,0-8 Center,3.83,Missed,,,,,,,,,,,,,,,,,,
111,PT03M59.00S,2024-12-16T01:56:29.9Z,1,REGULAR,rebound,defensive,[],203915,,,1610612742,19,35,2024-12-16T01:56:36Z,1100000,False,,,0,,S. Dinwiddie REBOUND (Off:0 Def:1),[203915],1610612742.0,DAL,,,,Dinwiddie,S. Dinwiddie,,,,,Restricted Area,0-8 Center,,,,,,,,,,,,110.0,1.0,1.0,0.0,,,,,
112,PT03M56.00S,2024-12-16T01:56:35.8Z,1,REGULAR,turnover,out-of-bounds,[],1629023,,,1610612742,19,35,2024-12-16T01:57:10Z,1110000,False,,,0,,P. Washington lost ball out-of-bounds TURNOVER (1 TO),[1629023],1610612742.0,DAL,lost ball,,,Washington,P. Washington,,,,,In The Paint (Non-RA),0-8 Center,,,,,,,2530.0,,,,,,,,,,,1.0,,
113,PT03M44.00S,2024-12-16T01:56:53.1Z,1,REGULAR,2pt,Jump Shot,['fromturnover'],203110,86.02168199737189,68.38235294117648,1610612744,19,35,2024-12-16T01:57:26Z,1120000,False,92.0,79.0,1,right,MISS D. Green 12' driving floating Shot,[203110],1610612744.0,GSW,driving floating,,,Green,D. Green,,,,,Mid-Range,8-16 Right,12.11,Missed,,,,,,,,,,,,,,,,,,
114,PT03M42.00S,2024-12-16T01:56:55.1Z,1,REGULAR,rebound,offensive,[],1631218,,,1610612744,19,35,2024-12-16T01:57:17Z,1130000,False,,,0,,T. Jackson-Davis REBOUND (Off:1 Def:0),[1631218],1610612744.0,GSW,,,,Jackson-Davis,T. Jackson-Davis,,,,,Mid-Range,8-16 Right,,,,,,,,,,,,113.0,1.0,0.0,1.0,,,,,
115,PT03M40.00S,2024-12-16T01:56:57.4Z,1,REGULAR,3pt,Jump Shot,"['fromturnover', '2ndchance']",1627741,68.28186596583443,26.96078431372549,1610612744,19,35,2024-12-16T01:57:27Z,1140000,False,-115.0,246.0,1,right,MISS B. Hield 27' 3PT,[1627741],1610612744.0,GSW,,,,Hield,B. Hield,,,,,Above the Break 3,24+ Left Center,27.14,Missed,,,,,,,,,,,,,,,,,,
116,PT03M38.00S,2024-12-16T01:56:59.9Z,1,REGULAR,rebound,defensive,[],1629655,,,1610612742,19,35,2024-12-16T01:56:59Z,1150000,False,,,0,,D. Gafford REBOUND (Off:1 Def:2),[1629655],1610612742.0,DAL,,,,Gafford,D. Gafford,,,,,Above the Break 3,24+ Left Center,,,,,,,,,,,,115.0,3.0,2.0,1.0,,,,,
117,PT03M30.00S,2024-12-16T01:57:07.2Z,1,REGULAR,3pt,Jump Shot,[],1629023,24.78646517739816,87.99019607843137,1610612742,19,38,2024-12-16T01:58:03Z,1160000,False,-190.0,180.0,1,left,P. Washington 26' 3PT pullup (7 PTS) (K. Irving 3 AST),"[1629023, 202681]",1610612742.0,DAL,pullup,,,Washington,P. Washington,,,,,Above the Break 3,24+ Left Center,26.21,Made,7.0,K. Irving,202681.0,3.0,,,,,,,,,,,,,,
119,PT03M19.00S,2024-12-16T01:57:18.8Z,1,REGULAR,3pt,Jump Shot,[],203110,93.24901445466492,96.32352941176471,1610612744,22,38,2024-12-16T01:57:37Z,1180000,False,232.0,11.0,1,right,D. Green 3PT  (6 PTS) (T. Jackson-Davis 1 AST),"[203110, 1631218]",1610612744.0,GSW,,,,Green,D. Green,,,,,Right Corner 3,24+ Right,23.19,Made,6.0,T. Jackson-Davis,1631218.0,1.0,,,,,,,,,,,,,,
121,PT03M07.00S,2024-12-16T01:57:30.9Z,1,REGULAR,2pt,Layup,['pointsinthepaint'],1629655,8.492115637319317,38.48039215686275,1610612742,22,38,2024-12-16T02:43:00Z,1200000,False,58.0,27.0,1,left,MISS D. Gafford 6' cutting Layup,[1629655],1610612742.0,DAL,cutting,,,Gafford,D. Gafford,,,,,In The Paint (Non-RA),0-8 Center,6.37,Missed,,,,,,,,,,,,,,,,,,
122,PT03M07.00S,2024-12-16T01:57:30.9Z,1,REGULAR,rebound,defensive,[],1630322,,,1610612744,22,38,2024-12-16T01:57:47Z,1210000,False,,,0,,L. Waters III REBOUND (Off:0 Def:2),[1630322],1610612744.0,GSW,,,,Waters III,L. Waters III,,,,,In The Paint (Non-RA),0-8 Center,,,,,,,,,,,,121.0,2.0,2.0,0.0,,,,,
123,PT02M59.00S,2024-12-16T01:57:39.0Z,1,REGULAR,3pt,Jump Shot,[],203110,93.11760840998686,96.32352941176471,1610612744,25,38,2024-12-16T01:57:50Z,1220000,False,232.0,12.0,1,right,D. Green 3PT  (9 PTS) (L. Waters III 1 AST),"[203110, 1630322]",1610612744.0,GSW,,,,Green,D. Green,,,,,Right Corner 3,24+ Right,23.19,Made,9.0,L. Waters III,1630322.0,1.0,,,,,,,,,,,,,,
125,PT02M57.00S,2024-12-16T01:57:45.4Z,1,REGULAR,timeout,full,"['team', 'mandatory']",0,,,1610612742,25,38,2024-12-16T01:57:45Z,1240000,False,,,0,,DAL Timeout,[],1610612742.0,DAL,,,,,,,,,,,,,,,,,,,,,,,,,,,,,,,
126,PT02M57.00S,2024-12-16T02:00:12.6Z,1,REGULAR,substitution,out,[],1627741,,,1610612742,25,38,2024-12-16T02:00:31Z,1250000,False,,,0,,SUB out: B. Hield,[1627741],1610612744.0,GSW,,,,Hield,B. Hield,,,,,,,,,,,,,,,,,,,,,,,,,,
127,PT02M57.00S,2024-12-16T02:00:12.6Z,1,REGULAR,substitution,out,[],1630322,,,1610612742,25,38,2024-12-16T02:00:31Z,1260000,False,,,0,,SUB out: L. Waters III,[1630322],1610612744.0,GSW,,,,Waters III,L. Waters III,,,,,,,,,,,,,,,,,,,,,,,,,,
128,PT02M57.00S,2024-12-16T02:00:12.6Z,1,REGULAR,substitution,out,[],1629023,,,1610612742,25,38,2024-12-16T02:00:31Z,1270000,False,,,0,,SUB out: P. Washington,[1629023],1610612742.0,DAL,,,,Washington,P. Washington,,,,,,,,,,,,,,,,,,,,,,,,,,
129,PT02M57.00S,2024-12-16T02:00:12.6Z,1,REGULAR,substitution,in,[],201939,,,1610612742,25,38,2024-12-16T02:00:31Z,1280000,False,,,0,,SUB in: S. Curry,[201939],1610612744.0,GSW,,,,Curry,S. Curry,,,,,,,,,,,,,,,,,,,,,,,,,,
130,PT02M57.00S,2024-12-16T02:00:12.6Z,1,REGULAR,substitution,in,[],1627780,,,1610612742,25,38,2024-12-16T02:00:31Z,1290000,False,,,0,,SUB in: G. Payton II,[1627780],1610612744.0,GSW,,,,Payton II,G. Payton II,,,,,,,,,,,,,,,,,,,,,,,,,,
131,PT02M57.00S,2024-12-16T02:00:12.6Z,1,REGULAR,substitution,in,[],1641765,,,1610612742,25,38,2024-12-16T02:00:31Z,1300000,False,,,0,,SUB in: O. Prosper,[1641765],1610612742.0,DAL,,,,Prosper,O. Prosper,,,,,,,,,,,,,,,,,,,,,,,,,,
132,PT02M36.00S,2024-12-16T02:00:59.6Z,1,REGULAR,2pt,Layup,['pointsinthepaint'],1629655,8.492115637319317,36.51960784313725,1610612742,25,38,2024-12-16T02:01:13Z,1310000,False,67.0,27.0,1,left,MISS D. Gafford 7' Layup - blocked,"[1629655, 1627780]",1610612742.0,DAL,,,,Gafford,D. Gafford,,,,,In The Paint (Non-RA),0-8 Center,7.27,Missed,,,,,,,,,,,,,,Payton II,1627780.0,,,
133,PT02M36.00S,2024-12-16T02:00:59.6Z,1,REGULAR,block,,[],1627780,,,1610612742,25,38,2024-12-16T02:05:27Z,1320000,False,,,0,,G. Payton II BLOCK (1 BLK),[1627780],1610612744.0,GSW,,,,Payton II,G. Payton II,,,,,In The Paint (Non-RA),0-8 Center,,,,,,,,,,,,,,,,,,,,
134,PT02M36.00S,2024-12-16T02:00:59.6Z,1,REGULAR,rebound,offensive,['team'],0,,,1610612742,25,38,2024-12-16T02:01:13Z,1330000,False,,,0,,TEAM offensive REBOUND,[],1610612742.0,DAL,,,,,,,,,,In The Paint (Non-RA),0-8 Center,,,,,,,,,,,,132.0,,,,,,,,
136,PT02M34.00S,2024-12-16T02:01:18.7Z,1,REGULAR,turnover,out-of-bounds,[],202681,,,1610612742,25,38,2024-12-16T02:01:31Z,1350000,False,,,0,,K. Irving bad pass out-of-bounds TURNOVER (1 TO),[202681],1610612742.0,DAL,bad pass,,,Irving,K. Irving,,,,,In The Paint (Non-RA),0-8 Center,,,,,,,2530.0,,,,,,,,,,,1.0,,
137,PT02M18.00S,2024-12-16T02:01:37.0Z,1,REGULAR,3pt,Jump Shot,['fromturnover'],1641764,65.52233902759527,42.8921568627451,1610612744,28,38,2024-12-16T02:01:42Z,1360000,False,-36.0,272.0,1,right,B. Podziemski 27' 3PT  (3 PTS) (G. Payton II 1 AST),"[1641764, 1627780]",1610612744.0,GSW,,,,Podziemski,B. Podziemski,,,,,Above the Break 3,24+ Center,27.39,Made,3.0,G. Payton II,1627780.0,1.0,,,,,,,,,,,,,,
139,PT01M54.00S,2024-12-16T02:02:00.8Z,1,REGULAR,3pt,Jump Shot,[],1629656,26.888961892247043,81.61764705882352,1610612742,28,41,2024-12-16T02:02:06Z,1380000,False,-158.0,200.0,1,left,Q. Grimes 25' 3PT  (3 PTS) (K. Irving 4 AST),"[1629656, 202681]",1610612742.0,DAL,,,,Grimes,Q. Grimes,,,,,Above the Break 3,24+ Left Center,25.52,Made,3.0,K. Irving,202681.0,4.0,,,,,,,,,,,,,,
141,PT01M43.00S,2024-12-16T02:02:11.2Z,1,REGULAR,3pt,Jump Shot,[],201939,71.30420499342969,16.176470588235293,1610612744,31,41,2024-12-16T02:02:15Z,1400000,False,-169.0,217.0,1,right,S. Curry 27' 3PT  (6 PTS) (D. Green 1 AST),"[201939, 203110]",1610612744.0,GSW,,,,Curry,S. Curry,,,,,Above the Break 3,24+ Left Center,27.53,Made,6.0,D. Green,203110.0,1.0,,,,,,,,,,,,,,
143,PT01M31.00S,2024-12-16T02:02:22.8Z,1,REGULAR,3pt,Jump Shot,[],203915,24.917871222076215,85.5392156862745,1610612742,31,41,2024-12-16T02:02:46Z,1420000,False,-178.0,182.0,1,left,MISS S. Dinwiddie 25' 3PT,[203915],1610612742.0,DAL,,,,Dinwiddie,S. Dinwiddie,,,,,Above the Break 3,24+ Left Center,25.41,Missed,,,,,,,,,,,,,,,,,,
144,PT01M28.00S,2024-12-16T02:02:25.8Z,1,REGULAR,rebound,defensive,[],1631218,,,1610612744,31,41,2024-12-16T02:02:46Z,1430000,False,,,0,,T. Jackson-Davis REBOUND (Off:1 Def:1),[1631218],1610612744.0,GSW,,,,Jackson-Davis,T. Jackson-Davis,,,,,Above the Break 3,24+ Left Center,,,,,,,,,,,,143.0,2.0,1.0,1.0,,,,,
145,PT01M20.00S,2024-12-16T02:02:35.2Z,1,REGULAR,3pt,Jump Shot,[],1641764,66.44218134034165,41.911764705882355,1610612744,31,41,2024-12-16T02:02:58Z,1440000,False,-40.0,263.0,1,right,MISS B. Podziemski 26' pullup 3PT,[1641764],1610612744.0,GSW,pullup,,,Podziemski,B. Podziemski,,,,,Above the Break 3,24+ Center,26.6,Missed,,,,,,,,,,,,,,,,,,
146,PT01M18.00S,2024-12-16T02:02:37.2Z,1,REGULAR,rebound,offensive,[],203110,,,1610612744,31,41,2024-12-16T02:03:28Z,1450000,False,,,0,,D. Green REBOUND (Off:1 Def:0),[203110],1610612744.0,GSW,,,,Green,D. Green,,,,,Above the Break 3,24+ Center,,,,,,,,,,,,145.0,1.0,0.0,1.0,,,,,
147,PT01M17.00S,2024-12-16T02:02:39.0Z,1,REGULAR,2pt,Layup,"['2ndchance', 'pointsinthepaint']",203110,94.40999984741211,50.0,1610612744,31,41,2024-12-16T02:03:17Z,1460000,False,0.0,0.0,1,right,MISS D. Green tip Layup,[203110],1610612744.0,GSW,tip,,,Green,D. Green,,,,,Restricted Area,0-8 Center,0.0,Missed,,,,,,,,,,,,,,,,,,
148,PT01M16.00S,2024-12-16T02:02:40.0Z,1,REGULAR,rebound,defensive,[],1641765,,,1610612742,31,41,2024-12-16T02:03:17Z,1470000,False,,,0,,O. Prosper REBOUND (Off:0 Def:1),[1641765],1610612742.0,DAL,,,,Prosper,O. Prosper,,,,,Restricted Area,0-8 Center,,,,,,,,,,,,147.0,1.0,1.0,0.0,,,,,
149,PT01M00.00S,2024-12-16T02:02:54.6Z,1,REGULAR,2pt,Layup,['pointsinthepaint'],202681,6.258212877792378,57.59803921568627,1610612742,31,41,2024-12-16T02:03:13Z,1480000,False,-38.0,6.0,1,left,MISS K. Irving driving Layup,[202681],1610612742.0,DAL,driving,,,Irving,K. Irving,,,,,Restricted Area,0-8 Center,3.85,Missed,,,,,,,,,,,,,,,,,,
150,PT00M57.90S,2024-12-16T02:02:56.7Z,1,REGULAR,rebound,defensive,[],201939,,,1610612744,31,41,2024-12-16T02:03:16Z,1490000,False,,,0,,S. Curry REBOUND (Off:0 Def:1),[201939],1610612744.0,GSW,,,,Curry,S. Curry,,,,,Restricted Area,0-8 Center,,,,,,,,,,,,149.0,1.0,1.0,0.0,,,,,
151,PT00M50.00S,2024-12-16T02:03:05.5Z,1,REGULAR,3pt,Jump Shot,[],201939,64.99671484888306,70.34313725490196,1610612744,31,41,2024-12-16T02:03:15Z,1500000,False,102.0,277.0,1,right,MISS S. Curry 29' 3PT,[201939],1610612744.0,GSW,,,,Curry,S. Curry,,,,,Above the Break 3,24+ Right Center,29.46,Missed,,,,,,,,,,,,,,,,,,
152,PT00M48.90S,2024-12-16T02:03:06.6Z,1,REGULAR,rebound,defensive,[],1629655,,,1610612742,31,41,2024-12-16T02:04:01Z,1510000,False,,,0,,D. Gafford REBOUND (Off:1 Def:3),[1629655],1610612742.0,DAL,,,,Gafford,D. Gafford,,,,,Above the Break 3,24+ Right Center,,,,,,,,,,,,151.0,4.0,3.0,1.0,,,,,
153,PT00M33.30S,2024-12-16T02:03:22.3Z,1,REGULAR,2pt,Jump Shot,[],1629656,16.113666228646515,21.323529411764707,1610612742,31,43,2024-12-16T02:03:31Z,1520000,False,143.0,99.0,1,left,Q. Grimes 17' turnaround fadeaway Jump Shot (5 PTS) (K. Irving 5 AST),"[1629656, 202681]",1610612742.0,DAL,turnaround fadeaway,,,Grimes,Q. Grimes,,,,,Mid-Range,16-24 Right,17.43,Made,5.0,K. Irving,202681.0,5.0,,,,,,,,,,,,,,
155,PT00M23.50S,2024-12-16T02:03:37.2Z,1,REGULAR,foul,personal,[],1629655,,,1610612744,31,43,2024-12-16T02:03:51Z,1540000,False,,,0,,D. Gafford personal FOUL (1 PF),"[1629655, 201939]",1610612742.0,DAL,,,,Gafford,D. Gafford,,,,,Mid-Range,16-24 Left Center,,,,,,,204058.0,1.0,0.0,Curry,201939.0,,,,,,,,,
157,PT00M23.50S,2024-12-16T02:03:50.3Z,1,REGULAR,substitution,out,[],202681,,,1610612744,31,43,2024-12-16T02:03:53Z,1560000,False,,,0,,SUB out: K. Irving,[202681],1610612742.0,DAL,,,,Irving,K. Irving,,,,,,,,,,,,,,,,,,,,,,,,,,
158,PT00M23.50S,2024-12-16T02:03:50.3Z,1,REGULAR,substitution,in,[],1629029,,,1610612744,31,43,2024-12-16T02:03:53Z,1570000,False,,,0,,SUB in: L. Dončić,[1629029],1610612742.0,DAL,,,,Dončić,L. Dončić,,,,,,,,,,,,,,,,,,,,,,,,,,
159,PT00M19.70S,2024-12-16T02:04:12.2Z,1,REGULAR,2pt,DUNK,['pointsinthepaint'],1631218,91.93495400788436,50.49019607843137,1610612744,33,43,2024-12-16T02:04:51Z,1580000,False,2.0,23.0,1,right,T. Jackson-Davis cutting DUNK (2 PTS) (S. Curry 1 AST),"[1631218, 201939]",1610612744.0,GSW,cutting,,,Jackson-Davis,T. Jackson-Davis,,,,,Restricted Area,0-8 Center,2.34,Made,2.0,S. Curry,201939.0,1.0,,,,,,,,,,,,,,
161,PT00M02.50S,2024-12-16T02:04:34.6Z,1,REGULAR,3pt,Jump Shot,[],1629656,3.892904073587385,97.54901960784314,1610612742,33,46,2024-12-16T02:04:47Z,1600000,False,-238.0,-16.0,1,left,Q. Grimes 3PT  (8 PTS) (L. Dončić 3 AST),"[1629656, 1629029]",1610612742.0,DAL,,,,Grimes,Q. Grimes,,,,,Left Corner 3,24+ Left,23.82,Made,8.0,L. Dončić,1629029.0,3.0,,,,,,,,,,,,,,
163,PT00M00.00S,2024-12-16T02:04:44.3Z,1,REGULAR,period,end,[],0,,,1610612744,33,46,2024-12-16T02:04:44Z,1620000,False,,,0,,Period End,[],,,,,,,,,,,,,,,,,,,,,,,,,,,,,,,,,
165,PT12M00.00S,2024-12-16T02:07:00.7Z,2,REGULAR,substitution,out,['startperiod'],1641764,,,1610612744,33,46,2024-12-16T02:07:21Z,1630000,False,,,0,,SUB out: B. Podziemski,[1641764],1610612744.0,GSW,,,,Podziemski,B. Podziemski,,,,,,,,,,,,,,,,,,,,,,,,,,
166,PT12M00.00S,2024-12-16T02:07:00.7Z,2,REGULAR,substitution,out,['startperiod'],203110,,,1610612744,33,46,2024-12-16T02:07:21Z,1640000,False,,,0,,SUB out: D. Green,[203110],1610612744.0,GSW,,,,Green,D. Green,,,,,,,,,,,,,,,,,,,,,,,,,,
167,PT12M00.00S,2024-12-16T02:07:00.7Z,2,REGULAR,substitution,out,['startperiod'],1631218,,,1610612744,33,46,2024-12-16T02:07:21Z,1650000,False,,,0,,SUB out: T. Jackson-Davis,[1631218],1610612744.0,GSW,,,,Jackson-Davis,T. Jackson-Davis,,,,,,,,,,,,,,,,,,,,,,,,,,
168,PT12M00.00S,2024-12-16T02:07:00.7Z,2,REGULAR,substitution,out,['startperiod'],1629655,,,1610612744,33,46,2024-12-16T02:07:21Z,1660000,False,,,0,,SUB out: D. Gafford,[1629655],1610612742.0,DAL,,,,Gafford,D. Gafford,,,,,,,,,,,,,,,,,,,,,,,,,,
169,PT12M00.00S,2024-12-16T02:07:00.7Z,2,REGULAR,substitution,in,['startperiod'],1627741,,,1610612744,33,46,2024-12-16T02:07:21Z,1670000,False,,,0,,SUB in: B. Hield,[1627741],1610612744.0,GSW,,,,Hield,B. Hield,,,,,,,,,,,,,,,,,,,,,,,,,,
170,PT12M00.00S,2024-12-16T02:07:00.7Z,2,REGULAR,substitution,in,['startperiod'],1630228,,,1610612744,33,46,2024-12-16T02:07:21Z,1680000,False,,,0,,SUB in: J. Kuminga,[1630228],1610612744.0,GSW,,,,Kuminga,J. Kuminga,,,,,,,,,,,,,,,,,,,,,,,,,,
171,PT12M00.00S,2024-12-16T02:07:00.7Z,2,REGULAR,substitution,in,['startperiod'],1626172,,,1610612744,33,46,2024-12-16T02:07:21Z,1690000,False,,,0,,SUB in: K. Looney,[1626172],1610612744.0,GSW,,,,Looney,K. Looney,,,,,,,,,,,,,,,,,,,,,,,,,,
172,PT12M00.00S,2024-12-16T02:07:00.7Z,2,REGULAR,substitution,in,['startperiod'],1641726,,,1610612744,33,46,2024-12-16T02:07:21Z,1700000,False,,,0,,SUB in: D. Lively II,[1641726],1610612742.0,DAL,,,,Lively II,D. Lively II,,,,,,,,,,,,,,,,,,,,,,,,,,
173,PT12M00.00S,2024-12-16T02:07:31.2Z,2,REGULAR,period,start,[],0,,,1610612744,33,46,2024-12-16T02:07:31Z,1710000,False,,,0,,Period Start,[],,,,,,,,,,,,,,,,,,,,,,,,,,,,,,,,,
174,PT11M50.00S,2024-12-16T02:07:40.7Z,2,REGULAR,3pt,Jump Shot,[],1630228,73.27529566360053,15.441176470588236,1610612744,36,46,2024-12-16T02:07:50Z,1720000,False,-173.0,199.0,1,right,J. Kuminga 26' 3PT  (5 PTS) (K. Looney 4 AST),"[1630228, 1626172]",1610612744.0,GSW,,,,Kuminga,J. Kuminga,,,,,Above the Break 3,24+ Left Center,26.33,Made,5.0,K. Looney,1626172.0,4.0,,,,,,,,,,,,,,
176,PT11M35.00S,2024-12-16T02:07:57.9Z,2,REGULAR,2pt,Layup,['pointsinthepaint'],1629029,5.995400788436268,44.11764705882353,1610612742,36,48,2024-12-16T02:08:09Z,1740000,False,29.0,4.0,1,left,L. Dončić driving Layup (17 PTS) (D. Lively II 2 AST),"[1629029, 1641726]",1610612742.0,DAL,driving,,,Dončić,L. Dončić,,,,,Restricted Area,0-8 Center,2.97,Made,17.0,D. Lively II,1641726.0,2.0,,,,,,,,,,,,,,
178,PT11M35.00S,2024-12-16T02:08:00.7Z,2,REGULAR,foul,personal,['1freethrow'],1627780,,,1610612742,36,48,2024-12-16T02:08:06Z,1760000,False,,,0,,G. Payton II shooting personal FOUL (1 PF) (Dončić 1 FT),"[1627780, 1629029]",1610612744.0,GSW,shooting,,,Payton II,G. Payton II,,,,,Restricted Area,0-8 Center,,,,,,,2530.0,1.0,0.0,Dončić,1629029.0,,,,,,,,,
180,PT11M35.00S,2024-12-16T02:08:25.2Z,2,REGULAR,freethrow,1 of 1,[],1629029,,,1610612742,36,49,2024-12-16T02:08:25Z,1780000,False,,,0,,L. Dončić Free Throw 1 of 1 (18 PTS),[1629029],1610612742.0,DAL,,,,Dončić,L. Dončić,,,,,,,,Made,18.0,,,,,,,,,,,,,,,,,
181,PT11M24.00S,2024-12-16T02:08:38.4Z,2,REGULAR,3pt,Jump Shot,[],1630228,70.51576872536137,23.284313725490197,1610612744,36,49,2024-12-16T02:08:53Z,1790000,False,-134.0,225.0,1,right,MISS J. Kuminga 26' 3PT,[1630228],1610612744.0,GSW,,,,Kuminga,J. Kuminga,,,,,Above the Break 3,24+ Left Center,26.14,Missed,,,,,,,,,,,,,,,,,,
182,PT11M21.00S,2024-12-16T02:08:41.4Z,2,REGULAR,rebound,defensive,[],1629029,,,1610612742,36,49,2024-12-16T02:08:53Z,1800000,False,,,0,,L. Dončić REBOUND (Off:0 Def:3),[1629029],1610612742.0,DAL,,,,Dončić,L. Dončić,,,,,Above the Break 3,24+ Left Center,,,,,,,,,,,,181.0,3.0,3.0,0.0,,,,,
183,PT11M12.00S,2024-12-16T02:08:49.2Z,2,REGULAR,2pt,DUNK,['pointsinthepaint'],1641726,8.886333771353483,50.98039215686274,1610612742,36,51,2024-12-16T02:08:56Z,1810000,False,-5.0,31.0,1,left,D. Lively II alley-oop DUNK (4 PTS) (L. Dončić 4 AST),"[1641726, 1629029]",1610612742.0,DAL,alley-oop,,,Lively II,D. Lively II,,,,,Restricted Area,0-8 Center,3.14,Made,4.0,L. Dončić,1629029.0,4.0,,,,,,,,,,,,,,
185,PT10M54.00S,2024-12-16T02:09:08.4Z,2,REGULAR,3pt,Jump Shot,[],201939,72.61826544021025,86.51960784313727,1610612744,39,51,2024-12-16T02:09:15Z,1830000,False,183.0,205.0,1,right,S. Curry 27' 3PT step back (9 PTS) (J. Kuminga 1 AST),"[201939, 1630228]",1610612744.0,GSW,step back,,,Curry,S. Curry,,,,,Above the Break 3,24+ Right Center,27.45,Made,9.0,J. Kuminga,1630228.0,1.0,,,,,,,,,,,,,,
187,PT10M40.00S,2024-12-16T02:09:21.8Z,2,REGULAR,3pt,Jump Shot,[],1641765,7.178055190538765,3.9215686274509802,1610612742,39,54,2024-12-16T02:09:28Z,1850000,False,230.0,15.0,1,left,O. Prosper 3PT  (3 PTS) (L. Dončić 5 AST),"[1641765, 1629029]",1610612742.0,DAL,,,,Prosper,O. Prosper,,,,,Right Corner 3,24+ Right,23.09,Made,3.0,L. Dončić,1629029.0,5.0,,,,,,,,,,,,,,
189,PT10M22.00S,2024-12-16T02:09:40.3Z,2,REGULAR,2pt,Layup,['pointsinthepaint'],1627780,92.9862023653088,41.17647058823529,1610612744,39,54,2024-12-16T02:10:01Z,1870000,False,-44.0,13.0,1,right,MISS G. Payton II reverse Layup,[1627780],1610612744.0,GSW,reverse,,,Payton II,G. Payton II,,,,,In The Paint (Non-RA),0-8 Center,4.61,Missed,,,,,,,,,,,,,,,,,,
190,PT10M21.00S,2024-12-16T02:09:41.3Z,2,REGULAR,rebound,defensive,[],1641765,,,1610612742,39,54,2024-12-16T02:10:01Z,1880000,False,,,0,,O. Prosper REBOUND (Off:0 Def:2),[1641765],1610612742.0,DAL,,,,Prosper,O. Prosper,,,,,In The Paint (Non-RA),0-8 Center,,,,,,,,,,,,189.0,2.0,2.0,0.0,,,,,
191,PT10M16.00S,2024-12-16T02:09:45.2Z,2,REGULAR,3pt,Jump Shot,['fastbreak'],1629029,27.151773981603156,81.86274509803921,1610612742,39,57,2024-12-16T02:10:29Z,1890000,False,-159.0,203.0,1,left,L. Dončić 25' 3PT running (21 PTS) (O. Prosper 1 AST),"[1629029, 1641765]",1610612742.0,DAL,running,,,Dončić,L. Dončić,,,,,Above the Break 3,24+ Left Center,25.78,Made,21.0,O. Prosper,1641765.0,1.0,,,,,,,,,,,,,,
193,PT10M01.00S,2024-12-16T02:10:00.4Z,2,REGULAR,3pt,Jump Shot,[],1627741,88.51839684625493,96.32352941176471,1610612744,42,57,2024-12-16T02:10:11Z,1910000,False,232.0,55.0,1,right,B. Hield 3PT  (3 PTS) (K. Looney 5 AST),"[1627741, 1626172]",1610612744.0,GSW,,,,Hield,B. Hield,,,,,Right Corner 3,24+ Right,23.81,Made,3.0,K. Looney,1626172.0,5.0,,,,,,,,,,,,,,
195,PT09M45.00S,2024-12-16T02:10:16.2Z,2,REGULAR,turnover,bad pass,[],1629029,,,1610612742,42,57,2024-12-16T02:10:28Z,1930000,False,,,0,,L. Dončić bad pass TURNOVER (1 TO),"[1629029, 1627780]",1610612742.0,DAL,,,,Dončić,L. Dončić,,,,,Above the Break 3,24+ Left Center,,,,,,,,,,,,,,,,,,1.0,Payton II,1627780.0
196,PT09M45.00S,2024-12-16T02:10:16.2Z,2,REGULAR,steal,,[],1627780,,,1610612744,42,57,2024-12-16T02:10:17Z,1940000,False,,,0,,G. Payton II STEAL (1 STL),[1627780],1610612744.0,GSW,,,,Payton II,G. Payton II,,,,,Above the Break 3,24+ Left Center,,,,,,,,,,,,,,,,,,,,
197,PT09M40.00S,2024-12-16T02:10:21.3Z,2,REGULAR,3pt,Jump Shot,"['fromturnover', 'fastbreak']",1627741,89.70105124835742,96.07843137254902,1610612744,45,57,2024-12-16T02:11:18Z,1950000,False,230.0,44.0,1,right,B. Hield 3PT running (6 PTS) (J. Kuminga 2 AST),"[1627741, 1630228]",1610612744.0,GSW,running,,,Hield,B. Hield,,,,,Right Corner 3,24+ Right,23.46,Made,6.0,J. Kuminga,1630228.0,2.0,,,,,,,,,,,,,,
199,PT09M22.00S,2024-12-16T02:10:39.4Z,2,REGULAR,2pt,DUNK,['pointsinthepaint'],1641726,8.886333771353483,50.0,1610612742,45,59,2024-12-16T02:11:31Z,1970000,False,0.0,31.0,1,left,D. Lively II cutting DUNK (6 PTS) (S. Dinwiddie 1 AST),"[1641726, 203915]",1610612742.0,DAL,cutting,,,Lively II,D. Lively II,,,,,Restricted Area,0-8 Center,3.1,Made,6.0,S. Dinwiddie,203915.0,1.0,,,,,,,,,,,,,,
201,PT09M08.00S,2024-12-16T02:10:52.9Z,2,REGULAR,3pt,Jump Shot,[],1627780,84.83902759526939,97.05882352941177,1610612744,45,59,2024-12-16T02:11:10Z,1990000,False,235.0,90.0,1,right,MISS G. Payton II 25' 3PT,[1627780],1610612744.0,GSW,,,,Payton II,G. Payton II,,,,,Above the Break 3,24+ Right,25.19,Missed,,,,,,,,,,,,,,,,,,
202,PT09M04.00S,2024-12-16T02:10:56.9Z,2,REGULAR,rebound,offensive,[],1627780,,,1610612744,45,59,2024-12-16T02:14:04Z,2000000,False,,,0,,G. Payton II REBOUND (Off:1 Def:0),[1627780],1610612744.0,GSW,,,,Payton II,G. Payton II,,,,,Above the Break 3,24+ Right,,,,,,,,,,,,201.0,1.0,0.0,1.0,,,,,
203,PT08M59.00S,2024-12-16T02:11:03.0Z,2,REGULAR,2pt,Layup,"['pointsinthepaint', '2ndchance']",1627741,92.32917214191852,57.35294117647059,1610612744,45,59,2024-12-16T02:12:49Z,2010000,False,37.0,20.0,1,right,MISS B. Hield driving finger roll Layup,[1627741],1610612744.0,GSW,driving finger roll,,,Hield,B. Hield,,,,,Restricted Area,0-8 Center,4.17,Missed,,,,,,,,,,,,,,,,,,
204,PT08M57.00S,2024-12-16T02:11:05.0Z,2,REGULAR,rebound,defensive,[],1629029,,,1610612742,45,59,2024-12-16T02:11:15Z,2020000,False,,,0,,L. Dončić REBOUND (Off:0 Def:4),[1629029],1610612742.0,DAL,,,,Dončić,L. Dončić,,,,,Restricted Area,0-8 Center,,,,,,,,,,,,203.0,4.0,4.0,0.0,,,,,
205,PT08M52.00S,2024-12-16T02:11:10.4Z,2,REGULAR,3pt,Jump Shot,[],1629029,24.655059132720105,87.99019607843137,1610612742,45,59,2024-12-16T02:47:06Z,2030000,False,-190.0,179.0,1,left,MISS L. Dončić 26' step back 3PT,[1629029],1610612742.0,DAL,step back,,,Dončić,L. Dončić,,,,,Above the Break 3,24+ Left Center,26.12,Missed,,,,,,,,,,,,,,,,,,
206,PT08M49.00S,2024-12-16T02:11:13.4Z,2,REGULAR,rebound,defensive,[],1626172,,,1610612744,45,59,2024-12-16T02:11:21Z,2040000,False,,,0,,K. Looney REBOUND (Off:0 Def:3),[1626172],1610612744.0,GSW,,,,Looney,K. Looney,,,,,Above the Break 3,24+ Left Center,,,,,,,,,,,,205.0,3.0,3.0,0.0,,,,,
207,PT08M36.00S,2024-12-16T02:11:25.6Z,2,REGULAR,2pt,Hook,['pointsinthepaint'],1626172,91.5407358738502,57.84313725490197,1610612744,47,59,2024-12-16T02:13:40Z,2050000,False,39.0,27.0,1,right,K. Looney bank Hook (4 PTS) (S. Curry 2 AST),"[1626172, 201939]",1610612744.0,GSW,bank,,,Looney,K. Looney,,,,,In The Paint (Non-RA),0-8 Center,4.76,Made,4.0,S. Curry,201939.0,2.0,,,,,,,,,,,,,,
209,PT08M15.00S,2024-12-16T02:11:45.7Z,2,REGULAR,3pt,Jump Shot,[],1629029,30.17411300919842,14.950980392156863,1610612742,47,62,2024-12-16T02:11:51Z,2070000,False,175.0,231.0,1,left,L. Dončić 29' 3PT  (24 PTS) (S. Dinwiddie 2 AST),"[1629029, 203915]",1610612742.0,DAL,,,,Dončić,L. Dončić,,,,,Above the Break 3,24+ Right Center,29.0,Made,24.0,S. Dinwiddie,203915.0,2.0,,,,,,,,,,,,,,
211,PT08M05.00S,2024-12-16T02:11:55.9Z,2,REGULAR,3pt,Jump Shot,[],201939,69.99014454664915,82.35294117647058,1610612744,47,62,2024-12-16T02:14:00Z,2090000,False,162.0,230.0,1,right,MISS S. Curry 28' pullup 3PT,[201939],1610612744.0,GSW,pullup,,,Curry,S. Curry,,,,,Above the Break 3,24+ Right Center,28.09,Missed,,,,,,,,,,,,,,,,,,
212,PT08M05.00S,2024-12-16T02:11:55.9Z,2,REGULAR,rebound,offensive,[],1627780,,,1610612744,47,62,2024-12-16T02:14:00Z,2100000,False,,,0,,G. Payton II REBOUND (Off:2 Def:0),[1627780],1610612744.0,GSW,,,,Payton II,G. Payton II,,,,,Above the Break 3,24+ Right Center,,,,,,,,,,,,211.0,2.0,0.0,2.0,,,,,
213,PT07M51.00S,2024-12-16T02:12:10.9Z,2,REGULAR,2pt,Layup,"['pointsinthepaint', '2ndchance']",1626172,93.38042049934296,42.40196078431372,1610612744,47,62,2024-12-16T02:14:25Z,2110000,False,-38.0,10.0,1,right,MISS K. Looney cutting Layup,[1626172],1610612744.0,GSW,cutting,,,Looney,K. Looney,,,,,Restricted Area,0-8 Center,3.92,Missed,,,,,,,,,,,,,,,,,,
214,PT07M50.00S,2024-12-16T02:12:11.9Z,2,REGULAR,rebound,defensive,[],1641726,,,1610612742,47,62,2024-12-16T02:15:10Z,2120000,False,,,0,,D. Lively II REBOUND (Off:0 Def:3),[1641726],1610612742.0,DAL,,,,Lively II,D. Lively II,,,,,Restricted Area,0-8 Center,,,,,,,,,,,,213.0,3.0,3.0,0.0,,,,,
215,PT07M44.00S,2024-12-16T02:12:17.2Z,2,REGULAR,3pt,Jump Shot,['fastbreak'],1629656,25.706307490144546,12.5,1610612742,47,62,2024-12-16T02:15:18Z,2130000,False,188.0,189.0,1,left,MISS Q. Grimes 26' running 3PT,[1629656],1610612742.0,DAL,running,,,Grimes,Q. Grimes,,,,,Above the Break 3,24+ Right Center,26.63,Missed,,,,,,,,,,,,,,,,,,
216,PT07M42.00S,2024-12-16T02:12:19.1Z,2,REGULAR,rebound,offensive,[],1641726,,,1610612742,47,62,2024-12-16T02:12:19Z,2140000,False,,,0,,D. Lively II REBOUND (Off:1 Def:3),[1641726],1610612742.0,DAL,,,,Lively II,D. Lively II,,,,,Above the Break 3,24+ Right Center,,,,,,,,,,,,215.0,4.0,3.0,1.0,,,,,
217,PT07M41.00S,2024-12-16T02:12:20.2Z,2,REGULAR,turnover,bad pass,[],1641726,,,1610612742,47,62,2024-12-16T02:12:33Z,2150000,False,,,0,,D. Lively II bad pass TURNOVER (1 TO),"[1641726, 1627741]",1610612742.0,DAL,,,,Lively II,D. Lively II,,,,,Mid-Range,8-16 Right,,,,,,,,,,,,,,,,,,1.0,Hield,1627741.0
218,PT07M41.00S,2024-12-16T02:12:20.2Z,2,REGULAR,steal,,[],1627741,,,1610612744,47,62,2024-12-16T02:12:21Z,2160000,False,,,0,,B. Hield STEAL (1 STL),[1627741],1610612744.0,GSW,,,,Hield,B. Hield,,,,,Mid-Range,8-16 Right,,,,,,,,,,,,,,,,,,,,
219,PT07M37.00S,2024-12-16T02:12:24.7Z,2,REGULAR,2pt,Layup,"['fastbreak', 'pointsinthepaint', 'fromturnover']",1630228,92.46057818659659,45.588235294117645,1610612744,49,62,2024-12-16T02:15:35Z,2170000,False,-22.0,18.0,1,right,J. Kuminga running alley-oop Layup (7 PTS) (B. Hield 1 AST),"[1630228, 1627741]",1610612744.0,GSW,running alley-oop,,,Kuminga,J. Kuminga,,,,,Restricted Area,0-8 Center,2.88,Made,7.0,B. Hield,1627741.0,1.0,,,,,,,,,,,,,,
221,PT07M20.00S,2024-12-16T02:12:40.9Z,2,REGULAR,3pt,Jump Shot,[],1641765,26.363337713534822,86.76470588235294,1610612742,49,62,2024-12-16T02:12:47Z,2190000,False,-184.0,195.0,1,left,MISS O. Prosper 26' 3PT,[1641765],1610612742.0,DAL,,,,Prosper,O. Prosper,,,,,Above the Break 3,24+ Left Center,26.82,Missed,,,,,,,,,,,,,,,,,,
222,PT07M17.00S,2024-12-16T02:12:43.9Z,2,REGULAR,rebound,defensive,[],201939,,,1610612744,49,62,2024-12-16T02:12:47Z,2200000,False,,,0,,S. Curry REBOUND (Off:0 Def:2),[201939],1610612744.0,GSW,,,,Curry,S. Curry,,,,,Above the Break 3,24+ Left Center,,,,,,,,,,,,221.0,2.0,2.0,0.0,,,,,
223,PT07M12.00S,2024-12-16T02:12:49.8Z,2,REGULAR,3pt,Jump Shot,['fastbreak'],1627741,94.30026281208936,4.166666666666666,1610612744,49,62,2024-12-16T02:15:58Z,2210000,False,-229.0,1.0,1,right,MISS B. Hield running 3PT,[1627741],1610612744.0,GSW,running,,,Hield,B. Hield,,,,,Left Corner 3,24+ Left,22.92,Missed,,,,,,,,,,,,,,,,,,
224,PT07M09.00S,2024-12-16T02:12:53.3Z,2,REGULAR,rebound,offensive,[],1630228,,,1610612744,49,62,2024-12-16T02:12:53Z,2220000,False,,,0,,J. Kuminga REBOUND (Off:1 Def:0),[1630228],1610612744.0,GSW,,,,Kuminga,J. Kuminga,,,,,Left Corner 3,24+ Left,,,,,,,,,,,,223.0,1.0,0.0,1.0,,,,,
225,PT07M06.00S,2024-12-16T02:12:56.3Z,2,REGULAR,3pt,Jump Shot,['2ndchance'],1627741,75.3777923784494,12.5,1610612744,52,62,2024-12-16T02:13:03Z,2230000,False,-188.0,179.0,1,right,B. Hield 25' 3PT  (9 PTS) (J. Kuminga 3 AST),"[1627741, 1630228]",1610612744.0,GSW,,,,Hield,B. Hield,,,,,Above the Break 3,24+ Left Center,25.92,Made,9.0,J. Kuminga,1630228.0,3.0,,,,,,,,,,,,,,
227,PT07M04.00S,2024-12-16T02:13:01.6Z,2,REGULAR,timeout,full,"['team', 'mandatory']",0,,,1610612742,52,62,2024-12-16T02:13:01Z,2250000,False,,,0,,DAL Timeout,[],1610612742.0,DAL,,,,,,,,,,,,,,,,,,,,,,,,,,,,,,,
228,PT07M04.00S,2024-12-16T02:14:39.9Z,2,REGULAR,substitution,out,[],1627780,,,1610612742,52,62,2024-12-16T02:15:47Z,2260000,False,,,0,,SUB out: G. Payton II,[1627780],1610612744.0,GSW,,,,Payton II,G. Payton II,,,,,,,,,,,,,,,,,,,,,,,,,,
229,PT07M04.00S,2024-12-16T02:14:39.9Z,2,REGULAR,substitution,out,[],201939,,,1610612742,52,62,2024-12-16T02:15:47Z,2270000,False,,,0,,SUB out: S. Curry,[201939],1610612744.0,GSW,,,,Curry,S. Curry,,,,,,,,,,,,,,,,,,,,,,,,,,
230,PT07M04.00S,2024-12-16T02:14:39.9Z,2,REGULAR,substitution,out,[],1626172,,,1610612742,52,62,2024-12-16T02:15:47Z,2280000,False,,,0,,SUB out: K. Looney,[1626172],1610612744.0,GSW,,,,Looney,K. Looney,,,,,,,,,,,,,,,,,,,,,,,,,,
231,PT07M04.00S,2024-12-16T02:14:39.9Z,2,REGULAR,substitution,out,[],1629656,,,1610612742,52,62,2024-12-16T02:15:47Z,2290000,False,,,0,,SUB out: Q. Grimes,[1629656],1610612742.0,DAL,,,,Grimes,Q. Grimes,,,,,,,,,,,,,,,,,,,,,,,,,,
232,PT07M04.00S,2024-12-16T02:14:39.9Z,2,REGULAR,substitution,out,[],1641765,,,1610612742,52,62,2024-12-16T02:15:47Z,2300000,False,,,0,,SUB out: O. Prosper,[1641765],1610612742.0,DAL,,,,Prosper,O. Prosper,,,,,,,,,,,,,,,,,,,,,,,,,,
233,PT07M04.00S,2024-12-16T02:14:39.9Z,2,REGULAR,substitution,out,[],1641726,,,1610612742,52,62,2024-12-16T02:15:47Z,2310000,False,,,0,,SUB out: D. Lively II,[1641726],1610612742.0,DAL,,,,Lively II,D. Lively II,,,,,,,,,,,,,,,,,,,,,,,,,,
234,PT07M04.00S,2024-12-16T02:14:39.9Z,2,REGULAR,substitution,in,[],203952,,,1610612742,52,62,2024-12-16T02:15:47Z,2320000,False,,,0,,SUB in: A. Wiggins,[203952],1610612744.0,GSW,,,,Wiggins,A. Wiggins,,,,,,,,,,,,,,,,,,,,,,,,,,
235,PT07M04.00S,2024-12-16T02:14:39.9Z,2,REGULAR,substitution,in,[],1641764,,,1610612742,52,62,2024-12-16T02:15:47Z,2330000,False,,,0,,SUB in: B. Podziemski,[1641764],1610612744.0,GSW,,,,Podziemski,B. Podziemski,,,,,,,,,,,,,,,,,,,,,,,,,,
236,PT07M04.00S,2024-12-16T02:14:39.9Z,2,REGULAR,substitution,in,[],203110,,,1610612742,52,62,2024-12-16T02:15:47Z,2340000,False,,,0,,SUB in: D. Green,[203110],1610612744.0,GSW,,,,Green,D. Green,,,,,,,,,,,,,,,,,,,,,,,,,,
237,PT07M04.00S,2024-12-16T02:14:39.9Z,2,REGULAR,substitution,in,[],1629655,,,1610612742,52,62,2024-12-16T02:15:47Z,2350000,False,,,0,,SUB in: D. Gafford,[1629655],1610612742.0,DAL,,,,Gafford,D. Gafford,,,,,,,,,,,,,,,,,,,,,,,,,,
238,PT07M04.00S,2024-12-16T02:14:39.9Z,2,REGULAR,substitution,in,[],1629023,,,1610612742,52,62,2024-12-16T02:15:47Z,2360000,False,,,0,,SUB in: P. Washington,[1629023],1610612742.0,DAL,,,,Washington,P. Washington,,,,,,,,,,,,,,,,,,,,,,,,,,
239,PT07M04.00S,2024-12-16T02:14:39.9Z,2,REGULAR,substitution,in,[],202691,,,1610612742,52,62,2024-12-16T02:15:47Z,2370000,False,,,0,,SUB in: K. Thompson,[202691],1610612742.0,DAL,,,,Thompson,K. Thompson,,,,,,,,,,,,,,,,,,,,,,,,,,
240,PT06M47.00S,2024-12-16T02:16:18.9Z,2,REGULAR,2pt,DUNK,['pointsinthepaint'],1629655,7.5722733245729295,49.01960784313725,1610612742,52,64,2024-12-16T02:16:54Z,2380000,False,5.0,19.0,1,left,D. Gafford cutting DUNK (2 PTS) (L. Dončić 6 AST),"[1629655, 1629029]",1610612742.0,DAL,cutting,,,Gafford,D. Gafford,,,,,Restricted Area,0-8 Center,1.93,Made,2.0,L. Dončić,1629029.0,6.0,,,,,,,,,,,,,,
242,PT06M26.00S,2024-12-16T02:16:38.6Z,2,REGULAR,3pt,Jump Shot,[],203952,71.30420499342969,19.852941176470587,1610612744,52,64,2024-12-16T02:16:52Z,2400000,False,-151.0,217.0,1,right,MISS A. Wiggins 26' 3PT,[203952],1610612744.0,GSW,,,,Wiggins,A. Wiggins,,,,,Above the Break 3,24+ Left Center,26.44,Missed,,,,,,,,,,,,,,,,,,
243,PT06M26.00S,2024-12-16T02:16:38.6Z,2,REGULAR,rebound,defensive,[],203915,,,1610612742,52,64,2024-12-16T02:17:01Z,2410000,False,,,0,,S. Dinwiddie REBOUND (Off:0 Def:2),[203915],1610612742.0,DAL,,,,Dinwiddie,S. Dinwiddie,,,,,Above the Break 3,24+ Left Center,,,,,,,,,,,,242.0,2.0,2.0,0.0,,,,,
245,PT06M16.00S,2024-12-16T02:16:54.8Z,2,REGULAR,substitution,out,[],1627741,,,1610612742,52,64,2024-12-16T02:17:11Z,2430000,False,,,0,,SUB out: B. Hield,[1627741],1610612744.0,GSW,,,,Hield,B. Hield,,,,,,,,,,,,,,,,,,,,,,,,,,
246,PT06M16.00S,2024-12-16T02:16:54.8Z,2,REGULAR,substitution,out,[],203915,,,1610612742,52,64,2024-12-16T02:17:11Z,2440000,False,,,0,,SUB out: S. Dinwiddie,[203915],1610612742.0,DAL,,,,Dinwiddie,S. Dinwiddie,,,,,,,,,,,,,,,,,,,,,,,,,,
247,PT06M16.00S,2024-12-16T02:16:54.8Z,2,REGULAR,substitution,in,[],1630322,,,1610612742,52,64,2024-12-16T02:17:11Z,2450000,False,,,0,,SUB in: L. Waters III,[1630322],1610612744.0,GSW,,,,Waters III,L. Waters III,,,,,,,,,,,,,,,,,,,,,,,,,,
248,PT06M16.00S,2024-12-16T02:16:54.8Z,2,REGULAR,substitution,in,[],202681,,,1610612742,52,64,2024-12-16T02:17:11Z,2460000,False,,,0,,SUB in: K. Irving,[202681],1610612742.0,DAL,,,,Irving,K. Irving,,,,,,,,,,,,,,,,,,,,,,,,,,
249,PT06M10.00S,2024-12-16T02:17:19.4Z,2,REGULAR,turnover,out-of-bounds,[],1629655,,,1610612742,52,64,2024-12-16T02:17:26Z,2470000,False,,,0,,D. Gafford lost ball out-of-bounds TURNOVER (1 TO),[1629655],1610612742.0,DAL,lost ball,,,Gafford,D. Gafford,,,,,In The Paint (Non-RA),0-8 Center,,,,,,,2002.0,,,,,,,,,,,1.0,,
250,PT05M59.00S,2024-12-16T02:17:32.5Z,2,REGULAR,3pt,Jump Shot,['fromturnover'],1630322,78.53153745072274,8.57843137254902,1610612744,55,64,2024-12-16T02:17:42Z,2480000,False,-207.0,149.0,1,right,L. Waters III 25' 3PT  (3 PTS) (J. Kuminga 4 AST),"[1630322, 1630228]",1610612744.0,GSW,,,,Waters III,L. Waters III,,,,,Above the Break 3,24+ Left Center,25.53,Made,3.0,J. Kuminga,1630228.0,4.0,,,,,,,,,,,,,,
252,PT05M35.00S,2024-12-16T02:17:56.5Z,2,REGULAR,2pt,Layup,['pointsinthepaint'],202681,9.674770039421814,50.73529411764706,1610612742,55,66,2024-12-16T02:18:01Z,2500000,False,-4.0,38.0,1,left,K. Irving driving Layup (10 PTS) (L. Dončić 7 AST),"[202681, 1629029]",1610612742.0,DAL,driving,,,Irving,K. Irving,,,,,Restricted Area,0-8 Center,3.86,Made,10.0,L. Dončić,1629029.0,7.0,,,,,,,,,,,,,,
253,PT05M17.00S,2024-12-16T02:18:14.6Z,2,REGULAR,turnover,bad pass,[],203110,,,1610612744,55,66,2024-12-16T02:18:21Z,2510000,False,,,0,,D. Green bad pass TURNOVER (1 TO),"[203110, 202691]",1610612744.0,GSW,,,,Green,D. Green,,,,,Mid-Range,8-16 Left,,,,,,,,,,,,,,,,,,1.0,Thompson,202691.0
254,PT05M17.00S,2024-12-16T02:18:14.6Z,2,REGULAR,steal,,[],202691,,,1610612742,55,66,2024-12-16T02:18:16Z,2520000,False,,,0,,K. Thompson STEAL (2 STL),[202691],1610612742.0,DAL,,,,Thompson,K. Thompson,,,,,Mid-Range,8-16 Left,,,,,,,,,,,,,,,,,,,,
255,PT05M08.00S,2024-12-16T02:18:23.3Z,2,REGULAR,2pt,Jump Shot,"['pointsinthepaint', 'fromturnover']",202681,5.863994743758213,34.068627450980394,1610612742,55,66,2024-12-16T02:18:56Z,2530000,False,80.0,3.0,1,left,MISS K. Irving 7' driving floating Shot,[202681],1610612742.0,DAL,driving floating,,,Irving,K. Irving,,,,,In The Paint (Non-RA),0-8 Center,7.97,Missed,,,,,,,,,,,,,,,,,,
256,PT05M08.00S,2024-12-16T02:18:23.3Z,2,REGULAR,rebound,offensive,[],1629655,,,1610612742,55,66,2024-12-16T02:19:13Z,2540000,False,,,0,,D. Gafford REBOUND (Off:2 Def:3),[1629655],1610612742.0,DAL,,,,Gafford,D. Gafford,,,,,In The Paint (Non-RA),0-8 Center,,,,,,,,,,,,255.0,5.0,3.0,2.0,,,,,
257,PT05M06.00S,2024-12-16T02:18:26.6Z,2,REGULAR,2pt,Layup,"['2ndchance', 'pointsinthepaint', 'fromturnover']",1629655,5.590000152587891,50.0,1610612742,55,68,2024-12-16T02:19:07Z,2550000,False,0.0,0.0,1,left,D. Gafford putback Layup (4 PTS),[1629655],1610612742.0,DAL,putback,,,Gafford,D. Gafford,,,,,Restricted Area,0-8 Center,0.0,Made,4.0,,,,,,,,,,,,,,,,,
258,PT04M56.00S,2024-12-16T02:18:35.2Z,2,REGULAR,3pt,Jump Shot,[],203952,75.90341655716163,9.068627450980392,1610612744,58,68,2024-12-16T02:18:52Z,2560000,False,-205.0,174.0,1,right,A. Wiggins 26' 3PT  (12 PTS) (D. Green 2 AST),"[203952, 203110]",1610612744.0,GSW,,,,Wiggins,A. Wiggins,,,,,Above the Break 3,24+ Left Center,26.87,Made,12.0,D. Green,203110.0,2.0,,,,,,,,,,,,,,
260,PT04M43.00S,2024-12-16T02:18:48.4Z,2,REGULAR,3pt,Jump Shot,[],1629023,26.757555847568987,79.90196078431373,1610612742,58,71,2024-12-16T02:18:54Z,2580000,False,-150.0,199.0,1,left,P. Washington 24' 3PT  (10 PTS) (L. Dončić 8 AST),"[1629023, 1629029]",1610612742.0,DAL,,,,Washington,P. Washington,,,,,Above the Break 3,24+ Left Center,24.89,Made,10.0,L. Dončić,1629029.0,8.0,,,,,,,,,,,,,,
262,PT04M30.00S,2024-12-16T02:19:00.7Z,2,REGULAR,3pt,Jump Shot,[],203110,65.91655716162943,47.549019607843135,1610612744,58,71,2024-12-16T02:19:11Z,2600000,False,-12.0,268.0,1,right,MISS D. Green 26' 3PT,[203110],1610612744.0,GSW,,,,Green,D. Green,,,,,Above the Break 3,24+ Center,26.82,Missed,,,,,,,,,,,,,,,,,,
263,PT04M26.00S,2024-12-16T02:19:05.0Z,2,REGULAR,rebound,offensive,[],1630322,,,1610612744,58,71,2024-12-16T02:19:05Z,2610000,False,,,0,,L. Waters III REBOUND (Off:1 Def:2),[1630322],1610612744.0,GSW,,,,Waters III,L. Waters III,,,,,Above the Break 3,24+ Center,,,,,,,,,,,,262.0,3.0,2.0,1.0,,,,,
264,PT04M25.00S,2024-12-16T02:19:06.0Z,2,REGULAR,3pt,Jump Shot,['2ndchance'],1630322,92.19776609724047,4.166666666666666,1610612744,61,71,2024-12-16T02:25:03Z,2620000,False,-229.0,21.0,1,right,L. Waters III 3PT  (6 PTS),[1630322],1610612744.0,GSW,,,,Waters III,L. Waters III,,,,,Left Corner 3,24+ Left,23.01,Made,6.0,,,,,,,,,,,,,,,,,
265,PT04M14.00S,2024-12-16T02:19:19.0Z,2,REGULAR,foul,personal,[],1630322,,,1610612742,61,71,2024-12-16T02:19:32Z,2630000,False,,,0,,L. Waters III personal FOUL (1 PF),"[1630322, 1629029]",1610612744.0,GSW,,,,Waters III,L. Waters III,,,,,Above the Break 3,24+ Left Center,,,,,,,2002.0,1.0,0.0,Dončić,1629029.0,,,,,,,,,
267,PT04M14.00S,2024-12-16T02:19:24.1Z,2,REGULAR,substitution,out,[],1629029,,,1610612742,61,71,2024-12-16T02:19:30Z,2650000,False,,,0,,SUB out: L. Dončić,[1629029],1610612742.0,DAL,,,,Dončić,L. Dončić,,,,,,,,,,,,,,,,,,,,,,,,,,
268,PT04M14.00S,2024-12-16T02:19:24.1Z,2,REGULAR,substitution,in,[],203915,,,1610612742,61,71,2024-12-16T02:19:30Z,2660000,False,,,0,,SUB in: S. Dinwiddie,[203915],1610612742.0,DAL,,,,Dinwiddie,S. Dinwiddie,,,,,,,,,,,,,,,,,,,,,,,,,,
269,PT04M02.00S,2024-12-16T02:19:52.2Z,2,REGULAR,turnover,lost ball,[],1629655,,,1610612742,61,71,2024-12-16T02:19:58Z,2670000,False,,,0,,D. Gafford lost ball TURNOVER (2 TO),"[1629655, 203952]",1610612742.0,DAL,,,,Gafford,D. Gafford,,,,,In The Paint (Non-RA),0-8 Center,,,,,,,,,,,,,,,,,,2.0,Wiggins,203952.0
270,PT04M02.00S,2024-12-16T02:19:52.2Z,2,REGULAR,steal,,[],203952,,,1610612744,61,71,2024-12-16T02:19:53Z,2680000,False,,,0,,A. Wiggins STEAL (1 STL),[203952],1610612744.0,GSW,,,,Wiggins,A. Wiggins,,,,,In The Paint (Non-RA),0-8 Center,,,,,,,,,,,,,,,,,,,,
271,PT03M52.00S,2024-12-16T02:20:02.2Z,2,REGULAR,2pt,Layup,"['pointsinthepaint', 'fromturnover']",1630228,92.32917214191852,42.15686274509804,1610612744,63,71,2024-12-16T02:20:23Z,2690000,False,-39.0,20.0,1,right,J. Kuminga driving finger roll Layup (9 PTS) (B. Podziemski 2 AST),"[1630228, 1641764]",1610612744.0,GSW,driving finger roll,,,Kuminga,J. Kuminga,,,,,In The Paint (Non-RA),0-8 Center,4.38,Made,9.0,B. Podziemski,1641764.0,2.0,,,,,,,,,,,,,,
273,PT03M41.00S,2024-12-16T02:20:12.6Z,2,REGULAR,2pt,Jump Shot,[],203915,9.674770039421814,65.93137254901961,1610612742,63,71,2024-12-16T02:20:45Z,2710000,False,-80.0,38.0,1,left,MISS S. Dinwiddie 8' driving floating Shot,[203915],1610612742.0,DAL,driving floating,,,Dinwiddie,S. Dinwiddie,,,,,Mid-Range,8-16 Left,8.85,Missed,,,,,,,,,,,,,,,,,,
274,PT03M39.00S,2024-12-16T02:20:14.6Z,2,REGULAR,rebound,defensive,[],203110,,,1610612744,63,71,2024-12-16T02:20:31Z,2720000,False,,,0,,D. Green REBOUND (Off:1 Def:1),[203110],1610612744.0,GSW,,,,Green,D. Green,,,,,Mid-Range,8-16 Left,,,,,,,,,,,,273.0,2.0,1.0,1.0,,,,,
275,PT03M31.00S,2024-12-16T02:20:23.0Z,2,REGULAR,2pt,Jump Shot,[],1630322,94.95729303547962,7.107843137254902,1610612744,63,71,2024-12-16T02:20:34Z,2730000,False,-214.0,-5.0,1,right,MISS L. Waters III 21' Jump Shot,[1630322],1610612744.0,GSW,,,,Waters III,L. Waters III,,,,,Mid-Range,16-24 Left,21.46,Missed,,,,,,,,,,,,,,,,,,
276,PT03M31.00S,2024-12-16T02:20:23.0Z,2,REGULAR,rebound,defensive,['team'],0,,,1610612742,63,71,2024-12-16T02:20:34Z,2740000,False,,,0,,TEAM defensive REBOUND,[],1610612742.0,DAL,,,,,,,,,,Mid-Range,16-24 Left,,,,,,,,,,,,275.0,,,,,,,,
278,PT03M31.00S,2024-12-16T02:20:28.6Z,2,REGULAR,substitution,out,[],1641764,,,1610612742,63,71,2024-12-16T02:20:45Z,2760000,False,,,0,,SUB out: B. Podziemski,[1641764],1610612744.0,GSW,,,,Podziemski,B. Podziemski,,,,,,,,,,,,,,,,,,,,,,,,,,
279,PT03M31.00S,2024-12-16T02:20:28.6Z,2,REGULAR,substitution,out,[],1629655,,,1610612742,63,71,2024-12-16T02:20:45Z,2770000,False,,,0,,SUB out: D. Gafford,[1629655],1610612742.0,DAL,,,,Gafford,D. Gafford,,,,,,,,,,,,,,,,,,,,,,,,,,
280,PT03M31.00S,2024-12-16T02:20:28.6Z,2,REGULAR,substitution,out,[],203915,,,1610612742,63,71,2024-12-16T02:20:45Z,2780000,False,,,0,,SUB out: S. Dinwiddie,[203915],1610612742.0,DAL,,,,Dinwiddie,S. Dinwiddie,,,,,,,,,,,,,,,,,,,,,,,,,,
281,PT03M31.00S,2024-12-16T02:20:28.6Z,2,REGULAR,substitution,in,[],201939,,,1610612742,63,71,2024-12-16T02:20:45Z,2790000,False,,,0,,SUB in: S. Curry,[201939],1610612744.0,GSW,,,,Curry,S. Curry,,,,,,,,,,,,,,,,,,,,,,,,,,
282,PT03M31.00S,2024-12-16T02:20:28.6Z,2,REGULAR,substitution,in,[],1629029,,,1610612742,63,71,2024-12-16T02:20:45Z,2800000,False,,,0,,SUB in: L. Dončić,[1629029],1610612742.0,DAL,,,,Dončić,L. Dončić,,,,,,,,,,,,,,,,,,,,,,,,,,
283,PT03M31.00S,2024-12-16T02:20:28.6Z,2,REGULAR,substitution,in,[],1641726,,,1610612742,63,71,2024-12-16T02:20:45Z,2810000,False,,,0,,SUB in: D. Lively II,[1641726],1610612742.0,DAL,,,,Lively II,D. Lively II,,,,,,,,,,,,,,,,,,,,,,,,,,
284,PT03M22.00S,2024-12-16T02:20:53.3Z,2,REGULAR,foul,personal,['2freethrow'],1630228,,,1610612742,63,71,2024-12-16T02:21:02Z,2820000,False,,,0,,J. Kuminga shooting personal FOUL (2 PF) (Irving 2 FT),"[1630228, 202681]",1610612744.0,GSW,shooting,,,Kuminga,J. Kuminga,,,,,In The Paint (Non-RA),0-8 Center,,,,,,,204058.0,2.0,0.0,Irving,202681.0,,,,,,,,,
286,PT03M22.00S,2024-12-16T02:21:27.4Z,2,REGULAR,freethrow,1 of 2,[],202681,,,1610612742,63,72,2024-12-16T02:21:27Z,2840000,False,,,0,,K. Irving Free Throw 1 of 2 (11 PTS),[202681],1610612742.0,DAL,,,,Irving,K. Irving,,,,,,,,Made,11.0,,,,,,,,,,,,,,,,,
287,PT03M22.00S,2024-12-16T02:21:31.5Z,2,REGULAR,timeout,full,"['team', 'mandatory']",0,,,1610612742,63,72,2024-12-16T02:21:31Z,2850000,False,,,0,,GSW Timeout,[],1610612744.0,GSW,,,,,,,,,,,,,,,,,,,,,,,,,,,,,,,
289,PT03M22.00S,2024-12-16T02:23:56.0Z,2,REGULAR,substitution,out,[],1630228,,,1610612742,63,72,2024-12-16T02:24:18Z,2860000,False,,,0,,SUB out: J. Kuminga,[1630228],1610612744.0,GSW,,,,Kuminga,J. Kuminga,,,,,,,,,,,,,,,,,,,,,,,,,,
290,PT03M22.00S,2024-12-16T02:23:56.0Z,2,REGULAR,substitution,in,[],1631218,,,1610612742,63,72,2024-12-16T02:24:18Z,2870000,False,,,0,,SUB in: T. Jackson-Davis,[1631218],1610612744.0,GSW,,,,Jackson-Davis,T. Jackson-Davis,,,,,,,,,,,,,,,,,,,,,,,,,,
291,PT03M22.00S,2024-12-16T02:24:50.0Z,2,REGULAR,freethrow,2 of 2,[],202681,,,1610612742,63,73,2024-12-16T02:24:50Z,2880000,False,,,0,,K. Irving Free Throw 2 of 2 (12 PTS),[202681],1610612742.0,DAL,,,,Irving,K. Irving,,,,,,,,Made,12.0,,,,,,,,,,,,,,,,,
292,PT03M10.00S,2024-12-16T02:25:07.4Z,2,REGULAR,3pt,Jump Shot,[],201939,70.12155059132719,22.30392156862745,1610612744,66,73,2024-12-16T02:25:12Z,2890000,False,-138.0,228.0,1,right,S. Curry 26' 3PT  (12 PTS) (A. Wiggins 2 AST),"[201939, 203952]",1610612744.0,GSW,,,,Curry,S. Curry,,,,,Above the Break 3,24+ Left Center,26.71,Made,12.0,A. Wiggins,203952.0,2.0,,,,,,,,,,,,,,
294,PT02M46.00S,2024-12-16T02:25:30.4Z,2,REGULAR,2pt,Hook,['pointsinthepaint'],1641726,12.565703022339028,47.05882352941176,1610612742,66,75,2024-12-16T02:25:35Z,2910000,False,15.0,66.0,1,left,D. Lively II 6' Hook (8 PTS) (K. Thompson 3 AST),"[1641726, 202691]",1610612742.0,DAL,,,,Lively II,D. Lively II,,,,,In The Paint (Non-RA),0-8 Center,6.72,Made,8.0,K. Thompson,202691.0,3.0,,,,,,,,,,,,,,
296,PT02M36.00S,2024-12-16T02:25:40.6Z,2,REGULAR,2pt,Layup,['pointsinthepaint'],201939,93.38042049934296,53.92156862745098,1610612744,66,75,2024-12-16T02:25:47Z,2930000,False,20.0,10.0,1,right,MISS S. Curry driving reverse Layup,[201939],1610612744.0,GSW,driving reverse,,,Curry,S. Curry,,,,,Restricted Area,0-8 Center,2.19,Missed,,,,,,,,,,,,,,,,,,
297,PT02M34.00S,2024-12-16T02:25:42.6Z,2,REGULAR,rebound,defensive,[],1629029,,,1610612742,66,75,2024-12-16T02:25:47Z,2940000,False,,,0,,L. Dončić REBOUND (Off:0 Def:5),[1629029],1610612742.0,DAL,,,,Dončić,L. Dončić,,,,,Restricted Area,0-8 Center,,,,,,,,,,,,296.0,5.0,5.0,0.0,,,,,
298,PT02M26.00S,2024-12-16T02:25:51.1Z,2,REGULAR,3pt,Jump Shot,[],202691,7.835085413929041,96.07843137254902,1610612742,66,75,2024-12-16T02:25:57Z,2950000,False,-230.0,21.0,1,left,MISS K. Thompson 3PT,[202691],1610612742.0,DAL,,,,Thompson,K. Thompson,,,,,Left Corner 3,24+ Left,23.14,Missed,,,,,,,,,,,,,,,,,,
299,PT02M22.00S,2024-12-16T02:25:55.1Z,2,REGULAR,rebound,defensive,[],203952,,,1610612744,66,75,2024-12-16T02:25:57Z,2960000,False,,,0,,A. Wiggins REBOUND (Off:0 Def:1),[203952],1610612744.0,GSW,,,,Wiggins,A. Wiggins,,,,,Left Corner 3,24+ Left,,,,,,,,,,,,298.0,1.0,1.0,0.0,,,,,
300,PT02M10.00S,2024-12-16T02:26:06.2Z,2,REGULAR,3pt,Jump Shot,[],1630322,92.85479632063075,97.54901960784314,1610612744,66,75,2024-12-16T02:26:19Z,2970000,False,238.0,15.0,1,right,MISS L. Waters III 3PT,[1630322],1610612744.0,GSW,,,,Waters III,L. Waters III,,,,,Right Corner 3,24+ Right,23.82,Missed,,,,,,,,,,,,,,,,,,
301,PT02M09.00S,2024-12-16T02:26:07.2Z,2,REGULAR,rebound,offensive,[],1631218,,,1610612744,66,75,2024-12-16T02:26:43Z,2980000,False,,,0,,T. Jackson-Davis REBOUND (Off:2 Def:1),[1631218],1610612744.0,GSW,,,,Jackson-Davis,T. Jackson-Davis,,,,,Right Corner 3,24+ Right,,,,,,,,,,,,300.0,3.0,1.0,2.0,,,,,
302,PT02M05.00S,2024-12-16T02:26:12.7Z,2,REGULAR,2pt,DUNK,"['pointsinthepaint', '2ndchance']",1631218,93.11760840998686,42.40196078431372,1610612744,68,75,2024-12-16T02:26:24Z,2990000,False,-38.0,12.0,1,right,T. Jackson-Davis cutting DUNK (4 PTS) (A. Wiggins 3 AST),"[1631218, 203952]",1610612744.0,GSW,cutting,,,Jackson-Davis,T. Jackson-Davis,,,,,Restricted Area,0-8 Center,3.99,Made,4.0,A. Wiggins,203952.0,3.0,,,,,,,,,,,,,,
304,PT02M05.00S,2024-12-16T02:26:16.3Z,2,REGULAR,foul,personal,['1freethrow'],1641726,,,1610612744,68,75,2024-12-16T02:26:26Z,3010000,False,,,0,,D. Lively II shooting personal FOUL (2 PF) (Jackson-Davis 1 FT),"[1641726, 1631218]",1610612742.0,DAL,shooting,,,Lively II,D. Lively II,,,,,Restricted Area,0-8 Center,,,,,,,2530.0,2.0,0.0,Jackson-Davis,1631218.0,,,,,,,,,
306,PT02M05.00S,2024-12-16T02:26:40.0Z,2,REGULAR,freethrow,1 of 1,['2ndchance'],1631218,,,1610612744,68,75,2024-12-16T02:26:40Z,3030000,False,,,0,,MISS T. Jackson-Davis Free Throw 1 of 1,[1631218],1610612744.0,GSW,,,,Jackson-Davis,T. Jackson-Davis,,,,,,,,Missed,,,,,,,,,,,,,,,,,,
307,PT02M03.00S,2024-12-16T02:26:41.1Z,2,REGULAR,rebound,defensive,[],1629029,,,1610612742,68,75,2024-12-16T02:26:41Z,3040000,False,,,0,,L. Dončić REBOUND (Off:0 Def:6),[1629029],1610612742.0,DAL,,,,Dončić,L. Dončić,,,,,,,,,,,,,,,,,,306.0,6.0,6.0,0.0,,,,,
309,PT01M58.00S,2024-12-16T02:26:57.1Z,2,REGULAR,timeout,challenge,['team'],0,,,1610612742,68,75,2024-12-16T02:29:13Z,3042500,False,,,0,,DAL Timeout,[],1610612742.0,DAL,,,,,,,,,,,,,,,,,,,,,,,,,,,,,,,
312,PT01M54.00S,2024-12-16T02:29:48.4Z,2,REGULAR,2pt,Jump Shot,['pointsinthepaint'],202691,14.273981603153747,65.68627450980392,1610612742,68,77,2024-12-16T02:30:52Z,3090000,False,-78.0,82.0,1,left,K. Thompson 11' driving floating bank Jump Shot (8 PTS) (L. Dončić 9 AST),"[202691, 1629029]",1610612742.0,DAL,driving floating bank,,,Thompson,K. Thompson,,,,,In The Paint (Non-RA),8-16 Left,11.32,Made,8.0,L. Dončić,1629029.0,9.0,,,,,,,,,,,,,,
314,PT01M30.00S,2024-12-16T02:30:12.5Z,2,REGULAR,2pt,Layup,['pointsinthepaint'],203952,90.22667542706965,46.568627450980394,1610612744,68,77,2024-12-16T02:31:04Z,3110000,False,-17.0,39.0,1,right,MISS A. Wiggins driving Layup - blocked,"[203952, 1641726]",1610612744.0,GSW,driving,,,Wiggins,A. Wiggins,,,,,Restricted Area,0-8 Center,4.3,Missed,,,,,,,,,,,,,,Lively II,1641726.0,,,
315,PT01M30.00S,2024-12-16T02:30:12.5Z,2,REGULAR,block,,[],1641726,,,1610612744,68,77,2024-12-16T02:30:14Z,3120000,False,,,0,,D. Lively II BLOCK (1 BLK),[1641726],1610612742.0,DAL,,,,Lively II,D. Lively II,,,,,Restricted Area,0-8 Center,,,,,,,,,,,,,,,,,,,,
316,PT01M30.00S,2024-12-16T02:30:12.5Z,2,REGULAR,rebound,defensive,[],1629023,,,1610612742,68,77,2024-12-16T02:37:01Z,3130000,False,,,0,,P. Washington REBOUND (Off:1 Def:1),[1629023],1610612742.0,DAL,,,,Washington,P. Washington,,,,,Restricted Area,0-8 Center,,,,,,,,,,,,314.0,2.0,1.0,1.0,,,,,
317,PT01M24.00S,2024-12-16T02:30:18.2Z,2,REGULAR,3pt,Jump Shot,['fastbreak'],202691,8.886333771353483,3.6764705882352944,1610612742,68,77,2024-12-16T02:31:32Z,3140000,False,232.0,31.0,1,left,MISS K. Thompson running 3PT,[202691],1610612742.0,DAL,running,,,Thompson,K. Thompson,,,,,Right Corner 3,24+ Right,23.37,Missed,,,,,,,,,,,,,,,,,,
318,PT01M22.00S,2024-12-16T02:30:20.2Z,2,REGULAR,rebound,offensive,[],1629029,,,1610612742,68,77,2024-12-16T02:31:43Z,3150000,False,,,0,,L. Dončić REBOUND (Off:1 Def:6),[1629029],1610612742.0,DAL,,,,Dončić,L. Dončić,,,,,Right Corner 3,24+ Right,,,,,,,,,,,,317.0,7.0,6.0,1.0,,,,,
319,PT01M20.00S,2024-12-16T02:30:23.8Z,2,REGULAR,3pt,Jump Shot,['2ndchance'],202691,11.251642575558476,5.147058823529411,1610612742,68,77,2024-12-16T02:31:50Z,3160000,False,224.0,53.0,1,left,MISS K. Thompson 3PT,[202691],1610612742.0,DAL,,,,Thompson,K. Thompson,,,,,Right Corner 3,24+ Right,23.05,Missed,,,,,,,,,,,,,,,,,,
320,PT01M18.00S,2024-12-16T02:30:25.8Z,2,REGULAR,rebound,offensive,[],1629029,,,1610612742,68,77,2024-12-16T02:31:50Z,3170000,False,,,0,,L. Dončić REBOUND (Off:2 Def:6),[1629029],1610612742.0,DAL,,,,Dončić,L. Dončić,,,,,Right Corner 3,24+ Right,,,,,,,,,,,,319.0,8.0,6.0,2.0,,,,,
321,PT01M18.00S,2024-12-16T02:30:29.5Z,2,REGULAR,foul,personal,['2freethrow'],1631218,,,1610612742,68,77,2024-12-16T02:30:39Z,3180000,False,,,0,,T. Jackson-Davis shooting personal FOUL (2 PF) (Dončić 2 FT),"[1631218, 1629029]",1610612744.0,GSW,shooting,,,Jackson-Davis,T. Jackson-Davis,,,,,Mid-Range,8-16 Right,,,,,,,2530.0,2.0,0.0,Dončić,1629029.0,,,,,,,,,
323,PT01M18.00S,2024-12-16T02:30:57.0Z,2,REGULAR,freethrow,1 of 2,['2ndchance'],1629029,,,1610612742,68,78,2024-12-16T02:30:57Z,3200000,False,,,0,,L. Dončić Free Throw 1 of 2 (25 PTS),[1629029],1610612742.0,DAL,,,,Dončić,L. Dončić,,,,,,,,Made,25.0,,,,,,,,,,,,,,,,,
324,PT01M18.00S,2024-12-16T02:31:14.7Z,2,REGULAR,freethrow,2 of 2,['2ndchance'],1629029,,,1610612742,68,79,2024-12-16T02:31:14Z,3210000,False,,,0,,L. Dončić Free Throw 2 of 2 (26 PTS),[1629029],1610612742.0,DAL,,,,Dončić,L. Dončić,,,,,,,,Made,26.0,,,,,,,,,,,,,,,,,
325,PT01M07.00S,2024-12-16T02:31:28.9Z,2,REGULAR,3pt,Jump Shot,[],203952,90.75229960578186,2.941176470588235,1610612744,71,79,2024-12-16T02:31:37Z,3220000,False,-235.0,34.0,1,right,A. Wiggins 3PT  (15 PTS) (T. Jackson-Davis 2 AST),"[203952, 1631218]",1610612744.0,GSW,,,,Wiggins,A. Wiggins,,,,,Left Corner 3,24+ Left,23.78,Made,15.0,T. Jackson-Davis,1631218.0,2.0,,,,,,,,,,,,,,
327,PT00M54.80S,2024-12-16T02:31:41.8Z,2,REGULAR,3pt,Jump Shot,[],1629029,28.07161629434954,81.61764705882352,1610612742,71,79,2024-12-16T02:32:35Z,3240000,False,-158.0,211.0,1,left,MISS L. Dončić 26' step back 3PT,[1629029],1610612742.0,DAL,step back,,,Dončić,L. Dončić,,,,,Above the Break 3,24+ Left Center,26.4,Missed,,,,,,,,,,,,,,,,,,
328,PT00M52.40S,2024-12-16T02:31:46.6Z,2,REGULAR,rebound,defensive,['team'],0,,,1610612744,71,79,2024-12-16T02:31:46Z,3250000,False,,,0,,TEAM defensive REBOUND,[],1610612744.0,GSW,,,,,,,,,,Above the Break 3,24+ Left Center,,,,,,,,,,,,327.0,,,,,,,,
330,PT00M34.00S,2024-12-16T02:32:11.7Z,2,REGULAR,3pt,Jump Shot,[],203110,94.1688567674113,96.07843137254902,1610612744,74,79,2024-12-16T02:32:19Z,3270000,False,230.0,2.0,1,right,D. Green 3PT  (12 PTS) (S. Curry 3 AST),"[203110, 201939]",1610612744.0,GSW,,,,Green,D. Green,,,,,Right Corner 3,24+ Right,23.04,Made,12.0,S. Curry,201939.0,3.0,,,,,,,,,,,,,,
332,PT00M12.00S,2024-12-16T02:32:36.8Z,2,REGULAR,3pt,Jump Shot,[],1629023,6.915243101182654,4.411764705882353,1610612742,74,79,2024-12-16T02:32:58Z,3290000,False,228.0,13.0,1,left,MISS P. Washington step back 3PT,[1629023],1610612742.0,DAL,step back,,,Washington,P. Washington,,,,,Right Corner 3,24+ Right,22.82,Missed,,,,,,,,,,,,,,,,,,
333,PT00M09.40S,2024-12-16T02:32:39.4Z,2,REGULAR,rebound,offensive,[],1641726,,,1610612742,74,79,2024-12-16T02:32:39Z,3300000,False,,,0,,D. Lively II REBOUND (Off:2 Def:3),[1641726],1610612742.0,DAL,,,,Lively II,D. Lively II,,,,,Right Corner 3,24+ Right,,,,,,,,,,,,332.0,5.0,3.0,2.0,,,,,
334,PT00M07.50S,2024-12-16T02:32:42.8Z,2,REGULAR,foul,personal,"['inpenalty', '2freethrow']",1630322,,,1610612742,74,79,2024-12-16T02:32:51Z,3310000,False,,,0,,L. Waters III personal FOUL (2 PF) (Dončić 2 FT),"[1630322, 1629029]",1610612744.0,GSW,,,,Waters III,L. Waters III,,,,,Above the Break 3,24+ Right Center,,,,,,,2530.0,2.0,0.0,Dončić,1629029.0,,,,,,,,,
336,PT00M07.50S,2024-12-16T02:33:27.5Z,2,REGULAR,freethrow,1 of 2,['2ndchance'],1629029,,,1610612742,74,80,2024-12-16T02:33:27Z,3330000,False,,,0,,L. Dončić Free Throw 1 of 2 (27 PTS),[1629029],1610612742.0,DAL,,,,Dončić,L. Dončić,,,,,,,,Made,27.0,,,,,,,,,,,,,,,,,
337,PT00M07.50S,2024-12-16T02:33:28.3Z,2,REGULAR,substitution,out,[],1631218,,,1610612742,74,80,2024-12-16T02:33:31Z,3340000,False,,,0,,SUB out: T. Jackson-Davis,[1631218],1610612744.0,GSW,,,,Jackson-Davis,T. Jackson-Davis,,,,,,,,,,,,,,,,,,,,,,,,,,
338,PT00M07.50S,2024-12-16T02:33:28.3Z,2,REGULAR,substitution,in,[],1627741,,,1610612742,74,80,2024-12-16T02:33:31Z,3350000,False,,,0,,SUB in: B. Hield,[1627741],1610612744.0,GSW,,,,Hield,B. Hield,,,,,,,,,,,,,,,,,,,,,,,,,,
339,PT00M07.50S,2024-12-16T02:33:50.7Z,2,REGULAR,freethrow,2 of 2,['2ndchance'],1629029,,,1610612742,74,81,2024-12-16T02:33:50Z,3360000,False,,,0,,L. Dončić Free Throw 2 of 2 (28 PTS),[1629029],1610612742.0,DAL,,,,Dončić,L. Dončić,,,,,,,,Made,28.0,,,,,,,,,,,,,,,,,
340,PT00M02.10S,2024-12-16T02:33:57.5Z,2,REGULAR,3pt,Jump Shot,[],1630322,92.9862023653088,95.58823529411765,1610612744,74,81,2024-12-16T02:34:11Z,3370000,False,228.0,13.0,1,right,MISS L. Waters III 3PT,[1630322],1610612744.0,GSW,,,,Waters III,L. Waters III,,,,,Right Corner 3,24+ Right,22.83,Missed,,,,,,,,,,,,,,,,,,
341,PT00M00.20S,2024-12-16T02:33:59.4Z,2,REGULAR,rebound,defensive,[],1641726,,,1610612742,74,81,2024-12-16T02:34:35Z,3380000,False,,,0,,D. Lively II REBOUND (Off:2 Def:4),[1641726],1610612742.0,DAL,,,,Lively II,D. Lively II,,,,,Right Corner 3,24+ Right,,,,,,,,,,,,340.0,6.0,4.0,2.0,,,,,
342,PT00M00.00S,2024-12-16T02:34:02.0Z,2,REGULAR,period,end,[],0,,,1610612742,74,81,2024-12-16T02:34:02Z,3390000,False,,,0,,Period End,[],,,,,,,,,,,,,,,,,,,,,,,,,,,,,,,,,
343,PT12M00.00S,2024-12-16T02:49:10.3Z,3,REGULAR,substitution,out,['startperiod'],203110,,,1610612742,74,81,2024-12-16T02:49:22Z,3400000,False,,,0,,SUB out: D. Green,[203110],1610612744.0,GSW,,,,Green,D. Green,,,,,,,,,,,,,,,,,,,,,,,,,,
344,PT12M00.00S,2024-12-16T02:49:10.3Z,3,REGULAR,substitution,out,['startperiod'],1630322,,,1610612742,74,81,2024-12-16T02:49:22Z,3410000,False,,,0,,SUB out: L. Waters III,[1630322],1610612744.0,GSW,,,,Waters III,L. Waters III,,,,,,,,,,,,,,,,,,,,,,,,,,
345,PT12M00.00S,2024-12-16T02:49:10.3Z,3,REGULAR,substitution,in,['startperiod'],1626172,,,1610612742,74,81,2024-12-16T02:49:22Z,3420000,False,,,0,,SUB in: K. Looney,[1626172],1610612744.0,GSW,,,,Looney,K. Looney,,,,,,,,,,,,,,,,,,,,,,,,,,
346,PT12M00.00S,2024-12-16T02:49:10.3Z,3,REGULAR,substitution,in,['startperiod'],1630228,,,1610612742,74,81,2024-12-16T02:49:22Z,3430000,False,,,0,,SUB in: J. Kuminga,[1630228],1610612744.0,GSW,,,,Kuminga,J. Kuminga,,,,,,,,,,,,,,,,,,,,,,,,,,
347,PT12M00.00S,2024-12-16T02:49:36.6Z,3,REGULAR,period,start,[],0,,,1610612744,74,81,2024-12-16T02:49:36Z,3440000,False,,,0,,Period Start,[],,,,,,,,,,,,,,,,,,,,,,,,,,,,,,,,,
348,PT11M45.00S,2024-12-16T02:49:51.2Z,3,REGULAR,3pt,Jump Shot,[],1627741,30.17411300919842,9.558823529411764,1610612744,74,81,2024-12-16T02:49:58Z,3450000,False,202.0,231.0,1,left,MISS B. Hield 30' 3PT,[1627741],1610612744.0,GSW,,,,Hield,B. Hield,,,,,Above the Break 3,24+ Right Center,30.71,Missed,,,,,,,,,,,,,,,,,,
349,PT11M43.00S,2024-12-16T02:49:53.2Z,3,REGULAR,rebound,defensive,[],202691,,,1610612742,74,81,2024-12-16T02:50:11Z,3460000,False,,,0,,K. Thompson REBOUND (Off:0 Def:2),[202691],1610612742.0,DAL,,,,Thompson,K. Thompson,,,,,Above the Break 3,24+ Right Center,,,,,,,,,,,,348.0,2.0,2.0,0.0,,,,,
350,PT11M28.00S,2024-12-16T02:50:07.5Z,3,REGULAR,2pt,Jump Shot,['pointsinthepaint'],1629029,82.34231274638634,37.254901960784316,1610612742,74,83,2024-12-16T02:50:29Z,3470000,False,-64.0,113.0,1,right,L. Dončić 13' fadeaway Jump Shot (30 PTS),[1629029],1610612742.0,DAL,fadeaway,,,Dončić,L. Dončić,,,,,In The Paint (Non-RA),8-16 Center,13.02,Made,30.0,,,,,,,,,,,,,,,,,
351,PT11M19.00S,2024-12-16T02:50:17.3Z,3,REGULAR,3pt,Jump Shot,[],201939,27.677398160315374,13.480392156862745,1610612744,77,83,2024-12-16T02:50:48Z,3480000,False,183.0,208.0,1,left,S. Curry 27' 3PT  (15 PTS) (A. Wiggins 4 AST),"[201939, 203952]",1610612744.0,GSW,,,,Curry,S. Curry,,,,,Above the Break 3,24+ Right Center,27.66,Made,15.0,A. Wiggins,203952.0,4.0,,,,,,,,,,,,,,
353,PT11M02.00S,2024-12-16T02:50:35.2Z,3,REGULAR,turnover,double dribble,[],1629029,,,1610612742,77,83,2024-12-16T02:50:45Z,3500000,False,,,0,,L. Dončić double dribble TURNOVER (2 TO),[1629029],1610612742.0,DAL,,,,Dončić,L. Dončić,,,,,Above the Break 3,24+ Right Center,,,,,,,2002.0,,,,,,,,,,,2.0,,
354,PT10M44.00S,2024-12-16T02:51:09.0Z,3,REGULAR,2pt,Layup,"['pointsinthepaint', 'fromturnover']",203952,6.783837056504599,39.950980392156865,1610612744,77,83,2024-12-16T02:51:16Z,3510000,False,50.0,11.0,1,left,MISS A. Wiggins driving Layup - blocked,"[203952, 1629029]",1610612744.0,GSW,driving,,,Wiggins,A. Wiggins,,,,,In The Paint (Non-RA),0-8 Center,5.15,Missed,,,,,,,,,,,,,,Dončić,1629029.0,,,
355,PT10M44.00S,2024-12-16T02:51:09.0Z,3,REGULAR,block,,[],1629029,,,1610612744,77,83,2024-12-16T02:51:11Z,3520000,False,,,0,,L. Dončić BLOCK (1 BLK),[1629029],1610612742.0,DAL,,,,Dončić,L. Dončić,,,,,In The Paint (Non-RA),0-8 Center,,,,,,,,,,,,,,,,,,,,
356,PT10M44.00S,2024-12-16T02:51:09.0Z,3,REGULAR,rebound,offensive,['team'],0,,,1610612744,77,83,2024-12-16T02:51:16Z,3530000,False,,,0,,TEAM offensive REBOUND,[],1610612744.0,GSW,,,,,,,,,,In The Paint (Non-RA),0-8 Center,,,,,,,,,,,,354.0,,,,,,,,
358,PT10M43.00S,2024-12-16T02:51:24.5Z,3,REGULAR,foul,personal,[],202691,,,1610612744,77,83,2024-12-16T02:52:11Z,3550000,False,,,0,,K. Thompson personal FOUL (1 PF),"[202691, 203952]",1610612742.0,DAL,,,,Thompson,K. Thompson,,,,,Left Corner 3,24+ Left,,,,,,,204058.0,1.0,0.0,Wiggins,203952.0,,,,,,,,,
360,PT10M37.00S,2024-12-16T02:52:04.2Z,3,REGULAR,3pt,Jump Shot,"['fromturnover', '2ndchance']",1630228,32.14520367936925,50.245098039215684,1610612744,80,83,2024-12-16T02:52:16Z,3570000,False,-1.0,250.0,1,left,J. Kuminga 24' 3PT  (12 PTS) (S. Curry 4 AST),"[1630228, 201939]",1610612744.0,GSW,,,,Kuminga,J. Kuminga,,,,,Above the Break 3,24+ Center,24.97,Made,12.0,S. Curry,201939.0,4.0,,,,,,,,,,,,,,
362,PT10M19.00S,2024-12-16T02:52:20.9Z,3,REGULAR,3pt,Jump Shot,[],1629029,77.61169513797634,6.372549019607843,1610612742,80,86,2024-12-16T02:52:33Z,3590000,False,-218.0,158.0,1,right,L. Dončić 26' 3PT step back (33 PTS) (D. Lively II 3 AST),"[1629029, 1641726]",1610612742.0,DAL,step back,,,Dončić,L. Dončić,,,,,Above the Break 3,24+ Left Center,26.93,Made,33.0,D. Lively II,1641726.0,3.0,,,,,,,,,,,,,,
364,PT10M12.00S,2024-12-16T02:52:28.4Z,3,REGULAR,2pt,Layup,['pointsinthepaint'],203952,7.966491458607096,43.38235294117647,1610612744,82,86,2024-12-16T02:52:53Z,3610000,False,33.0,22.0,1,left,A. Wiggins driving finger roll Layup (17 PTS) (S. Curry 5 AST),"[203952, 201939]",1610612744.0,GSW,driving finger roll,,,Wiggins,A. Wiggins,,,,,Restricted Area,0-8 Center,4.0,Made,17.0,S. Curry,201939.0,5.0,,,,,,,,,,,,,,
366,PT10M04.00S,2024-12-16T02:52:36.2Z,3,REGULAR,2pt,Layup,['pointsinthepaint'],1629023,94.95729303547962,54.166666666666664,1610612742,82,88,2024-12-16T02:53:19Z,3630000,False,21.0,-5.0,1,right,P. Washington driving finger roll Layup (12 PTS) (K. Irving 6 AST),"[1629023, 202681]",1610612742.0,DAL,driving finger roll,,,Washington,P. Washington,,,,,Restricted Area,0-8 Center,2.14,Made,12.0,K. Irving,202681.0,6.0,,,,,,,,,,,,,,
367,PT09M57.00S,2024-12-16T02:52:43.7Z,3,REGULAR,2pt,Layup,['pointsinthepaint'],203952,8.09789750328515,42.64705882352941,1610612744,84,88,2024-12-16T02:53:48Z,3640000,False,37.0,24.0,1,left,A. Wiggins driving finger roll Layup (19 PTS) (S. Curry 6 AST),"[203952, 201939]",1610612744.0,GSW,driving finger roll,,,Wiggins,A. Wiggins,,,,,Restricted Area,0-8 Center,4.37,Made,19.0,S. Curry,201939.0,6.0,,,,,,,,,,,,,,
369,PT09M44.00S,2024-12-16T02:52:55.8Z,3,REGULAR,3pt,Jump Shot,[],202691,93.11760840998686,96.81372549019608,1610612742,84,91,2024-12-16T02:53:01Z,3660000,False,234.0,12.0,1,right,K. Thompson 3PT  (11 PTS) (P. Washington 1 AST),"[202691, 1629023]",1610612742.0,DAL,,,,Thompson,K. Thompson,,,,,Right Corner 3,24+ Right,23.44,Made,11.0,P. Washington,1629023.0,1.0,,,,,,,,,,,,,,
371,PT09M27.00S,2024-12-16T02:53:14.0Z,3,REGULAR,2pt,Jump Shot,['pointsinthepaint'],1630228,16.770696452036795,39.46078431372549,1610612744,84,91,2024-12-16T02:54:34Z,3680000,False,53.0,105.0,1,left,MISS J. Kuminga 11' pullup Shot,[1630228],1610612744.0,GSW,pullup,,,Kuminga,J. Kuminga,,,,,In The Paint (Non-RA),8-16 Center,11.76,Missed,,,,,,,,,,,,,,,,,,
372,PT09M25.00S,2024-12-16T02:53:16.0Z,3,REGULAR,rebound,defensive,[],1629029,,,1610612742,84,91,2024-12-16T02:53:19Z,3690000,False,,,0,,L. Dončić REBOUND (Off:2 Def:7),[1629029],1610612742.0,DAL,,,,Dončić,L. Dončić,,,,,In The Paint (Non-RA),8-16 Center,,,,,,,,,,,,371.0,9.0,7.0,2.0,,,,,
373,PT09M18.00S,2024-12-16T02:53:22.9Z,3,REGULAR,2pt,Jump Shot,[],1629029,91.01511169513797,68.38235294117648,1610612742,84,93,2024-12-16T02:53:38Z,3700000,False,92.0,32.0,1,right,L. Dončić 9' driving floating bank Jump Shot (35 PTS),[1629029],1610612742.0,DAL,driving floating bank,,,Dončić,L. Dončić,,,,,Mid-Range,8-16 Right,9.73,Made,35.0,,,,,,,,,,,,,,,,,
374,PT09M06.00S,2024-12-16T02:53:34.4Z,3,REGULAR,2pt,Layup,['pointsinthepaint'],201939,6.915243101182654,54.90196078431373,1610612744,86,93,2024-12-16T02:55:02Z,3710000,False,-25.0,13.0,1,left,S. Curry driving finger roll Layup (17 PTS),[201939],1610612744.0,GSW,driving finger roll,,,Curry,S. Curry,,,,,Restricted Area,0-8 Center,2.75,Made,17.0,,,,,,,,,,,,,,,,,
375,PT08M55.00S,2024-12-16T02:53:48.0Z,3,REGULAR,foul,offensive,[],1629023,,,1610612742,86,93,2024-12-16T02:54:04Z,3720000,False,,,0,,P. Washington offensive FOUL (1 PF),"[1629023, 201939]",1610612742.0,DAL,,,,Washington,P. Washington,,,,,Above the Break 3,24+ Left Center,,,,,,,2002.0,1.0,0.0,Curry,201939.0,,,,,,,,,
377,PT08M55.00S,2024-12-16T02:53:48.0Z,3,REGULAR,turnover,offensive foul,[],1629023,,,1610612742,86,93,2024-12-16T02:53:48Z,3740000,False,,,0,,P. Washington offensive foul TURNOVER (2 TO),[1629023],1610612742.0,DAL,,,,Washington,P. Washington,,,,,Above the Break 3,24+ Left Center,,,,,,,2002.0,,,,,,,,,,,2.0,,
378,PT08M35.00S,2024-12-16T02:54:23.8Z,3,REGULAR,2pt,Jump Shot,"['pointsinthepaint', 'fromturnover']",1630228,19.004599211563733,37.99019607843137,1610612744,86,93,2024-12-16T02:54:33Z,3750000,False,60.0,126.0,1,left,MISS J. Kuminga 13' pullup Shot,[1630228],1610612744.0,GSW,pullup,,,Kuminga,J. Kuminga,,,,,In The Paint (Non-RA),8-16 Center,13.96,Missed,,,,,,,,,,,,,,,,,,
379,PT08M32.00S,2024-12-16T02:54:26.8Z,3,REGULAR,rebound,defensive,[],202691,,,1610612742,86,93,2024-12-16T02:54:33Z,3760000,False,,,0,,K. Thompson REBOUND (Off:0 Def:3),[202691],1610612742.0,DAL,,,,Thompson,K. Thompson,,,,,In The Paint (Non-RA),8-16 Center,,,,,,,,,,,,378.0,3.0,3.0,0.0,,,,,
380,PT08M23.00S,2024-12-16T02:54:35.8Z,3,REGULAR,3pt,Jump Shot,[],202691,68.15045992115637,75.24509803921569,1610612742,86,96,2024-12-16T02:54:42Z,3770000,False,126.0,247.0,1,right,K. Thompson 27' 3PT  (14 PTS) (L. Dončić 10 AST),"[202691, 1629029]",1610612742.0,DAL,,,,Thompson,K. Thompson,,,,,Above the Break 3,24+ Right Center,27.73,Made,14.0,L. Dončić,1629029.0,10.0,,,,,,,,,,,,,,
382,PT08M09.00S,2024-12-16T02:54:49.2Z,3,REGULAR,3pt,Jump Shot,[],203952,33.327858081471746,39.950980392156865,1610612744,86,96,2024-12-16T02:55:59Z,3790000,False,50.0,261.0,1,left,MISS A. Wiggins 26' pullup 3PT,[203952],1610612744.0,GSW,pullup,,,Wiggins,A. Wiggins,,,,,Above the Break 3,24+ Center,26.56,Missed,,,,,,,,,,,,,,,,,,
383,PT08M05.00S,2024-12-16T02:54:53.2Z,3,REGULAR,rebound,defensive,[],1641726,,,1610612742,86,96,2024-12-16T02:54:55Z,3800000,False,,,0,,D. Lively II REBOUND (Off:2 Def:5),[1641726],1610612742.0,DAL,,,,Lively II,D. Lively II,,,,,Above the Break 3,24+ Center,,,,,,,,,,,,382.0,7.0,5.0,2.0,,,,,
384,PT07M49.00S,2024-12-16T02:55:09.3Z,3,REGULAR,2pt,Jump Shot,[],202691,84.70762155059133,24.264705882352942,1610612742,86,98,2024-12-16T02:55:15Z,3810000,False,-129.0,91.0,1,right,K. Thompson 15' fadeaway Jump Shot (16 PTS),[202691],1610612742.0,DAL,fadeaway,,,Thompson,K. Thompson,,,,,Mid-Range,8-16 Left,15.77,Made,16.0,,,,,,,,,,,,,,,,,
385,PT07M48.00S,2024-12-16T02:55:14.2Z,3,REGULAR,timeout,full,"['team', 'mandatory']",0,,,1610612744,86,98,2024-12-16T02:55:14Z,3820000,False,,,0,,GSW Timeout,[],1610612744.0,GSW,,,,,,,,,,,,,,,,,,,,,,,,,,,,,,,
388,PT07M48.00S,2024-12-16T02:57:51.5Z,3,REGULAR,substitution,out,[],1630228,,,1610612744,86,98,2024-12-16T02:58:00Z,3840000,False,,,0,,SUB out: J. Kuminga,[1630228],1610612744.0,GSW,,,,Kuminga,J. Kuminga,,,,,,,,,,,,,,,,,,,,,,,,,,
389,PT07M48.00S,2024-12-16T02:57:51.5Z,3,REGULAR,substitution,in,[],203110,,,1610612744,86,98,2024-12-16T02:58:00Z,3850000,False,,,0,,SUB in: D. Green,[203110],1610612744.0,GSW,,,,Green,D. Green,,,,,,,,,,,,,,,,,,,,,,,,,,
392,PT07M38.00S,2024-12-16T02:58:57.0Z,3,REGULAR,turnover,bad pass,[],203110,,,1610612744,86,98,2024-12-16T02:59:10Z,3880000,False,,,0,,D. Green bad pass TURNOVER (2 TO),"[203110, 1629029]",1610612744.0,GSW,,,,Green,D. Green,,,,,Above the Break 3,24+ Right Center,,,,,,,,,,,,,,,,,,2.0,Dončić,1629029.0
393,PT07M38.00S,2024-12-16T02:58:57.0Z,3,REGULAR,steal,,[],1629029,,,1610612742,86,98,2024-12-16T02:58:58Z,3890000,False,,,0,,L. Dončić STEAL (2 STL),[1629029],1610612742.0,DAL,,,,Dončić,L. Dončić,,,,,Above the Break 3,24+ Right Center,,,,,,,,,,,,,,,,,,,,
394,PT07M34.00S,2024-12-16T02:59:01.2Z,3,REGULAR,2pt,DUNK,"['pointsinthepaint', 'fromturnover']",1629029,94.03745072273325,44.36274509803921,1610612742,86,100,2024-12-16T02:59:19Z,3900000,False,-28.0,4.0,1,right,L. Dončić DUNK (37 PTS) (K. Irving 7 AST),"[1629029, 202681]",1610612742.0,DAL,,,,Dončić,L. Dončić,,,,,Restricted Area,0-8 Center,2.84,Made,37.0,K. Irving,202681.0,7.0,,,,,,,,,,,,,,
396,PT07M16.00S,2024-12-16T02:59:19.3Z,3,REGULAR,2pt,Layup,['pointsinthepaint'],203952,7.440867279894875,44.85294117647059,1610612744,88,100,2024-12-16T02:59:59Z,3920000,False,26.0,17.0,1,left,A. Wiggins driving finger roll Layup (21 PTS) (D. Green 3 AST),"[203952, 203110]",1610612744.0,GSW,driving finger roll,,,Wiggins,A. Wiggins,,,,,Restricted Area,0-8 Center,3.1,Made,21.0,D. Green,203110.0,3.0,,,,,,,,,,,,,,
397,PT07M03.00S,2024-12-16T02:59:34.1Z,3,REGULAR,turnover,bad pass,[],202691,,,1610612742,88,100,2024-12-16T03:03:43Z,3930000,False,,,0,,K. Thompson bad pass TURNOVER (1 TO),"[202691, 201939]",1610612742.0,DAL,,,,Thompson,K. Thompson,,,,,Above the Break 3,24+ Center,,,,,,,,,,,,,,,,,,1.0,Curry,201939.0
398,PT07M03.00S,2024-12-16T02:59:34.1Z,3,REGULAR,steal,,[],201939,,,1610612744,88,100,2024-12-16T03:03:56Z,3940000,False,,,0,,S. Curry STEAL (1 STL),[201939],1610612744.0,GSW,,,,Curry,S. Curry,,,,,Above the Break 3,24+ Center,,,,,,,,,,,,,,,,,,,,
399,PT06M52.00S,2024-12-16T02:59:47.4Z,3,REGULAR,foul,personal,['2freethrow'],202691,,,1610612744,88,100,2024-12-16T02:59:53Z,3950000,False,,,0,,K. Thompson shooting personal FOUL (2 PF) (Green 2 FT),"[202691, 203110]",1610612742.0,DAL,shooting,,,Thompson,K. Thompson,,,,,Restricted Area,0-8 Center,,,,,,,2002.0,2.0,0.0,Green,203110.0,,,,,,,,,
401,PT06M52.00S,2024-12-16T03:00:10.5Z,3,REGULAR,freethrow,1 of 2,['fromturnover'],203110,,,1610612744,89,100,2024-12-16T03:00:10Z,3970000,False,,,0,,D. Green Free Throw 1 of 2 (13 PTS),[203110],1610612744.0,GSW,,,,Green,D. Green,,,,,,,,Made,13.0,,,,,,,,,,,,,,,,,
402,PT06M52.00S,2024-12-16T03:00:11.3Z,3,REGULAR,substitution,out,[],201939,,,1610612744,89,100,2024-12-16T03:00:24Z,3980000,False,,,0,,SUB out: S. Curry,[201939],1610612744.0,GSW,,,,Curry,S. Curry,,,,,,,,,,,,,,,,,,,,,,,,,,
403,PT06M52.00S,2024-12-16T03:00:11.3Z,3,REGULAR,substitution,out,[],202691,,,1610612744,89,100,2024-12-16T03:00:24Z,3990000,False,,,0,,SUB out: K. Thompson,[202691],1610612742.0,DAL,,,,Thompson,K. Thompson,,,,,,,,,,,,,,,,,,,,,,,,,,
404,PT06M52.00S,2024-12-16T03:00:11.3Z,3,REGULAR,substitution,in,[],1641764,,,1610612744,89,100,2024-12-16T03:00:24Z,4000000,False,,,0,,SUB in: B. Podziemski,[1641764],1610612744.0,GSW,,,,Podziemski,B. Podziemski,,,,,,,,,,,,,,,,,,,,,,,,,,
405,PT06M52.00S,2024-12-16T03:00:11.3Z,3,REGULAR,substitution,in,[],1629656,,,1610612744,89,100,2024-12-16T03:00:24Z,4010000,False,,,0,,SUB in: Q. Grimes,[1629656],1610612742.0,DAL,,,,Grimes,Q. Grimes,,,,,,,,,,,,,,,,,,,,,,,,,,
406,PT06M52.00S,2024-12-16T03:00:33.5Z,3,REGULAR,freethrow,2 of 2,['fromturnover'],203110,,,1610612744,90,100,2024-12-16T03:00:33Z,4020000,False,,,0,,D. Green Free Throw 2 of 2 (14 PTS),[203110],1610612744.0,GSW,,,,Green,D. Green,,,,,,,,Made,14.0,,,,,,,,,,,,,,,,,
407,PT06M36.00S,2024-12-16T03:00:54.1Z,3,REGULAR,2pt,Layup,['pointsinthepaint'],1629023,88.51839684625493,49.50980392156863,1610612742,90,100,2024-12-16T03:02:11Z,4030000,False,-2.0,55.0,1,right,MISS P. Washington driving Layup - blocked,"[1629023, 203952]",1610612742.0,DAL,driving,,,Washington,P. Washington,,,,,In The Paint (Non-RA),0-8 Center,5.55,Missed,,,,,,,,,,,,,,Wiggins,203952.0,,,
408,PT06M36.00S,2024-12-16T03:00:54.1Z,3,REGULAR,block,,[],203952,,,1610612742,90,100,2024-12-16T03:00:58Z,4040000,False,,,0,,A. Wiggins BLOCK (1 BLK),[203952],1610612744.0,GSW,,,,Wiggins,A. Wiggins,,,,,In The Paint (Non-RA),0-8 Center,,,,,,,,,,,,,,,,,,,,
409,PT06M36.00S,2024-12-16T03:00:54.1Z,3,REGULAR,rebound,offensive,['team'],0,,,1610612742,90,100,2024-12-16T03:02:11Z,4050000,False,,,0,,TEAM offensive REBOUND,[],1610612742.0,DAL,,,,,,,,,,In The Paint (Non-RA),0-8 Center,,,,,,,,,,,,407.0,,,,,,,,
410,PT06M36.00S,2024-12-16T03:01:03.8Z,3,REGULAR,substitution,out,[],1641726,,,1610612742,90,100,2024-12-16T03:01:06Z,4060000,False,,,0,,SUB out: D. Lively II,[1641726],1610612742.0,DAL,,,,Lively II,D. Lively II,,,,,,,,,,,,,,,,,,,,,,,,,,
411,PT06M36.00S,2024-12-16T03:01:03.8Z,3,REGULAR,substitution,in,[],1629655,,,1610612742,90,100,2024-12-16T03:01:06Z,4070000,False,,,0,,SUB in: D. Gafford,[1629655],1610612742.0,DAL,,,,Gafford,D. Gafford,,,,,,,,,,,,,,,,,,,,,,,,,,
412,PT06M36.00S,2024-12-16T03:01:39.2Z,3,REGULAR,jumpball,recovered,[],1629656,,,1610612742,90,100,2024-12-16T03:02:06Z,4080000,False,,,0,,Jump Ball P. Washington vs. A. Wiggins: Tip to Q. Grimes,"[1629656, 1629023, 203952]",1610612742.0,DAL,heldball,Q. Grimes,1629656.0,Grimes,Q. Grimes,Washington,1629023.0,Wiggins,203952.0,,,,,,,,,,,,,,,,,,,,,,
415,PT06M28.00S,2024-12-16T03:01:45.4Z,3,REGULAR,2pt,Jump Shot,['2ndchance'],1629656,89.96386333771353,30.88235294117647,1610612742,90,100,2024-12-16T03:41:31Z,4110000,False,-96.0,42.0,1,right,MISS Q. Grimes 10' bank Shot,[1629656],1610612742.0,DAL,bank,,,Grimes,Q. Grimes,,,,,Mid-Range,8-16 Left,10.43,Missed,,,,,,,,,,,,,,,,,,
416,PT06M25.00S,2024-12-16T03:01:48.4Z,3,REGULAR,rebound,offensive,['team'],0,,,1610612742,90,100,2024-12-16T03:04:53Z,4120000,False,,,0,,TEAM offensive REBOUND,[],1610612742.0,DAL,,,,,,,,,,Mid-Range,8-16 Left,,,,,,,,,,,,415.0,,,,,,,,
418,PT06M25.00S,2024-12-16T03:02:06.4Z,3,REGULAR,timeout,full,"['team', 'mandatory']",0,,,1610612742,90,100,2024-12-16T03:02:06Z,4140000,False,,,0,,GSW Timeout,[],1610612744.0,GSW,,,,,,,,,,,,,,,,,,,,,,,,,,,,,,,
421,PT06M25.00S,2024-12-16T03:04:41.1Z,3,REGULAR,substitution,out,[],1626172,,,1610612742,90,100,2024-12-16T03:04:54Z,4160000,False,,,0,,SUB out: K. Looney,[1626172],1610612744.0,GSW,,,,Looney,K. Looney,,,,,,,,,,,,,,,,,,,,,,,,,,
422,PT06M25.00S,2024-12-16T03:04:41.1Z,3,REGULAR,substitution,in,[],1631218,,,1610612742,90,100,2024-12-16T03:04:54Z,4170000,False,,,0,,SUB in: T. Jackson-Davis,[1631218],1610612744.0,GSW,,,,Jackson-Davis,T. Jackson-Davis,,,,,,,,,,,,,,,,,,,,,,,,,,
423,PT06M13.00S,2024-12-16T03:05:17.5Z,3,REGULAR,3pt,Jump Shot,['2ndchance'],202681,69.85873850197109,73.77450980392157,1610612742,90,100,2024-12-16T03:05:30Z,4180000,False,119.0,231.0,1,right,MISS K. Irving 25' 3PT,[202681],1610612742.0,DAL,,,,Irving,K. Irving,,,,,Above the Break 3,24+ Right Center,25.96,Missed,,,,,,,,,,,,,,,,,,
424,PT06M09.00S,2024-12-16T03:05:21.5Z,3,REGULAR,rebound,offensive,[],1629655,,,1610612742,90,100,2024-12-16T03:05:50Z,4190000,False,,,0,,D. Gafford REBOUND (Off:3 Def:3),[1629655],1610612742.0,DAL,,,,Gafford,D. Gafford,,,,,Above the Break 3,24+ Right Center,,,,,,,,,,,,423.0,6.0,3.0,3.0,,,,,
425,PT06M08.00S,2024-12-16T03:05:25.1Z,3,REGULAR,turnover,out-of-bounds,[],1629655,,,1610612742,90,100,2024-12-16T03:05:45Z,4200000,False,,,0,,D. Gafford bad pass out-of-bounds TURNOVER (3 TO),[1629655],1610612742.0,DAL,bad pass,,,Gafford,D. Gafford,,,,,Mid-Range,8-16 Left,,,,,,,2530.0,,,,,,,,,,,3.0,,
426,PT05M58.00S,2024-12-16T03:05:40.1Z,3,REGULAR,3pt,Jump Shot,['fromturnover'],203952,16.507884362680684,94.85294117647058,1610612744,90,100,2024-12-16T03:05:49Z,4210000,False,-224.0,103.0,1,left,MISS A. Wiggins 24' 3PT,[203952],1610612744.0,GSW,,,,Wiggins,A. Wiggins,,,,,Above the Break 3,24+ Left Center,24.67,Missed,,,,,,,,,,,,,,,,,,
427,PT05M56.00S,2024-12-16T03:05:43.2Z,3,REGULAR,rebound,defensive,[],1629029,,,1610612742,90,100,2024-12-16T03:05:43Z,4220000,False,,,0,,L. Dončić REBOUND (Off:2 Def:8),[1629029],1610612742.0,DAL,,,,Dončić,L. Dončić,,,,,Above the Break 3,24+ Left Center,,,,,,,,,,,,426.0,10.0,8.0,2.0,,,,,
428,PT05M50.00S,2024-12-16T03:05:50.4Z,3,REGULAR,foul,personal,['2freethrow'],1631218,,,1610612742,90,100,2024-12-16T03:05:56Z,4230000,False,,,0,,T. Jackson-Davis shooting personal FOUL (3 PF) (Dončić 2 FT),"[1631218, 1629029]",1610612744.0,GSW,shooting,,,Jackson-Davis,T. Jackson-Davis,,,,,Mid-Range,8-16 Right,,,,,,,2002.0,3.0,0.0,Dončić,1629029.0,,,,,,,,,
430,PT05M50.00S,2024-12-16T03:06:13.6Z,3,REGULAR,freethrow,1 of 2,[],1629029,,,1610612742,90,101,2024-12-16T03:07:09Z,4250000,False,,,0,,L. Dončić Free Throw 1 of 2 (38 PTS),[1629029],1610612742.0,DAL,,,,Dončić,L. Dončić,,,,,,,,Made,38.0,,,,,,,,,,,,,,,,,
431,PT05M50.00S,2024-12-16T03:06:14.4Z,3,REGULAR,substitution,out,[],202681,,,1610612742,90,101,2024-12-16T03:06:19Z,4260000,False,,,0,,SUB out: K. Irving,[202681],1610612742.0,DAL,,,,Irving,K. Irving,,,,,,,,,,,,,,,,,,,,,,,,,,
432,PT05M50.00S,2024-12-16T03:06:14.4Z,3,REGULAR,substitution,in,[],203915,,,1610612742,90,101,2024-12-16T03:06:19Z,4270000,False,,,0,,SUB in: S. Dinwiddie,[203915],1610612742.0,DAL,,,,Dinwiddie,S. Dinwiddie,,,,,,,,,,,,,,,,,,,,,,,,,,
433,PT05M50.00S,2024-12-16T03:06:13.6Z,3,REGULAR,freethrow,2 of 2,[],1629029,,,1610612742,90,101,2024-12-16T03:07:09Z,4280000,False,,,0,,MISS L. Dončić Free Throw 2 of 2,[1629029],1610612742.0,DAL,,,,Dončić,L. Dončić,,,,,,,,Missed,,,,,,,,,,,,,,,,,,
434,PT05M48.00S,2024-12-16T03:06:15.6Z,3,REGULAR,rebound,defensive,[],203110,,,1610612744,90,101,2024-12-16T03:07:09Z,4290000,False,,,0,,D. Green REBOUND (Off:1 Def:2),[203110],1610612744.0,GSW,,,,Green,D. Green,,,,,,,,,,,,,,,,,,433.0,3.0,2.0,1.0,,,,,
435,PT05M35.00S,2024-12-16T03:06:49.0Z,3,REGULAR,3pt,Jump Shot,[],203110,4.28712220762155,96.32352941176471,1610612744,90,101,2024-12-16T03:07:22Z,4300000,False,-232.0,-12.0,1,left,MISS D. Green 3PT,[203110],1610612744.0,GSW,,,,Green,D. Green,,,,,Left Corner 3,24+ Left,23.19,Missed,,,,,,,,,,,,,,,,,,
436,PT05M31.00S,2024-12-16T03:06:52.5Z,3,REGULAR,rebound,defensive,[],203915,,,1610612742,90,101,2024-12-16T03:06:52Z,4310000,False,,,0,,S. Dinwiddie REBOUND (Off:0 Def:3),[203915],1610612742.0,DAL,,,,Dinwiddie,S. Dinwiddie,,,,,Left Corner 3,24+ Left,,,,,,,,,,,,435.0,3.0,3.0,0.0,,,,,
437,PT05M26.00S,2024-12-16T03:06:57.6Z,3,REGULAR,3pt,Jump Shot,['fastbreak'],1629029,64.47109067017082,53.431372549019606,1610612742,90,104,2024-12-16T03:07:34Z,4320000,False,17.0,281.0,1,right,L. Dončić 28' 3PT step back (41 PTS),[1629029],1610612742.0,DAL,step back,,,Dončić,L. Dončić,,,,,Above the Break 3,24+ Center,28.2,Made,41.0,,,,,,,,,,,,,,,,,
438,PT05M07.00S,2024-12-16T03:07:17.8Z,3,REGULAR,3pt,Jump Shot,[],1627741,32.14520367936925,35.049019607843135,1610612744,90,104,2024-12-16T03:07:47Z,4330000,False,75.0,250.0,1,left,MISS B. Hield 26' pullup 3PT,[1627741],1610612744.0,GSW,pullup,,,Hield,B. Hield,,,,,Above the Break 3,24+ Center,26.07,Missed,,,,,,,,,,,,,,,,,,
439,PT05M07.00S,2024-12-16T03:07:17.8Z,3,REGULAR,rebound,defensive,[],1629656,,,1610612742,90,104,2024-12-16T03:07:33Z,4340000,False,,,0,,Q. Grimes REBOUND (Off:0 Def:1),[1629656],1610612742.0,DAL,,,,Grimes,Q. Grimes,,,,,Above the Break 3,24+ Center,,,,,,,,,,,,438.0,1.0,1.0,0.0,,,,,
440,PT04M48.00S,2024-12-16T03:07:36.3Z,3,REGULAR,2pt,Layup,['pointsinthepaint'],1629656,93.38042049934296,40.19607843137255,1610612742,90,104,2024-12-16T03:08:15Z,4350000,False,-49.0,10.0,1,right,MISS Q. Grimes driving finger roll Layup,[1629656],1610612742.0,DAL,driving finger roll,,,Grimes,Q. Grimes,,,,,In The Paint (Non-RA),0-8 Center,5.0,Missed,,,,,,,,,,,,,,,,,,
441,PT04M46.00S,2024-12-16T03:07:38.3Z,3,REGULAR,rebound,defensive,[],1631218,,,1610612744,90,104,2024-12-16T03:08:06Z,4360000,False,,,0,,T. Jackson-Davis REBOUND (Off:2 Def:2),[1631218],1610612744.0,GSW,,,,Jackson-Davis,T. Jackson-Davis,,,,,In The Paint (Non-RA),0-8 Center,,,,,,,,,,,,440.0,4.0,2.0,2.0,,,,,
442,PT04M41.00S,2024-12-16T03:07:43.5Z,3,REGULAR,turnover,bad pass,[],1627741,,,1610612744,90,104,2024-12-16T03:08:14Z,4370000,False,,,0,,B. Hield bad pass TURNOVER (2 TO),"[1627741, 1629656]",1610612744.0,GSW,,,,Hield,B. Hield,,,,,Above the Break 3,24+ Right Center,,,,,,,,,,,,,,,,,,2.0,Grimes,1629656.0
443,PT04M41.00S,2024-12-16T03:07:43.5Z,3,REGULAR,steal,,[],1629656,,,1610612742,90,104,2024-12-16T03:07:44Z,4380000,False,,,0,,Q. Grimes STEAL (1 STL),[1629656],1610612742.0,DAL,,,,Grimes,Q. Grimes,,,,,Above the Break 3,24+ Right Center,,,,,,,,,,,,,,,,,,,,
444,PT04M37.00S,2024-12-16T03:07:48.3Z,3,REGULAR,2pt,Layup,"['pointsinthepaint', 'fromturnover', 'fastbreak']",1629656,91.14651773981603,52.20588235294118,1610612742,90,104,2024-12-16T03:08:20Z,4390000,False,11.0,31.0,1,right,MISS Q. Grimes running Layup,[1629656],1610612742.0,DAL,running,,,Grimes,Q. Grimes,,,,,Restricted Area,0-8 Center,3.26,Missed,,,,,,,,,,,,,,,,,,
445,PT04M37.00S,2024-12-16T03:07:54.8Z,3,REGULAR,rebound,defensive,['team'],0,,,1610612744,90,104,2024-12-16T03:07:54Z,4400000,False,,,0,,TEAM defensive REBOUND,[],1610612744.0,GSW,,,,,,,,,,Restricted Area,0-8 Center,,,,,,,,,,,,444.0,,,,,,,,
447,PT04M23.00S,2024-12-16T03:08:29.5Z,3,REGULAR,2pt,Jump Shot,['pointsinthepaint'],203952,10.200394218134035,57.107843137254896,1610612744,90,104,2024-12-16T03:09:06Z,4420000,False,-36.0,43.0,1,left,MISS A. Wiggins driving floating bank Shot,[203952],1610612744.0,GSW,driving floating bank,,,Wiggins,A. Wiggins,,,,,In The Paint (Non-RA),0-8 Center,5.61,Missed,,,,,,,,,,,,,,,,,,
448,PT04M23.00S,2024-12-16T03:08:29.5Z,3,REGULAR,rebound,offensive,[],1631218,,,1610612744,90,104,2024-12-16T03:08:50Z,4430000,False,,,0,,T. Jackson-Davis REBOUND (Off:3 Def:2),[1631218],1610612744.0,GSW,,,,Jackson-Davis,T. Jackson-Davis,,,,,In The Paint (Non-RA),0-8 Center,,,,,,,,,,,,447.0,5.0,2.0,3.0,,,,,
449,PT04M23.00S,2024-12-16T03:08:32.4Z,3,REGULAR,foul,personal,['2freethrow'],1629023,,,1610612744,90,104,2024-12-16T03:09:23Z,4440000,False,,,0,,P. Washington shooting personal FOUL (2 PF) (Jackson-Davis 2 FT),"[1629023, 1631218]",1610612742.0,DAL,shooting,,,Washington,P. Washington,,,,,Restricted Area,0-8 Center,,,,,,,204058.0,2.0,0.0,Jackson-Davis,1631218.0,,,,,,,,,
451,PT04M23.00S,2024-12-16T03:08:55.0Z,3,REGULAR,freethrow,1 of 2,['2ndchance'],1631218,,,1610612744,90,104,2024-12-16T03:09:18Z,4460000,False,,,0,,MISS T. Jackson-Davis Free Throw 1 of 2,[1631218],1610612744.0,GSW,,,,Jackson-Davis,T. Jackson-Davis,,,,,,,,Missed,,,,,,,,,,,,,,,,,,
455,PT04M23.00S,2024-12-16T03:08:55.0Z,3,REGULAR,rebound,offensive,"['deadball', 'team']",0,,,1610612744,90,104,2024-12-16T03:09:18Z,4470000,False,,,0,,TEAM offensive REBOUND,[],1610612744.0,GSW,,,,,,,,,,,,,,,,,,,,,,,451.0,,,,,,,,
456,PT04M23.00S,2024-12-16T03:08:55.0Z,3,REGULAR,freethrow,2 of 2,['2ndchance'],1631218,,,1610612744,91,104,2024-12-16T03:09:18Z,4475000,False,,,0,,T. Jackson-Davis Free Throw 2 of 2 (5 PTS),[1631218],1610612744.0,GSW,,,,Jackson-Davis,T. Jackson-Davis,,,,,,,,Made,5.0,,,,,,,,,,,,,,,,,
453,PT04M23.00S,2024-12-16T03:08:55.8Z,3,REGULAR,substitution,out,[],1627741,,,1610612742,91,104,2024-12-16T03:09:18Z,4480000,False,,,0,,SUB out: B. Hield,[1627741],1610612744.0,GSW,,,,Hield,B. Hield,,,,,,,,,,,,,,,,,,,,,,,,,,
454,PT04M23.00S,2024-12-16T03:08:55.8Z,3,REGULAR,substitution,in,[],1630322,,,1610612742,91,104,2024-12-16T03:09:18Z,4490000,False,,,0,,SUB in: L. Waters III,[1630322],1610612744.0,GSW,,,,Waters III,L. Waters III,,,,,,,,,,,,,,,,,,,,,,,,,,
457,PT04M09.00S,2024-12-16T03:09:26.2Z,3,REGULAR,3pt,Jump Shot,[],1629656,66.96780551905388,34.55882352941176,1610612742,91,104,2024-12-16T03:09:50Z,4500000,False,-77.0,258.0,1,right,MISS Q. Grimes 26' pullup 3PT,[1629656],1610612742.0,DAL,pullup,,,Grimes,Q. Grimes,,,,,Above the Break 3,24+ Center,26.93,Missed,,,,,,,,,,,,,,,,,,
458,PT04M04.00S,2024-12-16T03:09:31.2Z,3,REGULAR,rebound,defensive,[],1631218,,,1610612744,91,104,2024-12-16T03:09:43Z,4510000,False,,,0,,T. Jackson-Davis REBOUND (Off:3 Def:3),[1631218],1610612744.0,GSW,,,,Jackson-Davis,T. Jackson-Davis,,,,,Above the Break 3,24+ Center,,,,,,,,,,,,457.0,6.0,3.0,3.0,,,,,
459,PT03M56.00S,2024-12-16T03:09:38.2Z,3,REGULAR,3pt,Jump Shot,[],203110,28.86005256241787,17.892156862745097,1610612744,94,104,2024-12-16T03:09:45Z,4520000,False,161.0,219.0,1,left,D. Green 27' 3PT  (17 PTS) (T. Jackson-Davis 3 AST),"[203110, 1631218]",1610612744.0,GSW,,,,Green,D. Green,,,,,Above the Break 3,24+ Right Center,27.14,Made,17.0,T. Jackson-Davis,1631218.0,3.0,,,,,,,,,,,,,,
461,PT03M36.00S,2024-12-16T03:10:10.1Z,3,REGULAR,substitution,out,[],1641764,,,1610612742,94,104,2024-12-16T03:10:21Z,4540000,False,,,0,,SUB out: B. Podziemski,[1641764],1610612744.0,GSW,,,,Podziemski,B. Podziemski,,,,,,,,,,,,,,,,,,,,,,,,,,
462,PT03M36.00S,2024-12-16T03:10:10.1Z,3,REGULAR,substitution,out,[],1629023,,,1610612742,94,104,2024-12-16T03:10:21Z,4550000,False,,,0,,SUB out: P. Washington,[1629023],1610612742.0,DAL,,,,Washington,P. Washington,,,,,,,,,,,,,,,,,,,,,,,,,,
463,PT03M36.00S,2024-12-16T03:10:10.1Z,3,REGULAR,substitution,out,[],1629029,,,1610612742,94,104,2024-12-16T03:10:21Z,4560000,False,,,0,,SUB out: L. Dončić,[1629029],1610612742.0,DAL,,,,Dončić,L. Dončić,,,,,,,,,,,,,,,,,,,,,,,,,,
464,PT03M36.00S,2024-12-16T03:10:10.1Z,3,REGULAR,substitution,in,[],201939,,,1610612742,94,104,2024-12-16T03:10:21Z,4570000,False,,,0,,SUB in: S. Curry,[201939],1610612744.0,GSW,,,,Curry,S. Curry,,,,,,,,,,,,,,,,,,,,,,,,,,
465,PT03M36.00S,2024-12-16T03:10:10.1Z,3,REGULAR,substitution,in,[],202681,,,1610612742,94,104,2024-12-16T03:10:21Z,4580000,False,,,0,,SUB in: K. Irving,[202681],1610612742.0,DAL,,,,Irving,K. Irving,,,,,,,,,,,,,,,,,,,,,,,,,,
466,PT03M36.00S,2024-12-16T03:10:10.1Z,3,REGULAR,substitution,in,[],1641765,,,1610612742,94,104,2024-12-16T03:10:21Z,4590000,False,,,0,,SUB in: O. Prosper,[1641765],1610612742.0,DAL,,,,Prosper,O. Prosper,,,,,,,,,,,,,,,,,,,,,,,,,,
467,PT03M36.00S,2024-12-16T03:10:10.1Z,3,REGULAR,substitution,out,[],203952,,,1610612742,94,104,2024-12-16T03:10:31Z,4600000,False,,,0,,SUB out: A. Wiggins,[203952],1610612744.0,GSW,,,,Wiggins,A. Wiggins,,,,,,,,,,,,,,,,,,,,,,,,,,
468,PT03M36.00S,2024-12-16T03:10:10.1Z,3,REGULAR,substitution,in,[],1627780,,,1610612742,94,104,2024-12-16T03:10:31Z,4610000,False,,,0,,SUB in: G. Payton II,[1627780],1610612744.0,GSW,,,,Payton II,G. Payton II,,,,,,,,,,,,,,,,,,,,,,,,,,
469,PT03M36.00S,2024-12-16T03:10:43.3Z,3,REGULAR,jumpball,recovered,[],0,,,1610612742,94,104,2024-12-16T03:11:04Z,4620000,False,,,0,,Jump Ball L. Waters III vs. D. Gafford: Tip to Team (GSW),"[1630322, 1629655]",1610612744.0,GSW,heldball,Team (GSW),,,,Waters III,1630322.0,Gafford,1629655.0,,,,,,,,,,,,,,,,,,,,,,
472,PT03M36.00S,2024-12-16T03:10:43.3Z,3,REGULAR,turnover,bad pass,[],203915,,,1610612742,94,104,2024-12-16T03:12:29Z,4650000,False,,,0,,S. Dinwiddie bad pass TURNOVER (1 TO),"[203915, 1630322]",1610612742.0,DAL,,,,Dinwiddie,S. Dinwiddie,,,,,Restricted Area,0-8 Center,,,,,,,,,,,,,,,,,,1.0,Waters III,1630322.0
473,PT03M36.00S,2024-12-16T03:10:43.3Z,3,REGULAR,steal,,[],1630322,,,1610612744,94,104,2024-12-16T03:10:43Z,4660000,False,,,0,,L. Waters III STEAL (1 STL),[1630322],1610612744.0,GSW,,,,Waters III,L. Waters III,,,,,Restricted Area,0-8 Center,,,,,,,,,,,,,,,,,,,,
474,PT03M21.00S,2024-12-16T03:11:02.9Z,3,REGULAR,2pt,Jump Shot,['fromturnover'],1630322,6.389618922470433,21.813725490196077,1610612744,94,104,2024-12-16T03:12:20Z,4670000,False,141.0,8.0,1,left,MISS L. Waters III 14' pullup Shot,[1630322],1610612744.0,GSW,pullup,,,Waters III,L. Waters III,,,,,Mid-Range,8-16 Right,14.11,Missed,,,,,,,,,,,,,,,,,,
475,PT03M20.00S,2024-12-16T03:11:03.9Z,3,REGULAR,rebound,offensive,[],1627780,,,1610612744,94,104,2024-12-16T03:12:20Z,4680000,False,,,0,,G. Payton II REBOUND (Off:3 Def:0),[1627780],1610612744.0,GSW,,,,Payton II,G. Payton II,,,,,Mid-Range,8-16 Right,,,,,,,,,,,,474.0,3.0,0.0,3.0,,,,,
476,PT03M18.00S,2024-12-16T03:11:05.8Z,3,REGULAR,2pt,Layup,"['2ndchance', 'pointsinthepaint', 'fromturnover']",1627780,5.590000152587891,50.0,1610612744,96,104,2024-12-16T03:12:40Z,4690000,False,0.0,0.0,1,left,G. Payton II tip Layup (2 PTS),[1627780],1610612744.0,GSW,tip,,,Payton II,G. Payton II,,,,,Restricted Area,0-8 Center,0.0,Made,2.0,,,,,,,,,,,,,,,,,
478,PT02M58.00S,2024-12-16T03:11:24.8Z,3,REGULAR,3pt,Jump Shot,[],1629656,95.48291721419186,2.450980392156863,1610612742,96,107,2024-12-16T03:11:41Z,4710000,False,-238.0,-10.0,1,right,Q. Grimes 3PT  (11 PTS) (S. Dinwiddie 3 AST),"[1629656, 203915]",1610612742.0,DAL,,,,Grimes,Q. Grimes,,,,,Left Corner 3,24+ Left,23.79,Made,11.0,S. Dinwiddie,203915.0,3.0,,,,,,,,,,,,,,
480,PT02M51.00S,2024-12-16T03:11:31.2Z,3,REGULAR,3pt,Jump Shot,[],1627780,10.200394218134035,3.431372549019608,1610612744,96,107,2024-12-16T03:11:46Z,4730000,False,233.0,43.0,1,left,MISS G. Payton II 3PT,[1627780],1610612744.0,GSW,,,,Payton II,G. Payton II,,,,,Right Corner 3,24+ Right,23.68,Missed,,,,,,,,,,,,,,,,,,
481,PT02M51.00S,2024-12-16T03:11:31.2Z,3,REGULAR,rebound,defensive,[],1629655,,,1610612742,96,107,2024-12-16T03:11:46Z,4740000,False,,,0,,D. Gafford REBOUND (Off:3 Def:4),[1629655],1610612742.0,DAL,,,,Gafford,D. Gafford,,,,,Right Corner 3,24+ Right,,,,,,,,,,,,480.0,7.0,4.0,3.0,,,,,
482,PT02M36.00S,2024-12-16T03:11:47.0Z,3,REGULAR,2pt,Layup,['pointsinthepaint'],202681,90.09526938239159,49.50980392156863,1610612742,96,109,2024-12-16T03:13:00Z,4750000,False,-2.0,41.0,1,right,K. Irving driving finger roll Layup (14 PTS),[202681],1610612742.0,DAL,driving finger roll,,,Irving,K. Irving,,,,,Restricted Area,0-8 Center,4.07,Made,14.0,,,,,,,,,,,,,,,,,
483,PT02M26.00S,2024-12-16T03:11:59.4Z,3,REGULAR,foul,personal,['2freethrow'],1629655,,,1610612744,96,109,2024-12-16T03:12:11Z,4760000,False,,,0,,D. Gafford shooting personal FOUL (2 PF) (Green 2 FT),"[1629655, 203110]",1610612742.0,DAL,shooting,,,Gafford,D. Gafford,,,,,In The Paint (Non-RA),0-8 Center,,,,,,,2530.0,2.0,0.0,Green,203110.0,,,,,,,,,
485,PT02M26.00S,2024-12-16T03:12:23.2Z,3,REGULAR,freethrow,1 of 2,[],203110,,,1610612744,97,109,2024-12-16T03:12:23Z,4780000,False,,,0,,D. Green Free Throw 1 of 2 (18 PTS),[203110],1610612744.0,GSW,,,,Green,D. Green,,,,,,,,Made,18.0,,,,,,,,,,,,,,,,,
486,PT02M26.00S,2024-12-16T03:12:24.6Z,3,REGULAR,substitution,out,[],1629655,,,1610612744,97,109,2024-12-16T03:12:28Z,4790000,False,,,0,,SUB out: D. Gafford,[1629655],1610612742.0,DAL,,,,Gafford,D. Gafford,,,,,,,,,,,,,,,,,,,,,,,,,,
487,PT02M26.00S,2024-12-16T03:12:24.6Z,3,REGULAR,substitution,in,[],1641726,,,1610612744,97,109,2024-12-16T03:12:28Z,4800000,False,,,0,,SUB in: D. Lively II,[1641726],1610612742.0,DAL,,,,Lively II,D. Lively II,,,,,,,,,,,,,,,,,,,,,,,,,,
488,PT02M26.00S,2024-12-16T03:12:42.4Z,3,REGULAR,freethrow,2 of 2,[],203110,,,1610612744,98,109,2024-12-16T03:12:42Z,4810000,False,,,0,,D. Green Free Throw 2 of 2 (19 PTS),[203110],1610612744.0,GSW,,,,Green,D. Green,,,,,,,,Made,19.0,,,,,,,,,,,,,,,,,
489,PT02M12.00S,2024-12-16T03:12:57.2Z,3,REGULAR,3pt,Jump Shot,[],1629656,90.48948751642575,95.09803921568627,1610612742,98,112,2024-12-16T03:13:14Z,4820000,False,225.0,37.0,1,right,Q. Grimes 3PT  (14 PTS) (O. Prosper 2 AST),"[1629656, 1641765]",1610612742.0,DAL,,,,Grimes,Q. Grimes,,,,,Right Corner 3,24+ Right,22.85,Made,14.0,O. Prosper,1641765.0,2.0,,,,,,,,,,,,,,
491,PT01M59.00S,2024-12-16T03:13:10.3Z,3,REGULAR,2pt,Layup,['pointsinthepaint'],201939,7.046649145860711,42.15686274509804,1610612744,98,112,2024-12-16T03:13:57Z,4840000,False,39.0,14.0,1,left,MISS S. Curry driving finger roll Layup,[201939],1610612744.0,GSW,driving finger roll,,,Curry,S. Curry,,,,,Restricted Area,0-8 Center,4.15,Missed,,,,,,,,,,,,,,,,,,
492,PT01M59.00S,2024-12-16T03:13:10.3Z,3,REGULAR,rebound,defensive,[],1629656,,,1610612742,98,112,2024-12-16T03:13:19Z,4850000,False,,,0,,Q. Grimes REBOUND (Off:0 Def:2),[1629656],1610612742.0,DAL,,,,Grimes,Q. Grimes,,,,,Restricted Area,0-8 Center,,,,,,,,,,,,491.0,2.0,2.0,0.0,,,,,
493,PT01M52.00S,2024-12-16T03:13:16.7Z,3,REGULAR,2pt,Layup,"['fastbreak', 'pointsinthepaint']",202681,92.32917214191852,52.69607843137255,1610612742,98,114,2024-12-16T03:14:14Z,4860000,False,13.0,20.0,1,right,K. Irving running finger roll Layup (16 PTS) (S. Dinwiddie 4 AST),"[202681, 203915]",1610612742.0,DAL,running finger roll,,,Irving,K. Irving,,,,,Restricted Area,0-8 Center,2.38,Made,16.0,S. Dinwiddie,203915.0,4.0,,,,,,,,,,,,,,
495,PT01M39.00S,2024-12-16T03:13:30.4Z,3,REGULAR,3pt,Jump Shot,[],203110,28.728646517739815,18.872549019607842,1610612744,98,114,2024-12-16T03:13:43Z,4880000,False,156.0,218.0,1,left,MISS D. Green 26' 3PT,[203110],1610612744.0,GSW,,,,Green,D. Green,,,,,Above the Break 3,24+ Right Center,26.74,Missed,,,,,,,,,,,,,,,,,,
496,PT01M35.00S,2024-12-16T03:13:34.4Z,3,REGULAR,rebound,offensive,[],1630322,,,1610612744,98,114,2024-12-16T03:13:43Z,4890000,False,,,0,,L. Waters III REBOUND (Off:2 Def:2),[1630322],1610612744.0,GSW,,,,Waters III,L. Waters III,,,,,Above the Break 3,24+ Right Center,,,,,,,,,,,,495.0,4.0,2.0,2.0,,,,,
497,PT01M33.00S,2024-12-16T03:13:36.4Z,3,REGULAR,3pt,Jump Shot,['2ndchance'],201939,3.7614980289093296,97.54901960784314,1610612744,101,114,2024-12-16T03:13:47Z,4900000,False,-238.0,-17.0,1,left,S. Curry 3PT  (20 PTS) (D. Green 4 AST),"[201939, 203110]",1610612744.0,GSW,,,,Curry,S. Curry,,,,,Left Corner 3,24+ Left,23.83,Made,20.0,D. Green,203110.0,4.0,,,,,,,,,,,,,,
502,PT01M33.00S,2024-12-16T03:14:12.5Z,3,REGULAR,timeout,full,['team'],0,,,1610612742,101,114,2024-12-16T03:17:03Z,4950000,False,,,0,,DAL Timeout,[],1610612742.0,DAL,,,,,,,,,,,,,,,,,,,,,,,,,,,,,,,
505,PT01M33.00S,2024-12-16T03:16:34.0Z,3,REGULAR,substitution,out,[],1631218,,,1610612742,101,114,2024-12-16T03:16:47Z,4970000,False,,,0,,SUB out: T. Jackson-Davis,[1631218],1610612744.0,GSW,,,,Jackson-Davis,T. Jackson-Davis,,,,,,,,,,,,,,,,,,,,,,,,,,
506,PT01M33.00S,2024-12-16T03:16:34.0Z,3,REGULAR,substitution,in,[],1630228,,,1610612742,101,114,2024-12-16T03:16:47Z,4980000,False,,,0,,SUB in: J. Kuminga,[1630228],1610612744.0,GSW,,,,Kuminga,J. Kuminga,,,,,,,,,,,,,,,,,,,,,,,,,,
507,PT01M11.00S,2024-12-16T03:19:05.5Z,3,REGULAR,turnover,3-second-violation,[],1641726,,,1610612742,101,114,2024-12-16T03:19:22Z,4990000,False,,,0,,D. Lively II 3-second-violation TURNOVER (2 TO),[1641726],1610612742.0,DAL,,,,Lively II,D. Lively II,,,,,In The Paint (Non-RA),0-8 Center,,,,,,,2002.0,,,,,,,,,,,2.0,,
508,PT01M03.00S,2024-12-16T03:19:19.2Z,3,REGULAR,2pt,Layup,"['pointsinthepaint', 'fromturnover']",201939,5.995400788436268,38.48039215686275,1610612744,101,114,2024-12-16T03:19:35Z,5000000,False,58.0,4.0,1,left,MISS S. Curry driving finger roll Layup,[201939],1610612744.0,GSW,driving finger roll,,,Curry,S. Curry,,,,,In The Paint (Non-RA),0-8 Center,5.77,Missed,,,,,,,,,,,,,,,,,,
509,PT01M01.00S,2024-12-16T03:19:20.4Z,3,REGULAR,rebound,offensive,[],1627780,,,1610612744,101,114,2024-12-16T03:20:03Z,5010000,False,,,0,,G. Payton II REBOUND (Off:4 Def:0),[1627780],1610612744.0,GSW,,,,Payton II,G. Payton II,,,,,In The Paint (Non-RA),0-8 Center,,,,,,,,,,,,508.0,4.0,0.0,4.0,,,,,
510,PT01M01.00S,2024-12-16T03:19:23.2Z,3,REGULAR,2pt,DUNK,"['2ndchance', 'pointsinthepaint', 'fromturnover']",1627780,5.590000152587891,50.0,1610612744,103,114,2024-12-16T03:20:09Z,5020000,False,0.0,0.0,1,left,G. Payton II tip DUNK (4 PTS),[1627780],1610612744.0,GSW,tip,,,Payton II,G. Payton II,,,,,Restricted Area,0-8 Center,0.0,Made,4.0,,,,,,,,,,,,,,,,,
511,PT00M47.70S,2024-12-16T03:19:35.3Z,3,REGULAR,2pt,Jump Shot,['pointsinthepaint'],202681,87.59855453350855,54.41176470588235,1610612742,103,114,2024-12-16T03:22:08Z,5030000,False,22.0,64.0,1,right,MISS K. Irving 6' pullup Shot,[202681],1610612742.0,DAL,pullup,,,Irving,K. Irving,,,,,In The Paint (Non-RA),0-8 Center,6.78,Missed,,,,,,,,,,,,,,,,,,
512,PT00M46.40S,2024-12-16T03:19:36.6Z,3,REGULAR,rebound,defensive,['team'],0,,,1610612744,103,114,2024-12-16T03:20:11Z,5040000,False,,,0,,TEAM defensive REBOUND,[],1610612744.0,GSW,,,,,,,,,,In The Paint (Non-RA),0-8 Center,,,,,,,,,,,,511.0,,,,,,,,
514,PT00M26.70S,2024-12-16T03:20:01.4Z,3,REGULAR,2pt,Jump Shot,['pointsinthepaint'],1630228,16.507884362680684,48.77450980392157,1610612744,105,114,2024-12-16T04:02:18Z,5060000,False,6.0,103.0,1,left,J. Kuminga 10' turnaround fadeaway Jump Shot (14 PTS),[1630228],1610612744.0,GSW,turnaround fadeaway,,,Kuminga,J. Kuminga,,,,,In The Paint (Non-RA),8-16 Center,10.29,Made,14.0,,,,,,,,,,,,,,,,,
515,PT00M08.40S,2024-12-16T03:20:28.0Z,3,REGULAR,turnover,lost ball,[],203915,,,1610612742,105,114,2024-12-16T03:20:41Z,5070000,False,,,0,,S. Dinwiddie lost ball TURNOVER (2 TO),"[203915, 1630322]",1610612742.0,DAL,,,,Dinwiddie,S. Dinwiddie,,,,,Above the Break 3,24+ Right Center,,,,,,,,,,,,,,,,,,2.0,Waters III,1630322.0
516,PT00M08.40S,2024-12-16T03:20:28.0Z,3,REGULAR,steal,,[],1630322,,,1610612744,105,114,2024-12-16T03:20:29Z,5080000,False,,,0,,L. Waters III STEAL (2 STL),[1630322],1610612744.0,GSW,,,,Waters III,L. Waters III,,,,,Above the Break 3,24+ Right Center,,,,,,,,,,,,,,,,,,,,
517,PT00M04.60S,2024-12-16T03:20:32.4Z,3,REGULAR,2pt,DUNK,"['fastbreak', 'pointsinthepaint', 'fromturnover']",1630228,8.360709592641262,43.38235294117647,1610612744,107,114,2024-12-16T03:21:12Z,5090000,False,33.0,26.0,1,left,J. Kuminga running DUNK (16 PTS) (S. Curry 7 AST),"[1630228, 201939]",1610612744.0,GSW,running,,,Kuminga,J. Kuminga,,,,,Restricted Area,0-8 Center,4.22,Made,16.0,S. Curry,201939.0,7.0,,,,,,,,,,,,,,
519,PT00M00.40S,2024-12-16T03:20:42.1Z,3,REGULAR,3pt,Jump Shot,[],1629656,64.20827858081472,52.69607843137255,1610612742,107,114,2024-12-16T03:21:40Z,5110000,False,13.0,284.0,1,right,MISS Q. Grimes 28' pullup 3PT,[1629656],1610612742.0,DAL,pullup,,,Grimes,Q. Grimes,,,,,Above the Break 3,24+ Center,28.42,Missed,,,,,,,,,,,,,,,,,,
520,PT00M00.10S,2024-12-16T03:20:42.4Z,3,REGULAR,rebound,offensive,['team'],0,,,1610612742,107,114,2024-12-16T03:21:07Z,5120000,False,,,0,,TEAM offensive REBOUND,[],1610612742.0,DAL,,,,,,,,,,Above the Break 3,24+ Center,,,,,,,,,,,,519.0,,,,,,,,
521,PT00M00.00S,2024-12-16T03:20:46.7Z,3,REGULAR,period,end,[],0,,,1610612742,107,114,2024-12-16T03:20:46Z,5130000,False,,,0,,Period End,[],,,,,,,,,,,,,,,,,,,,,,,,,,,,,,,,,
522,PT12M00.00S,2024-12-16T03:22:59.1Z,4,REGULAR,substitution,out,['startperiod'],1627780,,,1610612742,107,114,2024-12-16T03:23:15Z,5140000,False,,,0,,SUB out: G. Payton II,[1627780],1610612744.0,GSW,,,,Payton II,G. Payton II,,,,,,,,,,,,,,,,,,,,,,,,,,
523,PT12M00.00S,2024-12-16T03:22:59.1Z,4,REGULAR,substitution,out,['startperiod'],203110,,,1610612742,107,114,2024-12-16T03:23:15Z,5150000,False,,,0,,SUB out: D. Green,[203110],1610612744.0,GSW,,,,Green,D. Green,,,,,,,,,,,,,,,,,,,,,,,,,,
524,PT12M00.00S,2024-12-16T03:22:59.1Z,4,REGULAR,substitution,out,['startperiod'],1630322,,,1610612742,107,114,2024-12-16T03:23:15Z,5160000,False,,,0,,SUB out: L. Waters III,[1630322],1610612744.0,GSW,,,,Waters III,L. Waters III,,,,,,,,,,,,,,,,,,,,,,,,,,
525,PT12M00.00S,2024-12-16T03:22:59.1Z,4,REGULAR,substitution,out,['startperiod'],1641726,,,1610612742,107,114,2024-12-16T03:23:15Z,5170000,False,,,0,,SUB out: D. Lively II,[1641726],1610612742.0,DAL,,,,Lively II,D. Lively II,,,,,,,,,,,,,,,,,,,,,,,,,,
526,PT12M00.00S,2024-12-16T03:22:59.1Z,4,REGULAR,substitution,out,['startperiod'],203915,,,1610612742,107,114,2024-12-16T03:23:15Z,5180000,False,,,0,,SUB out: S. Dinwiddie,[203915],1610612742.0,DAL,,,,Dinwiddie,S. Dinwiddie,,,,,,,,,,,,,,,,,,,,,,,,,,
527,PT12M00.00S,2024-12-16T03:22:59.1Z,4,REGULAR,substitution,in,['startperiod'],1627741,,,1610612742,107,114,2024-12-16T03:23:15Z,5190000,False,,,0,,SUB in: B. Hield,[1627741],1610612744.0,GSW,,,,Hield,B. Hield,,,,,,,,,,,,,,,,,,,,,,,,,,
528,PT12M00.00S,2024-12-16T03:22:59.1Z,4,REGULAR,substitution,in,['startperiod'],1626172,,,1610612742,107,114,2024-12-16T03:23:15Z,5200000,False,,,0,,SUB in: K. Looney,[1626172],1610612744.0,GSW,,,,Looney,K. Looney,,,,,,,,,,,,,,,,,,,,,,,,,,
529,PT12M00.00S,2024-12-16T03:22:59.1Z,4,REGULAR,substitution,in,['startperiod'],203952,,,1610612742,107,114,2024-12-16T03:23:15Z,5210000,False,,,0,,SUB in: A. Wiggins,[203952],1610612744.0,GSW,,,,Wiggins,A. Wiggins,,,,,,,,,,,,,,,,,,,,,,,,,,
530,PT12M00.00S,2024-12-16T03:22:59.1Z,4,REGULAR,substitution,in,['startperiod'],1629655,,,1610612742,107,114,2024-12-16T03:23:15Z,5220000,False,,,0,,SUB in: D. Gafford,[1629655],1610612742.0,DAL,,,,Gafford,D. Gafford,,,,,,,,,,,,,,,,,,,,,,,,,,
531,PT12M00.00S,2024-12-16T03:22:59.1Z,4,REGULAR,substitution,in,['startperiod'],1629029,,,1610612742,107,114,2024-12-16T03:23:15Z,5230000,False,,,0,,SUB in: L. Dončić,[1629029],1610612742.0,DAL,,,,Dončić,L. Dončić,,,,,,,,,,,,,,,,,,,,,,,,,,
532,PT12M00.00S,2024-12-16T03:23:42.3Z,4,REGULAR,period,start,[],0,,,1610612742,107,114,2024-12-16T03:23:42Z,5240000,False,,,0,,Period Start,[],,,,,,,,,,,,,,,,,,,,,,,,,,,,,,,,,
533,PT11M46.00S,2024-12-16T03:23:57.4Z,4,REGULAR,3pt,Jump Shot,[],1629029,70.64717477003943,14.215686274509803,1610612742,107,114,2024-12-16T03:24:35Z,5250000,False,-179.0,223.0,1,right,MISS L. Dončić 28' step back 3PT,[1629029],1610612742.0,DAL,step back,,,Dončić,L. Dončić,,,,,Above the Break 3,24+ Left Center,28.62,Missed,,,,,,,,,,,,,,,,,,
534,PT11M44.00S,2024-12-16T03:23:59.4Z,4,REGULAR,rebound,defensive,[],201939,,,1610612744,107,114,2024-12-16T03:24:27Z,5260000,False,,,0,,S. Curry REBOUND (Off:0 Def:3),[201939],1610612744.0,GSW,,,,Curry,S. Curry,,,,,Above the Break 3,24+ Left Center,,,,,,,,,,,,533.0,3.0,3.0,0.0,,,,,
535,PT11M35.00S,2024-12-16T03:24:06.2Z,4,REGULAR,3pt,Jump Shot,[],203952,3.892904073587385,96.56862745098039,1610612744,110,114,2024-12-16T03:24:14Z,5270000,False,-233.0,-16.0,1,left,A. Wiggins 3PT  (24 PTS) (J. Kuminga 5 AST),"[203952, 1630228]",1610612744.0,GSW,,,,Wiggins,A. Wiggins,,,,,Left Corner 3,24+ Left,23.33,Made,24.0,J. Kuminga,1630228.0,5.0,,,,,,,,,,,,,,
537,PT11M21.00S,2024-12-16T03:24:20.4Z,4,REGULAR,2pt,DUNK,['pointsinthepaint'],1629655,93.24901445466492,50.245098039215684,1610612742,110,116,2024-12-16T03:24:27Z,5290000,False,1.0,11.0,1,right,D. Gafford DUNK (6 PTS) (K. Irving 8 AST),"[1629655, 202681]",1610612742.0,DAL,,,,Gafford,D. Gafford,,,,,Restricted Area,0-8 Center,1.11,Made,6.0,K. Irving,202681.0,8.0,,,,,,,,,,,,,,
539,PT11M01.00S,2024-12-16T03:24:43.1Z,4,REGULAR,2pt,Layup,['pointsinthepaint'],201939,9.017739816031538,58.333333333333336,1610612744,112,116,2024-12-16T03:25:07Z,5310000,False,-42.0,32.0,1,left,S. Curry driving finger roll Layup (22 PTS) (J. Kuminga 6 AST),"[201939, 1630228]",1610612744.0,GSW,driving finger roll,,,Curry,S. Curry,,,,,In The Paint (Non-RA),0-8 Center,5.27,Made,22.0,J. Kuminga,1630228.0,6.0,,,,,,,,,,,,,,
541,PT11M01.00S,2024-12-16T03:24:45.6Z,4,REGULAR,foul,personal,['1freethrow'],1629655,,,1610612744,112,116,2024-12-16T03:24:52Z,5330000,False,,,0,,D. Gafford shooting personal FOUL (3 PF) (Curry 1 FT),"[1629655, 201939]",1610612742.0,DAL,shooting,,,Gafford,D. Gafford,,,,,Restricted Area,0-8 Center,,,,,,,204058.0,3.0,0.0,Curry,201939.0,,,,,,,,,
543,PT11M01.00S,2024-12-16T03:24:57.7Z,4,REGULAR,substitution,out,[],1641765,,,1610612744,112,116,2024-12-16T03:25:07Z,5350000,False,,,0,,SUB out: O. Prosper,[1641765],1610612742.0,DAL,,,,Prosper,O. Prosper,,,,,,,,,,,,,,,,,,,,,,,,,,
544,PT11M01.00S,2024-12-16T03:24:57.7Z,4,REGULAR,substitution,in,[],1629023,,,1610612744,112,116,2024-12-16T03:25:07Z,5360000,False,,,0,,SUB in: P. Washington,[1629023],1610612742.0,DAL,,,,Washington,P. Washington,,,,,,,,,,,,,,,,,,,,,,,,,,
545,PT11M01.00S,2024-12-16T03:25:22.2Z,4,REGULAR,freethrow,1 of 1,[],201939,,,1610612744,113,116,2024-12-16T03:25:22Z,5370000,False,,,0,,S. Curry Free Throw 1 of 1 (23 PTS),[201939],1610612744.0,GSW,,,,Curry,S. Curry,,,,,,,,Made,23.0,,,,,,,,,,,,,,,,,
546,PT10M47.00S,2024-12-16T03:25:38.1Z,4,REGULAR,2pt,Jump Shot,[],202681,88.78120893561103,72.05882352941177,1610612742,113,118,2024-12-16T03:26:01Z,5380000,False,110.0,53.0,1,right,K. Irving 12' driving floating bank Jump Shot (18 PTS),[202681],1610612742.0,DAL,driving floating bank,,,Irving,K. Irving,,,,,Mid-Range,8-16 Right,12.24,Made,18.0,,,,,,,,,,,,,,,,,
547,PT10M34.00S,2024-12-16T03:25:50.2Z,4,REGULAR,2pt,DUNK,['pointsinthepaint'],1630228,6.521024967148489,55.88235294117647,1610612744,115,118,2024-12-16T03:25:54Z,5390000,False,-29.0,9.0,1,left,J. Kuminga alley-oop DUNK (18 PTS) (S. Curry 8 AST),"[1630228, 201939]",1610612744.0,GSW,alley-oop,,,Kuminga,J. Kuminga,,,,,Restricted Area,0-8 Center,3.07,Made,18.0,S. Curry,201939.0,8.0,,,,,,,,,,,,,,
549,PT10M25.00S,2024-12-16T03:26:02.1Z,4,REGULAR,2pt,Jump Shot,['pointsinthepaint'],202681,92.32917214191852,56.127450980392155,1610612742,115,120,2024-12-16T03:26:28Z,5410000,False,31.0,20.0,1,right,K. Irving driving floating Jump Shot (20 PTS),[202681],1610612742.0,DAL,driving floating,,,Irving,K. Irving,,,,,Restricted Area,0-8 Center,3.63,Made,20.0,,,,,,,,,,,,,,,,,
550,PT10M25.00S,2024-12-16T03:26:04.3Z,4,REGULAR,foul,personal,['1freethrow'],1630228,,,1610612742,115,120,2024-12-16T03:26:10Z,5420000,False,,,0,,J. Kuminga shooting personal FOUL (3 PF) (Irving 1 FT),"[1630228, 202681]",1610612744.0,GSW,shooting,,,Kuminga,J. Kuminga,,,,,In The Paint (Non-RA),0-8 Center,,,,,,,204058.0,3.0,0.0,Irving,202681.0,,,,,,,,,
552,PT10M25.00S,2024-12-16T03:26:14.4Z,4,REGULAR,substitution,out,[],1629656,,,1610612742,115,120,2024-12-16T03:26:28Z,5440000,False,,,0,,SUB out: Q. Grimes,[1629656],1610612742.0,DAL,,,,Grimes,Q. Grimes,,,,,,,,,,,,,,,,,,,,,,,,,,
553,PT10M25.00S,2024-12-16T03:26:14.4Z,4,REGULAR,substitution,out,[],1629655,,,1610612742,115,120,2024-12-16T03:26:28Z,5450000,False,,,0,,SUB out: D. Gafford,[1629655],1610612742.0,DAL,,,,Gafford,D. Gafford,,,,,,,,,,,,,,,,,,,,,,,,,,
554,PT10M25.00S,2024-12-16T03:26:14.4Z,4,REGULAR,substitution,in,[],202691,,,1610612742,115,120,2024-12-16T03:26:28Z,5460000,False,,,0,,SUB in: K. Thompson,[202691],1610612742.0,DAL,,,,Thompson,K. Thompson,,,,,,,,,,,,,,,,,,,,,,,,,,
555,PT10M25.00S,2024-12-16T03:26:14.4Z,4,REGULAR,substitution,in,[],1641726,,,1610612742,115,120,2024-12-16T03:26:28Z,5470000,False,,,0,,SUB in: D. Lively II,[1641726],1610612742.0,DAL,,,,Lively II,D. Lively II,,,,,,,,,,,,,,,,,,,,,,,,,,
556,PT10M25.00S,2024-12-16T03:26:40.1Z,4,REGULAR,freethrow,1 of 1,[],202681,,,1610612742,115,121,2024-12-16T03:26:40Z,5480000,False,,,0,,K. Irving Free Throw 1 of 1 (21 PTS),[202681],1610612742.0,DAL,,,,Irving,K. Irving,,,,,,,,Made,21.0,,,,,,,,,,,,,,,,,
557,PT10M12.00S,2024-12-16T03:26:59.6Z,4,REGULAR,foul,personal,[],202691,,,1610612744,115,121,2024-12-16T03:27:09Z,5490000,False,,,0,,K. Thompson personal FOUL (3 PF),"[202691, 201939]",1610612742.0,DAL,,,,Thompson,K. Thompson,,,,,Mid-Range,16-24 Right Center,,,,,,,2530.0,3.0,0.0,Curry,201939.0,,,,,,,,,
559,PT10M02.00S,2024-12-16T03:27:26.8Z,4,REGULAR,2pt,Jump Shot,[],203952,25.04927726675427,39.950980392156865,1610612744,115,121,2024-12-16T03:27:40Z,5510000,False,50.0,183.0,1,left,MISS A. Wiggins 18' step back Shot,[203952],1610612744.0,GSW,step back,,,Wiggins,A. Wiggins,,,,,Mid-Range,16-24 Center,18.98,Missed,,,,,,,,,,,,,,,,,,
560,PT09M57.00S,2024-12-16T03:27:31.8Z,4,REGULAR,rebound,defensive,[],1629023,,,1610612742,115,121,2024-12-16T03:27:40Z,5520000,False,,,0,,P. Washington REBOUND (Off:1 Def:2),[1629023],1610612742.0,DAL,,,,Washington,P. Washington,,,,,Mid-Range,16-24 Center,,,,,,,,,,,,559.0,3.0,2.0,1.0,,,,,
561,PT09M49.00S,2024-12-16T03:27:39.1Z,4,REGULAR,2pt,Jump Shot,[],1629029,76.42904073587385,49.754901960784316,1610612742,115,123,2024-12-16T03:28:12Z,5530000,False,-1.0,169.0,1,right,L. Dončić 16' pullup Jump Shot (43 PTS),[1629029],1610612742.0,DAL,pullup,,,Dončić,L. Dončić,,,,,Mid-Range,16-24 Center,16.91,Made,43.0,,,,,,,,,,,,,,,,,
562,PT09M39.00S,2024-12-16T03:27:49.3Z,4,REGULAR,3pt,Jump Shot,[],201939,26.49474375821288,13.480392156862745,1610612744,115,123,2024-12-16T03:28:23Z,5540000,False,183.0,197.0,1,left,MISS S. Curry 26' pullup 3PT,[201939],1610612744.0,GSW,pullup,,,Curry,S. Curry,,,,,Above the Break 3,24+ Right Center,26.83,Missed,,,,,,,,,,,,,,,,,,
563,PT09M39.00S,2024-12-16T03:27:49.3Z,4,REGULAR,rebound,defensive,[],1629023,,,1610612742,115,123,2024-12-16T03:28:04Z,5550000,False,,,0,,P. Washington REBOUND (Off:1 Def:3),[1629023],1610612742.0,DAL,,,,Washington,P. Washington,,,,,Above the Break 3,24+ Right Center,,,,,,,,,,,,562.0,4.0,3.0,1.0,,,,,
564,PT09M27.00S,2024-12-16T03:28:01.7Z,4,REGULAR,2pt,Jump Shot,[],202681,91.67214191852825,10.049019607843137,1610612742,115,123,2024-12-16T03:28:39Z,5560000,False,-200.0,26.0,1,right,MISS K. Irving 20' pullup Shot,[202681],1610612742.0,DAL,pullup,,,Irving,K. Irving,,,,,Mid-Range,16-24 Left,20.15,Missed,,,,,,,,,,,,,,,,,,
565,PT09M26.00S,2024-12-16T03:28:02.7Z,4,REGULAR,rebound,defensive,['team'],0,,,1610612744,115,123,2024-12-16T03:28:18Z,5570000,False,,,0,,TEAM defensive REBOUND,[],1610612744.0,GSW,,,,,,,,,,Mid-Range,16-24 Left,,,,,,,,,,,,564.0,,,,,,,,
567,PT09M14.00S,2024-12-16T03:28:29.8Z,4,REGULAR,2pt,Jump Shot,['pointsinthepaint'],201939,12.565703022339028,48.529411764705884,1610612744,115,123,2024-12-16T03:29:00Z,5590000,False,7.0,66.0,1,left,MISS S. Curry 6' driving floating Shot,[201939],1610612744.0,GSW,driving floating,,,Curry,S. Curry,,,,,In The Paint (Non-RA),0-8 Center,6.6,Missed,,,,,,,,,,,,,,,,,,
568,PT09M11.00S,2024-12-16T03:28:32.8Z,4,REGULAR,rebound,defensive,[],1629029,,,1610612742,115,123,2024-12-16T03:28:40Z,5600000,False,,,0,,L. Dončić REBOUND (Off:2 Def:9),[1629029],1610612742.0,DAL,,,,Dončić,L. Dončić,,,,,In The Paint (Non-RA),0-8 Center,,,,,,,,,,,,567.0,11.0,9.0,2.0,,,,,
569,PT08M55.00S,2024-12-16T03:28:50.1Z,4,REGULAR,foul,personal,['2freethrow'],1630228,,,1610612742,115,123,2024-12-16T03:29:00Z,5610000,False,,,0,,J. Kuminga shooting personal FOUL (4 PF) (Lively II 2 FT),"[1630228, 1641726]",1610612744.0,GSW,shooting,,,Kuminga,J. Kuminga,,,,,Restricted Area,0-8 Center,,,,,,,2530.0,4.0,0.0,Lively II,1641726.0,,,,,,,,,
571,PT08M55.00S,2024-12-16T03:29:15.7Z,4,REGULAR,freethrow,1 of 2,[],1641726,,,1610612742,115,123,2024-12-16T03:30:02Z,5630000,False,,,0,,MISS D. Lively II Free Throw 1 of 2,[1641726],1610612742.0,DAL,,,,Lively II,D. Lively II,,,,,,,,Missed,,,,,,,,,,,,,,,,,,
572,PT08M55.00S,2024-12-16T03:29:15.7Z,4,REGULAR,rebound,offensive,"['team', 'deadball']",0,,,1610612742,115,123,2024-12-16T03:30:02Z,5640000,False,,,0,,TEAM offensive REBOUND,[],1610612742.0,DAL,,,,,,,,,,,,,,,,,,,,,,,571.0,,,,,,,,
573,PT08M55.00S,2024-12-16T03:29:16.2Z,4,REGULAR,substitution,out,[],201939,,,1610612742,115,123,2024-12-16T03:29:19Z,5650000,False,,,0,,SUB out: S. Curry,[201939],1610612744.0,GSW,,,,Curry,S. Curry,,,,,,,,,,,,,,,,,,,,,,,,,,
574,PT08M55.00S,2024-12-16T03:29:16.2Z,4,REGULAR,substitution,in,[],1641764,,,1610612742,115,123,2024-12-16T03:29:19Z,5660000,False,,,0,,SUB in: B. Podziemski,[1641764],1610612744.0,GSW,,,,Podziemski,B. Podziemski,,,,,,,,,,,,,,,,,,,,,,,,,,
575,PT08M55.00S,2024-12-16T03:29:22.2Z,4,REGULAR,substitution,out,[],202681,,,1610612742,115,123,2024-12-16T03:29:24Z,5670000,False,,,0,,SUB out: K. Irving,[202681],1610612742.0,DAL,,,,Irving,K. Irving,,,,,,,,,,,,,,,,,,,,,,,,,,
576,PT08M55.00S,2024-12-16T03:29:22.2Z,4,REGULAR,substitution,in,[],203915,,,1610612742,115,123,2024-12-16T03:29:24Z,5680000,False,,,0,,SUB in: S. Dinwiddie,[203915],1610612742.0,DAL,,,,Dinwiddie,S. Dinwiddie,,,,,,,,,,,,,,,,,,,,,,,,,,
577,PT08M55.00S,2024-12-16T03:29:15.7Z,4,REGULAR,freethrow,2 of 2,[],1641726,,,1610612742,115,123,2024-12-16T03:30:02Z,5690000,False,,,0,,MISS D. Lively II Free Throw 2 of 2,[1641726],1610612742.0,DAL,,,,Lively II,D. Lively II,,,,,,,,Missed,,,,,,,,,,,,,,,,,,
578,PT08M54.00S,2024-12-16T03:29:16.7Z,4,REGULAR,rebound,defensive,[],1641764,,,1610612744,115,123,2024-12-16T03:30:02Z,5700000,False,,,0,,B. Podziemski REBOUND (Off:0 Def:1),[1641764],1610612744.0,GSW,,,,Podziemski,B. Podziemski,,,,,,,,,,,,,,,,,,577.0,1.0,1.0,0.0,,,,,
579,PT08M38.00S,2024-12-16T03:29:57.0Z,4,REGULAR,turnover,bad pass,[],1627741,,,1610612744,115,123,2024-12-16T03:30:03Z,5710000,False,,,0,,B. Hield bad pass TURNOVER (3 TO),"[1627741, 1641726]",1610612744.0,GSW,,,,Hield,B. Hield,,,,,In The Paint (Non-RA),0-8 Center,,,,,,,,,,,,,,,,,,3.0,Lively II,1641726.0
580,PT08M38.00S,2024-12-16T03:29:57.0Z,4,REGULAR,steal,,[],1641726,,,1610612742,115,123,2024-12-16T03:30:00Z,5720000,False,,,0,,D. Lively II STEAL (1 STL),[1641726],1610612742.0,DAL,,,,Lively II,D. Lively II,,,,,In The Paint (Non-RA),0-8 Center,,,,,,,,,,,,,,,,,,,,
581,PT08M33.00S,2024-12-16T03:30:04.3Z,4,REGULAR,foul,personal,[],203952,,,1610612742,115,123,2024-12-16T03:30:16Z,5730000,False,,,0,,A. Wiggins personal FOUL (1 PF),"[203952, 1629029]",1610612744.0,GSW,,,,Wiggins,A. Wiggins,,,,,Above the Break 3,24+ Left Center,,,,,,,2002.0,1.0,0.0,Dončić,1629029.0,,,,,,,,,
583,PT08M33.00S,2024-12-16T03:30:09.9Z,4,REGULAR,substitution,out,[],1641726,,,1610612742,115,123,2024-12-16T03:30:13Z,5750000,False,,,0,,SUB out: D. Lively II,[1641726],1610612742.0,DAL,,,,Lively II,D. Lively II,,,,,,,,,,,,,,,,,,,,,,,,,,
584,PT08M33.00S,2024-12-16T03:30:09.9Z,4,REGULAR,substitution,in,[],1629655,,,1610612742,115,123,2024-12-16T03:30:13Z,5760000,False,,,0,,SUB in: D. Gafford,[1629655],1610612742.0,DAL,,,,Gafford,D. Gafford,,,,,,,,,,,,,,,,,,,,,,,,,,
585,PT08M33.00S,2024-12-16T03:30:09.9Z,4,REGULAR,substitution,out,[],1627741,,,1610612742,115,123,2024-12-16T03:30:28Z,5770000,False,,,0,,SUB out: B. Hield,[1627741],1610612744.0,GSW,,,,Hield,B. Hield,,,,,,,,,,,,,,,,,,,,,,,,,,
586,PT08M33.00S,2024-12-16T03:30:09.9Z,4,REGULAR,substitution,in,[],1630322,,,1610612742,115,123,2024-12-16T03:30:28Z,5780000,False,,,0,,SUB in: L. Waters III,[1630322],1610612744.0,GSW,,,,Waters III,L. Waters III,,,,,,,,,,,,,,,,,,,,,,,,,,
587,PT08M23.00S,2024-12-16T03:30:47.3Z,4,REGULAR,2pt,DUNK,"['pointsinthepaint', 'fromturnover']",1629655,92.32917214191852,43.38235294117647,1610612742,115,125,2024-12-16T03:30:52Z,5790000,False,-33.0,20.0,1,right,D. Gafford DUNK (8 PTS) (K. Thompson 4 AST),"[1629655, 202691]",1610612742.0,DAL,,,,Gafford,D. Gafford,,,,,Restricted Area,0-8 Center,3.85,Made,8.0,K. Thompson,202691.0,4.0,,,,,,,,,,,,,,
589,PT08M12.00S,2024-12-16T03:31:01.1Z,4,REGULAR,2pt,Layup,"['pointsinthepaint', 'defensivegoaltending']",203952,9.937582128777924,52.450980392156865,1610612744,117,125,2024-12-16T03:31:29Z,5810000,False,-12.0,41.0,1,left,A. Wiggins driving finger roll Layup (26 PTS) (K. Looney 6 AST),"[203952, 1626172]",1610612744.0,GSW,driving finger roll,,,Wiggins,A. Wiggins,,,,,Restricted Area,0-8 Center,4.27,Made,26.0,K. Looney,1626172.0,6.0,,,,,,,,,,,,,,
591,PT08M12.00S,2024-12-16T03:31:05.8Z,4,REGULAR,violation,defensive goaltending,[],1629023,,,1610612744,117,125,2024-12-16T03:31:29Z,5830000,False,,,0,,P. Washington defensive goaltending VIOLATION,[1629023],1610612742.0,DAL,,,,Washington,P. Washington,,,,,,,,,,,,,2530.0,,,,,,,,,,,,,
592,PT08M01.00S,2024-12-16T03:31:28.3Z,4,REGULAR,turnover,lost ball,[],1629029,,,1610612742,117,125,2024-12-16T03:32:04Z,5840000,False,,,0,,L. Dončić lost ball TURNOVER (3 TO),"[1629029, 1630322]",1610612742.0,DAL,,,,Dončić,L. Dončić,,,,,Above the Break 3,24+ Left Center,,,,,,,,,,,,,,,,,,3.0,Waters III,1630322.0
593,PT08M01.00S,2024-12-16T03:31:28.3Z,4,REGULAR,steal,,[],1630322,,,1610612744,117,125,2024-12-16T03:31:29Z,5850000,False,,,0,,L. Waters III STEAL (3 STL),[1630322],1610612744.0,GSW,,,,Waters III,L. Waters III,,,,,Above the Break 3,24+ Left Center,,,,,,,,,,,,,,,,,,,,
594,PT07M57.00S,2024-12-16T03:31:32.5Z,4,REGULAR,3pt,Jump Shot,"['fastbreak', 'fromturnover']",1630322,32.933639947437584,52.450980392156865,1610612744,120,125,2024-12-16T03:32:27Z,5860000,False,-12.0,257.0,1,left,L. Waters III 25' 3PT running pullup (9 PTS),[1630322],1610612744.0,GSW,running pullup,,,Waters III,L. Waters III,,,,,Above the Break 3,24+ Center,25.74,Made,9.0,,,,,,,,,,,,,,,,,
595,PT07M40.00S,2024-12-16T03:31:53.7Z,4,REGULAR,2pt,Jump Shot,[],1629029,86.02168199737189,29.166666666666668,1610612742,120,127,2024-12-16T03:32:42Z,5870000,False,-104.0,79.0,1,right,L. Dončić 13' step back Jump Shot (45 PTS),[1629029],1610612742.0,DAL,step back,,,Dončić,L. Dončić,,,,,Mid-Range,8-16 Left,13.07,Made,45.0,,,,,,,,,,,,,,,,,
596,PT07M40.00S,2024-12-16T03:31:55.3Z,4,REGULAR,foul,personal,['1freethrow'],1630322,,,1610612742,120,127,2024-12-16T03:32:00Z,5880000,False,,,0,,L. Waters III shooting personal FOUL (3 PF) (Dončić 1 FT),"[1630322, 1629029]",1610612744.0,GSW,shooting,,,Waters III,L. Waters III,,,,,Mid-Range,8-16 Left,,,,,,,2530.0,3.0,0.0,Dončić,1629029.0,,,,,,,,,
598,PT07M40.00S,2024-12-16T03:32:07.6Z,4,REGULAR,substitution,out,[],1626172,,,1610612742,120,127,2024-12-16T03:32:12Z,5900000,False,,,0,,SUB out: K. Looney,[1626172],1610612744.0,GSW,,,,Looney,K. Looney,,,,,,,,,,,,,,,,,,,,,,,,,,
599,PT07M40.00S,2024-12-16T03:32:07.6Z,4,REGULAR,substitution,in,[],203110,,,1610612742,120,127,2024-12-16T03:32:12Z,5910000,False,,,0,,SUB in: D. Green,[203110],1610612744.0,GSW,,,,Green,D. Green,,,,,,,,,,,,,,,,,,,,,,,,,,
600,PT07M40.00S,2024-12-16T03:32:28.8Z,4,REGULAR,freethrow,1 of 1,[],1629029,,,1610612742,120,127,2024-12-16T03:32:53Z,5920000,False,,,0,,MISS L. Dončić Free Throw 1 of 1,[1629029],1610612742.0,DAL,,,,Dončić,L. Dončić,,,,,,,,Missed,,,,,,,,,,,,,,,,,,
601,PT07M38.00S,2024-12-16T03:32:30.8Z,4,REGULAR,rebound,defensive,[],203110,,,1610612744,120,127,2024-12-16T03:32:53Z,5930000,False,,,0,,D. Green REBOUND (Off:1 Def:3),[203110],1610612744.0,GSW,,,,Green,D. Green,,,,,,,,,,,,,,,,,,600.0,4.0,3.0,1.0,,,,,
602,PT07M18.00S,2024-12-16T03:32:50.0Z,4,REGULAR,2pt,Jump Shot,[],1641764,5.863994743758213,17.892156862745097,1610612744,120,127,2024-12-16T03:33:18Z,5940000,False,161.0,3.0,1,left,MISS B. Podziemski 16' pullup Shot,[1641764],1610612744.0,GSW,pullup,,,Podziemski,B. Podziemski,,,,,Mid-Range,16-24 Right,16.05,Missed,,,,,,,,,,,,,,,,,,
603,PT07M16.00S,2024-12-16T03:32:52.0Z,4,REGULAR,rebound,defensive,[],202691,,,1610612742,120,127,2024-12-16T03:32:56Z,5950000,False,,,0,,K. Thompson REBOUND (Off:0 Def:4),[202691],1610612742.0,DAL,,,,Thompson,K. Thompson,,,,,Mid-Range,16-24 Right,,,,,,,,,,,,602.0,4.0,4.0,0.0,,,,,
604,PT07M07.00S,2024-12-16T03:33:00.6Z,4,REGULAR,2pt,Jump Shot,['pointsinthepaint'],1629029,81.15965834428384,41.911764705882355,1610612742,120,127,2024-12-16T03:33:10Z,5960000,False,-40.0,125.0,1,right,MISS L. Dončić 13' step back Shot,[1629029],1610612742.0,DAL,step back,,,Dončić,L. Dončić,,,,,In The Paint (Non-RA),8-16 Center,13.1,Missed,,,,,,,,,,,,,,,,,,
605,PT07M02.00S,2024-12-16T03:33:05.8Z,4,REGULAR,rebound,offensive,[],1629655,,,1610612742,120,127,2024-12-16T03:33:05Z,5970000,False,,,0,,D. Gafford REBOUND (Off:4 Def:4),[1629655],1610612742.0,DAL,,,,Gafford,D. Gafford,,,,,In The Paint (Non-RA),8-16 Center,,,,,,,,,,,,604.0,8.0,4.0,4.0,,,,,
606,PT07M02.00S,2024-12-16T03:33:05.8Z,4,REGULAR,2pt,Layup,"['pointsinthepaint', '2ndchance']",1629655,94.40999984741211,50.0,1610612742,120,129,2024-12-16T03:33:05Z,5980000,False,0.0,0.0,1,right,D. Gafford putback Layup (10 PTS),[1629655],1610612742.0,DAL,putback,,,Gafford,D. Gafford,,,,,Mid-Range,8-16 Left,0.0,Made,10.0,,,,,,,,,,,,,,,,,
607,PT06M33.00S,2024-12-16T03:33:34.1Z,4,REGULAR,3pt,Jump Shot,[],1641764,6.389618922470433,3.1862745098039214,1610612744,120,129,2024-12-16T03:34:10Z,5990000,False,234.0,8.0,1,left,MISS B. Podziemski fadeaway 3PT - blocked,"[1641764, 1629029]",1610612744.0,GSW,fadeaway,,,Podziemski,B. Podziemski,,,,,Right Corner 3,24+ Right,23.42,Missed,,,,,,,,,,,,,,Dončić,1629029.0,,,
608,PT06M33.00S,2024-12-16T03:33:34.1Z,4,REGULAR,block,,[],1629029,,,1610612744,120,129,2024-12-16T03:33:36Z,6000000,False,,,0,,L. Dončić BLOCK (2 BLK),[1629029],1610612742.0,DAL,,,,Dončić,L. Dončić,,,,,Right Corner 3,24+ Right,,,,,,,,,,,,,,,,,,,,
609,PT06M30.00S,2024-12-16T03:33:37.1Z,4,REGULAR,rebound,defensive,[],1629655,,,1610612742,120,129,2024-12-16T03:33:53Z,6010000,False,,,0,,D. Gafford REBOUND (Off:4 Def:5),[1629655],1610612742.0,DAL,,,,Gafford,D. Gafford,,,,,Right Corner 3,24+ Right,,,,,,,,,,,,607.0,9.0,5.0,4.0,,,,,
610,PT06M26.00S,2024-12-16T03:33:43.3Z,4,REGULAR,3pt,Jump Shot,['fastbreak'],202691,81.2910643889619,4.166666666666666,1610612742,120,132,2024-12-16T03:34:35Z,6020000,False,-229.0,123.0,1,right,K. Thompson 26' 3PT running (19 PTS) (L. Dončić 11 AST),"[202691, 1629029]",1610612742.0,DAL,running,,,Thompson,K. Thompson,,,,,Above the Break 3,24+ Left Center,26.03,Made,19.0,L. Dončić,1629029.0,11.0,,,,,,,,,,,,,,
616,PT06M26.00S,2024-12-16T03:34:58.7Z,4,REGULAR,timeout,full,['team'],0,,,1610612744,120,132,2024-12-16T03:36:43Z,6035000,False,,,0,,GSW Timeout,[],1610612744.0,GSW,,,,,,,,,,,,,,,,,,,,,,,,,,,,,,,
612,PT06M26.00S,2024-12-16T03:36:14.2Z,4,REGULAR,substitution,out,[],1641764,,,1610612744,120,132,2024-12-16T03:36:28Z,6040000,False,,,0,,SUB out: B. Podziemski,[1641764],1610612744.0,GSW,,,,Podziemski,B. Podziemski,,,,,,,,,,,,,,,,,,,,,,,,,,
613,PT06M26.00S,2024-12-16T03:36:14.2Z,4,REGULAR,substitution,out,[],1629655,,,1610612744,120,132,2024-12-16T03:36:28Z,6050000,False,,,0,,SUB out: D. Gafford,[1629655],1610612742.0,DAL,,,,Gafford,D. Gafford,,,,,,,,,,,,,,,,,,,,,,,,,,
614,PT06M26.00S,2024-12-16T03:36:14.2Z,4,REGULAR,substitution,in,[],201939,,,1610612744,120,132,2024-12-16T03:36:28Z,6060000,False,,,0,,SUB in: S. Curry,[201939],1610612744.0,GSW,,,,Curry,S. Curry,,,,,,,,,,,,,,,,,,,,,,,,,,
615,PT06M26.00S,2024-12-16T03:36:14.2Z,4,REGULAR,substitution,in,[],1641726,,,1610612744,120,132,2024-12-16T03:36:28Z,6070000,False,,,0,,SUB in: D. Lively II,[1641726],1610612742.0,DAL,,,,Lively II,D. Lively II,,,,,,,,,,,,,,,,,,,,,,,,,,
617,PT06M15.00S,2024-12-16T03:36:53.7Z,4,REGULAR,foul,personal,[],1641726,,,1610612744,120,132,2024-12-16T03:37:30Z,6080000,False,,,0,,D. Lively II personal FOUL (3 PF),"[1641726, 203110]",1610612742.0,DAL,,,,Lively II,D. Lively II,,,,,In The Paint (Non-RA),8-16 Right,,,,,,,204058.0,3.0,0.0,Green,203110.0,,,,,,,,,
619,PT06M07.00S,2024-12-16T03:37:26.6Z,4,REGULAR,turnover,out-of-bounds,[],203110,,,1610612744,120,132,2024-12-16T03:37:35Z,6100000,False,,,0,,D. Green lost ball out-of-bounds TURNOVER (3 TO),[203110],1610612744.0,GSW,lost ball,,,Green,D. Green,,,,,In The Paint (Non-RA),8-16 Left,,,,,,,2002.0,,,,,,,,,,,3.0,,
620,PT05M49.00S,2024-12-16T03:37:49.5Z,4,REGULAR,2pt,Jump Shot,['fromturnover'],1629029,84.31340341655716,20.833333333333336,1610612742,120,132,2024-12-16T03:38:06Z,6110000,False,-146.0,95.0,1,right,MISS L. Dončić 17' turnaround fadeaway Shot,[1629029],1610612742.0,DAL,turnaround fadeaway,,,Dončić,L. Dončić,,,,,Mid-Range,16-24 Left,17.4,Missed,,,,,,,,,,,,,,,,,,
621,PT05M48.00S,2024-12-16T03:37:50.5Z,4,REGULAR,rebound,defensive,[],203110,,,1610612744,120,132,2024-12-16T03:38:13Z,6120000,False,,,0,,D. Green REBOUND (Off:1 Def:4),[203110],1610612744.0,GSW,,,,Green,D. Green,,,,,Mid-Range,16-24 Left,,,,,,,,,,,,620.0,5.0,4.0,1.0,,,,,
622,PT05M41.00S,2024-12-16T03:37:57.9Z,4,REGULAR,3pt,Jump Shot,['fastbreak'],201939,29.25427069645204,12.5,1610612744,123,132,2024-12-16T03:38:29Z,6130000,False,188.0,222.0,1,left,S. Curry 29' 3PT running pullup (26 PTS),[201939],1610612744.0,GSW,running pullup,,,Curry,S. Curry,,,,,Above the Break 3,24+ Right Center,29.1,Made,26.0,,,,,,,,,,,,,,,,,
623,PT05M20.00S,2024-12-16T03:38:24.6Z,4,REGULAR,timeout,full,"['team', 'mandatory']",0,,,1610612742,123,132,2024-12-16T03:43:55Z,6140000,False,,,0,,DAL Timeout,[],1610612742.0,DAL,,,,,,,,,,,,,,,,,,,,,,,,,,,,,,,
624,PT05M20.00S,2024-12-16T03:41:03.3Z,4,REGULAR,substitution,out,[],203915,,,1610612742,123,132,2024-12-16T03:41:11Z,6150000,False,,,0,,SUB out: S. Dinwiddie,[203915],1610612742.0,DAL,,,,Dinwiddie,S. Dinwiddie,,,,,,,,,,,,,,,,,,,,,,,,,,
625,PT05M20.00S,2024-12-16T03:41:03.3Z,4,REGULAR,substitution,in,[],202681,,,1610612742,123,132,2024-12-16T03:41:11Z,6160000,False,,,0,,SUB in: K. Irving,[202681],1610612742.0,DAL,,,,Irving,K. Irving,,,,,,,,,,,,,,,,,,,,,,,,,,
626,PT05M18.00S,2024-12-16T03:41:22.5Z,4,REGULAR,3pt,Jump Shot,[],1629029,69.72733245729303,23.52941176470588,1610612742,123,132,2024-12-16T03:41:42Z,6170000,False,-132.0,232.0,1,right,MISS L. Dončić 26' 3PT,[1629029],1610612742.0,DAL,,,,Dončić,L. Dončić,,,,,Above the Break 3,24+ Left Center,26.72,Missed,,,,,,,,,,,,,,,,,,
627,PT05M15.00S,2024-12-16T03:41:25.5Z,4,REGULAR,rebound,defensive,[],1630228,,,1610612744,123,132,2024-12-16T03:41:42Z,6180000,False,,,0,,J. Kuminga REBOUND (Off:1 Def:1),[1630228],1610612744.0,GSW,,,,Kuminga,J. Kuminga,,,,,Above the Break 3,24+ Left Center,,,,,,,,,,,,626.0,2.0,1.0,1.0,,,,,
628,PT05M05.00S,2024-12-16T03:41:35.9Z,4,REGULAR,2pt,Jump Shot,['pointsinthepaint'],1630228,10.33180026281209,50.73529411764706,1610612744,123,132,2024-12-16T03:42:00Z,6190000,False,-4.0,45.0,1,left,MISS J. Kuminga driving floating Shot,[1630228],1610612744.0,GSW,driving floating,,,Kuminga,J. Kuminga,,,,,In The Paint (Non-RA),0-8 Center,4.48,Missed,,,,,,,,,,,,,,,,,,
629,PT05M04.00S,2024-12-16T03:41:36.9Z,4,REGULAR,rebound,offensive,[],203110,,,1610612744,123,132,2024-12-16T03:42:15Z,6200000,False,,,0,,D. Green REBOUND (Off:2 Def:4),[203110],1610612744.0,GSW,,,,Green,D. Green,,,,,In The Paint (Non-RA),0-8 Center,,,,,,,,,,,,628.0,6.0,4.0,2.0,,,,,
630,PT05M04.00S,2024-12-16T03:41:38.8Z,4,REGULAR,2pt,Layup,"['2ndchance', 'pointsinthepaint']",203110,5.590000152587891,50.0,1610612744,123,132,2024-12-16T03:42:11Z,6210000,False,0.0,0.0,1,left,MISS D. Green tip Layup,[203110],1610612744.0,GSW,tip,,,Green,D. Green,,,,,Restricted Area,0-8 Center,0.0,Missed,,,,,,,,,,,,,,,,,,
631,PT05M03.00S,2024-12-16T03:41:39.8Z,4,REGULAR,rebound,offensive,[],203110,,,1610612744,123,132,2024-12-16T03:42:11Z,6220000,False,,,0,,D. Green REBOUND (Off:3 Def:4),[203110],1610612744.0,GSW,,,,Green,D. Green,,,,,Restricted Area,0-8 Center,,,,,,,,,,,,630.0,7.0,4.0,3.0,,,,,
632,PT05M03.00S,2024-12-16T03:41:40.0Z,4,REGULAR,2pt,Layup,"['2ndchance', 'pointsinthepaint']",203110,5.590000152587891,50.0,1610612744,125,132,2024-12-16T03:42:18Z,6230000,False,0.0,0.0,1,left,D. Green tip Layup (21 PTS),[203110],1610612744.0,GSW,tip,,,Green,D. Green,,,,,Restricted Area,0-8 Center,0.0,Made,21.0,,,,,,,,,,,,,,,,,
633,PT04M47.00S,2024-12-16T03:41:53.1Z,4,REGULAR,3pt,Jump Shot,[],202681,70.90998685939553,15.441176470588236,1610612742,125,132,2024-12-16T03:42:38Z,6240000,False,-173.0,221.0,1,right,MISS K. Irving 28' step back 3PT,[202681],1610612742.0,DAL,step back,,,Irving,K. Irving,,,,,Above the Break 3,24+ Left Center,28.05,Missed,,,,,,,,,,,,,,,,,,
634,PT04M44.00S,2024-12-16T03:41:56.1Z,4,REGULAR,rebound,defensive,[],203952,,,1610612744,125,132,2024-12-16T03:42:14Z,6250000,False,,,0,,A. Wiggins REBOUND (Off:0 Def:2),[203952],1610612744.0,GSW,,,,Wiggins,A. Wiggins,,,,,Above the Break 3,24+ Left Center,,,,,,,,,,,,633.0,2.0,2.0,0.0,,,,,
635,PT04M37.00S,2024-12-16T03:42:03.6Z,4,REGULAR,turnover,lost ball,[],201939,,,1610612744,125,132,2024-12-16T03:42:15Z,6260000,False,,,0,,S. Curry lost ball TURNOVER (2 TO),"[201939, 1629023]",1610612744.0,GSW,,,,Curry,S. Curry,,,,,Above the Break 3,24+ Center,,,,,,,,,,,,,,,,,,2.0,Washington,1629023.0
636,PT04M37.00S,2024-12-16T03:42:03.6Z,4,REGULAR,steal,,[],1629023,,,1610612742,125,132,2024-12-16T03:44:23Z,6270000,False,,,0,,P. Washington STEAL (1 STL),[1629023],1610612742.0,DAL,,,,Washington,P. Washington,,,,,Above the Break 3,24+ Center,,,,,,,,,,,,,,,,,,,,
637,PT04M32.00S,2024-12-16T03:42:08.8Z,4,REGULAR,3pt,Jump Shot,"['fromturnover', 'fastbreak']",202691,70.25295663600527,77.94117647058823,1610612742,125,135,2024-12-16T03:43:45Z,6280000,False,140.0,227.0,1,right,K. Thompson 26' 3PT running (22 PTS) (L. Dončić 12 AST),"[202691, 1629029]",1610612742.0,DAL,running,,,Thompson,K. Thompson,,,,,Above the Break 3,24+ Right Center,26.66,Made,22.0,L. Dončić,1629029.0,12.0,,,,,,,,,,,,,,
639,PT04M10.00S,2024-12-16T03:42:30.1Z,4,REGULAR,2pt,Layup,['pointsinthepaint'],1630228,7.703679369250986,55.63725490196079,1610612744,127,135,2024-12-16T03:44:07Z,6300000,False,-28.0,20.0,1,left,J. Kuminga driving finger roll Layup (20 PTS) (S. Curry 9 AST),"[1630228, 201939]",1610612744.0,GSW,driving finger roll,,,Kuminga,J. Kuminga,,,,,Restricted Area,0-8 Center,3.45,Made,20.0,S. Curry,201939.0,9.0,,,,,,,,,,,,,,
641,PT03M52.00S,2024-12-16T03:42:48.1Z,4,REGULAR,3pt,Jump Shot,[],202691,72.88107752956637,83.08823529411765,1610612742,127,138,2024-12-16T03:42:54Z,6320000,False,165.0,202.0,1,right,K. Thompson 26' 3PT  (25 PTS) (L. Dončić 13 AST),"[202691, 1629029]",1610612742.0,DAL,,,,Thompson,K. Thompson,,,,,Above the Break 3,24+ Right Center,26.14,Made,25.0,L. Dončić,1629029.0,13.0,,,,,,,,,,,,,,
643,PT03M34.00S,2024-12-16T03:43:05.9Z,4,REGULAR,3pt,Jump Shot,[],201939,32.670827858081466,41.42156862745098,1610612744,127,138,2024-12-16T03:43:22Z,6340000,False,43.0,255.0,1,left,MISS S. Curry 25' 3PT,[201939],1610612744.0,GSW,,,,Curry,S. Curry,,,,,Above the Break 3,24+ Center,25.82,Missed,,,,,,,,,,,,,,,,,,
644,PT03M31.00S,2024-12-16T03:43:08.9Z,4,REGULAR,rebound,offensive,[],1630228,,,1610612744,127,138,2024-12-16T03:43:22Z,6350000,False,,,0,,J. Kuminga REBOUND (Off:2 Def:1),[1630228],1610612744.0,GSW,,,,Kuminga,J. Kuminga,,,,,Above the Break 3,24+ Center,,,,,,,,,,,,643.0,3.0,1.0,2.0,,,,,
645,PT03M24.00S,2024-12-16T03:43:17.1Z,4,REGULAR,3pt,Jump Shot,['2ndchance'],1630322,27.414586070959263,78.92156862745098,1610612744,130,138,2024-12-16T03:43:25Z,6360000,False,-145.0,205.0,1,left,L. Waters III 25' 3PT  (12 PTS) (S. Curry 10 AST),"[1630322, 201939]",1610612744.0,GSW,,,,Waters III,L. Waters III,,,,,Above the Break 3,24+ Left Center,25.1,Made,12.0,S. Curry,201939.0,10.0,,,,,,,,,,,,,,
647,PT03M09.00S,2024-12-16T03:43:36.3Z,4,REGULAR,timeout,full,['team'],0,,,1610612742,130,138,2024-12-16T03:43:36Z,6380000,False,,,0,,DAL Timeout,[],1610612742.0,DAL,,,,,,,,,,,,,,,,,,,,,,,,,,,,,,,
671,PT02M57.00S,2024-12-16T03:44:37.3Z,4,REGULAR,turnover,lost ball,[],202681,,,1610612742,130,138,2024-12-16T03:50:10Z,6385000,False,,,0,,K. Irving lost ball TURNOVER (2 TO),"[202681, 1630322]",1610612742.0,DAL,,,,Irving,K. Irving,,,,,Mid-Range,8-16 Right,,,,,,,,,,,,,,,,,,2.0,Waters III,1630322.0
672,PT02M57.00S,2024-12-16T03:44:37.3Z,4,REGULAR,steal,,[],1630322,,,1610612744,130,138,2024-12-16T03:50:59Z,6387500,False,,,0,,L. Waters III STEAL (4 STL),[1630322],1610612744.0,GSW,,,,Waters III,L. Waters III,,,,,Mid-Range,8-16 Right,,,,,,,,,,,,,,,,,,,,
650,PT02M49.00S,2024-12-16T03:45:45.4Z,4,REGULAR,3pt,Jump Shot,"['fastbreak', 'fromturnover']",203952,4.155716162943495,95.34313725490196,1610612744,133,138,2024-12-16T03:50:16Z,6410000,False,-227.0,-13.0,1,left,A. Wiggins 3PT running (29 PTS) (L. Waters III 2 AST),"[203952, 1630322]",1610612744.0,GSW,running,,,Wiggins,A. Wiggins,,,,,Left Corner 3,24+ Left,22.71,Made,29.0,L. Waters III,1630322.0,2.0,,,,,,,,,,,,,,
652,PT02M26.00S,2024-12-16T03:46:08.4Z,4,REGULAR,2pt,Jump Shot,[],202691,86.02168199737189,18.872549019607842,1610612742,133,138,2024-12-16T03:46:50Z,6430000,False,-156.0,79.0,1,right,MISS K. Thompson 17' fadeaway Shot,[202691],1610612742.0,DAL,fadeaway,,,Thompson,K. Thompson,,,,,Mid-Range,16-24 Left,17.45,Missed,,,,,,,,,,,,,,,,,,
653,PT02M24.00S,2024-12-16T03:46:10.4Z,4,REGULAR,rebound,defensive,[],201939,,,1610612744,133,138,2024-12-16T03:46:29Z,6440000,False,,,0,,S. Curry REBOUND (Off:0 Def:4),[201939],1610612744.0,GSW,,,,Curry,S. Curry,,,,,Mid-Range,16-24 Left,,,,,,,,,,,,652.0,4.0,4.0,0.0,,,,,
654,PT02M12.00S,2024-12-16T03:46:22.1Z,4,REGULAR,turnover,bad pass,[],203110,,,1610612744,133,138,2024-12-16T03:46:35Z,6450000,False,,,0,,D. Green bad pass TURNOVER (4 TO),"[203110, 1629029]",1610612744.0,GSW,,,,Green,D. Green,,,,,In The Paint (Non-RA),8-16 Right,,,,,,,,,,,,,,,,,,4.0,Dončić,1629029.0
655,PT02M12.00S,2024-12-16T03:46:22.1Z,4,REGULAR,steal,,[],1629029,,,1610612742,133,138,2024-12-16T03:46:23Z,6460000,False,,,0,,L. Dončić STEAL (3 STL),[1629029],1610612742.0,DAL,,,,Dončić,L. Dončić,,,,,In The Paint (Non-RA),8-16 Right,,,,,,,,,,,,,,,,,,,,
656,PT01M52.00S,2024-12-16T03:46:42.6Z,4,REGULAR,3pt,Jump Shot,['fromturnover'],1629023,92.72339027595268,5.392156862745098,1610612742,133,138,2024-12-16T03:46:50Z,6470000,False,-223.0,16.0,1,right,MISS P. Washington 3PT,[1629023],1610612742.0,DAL,,,,Washington,P. Washington,,,,,Left Corner 3,24+ Left,22.36,Missed,,,,,,,,,,,,,,,,,,
657,PT01M49.00S,2024-12-16T03:46:45.6Z,4,REGULAR,rebound,defensive,[],201939,,,1610612744,133,138,2024-12-16T03:46:50Z,6480000,False,,,0,,S. Curry REBOUND (Off:0 Def:5),[201939],1610612744.0,GSW,,,,Curry,S. Curry,,,,,Left Corner 3,24+ Left,,,,,,,,,,,,656.0,5.0,5.0,0.0,,,,,
658,PT01M42.00S,2024-12-16T03:46:52.5Z,4,REGULAR,3pt,Jump Shot,[],201939,26.888961892247043,12.009803921568627,1610612744,133,138,2024-12-16T03:48:44Z,6490000,False,190.0,200.0,1,left,MISS S. Curry 27' pullup 3PT,[201939],1610612744.0,GSW,pullup,,,Curry,S. Curry,,,,,Above the Break 3,24+ Right Center,27.61,Missed,,,,,,,,,,,,,,,,,,
659,PT01M40.00S,2024-12-16T03:46:54.5Z,4,REGULAR,rebound,defensive,[],202691,,,1610612742,133,138,2024-12-16T03:49:02Z,6500000,False,,,0,,K. Thompson REBOUND (Off:0 Def:5),[202691],1610612742.0,DAL,,,,Thompson,K. Thompson,,,,,Above the Break 3,24+ Right Center,,,,,,,,,,,,658.0,5.0,5.0,0.0,,,,,
660,PT01M36.00S,2024-12-16T03:47:02.2Z,4,REGULAR,foul,personal,"['inpenalty', '2freethrow']",203110,,,1610612742,133,138,2024-12-16T03:47:11Z,6510000,False,,,0,,D. Green shooting personal FOUL (1 PF) (Washington 2 FT),"[203110, 1629023]",1610612744.0,GSW,shooting,,,Green,D. Green,,,,,Mid-Range,8-16 Left,,,,,,,204058.0,1.0,0.0,Washington,1629023.0,,,,,,,,,
663,PT01M36.00S,2024-12-16T03:48:30.6Z,4,REGULAR,freethrow,1 of 2,['fastbreak'],1629023,,,1610612742,133,138,2024-12-16T04:20:17Z,6540000,False,,,0,,MISS P. Washington Free Throw 1 of 2,[1629023],1610612742.0,DAL,,,,Washington,P. Washington,,,,,,,,Missed,,,,,,,,,,,,,,,,,,
664,PT01M36.00S,2024-12-16T03:48:30.6Z,4,REGULAR,rebound,offensive,"['team', 'deadball']",0,,,1610612742,133,138,2024-12-16T04:20:17Z,6550000,False,,,0,,TEAM offensive REBOUND,[],1610612742.0,DAL,,,,,,,,,,,,,,,,,,,,,,,663.0,,,,,,,,
665,PT01M36.00S,2024-12-16T03:48:30.6Z,4,REGULAR,freethrow,2 of 2,['fastbreak'],1629023,,,1610612742,133,139,2024-12-16T04:20:17Z,6560000,False,,,0,,P. Washington Free Throw 2 of 2 (13 PTS),[1629023],1610612742.0,DAL,,,,Washington,P. Washington,,,,,,,,Made,13.0,,,,,,,,,,,,,,,,,
666,PT01M25.00S,2024-12-16T03:48:58.4Z,4,REGULAR,3pt,Jump Shot,[],201939,32.670827858081466,24.509803921568626,1610612744,133,139,2024-12-16T03:49:05Z,6570000,False,127.0,255.0,1,left,MISS S. Curry 28' 3PT,[201939],1610612744.0,GSW,,,,Curry,S. Curry,,,,,Above the Break 3,24+ Right Center,28.47,Missed,,,,,,,,,,,,,,,,,,
667,PT01M22.00S,2024-12-16T03:49:01.4Z,4,REGULAR,rebound,defensive,[],202681,,,1610612742,133,139,2024-12-16T03:49:05Z,6580000,False,,,0,,K. Irving REBOUND (Off:1 Def:2),[202681],1610612742.0,DAL,,,,Irving,K. Irving,,,,,Above the Break 3,24+ Right Center,,,,,,,,,,,,666.0,3.0,2.0,1.0,,,,,
668,PT01M03.00S,2024-12-16T03:49:21.4Z,4,REGULAR,foul,personal,"['inpenalty', '3freethrow']",203952,,,1610612742,133,139,2024-12-16T03:49:29Z,6590000,False,,,0,,A. Wiggins shooting personal FOUL (2 PF) (Thompson 3 FT),"[203952, 202691]",1610612744.0,GSW,shooting,,,Wiggins,A. Wiggins,,,,,Above the Break 3,24+ Left Center,,,,,,,2530.0,2.0,0.0,Thompson,202691.0,,,,,,,,,
670,PT01M03.00S,2024-12-16T03:49:57.1Z,4,REGULAR,freethrow,1 of 3,[],202691,,,1610612742,133,140,2024-12-16T03:49:57Z,6610000,False,,,0,,K. Thompson Free Throw 1 of 3 (26 PTS),[202691],1610612742.0,DAL,,,,Thompson,K. Thompson,,,,,,,,Made,26.0,,,,,,,,,,,,,,,,,
673,PT01M03.00S,2024-12-16T03:50:14.7Z,4,REGULAR,freethrow,2 of 3,[],202691,,,1610612742,133,141,2024-12-16T03:50:14Z,6620000,False,,,0,,K. Thompson Free Throw 2 of 3 (27 PTS),[202691],1610612742.0,DAL,,,,Thompson,K. Thompson,,,,,,,,Made,27.0,,,,,,,,,,,,,,,,,
674,PT01M03.00S,2024-12-16T03:50:38.4Z,4,REGULAR,freethrow,3 of 3,[],202691,,,1610612742,133,142,2024-12-16T03:50:38Z,6630000,False,,,0,,K. Thompson Free Throw 3 of 3 (28 PTS),[202691],1610612742.0,DAL,,,,Thompson,K. Thompson,,,,,,,,Made,28.0,,,,,,,,,,,,,,,,,
675,PT01M03.00S,2024-12-16T03:50:42.0Z,4,REGULAR,timeout,full,['team'],0,,,1610612744,133,142,2024-12-16T03:50:42Z,6640000,False,,,0,,GSW Timeout,[],1610612744.0,GSW,,,,,,,,,,,,,,,,,,,,,,,,,,,,,,,
676,PT01M03.00S,2024-12-16T03:51:58.6Z,4,REGULAR,substitution,out,[],1630228,,,1610612744,133,142,2024-12-16T03:52:13Z,6650000,False,,,0,,SUB out: J. Kuminga,[1630228],1610612744.0,GSW,,,,Kuminga,J. Kuminga,,,,,,,,,,,,,,,,,,,,,,,,,,
677,PT01M03.00S,2024-12-16T03:51:58.6Z,4,REGULAR,substitution,in,[],1641764,,,1610612744,133,142,2024-12-16T03:52:13Z,6660000,False,,,0,,SUB in: B. Podziemski,[1641764],1610612744.0,GSW,,,,Podziemski,B. Podziemski,,,,,,,,,,,,,,,,,,,,,,,,,,
678,PT01M01.00S,2024-12-16T03:52:28.4Z,4,REGULAR,3pt,Jump Shot,[],1630322,32.013797634691194,65.93137254901961,1610612744,133,142,2024-12-16T03:52:39Z,6670000,False,-80.0,248.0,1,left,MISS L. Waters III 26' 3PT,[1630322],1610612744.0,GSW,,,,Waters III,L. Waters III,,,,,Above the Break 3,24+ Center,26.09,Missed,,,,,,,,,,,,,,,,,,
679,PT00M58.50S,2024-12-16T03:52:31.8Z,4,REGULAR,rebound,offensive,[],203952,,,1610612744,133,142,2024-12-16T03:52:31Z,6680000,False,,,0,,A. Wiggins REBOUND (Off:1 Def:2),[203952],1610612744.0,GSW,,,,Wiggins,A. Wiggins,,,,,Above the Break 3,24+ Center,,,,,,,,,,,,678.0,3.0,2.0,1.0,,,,,
680,PT00M58.10S,2024-12-16T03:52:35.1Z,4,REGULAR,turnover,out-of-bounds,[],203952,,,1610612744,133,142,2024-12-16T03:52:47Z,6690000,False,,,0,,A. Wiggins step out-of-bounds TURNOVER (1 TO),[203952],1610612744.0,GSW,step,,,Wiggins,A. Wiggins,,,,,Right Corner 3,24+ Right,,,,,,,2002.0,,,,,,,,,,,1.0,,
681,PT00M44.60S,2024-12-16T03:53:07.6Z,4,REGULAR,foul,personal,"['inpenalty', '2freethrow']",1641764,,,1610612742,133,142,2024-12-16T03:53:12Z,6700000,False,,,0,,B. Podziemski personal FOUL (1 PF) (Thompson 2 FT),"[1641764, 202691]",1610612744.0,GSW,,,,Podziemski,B. Podziemski,,,,,Above the Break 3,24+ Left Center,,,,,,,204058.0,1.0,0.0,Thompson,202691.0,,,,,,,,,
683,PT00M44.60S,2024-12-16T03:53:35.1Z,4,REGULAR,freethrow,1 of 2,['fromturnover'],202691,,,1610612742,133,143,2024-12-16T03:54:27Z,6720000,False,,,0,,K. Thompson Free Throw 1 of 2 (29 PTS),[202691],1610612742.0,DAL,,,,Thompson,K. Thompson,,,,,,,,Made,29.0,,,,,,,,,,,,,,,,,
684,PT00M44.60S,2024-12-16T03:53:35.8Z,4,REGULAR,substitution,out,[],203952,,,1610612742,133,143,2024-12-16T03:54:09Z,6730000,False,,,0,,SUB out: A. Wiggins,[203952],1610612744.0,GSW,,,,Wiggins,A. Wiggins,,,,,,,,,,,,,,,,,,,,,,,,,,
685,PT00M44.60S,2024-12-16T03:53:35.8Z,4,REGULAR,substitution,out,[],203110,,,1610612742,133,143,2024-12-16T03:54:09Z,6740000,False,,,0,,SUB out: D. Green,[203110],1610612744.0,GSW,,,,Green,D. Green,,,,,,,,,,,,,,,,,,,,,,,,,,
686,PT00M44.60S,2024-12-16T03:53:35.8Z,4,REGULAR,substitution,out,[],201939,,,1610612742,133,143,2024-12-16T03:54:09Z,6750000,False,,,0,,SUB out: S. Curry,[201939],1610612744.0,GSW,,,,Curry,S. Curry,,,,,,,,,,,,,,,,,,,,,,,,,,
687,PT00M44.60S,2024-12-16T03:53:35.8Z,4,REGULAR,substitution,out,[],1641726,,,1610612742,133,143,2024-12-16T03:54:09Z,6760000,False,,,0,,SUB out: D. Lively II,[1641726],1610612742.0,DAL,,,,Lively II,D. Lively II,,,,,,,,,,,,,,,,,,,,,,,,,,
688,PT00M44.60S,2024-12-16T03:53:35.8Z,4,REGULAR,substitution,out,[],202681,,,1610612742,133,143,2024-12-16T03:54:09Z,6770000,False,,,0,,SUB out: K. Irving,[202681],1610612742.0,DAL,,,,Irving,K. Irving,,,,,,,,,,,,,,,,,,,,,,,,,,
689,PT00M44.60S,2024-12-16T03:53:35.8Z,4,REGULAR,substitution,out,[],1629023,,,1610612742,133,143,2024-12-16T03:54:09Z,6780000,False,,,0,,SUB out: P. Washington,[1629023],1610612742.0,DAL,,,,Washington,P. Washington,,,,,,,,,,,,,,,,,,,,,,,,,,
690,PT00M44.60S,2024-12-16T03:53:35.8Z,4,REGULAR,substitution,out,[],1629029,,,1610612742,133,143,2024-12-16T03:54:09Z,6790000,False,,,0,,SUB out: L. Dončić,[1629029],1610612742.0,DAL,,,,Dončić,L. Dončić,,,,,,,,,,,,,,,,,,,,,,,,,,
691,PT00M44.60S,2024-12-16T03:53:35.8Z,4,REGULAR,substitution,in,[],1627741,,,1610612742,133,143,2024-12-16T03:54:09Z,6800000,False,,,0,,SUB in: B. Hield,[1627741],1610612744.0,GSW,,,,Hield,B. Hield,,,,,,,,,,,,,,,,,,,,,,,,,,
692,PT00M44.60S,2024-12-16T03:53:35.8Z,4,REGULAR,substitution,in,[],1631218,,,1610612742,133,143,2024-12-16T03:54:09Z,6810000,False,,,0,,SUB in: T. Jackson-Davis,[1631218],1610612744.0,GSW,,,,Jackson-Davis,T. Jackson-Davis,,,,,,,,,,,,,,,,,,,,,,,,,,
693,PT00M44.60S,2024-12-16T03:53:35.8Z,4,REGULAR,substitution,in,[],1630311,,,1610612742,133,143,2024-12-16T03:54:09Z,6820000,False,,,0,,SUB in: P. Spencer,[1630311],1610612744.0,GSW,,,,Spencer,P. Spencer,,,,,,,,,,,,,,,,,,,,,,,,,,
694,PT00M44.60S,2024-12-16T03:53:35.8Z,4,REGULAR,substitution,in,[],1641789,,,1610612742,133,143,2024-12-16T03:54:09Z,6830000,False,,,0,,SUB in: J. Gortman,[1641789],1610612742.0,DAL,,,,Gortman,J. Gortman,,,,,,,,,,,,,,,,,,,,,,,,,,
695,PT00M44.60S,2024-12-16T03:53:35.8Z,4,REGULAR,substitution,in,[],1641765,,,1610612742,133,143,2024-12-16T03:54:09Z,6840000,False,,,0,,SUB in: O. Prosper,[1641765],1610612742.0,DAL,,,,Prosper,O. Prosper,,,,,,,,,,,,,,,,,,,,,,,,,,
696,PT00M44.60S,2024-12-16T03:53:35.8Z,4,REGULAR,substitution,in,[],1630556,,,1610612742,133,143,2024-12-16T03:54:09Z,6850000,False,,,0,,SUB in: K. Edwards,[1630556],1610612742.0,DAL,,,,Edwards,K. Edwards,,,,,,,,,,,,,,,,,,,,,,,,,,
697,PT00M44.60S,2024-12-16T03:53:35.8Z,4,REGULAR,substitution,in,[],203939,,,1610612742,133,143,2024-12-16T03:54:09Z,6860000,False,,,0,,SUB in: D. Powell,[203939],1610612742.0,DAL,,,,Powell,D. Powell,,,,,,,,,,,,,,,,,,,,,,,,,,
698,PT00M44.60S,2024-12-16T03:53:35.1Z,4,REGULAR,freethrow,2 of 2,['fromturnover'],202691,,,1610612742,133,143,2024-12-16T03:54:27Z,6870000,False,,,0,,MISS K. Thompson Free Throw 2 of 2,[202691],1610612742.0,DAL,,,,Thompson,K. Thompson,,,,,,,,Missed,,,,,,,,,,,,,,,,,,
699,PT00M43.30S,2024-12-16T03:53:36.4Z,4,REGULAR,rebound,defensive,[],1630322,,,1610612744,133,143,2024-12-16T03:54:27Z,6880000,False,,,0,,L. Waters III REBOUND (Off:2 Def:3),[1630322],1610612744.0,GSW,,,,Waters III,L. Waters III,,,,,,,,,,,,,,,,,,698.0,5.0,3.0,2.0,,,,,
700,PT00M33.00S,2024-12-16T03:54:34.6Z,4,REGULAR,2pt,Jump Shot,['pointsinthepaint'],1641764,12.565703022339028,44.36274509803921,1610612744,133,143,2024-12-16T03:55:14Z,6890000,False,28.0,66.0,1,left,MISS B. Podziemski 7' driving floating Shot,[1641764],1610612744.0,GSW,driving floating,,,Podziemski,B. Podziemski,,,,,In The Paint (Non-RA),0-8 Center,7.14,Missed,,,,,,,,,,,,,,,,,,
701,PT00M29.50S,2024-12-16T03:54:38.1Z,4,REGULAR,rebound,defensive,[],1641765,,,1610612742,133,143,2024-12-16T03:55:12Z,6900000,False,,,0,,O. Prosper REBOUND (Off:0 Def:3),[1641765],1610612742.0,DAL,,,,Prosper,O. Prosper,,,,,In The Paint (Non-RA),0-8 Center,,,,,,,,,,,,700.0,3.0,3.0,0.0,,,,,
702,PT00M07.80S,2024-12-16T03:55:07.2Z,4,REGULAR,turnover,shot clock,['team'],0,,,1610612742,133,143,2024-12-16T03:55:27Z,6910000,False,,,0,,DAL shot clock Team TURNOVER,[],1610612742.0,DAL,,,,,,,,,,Above the Break 3,24+ Center,,,,,,,204058.0,,,,,,,,,,,,,
703,PT00M00.00S,2024-12-16T03:55:19.0Z,4,REGULAR,period,end,[],0,,,1610612744,133,143,2024-12-16T03:55:19Z,6920000,False,,,0,,Period End,[],,,,,,,,,,,,,,,,,,,,,,,,,,,,,,,,,
704,PT00M00.00S,2024-12-16T03:55:20.7Z,4,REGULAR,game,end,[],0,,,0,133,143,2024-12-16T03:55:20Z,6930000,False,,,0,,Game End,[],,,,,,,,,,,,,,,,,,,,,,,,,,,,,,,,,
