actionNumber,clock,timeActual,period,periodType,actionType,subType,qualifiers,personId,x,y,possession,scoreHome,scoreAway,edited,orderNumber,xLegacy,yLegacy,isFieldGoal,side,description,personIdsFilter,teamId,teamTricode,descriptor,jumpBallRecoveredName,jumpBallRecoverdPersonId,playerName,playerNameI,jumpBallWonPlayerName,jumpBallWonPersonId,jumpBallLostPlayerName,jumpBallLostPersonId,shotDistance,shotResult,shotActionNumber,reboundTotal,reboundDefensiveTotal,reboundOffensiveTotal,officialId,foulPersonalTotal,foulTechnicalTotal,foulDrawnPlayerName,foulDrawnPersonId,pointsTotal,assistPlayerNameInitial,assistPersonId,assistTotal,blockPlayerName,blockPersonId,turnoverTotal,stealPlayerName,stealPersonId,value
2,PT12M00.00S,2021-10-29T23:45:38.2Z,1,REGULAR,period,start,[],0,,,0,0,0,2021-10-29T23:45:38Z,20000,,,0,,Period Start,[],,,,,,,,,,,,,,,,,,,,,,,,,,,,,,,,
4,PT11M57.00S,2021-10-29T23:45:40.4Z,1,REGULAR,jumpball,recovered,[],1628970,,,1610612766,0,0,2021-10-29T23:45:40Z,40000,,,0,,Jump Ball M. Plumlee vs. B. Adebayo: Tip to M. Bridges,"[1628970, 203486, 1628389]",1610612766.0,CHA,startperiod,M. Bridges,1628970.0,Bridges,M. Bridges,Plumlee,203486.0,Adebayo,1628389.0,,,,,,,,,,,,,,,,,,,,,
7,PT11M36.00S,2021-10-29T23:46:00.8Z,1,REGULAR,2pt,Jump Shot,[],202330,94.1688567674113,70.34313725490196,1610612766,0,0,2021-10-29T23:46:34Z,70000,102.0,2.0,1,right,MISS G. Hayward 10' floating Shot,[202330],1610612766.0,CHA,floating,,,Hayward,G. Hayward,,,,,10.17,Missed,,,,,,,,,,,,,,,,,,,
8,PT11M32.00S,2021-10-29T23:46:04.8Z,1,REGULAR,rebound,defensive,[],1629130,,,1610612748,0,0,2021-10-29T23:46:07Z,80000,,,0,,D. Robinson REBOUND (Off:0 Def:1),[1629130],1610612748.0,MIA,,,,Robinson,D. Robinson,,,,,,,7.0,1.0,1.0,0.0,,,,,,,,,,,,,,,
9,PT11M28.00S,2021-10-29T23:46:12.0Z,1,REGULAR,foul,personal,[],202330,,,1610612748,0,0,2021-10-29T23:46:30Z,90000,,,0,,G. Hayward personal FOUL (1 PF),"[202330, 1629130]",1610612766.0,CHA,,,,Hayward,G. Hayward,,,,,,,,,,,1146.0,1.0,0.0,Robinson,1629130.0,,,,,,,,,,
11,PT11M16.00S,2021-10-29T23:46:37.8Z,1,REGULAR,2pt,Jump Shot,[],200768,27.94021024967148,50.98039215686274,1610612748,0,0,2021-10-29T23:46:44Z,110000,-5.0,210.0,1,left,MISS K. Lowry 21' pullup Shot,[200768],1610612748.0,MIA,pullup,,,Lowry,K. Lowry,,,,,21.02,Missed,,,,,,,,,,,,,,,,,,,
12,PT11M12.00S,2021-10-29T23:46:41.8Z,1,REGULAR,rebound,defensive,[],1630163,,,1610612766,0,0,2021-10-29T23:46:44Z,120000,,,0,,L. Ball REBOUND (Off:0 Def:1),[1630163],1610612766.0,CHA,,,,Ball,L. Ball,,,,,,,11.0,1.0,1.0,0.0,,,,,,,,,,,,,,,
13,PT11M04.00S,2021-10-29T23:46:48.8Z,1,REGULAR,2pt,Jump Shot,['pointsinthepaint'],1630163,82.60512483574244,38.72549019607843,1610612766,0,0,2021-10-29T23:46:58Z,130000,-56.0,111.0,1,right,MISS L. Ball 12' floating Shot,[1630163],1610612766.0,CHA,floating,,,Ball,L. Ball,,,,,12.45,Missed,,,,,,,,,,,,,,,,,,,
14,PT11M00.00S,2021-10-29T23:46:52.8Z,1,REGULAR,rebound,defensive,[],200768,,,1610612748,0,0,2021-10-29T23:46:58Z,140000,,,0,,K. Lowry REBOUND (Off:0 Def:1),[200768],1610612748.0,MIA,,,,Lowry,K. Lowry,,,,,,,13.0,1.0,1.0,0.0,,,,,,,,,,,,,,,
75,PT10M58.00S,2021-10-29T23:47:02.5Z,1,REGULAR,3pt,Jump Shot,['fastbreak'],1629130,26.067674113009204,13.970588235294116,1610612748,0,0,2021-10-29T23:55:57Z,155000,180.0,193.0,1,left,MISS D. Robinson 26' 3PT,[1629130],1610612748.0,MIA,,,,Robinson,D. Robinson,,,,,26.36,Missed,,,,,,,,,,,,,,,,,,,
76,PT10M56.00S,2021-10-29T23:47:04.5Z,1,REGULAR,rebound,defensive,[],1628970,,,1610612766,0,0,2021-10-29T23:55:52Z,162500,,,0,,M. Bridges REBOUND (Off:0 Def:1),[1628970],1610612766.0,CHA,,,,Bridges,M. Bridges,,,,,,,75.0,1.0,1.0,0.0,,,,,,,,,,,,,,,
17,PT10M45.00S,2021-10-29T23:47:16.3Z,1,REGULAR,foul,personal,[],200782,,,1610612766,0,0,2021-10-29T23:55:52Z,170000,,,0,,P. Tucker personal FOUL (1 PF),"[200782, 203486]",1610612748.0,MIA,,,,Tucker,P. Tucker,,,,,,,,,,,1146.0,1.0,0.0,Plumlee,203486.0,,,,,,,,,,
19,PT10M42.00S,2021-10-29T23:47:31.7Z,1,REGULAR,foul,personal,[],1629130,,,1610612766,0,0,2021-10-29T23:47:16Z,190000,,,0,,D. Robinson personal FOUL (1 PF),"[1629130, 1626162]",1610612748.0,MIA,,,,Robinson,D. Robinson,,,,,,,,,,,101283.0,1.0,0.0,Oubre Jr.,1626162.0,,,,,,,,,,
21,PT10M32.00S,2021-10-29T23:47:54.5Z,1,REGULAR,2pt,Layup,['pointsinthepaint'],1626162,93.77463863337714,44.85294117647059,1610612766,0,2,2021-10-29T23:56:14Z,210000,-26.0,6.0,1,right,K. Oubre Jr. cutting Layup (2 PTS) (L. Ball 1 AST),"[1626162, 1630163]",1610612766.0,CHA,cutting,,,Oubre Jr.,K. Oubre Jr.,,,,,2.64,Made,,,,,,,,,,2.0,L. Ball,1630163.0,1.0,,,,,,
23,PT10M12.00S,2021-10-29T23:48:14.7Z,1,REGULAR,2pt,Layup,['pointsinthepaint'],1629130,7.178055190538765,54.166666666666664,1610612748,0,2,2021-10-29T23:48:18Z,230000,-21.0,15.0,1,left,MISS D. Robinson Layup - blocked,"[1629130, 202330]",1610612748.0,MIA,,,,Robinson,D. Robinson,,,,,2.56,Missed,,,,,,,,,,,,,,Hayward,202330.0,,,,
24,PT10M12.00S,2021-10-29T23:48:14.7Z,1,REGULAR,block,,[],202330,,,1610612748,0,2,2021-10-29T23:48:17Z,240000,,,0,,G. Hayward BLOCK (1 BLK),[202330],1610612766.0,CHA,,,,Hayward,G. Hayward,,,,,,,,,,,,,,,,,,,,,,,,,
25,PT10M09.00S,2021-10-29T23:48:17.7Z,1,REGULAR,rebound,defensive,[],202330,,,1610612766,0,2,2021-10-29T23:48:18Z,250000,,,0,,G. Hayward REBOUND (Off:0 Def:1),[202330],1610612766.0,CHA,,,,Hayward,G. Hayward,,,,,,,23.0,1.0,1.0,0.0,,,,,,,,,,,,,,,
26,PT10M05.00S,2021-10-29T23:48:21.6Z,1,REGULAR,3pt,Jump Shot,['fastbreak'],1628970,91.14651773981603,2.696078431372549,1610612766,0,2,2021-10-29T23:49:17Z,260000,-237.0,31.0,1,right,MISS M. Bridges pullup 3PT,[1628970],1610612766.0,CHA,pullup,,,Bridges,M. Bridges,,,,,23.85,Missed,,,,,,,,,,,,,,,,,,,
27,PT10M01.00S,2021-10-29T23:48:25.6Z,1,REGULAR,rebound,defensive,[],1628389,,,1610612748,0,2,2021-10-29T23:48:28Z,270000,,,0,,B. Adebayo REBOUND (Off:0 Def:1),[1628389],1610612748.0,MIA,,,,Adebayo,B. Adebayo,,,,,,,26.0,1.0,1.0,0.0,,,,,,,,,,,,,,,
28,PT09M52.00S,2021-10-29T23:48:35.3Z,1,REGULAR,2pt,Layup,['pointsinthepaint'],202710,7.046649145860711,35.78431372549019,1610612748,0,2,2021-10-29T23:50:28Z,280000,71.0,14.0,1,left,MISS J. Butler 7' driving Layup,[202710],1610612748.0,MIA,driving,,,Butler,J. Butler,,,,,7.24,Missed,,,,,,,,,,,,,,,,,,,
29,PT09M47.00S,2021-10-29T23:48:39.0Z,1,REGULAR,rebound,offensive,[],202710,,,1610612748,0,2,2021-10-29T23:48:39Z,290000,,,0,,J. Butler REBOUND (Off:1 Def:0),[202710],1610612748.0,MIA,,,,Butler,J. Butler,,,,,,,28.0,1.0,0.0,1.0,,,,,,,,,,,,,,,
30,PT09M46.00S,2021-10-29T23:48:39.8Z,1,REGULAR,2pt,Layup,"['pointsinthepaint', '2ndchance']",202710,7.703679369250986,47.30392156862745,1610612748,2,2,2021-10-29T23:49:04Z,300000,13.0,20.0,1,left,J. Butler putback Layup (2 PTS),[202710],1610612748.0,MIA,putback,,,Butler,J. Butler,,,,,2.4,Made,,,,,,,,,,2.0,,,,,,,,,
31,PT09M36.00S,2021-10-29T23:48:50.8Z,1,REGULAR,2pt,Layup,['pointsinthepaint'],1628970,86.94152431011827,54.41176470588235,1610612766,2,4,2021-10-29T23:48:58Z,310000,22.0,70.0,1,right,M. Bridges 7' driving Layup (2 PTS),[1628970],1610612766.0,CHA,driving,,,Bridges,M. Bridges,,,,,7.36,Made,,,,,,,,,,2.0,,,,,,,,,
32,PT09M27.00S,2021-10-29T23:48:59.7Z,1,REGULAR,2pt,Jump Shot,[],1628389,25.312089356110377,44.85294117647059,1610612748,2,4,2021-10-29T23:49:08Z,320000,26.0,185.0,1,left,MISS B. Adebayo 18' pullup Shot,[1628389],1610612748.0,MIA,pullup,,,Adebayo,B. Adebayo,,,,,18.72,Missed,,,,,,,,,,,,,,,,,,,
33,PT09M27.00S,2021-10-29T23:48:59.7Z,1,REGULAR,rebound,defensive,[],202330,,,1610612766,2,4,2021-10-29T23:49:08Z,330000,,,0,,G. Hayward REBOUND (Off:0 Def:2),[202330],1610612766.0,CHA,,,,Hayward,G. Hayward,,,,,,,32.0,2.0,2.0,0.0,,,,,,,,,,,,,,,
34,PT09M15.00S,2021-10-29T23:49:11.3Z,1,REGULAR,3pt,Jump Shot,[],1626162,96.5341655716163,96.32352941176471,1610612766,2,7,2021-10-29T23:49:17Z,340000,232.0,-20.0,1,right,K. Oubre Jr. 3PT  (5 PTS) (G. Hayward 1 AST),"[1626162, 202330]",1610612766.0,CHA,,,,Oubre Jr.,K. Oubre Jr.,,,,,23.25,Made,,,,,,,,,,5.0,G. Hayward,202330.0,1.0,,,,,,
36,PT09M02.00S,2021-10-29T23:49:24.8Z,1,REGULAR,2pt,Layup,['pointsinthepaint'],1629130,6.389618922470433,46.568627450980394,1610612748,4,7,2021-10-29T23:53:03Z,360000,17.0,8.0,1,left,D. Robinson cutting Layup (2 PTS) (K. Lowry 1 AST),"[1629130, 200768]",1610612748.0,MIA,cutting,,,Robinson,D. Robinson,,,,,1.88,Made,,,,,,,,,,2.0,K. Lowry,200768.0,1.0,,,,,,
38,PT08M55.00S,2021-10-29T23:49:34.4Z,1,REGULAR,stoppage,out-of-bounds,[],0,,,1610612766,4,7,2021-10-29T23:53:03Z,380000,,,0,,,[],,,,,,,,,,,,,,,,,,,,,,,,,,,,,,,,
39,PT08M50.00S,2021-10-29T23:49:54.1Z,1,REGULAR,2pt,Jump Shot,['pointsinthepaint'],1626162,86.67871222076215,34.80392156862745,1610612766,4,7,2021-10-29T23:49:59Z,390000,-76.0,73.0,1,right,MISS K. Oubre Jr. 10' floating Shot,[1626162],1610612766.0,CHA,floating,,,Oubre Jr.,K. Oubre Jr.,,,,,10.52,Missed,,,,,,,,,,,,,,,,,,,
40,PT08M48.00S,2021-10-29T23:49:57.0Z,1,REGULAR,rebound,offensive,[],1626162,,,1610612766,4,7,2021-10-29T23:49:57Z,400000,,,0,,K. Oubre Jr. REBOUND (Off:1 Def:0),[1626162],1610612766.0,CHA,,,,Oubre Jr.,K. Oubre Jr.,,,,,,,39.0,1.0,0.0,1.0,,,,,,,,,,,,,,,
41,PT08M43.00S,2021-10-29T23:50:02.4Z,1,REGULAR,turnover,bad pass,[],1630163,,,1610612766,4,7,2021-10-29T23:50:06Z,410000,,,0,,L. Ball bad pass TURNOVER (1 TO),"[1630163, 1628389]",1610612766.0,CHA,,,,Ball,L. Ball,,,,,,,,,,,,,,,,,,,,,,1.0,Adebayo,1628389.0,
42,PT08M43.00S,2021-10-29T23:50:02.4Z,1,REGULAR,steal,,[],1628389,,,1610612748,4,7,2021-10-29T23:50:04Z,420000,,,0,,B. Adebayo STEAL (1 STL),[1628389],1610612748.0,MIA,,,,Adebayo,B. Adebayo,,,,,,,,,,,,,,,,,,,,,,,,,
43,PT08M38.00S,2021-10-29T23:50:10.5Z,1,REGULAR,turnover,lost ball,[],1628389,,,1610612748,4,7,2021-10-29T23:59:41Z,430000,,,0,,B. Adebayo lost ball TURNOVER (1 TO),[1628389],1610612748.0,MIA,,,,Adebayo,B. Adebayo,,,,,,,,,,,,,,,,,,,,,,1.0,,,
44,PT08M11.00S,2021-10-29T23:50:41.3Z,1,REGULAR,3pt,Jump Shot,['fromturnover'],1630163,78.13731931668858,4.411764705882353,1610612766,4,7,2021-10-29T23:50:46Z,440000,-228.0,153.0,1,right,MISS L. Ball 27' 3PT,[1630163],1610612766.0,CHA,,,,Ball,L. Ball,,,,,27.45,Missed,,,,,,,,,,,,,,,,,,,
45,PT08M09.00S,2021-10-29T23:50:43.6Z,1,REGULAR,rebound,offensive,[],203486,,,1610612766,4,7,2021-10-29T23:50:43Z,450000,,,0,,M. Plumlee REBOUND (Off:1 Def:0),[203486],1610612766.0,CHA,,,,Plumlee,M. Plumlee,,,,,,,44.0,1.0,0.0,1.0,,,,,,,,,,,,,,,
46,PT08M07.00S,2021-10-29T23:50:45.2Z,1,REGULAR,3pt,Jump Shot,"['fromturnover', '2ndchance']",202330,69.4316688567674,64.70588235294117,1610612766,4,7,2021-10-30T00:01:14Z,460000,74.0,235.0,1,right,MISS G. Hayward 24' 3PT,[202330],1610612766.0,CHA,,,,Hayward,G. Hayward,,,,,24.6,Missed,,,,,,,,,,,,,,,,,,,
47,PT08M02.00S,2021-10-29T23:50:50.2Z,1,REGULAR,rebound,defensive,[],1629130,,,1610612748,4,7,2021-10-30T00:01:14Z,470000,,,0,,D. Robinson REBOUND (Off:0 Def:2),[1629130],1610612748.0,MIA,,,,Robinson,D. Robinson,,,,,,,46.0,2.0,2.0,0.0,,,,,,,,,,,,,,,
48,PT07M58.00S,2021-10-29T23:50:53.4Z,1,REGULAR,3pt,Jump Shot,[],200782,7.440867279894875,3.431372549019608,1610612748,4,7,2021-10-29T23:51:03Z,480000,233.0,17.0,1,left,MISS P. Tucker 3PT,[200782],1610612748.0,MIA,,,,Tucker,P. Tucker,,,,,23.34,Missed,,,,,,,,,,,,,,,,,,,
49,PT07M52.00S,2021-10-29T23:50:59.4Z,1,REGULAR,rebound,offensive,[],202710,,,1610612748,4,7,2021-10-29T23:51:03Z,490000,,,0,,J. Butler REBOUND (Off:2 Def:0),[202710],1610612748.0,MIA,,,,Butler,J. Butler,,,,,,,48.0,2.0,0.0,2.0,,,,,,,,,,,,,,,
50,PT07M52.00S,2021-10-29T23:50:59.4Z,1,REGULAR,2pt,Layup,"['pointsinthepaint', '2ndchance']",202710,5.590000152587891,50.0,1610612748,6,7,2021-10-29T23:50:59Z,500000,0.0,0.0,1,left,J. Butler tip Layup (4 PTS),[202710],1610612748.0,MIA,tip,,,Butler,J. Butler,,,,,0.0,Made,,,,,,,,,,4.0,,,,,,,,,
51,PT07M39.00S,2021-10-29T23:51:12.6Z,1,REGULAR,turnover,lost ball,[],1628970,,,1610612766,6,7,2021-10-29T23:51:18Z,510000,,,0,,M. Bridges lost ball TURNOVER (1 TO),"[1628970, 200768]",1610612766.0,CHA,,,,Bridges,M. Bridges,,,,,,,,,,,,,,,,,,,,,,1.0,Lowry,200768.0,
52,PT07M39.00S,2021-10-29T23:51:12.6Z,1,REGULAR,steal,,[],200768,,,1610612748,6,7,2021-10-29T23:51:15Z,520000,,,0,,K. Lowry STEAL (1 STL),[200768],1610612748.0,MIA,,,,Lowry,K. Lowry,,,,,,,,,,,,,,,,,,,,,,,,,
53,PT07M35.00S,2021-10-29T23:51:17.3Z,1,REGULAR,2pt,DUNK,"['pointsinthepaint', 'fromturnover', 'fastbreak']",1628389,6.521024967148489,51.470588235294116,1610612748,8,7,2021-10-29T23:51:23Z,530000,-7.0,9.0,1,left,B. Adebayo running DUNK (2 PTS) (J. Butler 1 AST),"[1628389, 202710]",1610612748.0,MIA,running,,,Adebayo,B. Adebayo,,,,,1.15,Made,,,,,,,,,,2.0,J. Butler,202710.0,1.0,,,,,,
55,PT07M21.00S,2021-10-29T23:51:31.7Z,1,REGULAR,3pt,Jump Shot,[],1628970,71.69842312746385,17.15686274509804,1610612766,8,7,2021-10-29T23:51:38Z,550000,-164.0,214.0,1,right,MISS M. Bridges 26' 3PT,[1628970],1610612766.0,CHA,,,,Bridges,M. Bridges,,,,,26.93,Missed,,,,,,,,,,,,,,,,,,,
56,PT07M17.00S,2021-10-29T23:51:35.7Z,1,REGULAR,rebound,defensive,[],200768,,,1610612748,8,7,2021-10-29T23:51:38Z,560000,,,0,,K. Lowry REBOUND (Off:0 Def:2),[200768],1610612748.0,MIA,,,,Lowry,K. Lowry,,,,,,,55.0,2.0,2.0,0.0,,,,,,,,,,,,,,,
57,PT07M15.00S,2021-10-29T23:51:40.0Z,1,REGULAR,3pt,Jump Shot,[],200768,35.43035479632063,45.09803921568628,1610612748,8,7,2021-10-29T23:51:48Z,570000,25.0,281.0,1,left,MISS K. Lowry 28' pullup 3PT,[200768],1610612748.0,MIA,pullup,,,Lowry,K. Lowry,,,,,28.16,Missed,,,,,,,,,,,,,,,,,,,
58,PT07M15.00S,2021-10-29T23:51:43.7Z,1,REGULAR,rebound,offensive,['team'],0,,,1610612748,8,7,2021-10-29T23:51:43Z,580000,,,0,,TEAM offensive REBOUND,[],1610612748.0,MIA,,,,,,,,,,,,57.0,,,,,,,,,,,,,,,,,,
59,PT07M15.00S,2021-10-29T23:51:45.2Z,1,REGULAR,foul,personal,[],1628970,,,1610612748,8,7,2021-10-29T23:51:59Z,590000,,,0,,M. Bridges loose ball personal FOUL (1 PF),"[1628970, 1628389]",1610612766.0,CHA,loose ball,,,Bridges,M. Bridges,,,,,,,,,,,101283.0,1.0,0.0,Adebayo,1628389.0,,,,,,,,,,
61,PT07M09.00S,2021-10-29T23:52:10.6Z,1,REGULAR,turnover,bad pass,[],1628389,,,1610612748,8,7,2021-10-29T23:52:15Z,610000,,,0,,B. Adebayo bad pass TURNOVER (2 TO),"[1628389, 1626162]",1610612748.0,MIA,,,,Adebayo,B. Adebayo,,,,,,,,,,,,,,,,,,,,,,2.0,Oubre Jr.,1626162.0,
62,PT07M09.00S,2021-10-29T23:52:10.6Z,1,REGULAR,steal,,[],1626162,,,1610612766,8,7,2021-10-29T23:52:12Z,620000,,,0,,K. Oubre Jr. STEAL (1 STL),[1626162],1610612766.0,CHA,,,,Oubre Jr.,K. Oubre Jr.,,,,,,,,,,,,,,,,,,,,,,,,,
63,PT07M04.00S,2021-10-29T23:52:14.8Z,1,REGULAR,3pt,Jump Shot,"['fromturnover', 'fastbreak']",202330,72.7496714848883,77.20588235294117,1610612766,8,7,2021-10-29T23:52:23Z,630000,136.0,204.0,1,right,MISS G. Hayward 24' 3PT,[202330],1610612766.0,CHA,,,,Hayward,G. Hayward,,,,,24.49,Missed,,,,,,,,,,,,,,,,,,,
64,PT06M58.00S,2021-10-29T23:52:20.8Z,1,REGULAR,rebound,defensive,[],202710,,,1610612748,8,7,2021-10-29T23:52:23Z,640000,,,0,,J. Butler REBOUND (Off:2 Def:1),[202710],1610612748.0,MIA,,,,Butler,J. Butler,,,,,,,63.0,3.0,1.0,2.0,,,,,,,,,,,,,,,
65,PT06M56.00S,2021-10-29T23:52:22.8Z,1,REGULAR,3pt,Jump Shot,[],202710,24.52365308804205,12.009803921568627,1610612748,11,7,2021-10-30T00:02:57Z,650000,190.0,178.0,1,left,J. Butler 26' 3PT pullup (7 PTS),[202710],1610612748.0,MIA,pullup,,,Butler,J. Butler,,,,,26.04,Made,,,,,,,,,,7.0,,,,,,,,,
66,PT06M40.00S,2021-10-29T23:52:39.4Z,1,REGULAR,3pt,Jump Shot,[],1630163,67.49342969776609,57.107843137254896,1610612766,11,7,2021-10-29T23:52:46Z,660000,36.0,253.0,1,right,MISS L. Ball 25' 3PT,[1630163],1610612766.0,CHA,,,,Ball,L. Ball,,,,,25.56,Missed,,,,,,,,,,,,,,,,,,,
67,PT06M35.00S,2021-10-29T23:52:44.4Z,1,REGULAR,rebound,defensive,[],200782,,,1610612748,11,7,2021-10-29T23:52:46Z,670000,,,0,,P. Tucker REBOUND (Off:0 Def:1),[200782],1610612748.0,MIA,,,,Tucker,P. Tucker,,,,,,,66.0,1.0,1.0,0.0,,,,,,,,,,,,,,,
68,PT06M26.00S,2021-10-29T23:52:53.7Z,1,REGULAR,2pt,Jump Shot,['pointsinthepaint'],1628389,10.988830486202366,41.17647058823529,1610612748,11,7,2021-10-29T23:53:27Z,680000,44.0,51.0,1,left,MISS B. Adebayo 6' Jump Shot - blocked,"[1628389, 203486]",1610612748.0,MIA,,,,Adebayo,B. Adebayo,,,,,6.73,Missed,,,,,,,,,,,,,,Plumlee,203486.0,,,,
69,PT06M26.00S,2021-10-29T23:52:53.7Z,1,REGULAR,block,,[],203486,,,1610612748,11,7,2021-10-29T23:52:56Z,690000,,,0,,M. Plumlee BLOCK (1 BLK),[203486],1610612766.0,CHA,,,,Plumlee,M. Plumlee,,,,,,,,,,,,,,,,,,,,,,,,,
70,PT06M23.00S,2021-10-29T23:52:56.7Z,1,REGULAR,rebound,offensive,[],1628389,,,1610612748,11,7,2021-10-29T23:53:27Z,700000,,,0,,B. Adebayo REBOUND (Off:1 Def:1),[1628389],1610612748.0,MIA,,,,Adebayo,B. Adebayo,,,,,,,68.0,2.0,1.0,1.0,,,,,,,,,,,,,,,
71,PT06M23.00S,2021-10-29T23:52:57.8Z,1,REGULAR,2pt,Layup,"['pointsinthepaint', '2ndchance']",1628389,7.440867279894875,46.568627450980394,1610612748,13,7,2021-10-29T23:53:31Z,710000,17.0,17.0,1,left,B. Adebayo Layup (4 PTS),[1628389],1610612748.0,MIA,,,,Adebayo,B. Adebayo,,,,,2.45,Made,,,,,,,,,,4.0,,,,,,,,,
73,PT06M23.00S,2021-10-29T23:53:03.9Z,1,REGULAR,timeout,full,"['team', 'mandatory']",0,,,1610612766,13,7,2021-10-29T23:53:03Z,720000,,,0,,CHA Timeout,[],1610612766.0,CHA,,,,,,,,,,,,,,,,,,,,,,,,,,,,,,
77,PT06M23.00S,2021-10-29T23:55:55.3Z,1,REGULAR,substitution,out,[],202330,,,1610612766,13,7,2021-10-29T23:56:18Z,730000,,,0,,SUB out: G. Hayward,[202330],1610612766.0,CHA,,,,Hayward,G. Hayward,,,,,,,,,,,,,,,,,,,,,,,,,
78,PT06M23.00S,2021-10-29T23:55:55.3Z,1,REGULAR,substitution,out,[],203486,,,1610612766,13,7,2021-10-29T23:56:18Z,740000,,,0,,SUB out: M. Plumlee,[203486],1610612766.0,CHA,,,,Plumlee,M. Plumlee,,,,,,,,,,,,,,,,,,,,,,,,,
79,PT06M23.00S,2021-10-29T23:55:55.3Z,1,REGULAR,substitution,in,[],1629023,,,1610612766,13,7,2021-10-29T23:56:18Z,750000,,,0,,SUB in: P. Washington,[1629023],1610612766.0,CHA,,,,Washington,P. Washington,,,,,,,,,,,,,,,,,,,,,,,,,
80,PT06M23.00S,2021-10-29T23:55:55.3Z,1,REGULAR,substitution,in,[],1628998,,,1610612766,13,7,2021-10-29T23:56:18Z,760000,,,0,,SUB in: C. Martin,[1628998],1610612766.0,CHA,,,,Martin,C. Martin,,,,,,,,,,,,,,,,,,,,,,,,,
81,PT06M05.00S,2021-10-29T23:56:45.0Z,1,REGULAR,2pt,Jump Shot,[],1628998,88.64980289093299,86.02941176470588,1610612766,13,7,2021-10-29T23:56:56Z,770000,180.0,54.0,1,right,MISS C. Martin 18' Jump Shot,[1628998],1610612766.0,CHA,,,,Martin,C. Martin,,,,,18.81,Missed,,,,,,,,,,,,,,,,,,,
82,PT06M01.00S,2021-10-29T23:56:49.0Z,1,REGULAR,rebound,defensive,[],200768,,,1610612748,13,7,2021-10-29T23:56:56Z,780000,,,0,,K. Lowry REBOUND (Off:0 Def:3),[200768],1610612748.0,MIA,,,,Lowry,K. Lowry,,,,,,,81.0,3.0,3.0,0.0,,,,,,,,,,,,,,,
83,PT05M57.00S,2021-10-29T23:56:52.8Z,1,REGULAR,2pt,Layup,['pointsinthepaint'],202710,8.492115637319317,50.73529411764706,1610612748,13,7,2021-10-29T23:57:03Z,790000,-4.0,27.0,1,left,MISS J. Butler driving Layup,[202710],1610612748.0,MIA,driving,,,Butler,J. Butler,,,,,2.75,Missed,,,,,,,,,,,,,,,,,,,
84,PT05M55.00S,2021-10-29T23:56:55.5Z,1,REGULAR,rebound,offensive,[],202710,,,1610612748,13,7,2021-10-29T23:56:55Z,800000,,,0,,J. Butler REBOUND (Off:3 Def:1),[202710],1610612748.0,MIA,,,,Butler,J. Butler,,,,,,,83.0,4.0,1.0,3.0,,,,,,,,,,,,,,,
85,PT05M51.00S,2021-10-29T23:56:58.9Z,1,REGULAR,3pt,Jump Shot,['2ndchance'],200782,8.623521681997373,95.83333333333334,1610612748,13,7,2021-10-29T23:57:05Z,810000,-229.0,29.0,1,left,MISS P. Tucker 3PT,[200782],1610612748.0,MIA,,,,Tucker,P. Tucker,,,,,23.1,Missed,,,,,,,,,,,,,,,,,,,
86,PT05M48.00S,2021-10-29T23:57:01.9Z,1,REGULAR,rebound,defensive,[],1629023,,,1610612766,13,7,2021-10-29T23:57:05Z,820000,,,0,,P. Washington REBOUND (Off:0 Def:1),[1629023],1610612766.0,CHA,,,,Washington,P. Washington,,,,,,,85.0,1.0,1.0,0.0,,,,,,,,,,,,,,,
87,PT05M35.00S,2021-10-29T23:57:16.0Z,1,REGULAR,3pt,Jump Shot,[],1626162,73.01248357424441,83.33333333333334,1610612766,13,10,2021-10-29T23:57:23Z,830000,167.0,201.0,1,right,K. Oubre Jr. 26' 3PT  (8 PTS) (L. Ball 2 AST),"[1626162, 1630163]",1610612766.0,CHA,,,,Oubre Jr.,K. Oubre Jr.,,,,,26.13,Made,,,,,,,,,,8.0,L. Ball,1630163.0,2.0,,,,,,
89,PT05M13.00S,2021-10-29T23:57:37.5Z,1,REGULAR,2pt,Layup,['pointsinthepaint'],200768,4.944152431011826,45.34313725490196,1610612748,15,10,2021-10-29T23:57:42Z,850000,23.0,-6.0,1,left,K. Lowry driving Layup (2 PTS) (J. Butler 2 AST),"[200768, 202710]",1610612748.0,MIA,driving,,,Lowry,K. Lowry,,,,,2.41,Made,,,,,,,,,,2.0,J. Butler,202710.0,2.0,,,,,,
91,PT05M04.00S,2021-10-29T23:57:45.7Z,1,REGULAR,2pt,Layup,['pointsinthepaint'],1630163,93.51182654402102,52.69607843137255,1610612766,15,12,2021-10-29T23:57:50Z,870000,13.0,8.0,1,right,L. Ball driving Layup (2 PTS),[1630163],1610612766.0,CHA,driving,,,Ball,L. Ball,,,,,1.6,Made,,,,,,,,,,2.0,,,,,,,,,
92,PT04M55.00S,2021-10-29T23:57:54.1Z,1,REGULAR,2pt,Jump Shot,['pointsinthepaint'],1628389,17.559132720105126,49.754901960784316,1610612748,17,12,2021-10-29T23:58:06Z,880000,1.0,113.0,1,left,B. Adebayo 11' driving floating Jump Shot (6 PTS),[1628389],1610612748.0,MIA,driving floating,,,Adebayo,B. Adebayo,,,,,11.26,Made,,,,,,,,,,6.0,,,,,,,,,
93,PT04M41.00S,2021-10-29T23:58:08.9Z,1,REGULAR,3pt,Jump Shot,[],1626162,69.07030223390277,69.85294117647058,1610612766,17,15,2021-10-30T00:05:52Z,890000,99.0,238.0,1,right,K. Oubre Jr. 25' 3PT pullup (11 PTS) (C. Martin 1 AST),"[1626162, 1628998]",1610612766.0,CHA,pullup,,,Oubre Jr.,K. Oubre Jr.,,,,,25.81,Made,,,,,,,,,,11.0,C. Martin,1628998.0,1.0,,,,,,
95,PT04M21.00S,2021-10-29T23:58:29.0Z,1,REGULAR,3pt,Jump Shot,[],200768,29.38567674113009,21.568627450980394,1610612748,17,15,2021-10-30T00:05:57Z,910000,142.0,224.0,1,left,MISS K. Lowry 26' pullup 3PT,[200768],1610612748.0,MIA,pullup,,,Lowry,K. Lowry,,,,,26.51,Missed,,,,,,,,,,,,,,,,,,,
96,PT04M16.00S,2021-10-29T23:58:34.0Z,1,REGULAR,rebound,offensive,[],1629130,,,1610612748,17,15,2021-10-30T00:14:02Z,920000,,,0,,D. Robinson REBOUND (Off:1 Def:2),[1629130],1610612748.0,MIA,,,,Robinson,D. Robinson,,,,,,,95.0,3.0,2.0,1.0,,,,,,,,,,,,,,,
97,PT04M16.00S,2021-10-29T23:58:34.2Z,1,REGULAR,3pt,Jump Shot,['2ndchance'],1629130,20.97568988173456,92.64705882352942,1610612748,17,15,2021-10-29T23:58:38Z,930000,-213.0,145.0,1,left,MISS D. Robinson 25' 3PT,[1629130],1610612748.0,MIA,,,,Robinson,D. Robinson,,,,,25.77,Missed,,,,,,,,,,,,,,,,,,,
98,PT04M14.00S,2021-10-29T23:58:36.2Z,1,REGULAR,rebound,offensive,[],1628389,,,1610612748,17,15,2021-10-29T23:58:38Z,940000,,,0,,B. Adebayo REBOUND (Off:2 Def:1),[1628389],1610612748.0,MIA,,,,Adebayo,B. Adebayo,,,,,,,97.0,3.0,1.0,2.0,,,,,,,,,,,,,,,
99,PT04M14.00S,2021-10-29T23:58:38.8Z,1,REGULAR,foul,personal,['2freethrow'],1626162,,,1610612748,17,15,2021-10-29T23:58:48Z,950000,,,0,,K. Oubre Jr. shooting personal FOUL (1 PF) (Adebayo 2 FT),"[1626162, 1628389]",1610612766.0,CHA,shooting,,,Oubre Jr.,K. Oubre Jr.,,,,,,,,,,,1626302.0,1.0,0.0,Adebayo,1628389.0,,,,,,,,,,
101,PT04M14.00S,2021-10-29T23:59:17.6Z,1,REGULAR,freethrow,1 of 2,['2ndchance'],1628389,,,1610612748,18,15,2021-10-29T23:59:17Z,970000,,,0,,B. Adebayo Free Throw 1 of 2 (7 PTS),[1628389],1610612748.0,MIA,,,,Adebayo,B. Adebayo,,,,,,Made,,,,,,,,,,7.0,,,,,,,,,
102,PT04M14.00S,2021-10-29T23:59:18.1Z,1,REGULAR,substitution,out,[],200768,,,1610612748,18,15,2021-10-29T23:59:42Z,980000,,,0,,SUB out: K. Lowry,[200768],1610612748.0,MIA,,,,Lowry,K. Lowry,,,,,,,,,,,,,,,,,,,,,,,,,
103,PT04M14.00S,2021-10-29T23:59:18.1Z,1,REGULAR,substitution,out,[],1628970,,,1610612748,18,15,2021-10-29T23:59:42Z,990000,,,0,,SUB out: M. Bridges,[1628970],1610612766.0,CHA,,,,Bridges,M. Bridges,,,,,,,,,,,,,,,,,,,,,,,,,
104,PT04M14.00S,2021-10-29T23:59:18.1Z,1,REGULAR,substitution,out,[],1630163,,,1610612748,18,15,2021-10-29T23:59:42Z,1000000,,,0,,SUB out: L. Ball,[1630163],1610612766.0,CHA,,,,Ball,L. Ball,,,,,,,,,,,,,,,,,,,,,,,,,
105,PT04M14.00S,2021-10-29T23:59:18.1Z,1,REGULAR,substitution,in,[],1629639,,,1610612748,18,15,2021-10-29T23:59:42Z,1010000,,,0,,SUB in: T. Herro,[1629639],1610612748.0,MIA,,,,Herro,T. Herro,,,,,,,,,,,,,,,,,,,,,,,,,
106,PT04M14.00S,2021-10-29T23:59:18.1Z,1,REGULAR,substitution,in,[],202397,,,1610612748,18,15,2021-10-29T23:59:42Z,1020000,,,0,,SUB in: I. Smith,[202397],1610612766.0,CHA,,,,Smith,I. Smith,,,,,,,,,,,,,,,,,,,,,,,,,
107,PT04M14.00S,2021-10-29T23:59:18.1Z,1,REGULAR,substitution,in,[],1629667,,,1610612748,18,15,2021-10-29T23:59:42Z,1030000,,,0,,SUB in: J. McDaniels,[1629667],1610612766.0,CHA,,,,McDaniels,J. McDaniels,,,,,,,,,,,,,,,,,,,,,,,,,
108,PT04M14.00S,2021-10-29T23:59:43.9Z,1,REGULAR,freethrow,2 of 2,['2ndchance'],1628389,,,1610612748,19,15,2021-10-29T23:59:43Z,1040000,,,0,,B. Adebayo Free Throw 2 of 2 (8 PTS),[1628389],1610612748.0,MIA,,,,Adebayo,B. Adebayo,,,,,,Made,,,,,,,,,,8.0,,,,,,,,,
109,PT03M52.00S,2021-10-30T00:00:04.5Z,1,REGULAR,2pt,Jump Shot,[],202397,74.58935611038108,62.5,1610612766,19,15,2021-10-30T00:00:10Z,1050000,62.0,186.0,1,right,MISS I. Smith 19' pullup Shot,[202397],1610612766.0,CHA,pullup,,,Smith,I. Smith,,,,,19.66,Missed,,,,,,,,,,,,,,,,,,,
110,PT03M49.00S,2021-10-30T00:00:07.5Z,1,REGULAR,rebound,defensive,[],200782,,,1610612748,19,15,2021-10-30T00:00:10Z,1060000,,,0,,P. Tucker REBOUND (Off:0 Def:2),[200782],1610612748.0,MIA,,,,Tucker,P. Tucker,,,,,,,109.0,2.0,2.0,0.0,,,,,,,,,,,,,,,
111,PT03M47.00S,2021-10-30T00:00:09.5Z,1,REGULAR,3pt,Jump Shot,['fastbreak'],1629130,23.603810775295663,8.333333333333332,1610612748,22,15,2021-10-30T00:00:16Z,1070000,208.0,169.0,1,left,D. Robinson 26' 3PT  (5 PTS) (J. Butler 3 AST),"[1629130, 202710]",1610612748.0,MIA,,,,Robinson,D. Robinson,,,,,26.85,Made,,,,,,,,,,5.0,J. Butler,202710.0,3.0,,,,,,
113,PT03M36.00S,2021-10-30T00:00:22.6Z,1,REGULAR,foul,personal,[],202710,,,1610612766,22,15,2021-10-30T00:00:57Z,1090000,,,0,,J. Butler personal FOUL (1 PF),"[202710, 1628998]",1610612748.0,MIA,,,,Butler,J. Butler,,,,,,,,,,,101283.0,1.0,0.0,Martin,1628998.0,,,,,,,,,,
115,PT03M36.00S,2021-10-30T00:00:31.5Z,1,REGULAR,substitution,out,[],1628389,,,1610612766,22,15,2021-10-30T00:00:39Z,1110000,,,0,,SUB out: B. Adebayo,[1628389],1610612748.0,MIA,,,,Adebayo,B. Adebayo,,,,,,,,,,,,,,,,,,,,,,,,,
116,PT03M36.00S,2021-10-30T00:00:31.5Z,1,REGULAR,substitution,out,[],200782,,,1610612766,22,15,2021-10-30T00:00:39Z,1120000,,,0,,SUB out: P. Tucker,[200782],1610612748.0,MIA,,,,Tucker,P. Tucker,,,,,,,,,,,,,,,,,,,,,,,,,
117,PT03M36.00S,2021-10-30T00:00:31.5Z,1,REGULAR,substitution,in,[],203473,,,1610612766,22,15,2021-10-30T00:00:39Z,1130000,,,0,,SUB in: D. Dedmon,[203473],1610612748.0,MIA,,,,Dedmon,D. Dedmon,,,,,,,,,,,,,,,,,,,,,,,,,
118,PT03M36.00S,2021-10-30T00:00:31.5Z,1,REGULAR,substitution,in,[],202693,,,1610612766,22,15,2021-10-30T00:00:39Z,1140000,,,0,,SUB in: M. Morris,[202693],1610612748.0,MIA,,,,Morris,M. Morris,,,,,,,,,,,,,,,,,,,,,,,,,
119,PT03M28.00S,2021-10-30T00:00:54.7Z,1,REGULAR,3pt,Jump Shot,[],1629023,69.46452036793693,29.65686274509804,1610612766,22,18,2021-10-30T00:01:00Z,1150000,-102.0,235.0,1,right,P. Washington 25' 3PT  (3 PTS) (J. McDaniels 1 AST),"[1629023, 1629667]",1610612766.0,CHA,,,,Washington,P. Washington,,,,,25.56,Made,,,,,,,,,,3.0,J. McDaniels,1629667.0,1.0,,,,,,
121,PT03M06.00S,2021-10-30T00:01:16.0Z,1,REGULAR,2pt,Layup,['pointsinthepaint'],202710,5.732588699080158,45.588235294117645,1610612748,24,18,2021-10-30T00:01:23Z,1170000,22.0,1.0,1,left,J. Butler driving Layup (9 PTS),[202710],1610612748.0,MIA,driving,,,Butler,J. Butler,,,,,2.21,Made,,,,,,,,,,9.0,,,,,,,,,
122,PT02M54.00S,2021-10-30T00:01:28.6Z,1,REGULAR,2pt,Jump Shot,['pointsinthepaint'],1629023,91.93495400788436,47.549019607843135,1610612766,24,20,2021-10-30T00:01:45Z,1180000,-12.0,23.0,1,right,P. Washington bank Jump Shot (5 PTS) (C. Martin 2 AST),"[1629023, 1628998]",1610612766.0,CHA,bank,,,Washington,P. Washington,,,,,2.63,Made,,,,,,,,,,5.0,C. Martin,1628998.0,2.0,,,,,,
124,PT02M54.00S,2021-10-30T00:01:35.4Z,1,REGULAR,timeout,full,"['team', 'mandatory']",0,,,1610612748,24,20,2021-10-30T00:01:35Z,1200000,,,0,,MIA Timeout,[],1610612748.0,MIA,,,,,,,,,,,,,,,,,,,,,,,,,,,,,,
125,PT02M54.00S,2021-10-30T00:03:35.7Z,1,REGULAR,substitution,out,[],1626162,,,1610612748,24,20,2021-10-30T00:04:43Z,1210000,,,0,,SUB out: K. Oubre Jr.,[1626162],1610612766.0,CHA,,,,Oubre Jr.,K. Oubre Jr.,,,,,,,,,,,,,,,,,,,,,,,,,
126,PT02M54.00S,2021-10-30T00:03:35.7Z,1,REGULAR,substitution,in,[],202330,,,1610612748,24,20,2021-10-30T00:04:43Z,1220000,,,0,,SUB in: G. Hayward,[202330],1610612766.0,CHA,,,,Hayward,G. Hayward,,,,,,,,,,,,,,,,,,,,,,,,,
127,PT02M32.00S,2021-10-30T00:05:18.1Z,1,REGULAR,2pt,Jump Shot,[],1629639,5.601182654402102,71.07843137254902,1610612748,26,20,2021-10-30T00:05:26Z,1230000,-105.0,0.0,1,left,T. Herro 10' floating Jump Shot (2 PTS),[1629639],1610612748.0,MIA,floating,,,Herro,T. Herro,,,,,10.54,Made,,,,,,,,,,2.0,,,,,,,,,
128,PT02M13.00S,2021-10-30T00:05:36.9Z,1,REGULAR,2pt,DUNK,['pointsinthepaint'],1629023,92.72339027595268,48.77450980392157,1610612766,26,22,2021-10-30T00:05:42Z,1240000,-6.0,16.0,1,right,P. Washington cutting DUNK (7 PTS) (G. Hayward 2 AST),"[1629023, 202330]",1610612766.0,CHA,cutting,,,Washington,P. Washington,,,,,1.7,Made,,,,,,,,,,7.0,G. Hayward,202330.0,2.0,,,,,,
130,PT02M02.00S,2021-10-30T00:05:47.1Z,1,REGULAR,2pt,Jump Shot,[],202693,4.02431011826544,28.431372549019606,1610612748,28,22,2021-10-30T00:05:53Z,1260000,108.0,-15.0,1,left,M. Morris 10' Jump Shot (2 PTS) (T. Herro 1 AST),"[202693, 1629639]",1610612748.0,MIA,,,,Morris,M. Morris,,,,,10.88,Made,,,,,,,,,,2.0,T. Herro,1629639.0,1.0,,,,,,
132,PT01M42.00S,2021-10-30T00:06:07.9Z,1,REGULAR,2pt,Jump Shot,[],202397,93.24901445466492,21.813725490196077,1610612766,28,22,2021-10-30T00:06:13Z,1280000,-141.0,11.0,1,right,MISS I. Smith 14' step back Shot,[202397],1610612766.0,CHA,step back,,,Smith,I. Smith,,,,,14.13,Missed,,,,,,,,,,,,,,,,,,,
133,PT01M38.00S,2021-10-30T00:06:11.9Z,1,REGULAR,rebound,defensive,[],202693,,,1610612748,28,22,2021-10-30T00:06:13Z,1290000,,,0,,M. Morris REBOUND (Off:0 Def:1),[202693],1610612748.0,MIA,,,,Morris,M. Morris,,,,,,,132.0,1.0,1.0,0.0,,,,,,,,,,,,,,,
134,PT01M26.00S,2021-10-30T00:06:23.7Z,1,REGULAR,2pt,Hook,['pointsinthepaint'],202693,11.908672798948752,56.372549019607845,1610612748,28,22,2021-10-30T00:06:31Z,1300000,-32.0,59.0,1,left,MISS M. Morris 6' Hook,[202693],1610612748.0,MIA,,,,Morris,M. Morris,,,,,6.74,Missed,,,,,,,,,,,,,,,,,,,
135,PT01M24.00S,2021-10-30T00:06:27.2Z,1,REGULAR,rebound,offensive,[],202693,,,1610612748,28,22,2021-10-30T00:06:27Z,1310000,,,0,,M. Morris REBOUND (Off:1 Def:1),[202693],1610612748.0,MIA,,,,Morris,M. Morris,,,,,,,134.0,2.0,1.0,1.0,,,,,,,,,,,,,,,
138,PT01M24.00S,2021-10-30T00:06:34.7Z,1,REGULAR,foul,personal,['2freethrow'],1629667,,,1610612748,28,22,2021-10-30T00:06:54Z,1340000,,,0,,J. McDaniels shooting personal FOUL (1 PF) (Morris 2 FT),"[1629667, 202693]",1610612766.0,CHA,shooting,,,McDaniels,J. McDaniels,,,,,,,,,,,101283.0,1.0,0.0,Morris,202693.0,,,,,,,,,,
140,PT01M24.00S,2021-10-30T00:07:02.2Z,1,REGULAR,freethrow,1 of 2,['2ndchance'],202693,,,1610612748,29,22,2021-10-30T00:07:02Z,1360000,,,0,,M. Morris Free Throw 1 of 2 (3 PTS),[202693],1610612748.0,MIA,,,,Morris,M. Morris,,,,,,Made,,,,,,,,,,3.0,,,,,,,,,
141,PT01M24.00S,2021-10-30T00:07:02.7Z,1,REGULAR,substitution,out,[],202710,,,1610612748,29,22,2021-10-30T00:07:14Z,1370000,,,0,,SUB out: J. Butler,[202710],1610612748.0,MIA,,,,Butler,J. Butler,,,,,,,,,,,,,,,,,,,,,,,,,
142,PT01M24.00S,2021-10-30T00:07:02.7Z,1,REGULAR,substitution,out,[],1629130,,,1610612748,29,22,2021-10-30T00:07:14Z,1380000,,,0,,SUB out: D. Robinson,[1629130],1610612748.0,MIA,,,,Robinson,D. Robinson,,,,,,,,,,,,,,,,,,,,,,,,,
143,PT01M24.00S,2021-10-30T00:07:02.7Z,1,REGULAR,substitution,in,[],1629622,,,1610612748,29,22,2021-10-30T00:07:14Z,1390000,,,0,,SUB in: M. Strus,[1629622],1610612748.0,MIA,,,,Strus,M. Strus,,,,,,,,,,,,,,,,,,,,,,,,,
144,PT01M24.00S,2021-10-30T00:07:02.7Z,1,REGULAR,substitution,in,[],200768,,,1610612748,29,22,2021-10-30T00:07:14Z,1400000,,,0,,SUB in: K. Lowry,[200768],1610612748.0,MIA,,,,Lowry,K. Lowry,,,,,,,,,,,,,,,,,,,,,,,,,
145,PT01M24.00S,2021-10-30T00:07:26.0Z,1,REGULAR,freethrow,2 of 2,['2ndchance'],202693,,,1610612748,30,22,2021-10-30T00:07:26Z,1410000,,,0,,M. Morris Free Throw 2 of 2 (4 PTS),[202693],1610612748.0,MIA,,,,Morris,M. Morris,,,,,,Made,,,,,,,,,,4.0,,,,,,,,,
146,PT01M04.00S,2021-10-30T00:07:46.8Z,1,REGULAR,3pt,Jump Shot,[],1629667,92.06636005256242,3.6764705882352944,1610612766,30,22,2021-10-30T00:07:53Z,1420000,-232.0,22.0,1,right,MISS J. McDaniels 3PT,[1629667],1610612766.0,CHA,,,,McDaniels,J. McDaniels,,,,,23.27,Missed,,,,,,,,,,,,,,,,,,,
147,PT01M01.00S,2021-10-30T00:07:50.1Z,1,REGULAR,rebound,defensive,[],203473,,,1610612748,30,22,2021-10-30T00:07:50Z,1430000,,,0,,D. Dedmon REBOUND (Off:0 Def:1),[203473],1610612748.0,MIA,,,,Dedmon,D. Dedmon,,,,,,,146.0,1.0,1.0,0.0,,,,,,,,,,,,,,,
148,PT00M54.10S,2021-10-30T00:08:01.2Z,1,REGULAR,turnover,out-of-bounds,[],1629622,,,1610612748,30,22,2021-10-30T00:08:10Z,1440000,,,0,,M. Strus step out-of-bounds TURNOVER (1 TO),[1629622],1610612748.0,MIA,step,,,Strus,M. Strus,,,,,,,,,,,101283.0,,,,,,,,,,,1.0,,,
149,PT00M33.40S,2021-10-30T00:08:31.7Z,1,REGULAR,2pt,Jump Shot,['fromturnover'],1629667,92.85479632063075,73.52941176470588,1610612766,30,22,2021-10-30T00:08:37Z,1450000,118.0,15.0,1,right,MISS J. McDaniels 11' fadeaway Shot,[1629667],1610612766.0,CHA,fadeaway,,,McDaniels,J. McDaniels,,,,,11.85,Missed,,,,,,,,,,,,,,,,,,,
150,PT00M30.70S,2021-10-30T00:08:34.4Z,1,REGULAR,rebound,defensive,[],203473,,,1610612748,30,22,2021-10-30T00:08:37Z,1460000,,,0,,D. Dedmon REBOUND (Off:0 Def:2),[203473],1610612748.0,MIA,,,,Dedmon,D. Dedmon,,,,,,,149.0,2.0,2.0,0.0,,,,,,,,,,,,,,,
151,PT00M25.90S,2021-10-30T00:08:39.3Z,1,REGULAR,3pt,Jump Shot,[],202693,20.18725361366623,90.44117647058823,1610612748,30,22,2021-10-30T00:08:48Z,1470000,-202.0,137.0,1,left,MISS M. Morris 24' 3PT,[202693],1610612748.0,MIA,,,,Morris,M. Morris,,,,,24.44,Missed,,,,,,,,,,,,,,,,,,,
152,PT00M22.30S,2021-10-30T00:08:42.9Z,1,REGULAR,rebound,defensive,[],202330,,,1610612766,30,22,2021-10-30T00:08:48Z,1480000,,,0,,G. Hayward REBOUND (Off:0 Def:3),[202330],1610612766.0,CHA,,,,Hayward,G. Hayward,,,,,,,151.0,3.0,3.0,0.0,,,,,,,,,,,,,,,
153,PT00M03.40S,2021-10-30T00:09:03.1Z,1,REGULAR,turnover,out-of-bounds,[],1629023,,,1610612766,30,22,2021-10-30T00:09:10Z,1490000,,,0,,P. Washington bad pass out-of-bounds TURNOVER (1 TO),[1629023],1610612766.0,CHA,bad pass,,,Washington,P. Washington,,,,,,,,,,,101283.0,,,,,,,,,,,1.0,,,
154,PT00M00.40S,2021-10-30T00:09:12.6Z,1,REGULAR,3pt,Jump Shot,['fromturnover'],1629639,35.56176084099869,48.529411764705884,1610612748,33,22,2021-10-30T00:10:20Z,1500000,7.0,282.0,1,left,T. Herro 28' 3PT running pullup (5 PTS) (K. Lowry 2 AST),"[1629639, 200768]",1610612748.0,MIA,running pullup,,,Herro,T. Herro,,,,,28.19,Made,,,,,,,,,,5.0,K. Lowry,200768.0,2.0,,,,,,
157,PT00M00.00S,2021-10-30T00:09:21.6Z,1,REGULAR,instantreplay,request,[],0,,,1610612766,33,22,2021-10-30T00:09:55Z,1515000,,,0,,,[],,,support,,,,,,,,,,,,,,,1146.0,,,,,,,,,,,,,,
156,PT00M00.00S,2021-10-30T00:09:30.6Z,1,REGULAR,period,end,[],0,,,1610612766,33,22,2021-10-30T00:09:30Z,1520000,,,0,,Period End,[],,,,,,,,,,,,,,,,,,,,,,,,,,,,,,,,
158,PT12M00.00S,2021-10-30T00:11:54.2Z,2,REGULAR,substitution,out,['startperiod'],202397,,,1610612766,33,22,2021-10-30T00:12:39Z,1530000,,,0,,SUB out: I. Smith,[202397],1610612766.0,CHA,,,,Smith,I. Smith,,,,,,,,,,,,,,,,,,,,,,,,,
159,PT12M00.00S,2021-10-30T00:11:54.2Z,2,REGULAR,substitution,out,['startperiod'],1628998,,,1610612766,33,22,2021-10-30T00:12:39Z,1540000,,,0,,SUB out: C. Martin,[1628998],1610612766.0,CHA,,,,Martin,C. Martin,,,,,,,,,,,,,,,,,,,,,,,,,
160,PT12M00.00S,2021-10-30T00:11:54.2Z,2,REGULAR,substitution,out,['startperiod'],1629023,,,1610612766,33,22,2021-10-30T00:12:39Z,1550000,,,0,,SUB out: P. Washington,[1629023],1610612766.0,CHA,,,,Washington,P. Washington,,,,,,,,,,,,,,,,,,,,,,,,,
161,PT12M00.00S,2021-10-30T00:11:54.2Z,2,REGULAR,substitution,in,['startperiod'],1628970,,,1610612766,33,22,2021-10-30T00:12:39Z,1560000,,,0,,SUB in: M. Bridges,[1628970],1610612766.0,CHA,,,,Bridges,M. Bridges,,,,,,,,,,,,,,,,,,,,,,,,,
162,PT12M00.00S,2021-10-30T00:11:54.2Z,2,REGULAR,substitution,in,['startperiod'],203486,,,1610612766,33,22,2021-10-30T00:12:39Z,1570000,,,0,,SUB in: M. Plumlee,[203486],1610612766.0,CHA,,,,Plumlee,M. Plumlee,,,,,,,,,,,,,,,,,,,,,,,,,
163,PT12M00.00S,2021-10-30T00:11:54.2Z,2,REGULAR,substitution,in,['startperiod'],1630163,,,1610612766,33,22,2021-10-30T00:12:39Z,1580000,,,0,,SUB in: L. Ball,[1630163],1610612766.0,CHA,,,,Ball,L. Ball,,,,,,,,,,,,,,,,,,,,,,,,,
164,PT12M00.00S,2021-10-30T00:12:52.6Z,2,REGULAR,period,start,[],0,,,1610612748,33,22,2021-10-30T00:12:52Z,1590000,,,0,,Period Start,[],,,,,,,,,,,,,,,,,,,,,,,,,,,,,,,,
165,PT11M35.00S,2021-10-30T00:13:16.7Z,2,REGULAR,3pt,Jump Shot,[],1629639,17.16491458607096,94.85294117647058,1610612748,33,22,2021-10-30T00:13:23Z,1600000,-224.0,109.0,1,left,MISS T. Herro 24' step back 3PT,[1629639],1610612748.0,MIA,step back,,,Herro,T. Herro,,,,,24.93,Missed,,,,,,,,,,,,,,,,,,,
166,PT11M32.00S,2021-10-30T00:13:20.4Z,2,REGULAR,rebound,defensive,[],1630163,,,1610612766,33,22,2021-10-30T00:13:20Z,1610000,,,0,,L. Ball REBOUND (Off:0 Def:2),[1630163],1610612766.0,CHA,,,,Ball,L. Ball,,,,,,,165.0,2.0,2.0,0.0,,,,,,,,,,,,,,,
167,PT11M20.00S,2021-10-30T00:13:32.3Z,2,REGULAR,2pt,Layup,['pointsinthepaint'],1628970,89.83245729303549,41.66666666666667,1610612766,33,22,2021-10-30T00:13:42Z,1620000,-42.0,43.0,1,right,MISS M. Bridges 6' driving Layup,[1628970],1610612766.0,CHA,driving,,,Bridges,M. Bridges,,,,,6.0,Missed,,,,,,,,,,,,,,,,,,,
168,PT11M16.00S,2021-10-30T00:13:36.3Z,2,REGULAR,rebound,defensive,[],203473,,,1610612748,33,22,2021-10-30T00:13:42Z,1630000,,,0,,D. Dedmon REBOUND (Off:0 Def:3),[203473],1610612748.0,MIA,,,,Dedmon,D. Dedmon,,,,,,,167.0,3.0,3.0,0.0,,,,,,,,,,,,,,,
169,PT11M05.00S,2021-10-30T00:13:47.2Z,2,REGULAR,2pt,Jump Shot,['pointsinthepaint'],1629639,6.915243101182654,36.51960784313725,1610612748,35,22,2021-10-30T00:14:06Z,1640000,67.0,13.0,1,left,T. Herro 6' driving floating bank Jump Shot (7 PTS),[1629639],1610612748.0,MIA,driving floating bank,,,Herro,T. Herro,,,,,6.85,Made,,,,,,,,,,7.0,,,,,,,,,
170,PT10M44.00S,2021-10-30T00:14:07.2Z,2,REGULAR,2pt,Jump Shot,['pointsinthepaint'],203486,89.30683311432325,40.68627450980392,1610612766,35,22,2021-10-30T00:14:13Z,1650000,-47.0,48.0,1,right,MISS M. Plumlee 6' pullup bank Shot,[203486],1610612766.0,CHA,pullup bank,,,Plumlee,M. Plumlee,,,,,6.69,Missed,,,,,,,,,,,,,,,,,,,
171,PT10M39.00S,2021-10-30T00:14:12.2Z,2,REGULAR,rebound,defensive,[],1629622,,,1610612748,35,22,2021-10-30T00:14:13Z,1660000,,,0,,M. Strus REBOUND (Off:0 Def:1),[1629622],1610612748.0,MIA,,,,Strus,M. Strus,,,,,,,170.0,1.0,1.0,0.0,,,,,,,,,,,,,,,
172,PT10M32.00S,2021-10-30T00:14:19.3Z,2,REGULAR,3pt,Jump Shot,[],1629622,6.652431011826544,97.54901960784314,1610612748,38,22,2021-10-30T00:14:23Z,1670000,-238.0,10.0,1,left,M. Strus 3PT  (3 PTS) (K. Lowry 3 AST),"[1629622, 200768]",1610612748.0,MIA,,,,Strus,M. Strus,,,,,23.79,Made,,,,,,,,,,3.0,K. Lowry,200768.0,3.0,,,,,,
174,PT10M21.00S,2021-10-30T00:14:31.0Z,2,REGULAR,2pt,Layup,['pointsinthepaint'],1628970,93.24901445466492,52.450980392156865,1610612766,38,24,2021-10-30T00:14:39Z,1690000,12.0,11.0,1,right,M. Bridges alley-oop Layup (4 PTS) (J. McDaniels 2 AST),"[1628970, 1629667]",1610612766.0,CHA,alley-oop,,,Bridges,M. Bridges,,,,,1.65,Made,,,,,,,,,,4.0,J. McDaniels,1629667.0,2.0,,,,,,
176,PT09M56.00S,2021-10-30T00:14:55.4Z,2,REGULAR,3pt,Jump Shot,[],202693,4.28712220762155,96.32352941176471,1610612748,38,24,2021-10-30T00:14:59Z,1710000,-232.0,-12.0,1,left,MISS M. Morris 3PT,[202693],1610612748.0,MIA,,,,Morris,M. Morris,,,,,23.19,Missed,,,,,,,,,,,,,,,,,,,
177,PT09M54.00S,2021-10-30T00:14:57.4Z,2,REGULAR,rebound,offensive,[],203473,,,1610612748,38,24,2021-10-30T00:15:47Z,1720000,,,0,,D. Dedmon REBOUND (Off:1 Def:3),[203473],1610612748.0,MIA,,,,Dedmon,D. Dedmon,,,,,,,176.0,4.0,3.0,1.0,,,,,,,,,,,,,,,
178,PT09M52.00S,2021-10-30T00:14:59.5Z,2,REGULAR,2pt,Jump Shot,"['pointsinthepaint', '2ndchance']",1629639,17.16491458607096,47.794117647058826,1610612748,40,24,2021-10-30T00:15:08Z,1730000,11.0,109.0,1,left,T. Herro 10' pullup bank Jump Shot (9 PTS) (M. Morris 1 AST),"[1629639, 202693]",1610612748.0,MIA,pullup bank,,,Herro,T. Herro,,,,,10.95,Made,,,,,,,,,,9.0,M. Morris,202693.0,1.0,,,,,,
180,PT09M52.00S,2021-10-30T00:15:05.5Z,2,REGULAR,timeout,full,"['team', 'mandatory']",0,,,1610612766,40,24,2021-10-30T00:15:05Z,1750000,,,0,,CHA Timeout,[],1610612766.0,CHA,,,,,,,,,,,,,,,,,,,,,,,,,,,,,,
181,PT09M43.00S,2021-10-30T00:18:37.6Z,2,REGULAR,foul,personal,['2freethrow'],203473,,,1610612766,40,24,2021-10-30T00:18:47Z,1760000,,,0,,D. Dedmon shooting personal FOUL (1 PF) (Plumlee 2 FT),"[203473, 203486]",1610612748.0,MIA,shooting,,,Dedmon,D. Dedmon,,,,,,,,,,,101283.0,1.0,0.0,Plumlee,203486.0,,,,,,,,,,
183,PT09M43.00S,2021-10-30T00:19:01.7Z,2,REGULAR,freethrow,1 of 2,[],203486,,,1610612766,40,24,2021-10-30T00:19:28Z,1780000,,,0,,MISS M. Plumlee Free Throw 1 of 2,[203486],1610612766.0,CHA,,,,Plumlee,M. Plumlee,,,,,,Missed,,,,,,,,,,,,,,,,,,,
184,PT09M43.00S,2021-10-30T00:19:01.7Z,2,REGULAR,rebound,offensive,"['team', 'deadball']",0,,,1610612766,40,24,2021-10-30T00:19:28Z,1790000,,,0,,TEAM offensive REBOUND,[],1610612766.0,CHA,,,,,,,,,,,,183.0,,,,,,,,,,,,,,,,,,
185,PT09M43.00S,2021-10-30T00:19:02.6Z,2,REGULAR,substitution,out,[],203473,,,1610612766,40,24,2021-10-30T00:19:09Z,1800000,,,0,,SUB out: D. Dedmon,[203473],1610612748.0,MIA,,,,Dedmon,D. Dedmon,,,,,,,,,,,,,,,,,,,,,,,,,
186,PT09M43.00S,2021-10-30T00:19:02.6Z,2,REGULAR,substitution,in,[],1628389,,,1610612766,40,24,2021-10-30T00:19:09Z,1810000,,,0,,SUB in: B. Adebayo,[1628389],1610612748.0,MIA,,,,Adebayo,B. Adebayo,,,,,,,,,,,,,,,,,,,,,,,,,
187,PT09M43.00S,2021-10-30T00:19:01.7Z,2,REGULAR,freethrow,2 of 2,[],203486,,,1610612766,40,24,2021-10-30T00:19:28Z,1820000,,,0,,MISS M. Plumlee Free Throw 2 of 2,[203486],1610612766.0,CHA,,,,Plumlee,M. Plumlee,,,,,,Missed,,,,,,,,,,,,,,,,,,,
188,PT09M41.00S,2021-10-30T00:19:03.7Z,2,REGULAR,rebound,defensive,[],200768,,,1610612748,40,24,2021-10-30T00:19:28Z,1830000,,,0,,K. Lowry REBOUND (Off:0 Def:4),[200768],1610612748.0,MIA,,,,Lowry,K. Lowry,,,,,,,187.0,4.0,4.0,0.0,,,,,,,,,,,,,,,
189,PT09M31.00S,2021-10-30T00:19:33.7Z,2,REGULAR,3pt,Jump Shot,[],200768,27.414586070959263,83.08823529411765,1610612748,40,24,2021-10-30T00:19:42Z,1840000,-165.0,205.0,1,left,MISS K. Lowry 26' 3PT,[200768],1610612748.0,MIA,,,,Lowry,K. Lowry,,,,,26.36,Missed,,,,,,,,,,,,,,,,,,,
190,PT09M29.00S,2021-10-30T00:19:35.7Z,2,REGULAR,rebound,offensive,['team'],0,,,1610612748,40,24,2021-10-30T00:19:42Z,1850000,,,0,,TEAM offensive REBOUND,[],1610612748.0,MIA,,,,,,,,,,,,189.0,,,,,,,,,,,,,,,,,,
191,PT09M29.00S,2021-10-30T00:19:39.9Z,2,REGULAR,stoppage,out-of-bounds,[],0,,,1610612748,40,24,2021-10-30T00:19:39Z,1860000,,,0,,,[],,,,,,,,,,,,,,,,,,,,,,,,,,,,,,,,
192,PT09M29.00S,2021-10-30T00:19:40.3Z,2,REGULAR,substitution,out,[],1629667,,,1610612748,40,24,2021-10-30T00:19:46Z,1870000,,,0,,SUB out: J. McDaniels,[1629667],1610612766.0,CHA,,,,McDaniels,J. McDaniels,,,,,,,,,,,,,,,,,,,,,,,,,
193,PT09M29.00S,2021-10-30T00:19:40.3Z,2,REGULAR,substitution,in,[],1628998,,,1610612748,40,24,2021-10-30T00:19:46Z,1880000,,,0,,SUB in: C. Martin,[1628998],1610612766.0,CHA,,,,Martin,C. Martin,,,,,,,,,,,,,,,,,,,,,,,,,
194,PT09M28.00S,2021-10-30T00:20:06.5Z,2,REGULAR,turnover,backcourt,[],200768,,,1610612748,40,24,2021-10-30T00:20:19Z,1890000,,,0,,K. Lowry backcourt TURNOVER (1 TO),[200768],1610612748.0,MIA,,,,Lowry,K. Lowry,,,,,,,,,,,101283.0,,,,,,,,,,,1.0,,,
196,PT09M23.00S,2021-10-30T00:20:35.9Z,2,REGULAR,3pt,Jump Shot,['fromturnover'],1630163,69.59592641261499,24.019607843137255,1610612766,40,24,2021-10-30T00:21:01Z,1910000,-130.0,233.0,1,right,MISS L. Ball 26' pullup 3PT,[1630163],1610612766.0,CHA,pullup,,,Ball,L. Ball,,,,,26.7,Missed,,,,,,,,,,,,,,,,,,,
197,PT09M17.00S,2021-10-30T00:20:41.9Z,2,REGULAR,rebound,defensive,[],1629622,,,1610612748,40,24,2021-10-30T00:20:45Z,1920000,,,0,,M. Strus REBOUND (Off:0 Def:2),[1629622],1610612748.0,MIA,,,,Strus,M. Strus,,,,,,,196.0,2.0,2.0,0.0,,,,,,,,,,,,,,,
198,PT09M12.00S,2021-10-30T00:20:54.0Z,2,REGULAR,foul,personal,['2freethrow'],1630163,,,1610612748,40,24,2021-10-30T00:21:00Z,1930000,,,0,,L. Ball shooting personal FOUL (1 PF) (Herro 2 FT),"[1630163, 1629639]",1610612766.0,CHA,shooting,,,Ball,L. Ball,,,,,,,,,,,1626302.0,1.0,0.0,Herro,1629639.0,,,,,,,,,,
200,PT09M12.00S,2021-10-30T00:21:14.3Z,2,REGULAR,freethrow,1 of 2,[],1629639,,,1610612748,41,24,2021-10-30T00:21:14Z,1950000,,,0,,T. Herro Free Throw 1 of 2 (10 PTS),[1629639],1610612748.0,MIA,,,,Herro,T. Herro,,,,,,Made,,,,,,,,,,10.0,,,,,,,,,
201,PT09M12.00S,2021-10-30T00:21:26.8Z,2,REGULAR,freethrow,2 of 2,[],1629639,,,1610612748,42,24,2021-10-30T00:21:26Z,1960000,,,0,,T. Herro Free Throw 2 of 2 (11 PTS),[1629639],1610612748.0,MIA,,,,Herro,T. Herro,,,,,,Made,,,,,,,,,,11.0,,,,,,,,,
202,PT08M56.00S,2021-10-30T00:21:43.7Z,2,REGULAR,3pt,Jump Shot,[],202330,81.15965834428384,2.941176470588235,1610612766,42,27,2021-10-30T00:21:48Z,1970000,-235.0,125.0,1,right,G. Hayward 26' 3PT pullup (3 PTS),[202330],1610612766.0,CHA,pullup,,,Hayward,G. Hayward,,,,,26.63,Made,,,,,,,,,,3.0,,,,,,,,,
203,PT08M38.00S,2021-10-30T00:22:02.1Z,2,REGULAR,2pt,Layup,['pointsinthepaint'],202693,5.732588699080158,54.166666666666664,1610612748,42,27,2021-10-30T00:22:06Z,1980000,-21.0,1.0,1,left,MISS M. Morris Layup,[202693],1610612748.0,MIA,,,,Morris,M. Morris,,,,,2.08,Missed,,,,,,,,,,,,,,,,,,,
204,PT08M35.00S,2021-10-30T00:22:05.1Z,2,REGULAR,rebound,defensive,[],202330,,,1610612766,42,27,2021-10-30T00:22:06Z,1990000,,,0,,G. Hayward REBOUND (Off:0 Def:4),[202330],1610612766.0,CHA,,,,Hayward,G. Hayward,,,,,,,203.0,4.0,4.0,0.0,,,,,,,,,,,,,,,
205,PT08M34.00S,2021-10-30T00:22:06.1Z,2,REGULAR,3pt,Jump Shot,['fastbreak'],202330,66.44218134034165,57.59803921568627,1610612766,42,27,2021-10-30T00:22:12Z,2000000,38.0,263.0,1,right,MISS G. Hayward 26' pullup 3PT,[202330],1610612766.0,CHA,pullup,,,Hayward,G. Hayward,,,,,26.56,Missed,,,,,,,,,,,,,,,,,,,
206,PT08M28.00S,2021-10-30T00:22:12.1Z,2,REGULAR,rebound,defensive,[],1628389,,,1610612748,42,27,2021-10-30T00:22:12Z,2010000,,,0,,B. Adebayo REBOUND (Off:2 Def:2),[1628389],1610612748.0,MIA,,,,Adebayo,B. Adebayo,,,,,,,205.0,4.0,2.0,2.0,,,,,,,,,,,,,,,
207,PT08M22.00S,2021-10-30T00:22:17.4Z,2,REGULAR,2pt,Layup,['pointsinthepaint'],1628389,6.783837056504599,53.67647058823529,1610612748,42,27,2021-10-30T00:22:22Z,2020000,-18.0,11.0,1,left,MISS B. Adebayo alley-oop Layup,[1628389],1610612748.0,MIA,alley-oop,,,Adebayo,B. Adebayo,,,,,2.16,Missed,,,,,,,,,,,,,,,,,,,
208,PT08M20.00S,2021-10-30T00:22:19.4Z,2,REGULAR,rebound,defensive,[],1628998,,,1610612766,42,27,2021-10-30T00:22:22Z,2030000,,,0,,C. Martin REBOUND (Off:0 Def:1),[1628998],1610612766.0,CHA,,,,Martin,C. Martin,,,,,,,207.0,1.0,1.0,0.0,,,,,,,,,,,,,,,
209,PT08M17.00S,2021-10-30T00:22:22.4Z,2,REGULAR,turnover,bad pass,[],1630163,,,1610612766,42,27,2021-10-30T00:22:27Z,2040000,,,0,,L. Ball bad pass TURNOVER (2 TO),"[1630163, 1629639]",1610612766.0,CHA,,,,Ball,L. Ball,,,,,,,,,,,,,,,,,,,,,,2.0,Herro,1629639.0,
210,PT08M17.00S,2021-10-30T00:22:22.4Z,2,REGULAR,steal,,[],1629639,,,1610612748,42,27,2021-10-30T00:22:24Z,2050000,,,0,,T. Herro STEAL (1 STL),[1629639],1610612748.0,MIA,,,,Herro,T. Herro,,,,,,,,,,,,,,,,,,,,,,,,,
211,PT08M15.00S,2021-10-30T00:22:24.9Z,2,REGULAR,2pt,Layup,"['pointsinthepaint', 'fromturnover', 'fastbreak']",1628389,6.652431011826544,50.49019607843137,1610612748,44,27,2021-10-30T00:22:31Z,2060000,-2.0,10.0,1,left,B. Adebayo Layup (10 PTS) (T. Herro 2 AST),"[1628389, 1629639]",1610612748.0,MIA,,,,Adebayo,B. Adebayo,,,,,1.03,Made,,,,,,,,,,10.0,T. Herro,1629639.0,2.0,,,,,,
213,PT08M02.00S,2021-10-30T00:22:37.3Z,2,REGULAR,3pt,Jump Shot,[],1628970,85.75886990801577,96.81372549019608,1610612766,44,27,2021-10-30T00:22:42Z,2080000,234.0,81.0,1,right,MISS M. Bridges 24' 3PT,[1628970],1610612766.0,CHA,,,,Bridges,M. Bridges,,,,,24.78,Missed,,,,,,,,,,,,,,,,,,,
214,PT08M00.00S,2021-10-30T00:22:39.3Z,2,REGULAR,rebound,defensive,[],1629639,,,1610612748,44,27,2021-10-30T00:22:42Z,2090000,,,0,,T. Herro REBOUND (Off:0 Def:1),[1629639],1610612748.0,MIA,,,,Herro,T. Herro,,,,,,,213.0,1.0,1.0,0.0,,,,,,,,,,,,,,,
215,PT07M48.00S,2021-10-30T00:22:51.8Z,2,REGULAR,3pt,Jump Shot,[],1629639,28.465834428383708,21.813725490196077,1610612748,47,27,2021-10-30T00:22:57Z,2100000,141.0,215.0,1,left,T. Herro 25' 3PT  (14 PTS) (B. Adebayo 1 AST),"[1629639, 1628389]",1610612748.0,MIA,,,,Herro,T. Herro,,,,,25.71,Made,,,,,,,,,,14.0,B. Adebayo,1628389.0,1.0,,,,,,
217,PT07M25.00S,2021-10-30T00:23:15.3Z,2,REGULAR,2pt,Layup,['pointsinthepaint'],1628970,92.19776609724047,52.450980392156865,1610612766,47,29,2021-10-30T00:23:19Z,2120000,12.0,21.0,1,right,M. Bridges cutting Layup (6 PTS) (L. Ball 3 AST),"[1628970, 1630163]",1610612766.0,CHA,cutting,,,Bridges,M. Bridges,,,,,2.42,Made,,,,,,,,,,6.0,L. Ball,1630163.0,3.0,,,,,,
219,PT07M17.00S,2021-10-30T00:23:22.8Z,2,REGULAR,2pt,Layup,['pointsinthepaint'],1628389,6.521024967148489,46.81372549019608,1610612748,49,29,2021-10-30T00:23:27Z,2140000,16.0,9.0,1,left,B. Adebayo cutting Layup (12 PTS) (K. Lowry 4 AST),"[1628389, 200768]",1610612748.0,MIA,cutting,,,Adebayo,B. Adebayo,,,,,1.82,Made,,,,,,,,,,12.0,K. Lowry,200768.0,4.0,,,,,,
221,PT07M16.00S,2021-10-30T00:23:27.4Z,2,REGULAR,timeout,full,"['team', 'mandatory']",0,,,1610612766,49,29,2021-10-30T00:23:27Z,2160000,,,0,,CHA Timeout,[],1610612766.0,CHA,,,,,,,,,,,,,,,,,,,,,,,,,,,,,,
222,PT07M16.00S,2021-10-30T00:26:14.8Z,2,REGULAR,substitution,out,[],200768,,,1610612766,49,29,2021-10-30T00:26:36Z,2170000,,,0,,SUB out: K. Lowry,[200768],1610612748.0,MIA,,,,Lowry,K. Lowry,,,,,,,,,,,,,,,,,,,,,,,,,
223,PT07M16.00S,2021-10-30T00:26:14.8Z,2,REGULAR,substitution,out,[],1630163,,,1610612766,49,29,2021-10-30T00:26:36Z,2180000,,,0,,SUB out: L. Ball,[1630163],1610612766.0,CHA,,,,Ball,L. Ball,,,,,,,,,,,,,,,,,,,,,,,,,
224,PT07M16.00S,2021-10-30T00:26:14.8Z,2,REGULAR,substitution,out,[],202330,,,1610612766,49,29,2021-10-30T00:26:36Z,2190000,,,0,,SUB out: G. Hayward,[202330],1610612766.0,CHA,,,,Hayward,G. Hayward,,,,,,,,,,,,,,,,,,,,,,,,,
225,PT07M16.00S,2021-10-30T00:26:14.8Z,2,REGULAR,substitution,out,[],203486,,,1610612766,49,29,2021-10-30T00:26:36Z,2200000,,,0,,SUB out: M. Plumlee,[203486],1610612766.0,CHA,,,,Plumlee,M. Plumlee,,,,,,,,,,,,,,,,,,,,,,,,,
226,PT07M16.00S,2021-10-30T00:26:14.8Z,2,REGULAR,substitution,in,[],202710,,,1610612766,49,29,2021-10-30T00:26:36Z,2210000,,,0,,SUB in: J. Butler,[202710],1610612748.0,MIA,,,,Butler,J. Butler,,,,,,,,,,,,,,,,,,,,,,,,,
227,PT07M16.00S,2021-10-30T00:26:14.8Z,2,REGULAR,substitution,in,[],202397,,,1610612766,49,29,2021-10-30T00:26:36Z,2220000,,,0,,SUB in: I. Smith,[202397],1610612766.0,CHA,,,,Smith,I. Smith,,,,,,,,,,,,,,,,,,,,,,,,,
228,PT07M16.00S,2021-10-30T00:26:14.8Z,2,REGULAR,substitution,in,[],1629023,,,1610612766,49,29,2021-10-30T00:26:36Z,2230000,,,0,,SUB in: P. Washington,[1629023],1610612766.0,CHA,,,,Washington,P. Washington,,,,,,,,,,,,,,,,,,,,,,,,,
229,PT07M16.00S,2021-10-30T00:26:14.8Z,2,REGULAR,substitution,in,[],1626162,,,1610612766,49,29,2021-10-30T00:26:36Z,2240000,,,0,,SUB in: K. Oubre Jr.,[1626162],1610612766.0,CHA,,,,Oubre Jr.,K. Oubre Jr.,,,,,,,,,,,,,,,,,,,,,,,,,
230,PT07M01.00S,2021-10-30T00:27:03.2Z,2,REGULAR,2pt,Jump Shot,['pointsinthepaint'],1629023,87.46714848883047,39.46078431372549,1610612766,49,29,2021-10-30T00:27:13Z,2250000,-53.0,65.0,1,right,MISS P. Washington 8' turnaround Shot - blocked,"[1629023, 1628389]",1610612766.0,CHA,turnaround,,,Washington,P. Washington,,,,,8.39,Missed,,,,,,,,,,,,,,Adebayo,1628389.0,,,,
231,PT07M01.00S,2021-10-30T00:27:03.2Z,2,REGULAR,block,,[],1628389,,,1610612766,49,29,2021-10-30T00:27:06Z,2260000,,,0,,B. Adebayo BLOCK (1 BLK),[1628389],1610612748.0,MIA,,,,Adebayo,B. Adebayo,,,,,,,,,,,,,,,,,,,,,,,,,
232,PT06M58.00S,2021-10-30T00:27:06.2Z,2,REGULAR,rebound,defensive,[],1629639,,,1610612748,49,29,2021-10-30T00:27:13Z,2270000,,,0,,T. Herro REBOUND (Off:0 Def:2),[1629639],1610612748.0,MIA,,,,Herro,T. Herro,,,,,,,230.0,2.0,2.0,0.0,,,,,,,,,,,,,,,
233,PT06M50.00S,2021-10-30T00:27:15.1Z,2,REGULAR,2pt,Jump Shot,[],1629639,21.23850197109067,73.2843137254902,1610612748,51,29,2021-10-30T00:27:26Z,2280000,-116.0,147.0,1,left,T. Herro 18' fadeaway Jump Shot (16 PTS),[1629639],1610612748.0,MIA,fadeaway,,,Herro,T. Herro,,,,,18.76,Made,,,,,,,,,,16.0,,,,,,,,,
234,PT06M32.00S,2021-10-30T00:27:32.4Z,2,REGULAR,3pt,Jump Shot,[],1629023,75.24638633377135,14.705882352941178,1610612766,51,29,2021-10-30T00:27:38Z,2290000,-176.0,180.0,1,right,MISS P. Washington 25' 3PT,[1629023],1610612766.0,CHA,,,,Washington,P. Washington,,,,,25.22,Missed,,,,,,,,,,,,,,,,,,,
235,PT06M28.00S,2021-10-30T00:27:36.4Z,2,REGULAR,rebound,defensive,[],1628389,,,1610612748,51,29,2021-10-30T00:27:38Z,2300000,,,0,,B. Adebayo REBOUND (Off:2 Def:3),[1628389],1610612748.0,MIA,,,,Adebayo,B. Adebayo,,,,,,,234.0,5.0,3.0,2.0,,,,,,,,,,,,,,,
236,PT06M19.00S,2021-10-30T00:27:45.7Z,2,REGULAR,2pt,Jump Shot,[],1628389,17.16491458607096,29.901960784313726,1610612748,53,29,2021-10-30T00:27:51Z,2310000,100.0,109.0,1,left,B. Adebayo 14' Jump Shot (14 PTS) (T. Herro 3 AST),"[1628389, 1629639]",1610612748.0,MIA,,,,Adebayo,B. Adebayo,,,,,14.82,Made,,,,,,,,,,14.0,T. Herro,1629639.0,3.0,,,,,,
238,PT06M04.00S,2021-10-30T00:27:59.8Z,2,REGULAR,2pt,Jump Shot,['pointsinthepaint'],202397,82.34231274638634,57.84313725490197,1610612766,53,29,2021-10-30T00:28:06Z,2330000,39.0,113.0,1,right,MISS I. Smith 12' turnaround fadeaway Shot,[202397],1610612766.0,CHA,turnaround fadeaway,,,Smith,I. Smith,,,,,12.01,Missed,,,,,,,,,,,,,,,,,,,
239,PT06M00.00S,2021-10-30T00:28:04.1Z,2,REGULAR,rebound,offensive,[],1629023,,,1610612766,53,29,2021-10-30T00:28:04Z,2340000,,,0,,P. Washington REBOUND (Off:1 Def:1),[1629023],1610612766.0,CHA,,,,Washington,P. Washington,,,,,,,238.0,2.0,1.0,1.0,,,,,,,,,,,,,,,
240,PT06M00.00S,2021-10-30T00:28:04.9Z,2,REGULAR,3pt,Jump Shot,['2ndchance'],1628998,66.83639947437582,60.78431372549019,1610612766,53,29,2021-10-30T00:28:11Z,2350000,54.0,259.0,1,right,MISS C. Martin 26' 3PT,[1628998],1610612766.0,CHA,,,,Martin,C. Martin,,,,,26.47,Missed,,,,,,,,,,,,,,,,,,,
241,PT05M56.00S,2021-10-30T00:28:08.9Z,2,REGULAR,rebound,defensive,[],202710,,,1610612748,53,29,2021-10-30T00:28:11Z,2360000,,,0,,J. Butler REBOUND (Off:3 Def:2),[202710],1610612748.0,MIA,,,,Butler,J. Butler,,,,,,,240.0,5.0,2.0,3.0,,,,,,,,,,,,,,,
242,PT05M48.00S,2021-10-30T00:28:17.5Z,2,REGULAR,2pt,Jump Shot,[],1628389,6.521024967148489,73.0392156862745,1610612748,53,29,2021-10-30T00:28:24Z,2370000,-115.0,9.0,1,left,MISS B. Adebayo 11' turnaround fadeaway Shot,[1628389],1610612748.0,MIA,turnaround fadeaway,,,Adebayo,B. Adebayo,,,,,11.55,Missed,,,,,,,,,,,,,,,,,,,
243,PT05M43.00S,2021-10-30T00:28:22.5Z,2,REGULAR,rebound,defensive,[],1628970,,,1610612766,53,29,2021-10-30T00:29:12Z,2380000,,,0,,M. Bridges REBOUND (Off:0 Def:2),[1628970],1610612766.0,CHA,,,,Bridges,M. Bridges,,,,,,,242.0,2.0,2.0,0.0,,,,,,,,,,,,,,,
244,PT05M42.00S,2021-10-30T00:28:25.6Z,2,REGULAR,foul,personal,[],202693,,,1610612766,53,29,2021-10-30T00:28:35Z,2390000,,,0,,M. Morris personal FOUL (1 PF),"[202693, 1628970]",1610612748.0,MIA,,,,Morris,M. Morris,,,,,,,,,,,1146.0,1.0,0.0,Bridges,1628970.0,,,,,,,,,,
246,PT05M42.00S,2021-10-30T00:28:35.0Z,2,REGULAR,substitution,out,[],202693,,,1610612766,53,29,2021-10-30T00:28:40Z,2410000,,,0,,SUB out: M. Morris,[202693],1610612748.0,MIA,,,,Morris,M. Morris,,,,,,,,,,,,,,,,,,,,,,,,,
247,PT05M42.00S,2021-10-30T00:28:35.0Z,2,REGULAR,substitution,out,[],1629622,,,1610612766,53,29,2021-10-30T00:28:40Z,2420000,,,0,,SUB out: M. Strus,[1629622],1610612748.0,MIA,,,,Strus,M. Strus,,,,,,,,,,,,,,,,,,,,,,,,,
248,PT05M42.00S,2021-10-30T00:28:35.0Z,2,REGULAR,substitution,in,[],200782,,,1610612766,53,29,2021-10-30T00:28:40Z,2430000,,,0,,SUB in: P. Tucker,[200782],1610612748.0,MIA,,,,Tucker,P. Tucker,,,,,,,,,,,,,,,,,,,,,,,,,
249,PT05M42.00S,2021-10-30T00:28:35.0Z,2,REGULAR,substitution,in,[],1629130,,,1610612766,53,29,2021-10-30T00:28:40Z,2440000,,,0,,SUB in: D. Robinson,[1629130],1610612748.0,MIA,,,,Robinson,D. Robinson,,,,,,,,,,,,,,,,,,,,,,,,,
250,PT05M30.00S,2021-10-30T00:28:59.5Z,2,REGULAR,2pt,Jump Shot,['pointsinthepaint'],1629023,85.10183968462549,44.11764705882353,1610612766,53,29,2021-10-30T00:30:11Z,2450000,-29.0,88.0,1,right,MISS P. Washington 9' floating Shot,[1629023],1610612766.0,CHA,floating,,,Washington,P. Washington,,,,,9.23,Missed,,,,,,,,,,,,,,,,,,,
251,PT05M26.00S,2021-10-30T00:29:03.5Z,2,REGULAR,rebound,defensive,[],1628389,,,1610612748,53,29,2021-10-30T00:29:17Z,2460000,,,0,,B. Adebayo REBOUND (Off:2 Def:4),[1628389],1610612748.0,MIA,,,,Adebayo,B. Adebayo,,,,,,,250.0,6.0,4.0,2.0,,,,,,,,,,,,,,,
252,PT05M06.00S,2021-10-30T00:29:23.4Z,2,REGULAR,2pt,Jump Shot,[],1629639,8.754927726675426,20.833333333333336,1610612748,55,29,2021-10-30T00:29:30Z,2470000,146.0,30.0,1,left,T. Herro 14' turnaround fadeaway Jump Shot (18 PTS),[1629639],1610612748.0,MIA,turnaround fadeaway,,,Herro,T. Herro,,,,,14.88,Made,,,,,,,,,,18.0,,,,,,,,,
253,PT04M55.00S,2021-10-30T00:29:35.1Z,2,REGULAR,2pt,Layup,['pointsinthepaint'],202397,92.32917214191852,47.05882352941176,1610612766,55,31,2021-10-30T00:29:42Z,2480000,-15.0,20.0,1,right,I. Smith driving reverse Layup (2 PTS),[202397],1610612766.0,CHA,driving reverse,,,Smith,I. Smith,,,,,2.45,Made,,,,,,,,,,2.0,,,,,,,,,
254,PT04M32.00S,2021-10-30T00:29:57.8Z,2,REGULAR,3pt,Jump Shot,[],1629130,8.886333771353483,95.58823529411765,1610612748,55,31,2021-10-30T00:30:06Z,2490000,-228.0,31.0,1,left,MISS D. Robinson 3PT - blocked,"[1629130, 1629023]",1610612748.0,MIA,,,,Robinson,D. Robinson,,,,,23.0,Missed,,,,,,,,,,,,,,Washington,1629023.0,,,,
255,PT04M32.00S,2021-10-30T00:29:57.8Z,2,REGULAR,block,,[],1629023,,,1610612748,55,31,2021-10-30T00:30:01Z,2500000,,,0,,P. Washington BLOCK (1 BLK),[1629023],1610612766.0,CHA,,,,Washington,P. Washington,,,,,,,,,,,,,,,,,,,,,,,,,
256,PT04M32.00S,2021-10-30T00:29:57.8Z,2,REGULAR,rebound,offensive,['team'],0,,,1610612748,55,31,2021-10-30T00:30:06Z,2510000,,,0,,TEAM offensive REBOUND,[],1610612748.0,MIA,,,,,,,,,,,,254.0,,,,,,,,,,,,,,,,,,
257,PT04M32.00S,2021-10-30T00:30:04.8Z,2,REGULAR,stoppage,out-of-bounds,[],0,,,1610612748,55,31,2021-10-30T00:30:04Z,2520000,,,0,,,[],,,,,,,,,,,,,,,,,,,,,,,,,,,,,,,,
258,PT04M32.00S,2021-10-30T00:30:05.1Z,2,REGULAR,substitution,out,[],1628970,,,1610612748,55,31,2021-10-30T00:30:08Z,2530000,,,0,,SUB out: M. Bridges,[1628970],1610612766.0,CHA,,,,Bridges,M. Bridges,,,,,,,,,,,,,,,,,,,,,,,,,
259,PT04M32.00S,2021-10-30T00:30:05.1Z,2,REGULAR,substitution,in,[],202330,,,1610612748,55,31,2021-10-30T00:30:08Z,2540000,,,0,,SUB in: G. Hayward,[202330],1610612766.0,CHA,,,,Hayward,G. Hayward,,,,,,,,,,,,,,,,,,,,,,,,,
260,PT04M30.00S,2021-10-30T00:30:15.0Z,2,REGULAR,3pt,Jump Shot,['2ndchance'],202710,23.99802890932983,90.68627450980392,1610612748,55,31,2021-10-30T00:30:25Z,2550000,-203.0,173.0,1,left,MISS J. Butler 26' step back 3PT,[202710],1610612748.0,MIA,step back,,,Butler,J. Butler,,,,,26.71,Missed,,,,,,,,,,,,,,,,,,,
261,PT04M26.00S,2021-10-30T00:30:19.0Z,2,REGULAR,rebound,offensive,[],200782,,,1610612748,55,31,2021-10-30T00:30:20Z,2560000,,,0,,P. Tucker REBOUND (Off:1 Def:2),[200782],1610612748.0,MIA,,,,Tucker,P. Tucker,,,,,,,260.0,3.0,2.0,1.0,,,,,,,,,,,,,,,
262,PT04M22.00S,2021-10-30T00:30:22.8Z,2,REGULAR,turnover,lost ball,[],202710,,,1610612748,55,31,2021-10-30T00:30:32Z,2570000,,,0,,J. Butler lost ball TURNOVER (1 TO),"[202710, 1629023]",1610612748.0,MIA,,,,Butler,J. Butler,,,,,,,,,,,,,,,,,,,,,,1.0,Washington,1629023.0,
263,PT04M22.00S,2021-10-30T00:30:22.8Z,2,REGULAR,steal,,[],1629023,,,1610612766,55,31,2021-10-30T00:33:19Z,2580000,,,0,,P. Washington STEAL (1 STL),[1629023],1610612766.0,CHA,,,,Washington,P. Washington,,,,,,,,,,,,,,,,,,,,,,,,,
264,PT04M18.00S,2021-10-30T00:30:30.3Z,2,REGULAR,foul,personal,['2freethrow'],202710,,,1610612766,55,31,2021-10-30T00:30:45Z,2590000,,,0,,J. Butler shooting personal FOUL (2 PF) (Martin 2 FT),"[202710, 1628998]",1610612748.0,MIA,shooting,,,Butler,J. Butler,,,,,,,,,,,101283.0,2.0,0.0,Martin,1628998.0,,,,,,,,,,
266,PT04M18.00S,2021-10-30T00:30:52.1Z,2,REGULAR,freethrow,1 of 2,['fromturnover'],1628998,,,1610612766,55,32,2021-10-30T00:30:52Z,2610000,,,0,,C. Martin Free Throw 1 of 2 (1 PTS),[1628998],1610612766.0,CHA,,,,Martin,C. Martin,,,,,,Made,,,,,,,,,,1.0,,,,,,,,,
267,PT04M18.00S,2021-10-30T00:30:52.9Z,2,REGULAR,substitution,out,[],1629639,,,1610612766,55,32,2021-10-30T00:30:57Z,2620000,,,0,,SUB out: T. Herro,[1629639],1610612748.0,MIA,,,,Herro,T. Herro,,,,,,,,,,,,,,,,,,,,,,,,,
268,PT04M18.00S,2021-10-30T00:30:52.9Z,2,REGULAR,substitution,in,[],200768,,,1610612766,55,32,2021-10-30T00:30:57Z,2630000,,,0,,SUB in: K. Lowry,[200768],1610612748.0,MIA,,,,Lowry,K. Lowry,,,,,,,,,,,,,,,,,,,,,,,,,
269,PT04M18.00S,2021-10-30T00:31:12.8Z,2,REGULAR,freethrow,2 of 2,['fromturnover'],1628998,,,1610612766,55,33,2021-10-30T00:31:12Z,2640000,,,0,,C. Martin Free Throw 2 of 2 (2 PTS),[1628998],1610612766.0,CHA,,,,Martin,C. Martin,,,,,,Made,,,,,,,,,,2.0,,,,,,,,,
270,PT04M05.00S,2021-10-30T00:31:27.4Z,2,REGULAR,2pt,Jump Shot,['pointsinthepaint'],1628389,14.14257555847569,40.19607843137255,1610612748,57,33,2021-10-30T00:31:31Z,2650000,49.0,80.0,1,left,B. Adebayo 9' turnaround Jump Shot (16 PTS),[1628389],1610612748.0,MIA,turnaround,,,Adebayo,B. Adebayo,,,,,9.42,Made,,,,,,,,,,16.0,,,,,,,,,
271,PT03M55.00S,2021-10-30T00:31:36.9Z,2,REGULAR,2pt,Layup,['pointsinthepaint'],1626162,92.85479632063075,46.32352941176471,1610612766,57,35,2021-10-30T00:31:41Z,2660000,-18.0,15.0,1,right,K. Oubre Jr. cutting Layup (13 PTS) (I. Smith 1 AST),"[1626162, 202397]",1610612766.0,CHA,cutting,,,Oubre Jr.,K. Oubre Jr.,,,,,2.36,Made,,,,,,,,,,13.0,I. Smith,202397.0,1.0,,,,,,
273,PT03M38.00S,2021-10-30T00:31:53.0Z,2,REGULAR,turnover,lost ball,[],1628389,,,1610612748,57,35,2021-10-30T00:31:59Z,2680000,,,0,,B. Adebayo lost ball TURNOVER (3 TO),"[1628389, 1629023]",1610612748.0,MIA,,,,Adebayo,B. Adebayo,,,,,,,,,,,,,,,,,,,,,,3.0,Washington,1629023.0,
274,PT03M38.00S,2021-10-30T00:31:53.0Z,2,REGULAR,steal,,[],1629023,,,1610612766,57,35,2021-10-30T00:31:55Z,2690000,,,0,,P. Washington STEAL (2 STL),[1629023],1610612766.0,CHA,,,,Washington,P. Washington,,,,,,,,,,,,,,,,,,,,,,,,,
275,PT03M35.00S,2021-10-30T00:31:58.2Z,2,REGULAR,foul,personal,['2freethrow'],200768,,,1610612766,57,35,2021-10-30T00:32:12Z,2700000,,,0,,K. Lowry shooting personal FOUL (1 PF) (Hayward 2 FT),"[200768, 202330]",1610612748.0,MIA,shooting,,,Lowry,K. Lowry,,,,,,,,,,,1146.0,1.0,0.0,Hayward,202330.0,,,,,,,,,,
277,PT03M35.00S,2021-10-30T00:32:25.0Z,2,REGULAR,stoppage,court clean up,[],0,,,1610612766,57,35,2021-10-30T00:32:25Z,2720000,,,0,,,[],,,,,,,,,,,,,,,,,,,,,,,,,,,,,,,,
278,PT03M35.00S,2021-10-30T00:32:42.6Z,2,REGULAR,freethrow,1 of 2,"['fromturnover', 'fastbreak']",202330,,,1610612766,57,36,2021-10-30T00:32:42Z,2730000,,,0,,G. Hayward Free Throw 1 of 2 (4 PTS),[202330],1610612766.0,CHA,,,,Hayward,G. Hayward,,,,,,Made,,,,,,,,,,4.0,,,,,,,,,
279,PT03M35.00S,2021-10-30T00:32:45.9Z,2,REGULAR,substitution,out,[],1628389,,,1610612766,57,36,2021-10-30T00:32:51Z,2740000,,,0,,SUB out: B. Adebayo,[1628389],1610612748.0,MIA,,,,Adebayo,B. Adebayo,,,,,,,,,,,,,,,,,,,,,,,,,
280,PT03M35.00S,2021-10-30T00:32:45.9Z,2,REGULAR,substitution,in,[],203473,,,1610612766,57,36,2021-10-30T00:32:51Z,2750000,,,0,,SUB in: D. Dedmon,[203473],1610612748.0,MIA,,,,Dedmon,D. Dedmon,,,,,,,,,,,,,,,,,,,,,,,,,
281,PT03M35.00S,2021-10-30T00:33:10.6Z,2,REGULAR,freethrow,2 of 2,"['fastbreak', 'fromturnover']",202330,,,1610612766,57,37,2021-10-30T00:33:10Z,2760000,,,0,,G. Hayward Free Throw 2 of 2 (5 PTS),[202330],1610612766.0,CHA,,,,Hayward,G. Hayward,,,,,,Made,,,,,,,,,,5.0,,,,,,,,,
282,PT03M14.00S,2021-10-30T00:33:31.8Z,2,REGULAR,2pt,Jump Shot,[],202710,2.7102496714848883,17.892156862745097,1610612748,57,37,2021-10-30T00:35:33Z,2770000,161.0,-27.0,1,left,MISS J. Butler 16' step back Shot,[202710],1610612748.0,MIA,step back,,,Butler,J. Butler,,,,,16.28,Missed,,,,,,,,,,,,,,,,,,,
283,PT03M11.00S,2021-10-30T00:33:34.8Z,2,REGULAR,rebound,defensive,[],1629023,,,1610612766,57,37,2021-10-30T00:33:39Z,2780000,,,0,,P. Washington REBOUND (Off:1 Def:2),[1629023],1610612766.0,CHA,,,,Washington,P. Washington,,,,,,,282.0,3.0,2.0,1.0,,,,,,,,,,,,,,,
284,PT03M06.00S,2021-10-30T00:33:39.7Z,2,REGULAR,2pt,Jump Shot,['fastbreak'],202397,78.26872536136662,47.549019607843135,1610612766,57,37,2021-10-30T00:33:46Z,2790000,-12.0,152.0,1,right,MISS I. Smith 15' Jump Shot,[202397],1610612766.0,CHA,,,,Smith,I. Smith,,,,,15.23,Missed,,,,,,,,,,,,,,,,,,,
285,PT03M04.00S,2021-10-30T00:33:41.7Z,2,REGULAR,rebound,defensive,[],203473,,,1610612748,57,37,2021-10-30T00:33:46Z,2800000,,,0,,D. Dedmon REBOUND (Off:1 Def:4),[203473],1610612748.0,MIA,,,,Dedmon,D. Dedmon,,,,,,,284.0,5.0,4.0,1.0,,,,,,,,,,,,,,,
286,PT03M01.00S,2021-10-30T00:33:45.7Z,2,REGULAR,3pt,Jump Shot,['fastbreak'],1629130,23.340998685939553,12.254901960784313,1610612748,57,37,2021-10-30T00:33:54Z,2810000,189.0,167.0,1,left,MISS D. Robinson 25' 3PT,[1629130],1610612748.0,MIA,,,,Robinson,D. Robinson,,,,,25.19,Missed,,,,,,,,,,,,,,,,,,,
287,PT02M57.00S,2021-10-30T00:33:51.9Z,2,REGULAR,rebound,offensive,[],202710,,,1610612748,57,37,2021-10-30T00:33:51Z,2820000,,,0,,J. Butler REBOUND (Off:4 Def:2),[202710],1610612748.0,MIA,,,,Butler,J. Butler,,,,,,,286.0,6.0,2.0,4.0,,,,,,,,,,,,,,,
288,PT02M57.00S,2021-10-30T00:33:53.1Z,2,REGULAR,foul,personal,['2freethrow'],202397,,,1610612748,57,37,2021-10-30T00:33:58Z,2830000,,,0,,I. Smith shooting personal FOUL (1 PF) (Butler 2 FT),"[202397, 202710]",1610612766.0,CHA,shooting,,,Smith,I. Smith,,,,,,,,,,,1626302.0,1.0,0.0,Butler,202710.0,,,,,,,,,,
290,PT02M57.00S,2021-10-30T00:34:23.1Z,2,REGULAR,freethrow,1 of 2,['2ndchance'],202710,,,1610612748,58,37,2021-10-30T00:34:23Z,2850000,,,0,,J. Butler Free Throw 1 of 2 (10 PTS),[202710],1610612748.0,MIA,,,,Butler,J. Butler,,,,,,Made,,,,,,,,,,10.0,,,,,,,,,
291,PT02M57.00S,2021-10-30T00:34:38.8Z,2,REGULAR,freethrow,2 of 2,['2ndchance'],202710,,,1610612748,59,37,2021-10-30T00:34:38Z,2860000,,,0,,J. Butler Free Throw 2 of 2 (11 PTS),[202710],1610612748.0,MIA,,,,Butler,J. Butler,,,,,,Made,,,,,,,,,,11.0,,,,,,,,,
310,PT02M46.00S,2021-10-30T00:34:55.1Z,2,REGULAR,turnover,lost ball,[],1629023,,,1610612766,59,37,2021-10-30T00:41:16Z,2895000,,,0,,P. Washington lost ball TURNOVER (2 TO),"[1629023, 202710]",1610612766.0,CHA,,,,Washington,P. Washington,,,,,,,,,,,,,,,,,,,,,,2.0,Butler,202710.0,
311,PT02M46.00S,2021-10-30T00:34:55.1Z,2,REGULAR,steal,,[],202710,,,1610612748,59,37,2021-10-30T00:36:50Z,2897500,,,0,,J. Butler STEAL (1 STL),[202710],1610612748.0,MIA,,,,Butler,J. Butler,,,,,,,,,,,,,,,,,,,,,,,,,
295,PT02M38.00S,2021-10-30T00:35:00.8Z,2,REGULAR,stoppage,out-of-bounds,[],0,,,1610612748,59,37,2021-10-30T00:35:00Z,2900000,,,0,,,[],,,,,,,,,,,,,,,,,,,,,,,,,,,,,,,,
296,PT02M38.00S,2021-10-30T00:35:01.5Z,2,REGULAR,substitution,out,[],1629023,,,1610612748,59,37,2021-10-30T00:35:08Z,2910000,,,0,,SUB out: P. Washington,[1629023],1610612766.0,CHA,,,,Washington,P. Washington,,,,,,,,,,,,,,,,,,,,,,,,,
297,PT02M38.00S,2021-10-30T00:35:01.5Z,2,REGULAR,substitution,in,[],1628970,,,1610612748,59,37,2021-10-30T00:35:08Z,2920000,,,0,,SUB in: M. Bridges,[1628970],1610612766.0,CHA,,,,Bridges,M. Bridges,,,,,,,,,,,,,,,,,,,,,,,,,
298,PT02M28.00S,2021-10-30T00:35:57.8Z,2,REGULAR,jumpball,recovered,[],202330,,,1610612748,59,37,2021-10-30T00:35:57Z,2930000,,,0,,Jump Ball K. Oubre Jr. vs. J. Butler: Tip to G. Hayward,"[202330, 1626162, 202710]",1610612766.0,CHA,heldball,G. Hayward,202330.0,Hayward,G. Hayward,Oubre Jr.,1626162.0,Butler,202710.0,,,,,,,,,,,,,,,,,,,,,
301,PT02M28.00S,2021-10-30T00:35:57.8Z,2,REGULAR,turnover,lost ball,[],202710,,,1610612748,59,37,2021-10-30T00:35:57Z,2960000,,,0,,J. Butler lost ball TURNOVER (2 TO),"[202710, 1626162]",1610612748.0,MIA,,,,Butler,J. Butler,,,,,,,,,,,,,,,,,,,,,,2.0,Oubre Jr.,1626162.0,
302,PT02M28.00S,2021-10-30T00:35:57.8Z,2,REGULAR,steal,,[],1626162,,,1610612766,59,37,2021-10-30T00:35:57Z,2970000,,,0,,K. Oubre Jr. STEAL (2 STL),[1626162],1610612766.0,CHA,,,,Oubre Jr.,K. Oubre Jr.,,,,,,,,,,,,,,,,,,,,,,,,,
303,PT02M23.00S,2021-10-30T00:36:03.7Z,2,REGULAR,3pt,Jump Shot,['fromturnover'],1628970,72.35545335085413,16.42156862745098,1610612766,59,37,2021-10-30T00:36:17Z,2980000,-168.0,207.0,1,right,MISS M. Bridges 26' 3PT,[1628970],1610612766.0,CHA,,,,Bridges,M. Bridges,,,,,26.68,Missed,,,,,,,,,,,,,,,,,,,
304,PT02M21.00S,2021-10-30T00:36:05.7Z,2,REGULAR,rebound,offensive,['team'],0,,,1610612766,59,37,2021-10-30T00:36:17Z,2990000,,,0,,TEAM offensive REBOUND,[],1610612766.0,CHA,,,,,,,,,,,,303.0,,,,,,,,,,,,,,,,,,
305,PT02M21.00S,2021-10-30T00:36:12.6Z,2,REGULAR,foul,personal,"['inpenalty', '2freethrow']",200782,,,1610612766,59,37,2021-10-30T00:36:29Z,3000000,,,0,,P. Tucker loose ball personal FOUL (2 PF) (Martin 2 FT),"[200782, 1628998]",1610612748.0,MIA,loose ball,,,Tucker,P. Tucker,,,,,,,,,,,101283.0,2.0,0.0,Martin,1628998.0,,,,,,,,,,
308,PT02M21.00S,2021-10-30T00:36:30.9Z,2,REGULAR,substitution,in,[],1630163,,,1610612766,59,37,2021-10-30T00:36:33Z,3030000,,,0,,SUB in: L. Ball,[1630163],1610612766.0,CHA,,,,Ball,L. Ball,,,,,,,,,,,,,,,,,,,,,,,,,
309,PT02M21.00S,2021-10-30T00:36:30.9Z,2,REGULAR,substitution,out,[],202397,,,1610612766,59,37,2021-10-30T00:36:36Z,3040000,,,0,,SUB out: I. Smith,[202397],1610612766.0,CHA,,,,Smith,I. Smith,,,,,,,,,,,,,,,,,,,,,,,,,
312,PT02M21.00S,2021-10-30T00:36:53.9Z,2,REGULAR,freethrow,1 of 2,"['fromturnover', '2ndchance']",1628998,,,1610612766,59,38,2021-10-30T00:36:53Z,3050000,,,0,,C. Martin Free Throw 1 of 2 (3 PTS),[1628998],1610612766.0,CHA,,,,Martin,C. Martin,,,,,,Made,,,,,,,,,,3.0,,,,,,,,,
313,PT02M21.00S,2021-10-30T00:37:07.5Z,2,REGULAR,freethrow,2 of 2,"['fromturnover', '2ndchance']",1628998,,,1610612766,59,39,2021-10-30T00:37:07Z,3060000,,,0,,C. Martin Free Throw 2 of 2 (4 PTS),[1628998],1610612766.0,CHA,,,,Martin,C. Martin,,,,,,Made,,,,,,,,,,4.0,,,,,,,,,
315,PT02M04.00S,2021-10-30T00:37:36.7Z,2,REGULAR,turnover,offensive goaltending,[],203473,,,1610612748,59,39,2021-10-30T00:38:10Z,3080000,,,0,,D. Dedmon offensive goaltending TURNOVER (1 TO),[203473],1610612748.0,MIA,,,,Dedmon,D. Dedmon,,,,,,,,,,,101283.0,,,,,,,,,,,1.0,,,
316,PT02M04.00S,2021-10-30T00:37:47.0Z,2,REGULAR,substitution,out,[],203473,,,1610612766,59,39,2021-10-30T00:37:57Z,3090000,,,0,,SUB out: D. Dedmon,[203473],1610612748.0,MIA,,,,Dedmon,D. Dedmon,,,,,,,,,,,,,,,,,,,,,,,,,
317,PT02M04.00S,2021-10-30T00:37:47.0Z,2,REGULAR,substitution,out,[],1629130,,,1610612766,59,39,2021-10-30T00:37:57Z,3100000,,,0,,SUB out: D. Robinson,[1629130],1610612748.0,MIA,,,,Robinson,D. Robinson,,,,,,,,,,,,,,,,,,,,,,,,,
318,PT02M04.00S,2021-10-30T00:37:47.0Z,2,REGULAR,substitution,in,[],1628389,,,1610612766,59,39,2021-10-30T00:37:57Z,3110000,,,0,,SUB in: B. Adebayo,[1628389],1610612748.0,MIA,,,,Adebayo,B. Adebayo,,,,,,,,,,,,,,,,,,,,,,,,,
319,PT02M04.00S,2021-10-30T00:37:47.0Z,2,REGULAR,substitution,in,[],1629639,,,1610612766,59,39,2021-10-30T00:37:57Z,3120000,,,0,,SUB in: T. Herro,[1629639],1610612748.0,MIA,,,,Herro,T. Herro,,,,,,,,,,,,,,,,,,,,,,,,,
320,PT01M50.00S,2021-10-30T00:38:07.1Z,2,REGULAR,2pt,Layup,"['pointsinthepaint', 'fromturnover']",202330,92.85479632063075,53.92156862745098,1610612766,59,41,2021-10-30T00:38:14Z,3130000,20.0,15.0,1,right,G. Hayward cutting Layup (7 PTS),[202330],1610612766.0,CHA,cutting,,,Hayward,G. Hayward,,,,,2.45,Made,,,,,,,,,,7.0,,,,,,,,,
321,PT01M37.00S,2021-10-30T00:38:22.3Z,2,REGULAR,2pt,Layup,['pointsinthepaint'],202710,7.178055190538765,47.30392156862745,1610612748,61,41,2021-10-30T00:38:54Z,3140000,13.0,15.0,1,left,J. Butler Layup (13 PTS),[202710],1610612748.0,MIA,,,,Butler,J. Butler,,,,,2.02,Made,,,,,,,,,,13.0,,,,,,,,,
322,PT01M37.00S,2021-10-30T00:38:29.3Z,2,REGULAR,foul,personal,['1freethrow'],1626162,,,1610612748,61,41,2021-10-30T00:38:34Z,3150000,,,0,,K. Oubre Jr. shooting personal FOUL (2 PF) (Butler 1 FT),"[1626162, 202710]",1610612766.0,CHA,shooting,,,Oubre Jr.,K. Oubre Jr.,,,,,,,,,,,1626302.0,2.0,0.0,Butler,202710.0,,,,,,,,,,
324,PT01M37.00S,2021-10-30T00:38:53.9Z,2,REGULAR,freethrow,1 of 1,[],202710,,,1610612748,62,41,2021-10-30T00:38:53Z,3170000,,,0,,J. Butler Free Throw 1 of 1 (14 PTS),[202710],1610612748.0,MIA,,,,Butler,J. Butler,,,,,,Made,,,,,,,,,,14.0,,,,,,,,,
325,PT01M26.00S,2021-10-30T00:39:06.3Z,2,REGULAR,2pt,Jump Shot,[],1630163,79.45137976346912,75.98039215686273,1610612766,62,43,2021-10-30T00:43:15Z,3180000,130.0,141.0,1,right,L. Ball 19' pullup Jump Shot (4 PTS),[1630163],1610612766.0,CHA,pullup,,,Ball,L. Ball,,,,,19.15,Made,,,,,,,,,,4.0,,,,,,,,,
326,PT01M14.00S,2021-10-30T00:39:17.2Z,2,REGULAR,2pt,Layup,['pointsinthepaint'],202710,11.12023653088042,50.73529411764706,1610612748,62,43,2021-10-30T00:39:22Z,3190000,-4.0,52.0,1,left,MISS J. Butler driving Layup - blocked,"[202710, 1630163]",1610612748.0,MIA,driving,,,Butler,J. Butler,,,,,5.21,Missed,,,,,,,,,,,,,,Ball,1630163.0,,,,
327,PT01M14.00S,2021-10-30T00:39:17.2Z,2,REGULAR,block,,[],1630163,,,1610612748,62,43,2021-10-30T00:39:19Z,3200000,,,0,,L. Ball BLOCK (1 BLK),[1630163],1610612766.0,CHA,,,,Ball,L. Ball,,,,,,,,,,,,,,,,,,,,,,,,,
328,PT01M12.00S,2021-10-30T00:39:19.2Z,2,REGULAR,rebound,defensive,[],1628998,,,1610612766,62,43,2021-10-30T00:39:22Z,3210000,,,0,,C. Martin REBOUND (Off:0 Def:2),[1628998],1610612766.0,CHA,,,,Martin,C. Martin,,,,,,,326.0,2.0,2.0,0.0,,,,,,,,,,,,,,,
329,PT01M12.00S,2021-10-30T00:39:24.5Z,2,REGULAR,foul,personal,"['inpenalty', '2freethrow']",1629639,,,1610612766,62,43,2021-10-30T00:39:35Z,3220000,,,0,,T. Herro shooting personal FOUL (1 PF) (Martin 2 FT),"[1629639, 1628998]",1610612748.0,MIA,shooting,,,Herro,T. Herro,,,,,,,,,,,101283.0,1.0,0.0,Martin,1628998.0,,,,,,,,,,
331,PT01M12.00S,2021-10-30T00:39:45.6Z,2,REGULAR,freethrow,1 of 2,['fastbreak'],1628998,,,1610612766,62,43,2021-10-30T00:40:04Z,3240000,,,0,,MISS C. Martin Free Throw 1 of 2,[1628998],1610612766.0,CHA,,,,Martin,C. Martin,,,,,,Missed,,,,,,,,,,,,,,,,,,,
332,PT01M12.00S,2021-10-30T00:39:45.6Z,2,REGULAR,rebound,offensive,"['team', 'deadball']",0,,,1610612766,62,43,2021-10-30T00:40:04Z,3250000,,,0,,TEAM offensive REBOUND,[],1610612766.0,CHA,,,,,,,,,,,,331.0,,,,,,,,,,,,,,,,,,
333,PT01M12.00S,2021-10-30T00:39:45.6Z,2,REGULAR,freethrow,2 of 2,['fastbreak'],1628998,,,1610612766,62,44,2021-10-30T00:40:04Z,3260000,,,0,,C. Martin Free Throw 2 of 2 (5 PTS),[1628998],1610612766.0,CHA,,,,Martin,C. Martin,,,,,,Made,,,,,,,,,,5.0,,,,,,,,,
334,PT01M08.00S,2021-10-30T00:40:09.9Z,2,REGULAR,stoppage,out-of-bounds,[],0,,,1610612748,62,44,2021-10-30T00:40:09Z,3270000,,,0,,,[],,,,,,,,,,,,,,,,,,,,,,,,,,,,,,,,
335,PT00M49.70S,2021-10-30T00:40:46.2Z,2,REGULAR,2pt,Layup,['pointsinthepaint'],200782,6.652431011826544,49.754901960784316,1610612748,64,44,2021-10-30T00:40:52Z,3280000,1.0,10.0,1,left,P. Tucker Layup (2 PTS) (T. Herro 4 AST),"[200782, 1629639]",1610612748.0,MIA,,,,Tucker,P. Tucker,,,,,1.01,Made,,,,,,,,,,2.0,T. Herro,1629639.0,4.0,,,,,,
337,PT00M33.20S,2021-10-30T00:41:10.3Z,2,REGULAR,foul,personal,"['inpenalty', '2freethrow']",1629639,,,1610612766,64,44,2021-10-30T00:41:30Z,3300000,,,0,,T. Herro shooting personal FOUL (2 PF) (Bridges 2 FT),"[1629639, 1628970]",1610612748.0,MIA,shooting,,,Herro,T. Herro,,,,,,,,,,,1146.0,2.0,0.0,Bridges,1628970.0,,,,,,,,,,
339,PT00M33.20S,2021-10-30T00:41:34.2Z,2,REGULAR,stoppage,court clean up,[],0,,,1610612766,64,44,2021-10-30T00:41:34Z,3320000,,,0,,,[],,,,,,,,,,,,,,,,,,,,,,,,,,,,,,,,
340,PT00M33.20S,2021-10-30T00:41:38.0Z,2,REGULAR,freethrow,1 of 2,['fastbreak'],1628970,,,1610612766,64,45,2021-10-30T00:42:02Z,3330000,,,0,,M. Bridges Free Throw 1 of 2 (7 PTS),[1628970],1610612766.0,CHA,,,,Bridges,M. Bridges,,,,,,Made,,,,,,,,,,7.0,,,,,,,,,
341,PT00M33.20S,2021-10-30T00:41:38.0Z,2,REGULAR,freethrow,2 of 2,['fastbreak'],1628970,,,1610612766,64,46,2021-10-30T00:42:02Z,3340000,,,0,,M. Bridges Free Throw 2 of 2 (8 PTS),[1628970],1610612766.0,CHA,,,,Bridges,M. Bridges,,,,,,Made,,,,,,,,,,8.0,,,,,,,,,
342,PT00M13.80S,2021-10-30T00:42:18.4Z,2,REGULAR,2pt,Jump Shot,[],200768,7.5722733245729295,84.31372549019608,1610612748,64,46,2021-10-30T00:42:29Z,3350000,-172.0,19.0,1,left,MISS K. Lowry 17' step back bank Shot,[200768],1610612748.0,MIA,step back bank,,,Lowry,K. Lowry,,,,,17.26,Missed,,,,,,,,,,,,,,,,,,,
343,PT00M08.30S,2021-10-30T00:42:23.9Z,2,REGULAR,rebound,defensive,[],1628970,,,1610612766,64,46,2021-10-30T00:42:29Z,3360000,,,0,,M. Bridges REBOUND (Off:0 Def:3),[1628970],1610612766.0,CHA,,,,Bridges,M. Bridges,,,,,,,342.0,3.0,3.0,0.0,,,,,,,,,,,,,,,
344,PT00M06.60S,2021-10-30T00:42:26.5Z,2,REGULAR,foul,offensive,[],1628970,,,1610612766,64,46,2021-10-30T00:42:40Z,3370000,,,0,,M. Bridges charge offensive FOUL (2 PF),"[1628970, 200768]",1610612766.0,CHA,charge,,,Bridges,M. Bridges,,,,,,,,,,,1626302.0,2.0,0.0,Lowry,200768.0,,,,,,,,,,
346,PT00M06.60S,2021-10-30T00:42:26.5Z,2,REGULAR,turnover,offensive foul,[],1628970,,,1610612766,64,46,2021-10-30T00:42:26Z,3390000,,,0,,M. Bridges offensive foul TURNOVER (2 TO),[1628970],1610612766.0,CHA,,,,Bridges,M. Bridges,,,,,,,,,,,1626302.0,,,,,,,,,,,2.0,,,
347,PT00M06.60S,2021-10-30T00:42:38.0Z,2,REGULAR,substitution,out,[],200782,,,1610612748,64,46,2021-10-30T00:42:42Z,3400000,,,0,,SUB out: P. Tucker,[200782],1610612748.0,MIA,,,,Tucker,P. Tucker,,,,,,,,,,,,,,,,,,,,,,,,,
348,PT00M06.60S,2021-10-30T00:42:38.0Z,2,REGULAR,substitution,in,[],1629130,,,1610612748,64,46,2021-10-30T00:42:42Z,3410000,,,0,,SUB in: D. Robinson,[1629130],1610612748.0,MIA,,,,Robinson,D. Robinson,,,,,,,,,,,,,,,,,,,,,,,,,
349,PT00M06.60S,2021-10-30T00:42:44.0Z,2,REGULAR,substitution,out,[],1630163,,,1610612748,64,46,2021-10-30T00:42:50Z,3420000,,,0,,SUB out: L. Ball,[1630163],1610612766.0,CHA,,,,Ball,L. Ball,,,,,,,,,,,,,,,,,,,,,,,,,
350,PT00M06.60S,2021-10-30T00:42:44.0Z,2,REGULAR,substitution,in,[],1629023,,,1610612748,64,46,2021-10-30T00:42:50Z,3430000,,,0,,SUB in: P. Washington,[1629023],1610612766.0,CHA,,,,Washington,P. Washington,,,,,,,,,,,,,,,,,,,,,,,,,
351,PT00M00.40S,2021-10-30T00:43:19.5Z,2,REGULAR,2pt,Layup,"['pointsinthepaint', 'fromturnover']",202710,6.521024967148489,39.46078431372549,1610612748,64,46,2021-10-30T00:43:26Z,3440000,53.0,9.0,1,left,MISS J. Butler Layup - blocked,"[202710, 1629023]",1610612748.0,MIA,,,,Butler,J. Butler,,,,,5.34,Missed,,,,,,,,,,,,,,Washington,1629023.0,,,,
352,PT00M00.40S,2021-10-30T00:43:19.5Z,2,REGULAR,block,,[],1629023,,,1610612748,64,46,2021-10-30T00:45:45Z,3450000,,,0,,P. Washington BLOCK (2 BLK),[1629023],1610612766.0,CHA,,,,Washington,P. Washington,,,,,,,,,,,,,,,,,,,,,,,,,
353,PT00M00.40S,2021-10-30T00:43:19.5Z,2,REGULAR,rebound,offensive,['team'],0,,,1610612748,64,46,2021-10-30T00:43:26Z,3460000,,,0,,TEAM offensive REBOUND,[],1610612748.0,MIA,,,,,,,,,,,,351.0,,,,,,,,,,,,,,,,,,
354,PT00M00.40S,2021-10-30T00:43:25.4Z,2,REGULAR,stoppage,out-of-bounds,[],0,,,1610612748,64,46,2021-10-30T00:43:25Z,3470000,,,0,,,[],,,,,,,,,,,,,,,,,,,,,,,,,,,,,,,,
355,PT00M00.20S,2021-10-30T00:43:27.9Z,2,REGULAR,turnover,bad pass,[],200768,,,1610612748,64,46,2021-10-30T00:43:51Z,3480000,,,0,,K. Lowry bad pass TURNOVER (2 TO),"[200768, 1626162]",1610612748.0,MIA,,,,Lowry,K. Lowry,,,,,,,,,,,,,,,,,,,,,,2.0,Oubre Jr.,1626162.0,
356,PT00M00.20S,2021-10-30T00:43:27.9Z,2,REGULAR,steal,,[],1626162,,,1610612766,64,46,2021-10-30T00:43:31Z,3490000,,,0,,K. Oubre Jr. STEAL (3 STL),[1626162],1610612766.0,CHA,,,,Oubre Jr.,K. Oubre Jr.,,,,,,,,,,,,,,,,,,,,,,,,,
357,PT00M00.00S,2021-10-30T00:43:38.2Z,2,REGULAR,period,end,[],0,,,1610612766,64,46,2021-10-30T00:43:38Z,3500000,,,0,,Period End,[],,,,,,,,,,,,,,,,,,,,,,,,,,,,,,,,
358,PT12M00.00S,2021-10-30T00:58:15.3Z,3,REGULAR,substitution,out,['startperiod'],1629639,,,1610612766,64,46,2021-10-30T00:58:52Z,3510000,,,0,,SUB out: T. Herro,[1629639],1610612748.0,MIA,,,,Herro,T. Herro,,,,,,,,,,,,,,,,,,,,,,,,,
359,PT12M00.00S,2021-10-30T00:58:15.3Z,3,REGULAR,substitution,out,['startperiod'],1628998,,,1610612766,64,46,2021-10-30T00:58:52Z,3520000,,,0,,SUB out: C. Martin,[1628998],1610612766.0,CHA,,,,Martin,C. Martin,,,,,,,,,,,,,,,,,,,,,,,,,
360,PT12M00.00S,2021-10-30T00:58:15.3Z,3,REGULAR,substitution,out,['startperiod'],1629023,,,1610612766,64,46,2021-10-30T00:58:52Z,3530000,,,0,,SUB out: P. Washington,[1629023],1610612766.0,CHA,,,,Washington,P. Washington,,,,,,,,,,,,,,,,,,,,,,,,,
361,PT12M00.00S,2021-10-30T00:58:15.3Z,3,REGULAR,substitution,in,['startperiod'],200782,,,1610612766,64,46,2021-10-30T00:58:52Z,3540000,,,0,,SUB in: P. Tucker,[200782],1610612748.0,MIA,,,,Tucker,P. Tucker,,,,,,,,,,,,,,,,,,,,,,,,,
362,PT12M00.00S,2021-10-30T00:58:15.3Z,3,REGULAR,substitution,in,['startperiod'],203486,,,1610612766,64,46,2021-10-30T00:58:52Z,3550000,,,0,,SUB in: M. Plumlee,[203486],1610612766.0,CHA,,,,Plumlee,M. Plumlee,,,,,,,,,,,,,,,,,,,,,,,,,
363,PT12M00.00S,2021-10-30T00:58:15.3Z,3,REGULAR,substitution,in,['startperiod'],1630163,,,1610612766,64,46,2021-10-30T00:58:52Z,3560000,,,0,,SUB in: L. Ball,[1630163],1610612766.0,CHA,,,,Ball,L. Ball,,,,,,,,,,,,,,,,,,,,,,,,,
364,PT12M00.00S,2021-10-30T00:58:56.7Z,3,REGULAR,period,start,[],0,,,1610612748,64,46,2021-10-30T00:58:56Z,3570000,,,0,,Period Start,[],,,,,,,,,,,,,,,,,,,,,,,,,,,,,,,,
365,PT11M50.00S,2021-10-30T00:59:08.1Z,3,REGULAR,foul,personal,[],1630163,,,1610612748,64,46,2021-10-30T00:59:19Z,3580000,,,0,,L. Ball personal FOUL (2 PF),"[1630163, 200768]",1610612766.0,CHA,,,,Ball,L. Ball,,,,,,,,,,,101283.0,2.0,0.0,Lowry,200768.0,,,,,,,,,,
367,PT11M39.00S,2021-10-30T00:59:35.3Z,3,REGULAR,2pt,Layup,['pointsinthepaint'],1628389,91.80354796320631,47.794117647058826,1610612748,64,46,2021-10-30T01:00:12Z,3600000,-11.0,25.0,1,right,MISS B. Adebayo reverse Layup,[1628389],1610612748.0,MIA,reverse,,,Adebayo,B. Adebayo,,,,,2.69,Missed,,,,,,,,,,,,,,,,,,,
368,PT11M37.00S,2021-10-30T00:59:37.3Z,3,REGULAR,rebound,defensive,[],1626162,,,1610612766,64,46,2021-10-30T00:59:40Z,3610000,,,0,,K. Oubre Jr. REBOUND (Off:1 Def:1),[1626162],1610612766.0,CHA,,,,Oubre Jr.,K. Oubre Jr.,,,,,,,367.0,2.0,1.0,1.0,,,,,,,,,,,,,,,
369,PT11M25.00S,2021-10-30T00:59:49.2Z,3,REGULAR,2pt,Hook,[],1628970,6.652431011826544,31.61764705882353,1610612766,64,46,2021-10-30T00:59:59Z,3620000,92.0,10.0,1,left,MISS M. Bridges 9' turnaround Hook,[1628970],1610612766.0,CHA,turnaround,,,Bridges,M. Bridges,,,,,9.24,Missed,,,,,,,,,,,,,,,,,,,
370,PT11M23.00S,2021-10-30T00:59:51.2Z,3,REGULAR,rebound,offensive,['team'],0,,,1610612766,64,46,2021-10-30T00:59:59Z,3630000,,,0,,TEAM offensive REBOUND,[],1610612766.0,CHA,,,,,,,,,,,,369.0,,,,,,,,,,,,,,,,,,
371,PT11M23.00S,2021-10-30T00:59:54.8Z,3,REGULAR,stoppage,out-of-bounds,[],0,,,1610612766,64,46,2021-10-30T00:59:54Z,3640000,,,0,,,[],,,,,,,,,,,,,,,,,,,,,,,,,,,,,,,,
372,PT11M15.00S,2021-10-30T01:00:13.8Z,3,REGULAR,3pt,Jump Shot,['2ndchance'],1626162,10.85742444152431,97.54901960784314,1610612766,64,46,2021-10-30T01:00:19Z,3650000,-238.0,50.0,1,left,MISS K. Oubre Jr. 24' 3PT,[1626162],1610612766.0,CHA,,,,Oubre Jr.,K. Oubre Jr.,,,,,24.28,Missed,,,,,,,,,,,,,,,,,,,
373,PT11M12.00S,2021-10-30T01:00:16.8Z,3,REGULAR,rebound,defensive,[],1628389,,,1610612748,64,46,2021-10-30T01:00:19Z,3660000,,,0,,B. Adebayo REBOUND (Off:2 Def:5),[1628389],1610612748.0,MIA,,,,Adebayo,B. Adebayo,,,,,,,372.0,7.0,5.0,2.0,,,,,,,,,,,,,,,
374,PT11M00.00S,2021-10-30T01:00:30.3Z,3,REGULAR,turnover,out-of-bounds,[],200782,,,1610612748,64,46,2021-10-30T01:00:41Z,3670000,,,0,,P. Tucker step out-of-bounds TURNOVER (1 TO),[200782],1610612748.0,MIA,step,,,Tucker,P. Tucker,,,,,,,,,,,101283.0,,,,,,,,,,,1.0,,,
375,PT10M44.00S,2021-10-30T01:00:56.1Z,3,REGULAR,turnover,bad pass,[],202330,,,1610612766,64,46,2021-10-30T01:00:59Z,3680000,,,0,,G. Hayward bad pass TURNOVER (1 TO),"[202330, 1628389]",1610612766.0,CHA,,,,Hayward,G. Hayward,,,,,,,,,,,,,,,,,,,,,,1.0,Adebayo,1628389.0,
376,PT10M44.00S,2021-10-30T01:00:56.1Z,3,REGULAR,steal,,[],1628389,,,1610612748,64,46,2021-10-30T01:00:57Z,3690000,,,0,,B. Adebayo STEAL (2 STL),[1628389],1610612748.0,MIA,,,,Adebayo,B. Adebayo,,,,,,,,,,,,,,,,,,,,,,,,,
377,PT10M36.00S,2021-10-30T01:01:03.9Z,3,REGULAR,3pt,Jump Shot,['fromturnover'],200768,67.23061760840999,50.0,1610612748,64,46,2021-10-30T01:01:09Z,3700000,0.0,256.0,1,right,MISS K. Lowry 25' 3PT,[200768],1610612748.0,MIA,,,,Lowry,K. Lowry,,,,,25.55,Missed,,,,,,,,,,,,,,,,,,,
378,PT10M32.00S,2021-10-30T01:01:07.9Z,3,REGULAR,rebound,defensive,[],203486,,,1610612766,64,46,2021-10-30T01:01:09Z,3710000,,,0,,M. Plumlee REBOUND (Off:1 Def:1),[203486],1610612766.0,CHA,,,,Plumlee,M. Plumlee,,,,,,,377.0,2.0,1.0,1.0,,,,,,,,,,,,,,,
379,PT10M25.00S,2021-10-30T01:01:14.6Z,3,REGULAR,2pt,Jump Shot,[],1630163,18.2161629434954,21.813725490196077,1610612766,64,46,2021-10-30T01:02:17Z,3720000,141.0,119.0,1,left,MISS L. Ball 18' pullup Shot,[1630163],1610612766.0,CHA,pullup,,,Ball,L. Ball,,,,,18.42,Missed,,,,,,,,,,,,,,,,,,,
380,PT10M20.00S,2021-10-30T01:01:21.7Z,3,REGULAR,rebound,offensive,[],203486,,,1610612766,64,46,2021-10-30T01:01:21Z,3730000,,,0,,M. Plumlee REBOUND (Off:2 Def:1),[203486],1610612766.0,CHA,,,,Plumlee,M. Plumlee,,,,,,,379.0,3.0,1.0,2.0,,,,,,,,,,,,,,,
381,PT10M20.00S,2021-10-30T01:01:24.3Z,3,REGULAR,foul,personal,['2freethrow'],200768,,,1610612766,64,46,2021-10-30T01:01:33Z,3740000,,,0,,K. Lowry shooting personal FOUL (2 PF) (Ball 2 FT),"[200768, 1630163]",1610612748.0,MIA,shooting,,,Lowry,K. Lowry,,,,,,,,,,,101283.0,2.0,0.0,Ball,1630163.0,,,,,,,,,,
383,PT10M20.00S,2021-10-30T01:01:46.0Z,3,REGULAR,freethrow,1 of 2,['2ndchance'],1630163,,,1610612766,64,47,2021-10-30T01:01:46Z,3760000,,,0,,L. Ball Free Throw 1 of 2 (5 PTS),[1630163],1610612766.0,CHA,,,,Ball,L. Ball,,,,,,Made,,,,,,,,,,5.0,,,,,,,,,
384,PT10M20.00S,2021-10-30T01:02:05.7Z,3,REGULAR,freethrow,2 of 2,['2ndchance'],1630163,,,1610612766,64,48,2021-10-30T01:02:05Z,3770000,,,0,,L. Ball Free Throw 2 of 2 (6 PTS),[1630163],1610612766.0,CHA,,,,Ball,L. Ball,,,,,,Made,,,,,,,,,,6.0,,,,,,,,,
385,PT10M03.00S,2021-10-30T01:02:24.3Z,3,REGULAR,3pt,Jump Shot,[],1629130,67.49342969776609,60.78431372549019,1610612748,67,48,2021-10-30T01:02:31Z,3780000,54.0,253.0,1,right,D. Robinson 25' 3PT  (8 PTS) (J. Butler 4 AST),"[1629130, 202710]",1610612748.0,MIA,,,,Robinson,D. Robinson,,,,,25.88,Made,,,,,,,,,,8.0,J. Butler,202710.0,4.0,,,,,,
387,PT09M54.00S,2021-10-30T01:02:32.6Z,3,REGULAR,3pt,Jump Shot,[],202330,33.85348226018397,49.50980392156863,1610612766,67,51,2021-10-30T01:02:37Z,3800000,2.0,266.0,1,left,G. Hayward 26' 3PT  (10 PTS) (L. Ball 4 AST),"[202330, 1630163]",1610612766.0,CHA,,,,Hayward,G. Hayward,,,,,26.57,Made,,,,,,,,,,10.0,L. Ball,1630163.0,4.0,,,,,,
389,PT09M41.00S,2021-10-30T01:02:45.9Z,3,REGULAR,3pt,Jump Shot,[],200782,94.95729303547962,96.32352941176471,1610612748,67,51,2021-10-30T01:02:53Z,3820000,232.0,-5.0,1,right,MISS P. Tucker 3PT,[200782],1610612748.0,MIA,,,,Tucker,P. Tucker,,,,,23.17,Missed,,,,,,,,,,,,,,,,,,,
390,PT09M37.00S,2021-10-30T01:02:49.9Z,3,REGULAR,rebound,defensive,[],1628970,,,1610612766,67,51,2021-10-30T01:02:53Z,3830000,,,0,,M. Bridges REBOUND (Off:0 Def:4),[1628970],1610612766.0,CHA,,,,Bridges,M. Bridges,,,,,,,389.0,4.0,4.0,0.0,,,,,,,,,,,,,,,
391,PT09M32.00S,2021-10-30T01:02:57.2Z,3,REGULAR,stoppage,out-of-bounds,[],0,,,1610612766,67,51,2021-10-30T01:02:57Z,3840000,,,0,,,[],,,,,,,,,,,,,,,,,,,,,,,,,,,,,,,,
392,PT09M23.00S,2021-10-30T01:03:18.2Z,3,REGULAR,turnover,offensive goaltending,[],1628970,,,1610612766,67,51,2021-10-30T01:03:49Z,3850000,,,0,,M. Bridges offensive goaltending TURNOVER (3 TO),[1628970],1610612766.0,CHA,,,,Bridges,M. Bridges,,,,,,,,,,,1146.0,,,,,,,,,,,3.0,,,
393,PT09M13.00S,2021-10-30T01:03:47.6Z,3,REGULAR,2pt,Jump Shot,['fromturnover'],1628389,76.2976346911958,50.49019607843137,1610612748,67,51,2021-10-30T01:03:55Z,3860000,2.0,170.0,1,right,MISS B. Adebayo 17' Jump Shot,[1628389],1610612748.0,MIA,,,,Adebayo,B. Adebayo,,,,,17.03,Missed,,,,,,,,,,,,,,,,,,,
394,PT09M09.00S,2021-10-30T01:03:50.9Z,3,REGULAR,rebound,defensive,[],1626162,,,1610612766,67,51,2021-10-30T01:03:50Z,3870000,,,0,,K. Oubre Jr. REBOUND (Off:1 Def:2),[1626162],1610612766.0,CHA,,,,Oubre Jr.,K. Oubre Jr.,,,,,,,393.0,3.0,2.0,1.0,,,,,,,,,,,,,,,
395,PT09M05.00S,2021-10-30T01:03:54.5Z,3,REGULAR,3pt,Jump Shot,[],1630163,35.29894875164258,73.2843137254902,1610612766,67,51,2021-10-30T01:04:06Z,3880000,-116.0,279.0,1,left,MISS L. Ball 30' 3PT,[1630163],1610612766.0,CHA,,,,Ball,L. Ball,,,,,30.26,Missed,,,,,,,,,,,,,,,,,,,
396,PT09M02.00S,2021-10-30T01:03:57.5Z,3,REGULAR,rebound,defensive,[],1628389,,,1610612748,67,51,2021-10-30T01:04:06Z,3890000,,,0,,B. Adebayo REBOUND (Off:2 Def:6),[1628389],1610612748.0,MIA,,,,Adebayo,B. Adebayo,,,,,,,395.0,8.0,6.0,2.0,,,,,,,,,,,,,,,
397,PT08M47.00S,2021-10-30T01:04:13.1Z,3,REGULAR,3pt,Jump Shot,[],1629130,79.58278580814718,91.91176470588235,1610612748,67,51,2021-10-30T01:04:22Z,3900000,210.0,139.0,1,right,MISS D. Robinson 25' 3PT,[1629130],1610612748.0,MIA,,,,Robinson,D. Robinson,,,,,25.17,Missed,,,,,,,,,,,,,,,,,,,
398,PT08M38.00S,2021-10-30T01:04:22.1Z,3,REGULAR,rebound,offensive,[],202710,,,1610612748,67,51,2021-10-30T01:04:22Z,3910000,,,0,,J. Butler REBOUND (Off:5 Def:2),[202710],1610612748.0,MIA,,,,Butler,J. Butler,,,,,,,397.0,7.0,2.0,5.0,,,,,,,,,,,,,,,
399,PT08M38.00S,2021-10-30T01:04:21.9Z,3,REGULAR,turnover,bad pass,[],202710,,,1610612748,67,51,2021-10-30T01:04:27Z,3920000,,,0,,J. Butler bad pass TURNOVER (3 TO),"[202710, 1628970]",1610612748.0,MIA,,,,Butler,J. Butler,,,,,,,,,,,,,,,,,,,,,,3.0,Bridges,1628970.0,
400,PT08M38.00S,2021-10-30T01:04:21.9Z,3,REGULAR,steal,,[],1628970,,,1610612766,67,51,2021-10-30T01:04:24Z,3930000,,,0,,M. Bridges STEAL (1 STL),[1628970],1610612766.0,CHA,,,,Bridges,M. Bridges,,,,,,,,,,,,,,,,,,,,,,,,,
401,PT08M34.00S,2021-10-30T01:04:25.4Z,3,REGULAR,3pt,Jump Shot,['fromturnover'],1626162,12.565703022339028,96.56862745098039,1610612766,67,51,2021-10-30T01:04:49Z,3940000,-233.0,66.0,1,left,MISS K. Oubre Jr. 24' 3PT,[1626162],1610612766.0,CHA,,,,Oubre Jr.,K. Oubre Jr.,,,,,24.19,Missed,,,,,,,,,,,,,,,,,,,
402,PT08M33.00S,2021-10-30T01:04:26.4Z,3,REGULAR,rebound,offensive,[],203486,,,1610612766,67,51,2021-10-30T01:04:51Z,3950000,,,0,,M. Plumlee REBOUND (Off:3 Def:1),[203486],1610612766.0,CHA,,,,Plumlee,M. Plumlee,,,,,,,401.0,4.0,1.0,3.0,,,,,,,,,,,,,,,
403,PT08M33.00S,2021-10-30T01:04:37.6Z,3,REGULAR,foul,personal,['2freethrow'],200782,,,1610612766,67,51,2021-10-30T01:04:47Z,3960000,,,0,,P. Tucker shooting personal FOUL (3 PF) (Plumlee 2 FT),"[200782, 203486]",1610612748.0,MIA,shooting,,,Tucker,P. Tucker,,,,,,,,,,,1146.0,3.0,0.0,Plumlee,203486.0,,,,,,,,,,
405,PT08M33.00S,2021-10-30T01:04:56.6Z,3,REGULAR,freethrow,1 of 2,"['fromturnover', '2ndchance']",203486,,,1610612766,67,52,2021-10-30T01:04:56Z,3980000,,,0,,M. Plumlee Free Throw 1 of 2 (1 PTS),[203486],1610612766.0,CHA,,,,Plumlee,M. Plumlee,,,,,,Made,,,,,,,,,,1.0,,,,,,,,,
406,PT08M33.00S,2021-10-30T01:04:56.6Z,3,REGULAR,freethrow,2 of 2,"['fromturnover', '2ndchance']",203486,,,1610612766,67,52,2021-10-30T01:05:14Z,3990000,,,0,,MISS M. Plumlee Free Throw 2 of 2,[203486],1610612766.0,CHA,,,,Plumlee,M. Plumlee,,,,,,Missed,,,,,,,,,,,,,,,,,,,
407,PT08M30.00S,2021-10-30T01:04:59.6Z,3,REGULAR,rebound,defensive,[],1628389,,,1610612748,67,52,2021-10-30T01:05:14Z,4000000,,,0,,B. Adebayo REBOUND (Off:2 Def:7),[1628389],1610612748.0,MIA,,,,Adebayo,B. Adebayo,,,,,,,406.0,9.0,7.0,2.0,,,,,,,,,,,,,,,
408,PT08M18.00S,2021-10-30T01:05:25.6Z,3,REGULAR,3pt,Jump Shot,[],202710,81.02825229960578,6.61764705882353,1610612748,67,52,2021-10-30T01:06:01Z,4010000,-217.0,126.0,1,right,MISS J. Butler 25' pullup 3PT,[202710],1610612748.0,MIA,pullup,,,Butler,J. Butler,,,,,25.07,Missed,,,,,,,,,,,,,,,,,,,
409,PT08M14.00S,2021-10-30T01:05:28.8Z,3,REGULAR,rebound,defensive,[],1630163,,,1610612766,67,52,2021-10-30T01:05:28Z,4020000,,,0,,L. Ball REBOUND (Off:0 Def:3),[1630163],1610612766.0,CHA,,,,Ball,L. Ball,,,,,,,408.0,3.0,3.0,0.0,,,,,,,,,,,,,,,
410,PT08M10.00S,2021-10-30T01:05:33.6Z,3,REGULAR,2pt,Layup,['pointsinthepaint'],1630163,8.229303547963205,36.51960784313725,1610612766,67,52,2021-10-30T01:05:48Z,4030000,67.0,25.0,1,left,MISS L. Ball 7' running Layup - blocked,"[1630163, 202710]",1610612766.0,CHA,running,,,Ball,L. Ball,,,,,7.19,Missed,,,,,,,,,,,,,,Butler,202710.0,,,,
424,PT08M10.00S,2021-10-30T01:05:33.6Z,3,REGULAR,block,,[],202710,,,1610612766,67,52,2021-10-30T01:08:10Z,4035000,,,0,,J. Butler BLOCK (1 BLK),[202710],1610612748.0,MIA,,,,Butler,J. Butler,,,,,,,,,,,,,,,,,,,,,,,,,
411,PT08M10.00S,2021-10-30T01:05:33.6Z,3,REGULAR,rebound,defensive,['team'],0,,,1610612748,67,52,2021-10-30T01:05:48Z,4040000,,,0,,TEAM defensive REBOUND,[],1610612748.0,MIA,,,,,,,,,,,,410.0,,,,,,,,,,,,,,,,,,
412,PT08M10.00S,2021-10-30T01:05:45.7Z,3,REGULAR,foul,personal,[],1628970,,,1610612748,67,52,2021-10-30T01:05:57Z,4050000,,,0,,M. Bridges loose ball personal FOUL (3 PF),"[1628970, 200768]",1610612766.0,CHA,loose ball,,,Bridges,M. Bridges,,,,,,,,,,,1626302.0,3.0,0.0,Lowry,200768.0,,,,,,,,,,
414,PT07M53.00S,2021-10-30T01:06:16.6Z,3,REGULAR,3pt,Jump Shot,[],1629130,65.78515111695138,47.549019607843135,1610612748,67,52,2021-10-30T01:06:24Z,4070000,-12.0,269.0,1,right,MISS D. Robinson 26' 3PT,[1629130],1610612748.0,MIA,,,,Robinson,D. Robinson,,,,,26.94,Missed,,,,,,,,,,,,,,,,,,,
415,PT07M48.00S,2021-10-30T01:06:21.6Z,3,REGULAR,rebound,offensive,[],200782,,,1610612748,67,52,2021-10-30T01:06:24Z,4080000,,,0,,P. Tucker REBOUND (Off:2 Def:2),[200782],1610612748.0,MIA,,,,Tucker,P. Tucker,,,,,,,414.0,4.0,2.0,2.0,,,,,,,,,,,,,,,
416,PT07M45.00S,2021-10-30T01:06:24.8Z,3,REGULAR,3pt,Jump Shot,['2ndchance'],1629130,73.14388961892247,13.970588235294118,1610612748,67,52,2021-10-30T01:06:32Z,4090000,-180.0,200.0,1,right,MISS D. Robinson 26' 3PT,[1629130],1610612748.0,MIA,,,,Robinson,D. Robinson,,,,,26.91,Missed,,,,,,,,,,,,,,,,,,,
417,PT07M42.00S,2021-10-30T01:06:27.8Z,3,REGULAR,rebound,offensive,['team'],0,,,1610612748,67,52,2021-10-30T01:06:32Z,4100000,,,0,,TEAM offensive REBOUND,[],1610612748.0,MIA,,,,,,,,,,,,416.0,,,,,,,,,,,,,,,,,,
418,PT07M42.00S,2021-10-30T01:06:31.2Z,3,REGULAR,stoppage,out-of-bounds,[],0,,,1610612748,67,52,2021-10-30T01:06:31Z,4110000,,,0,,,[],,,,,,,,,,,,,,,,,,,,,,,,,,,,,,,,
419,PT07M42.00S,2021-10-30T01:06:42.4Z,3,REGULAR,stoppage,court clean up,[],0,,,1610612748,67,52,2021-10-30T01:06:42Z,4120000,,,0,,,[],,,,,,,,,,,,,,,,,,,,,,,,,,,,,,,,
420,PT07M31.00S,2021-10-30T01:07:02.8Z,3,REGULAR,foul,personal,['2freethrow'],203486,,,1610612748,67,52,2021-10-30T01:07:16Z,4130000,,,0,,M. Plumlee shooting personal FOUL (1 PF) (Adebayo 2 FT),"[203486, 1628389]",1610612766.0,CHA,shooting,,,Plumlee,M. Plumlee,,,,,,,,,,,1146.0,1.0,0.0,Adebayo,1628389.0,,,,,,,,,,
422,PT07M31.00S,2021-10-30T01:07:40.6Z,3,REGULAR,freethrow,1 of 2,['2ndchance'],1628389,,,1610612748,68,52,2021-10-30T01:07:40Z,4150000,,,0,,B. Adebayo Free Throw 1 of 2 (17 PTS),[1628389],1610612748.0,MIA,,,,Adebayo,B. Adebayo,,,,,,Made,,,,,,,,,,17.0,,,,,,,,,
423,PT07M31.00S,2021-10-30T01:08:00.8Z,3,REGULAR,freethrow,2 of 2,['2ndchance'],1628389,,,1610612748,69,52,2021-10-30T01:08:00Z,4160000,,,0,,B. Adebayo Free Throw 2 of 2 (18 PTS),[1628389],1610612748.0,MIA,,,,Adebayo,B. Adebayo,,,,,,Made,,,,,,,,,,18.0,,,,,,,,,
425,PT07M11.00S,2021-10-30T01:08:21.9Z,3,REGULAR,3pt,Jump Shot,[],1628970,7.178055190538765,96.32352941176471,1610612766,69,55,2021-10-30T01:08:26Z,4170000,-232.0,15.0,1,left,M. Bridges 3PT  (11 PTS) (M. Plumlee 1 AST),"[1628970, 203486]",1610612766.0,CHA,,,,Bridges,M. Bridges,,,,,23.21,Made,,,,,,,,,,11.0,M. Plumlee,203486.0,1.0,,,,,,
427,PT06M55.00S,2021-10-30T01:08:38.4Z,3,REGULAR,3pt,Jump Shot,[],200782,93.38042049934296,2.450980392156863,1610612748,69,55,2021-10-30T01:08:46Z,4190000,-238.0,10.0,1,right,MISS P. Tucker 3PT - blocked,"[200782, 1628970]",1610612748.0,MIA,,,,Tucker,P. Tucker,,,,,23.79,Missed,,,,,,,,,,,,,,Bridges,1628970.0,,,,
428,PT06M55.00S,2021-10-30T01:08:38.4Z,3,REGULAR,block,,[],1628970,,,1610612748,69,55,2021-10-30T01:08:42Z,4200000,,,0,,M. Bridges BLOCK (1 BLK),[1628970],1610612766.0,CHA,,,,Bridges,M. Bridges,,,,,,,,,,,,,,,,,,,,,,,,,
429,PT06M50.00S,2021-10-30T01:08:43.4Z,3,REGULAR,rebound,defensive,[],203486,,,1610612766,69,55,2021-10-30T01:08:46Z,4210000,,,0,,M. Plumlee REBOUND (Off:3 Def:2),[203486],1610612766.0,CHA,,,,Plumlee,M. Plumlee,,,,,,,427.0,5.0,2.0,3.0,,,,,,,,,,,,,,,
430,PT06M34.00S,2021-10-30T01:08:59.5Z,3,REGULAR,3pt,Jump Shot,[],1628970,21.107095926412615,92.40196078431373,1610612766,69,58,2021-10-30T01:09:06Z,4220000,-212.0,146.0,1,left,M. Bridges 25' 3PT step back (14 PTS),[1628970],1610612766.0,CHA,step back,,,Bridges,M. Bridges,,,,,25.74,Made,,,,,,,,,,14.0,,,,,,,,,
431,PT06M06.00S,2021-10-30T01:09:29.8Z,3,REGULAR,2pt,Jump Shot,[],202710,93.77463863337714,28.431372549019606,1610612748,71,58,2021-10-30T01:10:04Z,4230000,-108.0,6.0,1,right,J. Butler 10' Jump Shot (16 PTS) (D. Robinson 1 AST),"[202710, 1629130]",1610612748.0,MIA,,,,Butler,J. Butler,,,,,10.8,Made,,,,,,,,,,16.0,D. Robinson,1629130.0,1.0,,,,,,
433,PT05M53.00S,2021-10-30T01:09:42.0Z,3,REGULAR,2pt,Layup,['pointsinthepaint'],1626162,7.178055190538765,48.77450980392157,1610612766,71,60,2021-10-30T01:09:48Z,4250000,6.0,15.0,1,left,K. Oubre Jr. cutting Layup (15 PTS) (M. Plumlee 2 AST),"[1626162, 203486]",1610612766.0,CHA,cutting,,,Oubre Jr.,K. Oubre Jr.,,,,,1.62,Made,,,,,,,,,,15.0,M. Plumlee,203486.0,2.0,,,,,,
435,PT05M53.00S,2021-10-30T01:09:45.3Z,3,REGULAR,foul,personal,['1freethrow'],1629130,,,1610612766,71,60,2021-10-30T01:09:55Z,4270000,,,0,,D. Robinson shooting personal FOUL (2 PF) (Oubre Jr. 1 FT),"[1629130, 1626162]",1610612748.0,MIA,shooting,,,Robinson,D. Robinson,,,,,,,,,,,1626302.0,2.0,0.0,Oubre Jr.,1626162.0,,,,,,,,,,
437,PT05M53.00S,2021-10-30T01:09:58.3Z,3,REGULAR,timeout,full,"['team', 'mandatory']",0,,,1610612766,71,60,2021-10-30T01:10:04Z,4290000,,,0,,MIA Timeout,[],1610612748.0,MIA,,,,,,,,,,,,,,,,,,,,,,,,,,,,,,
438,PT05M53.00S,2021-10-30T01:11:31.8Z,3,REGULAR,substitution,out,[],200768,,,1610612766,71,60,2021-10-30T01:12:58Z,4300000,,,0,,SUB out: K. Lowry,[200768],1610612748.0,MIA,,,,Lowry,K. Lowry,,,,,,,,,,,,,,,,,,,,,,,,,
439,PT05M53.00S,2021-10-30T01:11:31.8Z,3,REGULAR,substitution,in,[],1629639,,,1610612766,71,60,2021-10-30T01:12:58Z,4310000,,,0,,SUB in: T. Herro,[1629639],1610612748.0,MIA,,,,Herro,T. Herro,,,,,,,,,,,,,,,,,,,,,,,,,
440,PT05M53.00S,2021-10-30T01:13:21.3Z,3,REGULAR,freethrow,1 of 1,[],1626162,,,1610612766,71,60,2021-10-30T01:13:24Z,4320000,,,0,,MISS K. Oubre Jr. Free Throw 1 of 1,[1626162],1610612766.0,CHA,,,,Oubre Jr.,K. Oubre Jr.,,,,,,Missed,,,,,,,,,,,,,,,,,,,
441,PT05M51.00S,2021-10-30T01:13:23.3Z,3,REGULAR,rebound,defensive,[],1628389,,,1610612748,71,60,2021-10-30T01:13:24Z,4330000,,,0,,B. Adebayo REBOUND (Off:2 Def:8),[1628389],1610612748.0,MIA,,,,Adebayo,B. Adebayo,,,,,,,440.0,10.0,8.0,2.0,,,,,,,,,,,,,,,
442,PT05M42.00S,2021-10-30T01:13:34.2Z,3,REGULAR,foul,offensive,[],1628389,,,1610612748,71,60,2021-10-30T01:13:44Z,4340000,,,0,,B. Adebayo off-the-ball offensive FOUL (1 PF),"[1628389, 1626162]",1610612748.0,MIA,off-the-ball,,,Adebayo,B. Adebayo,,,,,,,,,,,1146.0,1.0,0.0,Oubre Jr.,1626162.0,,,,,,,,,,
444,PT05M42.00S,2021-10-30T01:13:34.2Z,3,REGULAR,turnover,offensive foul,[],1628389,,,1610612748,71,60,2021-10-30T01:13:34Z,4360000,,,0,,B. Adebayo offensive foul TURNOVER (4 TO),[1628389],1610612748.0,MIA,,,,Adebayo,B. Adebayo,,,,,,,,,,,1146.0,,,,,,,,,,,4.0,,,
445,PT05M25.00S,2021-10-30T01:14:08.3Z,3,REGULAR,2pt,Layup,"['pointsinthepaint', 'fromturnover']",1626162,8.886333771353483,51.225490196078425,1610612766,71,60,2021-10-30T01:14:12Z,4370000,-6.0,31.0,1,left,MISS K. Oubre Jr. driving Layup,[1626162],1610612766.0,CHA,driving,,,Oubre Jr.,K. Oubre Jr.,,,,,3.16,Missed,,,,,,,,,,,,,,,,,,,
446,PT05M24.00S,2021-10-30T01:14:09.8Z,3,REGULAR,rebound,offensive,[],1626162,,,1610612766,71,60,2021-10-30T01:14:09Z,4380000,,,0,,K. Oubre Jr. REBOUND (Off:2 Def:2),[1626162],1610612766.0,CHA,,,,Oubre Jr.,K. Oubre Jr.,,,,,,,445.0,4.0,2.0,2.0,,,,,,,,,,,,,,,
447,PT05M24.00S,2021-10-30T01:14:12.5Z,3,REGULAR,stoppage,out-of-bounds,[],0,,,1610612766,71,60,2021-10-30T01:14:12Z,4390000,,,0,,,[],,,,,,,,,,,,,,,,,,,,,,,,,,,,,,,,
448,PT05M16.00S,2021-10-30T01:14:31.1Z,3,REGULAR,2pt,Jump Shot,"['pointsinthepaint', 'fromturnover', '2ndchance']",1630163,14.931011826544022,48.28431372549019,1610612766,71,60,2021-10-30T01:14:39Z,4400000,9.0,88.0,1,left,MISS L. Ball 8' driving floating Shot,[1630163],1610612766.0,CHA,driving floating,,,Ball,L. Ball,,,,,8.83,Missed,,,,,,,,,,,,,,,,,,,
449,PT05M13.00S,2021-10-30T01:14:34.1Z,3,REGULAR,rebound,offensive,[],1630163,,,1610612766,71,60,2021-10-30T01:14:34Z,4410000,,,0,,L. Ball REBOUND (Off:1 Def:3),[1630163],1610612766.0,CHA,,,,Ball,L. Ball,,,,,,,448.0,4.0,3.0,1.0,,,,,,,,,,,,,,,
450,PT05M09.00S,2021-10-30T01:14:38.3Z,3,REGULAR,2pt,Jump Shot,"['pointsinthepaint', 'fromturnover', '2ndchance']",1630163,17.95335085413929,43.627450980392155,1610612766,71,60,2021-10-30T01:14:41Z,4420000,32.0,116.0,1,left,MISS L. Ball 12' floating Shot,[1630163],1610612766.0,CHA,floating,,,Ball,L. Ball,,,,,12.06,Missed,,,,,,,,,,,,,,,,,,,
451,PT05M06.00S,2021-10-30T01:14:41.3Z,3,REGULAR,rebound,defensive,[],202710,,,1610612748,71,60,2021-10-30T01:16:37Z,4430000,,,0,,J. Butler REBOUND (Off:5 Def:3),[202710],1610612748.0,MIA,,,,Butler,J. Butler,,,,,,,450.0,8.0,3.0,5.0,,,,,,,,,,,,,,,
452,PT05M01.00S,2021-10-30T01:14:46.5Z,3,REGULAR,2pt,Layup,"['fastbreak', 'pointsinthepaint']",202710,92.59198423127464,51.470588235294116,1610612748,73,60,2021-10-30T01:15:25Z,4440000,7.0,17.0,1,right,J. Butler running Layup (18 PTS),[202710],1610612748.0,MIA,running,,,Butler,J. Butler,,,,,1.86,Made,,,,,,,,,,18.0,,,,,,,,,
453,PT04M36.00S,2021-10-30T01:15:11.4Z,3,REGULAR,2pt,Jump Shot,['pointsinthepaint'],1628970,6.389618922470433,38.23529411764706,1610612766,73,60,2021-10-30T01:15:40Z,4450000,59.0,8.0,1,left,MISS M. Bridges Jump Shot,[1628970],1610612766.0,CHA,,,,Bridges,M. Bridges,,,,,5.93,Missed,,,,,,,,,,,,,,,,,,,
454,PT04M34.00S,2021-10-30T01:15:13.4Z,3,REGULAR,rebound,defensive,[],1629639,,,1610612748,73,60,2021-10-30T01:15:23Z,4460000,,,0,,T. Herro REBOUND (Off:0 Def:3),[1629639],1610612748.0,MIA,,,,Herro,T. Herro,,,,,,,453.0,3.0,3.0,0.0,,,,,,,,,,,,,,,
455,PT04M19.00S,2021-10-30T01:15:28.8Z,3,REGULAR,3pt,Jump Shot,[],1629639,88.91261498028909,3.9215686274509802,1610612748,73,60,2021-10-30T01:15:36Z,4470000,-230.0,52.0,1,right,MISS T. Herro 3PT,[1629639],1610612748.0,MIA,,,,Herro,T. Herro,,,,,23.61,Missed,,,,,,,,,,,,,,,,,,,
456,PT04M15.00S,2021-10-30T01:15:32.8Z,3,REGULAR,rebound,offensive,[],200782,,,1610612748,73,60,2021-10-30T01:15:36Z,4480000,,,0,,P. Tucker REBOUND (Off:3 Def:2),[200782],1610612748.0,MIA,,,,Tucker,P. Tucker,,,,,,,455.0,5.0,2.0,3.0,,,,,,,,,,,,,,,
457,PT04M07.00S,2021-10-30T01:15:40.6Z,3,REGULAR,3pt,Jump Shot,['2ndchance'],1629639,73.14388961892247,12.009803921568627,1610612748,76,60,2021-10-30T01:15:45Z,4490000,-190.0,200.0,1,right,T. Herro 27' 3PT  (21 PTS),[1629639],1610612748.0,MIA,,,,Herro,T. Herro,,,,,27.58,Made,,,,,,,,,,21.0,,,,,,,,,
458,PT04M05.00S,2021-10-30T01:15:46.9Z,3,REGULAR,timeout,full,"['team', 'mandatory']",0,,,1610612766,76,60,2021-10-30T01:15:47Z,4500000,,,0,,CHA Timeout,[],1610612766.0,CHA,,,,,,,,,,,,,,,,,,,,,,,,,,,,,,
459,PT04M05.00S,2021-10-30T01:18:03.1Z,3,REGULAR,substitution,out,[],1628389,,,1610612766,76,60,2021-10-30T01:18:54Z,4510000,,,0,,SUB out: B. Adebayo,[1628389],1610612748.0,MIA,,,,Adebayo,B. Adebayo,,,,,,,,,,,,,,,,,,,,,,,,,
460,PT04M05.00S,2021-10-30T01:18:03.1Z,3,REGULAR,substitution,out,[],1630163,,,1610612766,76,60,2021-10-30T01:18:54Z,4520000,,,0,,SUB out: L. Ball,[1630163],1610612766.0,CHA,,,,Ball,L. Ball,,,,,,,,,,,,,,,,,,,,,,,,,
461,PT04M05.00S,2021-10-30T01:18:03.1Z,3,REGULAR,substitution,out,[],1626162,,,1610612766,76,60,2021-10-30T01:18:54Z,4530000,,,0,,SUB out: K. Oubre Jr.,[1626162],1610612766.0,CHA,,,,Oubre Jr.,K. Oubre Jr.,,,,,,,,,,,,,,,,,,,,,,,,,
462,PT04M05.00S,2021-10-30T01:18:03.1Z,3,REGULAR,substitution,out,[],203486,,,1610612766,76,60,2021-10-30T01:18:54Z,4540000,,,0,,SUB out: M. Plumlee,[203486],1610612766.0,CHA,,,,Plumlee,M. Plumlee,,,,,,,,,,,,,,,,,,,,,,,,,
463,PT04M05.00S,2021-10-30T01:18:03.1Z,3,REGULAR,substitution,in,[],203473,,,1610612766,76,60,2021-10-30T01:18:54Z,4550000,,,0,,SUB in: D. Dedmon,[203473],1610612748.0,MIA,,,,Dedmon,D. Dedmon,,,,,,,,,,,,,,,,,,,,,,,,,
464,PT04M05.00S,2021-10-30T01:18:03.1Z,3,REGULAR,substitution,in,[],202397,,,1610612766,76,60,2021-10-30T01:18:54Z,4560000,,,0,,SUB in: I. Smith,[202397],1610612766.0,CHA,,,,Smith,I. Smith,,,,,,,,,,,,,,,,,,,,,,,,,
465,PT04M05.00S,2021-10-30T01:18:03.1Z,3,REGULAR,substitution,in,[],1629023,,,1610612766,76,60,2021-10-30T01:18:54Z,4570000,,,0,,SUB in: P. Washington,[1629023],1610612766.0,CHA,,,,Washington,P. Washington,,,,,,,,,,,,,,,,,,,,,,,,,
466,PT04M05.00S,2021-10-30T01:18:03.1Z,3,REGULAR,substitution,in,[],1628998,,,1610612766,76,60,2021-10-30T01:18:54Z,4580000,,,0,,SUB in: C. Martin,[1628998],1610612766.0,CHA,,,,Martin,C. Martin,,,,,,,,,,,,,,,,,,,,,,,,,
467,PT03M49.00S,2021-10-30T01:19:21.8Z,3,REGULAR,3pt,Jump Shot,[],202330,32.802233902759525,42.64705882352941,1610612766,76,63,2021-10-30T01:19:27Z,4590000,37.0,256.0,1,left,G. Hayward 25' 3PT  (13 PTS) (M. Bridges 1 AST),"[202330, 1628970]",1610612766.0,CHA,,,,Hayward,G. Hayward,,,,,25.84,Made,,,,,,,,,,13.0,M. Bridges,1628970.0,1.0,,,,,,
469,PT03M28.00S,2021-10-30T01:19:46.3Z,3,REGULAR,foul,personal,['2freethrow'],202397,,,1610612748,76,63,2021-10-30T01:19:56Z,4610000,,,0,,I. Smith shooting personal FOUL (2 PF) (Butler 2 FT),"[202397, 202710]",1610612766.0,CHA,shooting,,,Smith,I. Smith,,,,,,,,,,,1626302.0,2.0,0.0,Butler,202710.0,,,,,,,,,,
471,PT03M28.00S,2021-10-30T01:20:14.8Z,3,REGULAR,freethrow,1 of 2,[],202710,,,1610612748,77,63,2021-10-30T01:20:14Z,4630000,,,0,,J. Butler Free Throw 1 of 2 (19 PTS),[202710],1610612748.0,MIA,,,,Butler,J. Butler,,,,,,Made,,,,,,,,,,19.0,,,,,,,,,
472,PT03M28.00S,2021-10-30T01:20:15.4Z,3,REGULAR,substitution,out,[],200782,,,1610612748,77,63,2021-10-30T01:20:18Z,4640000,,,0,,SUB out: P. Tucker,[200782],1610612748.0,MIA,,,,Tucker,P. Tucker,,,,,,,,,,,,,,,,,,,,,,,,,
473,PT03M28.00S,2021-10-30T01:20:15.4Z,3,REGULAR,substitution,in,[],202693,,,1610612748,77,63,2021-10-30T01:20:18Z,4650000,,,0,,SUB in: M. Morris,[202693],1610612748.0,MIA,,,,Morris,M. Morris,,,,,,,,,,,,,,,,,,,,,,,,,
474,PT03M28.00S,2021-10-30T01:20:28.8Z,3,REGULAR,freethrow,2 of 2,[],202710,,,1610612748,78,63,2021-10-30T01:20:28Z,4660000,,,0,,J. Butler Free Throw 2 of 2 (20 PTS),[202710],1610612748.0,MIA,,,,Butler,J. Butler,,,,,,Made,,,,,,,,,,20.0,,,,,,,,,
475,PT03M17.00S,2021-10-30T01:20:41.8Z,3,REGULAR,3pt,Jump Shot,[],202330,32.013797634691194,59.31372549019608,1610612766,78,66,2021-10-30T01:20:48Z,4670000,-47.0,248.0,1,left,G. Hayward 25' 3PT  (16 PTS) (I. Smith 2 AST),"[202330, 202397]",1610612766.0,CHA,,,,Hayward,G. Hayward,,,,,25.27,Made,,,,,,,,,,16.0,I. Smith,202397.0,2.0,,,,,,
477,PT02M49.00S,2021-10-30T01:21:09.1Z,3,REGULAR,2pt,Jump Shot,['pointsinthepaint'],202710,87.86136662286465,63.48039215686274,1610612748,80,66,2021-10-30T01:21:47Z,4690000,67.0,62.0,1,right,J. Butler 9' fadeaway Jump Shot (22 PTS),[202710],1610612748.0,MIA,fadeaway,,,Butler,J. Butler,,,,,9.13,Made,,,,,,,,,,22.0,,,,,,,,,
478,PT02M42.00S,2021-10-30T01:21:23.1Z,3,REGULAR,foul,offensive,[],202397,,,1610612766,80,66,2021-10-30T01:21:33Z,4700000,,,0,,I. Smith off-the-ball offensive FOUL (3 PF),"[202397, 202710]",1610612766.0,CHA,off-the-ball,,,Smith,I. Smith,,,,,,,,,,,101283.0,3.0,0.0,Butler,202710.0,,,,,,,,,,
480,PT02M42.00S,2021-10-30T01:21:23.1Z,3,REGULAR,turnover,offensive foul,[],202397,,,1610612766,80,66,2021-10-30T01:21:23Z,4720000,,,0,,I. Smith offensive foul TURNOVER (1 TO),[202397],1610612766.0,CHA,,,,Smith,I. Smith,,,,,,,,,,,101283.0,,,,,,,,,,,1.0,,,
481,PT02M42.00S,2021-10-30T01:21:36.0Z,3,REGULAR,stoppage,court clean up,[],0,,,1610612748,80,66,2021-10-30T01:21:36Z,4730000,,,0,,,[],,,,,,,,,,,,,,,,,,,,,,,,,,,,,,,,
482,PT02M30.00S,2021-10-30T01:21:53.8Z,3,REGULAR,foul,offensive,[],202710,,,1610612748,80,66,2021-10-30T01:22:17Z,4740000,,,0,,J. Butler off-the-ball offensive FOUL (3 PF),"[202710, 202397]",1610612748.0,MIA,off-the-ball,,,Butler,J. Butler,,,,,,,,,,,1626302.0,3.0,0.0,Smith,202397.0,,,,,,,,,,
484,PT02M30.00S,2021-10-30T01:21:53.8Z,3,REGULAR,turnover,offensive foul,[],202710,,,1610612748,80,66,2021-10-30T01:21:53Z,4760000,,,0,,J. Butler offensive foul TURNOVER (4 TO),[202710],1610612748.0,MIA,,,,Butler,J. Butler,,,,,,,,,,,1626302.0,,,,,,,,,,,4.0,,,
485,PT02M14.00S,2021-10-30T01:22:19.4Z,3,REGULAR,3pt,Jump Shot,['fromturnover'],1628998,15.982260183968464,98.52941176470588,1610612766,80,69,2021-10-30T01:22:26Z,4770000,-243.0,98.0,1,left,C. Martin 26' 3PT  (8 PTS) (G. Hayward 3 AST),"[1628998, 202330]",1610612766.0,CHA,,,,Martin,C. Martin,,,,,26.15,Made,,,,,,,,,,8.0,G. Hayward,202330.0,3.0,,,,,,
487,PT01M44.00S,2021-10-30T01:22:49.5Z,3,REGULAR,3pt,Jump Shot,[],1629130,95.48291721419186,2.696078431372549,1610612748,80,69,2021-10-30T01:22:55Z,4790000,-237.0,-10.0,1,right,MISS D. Robinson 3PT,[1629130],1610612748.0,MIA,,,,Robinson,D. Robinson,,,,,23.67,Missed,,,,,,,,,,,,,,,,,,,
488,PT01M40.00S,2021-10-30T01:22:53.5Z,3,REGULAR,rebound,defensive,[],1629023,,,1610612766,80,69,2021-10-30T01:22:55Z,4800000,,,0,,P. Washington REBOUND (Off:1 Def:3),[1629023],1610612766.0,CHA,,,,Washington,P. Washington,,,,,,,487.0,4.0,3.0,1.0,,,,,,,,,,,,,,,
489,PT01M39.00S,2021-10-30T01:22:54.6Z,3,REGULAR,turnover,lost ball,[],1629023,,,1610612766,80,69,2021-10-30T01:22:59Z,4810000,,,0,,P. Washington lost ball TURNOVER (3 TO),"[1629023, 1629130]",1610612766.0,CHA,,,,Washington,P. Washington,,,,,,,,,,,,,,,,,,,,,,3.0,Robinson,1629130.0,
490,PT01M39.00S,2021-10-30T01:22:54.6Z,3,REGULAR,steal,,[],1629130,,,1610612748,80,69,2021-10-30T01:22:57Z,4820000,,,0,,D. Robinson STEAL (1 STL),[1629130],1610612748.0,MIA,,,,Robinson,D. Robinson,,,,,,,,,,,,,,,,,,,,,,,,,
491,PT01M35.00S,2021-10-30T01:22:58.1Z,3,REGULAR,2pt,Layup,"['pointsinthepaint', 'fromturnover']",1629130,93.11760840998686,50.49019607843137,1610612748,82,69,2021-10-30T01:23:04Z,4830000,2.0,12.0,1,right,D. Robinson Layup (10 PTS) (D. Dedmon 1 AST),"[1629130, 203473]",1610612748.0,MIA,,,,Robinson,D. Robinson,,,,,1.25,Made,,,,,,,,,,10.0,D. Dedmon,203473.0,1.0,,,,,,
493,PT01M26.00S,2021-10-30T01:23:07.5Z,3,REGULAR,2pt,Layup,['pointsinthepaint'],202397,5.732588699080158,45.83333333333333,1610612766,82,69,2021-10-30T01:23:16Z,4850000,21.0,1.0,1,left,MISS I. Smith driving Layup,[202397],1610612766.0,CHA,driving,,,Smith,I. Smith,,,,,2.08,Missed,,,,,,,,,,,,,,,,,,,
494,PT01M24.00S,2021-10-30T01:23:10.3Z,3,REGULAR,rebound,offensive,[],1629023,,,1610612766,82,69,2021-10-30T01:23:10Z,4860000,,,0,,P. Washington REBOUND (Off:2 Def:3),[1629023],1610612766.0,CHA,,,,Washington,P. Washington,,,,,,,493.0,5.0,3.0,2.0,,,,,,,,,,,,,,,
495,PT01M20.00S,2021-10-30T01:23:13.9Z,3,REGULAR,2pt,Layup,"['pointsinthepaint', '2ndchance']",1628998,6.915243101182654,51.71568627450981,1610612766,82,71,2021-10-30T01:23:19Z,4870000,-9.0,13.0,1,left,C. Martin driving Layup (10 PTS),[1628998],1610612766.0,CHA,driving,,,Martin,C. Martin,,,,,1.52,Made,,,,,,,,,,10.0,,,,,,,,,
496,PT01M09.00S,2021-10-30T01:23:23.6Z,3,REGULAR,3pt,Jump Shot,[],1629130,66.44218134034165,40.931372549019606,1610612748,82,71,2021-10-30T01:23:28Z,4880000,-45.0,263.0,1,right,MISS D. Robinson 26' 3PT,[1629130],1610612748.0,MIA,,,,Robinson,D. Robinson,,,,,26.68,Missed,,,,,,,,,,,,,,,,,,,
497,PT01M06.00S,2021-10-30T01:23:26.6Z,3,REGULAR,rebound,defensive,[],1628970,,,1610612766,82,71,2021-10-30T01:23:28Z,4890000,,,0,,M. Bridges REBOUND (Off:0 Def:5),[1628970],1610612766.0,CHA,,,,Bridges,M. Bridges,,,,,,,496.0,5.0,5.0,0.0,,,,,,,,,,,,,,,
498,PT00M59.20S,2021-10-30T01:23:35.4Z,3,REGULAR,2pt,Jump Shot,[],202330,22.158344283837057,55.63725490196079,1610612766,82,71,2021-10-30T01:23:39Z,4900000,-28.0,156.0,1,left,MISS G. Hayward 15' turnaround fadeaway Shot,[202330],1610612766.0,CHA,turnaround fadeaway,,,Hayward,G. Hayward,,,,,15.83,Missed,,,,,,,,,,,,,,,,,,,
499,PT00M55.60S,2021-10-30T01:23:38.9Z,3,REGULAR,rebound,defensive,[],1629639,,,1610612748,82,71,2021-10-30T01:23:38Z,4910000,,,0,,T. Herro REBOUND (Off:0 Def:4),[1629639],1610612748.0,MIA,,,,Herro,T. Herro,,,,,,,498.0,4.0,4.0,0.0,,,,,,,,,,,,,,,
500,PT00M48.00S,2021-10-30T01:23:48.3Z,3,REGULAR,2pt,Jump Shot,['pointsinthepaint'],202710,92.59198423127464,43.13725490196079,1610612748,84,71,2021-10-30T01:23:55Z,4920000,-34.0,17.0,1,right,J. Butler bank Jump Shot (24 PTS) (T. Herro 5 AST),"[202710, 1629639]",1610612748.0,MIA,bank,,,Butler,J. Butler,,,,,3.83,Made,,,,,,,,,,24.0,T. Herro,1629639.0,5.0,,,,,,
502,PT00M45.00S,2021-10-30T01:23:52.8Z,3,REGULAR,2pt,DUNK,['pointsinthepaint'],1628970,5.601182654402102,47.794117647058826,1610612766,84,73,2021-10-30T01:23:59Z,4940000,11.0,0.0,1,left,M. Bridges alley-oop DUNK (16 PTS) (I. Smith 3 AST),"[1628970, 202397]",1610612766.0,CHA,alley-oop,,,Bridges,M. Bridges,,,,,1.1,Made,,,,,,,,,,16.0,I. Smith,202397.0,3.0,,,,,,
504,PT00M30.70S,2021-10-30T01:24:11.5Z,3,REGULAR,turnover,bad pass,[],1629639,,,1610612748,84,73,2021-10-30T01:24:15Z,4960000,,,0,,T. Herro bad pass TURNOVER (1 TO),"[1629639, 1628970]",1610612748.0,MIA,,,,Herro,T. Herro,,,,,,,,,,,,,,,,,,,,,,1.0,Bridges,1628970.0,
505,PT00M30.70S,2021-10-30T01:24:11.5Z,3,REGULAR,steal,,[],1628970,,,1610612766,84,73,2021-10-30T01:24:13Z,4970000,,,0,,M. Bridges STEAL (2 STL),[1628970],1610612766.0,CHA,,,,Bridges,M. Bridges,,,,,,,,,,,,,,,,,,,,,,,,,
506,PT00M27.30S,2021-10-30T01:24:15.0Z,3,REGULAR,2pt,DUNK,"['pointsinthepaint', 'fromturnover', 'fastbreak']",1628998,6.783837056504599,47.794117647058826,1610612766,84,75,2021-10-30T01:24:20Z,4980000,11.0,11.0,1,left,C. Martin running DUNK (12 PTS) (G. Hayward 4 AST),"[1628998, 202330]",1610612766.0,CHA,running,,,Martin,C. Martin,,,,,1.58,Made,,,,,,,,,,12.0,G. Hayward,202330.0,4.0,,,,,,
508,PT00M11.00S,2021-10-30T01:24:35.5Z,3,REGULAR,2pt,Jump Shot,[],202693,93.11760840998686,80.88235294117648,1610612748,84,75,2021-10-30T01:24:46Z,5000000,154.0,12.0,1,right,MISS M. Morris 15' pullup Shot,[202693],1610612748.0,MIA,pullup,,,Morris,M. Morris,,,,,15.49,Missed,,,,,,,,,,,,,,,,,,,
509,PT00M08.90S,2021-10-30T01:24:40.3Z,3,REGULAR,rebound,defensive,['team'],0,,,1610612766,84,75,2021-10-30T01:24:40Z,5010000,,,0,,TEAM defensive REBOUND,[],1610612766.0,CHA,,,,,,,,,,,,508.0,,,,,,,,,,,,,,,,,,
510,PT00M08.90S,2021-10-30T01:24:41.5Z,3,REGULAR,stoppage,out-of-bounds,[],0,,,1610612766,84,75,2021-10-30T01:24:41Z,5020000,,,0,,,[],,,,,,,,,,,,,,,,,,,,,,,,,,,,,,,,
511,PT00M08.90S,2021-10-30T01:24:42.2Z,3,REGULAR,substitution,out,[],1629130,,,1610612766,84,75,2021-10-30T01:24:46Z,5030000,,,0,,SUB out: D. Robinson,[1629130],1610612748.0,MIA,,,,Robinson,D. Robinson,,,,,,,,,,,,,,,,,,,,,,,,,
512,PT00M08.90S,2021-10-30T01:24:42.2Z,3,REGULAR,substitution,in,[],1629622,,,1610612766,84,75,2021-10-30T01:24:46Z,5040000,,,0,,SUB in: M. Strus,[1629622],1610612748.0,MIA,,,,Strus,M. Strus,,,,,,,,,,,,,,,,,,,,,,,,,
513,PT00M01.20S,2021-10-30T01:25:05.0Z,3,REGULAR,2pt,Jump Shot,['pointsinthepaint'],202397,13.61695137976347,51.225490196078425,1610612766,84,75,2021-10-30T01:25:48Z,5050000,-6.0,75.0,1,left,MISS I. Smith 7' driving floating Shot,[202397],1610612766.0,CHA,driving floating,,,Smith,I. Smith,,,,,7.57,Missed,,,,,,,,,,,,,,,,,,,
514,PT00M00.70S,2021-10-30T01:25:05.5Z,3,REGULAR,rebound,defensive,[],203473,,,1610612748,84,75,2021-10-30T01:25:48Z,5060000,,,0,,D. Dedmon REBOUND (Off:1 Def:5),[203473],1610612748.0,MIA,,,,Dedmon,D. Dedmon,,,,,,,513.0,6.0,5.0,1.0,,,,,,,,,,,,,,,
515,PT00M00.00S,2021-10-30T01:25:10.6Z,3,REGULAR,period,end,[],0,,,1610612748,84,75,2021-10-30T01:25:10Z,5070000,,,0,,Period End,[],,,,,,,,,,,,,,,,,,,,,,,,,,,,,,,,
516,PT12M00.00S,2021-10-30T01:27:10.2Z,4,REGULAR,substitution,out,['startperiod'],203473,,,1610612748,84,75,2021-10-30T01:28:12Z,5080000,,,0,,SUB out: D. Dedmon,[203473],1610612748.0,MIA,,,,Dedmon,D. Dedmon,,,,,,,,,,,,,,,,,,,,,,,,,
517,PT12M00.00S,2021-10-30T01:27:10.2Z,4,REGULAR,substitution,out,['startperiod'],202710,,,1610612748,84,75,2021-10-30T01:28:12Z,5090000,,,0,,SUB out: J. Butler,[202710],1610612748.0,MIA,,,,Butler,J. Butler,,,,,,,,,,,,,,,,,,,,,,,,,
518,PT12M00.00S,2021-10-30T01:27:10.2Z,4,REGULAR,substitution,out,['startperiod'],1628970,,,1610612748,84,75,2021-10-30T01:28:12Z,5100000,,,0,,SUB out: M. Bridges,[1628970],1610612766.0,CHA,,,,Bridges,M. Bridges,,,,,,,,,,,,,,,,,,,,,,,,,
519,PT12M00.00S,2021-10-30T01:27:10.2Z,4,REGULAR,substitution,out,['startperiod'],202330,,,1610612748,84,75,2021-10-30T01:28:12Z,5110000,,,0,,SUB out: G. Hayward,[202330],1610612766.0,CHA,,,,Hayward,G. Hayward,,,,,,,,,,,,,,,,,,,,,,,,,
520,PT12M00.00S,2021-10-30T01:27:10.2Z,4,REGULAR,substitution,in,['startperiod'],200768,,,1610612748,84,75,2021-10-30T01:28:12Z,5120000,,,0,,SUB in: K. Lowry,[200768],1610612748.0,MIA,,,,Lowry,K. Lowry,,,,,,,,,,,,,,,,,,,,,,,,,
521,PT12M00.00S,2021-10-30T01:27:10.2Z,4,REGULAR,substitution,in,['startperiod'],1628389,,,1610612748,84,75,2021-10-30T01:28:12Z,5130000,,,0,,SUB in: B. Adebayo,[1628389],1610612748.0,MIA,,,,Adebayo,B. Adebayo,,,,,,,,,,,,,,,,,,,,,,,,,
522,PT12M00.00S,2021-10-30T01:27:10.2Z,4,REGULAR,substitution,in,['startperiod'],1626162,,,1610612748,84,75,2021-10-30T01:28:12Z,5140000,,,0,,SUB in: K. Oubre Jr.,[1626162],1610612766.0,CHA,,,,Oubre Jr.,K. Oubre Jr.,,,,,,,,,,,,,,,,,,,,,,,,,
523,PT12M00.00S,2021-10-30T01:27:10.2Z,4,REGULAR,substitution,in,['startperiod'],1629667,,,1610612748,84,75,2021-10-30T01:28:12Z,5150000,,,0,,SUB in: J. McDaniels,[1629667],1610612766.0,CHA,,,,McDaniels,J. McDaniels,,,,,,,,,,,,,,,,,,,,,,,,,
524,PT12M00.00S,2021-10-30T01:28:44.7Z,4,REGULAR,period,start,[],0,,,1610612766,84,75,2021-10-30T01:28:44Z,5160000,,,0,,Period Start,[],,,,,,,,,,,,,,,,,,,,,,,,,,,,,,,,
525,PT11M44.00S,2021-10-30T01:29:00.0Z,4,REGULAR,2pt,Jump Shot,['pointsinthepaint'],202397,18.2161629434954,59.31372549019608,1610612766,84,75,2021-10-30T01:29:06Z,5170000,-47.0,119.0,1,left,MISS I. Smith 12' pullup Shot,[202397],1610612766.0,CHA,pullup,,,Smith,I. Smith,,,,,12.75,Missed,,,,,,,,,,,,,,,,,,,
526,PT11M40.00S,2021-10-30T01:29:04.0Z,4,REGULAR,rebound,defensive,[],1628389,,,1610612748,84,75,2021-10-30T01:29:06Z,5180000,,,0,,B. Adebayo REBOUND (Off:2 Def:9),[1628389],1610612748.0,MIA,,,,Adebayo,B. Adebayo,,,,,,,525.0,11.0,9.0,2.0,,,,,,,,,,,,,,,
527,PT11M25.00S,2021-10-30T01:29:19.3Z,4,REGULAR,2pt,Jump Shot,[],200768,84.97043363994744,75.24509803921569,1610612748,84,75,2021-10-30T01:29:27Z,5190000,126.0,89.0,1,right,MISS K. Lowry 15' turnaround Shot,[200768],1610612748.0,MIA,turnaround,,,Lowry,K. Lowry,,,,,15.43,Missed,,,,,,,,,,,,,,,,,,,
528,PT11M21.00S,2021-10-30T01:29:23.3Z,4,REGULAR,rebound,defensive,[],1628998,,,1610612766,84,75,2021-10-30T01:29:27Z,5200000,,,0,,C. Martin REBOUND (Off:0 Def:3),[1628998],1610612766.0,CHA,,,,Martin,C. Martin,,,,,,,527.0,3.0,3.0,0.0,,,,,,,,,,,,,,,
529,PT11M06.00S,2021-10-30T01:29:37.9Z,4,REGULAR,3pt,Jump Shot,[],1628998,5.206964520367937,4.6568627450980395,1610612766,84,78,2021-10-30T01:29:45Z,5210000,227.0,-4.0,1,left,C. Martin 3PT  (15 PTS) (K. Oubre Jr. 1 AST),"[1628998, 1626162]",1610612766.0,CHA,,,,Martin,C. Martin,,,,,22.67,Made,,,,,,,,,,15.0,K. Oubre Jr.,1626162.0,1.0,,,,,,
531,PT10M40.00S,2021-10-30T01:30:04.2Z,4,REGULAR,2pt,Jump Shot,['pointsinthepaint'],1629639,83.919185282523,52.20588235294118,1610612748,84,78,2021-10-30T01:30:11Z,5230000,11.0,99.0,1,right,MISS T. Herro 9' pullup Shot,[1629639],1610612748.0,MIA,pullup,,,Herro,T. Herro,,,,,9.93,Missed,,,,,,,,,,,,,,,,,,,
532,PT10M35.00S,2021-10-30T01:30:08.3Z,4,REGULAR,rebound,defensive,[],1629667,,,1610612766,84,78,2021-10-30T01:30:08Z,5240000,,,0,,J. McDaniels REBOUND (Off:0 Def:1),[1629667],1610612766.0,CHA,,,,McDaniels,J. McDaniels,,,,,,,531.0,1.0,1.0,0.0,,,,,,,,,,,,,,,
533,PT10M33.00S,2021-10-30T01:30:10.4Z,4,REGULAR,3pt,Jump Shot,[],1628998,6.258212877792378,3.1862745098039214,1610612766,84,78,2021-10-30T01:30:16Z,5250000,234.0,6.0,1,left,MISS C. Martin 3PT,[1628998],1610612766.0,CHA,,,,Martin,C. Martin,,,,,23.42,Missed,,,,,,,,,,,,,,,,,,,
534,PT10M29.00S,2021-10-30T01:30:14.4Z,4,REGULAR,rebound,defensive,[],200768,,,1610612748,84,78,2021-10-30T01:30:16Z,5260000,,,0,,K. Lowry REBOUND (Off:0 Def:5),[200768],1610612748.0,MIA,,,,Lowry,K. Lowry,,,,,,,533.0,5.0,5.0,0.0,,,,,,,,,,,,,,,
535,PT10M24.00S,2021-10-30T01:30:24.6Z,4,REGULAR,foul,personal,[],1629667,,,1610612748,84,78,2021-10-30T01:30:37Z,5270000,,,0,,J. McDaniels personal FOUL (2 PF),"[1629667, 1628389]",1610612766.0,CHA,,,,McDaniels,J. McDaniels,,,,,,,,,,,1626302.0,2.0,0.0,Adebayo,1628389.0,,,,,,,,,,
537,PT10M14.00S,2021-10-30T01:30:53.3Z,4,REGULAR,2pt,Jump Shot,[],1629639,77.4802890932983,46.81372549019608,1610612748,84,78,2021-10-30T01:30:58Z,5290000,-16.0,159.0,1,right,MISS T. Herro 16' pullup Shot,[1629639],1610612748.0,MIA,pullup,,,Herro,T. Herro,,,,,16.0,Missed,,,,,,,,,,,,,,,,,,,
538,PT10M11.00S,2021-10-30T01:30:56.3Z,4,REGULAR,rebound,offensive,[],1628389,,,1610612748,84,78,2021-10-30T01:30:58Z,5300000,,,0,,B. Adebayo REBOUND (Off:3 Def:9),[1628389],1610612748.0,MIA,,,,Adebayo,B. Adebayo,,,,,,,537.0,12.0,9.0,3.0,,,,,,,,,,,,,,,
539,PT10M10.00S,2021-10-30T01:31:03.6Z,4,REGULAR,foul,offensive,[],1628389,,,1610612748,84,78,2021-10-30T01:31:17Z,5310000,,,0,,B. Adebayo charge offensive FOUL (2 PF),"[1628389, 1628998]",1610612748.0,MIA,charge,,,Adebayo,B. Adebayo,,,,,,,,,,,1146.0,2.0,0.0,Martin,1628998.0,,,,,,,,,,
541,PT10M10.00S,2021-10-30T01:31:03.6Z,4,REGULAR,turnover,offensive foul,[],1628389,,,1610612748,84,78,2021-10-30T01:31:03Z,5330000,,,0,,B. Adebayo offensive foul TURNOVER (5 TO),[1628389],1610612748.0,MIA,,,,Adebayo,B. Adebayo,,,,,,,,,,,1146.0,,,,,,,,,,,5.0,,,
542,PT09M57.00S,2021-10-30T01:31:21.4Z,4,REGULAR,3pt,Jump Shot,['fromturnover'],1629023,31.61957950065703,64.4607843137255,1610612766,84,78,2021-10-30T01:31:27Z,5340000,-72.0,245.0,1,left,MISS P. Washington 25' 3PT,[1629023],1610612766.0,CHA,,,,Washington,P. Washington,,,,,25.52,Missed,,,,,,,,,,,,,,,,,,,
543,PT09M54.00S,2021-10-30T01:31:24.4Z,4,REGULAR,rebound,defensive,[],1629622,,,1610612748,84,78,2021-10-30T01:31:27Z,5350000,,,0,,M. Strus REBOUND (Off:0 Def:3),[1629622],1610612748.0,MIA,,,,Strus,M. Strus,,,,,,,542.0,3.0,3.0,0.0,,,,,,,,,,,,,,,
544,PT09M48.00S,2021-10-30T01:31:30.4Z,4,REGULAR,2pt,Layup,['pointsinthepaint'],200768,91.80354796320631,47.549019607843135,1610612748,86,78,2021-10-30T01:31:35Z,5360000,-12.0,25.0,1,right,K. Lowry driving Layup (4 PTS),[200768],1610612748.0,MIA,driving,,,Lowry,K. Lowry,,,,,2.74,Made,,,,,,,,,,4.0,,,,,,,,,
545,PT09M37.00S,2021-10-30T01:31:41.0Z,4,REGULAR,2pt,Jump Shot,[],202397,25.18068331143233,36.27450980392157,1610612766,86,80,2021-10-30T01:31:47Z,5370000,69.0,184.0,1,left,I. Smith 19' pullup Jump Shot (4 PTS),[202397],1610612766.0,CHA,pullup,,,Smith,I. Smith,,,,,19.66,Made,,,,,,,,,,4.0,,,,,,,,,
546,PT09M13.00S,2021-10-30T01:32:04.9Z,4,REGULAR,2pt,Jump Shot,['pointsinthepaint'],202693,90.88370565045992,41.66666666666667,1610612748,88,80,2021-10-30T01:32:13Z,5380000,-42.0,33.0,1,right,M. Morris bank Jump Shot (6 PTS),[202693],1610612748.0,MIA,bank,,,Morris,M. Morris,,,,,5.33,Made,,,,,,,,,,6.0,,,,,,,,,
551,PT08M58.00S,2021-10-30T01:32:51.0Z,4,REGULAR,timeout,full,"['team', 'mandatory']",0,,,1610612766,88,80,2021-10-30T01:35:18Z,5430000,,,0,,CHA Timeout,[],1610612766.0,CHA,,,,,,,,,,,,,,,,,,,,,,,,,,,,,,
553,PT08M58.00S,2021-10-30T01:32:56.6Z,4,REGULAR,instantreplay,challenge,[],0,,,1610612766,88,80,2021-10-30T01:37:35Z,5450000,,,0,,,[],1610612766.0,CHA,overturned,,,,,,,,,,,,,,,1146.0,,,,,,,,,,,,,,Corrected to Shooting Foul on M. Morris
554,PT08M58.00S,2021-10-30T01:35:03.7Z,4,REGULAR,foul,personal,['2freethrow'],202693,,,1610612766,88,80,2021-10-30T01:35:14Z,5460000,,,0,,M. Morris shooting personal FOUL (2 PF) (McDaniels 2 FT),"[202693, 1629667]",1610612748.0,MIA,shooting,,,Morris,M. Morris,,,,,,,,,,,1146.0,2.0,0.0,McDaniels,1629667.0,,,,,,,,,,
556,PT08M58.00S,2021-10-30T01:36:12.6Z,4,REGULAR,freethrow,1 of 2,[],1629667,,,1610612766,88,81,2021-10-30T01:36:12Z,5480000,,,0,,J. McDaniels Free Throw 1 of 2 (1 PTS),[1629667],1610612766.0,CHA,,,,McDaniels,J. McDaniels,,,,,,Made,,,,,,,,,,1.0,,,,,,,,,
557,PT08M58.00S,2021-10-30T01:36:27.4Z,4,REGULAR,freethrow,2 of 2,[],1629667,,,1610612766,88,82,2021-10-30T01:36:27Z,5490000,,,0,,J. McDaniels Free Throw 2 of 2 (2 PTS),[1629667],1610612766.0,CHA,,,,McDaniels,J. McDaniels,,,,,,Made,,,,,,,,,,2.0,,,,,,,,,
558,PT08M36.00S,2021-10-30T01:36:52.8Z,4,REGULAR,foul,personal,['2freethrow'],1626162,,,1610612748,88,82,2021-10-30T01:37:22Z,5500000,,,0,,K. Oubre Jr. shooting personal FOUL (3 PF) (Adebayo 2 FT),"[1626162, 1628389]",1610612766.0,CHA,shooting,,,Oubre Jr.,K. Oubre Jr.,,,,,,,,,,,1626302.0,3.0,0.0,Adebayo,1628389.0,,,,,,,,,,
560,PT08M36.00S,2021-10-30T01:37:22.3Z,4,REGULAR,freethrow,1 of 2,[],1628389,,,1610612748,89,82,2021-10-30T01:37:22Z,5520000,,,0,,B. Adebayo Free Throw 1 of 2 (19 PTS),[1628389],1610612748.0,MIA,,,,Adebayo,B. Adebayo,,,,,,Made,,,,,,,,,,19.0,,,,,,,,,
561,PT08M36.00S,2021-10-30T01:37:45.1Z,4,REGULAR,freethrow,2 of 2,[],1628389,,,1610612748,90,82,2021-10-30T01:37:45Z,5530000,,,0,,B. Adebayo Free Throw 2 of 2 (20 PTS),[1628389],1610612748.0,MIA,,,,Adebayo,B. Adebayo,,,,,,Made,,,,,,,,,,20.0,,,,,,,,,
562,PT08M25.00S,2021-10-30T01:38:01.2Z,4,REGULAR,foul,personal,[],202693,,,1610612766,90,82,2021-10-30T01:38:19Z,5540000,,,0,,M. Morris personal FOUL (3 PF),"[202693, 1629667]",1610612748.0,MIA,,,,Morris,M. Morris,,,,,,,,,,,1146.0,3.0,0.0,McDaniels,1629667.0,,,,,,,,,,
564,PT08M16.00S,2021-10-30T01:38:23.2Z,4,REGULAR,3pt,Jump Shot,[],1629667,4.28712220762155,96.56862745098039,1610612766,90,82,2021-10-30T01:38:28Z,5560000,-233.0,-12.0,1,left,MISS J. McDaniels 3PT,[1629667],1610612766.0,CHA,,,,McDaniels,J. McDaniels,,,,,23.31,Missed,,,,,,,,,,,,,,,,,,,
565,PT08M12.00S,2021-10-30T01:38:27.2Z,4,REGULAR,rebound,defensive,[],1628389,,,1610612748,90,82,2021-10-30T01:38:28Z,5570000,,,0,,B. Adebayo REBOUND (Off:3 Def:10),[1628389],1610612748.0,MIA,,,,Adebayo,B. Adebayo,,,,,,,564.0,13.0,10.0,3.0,,,,,,,,,,,,,,,
566,PT08M05.00S,2021-10-30T01:38:34.5Z,4,REGULAR,3pt,Jump Shot,[],1629622,85.89027595269383,97.05882352941177,1610612748,90,82,2021-10-30T01:38:38Z,5580000,235.0,80.0,1,right,MISS M. Strus 24' 3PT,[1629622],1610612748.0,MIA,,,,Strus,M. Strus,,,,,24.86,Missed,,,,,,,,,,,,,,,,,,,
567,PT08M01.00S,2021-10-30T01:38:37.9Z,4,REGULAR,rebound,offensive,[],1628389,,,1610612748,90,82,2021-10-30T01:38:37Z,5590000,,,0,,B. Adebayo REBOUND (Off:4 Def:10),[1628389],1610612748.0,MIA,,,,Adebayo,B. Adebayo,,,,,,,566.0,14.0,10.0,4.0,,,,,,,,,,,,,,,
568,PT07M54.00S,2021-10-30T01:38:44.6Z,4,REGULAR,3pt,Jump Shot,['2ndchance'],1629622,91.93495400788436,2.941176470588235,1610612748,93,82,2021-10-30T01:38:48Z,5600000,-235.0,23.0,1,right,M. Strus 3PT  (6 PTS) (K. Lowry 5 AST),"[1629622, 200768]",1610612748.0,MIA,,,,Strus,M. Strus,,,,,23.65,Made,,,,,,,,,,6.0,K. Lowry,200768.0,5.0,,,,,,
570,PT07M46.00S,2021-10-30T01:38:53.1Z,4,REGULAR,3pt,Jump Shot,[],1626162,30.962549277266753,27.450980392156865,1610612766,93,82,2021-10-30T01:39:37Z,5620000,113.0,239.0,1,left,MISS K. Oubre Jr. 26' pullup 3PT,[1626162],1610612766.0,CHA,pullup,,,Oubre Jr.,K. Oubre Jr.,,,,,26.38,Missed,,,,,,,,,,,,,,,,,,,
571,PT07M42.00S,2021-10-30T01:38:57.1Z,4,REGULAR,rebound,defensive,[],200768,,,1610612748,93,82,2021-10-30T01:38:57Z,5630000,,,0,,K. Lowry REBOUND (Off:0 Def:6),[200768],1610612748.0,MIA,,,,Lowry,K. Lowry,,,,,,,570.0,6.0,6.0,0.0,,,,,,,,,,,,,,,
572,PT07M32.00S,2021-10-30T01:39:07.0Z,4,REGULAR,2pt,DUNK,['pointsinthepaint'],202693,94.03745072273325,50.0,1610612748,95,82,2021-10-30T01:39:12Z,5640000,0.0,4.0,1,right,M. Morris cutting DUNK (8 PTS) (B. Adebayo 2 AST),"[202693, 1628389]",1610612748.0,MIA,cutting,,,Morris,M. Morris,,,,,0.35,Made,,,,,,,,,,8.0,B. Adebayo,1628389.0,2.0,,,,,,
574,PT07M32.00S,2021-10-30T01:39:12.7Z,4,REGULAR,timeout,full,"['team', 'mandatory']",0,,,1610612766,95,82,2021-10-30T01:39:15Z,5660000,,,0,,CHA Timeout,[],1610612766.0,CHA,,,,,,,,,,,,,,,,,,,,,,,,,,,,,,
575,PT07M32.00S,2021-10-30T01:41:37.6Z,4,REGULAR,substitution,out,[],202397,,,1610612766,95,82,2021-10-30T01:42:06Z,5670000,,,0,,SUB out: I. Smith,[202397],1610612766.0,CHA,,,,Smith,I. Smith,,,,,,,,,,,,,,,,,,,,,,,,,
576,PT07M32.00S,2021-10-30T01:41:37.6Z,4,REGULAR,substitution,out,[],1629023,,,1610612766,95,82,2021-10-30T01:42:06Z,5680000,,,0,,SUB out: P. Washington,[1629023],1610612766.0,CHA,,,,Washington,P. Washington,,,,,,,,,,,,,,,,,,,,,,,,,
577,PT07M32.00S,2021-10-30T01:41:37.6Z,4,REGULAR,substitution,out,[],1629667,,,1610612766,95,82,2021-10-30T01:42:06Z,5690000,,,0,,SUB out: J. McDaniels,[1629667],1610612766.0,CHA,,,,McDaniels,J. McDaniels,,,,,,,,,,,,,,,,,,,,,,,,,
578,PT07M32.00S,2021-10-30T01:41:37.6Z,4,REGULAR,substitution,in,[],1630163,,,1610612766,95,82,2021-10-30T01:42:06Z,5700000,,,0,,SUB in: L. Ball,[1630163],1610612766.0,CHA,,,,Ball,L. Ball,,,,,,,,,,,,,,,,,,,,,,,,,
579,PT07M32.00S,2021-10-30T01:41:37.6Z,4,REGULAR,substitution,in,[],1628970,,,1610612766,95,82,2021-10-30T01:42:06Z,5710000,,,0,,SUB in: M. Bridges,[1628970],1610612766.0,CHA,,,,Bridges,M. Bridges,,,,,,,,,,,,,,,,,,,,,,,,,
580,PT07M32.00S,2021-10-30T01:41:37.6Z,4,REGULAR,substitution,in,[],202330,,,1610612766,95,82,2021-10-30T01:42:06Z,5720000,,,0,,SUB in: G. Hayward,[202330],1610612766.0,CHA,,,,Hayward,G. Hayward,,,,,,,,,,,,,,,,,,,,,,,,,
581,PT07M11.00S,2021-10-30T01:43:05.4Z,4,REGULAR,3pt,Jump Shot,[],1628970,34.11629434954008,70.34313725490196,1610612766,95,82,2021-10-30T01:43:11Z,5730000,-102.0,268.0,1,left,MISS M. Bridges 28' 3PT,[1628970],1610612766.0,CHA,,,,Bridges,M. Bridges,,,,,28.68,Missed,,,,,,,,,,,,,,,,,,,
582,PT07M07.00S,2021-10-30T01:43:09.4Z,4,REGULAR,rebound,defensive,[],1628389,,,1610612748,95,82,2021-10-30T01:43:11Z,5740000,,,0,,B. Adebayo REBOUND (Off:4 Def:11),[1628389],1610612748.0,MIA,,,,Adebayo,B. Adebayo,,,,,,,581.0,15.0,11.0,4.0,,,,,,,,,,,,,,,
583,PT06M56.00S,2021-10-30T01:43:20.0Z,4,REGULAR,3pt,Jump Shot,[],1629622,74.85216819973719,84.80392156862744,1610612748,95,82,2021-10-30T01:43:25Z,5750000,174.0,184.0,1,right,MISS M. Strus 25' 3PT,[1629622],1610612748.0,MIA,,,,Strus,M. Strus,,,,,25.32,Missed,,,,,,,,,,,,,,,,,,,
584,PT06M53.00S,2021-10-30T01:43:23.0Z,4,REGULAR,rebound,defensive,[],1628970,,,1610612766,95,82,2021-10-30T01:43:25Z,5760000,,,0,,M. Bridges REBOUND (Off:0 Def:6),[1628970],1610612766.0,CHA,,,,Bridges,M. Bridges,,,,,,,583.0,6.0,6.0,0.0,,,,,,,,,,,,,,,
585,PT06M41.00S,2021-10-30T01:43:36.3Z,4,REGULAR,2pt,Layup,['pointsinthepaint'],1628970,9.806176084099869,57.59803921568627,1610612766,95,84,2021-10-30T01:43:41Z,5770000,-38.0,40.0,1,left,M. Bridges driving Layup (18 PTS),[1628970],1610612766.0,CHA,driving,,,Bridges,M. Bridges,,,,,5.5,Made,,,,,,,,,,18.0,,,,,,,,,
586,PT06M35.00S,2021-10-30T01:43:44.7Z,4,REGULAR,foul,personal,['2freethrow'],1628998,,,1610612748,95,84,2021-10-30T01:43:58Z,5780000,,,0,,C. Martin shooting personal FOUL (1 PF) (Herro 2 FT),"[1628998, 1629639]",1610612766.0,CHA,shooting,,,Martin,C. Martin,,,,,,,,,,,1626302.0,1.0,0.0,Herro,1629639.0,,,,,,,,,,
588,PT06M35.00S,2021-10-30T01:44:11.7Z,4,REGULAR,freethrow,1 of 2,[],1629639,,,1610612748,96,84,2021-10-30T01:44:11Z,5800000,,,0,,T. Herro Free Throw 1 of 2 (22 PTS),[1629639],1610612748.0,MIA,,,,Herro,T. Herro,,,,,,Made,,,,,,,,,,22.0,,,,,,,,,
589,PT06M35.00S,2021-10-30T01:44:12.2Z,4,REGULAR,substitution,out,[],1628389,,,1610612748,96,84,2021-10-30T01:44:15Z,5810000,,,0,,SUB out: B. Adebayo,[1628389],1610612748.0,MIA,,,,Adebayo,B. Adebayo,,,,,,,,,,,,,,,,,,,,,,,,,
590,PT06M35.00S,2021-10-30T01:44:12.2Z,4,REGULAR,substitution,in,[],202710,,,1610612748,96,84,2021-10-30T01:44:15Z,5820000,,,0,,SUB in: J. Butler,[202710],1610612748.0,MIA,,,,Butler,J. Butler,,,,,,,,,,,,,,,,,,,,,,,,,
591,PT06M35.00S,2021-10-30T01:44:35.1Z,4,REGULAR,freethrow,2 of 2,[],1629639,,,1610612748,97,84,2021-10-30T01:44:35Z,5830000,,,0,,T. Herro Free Throw 2 of 2 (23 PTS),[1629639],1610612748.0,MIA,,,,Herro,T. Herro,,,,,,Made,,,,,,,,,,23.0,,,,,,,,,
592,PT06M22.00S,2021-10-30T01:44:48.7Z,4,REGULAR,3pt,Jump Shot,[],202330,32.53942181340342,52.20588235294118,1610612766,97,87,2021-10-30T01:44:55Z,5840000,-11.0,253.0,1,left,G. Hayward 25' 3PT pullup (19 PTS),[202330],1610612766.0,CHA,pullup,,,Hayward,G. Hayward,,,,,25.36,Made,,,,,,,,,,19.0,,,,,,,,,
593,PT05M59.00S,2021-10-30T01:45:13.0Z,4,REGULAR,2pt,Jump Shot,[],200768,88.25558475689881,71.81372549019608,1610612748,97,87,2021-10-30T01:45:18Z,5850000,109.0,58.0,1,right,MISS K. Lowry 12' Jump Shot,[200768],1610612748.0,MIA,,,,Lowry,K. Lowry,,,,,12.35,Missed,,,,,,,,,,,,,,,,,,,
594,PT05M55.00S,2021-10-30T01:45:16.3Z,4,REGULAR,rebound,offensive,[],202693,,,1610612748,97,87,2021-10-30T01:45:16Z,5860000,,,0,,M. Morris REBOUND (Off:2 Def:1),[202693],1610612748.0,MIA,,,,Morris,M. Morris,,,,,,,593.0,3.0,1.0,2.0,,,,,,,,,,,,,,,
595,PT05M54.00S,2021-10-30T01:45:16.9Z,4,REGULAR,2pt,Hook,"['pointsinthepaint', '2ndchance']",202693,90.88370565045992,52.20588235294118,1610612748,97,87,2021-10-30T01:45:23Z,5870000,11.0,33.0,1,right,MISS M. Morris Hook,[202693],1610612748.0,MIA,,,,Morris,M. Morris,,,,,3.5,Missed,,,,,,,,,,,,,,,,,,,
596,PT05M54.00S,2021-10-30T01:45:16.9Z,4,REGULAR,rebound,defensive,[],202330,,,1610612766,97,87,2021-10-30T01:45:41Z,5880000,,,0,,G. Hayward REBOUND (Off:0 Def:5),[202330],1610612766.0,CHA,,,,Hayward,G. Hayward,,,,,,,595.0,5.0,5.0,0.0,,,,,,,,,,,,,,,
597,PT05M49.00S,2021-10-30T01:45:22.8Z,4,REGULAR,2pt,Jump Shot,[],1628970,25.04927726675427,72.30392156862744,1610612766,97,87,2021-10-30T01:45:36Z,5890000,-112.0,183.0,1,left,MISS M. Bridges 21' Jump Shot,[1628970],1610612766.0,CHA,,,,Bridges,M. Bridges,,,,,21.43,Missed,,,,,,,,,,,,,,,,,,,
598,PT05M47.00S,2021-10-30T01:45:24.8Z,4,REGULAR,rebound,offensive,[],202330,,,1610612766,97,87,2021-10-30T01:45:36Z,5900000,,,0,,G. Hayward REBOUND (Off:1 Def:5),[202330],1610612766.0,CHA,,,,Hayward,G. Hayward,,,,,,,597.0,6.0,5.0,1.0,,,,,,,,,,,,,,,
599,PT05M47.00S,2021-10-30T01:45:29.0Z,4,REGULAR,2pt,Layup,"['2ndchance', 'fastbreak', 'pointsinthepaint']",202330,5.590000152587891,50.0,1610612766,97,89,2021-10-30T01:47:07Z,5910000,0.0,0.0,1,left,G. Hayward tip Layup (21 PTS),[202330],1610612766.0,CHA,tip,,,Hayward,G. Hayward,,,,,0.0,Made,,,,,,,,,,21.0,,,,,,,,,
600,PT05M47.00S,2021-10-30T01:45:33.1Z,4,REGULAR,timeout,full,['team'],0,,,1610612748,97,89,2021-10-30T01:45:33Z,5920000,,,0,,MIA Timeout,[],1610612748.0,MIA,,,,,,,,,,,,,,,,,,,,,,,,,,,,,,
601,PT05M47.00S,2021-10-30T01:46:17.8Z,4,REGULAR,substitution,out,[],202693,,,1610612748,97,89,2021-10-30T01:46:49Z,5930000,,,0,,SUB out: M. Morris,[202693],1610612748.0,MIA,,,,Morris,M. Morris,,,,,,,,,,,,,,,,,,,,,,,,,
602,PT05M47.00S,2021-10-30T01:46:17.8Z,4,REGULAR,substitution,in,[],1628389,,,1610612748,97,89,2021-10-30T01:46:49Z,5940000,,,0,,SUB in: B. Adebayo,[1628389],1610612748.0,MIA,,,,Adebayo,B. Adebayo,,,,,,,,,,,,,,,,,,,,,,,,,
603,PT05M26.00S,2021-10-30T01:47:16.6Z,4,REGULAR,2pt,DUNK,['pointsinthepaint'],1628389,92.59198423127464,51.470588235294116,1610612748,99,89,2021-10-30T01:47:21Z,5950000,7.0,17.0,1,right,B. Adebayo DUNK (22 PTS) (T. Herro 6 AST),"[1628389, 1629639]",1610612748.0,MIA,,,,Adebayo,B. Adebayo,,,,,1.86,Made,,,,,,,,,,22.0,T. Herro,1629639.0,6.0,,,,,,
605,PT05M13.00S,2021-10-30T01:47:33.1Z,4,REGULAR,2pt,Layup,['pointsinthepaint'],1628970,11.12023653088042,52.450980392156865,1610612766,99,91,2021-10-30T01:48:02Z,5970000,-12.0,52.0,1,left,M. Bridges driving Layup (20 PTS),[1628970],1610612766.0,CHA,driving,,,Bridges,M. Bridges,,,,,5.34,Made,,,,,,,,,,20.0,,,,,,,,,
606,PT05M13.00S,2021-10-30T01:47:35.8Z,4,REGULAR,foul,personal,['1freethrow'],200768,,,1610612766,99,91,2021-10-30T01:48:45Z,5980000,,,0,,K. Lowry personal FOUL (3 PF) (Bridges 1 FT),"[200768, 1628970]",1610612748.0,MIA,,,,Lowry,K. Lowry,,,,,,,,,,,101283.0,3.0,0.0,Bridges,1628970.0,,,,,,,,,,
608,PT05M13.00S,2021-10-30T01:48:09.3Z,4,REGULAR,freethrow,1 of 1,[],1628970,,,1610612766,99,91,2021-10-30T01:48:16Z,6000000,,,0,,MISS M. Bridges Free Throw 1 of 1,[1628970],1610612766.0,CHA,,,,Bridges,M. Bridges,,,,,,Missed,,,,,,,,,,,,,,,,,,,
609,PT05M12.00S,2021-10-30T01:48:10.3Z,4,REGULAR,rebound,defensive,[],202710,,,1610612748,99,91,2021-10-30T01:48:16Z,6010000,,,0,,J. Butler REBOUND (Off:5 Def:4),[202710],1610612748.0,MIA,,,,Butler,J. Butler,,,,,,,608.0,9.0,4.0,5.0,,,,,,,,,,,,,,,
610,PT04M59.00S,2021-10-30T01:48:24.1Z,4,REGULAR,2pt,DUNK,['pointsinthepaint'],1628389,92.19776609724047,50.98039215686274,1610612748,101,91,2021-10-30T01:48:38Z,6020000,5.0,21.0,1,right,B. Adebayo cutting DUNK (24 PTS) (M. Strus 1 AST),"[1628389, 1629622]",1610612748.0,MIA,cutting,,,Adebayo,B. Adebayo,,,,,2.14,Made,,,,,,,,,,24.0,M. Strus,1629622.0,1.0,,,,,,
612,PT04M43.00S,2021-10-30T01:48:39.0Z,4,REGULAR,2pt,Layup,['pointsinthepaint'],1628998,6.389618922470433,52.69607843137255,1610612766,101,91,2021-10-30T01:48:47Z,6040000,-13.0,8.0,1,left,MISS C. Martin Layup,[1628998],1610612766.0,CHA,,,,Martin,C. Martin,,,,,1.55,Missed,,,,,,,,,,,,,,,,,,,
613,PT04M40.00S,2021-10-30T01:48:42.5Z,4,REGULAR,rebound,defensive,[],1628389,,,1610612748,101,91,2021-10-30T01:48:42Z,6050000,,,0,,B. Adebayo REBOUND (Off:4 Def:12),[1628389],1610612748.0,MIA,,,,Adebayo,B. Adebayo,,,,,,,612.0,16.0,12.0,4.0,,,,,,,,,,,,,,,
614,PT04M34.00S,2021-10-30T01:48:53.6Z,4,REGULAR,turnover,out-of-bounds,[],1629639,,,1610612748,101,91,2021-10-30T01:51:35Z,6060000,,,0,,T. Herro lost ball out-of-bounds TURNOVER (2 TO),[1629639],1610612748.0,MIA,lost ball,,,Herro,T. Herro,,,,,,,,,,,1626302.0,,,,,,,,,,,2.0,,,
615,PT04M17.00S,2021-10-30T01:49:12.0Z,4,REGULAR,2pt,Jump Shot,"['pointsinthepaint', 'fromturnover']",1628970,7.835085413929041,60.049019607843135,1610612766,101,91,2021-10-30T01:49:19Z,6070000,-50.0,21.0,1,left,MISS M. Bridges turnaround fadeaway Shot,[1628970],1610612766.0,CHA,turnaround fadeaway,,,Bridges,M. Bridges,,,,,5.45,Missed,,,,,,,,,,,,,,,,,,,
616,PT04M13.00S,2021-10-30T01:49:16.0Z,4,REGULAR,rebound,defensive,[],1628389,,,1610612748,101,91,2021-10-30T01:49:19Z,6080000,,,0,,B. Adebayo REBOUND (Off:4 Def:13),[1628389],1610612748.0,MIA,,,,Adebayo,B. Adebayo,,,,,,,615.0,17.0,13.0,4.0,,,,,,,,,,,,,,,
617,PT03M58.00S,2021-10-30T01:49:30.6Z,4,REGULAR,2pt,Jump Shot,['pointsinthepaint'],202710,83.39356110381078,39.46078431372549,1610612748,103,91,2021-10-30T01:49:45Z,6090000,-53.0,104.0,1,right,J. Butler 11' floating Jump Shot (26 PTS),[202710],1610612748.0,MIA,floating,,,Butler,J. Butler,,,,,11.62,Made,,,,,,,,,,26.0,,,,,,,,,
618,PT03M36.00S,2021-10-30T01:49:51.6Z,4,REGULAR,2pt,Jump Shot,[],202330,24.392247043363994,61.51960784313726,1610612766,103,91,2021-10-30T01:49:58Z,6100000,-58.0,177.0,1,left,MISS G. Hayward 18' Jump Shot,[202330],1610612766.0,CHA,,,,Hayward,G. Hayward,,,,,18.59,Missed,,,,,,,,,,,,,,,,,,,
619,PT03M32.00S,2021-10-30T01:49:55.6Z,4,REGULAR,rebound,defensive,[],1629639,,,1610612748,103,91,2021-10-30T01:49:58Z,6110000,,,0,,T. Herro REBOUND (Off:0 Def:5),[1629639],1610612748.0,MIA,,,,Herro,T. Herro,,,,,,,618.0,5.0,5.0,0.0,,,,,,,,,,,,,,,
620,PT03M32.00S,2021-10-30T01:49:56.6Z,4,REGULAR,turnover,lost ball,[],1629639,,,1610612748,103,91,2021-10-30T01:50:00Z,6120000,,,0,,T. Herro lost ball TURNOVER (3 TO),"[1629639, 1628998]",1610612748.0,MIA,,,,Herro,T. Herro,,,,,,,,,,,,,,,,,,,,,,3.0,Martin,1628998.0,
621,PT03M32.00S,2021-10-30T01:49:56.6Z,4,REGULAR,steal,,[],1628998,,,1610612766,103,91,2021-10-30T01:49:59Z,6130000,,,0,,C. Martin STEAL (1 STL),[1628998],1610612766.0,CHA,,,,Martin,C. Martin,,,,,,,,,,,,,,,,,,,,,,,,,
622,PT03M31.00S,2021-10-30T01:49:59.9Z,4,REGULAR,2pt,Layup,"['pointsinthepaint', 'fromturnover']",202330,7.178055190538765,47.05882352941176,1610612766,103,91,2021-10-30T01:50:06Z,6140000,15.0,15.0,1,left,MISS G. Hayward Layup - blocked,"[202330, 200768]",1610612766.0,CHA,,,,Hayward,G. Hayward,,,,,2.1,Missed,,,,,,,,,,,,,,Lowry,200768.0,,,,
623,PT03M31.00S,2021-10-30T01:49:59.9Z,4,REGULAR,block,,[],200768,,,1610612766,103,91,2021-10-30T01:50:03Z,6150000,,,0,,K. Lowry BLOCK (1 BLK),[200768],1610612748.0,MIA,,,,Lowry,K. Lowry,,,,,,,,,,,,,,,,,,,,,,,,,
624,PT03M31.00S,2021-10-30T01:49:59.9Z,4,REGULAR,rebound,offensive,['team'],0,,,1610612766,103,91,2021-10-30T01:50:06Z,6160000,,,0,,TEAM offensive REBOUND,[],1610612766.0,CHA,,,,,,,,,,,,622.0,,,,,,,,,,,,,,,,,,
625,PT03M31.00S,2021-10-30T01:50:05.4Z,4,REGULAR,stoppage,out-of-bounds,[],0,,,1610612766,103,91,2021-10-30T01:50:05Z,6170000,,,0,,,[],,,,,,,,,,,,,,,,,,,,,,,,,,,,,,,,
626,PT03M31.00S,2021-10-30T01:50:13.3Z,4,REGULAR,timeout,full,['team'],0,,,1610612766,103,91,2021-10-30T01:50:13Z,6180000,,,0,,MIA Timeout,[],1610612748.0,MIA,,,,,,,,,,,,,,,,,,,,,,,,,,,,,,
627,PT03M29.00S,2021-10-30T01:51:45.5Z,4,REGULAR,2pt,DUNK,"['pointsinthepaint', 'fromturnover', '2ndchance']",202330,6.258212877792378,47.549019607843135,1610612766,103,93,2021-10-30T01:51:49Z,6190000,12.0,6.0,1,left,G. Hayward cutting DUNK (23 PTS) (L. Ball 5 AST),"[202330, 1630163]",1610612766.0,CHA,cutting,,,Hayward,G. Hayward,,,,,1.38,Made,,,,,,,,,,23.0,L. Ball,1630163.0,5.0,,,,,,
629,PT03M12.00S,2021-10-30T01:52:02.1Z,4,REGULAR,2pt,Jump Shot,[],202710,74.98357424441524,50.49019607843137,1610612748,105,93,2021-10-30T01:52:07Z,6210000,2.0,183.0,1,right,J. Butler 18' pullup Jump Shot (28 PTS),[202710],1610612748.0,MIA,pullup,,,Butler,J. Butler,,,,,18.27,Made,,,,,,,,,,28.0,,,,,,,,,
630,PT03M03.00S,2021-10-30T01:52:14.2Z,4,REGULAR,stoppage,out-of-bounds,[],0,,,1610612766,105,93,2021-10-30T01:52:14Z,6220000,,,0,,,[],,,,,,,,,,,,,,,,,,,,,,,,,,,,,,,,
631,PT02M53.00S,2021-10-30T01:52:38.8Z,4,REGULAR,turnover,out-of-bounds,[],1628970,,,1610612766,105,93,2021-10-30T01:52:43Z,6230000,,,0,,M. Bridges bad pass out-of-bounds TURNOVER (4 TO),[1628970],1610612766.0,CHA,bad pass,,,Bridges,M. Bridges,,,,,,,,,,,1626302.0,,,,,,,,,,,4.0,,,
632,PT02M45.00S,2021-10-30T01:52:46.7Z,4,REGULAR,2pt,DUNK,"['pointsinthepaint', 'fromturnover']",1628389,92.59198423127464,46.81372549019608,1610612748,107,93,2021-10-30T01:52:52Z,6240000,-16.0,17.0,1,right,B. Adebayo DUNK (26 PTS),[1628389],1610612748.0,MIA,,,,Adebayo,B. Adebayo,,,,,2.33,Made,,,,,,,,,,26.0,,,,,,,,,
634,PT02M44.00S,2021-10-30T01:52:54.6Z,4,REGULAR,timeout,full,['team'],0,,,1610612766,107,93,2021-10-30T01:52:54Z,6260000,,,0,,CHA Timeout,[],1610612766.0,CHA,,,,,,,,,,,,,,,,,,,,,,,,,,,,,,
635,PT02M44.00S,2021-10-30T01:53:44.0Z,4,REGULAR,substitution,out,[],1628998,,,1610612766,107,93,2021-10-30T01:54:19Z,6270000,,,0,,SUB out: C. Martin,[1628998],1610612766.0,CHA,,,,Martin,C. Martin,,,,,,,,,,,,,,,,,,,,,,,,,
636,PT02M44.00S,2021-10-30T01:53:44.0Z,4,REGULAR,substitution,in,[],1629023,,,1610612766,107,93,2021-10-30T01:54:19Z,6280000,,,0,,SUB in: P. Washington,[1629023],1610612766.0,CHA,,,,Washington,P. Washington,,,,,,,,,,,,,,,,,,,,,,,,,
637,PT02M33.00S,2021-10-30T01:54:39.8Z,4,REGULAR,2pt,DUNK,['pointsinthepaint'],1628970,7.440867279894875,50.0,1610612766,107,95,2021-10-30T01:55:38Z,6290000,0.0,17.0,1,left,M. Bridges DUNK (22 PTS) (L. Ball 6 AST),"[1628970, 1630163]",1610612766.0,CHA,,,,Bridges,M. Bridges,,,,,1.74,Made,,,,,,,,,,22.0,L. Ball,1630163.0,6.0,,,,,,
639,PT02M17.00S,2021-10-30T01:55:01.9Z,4,REGULAR,foul,personal,['2freethrow'],1630163,,,1610612748,107,95,2021-10-30T01:55:31Z,6310000,,,0,,L. Ball shooting personal FOUL (3 PF) (Butler 2 FT),"[1630163, 202710]",1610612766.0,CHA,shooting,,,Ball,L. Ball,,,,,,,,,,,1146.0,3.0,0.0,Butler,202710.0,,,,,,,,,,
641,PT02M17.00S,2021-10-30T01:55:31.6Z,4,REGULAR,freethrow,1 of 2,[],202710,,,1610612748,108,95,2021-10-30T01:55:31Z,6330000,,,0,,J. Butler Free Throw 1 of 2 (29 PTS),[202710],1610612748.0,MIA,,,,Butler,J. Butler,,,,,,Made,,,,,,,,,,29.0,,,,,,,,,
642,PT02M17.00S,2021-10-30T01:55:41.0Z,4,REGULAR,freethrow,2 of 2,[],202710,,,1610612748,109,95,2021-10-30T01:55:41Z,6340000,,,0,,J. Butler Free Throw 2 of 2 (30 PTS),[202710],1610612748.0,MIA,,,,Butler,J. Butler,,,,,,Made,,,,,,,,,,30.0,,,,,,,,,
643,PT02M09.00S,2021-10-30T01:55:51.1Z,4,REGULAR,3pt,Jump Shot,[],1630163,25.04927726675427,15.196078431372548,1610612766,109,95,2021-10-30T01:55:57Z,6350000,174.0,183.0,1,left,MISS L. Ball 25' 3PT,[1630163],1610612766.0,CHA,,,,Ball,L. Ball,,,,,25.25,Missed,,,,,,,,,,,,,,,,,,,
644,PT02M04.00S,2021-10-30T01:55:56.0Z,4,REGULAR,rebound,offensive,[],1628970,,,1610612766,109,95,2021-10-30T01:55:56Z,6360000,,,0,,M. Bridges REBOUND (Off:1 Def:6),[1628970],1610612766.0,CHA,,,,Bridges,M. Bridges,,,,,,,643.0,7.0,6.0,1.0,,,,,,,,,,,,,,,
645,PT02M00.00S,2021-10-30T01:56:01.3Z,4,REGULAR,2pt,Jump Shot,"['pointsinthepaint', '2ndchance']",1626162,12.171484888304862,58.57843137254902,1610612766,109,97,2021-10-30T01:56:55Z,6362500,-43.0,62.0,1,left,K. Oubre Jr. 7' pullup Jump Shot (17 PTS),[1626162],1610612766.0,CHA,pullup,,,Oubre Jr.,K. Oubre Jr.,,,,,7.53,Made,,,,,,,,,,17.0,,,,,,,,,
646,PT01M59.00S,2021-10-30T01:56:18.0Z,4,REGULAR,stoppage,equipment issue,[],0,,,1610612748,109,97,2021-10-30T01:56:55Z,6365000,,,0,,,[],,,,,,,,,,,,,,,,,,,,,,,,,,,,,,,,
647,PT01M58.00S,2021-10-30T01:56:36.8Z,4,REGULAR,stoppage,out-of-bounds,[],0,,,1610612748,109,97,2021-10-30T01:57:02Z,6390000,,,0,,,[],,,,,,,,,,,,,,,,,,,,,,,,,,,,,,,,
648,PT01M48.00S,2021-10-30T01:57:07.4Z,4,REGULAR,3pt,Jump Shot,[],1629622,74.45795006570303,87.25490196078431,1610612748,109,97,2021-10-30T01:57:13Z,6400000,186.0,188.0,1,right,MISS M. Strus 26' 3PT,[1629622],1610612748.0,MIA,,,,Strus,M. Strus,,,,,26.44,Missed,,,,,,,,,,,,,,,,,,,
649,PT01M43.00S,2021-10-30T01:57:12.4Z,4,REGULAR,rebound,defensive,[],1628970,,,1610612766,109,97,2021-10-30T01:57:34Z,6410000,,,0,,M. Bridges REBOUND (Off:1 Def:7),[1628970],1610612766.0,CHA,,,,Bridges,M. Bridges,,,,,,,648.0,8.0,7.0,1.0,,,,,,,,,,,,,,,
650,PT01M34.00S,2021-10-30T01:57:26.2Z,4,REGULAR,foul,personal,['2freethrow'],1629622,,,1610612766,109,97,2021-10-30T01:57:35Z,6420000,,,0,,M. Strus shooting personal FOUL (1 PF) (Washington 2 FT),"[1629622, 1629023]",1610612748.0,MIA,shooting,,,Strus,M. Strus,,,,,,,,,,,1146.0,1.0,0.0,Washington,1629023.0,,,,,,,,,,
652,PT01M34.00S,2021-10-30T01:57:49.6Z,4,REGULAR,timeout,full,['team'],0,,,1610612766,109,97,2021-10-30T01:57:49Z,6440000,,,0,,MIA Timeout,[],1610612748.0,MIA,,,,,,,,,,,,,,,,,,,,,,,,,,,,,,
653,PT01M34.00S,2021-10-30T01:57:53.7Z,4,REGULAR,instantreplay,challenge,[],0,,,1610612766,109,97,2021-10-30T02:00:12Z,6450000,,,0,,,[],1610612748.0,MIA,support,,,,,,,,,,,,,,,1146.0,,,,,,,,,,,,,,
654,PT01M34.00S,2021-10-30T02:00:00.8Z,4,REGULAR,freethrow,1 of 2,[],1629023,,,1610612766,109,98,2021-10-30T02:00:00Z,6460000,,,0,,P. Washington Free Throw 1 of 2 (8 PTS),[1629023],1610612766.0,CHA,,,,Washington,P. Washington,,,,,,Made,,,,,,,,,,8.0,,,,,,,,,
655,PT01M34.00S,2021-10-30T02:00:17.3Z,4,REGULAR,freethrow,2 of 2,[],1629023,,,1610612766,109,99,2021-10-30T02:00:17Z,6470000,,,0,,P. Washington Free Throw 2 of 2 (9 PTS),[1629023],1610612766.0,CHA,,,,Washington,P. Washington,,,,,,Made,,,,,,,,,,9.0,,,,,,,,,
656,PT01M30.00S,2021-10-30T02:00:32.3Z,4,REGULAR,2pt,DUNK,['pointsinthepaint'],202710,92.9862023653088,48.77450980392157,1610612748,111,99,2021-10-30T02:00:37Z,6480000,-6.0,13.0,1,right,J. Butler cutting DUNK (32 PTS) (M. Strus 2 AST),"[202710, 1629622]",1610612748.0,MIA,cutting,,,Butler,J. Butler,,,,,1.47,Made,,,,,,,,,,32.0,M. Strus,1629622.0,2.0,,,,,,
658,PT01M21.00S,2021-10-30T02:00:41.5Z,4,REGULAR,2pt,Hook,['pointsinthepaint'],1630163,9.411957950065702,56.86274509803921,1610612766,111,99,2021-10-30T02:00:49Z,6500000,-34.0,36.0,1,left,MISS L. Ball bank Hook,[1630163],1610612766.0,CHA,bank,,,Ball,L. Ball,,,,,4.97,Missed,,,,,,,,,,,,,,,,,,,
659,PT01M21.00S,2021-10-30T02:00:41.5Z,4,REGULAR,rebound,offensive,[],1630163,,,1610612766,111,99,2021-10-30T02:01:11Z,6510000,,,0,,L. Ball REBOUND (Off:2 Def:3),[1630163],1610612766.0,CHA,,,,Ball,L. Ball,,,,,,,658.0,5.0,3.0,2.0,,,,,,,,,,,,,,,
660,PT01M21.00S,2021-10-30T02:00:49.0Z,4,REGULAR,stoppage,out-of-bounds,[],0,,,1610612766,111,99,2021-10-30T02:00:49Z,6520000,,,0,,,[],,,,,,,,,,,,,,,,,,,,,,,,,,,,,,,,
661,PT01M15.00S,2021-10-30T02:01:05.1Z,4,REGULAR,3pt,Jump Shot,['2ndchance'],1628970,30.305519053876477,24.019607843137255,1610612766,111,99,2021-10-30T02:01:09Z,6530000,130.0,232.0,1,left,MISS M. Bridges 26' 3PT,[1628970],1610612766.0,CHA,,,,Bridges,M. Bridges,,,,,26.62,Missed,,,,,,,,,,,,,,,,,,,
662,PT01M13.00S,2021-10-30T02:01:07.1Z,4,REGULAR,rebound,defensive,[],1628389,,,1610612748,111,99,2021-10-30T02:01:09Z,6540000,,,0,,B. Adebayo REBOUND (Off:4 Def:14),[1628389],1610612748.0,MIA,,,,Adebayo,B. Adebayo,,,,,,,661.0,18.0,14.0,4.0,,,,,,,,,,,,,,,
663,PT00M58.00S,2021-10-30T02:01:22.6Z,4,REGULAR,3pt,Jump Shot,[],1629639,72.61826544021025,81.86274509803921,1610612748,114,99,2021-10-30T02:01:27Z,6550000,159.0,205.0,1,right,T. Herro 25' 3PT  (26 PTS) (J. Butler 5 AST),"[1629639, 202710]",1610612748.0,MIA,,,,Herro,T. Herro,,,,,25.95,Made,,,,,,,,,,26.0,J. Butler,202710.0,5.0,,,,,,
665,PT00M47.20S,2021-10-30T02:01:37.3Z,4,REGULAR,2pt,Jump Shot,['pointsinthepaint'],1630163,7.966491458607096,40.931372549019606,1610612766,114,99,2021-10-30T02:01:47Z,6570000,45.0,22.0,1,left,MISS L. Ball driving floating bank Shot,[1630163],1610612766.0,CHA,driving floating bank,,,Ball,L. Ball,,,,,5.05,Missed,,,,,,,,,,,,,,,,,,,
666,PT00M45.40S,2021-10-30T02:01:39.1Z,4,REGULAR,rebound,defensive,[],202710,,,1610612748,114,99,2021-10-30T02:01:39Z,6580000,,,0,,J. Butler REBOUND (Off:5 Def:5),[202710],1610612748.0,MIA,,,,Butler,J. Butler,,,,,,,665.0,10.0,5.0,5.0,,,,,,,,,,,,,,,
667,PT00M23.20S,2021-10-30T02:02:03.5Z,4,REGULAR,turnover,shot clock,['team'],0,,,1610612748,114,99,2021-10-30T02:02:19Z,6590000,,,0,,MIA shot clock Team TURNOVER,[],1610612748.0,MIA,,,,,,,,,,,,,,,,1146.0,,,,,,,,,,,,,,
668,PT00M18.60S,2021-10-30T02:02:18.3Z,4,REGULAR,3pt,Jump Shot,['fromturnover'],1628970,25.443495400788436,82.35294117647058,1610612766,114,99,2021-10-30T02:02:23Z,6600000,-162.0,187.0,1,left,MISS M. Bridges 24' 3PT,[1628970],1610612766.0,CHA,,,,Bridges,M. Bridges,,,,,24.71,Missed,,,,,,,,,,,,,,,,,,,
669,PT00M15.80S,2021-10-30T02:02:21.1Z,4,REGULAR,rebound,defensive,[],1628389,,,1610612748,114,99,2021-10-30T02:02:21Z,6610000,,,0,,B. Adebayo REBOUND (Off:4 Def:15),[1628389],1610612748.0,MIA,,,,Adebayo,B. Adebayo,,,,,,,668.0,19.0,15.0,4.0,,,,,,,,,,,,,,,
670,PT00M00.00S,2021-10-30T02:02:38.1Z,4,REGULAR,period,end,[],0,,,1610612748,114,99,2021-10-30T02:02:38Z,6620000,,,0,,Period End,[],,,,,,,,,,,,,,,,,,,,,,,,,,,,,,,,
671,PT00M00.00S,2021-10-30T02:02:39.8Z,4,REGULAR,game,end,[],0,,,0,114,99,2021-10-30T02:02:39Z,6630000,,,0,,Game End,[],,,,,,,,,,,,,,,,,,,,,,,,,,,,,,,,
