actionNumber,clock,timeActual,period,periodType,actionType,subType,qualifiers,personId,x,y,possession,scoreHome,scoreAway,edited,orderNumber,isTargetScoreLastPeriod,xLegacy,yLegacy,isFieldGoal,side,description,personIdsFilter,teamId,teamTricode,descriptor,jumpBallRecoveredName,jumpBallRecoverdPersonId,playerName,playerNameI,jumpBallWonPlayerName,jumpBallWonPersonId,jumpBallLostPlayerName,jumpBallLostPersonId,area,areaDetail,shotDistance,shotResult,pointsTotal,assistPlayerNameInitial,assistPersonId,assistTotal,shotActionNumber,reboundTotal,reboundDefensiveTotal,reboundOffensiveTotal,officialId,foulPersonalTotal,foulTechnicalTotal,foulDrawnPlayerName,foulDrawnPersonId,turnoverTotal,stealPlayerName,stealPersonId,blockPlayerName,blockPersonId
2,PT12M00.00S,2025-04-07T00:40:26.8Z,1,REGULAR,period,start,[],0,,,0,0,0,2025-04-07T00:40:26Z,20000,False,,,0,,Period Start,[],,,,,,,,,,,,,,,,,,,,,,,,,,,,,,,,,
4,PT12M00.00S,2025-04-07T00:40:29.9Z,1,REGULAR,jumpball,recovered,[],1628398,,,1610612749,0,0,2025-04-07T00:40:29Z,40000,False,,,0,,Jump Ball B. Lopez vs. Y. Missi: Tip to K. Kuzma,"[1628398, 201572, 1642274]",1610612749.0,MIL,startperiod,K. Kuzma,1628398.0,Kuzma,K. Kuzma,Lopez,201572.0,Missi,1642274.0,,,,,,,,,,,,,,,,,,,,,,
7,PT11M46.00S,2025-04-07T00:40:41.1Z,1,REGULAR,2pt,Layup,['pointsinthepaint'],1628398,11.169513797634693,40.93520220588235,1610612749,0,2,2025-04-07T00:41:06Z,70000,False,45.0,52.0,1,left,K. Kuzma 6' driving Layup (2 PTS) (K. Porter Jr. 1 AST),"[1628398, 1629645]",1610612749.0,MIL,driving,,,Kuzma,K. Kuzma,,,,,In The Paint (Non-RA),0-8 Center,6.93,Made,2.0,K. Porter Jr.,1629645.0,1.0,,,,,,,,,,,,,,
9,PT11M23.00S,2025-04-07T00:41:03.3Z,1,REGULAR,3pt,Jump Shot,[],1641810,75.82128777923785,90.90839460784314,1610612740,3,2,2025-04-07T00:41:18Z,90000,False,205.0,175.0,1,right,A. Reeves 26' 3PT  (3 PTS) (B. Brown 1 AST),"[1641810, 1628971]",1610612740.0,NOP,,,,Reeves,A. Reeves,,,,,Above the Break 3,24+ Right Center,26.9,Made,3.0,B. Brown,1628971.0,1.0,,,,,,,,,,,,,,
11,PT11M03.00S,2025-04-07T00:41:22.6Z,1,REGULAR,3pt,Jump Shot,[],201572,31.586727989487514,75.98039215686275,1610612749,3,5,2025-04-07T00:41:36Z,110000,False,-130.0,244.0,1,left,B. Lopez 27' 3PT  (3 PTS) (K. Kuzma 1 AST),"[201572, 1628398]",1610612749.0,MIL,,,,Lopez,B. Lopez,,,,,Above the Break 3,24+ Left Center,27.68,Made,3.0,K. Kuzma,1628398.0,1.0,,,,,,,,,,,,,,
13,PT10M41.00S,2025-04-07T00:41:47.6Z,1,REGULAR,2pt,Jump Shot,[],1628971,90.40735873850197,71.26991421568627,1610612740,3,5,2025-04-07T00:42:10Z,130000,False,106.0,38.0,1,right,MISS B. Brown 11' driving floating bank Shot,[1628971],1610612740.0,NOP,driving floating bank,,,Brown,B. Brown,,,,,Mid-Range,8-16 Right,11.28,Missed,,,,,,,,,,,,,,,,,,
14,PT10M37.00S,2025-04-07T00:41:51.6Z,1,REGULAR,rebound,defensive,[],1627752,,,1610612749,3,5,2025-04-07T00:42:10Z,140000,False,,,0,,T. Prince REBOUND (Off:0 Def:1),[1627752],1610612749.0,MIL,,,,Prince,T. Prince,,,,,Mid-Range,8-16 Right,,,,,,,13.0,1.0,1.0,0.0,,,,,,,,,,
15,PT10M26.00S,2025-04-07T00:42:01.9Z,1,REGULAR,2pt,Jump Shot,['pointsinthepaint'],1628398,12.746386333771355,48.364736519607845,1610612749,3,5,2025-04-07T00:42:29Z,150000,False,8.0,67.0,1,left,MISS K. Kuzma 6' driving floating Shot,[1628398],1610612749.0,MIL,driving floating,,,Kuzma,K. Kuzma,,,,,In The Paint (Non-RA),0-8 Center,6.78,Missed,,,,,,,,,,,,,,,,,,
16,PT10M25.00S,2025-04-07T00:42:02.9Z,1,REGULAR,rebound,defensive,[],1642274,,,1610612740,3,5,2025-04-07T00:42:29Z,160000,False,,,0,,Y. Missi REBOUND (Off:0 Def:1),[1642274],1610612740.0,NOP,,,,Missi,Y. Missi,,,,,In The Paint (Non-RA),0-8 Center,,,,,,,15.0,1.0,1.0,0.0,,,,,,,,,,
17,PT10M16.00S,2025-04-07T00:42:14.5Z,1,REGULAR,2pt,Jump Shot,['pointsinthepaint'],1641810,84.09986859395532,59.286917892156865,1610612740,3,5,2025-04-07T00:42:47Z,170000,False,46.0,97.0,1,right,MISS A. Reeves 10' driving floating Shot,[1641810],1610612740.0,NOP,driving floating,,,Reeves,A. Reeves,,,,,In The Paint (Non-RA),8-16 Center,10.75,Missed,,,,,,,,,,,,,,,,,,
18,PT10M15.00S,2025-04-07T00:42:15.5Z,1,REGULAR,rebound,offensive,[],1642274,,,1610612740,3,5,2025-04-07T00:42:47Z,180000,False,,,0,,Y. Missi REBOUND (Off:1 Def:1),[1642274],1610612740.0,NOP,,,,Missi,Y. Missi,,,,,In The Paint (Non-RA),8-16 Center,,,,,,,17.0,2.0,1.0,1.0,,,,,,,,,,
19,PT10M15.00S,2025-04-07T00:42:18.7Z,1,REGULAR,2pt,DUNK,"['2ndchance', 'pointsinthepaint']",1642274,92.11563731931669,45.93290441176471,1610612740,5,5,2025-04-07T00:42:59Z,190000,False,-20.0,22.0,1,right,Y. Missi tip DUNK (2 PTS),[1642274],1610612740.0,NOP,tip,,,Missi,Y. Missi,,,,,Restricted Area,0-8 Center,2.96,Made,2.0,,,,,,,,,,,,,,,,,
20,PT09M59.00S,2025-04-07T00:42:30.3Z,1,REGULAR,2pt,Jump Shot,['pointsinthepaint'],1629645,12.040078843626807,52.94117647058824,1610612749,5,5,2025-04-07T00:43:30Z,200000,False,-15.0,61.0,1,left,MISS K. Porter Jr. 6' turnaround Shot,[1629645],1610612749.0,MIL,turnaround,,,Porter Jr.,K. Porter Jr.,,,,,In The Paint (Non-RA),0-8 Center,6.25,Missed,,,,,,,,,,,,,,,,,,
21,PT09M57.00S,2025-04-07T00:42:32.3Z,1,REGULAR,rebound,defensive,[],1642274,,,1610612740,5,5,2025-04-07T00:43:30Z,210000,False,,,0,,Y. Missi REBOUND (Off:1 Def:2),[1642274],1610612740.0,NOP,,,,Missi,Y. Missi,,,,,In The Paint (Non-RA),0-8 Center,,,,,,,20.0,3.0,2.0,1.0,,,,,,,,,,
22,PT09M38.00S,2025-04-07T00:42:48.6Z,1,REGULAR,2pt,Jump Shot,[],1631232,92.90407358738501,77.67310049019608,1610612740,7,5,2025-04-07T00:43:52Z,220000,False,138.0,14.0,1,right,K. Brooks Jr. 13' pullup Jump Shot (2 PTS) (Y. Missi 1 AST),"[1631232, 1642274]",1610612740.0,NOP,pullup,,,Brooks Jr.,K. Brooks Jr.,,,,,Mid-Range,8-16 Right,13.91,Made,2.0,Y. Missi,1642274.0,1.0,,,,,,,,,,,,,,
24,PT09M25.00S,2025-04-07T00:43:02.6Z,1,REGULAR,3pt,Jump Shot,[],1627752,5.913272010512486,97.52604166666667,1610612749,7,5,2025-04-07T00:44:05Z,240000,False,-238.0,3.0,1,left,MISS T. Prince 3PT,[1627752],1610612749.0,MIL,,,,Prince,T. Prince,,,,,Left Corner 3,24+ Left,23.76,Missed,,,,,,,,,,,,,,,,,,
25,PT09M23.00S,2025-04-07T00:43:04.6Z,1,REGULAR,rebound,defensive,[],1641810,,,1610612740,7,5,2025-04-07T00:44:05Z,250000,False,,,0,,A. Reeves REBOUND (Off:0 Def:1),[1641810],1610612740.0,NOP,,,,Reeves,A. Reeves,,,,,Left Corner 3,24+ Left,,,,,,,24.0,1.0,1.0,0.0,,,,,,,,,,
26,PT09M16.00S,2025-04-07T00:43:10.8Z,1,REGULAR,3pt,Jump Shot,['fastbreak'],1641810,65.22667542706964,32.084865196078425,1610612740,7,5,2025-04-07T00:44:20Z,260000,False,-90.0,274.0,1,right,MISS A. Reeves 28' running 3PT,[1641810],1610612740.0,NOP,running,,,Reeves,A. Reeves,,,,,Above the Break 3,24+ Left Center,28.87,Missed,,,,,,,,,,,,,,,,,,
27,PT09M13.00S,2025-04-07T00:43:13.8Z,1,REGULAR,rebound,defensive,[],1629018,,,1610612749,7,5,2025-04-07T00:44:20Z,270000,False,,,0,,G. Trent Jr. REBOUND (Off:0 Def:1),[1629018],1610612749.0,MIL,,,,Trent Jr.,G. Trent Jr.,,,,,Above the Break 3,24+ Left Center,,,,,,,26.0,1.0,1.0,0.0,,,,,,,,,,
28,PT09M07.00S,2025-04-07T00:43:21.1Z,1,REGULAR,foul,personal,['2freethrow'],1641810,,,1610612749,7,5,2025-04-07T00:44:42Z,280000,False,,,0,,A. Reeves shooting personal FOUL (1 PF) (Trent Jr. 2 FT),"[1641810, 1629018]",1610612740.0,NOP,shooting,,,Reeves,A. Reeves,,,,,In The Paint (Non-RA),0-8 Center,,,,,,,,,,,202058.0,1.0,0.0,Trent Jr.,1629018.0,,,,,
30,PT09M07.00S,2025-04-07T00:43:50.0Z,1,REGULAR,freethrow,1 of 2,[],1629018,,,1610612749,7,6,2025-04-07T00:43:50Z,300000,False,,,0,,G. Trent Jr. Free Throw 1 of 2 (1 PTS),[1629018],1610612749.0,MIL,,,,Trent Jr.,G. Trent Jr.,,,,,,,,Made,1.0,,,,,,,,,,,,,,,,,
31,PT09M07.00S,2025-04-07T00:44:15.4Z,1,REGULAR,freethrow,2 of 2,[],1629018,,,1610612749,7,7,2025-04-07T00:44:15Z,310000,False,,,0,,G. Trent Jr. Free Throw 2 of 2 (2 PTS),[1629018],1610612749.0,MIL,,,,Trent Jr.,G. Trent Jr.,,,,,,,,Made,2.0,,,,,,,,,,,,,,,,,
32,PT08M56.00S,2025-04-07T00:44:18.8Z,1,REGULAR,2pt,Jump Shot,['pointsinthepaint'],1641810,84.49408672798948,51.38633578431372,1610612740,9,7,2025-04-07T00:45:01Z,320000,False,7.0,93.0,1,right,A. Reeves 9' driving floating Jump Shot (5 PTS) (E. Payton 1 AST),"[1641810, 203901]",1610612740.0,NOP,driving floating,,,Reeves,A. Reeves,,,,,In The Paint (Non-RA),8-16 Center,9.36,Made,5.0,E. Payton,203901.0,1.0,,,,,,,,,,,,,,
34,PT08M38.00S,2025-04-07T00:44:36.8Z,1,REGULAR,2pt,Jump Shot,[],1629018,22.470433639947444,45.27803308823529,1610612749,9,9,2025-04-07T00:45:16Z,340000,False,24.0,159.0,1,left,G. Trent Jr. 16' pullup Jump Shot (4 PTS) (K. Porter Jr. 2 AST),"[1629018, 1629645]",1610612749.0,MIL,pullup,,,Trent Jr.,G. Trent Jr.,,,,,Mid-Range,16-24 Center,16.04,Made,4.0,K. Porter Jr.,1629645.0,2.0,,,,,,,,,,,,,,
36,PT08M26.00S,2025-04-07T00:44:52.0Z,1,REGULAR,turnover,out-of-bounds,[],203901,,,1610612740,9,9,2025-04-07T00:45:28Z,360000,False,,,0,,E. Payton step out-of-bounds TURNOVER (1 TO),[203901],1610612740.0,NOP,step,,,Payton,E. Payton,,,,,In The Paint (Non-RA),0-8 Center,,,,,,,,,,,202058.0,,,,,1.0,,,,
37,PT08M18.00S,2025-04-07T00:45:07.6Z,1,REGULAR,2pt,Layup,"['pointsinthepaint', 'fromturnover', 'defensivegoaltending']",1628398,12.352168199737193,54.963235294117645,1610612749,9,11,2025-04-07T00:45:42Z,370000,False,-25.0,64.0,1,left,K. Kuzma 6' driving Layup (4 PTS),[1628398],1610612749.0,MIL,driving,,,Kuzma,K. Kuzma,,,,,In The Paint (Non-RA),0-8 Center,6.83,Made,4.0,,,,,,,,,,,,,,,,,
38,PT08M18.00S,2025-04-07T00:45:13.1Z,1,REGULAR,violation,defensive goaltending,[],1642274,,,1610612749,9,11,2025-04-07T00:45:17Z,380000,False,,,0,,Y. Missi defensive goaltending VIOLATION,[1642274],1610612740.0,NOP,,,,Missi,Y. Missi,,,,,,,,,,,,,,,,,202058.0,,,,,,,,,
39,PT08M07.00S,2025-04-07T00:45:29.6Z,1,REGULAR,foul,personal,['2freethrow'],1627752,,,1610612740,9,11,2025-04-07T00:46:17Z,390000,False,,,0,,T. Prince shooting personal FOUL (1 PF) (Brown 2 FT),"[1627752, 1628971]",1610612749.0,MIL,shooting,,,Prince,T. Prince,,,,,In The Paint (Non-RA),8-16 Center,,,,,,,,,,,1627541.0,1.0,0.0,Brown,1628971.0,,,,,
41,PT08M07.00S,2025-04-07T00:45:53.5Z,1,REGULAR,freethrow,1 of 2,[],1628971,,,1610612740,10,11,2025-04-07T00:45:53Z,410000,False,,,0,,B. Brown Free Throw 1 of 2 (1 PTS),[1628971],1610612740.0,NOP,,,,Brown,B. Brown,,,,,,,,Made,1.0,,,,,,,,,,,,,,,,,
42,PT08M07.00S,2025-04-07T00:46:12.0Z,1,REGULAR,freethrow,2 of 2,[],1628971,,,1610612740,11,11,2025-04-07T00:46:12Z,420000,False,,,0,,B. Brown Free Throw 2 of 2 (2 PTS),[1628971],1610612740.0,NOP,,,,Brown,B. Brown,,,,,,,,Made,2.0,,,,,,,,,,,,,,,,,
43,PT07M56.00S,2025-04-07T00:46:27.0Z,1,REGULAR,2pt,Jump Shot,['pointsinthepaint'],1629645,12.614980289093296,56.57169117647059,1610612749,11,11,2025-04-07T00:46:56Z,430000,False,-33.0,66.0,1,left,MISS K. Porter Jr. 7' pullup Shot,[1629645],1610612749.0,MIL,pullup,,,Porter Jr.,K. Porter Jr.,,,,,In The Paint (Non-RA),0-8 Center,7.38,Missed,,,,,,,,,,,,,,,,,,
44,PT07M54.00S,2025-04-07T00:46:29.0Z,1,REGULAR,rebound,offensive,[],201572,,,1610612749,11,11,2025-04-07T00:46:56Z,440000,False,,,0,,B. Lopez REBOUND (Off:1 Def:0),[201572],1610612749.0,MIL,,,,Lopez,B. Lopez,,,,,In The Paint (Non-RA),0-8 Center,,,,,,,43.0,1.0,0.0,1.0,,,,,,,,,,
45,PT07M54.00S,2025-04-07T00:46:31.8Z,1,REGULAR,2pt,Layup,"['2ndchance', 'pointsinthepaint']",201572,8.015768725361369,46.66819852941176,1610612749,11,13,2025-04-07T00:47:03Z,450000,False,17.0,23.0,1,left,B. Lopez tip Layup (5 PTS),[201572],1610612749.0,MIL,tip,,,Lopez,B. Lopez,,,,,Restricted Area,0-8 Center,2.83,Made,5.0,,,,,,,,,,,,,,,,,
46,PT07M42.00S,2025-04-07T00:46:39.2Z,1,REGULAR,3pt,Jump Shot,[],1628971,70.51166228646518,20.320159313725497,1610612740,11,13,2025-04-07T00:47:20Z,460000,False,-148.0,225.0,1,right,MISS B. Brown 26' 3PT,[1628971],1610612740.0,NOP,,,,Brown,B. Brown,,,,,Above the Break 3,24+ Left Center,26.93,Missed,,,,,,,,,,,,,,,,,,
47,PT07M40.00S,2025-04-07T00:46:41.2Z,1,REGULAR,rebound,defensive,[],201572,,,1610612749,11,13,2025-04-07T00:47:20Z,470000,False,,,0,,B. Lopez REBOUND (Off:1 Def:1),[201572],1610612749.0,MIL,,,,Lopez,B. Lopez,,,,,Above the Break 3,24+ Left Center,,,,,,,46.0,2.0,1.0,1.0,,,,,,,,,,
48,PT07M29.00S,2025-04-07T00:46:50.4Z,1,REGULAR,3pt,Jump Shot,[],201572,33.952036793692514,31.617647058823522,1610612749,11,16,2025-04-07T00:47:42Z,480000,False,92.0,267.0,1,left,B. Lopez 28' 3PT  (8 PTS) (K. Kuzma 2 AST),"[201572, 1628398]",1610612749.0,MIL,,,,Lopez,B. Lopez,,,,,Above the Break 3,24+ Right Center,28.2,Made,8.0,K. Kuzma,1628398.0,2.0,,,,,,,,,,,,,,
50,PT07M15.00S,2025-04-07T00:47:07.7Z,1,REGULAR,2pt,Jump Shot,[],203901,94.48094612352168,66.77006740196079,1610612740,11,16,2025-04-07T00:48:11Z,500000,False,84.0,-1.0,1,right,MISS E. Payton 8' driving floating Shot,[203901],1610612740.0,NOP,driving floating,,,Payton,E. Payton,,,,,Mid-Range,8-16 Right,8.39,Missed,,,,,,,,,,,,,,,,,,
51,PT07M14.00S,2025-04-07T00:47:08.7Z,1,REGULAR,rebound,defensive,[],1628398,,,1610612749,11,16,2025-04-07T00:48:11Z,510000,False,,,0,,K. Kuzma REBOUND (Off:0 Def:1),[1628398],1610612749.0,MIL,,,,Kuzma,K. Kuzma,,,,,Mid-Range,8-16 Right,,,,,,,50.0,1.0,1.0,0.0,,,,,,,,,,
52,PT07M05.00S,2025-04-07T00:47:15.9Z,1,REGULAR,2pt,Layup,['pointsinthepaint'],1628398,7.88436268068331,45.74525122549019,1610612749,11,18,2025-04-07T00:48:31Z,520000,False,21.0,22.0,1,left,K. Kuzma driving Layup (6 PTS),[1628398],1610612749.0,MIL,driving,,,Kuzma,K. Kuzma,,,,,Restricted Area,0-8 Center,3.03,Made,6.0,,,,,,,,,,,,,,,,,
53,PT06M58.00S,2025-04-07T00:47:27.3Z,1,REGULAR,timeout,full,"['team', 'mandatory']",0,,,1610612740,11,18,2025-04-07T00:47:27Z,530000,False,,,0,,NOP Timeout,[],1610612740.0,NOP,,,,,,,,,,,,,,,,,,,,,,,,,,,,,,,
54,PT06M45.00S,2025-04-07T00:50:33.8Z,1,REGULAR,2pt,Layup,['pointsinthepaint'],1641810,95.0065703022339,51.14123774509804,1610612740,11,18,2025-04-07T00:50:56Z,540000,False,6.0,-6.0,1,right,MISS A. Reeves cutting Layup,[1641810],1610612740.0,NOP,cutting,,,Reeves,A. Reeves,,,,,Restricted Area,0-8 Center,0.8,Missed,,,,,,,,,,,,,,,,,,
55,PT06M44.00S,2025-04-07T00:50:34.8Z,1,REGULAR,rebound,defensive,[],1627752,,,1610612749,11,18,2025-04-07T00:50:56Z,550000,False,,,0,,T. Prince REBOUND (Off:0 Def:2),[1627752],1610612749.0,MIL,,,,Prince,T. Prince,,,,,Restricted Area,0-8 Center,,,,,,,54.0,2.0,2.0,0.0,,,,,,,,,,
56,PT06M33.00S,2025-04-07T00:50:44.5Z,1,REGULAR,turnover,lost ball,[],1628398,,,1610612749,11,18,2025-04-07T00:51:15Z,560000,False,,,0,,K. Kuzma lost ball TURNOVER (1 TO),"[1628398, 1641810]",1610612749.0,MIL,,,,Kuzma,K. Kuzma,,,,,Mid-Range,16-24 Center,,,,,,,,,,,,,,,,1.0,Reeves,1641810.0,,
57,PT06M33.00S,2025-04-07T00:50:44.5Z,1,REGULAR,steal,,[],1641810,,,1610612740,11,18,2025-04-07T00:50:47Z,570000,False,,,0,,A. Reeves STEAL (1 STL),[1641810],1610612740.0,NOP,,,,Reeves,A. Reeves,,,,,Mid-Range,16-24 Center,,,,,,,,,,,,,,,,,,,,
58,PT06M25.00S,2025-04-07T00:50:52.7Z,1,REGULAR,2pt,Layup,"['fastbreak', 'pointsinthepaint', 'fromturnover']",1631232,93.29829172141919,45.630361519607845,1610612740,13,18,2025-04-07T00:51:44Z,580000,False,-22.0,10.0,1,right,K. Brooks Jr. running Layup (4 PTS) (A. Reeves 1 AST),"[1631232, 1641810]",1610612740.0,NOP,running,,,Brooks Jr.,K. Brooks Jr.,,,,,Restricted Area,0-8 Center,2.42,Made,4.0,A. Reeves,1641810.0,1.0,,,,,,,,,,,,,,
60,PT06M06.00S,2025-04-07T00:51:12.4Z,1,REGULAR,2pt,Jump Shot,['pointsinthepaint'],1629645,15.900131406044679,44.829963235294116,1610612749,13,18,2025-04-07T00:52:02Z,600000,False,26.0,97.0,1,left,MISS K. Porter Jr. 10' driving floating Shot,[1629645],1610612749.0,MIL,driving floating,,,Porter Jr.,K. Porter Jr.,,,,,In The Paint (Non-RA),8-16 Center,10.04,Missed,,,,,,,,,,,,,,,,,,
61,PT06M04.00S,2025-04-07T00:51:14.4Z,1,REGULAR,rebound,defensive,[],1642274,,,1610612740,13,18,2025-04-07T00:52:02Z,610000,False,,,0,,Y. Missi REBOUND (Off:1 Def:3),[1642274],1610612740.0,NOP,,,,Missi,Y. Missi,,,,,In The Paint (Non-RA),8-16 Center,,,,,,,60.0,4.0,3.0,1.0,,,,,,,,,,
62,PT05M46.00S,2025-04-07T00:51:31.1Z,1,REGULAR,2pt,Layup,['pointsinthepaint'],1628971,88.69908015768725,54.81770833333333,1610612740,15,18,2025-04-07T00:52:20Z,620000,False,24.0,54.0,1,right,B. Brown cutting Layup (4 PTS) (E. Payton 2 AST),"[1628971, 203901]",1610612740.0,NOP,cutting,,,Brown,B. Brown,,,,,In The Paint (Non-RA),0-8 Center,5.89,Made,4.0,E. Payton,203901.0,2.0,,,,,,,,,,,,,,
64,PT05M33.00S,2025-04-07T00:51:44.9Z,1,REGULAR,2pt,Layup,['pointsinthepaint'],1628398,11.300919842312751,48.60983455882353,1610612749,15,18,2025-04-07T00:52:39Z,640000,False,7.0,54.0,1,left,MISS K. Kuzma cutting Layup,[1628398],1610612749.0,MIL,cutting,,,Kuzma,K. Kuzma,,,,,In The Paint (Non-RA),0-8 Center,5.42,Missed,,,,,,,,,,,,,,,,,,
65,PT05M30.00S,2025-04-07T00:51:47.9Z,1,REGULAR,rebound,defensive,[],1628971,,,1610612740,15,18,2025-04-07T00:52:39Z,650000,False,,,0,,B. Brown REBOUND (Off:0 Def:1),[1628971],1610612740.0,NOP,,,,Brown,B. Brown,,,,,In The Paint (Non-RA),0-8 Center,,,,,,,64.0,1.0,1.0,0.0,,,,,,,,,,
66,PT05M25.00S,2025-04-07T00:51:53.5Z,1,REGULAR,2pt,DUNK,"['fastbreak', 'pointsinthepaint']",1642274,94.87516425755585,44.385723039215684,1610612740,15,18,2025-04-07T00:53:29Z,660000,False,-28.0,-4.0,1,right,MISS Y. Missi running alley-oop DUNK - blocked,"[1642274, 201572]",1610612740.0,NOP,running alley-oop,,,Missi,Y. Missi,,,,,Restricted Area,0-8 Center,2.84,Missed,,,,,,,,,,,,,,,,,Lopez,201572.0
67,PT05M25.00S,2025-04-07T00:51:53.5Z,1,REGULAR,block,,[],201572,,,1610612740,15,18,2025-04-07T00:51:56Z,670000,False,,,0,,B. Lopez BLOCK (1 BLK),[201572],1610612749.0,MIL,,,,Lopez,B. Lopez,,,,,Restricted Area,0-8 Center,,,,,,,,,,,,,,,,,,,,
68,PT05M21.00S,2025-04-07T00:51:57.5Z,1,REGULAR,rebound,offensive,[],203901,,,1610612740,15,18,2025-04-07T00:53:29Z,680000,False,,,0,,E. Payton REBOUND (Off:1 Def:0),[203901],1610612740.0,NOP,,,,Payton,E. Payton,,,,,Restricted Area,0-8 Center,,,,,,,66.0,1.0,0.0,1.0,,,,,,,,,,
69,PT05M18.00S,2025-04-07T00:51:59.9Z,1,REGULAR,2pt,Layup,"['pointsinthepaint', '2ndchance']",1631232,89.22470433639947,46.591605392156865,1610612740,17,18,2025-04-07T00:53:41Z,690000,False,-17.0,49.0,1,right,K. Brooks Jr. cutting Layup (6 PTS) (E. Payton 3 AST),"[1631232, 203901]",1610612740.0,NOP,cutting,,,Brooks Jr.,K. Brooks Jr.,,,,,In The Paint (Non-RA),0-8 Center,5.17,Made,6.0,E. Payton,203901.0,3.0,,,,,,,,,,,,,,
71,PT05M05.00S,2025-04-07T00:52:13.2Z,1,REGULAR,2pt,DUNK,['pointsinthepaint'],1629645,6.964520367936927,45.93290441176471,1610612749,17,20,2025-04-07T00:53:52Z,710000,False,20.0,13.0,1,left,K. Porter Jr. cutting DUNK (2 PTS) (K. Kuzma 3 AST),"[1629645, 1628398]",1610612749.0,MIL,cutting,,,Porter Jr.,K. Porter Jr.,,,,,Restricted Area,0-8 Center,2.41,Made,2.0,K. Kuzma,1628398.0,3.0,,,,,,,,,,,,,,
73,PT04M44.00S,2025-04-07T00:52:41.5Z,1,REGULAR,foul,personal,[],1628398,,,1610612740,17,20,2025-04-07T00:54:14Z,730000,False,,,0,,K. Kuzma personal FOUL (1 PF),"[1628398, 1642274]",1610612749.0,MIL,,,,Kuzma,K. Kuzma,,,,,Restricted Area,0-8 Center,,,,,,,,,,,202058.0,1.0,0.0,Missi,1642274.0,,,,,
75,PT04M44.00S,2025-04-07T00:52:56.1Z,1,REGULAR,substitution,out,[],1642274,,,1610612740,17,20,2025-04-07T00:53:10Z,750000,False,,,0,,SUB out: Y. Missi,[1642274],1610612740.0,NOP,,,,Missi,Y. Missi,,,,,,,,,,,,,,,,,,,,,,,,,,
76,PT04M44.00S,2025-04-07T00:52:56.1Z,1,REGULAR,substitution,out,[],203901,,,1610612740,17,20,2025-04-07T00:53:10Z,760000,False,,,0,,SUB out: E. Payton,[203901],1610612740.0,NOP,,,,Payton,E. Payton,,,,,,,,,,,,,,,,,,,,,,,,,,
77,PT04M44.00S,2025-04-07T00:52:56.1Z,1,REGULAR,substitution,out,[],1628398,,,1610612740,17,20,2025-04-07T00:53:10Z,770000,False,,,0,,SUB out: K. Kuzma,[1628398],1610612749.0,MIL,,,,Kuzma,K. Kuzma,,,,,,,,,,,,,,,,,,,,,,,,,,
78,PT04M44.00S,2025-04-07T00:52:56.1Z,1,REGULAR,substitution,out,[],1629018,,,1610612740,17,20,2025-04-07T00:53:10Z,780000,False,,,0,,SUB out: G. Trent Jr.,[1629018],1610612749.0,MIL,,,,Trent Jr.,G. Trent Jr.,,,,,,,,,,,,,,,,,,,,,,,,,,
79,PT04M44.00S,2025-04-07T00:52:56.1Z,1,REGULAR,substitution,in,[],1631255,,,1610612740,17,20,2025-04-07T00:53:10Z,790000,False,,,0,,SUB in: K. Matković,[1631255],1610612740.0,NOP,,,,Matković,K. Matković,,,,,,,,,,,,,,,,,,,,,,,,,,
80,PT04M44.00S,2025-04-07T00:52:56.1Z,1,REGULAR,substitution,in,[],1631288,,,1610612740,17,20,2025-04-07T00:53:10Z,800000,False,,,0,,SUB in: J. Cain,[1631288],1610612740.0,NOP,,,,Cain,J. Cain,,,,,,,,,,,,,,,,,,,,,,,,,,
81,PT04M44.00S,2025-04-07T00:52:56.1Z,1,REGULAR,substitution,in,[],1631260,,,1610612740,17,20,2025-04-07T00:53:10Z,810000,False,,,0,,SUB in: A. Green,[1631260],1610612749.0,MIL,,,,Green,A. Green,,,,,,,,,,,,,,,,,,,,,,,,,,
82,PT04M44.00S,2025-04-07T00:52:56.1Z,1,REGULAR,substitution,in,[],1631157,,,1610612740,17,20,2025-04-07T00:53:10Z,820000,False,,,0,,SUB in: R. Rollins,[1631157],1610612749.0,MIL,,,,Rollins,R. Rollins,,,,,,,,,,,,,,,,,,,,,,,,,,
83,PT04M34.00S,2025-04-07T00:53:28.4Z,1,REGULAR,2pt,Jump Shot,[],1631255,78.3180026281209,50.19914215686275,1610612740,17,20,2025-04-07T00:54:43Z,830000,False,1.0,151.0,1,right,MISS K. Matković 15' Jump Shot,[1631255],1610612740.0,NOP,,,,Matković,K. Matković,,,,,Mid-Range,8-16 Center,15.13,Missed,,,,,,,,,,,,,,,,,,
84,PT04M31.00S,2025-04-07T00:53:31.4Z,1,REGULAR,rebound,defensive,[],1629645,,,1610612749,17,20,2025-04-07T00:54:43Z,840000,False,,,0,,K. Porter Jr. REBOUND (Off:0 Def:1),[1629645],1610612749.0,MIL,,,,Porter Jr.,K. Porter Jr.,,,,,Mid-Range,8-16 Center,,,,,,,83.0,1.0,1.0,0.0,,,,,,,,,,
85,PT04M17.00S,2025-04-07T00:53:44.8Z,1,REGULAR,3pt,Jump Shot,[],1629645,26.14980289093299,11.986825980392155,1610612749,17,20,2025-04-07T00:55:06Z,850000,False,190.0,193.0,1,left,MISS K. Porter Jr. 27' 3PT,[1629645],1610612749.0,MIL,,,,Porter Jr.,K. Porter Jr.,,,,,Above the Break 3,24+ Right Center,27.11,Missed,,,,,,,,,,,,,,,,,,
86,PT04M15.00S,2025-04-07T00:53:46.8Z,1,REGULAR,rebound,defensive,[],1631255,,,1610612740,17,20,2025-04-07T00:55:06Z,860000,False,,,0,,K. Matković REBOUND (Off:0 Def:1),[1631255],1610612740.0,NOP,,,,Matković,K. Matković,,,,,Above the Break 3,24+ Right Center,,,,,,,85.0,1.0,1.0,0.0,,,,,,,,,,
87,PT03M56.00S,2025-04-07T00:54:06.0Z,1,REGULAR,2pt,Layup,['pointsinthepaint'],1631255,92.90407358738501,54.346660539215684,1610612740,19,20,2025-04-07T00:57:26Z,870000,False,22.0,14.0,1,right,K. Matković alley-oop Layup (2 PTS) (B. Brown 2 AST),"[1631255, 1628971]",1610612740.0,NOP,alley-oop,,,Matković,K. Matković,,,,,Restricted Area,0-8 Center,2.59,Made,2.0,B. Brown,1628971.0,2.0,,,,,,,,,,,,,,
89,PT03M34.00S,2025-04-07T00:54:26.5Z,1,REGULAR,3pt,Jump Shot,[],1631260,9.329829172141928,3.1632965686274446,1610612749,19,23,2025-04-07T00:57:45Z,890000,False,234.0,35.0,1,left,A. Green 3PT  (3 PTS) (R. Rollins 1 AST),"[1631260, 1631157]",1610612749.0,MIL,,,,Green,A. Green,,,,,Right Corner 3,24+ Right,23.68,Made,3.0,R. Rollins,1631157.0,1.0,,,,,,,,,,,,,,
91,PT03M18.00S,2025-04-07T00:54:45.3Z,1,REGULAR,3pt,Jump Shot,[],1631255,71.46024967148489,79.1436887254902,1610612740,19,23,2025-04-07T00:58:06Z,910000,False,146.0,216.0,1,right,MISS K. Matković 26' 3PT,[1631255],1610612740.0,NOP,,,,Matković,K. Matković,,,,,Above the Break 3,24+ Right Center,26.04,Missed,,,,,,,,,,,,,,,,,,
92,PT03M18.00S,2025-04-07T00:54:45.3Z,1,REGULAR,rebound,defensive,[],1629645,,,1610612749,19,23,2025-04-07T00:58:06Z,920000,False,,,0,,K. Porter Jr. REBOUND (Off:0 Def:2),[1629645],1610612749.0,MIL,,,,Porter Jr.,K. Porter Jr.,,,,,Above the Break 3,24+ Right Center,,,,,,,91.0,2.0,2.0,0.0,,,,,,,,,,
93,PT03M09.00S,2025-04-07T00:54:54.3Z,1,REGULAR,2pt,Layup,['pointsinthepaint'],1629645,12.220762155059134,48.65196078431373,1610612749,19,23,2025-04-07T00:58:34Z,930000,False,7.0,62.0,1,left,MISS K. Porter Jr. 6' driving Layup,[1629645],1610612749.0,MIL,driving,,,Porter Jr.,K. Porter Jr.,,,,,In The Paint (Non-RA),0-8 Center,6.28,Missed,,,,,,,,,,,,,,,,,,
94,PT03M06.00S,2025-04-07T00:54:57.3Z,1,REGULAR,rebound,defensive,[],1631255,,,1610612740,19,23,2025-04-07T00:58:34Z,940000,False,,,0,,K. Matković REBOUND (Off:0 Def:2),[1631255],1610612740.0,NOP,,,,Matković,K. Matković,,,,,In The Paint (Non-RA),0-8 Center,,,,,,,93.0,2.0,2.0,0.0,,,,,,,,,,
95,PT02M53.00S,2025-04-07T00:55:09.3Z,1,REGULAR,2pt,Layup,[],1628971,89.61892247043365,66.07306985294117,1610612740,21,23,2025-04-07T00:58:51Z,950000,False,80.0,45.0,1,right,B. Brown 9' driving Layup (6 PTS),[1628971],1610612740.0,NOP,driving,,,Brown,B. Brown,,,,,Mid-Range,8-16 Right,9.22,Made,6.0,,,,,,,,,,,,,,,,,
96,PT02M45.00S,2025-04-07T00:55:20.9Z,1,REGULAR,timeout,full,"['team', 'mandatory']",0,,,1610612749,21,23,2025-04-07T00:55:21Z,960000,False,,,0,,MIL Timeout,[],1610612749.0,MIL,,,,,,,,,,,,,,,,,,,,,,,,,,,,,,,
97,PT02M45.00S,2025-04-07T00:57:36.4Z,1,REGULAR,substitution,out,[],1628971,,,1610612749,21,23,2025-04-07T00:57:58Z,970000,False,,,0,,SUB out: B. Brown,[1628971],1610612740.0,NOP,,,,Brown,B. Brown,,,,,,,,,,,,,,,,,,,,,,,,,,
98,PT02M45.00S,2025-04-07T00:57:36.4Z,1,REGULAR,substitution,out,[],1631232,,,1610612749,21,23,2025-04-07T00:57:58Z,980000,False,,,0,,SUB out: K. Brooks Jr.,[1631232],1610612740.0,NOP,,,,Brooks Jr.,K. Brooks Jr.,,,,,,,,,,,,,,,,,,,,,,,,,,
99,PT02M45.00S,2025-04-07T00:57:36.4Z,1,REGULAR,substitution,out,[],1641810,,,1610612749,21,23,2025-04-07T00:57:58Z,990000,False,,,0,,SUB out: A. Reeves,[1641810],1610612740.0,NOP,,,,Reeves,A. Reeves,,,,,,,,,,,,,,,,,,,,,,,,,,
100,PT02M45.00S,2025-04-07T00:57:36.4Z,1,REGULAR,substitution,out,[],1629645,,,1610612749,21,23,2025-04-07T00:57:58Z,1000000,False,,,0,,SUB out: K. Porter Jr.,[1629645],1610612749.0,MIL,,,,Porter Jr.,K. Porter Jr.,,,,,,,,,,,,,,,,,,,,,,,,,,
101,PT02M45.00S,2025-04-07T00:57:36.4Z,1,REGULAR,substitution,out,[],201572,,,1610612749,21,23,2025-04-07T00:57:58Z,1010000,False,,,0,,SUB out: B. Lopez,[201572],1610612749.0,MIL,,,,Lopez,B. Lopez,,,,,,,,,,,,,,,,,,,,,,,,,,
102,PT02M45.00S,2025-04-07T00:57:36.4Z,1,REGULAR,substitution,out,[],1627752,,,1610612749,21,23,2025-04-07T00:57:58Z,1020000,False,,,0,,SUB out: T. Prince,[1627752],1610612749.0,MIL,,,,Prince,T. Prince,,,,,,,,,,,,,,,,,,,,,,,,,,
103,PT02M45.00S,2025-04-07T00:57:36.4Z,1,REGULAR,substitution,in,[],1630526,,,1610612749,21,23,2025-04-07T00:57:58Z,1030000,False,,,0,,SUB in: J. Robinson-Earl,[1630526],1610612740.0,NOP,,,,Robinson-Earl,J. Robinson-Earl,,,,,,,,,,,,,,,,,,,,,,,,,,
104,PT02M45.00S,2025-04-07T00:57:36.4Z,1,REGULAR,substitution,in,[],1631311,,,1610612749,21,23,2025-04-07T00:57:58Z,1040000,False,,,0,,SUB in: L. Quinones,[1631311],1610612740.0,NOP,,,,Quinones,L. Quinones,,,,,,,,,,,,,,,,,,,,,,,,,,
105,PT02M45.00S,2025-04-07T00:57:36.4Z,1,REGULAR,substitution,in,[],203901,,,1610612749,21,23,2025-04-07T00:57:58Z,1050000,False,,,0,,SUB in: E. Payton,[203901],1610612740.0,NOP,,,,Payton,E. Payton,,,,,,,,,,,,,,,,,,,,,,,,,,
106,PT02M45.00S,2025-04-07T00:57:36.4Z,1,REGULAR,substitution,in,[],1629018,,,1610612749,21,23,2025-04-07T00:57:58Z,1060000,False,,,0,,SUB in: G. Trent Jr.,[1629018],1610612749.0,MIL,,,,Trent Jr.,G. Trent Jr.,,,,,,,,,,,,,,,,,,,,,,,,,,
107,PT02M45.00S,2025-04-07T00:57:36.4Z,1,REGULAR,substitution,in,[],1631250,,,1610612749,21,23,2025-04-07T00:57:58Z,1070000,False,,,0,,SUB in: P. Nance,[1631250],1610612749.0,MIL,,,,Nance,P. Nance,,,,,,,,,,,,,,,,,,,,,,,,,,
108,PT02M45.00S,2025-04-07T00:57:36.4Z,1,REGULAR,substitution,in,[],1628398,,,1610612749,21,23,2025-04-07T00:57:58Z,1080000,False,,,0,,SUB in: K. Kuzma,[1628398],1610612749.0,MIL,,,,Kuzma,K. Kuzma,,,,,,,,,,,,,,,,,,,,,,,,,,
109,PT02M31.00S,2025-04-07T00:58:25.9Z,1,REGULAR,3pt,Jump Shot,[],1631157,8.935611038107751,95.3201593137255,1610612749,21,23,2025-04-07T00:59:11Z,1090000,False,-227.0,31.0,1,left,MISS R. Rollins 3PT,[1631157],1610612749.0,MIL,,,,Rollins,R. Rollins,,,,,Left Corner 3,24+ Left,22.88,Missed,,,,,,,,,,,,,,,,,,
110,PT02M28.00S,2025-04-07T00:58:28.9Z,1,REGULAR,rebound,defensive,[],1631288,,,1610612740,21,23,2025-04-07T00:59:11Z,1100000,False,,,0,,J. Cain REBOUND (Off:0 Def:1),[1631288],1610612740.0,NOP,,,,Cain,J. Cain,,,,,Left Corner 3,24+ Left,,,,,,,109.0,1.0,1.0,0.0,,,,,,,,,,
111,PT02M20.00S,2025-04-07T00:58:36.5Z,1,REGULAR,2pt,Layup,['pointsinthepaint'],1631255,91.72141918528253,46.05545343137255,1610612740,23,23,2025-04-07T00:59:28Z,1110000,False,-20.0,25.0,1,right,K. Matković cutting Layup (4 PTS) (E. Payton 4 AST),"[1631255, 203901]",1610612740.0,NOP,cutting,,,Matković,K. Matković,,,,,Restricted Area,0-8 Center,3.21,Made,4.0,E. Payton,203901.0,4.0,,,,,,,,,,,,,,
113,PT02M01.00S,2025-04-07T00:58:55.7Z,1,REGULAR,2pt,Jump Shot,[],1629018,13.272010512483575,33.80055147058823,1610612749,23,25,2025-04-07T00:59:41Z,1130000,False,81.0,72.0,1,left,G. Trent Jr. 10' turnaround Jump Shot (6 PTS) (R. Rollins 2 AST),"[1629018, 1631157]",1610612749.0,MIL,turnaround,,,Trent Jr.,G. Trent Jr.,,,,,Mid-Range,8-16 Right,10.86,Made,6.0,R. Rollins,1631157.0,2.0,,,,,,,,,,,,,,
115,PT01M43.00S,2025-04-07T00:59:13.6Z,1,REGULAR,2pt,Layup,['pointsinthepaint'],1631311,88.30486202365309,45.611213235294116,1610612740,25,25,2025-04-07T00:59:54Z,1150000,False,-22.0,57.0,1,right,L. Quinones 6' cutting Layup (2 PTS) (E. Payton 5 AST),"[1631311, 203901]",1610612740.0,NOP,cutting,,,Quinones,L. Quinones,,,,,In The Paint (Non-RA),0-8 Center,6.14,Made,2.0,E. Payton,203901.0,5.0,,,,,,,,,,,,,,
117,PT01M29.00S,2025-04-07T00:59:29.8Z,1,REGULAR,foul,personal,[],1631288,,,1610612749,25,25,2025-04-07T01:00:04Z,1170000,False,,,0,,J. Cain personal FOUL (1 PF),"[1631288, 1628398]",1610612740.0,NOP,,,,Cain,J. Cain,,,,,Above the Break 3,24+ Center,,,,,,,,,,,202058.0,1.0,0.0,Kuzma,1628398.0,,,,,
119,PT01M24.00S,2025-04-07T00:59:51.2Z,1,REGULAR,2pt,Layup,['pointsinthepaint'],1631157,12.746386333771355,58.63204656862745,1610612749,25,25,2025-04-07T01:00:39Z,1190000,False,-43.0,67.0,1,left,MISS R. Rollins 8' driving Layup - blocked,"[1631157, 1631255]",1610612749.0,MIL,driving,,,Rollins,R. Rollins,,,,,In The Paint (Non-RA),8-16 Left,8.0,Missed,,,,,,,,,,,,,,,,,Matković,1631255.0
120,PT01M24.00S,2025-04-07T00:59:51.2Z,1,REGULAR,block,,[],1631255,,,1610612749,25,25,2025-04-07T00:59:53Z,1200000,False,,,0,,K. Matković BLOCK (1 BLK),[1631255],1610612740.0,NOP,,,,Matković,K. Matković,,,,,In The Paint (Non-RA),8-16 Left,,,,,,,,,,,,,,,,,,,,
121,PT01M23.00S,2025-04-07T00:59:52.2Z,1,REGULAR,rebound,defensive,[],203901,,,1610612740,25,25,2025-04-07T01:00:35Z,1210000,False,,,0,,E. Payton REBOUND (Off:1 Def:1),[203901],1610612740.0,NOP,,,,Payton,E. Payton,,,,,In The Paint (Non-RA),8-16 Left,,,,,,,119.0,2.0,1.0,1.0,,,,,,,,,,
122,PT01M11.00S,2025-04-07T01:00:03.2Z,1,REGULAR,2pt,Layup,['pointsinthepaint'],1630526,94.61235216819973,44.87591911764706,1610612740,27,25,2025-04-07T01:00:52Z,1220000,False,-26.0,-2.0,1,right,J. Robinson-Earl Layup (2 PTS),[1630526],1610612740.0,NOP,,,,Robinson-Earl,J. Robinson-Earl,,,,,Restricted Area,0-8 Center,2.57,Made,2.0,,,,,,,,,,,,,,,,,
123,PT00M56.40S,2025-04-07T01:00:24.5Z,1,REGULAR,foul,personal,"['inpenalty', '2freethrow']",1631311,,,1610612749,27,25,2025-04-07T01:01:19Z,1230000,False,,,0,,L. Quinones personal FOUL (1 PF) (Rollins 2 FT),"[1631311, 1631157]",1610612740.0,NOP,,,,Quinones,L. Quinones,,,,,Above the Break 3,24+ Right Center,,,,,,,,,,,202058.0,1.0,0.0,Rollins,1631157.0,,,,,
125,PT00M56.40S,2025-04-07T01:00:51.8Z,1,REGULAR,freethrow,1 of 2,[],1631157,,,1610612749,27,25,2025-04-07T01:00:51Z,1250000,False,,,0,,MISS R. Rollins Free Throw 1 of 2,[1631157],1610612749.0,MIL,,,,Rollins,R. Rollins,,,,,,,,Missed,,,,,,,,,,,,,,,,,,
126,PT00M56.40S,2025-04-07T01:00:51.8Z,1,REGULAR,rebound,offensive,"['deadball', 'team']",0,,,1610612749,27,25,2025-04-07T01:00:51Z,1260000,False,,,0,,TEAM offensive REBOUND,[],1610612749.0,MIL,,,,,,,,,,,,,,,,,,125.0,,,,,,,,,,,,,
127,PT00M56.40S,2025-04-07T01:01:10.6Z,1,REGULAR,freethrow,2 of 2,[],1631157,,,1610612749,27,26,2025-04-07T01:01:10Z,1270000,False,,,0,,R. Rollins Free Throw 2 of 2 (1 PTS),[1631157],1610612749.0,MIL,,,,Rollins,R. Rollins,,,,,,,,Made,1.0,,,,,,,,,,,,,,,,,
128,PT00M37.00S,2025-04-07T01:01:32.2Z,1,REGULAR,2pt,Layup,['pointsinthepaint'],1631255,88.43626806833115,48.87408088235294,1610612740,29,26,2025-04-07T01:01:48Z,1280000,False,-6.0,56.0,1,right,K. Matković cutting Layup (6 PTS) (E. Payton 6 AST),"[1631255, 203901]",1610612740.0,NOP,cutting,,,Matković,K. Matković,,,,,In The Paint (Non-RA),0-8 Center,5.65,Made,6.0,E. Payton,203901.0,6.0,,,,,,,,,,,,,,
130,PT00M31.20S,2025-04-07T01:01:49.4Z,1,REGULAR,2pt,Layup,[],1628398,9.438649802890936,32.65931372549019,1610612749,29,26,2025-04-07T01:02:24Z,1300000,False,87.0,36.0,1,left,MISS K. Kuzma 9' driving Layup - blocked,"[1628398, 1631288]",1610612749.0,MIL,driving,,,Kuzma,K. Kuzma,,,,,Mid-Range,8-16 Right,9.4,Missed,,,,,,,,,,,,,,,,,Cain,1631288.0
131,PT00M31.20S,2025-04-07T01:01:49.4Z,1,REGULAR,block,,[],1631288,,,1610612749,29,26,2025-04-07T01:01:59Z,1310000,False,,,0,,J. Cain BLOCK (1 BLK),[1631288],1610612740.0,NOP,,,,Cain,J. Cain,,,,,Mid-Range,8-16 Right,,,,,,,,,,,,,,,,,,,,
132,PT00M29.60S,2025-04-07T01:01:51.0Z,1,REGULAR,rebound,offensive,['team'],0,,,1610612749,29,26,2025-04-07T01:02:30Z,1320000,False,,,0,,TEAM offensive REBOUND,[],1610612749.0,MIL,,,,,,,,,,Mid-Range,8-16 Right,,,,,,,130.0,,,,,,,,,,,,,
134,PT00M27.30S,2025-04-07T01:02:05.1Z,1,REGULAR,3pt,Jump Shot,['2ndchance'],1629018,32.966491458607095,76.44761029411765,1610612749,29,26,2025-04-07T01:02:57Z,1340000,False,-132.0,257.0,1,left,MISS G. Trent Jr. 28' step back 3PT,[1629018],1610612749.0,MIL,step back,,,Trent Jr.,G. Trent Jr.,,,,,Above the Break 3,24+ Left Center,28.94,Missed,,,,,,,,,,,,,,,,,,
135,PT00M23.40S,2025-04-07T01:02:09.0Z,1,REGULAR,rebound,offensive,[],1631250,,,1610612749,29,26,2025-04-07T01:02:57Z,1350000,False,,,0,,P. Nance REBOUND (Off:1 Def:0),[1631250],1610612749.0,MIL,,,,Nance,P. Nance,,,,,Above the Break 3,24+ Left Center,,,,,,,134.0,1.0,0.0,1.0,,,,,,,,,,
136,PT00M20.40S,2025-04-07T01:02:11.6Z,1,REGULAR,2pt,Jump Shot,"['pointsinthepaint', '2ndchance']",1629018,16.140358081471746,46.629901960784316,1610612749,29,28,2025-04-07T01:03:14Z,1360000,False,17.0,99.0,1,left,G. Trent Jr. 10' floating Jump Shot (8 PTS) (P. Nance 1 AST),"[1629018, 1631250]",1610612749.0,MIL,floating,,,Trent Jr.,G. Trent Jr.,,,,,In The Paint (Non-RA),8-16 Center,10.06,Made,8.0,P. Nance,1631250.0,1.0,,,,,,,,,,,,,,
138,PT00M00.00S,2025-04-07T01:02:36.8Z,1,REGULAR,2pt,Layup,['pointsinthepaint'],1631311,94.7437582128778,44.89506740196079,1610612740,31,28,2025-04-07T01:03:34Z,1380000,False,-26.0,-3.0,1,right,L. Quinones driving Layup (4 PTS),[1631311],1610612740.0,NOP,driving,,,Quinones,L. Quinones,,,,,Restricted Area,0-8 Center,2.57,Made,4.0,,,,,,,,,,,,,,,,,
140,PT00M00.00S,2025-04-07T01:03:23.2Z,1,REGULAR,period,end,[],0,,,1610612749,31,28,2025-04-07T01:03:23Z,1400000,False,,,0,,Period End,[],,,,,,,,,,,,,,,,,,,,,,,,,,,,,,,,,
141,PT12M00.00S,2025-04-07T01:05:20.2Z,2,REGULAR,period,start,[],0,,,1610612740,31,28,2025-04-07T01:05:20Z,1410000,False,,,0,,Period Start,[],,,,,,,,,,,,,,,,,,,,,,,,,,,,,,,,,
142,PT11M46.00S,2025-04-07T01:05:35.0Z,2,REGULAR,3pt,Jump Shot,[],1630526,94.82588699080158,95.58823529411765,1610612740,31,28,2025-04-07T01:05:52Z,1420000,False,228.0,-4.0,1,right,MISS J. Robinson-Earl 3PT,[1630526],1610612740.0,NOP,,,,Robinson-Earl,J. Robinson-Earl,,,,,Right Corner 3,24+ Right,22.79,Missed,,,,,,,,,,,,,,,,,,
143,PT11M43.00S,2025-04-07T01:05:38.0Z,2,REGULAR,rebound,offensive,[],1630526,,,1610612740,31,28,2025-04-07T01:05:52Z,1430000,False,,,0,,J. Robinson-Earl REBOUND (Off:1 Def:0),[1630526],1610612740.0,NOP,,,,Robinson-Earl,J. Robinson-Earl,,,,,Right Corner 3,24+ Right,,,,,,,142.0,1.0,0.0,1.0,,,,,,,,,,
144,PT11M32.00S,2025-04-07T01:05:48.4Z,2,REGULAR,2pt,Jump Shot,['2ndchance'],1631311,91.06438896189225,91.3985906862745,1610612740,31,28,2025-04-07T01:06:16Z,1440000,False,207.0,31.0,1,right,MISS L. Quinones 20' step back Shot,[1631311],1610612740.0,NOP,step back,,,Quinones,L. Quinones,,,,,Mid-Range,16-24 Right,20.94,Missed,,,,,,,,,,,,,,,,,,
145,PT11M30.00S,2025-04-07T01:05:50.4Z,2,REGULAR,rebound,defensive,[],1631250,,,1610612749,31,28,2025-04-07T01:06:16Z,1450000,False,,,0,,P. Nance REBOUND (Off:1 Def:1),[1631250],1610612749.0,MIL,,,,Nance,P. Nance,,,,,Mid-Range,16-24 Right,,,,,,,144.0,2.0,1.0,1.0,,,,,,,,,,
146,PT11M24.00S,2025-04-07T01:05:57.1Z,2,REGULAR,3pt,Jump Shot,['fastbreak'],1629018,28.827201051248352,19.607843137254903,1610612749,31,31,2025-04-07T01:06:33Z,1460000,False,152.0,218.0,1,left,G. Trent Jr. 26' 3PT running pullup (11 PTS) (P. Nance 2 AST),"[1629018, 1631250]",1610612749.0,MIL,running pullup,,,Trent Jr.,G. Trent Jr.,,,,,Above the Break 3,24+ Right Center,26.62,Made,11.0,P. Nance,1631250.0,2.0,,,,,,,,,,,,,,
148,PT11M04.00S,2025-04-07T01:06:16.3Z,2,REGULAR,2pt,Layup,['pointsinthepaint'],1631255,88.30486202365309,60.71920955882353,1610612740,33,31,2025-04-07T01:06:54Z,1480000,False,54.0,57.0,1,right,K. Matković 7' cutting Layup (8 PTS) (L. Quinones 1 AST),"[1631255, 1631311]",1610612740.0,NOP,cutting,,,Matković,K. Matković,,,,,In The Paint (Non-RA),0-8 Center,7.85,Made,8.0,L. Quinones,1631311.0,1.0,,,,,,,,,,,,,,
150,PT10M45.00S,2025-04-07T01:06:35.9Z,2,REGULAR,2pt,Jump Shot,['pointsinthepaint'],1629018,15.637319316688576,59.75796568627451,1610612749,33,33,2025-04-07T01:07:09Z,1500000,False,-49.0,94.0,1,left,G. Trent Jr. 10' pullup Jump Shot (13 PTS) (R. Rollins 3 AST),"[1629018, 1631157]",1610612749.0,MIL,pullup,,,Trent Jr.,G. Trent Jr.,,,,,In The Paint (Non-RA),8-16 Center,10.64,Made,13.0,R. Rollins,1631157.0,3.0,,,,,,,,,,,,,,
152,PT10M32.00S,2025-04-07T01:06:49.2Z,2,REGULAR,2pt,Jump Shot,['pointsinthepaint'],203901,89.88173455978975,41.64368872549019,1610612740,33,33,2025-04-07T01:07:32Z,1520000,False,-42.0,43.0,1,right,MISS E. Payton driving floating Shot,[203901],1610612740.0,NOP,driving floating,,,Payton,E. Payton,,,,,In The Paint (Non-RA),0-8 Center,5.97,Missed,,,,,,,,,,,,,,,,,,
153,PT10M31.00S,2025-04-07T01:06:50.2Z,2,REGULAR,rebound,defensive,[],1631157,,,1610612749,33,33,2025-04-07T01:07:32Z,1530000,False,,,0,,R. Rollins REBOUND (Off:0 Def:1),[1631157],1610612749.0,MIL,,,,Rollins,R. Rollins,,,,,In The Paint (Non-RA),0-8 Center,,,,,,,152.0,1.0,1.0,0.0,,,,,,,,,,
154,PT10M24.00S,2025-04-07T01:06:56.2Z,2,REGULAR,2pt,Layup,"['fastbreak', 'pointsinthepaint']",1631157,12.483574244415237,53.12117034313725,1610612749,33,35,2025-04-07T01:07:43Z,1540000,False,-16.0,65.0,1,left,R. Rollins 6' running Layup (3 PTS),[1631157],1610612749.0,MIL,running,,,Rollins,R. Rollins,,,,,In The Paint (Non-RA),0-8 Center,6.67,Made,3.0,,,,,,,,,,,,,,,,,
155,PT10M11.00S,2025-04-07T01:07:11.5Z,2,REGULAR,turnover,bad pass,[],203901,,,1610612740,33,35,2025-04-07T01:07:56Z,1550000,False,,,0,,E. Payton bad pass TURNOVER (2 TO),"[203901, 1631157]",1610612740.0,NOP,,,,Payton,E. Payton,,,,,Above the Break 3,24+ Left Center,,,,,,,,,,,,,,,,2.0,Rollins,1631157.0,,
156,PT10M11.00S,2025-04-07T01:07:11.5Z,2,REGULAR,steal,,[],1631157,,,1610612749,33,35,2025-04-07T01:07:13Z,1560000,False,,,0,,R. Rollins STEAL (1 STL),[1631157],1610612749.0,MIL,,,,Rollins,R. Rollins,,,,,Above the Break 3,24+ Left Center,,,,,,,,,,,,,,,,,,,,
157,PT10M04.00S,2025-04-07T01:07:16.5Z,2,REGULAR,2pt,Layup,"['fastbreak', 'pointsinthepaint', 'fromturnover']",1628398,12.352168199737193,54.85600490196079,1610612749,33,37,2025-04-07T01:08:07Z,1570000,False,-24.0,64.0,1,left,K. Kuzma 6' running Layup (8 PTS) (R. Rollins 4 AST),"[1628398, 1631157]",1610612749.0,MIL,running,,,Kuzma,K. Kuzma,,,,,In The Paint (Non-RA),0-8 Center,6.81,Made,8.0,R. Rollins,1631157.0,4.0,,,,,,,,,,,,,,
159,PT09M51.00S,2025-04-07T01:07:30.5Z,2,REGULAR,turnover,bad pass,[],203901,,,1610612740,33,37,2025-04-07T01:08:52Z,1590000,False,,,0,,E. Payton bad pass TURNOVER (3 TO),"[203901, 1628398]",1610612740.0,NOP,,,,Payton,E. Payton,,,,,Mid-Range,8-16 Center,,,,,,,,,,,,,,,,3.0,Kuzma,1628398.0,,
160,PT09M51.00S,2025-04-07T01:07:30.5Z,2,REGULAR,steal,,[],1628398,,,1610612749,33,37,2025-04-07T01:07:33Z,1600000,False,,,0,,K. Kuzma STEAL (1 STL),[1628398],1610612749.0,MIL,,,,Kuzma,K. Kuzma,,,,,Mid-Range,8-16 Center,,,,,,,,,,,,,,,,,,,,
161,PT09M45.00S,2025-04-07T01:07:36.3Z,2,REGULAR,turnover,out-of-bounds,[],1628398,,,1610612749,33,37,2025-04-07T01:08:47Z,1610000,False,,,0,,K. Kuzma bad pass out-of-bounds TURNOVER (2 TO),[1628398],1610612749.0,MIL,bad pass,,,Kuzma,K. Kuzma,,,,,Above the Break 3,24+ Right Center,,,,,,,,,,,202058.0,,,,,2.0,,,,
162,PT09M45.00S,2025-04-07T01:07:41.1Z,2,REGULAR,substitution,out,[],1631255,,,1610612740,33,37,2025-04-07T01:07:46Z,1620000,False,,,0,,SUB out: K. Matković,[1631255],1610612740.0,NOP,,,,Matković,K. Matković,,,,,,,,,,,,,,,,,,,,,,,,,,
163,PT09M45.00S,2025-04-07T01:07:41.1Z,2,REGULAR,substitution,in,[],1642274,,,1610612740,33,37,2025-04-07T01:07:46Z,1630000,False,,,0,,SUB in: Y. Missi,[1642274],1610612740.0,NOP,,,,Missi,Y. Missi,,,,,,,,,,,,,,,,,,,,,,,,,,
164,PT09M29.00S,2025-04-07T01:08:10.5Z,2,REGULAR,2pt,Layup,"['pointsinthepaint', 'fromturnover']",1631311,90.01314060446781,34.78094362745098,1610612740,33,37,2025-04-07T01:09:16Z,1640000,False,-76.0,41.0,1,right,MISS L. Quinones 8' driving Layup,[1631311],1610612740.0,NOP,driving,,,Quinones,L. Quinones,,,,,In The Paint (Non-RA),8-16 Left,8.66,Missed,,,,,,,,,,,,,,,,,,
165,PT09M28.00S,2025-04-07T01:08:11.5Z,2,REGULAR,rebound,defensive,[],1631260,,,1610612749,33,37,2025-04-07T01:09:16Z,1650000,False,,,0,,A. Green REBOUND (Off:0 Def:1),[1631260],1610612749.0,MIL,,,,Green,A. Green,,,,,In The Paint (Non-RA),8-16 Left,,,,,,,164.0,1.0,1.0,0.0,,,,,,,,,,
166,PT09M24.00S,2025-04-07T01:08:15.4Z,2,REGULAR,2pt,DUNK,"['fastbreak', 'pointsinthepaint']",1631157,6.833114323258869,60.49325980392157,1610612749,33,37,2025-04-07T01:09:33Z,1660000,False,-52.0,12.0,1,left,MISS R. Rollins running alley-oop DUNK,[1631157],1610612749.0,MIL,running alley-oop,,,Rollins,R. Rollins,,,,,In The Paint (Non-RA),0-8 Center,5.38,Missed,,,,,,,,,,,,,,,,,,
167,PT09M22.00S,2025-04-07T01:08:17.4Z,2,REGULAR,rebound,defensive,[],1631288,,,1610612740,33,37,2025-04-07T01:09:33Z,1670000,False,,,0,,J. Cain REBOUND (Off:0 Def:2),[1631288],1610612740.0,NOP,,,,Cain,J. Cain,,,,,In The Paint (Non-RA),0-8 Center,,,,,,,166.0,2.0,2.0,0.0,,,,,,,,,,
168,PT09M14.00S,2025-04-07T01:08:25.4Z,2,REGULAR,3pt,Jump Shot,[],203901,65.09526938239159,41.72794117647059,1610612740,33,37,2025-04-07T01:09:50Z,1680000,False,-41.0,276.0,1,right,MISS E. Payton 27' 3PT,[203901],1610612740.0,NOP,,,,Payton,E. Payton,,,,,Above the Break 3,24+ Center,27.87,Missed,,,,,,,,,,,,,,,,,,
169,PT09M12.00S,2025-04-07T01:08:27.4Z,2,REGULAR,rebound,offensive,[],1630526,,,1610612740,33,37,2025-04-07T01:09:50Z,1690000,False,,,0,,J. Robinson-Earl REBOUND (Off:2 Def:0),[1630526],1610612740.0,NOP,,,,Robinson-Earl,J. Robinson-Earl,,,,,Above the Break 3,24+ Center,,,,,,,168.0,2.0,0.0,2.0,,,,,,,,,,
170,PT09M10.00S,2025-04-07T01:08:30.2Z,2,REGULAR,2pt,Layup,"['pointsinthepaint', '2ndchance']",1630526,91.85282522996059,50.93443627450981,1610612740,33,37,2025-04-07T01:10:04Z,1700000,False,5.0,24.0,1,right,MISS J. Robinson-Earl putback Layup,[1630526],1610612740.0,NOP,putback,,,Robinson-Earl,J. Robinson-Earl,,,,,Restricted Area,0-8 Center,2.46,Missed,,,,,,,,,,,,,,,,,,
171,PT09M09.00S,2025-04-07T01:08:31.2Z,2,REGULAR,rebound,defensive,[],1631157,,,1610612749,33,37,2025-04-07T01:10:04Z,1710000,False,,,0,,R. Rollins REBOUND (Off:0 Def:2),[1631157],1610612749.0,MIL,,,,Rollins,R. Rollins,,,,,Restricted Area,0-8 Center,,,,,,,170.0,2.0,2.0,0.0,,,,,,,,,,
172,PT09M02.00S,2025-04-07T01:08:37.0Z,2,REGULAR,3pt,Jump Shot,[],1631260,27.33245729303549,11.496629901960787,1610612749,33,37,2025-04-07T01:10:30Z,1720000,False,193.0,204.0,1,left,MISS A. Green 28' pullup 3PT,[1631260],1610612749.0,MIL,pullup,,,Green,A. Green,,,,,Above the Break 3,24+ Right Center,28.08,Missed,,,,,,,,,,,,,,,,,,
173,PT09M00.00S,2025-04-07T01:08:39.0Z,2,REGULAR,rebound,defensive,[],1630526,,,1610612740,33,37,2025-04-07T01:10:30Z,1730000,False,,,0,,J. Robinson-Earl REBOUND (Off:2 Def:1),[1630526],1610612740.0,NOP,,,,Robinson-Earl,J. Robinson-Earl,,,,,Above the Break 3,24+ Right Center,,,,,,,172.0,3.0,1.0,2.0,,,,,,,,,,
174,PT08M51.00S,2025-04-07T01:08:48.6Z,2,REGULAR,3pt,Jump Shot,[],1631288,71.66557161629436,81.34957107843138,1610612740,33,37,2025-04-07T01:10:55Z,1740000,False,157.0,214.0,1,right,MISS J. Cain 26' 3PT,[1631288],1610612740.0,NOP,,,,Cain,J. Cain,,,,,Above the Break 3,24+ Right Center,26.51,Missed,,,,,,,,,,,,,,,,,,
175,PT08M48.00S,2025-04-07T01:08:51.6Z,2,REGULAR,rebound,defensive,[],1631157,,,1610612749,33,37,2025-04-07T01:10:55Z,1750000,False,,,0,,R. Rollins REBOUND (Off:0 Def:3),[1631157],1610612749.0,MIL,,,,Rollins,R. Rollins,,,,,Above the Break 3,24+ Right Center,,,,,,,174.0,3.0,3.0,0.0,,,,,,,,,,
176,PT08M32.00S,2025-04-07T01:09:06.9Z,2,REGULAR,2pt,Layup,['pointsinthepaint'],1628398,9.855453350854134,46.591605392156865,1610612749,33,39,2025-04-07T01:11:09Z,1760000,False,17.0,40.0,1,left,K. Kuzma cutting Layup (10 PTS) (R. Rollins 5 AST),"[1628398, 1631157]",1610612749.0,MIL,cutting,,,Kuzma,K. Kuzma,,,,,Restricted Area,0-8 Center,4.36,Made,10.0,R. Rollins,1631157.0,5.0,,,,,,,,,,,,,,
178,PT08M14.00S,2025-04-07T01:09:32.1Z,2,REGULAR,foul,personal,['2freethrow'],1631260,,,1610612740,33,39,2025-04-07T01:11:27Z,1780000,False,,,0,,A. Green shooting personal FOUL (1 PF) (Cain 2 FT),"[1631260, 1631288]",1610612749.0,MIL,shooting,,,Green,A. Green,,,,,In The Paint (Non-RA),0-8 Center,,,,,,,,,,,202056.0,1.0,0.0,Cain,1631288.0,,,,,
180,PT08M14.00S,2025-04-07T01:09:51.8Z,2,REGULAR,freethrow,1 of 2,[],1631288,,,1610612740,33,39,2025-04-07T01:10:18Z,1800000,False,,,0,,MISS J. Cain Free Throw 1 of 2,[1631288],1610612740.0,NOP,,,,Cain,J. Cain,,,,,,,,Missed,,,,,,,,,,,,,,,,,,
181,PT08M14.00S,2025-04-07T01:09:51.8Z,2,REGULAR,rebound,offensive,"['team', 'deadball']",0,,,1610612740,33,39,2025-04-07T01:10:18Z,1810000,False,,,0,,TEAM offensive REBOUND,[],1610612740.0,NOP,,,,,,,,,,,,,,,,,,180.0,,,,,,,,,,,,,
182,PT08M14.00S,2025-04-07T01:09:52.9Z,2,REGULAR,substitution,out,[],203901,,,1610612740,33,39,2025-04-07T01:10:14Z,1820000,False,,,0,,SUB out: E. Payton,[203901],1610612740.0,NOP,,,,Payton,E. Payton,,,,,,,,,,,,,,,,,,,,,,,,,,
183,PT08M14.00S,2025-04-07T01:09:52.9Z,2,REGULAR,substitution,out,[],1630526,,,1610612740,33,39,2025-04-07T01:10:14Z,1830000,False,,,0,,SUB out: J. Robinson-Earl,[1630526],1610612740.0,NOP,,,,Robinson-Earl,J. Robinson-Earl,,,,,,,,,,,,,,,,,,,,,,,,,,
184,PT08M14.00S,2025-04-07T01:09:52.9Z,2,REGULAR,substitution,out,[],1629018,,,1610612740,33,39,2025-04-07T01:10:14Z,1840000,False,,,0,,SUB out: G. Trent Jr.,[1629018],1610612749.0,MIL,,,,Trent Jr.,G. Trent Jr.,,,,,,,,,,,,,,,,,,,,,,,,,,
185,PT08M14.00S,2025-04-07T01:09:52.9Z,2,REGULAR,substitution,out,[],1628398,,,1610612740,33,39,2025-04-07T01:10:14Z,1850000,False,,,0,,SUB out: K. Kuzma,[1628398],1610612749.0,MIL,,,,Kuzma,K. Kuzma,,,,,,,,,,,,,,,,,,,,,,,,,,
186,PT08M14.00S,2025-04-07T01:09:52.9Z,2,REGULAR,substitution,in,[],1641810,,,1610612740,33,39,2025-04-07T01:10:14Z,1860000,False,,,0,,SUB in: A. Reeves,[1641810],1610612740.0,NOP,,,,Reeves,A. Reeves,,,,,,,,,,,,,,,,,,,,,,,,,,
187,PT08M14.00S,2025-04-07T01:09:52.9Z,2,REGULAR,substitution,in,[],1631232,,,1610612740,33,39,2025-04-07T01:10:14Z,1870000,False,,,0,,SUB in: K. Brooks Jr.,[1631232],1610612740.0,NOP,,,,Brooks Jr.,K. Brooks Jr.,,,,,,,,,,,,,,,,,,,,,,,,,,
188,PT08M14.00S,2025-04-07T01:09:52.9Z,2,REGULAR,substitution,in,[],1641748,,,1610612740,33,39,2025-04-07T01:10:14Z,1880000,False,,,0,,SUB in: A. Jackson Jr.,[1641748],1610612749.0,MIL,,,,Jackson Jr.,A. Jackson Jr.,,,,,,,,,,,,,,,,,,,,,,,,,,
189,PT08M14.00S,2025-04-07T01:09:52.9Z,2,REGULAR,substitution,in,[],1629645,,,1610612740,33,39,2025-04-07T01:10:14Z,1890000,False,,,0,,SUB in: K. Porter Jr.,[1629645],1610612749.0,MIL,,,,Porter Jr.,K. Porter Jr.,,,,,,,,,,,,,,,,,,,,,,,,,,
190,PT08M14.00S,2025-04-07T01:09:51.8Z,2,REGULAR,freethrow,2 of 2,[],1631288,,,1610612740,33,39,2025-04-07T01:10:18Z,1900000,False,,,0,,MISS J. Cain Free Throw 2 of 2,[1631288],1610612740.0,NOP,,,,Cain,J. Cain,,,,,,,,Missed,,,,,,,,,,,,,,,,,,
191,PT08M13.00S,2025-04-07T01:09:52.8Z,2,REGULAR,rebound,defensive,[],1631250,,,1610612749,33,39,2025-04-07T01:12:41Z,1910000,False,,,0,,P. Nance REBOUND (Off:1 Def:2),[1631250],1610612749.0,MIL,,,,Nance,P. Nance,,,,,,,,,,,,,190.0,3.0,2.0,1.0,,,,,,,,,,
192,PT07M54.00S,2025-04-07T01:10:36.9Z,2,REGULAR,2pt,Jump Shot,[],1631157,14.0604467805519,73.26133578431373,1610612749,33,39,2025-04-07T01:40:47Z,1920000,False,-116.0,80.0,1,left,MISS R. Rollins 14' driving floating bank Shot,[1631157],1610612749.0,MIL,driving floating bank,,,Rollins,R. Rollins,,,,,Mid-Range,8-16 Left,14.1,Missed,,,,,,,,,,,,,,,,,,
193,PT07M53.00S,2025-04-07T01:10:37.9Z,2,REGULAR,rebound,defensive,[],1631232,,,1610612740,33,39,2025-04-07T01:13:17Z,1930000,False,,,0,,K. Brooks Jr. REBOUND (Off:0 Def:1),[1631232],1610612740.0,NOP,,,,Brooks Jr.,K. Brooks Jr.,,,,,Mid-Range,8-16 Left,,,,,,,192.0,1.0,1.0,0.0,,,,,,,,,,
194,PT07M44.00S,2025-04-07T01:10:48.3Z,2,REGULAR,2pt,Layup,['pointsinthepaint'],1631288,87.64783180026281,56.81678921568628,1610612740,33,39,2025-04-07T01:13:41Z,1940000,False,34.0,64.0,1,right,MISS J. Cain 7' driving Layup,[1631288],1610612740.0,NOP,driving,,,Cain,J. Cain,,,,,In The Paint (Non-RA),0-8 Center,7.22,Missed,,,,,,,,,,,,,,,,,,
195,PT07M42.00S,2025-04-07T01:10:50.3Z,2,REGULAR,rebound,offensive,[],1631232,,,1610612740,33,39,2025-04-07T01:13:41Z,1950000,False,,,0,,K. Brooks Jr. REBOUND (Off:1 Def:1),[1631232],1610612740.0,NOP,,,,Brooks Jr.,K. Brooks Jr.,,,,,In The Paint (Non-RA),0-8 Center,,,,,,,194.0,2.0,1.0,1.0,,,,,,,,,,
196,PT07M42.00S,2025-04-07T01:10:52.2Z,2,REGULAR,2pt,Layup,"['2ndchance', 'pointsinthepaint']",1631232,90.40735873850197,52.79564950980392,1610612740,35,39,2025-04-07T01:13:55Z,1960000,False,14.0,38.0,1,right,K. Brooks Jr. tip Layup (8 PTS),[1631232],1610612740.0,NOP,tip,,,Brooks Jr.,K. Brooks Jr.,,,,,Restricted Area,0-8 Center,4.02,Made,8.0,,,,,,,,,,,,,,,,,
197,PT07M40.00S,2025-04-07T01:11:00.1Z,2,REGULAR,timeout,full,"['team', 'mandatory']",0,,,1610612749,35,39,2025-04-07T01:11:00Z,1970000,False,,,0,,MIL Timeout,[],1610612749.0,MIL,,,,,,,,,,,,,,,,,,,,,,,,,,,,,,,
198,PT07M40.00S,2025-04-07T01:13:15.9Z,2,REGULAR,substitution,out,[],1631250,,,1610612749,35,39,2025-04-07T01:13:36Z,1980000,False,,,0,,SUB out: P. Nance,[1631250],1610612749.0,MIL,,,,Nance,P. Nance,,,,,,,,,,,,,,,,,,,,,,,,,,
199,PT07M40.00S,2025-04-07T01:13:15.9Z,2,REGULAR,substitution,in,[],201572,,,1610612749,35,39,2025-04-07T01:13:36Z,1990000,False,,,0,,SUB in: B. Lopez,[201572],1610612749.0,MIL,,,,Lopez,B. Lopez,,,,,,,,,,,,,,,,,,,,,,,,,,
200,PT07M25.00S,2025-04-07T01:14:06.7Z,2,REGULAR,3pt,Jump Shot,[],1631157,10.77529566360053,3.8985906862745026,1610612749,35,39,2025-04-07T01:14:29Z,2000000,False,231.0,49.0,1,left,MISS R. Rollins 3PT,[1631157],1610612749.0,MIL,,,,Rollins,R. Rollins,,,,,Right Corner 3,24+ Right,23.56,Missed,,,,,,,,,,,,,,,,,,
201,PT07M22.00S,2025-04-07T01:14:09.7Z,2,REGULAR,rebound,defensive,[],1642274,,,1610612740,35,39,2025-04-07T01:14:29Z,2010000,False,,,0,,Y. Missi REBOUND (Off:1 Def:4),[1642274],1610612740.0,NOP,,,,Missi,Y. Missi,,,,,Right Corner 3,24+ Right,,,,,,,200.0,5.0,4.0,1.0,,,,,,,,,,
202,PT07M10.00S,2025-04-07T01:14:21.4Z,2,REGULAR,3pt,Jump Shot,[],1631288,69.59592641261499,75.24509803921569,1610612740,35,39,2025-04-07T01:14:49Z,2020000,False,126.0,233.0,1,right,MISS J. Cain 26' 3PT,[1631288],1610612740.0,NOP,,,,Cain,J. Cain,,,,,Above the Break 3,24+ Right Center,26.52,Missed,,,,,,,,,,,,,,,,,,
203,PT07M08.00S,2025-04-07T01:14:23.4Z,2,REGULAR,rebound,defensive,[],1641748,,,1610612749,35,39,2025-04-07T01:14:49Z,2030000,False,,,0,,A. Jackson Jr. REBOUND (Off:0 Def:1),[1641748],1610612749.0,MIL,,,,Jackson Jr.,A. Jackson Jr.,,,,,Above the Break 3,24+ Right Center,,,,,,,202.0,1.0,1.0,0.0,,,,,,,,,,
204,PT06M59.00S,2025-04-07T01:14:31.6Z,2,REGULAR,2pt,Layup,['pointsinthepaint'],1631157,12.352168199737193,55.170036764705884,1610612749,35,41,2025-04-07T01:15:20Z,2040000,False,-26.0,64.0,1,left,R. Rollins 6' driving Layup (5 PTS) (A. Jackson Jr. 1 AST),"[1631157, 1641748]",1610612749.0,MIL,driving,,,Rollins,R. Rollins,,,,,In The Paint (Non-RA),0-8 Center,6.87,Made,5.0,A. Jackson Jr.,1641748.0,1.0,,,,,,,,,,,,,,
205,PT06M49.00S,2025-04-07T01:14:44.8Z,2,REGULAR,foul,personal,[],1631260,,,1610612740,35,41,2025-04-07T01:15:33Z,2050000,False,,,0,,A. Green personal FOUL (2 PF),"[1631260, 1631311]",1610612749.0,MIL,,,,Green,A. Green,,,,,Above the Break 3,24+ Center,,,,,,,,,,,202056.0,2.0,0.0,Quinones,1631311.0,,,,,
208,PT06M49.00S,2025-04-07T01:14:53.2Z,2,REGULAR,substitution,out,[],1631288,,,1610612740,35,41,2025-04-07T01:14:57Z,2070000,False,,,0,,SUB out: J. Cain,[1631288],1610612740.0,NOP,,,,Cain,J. Cain,,,,,,,,,,,,,,,,,,,,,,,,,,
209,PT06M49.00S,2025-04-07T01:14:53.2Z,2,REGULAR,substitution,out,[],1631157,,,1610612740,35,41,2025-04-07T01:14:57Z,2080000,False,,,0,,SUB out: R. Rollins,[1631157],1610612749.0,MIL,,,,Rollins,R. Rollins,,,,,,,,,,,,,,,,,,,,,,,,,,
210,PT06M49.00S,2025-04-07T01:14:53.2Z,2,REGULAR,substitution,in,[],1628971,,,1610612740,35,41,2025-04-07T01:14:57Z,2090000,False,,,0,,SUB in: B. Brown,[1628971],1610612740.0,NOP,,,,Brown,B. Brown,,,,,,,,,,,,,,,,,,,,,,,,,,
211,PT06M49.00S,2025-04-07T01:14:53.2Z,2,REGULAR,substitution,in,[],1627752,,,1610612740,35,41,2025-04-07T01:14:57Z,2100000,False,,,0,,SUB in: T. Prince,[1627752],1610612749.0,MIL,,,,Prince,T. Prince,,,,,,,,,,,,,,,,,,,,,,,,,,
212,PT06M43.00S,2025-04-07T01:15:14.4Z,2,REGULAR,2pt,Jump Shot,[],1641810,77.66097240473061,42.62408088235294,1610612740,35,41,2025-04-07T01:16:23Z,2110000,False,-37.0,157.0,1,right,MISS A. Reeves 16' driving floating Shot,[1641810],1610612740.0,NOP,driving floating,,,Reeves,A. Reeves,,,,,Mid-Range,16-24 Center,16.18,Missed,,,,,,,,,,,,,,,,,,
213,PT06M41.00S,2025-04-07T01:15:16.4Z,2,REGULAR,rebound,defensive,[],1641748,,,1610612749,35,41,2025-04-07T01:16:00Z,2120000,False,,,0,,A. Jackson Jr. REBOUND (Off:0 Def:2),[1641748],1610612749.0,MIL,,,,Jackson Jr.,A. Jackson Jr.,,,,,Mid-Range,16-24 Center,,,,,,,212.0,2.0,2.0,0.0,,,,,,,,,,
214,PT06M28.00S,2025-04-07T01:15:29.8Z,2,REGULAR,2pt,Jump Shot,[],201572,22.207621550591327,56.7593443627451,1610612749,35,41,2025-04-07T01:16:16Z,2130000,False,-34.0,156.0,1,left,MISS B. Lopez 15' floating Shot,[201572],1610612749.0,MIL,floating,,,Lopez,B. Lopez,,,,,Mid-Range,16-24 Center,15.99,Missed,,,,,,,,,,,,,,,,,,
215,PT06M26.00S,2025-04-07T01:15:31.8Z,2,REGULAR,rebound,defensive,[],1631232,,,1610612740,35,41,2025-04-07T01:16:16Z,2140000,False,,,0,,K. Brooks Jr. REBOUND (Off:1 Def:2),[1631232],1610612740.0,NOP,,,,Brooks Jr.,K. Brooks Jr.,,,,,Mid-Range,16-24 Center,,,,,,,214.0,3.0,2.0,1.0,,,,,,,,,,
216,PT06M15.00S,2025-04-07T01:15:41.2Z,2,REGULAR,3pt,Jump Shot,[],1631311,95.13797634691196,3.4083946078431353,1610612740,38,41,2025-04-07T01:16:35Z,2150000,False,-233.0,-7.0,1,right,L. Quinones 3PT  (7 PTS) (B. Brown 3 AST),"[1631311, 1628971]",1610612740.0,NOP,,,,Quinones,L. Quinones,,,,,Left Corner 3,24+ Left,23.31,Made,7.0,B. Brown,1628971.0,3.0,,,,,,,,,,,,,,
218,PT05M57.00S,2025-04-07T01:16:01.0Z,2,REGULAR,2pt,Jump Shot,[],1629645,29.82917214191852,49.854473039215684,1610612749,38,41,2025-04-07T01:17:10Z,2170000,False,1.0,228.0,1,left,MISS K. Porter Jr. 22' pullup Shot,[1629645],1610612749.0,MIL,pullup,,,Porter Jr.,K. Porter Jr.,,,,,Mid-Range,16-24 Center,22.79,Missed,,,,,,,,,,,,,,,,,,
219,PT05M57.00S,2025-04-07T01:16:01.0Z,2,REGULAR,rebound,defensive,[],1631232,,,1610612740,38,41,2025-04-07T01:17:10Z,2180000,False,,,0,,K. Brooks Jr. REBOUND (Off:1 Def:3),[1631232],1610612740.0,NOP,,,,Brooks Jr.,K. Brooks Jr.,,,,,Mid-Range,16-24 Center,,,,,,,218.0,4.0,3.0,1.0,,,,,,,,,,
220,PT05M43.00S,2025-04-07T01:16:13.5Z,2,REGULAR,2pt,Jump Shot,[],1628971,86.72798948751642,67.41344975490196,1610612740,40,41,2025-04-07T01:17:23Z,2190000,False,87.0,72.0,1,right,B. Brown 11' pullup Jump Shot (8 PTS),[1628971],1610612740.0,NOP,pullup,,,Brown,B. Brown,,,,,Mid-Range,8-16 Right,11.32,Made,8.0,,,,,,,,,,,,,,,,,
221,PT05M26.00S,2025-04-07T01:16:33.6Z,2,REGULAR,2pt,Layup,['pointsinthepaint'],201572,12.746386333771355,49.72426470588235,1610612749,40,41,2025-04-07T01:17:51Z,2200000,False,1.0,67.0,1,left,MISS B. Lopez 6' driving Layup - blocked,"[201572, 1642274]",1610612749.0,MIL,driving,,,Lopez,B. Lopez,,,,,In The Paint (Non-RA),0-8 Center,6.73,Missed,,,,,,,,,,,,,,,,,Missi,1642274.0
222,PT05M26.00S,2025-04-07T01:16:33.6Z,2,REGULAR,block,,[],1642274,,,1610612749,40,41,2025-04-07T01:16:37Z,2210000,False,,,0,,Y. Missi BLOCK (1 BLK),[1642274],1610612740.0,NOP,,,,Missi,Y. Missi,,,,,In The Paint (Non-RA),0-8 Center,,,,,,,,,,,,,,,,,,,,
223,PT05M24.00S,2025-04-07T01:16:35.6Z,2,REGULAR,rebound,offensive,[],201572,,,1610612749,40,41,2025-04-07T01:17:51Z,2220000,False,,,0,,B. Lopez REBOUND (Off:2 Def:1),[201572],1610612749.0,MIL,,,,Lopez,B. Lopez,,,,,In The Paint (Non-RA),0-8 Center,,,,,,,221.0,3.0,1.0,2.0,,,,,,,,,,
224,PT05M15.00S,2025-04-07T01:16:41.7Z,2,REGULAR,2pt,Hook,['2ndchance'],1641748,14.191852825229958,66.08072916666667,1610612749,40,41,2025-04-07T01:18:19Z,2230000,False,-80.0,81.0,1,left,MISS A. Jackson Jr. 11' turnaround Hook,[1641748],1610612749.0,MIL,turnaround,,,Jackson Jr.,A. Jackson Jr.,,,,,Mid-Range,8-16 Left,11.41,Missed,,,,,,,,,,,,,,,,,,
225,PT05M14.00S,2025-04-07T01:16:42.7Z,2,REGULAR,rebound,offensive,[],201572,,,1610612749,40,41,2025-04-07T01:18:19Z,2240000,False,,,0,,B. Lopez REBOUND (Off:3 Def:1),[201572],1610612749.0,MIL,,,,Lopez,B. Lopez,,,,,Mid-Range,8-16 Left,,,,,,,224.0,4.0,1.0,3.0,,,,,,,,,,
226,PT05M13.00S,2025-04-07T01:16:49.1Z,2,REGULAR,2pt,Layup,"['2ndchance', 'pointsinthepaint']",201572,7.227332457293031,45.19761029411765,1610612749,40,43,2025-04-07T01:18:28Z,2250000,False,24.0,15.0,1,left,B. Lopez putback Layup (10 PTS),[201572],1610612749.0,MIL,putback,,,Lopez,B. Lopez,,,,,Restricted Area,0-8 Center,2.85,Made,10.0,,,,,,,,,,,,,,,,,
227,PT05M00.00S,2025-04-07T01:16:58.8Z,2,REGULAR,foul,personal,['2freethrow'],1627752,,,1610612740,40,43,2025-04-07T01:18:42Z,2260000,False,,,0,,T. Prince shooting personal FOUL (2 PF) (Missi 2 FT),"[1627752, 1642274]",1610612749.0,MIL,shooting,,,Prince,T. Prince,,,,,In The Paint (Non-RA),0-8 Center,,,,,,,,,,,1627541.0,2.0,0.0,Missi,1642274.0,,,,,
229,PT05M00.00S,2025-04-07T01:17:29.7Z,2,REGULAR,freethrow,1 of 2,[],1642274,,,1610612740,40,43,2025-04-07T01:17:55Z,2280000,False,,,0,,MISS Y. Missi Free Throw 1 of 2,[1642274],1610612740.0,NOP,,,,Missi,Y. Missi,,,,,,,,Missed,,,,,,,,,,,,,,,,,,
230,PT05M00.00S,2025-04-07T01:17:29.7Z,2,REGULAR,rebound,offensive,"['team', 'deadball']",0,,,1610612740,40,43,2025-04-07T01:17:55Z,2290000,False,,,0,,TEAM offensive REBOUND,[],1610612740.0,NOP,,,,,,,,,,,,,,,,,,229.0,,,,,,,,,,,,,
231,PT05M00.00S,2025-04-07T01:17:30.9Z,2,REGULAR,substitution,out,[],1631260,,,1610612740,40,43,2025-04-07T01:17:41Z,2300000,False,,,0,,SUB out: A. Green,[1631260],1610612749.0,MIL,,,,Green,A. Green,,,,,,,,,,,,,,,,,,,,,,,,,,
232,PT05M00.00S,2025-04-07T01:17:30.9Z,2,REGULAR,substitution,in,[],1629018,,,1610612740,40,43,2025-04-07T01:17:41Z,2310000,False,,,0,,SUB in: G. Trent Jr.,[1629018],1610612749.0,MIL,,,,Trent Jr.,G. Trent Jr.,,,,,,,,,,,,,,,,,,,,,,,,,,
233,PT05M00.00S,2025-04-07T01:17:29.7Z,2,REGULAR,freethrow,2 of 2,[],1642274,,,1610612740,40,43,2025-04-07T01:17:55Z,2320000,False,,,0,,MISS Y. Missi Free Throw 2 of 2,[1642274],1610612740.0,NOP,,,,Missi,Y. Missi,,,,,,,,Missed,,,,,,,,,,,,,,,,,,
234,PT04M59.00S,2025-04-07T01:17:30.7Z,2,REGULAR,rebound,defensive,[],1641748,,,1610612749,40,43,2025-04-07T01:17:55Z,2330000,False,,,0,,A. Jackson Jr. REBOUND (Off:0 Def:3),[1641748],1610612749.0,MIL,,,,Jackson Jr.,A. Jackson Jr.,,,,,,,,,,,,,233.0,3.0,3.0,0.0,,,,,,,,,,
235,PT04M43.00S,2025-04-07T01:18:09.7Z,2,REGULAR,3pt,Jump Shot,[],1629645,23.78449408672799,89.43780637254902,1610612749,40,46,2025-04-07T01:19:34Z,2340000,False,-197.0,171.0,1,left,K. Porter Jr. 26' 3PT  (5 PTS) (B. Lopez 1 AST),"[1629645, 201572]",1610612749.0,MIL,,,,Porter Jr.,K. Porter Jr.,,,,,Above the Break 3,24+ Left Center,26.11,Made,5.0,B. Lopez,201572.0,1.0,,,,,,,,,,,,,,
237,PT04M22.00S,2025-04-07T01:18:31.3Z,2,REGULAR,2pt,Jump Shot,['pointsinthepaint'],1628971,84.23127463863338,64.00505514705883,1610612740,42,46,2025-04-07T01:19:30Z,2360000,False,70.0,96.0,1,right,B. Brown 11' pullup Jump Shot (10 PTS),[1628971],1610612740.0,NOP,pullup,,,Brown,B. Brown,,,,,In The Paint (Non-RA),8-16 Right,11.86,Made,10.0,,,,,,,,,,,,,,,,,
238,PT04M06.00S,2025-04-07T01:18:47.8Z,2,REGULAR,3pt,Jump Shot,[],1627752,10.643889618922472,3.8985906862745026,1610612749,42,46,2025-04-07T01:19:55Z,2370000,False,231.0,48.0,1,left,MISS T. Prince 3PT,[1627752],1610612749.0,MIL,,,,Prince,T. Prince,,,,,Right Corner 3,24+ Right,23.54,Missed,,,,,,,,,,,,,,,,,,
241,PT04M03.00S,2025-04-07T01:18:50.8Z,2,REGULAR,rebound,defensive,[],1642274,,,1610612740,42,46,2025-04-07T01:20:03Z,2375000,False,,,0,,Y. Missi REBOUND (Off:1 Def:5),[1642274],1610612740.0,NOP,,,,Missi,Y. Missi,,,,,Right Corner 3,24+ Right,,,,,,,238.0,6.0,5.0,1.0,,,,,,,,,,
239,PT03M52.00S,2025-04-07T01:19:03.2Z,2,REGULAR,2pt,Jump Shot,['pointsinthepaint'],1642274,84.7568988173456,55.89384191176471,1610612740,44,46,2025-04-07T01:20:26Z,2380000,False,29.0,91.0,1,right,Y. Missi 9' driving floating Jump Shot (4 PTS) (B. Brown 4 AST),"[1642274, 1628971]",1610612740.0,NOP,driving floating,,,Missi,Y. Missi,,,,,In The Paint (Non-RA),8-16 Center,9.55,Made,4.0,B. Brown,1628971.0,4.0,,,,,,,,,,,,,,
242,PT03M35.00S,2025-04-07T01:19:27.2Z,2,REGULAR,foul,personal,['2freethrow'],1642274,,,1610612749,44,46,2025-04-07T01:20:53Z,2400000,False,,,0,,Y. Missi shooting personal FOUL (1 PF) (Porter Jr. 2 FT),"[1642274, 1629645]",1610612740.0,NOP,shooting,,,Missi,Y. Missi,,,,,Restricted Area,0-8 Center,,,,,,,,,,,1627541.0,1.0,0.0,Porter Jr.,1629645.0,,,,,
244,PT03M35.00S,2025-04-07T01:20:02.3Z,2,REGULAR,freethrow,1 of 2,[],1629645,,,1610612749,44,47,2025-04-07T01:20:02Z,2420000,False,,,0,,K. Porter Jr. Free Throw 1 of 2 (6 PTS),[1629645],1610612749.0,MIL,,,,Porter Jr.,K. Porter Jr.,,,,,,,,Made,6.0,,,,,,,,,,,,,,,,,
245,PT03M35.00S,2025-04-07T01:20:02.3Z,2,REGULAR,freethrow,2 of 2,[],1629645,,,1610612749,44,47,2025-04-07T01:20:22Z,2430000,False,,,0,,MISS K. Porter Jr. Free Throw 2 of 2,[1629645],1610612749.0,MIL,,,,Porter Jr.,K. Porter Jr.,,,,,,,,Missed,,,,,,,,,,,,,,,,,,
246,PT03M34.00S,2025-04-07T01:20:03.3Z,2,REGULAR,rebound,defensive,[],1642274,,,1610612740,44,47,2025-04-07T01:21:07Z,2440000,False,,,0,,Y. Missi REBOUND (Off:1 Def:6),[1642274],1610612740.0,NOP,,,,Missi,Y. Missi,,,,,,,,,,,,,245.0,7.0,6.0,1.0,,,,,,,,,,
247,PT03M18.00S,2025-04-07T01:20:35.4Z,2,REGULAR,2pt,Layup,['pointsinthepaint'],1628971,95.40078843626807,50.53232230392157,1610612740,46,47,2025-04-07T01:21:19Z,2450000,False,3.0,-9.0,1,right,B. Brown cutting Layup (12 PTS) (L. Quinones 2 AST),"[1628971, 1631311]",1610612740.0,NOP,cutting,,,Brown,B. Brown,,,,,Restricted Area,0-8 Center,0.97,Made,12.0,L. Quinones,1631311.0,2.0,,,,,,,,,,,,,,
249,PT03M06.00S,2025-04-07T01:20:46.8Z,2,REGULAR,3pt,Jump Shot,[],201572,27.33245729303549,88.94761029411765,1610612749,46,47,2025-04-07T01:22:03Z,2470000,False,-195.0,204.0,1,left,MISS B. Lopez 28' 3PT,[201572],1610612749.0,MIL,,,,Lopez,B. Lopez,,,,,Above the Break 3,24+ Left Center,28.23,Missed,,,,,,,,,,,,,,,,,,
250,PT03M04.00S,2025-04-07T01:20:48.8Z,2,REGULAR,rebound,defensive,[],1628971,,,1610612740,46,47,2025-04-07T01:21:31Z,2480000,False,,,0,,B. Brown REBOUND (Off:0 Def:2),[1628971],1610612740.0,NOP,,,,Brown,B. Brown,,,,,Above the Break 3,24+ Left Center,,,,,,,249.0,2.0,2.0,0.0,,,,,,,,,,
251,PT02M57.00S,2025-04-07T01:20:57.2Z,2,REGULAR,2pt,Jump Shot,['fastbreak'],1628971,86.33377135348226,75.67018995098039,1610612740,46,47,2025-04-07T01:22:04Z,2490000,False,128.0,76.0,1,right,MISS B. Brown 14' driving floating bank Shot,[1628971],1610612740.0,NOP,driving floating bank,,,Brown,B. Brown,,,,,Mid-Range,8-16 Right,14.92,Missed,,,,,,,,,,,,,,,,,,
252,PT02M56.00S,2025-04-07T01:20:58.2Z,2,REGULAR,rebound,offensive,[],1641810,,,1610612740,46,47,2025-04-07T01:21:53Z,2500000,False,,,0,,A. Reeves REBOUND (Off:1 Def:1),[1641810],1610612740.0,NOP,,,,Reeves,A. Reeves,,,,,Mid-Range,8-16 Right,,,,,,,251.0,2.0,1.0,1.0,,,,,,,,,,
253,PT02M56.00S,2025-04-07T01:21:07.5Z,2,REGULAR,2pt,Layup,"['2ndchance', 'pointsinthepaint']",1641810,90.80157687253613,46.42310049019608,1610612740,48,47,2025-04-07T01:24:32Z,2510000,False,-18.0,34.0,1,right,A. Reeves tip Layup (7 PTS),[1641810],1610612740.0,NOP,tip,,,Reeves,A. Reeves,,,,,Restricted Area,0-8 Center,3.84,Made,7.0,,,,,,,,,,,,,,,,,
254,PT02M41.00S,2025-04-07T01:21:12.5Z,2,REGULAR,2pt,Jump Shot,[],1629018,24.441524310118268,32.329963235294116,1610612749,48,49,2025-04-07T01:22:43Z,2520000,False,88.0,177.0,1,left,G. Trent Jr. 19' pullup Jump Shot (15 PTS),[1629018],1610612749.0,MIL,pullup,,,Trent Jr.,G. Trent Jr.,,,,,Mid-Range,16-24 Right Center,19.81,Made,15.0,,,,,,,,,,,,,,,,,
255,PT02M16.00S,2025-04-07T01:21:37.0Z,2,REGULAR,2pt,Layup,['pointsinthepaint'],1642274,91.59001314060447,53.30882352941176,1610612740,50,49,2025-04-07T01:23:13Z,2530000,False,17.0,27.0,1,right,Y. Missi cutting Layup (6 PTS) (B. Brown 5 AST),"[1642274, 1628971]",1610612740.0,NOP,cutting,,,Missi,Y. Missi,,,,,Restricted Area,0-8 Center,3.13,Made,6.0,B. Brown,1628971.0,5.0,,,,,,,,,,,,,,
257,PT02M05.00S,2025-04-07T01:21:48.2Z,2,REGULAR,3pt,Jump Shot,[],201572,28.646517739816034,16.643688725490193,1610612749,50,49,2025-04-07T01:23:29Z,2550000,False,167.0,217.0,1,left,MISS B. Lopez 27' 3PT,[201572],1610612749.0,MIL,,,,Lopez,B. Lopez,,,,,Above the Break 3,24+ Right Center,27.35,Missed,,,,,,,,,,,,,,,,,,
258,PT02M03.00S,2025-04-07T01:21:50.2Z,2,REGULAR,rebound,defensive,[],1631232,,,1610612740,50,49,2025-04-07T01:23:29Z,2560000,False,,,0,,K. Brooks Jr. REBOUND (Off:1 Def:4),[1631232],1610612740.0,NOP,,,,Brooks Jr.,K. Brooks Jr.,,,,,Above the Break 3,24+ Right Center,,,,,,,257.0,5.0,4.0,1.0,,,,,,,,,,
259,PT01M52.00S,2025-04-07T01:22:07.1Z,2,REGULAR,foul,personal,[],1627752,,,1610612740,50,49,2025-04-07T01:25:00Z,2570000,False,,,0,,T. Prince personal FOUL (3 PF),"[1627752, 1631311]",1610612749.0,MIL,,,,Prince,T. Prince,,,,,Right Corner 3,24+ Right,,,,,,,,,,,1627541.0,3.0,0.0,Quinones,1631311.0,,,,,
261,PT01M52.00S,2025-04-07T01:22:23.1Z,2,REGULAR,timeout,full,"['team', 'mandatory']",0,,,1610612740,50,49,2025-04-07T01:22:23Z,2590000,False,,,0,,NOP Timeout,[],1610612740.0,NOP,,,,,,,,,,,,,,,,,,,,,,,,,,,,,,,
262,PT01M52.00S,2025-04-07T01:24:10.4Z,2,REGULAR,substitution,out,[],1627752,,,1610612740,50,49,2025-04-07T01:24:27Z,2600000,False,,,0,,SUB out: T. Prince,[1627752],1610612749.0,MIL,,,,Prince,T. Prince,,,,,,,,,,,,,,,,,,,,,,,,,,
263,PT01M52.00S,2025-04-07T01:24:10.4Z,2,REGULAR,substitution,out,[],1641748,,,1610612740,50,49,2025-04-07T01:24:27Z,2610000,False,,,0,,SUB out: A. Jackson Jr.,[1641748],1610612749.0,MIL,,,,Jackson Jr.,A. Jackson Jr.,,,,,,,,,,,,,,,,,,,,,,,,,,
264,PT01M52.00S,2025-04-07T01:24:10.4Z,2,REGULAR,substitution,in,[],1628398,,,1610612740,50,49,2025-04-07T01:24:27Z,2620000,False,,,0,,SUB in: K. Kuzma,[1628398],1610612749.0,MIL,,,,Kuzma,K. Kuzma,,,,,,,,,,,,,,,,,,,,,,,,,,
265,PT01M52.00S,2025-04-07T01:24:10.4Z,2,REGULAR,substitution,in,[],1631260,,,1610612740,50,49,2025-04-07T01:24:27Z,2630000,False,,,0,,SUB in: A. Green,[1631260],1610612749.0,MIL,,,,Green,A. Green,,,,,,,,,,,,,,,,,,,,,,,,,,
266,PT01M44.00S,2025-04-07T01:25:18.4Z,2,REGULAR,foul,technical,['1freethrow'],1628398,,,1610612740,50,49,2025-04-07T01:26:01Z,2640000,False,,,0,,K. Kuzma defensive-3-second technical FOUL (1 Tech),[1628398],1610612749.0,MIL,defensive-3-second,,,Kuzma,K. Kuzma,,,,,In The Paint (Non-RA),0-8 Center,,,,,,,,,,,202056.0,1.0,1.0,,,,,,,
267,PT01M44.00S,2025-04-07T01:25:36.4Z,2,REGULAR,freethrow,1 of 1,[],1641810,,,1610612740,51,49,2025-04-07T01:25:36Z,2650000,False,,,0,,A. Reeves technical Free Throw 1 of 1 (8 PTS),[1641810],1610612740.0,NOP,technical,,,Reeves,A. Reeves,,,,,,,,Made,8.0,,,,,,,,,,,,,,,,,
268,PT01M32.00S,2025-04-07T01:26:00.5Z,2,REGULAR,2pt,Jump Shot,['pointsinthepaint'],1628971,82.26018396846254,54.737285539215684,1610612740,53,49,2025-04-07T01:26:21Z,2660000,False,24.0,114.0,1,right,B. Brown 11' driving floating Jump Shot (14 PTS),[1628971],1610612740.0,NOP,driving floating,,,Brown,B. Brown,,,,,In The Paint (Non-RA),8-16 Center,11.67,Made,14.0,,,,,,,,,,,,,,,,,
269,PT01M32.00S,2025-04-07T01:26:03.6Z,2,REGULAR,foul,personal,"['inpenalty', '1freethrow']",1631260,,,1610612740,53,49,2025-04-07T01:26:27Z,2670000,False,,,0,,A. Green shooting personal FOUL (3 PF) (Brown 1 FT),"[1631260, 1628971]",1610612749.0,MIL,shooting,,,Green,A. Green,,,,,In The Paint (Non-RA),8-16 Center,,,,,,,,,,,202056.0,3.0,0.0,Brown,1628971.0,,,,,
271,PT01M32.00S,2025-04-07T01:26:28.9Z,2,REGULAR,freethrow,1 of 1,[],1628971,,,1610612740,53,49,2025-04-07T01:26:32Z,2690000,False,,,0,,MISS B. Brown Free Throw 1 of 1,[1628971],1610612740.0,NOP,,,,Brown,B. Brown,,,,,,,,Missed,,,,,,,,,,,,,,,,,,
272,PT01M31.00S,2025-04-07T01:26:29.9Z,2,REGULAR,rebound,defensive,[],1628398,,,1610612749,53,49,2025-04-07T01:26:35Z,2700000,False,,,0,,K. Kuzma REBOUND (Off:0 Def:2),[1628398],1610612749.0,MIL,,,,Kuzma,K. Kuzma,,,,,,,,,,,,,271.0,2.0,2.0,0.0,,,,,,,,,,
273,PT01M15.00S,2025-04-07T01:26:46.7Z,2,REGULAR,2pt,Layup,['pointsinthepaint'],1628398,11.695137976346913,55.04365808823529,1610612749,53,51,2025-04-07T01:27:05Z,2710000,False,-25.0,57.0,1,left,K. Kuzma 6' cutting Layup (12 PTS) (G. Trent Jr. 1 AST),"[1628398, 1629018]",1610612749.0,MIL,cutting,,,Kuzma,K. Kuzma,,,,,In The Paint (Non-RA),0-8 Center,6.27,Made,12.0,G. Trent Jr.,1629018.0,1.0,,,,,,,,,,,,,,
275,PT01M01.00S,2025-04-07T01:27:00.5Z,2,REGULAR,turnover,bad pass,[],1642274,,,1610612740,53,51,2025-04-07T01:27:26Z,2730000,False,,,0,,Y. Missi bad pass TURNOVER (1 TO),"[1642274, 1629645]",1610612740.0,NOP,,,,Missi,Y. Missi,,,,,Mid-Range,8-16 Right,,,,,,,,,,,,,,,,1.0,Porter Jr.,1629645.0,,
276,PT01M01.00S,2025-04-07T01:27:00.5Z,2,REGULAR,steal,,[],1629645,,,1610612749,53,51,2025-04-07T01:27:02Z,2740000,False,,,0,,K. Porter Jr. STEAL (1 STL),[1629645],1610612749.0,MIL,,,,Porter Jr.,K. Porter Jr.,,,,,Mid-Range,8-16 Right,,,,,,,,,,,,,,,,,,,,
277,PT01M00.00S,2025-04-07T01:27:03.7Z,2,REGULAR,2pt,DUNK,"['fastbreak', 'pointsinthepaint', 'fromturnover']",1629645,12.723800919842304,57.20741421568628,1610612749,53,53,2025-04-07T01:27:34Z,2750000,False,-36.0,67.0,1,left,K. Porter Jr. 7' running DUNK (8 PTS),[1629645],1610612749.0,MIL,running,,,Porter Jr.,K. Porter Jr.,,,,,In The Paint (Non-RA),0-8 Center,7.61,Made,8.0,,,,,,,,,,,,,,,,,
278,PT00M44.40S,2025-04-07T01:27:23.5Z,2,REGULAR,2pt,Jump Shot,['pointsinthepaint'],1631232,88.43626806833115,52.36672794117647,1610612740,53,53,2025-04-07T01:28:23Z,2760000,False,12.0,56.0,1,right,MISS K. Brooks Jr. driving floating Shot,[1631232],1610612740.0,NOP,driving floating,,,Brooks Jr.,K. Brooks Jr.,,,,,In The Paint (Non-RA),0-8 Center,5.74,Missed,,,,,,,,,,,,,,,,,,
279,PT00M43.10S,2025-04-07T01:27:24.8Z,2,REGULAR,rebound,defensive,[],1628398,,,1610612749,53,53,2025-04-07T01:28:18Z,2770000,False,,,0,,K. Kuzma REBOUND (Off:0 Def:3),[1628398],1610612749.0,MIL,,,,Kuzma,K. Kuzma,,,,,In The Paint (Non-RA),0-8 Center,,,,,,,278.0,3.0,3.0,0.0,,,,,,,,,,
281,PT00M36.10S,2025-04-07T01:27:32.9Z,2,REGULAR,3pt,Jump Shot,['fastbreak'],1629018,22.842066360052556,10.026041666666657,1610612749,53,56,2025-04-07T01:29:09Z,2790000,False,200.0,162.0,1,left,G. Trent Jr. 25' 3PT running (18 PTS) (K. Kuzma 4 AST),"[1629018, 1628398]",1610612749.0,MIL,running,,,Trent Jr.,G. Trent Jr.,,,,,Above the Break 3,24+ Right Center,25.74,Made,18.0,K. Kuzma,1628398.0,4.0,,,,,,,,,,,,,,
283,PT00M27.60S,2025-04-07T01:27:42.0Z,2,REGULAR,2pt,Hook,['pointsinthepaint'],1642274,88.43626806833115,53.08287377450981,1610612740,53,56,2025-04-07T01:29:40Z,2810000,False,15.0,56.0,1,right,MISS Y. Missi turnaround Hook,[1642274],1610612740.0,NOP,turnaround,,,Missi,Y. Missi,,,,,In The Paint (Non-RA),0-8 Center,5.83,Missed,,,,,,,,,,,,,,,,,,
284,PT00M26.50S,2025-04-07T01:27:43.1Z,2,REGULAR,rebound,defensive,[],1628398,,,1610612749,53,56,2025-04-07T01:29:40Z,2820000,False,,,0,,K. Kuzma REBOUND (Off:0 Def:4),[1628398],1610612749.0,MIL,,,,Kuzma,K. Kuzma,,,,,In The Paint (Non-RA),0-8 Center,,,,,,,283.0,4.0,4.0,0.0,,,,,,,,,,
285,PT00M06.00S,2025-04-07T01:28:02.7Z,2,REGULAR,2pt,Jump Shot,['pointsinthepaint'],1628398,12.198176741130098,62.94424019607843,1610612749,53,58,2025-04-07T01:29:56Z,2830000,False,-65.0,62.0,1,left,K. Kuzma 8' driving floating bank Jump Shot (14 PTS),[1628398],1610612749.0,MIL,driving floating bank,,,Kuzma,K. Kuzma,,,,,In The Paint (Non-RA),8-16 Left,8.97,Made,14.0,,,,,,,,,,,,,,,,,
286,PT00M01.00S,2025-04-07T01:28:09.1Z,2,REGULAR,3pt,Jump Shot,[],1631311,75.9526938239159,92.62408088235294,1610612740,53,58,2025-04-07T01:30:13Z,2840000,False,213.0,174.0,1,right,MISS L. Quinones 27' step back 3PT,[1631311],1610612740.0,NOP,step back,,,Quinones,L. Quinones,,,,,Above the Break 3,24+ Right Center,27.48,Missed,,,,,,,,,,,,,,,,,,
287,PT00M00.10S,2025-04-07T01:28:10.0Z,2,REGULAR,rebound,offensive,['team'],0,,,1610612740,53,58,2025-04-07T01:30:13Z,2850000,False,,,0,,TEAM offensive REBOUND,[],1610612740.0,NOP,,,,,,,,,,Above the Break 3,24+ Right Center,,,,,,,286.0,,,,,,,,,,,,,
288,PT00M00.00S,2025-04-07T01:28:14.5Z,2,REGULAR,period,end,[],0,,,1610612740,53,58,2025-04-07T01:28:14Z,2860000,False,,,0,,Period End,[],,,,,,,,,,,,,,,,,,,,,,,,,,,,,,,,,
289,PT12M00.00S,2025-04-07T01:42:47.0Z,3,REGULAR,substitution,out,['startperiod'],1631311,,,1610612740,53,58,2025-04-07T01:43:35Z,2870000,False,,,0,,SUB out: L. Quinones,[1631311],1610612740.0,NOP,,,,Quinones,L. Quinones,,,,,,,,,,,,,,,,,,,,,,,,,,
290,PT12M00.00S,2025-04-07T01:42:47.0Z,3,REGULAR,substitution,out,['startperiod'],1631260,,,1610612740,53,58,2025-04-07T01:43:35Z,2880000,False,,,0,,SUB out: A. Green,[1631260],1610612749.0,MIL,,,,Green,A. Green,,,,,,,,,,,,,,,,,,,,,,,,,,
291,PT12M00.00S,2025-04-07T01:42:47.0Z,3,REGULAR,substitution,in,['startperiod'],203901,,,1610612740,53,58,2025-04-07T01:43:35Z,2890000,False,,,0,,SUB in: E. Payton,[203901],1610612740.0,NOP,,,,Payton,E. Payton,,,,,,,,,,,,,,,,,,,,,,,,,,
292,PT12M00.00S,2025-04-07T01:42:47.0Z,3,REGULAR,substitution,in,['startperiod'],1627752,,,1610612740,53,58,2025-04-07T01:43:35Z,2900000,False,,,0,,SUB in: T. Prince,[1627752],1610612749.0,MIL,,,,Prince,T. Prince,,,,,,,,,,,,,,,,,,,,,,,,,,
293,PT12M00.00S,2025-04-07T01:43:28.3Z,3,REGULAR,period,start,[],0,,,1610612740,53,58,2025-04-07T01:43:36Z,2910000,False,,,0,,Period Start,[],,,,,,,,,,,,,,,,,,,,,,,,,,,,,,,,,
294,PT11M46.00S,2025-04-07T01:43:41.9Z,3,REGULAR,3pt,Jump Shot,[],1641810,7.358738501971089,4.388786764705884,1610612740,56,58,2025-04-07T01:43:57Z,2920000,False,228.0,17.0,1,left,A. Reeves 3PT  (11 PTS) (B. Brown 6 AST),"[1641810, 1628971]",1610612740.0,NOP,,,,Reeves,A. Reeves,,,,,Right Corner 3,24+ Right,22.87,Made,11.0,B. Brown,1628971.0,6.0,,,,,,,,,,,,,,
296,PT11M29.00S,2025-04-07T01:43:59.5Z,3,REGULAR,3pt,Jump Shot,[],201572,77.1353482260184,91.15349264705883,1610612749,56,58,2025-04-07T01:44:31Z,2940000,False,206.0,162.0,1,right,MISS B. Lopez 26' 3PT,[201572],1610612749.0,MIL,,,,Lopez,B. Lopez,,,,,Above the Break 3,24+ Right Center,26.22,Missed,,,,,,,,,,,,,,,,,,
297,PT11M26.00S,2025-04-07T01:44:02.5Z,3,REGULAR,rebound,offensive,[],1627752,,,1610612749,56,58,2025-04-07T01:44:24Z,2950000,False,,,0,,T. Prince REBOUND (Off:1 Def:2),[1627752],1610612749.0,MIL,,,,Prince,T. Prince,,,,,Above the Break 3,24+ Right Center,,,,,,,296.0,3.0,2.0,1.0,,,,,,,,,,
298,PT11M21.00S,2025-04-07T01:44:07.6Z,3,REGULAR,3pt,Jump Shot,['2ndchance'],1628398,95.53219448094612,4.143688725490193,1610612749,56,58,2025-04-07T01:44:48Z,2960000,False,-229.0,-11.0,1,right,MISS K. Kuzma 3PT,[1628398],1610612749.0,MIL,,,,Kuzma,K. Kuzma,,,,,Left Corner 3,24+ Left,22.95,Missed,,,,,,,,,,,,,,,,,,
299,PT11M18.00S,2025-04-07T01:44:10.6Z,3,REGULAR,rebound,defensive,[],1642274,,,1610612740,56,58,2025-04-07T01:44:48Z,2970000,False,,,0,,Y. Missi REBOUND (Off:1 Def:7),[1642274],1610612740.0,NOP,,,,Missi,Y. Missi,,,,,Left Corner 3,24+ Left,,,,,,,298.0,8.0,7.0,1.0,,,,,,,,,,
300,PT11M02.00S,2025-04-07T01:44:26.1Z,3,REGULAR,2pt,Jump Shot,['pointsinthepaint'],1628971,17.6084099868594,40.66329656862745,1610612740,58,58,2025-04-07T01:45:22Z,2980000,False,47.0,113.0,1,left,B. Brown 12' pullup Jump Shot (16 PTS),[1628971],1610612740.0,NOP,pullup,,,Brown,B. Brown,,,,,In The Paint (Non-RA),8-16 Center,12.23,Made,16.0,,,,,,,,,,,,,,,,,
302,PT10M38.00S,2025-04-07T01:44:52.3Z,3,REGULAR,2pt,Jump Shot,[],1629645,75.68988173455979,60.650275735294116,1610612749,58,58,2025-04-07T01:45:54Z,3000000,False,53.0,176.0,1,right,MISS K. Porter Jr. 18' pullup Shot,[1629645],1610612749.0,MIL,pullup,,,Porter Jr.,K. Porter Jr.,,,,,Mid-Range,16-24 Center,18.39,Missed,,,,,,,,,,,,,,,,,,
303,PT10M35.00S,2025-04-07T01:44:55.3Z,3,REGULAR,rebound,offensive,[],201572,,,1610612749,58,58,2025-04-07T01:45:54Z,3010000,False,,,0,,B. Lopez REBOUND (Off:4 Def:1),[201572],1610612749.0,MIL,,,,Lopez,B. Lopez,,,,,Mid-Range,16-24 Center,,,,,,,302.0,5.0,1.0,4.0,,,,,,,,,,
304,PT10M30.00S,2025-04-07T01:45:00.7Z,3,REGULAR,foul,personal,['2freethrow'],203901,,,1610612749,58,58,2025-04-07T01:46:05Z,3020000,False,,,0,,E. Payton shooting personal FOUL (1 PF) (Trent Jr. 2 FT),"[203901, 1629018]",1610612740.0,NOP,shooting,,,Payton,E. Payton,,,,,Mid-Range,8-16 Left,,,,,,,,,,,202058.0,1.0,0.0,Trent Jr.,1629018.0,,,,,
306,PT10M30.00S,2025-04-07T01:45:24.9Z,3,REGULAR,freethrow,1 of 2,['2ndchance'],1629018,,,1610612749,58,58,2025-04-07T01:45:25Z,3040000,False,,,0,,MISS G. Trent Jr. Free Throw 1 of 2,[1629018],1610612749.0,MIL,,,,Trent Jr.,G. Trent Jr.,,,,,,,,Missed,,,,,,,,,,,,,,,,,,
307,PT10M30.00S,2025-04-07T01:45:24.9Z,3,REGULAR,rebound,offensive,"['deadball', 'team']",0,,,1610612749,58,58,2025-04-07T01:45:25Z,3050000,False,,,0,,TEAM offensive REBOUND,[],1610612749.0,MIL,,,,,,,,,,,,,,,,,,306.0,,,,,,,,,,,,,
308,PT10M30.00S,2025-04-07T01:45:38.0Z,3,REGULAR,freethrow,2 of 2,['2ndchance'],1629018,,,1610612749,58,59,2025-04-07T01:45:38Z,3060000,False,,,0,,G. Trent Jr. Free Throw 2 of 2 (19 PTS),[1629018],1610612749.0,MIL,,,,Trent Jr.,G. Trent Jr.,,,,,,,,Made,19.0,,,,,,,,,,,,,,,,,
309,PT10M17.00S,2025-04-07T01:45:56.7Z,3,REGULAR,2pt,Jump Shot,[],1628971,17.871222076215503,72.00520833333333,1610612740,58,59,2025-04-07T01:46:42Z,3070000,False,-110.0,115.0,1,left,MISS B. Brown 15' driving floating Shot,[1628971],1610612740.0,NOP,driving floating,,,Brown,B. Brown,,,,,Mid-Range,8-16 Left,15.95,Missed,,,,,,,,,,,,,,,,,,
310,PT10M13.00S,2025-04-07T01:46:00.7Z,3,REGULAR,rebound,offensive,['team'],0,,,1610612740,58,59,2025-04-07T01:46:42Z,3080000,False,,,0,,TEAM offensive REBOUND,[],1610612740.0,NOP,,,,,,,,,,Mid-Range,8-16 Left,,,,,,,309.0,,,,,,,,,,,,,
312,PT10M08.00S,2025-04-07T01:46:21.0Z,3,REGULAR,3pt,Jump Shot,['2ndchance'],1641810,34.59264126149803,58.14185049019608,1610612740,61,59,2025-04-07T01:47:05Z,3100000,False,-41.0,273.0,1,left,A. Reeves 27' 3PT  (14 PTS) (Y. Missi 2 AST),"[1641810, 1642274]",1610612740.0,NOP,,,,Reeves,A. Reeves,,,,,Above the Break 3,24+ Center,27.57,Made,14.0,Y. Missi,1642274.0,2.0,,,,,,,,,,,,,,
314,PT09M51.00S,2025-04-07T01:46:40.6Z,3,REGULAR,foul,personal,['2freethrow'],1641810,,,1610612749,61,59,2025-04-07T01:47:17Z,3120000,False,,,0,,A. Reeves shooting personal FOUL (2 PF) (Kuzma 2 FT),"[1641810, 1628398]",1610612740.0,NOP,shooting,,,Reeves,A. Reeves,,,,,In The Paint (Non-RA),0-8 Center,,,,,,,,,,,202056.0,2.0,0.0,Kuzma,1628398.0,,,,,
316,PT09M51.00S,2025-04-07T01:47:09.7Z,3,REGULAR,freethrow,1 of 2,[],1628398,,,1610612749,61,59,2025-04-07T01:47:09Z,3140000,False,,,0,,MISS K. Kuzma Free Throw 1 of 2,[1628398],1610612749.0,MIL,,,,Kuzma,K. Kuzma,,,,,,,,Missed,,,,,,,,,,,,,,,,,,
317,PT09M51.00S,2025-04-07T01:47:09.7Z,3,REGULAR,rebound,offensive,"['deadball', 'team']",0,,,1610612749,61,59,2025-04-07T01:47:09Z,3150000,False,,,0,,TEAM offensive REBOUND,[],1610612749.0,MIL,,,,,,,,,,,,,,,,,,316.0,,,,,,,,,,,,,
318,PT09M51.00S,2025-04-07T01:47:22.5Z,3,REGULAR,freethrow,2 of 2,[],1628398,,,1610612749,61,60,2025-04-07T01:47:22Z,3160000,False,,,0,,K. Kuzma Free Throw 2 of 2 (15 PTS),[1628398],1610612749.0,MIL,,,,Kuzma,K. Kuzma,,,,,,,,Made,15.0,,,,,,,,,,,,,,,,,
319,PT09M39.00S,2025-04-07T01:47:39.9Z,3,REGULAR,2pt,Layup,['pointsinthepaint'],1642274,12.746386333771355,50.896139705882355,1610612740,63,60,2025-04-07T01:47:58Z,3170000,False,-4.0,67.0,1,left,Y. Missi 6' cutting Layup (8 PTS) (B. Brown 7 AST),"[1642274, 1628971]",1610612740.0,NOP,cutting,,,Missi,Y. Missi,,,,,In The Paint (Non-RA),0-8 Center,6.75,Made,8.0,B. Brown,1628971.0,7.0,,,,,,,,,,,,,,
321,PT09M29.00S,2025-04-07T01:47:53.9Z,3,REGULAR,foul,offensive,[],1628398,,,1610612749,63,60,2025-04-07T01:48:12Z,3190000,False,,,0,,K. Kuzma offensive FOUL (2 PF),"[1628398, 1642274]",1610612749.0,MIL,,,,Kuzma,K. Kuzma,,,,,In The Paint (Non-RA),8-16 Center,,,,,,,,,,,202058.0,2.0,1.0,Missi,1642274.0,,,,,
323,PT09M29.00S,2025-04-07T01:47:53.9Z,3,REGULAR,turnover,offensive foul,[],1628398,,,1610612749,63,60,2025-04-07T01:48:12Z,3210000,False,,,0,,K. Kuzma offensive foul TURNOVER (3 TO),[1628398],1610612749.0,MIL,,,,Kuzma,K. Kuzma,,,,,In The Paint (Non-RA),8-16 Center,,,,,,,,,,,202058.0,,,,,3.0,,,,
324,PT09M19.00S,2025-04-07T01:48:18.2Z,3,REGULAR,3pt,Jump Shot,['fromturnover'],1631232,25.88699080157687,13.947610294117652,1610612740,63,60,2025-04-07T01:48:40Z,3220000,False,180.0,191.0,1,left,MISS K. Brooks Jr. 26' 3PT,[1631232],1610612740.0,NOP,,,,Brooks Jr.,K. Brooks Jr.,,,,,Above the Break 3,24+ Right Center,26.25,Missed,,,,,,,,,,,,,,,,,,
325,PT09M16.00S,2025-04-07T01:48:21.2Z,3,REGULAR,rebound,defensive,[],1629018,,,1610612749,63,60,2025-04-07T01:48:40Z,3230000,False,,,0,,G. Trent Jr. REBOUND (Off:0 Def:2),[1629018],1610612749.0,MIL,,,,Trent Jr.,G. Trent Jr.,,,,,Above the Break 3,24+ Right Center,,,,,,,324.0,2.0,2.0,0.0,,,,,,,,,,
326,PT09M08.00S,2025-04-07T01:48:27.2Z,3,REGULAR,3pt,Jump Shot,[],1629645,66.32925427069645,59.455422794117645,1610612749,63,63,2025-04-07T01:48:53Z,3240000,False,47.0,264.0,1,right,K. Porter Jr. 26' 3PT  (11 PTS) (B. Lopez 2 AST),"[1629645, 201572]",1610612749.0,MIL,,,,Porter Jr.,K. Porter Jr.,,,,,Above the Break 3,24+ Center,26.82,Made,11.0,B. Lopez,201572.0,2.0,,,,,,,,,,,,,,
328,PT08M41.00S,2025-04-07T01:48:54.4Z,3,REGULAR,2pt,Jump Shot,['pointsinthepaint'],1642274,13.403416557161634,42.37898284313726,1610612740,65,63,2025-04-07T01:49:20Z,3260000,False,38.0,73.0,1,left,Y. Missi 8' driving floating Jump Shot (10 PTS) (E. Payton 7 AST),"[1642274, 203901]",1610612740.0,NOP,driving floating,,,Missi,Y. Missi,,,,,In The Paint (Non-RA),8-16 Center,8.28,Made,10.0,E. Payton,203901.0,7.0,,,,,,,,,,,,,,
330,PT08M19.00S,2025-04-07T01:49:15.9Z,3,REGULAR,3pt,Jump Shot,[],1629018,67.46057818659658,41.64368872549019,1610612749,65,66,2025-04-07T01:49:46Z,3280000,False,-42.0,253.0,1,right,G. Trent Jr. 25' 3PT pullup (22 PTS),[1629018],1610612749.0,MIL,pullup,,,Trent Jr.,G. Trent Jr.,,,,,Above the Break 3,24+ Center,25.68,Made,22.0,,,,,,,,,,,,,,,,,
331,PT08M06.00S,2025-04-07T01:49:34.4Z,3,REGULAR,foul,technical,['1freethrow'],201572,,,1610612740,65,66,2025-04-07T01:49:57Z,3290000,False,,,0,,B. Lopez defensive-3-second technical FOUL (1 Tech),[201572],1610612749.0,MIL,defensive-3-second,,,Lopez,B. Lopez,,,,,In The Paint (Non-RA),0-8 Center,,,,,,,,,,,202056.0,0.0,1.0,,,,,,,
332,PT08M06.00S,2025-04-07T01:50:06.6Z,3,REGULAR,freethrow,1 of 1,[],1641810,,,1610612740,66,66,2025-04-07T01:50:06Z,3300000,False,,,0,,A. Reeves technical Free Throw 1 of 1 (15 PTS),[1641810],1610612740.0,NOP,technical,,,Reeves,A. Reeves,,,,,,,,Made,15.0,,,,,,,,,,,,,,,,,
333,PT07M56.00S,2025-04-07T01:50:28.9Z,3,REGULAR,3pt,Jump Shot,[],1631232,22.864651773981606,88.94761029411765,1610612740,69,66,2025-04-07T01:50:45Z,3310000,False,-195.0,162.0,1,left,K. Brooks Jr. 25' 3PT  (11 PTS) (B. Brown 8 AST),"[1631232, 1628971]",1610612740.0,NOP,,,,Brooks Jr.,K. Brooks Jr.,,,,,Above the Break 3,24+ Left Center,25.35,Made,11.0,B. Brown,1628971.0,8.0,,,,,,,,,,,,,,
335,PT07M34.00S,2025-04-07T01:50:53.4Z,3,REGULAR,turnover,bad pass,[],1628398,,,1610612749,69,66,2025-04-07T01:52:01Z,3330000,False,,,0,,K. Kuzma bad pass TURNOVER (4 TO),"[1628398, 1641810]",1610612749.0,MIL,,,,Kuzma,K. Kuzma,,,,,In The Paint (Non-RA),0-8 Center,,,,,,,,,,,,,,,,4.0,Reeves,1641810.0,,
336,PT07M34.00S,2025-04-07T01:50:53.4Z,3,REGULAR,steal,,[],1641810,,,1610612740,69,66,2025-04-07T01:52:53Z,3340000,False,,,0,,A. Reeves STEAL (2 STL),[1641810],1610612740.0,NOP,,,,Reeves,A. Reeves,,,,,In The Paint (Non-RA),0-8 Center,,,,,,,,,,,,,,,,,,,,
340,PT07M29.00S,2025-04-07T01:50:57.2Z,3,REGULAR,turnover,bad pass,[],1641810,,,1610612740,69,66,2025-04-07T01:53:36Z,3349687,False,,,0,,A. Reeves bad pass TURNOVER (1 TO),"[1641810, 1627752]",1610612740.0,NOP,,,,Reeves,A. Reeves,,,,,In The Paint (Non-RA),8-16 Center,,,,,,,,,,,,,,,,1.0,Prince,1627752.0,,
341,PT07M29.00S,2025-04-07T01:50:57.2Z,3,REGULAR,steal,,[],1627752,,,1610612749,69,66,2025-04-07T01:52:17Z,3349843,False,,,0,,T. Prince STEAL (1 STL),[1627752],1610612749.0,MIL,,,,Prince,T. Prince,,,,,In The Paint (Non-RA),8-16 Center,,,,,,,,,,,,,,,,,,,,
342,PT07M28.00S,2025-04-07T01:50:59.1Z,3,REGULAR,turnover,bad pass,[],1627752,,,1610612749,69,66,2025-04-07T01:53:59Z,3349921,False,,,0,,T. Prince bad pass TURNOVER (1 TO),"[1627752, 203901]",1610612749.0,MIL,,,,Prince,T. Prince,,,,,Mid-Range,8-16 Right,,,,,,,,,,,,,,,,1.0,Payton,203901.0,,
343,PT07M28.00S,2025-04-07T01:50:59.1Z,3,REGULAR,steal,,[],203901,,,1610612740,69,66,2025-04-07T01:52:29Z,3349960,False,,,0,,E. Payton STEAL (1 STL),[203901],1610612740.0,NOP,,,,Payton,E. Payton,,,,,Mid-Range,8-16 Right,,,,,,,,,,,,,,,,,,,,
337,PT07M25.00S,2025-04-07T01:51:01.0Z,3,REGULAR,2pt,DUNK,"['pointsinthepaint', 'fromturnover']",1642274,8.935611038107751,46.158854166666664,1610612740,71,66,2025-04-07T01:54:26Z,3350000,False,19.0,31.0,1,left,Y. Missi cutting DUNK (12 PTS) (E. Payton 8 AST),"[1642274, 203901]",1610612740.0,NOP,cutting,,,Missi,Y. Missi,,,,,Restricted Area,0-8 Center,3.69,Made,12.0,E. Payton,203901.0,8.0,,,,,,,,,,,,,,
339,PT07M24.00S,2025-04-07T01:51:12.7Z,3,REGULAR,timeout,full,"['team', 'mandatory']",0,,,1610612749,71,66,2025-04-07T01:51:12Z,3370000,False,,,0,,MIL Timeout,[],1610612749.0,MIL,,,,,,,,,,,,,,,,,,,,,,,,,,,,,,,
344,PT07M14.00S,2025-04-07T01:54:13.8Z,3,REGULAR,3pt,Jump Shot,[],1629018,73.01248357424441,88.97058823529412,1610612749,71,66,2025-04-07T01:55:00Z,3380000,False,195.0,201.0,1,right,MISS G. Trent Jr. 28' 3PT,[1629018],1610612749.0,MIL,,,,Trent Jr.,G. Trent Jr.,,,,,Above the Break 3,24+ Right Center,28.01,Missed,,,,,,,,,,,,,,,,,,
345,PT07M12.00S,2025-04-07T01:54:15.8Z,3,REGULAR,rebound,offensive,[],201572,,,1610612749,71,66,2025-04-07T01:55:00Z,3390000,False,,,0,,B. Lopez REBOUND (Off:5 Def:1),[201572],1610612749.0,MIL,,,,Lopez,B. Lopez,,,,,Above the Break 3,24+ Right Center,,,,,,,344.0,6.0,1.0,5.0,,,,,,,,,,
346,PT06M59.00S,2025-04-07T01:54:24.3Z,3,REGULAR,3pt,Jump Shot,['2ndchance'],1629645,66.20400788436268,70.3201593137255,1610612749,71,66,2025-04-07T01:55:21Z,3400000,False,102.0,265.0,1,right,MISS K. Porter Jr. 28' 3PT,[1629645],1610612749.0,MIL,,,,Porter Jr.,K. Porter Jr.,,,,,Above the Break 3,24+ Right Center,28.4,Missed,,,,,,,,,,,,,,,,,,
347,PT06M56.00S,2025-04-07T01:54:27.3Z,3,REGULAR,rebound,defensive,[],1628971,,,1610612740,71,66,2025-04-07T01:55:21Z,3410000,False,,,0,,B. Brown REBOUND (Off:0 Def:3),[1628971],1610612740.0,NOP,,,,Brown,B. Brown,,,,,Above the Break 3,24+ Right Center,,,,,,,346.0,3.0,3.0,0.0,,,,,,,,,,
348,PT06M50.00S,2025-04-07T01:54:34.5Z,3,REGULAR,2pt,Layup,['pointsinthepaint'],1628971,11.432325886990796,43.66957720588235,1610612740,71,66,2025-04-07T01:55:46Z,3420000,False,32.0,55.0,1,left,MISS B. Brown 6' driving Layup,[1628971],1610612740.0,NOP,driving,,,Brown,B. Brown,,,,,In The Paint (Non-RA),0-8 Center,6.35,Missed,,,,,,,,,,,,,,,,,,
349,PT06M49.00S,2025-04-07T01:54:35.5Z,3,REGULAR,rebound,defensive,[],1629645,,,1610612749,71,66,2025-04-07T01:55:46Z,3430000,False,,,0,,K. Porter Jr. REBOUND (Off:0 Def:3),[1629645],1610612749.0,MIL,,,,Porter Jr.,K. Porter Jr.,,,,,In The Paint (Non-RA),0-8 Center,,,,,,,348.0,3.0,3.0,0.0,,,,,,,,,,
350,PT06M43.00S,2025-04-07T01:54:43.4Z,3,REGULAR,foul,personal,['2freethrow'],203901,,,1610612749,71,66,2025-04-07T01:55:56Z,3440000,False,,,0,,E. Payton shooting personal FOUL (2 PF) (Trent Jr. 2 FT),"[203901, 1629018]",1610612740.0,NOP,shooting,,,Payton,E. Payton,,,,,In The Paint (Non-RA),0-8 Center,,,,,,,,,,,202058.0,2.0,0.0,Trent Jr.,1629018.0,,,,,
352,PT06M43.00S,2025-04-07T01:55:05.9Z,3,REGULAR,freethrow,1 of 2,['fastbreak'],1629018,,,1610612749,71,67,2025-04-07T01:55:05Z,3460000,False,,,0,,G. Trent Jr. Free Throw 1 of 2 (23 PTS),[1629018],1610612749.0,MIL,,,,Trent Jr.,G. Trent Jr.,,,,,,,,Made,23.0,,,,,,,,,,,,,,,,,
353,PT06M43.00S,2025-04-07T01:55:07.2Z,3,REGULAR,substitution,out,[],203901,,,1610612749,71,67,2025-04-07T01:55:14Z,3470000,False,,,0,,SUB out: E. Payton,[203901],1610612740.0,NOP,,,,Payton,E. Payton,,,,,,,,,,,,,,,,,,,,,,,,,,
354,PT06M43.00S,2025-04-07T01:55:07.2Z,3,REGULAR,substitution,out,[],1628398,,,1610612749,71,67,2025-04-07T01:55:14Z,3480000,False,,,0,,SUB out: K. Kuzma,[1628398],1610612749.0,MIL,,,,Kuzma,K. Kuzma,,,,,,,,,,,,,,,,,,,,,,,,,,
355,PT06M43.00S,2025-04-07T01:55:07.2Z,3,REGULAR,substitution,in,[],1631288,,,1610612749,71,67,2025-04-07T01:55:14Z,3490000,False,,,0,,SUB in: J. Cain,[1631288],1610612740.0,NOP,,,,Cain,J. Cain,,,,,,,,,,,,,,,,,,,,,,,,,,
356,PT06M43.00S,2025-04-07T01:55:07.2Z,3,REGULAR,substitution,in,[],1631260,,,1610612749,71,67,2025-04-07T01:55:14Z,3500000,False,,,0,,SUB in: A. Green,[1631260],1610612749.0,MIL,,,,Green,A. Green,,,,,,,,,,,,,,,,,,,,,,,,,,
357,PT06M43.00S,2025-04-07T01:55:05.9Z,3,REGULAR,freethrow,2 of 2,['fastbreak'],1629018,,,1610612749,71,67,2025-04-07T01:55:27Z,3510000,False,,,0,,MISS G. Trent Jr. Free Throw 2 of 2,[1629018],1610612749.0,MIL,,,,Trent Jr.,G. Trent Jr.,,,,,,,,Missed,,,,,,,,,,,,,,,,,,
358,PT06M42.00S,2025-04-07T01:55:06.9Z,3,REGULAR,rebound,defensive,[],1631232,,,1610612740,71,67,2025-04-07T01:56:49Z,3520000,False,,,0,,K. Brooks Jr. REBOUND (Off:1 Def:5),[1631232],1610612740.0,NOP,,,,Brooks Jr.,K. Brooks Jr.,,,,,,,,,,,,,357.0,6.0,5.0,1.0,,,,,,,,,,
359,PT06M26.00S,2025-04-07T01:55:41.4Z,3,REGULAR,2pt,Jump Shot,['pointsinthepaint'],1628971,14.191852825229958,65.15012254901961,1610612740,71,67,2025-04-07T01:57:23Z,3530000,False,-76.0,81.0,1,left,MISS B. Brown 11' driving floating Shot,[1628971],1610612740.0,NOP,driving floating,,,Brown,B. Brown,,,,,In The Paint (Non-RA),8-16 Left,11.09,Missed,,,,,,,,,,,,,,,,,,
360,PT06M24.00S,2025-04-07T01:55:43.4Z,3,REGULAR,rebound,defensive,[],201572,,,1610612749,71,67,2025-04-07T01:57:23Z,3540000,False,,,0,,B. Lopez REBOUND (Off:5 Def:2),[201572],1610612749.0,MIL,,,,Lopez,B. Lopez,,,,,In The Paint (Non-RA),8-16 Left,,,,,,,359.0,7.0,2.0,5.0,,,,,,,,,,
361,PT06M13.00S,2025-04-07T01:55:52.9Z,3,REGULAR,turnover,bad pass,[],1627752,,,1610612749,71,67,2025-04-07T01:57:54Z,3550000,False,,,0,,T. Prince bad pass TURNOVER (2 TO),"[1627752, 1642274]",1610612749.0,MIL,,,,Prince,T. Prince,,,,,In The Paint (Non-RA),8-16 Center,,,,,,,,,,,,,,,,2.0,Missi,1642274.0,,
362,PT06M13.00S,2025-04-07T01:55:52.9Z,3,REGULAR,steal,,[],1642274,,,1610612740,71,67,2025-04-07T01:55:55Z,3560000,False,,,0,,Y. Missi STEAL (1 STL),[1642274],1610612740.0,NOP,,,,Missi,Y. Missi,,,,,In The Paint (Non-RA),8-16 Center,,,,,,,,,,,,,,,,,,,,
363,PT05M59.00S,2025-04-07T01:56:08.4Z,3,REGULAR,2pt,Layup,"['pointsinthepaint', 'fromturnover']",1641810,11.826544021024972,58.77757352941176,1610612740,71,67,2025-04-07T01:58:17Z,3570000,False,-44.0,59.0,1,left,MISS A. Reeves 7' driving Layup,[1641810],1610612740.0,NOP,driving,,,Reeves,A. Reeves,,,,,In The Paint (Non-RA),0-8 Center,7.33,Missed,,,,,,,,,,,,,,,,,,
364,PT05M53.00S,2025-04-07T01:56:14.4Z,3,REGULAR,rebound,defensive,['team'],0,,,1610612749,71,67,2025-04-07T01:58:35Z,3580000,False,,,0,,TEAM defensive REBOUND,[],1610612749.0,MIL,,,,,,,,,,In The Paint (Non-RA),0-8 Center,,,,,,,363.0,,,,,,,,,,,,,
366,PT05M53.00S,2025-04-07T01:56:20.8Z,3,REGULAR,substitution,out,[],1629018,,,1610612749,71,67,2025-04-07T01:56:44Z,3600000,False,,,0,,SUB out: G. Trent Jr.,[1629018],1610612749.0,MIL,,,,Trent Jr.,G. Trent Jr.,,,,,,,,,,,,,,,,,,,,,,,,,,
367,PT05M53.00S,2025-04-07T01:56:20.8Z,3,REGULAR,substitution,in,[],1631157,,,1610612749,71,67,2025-04-07T01:56:44Z,3610000,False,,,0,,SUB in: R. Rollins,[1631157],1610612749.0,MIL,,,,Rollins,R. Rollins,,,,,,,,,,,,,,,,,,,,,,,,,,
368,PT05M30.00S,2025-04-07T01:57:16.1Z,3,REGULAR,2pt,Layup,['pointsinthepaint'],201572,93.69250985545335,53.573069852941174,1610612749,71,69,2025-04-07T01:59:37Z,3620000,False,18.0,7.0,1,right,B. Lopez cutting Layup (12 PTS) (T. Prince 1 AST),"[201572, 1627752]",1610612749.0,MIL,cutting,,,Lopez,B. Lopez,,,,,Restricted Area,0-8 Center,1.91,Made,12.0,T. Prince,1627752.0,1.0,,,,,,,,,,,,,,
370,PT05M13.00S,2025-04-07T01:57:34.5Z,3,REGULAR,2pt,DUNK,['pointsinthepaint'],1631232,6.5703022339027655,44.09466911764706,1610612740,71,69,2025-04-07T02:00:30Z,3640000,False,30.0,9.0,1,left,MISS K. Brooks Jr. driving DUNK - blocked,"[1631232, 201572]",1610612740.0,NOP,driving,,,Brooks Jr.,K. Brooks Jr.,,,,,Restricted Area,0-8 Center,3.09,Missed,,,,,,,,,,,,,,,,,Lopez,201572.0
371,PT05M13.00S,2025-04-07T01:57:34.5Z,3,REGULAR,block,,[],201572,,,1610612740,71,69,2025-04-07T01:57:37Z,3650000,False,,,0,,B. Lopez BLOCK (2 BLK),[201572],1610612749.0,MIL,,,,Lopez,B. Lopez,,,,,Restricted Area,0-8 Center,,,,,,,,,,,,,,,,,,,,
372,PT05M10.00S,2025-04-07T01:57:37.5Z,3,REGULAR,rebound,defensive,[],1631260,,,1610612749,71,69,2025-04-07T02:00:30Z,3660000,False,,,0,,A. Green REBOUND (Off:0 Def:2),[1631260],1610612749.0,MIL,,,,Green,A. Green,,,,,Restricted Area,0-8 Center,,,,,,,370.0,2.0,2.0,0.0,,,,,,,,,,
373,PT05M04.00S,2025-04-07T01:57:41.6Z,3,REGULAR,3pt,Jump Shot,['fastbreak'],201572,63.96394546649146,62.982536764705884,1610612749,71,69,2025-04-07T02:00:49Z,3670000,False,65.0,286.0,1,right,MISS B. Lopez 29' running 3PT,[201572],1610612749.0,MIL,running,,,Lopez,B. Lopez,,,,,Above the Break 3,24+ Center,29.35,Missed,,,,,,,,,,,,,,,,,,
374,PT05M01.00S,2025-04-07T01:57:44.6Z,3,REGULAR,rebound,defensive,['team'],0,,,1610612740,71,69,2025-04-07T02:00:49Z,3680000,False,,,0,,TEAM defensive REBOUND,[],1610612740.0,NOP,,,,,,,,,,Above the Break 3,24+ Center,,,,,,,373.0,,,,,,,,,,,,,
376,PT05M01.00S,2025-04-07T01:57:48.1Z,3,REGULAR,substitution,out,[],1642274,,,1610612740,71,69,2025-04-07T01:57:51Z,3700000,False,,,0,,SUB out: Y. Missi,[1642274],1610612740.0,NOP,,,,Missi,Y. Missi,,,,,,,,,,,,,,,,,,,,,,,,,,
377,PT05M01.00S,2025-04-07T01:57:48.1Z,3,REGULAR,substitution,in,[],1631255,,,1610612740,71,69,2025-04-07T01:57:51Z,3710000,False,,,0,,SUB in: K. Matković,[1631255],1610612740.0,NOP,,,,Matković,K. Matković,,,,,,,,,,,,,,,,,,,,,,,,,,
378,PT04M51.00S,2025-04-07T01:58:15.8Z,3,REGULAR,3pt,Jump Shot,[],1641810,33.85553547963205,55.83639705882353,1610612740,71,69,2025-04-07T02:01:08Z,3720000,False,-29.0,266.0,1,left,MISS A. Reeves 26' pullup 3PT,[1641810],1610612740.0,NOP,pullup,,,Reeves,A. Reeves,,,,,Above the Break 3,24+ Center,26.73,Missed,,,,,,,,,,,,,,,,,,
379,PT04M49.00S,2025-04-07T01:58:17.8Z,3,REGULAR,rebound,defensive,[],1629645,,,1610612749,71,69,2025-04-07T02:01:08Z,3730000,False,,,0,,K. Porter Jr. REBOUND (Off:0 Def:4),[1629645],1610612749.0,MIL,,,,Porter Jr.,K. Porter Jr.,,,,,Above the Break 3,24+ Center,,,,,,,378.0,4.0,4.0,0.0,,,,,,,,,,
380,PT04M44.00S,2025-04-07T01:58:24.2Z,3,REGULAR,2pt,Layup,['pointsinthepaint'],1629645,89.22470433639947,47.916666666666664,1610612749,71,69,2025-04-07T02:01:44Z,3740000,False,-10.0,49.0,1,right,MISS K. Porter Jr. driving Layup - blocked,"[1629645, 1628971]",1610612749.0,MIL,driving,,,Porter Jr.,K. Porter Jr.,,,,,In The Paint (Non-RA),0-8 Center,4.99,Missed,,,,,,,,,,,,,,,,,Brown,1628971.0
381,PT04M44.00S,2025-04-07T01:58:24.2Z,3,REGULAR,block,,[],1628971,,,1610612749,71,69,2025-04-07T01:58:27Z,3750000,False,,,0,,B. Brown BLOCK (1 BLK),[1628971],1610612740.0,NOP,,,,Brown,B. Brown,,,,,In The Paint (Non-RA),0-8 Center,,,,,,,,,,,,,,,,,,,,
382,PT04M42.00S,2025-04-07T01:58:26.2Z,3,REGULAR,rebound,offensive,[],1629645,,,1610612749,71,69,2025-04-07T02:01:44Z,3760000,False,,,0,,K. Porter Jr. REBOUND (Off:1 Def:4),[1629645],1610612749.0,MIL,,,,Porter Jr.,K. Porter Jr.,,,,,In The Paint (Non-RA),0-8 Center,,,,,,,380.0,5.0,4.0,1.0,,,,,,,,,,
388,PT04M41.00S,2025-04-07T01:58:30.2Z,3,REGULAR,3pt,Jump Shot,['2ndchance'],1631157,92.90407358738501,96.79074754901961,1610612749,71,69,2025-04-07T02:02:00Z,3765000,False,234.0,14.0,1,right,MISS R. Rollins 3PT,[1631157],1610612749.0,MIL,,,,Rollins,R. Rollins,,,,,Right Corner 3,24+ Right,23.44,Missed,,,,,,,,,,,,,,,,,,
389,PT04M39.00S,2025-04-07T01:58:32.2Z,3,REGULAR,rebound,defensive,[],1631232,,,1610612740,71,69,2025-04-07T02:02:00Z,3767500,False,,,0,,K. Brooks Jr. REBOUND (Off:1 Def:6),[1631232],1610612740.0,NOP,,,,Brooks Jr.,K. Brooks Jr.,,,,,Right Corner 3,24+ Right,,,,,,,388.0,7.0,6.0,1.0,,,,,,,,,,
383,PT04M31.00S,2025-04-07T01:58:36.3Z,3,REGULAR,turnover,bad pass,[],1641810,,,1610612740,71,69,2025-04-07T02:02:29Z,3770000,False,,,0,,A. Reeves bad pass TURNOVER (2 TO),"[1641810, 1627752]",1610612740.0,NOP,,,,Reeves,A. Reeves,,,,,Mid-Range,8-16 Left,,,,,,,,,,,,,,,,2.0,Prince,1627752.0,,
384,PT04M31.00S,2025-04-07T01:58:36.3Z,3,REGULAR,steal,,[],1627752,,,1610612749,71,69,2025-04-07T01:58:39Z,3780000,False,,,0,,T. Prince STEAL (2 STL),[1627752],1610612749.0,MIL,,,,Prince,T. Prince,,,,,Mid-Range,8-16 Left,,,,,,,,,,,,,,,,,,,,
385,PT04M27.00S,2025-04-07T01:58:41.2Z,3,REGULAR,2pt,DUNK,"['fastbreak', 'pointsinthepaint', 'fromturnover']",1629645,87.3850197109067,58.455882352941174,1610612749,71,71,2025-04-07T02:02:36Z,3790000,False,42.0,66.0,1,right,K. Porter Jr. 7' running DUNK (13 PTS) (T. Prince 2 AST),"[1629645, 1627752]",1610612749.0,MIL,running,,,Porter Jr.,K. Porter Jr.,,,,,In The Paint (Non-RA),0-8 Center,7.85,Made,13.0,T. Prince,1627752.0,2.0,,,,,,,,,,,,,,
387,PT04M25.00S,2025-04-07T01:58:48.2Z,3,REGULAR,timeout,full,"['team', 'mandatory']",0,,,1610612740,71,71,2025-04-07T01:58:48Z,3810000,False,,,0,,NOP Timeout,[],1610612740.0,NOP,,,,,,,,,,,,,,,,,,,,,,,,,,,,,,,
390,PT04M25.00S,2025-04-07T02:00:49.6Z,3,REGULAR,substitution,out,[],1631232,,,1610612740,71,71,2025-04-07T02:01:16Z,3820000,False,,,0,,SUB out: K. Brooks Jr.,[1631232],1610612740.0,NOP,,,,Brooks Jr.,K. Brooks Jr.,,,,,,,,,,,,,,,,,,,,,,,,,,
391,PT04M25.00S,2025-04-07T02:00:49.6Z,3,REGULAR,substitution,out,[],1641810,,,1610612740,71,71,2025-04-07T02:01:16Z,3830000,False,,,0,,SUB out: A. Reeves,[1641810],1610612740.0,NOP,,,,Reeves,A. Reeves,,,,,,,,,,,,,,,,,,,,,,,,,,
392,PT04M25.00S,2025-04-07T02:00:49.6Z,3,REGULAR,substitution,in,[],1630526,,,1610612740,71,71,2025-04-07T02:01:16Z,3840000,False,,,0,,SUB in: J. Robinson-Earl,[1630526],1610612740.0,NOP,,,,Robinson-Earl,J. Robinson-Earl,,,,,,,,,,,,,,,,,,,,,,,,,,
393,PT04M25.00S,2025-04-07T02:00:49.6Z,3,REGULAR,substitution,in,[],1631311,,,1610612740,71,71,2025-04-07T02:01:16Z,3850000,False,,,0,,SUB in: L. Quinones,[1631311],1610612740.0,NOP,,,,Quinones,L. Quinones,,,,,,,,,,,,,,,,,,,,,,,,,,
394,PT04M13.00S,2025-04-07T02:01:47.6Z,3,REGULAR,3pt,Jump Shot,[],1631311,9.461235216819972,3.4083946078431353,1610612740,74,71,2025-04-07T02:02:52Z,3860000,False,233.0,36.0,1,left,L. Quinones 3PT  (10 PTS) (J. Robinson-Earl 1 AST),"[1631311, 1630526]",1610612740.0,NOP,,,,Quinones,L. Quinones,,,,,Right Corner 3,24+ Right,23.58,Made,10.0,J. Robinson-Earl,1630526.0,1.0,,,,,,,,,,,,,,
396,PT03M57.00S,2025-04-07T02:02:04.8Z,3,REGULAR,2pt,Jump Shot,[],1631260,75.9526938239159,36.49662990196079,1610612749,74,71,2025-04-07T02:03:10Z,3880000,False,-68.0,174.0,1,right,MISS A. Green 18' pullup Shot,[1631260],1610612749.0,MIL,pullup,,,Green,A. Green,,,,,Mid-Range,16-24 Left Center,18.62,Missed,,,,,,,,,,,,,,,,,,
397,PT03M55.00S,2025-04-07T02:02:06.8Z,3,REGULAR,rebound,defensive,[],1631288,,,1610612740,74,71,2025-04-07T02:03:10Z,3890000,False,,,0,,J. Cain REBOUND (Off:0 Def:3),[1631288],1610612740.0,NOP,,,,Cain,J. Cain,,,,,Mid-Range,16-24 Left Center,,,,,,,396.0,3.0,3.0,0.0,,,,,,,,,,
398,PT03M42.00S,2025-04-07T02:02:20.3Z,3,REGULAR,2pt,Layup,['pointsinthepaint'],1631311,12.614980289093296,62.71829044117647,1610612740,74,71,2025-04-07T02:04:24Z,3900000,False,-64.0,66.0,1,left,MISS L. Quinones 9' driving Layup,[1631311],1610612740.0,NOP,driving,,,Quinones,L. Quinones,,,,,In The Paint (Non-RA),8-16 Left,9.17,Missed,,,,,,,,,,,,,,,,,,
400,PT03M41.00S,2025-04-07T02:02:21.3Z,3,REGULAR,rebound,defensive,[],201572,,,1610612749,74,71,2025-04-07T02:04:24Z,3920000,False,,,0,,B. Lopez REBOUND (Off:5 Def:3),[201572],1610612749.0,MIL,,,,Lopez,B. Lopez,,,,,In The Paint (Non-RA),8-16 Left,,,,,,,398.0,8.0,3.0,5.0,,,,,,,,,,
401,PT03M30.00S,2025-04-07T02:02:30.9Z,3,REGULAR,3pt,Jump Shot,[],1631260,71.30420499342969,17.15686274509804,1610612749,74,74,2025-04-07T02:05:49Z,3930000,False,-164.0,217.0,1,right,A. Green 27' 3PT  (6 PTS) (R. Rollins 6 AST),"[1631260, 1631157]",1610612749.0,MIL,,,,Green,A. Green,,,,,Above the Break 3,24+ Left Center,27.23,Made,6.0,R. Rollins,1631157.0,6.0,,,,,,,,,,,,,,
403,PT03M18.00S,2025-04-07T02:02:42.8Z,3,REGULAR,3pt,Jump Shot,[],1631255,34.59264126149803,40.93520220588235,1610612740,74,74,2025-04-07T02:06:04Z,3950000,False,45.0,273.0,1,left,MISS K. Matković 27' 3PT,[1631255],1610612740.0,NOP,,,,Matković,K. Matković,,,,,Above the Break 3,24+ Center,27.64,Missed,,,,,,,,,,,,,,,,,,
404,PT03M16.00S,2025-04-07T02:02:44.8Z,3,REGULAR,rebound,defensive,[],201572,,,1610612749,74,74,2025-04-07T02:06:04Z,3960000,False,,,0,,B. Lopez REBOUND (Off:5 Def:4),[201572],1610612749.0,MIL,,,,Lopez,B. Lopez,,,,,Above the Break 3,24+ Center,,,,,,,403.0,9.0,4.0,5.0,,,,,,,,,,
405,PT02M53.00S,2025-04-07T02:03:07.6Z,3,REGULAR,3pt,Jump Shot,[],1629645,68.54057161629436,70.57291666666667,1610612749,74,77,2025-04-07T02:06:28Z,3970000,False,103.0,243.0,1,right,K. Porter Jr. 26' 3PT step back (16 PTS),[1629645],1610612749.0,MIL,step back,,,Porter Jr.,K. Porter Jr.,,,,,Above the Break 3,24+ Right Center,26.41,Made,16.0,,,,,,,,,,,,,,,,,
406,PT02M37.00S,2025-04-07T02:03:27.0Z,3,REGULAR,foul,personal,[],1627752,,,1610612740,74,77,2025-04-07T02:06:41Z,3980000,False,,,0,,T. Prince personal FOUL (4 PF),"[1627752, 1631288]",1610612749.0,MIL,,,,Prince,T. Prince,,,,,Right Corner 3,24+ Right,,,,,,,,,,,202058.0,4.0,0.0,Cain,1631288.0,,,,,
408,PT02M37.00S,2025-04-07T02:03:34.1Z,3,REGULAR,substitution,out,[],1628971,,,1610612740,74,77,2025-04-07T02:03:49Z,4000000,False,,,0,,SUB out: B. Brown,[1628971],1610612740.0,NOP,,,,Brown,B. Brown,,,,,,,,,,,,,,,,,,,,,,,,,,
409,PT02M37.00S,2025-04-07T02:03:34.1Z,3,REGULAR,substitution,out,[],1629645,,,1610612740,74,77,2025-04-07T02:03:49Z,4010000,False,,,0,,SUB out: K. Porter Jr.,[1629645],1610612749.0,MIL,,,,Porter Jr.,K. Porter Jr.,,,,,,,,,,,,,,,,,,,,,,,,,,
410,PT02M37.00S,2025-04-07T02:03:34.1Z,3,REGULAR,substitution,out,[],201572,,,1610612740,74,77,2025-04-07T02:03:49Z,4020000,False,,,0,,SUB out: B. Lopez,[201572],1610612749.0,MIL,,,,Lopez,B. Lopez,,,,,,,,,,,,,,,,,,,,,,,,,,
411,PT02M37.00S,2025-04-07T02:03:34.1Z,3,REGULAR,substitution,out,[],1627752,,,1610612740,74,77,2025-04-07T02:03:49Z,4030000,False,,,0,,SUB out: T. Prince,[1627752],1610612749.0,MIL,,,,Prince,T. Prince,,,,,,,,,,,,,,,,,,,,,,,,,,
412,PT02M37.00S,2025-04-07T02:03:34.1Z,3,REGULAR,substitution,in,[],203901,,,1610612740,74,77,2025-04-07T02:03:49Z,4040000,False,,,0,,SUB in: E. Payton,[203901],1610612740.0,NOP,,,,Payton,E. Payton,,,,,,,,,,,,,,,,,,,,,,,,,,
413,PT02M37.00S,2025-04-07T02:03:34.1Z,3,REGULAR,substitution,in,[],1629018,,,1610612740,74,77,2025-04-07T02:03:49Z,4050000,False,,,0,,SUB in: G. Trent Jr.,[1629018],1610612749.0,MIL,,,,Trent Jr.,G. Trent Jr.,,,,,,,,,,,,,,,,,,,,,,,,,,
414,PT02M37.00S,2025-04-07T02:03:34.1Z,3,REGULAR,substitution,in,[],1631250,,,1610612740,74,77,2025-04-07T02:03:49Z,4060000,False,,,0,,SUB in: P. Nance,[1631250],1610612749.0,MIL,,,,Nance,P. Nance,,,,,,,,,,,,,,,,,,,,,,,,,,
415,PT02M37.00S,2025-04-07T02:03:34.1Z,3,REGULAR,substitution,in,[],1628398,,,1610612740,74,77,2025-04-07T02:03:49Z,4070000,False,,,0,,SUB in: K. Kuzma,[1628398],1610612749.0,MIL,,,,Kuzma,K. Kuzma,,,,,,,,,,,,,,,,,,,,,,,,,,
416,PT02M30.00S,2025-04-07T02:04:09.8Z,3,REGULAR,foul,technical,['1freethrow'],1631250,,,1610612740,74,77,2025-04-07T02:04:21Z,4080000,False,,,0,,P. Nance defensive-3-second technical FOUL (1 Tech),[1631250],1610612749.0,MIL,defensive-3-second,,,Nance,P. Nance,,,,,In The Paint (Non-RA),8-16 Center,,,,,,,,,,,202056.0,0.0,1.0,,,,,,,
417,PT02M30.00S,2025-04-07T02:04:22.3Z,3,REGULAR,freethrow,1 of 1,[],1631311,,,1610612740,75,77,2025-04-07T02:04:22Z,4090000,False,,,0,,L. Quinones technical Free Throw 1 of 1 (11 PTS),[1631311],1610612740.0,NOP,technical,,,Quinones,L. Quinones,,,,,,,,Made,11.0,,,,,,,,,,,,,,,,,
418,PT02M21.00S,2025-04-07T02:04:43.2Z,3,REGULAR,turnover,bad pass,[],1631311,,,1610612740,75,77,2025-04-07T02:07:25Z,4100000,False,,,0,,L. Quinones bad pass TURNOVER (1 TO),"[1631311, 1631157]",1610612740.0,NOP,,,,Quinones,L. Quinones,,,,,Mid-Range,8-16 Right,,,,,,,,,,,,,,,,1.0,Rollins,1631157.0,,
419,PT02M21.00S,2025-04-07T02:04:43.2Z,3,REGULAR,steal,,[],1631157,,,1610612749,75,77,2025-04-07T02:04:45Z,4110000,False,,,0,,R. Rollins STEAL (2 STL),[1631157],1610612749.0,MIL,,,,Rollins,R. Rollins,,,,,Mid-Range,8-16 Right,,,,,,,,,,,,,,,,,,,,
420,PT02M18.00S,2025-04-07T02:04:46.8Z,3,REGULAR,2pt,DUNK,"['fastbreak', 'pointsinthepaint', 'fromturnover']",1631157,88.83048620236531,51.79610906862745,1610612749,75,79,2025-04-07T02:07:34Z,4120000,False,9.0,52.0,1,right,R. Rollins running DUNK (7 PTS),[1631157],1610612749.0,MIL,running,,,Rollins,R. Rollins,,,,,In The Paint (Non-RA),0-8 Center,5.33,Made,7.0,,,,,,,,,,,,,,,,,
421,PT02M13.00S,2025-04-07T02:04:51.1Z,3,REGULAR,3pt,Jump Shot,[],1631288,23.65308804204993,90.17310049019608,1610612740,75,79,2025-04-07T02:07:56Z,4130000,False,-201.0,170.0,1,left,MISS J. Cain 26' 3PT,[1631288],1610612740.0,NOP,,,,Cain,J. Cain,,,,,Above the Break 3,24+ Left Center,26.3,Missed,,,,,,,,,,,,,,,,,,
422,PT02M10.00S,2025-04-07T02:04:54.1Z,3,REGULAR,rebound,defensive,[],1631260,,,1610612749,75,79,2025-04-07T02:07:56Z,4140000,False,,,0,,A. Green REBOUND (Off:0 Def:3),[1631260],1610612749.0,MIL,,,,Green,A. Green,,,,,Above the Break 3,24+ Left Center,,,,,,,421.0,3.0,3.0,0.0,,,,,,,,,,
423,PT01M53.00S,2025-04-07T02:05:09.9Z,3,REGULAR,3pt,Jump Shot,[],1631260,71.00854139290408,80.88235294117646,1610612749,75,79,2025-04-07T02:08:17Z,4150000,False,154.0,220.0,1,right,MISS A. Green 26' 3PT,[1631260],1610612749.0,MIL,,,,Green,A. Green,,,,,Above the Break 3,24+ Right Center,26.88,Missed,,,,,,,,,,,,,,,,,,
424,PT01M51.00S,2025-04-07T02:05:11.9Z,3,REGULAR,rebound,defensive,[],1631255,,,1610612740,75,79,2025-04-07T02:08:17Z,4160000,False,,,0,,K. Matković REBOUND (Off:0 Def:3),[1631255],1610612740.0,NOP,,,,Matković,K. Matković,,,,,Above the Break 3,24+ Right Center,,,,,,,423.0,3.0,3.0,0.0,,,,,,,,,,
425,PT01M41.00S,2025-04-07T02:05:27.7Z,3,REGULAR,foul,personal,[],1629018,,,1610612740,75,79,2025-04-07T02:08:35Z,4170000,False,,,0,,G. Trent Jr. personal FOUL (1 PF),"[1629018, 1630526]",1610612749.0,MIL,,,,Trent Jr.,G. Trent Jr.,,,,,In The Paint (Non-RA),8-16 Center,,,,,,,,,,,202058.0,1.0,0.0,Robinson-Earl,1630526.0,,,,,
427,PT01M27.00S,2025-04-07T02:05:55.9Z,3,REGULAR,3pt,Jump Shot,[],1631288,39.11793692509855,49.877450980392155,1610612740,75,79,2025-04-07T02:09:01Z,4190000,False,1.0,315.0,1,left,MISS J. Cain 31' pullup 3PT,[1631288],1610612740.0,NOP,pullup,,,Cain,J. Cain,,,,,Above the Break 3,24+ Center,31.52,Missed,,,,,,,,,,,,,,,,,,
428,PT01M27.00S,2025-04-07T02:05:55.9Z,3,REGULAR,rebound,offensive,['team'],0,,,1610612740,75,79,2025-04-07T02:09:01Z,4200000,False,,,0,,TEAM offensive REBOUND,[],1610612740.0,NOP,,,,,,,,,,Above the Break 3,24+ Center,,,,,,,427.0,,,,,,,,,,,,,
429,PT01M27.00S,2025-04-07T02:06:04.1Z,3,REGULAR,turnover,shot clock,['team'],0,,,1610612740,75,79,2025-04-07T02:09:49Z,4210000,False,,,0,,NOP shot clock Team TURNOVER,[],1610612740.0,NOP,,,,,,,,,,In The Paint (Non-RA),0-8 Center,,,,,,,,,,,202058.0,,,,,,,,,
430,PT01M08.00S,2025-04-07T02:06:33.8Z,3,REGULAR,2pt,Jump Shot,['fromturnover'],1631157,92.24704336399475,87.47702205882354,1610612749,75,81,2025-04-07T02:10:05Z,4220000,False,187.0,20.0,1,right,R. Rollins 18' pullup Jump Shot (9 PTS),[1631157],1610612749.0,MIL,pullup,,,Rollins,R. Rollins,,,,,Mid-Range,16-24 Right,18.85,Made,9.0,,,,,,,,,,,,,,,,,
431,PT00M50.10S,2025-04-07T02:06:53.4Z,3,REGULAR,3pt,Jump Shot,[],1631288,7.467559132720098,95.81035539215686,1610612740,75,81,2025-04-07T02:10:26Z,4230000,False,-229.0,18.0,1,left,MISS J. Cain 3PT,[1631288],1610612740.0,NOP,,,,Cain,J. Cain,,,,,Left Corner 3,24+ Left,22.98,Missed,,,,,,,,,,,,,,,,,,
432,PT00M47.60S,2025-04-07T02:06:55.9Z,3,REGULAR,rebound,offensive,[],1631255,,,1610612740,75,81,2025-04-07T02:10:26Z,4240000,False,,,0,,K. Matković REBOUND (Off:1 Def:3),[1631255],1610612740.0,NOP,,,,Matković,K. Matković,,,,,Left Corner 3,24+ Left,,,,,,,431.0,4.0,3.0,1.0,,,,,,,,,,
433,PT00M42.00S,2025-04-07T02:06:58.3Z,3,REGULAR,3pt,Jump Shot,['2ndchance'],1630526,7.467559132720098,3.4083946078431353,1610612740,78,81,2025-04-07T02:10:39Z,4250000,False,233.0,18.0,1,left,J. Robinson-Earl 3PT  (5 PTS) (K. Matković 1 AST),"[1630526, 1631255]",1610612740.0,NOP,,,,Robinson-Earl,J. Robinson-Earl,,,,,Right Corner 3,24+ Right,23.37,Made,5.0,K. Matković,1631255.0,1.0,,,,,,,,,,,,,,
435,PT00M34.90S,2025-04-07T02:07:13.7Z,3,REGULAR,2pt,Jump Shot,[],1631260,93.5611038107753,30.61427696078431,1610612749,78,81,2025-04-07T02:11:01Z,4270000,False,-97.0,8.0,1,right,MISS A. Green 9' fadeaway Shot,[1631260],1610612749.0,MIL,fadeaway,,,Green,A. Green,,,,,Mid-Range,8-16 Left,9.72,Missed,,,,,,,,,,,,,,,,,,
436,PT00M32.60S,2025-04-07T02:07:16.0Z,3,REGULAR,rebound,defensive,[],1631255,,,1610612740,78,81,2025-04-07T02:11:01Z,4280000,False,,,0,,K. Matković REBOUND (Off:1 Def:4),[1631255],1610612740.0,NOP,,,,Matković,K. Matković,,,,,Mid-Range,8-16 Left,,,,,,,435.0,5.0,4.0,1.0,,,,,,,,,,
437,PT00M26.70S,2025-04-07T02:07:21.6Z,3,REGULAR,3pt,Jump Shot,['fastbreak'],1630526,23.99802890932983,9.558823529411764,1610612740,78,81,2025-04-07T02:11:18Z,4290000,False,202.0,173.0,1,left,MISS J. Robinson-Earl 26' running 3PT,[1630526],1610612740.0,NOP,running,,,Robinson-Earl,J. Robinson-Earl,,,,,Above the Break 3,24+ Right Center,26.62,Missed,,,,,,,,,,,,,,,,,,
438,PT00M23.70S,2025-04-07T02:07:24.6Z,3,REGULAR,rebound,defensive,[],1631157,,,1610612749,78,81,2025-04-07T02:11:18Z,4300000,False,,,0,,R. Rollins REBOUND (Off:0 Def:4),[1631157],1610612749.0,MIL,,,,Rollins,R. Rollins,,,,,Above the Break 3,24+ Right Center,,,,,,,437.0,4.0,4.0,0.0,,,,,,,,,,
439,PT00M06.00S,2025-04-07T02:07:45.9Z,3,REGULAR,foul,personal,[],203901,,,1610612749,78,81,2025-04-07T02:11:28Z,4310000,False,,,0,,E. Payton personal FOUL (3 PF),"[203901, 1631157]",1610612740.0,NOP,,,,Payton,E. Payton,,,,,Above the Break 3,24+ Center,,,,,,,,,,,202056.0,3.0,0.0,Rollins,1631157.0,,,,,
442,PT00M01.10S,2025-04-07T02:08:40.1Z,3,REGULAR,3pt,Jump Shot,[],1629018,70.16877463863338,11.986825980392155,1610612749,78,81,2025-04-07T02:12:02Z,4340000,False,-190.0,228.0,1,right,MISS G. Trent Jr. 29' pullup 3PT,[1629018],1610612749.0,MIL,pullup,,,Trent Jr.,G. Trent Jr.,,,,,Above the Break 3,24+ Left Center,29.68,Missed,,,,,,,,,,,,,,,,,,
443,PT00M00.10S,2025-04-07T02:08:41.1Z,3,REGULAR,rebound,offensive,['team'],0,,,1610612749,78,81,2025-04-07T02:11:52Z,4350000,False,,,0,,TEAM offensive REBOUND,[],1610612749.0,MIL,,,,,,,,,,Above the Break 3,24+ Left Center,,,,,,,442.0,,,,,,,,,,,,,
444,PT00M00.00S,2025-04-07T02:08:47.6Z,3,REGULAR,period,end,[],0,,,1610612749,78,81,2025-04-07T02:08:47Z,4360000,False,,,0,,Period End,[],,,,,,,,,,,,,,,,,,,,,,,,,,,,,,,,,
445,PT12M00.00S,2025-04-07T02:10:45.6Z,4,REGULAR,substitution,out,['startperiod'],1631311,,,1610612749,78,81,2025-04-07T02:11:40Z,4370000,False,,,0,,SUB out: L. Quinones,[1631311],1610612740.0,NOP,,,,Quinones,L. Quinones,,,,,,,,,,,,,,,,,,,,,,,,,,
446,PT12M00.00S,2025-04-07T02:10:45.6Z,4,REGULAR,substitution,in,['startperiod'],1641810,,,1610612749,78,81,2025-04-07T02:11:40Z,4380000,False,,,0,,SUB in: A. Reeves,[1641810],1610612740.0,NOP,,,,Reeves,A. Reeves,,,,,,,,,,,,,,,,,,,,,,,,,,
447,PT12M00.00S,2025-04-07T02:11:40.1Z,4,REGULAR,period,start,[],0,,,1610612749,78,81,2025-04-07T02:11:41Z,4390000,False,,,0,,Period Start,[],,,,,,,,,,,,,,,,,,,,,,,,,,,,,,,,,
448,PT11M40.00S,2025-04-07T02:12:01.1Z,4,REGULAR,3pt,Jump Shot,[],1629018,92.90407358738501,4.143688725490193,1610612749,78,81,2025-04-07T02:12:21Z,4400000,False,-229.0,14.0,1,right,MISS G. Trent Jr. 3PT,[1629018],1610612749.0,MIL,,,,Trent Jr.,G. Trent Jr.,,,,,Left Corner 3,24+ Left,22.97,Missed,,,,,,,,,,,,,,,,,,
449,PT11M38.00S,2025-04-07T02:12:03.1Z,4,REGULAR,rebound,defensive,[],1630526,,,1610612740,78,81,2025-04-07T02:12:21Z,4410000,False,,,0,,J. Robinson-Earl REBOUND (Off:2 Def:2),[1630526],1610612740.0,NOP,,,,Robinson-Earl,J. Robinson-Earl,,,,,Left Corner 3,24+ Left,,,,,,,448.0,4.0,2.0,2.0,,,,,,,,,,
450,PT11M31.00S,2025-04-07T02:12:17.1Z,4,REGULAR,foul,personal,[],1631260,,,1610612740,78,81,2025-04-07T02:12:41Z,4420000,False,,,0,,A. Green loose ball personal FOUL (4 PF),"[1631260, 203901]",1610612749.0,MIL,loose ball,,,Green,A. Green,,,,,Above the Break 3,24+ Right Center,,,,,,,,,,,202058.0,4.0,0.0,Payton,203901.0,,,,,
452,PT11M17.00S,2025-04-07T02:12:54.0Z,4,REGULAR,3pt,Jump Shot,[],1631255,21.287779237844944,92.37898284313725,1610612740,81,81,2025-04-07T02:13:11Z,4440000,False,-212.0,148.0,1,left,K. Matković 25' 3PT  (11 PTS) (J. Robinson-Earl 2 AST),"[1631255, 1630526]",1610612740.0,NOP,,,,Matković,K. Matković,,,,,Above the Break 3,24+ Left Center,25.82,Made,11.0,J. Robinson-Earl,1630526.0,2.0,,,,,,,,,,,,,,
454,PT11M02.00S,2025-04-07T02:13:10.4Z,4,REGULAR,2pt,Jump Shot,['pointsinthepaint'],1628398,83.83705650459922,52.59267769607843,1610612749,81,83,2025-04-07T02:13:29Z,4460000,False,13.0,99.0,1,right,K. Kuzma 10' floating Jump Shot (17 PTS) (R. Rollins 7 AST),"[1628398, 1631157]",1610612749.0,MIL,floating,,,Kuzma,K. Kuzma,,,,,In The Paint (Non-RA),8-16 Center,10.02,Made,17.0,R. Rollins,1631157.0,7.0,,,,,,,,,,,,,,
456,PT10M46.00S,2025-04-07T02:13:36.4Z,4,REGULAR,violation,kicked ball,[],1629018,,,1610612740,81,83,2025-04-07T02:13:48Z,4480000,False,,,0,,G. Trent Jr. kicked ball VIOLATION,[1629018],1610612749.0,MIL,,,,Trent Jr.,G. Trent Jr.,,,,,,,,,,,,,,,,,202058.0,,,,,,,,,
457,PT10M38.00S,2025-04-07T02:14:03.4Z,4,REGULAR,3pt,Jump Shot,[],1631255,7.358738501971089,2.6731004901960773,1610612740,81,83,2025-04-07T02:14:39Z,4490000,False,237.0,17.0,1,left,MISS K. Matković 3PT,[1631255],1610612740.0,NOP,,,,Matković,K. Matković,,,,,Right Corner 3,24+ Right,23.72,Missed,,,,,,,,,,,,,,,,,,
458,PT10M36.00S,2025-04-07T02:14:05.4Z,4,REGULAR,rebound,defensive,[],1631157,,,1610612749,81,83,2025-04-07T02:14:39Z,4500000,False,,,0,,R. Rollins REBOUND (Off:0 Def:5),[1631157],1610612749.0,MIL,,,,Rollins,R. Rollins,,,,,Right Corner 3,24+ Right,,,,,,,457.0,5.0,5.0,0.0,,,,,,,,,,
459,PT10M31.00S,2025-04-07T02:14:11.1Z,4,REGULAR,2pt,Layup,"['fastbreak', 'pointsinthepaint']",1631157,88.17345597897503,55.08195465686275,1610612749,81,83,2025-04-07T02:14:59Z,4510000,False,25.0,59.0,1,right,MISS R. Rollins 6' running Layup,[1631157],1610612749.0,MIL,running,,,Rollins,R. Rollins,,,,,In The Paint (Non-RA),0-8 Center,6.4,Missed,,,,,,,,,,,,,,,,,,
460,PT10M30.00S,2025-04-07T02:14:12.1Z,4,REGULAR,rebound,defensive,[],1631288,,,1610612740,81,83,2025-04-07T02:14:59Z,4520000,False,,,0,,J. Cain REBOUND (Off:0 Def:4),[1631288],1610612740.0,NOP,,,,Cain,J. Cain,,,,,In The Paint (Non-RA),0-8 Center,,,,,,,459.0,4.0,4.0,0.0,,,,,,,,,,
461,PT10M24.00S,2025-04-07T02:14:17.7Z,4,REGULAR,2pt,Jump Shot,"['fastbreak', 'pointsinthepaint']",1631288,13.009198423127472,53.89093137254902,1610612740,83,83,2025-04-07T02:15:34Z,4530000,False,-19.0,70.0,1,left,J. Cain 7' driving floating Jump Shot (2 PTS),[1631288],1610612740.0,NOP,driving floating,,,Cain,J. Cain,,,,,In The Paint (Non-RA),0-8 Center,7.25,Made,2.0,,,,,,,,,,,,,,,,,
462,PT10M03.00S,2025-04-07T02:14:38.9Z,4,REGULAR,2pt,DUNK,['pointsinthepaint'],1631250,93.42969776609723,45.442708333333336,1610612749,83,85,2025-04-07T02:15:50Z,4540000,False,-23.0,9.0,1,right,P. Nance cutting DUNK (2 PTS) (R. Rollins 8 AST),"[1631250, 1631157]",1610612749.0,MIL,cutting,,,Nance,P. Nance,,,,,Restricted Area,0-8 Center,2.46,Made,2.0,R. Rollins,1631157.0,8.0,,,,,,,,,,,,,,
464,PT09M51.00S,2025-04-07T02:14:50.8Z,4,REGULAR,3pt,Jump Shot,[],1641810,27.06964520367937,11.251531862745097,1610612740,86,85,2025-04-07T02:16:21Z,4560000,False,194.0,202.0,1,left,A. Reeves 27' 3PT  (18 PTS) (E. Payton 9 AST),"[1641810, 203901]",1610612740.0,NOP,,,,Reeves,A. Reeves,,,,,Above the Break 3,24+ Right Center,27.99,Made,18.0,E. Payton,203901.0,9.0,,,,,,,,,,,,,,
466,PT09M29.00S,2025-04-07T02:15:12.0Z,4,REGULAR,3pt,Jump Shot,[],1629018,90.27595269382391,3.653492647058826,1610612749,86,88,2025-04-07T02:16:34Z,4580000,False,-232.0,39.0,1,right,G. Trent Jr. 3PT  (26 PTS) (A. Green 1 AST),"[1629018, 1631260]",1610612749.0,MIL,,,,Trent Jr.,G. Trent Jr.,,,,,Left Corner 3,24+ Left,23.49,Made,26.0,A. Green,1631260.0,1.0,,,,,,,,,,,,,,
468,PT09M19.00S,2025-04-07T02:15:22.7Z,4,REGULAR,3pt,Jump Shot,[],1631288,8.40998685939553,96.54564950980392,1610612740,86,88,2025-04-07T02:16:54Z,4600000,False,-233.0,27.0,1,left,MISS J. Cain 3PT,[1631288],1610612740.0,NOP,,,,Cain,J. Cain,,,,,Left Corner 3,24+ Left,23.42,Missed,,,,,,,,,,,,,,,,,,
469,PT09M17.00S,2025-04-07T02:15:24.7Z,4,REGULAR,rebound,defensive,[],1631250,,,1610612749,86,88,2025-04-07T02:16:54Z,4610000,False,,,0,,P. Nance REBOUND (Off:1 Def:3),[1631250],1610612749.0,MIL,,,,Nance,P. Nance,,,,,Left Corner 3,24+ Left,,,,,,,468.0,4.0,3.0,1.0,,,,,,,,,,
470,PT09M08.00S,2025-04-07T02:15:34.3Z,4,REGULAR,2pt,Layup,['pointsinthepaint'],1631157,89.09329829172142,44.87591911764706,1610612749,86,88,2025-04-07T02:17:21Z,4620000,False,-26.0,50.0,1,right,MISS R. Rollins driving Layup - blocked,"[1631157, 1631255]",1610612749.0,MIL,driving,,,Rollins,R. Rollins,,,,,In The Paint (Non-RA),0-8 Center,5.62,Missed,,,,,,,,,,,,,,,,,Matković,1631255.0
471,PT09M08.00S,2025-04-07T02:15:34.3Z,4,REGULAR,block,,[],1631255,,,1610612749,86,88,2025-04-07T02:15:37Z,4630000,False,,,0,,K. Matković BLOCK (2 BLK),[1631255],1610612740.0,NOP,,,,Matković,K. Matković,,,,,In The Paint (Non-RA),0-8 Center,,,,,,,,,,,,,,,,,,,,
472,PT09M05.00S,2025-04-07T02:15:37.3Z,4,REGULAR,rebound,offensive,[],1631250,,,1610612749,86,88,2025-04-07T02:17:32Z,4640000,False,,,0,,P. Nance REBOUND (Off:2 Def:3),[1631250],1610612749.0,MIL,,,,Nance,P. Nance,,,,,In The Paint (Non-RA),0-8 Center,,,,,,,470.0,5.0,3.0,2.0,,,,,,,,,,
473,PT08M56.00S,2025-04-07T02:15:45.9Z,4,REGULAR,3pt,Jump Shot,['2ndchance'],1629018,69.32900788436268,74.73192401960785,1610612749,86,88,2025-04-07T02:17:58Z,4650000,False,124.0,236.0,1,right,MISS G. Trent Jr. 26' pullup 3PT,[1629018],1610612749.0,MIL,pullup,,,Trent Jr.,G. Trent Jr.,,,,,Above the Break 3,24+ Right Center,26.63,Missed,,,,,,,,,,,,,,,,,,
474,PT08M54.00S,2025-04-07T02:15:47.9Z,4,REGULAR,rebound,defensive,[],1630526,,,1610612740,86,88,2025-04-07T02:17:55Z,4660000,False,,,0,,J. Robinson-Earl REBOUND (Off:2 Def:3),[1630526],1610612740.0,NOP,,,,Robinson-Earl,J. Robinson-Earl,,,,,Above the Break 3,24+ Right Center,,,,,,,473.0,5.0,3.0,2.0,,,,,,,,,,
475,PT08M48.00S,2025-04-07T02:15:55.7Z,4,REGULAR,foul,personal,['2freethrow'],1631250,,,1610612740,86,88,2025-04-07T02:18:24Z,4670000,False,,,0,,P. Nance shooting personal FOUL (1 PF) (Cain 2 FT),"[1631250, 1631288]",1610612749.0,MIL,shooting,,,Nance,P. Nance,,,,,Mid-Range,8-16 Right,,,,,,,,,,,202056.0,1.0,1.0,Cain,1631288.0,,,,,
477,PT08M48.00S,2025-04-07T02:16:41.8Z,4,REGULAR,freethrow,1 of 2,[],1631288,,,1610612740,87,88,2025-04-07T02:16:41Z,4690000,False,,,0,,J. Cain Free Throw 1 of 2 (3 PTS),[1631288],1610612740.0,NOP,,,,Cain,J. Cain,,,,,,,,Made,3.0,,,,,,,,,,,,,,,,,
478,PT08M48.00S,2025-04-07T02:16:52.6Z,4,REGULAR,freethrow,2 of 2,[],1631288,,,1610612740,88,88,2025-04-07T02:16:52Z,4700000,False,,,0,,J. Cain Free Throw 2 of 2 (4 PTS),[1631288],1610612740.0,NOP,,,,Cain,J. Cain,,,,,,,,Made,4.0,,,,,,,,,,,,,,,,,
479,PT08M29.00S,2025-04-07T02:17:13.7Z,4,REGULAR,3pt,Jump Shot,[],1631250,95.13797634691196,3.653492647058826,1610612749,88,88,2025-04-07T02:19:09Z,4710000,False,-232.0,-7.0,1,right,MISS P. Nance 3PT,[1631250],1610612749.0,MIL,,,,Nance,P. Nance,,,,,Left Corner 3,24+ Left,23.18,Missed,,,,,,,,,,,,,,,,,,
480,PT08M27.00S,2025-04-07T02:17:15.7Z,4,REGULAR,rebound,defensive,[],1631288,,,1610612740,88,88,2025-04-07T02:19:09Z,4720000,False,,,0,,J. Cain REBOUND (Off:0 Def:5),[1631288],1610612740.0,NOP,,,,Cain,J. Cain,,,,,Left Corner 3,24+ Left,,,,,,,479.0,5.0,5.0,0.0,,,,,,,,,,
481,PT08M20.00S,2025-04-07T02:17:23.4Z,4,REGULAR,turnover,bad pass,[],1641810,,,1610612740,88,88,2025-04-07T02:19:26Z,4730000,False,,,0,,A. Reeves bad pass TURNOVER (3 TO),"[1641810, 1631250]",1610612740.0,NOP,,,,Reeves,A. Reeves,,,,,In The Paint (Non-RA),8-16 Center,,,,,,,,,,,,,,,,3.0,Nance,1631250.0,,
482,PT08M20.00S,2025-04-07T02:17:23.4Z,4,REGULAR,steal,,[],1631250,,,1610612749,88,88,2025-04-07T02:17:25Z,4740000,False,,,0,,P. Nance STEAL (1 STL),[1631250],1610612749.0,MIL,,,,Nance,P. Nance,,,,,In The Paint (Non-RA),8-16 Center,,,,,,,,,,,,,,,,,,,,
483,PT08M15.00S,2025-04-07T02:17:30.2Z,4,REGULAR,2pt,Layup,"['fastbreak', 'pointsinthepaint', 'fromturnover']",1628398,89.61892247043365,53.5922181372549,1610612749,88,88,2025-04-07T02:20:17Z,4750000,False,18.0,45.0,1,right,MISS K. Kuzma running Layup,[1628398],1610612749.0,MIL,running,,,Kuzma,K. Kuzma,,,,,In The Paint (Non-RA),0-8 Center,4.86,Missed,,,,,,,,,,,,,,,,,,
484,PT08M15.00S,2025-04-07T02:17:30.2Z,4,REGULAR,rebound,defensive,[],1630526,,,1610612740,88,88,2025-04-07T02:20:17Z,4760000,False,,,0,,J. Robinson-Earl REBOUND (Off:2 Def:4),[1630526],1610612740.0,NOP,,,,Robinson-Earl,J. Robinson-Earl,,,,,In The Paint (Non-RA),0-8 Center,,,,,,,483.0,6.0,4.0,2.0,,,,,,,,,,
485,PT08M07.00S,2025-04-07T02:17:35.9Z,4,REGULAR,3pt,Jump Shot,['fastbreak'],1641810,7.095926412614986,3.653492647058826,1610612740,91,88,2025-04-07T02:20:36Z,4770000,False,232.0,14.0,1,left,A. Reeves 3PT running (21 PTS) (E. Payton 10 AST),"[1641810, 203901]",1610612740.0,NOP,running,,,Reeves,A. Reeves,,,,,Right Corner 3,24+ Right,23.21,Made,21.0,E. Payton,203901.0,10.0,,,,,,,,,,,,,,
487,PT08M05.00S,2025-04-07T02:17:50.1Z,4,REGULAR,timeout,full,"['team', 'mandatory']",0,,,1610612749,91,88,2025-04-07T02:17:50Z,4790000,False,,,0,,MIL Timeout,[],1610612749.0,MIL,,,,,,,,,,,,,,,,,,,,,,,,,,,,,,,
488,PT08M05.00S,2025-04-07T02:20:10.1Z,4,REGULAR,substitution,out,[],1628398,,,1610612749,91,88,2025-04-07T02:20:25Z,4800000,False,,,0,,SUB out: K. Kuzma,[1628398],1610612749.0,MIL,,,,Kuzma,K. Kuzma,,,,,,,,,,,,,,,,,,,,,,,,,,
489,PT08M05.00S,2025-04-07T02:20:10.1Z,4,REGULAR,substitution,out,[],1631250,,,1610612749,91,88,2025-04-07T02:20:25Z,4810000,False,,,0,,SUB out: P. Nance,[1631250],1610612749.0,MIL,,,,Nance,P. Nance,,,,,,,,,,,,,,,,,,,,,,,,,,
490,PT08M05.00S,2025-04-07T02:20:10.1Z,4,REGULAR,substitution,in,[],201572,,,1610612749,91,88,2025-04-07T02:20:25Z,4820000,False,,,0,,SUB in: B. Lopez,[201572],1610612749.0,MIL,,,,Lopez,B. Lopez,,,,,,,,,,,,,,,,,,,,,,,,,,
491,PT08M05.00S,2025-04-07T02:20:10.1Z,4,REGULAR,substitution,in,[],1627752,,,1610612749,91,88,2025-04-07T02:20:25Z,4830000,False,,,0,,SUB in: T. Prince,[1627752],1610612749.0,MIL,,,,Prince,T. Prince,,,,,,,,,,,,,,,,,,,,,,,,,,
492,PT07M52.00S,2025-04-07T02:20:46.2Z,4,REGULAR,2pt,Jump Shot,[],1627752,94.61235216819973,71.30055147058823,1610612749,91,88,2025-04-07T02:22:03Z,4840000,False,107.0,-2.0,1,right,MISS T. Prince 10' fadeaway Shot,[1627752],1610612749.0,MIL,fadeaway,,,Prince,T. Prince,,,,,Mid-Range,8-16 Right,10.65,Missed,,,,,,,,,,,,,,,,,,
493,PT07M50.00S,2025-04-07T02:20:48.2Z,4,REGULAR,rebound,offensive,[],1629018,,,1610612749,91,88,2025-04-07T02:31:55Z,4850000,False,,,0,,G. Trent Jr. REBOUND (Off:1 Def:2),[1629018],1610612749.0,MIL,,,,Trent Jr.,G. Trent Jr.,,,,,Mid-Range,8-16 Right,,,,,,,492.0,3.0,2.0,1.0,,,,,,,,,,
494,PT07M50.00S,2025-04-07T02:20:52.1Z,4,REGULAR,2pt,Layup,"['2ndchance', 'pointsinthepaint']",1629018,93.42969776609723,56.364889705882355,1610612749,91,88,2025-04-07T02:32:25Z,4860000,False,32.0,9.0,1,right,MISS G. Trent Jr. tip Layup,[1629018],1610612749.0,MIL,tip,,,Trent Jr.,G. Trent Jr.,,,,,Restricted Area,0-8 Center,3.31,Missed,,,,,,,,,,,,,,,,,,
495,PT07M48.00S,2025-04-07T02:20:54.1Z,4,REGULAR,rebound,defensive,[],1631288,,,1610612740,91,88,2025-04-07T02:32:08Z,4870000,False,,,0,,J. Cain REBOUND (Off:0 Def:6),[1631288],1610612740.0,NOP,,,,Cain,J. Cain,,,,,Restricted Area,0-8 Center,,,,,,,494.0,6.0,6.0,0.0,,,,,,,,,,
496,PT07M46.00S,2025-04-07T02:20:54.5Z,4,REGULAR,turnover,lost ball,[],1631288,,,1610612740,91,88,2025-04-07T02:32:21Z,4880000,False,,,0,,J. Cain lost ball TURNOVER (1 TO),"[1631288, 1631157]",1610612740.0,NOP,,,,Cain,J. Cain,,,,,Above the Break 3,24+ Center,,,,,,,,,,,,,,,,1.0,Rollins,1631157.0,,
497,PT07M46.00S,2025-04-07T02:20:54.5Z,4,REGULAR,steal,,[],1631157,,,1610612749,91,88,2025-04-07T02:20:57Z,4890000,False,,,0,,R. Rollins STEAL (3 STL),[1631157],1610612749.0,MIL,,,,Rollins,R. Rollins,,,,,Above the Break 3,24+ Center,,,,,,,,,,,,,,,,,,,,
498,PT07M42.00S,2025-04-07T02:21:00.5Z,4,REGULAR,foul,personal,['2freethrow'],1641810,,,1610612749,91,88,2025-04-07T02:23:14Z,4900000,False,,,0,,A. Reeves shooting personal FOUL (3 PF) (Rollins 2 FT),"[1641810, 1631157]",1610612740.0,NOP,shooting,,,Reeves,A. Reeves,,,,,In The Paint (Non-RA),0-8 Center,,,,,,,,,,,202056.0,3.0,0.0,Rollins,1631157.0,,,,,
500,PT07M42.00S,2025-04-07T02:21:25.1Z,4,REGULAR,freethrow,1 of 2,['fromturnover'],1631157,,,1610612749,91,89,2025-04-07T02:21:25Z,4920000,False,,,0,,R. Rollins Free Throw 1 of 2 (10 PTS),[1631157],1610612749.0,MIL,,,,Rollins,R. Rollins,,,,,,,,Made,10.0,,,,,,,,,,,,,,,,,
501,PT07M42.00S,2025-04-07T02:21:39.1Z,4,REGULAR,freethrow,2 of 2,['fromturnover'],1631157,,,1610612749,91,90,2025-04-07T02:21:39Z,4930000,False,,,0,,R. Rollins Free Throw 2 of 2 (11 PTS),[1631157],1610612749.0,MIL,,,,Rollins,R. Rollins,,,,,,,,Made,11.0,,,,,,,,,,,,,,,,,
502,PT07M27.00S,2025-04-07T02:21:55.3Z,4,REGULAR,turnover,bad pass,[],1641810,,,1610612740,91,90,2025-04-07T02:23:50Z,4940000,False,,,0,,A. Reeves bad pass TURNOVER (4 TO),"[1641810, 1631157]",1610612740.0,NOP,,,,Reeves,A. Reeves,,,,,Mid-Range,16-24 Right Center,,,,,,,,,,,,,,,,4.0,Rollins,1631157.0,,
503,PT07M27.00S,2025-04-07T02:21:55.3Z,4,REGULAR,steal,,[],1631157,,,1610612749,91,90,2025-04-07T02:21:57Z,4950000,False,,,0,,R. Rollins STEAL (4 STL),[1631157],1610612749.0,MIL,,,,Rollins,R. Rollins,,,,,Mid-Range,16-24 Right Center,,,,,,,,,,,,,,,,,,,,
504,PT07M23.00S,2025-04-07T02:21:59.5Z,4,REGULAR,2pt,Layup,"['fastbreak', 'pointsinthepaint', 'fromturnover']",1631157,89.09329829172142,55.53385416666667,1610612749,91,92,2025-04-07T02:24:01Z,4960000,False,28.0,50.0,1,right,R. Rollins running Layup (13 PTS),[1631157],1610612749.0,MIL,running,,,Rollins,R. Rollins,,,,,In The Paint (Non-RA),0-8 Center,5.72,Made,13.0,,,,,,,,,,,,,,,,,
505,PT07M08.00S,2025-04-07T02:22:14.6Z,4,REGULAR,3pt,Jump Shot,[],1631255,34.16967805519053,40.46415441176471,1610612740,91,92,2025-04-07T02:24:16Z,4970000,False,48.0,269.0,1,left,MISS K. Matković 27' 3PT,[1631255],1610612740.0,NOP,,,,Matković,K. Matković,,,,,Above the Break 3,24+ Center,27.29,Missed,,,,,,,,,,,,,,,,,,
506,PT07M05.00S,2025-04-07T02:22:17.6Z,4,REGULAR,rebound,defensive,[],1631157,,,1610612749,91,92,2025-04-07T02:24:16Z,4980000,False,,,0,,R. Rollins REBOUND (Off:0 Def:6),[1631157],1610612749.0,MIL,,,,Rollins,R. Rollins,,,,,Above the Break 3,24+ Center,,,,,,,505.0,6.0,6.0,0.0,,,,,,,,,,
507,PT06M55.00S,2025-04-07T02:22:27.0Z,4,REGULAR,2pt,Layup,['pointsinthepaint'],201572,92.9862023653088,47.05882352941176,1610612749,91,94,2025-04-07T02:24:28Z,4990000,False,-15.0,13.0,1,right,B. Lopez cutting Layup (14 PTS) (T. Prince 3 AST),"[201572, 1627752]",1610612749.0,MIL,cutting,,,Lopez,B. Lopez,,,,,Restricted Area,0-8 Center,1.99,Made,14.0,T. Prince,1627752.0,3.0,,,,,,,,,,,,,,
509,PT06M55.00S,2025-04-07T02:22:38.8Z,4,REGULAR,timeout,full,"['team', 'mandatory']",0,,,1610612740,91,94,2025-04-07T02:22:38Z,5010000,False,,,0,,NOP Timeout,[],1610612740.0,NOP,,,,,,,,,,,,,,,,,,,,,,,,,,,,,,,
510,PT06M55.00S,2025-04-07T02:24:51.9Z,4,REGULAR,substitution,out,[],1631288,,,1610612740,91,94,2025-04-07T02:25:05Z,5020000,False,,,0,,SUB out: J. Cain,[1631288],1610612740.0,NOP,,,,Cain,J. Cain,,,,,,,,,,,,,,,,,,,,,,,,,,
511,PT06M55.00S,2025-04-07T02:24:51.9Z,4,REGULAR,substitution,out,[],1630526,,,1610612740,91,94,2025-04-07T02:25:05Z,5030000,False,,,0,,SUB out: J. Robinson-Earl,[1630526],1610612740.0,NOP,,,,Robinson-Earl,J. Robinson-Earl,,,,,,,,,,,,,,,,,,,,,,,,,,
512,PT06M55.00S,2025-04-07T02:24:51.9Z,4,REGULAR,substitution,out,[],1631260,,,1610612740,91,94,2025-04-07T02:25:05Z,5040000,False,,,0,,SUB out: A. Green,[1631260],1610612749.0,MIL,,,,Green,A. Green,,,,,,,,,,,,,,,,,,,,,,,,,,
513,PT06M55.00S,2025-04-07T02:24:51.9Z,4,REGULAR,substitution,in,[],1628971,,,1610612740,91,94,2025-04-07T02:25:05Z,5050000,False,,,0,,SUB in: B. Brown,[1628971],1610612740.0,NOP,,,,Brown,B. Brown,,,,,,,,,,,,,,,,,,,,,,,,,,
514,PT06M55.00S,2025-04-07T02:24:51.9Z,4,REGULAR,substitution,in,[],1631232,,,1610612740,91,94,2025-04-07T02:25:05Z,5060000,False,,,0,,SUB in: K. Brooks Jr.,[1631232],1610612740.0,NOP,,,,Brooks Jr.,K. Brooks Jr.,,,,,,,,,,,,,,,,,,,,,,,,,,
515,PT06M55.00S,2025-04-07T02:24:51.9Z,4,REGULAR,substitution,in,[],1629645,,,1610612740,91,94,2025-04-07T02:25:05Z,5070000,False,,,0,,SUB in: K. Porter Jr.,[1629645],1610612749.0,MIL,,,,Porter Jr.,K. Porter Jr.,,,,,,,,,,,,,,,,,,,,,,,,,,
516,PT06M40.00S,2025-04-07T02:25:36.5Z,4,REGULAR,2pt,Jump Shot,['pointsinthepaint'],1641810,17.345597897503282,42.86917892156863,1610612740,91,94,2025-04-07T02:26:22Z,5080000,False,36.0,111.0,1,left,MISS A. Reeves 11' driving floating Shot,[1641810],1610612740.0,NOP,driving floating,,,Reeves,A. Reeves,,,,,In The Paint (Non-RA),8-16 Center,11.61,Missed,,,,,,,,,,,,,,,,,,
517,PT06M37.00S,2025-04-07T02:25:39.5Z,4,REGULAR,rebound,defensive,[],201572,,,1610612749,91,94,2025-04-07T02:25:59Z,5090000,False,,,0,,B. Lopez REBOUND (Off:5 Def:5),[201572],1610612749.0,MIL,,,,Lopez,B. Lopez,,,,,In The Paint (Non-RA),8-16 Center,,,,,,,516.0,10.0,5.0,5.0,,,,,,,,,,
518,PT06M21.00S,2025-04-07T02:25:54.6Z,4,REGULAR,2pt,Layup,['pointsinthepaint'],1627752,88.5676741130092,51.14123774509804,1610612749,91,96,2025-04-07T02:26:16Z,5100000,False,6.0,55.0,1,right,T. Prince driving Layup (2 PTS) (K. Porter Jr. 3 AST),"[1627752, 1629645]",1610612749.0,MIL,driving,,,Prince,T. Prince,,,,,In The Paint (Non-RA),0-8 Center,5.53,Made,2.0,K. Porter Jr.,1629645.0,3.0,,,,,,,,,,,,,,
519,PT06M05.00S,2025-04-07T02:26:11.1Z,4,REGULAR,2pt,Hook,['pointsinthepaint'],1631232,11.432325886990796,58.63204656862745,1610612740,91,96,2025-04-07T02:26:48Z,5110000,False,-43.0,55.0,1,left,MISS K. Brooks Jr. 6' driving Hook,[1631232],1610612740.0,NOP,driving,,,Brooks Jr.,K. Brooks Jr.,,,,,In The Paint (Non-RA),0-8 Center,6.99,Missed,,,,,,,,,,,,,,,,,,
520,PT06M04.00S,2025-04-07T02:26:12.1Z,4,REGULAR,rebound,defensive,[],201572,,,1610612749,91,96,2025-04-07T02:26:48Z,5120000,False,,,0,,B. Lopez REBOUND (Off:5 Def:6),[201572],1610612749.0,MIL,,,,Lopez,B. Lopez,,,,,In The Paint (Non-RA),0-8 Center,,,,,,,519.0,11.0,6.0,5.0,,,,,,,,,,
521,PT05M50.00S,2025-04-07T02:26:25.9Z,4,REGULAR,2pt,Layup,[],201572,90.67017082785809,66.0922181372549,1610612749,91,98,2025-04-07T02:27:06Z,5130000,False,80.0,35.0,1,right,B. Lopez 8' driving Layup (16 PTS) (R. Rollins 9 AST),"[201572, 1631157]",1610612749.0,MIL,driving,,,Lopez,B. Lopez,,,,,Mid-Range,8-16 Right,8.79,Made,16.0,R. Rollins,1631157.0,9.0,,,,,,,,,,,,,,
523,PT05M37.00S,2025-04-07T02:26:39.6Z,4,REGULAR,2pt,Jump Shot,['pointsinthepaint'],1631255,11.038107752956636,60.00689338235294,1610612740,91,98,2025-04-07T02:27:32Z,5150000,False,-50.0,51.0,1,left,MISS K. Matković 7' driving floating Shot - blocked,"[1631255, 201572]",1610612740.0,NOP,driving floating,,,Matković,K. Matković,,,,,In The Paint (Non-RA),0-8 Center,7.16,Missed,,,,,,,,,,,,,,,,,Lopez,201572.0
524,PT05M37.00S,2025-04-07T02:26:39.6Z,4,REGULAR,block,,[],201572,,,1610612740,91,98,2025-04-07T02:26:44Z,5160000,False,,,0,,B. Lopez BLOCK (3 BLK),[201572],1610612749.0,MIL,,,,Lopez,B. Lopez,,,,,In The Paint (Non-RA),0-8 Center,,,,,,,,,,,,,,,,,,,,
525,PT05M35.00S,2025-04-07T02:26:41.6Z,4,REGULAR,rebound,defensive,[],1629645,,,1610612749,91,98,2025-04-07T02:27:32Z,5170000,False,,,0,,K. Porter Jr. REBOUND (Off:1 Def:5),[1629645],1610612749.0,MIL,,,,Porter Jr.,K. Porter Jr.,,,,,In The Paint (Non-RA),0-8 Center,,,,,,,523.0,6.0,5.0,1.0,,,,,,,,,,
526,PT05M30.00S,2025-04-07T02:26:47.3Z,4,REGULAR,foul,personal,['2freethrow'],1628971,,,1610612749,91,98,2025-04-07T02:27:58Z,5180000,False,,,0,,B. Brown shooting personal FOUL (1 PF) (Rollins 2 FT),"[1628971, 1631157]",1610612740.0,NOP,shooting,,,Brown,B. Brown,,,,,In The Paint (Non-RA),8-16 Left,,,,,,,,,,,202056.0,1.0,0.0,Rollins,1631157.0,,,,,
528,PT05M30.00S,2025-04-07T02:27:16.5Z,4,REGULAR,freethrow,1 of 2,['fastbreak'],1631157,,,1610612749,91,98,2025-04-07T02:27:16Z,5200000,False,,,0,,MISS R. Rollins Free Throw 1 of 2,[1631157],1610612749.0,MIL,,,,Rollins,R. Rollins,,,,,,,,Missed,,,,,,,,,,,,,,,,,,
529,PT05M30.00S,2025-04-07T02:27:16.5Z,4,REGULAR,rebound,offensive,"['deadball', 'team']",0,,,1610612749,91,98,2025-04-07T02:27:16Z,5210000,False,,,0,,TEAM offensive REBOUND,[],1610612749.0,MIL,,,,,,,,,,,,,,,,,,528.0,,,,,,,,,,,,,
530,PT05M30.00S,2025-04-07T02:27:18.1Z,4,REGULAR,substitution,out,[],203901,,,1610612749,91,98,2025-04-07T02:27:27Z,5220000,False,,,0,,SUB out: E. Payton,[203901],1610612740.0,NOP,,,,Payton,E. Payton,,,,,,,,,,,,,,,,,,,,,,,,,,
531,PT05M30.00S,2025-04-07T02:27:18.1Z,4,REGULAR,substitution,out,[],1631255,,,1610612749,91,98,2025-04-07T02:27:27Z,5230000,False,,,0,,SUB out: K. Matković,[1631255],1610612740.0,NOP,,,,Matković,K. Matković,,,,,,,,,,,,,,,,,,,,,,,,,,
532,PT05M30.00S,2025-04-07T02:27:18.1Z,4,REGULAR,substitution,in,[],1631311,,,1610612749,91,98,2025-04-07T02:27:27Z,5240000,False,,,0,,SUB in: L. Quinones,[1631311],1610612740.0,NOP,,,,Quinones,L. Quinones,,,,,,,,,,,,,,,,,,,,,,,,,,
533,PT05M30.00S,2025-04-07T02:27:18.1Z,4,REGULAR,substitution,in,[],1642274,,,1610612749,91,98,2025-04-07T02:27:27Z,5250000,False,,,0,,SUB in: Y. Missi,[1642274],1610612740.0,NOP,,,,Missi,Y. Missi,,,,,,,,,,,,,,,,,,,,,,,,,,
534,PT05M30.00S,2025-04-07T02:27:38.3Z,4,REGULAR,freethrow,2 of 2,['fastbreak'],1631157,,,1610612749,91,99,2025-04-07T02:27:38Z,5260000,False,,,0,,R. Rollins Free Throw 2 of 2 (14 PTS),[1631157],1610612749.0,MIL,,,,Rollins,R. Rollins,,,,,,,,Made,14.0,,,,,,,,,,,,,,,,,
535,PT05M22.00S,2025-04-07T02:27:52.2Z,4,REGULAR,2pt,Jump Shot,['pointsinthepaint'],1628971,18.134034165571606,34.53584558823529,1610612740,91,99,2025-04-07T02:28:30Z,5270000,False,77.0,118.0,1,left,MISS B. Brown 14' pullup Shot,[1628971],1610612740.0,NOP,pullup,,,Brown,B. Brown,,,,,In The Paint (Non-RA),8-16 Right,14.11,Missed,,,,,,,,,,,,,,,,,,
536,PT05M19.00S,2025-04-07T02:27:55.2Z,4,REGULAR,rebound,defensive,[],201572,,,1610612749,91,99,2025-04-07T02:28:30Z,5280000,False,,,0,,B. Lopez REBOUND (Off:5 Def:7),[201572],1610612749.0,MIL,,,,Lopez,B. Lopez,,,,,In The Paint (Non-RA),8-16 Right,,,,,,,535.0,12.0,7.0,5.0,,,,,,,,,,
537,PT05M04.00S,2025-04-07T02:28:08.7Z,4,REGULAR,2pt,Hook,['pointsinthepaint'],201572,90.27595269382391,56.690410539215684,1610612749,91,101,2025-04-07T02:28:47Z,5290000,False,33.0,39.0,1,right,B. Lopez driving Hook (18 PTS) (K. Porter Jr. 4 AST),"[201572, 1629645]",1610612749.0,MIL,driving,,,Lopez,B. Lopez,,,,,In The Paint (Non-RA),0-8 Center,5.13,Made,18.0,K. Porter Jr.,1629645.0,4.0,,,,,,,,,,,,,,
539,PT04M48.00S,2025-04-07T02:28:24.7Z,4,REGULAR,2pt,Jump Shot,['pointsinthepaint'],1642274,13.009198423127472,41.15349264705882,1610612740,91,101,2025-04-07T02:29:45Z,5310000,False,44.0,70.0,1,left,MISS Y. Missi 8' floating Shot,[1642274],1610612740.0,NOP,floating,,,Missi,Y. Missi,,,,,In The Paint (Non-RA),8-16 Right,8.26,Missed,,,,,,,,,,,,,,,,,,
540,PT04M46.00S,2025-04-07T02:28:26.7Z,4,REGULAR,rebound,defensive,[],1629645,,,1610612749,91,101,2025-04-07T02:29:45Z,5320000,False,,,0,,K. Porter Jr. REBOUND (Off:1 Def:6),[1629645],1610612749.0,MIL,,,,Porter Jr.,K. Porter Jr.,,,,,In The Paint (Non-RA),8-16 Right,,,,,,,539.0,7.0,6.0,1.0,,,,,,,,,,
541,PT04M42.00S,2025-04-07T02:28:36.6Z,4,REGULAR,foul,offensive,[],1629018,,,1610612749,91,101,2025-04-07T02:29:50Z,5330000,False,,,0,,G. Trent Jr. charge offensive FOUL (2 PF),"[1629018, 1631311]",1610612749.0,MIL,charge,,,Trent Jr.,G. Trent Jr.,,,,,In The Paint (Non-RA),0-8 Center,,,,,,,,,,,1627541.0,2.0,0.0,Quinones,1631311.0,,,,,
543,PT04M42.00S,2025-04-07T02:28:36.6Z,4,REGULAR,turnover,offensive foul,[],1629018,,,1610612749,91,101,2025-04-07T02:28:36Z,5350000,False,,,0,,G. Trent Jr. offensive foul TURNOVER (1 TO),[1629018],1610612749.0,MIL,,,,Trent Jr.,G. Trent Jr.,,,,,In The Paint (Non-RA),0-8 Center,,,,,,,,,,,1627541.0,,,,,1.0,,,,
544,PT04M26.00S,2025-04-07T02:29:12.0Z,4,REGULAR,foul,personal,['2freethrow'],1627752,,,1610612740,91,101,2025-04-07T02:29:23Z,5360000,False,,,0,,T. Prince shooting personal FOUL (5 PF) (Brooks Jr. 2 FT),"[1627752, 1631232]",1610612749.0,MIL,shooting,,,Prince,T. Prince,,,,,In The Paint (Non-RA),8-16 Center,,,,,,,,,,,202058.0,5.0,0.0,Brooks Jr.,1631232.0,,,,,
547,PT04M26.00S,2025-04-07T02:29:38.7Z,4,REGULAR,freethrow,1 of 2,['fromturnover'],1631232,,,1610612740,92,101,2025-04-07T02:29:38Z,5380000,False,,,0,,K. Brooks Jr. Free Throw 1 of 2 (12 PTS),[1631232],1610612740.0,NOP,,,,Brooks Jr.,K. Brooks Jr.,,,,,,,,Made,12.0,,,,,,,,,,,,,,,,,
548,PT04M26.00S,2025-04-07T02:29:53.7Z,4,REGULAR,freethrow,2 of 2,['fromturnover'],1631232,,,1610612740,93,101,2025-04-07T02:29:53Z,5390000,False,,,0,,K. Brooks Jr. Free Throw 2 of 2 (13 PTS),[1631232],1610612740.0,NOP,,,,Brooks Jr.,K. Brooks Jr.,,,,,,,,Made,13.0,,,,,,,,,,,,,,,,,
549,PT04M11.00S,2025-04-07T02:30:12.5Z,4,REGULAR,2pt,Hook,['pointsinthepaint'],201572,88.5676741130092,46.30055147058824,1610612749,93,101,2025-04-07T02:30:44Z,5400000,False,-18.0,55.0,1,right,MISS B. Lopez driving Hook,[201572],1610612749.0,MIL,driving,,,Lopez,B. Lopez,,,,,In The Paint (Non-RA),0-8 Center,5.8,Missed,,,,,,,,,,,,,,,,,,
550,PT04M09.00S,2025-04-07T02:30:14.5Z,4,REGULAR,rebound,defensive,[],1631232,,,1610612740,93,101,2025-04-07T02:30:44Z,5410000,False,,,0,,K. Brooks Jr. REBOUND (Off:1 Def:7),[1631232],1610612740.0,NOP,,,,Brooks Jr.,K. Brooks Jr.,,,,,In The Paint (Non-RA),0-8 Center,,,,,,,549.0,8.0,7.0,1.0,,,,,,,,,,
551,PT04M03.00S,2025-04-07T02:30:21.4Z,4,REGULAR,2pt,Jump Shot,['pointsinthepaint'],1631232,13.403416557161634,60.857077205882355,1610612740,93,101,2025-04-07T02:31:13Z,5420000,False,-54.0,73.0,1,left,MISS K. Brooks Jr. 9' driving floating Shot,[1631232],1610612740.0,NOP,driving floating,,,Brooks Jr.,K. Brooks Jr.,,,,,In The Paint (Non-RA),8-16 Left,9.14,Missed,,,,,,,,,,,,,,,,,,
552,PT04M01.00S,2025-04-07T02:30:23.4Z,4,REGULAR,rebound,offensive,[],1642274,,,1610612740,93,101,2025-04-07T02:31:13Z,5430000,False,,,0,,Y. Missi REBOUND (Off:2 Def:7),[1642274],1610612740.0,NOP,,,,Missi,Y. Missi,,,,,In The Paint (Non-RA),8-16 Left,,,,,,,551.0,9.0,7.0,2.0,,,,,,,,,,
553,PT04M01.00S,2025-04-07T02:30:27.6Z,4,REGULAR,2pt,DUNK,"['2ndchance', 'pointsinthepaint']",1642274,7.7529566360052655,45.54227941176471,1610612740,95,101,2025-04-07T02:31:27Z,5440000,False,22.0,20.0,1,left,Y. Missi tip DUNK (14 PTS),[1642274],1610612740.0,NOP,tip,,,Missi,Y. Missi,,,,,Restricted Area,0-8 Center,3.02,Made,14.0,,,,,,,,,,,,,,,,,
554,PT03M59.00S,2025-04-07T02:30:42.0Z,4,REGULAR,timeout,full,['team'],0,,,1610612749,95,101,2025-04-07T02:30:42Z,5450000,False,,,0,,MIL Timeout,[],1610612749.0,MIL,,,,,,,,,,,,,,,,,,,,,,,,,,,,,,,
556,PT03M49.00S,2025-04-07T02:32:33.5Z,4,REGULAR,foul,personal,['2freethrow'],1642274,,,1610612749,95,101,2025-04-07T02:32:51Z,5470000,False,,,0,,Y. Missi shooting personal FOUL (2 PF) (Lopez 2 FT),"[1642274, 201572]",1610612740.0,NOP,shooting,,,Missi,Y. Missi,,,,,In The Paint (Non-RA),0-8 Center,,,,,,,,,,,202058.0,2.0,0.0,Lopez,201572.0,,,,,
558,PT03M49.00S,2025-04-07T02:32:50.2Z,4,REGULAR,freethrow,1 of 2,[],201572,,,1610612749,95,102,2025-04-07T02:32:50Z,5490000,False,,,0,,B. Lopez Free Throw 1 of 2 (19 PTS),[201572],1610612749.0,MIL,,,,Lopez,B. Lopez,,,,,,,,Made,19.0,,,,,,,,,,,,,,,,,
559,PT03M49.00S,2025-04-07T02:33:02.8Z,4,REGULAR,timeout,full,['team'],0,,,1610612749,95,102,2025-04-07T02:33:02Z,5500000,False,,,0,,NOP Timeout,[],1610612740.0,NOP,,,,,,,,,,,,,,,,,,,,,,,,,,,,,,,
560,PT03M49.00S,2025-04-07T02:34:30.9Z,4,REGULAR,violation,delay-of-game,['team'],0,,,1610612749,95,102,2025-04-07T02:34:46Z,5510000,False,,,0,,TEAM delay-of-game VIOLATION,[],1610612749.0,MIL,,,,,,,,,,,,,,,,,,,,,,202058.0,,,,,,,,,
561,PT03M49.00S,2025-04-07T02:34:49.0Z,4,REGULAR,freethrow,2 of 2,[],201572,,,1610612749,95,103,2025-04-07T02:34:49Z,5520000,False,,,0,,B. Lopez Free Throw 2 of 2 (20 PTS),[201572],1610612749.0,MIL,,,,Lopez,B. Lopez,,,,,,,,Made,20.0,,,,,,,,,,,,,,,,,
562,PT03M36.00S,2025-04-07T02:35:05.0Z,4,REGULAR,2pt,Jump Shot,['pointsinthepaint'],1641810,15.505913272010503,60.454963235294116,1610612740,97,103,2025-04-07T02:35:23Z,5530000,False,-52.0,93.0,1,left,A. Reeves 10' driving floating Jump Shot (23 PTS) (Y. Missi 3 AST),"[1641810, 1642274]",1610612740.0,NOP,driving floating,,,Reeves,A. Reeves,,,,,In The Paint (Non-RA),8-16 Center,10.7,Made,23.0,Y. Missi,1642274.0,3.0,,,,,,,,,,,,,,
564,PT03M20.00S,2025-04-07T02:35:22.1Z,4,REGULAR,2pt,Jump Shot,[],1631157,86.4651773981603,29.633884803921575,1610612749,97,103,2025-04-07T02:35:52Z,5550000,False,-102.0,75.0,1,right,MISS R. Rollins 12' driving floating Shot,[1631157],1610612749.0,MIL,driving floating,,,Rollins,R. Rollins,,,,,Mid-Range,8-16 Left,12.63,Missed,,,,,,,,,,,,,,,,,,
565,PT03M17.00S,2025-04-07T02:35:25.1Z,4,REGULAR,rebound,defensive,[],1631311,,,1610612740,97,103,2025-04-07T02:35:52Z,5560000,False,,,0,,L. Quinones REBOUND (Off:0 Def:1),[1631311],1610612740.0,NOP,,,,Quinones,L. Quinones,,,,,Mid-Range,8-16 Left,,,,,,,564.0,1.0,1.0,0.0,,,,,,,,,,
566,PT03M12.00S,2025-04-07T02:35:30.3Z,4,REGULAR,2pt,Layup,"['fastbreak', 'pointsinthepaint']",1628971,12.614980289093296,48.16176470588235,1610612740,97,103,2025-04-07T02:36:11Z,5570000,False,9.0,66.0,1,left,MISS B. Brown 6' running Layup,[1628971],1610612740.0,NOP,running,,,Brown,B. Brown,,,,,In The Paint (Non-RA),0-8 Center,6.67,Missed,,,,,,,,,,,,,,,,,,
567,PT03M10.00S,2025-04-07T02:35:32.3Z,4,REGULAR,rebound,defensive,[],1631157,,,1610612749,97,103,2025-04-07T02:36:11Z,5580000,False,,,0,,R. Rollins REBOUND (Off:0 Def:7),[1631157],1610612749.0,MIL,,,,Rollins,R. Rollins,,,,,In The Paint (Non-RA),0-8 Center,,,,,,,566.0,7.0,7.0,0.0,,,,,,,,,,
568,PT03M05.00S,2025-04-07T02:35:37.6Z,4,REGULAR,2pt,Layup,"['fastbreak', 'pointsinthepaint']",1629645,91.32720105124835,51.060814950980394,1610612749,97,105,2025-04-07T02:36:24Z,5590000,False,5.0,29.0,1,right,K. Porter Jr. running Layup (18 PTS) (R. Rollins 10 AST),"[1629645, 1631157]",1610612749.0,MIL,running,,,Porter Jr.,K. Porter Jr.,,,,,Restricted Area,0-8 Center,2.95,Made,18.0,R. Rollins,1631157.0,10.0,,,,,,,,,,,,,,
570,PT02M51.00S,2025-04-07T02:35:50.0Z,4,REGULAR,2pt,Jump Shot,['pointsinthepaint'],1642274,15.374507227332458,46.178002450980394,1610612740,99,105,2025-04-07T02:36:42Z,5610000,False,19.0,92.0,1,left,Y. Missi 9' floating Jump Shot (16 PTS) (L. Quinones 3 AST),"[1642274, 1631311]",1610612740.0,NOP,floating,,,Missi,Y. Missi,,,,,In The Paint (Non-RA),8-16 Center,9.4,Made,16.0,L. Quinones,1631311.0,3.0,,,,,,,,,,,,,,
572,PT02M51.00S,2025-04-07T02:36:03.8Z,4,REGULAR,foul,personal,[],1628971,,,1610612749,99,105,2025-04-07T02:36:55Z,5630000,False,,,0,,B. Brown loose ball personal FOUL (2 PF),"[1628971, 1629018]",1610612740.0,NOP,loose ball,,,Brown,B. Brown,,,,,Restricted Area,0-8 Center,,,,,,,,,,,202058.0,2.0,0.0,Trent Jr.,1629018.0,,,,,
574,PT02M40.00S,2025-04-07T02:36:32.9Z,4,REGULAR,2pt,Jump Shot,['pointsinthepaint'],201572,81.47174770039422,54.71047794117647,1610612749,99,105,2025-04-07T02:37:29Z,5650000,False,24.0,122.0,1,right,MISS B. Lopez 12' floating Shot,[201572],1610612749.0,MIL,floating,,,Lopez,B. Lopez,,,,,In The Paint (Non-RA),8-16 Center,12.4,Missed,,,,,,,,,,,,,,,,,,
575,PT02M38.00S,2025-04-07T02:36:34.9Z,4,REGULAR,rebound,defensive,[],1631232,,,1610612740,99,105,2025-04-07T02:37:29Z,5660000,False,,,0,,K. Brooks Jr. REBOUND (Off:1 Def:8),[1631232],1610612740.0,NOP,,,,Brooks Jr.,K. Brooks Jr.,,,,,In The Paint (Non-RA),8-16 Center,,,,,,,574.0,9.0,8.0,1.0,,,,,,,,,,
576,PT02M33.00S,2025-04-07T02:36:39.8Z,4,REGULAR,3pt,Jump Shot,['fastbreak'],1641810,9.59264126149803,96.30055147058823,1610612740,99,105,2025-04-07T02:37:57Z,5670000,False,-232.0,38.0,1,left,MISS A. Reeves running 3PT,[1641810],1610612740.0,NOP,running,,,Reeves,A. Reeves,,,,,Left Corner 3,24+ Left,23.45,Missed,,,,,,,,,,,,,,,,,,
577,PT02M31.00S,2025-04-07T02:36:41.8Z,4,REGULAR,rebound,defensive,[],1627752,,,1610612749,99,105,2025-04-07T02:37:47Z,5680000,False,,,0,,T. Prince REBOUND (Off:1 Def:3),[1627752],1610612749.0,MIL,,,,Prince,T. Prince,,,,,Left Corner 3,24+ Left,,,,,,,576.0,4.0,3.0,1.0,,,,,,,,,,
578,PT02M30.00S,2025-04-07T02:36:45.9Z,4,REGULAR,foul,personal,"['inpenalty', '2freethrow']",1628971,,,1610612749,99,105,2025-04-07T02:38:11Z,5690000,False,,,0,,B. Brown personal FOUL (3 PF) (Prince 2 FT),"[1628971, 1627752]",1610612740.0,NOP,,,,Brown,B. Brown,,,,,In The Paint (Non-RA),0-8 Center,,,,,,,,,,,202058.0,3.0,0.0,Prince,1627752.0,,,,,
581,PT02M30.00S,2025-04-07T02:39:04.7Z,4,REGULAR,freethrow,1 of 2,[],1627752,,,1610612749,99,106,2025-04-07T02:39:04Z,5720000,False,,,0,,T. Prince Free Throw 1 of 2 (3 PTS),[1627752],1610612749.0,MIL,,,,Prince,T. Prince,,,,,,,,Made,3.0,,,,,,,,,,,,,,,,,
582,PT02M30.00S,2025-04-07T02:39:04.7Z,4,REGULAR,freethrow,2 of 2,[],1627752,,,1610612749,99,106,2025-04-07T02:39:27Z,5730000,False,,,0,,MISS T. Prince Free Throw 2 of 2,[1627752],1610612749.0,MIL,,,,Prince,T. Prince,,,,,,,,Missed,,,,,,,,,,,,,,,,,,
583,PT02M29.00S,2025-04-07T02:39:05.7Z,4,REGULAR,rebound,defensive,[],1631232,,,1610612740,99,106,2025-04-07T02:39:27Z,5740000,False,,,0,,K. Brooks Jr. REBOUND (Off:1 Def:9),[1631232],1610612740.0,NOP,,,,Brooks Jr.,K. Brooks Jr.,,,,,,,,,,,,,582.0,10.0,9.0,1.0,,,,,,,,,,
584,PT02M16.00S,2025-04-07T02:39:41.6Z,4,REGULAR,2pt,Layup,['pointsinthepaint'],1628971,5.732588699080158,40.931372549019606,1610612740,99,106,2025-04-07T02:40:29Z,5750000,False,45.0,1.0,1,left,MISS B. Brown driving Layup - blocked,"[1628971, 201572]",1610612740.0,NOP,driving,,,Brown,B. Brown,,,,,In The Paint (Non-RA),0-8 Center,4.53,Missed,,,,,,,,,,,,,,,,,Lopez,201572.0
585,PT02M16.00S,2025-04-07T02:39:41.6Z,4,REGULAR,block,,[],201572,,,1610612740,99,106,2025-04-07T02:39:48Z,5760000,False,,,0,,B. Lopez BLOCK (4 BLK),[201572],1610612749.0,MIL,,,,Lopez,B. Lopez,,,,,In The Paint (Non-RA),0-8 Center,,,,,,,,,,,,,,,,,,,,
586,PT02M14.00S,2025-04-07T02:39:43.6Z,4,REGULAR,rebound,offensive,['team'],0,,,1610612740,99,106,2025-04-07T02:40:29Z,5770000,False,,,0,,TEAM offensive REBOUND,[],1610612740.0,NOP,,,,,,,,,,Restricted Area,0-8 Center,,,,,,,584.0,,,,,,,,,,,,,
588,PT02M14.00S,2025-04-07T02:39:52.0Z,4,REGULAR,substitution,out,[],1627752,,,1610612740,99,106,2025-04-07T02:39:55Z,5790000,False,,,0,,SUB out: T. Prince,[1627752],1610612749.0,MIL,,,,Prince,T. Prince,,,,,,,,,,,,,,,,,,,,,,,,,,
589,PT02M14.00S,2025-04-07T02:39:52.0Z,4,REGULAR,substitution,in,[],1628398,,,1610612740,99,106,2025-04-07T02:39:55Z,5800000,False,,,0,,SUB in: K. Kuzma,[1628398],1610612749.0,MIL,,,,Kuzma,K. Kuzma,,,,,,,,,,,,,,,,,,,,,,,,,,
590,PT02M06.00S,2025-04-07T02:40:04.6Z,4,REGULAR,3pt,Jump Shot,['2ndchance'],1631232,20.367936925098547,93.11427696078431,1610612740,99,106,2025-04-07T02:40:52Z,5810000,False,-216.0,139.0,1,left,MISS K. Brooks Jr. 25' 3PT,[1631232],1610612740.0,NOP,,,,Brooks Jr.,K. Brooks Jr.,,,,,Above the Break 3,24+ Left Center,25.65,Missed,,,,,,,,,,,,,,,,,,
591,PT02M05.00S,2025-04-07T02:40:05.6Z,4,REGULAR,rebound,defensive,[],1629018,,,1610612749,99,106,2025-04-07T02:40:52Z,5820000,False,,,0,,G. Trent Jr. REBOUND (Off:1 Def:3),[1629018],1610612749.0,MIL,,,,Trent Jr.,G. Trent Jr.,,,,,Above the Break 3,24+ Left Center,,,,,,,590.0,4.0,3.0,1.0,,,,,,,,,,
592,PT01M44.00S,2025-04-07T02:40:28.7Z,4,REGULAR,2pt,Layup,['pointsinthepaint'],1629018,91.98423127463863,53.247549019607845,1610612749,99,108,2025-04-07T02:41:13Z,5830000,False,16.0,23.0,1,right,G. Trent Jr. cutting Layup (28 PTS) (B. Lopez 3 AST),"[1629018, 201572]",1610612749.0,MIL,cutting,,,Trent Jr.,G. Trent Jr.,,,,,Restricted Area,0-8 Center,2.8,Made,28.0,B. Lopez,201572.0,3.0,,,,,,,,,,,,,,
594,PT01M31.00S,2025-04-07T02:40:42.3Z,4,REGULAR,turnover,bad pass,[],1631311,,,1610612740,99,108,2025-04-07T02:41:38Z,5850000,False,,,0,,L. Quinones bad pass TURNOVER (2 TO),"[1631311, 1629645]",1610612740.0,NOP,,,,Quinones,L. Quinones,,,,,In The Paint (Non-RA),8-16 Left,,,,,,,,,,,,,,,,2.0,Porter Jr.,1629645.0,,
595,PT01M31.00S,2025-04-07T02:40:42.3Z,4,REGULAR,steal,,[],1629645,,,1610612749,99,108,2025-04-07T02:40:44Z,5860000,False,,,0,,K. Porter Jr. STEAL (2 STL),[1629645],1610612749.0,MIL,,,,Porter Jr.,K. Porter Jr.,,,,,In The Paint (Non-RA),8-16 Left,,,,,,,,,,,,,,,,,,,,
596,PT01M29.00S,2025-04-07T02:40:45.8Z,4,REGULAR,2pt,DUNK,"['fastbreak', 'pointsinthepaint', 'fromturnover']",1629645,88.43626806833115,56.59466911764706,1610612749,99,110,2025-04-07T02:41:59Z,5870000,False,33.0,56.0,1,right,K. Porter Jr. 6' running DUNK (20 PTS),[1629645],1610612749.0,MIL,running,,,Porter Jr.,K. Porter Jr.,,,,,In The Paint (Non-RA),0-8 Center,6.52,Made,20.0,,,,,,,,,,,,,,,,,
597,PT01M29.00S,2025-04-07T02:40:51.4Z,4,REGULAR,timeout,full,['team'],0,,,1610612740,99,110,2025-04-07T02:40:51Z,5880000,False,,,0,,NOP Timeout,[],1610612740.0,NOP,,,,,,,,,,,,,,,,,,,,,,,,,,,,,,,
598,PT01M11.00S,2025-04-07T02:42:50.0Z,4,REGULAR,2pt,Jump Shot,[],1642274,8.935611038107751,21.055453431372555,1610612740,101,110,2025-04-07T02:43:06Z,5890000,False,145.0,31.0,1,left,Y. Missi 14' Jump Shot (18 PTS) (A. Reeves 2 AST),"[1642274, 1641810]",1610612740.0,NOP,,,,Missi,Y. Missi,,,,,Mid-Range,8-16 Right,14.81,Made,18.0,A. Reeves,1641810.0,2.0,,,,,,,,,,,,,,
600,PT01M01.00S,2025-04-07T02:43:04.8Z,4,REGULAR,2pt,Layup,['pointsinthepaint'],1629645,89.75032851511169,42.19898897058824,1610612749,101,110,2025-04-07T02:43:43Z,5910000,False,-39.0,44.0,1,right,MISS K. Porter Jr. driving Layup - blocked,"[1629645, 1631232]",1610612749.0,MIL,driving,,,Porter Jr.,K. Porter Jr.,,,,,In The Paint (Non-RA),0-8 Center,5.86,Missed,,,,,,,,,,,,,,,,,Brooks Jr.,1631232.0
630,PT01M01.00S,2025-04-07T02:43:04.8Z,4,REGULAR,block,,[],1631232,,,1610612749,101,110,2025-04-07T02:48:09Z,5915000,False,,,0,,K. Brooks Jr. BLOCK (1 BLK),[1631232],1610612740.0,NOP,,,,Brooks Jr.,K. Brooks Jr.,,,,,In The Paint (Non-RA),0-8 Center,,,,,,,,,,,,,,,,,,,,
601,PT01M00.00S,2025-04-07T02:43:05.8Z,4,REGULAR,rebound,defensive,[],1642274,,,1610612740,101,110,2025-04-07T02:48:09Z,5920000,False,,,0,,Y. Missi REBOUND (Off:2 Def:8),[1642274],1610612740.0,NOP,,,,Missi,Y. Missi,,,,,In The Paint (Non-RA),0-8 Center,,,,,,,600.0,10.0,8.0,2.0,,,,,,,,,,
602,PT00M53.30S,2025-04-07T02:43:12.9Z,4,REGULAR,2pt,Jump Shot,['pointsinthepaint'],1641810,18.63707293035479,57.18443627450981,1610612740,101,110,2025-04-07T02:44:36Z,5930000,False,-36.0,123.0,1,left,MISS A. Reeves 12' driving floating Shot,[1641810],1610612740.0,NOP,driving floating,,,Reeves,A. Reeves,,,,,In The Paint (Non-RA),8-16 Center,12.78,Missed,,,,,,,,,,,,,,,,,,
603,PT00M52.00S,2025-04-07T02:43:14.2Z,4,REGULAR,rebound,offensive,[],1642274,,,1610612740,101,110,2025-04-07T02:44:36Z,5940000,False,,,0,,Y. Missi REBOUND (Off:3 Def:8),[1642274],1610612740.0,NOP,,,,Missi,Y. Missi,,,,,In The Paint (Non-RA),8-16 Center,,,,,,,602.0,11.0,8.0,3.0,,,,,,,,,,
604,PT00M52.00S,2025-04-07T02:43:16.5Z,4,REGULAR,2pt,Layup,"['2ndchance', 'pointsinthepaint']",1642274,8.518807490144539,52.55055147058824,1610612740,101,110,2025-04-07T02:45:06Z,5950000,False,-13.0,28.0,1,left,MISS Y. Missi tip Layup,[1642274],1610612740.0,NOP,tip,,,Missi,Y. Missi,,,,,Restricted Area,0-8 Center,3.04,Missed,,,,,,,,,,,,,,,,,,
605,PT00M49.40S,2025-04-07T02:43:19.1Z,4,REGULAR,rebound,defensive,[],1629645,,,1610612749,101,110,2025-04-07T02:45:21Z,5960000,False,,,0,,K. Porter Jr. REBOUND (Off:1 Def:7),[1629645],1610612749.0,MIL,,,,Porter Jr.,K. Porter Jr.,,,,,Restricted Area,0-8 Center,,,,,,,604.0,8.0,7.0,1.0,,,,,,,,,,
606,PT00M29.90S,2025-04-07T02:43:36.3Z,4,REGULAR,3pt,Jump Shot,[],1629018,98.16031537450722,96.30055147058823,1610612749,101,110,2025-04-07T02:45:44Z,5970000,False,232.0,-35.0,1,right,MISS G. Trent Jr. 3PT,[1629018],1610612749.0,MIL,,,,Trent Jr.,G. Trent Jr.,,,,,Right Corner 3,24+ Right,23.42,Missed,,,,,,,,,,,,,,,,,,
607,PT00M28.00S,2025-04-07T02:43:38.2Z,4,REGULAR,rebound,defensive,[],1628971,,,1610612740,101,110,2025-04-07T02:45:44Z,5980000,False,,,0,,B. Brown REBOUND (Off:0 Def:4),[1628971],1610612740.0,NOP,,,,Brown,B. Brown,,,,,Right Corner 3,24+ Right,,,,,,,606.0,4.0,4.0,0.0,,,,,,,,,,
608,PT00M21.00S,2025-04-07T02:43:42.5Z,4,REGULAR,3pt,Jump Shot,['fastbreak'],1631311,26.65284165571616,13.45741421568627,1610612740,104,110,2025-04-07T02:46:09Z,5990000,False,183.0,198.0,1,left,L. Quinones 26' 3PT running pullup (14 PTS) (B. Brown 9 AST),"[1631311, 1628971]",1610612740.0,NOP,running pullup,,,Quinones,L. Quinones,,,,,Above the Break 3,24+ Right Center,26.94,Made,14.0,B. Brown,1628971.0,9.0,,,,,,,,,,,,,,
610,PT00M14.00S,2025-04-07T02:43:58.5Z,4,REGULAR,2pt,Jump Shot,[],1631157,92.11563731931669,75.65104166666666,1610612749,104,110,2025-04-07T02:46:42Z,6010000,False,128.0,22.0,1,right,MISS R. Rollins 13' pullup Shot,[1631157],1610612749.0,MIL,pullup,,,Rollins,R. Rollins,,,,,Mid-Range,8-16 Right,13.01,Missed,,,,,,,,,,,,,,,,,,
611,PT00M12.70S,2025-04-07T02:43:59.8Z,4,REGULAR,rebound,defensive,[],1642274,,,1610612740,104,110,2025-04-07T02:46:53Z,6020000,False,,,0,,Y. Missi REBOUND (Off:3 Def:9),[1642274],1610612740.0,NOP,,,,Missi,Y. Missi,,,,,Mid-Range,8-16 Right,,,,,,,610.0,12.0,9.0,3.0,,,,,,,,,,
612,PT00M05.30S,2025-04-07T02:44:04.3Z,4,REGULAR,3pt,Jump Shot,['fastbreak'],1631311,22.31644218134035,93.11427696078431,1610612740,107,110,2025-04-07T02:47:11Z,6030000,False,-216.0,157.0,1,left,L. Quinones 26' 3PT running (17 PTS) (K. Brooks Jr. 1 AST),"[1631311, 1631232]",1610612740.0,NOP,running,,,Quinones,L. Quinones,,,,,Above the Break 3,24+ Left Center,26.69,Made,17.0,K. Brooks Jr.,1631232.0,1.0,,,,,,,,,,,,,,
614,PT00M03.10S,2025-04-07T02:44:20.5Z,4,REGULAR,foul,personal,"['inpenalty', '2freethrow']",1631311,,,1610612749,107,110,2025-04-07T02:47:46Z,6050000,False,,,0,,L. Quinones loose ball personal FOUL (2 PF) (Trent Jr. 2 FT),"[1631311, 1629018]",1610612740.0,NOP,loose ball,,,Quinones,L. Quinones,,,,,Mid-Range,16-24 Left,,,,,,,,,,,202058.0,2.0,0.0,Trent Jr.,1629018.0,,,,,
616,PT00M03.10S,2025-04-07T02:44:52.0Z,4,REGULAR,freethrow,1 of 2,[],1629018,,,1610612749,107,110,2025-04-07T02:44:51Z,6070000,False,,,0,,MISS G. Trent Jr. Free Throw 1 of 2,[1629018],1610612749.0,MIL,,,,Trent Jr.,G. Trent Jr.,,,,,,,,Missed,,,,,,,,,,,,,,,,,,
617,PT00M03.10S,2025-04-07T02:44:52.0Z,4,REGULAR,rebound,offensive,"['deadball', 'team']",0,,,1610612749,107,110,2025-04-07T02:44:51Z,6080000,False,,,0,,TEAM offensive REBOUND,[],1610612749.0,MIL,,,,,,,,,,,,,,,,,,616.0,,,,,,,,,,,,,
618,PT00M03.10S,2025-04-07T02:45:00.5Z,4,REGULAR,substitution,out,[],1631311,,,1610612749,107,110,2025-04-07T02:45:11Z,6090000,False,,,0,,SUB out: L. Quinones,[1631311],1610612740.0,NOP,,,,Quinones,L. Quinones,,,,,,,,,,,,,,,,,,,,,,,,,,
619,PT00M03.10S,2025-04-07T02:45:00.5Z,4,REGULAR,substitution,in,[],1631255,,,1610612749,107,110,2025-04-07T02:45:11Z,6100000,False,,,0,,SUB in: K. Matković,[1631255],1610612740.0,NOP,,,,Matković,K. Matković,,,,,,,,,,,,,,,,,,,,,,,,,,
620,PT00M03.10S,2025-04-07T02:45:22.8Z,4,REGULAR,freethrow,2 of 2,[],1629018,,,1610612749,107,111,2025-04-07T02:45:22Z,6110000,False,,,0,,G. Trent Jr. Free Throw 2 of 2 (29 PTS),[1629018],1610612749.0,MIL,,,,Trent Jr.,G. Trent Jr.,,,,,,,,Made,29.0,,,,,,,,,,,,,,,,,
621,PT00M03.10S,2025-04-07T02:45:27.7Z,4,REGULAR,timeout,full,['team'],0,,,1610612740,107,111,2025-04-07T02:45:27Z,6120000,False,,,0,,NOP Timeout,[],1610612740.0,NOP,,,,,,,,,,,,,,,,,,,,,,,,,,,,,,,
622,PT00M03.10S,2025-04-07T02:46:22.0Z,4,REGULAR,substitution,out,[],1631255,,,1610612740,107,111,2025-04-07T02:46:41Z,6130000,False,,,0,,SUB out: K. Matković,[1631255],1610612740.0,NOP,,,,Matković,K. Matković,,,,,,,,,,,,,,,,,,,,,,,,,,
623,PT00M03.10S,2025-04-07T02:46:22.0Z,4,REGULAR,substitution,out,[],201572,,,1610612740,107,111,2025-04-07T02:46:41Z,6140000,False,,,0,,SUB out: B. Lopez,[201572],1610612749.0,MIL,,,,Lopez,B. Lopez,,,,,,,,,,,,,,,,,,,,,,,,,,
624,PT00M03.10S,2025-04-07T02:46:22.0Z,4,REGULAR,substitution,in,[],1631311,,,1610612740,107,111,2025-04-07T02:46:41Z,6150000,False,,,0,,SUB in: L. Quinones,[1631311],1610612740.0,NOP,,,,Quinones,L. Quinones,,,,,,,,,,,,,,,,,,,,,,,,,,
625,PT00M03.10S,2025-04-07T02:46:22.0Z,4,REGULAR,substitution,in,[],1627752,,,1610612740,107,111,2025-04-07T02:46:41Z,6160000,False,,,0,,SUB in: T. Prince,[1627752],1610612749.0,MIL,,,,Prince,T. Prince,,,,,,,,,,,,,,,,,,,,,,,,,,
626,PT00M02.40S,2025-04-07T02:47:04.9Z,4,REGULAR,3pt,Jump Shot,[],1641810,9.411957950065702,98.0392156862745,1610612740,107,111,2025-04-07T02:48:38Z,6170000,False,-240.0,36.0,1,left,MISS A. Reeves 24' 3PT,[1641810],1610612740.0,NOP,,,,Reeves,A. Reeves,,,,,Left Corner 3,24+ Left,24.29,Missed,,,,,,,,,,,,,,,,,,
627,PT00M00.20S,2025-04-07T02:47:07.1Z,4,REGULAR,rebound,defensive,[],1629018,,,1610612749,107,111,2025-04-07T02:48:38Z,6180000,False,,,0,,G. Trent Jr. REBOUND (Off:1 Def:4),[1629018],1610612749.0,MIL,,,,Trent Jr.,G. Trent Jr.,,,,,Left Corner 3,24+ Left,,,,,,,626.0,5.0,4.0,1.0,,,,,,,,,,
628,PT00M00.00S,2025-04-07T02:47:14.2Z,4,REGULAR,period,end,[],0,,,1610612749,107,111,2025-04-07T02:47:14Z,6190000,False,,,0,,Period End,[],,,,,,,,,,,,,,,,,,,,,,,,,,,,,,,,,
629,PT00M00.00S,2025-04-07T02:47:17.8Z,4,REGULAR,game,end,[],0,,,0,107,111,2025-04-07T02:47:17Z,6200000,False,,,0,,Game End,[],,,,,,,,,,,,,,,,,,,,,,,,,,,,,,,,,
