actionNumber,clock,timeActual,period,periodType,actionType,subType,qualifiers,personId,x,y,possession,scoreHome,scoreAway,edited,orderNumber,isTargetScoreLastPeriod,xLegacy,yLegacy,isFieldGoal,side,description,personIdsFilter,teamId,teamTricode,descriptor,jumpBallRecoveredName,jumpBallRecoverdPersonId,playerName,playerNameI,jumpBallWonPlayerName,jumpBallWonPersonId,jumpBallLostPlayerName,jumpBallLostPersonId,area,areaDetail,shotDistance,shotResult,pointsTotal,assistPlayerNameInitial,assistPersonId,assistTotal,shotActionNumber,reboundTotal,reboundDefensiveTotal,reboundOffensiveTotal,blockPlayerName,blockPersonId,turnoverTotal,stealPlayerName,stealPersonId,officialId,foulPersonalTotal,foulTechnicalTotal,foulDrawnPlayerName,foulDrawnPersonId
2,PT12M00.00S,2023-03-31T23:10:23.2Z,1,REGULAR,period,start,[],0,,,0,0,0,2023-03-31T23:10:23Z,20000,False,,,0,,Period Start,[],,,,,,,,,,,,,,,,,,,,,,,,,,,,,,,,,
4,PT11M55.00S,2023-03-31T23:10:27.2Z,1,REGULAR,jumpball,recovered,[],1628365,,,1610612753,0,0,2023-03-31T23:10:27Z,40000,False,,,0,,Jump Ball W. Carter Jr. vs. D. Gafford: Tip to M. Fultz,"[1628365, 1628976, 1629655]",1610612753.0,ORL,startperiod,M. Fultz,1628365.0,Fultz,M. Fultz,Carter Jr.,1628976.0,Gafford,1629655.0,,,,,,,,,,,,,,,,,,,,,,
7,PT11M36.00S,2023-03-31T23:10:46.8Z,1,REGULAR,2pt,Jump Shot,[],1628365,86.64586070959264,77.20588235294117,1610612753,0,2,2023-03-31T23:10:53Z,70000,False,136.0,73.0,1,right,M. Fultz 15' pullup Jump Shot (2 PTS) (W. Carter Jr. 1 AST),"[1628365, 1628976]",1610612753.0,ORL,pullup,,,Fultz,M. Fultz,,,,,Mid-Range,8-16 Right,15.44,Made,2.0,W. Carter Jr.,1628976.0,1.0,,,,,,,,,,,,,,
9,PT11M18.00S,2023-03-31T23:11:03.6Z,1,REGULAR,3pt,Jump Shot,[],1630557,30.929697766097235,86.02941176470588,1610612764,3,2,2023-03-31T23:11:10Z,90000,False,-180.0,238.0,1,left,C. Kispert 29' 3PT  (3 PTS) (D. Avdija 1 AST),"[1630557, 1630166]",1610612764.0,WAS,,,,Kispert,C. Kispert,,,,,Above the Break 3,24+ Left Center,29.86,Made,3.0,D. Avdija,1630166.0,1.0,,,,,,,,,,,,,,
11,PT10M58.00S,2023-03-31T23:11:24.2Z,1,REGULAR,2pt,Jump Shot,['pointsinthepaint'],203914,87.30289093298292,65.68627450980392,1610612753,3,2,2023-03-31T23:11:28Z,110000,False,78.0,67.0,1,right,MISS G. Harris 10' driving bank Shot,[203914],1610612753.0,ORL,driving bank,,,Harris,G. Harris,,,,,In The Paint (Non-RA),8-16 Right,10.31,Missed,,,,,,,,,,,,,,,,,,
12,PT10M54.00S,2023-03-31T23:11:28.2Z,1,REGULAR,rebound,defensive,[],1629655,,,1610612764,3,2,2023-03-31T23:11:28Z,120000,False,,,0,,D. Gafford REBOUND (Off:0 Def:1),[1629655],1610612764.0,WAS,,,,Gafford,D. Gafford,,,,,In The Paint (Non-RA),8-16 Right,,,,,,,11.0,1.0,1.0,0.0,,,,,,,,,,
44,PT10M49.00S,2023-03-31T23:11:29.4Z,1,REGULAR,2pt,Layup,['pointsinthepaint'],1629655,6.8823915900131425,49.754901960784316,1610612764,3,2,2023-03-31T23:14:42Z,125000,False,1.0,12.0,1,left,MISS D. Gafford Layup - blocked,"[1629655, 203914]",1610612764.0,WAS,,,,Gafford,D. Gafford,,,,,Restricted Area,0-8 Center,1.23,Missed,,,,,,,,,Harris,203914.0,,,,,,,,
45,PT10M49.00S,2023-03-31T23:11:29.4Z,1,REGULAR,block,,[],203914,,,1610612764,3,2,2023-03-31T23:14:42Z,127500,False,,,0,,G. Harris BLOCK (1 BLK),[203914],1610612753.0,ORL,,,,Harris,G. Harris,,,,,Restricted Area,0-8 Center,,,,,,,,,,,,,,,,,,,,
46,PT10M49.00S,2023-03-31T23:11:29.4Z,1,REGULAR,rebound,offensive,[],1629655,,,1610612764,3,2,2023-03-31T23:14:42Z,128750,False,,,0,,D. Gafford REBOUND (Off:1 Def:1),[1629655],1610612764.0,WAS,,,,Gafford,D. Gafford,,,,,Restricted Area,0-8 Center,,,,,,,44.0,2.0,1.0,1.0,,,,,,,,,,
13,PT10M48.00S,2023-03-31T23:11:34.7Z,1,REGULAR,2pt,DUNK,"['pointsinthepaint', '2ndchance']",1629655,6.8823915900131425,48.529411764705884,1610612764,5,2,2023-03-31T23:19:47Z,130000,False,7.0,12.0,1,left,D. Gafford putback DUNK (2 PTS),[1629655],1610612764.0,WAS,putback,,,Gafford,D. Gafford,,,,,Restricted Area,0-8 Center,1.43,Made,2.0,,,,,,,,,,,,,,,,,
14,PT10M38.00S,2023-03-31T23:11:44.8Z,1,REGULAR,2pt,Layup,['pointsinthepaint'],1630532,92.55913272010513,41.666666666666664,1610612753,5,4,2023-03-31T23:14:32Z,140000,False,-42.0,17.0,1,right,F. Wagner cutting Layup (2 PTS) (M. Fultz 1 AST),"[1630532, 1628365]",1610612753.0,ORL,cutting,,,Wagner,F. Wagner,,,,,In The Paint (Non-RA),0-8 Center,4.52,Made,2.0,M. Fultz,1628365.0,1.0,,,,,,,,,,,,,,
16,PT10M24.00S,2023-03-31T23:11:57.7Z,1,REGULAR,2pt,Jump Shot,[],1628420,13.84691195795007,67.64705882352942,1610612764,5,4,2023-03-31T23:12:02Z,160000,False,-88.0,78.0,1,left,MISS M. Morris 11' fadeaway Shot,[1628420],1610612764.0,WAS,fadeaway,,,Morris,M. Morris,,,,,Mid-Range,8-16 Left,11.75,Missed,,,,,,,,,,,,,,,,,,
17,PT10M21.00S,2023-03-31T23:12:00.7Z,1,REGULAR,rebound,defensive,[],1628976,,,1610612753,5,4,2023-03-31T23:12:02Z,170000,False,,,0,,W. Carter Jr. REBOUND (Off:0 Def:1),[1628976],1610612753.0,ORL,,,,Carter Jr.,W. Carter Jr.,,,,,Mid-Range,8-16 Left,,,,,,,16.0,1.0,1.0,0.0,,,,,,,,,,
18,PT10M15.00S,2023-03-31T23:12:07.0Z,1,REGULAR,turnover,lost ball,[],1631094,,,1610612753,5,4,2023-03-31T23:12:11Z,180000,False,,,0,,P. Banchero lost ball TURNOVER (1 TO),"[1631094, 1629655]",1610612753.0,ORL,,,,Banchero,P. Banchero,,,,,In The Paint (Non-RA),0-8 Center,,,,,,,,,,,,,1.0,Gafford,1629655.0,,,,,
19,PT10M15.00S,2023-03-31T23:12:07.0Z,1,REGULAR,steal,,[],1629655,,,1610612764,5,4,2023-03-31T23:12:09Z,190000,False,,,0,,D. Gafford STEAL (1 STL),[1629655],1610612764.0,WAS,,,,Gafford,D. Gafford,,,,,In The Paint (Non-RA),0-8 Center,,,,,,,,,,,,,,,,,,,,
20,PT10M10.00S,2023-03-31T23:12:12.4Z,1,REGULAR,2pt,Layup,"['pointsinthepaint', 'fromturnover', 'fastbreak']",1629655,6.356767411300922,46.568627450980394,1610612764,7,4,2023-03-31T23:12:19Z,200000,False,17.0,7.0,1,left,D. Gafford running Layup (4 PTS),[1629655],1610612764.0,WAS,running,,,Gafford,D. Gafford,,,,,Restricted Area,0-8 Center,1.87,Made,4.0,,,,,,,,,,,,,,,,,
21,PT09M57.00S,2023-03-31T23:12:24.5Z,1,REGULAR,2pt,Jump Shot,[],1631094,80.6011826544021,69.8529411764706,1610612753,7,4,2023-03-31T23:16:15Z,210000,False,99.0,130.0,1,right,MISS P. Banchero 16' driving floating Shot,[1631094],1610612753.0,ORL,driving floating,,,Banchero,P. Banchero,,,,,Mid-Range,16-24 Right Center,16.34,Missed,,,,,,,,,,,,,,,,,,
22,PT09M55.00S,2023-03-31T23:12:26.5Z,1,REGULAR,rebound,offensive,[],1631094,,,1610612753,7,4,2023-03-31T23:12:28Z,220000,False,,,0,,P. Banchero REBOUND (Off:1 Def:0),[1631094],1610612753.0,ORL,,,,Banchero,P. Banchero,,,,,Mid-Range,16-24 Right Center,,,,,,,21.0,1.0,0.0,1.0,,,,,,,,,,
23,PT09M54.00S,2023-03-31T23:12:27.7Z,1,REGULAR,2pt,Layup,"['pointsinthepaint', '2ndchance']",1631094,92.82194480946123,46.32352941176471,1610612753,7,6,2023-03-31T23:16:03Z,230000,False,-18.0,15.0,1,right,P. Banchero putback Layup (2 PTS),[1631094],1610612753.0,ORL,putback,,,Banchero,P. Banchero,,,,,Restricted Area,0-8 Center,2.37,Made,2.0,,,,,,,,,,,,,,,,,
24,PT09M44.00S,2023-03-31T23:12:38.1Z,1,REGULAR,2pt,Layup,['pointsinthepaint'],1630166,8.853482260183966,47.30392156862745,1610612764,7,6,2023-03-31T23:23:45Z,240000,False,13.0,31.0,1,left,MISS D. Avdija driving finger roll Layup - blocked,"[1630166, 1631094]",1610612764.0,WAS,driving finger roll,,,Avdija,D. Avdija,,,,,Restricted Area,0-8 Center,3.35,Missed,,,,,,,,,Banchero,1631094.0,,,,,,,,
25,PT09M44.00S,2023-03-31T23:12:38.1Z,1,REGULAR,block,,[],1631094,,,1610612764,7,6,2023-03-31T23:12:40Z,250000,False,,,0,,P. Banchero BLOCK (1 BLK),[1631094],1610612753.0,ORL,,,,Banchero,P. Banchero,,,,,Restricted Area,0-8 Center,,,,,,,,,,,,,,,,,,,,
26,PT09M41.00S,2023-03-31T23:12:41.1Z,1,REGULAR,rebound,defensive,[],1628976,,,1610612753,7,6,2023-03-31T23:12:44Z,260000,False,,,0,,W. Carter Jr. REBOUND (Off:0 Def:2),[1628976],1610612753.0,ORL,,,,Carter Jr.,W. Carter Jr.,,,,,Restricted Area,0-8 Center,,,,,,,24.0,2.0,2.0,0.0,,,,,,,,,,
27,PT09M38.00S,2023-03-31T23:12:44.8Z,1,REGULAR,turnover,lost ball,[],1628365,,,1610612753,7,6,2023-03-31T23:12:49Z,270000,False,,,0,,M. Fultz lost ball TURNOVER (1 TO),"[1628365, 1628420]",1610612753.0,ORL,,,,Fultz,M. Fultz,,,,,In The Paint (Non-RA),8-16 Center,,,,,,,,,,,,,1.0,Morris,1628420.0,,,,,
28,PT09M38.00S,2023-03-31T23:12:44.8Z,1,REGULAR,steal,,[],1628420,,,1610612764,7,6,2023-03-31T23:12:47Z,280000,False,,,0,,M. Morris STEAL (1 STL),[1628420],1610612764.0,WAS,,,,Morris,M. Morris,,,,,In The Paint (Non-RA),8-16 Center,,,,,,,,,,,,,,,,,,,,
29,PT09M34.00S,2023-03-31T23:12:48.7Z,1,REGULAR,3pt,Jump Shot,"['fromturnover', 'fastbreak']",1630557,18.577529566360056,3.67647058823529,1610612764,10,6,2023-03-31T23:27:03Z,290000,False,232.0,122.0,1,left,C. Kispert 26' 3PT running (6 PTS) (M. Morris 1 AST),"[1630557, 1628420]",1610612764.0,WAS,running,,,Kispert,C. Kispert,,,,,Above the Break 3,24+ Right Center,26.18,Made,6.0,M. Morris,1628420.0,1.0,,,,,,,,,,,,,,
31,PT09M13.00S,2023-03-31T23:13:08.9Z,1,REGULAR,3pt,Jump Shot,[],1631094,67.06636005256242,69.11764705882354,1610612753,10,6,2023-03-31T23:13:13Z,310000,False,96.0,257.0,1,right,MISS P. Banchero 27' 3PT,[1631094],1610612753.0,ORL,,,,Banchero,P. Banchero,,,,,Above the Break 3,24+ Right Center,27.43,Missed,,,,,,,,,,,,,,,,,,
32,PT09M11.00S,2023-03-31T23:13:10.9Z,1,REGULAR,rebound,defensive,[],1629655,,,1610612764,10,6,2023-03-31T23:13:13Z,320000,False,,,0,,D. Gafford REBOUND (Off:1 Def:2),[1629655],1610612764.0,WAS,,,,Gafford,D. Gafford,,,,,Above the Break 3,24+ Right Center,,,,,,,31.0,3.0,2.0,1.0,,,,,,,,,,
33,PT08M58.00S,2023-03-31T23:13:24.6Z,1,REGULAR,2pt,Hook,['pointsinthepaint'],1629655,12.401445466491452,55.14705882352941,1610612764,10,6,2023-03-31T23:13:28Z,330000,False,-26.0,64.0,1,left,MISS D. Gafford 6' Hook,[1629655],1610612764.0,WAS,,,,Gafford,D. Gafford,,,,,In The Paint (Non-RA),0-8 Center,6.91,Missed,,,,,,,,,,,,,,,,,,
34,PT08M56.00S,2023-03-31T23:13:26.6Z,1,REGULAR,rebound,defensive,[],1628365,,,1610612753,10,6,2023-03-31T23:13:28Z,340000,False,,,0,,M. Fultz REBOUND (Off:0 Def:1),[1628365],1610612753.0,ORL,,,,Fultz,M. Fultz,,,,,In The Paint (Non-RA),0-8 Center,,,,,,,33.0,1.0,1.0,0.0,,,,,,,,,,
35,PT08M50.00S,2023-03-31T23:13:32.6Z,1,REGULAR,2pt,Layup,"['fastbreak', 'pointsinthepaint']",1630532,90.98226018396846,52.205882352941174,1610612753,10,6,2023-03-31T23:28:24Z,350000,False,11.0,32.0,1,right,MISS F. Wagner running Layup,[1630532],1610612753.0,ORL,running,,,Wagner,F. Wagner,,,,,Restricted Area,0-8 Center,3.41,Missed,,,,,,,,,,,,,,,,,,
36,PT08M47.00S,2023-03-31T23:13:35.6Z,1,REGULAR,rebound,defensive,[],1626153,,,1610612764,10,6,2023-03-31T23:13:37Z,360000,False,,,0,,D. Wright REBOUND (Off:0 Def:1),[1626153],1610612764.0,WAS,,,,Wright,D. Wright,,,,,Restricted Area,0-8 Center,,,,,,,35.0,1.0,1.0,0.0,,,,,,,,,,
37,PT08M45.00S,2023-03-31T23:13:37.9Z,1,REGULAR,3pt,Jump Shot,['fastbreak'],1628420,3.860052562417877,3.9215686274509807,1610612764,10,6,2023-03-31T23:28:55Z,370000,False,230.0,-16.0,1,left,MISS M. Morris running 3PT,[1628420],1610612764.0,WAS,running,,,Morris,M. Morris,,,,,Right Corner 3,24+ Right,23.1,Missed,,,,,,,,,,,,,,,,,,
38,PT08M42.00S,2023-03-31T23:13:40.4Z,1,REGULAR,rebound,offensive,[],1626153,,,1610612764,10,6,2023-03-31T23:13:40Z,380000,False,,,0,,D. Wright REBOUND (Off:1 Def:1),[1626153],1610612764.0,WAS,,,,Wright,D. Wright,,,,,Right Corner 3,24+ Right,,,,,,,37.0,2.0,1.0,1.0,,,,,,,,,,
39,PT08M40.00S,2023-03-31T23:13:44.9Z,1,REGULAR,foul,personal,['2freethrow'],1628365,,,1610612764,10,6,2023-03-31T23:13:52Z,390000,False,,,0,,M. Fultz shooting personal FOUL (1 PF) (Wright 2 FT),"[1628365, 1626153]",1610612753.0,ORL,shooting,,,Fultz,M. Fultz,,,,,Restricted Area,0-8 Center,,,,,,,,,,,,,,,,1626302.0,1.0,0.0,Wright,1626153.0
41,PT08M40.00S,2023-03-31T23:14:11.7Z,1,REGULAR,freethrow,1 of 2,['2ndchance'],1626153,,,1610612764,11,6,2023-03-31T23:14:11Z,410000,False,,,0,,D. Wright Free Throw 1 of 2 (1 PTS),[1626153],1610612764.0,WAS,,,,Wright,D. Wright,,,,,,,,Made,1.0,,,,,,,,,,,,,,,,,
42,PT08M40.00S,2023-03-31T23:14:27.8Z,1,REGULAR,freethrow,2 of 2,['2ndchance'],1626153,,,1610612764,12,6,2023-03-31T23:14:27Z,420000,False,,,0,,D. Wright Free Throw 2 of 2 (2 PTS),[1626153],1610612764.0,WAS,,,,Wright,D. Wright,,,,,,,,Made,2.0,,,,,,,,,,,,,,,,,
43,PT08M30.00S,2023-03-31T23:14:39.7Z,1,REGULAR,2pt,Layup,['pointsinthepaint'],1628365,90.8508541392904,45.58823529411765,1610612753,12,8,2023-03-31T23:30:15Z,430000,False,-22.0,34.0,1,right,M. Fultz driving finger roll Layup (4 PTS),[1628365],1610612753.0,ORL,driving finger roll,,,Fultz,M. Fultz,,,,,Restricted Area,0-8 Center,4.01,Made,4.0,,,,,,,,,,,,,,,,,
47,PT08M16.00S,2023-03-31T23:14:53.2Z,1,REGULAR,2pt,DUNK,['pointsinthepaint'],1629655,6.619579500657039,48.0392156862745,1610612764,12,8,2023-03-31T23:14:59Z,440000,False,10.0,10.0,1,left,MISS D. Gafford alley-oop DUNK,[1629655],1610612764.0,WAS,alley-oop,,,Gafford,D. Gafford,,,,,Restricted Area,0-8 Center,1.38,Missed,,,,,,,,,,,,,,,,,,
48,PT08M13.00S,2023-03-31T23:14:55.8Z,1,REGULAR,rebound,offensive,[],1629655,,,1610612764,12,8,2023-03-31T23:14:55Z,450000,False,,,0,,D. Gafford REBOUND (Off:2 Def:2),[1629655],1610612764.0,WAS,,,,Gafford,D. Gafford,,,,,Restricted Area,0-8 Center,,,,,,,47.0,4.0,2.0,2.0,,,,,,,,,,
49,PT08M09.00S,2023-03-31T23:15:00.4Z,1,REGULAR,3pt,Jump Shot,['2ndchance'],1628420,28.43298291721419,78.92156862745098,1610612764,15,8,2023-03-31T23:15:04Z,460000,False,-145.0,215.0,1,left,M. Morris 25' 3PT  (3 PTS) (D. Avdija 2 AST),"[1628420, 1630166]",1610612764.0,WAS,,,,Morris,M. Morris,,,,,Above the Break 3,24+ Left Center,25.89,Made,3.0,D. Avdija,1630166.0,2.0,,,,,,,,,,,,,,
51,PT07M56.00S,2023-03-31T23:15:13.2Z,1,REGULAR,3pt,Jump Shot,[],1628976,81.52102496714849,2.205882352941174,1610612753,15,8,2023-03-31T23:15:18Z,480000,False,-239.0,121.0,1,right,MISS W. Carter Jr. 26' 3PT,[1628976],1610612753.0,ORL,,,,Carter Jr.,W. Carter Jr.,,,,,Above the Break 3,24+ Left Center,26.8,Missed,,,,,,,,,,,,,,,,,,
52,PT07M52.00S,2023-03-31T23:15:17.2Z,1,REGULAR,rebound,defensive,[],1628420,,,1610612764,15,8,2023-03-31T23:15:18Z,490000,False,,,0,,M. Morris REBOUND (Off:0 Def:1),[1628420],1610612764.0,WAS,,,,Morris,M. Morris,,,,,Above the Break 3,24+ Left Center,,,,,,,51.0,1.0,1.0,0.0,,,,,,,,,,
53,PT07M48.00S,2023-03-31T23:15:20.7Z,1,REGULAR,3pt,Jump Shot,['fastbreak'],1626153,24.885019710906704,12.5,1610612764,15,8,2023-03-31T23:32:40Z,500000,False,188.0,181.0,1,left,MISS D. Wright 26' running pullup 3PT,[1626153],1610612764.0,WAS,running pullup,,,Wright,D. Wright,,,,,Above the Break 3,24+ Right Center,26.09,Missed,,,,,,,,,,,,,,,,,,
54,PT07M45.00S,2023-03-31T23:15:23.7Z,1,REGULAR,rebound,defensive,[],1631094,,,1610612753,15,8,2023-03-31T23:15:25Z,510000,False,,,0,,P. Banchero REBOUND (Off:1 Def:1),[1631094],1610612753.0,ORL,,,,Banchero,P. Banchero,,,,,Above the Break 3,24+ Right Center,,,,,,,53.0,2.0,1.0,1.0,,,,,,,,,,
55,PT07M39.00S,2023-03-31T23:15:30.4Z,1,REGULAR,2pt,Jump Shot,[],1631094,87.30289093298292,80.63725490196079,1610612753,15,8,2023-03-31T23:33:18Z,520000,False,153.0,67.0,1,right,MISS P. Banchero 16' pullup Shot,[1631094],1610612753.0,ORL,pullup,,,Banchero,P. Banchero,,,,,Mid-Range,16-24 Right,16.72,Missed,,,,,,,,,,,,,,,,,,
56,PT07M36.00S,2023-03-31T23:15:33.5Z,1,REGULAR,rebound,offensive,[],1630532,,,1610612753,15,8,2023-03-31T23:15:33Z,530000,False,,,0,,F. Wagner REBOUND (Off:1 Def:0),[1630532],1610612753.0,ORL,,,,Wagner,F. Wagner,,,,,Mid-Range,16-24 Right,,,,,,,55.0,1.0,0.0,1.0,,,,,,,,,,
57,PT07M34.00S,2023-03-31T23:15:34.7Z,1,REGULAR,2pt,Jump Shot,"['pointsinthepaint', '2ndchance']",1630532,83.36070959264126,60.78431372549019,1610612753,15,8,2023-03-31T23:15:39Z,540000,False,54.0,104.0,1,right,MISS F. Wagner 11' floating Shot,[1630532],1610612753.0,ORL,floating,,,Wagner,F. Wagner,,,,,In The Paint (Non-RA),8-16 Center,11.7,Missed,,,,,,,,,,,,,,,,,,
58,PT07M31.00S,2023-03-31T23:15:37.7Z,1,REGULAR,rebound,defensive,[],1626153,,,1610612764,15,8,2023-03-31T23:15:39Z,550000,False,,,0,,D. Wright REBOUND (Off:1 Def:2),[1626153],1610612764.0,WAS,,,,Wright,D. Wright,,,,,In The Paint (Non-RA),8-16 Center,,,,,,,57.0,3.0,2.0,1.0,,,,,,,,,,
59,PT07M27.00S,2023-03-31T23:15:42.9Z,1,REGULAR,2pt,Layup,"['fastbreak', 'pointsinthepaint']",1626153,6.619579500657039,45.58823529411765,1610612764,17,8,2023-03-31T23:34:38Z,560000,False,22.0,10.0,1,left,D. Wright running Layup (4 PTS),[1626153],1610612764.0,WAS,running,,,Wright,D. Wright,,,,,Restricted Area,0-8 Center,2.41,Made,4.0,,,,,,,,,,,,,,,,,
60,PT07M27.00S,2023-03-31T23:15:46.3Z,1,REGULAR,timeout,full,"['team', 'mandatory']",0,,,1610612753,17,8,2023-03-31T23:15:46Z,570000,False,,,0,,ORL Timeout,[],1610612753.0,ORL,,,,,,,,,,,,,,,,,,,,,,,,,,,,,,,
61,PT07M14.00S,2023-03-31T23:18:53.2Z,1,REGULAR,2pt,Layup,['pointsinthepaint'],1628365,91.90210249671485,39.4607843137255,1610612753,17,8,2023-03-31T23:35:23Z,580000,False,-53.0,24.0,1,right,MISS M. Fultz driving finger roll Layup,[1628365],1610612753.0,ORL,driving finger roll,,,Fultz,M. Fultz,,,,,In The Paint (Non-RA),0-8 Center,5.77,Missed,,,,,,,,,,,,,,,,,,
62,PT07M13.00S,2023-03-31T23:18:54.2Z,1,REGULAR,rebound,offensive,[],1628365,,,1610612753,17,8,2023-03-31T23:34:13Z,590000,False,,,0,,M. Fultz REBOUND (Off:1 Def:1),[1628365],1610612753.0,ORL,,,,Fultz,M. Fultz,,,,,In The Paint (Non-RA),0-8 Center,,,,,,,61.0,2.0,1.0,1.0,,,,,,,,,,
63,PT07M04.00S,2023-03-31T23:19:03.8Z,1,REGULAR,2pt,Layup,"['pointsinthepaint', '2ndchance']",1628976,93.08475689881735,44.11764705882353,1610612753,17,10,2023-03-31T23:19:08Z,600000,False,-29.0,13.0,1,right,W. Carter Jr. Layup (2 PTS) (P. Banchero 1 AST),"[1628976, 1631094]",1610612753.0,ORL,,,,Carter Jr.,W. Carter Jr.,,,,,Restricted Area,0-8 Center,3.19,Made,2.0,P. Banchero,1631094.0,1.0,,,,,,,,,,,,,,
65,PT06M48.00S,2023-03-31T23:19:24.7Z,1,REGULAR,foul,technical,['1freethrow'],1628976,,,1610612764,17,10,2023-03-31T23:19:34Z,620000,False,,,0,,W. Carter Jr. defensive-3-second technical FOUL (1 Tech),[1628976],1610612753.0,ORL,defensive-3-second,,,Carter Jr.,W. Carter Jr.,,,,,In The Paint (Non-RA),0-8 Center,,,,,,,,,,,,,,,,1155.0,0.0,1.0,,
66,PT06M48.00S,2023-03-31T23:19:39.4Z,1,REGULAR,freethrow,1 of 1,[],1628420,,,1610612764,18,10,2023-03-31T23:19:39Z,630000,False,,,0,,M. Morris technical Free Throw 1 of 1 (4 PTS),[1628420],1610612764.0,WAS,technical,,,Morris,M. Morris,,,,,,,,Made,4.0,,,,,,,,,,,,,,,,,
67,PT06M36.00S,2023-03-31T23:20:06.2Z,1,REGULAR,3pt,Jump Shot,[],1630166,17.263469119579497,2.6960784313725554,1610612764,18,10,2023-03-31T23:20:10Z,640000,False,237.0,110.0,1,left,MISS D. Avdija 26' 3PT,[1630166],1610612764.0,WAS,,,,Avdija,D. Avdija,,,,,Above the Break 3,24+ Right Center,26.07,Missed,,,,,,,,,,,,,,,,,,
68,PT06M33.00S,2023-03-31T23:20:09.2Z,1,REGULAR,rebound,defensive,[],1628976,,,1610612753,18,10,2023-03-31T23:20:10Z,650000,False,,,0,,W. Carter Jr. REBOUND (Off:0 Def:3),[1628976],1610612753.0,ORL,,,,Carter Jr.,W. Carter Jr.,,,,,Above the Break 3,24+ Right Center,,,,,,,67.0,3.0,3.0,0.0,,,,,,,,,,
69,PT06M27.00S,2023-03-31T23:20:15.1Z,1,REGULAR,2pt,Layup,"['fastbreak', 'pointsinthepaint']",1628365,93.61038107752957,43.627450980392155,1610612753,18,10,2023-03-31T23:37:35Z,660000,False,-32.0,8.0,1,right,MISS M. Fultz running reverse Layup,[1628365],1610612753.0,ORL,running reverse,,,Fultz,M. Fultz,,,,,Restricted Area,0-8 Center,3.28,Missed,,,,,,,,,,,,,,,,,,
70,PT06M27.00S,2023-03-31T23:20:15.1Z,1,REGULAR,rebound,defensive,['team'],0,,,1610612764,18,10,2023-03-31T23:20:23Z,670000,False,,,0,,TEAM defensive REBOUND,[],1610612764.0,WAS,,,,,,,,,,Restricted Area,0-8 Center,,,,,,,69.0,,,,,,,,,,,,,
73,PT06M18.00S,2023-03-31T23:20:30.8Z,1,REGULAR,2pt,Layup,['pointsinthepaint'],1626153,7.276609724047319,53.67647058823529,1610612764,18,10,2023-03-31T23:38:35Z,690000,False,-18.0,16.0,1,left,MISS D. Wright driving finger roll Layup,[1626153],1610612764.0,WAS,driving finger roll,,,Wright,D. Wright,,,,,Restricted Area,0-8 Center,2.43,Missed,,,,,,,,,,,,,,,,,,
74,PT06M15.00S,2023-03-31T23:20:33.4Z,1,REGULAR,rebound,offensive,[],1629655,,,1610612764,18,10,2023-03-31T23:20:33Z,700000,False,,,0,,D. Gafford REBOUND (Off:3 Def:2),[1629655],1610612764.0,WAS,,,,Gafford,D. Gafford,,,,,Restricted Area,0-8 Center,,,,,,,73.0,5.0,2.0,3.0,,,,,,,,,,
75,PT06M14.00S,2023-03-31T23:20:34.0Z,1,REGULAR,2pt,DUNK,"['pointsinthepaint', '2ndchance']",1629655,5.436925098554539,49.26470588235294,1610612764,20,10,2023-03-31T23:38:59Z,710000,False,4.0,-1.0,1,left,D. Gafford putback DUNK (6 PTS),[1629655],1610612764.0,WAS,putback,,,Gafford,D. Gafford,,,,,Restricted Area,0-8 Center,0.4,Made,6.0,,,,,,,,,,,,,,,,,
76,PT06M04.00S,2023-03-31T23:20:45.7Z,1,REGULAR,2pt,Layup,['pointsinthepaint'],1630532,90.45663600525624,43.38235294117647,1610612753,20,10,2023-03-31T23:39:46Z,720000,False,-33.0,37.0,1,right,MISS F. Wagner finger roll Layup,[1630532],1610612753.0,ORL,finger roll,,,Wagner,F. Wagner,,,,,In The Paint (Non-RA),0-8 Center,4.98,Missed,,,,,,,,,,,,,,,,,,
77,PT06M03.00S,2023-03-31T23:20:46.7Z,1,REGULAR,rebound,offensive,['team'],0,,,1610612753,20,10,2023-03-31T23:21:46Z,730000,False,,,0,,TEAM offensive REBOUND,[],1610612753.0,ORL,,,,,,,,,,In The Paint (Non-RA),0-8 Center,,,,,,,76.0,,,,,,,,,,,,,
79,PT06M03.00S,2023-03-31T23:20:53.1Z,1,REGULAR,substitution,out,[],1630557,,,1610612753,20,10,2023-03-31T23:20:57Z,750000,False,,,0,,SUB out: C. Kispert,[1630557],1610612764.0,WAS,,,,Kispert,C. Kispert,,,,,,,,,,,,,,,,,,,,,,,,,,
80,PT06M03.00S,2023-03-31T23:20:53.1Z,1,REGULAR,substitution,in,[],1631098,,,1610612753,20,10,2023-03-31T23:20:57Z,760000,False,,,0,,SUB in: J. Davis,[1631098],1610612764.0,WAS,,,,Davis,J. Davis,,,,,,,,,,,,,,,,,,,,,,,,,,
81,PT06M00.00S,2023-03-31T23:21:08.1Z,1,REGULAR,2pt,Jump Shot,['2ndchance'],1631094,90.45663600525624,74.01960784313725,1610612753,20,10,2023-03-31T23:21:12Z,770000,False,120.0,37.0,1,right,MISS P. Banchero 12' Jump Shot,[1631094],1610612753.0,ORL,,,,Banchero,P. Banchero,,,,,Mid-Range,8-16 Right,12.57,Missed,,,,,,,,,,,,,,,,,,
82,PT05M57.00S,2023-03-31T23:21:11.1Z,1,REGULAR,rebound,defensive,[],1628420,,,1610612764,20,10,2023-03-31T23:21:12Z,780000,False,,,0,,M. Morris REBOUND (Off:0 Def:2),[1628420],1610612764.0,WAS,,,,Morris,M. Morris,,,,,Mid-Range,8-16 Right,,,,,,,81.0,2.0,2.0,0.0,,,,,,,,,,
83,PT05M48.00S,2023-03-31T23:21:19.8Z,1,REGULAR,2pt,Hook,['pointsinthepaint'],1626153,12.401445466491452,40.44117647058824,1610612764,20,10,2023-03-31T23:21:23Z,790000,False,48.0,64.0,1,left,MISS D. Wright 8' driving Hook,[1626153],1610612764.0,WAS,driving,,,Wright,D. Wright,,,,,In The Paint (Non-RA),0-8 Center,8.0,Missed,,,,,,,,,,,,,,,,,,
84,PT05M45.00S,2023-03-31T23:21:22.8Z,1,REGULAR,rebound,defensive,[],1628976,,,1610612753,20,10,2023-03-31T23:21:23Z,800000,False,,,0,,W. Carter Jr. REBOUND (Off:0 Def:4),[1628976],1610612753.0,ORL,,,,Carter Jr.,W. Carter Jr.,,,,,In The Paint (Non-RA),0-8 Center,,,,,,,83.0,4.0,4.0,0.0,,,,,,,,,,
85,PT05M38.00S,2023-03-31T23:21:29.8Z,1,REGULAR,2pt,Jump Shot,[],1628976,82.83508541392904,69.6078431372549,1610612753,20,10,2023-03-31T23:21:34Z,810000,False,98.0,109.0,1,right,MISS W. Carter Jr. 14' pullup Shot,[1628976],1610612753.0,ORL,pullup,,,Carter Jr.,W. Carter Jr.,,,,,Mid-Range,8-16 Right,14.65,Missed,,,,,,,,,,,,,,,,,,
86,PT05M36.00S,2023-03-31T23:21:31.8Z,1,REGULAR,rebound,defensive,[],1630166,,,1610612764,20,10,2023-03-31T23:21:34Z,820000,False,,,0,,D. Avdija REBOUND (Off:0 Def:1),[1630166],1610612764.0,WAS,,,,Avdija,D. Avdija,,,,,Mid-Range,8-16 Right,,,,,,,85.0,1.0,1.0,0.0,,,,,,,,,,
88,PT05M33.00S,2023-03-31T23:21:47.5Z,1,REGULAR,substitution,out,[],1628420,,,1610612764,20,10,2023-03-31T23:21:51Z,840000,False,,,0,,SUB out: M. Morris,[1628420],1610612764.0,WAS,,,,Morris,M. Morris,,,,,,,,,,,,,,,,,,,,,,,,,,
89,PT05M33.00S,2023-03-31T23:21:47.5Z,1,REGULAR,substitution,in,[],1629134,,,1610612764,20,10,2023-03-31T23:21:51Z,850000,False,,,0,,SUB in: K. Nunn,[1629134],1610612764.0,WAS,,,,Nunn,K. Nunn,,,,,,,,,,,,,,,,,,,,,,,,,,
90,PT05M28.00S,2023-03-31T23:22:05.8Z,1,REGULAR,2pt,Jump Shot,[],1629134,8.590670170827863,73.2843137254902,1610612764,20,10,2023-03-31T23:22:10Z,860000,False,-116.0,28.0,1,left,MISS K. Nunn 11' floating Shot,[1629134],1610612764.0,WAS,floating,,,Nunn,K. Nunn,,,,,Mid-Range,8-16 Left,11.98,Missed,,,,,,,,,,,,,,,,,,
91,PT05M26.00S,2023-03-31T23:22:07.8Z,1,REGULAR,rebound,defensive,[],1631094,,,1610612753,20,10,2023-03-31T23:22:10Z,870000,False,,,0,,P. Banchero REBOUND (Off:1 Def:2),[1631094],1610612753.0,ORL,,,,Banchero,P. Banchero,,,,,Mid-Range,8-16 Left,,,,,,,90.0,3.0,2.0,1.0,,,,,,,,,,
92,PT05M24.00S,2023-03-31T23:22:12.4Z,1,REGULAR,foul,personal,['2freethrow'],1629655,,,1610612753,20,10,2023-03-31T23:22:18Z,880000,False,,,0,,D. Gafford shooting personal FOUL (1 PF) (Banchero 2 FT),"[1629655, 1631094]",1610612764.0,WAS,shooting,,,Gafford,D. Gafford,,,,,In The Paint (Non-RA),0-8 Center,,,,,,,,,,,,,,,,1626302.0,1.0,0.0,Banchero,1631094.0
94,PT05M24.00S,2023-03-31T23:22:34.8Z,1,REGULAR,freethrow,1 of 2,['fastbreak'],1631094,,,1610612753,20,10,2023-03-31T23:42:09Z,900000,False,,,0,,MISS P. Banchero Free Throw 1 of 2,[1631094],1610612753.0,ORL,,,,Banchero,P. Banchero,,,,,,,,Missed,,,,,,,,,,,,,,,,,,
95,PT05M24.00S,2023-03-31T23:22:34.8Z,1,REGULAR,rebound,offensive,"['team', 'deadball']",0,,,1610612753,20,10,2023-03-31T23:42:09Z,910000,False,,,0,,TEAM offensive REBOUND,[],1610612753.0,ORL,,,,,,,,,,,,,,,,,,94.0,,,,,,,,,,,,,
96,PT05M24.00S,2023-03-31T23:22:42.1Z,1,REGULAR,substitution,out,[],1629655,,,1610612753,20,10,2023-03-31T23:22:45Z,920000,False,,,0,,SUB out: D. Gafford,[1629655],1610612764.0,WAS,,,,Gafford,D. Gafford,,,,,,,,,,,,,,,,,,,,,,,,,,
97,PT05M24.00S,2023-03-31T23:22:42.1Z,1,REGULAR,substitution,in,[],201959,,,1610612753,20,10,2023-03-31T23:22:45Z,930000,False,,,0,,SUB in: T. Gibson,[201959],1610612764.0,WAS,,,,Gibson,T. Gibson,,,,,,,,,,,,,,,,,,,,,,,,,,
98,PT05M24.00S,2023-03-31T23:22:34.8Z,1,REGULAR,freethrow,2 of 2,['fastbreak'],1631094,,,1610612753,20,11,2023-03-31T23:42:09Z,940000,False,,,0,,P. Banchero Free Throw 2 of 2 (3 PTS),[1631094],1610612753.0,ORL,,,,Banchero,P. Banchero,,,,,,,,Made,3.0,,,,,,,,,,,,,,,,,
99,PT05M19.00S,2023-03-31T23:23:07.0Z,1,REGULAR,foul,personal,[],1630532,,,1610612764,20,11,2023-03-31T23:23:14Z,950000,False,,,0,,F. Wagner personal FOUL (1 PF),"[1630532, 1626153]",1610612753.0,ORL,,,,Wagner,F. Wagner,,,,,Above the Break 3,24+ Left Center,,,,,,,,,,,,,,,,1155.0,1.0,0.0,Wright,1626153.0
101,PT05M09.00S,2023-03-31T23:23:32.1Z,1,REGULAR,2pt,Jump Shot,[],1631098,21.20565045992116,47.79411764705882,1610612764,20,11,2023-03-31T23:23:39Z,970000,False,11.0,147.0,1,left,MISS J. Davis 14' pullup Shot - blocked,"[1631098, 203914]",1610612764.0,WAS,pullup,,,Davis,J. Davis,,,,,Mid-Range,8-16 Center,14.72,Missed,,,,,,,,,Harris,203914.0,,,,,,,,
102,PT05M09.00S,2023-03-31T23:23:32.1Z,1,REGULAR,block,,[],203914,,,1610612764,20,11,2023-03-31T23:23:37Z,980000,False,,,0,,G. Harris BLOCK (2 BLK),[203914],1610612753.0,ORL,,,,Harris,G. Harris,,,,,Mid-Range,8-16 Center,,,,,,,,,,,,,,,,,,,,
103,PT05M03.00S,2023-03-31T23:23:38.1Z,1,REGULAR,rebound,defensive,[],203914,,,1610612753,20,11,2023-03-31T23:23:39Z,990000,False,,,0,,G. Harris REBOUND (Off:0 Def:1),[203914],1610612753.0,ORL,,,,Harris,G. Harris,,,,,Mid-Range,8-16 Center,,,,,,,101.0,1.0,1.0,0.0,,,,,,,,,,
104,PT05M01.00S,2023-03-31T23:23:42.5Z,1,REGULAR,2pt,Layup,['pointsinthepaint'],1631094,92.29632063074901,44.607843137254896,1610612753,20,13,2023-03-31T23:23:46Z,1000000,False,-27.0,20.0,1,right,P. Banchero driving Layup (5 PTS),[1631094],1610612753.0,ORL,driving,,,Banchero,P. Banchero,,,,,Restricted Area,0-8 Center,3.35,Made,5.0,,,,,,,,,,,,,,,,,
105,PT05M01.00S,2023-03-31T23:23:44.8Z,1,REGULAR,foul,personal,['1freethrow'],1630166,,,1610612753,20,13,2023-03-31T23:23:50Z,1010000,False,,,0,,D. Avdija shooting personal FOUL (1 PF) (Banchero 1 FT),"[1630166, 1631094]",1610612764.0,WAS,shooting,,,Avdija,D. Avdija,,,,,Restricted Area,0-8 Center,,,,,,,,,,,,,,,,1155.0,1.0,0.0,Banchero,1631094.0
107,PT05M01.00S,2023-03-31T23:23:51.5Z,1,REGULAR,substitution,out,[],1628976,,,1610612753,20,13,2023-03-31T23:24:30Z,1030000,False,,,0,,SUB out: W. Carter Jr.,[1628976],1610612753.0,ORL,,,,Carter Jr.,W. Carter Jr.,,,,,,,,,,,,,,,,,,,,,,,,,,
108,PT05M01.00S,2023-03-31T23:23:51.5Z,1,REGULAR,substitution,in,[],1629048,,,1610612753,20,13,2023-03-31T23:24:30Z,1040000,False,,,0,,SUB in: G. Bitadze,[1629048],1610612753.0,ORL,,,,Bitadze,G. Bitadze,,,,,,,,,,,,,,,,,,,,,,,,,,
109,PT05M01.00S,2023-03-31T23:24:09.1Z,1,REGULAR,freethrow,1 of 1,[],1631094,,,1610612753,20,14,2023-03-31T23:24:09Z,1050000,False,,,0,,P. Banchero Free Throw 1 of 1 (6 PTS),[1631094],1610612753.0,ORL,,,,Banchero,P. Banchero,,,,,,,,Made,6.0,,,,,,,,,,,,,,,,,
110,PT04M52.00S,2023-03-31T23:24:22.0Z,1,REGULAR,foul,personal,[],1631094,,,1610612764,20,14,2023-03-31T23:24:30Z,1060000,False,,,0,,P. Banchero personal FOUL (1 PF),"[1631094, 1630166]",1610612753.0,ORL,,,,Banchero,P. Banchero,,,,,In The Paint (Non-RA),8-16 Right,,,,,,,,,,,,,,,,1155.0,1.0,0.0,Avdija,1630166.0
112,PT04M42.00S,2023-03-31T23:24:51.4Z,1,REGULAR,2pt,Jump Shot,[],1629134,20.54862023653088,59.068627450980394,1610612764,22,14,2023-03-31T23:24:57Z,1080000,False,-45.0,141.0,1,left,K. Nunn 14' driving floating Jump Shot (2 PTS),[1629134],1610612764.0,WAS,driving floating,,,Nunn,K. Nunn,,,,,Mid-Range,8-16 Center,14.78,Made,2.0,,,,,,,,,,,,,,,,,
113,PT04M27.00S,2023-03-31T23:25:05.7Z,1,REGULAR,3pt,Jump Shot,[],203914,66.27792378449408,39.70588235294118,1610612753,22,14,2023-03-31T23:44:05Z,1090000,False,-51.0,264.0,1,right,MISS G. Harris 26' 3PT,[203914],1610612753.0,ORL,,,,Harris,G. Harris,,,,,Above the Break 3,24+ Center,26.95,Missed,,,,,,,,,,,,,,,,,,
114,PT04M25.00S,2023-03-31T23:25:07.7Z,1,REGULAR,rebound,defensive,[],1630166,,,1610612764,22,14,2023-03-31T23:25:10Z,1100000,False,,,0,,D. Avdija REBOUND (Off:0 Def:2),[1630166],1610612764.0,WAS,,,,Avdija,D. Avdija,,,,,Above the Break 3,24+ Center,,,,,,,113.0,2.0,2.0,0.0,,,,,,,,,,
115,PT04M17.00S,2023-03-31T23:25:15.9Z,1,REGULAR,2pt,Jump Shot,[],1630166,12.13863337713535,79.65686274509804,1610612764,22,14,2023-03-31T23:25:19Z,1110000,False,-148.0,62.0,1,left,MISS D. Avdija 16' pullup Shot,[1630166],1610612764.0,WAS,pullup,,,Avdija,D. Avdija,,,,,Mid-Range,16-24 Left,16.06,Missed,,,,,,,,,,,,,,,,,,
116,PT04M14.00S,2023-03-31T23:25:18.9Z,1,REGULAR,rebound,defensive,[],203914,,,1610612753,22,14,2023-03-31T23:25:19Z,1120000,False,,,0,,G. Harris REBOUND (Off:0 Def:2),[203914],1610612753.0,ORL,,,,Harris,G. Harris,,,,,Mid-Range,16-24 Left,,,,,,,115.0,2.0,2.0,0.0,,,,,,,,,,
117,PT04M09.00S,2023-03-31T23:25:27.5Z,1,REGULAR,2pt,Layup,['pointsinthepaint'],203914,87.82851511169514,53.67647058823529,1610612753,22,14,2023-03-31T23:25:40Z,1130000,False,18.0,62.0,1,right,MISS G. Harris 6' driving Layup - blocked,"[203914, 1629134]",1610612753.0,ORL,driving,,,Harris,G. Harris,,,,,In The Paint (Non-RA),0-8 Center,6.46,Missed,,,,,,,,,Nunn,1629134.0,,,,,,,,
118,PT04M09.00S,2023-03-31T23:25:27.5Z,1,REGULAR,block,,[],1629134,,,1610612753,22,14,2023-03-31T23:25:33Z,1140000,False,,,0,,K. Nunn BLOCK (1 BLK),[1629134],1610612764.0,WAS,,,,Nunn,K. Nunn,,,,,In The Paint (Non-RA),0-8 Center,,,,,,,,,,,,,,,,,,,,
119,PT04M09.00S,2023-03-31T23:25:27.5Z,1,REGULAR,rebound,offensive,['team'],0,,,1610612753,22,14,2023-03-31T23:25:40Z,1150000,False,,,0,,TEAM offensive REBOUND,[],1610612753.0,ORL,,,,,,,,,,In The Paint (Non-RA),0-8 Center,,,,,,,117.0,,,,,,,,,,,,,
121,PT04M09.00S,2023-03-31T23:25:37.1Z,1,REGULAR,substitution,out,[],1626153,,,1610612753,22,14,2023-03-31T23:25:44Z,1170000,False,,,0,,SUB out: D. Wright,[1626153],1610612764.0,WAS,,,,Wright,D. Wright,,,,,,,,,,,,,,,,,,,,,,,,,,
122,PT04M09.00S,2023-03-31T23:25:37.1Z,1,REGULAR,substitution,out,[],1630532,,,1610612753,22,14,2023-03-31T23:25:44Z,1180000,False,,,0,,SUB out: F. Wagner,[1630532],1610612753.0,ORL,,,,Wagner,F. Wagner,,,,,,,,,,,,,,,,,,,,,,,,,,
123,PT04M09.00S,2023-03-31T23:25:37.1Z,1,REGULAR,substitution,in,[],1630692,,,1610612753,22,14,2023-03-31T23:25:44Z,1190000,False,,,0,,SUB in: J. Goodwin,[1630692],1610612764.0,WAS,,,,Goodwin,J. Goodwin,,,,,,,,,,,,,,,,,,,,,,,,,,
124,PT04M09.00S,2023-03-31T23:25:37.1Z,1,REGULAR,substitution,in,[],1630175,,,1610612753,22,14,2023-03-31T23:25:44Z,1200000,False,,,0,,SUB in: C. Anthony,[1630175],1610612753.0,ORL,,,,Anthony,C. Anthony,,,,,,,,,,,,,,,,,,,,,,,,,,
125,PT04M09.00S,2023-03-31T23:26:06.1Z,1,REGULAR,foul,personal,[],1631098,,,1610612753,22,14,2023-03-31T23:26:28Z,1210000,False,,,0,,J. Davis personal FOUL (1 PF),"[1631098, 1631094]",1610612764.0,WAS,,,,Davis,J. Davis,,,,,Left Corner 3,24+ Left,,,,,,,,,,,,,,,,1155.0,1.0,0.0,Banchero,1631094.0
127,PT04M03.00S,2023-03-31T23:26:33.2Z,1,REGULAR,2pt,Jump Shot,"['pointsinthepaint', '2ndchance']",1631094,85.3318002628121,57.84313725490196,1610612753,22,14,2023-03-31T23:47:12Z,1230000,False,39.0,85.0,1,right,MISS P. Banchero 9' driving floating bank Shot,[1631094],1610612753.0,ORL,driving floating bank,,,Banchero,P. Banchero,,,,,In The Paint (Non-RA),8-16 Center,9.4,Missed,,,,,,,,,,,,,,,,,,
128,PT04M00.00S,2023-03-31T23:26:36.2Z,1,REGULAR,rebound,defensive,[],1629134,,,1610612764,22,14,2023-03-31T23:26:39Z,1240000,False,,,0,,K. Nunn REBOUND (Off:0 Def:1),[1629134],1610612764.0,WAS,,,,Nunn,K. Nunn,,,,,In The Paint (Non-RA),8-16 Center,,,,,,,127.0,1.0,1.0,0.0,,,,,,,,,,
129,PT03M54.00S,2023-03-31T23:26:42.6Z,1,REGULAR,2pt,Jump Shot,[],201959,18.134034165571606,20.320159313725497,1610612764,22,14,2023-03-31T23:26:53Z,1250000,False,148.0,118.0,1,left,MISS T. Gibson 18' Jump Shot,[201959],1610612764.0,WAS,,,,Gibson,T. Gibson,,,,,Mid-Range,16-24 Right Center,18.96,Missed,,,,,,,,,,,,,,,,,,
130,PT03M51.00S,2023-03-31T23:26:45.6Z,1,REGULAR,rebound,offensive,['team'],0,,,1610612764,22,14,2023-03-31T23:26:53Z,1260000,False,,,0,,TEAM offensive REBOUND,[],1610612764.0,WAS,,,,,,,,,,Mid-Range,16-24 Right Center,,,,,,,129.0,,,,,,,,,,,,,
132,PT03M51.00S,2023-03-31T23:26:54.8Z,1,REGULAR,substitution,out,[],203914,,,1610612764,22,14,2023-03-31T23:27:04Z,1280000,False,,,0,,SUB out: G. Harris,[203914],1610612753.0,ORL,,,,Harris,G. Harris,,,,,,,,,,,,,,,,,,,,,,,,,,
133,PT03M51.00S,2023-03-31T23:26:54.8Z,1,REGULAR,substitution,in,[],1630591,,,1610612764,22,14,2023-03-31T23:27:04Z,1290000,False,,,0,,SUB in: J. Suggs,[1630591],1610612753.0,ORL,,,,Suggs,J. Suggs,,,,,,,,,,,,,,,,,,,,,,,,,,
134,PT03M49.00S,2023-03-31T23:27:16.0Z,1,REGULAR,2pt,Jump Shot,['2ndchance'],1629134,9.641918528252305,73.52941176470588,1610612764,24,14,2023-03-31T23:27:21Z,1300000,False,-118.0,38.0,1,left,K. Nunn 12' Jump Shot (4 PTS) (J. Goodwin 1 AST),"[1629134, 1630692]",1610612764.0,WAS,,,,Nunn,K. Nunn,,,,,Mid-Range,8-16 Left,12.36,Made,4.0,J. Goodwin,1630692.0,1.0,,,,,,,,,,,,,,
136,PT03M35.00S,2023-03-31T23:27:29.8Z,1,REGULAR,2pt,Layup,['pointsinthepaint'],1628365,92.55913272010513,54.90196078431372,1610612753,24,16,2023-03-31T23:27:35Z,1320000,False,25.0,17.0,1,right,M. Fultz driving Layup (6 PTS),[1628365],1610612753.0,ORL,driving,,,Fultz,M. Fultz,,,,,Restricted Area,0-8 Center,3.01,Made,6.0,,,,,,,,,,,,,,,,,
137,PT03M24.00S,2023-03-31T23:27:39.7Z,1,REGULAR,3pt,Jump Shot,[],1630166,32.769382391590014,31.617647058823522,1610612764,24,16,2023-03-31T23:27:44Z,1330000,False,92.0,256.0,1,left,MISS D. Avdija 27' pullup 3PT,[1630166],1610612764.0,WAS,pullup,,,Avdija,D. Avdija,,,,,Above the Break 3,24+ Right Center,27.15,Missed,,,,,,,,,,,,,,,,,,
138,PT03M22.00S,2023-03-31T23:27:41.7Z,1,REGULAR,rebound,defensive,[],1630175,,,1610612753,24,16,2023-03-31T23:27:44Z,1340000,False,,,0,,C. Anthony REBOUND (Off:0 Def:1),[1630175],1610612753.0,ORL,,,,Anthony,C. Anthony,,,,,Above the Break 3,24+ Right Center,,,,,,,137.0,1.0,1.0,0.0,,,,,,,,,,
139,PT03M15.00S,2023-03-31T23:27:51.6Z,1,REGULAR,foul,personal,[],1629134,,,1610612753,24,16,2023-03-31T23:27:58Z,1350000,False,,,0,,K. Nunn personal FOUL (1 PF),"[1629134, 1630175]",1610612764.0,WAS,,,,Nunn,K. Nunn,,,,,Mid-Range,8-16 Left,,,,,,,,,,,,,,,,202049.0,1.0,0.0,Anthony,1630175.0
141,PT03M15.00S,2023-03-31T23:27:58.5Z,1,REGULAR,substitution,out,[],1630166,,,1610612753,24,16,2023-03-31T23:28:03Z,1370000,False,,,0,,SUB out: D. Avdija,[1630166],1610612764.0,WAS,,,,Avdija,D. Avdija,,,,,,,,,,,,,,,,,,,,,,,,,,
142,PT03M15.00S,2023-03-31T23:27:58.5Z,1,REGULAR,substitution,in,[],1630557,,,1610612753,24,16,2023-03-31T23:28:03Z,1380000,False,,,0,,SUB in: C. Kispert,[1630557],1610612764.0,WAS,,,,Kispert,C. Kispert,,,,,,,,,,,,,,,,,,,,,,,,,,
143,PT03M00.00S,2023-03-31T23:28:32.5Z,1,REGULAR,2pt,Hook,['pointsinthepaint'],1628365,81.38961892247043,47.30392156862745,1610612753,24,16,2023-03-31T23:49:16Z,1390000,False,-13.0,122.0,1,right,MISS M. Fultz 12' turnaround bank Hook,[1628365],1610612753.0,ORL,turnaround bank,,,Fultz,M. Fultz,,,,,In The Paint (Non-RA),8-16 Center,12.31,Missed,,,,,,,,,,,,,,,,,,
144,PT02M55.00S,2023-03-31T23:28:37.5Z,1,REGULAR,rebound,defensive,[],1631098,,,1610612764,24,16,2023-03-31T23:28:37Z,1400000,False,,,0,,J. Davis REBOUND (Off:0 Def:1),[1631098],1610612764.0,WAS,,,,Davis,J. Davis,,,,,In The Paint (Non-RA),8-16 Center,,,,,,,143.0,1.0,1.0,0.0,,,,,,,,,,
145,PT02M51.00S,2023-03-31T23:28:39.7Z,1,REGULAR,2pt,Layup,"['fastbreak', 'pointsinthepaint']",1631098,7.408015768725363,51.96078431372549,1610612764,26,16,2023-03-31T23:49:52Z,1410000,False,-10.0,17.0,1,left,J. Davis running finger roll Layup (2 PTS),[1631098],1610612764.0,WAS,running finger roll,,,Davis,J. Davis,,,,,Restricted Area,0-8 Center,1.97,Made,2.0,,,,,,,,,,,,,,,,,
146,PT02M30.00S,2023-03-31T23:29:00.6Z,1,REGULAR,2pt,DUNK,['pointsinthepaint'],1631094,90.45663600525624,45.34313725490197,1610612753,26,18,2023-03-31T23:29:05Z,1420000,False,-23.0,37.0,1,right,P. Banchero DUNK (8 PTS) (J. Suggs 1 AST),"[1631094, 1630591]",1610612753.0,ORL,,,,Banchero,P. Banchero,,,,,Restricted Area,0-8 Center,4.39,Made,8.0,J. Suggs,1630591.0,1.0,,,,,,,,,,,,,,
148,PT02M21.00S,2023-03-31T23:29:10.4Z,1,REGULAR,3pt,Jump Shot,[],1629134,3.5972404730617598,3.9215686274509807,1610612764,26,18,2023-03-31T23:29:14Z,1440000,False,230.0,-19.0,1,left,MISS K. Nunn 3PT,[1629134],1610612764.0,WAS,,,,Nunn,K. Nunn,,,,,Right Corner 3,24+ Right,23.12,Missed,,,,,,,,,,,,,,,,,,
149,PT02M19.00S,2023-03-31T23:29:12.8Z,1,REGULAR,rebound,defensive,[],1631094,,,1610612753,26,18,2023-03-31T23:29:12Z,1450000,False,,,0,,P. Banchero REBOUND (Off:1 Def:3),[1631094],1610612753.0,ORL,,,,Banchero,P. Banchero,,,,,Right Corner 3,24+ Right,,,,,,,148.0,4.0,3.0,1.0,,,,,,,,,,
150,PT02M09.00S,2023-03-31T23:29:22.2Z,1,REGULAR,2pt,Jump Shot,[],1630175,77.57884362680683,23.529411764705884,1610612753,26,20,2023-03-31T23:29:27Z,1460000,False,-132.0,158.0,1,right,C. Anthony 20' pullup Jump Shot (2 PTS) (G. Bitadze 1 AST),"[1630175, 1629048]",1610612753.0,ORL,pullup,,,Anthony,C. Anthony,,,,,Mid-Range,16-24 Left Center,20.64,Made,2.0,G. Bitadze,1629048.0,1.0,,,,,,,,,,,,,,
151,PT02M08.00S,2023-03-31T23:29:27.6Z,1,REGULAR,timeout,full,"['team', 'mandatory']",0,,,1610612764,26,20,2023-03-31T23:29:27Z,1470000,False,,,0,,WAS Timeout,[],1610612764.0,WAS,,,,,,,,,,,,,,,,,,,,,,,,,,,,,,,
152,PT02M08.00S,2023-03-31T23:29:29.3Z,1,REGULAR,substitution,out,[],1631094,,,1610612764,26,20,2023-03-31T23:32:07Z,1480000,False,,,0,,SUB out: P. Banchero,[1631094],1610612753.0,ORL,,,,Banchero,P. Banchero,,,,,,,,,,,,,,,,,,,,,,,,,,
153,PT02M08.00S,2023-03-31T23:29:29.3Z,1,REGULAR,substitution,out,[],1628365,,,1610612764,26,20,2023-03-31T23:32:07Z,1490000,False,,,0,,SUB out: M. Fultz,[1628365],1610612753.0,ORL,,,,Fultz,M. Fultz,,,,,,,,,,,,,,,,,,,,,,,,,,
154,PT02M08.00S,2023-03-31T23:29:29.3Z,1,REGULAR,substitution,in,[],1629021,,,1610612764,26,20,2023-03-31T23:32:07Z,1500000,False,,,0,,SUB in: M. Wagner,[1629021],1610612753.0,ORL,,,,Wagner,M. Wagner,,,,,,,,,,,,,,,,,,,,,,,,,,
277,PT02M08.00S,2023-03-31T23:29:29.3Z,1,REGULAR,substitution,in,[],1631216,,,1610612764,26,20,2023-03-31T23:52:44Z,1515000,False,,,0,,SUB in: C. Houstan,[1631216],1610612753.0,ORL,,,,Houstan,C. Houstan,,,,,,,,,,,,,,,,,,,,,,,,,,
158,PT01M52.00S,2023-03-31T23:32:35.6Z,1,REGULAR,3pt,Jump Shot,[],1629134,5.042706964520377,2.205882352941174,1610612764,26,20,2023-03-31T23:53:44Z,1540000,False,239.0,-5.0,1,left,MISS K. Nunn pullup 3PT,[1629134],1610612764.0,WAS,pullup,,,Nunn,K. Nunn,,,,,Right Corner 3,24+ Right,23.91,Missed,,,,,,,,,,,,,,,,,,
159,PT01M49.00S,2023-03-31T23:32:38.6Z,1,REGULAR,rebound,offensive,[],1630692,,,1610612764,26,20,2023-03-31T23:32:39Z,1550000,False,,,0,,J. Goodwin REBOUND (Off:1 Def:0),[1630692],1610612764.0,WAS,,,,Goodwin,J. Goodwin,,,,,Right Corner 3,24+ Right,,,,,,,158.0,1.0,0.0,1.0,,,,,,,,,,
160,PT01M39.00S,2023-03-31T23:32:48.3Z,1,REGULAR,3pt,Jump Shot,['2ndchance'],1630692,28.170170827858072,78.43137254901961,1610612764,26,20,2023-03-31T23:33:04Z,1560000,False,-142.0,212.0,1,left,MISS J. Goodwin 25' step back 3PT,[1630692],1610612764.0,WAS,step back,,,Goodwin,J. Goodwin,,,,,Above the Break 3,24+ Left Center,25.55,Missed,,,,,,,,,,,,,,,,,,
161,PT01M37.00S,2023-03-31T23:32:50.3Z,1,REGULAR,rebound,defensive,[],1630591,,,1610612753,26,20,2023-03-31T23:33:04Z,1570000,False,,,0,,J. Suggs REBOUND (Off:0 Def:1),[1630591],1610612753.0,ORL,,,,Suggs,J. Suggs,,,,,Above the Break 3,24+ Left Center,,,,,,,160.0,1.0,1.0,0.0,,,,,,,,,,
162,PT01M33.00S,2023-03-31T23:32:57.8Z,1,REGULAR,foul,personal,"['inpenalty', '2freethrow']",1629134,,,1610612753,26,20,2023-03-31T23:33:07Z,1580000,False,,,0,,K. Nunn personal FOUL (2 PF) (Suggs 2 FT),"[1629134, 1630591]",1610612764.0,WAS,,,,Nunn,K. Nunn,,,,,Mid-Range,16-24 Center,,,,,,,,,,,,,,,,1626302.0,2.0,0.0,Suggs,1630591.0
164,PT01M33.00S,2023-03-31T23:33:20.8Z,1,REGULAR,freethrow,1 of 2,[],1630591,,,1610612753,26,20,2023-03-31T23:33:48Z,1600000,False,,,0,,MISS J. Suggs Free Throw 1 of 2,[1630591],1610612753.0,ORL,,,,Suggs,J. Suggs,,,,,,,,Missed,,,,,,,,,,,,,,,,,,
165,PT01M33.00S,2023-03-31T23:33:20.8Z,1,REGULAR,rebound,offensive,"['team', 'deadball']",0,,,1610612753,26,20,2023-03-31T23:33:48Z,1610000,False,,,0,,TEAM offensive REBOUND,[],1610612753.0,ORL,,,,,,,,,,,,,,,,,,164.0,,,,,,,,,,,,,
166,PT01M33.00S,2023-03-31T23:33:20.8Z,1,REGULAR,freethrow,2 of 2,[],1630591,,,1610612753,26,20,2023-03-31T23:33:48Z,1620000,False,,,0,,MISS J. Suggs Free Throw 2 of 2,[1630591],1610612753.0,ORL,,,,Suggs,J. Suggs,,,,,,,,Missed,,,,,,,,,,,,,,,,,,
167,PT01M30.00S,2023-03-31T23:33:23.8Z,1,REGULAR,rebound,defensive,[],1630692,,,1610612764,26,20,2023-03-31T23:33:48Z,1630000,False,,,0,,J. Goodwin REBOUND (Off:1 Def:1),[1630692],1610612764.0,WAS,,,,Goodwin,J. Goodwin,,,,,,,,,,,,,166.0,2.0,1.0,1.0,,,,,,,,,,
168,PT01M26.00S,2023-03-31T23:33:53.4Z,1,REGULAR,turnover,backcourt,[],1630692,,,1610612764,26,20,2023-03-31T23:34:11Z,1640000,False,,,0,,J. Goodwin backcourt TURNOVER (1 TO),[1630692],1610612764.0,WAS,,,,Goodwin,J. Goodwin,,,,,Above the Break 3,24+ Center,,,,,,,,,,,,,1.0,,,1626302.0,,,,
169,PT01M08.00S,2023-03-31T23:34:26.1Z,1,REGULAR,turnover,out-of-bounds,[],1630175,,,1610612753,26,20,2023-03-31T23:34:35Z,1650000,False,,,0,,C. Anthony lost ball out-of-bounds TURNOVER (1 TO),[1630175],1610612753.0,ORL,lost ball,,,Anthony,C. Anthony,,,,,Above the Break 3,24+ Center,,,,,,,,,,,,,1.0,,,1626302.0,,,,
170,PT01M01.00S,2023-03-31T23:34:39.9Z,1,REGULAR,3pt,Jump Shot,['fromturnover'],1629134,27.11892247043363,82.35294117647058,1610612764,29,20,2023-03-31T23:34:44Z,1660000,False,-162.0,202.0,1,left,K. Nunn 25' 3PT pullup (7 PTS),[1629134],1610612764.0,WAS,pullup,,,Nunn,K. Nunn,,,,,Above the Break 3,24+ Left Center,25.91,Made,7.0,,,,,,,,,,,,,,,,,
171,PT00M48.20S,2023-03-31T23:34:56.7Z,1,REGULAR,2pt,Jump Shot,['pointsinthepaint'],1630591,91.11366622864652,59.55882352941176,1610612753,29,22,2023-03-31T23:35:01Z,1670000,False,48.0,31.0,1,right,J. Suggs driving bank Jump Shot (2 PTS),[1630591],1610612753.0,ORL,driving bank,,,Suggs,J. Suggs,,,,,In The Paint (Non-RA),0-8 Center,5.7,Made,2.0,,,,,,,,,,,,,,,,,
172,PT00M44.20S,2023-03-31T23:35:03.7Z,1,REGULAR,3pt,Jump Shot,[],1631098,5.962549277266746,96.81372549019608,1610612764,32,22,2023-03-31T23:35:09Z,1680000,False,-234.0,4.0,1,left,J. Davis 3PT  (5 PTS) (J. Goodwin 2 AST),"[1631098, 1630692]",1610612764.0,WAS,,,,Davis,J. Davis,,,,,Left Corner 3,24+ Left,23.41,Made,5.0,J. Goodwin,1630692.0,2.0,,,,,,,,,,,,,,
174,PT00M35.90S,2023-03-31T23:35:15.4Z,1,REGULAR,3pt,Jump Shot,[],1630591,93.47897503285151,94.8529411764706,1610612753,32,22,2023-03-31T23:56:09Z,1700000,False,224.0,9.0,1,right,MISS J. Suggs step back 3PT,[1630591],1610612753.0,ORL,step back,,,Suggs,J. Suggs,,,,,Right Corner 3,24+ Right,22.45,Missed,,,,,,,,,,,,,,,,,,
175,PT00M32.20S,2023-03-31T23:35:19.1Z,1,REGULAR,rebound,defensive,[],1629134,,,1610612764,32,22,2023-03-31T23:35:20Z,1710000,False,,,0,,K. Nunn REBOUND (Off:0 Def:2),[1629134],1610612764.0,WAS,,,,Nunn,K. Nunn,,,,,Right Corner 3,24+ Right,,,,,,,174.0,2.0,2.0,0.0,,,,,,,,,,
176,PT00M28.80S,2023-03-31T23:35:22.5Z,1,REGULAR,turnover,lost ball,[],1629134,,,1610612764,32,22,2023-03-31T23:35:26Z,1720000,False,,,0,,K. Nunn lost ball TURNOVER (1 TO),"[1629134, 1630591]",1610612764.0,WAS,,,,Nunn,K. Nunn,,,,,Mid-Range,8-16 Left,,,,,,,,,,,,,1.0,Suggs,1630591.0,,,,,
177,PT00M28.80S,2023-03-31T23:35:22.5Z,1,REGULAR,steal,,[],1630591,,,1610612753,32,22,2023-03-31T23:35:24Z,1730000,False,,,0,,J. Suggs STEAL (1 STL),[1630591],1610612753.0,ORL,,,,Suggs,J. Suggs,,,,,Mid-Range,8-16 Left,,,,,,,,,,,,,,,,,,,,
178,PT00M05.80S,2023-03-31T23:35:47.0Z,1,REGULAR,2pt,Layup,"['pointsinthepaint', 'fromturnover']",1629048,92.55913272010513,56.372549019607845,1610612753,32,24,2023-03-31T23:35:52Z,1740000,False,32.0,17.0,1,right,G. Bitadze driving Layup (2 PTS) (C. Anthony 1 AST),"[1629048, 1630175]",1610612753.0,ORL,driving,,,Bitadze,G. Bitadze,,,,,Restricted Area,0-8 Center,3.63,Made,2.0,C. Anthony,1630175.0,1.0,,,,,,,,,,,,,,
180,PT00M00.00S,2023-03-31T23:35:56.6Z,1,REGULAR,period,end,[],0,,,1610612764,32,24,2023-03-31T23:35:56Z,1760000,False,,,0,,Period End,[],,,,,,,,,,,,,,,,,,,,,,,,,,,,,,,,,
181,PT12M00.00S,2023-03-31T23:36:01.3Z,2,REGULAR,substitution,out,['startperiod'],1629134,,,1610612764,32,24,2023-03-31T23:38:34Z,1770000,False,,,0,,SUB out: K. Nunn,[1629134],1610612764.0,WAS,,,,Nunn,K. Nunn,,,,,,,,,,,,,,,,,,,,,,,,,,
182,PT12M00.00S,2023-03-31T23:36:01.3Z,2,REGULAR,substitution,out,['startperiod'],201959,,,1610612764,32,24,2023-03-31T23:38:34Z,1780000,False,,,0,,SUB out: T. Gibson,[201959],1610612764.0,WAS,,,,Gibson,T. Gibson,,,,,,,,,,,,,,,,,,,,,,,,,,
183,PT12M00.00S,2023-03-31T23:36:01.3Z,2,REGULAR,substitution,in,['startperiod'],1630264,,,1610612764,32,24,2023-03-31T23:38:34Z,1790000,False,,,0,,SUB in: A. Gill,[1630264],1610612764.0,WAS,,,,Gill,A. Gill,,,,,,,,,,,,,,,,,,,,,,,,,,
184,PT12M00.00S,2023-03-31T23:36:01.3Z,2,REGULAR,substitution,in,['startperiod'],1641645,,,1610612764,32,24,2023-03-31T23:38:34Z,1800000,False,,,0,,SUB in: X. Cooks,[1641645],1610612764.0,WAS,,,,Cooks,X. Cooks,,,,,,,,,,,,,,,,,,,,,,,,,,
185,PT12M00.00S,2023-03-31T23:38:44.4Z,2,REGULAR,period,start,[],0,,,1610612764,32,24,2023-03-31T23:38:44Z,1810000,False,,,0,,Period Start,[],,,,,,,,,,,,,,,,,,,,,,,,,,,,,,,,,
186,PT11M41.00S,2023-03-31T23:39:02.3Z,2,REGULAR,2pt,Hook,['pointsinthepaint'],1630264,13.84691195795007,53.92156862745098,1610612764,32,24,2023-03-31T23:57:52Z,1820000,False,-20.0,78.0,1,left,MISS A. Gill 8' driving Hook,[1630264],1610612764.0,WAS,driving,,,Gill,A. Gill,,,,,In The Paint (Non-RA),8-16 Center,8.01,Missed,,,,,,,,,,,,,,,,,,
187,PT11M40.00S,2023-03-31T23:39:03.3Z,2,REGULAR,rebound,offensive,[],1630264,,,1610612764,32,24,2023-03-31T23:39:08Z,1830000,False,,,0,,A. Gill REBOUND (Off:1 Def:0),[1630264],1610612764.0,WAS,,,,Gill,A. Gill,,,,,In The Paint (Non-RA),8-16 Center,,,,,,,186.0,1.0,0.0,1.0,,,,,,,,,,
188,PT11M37.00S,2023-03-31T23:39:05.5Z,2,REGULAR,2pt,Hook,"['pointsinthepaint', '2ndchance']",1630264,7.145203679369246,57.35294117647059,1610612764,34,24,2023-03-31T23:58:24Z,1840000,False,-37.0,15.0,1,left,A. Gill turnaround Hook (2 PTS),[1630264],1610612764.0,WAS,turnaround,,,Gill,A. Gill,,,,,Restricted Area,0-8 Center,3.96,Made,2.0,,,,,,,,,,,,,,,,,
189,PT11M21.00S,2023-03-31T23:39:22.7Z,2,REGULAR,2pt,DUNK,['pointsinthepaint'],1629021,92.82194480946123,51.71568627450981,1610612753,34,26,2023-03-31T23:39:26Z,1850000,False,9.0,15.0,1,right,M. Wagner cutting DUNK (2 PTS) (G. Bitadze 2 AST),"[1629021, 1629048]",1610612753.0,ORL,cutting,,,Wagner,M. Wagner,,,,,Restricted Area,0-8 Center,1.73,Made,2.0,G. Bitadze,1629048.0,2.0,,,,,,,,,,,,,,
191,PT11M02.00S,2023-03-31T23:39:40.7Z,2,REGULAR,3pt,Jump Shot,[],1630557,35.00328515111694,73.52941176470588,1610612764,37,26,2023-03-31T23:39:45Z,1870000,False,-118.0,277.0,1,left,C. Kispert 30' 3PT  (9 PTS) (J. Goodwin 3 AST),"[1630557, 1630692]",1610612764.0,WAS,,,,Kispert,C. Kispert,,,,,Above the Break 3,24+ Left Center,30.05,Made,9.0,J. Goodwin,1630692.0,3.0,,,,,,,,,,,,,,
193,PT10M49.00S,2023-03-31T23:39:54.9Z,2,REGULAR,2pt,Layup,['pointsinthepaint'],1630591,91.24507227332458,43.872549019607845,1610612753,37,26,2023-03-31T23:40:00Z,1890000,False,-31.0,30.0,1,right,MISS J. Suggs Layup - blocked,"[1630591, 1631098]",1610612753.0,ORL,,,,Suggs,J. Suggs,,,,,Restricted Area,0-8 Center,4.27,Missed,,,,,,,,,Davis,1631098.0,,,,,,,,
194,PT10M49.00S,2023-03-31T23:39:54.9Z,2,REGULAR,block,,[],1631098,,,1610612753,37,26,2023-03-31T23:39:57Z,1900000,False,,,0,,J. Davis BLOCK (1 BLK),[1631098],1610612764.0,WAS,,,,Davis,J. Davis,,,,,Restricted Area,0-8 Center,,,,,,,,,,,,,,,,,,,,
195,PT10M46.00S,2023-03-31T23:39:57.9Z,2,REGULAR,rebound,defensive,[],1631098,,,1610612764,37,26,2023-03-31T23:40:00Z,1910000,False,,,0,,J. Davis REBOUND (Off:0 Def:2),[1631098],1610612764.0,WAS,,,,Davis,J. Davis,,,,,Restricted Area,0-8 Center,,,,,,,193.0,2.0,2.0,0.0,,,,,,,,,,
196,PT10M43.00S,2023-03-31T23:40:00.3Z,2,REGULAR,3pt,Jump Shot,['fastbreak'],1630557,36.711563731931676,50.98039215686275,1610612764,37,26,2023-04-01T00:00:25Z,1920000,False,-5.0,293.0,1,left,MISS C. Kispert 29' running 3PT,[1630557],1610612764.0,WAS,running,,,Kispert,C. Kispert,,,,,Above the Break 3,24+ Center,29.26,Missed,,,,,,,,,,,,,,,,,,
197,PT10M40.00S,2023-03-31T23:40:03.3Z,2,REGULAR,rebound,defensive,[],1629021,,,1610612753,37,26,2023-03-31T23:40:08Z,1930000,False,,,0,,M. Wagner REBOUND (Off:0 Def:1),[1629021],1610612753.0,ORL,,,,Wagner,M. Wagner,,,,,Above the Break 3,24+ Center,,,,,,,196.0,1.0,1.0,0.0,,,,,,,,,,
198,PT10M34.00S,2023-03-31T23:40:13.5Z,2,REGULAR,turnover,8-second-violation,['team'],0,,,1610612753,37,26,2023-03-31T23:40:35Z,1940000,False,,,0,,ORL 8-second-violation Team TURNOVER,[],1610612753.0,ORL,,,,,,,,,,Above the Break 3,24+ Center,,,,,,,,,,,,,,,,,,,,
199,PT10M22.00S,2023-03-31T23:40:39.4Z,2,REGULAR,3pt,Jump Shot,['fromturnover'],1631098,34.60906701708278,49.754901960784316,1610612764,37,26,2023-03-31T23:40:46Z,1950000,False,1.0,273.0,1,left,MISS J. Davis 27' 3PT,[1631098],1610612764.0,WAS,,,,Davis,J. Davis,,,,,Above the Break 3,24+ Center,27.28,Missed,,,,,,,,,,,,,,,,,,
200,PT10M17.00S,2023-03-31T23:40:44.4Z,2,REGULAR,rebound,defensive,[],1629021,,,1610612753,37,26,2023-03-31T23:40:46Z,1960000,False,,,0,,M. Wagner REBOUND (Off:0 Def:2),[1629021],1610612753.0,ORL,,,,Wagner,M. Wagner,,,,,Above the Break 3,24+ Center,,,,,,,199.0,2.0,2.0,0.0,,,,,,,,,,
201,PT10M05.00S,2023-03-31T23:40:56.1Z,2,REGULAR,2pt,Layup,['pointsinthepaint'],1629021,94.79303547963207,53.67647058823529,1610612753,37,28,2023-04-01T00:01:24Z,1970000,False,18.0,-4.0,1,right,M. Wagner cutting Layup (4 PTS) (J. Suggs 2 AST),"[1629021, 1630591]",1610612753.0,ORL,cutting,,,Wagner,M. Wagner,,,,,Restricted Area,0-8 Center,1.87,Made,4.0,J. Suggs,1630591.0,2.0,,,,,,,,,,,,,,
203,PT09M55.00S,2023-03-31T23:41:10.0Z,2,REGULAR,foul,offensive,[],1641645,,,1610612764,37,28,2023-03-31T23:41:28Z,1990000,False,,,0,,X. Cooks offensive FOUL (1 PF),"[1641645, 1630175]",1610612764.0,WAS,,,,Cooks,X. Cooks,,,,,Mid-Range,16-24 Center,,,,,,,,,,,,,,,,202049.0,1.0,0.0,Anthony,1630175.0
205,PT09M55.00S,2023-03-31T23:41:10.0Z,2,REGULAR,turnover,offensive foul,[],1641645,,,1610612764,37,28,2023-03-31T23:41:25Z,2010000,False,,,0,,X. Cooks offensive foul TURNOVER (1 TO),[1641645],1610612764.0,WAS,,,,Cooks,X. Cooks,,,,,Mid-Range,16-24 Center,,,,,,,,,,,,,1.0,,,1626302.0,,,,
206,PT09M47.00S,2023-03-31T23:41:31.6Z,2,REGULAR,2pt,Layup,"['pointsinthepaint', 'fromturnover']",1630175,94.08672798948751,54.159007352941174,1610612753,37,30,2023-04-01T00:02:58Z,2020000,False,21.0,3.0,1,right,C. Anthony driving Layup (4 PTS),[1630175],1610612753.0,ORL,driving,,,Anthony,C. Anthony,,,,,Restricted Area,0-8 Center,2.1,Made,4.0,,,,,,,,,,,,,,,,,
207,PT09M47.00S,2023-03-31T23:41:36.0Z,2,REGULAR,timeout,full,"['team', 'mandatory']",0,,,1610612764,37,30,2023-03-31T23:41:36Z,2030000,False,,,0,,WAS Timeout,[],1610612764.0,WAS,,,,,,,,,,,,,,,,,,,,,,,,,,,,,,,
208,PT09M44.00S,2023-03-31T23:44:42.7Z,2,REGULAR,foul,offensive,[],1631098,,,1610612764,37,30,2023-03-31T23:44:49Z,2040000,False,,,0,,J. Davis charge offensive FOUL (2 PF),"[1631098, 1629021]",1610612764.0,WAS,charge,,,Davis,J. Davis,,,,,In The Paint (Non-RA),0-8 Center,,,,,,,,,,,,,,,,202049.0,2.0,0.0,Wagner,1629021.0
210,PT09M44.00S,2023-03-31T23:44:42.7Z,2,REGULAR,turnover,offensive foul,[],1631098,,,1610612764,37,30,2023-03-31T23:44:42Z,2060000,False,,,0,,J. Davis offensive foul TURNOVER (1 TO),[1631098],1610612764.0,WAS,,,,Davis,J. Davis,,,,,In The Paint (Non-RA),0-8 Center,,,,,,,,,,,,,1.0,,,202049.0,,,,
211,PT09M34.00S,2023-03-31T23:45:04.2Z,2,REGULAR,3pt,Jump Shot,['fromturnover'],1631216,67.06636005256242,45.34313725490197,1610612753,37,30,2023-03-31T23:45:08Z,2070000,False,-23.0,257.0,1,right,MISS C. Houstan 25' 3PT,[1631216],1610612753.0,ORL,,,,Houstan,C. Houstan,,,,,Above the Break 3,24+ Center,25.82,Missed,,,,,,,,,,,,,,,,,,
212,PT09M30.00S,2023-03-31T23:45:08.2Z,2,REGULAR,rebound,defensive,[],1631098,,,1610612764,37,30,2023-03-31T23:45:08Z,2080000,False,,,0,,J. Davis REBOUND (Off:0 Def:3),[1631098],1610612764.0,WAS,,,,Davis,J. Davis,,,,,Above the Break 3,24+ Center,,,,,,,211.0,3.0,3.0,0.0,,,,,,,,,,
213,PT09M13.00S,2023-03-31T23:45:24.4Z,2,REGULAR,3pt,Jump Shot,[],1630264,16.212220762155056,3.1862745098039227,1610612764,37,30,2023-03-31T23:45:28Z,2090000,False,234.0,100.0,1,left,MISS A. Gill 25' 3PT,[1630264],1610612764.0,WAS,,,,Gill,A. Gill,,,,,Above the Break 3,24+ Right Center,25.45,Missed,,,,,,,,,,,,,,,,,,
214,PT09M11.00S,2023-03-31T23:45:26.4Z,2,REGULAR,rebound,defensive,[],1629048,,,1610612753,37,30,2023-03-31T23:45:28Z,2100000,False,,,0,,G. Bitadze REBOUND (Off:0 Def:1),[1629048],1610612753.0,ORL,,,,Bitadze,G. Bitadze,,,,,Above the Break 3,24+ Right Center,,,,,,,213.0,1.0,1.0,0.0,,,,,,,,,,
215,PT08M52.00S,2023-03-31T23:45:45.7Z,2,REGULAR,3pt,Jump Shot,[],1630591,78.10446780551905,8.57843137254902,1610612753,37,30,2023-04-01T00:05:02Z,2110000,False,-207.0,153.0,1,right,MISS J. Suggs 25' step back 3PT,[1630591],1610612753.0,ORL,step back,,,Suggs,J. Suggs,,,,,Above the Break 3,24+ Left Center,25.77,Missed,,,,,,,,,,,,,,,,,,
216,PT08M49.00S,2023-03-31T23:45:48.7Z,2,REGULAR,rebound,defensive,[],1630692,,,1610612764,37,30,2023-03-31T23:45:50Z,2120000,False,,,0,,J. Goodwin REBOUND (Off:1 Def:2),[1630692],1610612764.0,WAS,,,,Goodwin,J. Goodwin,,,,,Above the Break 3,24+ Left Center,,,,,,,215.0,3.0,2.0,1.0,,,,,,,,,,
217,PT08M42.00S,2023-03-31T23:45:54.7Z,2,REGULAR,2pt,DUNK,"['fastbreak', 'pointsinthepaint']",1641645,8.853482260183966,49.26470588235294,1610612764,39,30,2023-04-01T00:06:00Z,2130000,False,4.0,31.0,1,left,X. Cooks running DUNK (2 PTS) (J. Goodwin 4 AST),"[1641645, 1630692]",1610612764.0,WAS,running,,,Cooks,X. Cooks,,,,,Restricted Area,0-8 Center,3.09,Made,2.0,J. Goodwin,1630692.0,4.0,,,,,,,,,,,,,,
218,PT08M25.00S,2023-03-31T23:46:12.7Z,2,REGULAR,2pt,Hook,['pointsinthepaint'],1629048,88.09132720105124,47.30392156862745,1610612753,39,30,2023-03-31T23:46:20Z,2140000,False,-13.0,59.0,1,right,MISS G. Bitadze 6' turnaround Hook,[1629048],1610612753.0,ORL,turnaround,,,Bitadze,G. Bitadze,,,,,In The Paint (Non-RA),0-8 Center,6.09,Missed,,,,,,,,,,,,,,,,,,
219,PT08M22.00S,2023-03-31T23:46:15.6Z,2,REGULAR,rebound,defensive,[],1641645,,,1610612764,39,30,2023-03-31T23:46:15Z,2150000,False,,,0,,X. Cooks REBOUND (Off:0 Def:1),[1641645],1610612764.0,WAS,,,,Cooks,X. Cooks,,,,,In The Paint (Non-RA),0-8 Center,,,,,,,218.0,1.0,1.0,0.0,,,,,,,,,,
220,PT08M04.00S,2023-03-31T23:46:33.0Z,2,REGULAR,3pt,Jump Shot,[],1630557,23.176741130091983,90.68627450980392,1610612764,39,30,2023-03-31T23:46:38Z,2160000,False,-203.0,165.0,1,left,MISS C. Kispert 26' 3PT,[1630557],1610612764.0,WAS,,,,Kispert,C. Kispert,,,,,Above the Break 3,24+ Left Center,26.22,Missed,,,,,,,,,,,,,,,,,,
221,PT08M04.00S,2023-03-31T23:46:33.0Z,2,REGULAR,rebound,offensive,[],1641645,,,1610612764,39,30,2023-03-31T23:46:38Z,2170000,False,,,0,,X. Cooks REBOUND (Off:1 Def:1),[1641645],1610612764.0,WAS,,,,Cooks,X. Cooks,,,,,Above the Break 3,24+ Left Center,,,,,,,220.0,2.0,1.0,1.0,,,,,,,,,,
222,PT08M00.00S,2023-03-31T23:46:37.8Z,2,REGULAR,3pt,Jump Shot,['2ndchance'],1630692,31.32391590013141,20.34313725490196,1610612764,39,30,2023-03-31T23:46:44Z,2180000,False,148.0,242.0,1,left,MISS J. Goodwin 28' 3PT,[1630692],1610612764.0,WAS,,,,Goodwin,J. Goodwin,,,,,Above the Break 3,24+ Right Center,28.37,Missed,,,,,,,,,,,,,,,,,,
223,PT07M56.00S,2023-03-31T23:46:41.8Z,2,REGULAR,rebound,defensive,[],1629048,,,1610612753,39,30,2023-03-31T23:46:44Z,2190000,False,,,0,,G. Bitadze REBOUND (Off:0 Def:2),[1629048],1610612753.0,ORL,,,,Bitadze,G. Bitadze,,,,,Above the Break 3,24+ Right Center,,,,,,,222.0,2.0,2.0,0.0,,,,,,,,,,
224,PT07M41.00S,2023-03-31T23:46:57.4Z,2,REGULAR,2pt,Layup,['pointsinthepaint'],1630591,93.61038107752957,41.91176470588235,1610612753,39,30,2023-04-01T00:09:56Z,2200000,False,-40.0,8.0,1,right,MISS J. Suggs driving finger roll Layup,[1630591],1610612753.0,ORL,driving finger roll,,,Suggs,J. Suggs,,,,,Restricted Area,0-8 Center,4.11,Missed,,,,,,,,,,,,,,,,,,
225,PT07M39.00S,2023-03-31T23:46:59.4Z,2,REGULAR,rebound,defensive,[],1630264,,,1610612764,39,30,2023-03-31T23:47:07Z,2210000,False,,,0,,A. Gill REBOUND (Off:1 Def:1),[1630264],1610612764.0,WAS,,,,Gill,A. Gill,,,,,Restricted Area,0-8 Center,,,,,,,224.0,2.0,1.0,1.0,,,,,,,,,,
226,PT07M34.00S,2023-03-31T23:47:03.8Z,2,REGULAR,2pt,Layup,"['pointsinthepaint', 'fastbreak']",1630264,7.095926412614986,53.465839460784316,1610612764,39,30,2023-04-01T00:10:39Z,2220000,False,-17.0,14.0,1,left,MISS A. Gill running Layup - blocked,"[1630264, 1630175]",1610612764.0,WAS,running,,,Gill,A. Gill,,,,,Restricted Area,0-8 Center,2.24,Missed,,,,,,,,,Anthony,1630175.0,,,,,,,,
227,PT07M34.00S,2023-03-31T23:47:03.8Z,2,REGULAR,block,,[],1630175,,,1610612764,39,30,2023-03-31T23:47:06Z,2230000,False,,,0,,C. Anthony BLOCK (1 BLK),[1630175],1610612753.0,ORL,,,,Anthony,C. Anthony,,,,,Restricted Area,0-8 Center,,,,,,,,,,,,,,,,,,,,
228,PT07M34.00S,2023-03-31T23:47:03.8Z,2,REGULAR,rebound,offensive,[],1630692,,,1610612764,39,30,2023-03-31T23:47:22Z,2240000,False,,,0,,J. Goodwin REBOUND (Off:2 Def:2),[1630692],1610612764.0,WAS,,,,Goodwin,J. Goodwin,,,,,Restricted Area,0-8 Center,,,,,,,226.0,4.0,2.0,2.0,,,,,,,,,,
229,PT07M34.00S,2023-03-31T23:47:08.8Z,2,REGULAR,foul,personal,['2freethrow'],1629021,,,1610612764,39,30,2023-03-31T23:47:14Z,2250000,False,,,0,,M. Wagner shooting personal FOUL (1 PF) (Goodwin 2 FT),"[1629021, 1630692]",1610612753.0,ORL,shooting,,,Wagner,M. Wagner,,,,,In The Paint (Non-RA),0-8 Center,,,,,,,,,,,,,,,,202049.0,1.0,0.0,Goodwin,1630692.0
231,PT07M34.00S,2023-03-31T23:47:37.3Z,2,REGULAR,freethrow,1 of 2,['2ndchance'],1630692,,,1610612764,40,30,2023-03-31T23:47:37Z,2270000,False,,,0,,J. Goodwin Free Throw 1 of 2 (1 PTS),[1630692],1610612764.0,WAS,,,,Goodwin,J. Goodwin,,,,,,,,Made,1.0,,,,,,,,,,,,,,,,,
232,PT07M34.00S,2023-03-31T23:47:37.9Z,2,REGULAR,substitution,out,[],1631098,,,1610612764,40,30,2023-03-31T23:47:48Z,2280000,False,,,0,,SUB out: J. Davis,[1631098],1610612764.0,WAS,,,,Davis,J. Davis,,,,,,,,,,,,,,,,,,,,,,,,,,
233,PT07M34.00S,2023-03-31T23:47:37.9Z,2,REGULAR,substitution,out,[],1631216,,,1610612764,40,30,2023-03-31T23:47:48Z,2290000,False,,,0,,SUB out: C. Houstan,[1631216],1610612753.0,ORL,,,,Houstan,C. Houstan,,,,,,,,,,,,,,,,,,,,,,,,,,
234,PT07M34.00S,2023-03-31T23:47:37.9Z,2,REGULAR,substitution,out,[],1629021,,,1610612764,40,30,2023-03-31T23:47:48Z,2300000,False,,,0,,SUB out: M. Wagner,[1629021],1610612753.0,ORL,,,,Wagner,M. Wagner,,,,,,,,,,,,,,,,,,,,,,,,,,
235,PT07M34.00S,2023-03-31T23:47:37.9Z,2,REGULAR,substitution,in,[],1630166,,,1610612764,40,30,2023-03-31T23:47:48Z,2310000,False,,,0,,SUB in: D. Avdija,[1630166],1610612764.0,WAS,,,,Avdija,D. Avdija,,,,,,,,,,,,,,,,,,,,,,,,,,
236,PT07M34.00S,2023-03-31T23:47:37.9Z,2,REGULAR,substitution,in,[],1630532,,,1610612764,40,30,2023-03-31T23:47:48Z,2320000,False,,,0,,SUB in: F. Wagner,[1630532],1610612753.0,ORL,,,,Wagner,F. Wagner,,,,,,,,,,,,,,,,,,,,,,,,,,
237,PT07M34.00S,2023-03-31T23:47:37.9Z,2,REGULAR,substitution,in,[],1631094,,,1610612764,40,30,2023-03-31T23:47:48Z,2330000,False,,,0,,SUB in: P. Banchero,[1631094],1610612753.0,ORL,,,,Banchero,P. Banchero,,,,,,,,,,,,,,,,,,,,,,,,,,
238,PT07M34.00S,2023-03-31T23:48:04.2Z,2,REGULAR,freethrow,2 of 2,['2ndchance'],1630692,,,1610612764,41,30,2023-03-31T23:48:04Z,2340000,False,,,0,,J. Goodwin Free Throw 2 of 2 (2 PTS),[1630692],1610612764.0,WAS,,,,Goodwin,J. Goodwin,,,,,,,,Made,2.0,,,,,,,,,,,,,,,,,
239,PT07M25.00S,2023-03-31T23:48:19.9Z,2,REGULAR,2pt,Jump Shot,['pointsinthepaint'],1630175,83.96846254927726,50.79656862745098,1610612753,41,32,2023-03-31T23:48:28Z,2350000,False,4.0,98.0,1,right,C. Anthony 9' turnaround fadeaway Jump Shot (6 PTS),[1630175],1610612753.0,ORL,turnaround fadeaway,,,Anthony,C. Anthony,,,,,In The Paint (Non-RA),8-16 Center,9.83,Made,6.0,,,,,,,,,,,,,,,,,
240,PT07M13.00S,2023-03-31T23:48:31.6Z,2,REGULAR,3pt,Jump Shot,[],1630557,25.54204993429697,88.97058823529412,1610612764,44,32,2023-03-31T23:48:36Z,2360000,False,-195.0,188.0,1,left,C. Kispert 27' 3PT  (12 PTS) (A. Gill 1 AST),"[1630557, 1630264]",1610612764.0,WAS,,,,Kispert,C. Kispert,,,,,Above the Break 3,24+ Left Center,27.05,Made,12.0,A. Gill,1630264.0,1.0,,,,,,,,,,,,,,
242,PT06M57.00S,2023-03-31T23:48:48.3Z,2,REGULAR,foul,personal,['2freethrow'],1630264,,,1610612753,44,32,2023-03-31T23:48:55Z,2380000,False,,,0,,A. Gill shooting personal FOUL (1 PF) (Banchero 2 FT),"[1630264, 1631094]",1610612764.0,WAS,shooting,,,Gill,A. Gill,,,,,In The Paint (Non-RA),8-16 Center,,,,,,,,,,,,,,,,1155.0,1.0,0.0,Banchero,1631094.0
244,PT06M57.00S,2023-03-31T23:49:16.7Z,2,REGULAR,freethrow,1 of 2,[],1631094,,,1610612753,44,33,2023-03-31T23:49:16Z,2400000,False,,,0,,P. Banchero Free Throw 1 of 2 (9 PTS),[1631094],1610612753.0,ORL,,,,Banchero,P. Banchero,,,,,,,,Made,9.0,,,,,,,,,,,,,,,,,
245,PT06M57.00S,2023-03-31T23:49:17.4Z,2,REGULAR,substitution,out,[],1630692,,,1610612753,44,33,2023-03-31T23:49:32Z,2410000,False,,,0,,SUB out: J. Goodwin,[1630692],1610612764.0,WAS,,,,Goodwin,J. Goodwin,,,,,,,,,,,,,,,,,,,,,,,,,,
246,PT06M57.00S,2023-03-31T23:49:17.4Z,2,REGULAR,substitution,out,[],1641645,,,1610612753,44,33,2023-03-31T23:49:32Z,2420000,False,,,0,,SUB out: X. Cooks,[1641645],1610612764.0,WAS,,,,Cooks,X. Cooks,,,,,,,,,,,,,,,,,,,,,,,,,,
247,PT06M57.00S,2023-03-31T23:49:17.4Z,2,REGULAR,substitution,out,[],1629048,,,1610612753,44,33,2023-03-31T23:49:32Z,2430000,False,,,0,,SUB out: G. Bitadze,[1629048],1610612753.0,ORL,,,,Bitadze,G. Bitadze,,,,,,,,,,,,,,,,,,,,,,,,,,
248,PT06M57.00S,2023-03-31T23:49:17.4Z,2,REGULAR,substitution,out,[],1630175,,,1610612753,44,33,2023-03-31T23:49:32Z,2440000,False,,,0,,SUB out: C. Anthony,[1630175],1610612753.0,ORL,,,,Anthony,C. Anthony,,,,,,,,,,,,,,,,,,,,,,,,,,
249,PT06M57.00S,2023-03-31T23:49:17.4Z,2,REGULAR,substitution,in,[],1628420,,,1610612753,44,33,2023-03-31T23:49:32Z,2450000,False,,,0,,SUB in: M. Morris,[1628420],1610612764.0,WAS,,,,Morris,M. Morris,,,,,,,,,,,,,,,,,,,,,,,,,,
250,PT06M57.00S,2023-03-31T23:49:17.4Z,2,REGULAR,substitution,in,[],1629655,,,1610612753,44,33,2023-03-31T23:49:32Z,2460000,False,,,0,,SUB in: D. Gafford,[1629655],1610612764.0,WAS,,,,Gafford,D. Gafford,,,,,,,,,,,,,,,,,,,,,,,,,,
251,PT06M57.00S,2023-03-31T23:49:17.4Z,2,REGULAR,substitution,in,[],1628365,,,1610612753,44,33,2023-03-31T23:49:32Z,2470000,False,,,0,,SUB in: M. Fultz,[1628365],1610612753.0,ORL,,,,Fultz,M. Fultz,,,,,,,,,,,,,,,,,,,,,,,,,,
252,PT06M57.00S,2023-03-31T23:49:17.4Z,2,REGULAR,substitution,in,[],1628976,,,1610612753,44,33,2023-03-31T23:49:32Z,2480000,False,,,0,,SUB in: W. Carter Jr.,[1628976],1610612753.0,ORL,,,,Carter Jr.,W. Carter Jr.,,,,,,,,,,,,,,,,,,,,,,,,,,
253,PT06M57.00S,2023-03-31T23:49:47.5Z,2,REGULAR,freethrow,2 of 2,[],1631094,,,1610612753,44,34,2023-03-31T23:49:47Z,2490000,False,,,0,,P. Banchero Free Throw 2 of 2 (10 PTS),[1631094],1610612753.0,ORL,,,,Banchero,P. Banchero,,,,,,,,Made,10.0,,,,,,,,,,,,,,,,,
254,PT06M39.00S,2023-03-31T23:50:06.1Z,2,REGULAR,3pt,Jump Shot,[],1630166,16.81997371879106,3.1632965686274446,1610612764,44,34,2023-03-31T23:50:16Z,2500000,False,234.0,106.0,1,left,MISS D. Avdija 25' 3PT,[1630166],1610612764.0,WAS,,,,Avdija,D. Avdija,,,,,Above the Break 3,24+ Right Center,25.69,Missed,,,,,,,,,,,,,,,,,,
255,PT06M39.00S,2023-03-31T23:50:06.1Z,2,REGULAR,rebound,defensive,['team'],0,,,1610612753,44,34,2023-03-31T23:50:16Z,2510000,False,,,0,,TEAM defensive REBOUND,[],1610612753.0,ORL,,,,,,,,,,Above the Break 3,24+ Right Center,,,,,,,254.0,,,,,,,,,,,,,
257,PT06M18.00S,2023-03-31T23:50:41.8Z,2,REGULAR,2pt,Layup,['pointsinthepaint'],1628976,92.16491458607096,41.666666666666664,1610612753,44,34,2023-03-31T23:50:48Z,2530000,False,-42.0,21.0,1,right,MISS W. Carter Jr. Layup,[1628976],1610612753.0,ORL,,,,Carter Jr.,W. Carter Jr.,,,,,In The Paint (Non-RA),0-8 Center,4.67,Missed,,,,,,,,,,,,,,,,,,
258,PT06M13.00S,2023-03-31T23:50:46.8Z,2,REGULAR,rebound,offensive,[],1630532,,,1610612753,44,34,2023-03-31T23:50:49Z,2540000,False,,,0,,F. Wagner REBOUND (Off:2 Def:0),[1630532],1610612753.0,ORL,,,,Wagner,F. Wagner,,,,,In The Paint (Non-RA),0-8 Center,,,,,,,257.0,2.0,0.0,2.0,,,,,,,,,,
259,PT06M06.00S,2023-03-31T23:50:53.9Z,2,REGULAR,3pt,Jump Shot,['2ndchance'],1628365,85.06898817345598,94.6078431372549,1610612753,44,37,2023-03-31T23:50:58Z,2550000,False,223.0,88.0,1,right,M. Fultz 3PT  (9 PTS) (P. Banchero 2 AST),"[1628365, 1631094]",1610612753.0,ORL,,,,Fultz,M. Fultz,,,,,Right Corner 3,24+ Right,23.97,Made,9.0,P. Banchero,1631094.0,2.0,,,,,,,,,,,,,,
261,PT05M49.00S,2023-03-31T23:51:10.7Z,2,REGULAR,3pt,Jump Shot,[],1630557,32.11235216819975,70.09803921568627,1610612764,47,37,2023-04-01T00:14:01Z,2570000,False,-100.0,249.0,1,left,C. Kispert 26' 3PT pullup (15 PTS) (A. Gill 2 AST),"[1630557, 1630264]",1610612764.0,WAS,pullup,,,Kispert,C. Kispert,,,,,Above the Break 3,24+ Left Center,26.89,Made,15.0,A. Gill,1630264.0,2.0,,,,,,,,,,,,,,
262,PT05M36.00S,2023-03-31T23:51:23.6Z,2,REGULAR,3pt,Jump Shot,[],1628976,83.09789750328515,94.11764705882354,1610612753,47,40,2023-03-31T23:51:28Z,2580000,False,221.0,106.0,1,right,W. Carter Jr. 24' 3PT  (5 PTS) (M. Fultz 2 AST),"[1628976, 1628365]",1610612753.0,ORL,,,,Carter Jr.,W. Carter Jr.,,,,,Above the Break 3,24+ Right Center,24.49,Made,5.0,M. Fultz,1628365.0,2.0,,,,,,,,,,,,,,
264,PT05M26.00S,2023-03-31T23:51:35.9Z,2,REGULAR,foul,offensive,[],1630166,,,1610612764,47,40,2023-03-31T23:52:21Z,2600000,False,,,0,,D. Avdija offensive FOUL (2 PF),"[1630166, 1630532]",1610612764.0,WAS,,,,Avdija,D. Avdija,,,,,Above the Break 3,24+ Center,,,,,,,,,,,,,,,,202049.0,2.0,0.0,Wagner,1630532.0
266,PT05M26.00S,2023-03-31T23:51:35.9Z,2,REGULAR,turnover,offensive foul,[],1630166,,,1610612764,47,40,2023-03-31T23:51:35Z,2620000,False,,,0,,D. Avdija offensive foul TURNOVER (1 TO),[1630166],1610612764.0,WAS,,,,Avdija,D. Avdija,,,,,Above the Break 3,24+ Center,,,,,,,,,,,,,1.0,,,202049.0,,,,
267,PT05M26.00S,2023-03-31T23:51:44.2Z,2,REGULAR,substitution,out,[],1630264,,,1610612753,47,40,2023-03-31T23:51:58Z,2630000,False,,,0,,SUB out: A. Gill,[1630264],1610612764.0,WAS,,,,Gill,A. Gill,,,,,,,,,,,,,,,,,,,,,,,,,,
268,PT05M26.00S,2023-03-31T23:51:44.2Z,2,REGULAR,substitution,out,[],1630591,,,1610612753,47,40,2023-03-31T23:51:58Z,2640000,False,,,0,,SUB out: J. Suggs,[1630591],1610612753.0,ORL,,,,Suggs,J. Suggs,,,,,,,,,,,,,,,,,,,,,,,,,,
269,PT05M26.00S,2023-03-31T23:51:44.2Z,2,REGULAR,substitution,in,[],1626153,,,1610612753,47,40,2023-03-31T23:51:58Z,2650000,False,,,0,,SUB in: D. Wright,[1626153],1610612764.0,WAS,,,,Wright,D. Wright,,,,,,,,,,,,,,,,,,,,,,,,,,
270,PT05M26.00S,2023-03-31T23:51:44.2Z,2,REGULAR,substitution,in,[],203914,,,1610612753,47,40,2023-03-31T23:51:58Z,2660000,False,,,0,,SUB in: G. Harris,[203914],1610612753.0,ORL,,,,Harris,G. Harris,,,,,,,,,,,,,,,,,,,,,,,,,,
271,PT05M08.00S,2023-03-31T23:52:17.2Z,2,REGULAR,2pt,Layup,"['pointsinthepaint', 'fromturnover']",1630532,94.00459921156373,43.38235294117647,1610612753,47,42,2023-03-31T23:52:25Z,2670000,False,-33.0,4.0,1,right,F. Wagner Layup (4 PTS),[1630532],1610612753.0,ORL,,,,Wagner,F. Wagner,,,,,Restricted Area,0-8 Center,3.33,Made,4.0,,,,,,,,,,,,,,,,,
272,PT04M55.00S,2023-03-31T23:52:29.7Z,2,REGULAR,2pt,Layup,['pointsinthepaint'],1629655,6.4881734559789805,43.38235294117647,1610612764,49,42,2023-03-31T23:52:34Z,2680000,False,33.0,8.0,1,left,D. Gafford alley-oop Layup (8 PTS) (M. Morris 2 AST),"[1629655, 1628420]",1610612764.0,WAS,alley-oop,,,Gafford,D. Gafford,,,,,Restricted Area,0-8 Center,3.42,Made,8.0,M. Morris,1628420.0,2.0,,,,,,,,,,,,,,
274,PT04M47.00S,2023-03-31T23:52:37.3Z,2,REGULAR,2pt,Layup,['pointsinthepaint'],1630532,92.82194480946123,41.666666666666664,1610612753,49,42,2023-04-01T00:17:26Z,2700000,False,-42.0,15.0,1,right,MISS F. Wagner driving Layup,[1630532],1610612753.0,ORL,driving,,,Wagner,F. Wagner,,,,,In The Paint (Non-RA),0-8 Center,4.43,Missed,,,,,,,,,,,,,,,,,,
275,PT04M47.00S,2023-03-31T23:52:40.0Z,2,REGULAR,rebound,offensive,['team'],0,,,1610612753,49,42,2023-03-31T23:52:40Z,2710000,False,,,0,,TEAM offensive REBOUND,[],1610612753.0,ORL,,,,,,,,,,In The Paint (Non-RA),0-8 Center,,,,,,,274.0,,,,,,,,,,,,,
279,PT04M43.00S,2023-03-31T23:53:15.1Z,2,REGULAR,3pt,Jump Shot,['2ndchance'],1628976,71.27135348226018,20.09803921568627,1610612753,49,42,2023-03-31T23:53:26Z,2740000,False,-150.0,218.0,1,right,MISS W. Carter Jr. 26' 3PT,[1628976],1610612753.0,ORL,,,,Carter Jr.,W. Carter Jr.,,,,,Above the Break 3,24+ Left Center,26.39,Missed,,,,,,,,,,,,,,,,,,
280,PT04M39.00S,2023-03-31T23:53:19.1Z,2,REGULAR,rebound,defensive,[],1626153,,,1610612764,49,42,2023-03-31T23:53:26Z,2750000,False,,,0,,D. Wright REBOUND (Off:1 Def:3),[1626153],1610612764.0,WAS,,,,Wright,D. Wright,,,,,Above the Break 3,24+ Left Center,,,,,,,279.0,4.0,3.0,1.0,,,,,,,,,,
281,PT04M30.00S,2023-03-31T23:53:30.4Z,2,REGULAR,2pt,Jump Shot,['pointsinthepaint'],1630166,7.145203679369246,39.70588235294118,1610612764,51,42,2023-03-31T23:53:55Z,2760000,False,51.0,15.0,1,left,D. Avdija fadeaway bank Jump Shot (2 PTS) (D. Wright 1 AST),"[1630166, 1626153]",1610612764.0,WAS,fadeaway bank,,,Avdija,D. Avdija,,,,,In The Paint (Non-RA),0-8 Center,5.36,Made,2.0,D. Wright,1626153.0,1.0,,,,,,,,,,,,,,
283,PT04M30.00S,2023-03-31T23:53:32.3Z,2,REGULAR,foul,personal,['1freethrow'],1628365,,,1610612764,51,42,2023-03-31T23:53:41Z,2780000,False,,,0,,M. Fultz shooting personal FOUL (2 PF) (Avdija 1 FT),"[1628365, 1630166]",1610612753.0,ORL,shooting,,,Fultz,M. Fultz,,,,,Restricted Area,0-8 Center,,,,,,,,,,,,,,,,1155.0,2.0,0.0,Avdija,1630166.0
285,PT04M30.00S,2023-03-31T23:53:58.9Z,2,REGULAR,freethrow,1 of 1,[],1630166,,,1610612764,52,42,2023-03-31T23:53:58Z,2800000,False,,,0,,D. Avdija Free Throw 1 of 1 (3 PTS),[1630166],1610612764.0,WAS,,,,Avdija,D. Avdija,,,,,,,,Made,3.0,,,,,,,,,,,,,,,,,
286,PT04M22.00S,2023-03-31T23:54:08.5Z,2,REGULAR,2pt,DUNK,['pointsinthepaint'],1628365,93.95532194480946,50.24892769607843,1610612753,52,44,2023-03-31T23:54:16Z,2810000,False,1.0,4.0,1,right,M. Fultz driving DUNK (11 PTS),[1628365],1610612753.0,ORL,driving,,,Fultz,M. Fultz,,,,,Restricted Area,0-8 Center,0.45,Made,11.0,,,,,,,,,,,,,,,,,
287,PT04M05.00S,2023-03-31T23:54:24.9Z,2,REGULAR,3pt,Jump Shot,[],1628420,34.21484888304862,51.96078431372549,1610612764,52,44,2023-03-31T23:54:30Z,2820000,False,-10.0,269.0,1,left,MISS M. Morris 26' 3PT,[1628420],1610612764.0,WAS,,,,Morris,M. Morris,,,,,Above the Break 3,24+ Center,26.93,Missed,,,,,,,,,,,,,,,,,,
288,PT04M03.00S,2023-03-31T23:54:26.9Z,2,REGULAR,rebound,defensive,[],1628365,,,1610612753,52,44,2023-03-31T23:54:30Z,2830000,False,,,0,,M. Fultz REBOUND (Off:1 Def:2),[1628365],1610612753.0,ORL,,,,Fultz,M. Fultz,,,,,Above the Break 3,24+ Center,,,,,,,287.0,3.0,2.0,1.0,,,,,,,,,,
289,PT03M54.00S,2023-03-31T23:54:37.2Z,2,REGULAR,3pt,Jump Shot,[],1630532,71.27135348226018,15.441176470588232,1610612753,52,47,2023-03-31T23:54:56Z,2840000,False,-173.0,218.0,1,right,F. Wagner 27' 3PT  (7 PTS) (P. Banchero 3 AST),"[1630532, 1631094]",1610612753.0,ORL,,,,Wagner,F. Wagner,,,,,Above the Break 3,24+ Left Center,27.78,Made,7.0,P. Banchero,1631094.0,3.0,,,,,,,,,,,,,,
291,PT03M53.00S,2023-03-31T23:54:43.8Z,2,REGULAR,timeout,full,"['team', 'mandatory']",0,,,1610612764,52,47,2023-03-31T23:54:43Z,2860000,False,,,0,,WAS Timeout,[],1610612764.0,WAS,,,,,,,,,,,,,,,,,,,,,,,,,,,,,,,
294,PT03M36.00S,2023-03-31T23:57:55.5Z,2,REGULAR,2pt,DUNK,['pointsinthepaint'],1629655,7.670827858081481,47.05882352941176,1610612764,52,47,2023-04-01T00:20:37Z,2870000,False,15.0,20.0,1,left,MISS D. Gafford driving DUNK - blocked,"[1629655, 1628976]",1610612764.0,WAS,driving,,,Gafford,D. Gafford,,,,,Restricted Area,0-8 Center,2.45,Missed,,,,,,,,,Carter Jr.,1628976.0,,,,,,,,
295,PT03M36.00S,2023-03-31T23:57:55.5Z,2,REGULAR,block,,[],1628976,,,1610612764,52,47,2023-03-31T23:57:59Z,2880000,False,,,0,,W. Carter Jr. BLOCK (1 BLK),[1628976],1610612753.0,ORL,,,,Carter Jr.,W. Carter Jr.,,,,,Restricted Area,0-8 Center,,,,,,,,,,,,,,,,,,,,
296,PT03M32.00S,2023-03-31T23:57:59.5Z,2,REGULAR,rebound,offensive,[],1628420,,,1610612764,52,47,2023-03-31T23:58:01Z,2890000,False,,,0,,M. Morris REBOUND (Off:1 Def:2),[1628420],1610612764.0,WAS,,,,Morris,M. Morris,,,,,Restricted Area,0-8 Center,,,,,,,294.0,3.0,2.0,1.0,,,,,,,,,,
297,PT03M29.00S,2023-03-31T23:58:01.8Z,2,REGULAR,3pt,Jump Shot,['2ndchance'],1630557,30.14126149802891,76.7156862745098,1610612764,55,47,2023-03-31T23:58:05Z,2900000,False,-134.0,231.0,1,left,C. Kispert 26' 3PT  (18 PTS) (M. Morris 3 AST),"[1630557, 1628420]",1610612764.0,WAS,,,,Kispert,C. Kispert,,,,,Above the Break 3,24+ Left Center,26.67,Made,18.0,M. Morris,1628420.0,3.0,,,,,,,,,,,,,,
299,PT03M08.00S,2023-03-31T23:58:22.6Z,2,REGULAR,3pt,Jump Shot,[],1631094,67.06636005256242,65.93137254901961,1610612753,55,50,2023-03-31T23:58:29Z,2920000,False,80.0,257.0,1,right,P. Banchero 26' 3PT step back (13 PTS) (G. Harris 1 AST),"[1631094, 203914]",1610612753.0,ORL,step back,,,Banchero,P. Banchero,,,,,Above the Break 3,24+ Center,26.92,Made,13.0,G. Harris,203914.0,1.0,,,,,,,,,,,,,,
300,PT02M57.00S,2023-03-31T23:58:34.7Z,2,REGULAR,3pt,Jump Shot,[],1630557,32.637976346911955,33.57843137254902,1610612764,55,50,2023-03-31T23:58:39Z,2930000,False,82.0,254.0,1,left,MISS C. Kispert 26' 3PT,[1630557],1610612764.0,WAS,,,,Kispert,C. Kispert,,,,,Above the Break 3,24+ Center,26.72,Missed,,,,,,,,,,,,,,,,,,
301,PT02M54.00S,2023-03-31T23:58:37.7Z,2,REGULAR,rebound,defensive,[],1631094,,,1610612753,55,50,2023-03-31T23:58:39Z,2940000,False,,,0,,P. Banchero REBOUND (Off:1 Def:4),[1631094],1610612753.0,ORL,,,,Banchero,P. Banchero,,,,,Above the Break 3,24+ Center,,,,,,,300.0,5.0,4.0,1.0,,,,,,,,,,
302,PT02M47.00S,2023-03-31T23:58:44.3Z,2,REGULAR,2pt,Layup,['pointsinthepaint'],1628365,93.34756898817345,54.411764705882355,1610612753,55,52,2023-03-31T23:58:55Z,2950000,False,22.0,10.0,1,right,M. Fultz reverse Layup (13 PTS) (P. Banchero 4 AST),"[1628365, 1631094]",1610612753.0,ORL,reverse,,,Fultz,M. Fultz,,,,,Restricted Area,0-8 Center,2.43,Made,13.0,P. Banchero,1631094.0,4.0,,,,,,,,,,,,,,
305,PT02M24.00S,2023-03-31T23:59:07.4Z,2,REGULAR,3pt,Jump Shot,[],1626153,22.78252299605782,9.803921568627445,1610612764,58,52,2023-03-31T23:59:11Z,2970000,False,201.0,162.0,1,left,D. Wright 25' 3PT  (7 PTS) (M. Morris 4 AST),"[1626153, 1628420]",1610612764.0,WAS,,,,Wright,D. Wright,,,,,Above the Break 3,24+ Right Center,25.8,Made,7.0,M. Morris,1628420.0,4.0,,,,,,,,,,,,,,
307,PT02M13.00S,2023-03-31T23:59:20.1Z,2,REGULAR,foul,personal,['2freethrow'],1630166,,,1610612753,58,52,2023-03-31T23:59:29Z,2990000,False,,,0,,D. Avdija shooting personal FOUL (3 PF) (Banchero 2 FT),"[1630166, 1631094]",1610612764.0,WAS,shooting,,,Avdija,D. Avdija,,,,,Mid-Range,8-16 Right,,,,,,,,,,,,,,,,1626302.0,3.0,0.0,Banchero,1631094.0
309,PT02M13.00S,2023-03-31T23:59:47.8Z,2,REGULAR,freethrow,1 of 2,[],1631094,,,1610612753,58,53,2023-03-31T23:59:47Z,3010000,False,,,0,,P. Banchero Free Throw 1 of 2 (14 PTS),[1631094],1610612753.0,ORL,,,,Banchero,P. Banchero,,,,,,,,Made,14.0,,,,,,,,,,,,,,,,,
310,PT02M13.00S,2023-03-31T23:59:48.7Z,2,REGULAR,substitution,out,[],1630166,,,1610612753,58,53,2023-03-31T23:59:51Z,3020000,False,,,0,,SUB out: D. Avdija,[1630166],1610612764.0,WAS,,,,Avdija,D. Avdija,,,,,,,,,,,,,,,,,,,,,,,,,,
311,PT02M13.00S,2023-03-31T23:59:48.7Z,2,REGULAR,substitution,in,[],1631098,,,1610612753,58,53,2023-03-31T23:59:51Z,3030000,False,,,0,,SUB in: J. Davis,[1631098],1610612764.0,WAS,,,,Davis,J. Davis,,,,,,,,,,,,,,,,,,,,,,,,,,
312,PT02M13.00S,2023-04-01T00:00:12.4Z,2,REGULAR,freethrow,2 of 2,[],1631094,,,1610612753,58,54,2023-04-01T00:00:12Z,3040000,False,,,0,,P. Banchero Free Throw 2 of 2 (15 PTS),[1631094],1610612753.0,ORL,,,,Banchero,P. Banchero,,,,,,,,Made,15.0,,,,,,,,,,,,,,,,,
313,PT01M50.00S,2023-04-01T00:00:38.5Z,2,REGULAR,3pt,Jump Shot,[],1626153,32.769382391590014,68.87254901960785,1610612764,61,54,2023-04-01T00:00:43Z,3050000,False,-94.0,256.0,1,left,D. Wright 27' 3PT step back (10 PTS),[1626153],1610612764.0,WAS,step back,,,Wright,D. Wright,,,,,Above the Break 3,24+ Left Center,27.24,Made,10.0,,,,,,,,,,,,,,,,,
314,PT01M38.00S,2023-04-01T00:00:50.1Z,2,REGULAR,3pt,Jump Shot,[],203914,95.84428383705651,2.4509803921568647,1610612753,61,54,2023-04-01T00:00:56Z,3060000,False,-238.0,-13.0,1,right,MISS G. Harris 3PT,[203914],1610612753.0,ORL,,,,Harris,G. Harris,,,,,Left Corner 3,24+ Left,23.81,Missed,,,,,,,,,,,,,,,,,,
315,PT01M33.00S,2023-04-01T00:00:55.1Z,2,REGULAR,rebound,offensive,[],1631094,,,1610612753,61,54,2023-04-01T00:00:56Z,3070000,False,,,0,,P. Banchero REBOUND (Off:2 Def:4),[1631094],1610612753.0,ORL,,,,Banchero,P. Banchero,,,,,Left Corner 3,24+ Left,,,,,,,314.0,6.0,4.0,2.0,,,,,,,,,,
316,PT01M33.00S,2023-04-01T00:00:55.1Z,2,REGULAR,2pt,DUNK,"['pointsinthepaint', '2ndchance']",1631094,94.40999984741211,50.0,1610612753,61,56,2023-04-01T00:00:55Z,3080000,False,0.0,0.0,1,right,P. Banchero putback DUNK (17 PTS),[1631094],1610612753.0,ORL,putback,,,Banchero,P. Banchero,,,,,Mid-Range,8-16 Left,0.0,Made,17.0,,,,,,,,,,,,,,,,,
317,PT01M19.00S,2023-04-01T00:01:08.9Z,2,REGULAR,2pt,Jump Shot,['pointsinthepaint'],1629655,11.350197109067011,39.70588235294118,1610612764,61,56,2023-04-01T00:01:13Z,3090000,False,51.0,54.0,1,left,MISS D. Gafford 7' turnaround Shot,[1629655],1610612764.0,WAS,turnaround,,,Gafford,D. Gafford,,,,,In The Paint (Non-RA),0-8 Center,7.48,Missed,,,,,,,,,,,,,,,,,,
318,PT01M16.00S,2023-04-01T00:01:11.9Z,2,REGULAR,rebound,defensive,[],1628976,,,1610612753,61,56,2023-04-01T00:01:13Z,3100000,False,,,0,,W. Carter Jr. REBOUND (Off:0 Def:5),[1628976],1610612753.0,ORL,,,,Carter Jr.,W. Carter Jr.,,,,,In The Paint (Non-RA),0-8 Center,,,,,,,317.0,5.0,5.0,0.0,,,,,,,,,,
319,PT01M10.00S,2023-04-01T00:01:17.8Z,2,REGULAR,3pt,Jump Shot,[],203914,96.63272010512483,2.205882352941174,1610612753,61,56,2023-04-01T00:01:21Z,3110000,False,-239.0,-21.0,1,right,MISS G. Harris 3PT,[203914],1610612753.0,ORL,,,,Harris,G. Harris,,,,,Left Corner 3,24+ Left,23.99,Missed,,,,,,,,,,,,,,,,,,
320,PT01M07.00S,2023-04-01T00:01:20.8Z,2,REGULAR,rebound,defensive,[],1626153,,,1610612764,61,56,2023-04-01T00:01:21Z,3120000,False,,,0,,D. Wright REBOUND (Off:1 Def:4),[1626153],1610612764.0,WAS,,,,Wright,D. Wright,,,,,Left Corner 3,24+ Left,,,,,,,319.0,5.0,4.0,1.0,,,,,,,,,,
321,PT01M01.00S,2023-04-01T00:01:28.1Z,2,REGULAR,2pt,DUNK,['pointsinthepaint'],1629655,7.539421813403408,48.0392156862745,1610612764,63,56,2023-04-01T00:01:32Z,3130000,False,10.0,18.0,1,left,D. Gafford DUNK (10 PTS) (M. Morris 5 AST),"[1629655, 1628420]",1610612764.0,WAS,,,,Gafford,D. Gafford,,,,,Restricted Area,0-8 Center,2.08,Made,10.0,M. Morris,1628420.0,5.0,,,,,,,,,,,,,,
323,PT00M49.90S,2023-04-01T00:01:43.2Z,2,REGULAR,2pt,Layup,['pointsinthepaint'],1628365,93.08475689881735,54.65686274509804,1610612753,63,58,2023-04-01T00:01:47Z,3150000,False,23.0,13.0,1,right,M. Fultz driving Layup (15 PTS),[1628365],1610612753.0,ORL,driving,,,Fultz,M. Fultz,,,,,Restricted Area,0-8 Center,2.64,Made,15.0,,,,,,,,,,,,,,,,,
324,PT00M34.10S,2023-04-01T00:02:00.0Z,2,REGULAR,2pt,Jump Shot,[],1628420,20.68002628120894,25.0,1610612764,63,58,2023-04-01T00:02:04Z,3160000,False,125.0,142.0,1,left,MISS M. Morris 18' pullup Shot,[1628420],1610612764.0,WAS,pullup,,,Morris,M. Morris,,,,,Mid-Range,16-24 Right Center,18.91,Missed,,,,,,,,,,,,,,,,,,
325,PT00M31.00S,2023-04-01T00:02:03.1Z,2,REGULAR,rebound,defensive,[],1631094,,,1610612753,63,58,2023-04-01T00:02:04Z,3170000,False,,,0,,P. Banchero REBOUND (Off:2 Def:5),[1631094],1610612753.0,ORL,,,,Banchero,P. Banchero,,,,,Mid-Range,16-24 Right Center,,,,,,,324.0,7.0,5.0,2.0,,,,,,,,,,
326,PT00M13.10S,2023-04-01T00:02:21.9Z,2,REGULAR,2pt,Layup,['pointsinthepaint'],1628365,94.3988173455979,44.11764705882353,1610612753,63,60,2023-04-01T00:02:25Z,3180000,False,-29.0,0.0,1,right,M. Fultz driving Layup (17 PTS),[1628365],1610612753.0,ORL,driving,,,Fultz,M. Fultz,,,,,Restricted Area,0-8 Center,2.94,Made,17.0,,,,,,,,,,,,,,,,,
327,PT00M00.10S,2023-04-01T00:02:39.0Z,2,REGULAR,3pt,Jump Shot,[],1631098,5.436925098554539,95.58823529411765,1610612764,63,60,2023-04-01T00:02:47Z,3190000,False,-228.0,-1.0,1,left,MISS J. Davis 3PT,[1631098],1610612764.0,WAS,,,,Davis,J. Davis,,,,,Left Corner 3,24+ Left,22.79,Missed,,,,,,,,,,,,,,,,,,
328,PT00M00.10S,2023-04-01T00:02:39.0Z,2,REGULAR,rebound,offensive,['team'],0,,,1610612764,63,60,2023-04-01T00:02:47Z,3200000,False,,,0,,TEAM offensive REBOUND,[],1610612764.0,WAS,,,,,,,,,,Left Corner 3,24+ Left,,,,,,,327.0,,,,,,,,,,,,,
329,PT00M00.00S,2023-04-01T00:02:48.0Z,2,REGULAR,period,end,[],0,,,1610612764,63,60,2023-04-01T00:02:48Z,3210000,False,,,0,,Period End,[],,,,,,,,,,,,,,,,,,,,,,,,,,,,,,,,,
331,PT12M00.00S,2023-04-01T00:16:55.0Z,3,REGULAR,substitution,out,['startperiod'],1628420,,,1610612764,63,60,2023-04-01T00:17:50Z,3220000,False,,,0,,SUB out: M. Morris,[1628420],1610612764.0,WAS,,,,Morris,M. Morris,,,,,,,,,,,,,,,,,,,,,,,,,,
332,PT12M00.00S,2023-04-01T00:16:55.0Z,3,REGULAR,substitution,in,['startperiod'],1630166,,,1610612764,63,60,2023-04-01T00:17:50Z,3230000,False,,,0,,SUB in: D. Avdija,[1630166],1610612764.0,WAS,,,,Avdija,D. Avdija,,,,,,,,,,,,,,,,,,,,,,,,,,
333,PT12M00.00S,2023-04-01T00:17:58.0Z,3,REGULAR,period,start,[],0,,,1610612764,63,60,2023-04-01T00:17:58Z,3240000,False,,,0,,Period Start,[],,,,,,,,,,,,,,,,,,,,,,,,,,,,,,,,,
334,PT11M40.00S,2023-04-01T00:18:17.5Z,3,REGULAR,2pt,Jump Shot,['pointsinthepaint'],1630166,90.5880420499343,43.872549019607845,1610612764,65,60,2023-04-01T00:18:25Z,3250000,False,-31.0,36.0,1,right,D. Avdija driving floating Jump Shot (5 PTS),[1630166],1610612764.0,WAS,driving floating,,,Avdija,D. Avdija,,,,,In The Paint (Non-RA),0-8 Center,4.72,Made,5.0,,,,,,,,,,,,,,,,,
336,PT11M21.00S,2023-04-01T00:18:35.9Z,3,REGULAR,3pt,Jump Shot,[],1628976,33.03219448094612,62.5,1610612753,65,60,2023-04-01T00:18:40Z,3270000,False,-62.0,258.0,1,left,MISS W. Carter Jr. 26' 3PT,[1628976],1610612753.0,ORL,,,,Carter Jr.,W. Carter Jr.,,,,,Above the Break 3,24+ Center,26.55,Missed,,,,,,,,,,,,,,,,,,
337,PT11M18.00S,2023-04-01T00:18:38.9Z,3,REGULAR,rebound,defensive,[],1630166,,,1610612764,65,60,2023-04-01T00:18:40Z,3280000,False,,,0,,D. Avdija REBOUND (Off:0 Def:3),[1630166],1610612764.0,WAS,,,,Avdija,D. Avdija,,,,,Above the Break 3,24+ Center,,,,,,,336.0,3.0,3.0,0.0,,,,,,,,,,
338,PT11M05.00S,2023-04-01T00:18:52.8Z,3,REGULAR,3pt,Jump Shot,[],1626153,70.3515111695138,29.65686274509804,1610612764,65,60,2023-04-01T00:26:47Z,3290000,False,-102.0,226.0,1,right,MISS D. Wright 24' pullup 3PT,[1626153],1610612764.0,WAS,pullup,,,Wright,D. Wright,,,,,Above the Break 3,24+ Left Center,24.8,Missed,,,,,,,,,,,,,,,,,,
339,PT11M00.00S,2023-04-01T00:18:57.8Z,3,REGULAR,rebound,defensive,[],1631094,,,1610612753,65,60,2023-04-01T00:18:58Z,3300000,False,,,0,,P. Banchero REBOUND (Off:2 Def:6),[1631094],1610612753.0,ORL,,,,Banchero,P. Banchero,,,,,Above the Break 3,24+ Left Center,,,,,,,338.0,8.0,6.0,2.0,,,,,,,,,,
340,PT10M51.00S,2023-04-01T00:19:08.3Z,3,REGULAR,turnover,traveling,[],1630532,,,1610612753,65,60,2023-04-01T00:19:27Z,3310000,False,,,0,,F. Wagner traveling TURNOVER (1 TO),[1630532],1610612753.0,ORL,,,,Wagner,F. Wagner,,,,,In The Paint (Non-RA),8-16 Center,,,,,,,,,,,,,1.0,,,202049.0,,,,
341,PT10M40.00S,2023-04-01T00:19:28.3Z,3,REGULAR,3pt,Jump Shot,['fromturnover'],1631098,92.42772667542707,96.32352941176471,1610612764,65,60,2023-04-01T00:19:40Z,3320000,False,232.0,19.0,1,right,MISS J. Davis 3PT,[1631098],1610612764.0,WAS,,,,Davis,J. Davis,,,,,Right Corner 3,24+ Right,23.24,Missed,,,,,,,,,,,,,,,,,,
342,PT10M40.00S,2023-04-01T00:19:28.3Z,3,REGULAR,rebound,offensive,[],1626153,,,1610612764,65,60,2023-04-01T00:19:40Z,3330000,False,,,0,,D. Wright REBOUND (Off:2 Def:4),[1626153],1610612764.0,WAS,,,,Wright,D. Wright,,,,,Right Corner 3,24+ Right,,,,,,,341.0,6.0,4.0,2.0,,,,,,,,,,
343,PT10M35.00S,2023-04-01T00:19:32.0Z,3,REGULAR,2pt,Layup,"['pointsinthepaint', 'fromturnover', '2ndchance']",1626153,93.47897503285151,44.36274509803921,1610612764,67,60,2023-04-01T00:30:21Z,3340000,False,-28.0,9.0,1,right,D. Wright putback Layup (12 PTS),[1626153],1610612764.0,WAS,putback,,,Wright,D. Wright,,,,,Restricted Area,0-8 Center,2.95,Made,12.0,,,,,,,,,,,,,,,,,
344,PT10M26.00S,2023-04-01T00:19:42.4Z,3,REGULAR,2pt,Layup,['pointsinthepaint'],1630532,7.408015768725363,58.088235294117645,1610612753,67,60,2023-04-01T00:31:03Z,3350000,False,-40.0,17.0,1,left,MISS F. Wagner driving finger roll Layup,[1630532],1610612753.0,ORL,driving finger roll,,,Wagner,F. Wagner,,,,,Restricted Area,0-8 Center,4.39,Missed,,,,,,,,,,,,,,,,,,
345,PT10M23.00S,2023-04-01T00:19:45.4Z,3,REGULAR,rebound,defensive,[],1626153,,,1610612764,67,60,2023-04-01T00:19:46Z,3360000,False,,,0,,D. Wright REBOUND (Off:2 Def:5),[1626153],1610612764.0,WAS,,,,Wright,D. Wright,,,,,Restricted Area,0-8 Center,,,,,,,344.0,7.0,5.0,2.0,,,,,,,,,,
346,PT10M14.00S,2023-04-01T00:19:53.8Z,3,REGULAR,3pt,Jump Shot,[],1631098,79.81274638633377,4.901960784313729,1610612764,67,60,2023-04-01T00:38:21Z,3370000,False,-225.0,137.0,1,right,MISS J. Davis 26' 3PT,[1631098],1610612764.0,WAS,,,,Davis,J. Davis,,,,,Above the Break 3,24+ Left Center,26.4,Missed,,,,,,,,,,,,,,,,,,
347,PT10M12.00S,2023-04-01T00:19:55.8Z,3,REGULAR,rebound,offensive,['team'],0,,,1610612764,67,60,2023-04-01T00:20:11Z,3380000,False,,,0,,TEAM offensive REBOUND,[],1610612764.0,WAS,,,,,,,,,,Above the Break 3,24+ Left Center,,,,,,,346.0,,,,,,,,,,,,,
348,PT10M12.00S,2023-04-01T00:20:02.1Z,3,REGULAR,foul,personal,[],1628976,,,1610612764,67,60,2023-04-01T00:20:07Z,3390000,False,,,0,,W. Carter Jr. loose ball personal FOUL (1 PF),"[1628976, 1626153]",1610612753.0,ORL,loose ball,,,Carter Jr.,W. Carter Jr.,,,,,Mid-Range,16-24 Right Center,,,,,,,,,,,,,,,,202049.0,1.0,1.0,Wright,1626153.0
350,PT10M07.00S,2023-04-01T00:20:23.0Z,3,REGULAR,3pt,Jump Shot,['2ndchance'],1630557,67.32917214191853,74.75490196078431,1610612764,70,60,2023-04-01T00:20:28Z,3410000,False,124.0,255.0,1,right,C. Kispert 28' 3PT  (21 PTS) (D. Wright 2 AST),"[1630557, 1626153]",1610612764.0,WAS,,,,Kispert,C. Kispert,,,,,Above the Break 3,24+ Right Center,28.31,Made,21.0,D. Wright,1626153.0,2.0,,,,,,,,,,,,,,
352,PT09M46.00S,2023-04-01T00:20:44.3Z,3,REGULAR,2pt,Layup,['pointsinthepaint'],203914,6.750985545335084,42.892156862745104,1610612753,70,60,2023-04-01T00:20:51Z,3430000,False,36.0,11.0,1,left,MISS G. Harris driving Layup,[203914],1610612753.0,ORL,driving,,,Harris,G. Harris,,,,,Restricted Area,0-8 Center,3.72,Missed,,,,,,,,,,,,,,,,,,
353,PT09M44.00S,2023-04-01T00:20:46.2Z,3,REGULAR,rebound,defensive,[],1629655,,,1610612764,70,60,2023-04-01T00:20:46Z,3440000,False,,,0,,D. Gafford REBOUND (Off:3 Def:3),[1629655],1610612764.0,WAS,,,,Gafford,D. Gafford,,,,,Restricted Area,0-8 Center,,,,,,,352.0,6.0,3.0,3.0,,,,,,,,,,
354,PT09M41.00S,2023-04-01T00:20:50.9Z,3,REGULAR,2pt,Layup,"['fastbreak', 'pointsinthepaint']",1626153,93.2161629434954,53.431372549019606,1610612764,72,60,2023-04-01T00:36:08Z,3450000,False,17.0,11.0,1,right,D. Wright running Layup (14 PTS),[1626153],1610612764.0,WAS,running,,,Wright,D. Wright,,,,,Restricted Area,0-8 Center,2.06,Made,14.0,,,,,,,,,,,,,,,,,
355,PT09M41.00S,2023-04-01T00:20:53.6Z,3,REGULAR,foul,personal,['1freethrow'],1631094,,,1610612764,72,60,2023-04-01T00:21:00Z,3460000,False,,,0,,P. Banchero shooting personal FOUL (2 PF) (Wright 1 FT),"[1631094, 1626153]",1610612753.0,ORL,shooting,,,Banchero,P. Banchero,,,,,Restricted Area,0-8 Center,,,,,,,,,,,,,,,,1155.0,2.0,0.0,Wright,1626153.0
357,PT09M41.00S,2023-04-01T00:21:21.1Z,3,REGULAR,freethrow,1 of 1,['fastbreak'],1626153,,,1610612764,73,60,2023-04-01T00:21:21Z,3480000,False,,,0,,D. Wright Free Throw 1 of 1 (15 PTS),[1626153],1610612764.0,WAS,,,,Wright,D. Wright,,,,,,,,Made,15.0,,,,,,,,,,,,,,,,,
358,PT09M31.00S,2023-04-01T00:21:32.6Z,3,REGULAR,2pt,Layup,['pointsinthepaint'],1628365,8.459264126149804,59.80392156862745,1610612753,73,60,2023-04-01T00:21:36Z,3490000,False,-49.0,27.0,1,left,MISS M. Fultz driving Layup,[1628365],1610612753.0,ORL,driving,,,Fultz,M. Fultz,,,,,In The Paint (Non-RA),0-8 Center,5.59,Missed,,,,,,,,,,,,,,,,,,
359,PT09M30.00S,2023-04-01T00:21:33.6Z,3,REGULAR,rebound,defensive,[],1630166,,,1610612764,73,60,2023-04-01T00:21:36Z,3500000,False,,,0,,D. Avdija REBOUND (Off:0 Def:4),[1630166],1610612764.0,WAS,,,,Avdija,D. Avdija,,,,,In The Paint (Non-RA),0-8 Center,,,,,,,358.0,4.0,4.0,0.0,,,,,,,,,,
360,PT09M27.00S,2023-04-01T00:21:37.3Z,3,REGULAR,3pt,Jump Shot,['fastbreak'],1630557,96.63272010512483,1.7156862745098067,1610612764,76,60,2023-04-01T00:38:01Z,3510000,False,-241.0,-21.0,1,right,C. Kispert 24' 3PT running (24 PTS) (J. Davis 1 AST),"[1630557, 1631098]",1610612764.0,WAS,running,,,Kispert,C. Kispert,,,,,Left Corner 3,24+ Left,24.23,Made,24.0,J. Davis,1631098.0,1.0,,,,,,,,,,,,,,
362,PT09M26.00S,2023-04-01T00:21:45.5Z,3,REGULAR,timeout,full,"['team', 'mandatory']",0,,,1610612753,76,60,2023-04-01T00:21:45Z,3530000,False,,,0,,ORL Timeout,[],1610612753.0,ORL,,,,,,,,,,,,,,,,,,,,,,,,,,,,,,,
364,PT09M07.00S,2023-04-01T00:24:53.0Z,3,REGULAR,2pt,Layup,['pointsinthepaint'],1630532,7.408015768725363,52.69607843137255,1610612753,76,62,2023-04-01T00:24:59Z,3550000,False,-13.0,17.0,1,left,F. Wagner driving finger roll Layup (9 PTS) (M. Fultz 3 AST),"[1630532, 1628365]",1610612753.0,ORL,driving finger roll,,,Wagner,F. Wagner,,,,,Restricted Area,0-8 Center,2.18,Made,9.0,M. Fultz,1628365.0,3.0,,,,,,,,,,,,,,
365,PT08M52.00S,2023-04-01T00:25:10.4Z,3,REGULAR,turnover,traveling,[],1629655,,,1610612764,76,62,2023-04-01T00:25:18Z,3560000,False,,,0,,D. Gafford traveling TURNOVER (1 TO),[1629655],1610612764.0,WAS,,,,Gafford,D. Gafford,,,,,In The Paint (Non-RA),0-8 Center,,,,,,,,,,,,,1.0,,,202049.0,,,,
367,PT08M39.00S,2023-04-01T00:25:31.8Z,3,REGULAR,2pt,Layup,"['pointsinthepaint', 'fromturnover']",1628976,11.48160315374507,53.18627450980392,1610612753,76,64,2023-04-01T00:25:48Z,3570000,False,-16.0,55.0,1,left,W. Carter Jr. Layup (7 PTS) (F. Wagner 1 AST),"[1628976, 1630532]",1610612753.0,ORL,,,,Carter Jr.,W. Carter Jr.,,,,,In The Paint (Non-RA),0-8 Center,5.76,Made,7.0,F. Wagner,1630532.0,1.0,,,,,,,,,,,,,,
369,PT08M27.00S,2023-04-01T00:25:45.8Z,3,REGULAR,2pt,DUNK,['pointsinthepaint'],1629655,92.42772667542707,50.98039215686275,1610612764,78,64,2023-04-01T00:25:51Z,3590000,False,5.0,19.0,1,right,D. Gafford alley-oop DUNK (12 PTS) (D. Wright 3 AST),"[1629655, 1626153]",1610612764.0,WAS,alley-oop,,,Gafford,D. Gafford,,,,,Restricted Area,0-8 Center,1.93,Made,12.0,D. Wright,1626153.0,3.0,,,,,,,,,,,,,,
371,PT08M27.00S,2023-04-01T00:25:47.7Z,3,REGULAR,foul,personal,['1freethrow'],1630532,,,1610612764,78,64,2023-04-01T00:26:17Z,3610000,False,,,0,,F. Wagner shooting personal FOUL (2 PF) (Gafford 1 FT),"[1630532, 1629655]",1610612753.0,ORL,shooting,,,Wagner,F. Wagner,,,,,Restricted Area,0-8 Center,,,,,,,,,,,,,,,,1626302.0,2.0,0.0,Gafford,1629655.0
373,PT08M27.00S,2023-04-01T00:26:37.2Z,3,REGULAR,freethrow,1 of 1,[],1629655,,,1610612764,78,64,2023-04-01T00:26:45Z,3630000,False,,,0,,MISS D. Gafford Free Throw 1 of 1,[1629655],1610612764.0,WAS,,,,Gafford,D. Gafford,,,,,,,,Missed,,,,,,,,,,,,,,,,,,
374,PT08M25.00S,2023-04-01T00:26:39.2Z,3,REGULAR,rebound,defensive,[],1628976,,,1610612753,78,64,2023-04-01T00:26:45Z,3640000,False,,,0,,W. Carter Jr. REBOUND (Off:0 Def:6),[1628976],1610612753.0,ORL,,,,Carter Jr.,W. Carter Jr.,,,,,,,,,,,,,373.0,6.0,6.0,0.0,,,,,,,,,,
375,PT08M12.00S,2023-04-01T00:26:52.1Z,3,REGULAR,2pt,Layup,['pointsinthepaint'],1631094,7.539421813403408,58.33333333333333,1610612753,78,66,2023-04-01T00:40:37Z,3650000,False,-42.0,18.0,1,left,P. Banchero driving Layup (19 PTS),[1631094],1610612753.0,ORL,driving,,,Banchero,P. Banchero,,,,,In The Paint (Non-RA),0-8 Center,4.56,Made,19.0,,,,,,,,,,,,,,,,,
376,PT08M00.00S,2023-04-01T00:27:04.1Z,3,REGULAR,2pt,Layup,['pointsinthepaint'],1630166,94.26741130091985,42.64705882352941,1610612764,78,66,2023-04-01T00:27:09Z,3660000,False,-37.0,1.0,1,right,MISS D. Avdija driving Layup,[1630166],1610612764.0,WAS,driving,,,Avdija,D. Avdija,,,,,Restricted Area,0-8 Center,3.68,Missed,,,,,,,,,,,,,,,,,,
377,PT07M56.00S,2023-04-01T00:27:08.1Z,3,REGULAR,rebound,defensive,[],1628976,,,1610612753,78,66,2023-04-01T00:27:09Z,3670000,False,,,0,,W. Carter Jr. REBOUND (Off:0 Def:7),[1628976],1610612753.0,ORL,,,,Carter Jr.,W. Carter Jr.,,,,,Restricted Area,0-8 Center,,,,,,,376.0,7.0,7.0,0.0,,,,,,,,,,
378,PT07M52.00S,2023-04-01T00:27:11.4Z,3,REGULAR,2pt,Layup,"['pointsinthepaint', 'fastbreak']",1631094,6.8823915900131425,58.57843137254902,1610612753,78,66,2023-04-01T00:46:18Z,3680000,False,-43.0,12.0,1,left,MISS P. Banchero running finger roll Layup - blocked,"[1631094, 1629655]",1610612753.0,ORL,running finger roll,,,Banchero,P. Banchero,,,,,In The Paint (Non-RA),0-8 Center,4.46,Missed,,,,,,,,,Gafford,1629655.0,,,,,,,,
379,PT07M52.00S,2023-04-01T00:27:11.4Z,3,REGULAR,block,,[],1629655,,,1610612753,78,66,2023-04-01T00:27:13Z,3690000,False,,,0,,D. Gafford BLOCK (1 BLK),[1629655],1610612764.0,WAS,,,,Gafford,D. Gafford,,,,,In The Paint (Non-RA),0-8 Center,,,,,,,,,,,,,,,,,,,,
380,PT07M50.00S,2023-04-01T00:27:13.4Z,3,REGULAR,rebound,defensive,[],1630166,,,1610612764,78,66,2023-04-01T00:27:17Z,3700000,False,,,0,,D. Avdija REBOUND (Off:0 Def:5),[1630166],1610612764.0,WAS,,,,Avdija,D. Avdija,,,,,In The Paint (Non-RA),0-8 Center,,,,,,,378.0,5.0,5.0,0.0,,,,,,,,,,
381,PT07M48.00S,2023-04-01T00:27:15.9Z,3,REGULAR,2pt,Layup,"['pointsinthepaint', 'fastbreak']",1626153,94.00459921156373,43.627450980392155,1610612764,80,66,2023-04-01T00:46:51Z,3710000,False,-32.0,4.0,1,right,D. Wright running Layup (17 PTS) (D. Avdija 3 AST),"[1626153, 1630166]",1610612764.0,WAS,running,,,Wright,D. Wright,,,,,Restricted Area,0-8 Center,3.21,Made,17.0,D. Avdija,1630166.0,3.0,,,,,,,,,,,,,,
383,PT07M37.00S,2023-04-01T00:27:28.8Z,3,REGULAR,foul,personal,[],1626153,,,1610612753,80,66,2023-04-01T00:27:57Z,3730000,False,,,0,,D. Wright personal FOUL (1 PF),"[1626153, 1630532]",1610612764.0,WAS,,,,Wright,D. Wright,,,,,In The Paint (Non-RA),0-8 Center,,,,,,,,,,,,,,,,1626302.0,1.0,0.0,Wagner,1630532.0
385,PT07M30.00S,2023-04-01T00:27:53.3Z,3,REGULAR,2pt,Layup,['pointsinthepaint'],1628976,7.013797634691201,56.61764705882353,1610612753,80,68,2023-04-01T00:28:02Z,3750000,False,-33.0,13.0,1,left,W. Carter Jr. driving Layup (9 PTS),[1628976],1610612753.0,ORL,driving,,,Carter Jr.,W. Carter Jr.,,,,,Restricted Area,0-8 Center,3.57,Made,9.0,,,,,,,,,,,,,,,,,
386,PT07M09.00S,2023-04-01T00:28:18.0Z,3,REGULAR,foul,personal,[],1628976,,,1610612764,80,68,2023-04-01T00:28:55Z,3760000,False,,,0,,W. Carter Jr. personal FOUL (2 PF),"[1628976, 1630166]",1610612753.0,ORL,,,,Carter Jr.,W. Carter Jr.,,,,,In The Paint (Non-RA),8-16 Center,,,,,,,,,,,,,,,,202049.0,2.0,1.0,Avdija,1630166.0
388,PT06M59.00S,2023-04-01T00:28:50.1Z,3,REGULAR,3pt,Jump Shot,[],1631098,67.9862023653088,31.862745098039213,1610612764,80,68,2023-04-01T00:28:58Z,3780000,False,-91.0,248.0,1,right,MISS J. Davis 26' 3PT,[1631098],1610612764.0,WAS,,,,Davis,J. Davis,,,,,Above the Break 3,24+ Left Center,26.44,Missed,,,,,,,,,,,,,,,,,,
389,PT06M55.00S,2023-04-01T00:28:53.8Z,3,REGULAR,rebound,defensive,[],1631094,,,1610612753,80,68,2023-04-01T00:28:53Z,3790000,False,,,0,,P. Banchero REBOUND (Off:2 Def:7),[1631094],1610612753.0,ORL,,,,Banchero,P. Banchero,,,,,Above the Break 3,24+ Left Center,,,,,,,388.0,9.0,7.0,2.0,,,,,,,,,,
390,PT06M47.00S,2023-04-01T00:29:02.4Z,3,REGULAR,2pt,Layup,['pointsinthepaint'],1628976,7.539421813403408,47.79411764705882,1610612753,80,70,2023-04-01T00:29:07Z,3800000,False,11.0,18.0,1,left,W. Carter Jr. Layup (11 PTS) (P. Banchero 5 AST),"[1628976, 1631094]",1610612753.0,ORL,,,,Carter Jr.,W. Carter Jr.,,,,,Restricted Area,0-8 Center,2.14,Made,11.0,P. Banchero,1631094.0,5.0,,,,,,,,,,,,,,
392,PT06M47.00S,2023-04-01T00:29:08.0Z,3,REGULAR,timeout,full,"['team', 'mandatory']",0,,,1610612764,80,70,2023-04-01T00:29:08Z,3820000,False,,,0,,WAS Timeout,[],1610612764.0,WAS,,,,,,,,,,,,,,,,,,,,,,,,,,,,,,,
393,PT06M47.00S,2023-04-01T00:29:14.1Z,3,REGULAR,substitution,out,[],1630557,,,1610612764,80,70,2023-04-01T00:31:43Z,3830000,False,,,0,,SUB out: C. Kispert,[1630557],1610612764.0,WAS,,,,Kispert,C. Kispert,,,,,,,,,,,,,,,,,,,,,,,,,,
394,PT06M47.00S,2023-04-01T00:29:14.1Z,3,REGULAR,substitution,out,[],1630532,,,1610612764,80,70,2023-04-01T00:31:43Z,3840000,False,,,0,,SUB out: F. Wagner,[1630532],1610612753.0,ORL,,,,Wagner,F. Wagner,,,,,,,,,,,,,,,,,,,,,,,,,,
395,PT06M47.00S,2023-04-01T00:29:14.1Z,3,REGULAR,substitution,in,[],1630692,,,1610612764,80,70,2023-04-01T00:31:43Z,3850000,False,,,0,,SUB in: J. Goodwin,[1630692],1610612764.0,WAS,,,,Goodwin,J. Goodwin,,,,,,,,,,,,,,,,,,,,,,,,,,
396,PT06M47.00S,2023-04-01T00:29:14.1Z,3,REGULAR,substitution,in,[],1630175,,,1610612764,80,70,2023-04-01T00:31:43Z,3860000,False,,,0,,SUB in: C. Anthony,[1630175],1610612753.0,ORL,,,,Anthony,C. Anthony,,,,,,,,,,,,,,,,,,,,,,,,,,
397,PT06M30.00S,2023-04-01T00:32:16.5Z,3,REGULAR,2pt,Jump Shot,['pointsinthepaint'],1630166,79.68134034165571,52.94117647058824,1610612764,80,70,2023-04-01T00:32:22Z,3870000,False,15.0,138.0,1,right,MISS D. Avdija 13' turnaround Shot,[1630166],1610612764.0,WAS,turnaround,,,Avdija,D. Avdija,,,,,In The Paint (Non-RA),8-16 Center,13.93,Missed,,,,,,,,,,,,,,,,,,
398,PT06M28.00S,2023-04-01T00:32:18.5Z,3,REGULAR,rebound,defensive,[],1630175,,,1610612753,80,70,2023-04-01T00:32:22Z,3880000,False,,,0,,C. Anthony REBOUND (Off:0 Def:2),[1630175],1610612753.0,ORL,,,,Anthony,C. Anthony,,,,,In The Paint (Non-RA),8-16 Center,,,,,,,397.0,2.0,2.0,0.0,,,,,,,,,,
399,PT06M17.00S,2023-04-01T00:32:28.8Z,3,REGULAR,3pt,Jump Shot,[],1630175,22.864651773981606,8.065257352941174,1610612753,80,73,2023-04-01T00:32:38Z,3890000,False,210.0,162.0,1,left,C. Anthony 26' 3PT  (9 PTS) (W. Carter Jr. 2 AST),"[1630175, 1628976]",1610612753.0,ORL,,,,Anthony,C. Anthony,,,,,Above the Break 3,24+ Right Center,26.52,Made,9.0,W. Carter Jr.,1628976.0,2.0,,,,,,,,,,,,,,
401,PT05M53.00S,2023-04-01T00:32:52.4Z,3,REGULAR,3pt,Jump Shot,[],1630692,84.80617608409987,96.32352941176471,1610612764,80,73,2023-04-01T00:32:56Z,3910000,False,232.0,90.0,1,right,MISS J. Goodwin 24' 3PT,[1630692],1610612764.0,WAS,,,,Goodwin,J. Goodwin,,,,,Above the Break 3,24+ Right,24.86,Missed,,,,,,,,,,,,,,,,,,
402,PT05M52.00S,2023-04-01T00:32:53.4Z,3,REGULAR,rebound,defensive,[],1630175,,,1610612753,80,73,2023-04-01T00:32:56Z,3920000,False,,,0,,C. Anthony REBOUND (Off:0 Def:3),[1630175],1610612753.0,ORL,,,,Anthony,C. Anthony,,,,,Above the Break 3,24+ Right,,,,,,,401.0,3.0,3.0,0.0,,,,,,,,,,
511,PT05M45.00S,2023-04-01T00:33:01.0Z,3,REGULAR,2pt,Layup,[],1631094,10.036136662286467,32.84313725490196,1610612753,80,73,2023-04-01T00:51:50Z,3935000,False,86.0,42.0,1,left,MISS P. Banchero 9' driving Layup - blocked,"[1631094, 1631098]",1610612753.0,ORL,driving,,,Banchero,P. Banchero,,,,,Mid-Range,8-16 Right,9.54,Missed,,,,,,,,,Davis,1631098.0,,,,,,,,
512,PT05M45.00S,2023-04-01T00:33:01.0Z,3,REGULAR,block,,[],1631098,,,1610612753,80,73,2023-04-01T00:51:31Z,3942500,False,,,0,,J. Davis BLOCK (2 BLK),[1631098],1610612764.0,WAS,,,,Davis,J. Davis,,,,,Mid-Range,8-16 Right,,,,,,,,,,,,,,,,,,,,
513,PT05M45.00S,2023-04-01T00:33:01.0Z,3,REGULAR,rebound,defensive,[],1630692,,,1610612764,80,73,2023-04-01T00:51:31Z,3946250,False,,,0,,J. Goodwin REBOUND (Off:2 Def:3),[1630692],1610612764.0,WAS,,,,Goodwin,J. Goodwin,,,,,Mid-Range,8-16 Right,,,,,,,511.0,5.0,3.0,2.0,,,,,,,,,,
405,PT05M37.00S,2023-04-01T00:33:09.6Z,3,REGULAR,2pt,Layup,"['pointsinthepaint', 'fastbreak']",1630166,92.42772667542707,42.892156862745104,1610612764,80,73,2023-04-01T00:54:39Z,3950000,False,-36.0,19.0,1,right,MISS D. Avdija running Layup - blocked,"[1630166, 1628365]",1610612764.0,WAS,running,,,Avdija,D. Avdija,,,,,Restricted Area,0-8 Center,4.01,Missed,,,,,,,,,Fultz,1628365.0,,,,,,,,
406,PT05M37.00S,2023-04-01T00:33:09.6Z,3,REGULAR,block,,[],1628365,,,1610612764,80,73,2023-04-01T00:33:12Z,3960000,False,,,0,,M. Fultz BLOCK (1 BLK),[1628365],1610612753.0,ORL,,,,Fultz,M. Fultz,,,,,Restricted Area,0-8 Center,,,,,,,,,,,,,,,,,,,,
407,PT05M37.00S,2023-04-01T00:33:09.6Z,3,REGULAR,rebound,offensive,['team'],0,,,1610612764,80,73,2023-04-01T00:33:14Z,3970000,False,,,0,,TEAM offensive REBOUND,[],1610612764.0,WAS,,,,,,,,,,Restricted Area,0-8 Center,,,,,,,405.0,,,,,,,,,,,,,
409,PT05M27.00S,2023-04-01T00:33:42.3Z,3,REGULAR,2pt,Jump Shot,['2ndchance'],1630692,75.47634691195795,47.549019607843135,1610612764,80,73,2023-04-01T00:55:41Z,3990000,False,-12.0,178.0,1,right,MISS J. Goodwin 17' pullup Shot - blocked,"[1630692, 1628365]",1610612764.0,WAS,pullup,,,Goodwin,J. Goodwin,,,,,Mid-Range,16-24 Center,17.84,Missed,,,,,,,,,Fultz,1628365.0,,,,,,,,
410,PT05M27.00S,2023-04-01T00:33:42.3Z,3,REGULAR,block,,[],1628365,,,1610612764,80,73,2023-04-01T00:33:45Z,4000000,False,,,0,,M. Fultz BLOCK (2 BLK),[1628365],1610612753.0,ORL,,,,Fultz,M. Fultz,,,,,Mid-Range,16-24 Center,,,,,,,,,,,,,,,,,,,,
411,PT05M23.00S,2023-04-01T00:33:46.3Z,3,REGULAR,rebound,defensive,[],1628365,,,1610612753,80,73,2023-04-01T00:33:48Z,4010000,False,,,0,,M. Fultz REBOUND (Off:1 Def:3),[1628365],1610612753.0,ORL,,,,Fultz,M. Fultz,,,,,Mid-Range,16-24 Center,,,,,,,409.0,4.0,3.0,1.0,,,,,,,,,,
412,PT05M22.00S,2023-04-01T00:33:49.1Z,3,REGULAR,violation,kicked ball,[],1630692,,,1610612753,80,73,2023-04-01T00:34:08Z,4020000,False,,,0,,J. Goodwin kicked ball VIOLATION,[1630692],1610612764.0,WAS,,,,Goodwin,J. Goodwin,,,,,,,,,,,,,,,,,,,,,,1155.0,,,,
413,PT05M22.00S,2023-04-01T00:33:57.7Z,3,REGULAR,substitution,out,[],203914,,,1610612753,80,73,2023-04-01T00:34:01Z,4030000,False,,,0,,SUB out: G. Harris,[203914],1610612753.0,ORL,,,,Harris,G. Harris,,,,,,,,,,,,,,,,,,,,,,,,,,
414,PT05M22.00S,2023-04-01T00:33:57.7Z,3,REGULAR,substitution,in,[],1630591,,,1610612753,80,73,2023-04-01T00:34:01Z,4040000,False,,,0,,SUB in: J. Suggs,[1630591],1610612753.0,ORL,,,,Suggs,J. Suggs,,,,,,,,,,,,,,,,,,,,,,,,,,
415,PT05M15.00S,2023-04-01T00:34:20.0Z,3,REGULAR,2pt,Jump Shot,['pointsinthepaint'],1628365,17.65768725361366,63.72549019607843,1610612753,80,75,2023-04-01T00:57:25Z,4050000,False,-69.0,113.0,1,left,M. Fultz 13' pullup Jump Shot (19 PTS) (W. Carter Jr. 3 AST),"[1628365, 1628976]",1610612753.0,ORL,pullup,,,Fultz,M. Fultz,,,,,In The Paint (Non-RA),8-16 Left,13.26,Made,19.0,W. Carter Jr.,1628976.0,3.0,,,,,,,,,,,,,,
416,PT05M01.00S,2023-04-01T00:34:33.3Z,3,REGULAR,3pt,Jump Shot,[],1631098,81.91524310118265,5.392156862745097,1610612764,83,75,2023-04-01T00:34:39Z,4060000,False,-223.0,117.0,1,right,J. Davis 25' 3PT  (8 PTS) (J. Goodwin 5 AST),"[1631098, 1630692]",1610612764.0,WAS,,,,Davis,J. Davis,,,,,Above the Break 3,24+ Left Center,25.21,Made,8.0,J. Goodwin,1630692.0,5.0,,,,,,,,,,,,,,
418,PT04M45.00S,2023-04-01T00:34:52.3Z,3,REGULAR,foul,personal,['2freethrow'],1631098,,,1610612753,83,75,2023-04-01T00:35:18Z,4080000,False,,,0,,J. Davis shooting personal FOUL (3 PF) (Banchero 2 FT),"[1631098, 1631094]",1610612764.0,WAS,shooting,,,Davis,J. Davis,,,,,In The Paint (Non-RA),8-16 Right,,,,,,,,,,,,,,,,1155.0,3.0,0.0,Banchero,1631094.0
420,PT04M45.00S,2023-04-01T00:35:24.7Z,3,REGULAR,freethrow,1 of 2,[],1631094,,,1610612753,83,76,2023-04-01T00:35:24Z,4100000,False,,,0,,P. Banchero Free Throw 1 of 2 (20 PTS),[1631094],1610612753.0,ORL,,,,Banchero,P. Banchero,,,,,,,,Made,20.0,,,,,,,,,,,,,,,,,
421,PT04M45.00S,2023-04-01T00:35:28.5Z,3,REGULAR,substitution,out,[],1631098,,,1610612753,83,76,2023-04-01T00:35:31Z,4110000,False,,,0,,SUB out: J. Davis,[1631098],1610612764.0,WAS,,,,Davis,J. Davis,,,,,,,,,,,,,,,,,,,,,,,,,,
422,PT04M45.00S,2023-04-01T00:35:28.5Z,3,REGULAR,substitution,in,[],1629134,,,1610612753,83,76,2023-04-01T00:35:31Z,4120000,False,,,0,,SUB in: K. Nunn,[1629134],1610612764.0,WAS,,,,Nunn,K. Nunn,,,,,,,,,,,,,,,,,,,,,,,,,,
423,PT04M45.00S,2023-04-01T00:35:54.0Z,3,REGULAR,freethrow,2 of 2,[],1631094,,,1610612753,83,77,2023-04-01T00:35:54Z,4130000,False,,,0,,P. Banchero Free Throw 2 of 2 (21 PTS),[1631094],1610612753.0,ORL,,,,Banchero,P. Banchero,,,,,,,,Made,21.0,,,,,,,,,,,,,,,,,
424,PT04M25.00S,2023-04-01T00:36:16.6Z,3,REGULAR,2pt,Jump Shot,['pointsinthepaint'],1630692,90.71944809461235,63.23529411764706,1610612764,83,77,2023-04-01T00:36:21Z,4140000,False,66.0,35.0,1,right,MISS J. Goodwin 7' driving floating bank Shot,[1630692],1610612764.0,WAS,driving floating bank,,,Goodwin,J. Goodwin,,,,,In The Paint (Non-RA),0-8 Center,7.47,Missed,,,,,,,,,,,,,,,,,,
425,PT04M21.00S,2023-04-01T00:36:20.6Z,3,REGULAR,rebound,defensive,[],1631094,,,1610612753,83,77,2023-04-01T00:36:21Z,4150000,False,,,0,,P. Banchero REBOUND (Off:2 Def:8),[1631094],1610612753.0,ORL,,,,Banchero,P. Banchero,,,,,In The Paint (Non-RA),0-8 Center,,,,,,,424.0,10.0,8.0,2.0,,,,,,,,,,
426,PT04M16.00S,2023-04-01T00:36:25.3Z,3,REGULAR,3pt,Jump Shot,['fastbreak'],1628365,22.38830486202366,91.42156862745098,1610612753,83,80,2023-04-01T01:00:59Z,4160000,False,-207.0,158.0,1,left,M. Fultz 26' 3PT running (22 PTS) (P. Banchero 6 AST),"[1628365, 1631094]",1610612753.0,ORL,running,,,Fultz,M. Fultz,,,,,Above the Break 3,24+ Left Center,26.05,Made,22.0,P. Banchero,1631094.0,6.0,,,,,,,,,,,,,,
428,PT03M55.00S,2023-04-01T00:36:46.3Z,3,REGULAR,3pt,Jump Shot,[],1630692,91.45860709592641,96.79074754901961,1610612764,86,80,2023-04-01T00:36:52Z,4180000,False,234.0,28.0,1,right,J. Goodwin 3PT  (5 PTS) (D. Gafford 1 AST),"[1630692, 1629655]",1610612764.0,WAS,,,,Goodwin,J. Goodwin,,,,,Right Corner 3,24+ Right,23.56,Made,5.0,D. Gafford,1629655.0,1.0,,,,,,,,,,,,,,
430,PT03M42.00S,2023-04-01T00:36:59.4Z,3,REGULAR,3pt,Jump Shot,[],1631094,35.92312746386334,45.09803921568627,1610612753,86,80,2023-04-01T00:37:04Z,4200000,False,25.0,285.0,1,left,MISS P. Banchero 28' step back 3PT,[1631094],1610612753.0,ORL,step back,,,Banchero,P. Banchero,,,,,Above the Break 3,24+ Center,28.63,Missed,,,,,,,,,,,,,,,,,,
431,PT03M39.00S,2023-04-01T00:37:02.4Z,3,REGULAR,rebound,defensive,[],1629134,,,1610612764,86,80,2023-04-01T00:37:04Z,4210000,False,,,0,,K. Nunn REBOUND (Off:0 Def:3),[1629134],1610612764.0,WAS,,,,Nunn,K. Nunn,,,,,Above the Break 3,24+ Center,,,,,,,430.0,3.0,3.0,0.0,,,,,,,,,,
432,PT03M27.00S,2023-04-01T00:37:17.7Z,3,REGULAR,2pt,Layup,['pointsinthepaint'],1629655,93.74178712220763,49.26470588235294,1610612764,88,80,2023-04-01T01:02:06Z,4220000,False,-4.0,6.0,1,right,D. Gafford cutting finger roll Layup (14 PTS) (K. Nunn 1 AST),"[1629655, 1629134]",1610612764.0,WAS,cutting finger roll,,,Gafford,D. Gafford,,,,,Restricted Area,0-8 Center,0.73,Made,14.0,K. Nunn,1629134.0,1.0,,,,,,,,,,,,,,
434,PT03M27.00S,2023-04-01T00:37:20.3Z,3,REGULAR,foul,personal,"['inpenalty', '1freethrow']",1630175,,,1610612764,88,80,2023-04-01T00:37:28Z,4240000,False,,,0,,C. Anthony shooting personal FOUL (1 PF) (Gafford 1 FT),"[1630175, 1629655]",1610612753.0,ORL,shooting,,,Anthony,C. Anthony,,,,,Restricted Area,0-8 Center,,,,,,,,,,,,,,,,1155.0,1.0,0.0,Gafford,1629655.0
436,PT03M27.00S,2023-04-01T00:37:39.4Z,3,REGULAR,timeout,full,"['team', 'mandatory']",0,,,1610612764,88,80,2023-04-01T00:38:01Z,4260000,False,,,0,,ORL Timeout,[],1610612753.0,ORL,,,,,,,,,,,,,,,,,,,,,,,,,,,,,,,
437,PT03M27.00S,2023-04-01T00:37:41.6Z,3,REGULAR,substitution,out,[],1630166,,,1610612764,88,80,2023-04-01T00:39:10Z,4270000,False,,,0,,SUB out: D. Avdija,[1630166],1610612764.0,WAS,,,,Avdija,D. Avdija,,,,,,,,,,,,,,,,,,,,,,,,,,
438,PT03M27.00S,2023-04-01T00:37:41.6Z,3,REGULAR,substitution,out,[],1626153,,,1610612764,88,80,2023-04-01T00:39:10Z,4280000,False,,,0,,SUB out: D. Wright,[1626153],1610612764.0,WAS,,,,Wright,D. Wright,,,,,,,,,,,,,,,,,,,,,,,,,,
439,PT03M27.00S,2023-04-01T00:37:41.6Z,3,REGULAR,substitution,in,[],1630264,,,1610612764,88,80,2023-04-01T00:39:10Z,4290000,False,,,0,,SUB in: A. Gill,[1630264],1610612764.0,WAS,,,,Gill,A. Gill,,,,,,,,,,,,,,,,,,,,,,,,,,
440,PT03M27.00S,2023-04-01T00:37:41.6Z,3,REGULAR,substitution,in,[],1630557,,,1610612764,88,80,2023-04-01T00:39:10Z,4300000,False,,,0,,SUB in: C. Kispert,[1630557],1610612764.0,WAS,,,,Kispert,C. Kispert,,,,,,,,,,,,,,,,,,,,,,,,,,
441,PT03M27.00S,2023-04-01T00:39:29.9Z,3,REGULAR,freethrow,1 of 1,[],1629655,,,1610612764,89,80,2023-04-01T00:39:29Z,4310000,False,,,0,,D. Gafford Free Throw 1 of 1 (15 PTS),[1629655],1610612764.0,WAS,,,,Gafford,D. Gafford,,,,,,,,Made,15.0,,,,,,,,,,,,,,,,,
442,PT03M14.00S,2023-04-01T00:39:44.1Z,3,REGULAR,3pt,Jump Shot,[],1628976,33.952036793692514,41.666666666666664,1610612753,89,80,2023-04-01T00:39:49Z,4320000,False,42.0,267.0,1,left,MISS W. Carter Jr. 26' 3PT,[1628976],1610612753.0,ORL,,,,Carter Jr.,W. Carter Jr.,,,,,Above the Break 3,24+ Center,26.98,Missed,,,,,,,,,,,,,,,,,,
443,PT03M11.00S,2023-04-01T00:39:47.1Z,3,REGULAR,rebound,defensive,[],1630264,,,1610612764,89,80,2023-04-01T00:39:49Z,4330000,False,,,0,,A. Gill REBOUND (Off:1 Def:2),[1630264],1610612764.0,WAS,,,,Gill,A. Gill,,,,,Above the Break 3,24+ Center,,,,,,,442.0,3.0,2.0,1.0,,,,,,,,,,
444,PT02M59.00S,2023-04-01T00:39:59.4Z,3,REGULAR,2pt,Jump Shot,['pointsinthepaint'],1629134,81.38961892247043,44.36274509803921,1610612764,91,80,2023-04-01T01:03:52Z,4340000,False,-28.0,122.0,1,right,K. Nunn 12' floating Jump Shot (9 PTS),[1629134],1610612764.0,WAS,floating,,,Nunn,K. Nunn,,,,,In The Paint (Non-RA),8-16 Center,12.56,Made,9.0,,,,,,,,,,,,,,,,,
445,PT02M52.00S,2023-04-01T00:40:09.4Z,3,REGULAR,2pt,Jump Shot,['pointsinthepaint'],1631094,8.327858081471746,47.05882352941176,1610612753,91,82,2023-04-01T00:40:16Z,4350000,False,15.0,26.0,1,left,P. Banchero driving bank Jump Shot (23 PTS) (C. Anthony 2 AST),"[1631094, 1630175]",1610612753.0,ORL,driving bank,,,Banchero,P. Banchero,,,,,Restricted Area,0-8 Center,2.97,Made,23.0,C. Anthony,1630175.0,2.0,,,,,,,,,,,,,,
447,PT02M52.00S,2023-04-01T00:40:12.2Z,3,REGULAR,foul,personal,['1freethrow'],1629655,,,1610612753,91,82,2023-04-01T00:40:39Z,4370000,False,,,0,,D. Gafford shooting personal FOUL (2 PF) (Banchero 1 FT),"[1629655, 1631094]",1610612764.0,WAS,shooting,,,Gafford,D. Gafford,,,,,Restricted Area,0-8 Center,,,,,,,,,,,,,,,,1155.0,2.0,0.0,Banchero,1631094.0
449,PT02M52.00S,2023-04-01T00:40:22.5Z,3,REGULAR,substitution,out,[],1629655,,,1610612753,91,82,2023-04-01T00:40:37Z,4390000,False,,,0,,SUB out: D. Gafford,[1629655],1610612764.0,WAS,,,,Gafford,D. Gafford,,,,,,,,,,,,,,,,,,,,,,,,,,
450,PT02M52.00S,2023-04-01T00:40:22.5Z,3,REGULAR,substitution,out,[],1628976,,,1610612753,91,82,2023-04-01T00:40:37Z,4400000,False,,,0,,SUB out: W. Carter Jr.,[1628976],1610612753.0,ORL,,,,Carter Jr.,W. Carter Jr.,,,,,,,,,,,,,,,,,,,,,,,,,,
451,PT02M52.00S,2023-04-01T00:40:22.5Z,3,REGULAR,substitution,in,[],201959,,,1610612753,91,82,2023-04-01T00:40:37Z,4410000,False,,,0,,SUB in: T. Gibson,[201959],1610612764.0,WAS,,,,Gibson,T. Gibson,,,,,,,,,,,,,,,,,,,,,,,,,,
452,PT02M52.00S,2023-04-01T00:40:22.5Z,3,REGULAR,substitution,in,[],1629048,,,1610612753,91,82,2023-04-01T00:40:37Z,4420000,False,,,0,,SUB in: G. Bitadze,[1629048],1610612753.0,ORL,,,,Bitadze,G. Bitadze,,,,,,,,,,,,,,,,,,,,,,,,,,
453,PT02M52.00S,2023-04-01T00:40:57.7Z,3,REGULAR,freethrow,1 of 1,[],1631094,,,1610612753,91,83,2023-04-01T00:56:00Z,4430000,False,,,0,,P. Banchero Free Throw 1 of 1 (24 PTS),[1631094],1610612753.0,ORL,,,,Banchero,P. Banchero,,,,,,,,Made,24.0,,,,,,,,,,,,,,,,,
645,PT02M40.00S,2023-04-01T00:41:09.4Z,3,REGULAR,turnover,bad pass,[],1630692,,,1610612764,91,83,2023-04-01T01:22:05Z,4440000,False,,,0,,J. Goodwin bad pass TURNOVER (2 TO),"[1630692, 1629048]",1610612764.0,WAS,,,,Goodwin,J. Goodwin,,,,,Mid-Range,8-16 Center,,,,,,,,,,,,,2.0,Bitadze,1629048.0,,,,,
646,PT02M40.00S,2023-04-01T00:41:09.4Z,3,REGULAR,steal,,[],1629048,,,1610612753,91,83,2023-04-01T01:22:05Z,4445000,False,,,0,,G. Bitadze STEAL (1 STL),[1629048],1610612753.0,ORL,,,,Bitadze,G. Bitadze,,,,,Mid-Range,8-16 Center,,,,,,,,,,,,,,,,,,,,
648,PT02M39.00S,2023-04-01T00:41:15.3Z,3,REGULAR,turnover,lost ball,[],1631094,,,1610612753,91,83,2023-04-01T01:22:39Z,4447500,False,,,0,,P. Banchero lost ball TURNOVER (2 TO),"[1631094, 1630692]",1610612753.0,ORL,,,,Banchero,P. Banchero,,,,,In The Paint (Non-RA),8-16 Right,,,,,,,,,,,,,2.0,Goodwin,1630692.0,,,,,
649,PT02M39.00S,2023-04-01T00:41:15.3Z,3,REGULAR,steal,,[],1630692,,,1610612764,91,83,2023-04-01T01:22:39Z,4448750,False,,,0,,J. Goodwin STEAL (1 STL),[1630692],1610612764.0,WAS,,,,Goodwin,J. Goodwin,,,,,In The Paint (Non-RA),8-16 Right,,,,,,,,,,,,,,,,,,,,
455,PT02M34.00S,2023-04-01T00:41:21.2Z,3,REGULAR,3pt,Jump Shot,['fromturnover'],1630557,81.12680683311433,3.9215686274509807,1610612764,91,83,2023-04-01T01:22:39Z,4450000,False,-230.0,125.0,1,right,MISS C. Kispert 26' 3PT,[1630557],1610612764.0,WAS,,,,Kispert,C. Kispert,,,,,Above the Break 3,24+ Left Center,26.21,Missed,,,,,,,,,,,,,,,,,,
456,PT02M30.00S,2023-04-01T00:41:25.2Z,3,REGULAR,rebound,defensive,[],1630175,,,1610612753,91,83,2023-04-01T01:08:33Z,4460000,False,,,0,,C. Anthony REBOUND (Off:0 Def:4),[1630175],1610612753.0,ORL,,,,Anthony,C. Anthony,,,,,Above the Break 3,24+ Left Center,,,,,,,455.0,4.0,4.0,0.0,,,,,,,,,,
457,PT02M21.00S,2023-04-01T00:41:29.0Z,3,REGULAR,2pt,Jump Shot,['fastbreak'],1630175,14.635348226018394,80.88235294117646,1610612753,91,83,2023-04-01T01:09:07Z,4470000,False,-154.0,85.0,1,left,MISS C. Anthony 17' running pullup Shot,[1630175],1610612753.0,ORL,running pullup,,,Anthony,C. Anthony,,,,,Mid-Range,16-24 Left,17.63,Missed,,,,,,,,,,,,,,,,,,
458,PT02M19.00S,2023-04-01T00:41:31.0Z,3,REGULAR,rebound,defensive,[],1630557,,,1610612764,91,83,2023-04-01T00:41:33Z,4480000,False,,,0,,C. Kispert REBOUND (Off:0 Def:1),[1630557],1610612764.0,WAS,,,,Kispert,C. Kispert,,,,,Mid-Range,16-24 Left,,,,,,,457.0,1.0,1.0,0.0,,,,,,,,,,
459,PT02M05.00S,2023-04-01T00:41:45.7Z,3,REGULAR,3pt,Jump Shot,[],1630557,66.14651773981603,49.01960784313726,1610612764,91,83,2023-04-01T01:09:53Z,4490000,False,-5.0,266.0,1,right,MISS C. Kispert 26' pullup 3PT - blocked,"[1630557, 1631094]",1610612764.0,WAS,pullup,,,Kispert,C. Kispert,,,,,Above the Break 3,24+ Center,26.57,Missed,,,,,,,,,Banchero,1631094.0,,,,,,,,
462,PT02M05.00S,2023-04-01T00:41:45.7Z,3,REGULAR,block,,[],1631094,,,1610612764,91,83,2023-04-01T00:41:54Z,4495000,False,,,0,,P. Banchero BLOCK (2 BLK),[1631094],1610612753.0,ORL,,,,Banchero,P. Banchero,,,,,Above the Break 3,24+ Center,,,,,,,,,,,,,,,,,,,,
460,PT02M02.00S,2023-04-01T00:41:48.7Z,3,REGULAR,rebound,defensive,[],1628365,,,1610612753,91,83,2023-04-01T00:41:54Z,4500000,False,,,0,,M. Fultz REBOUND (Off:1 Def:4),[1628365],1610612753.0,ORL,,,,Fultz,M. Fultz,,,,,Above the Break 3,24+ Center,,,,,,,459.0,5.0,4.0,1.0,,,,,,,,,,
461,PT01M59.00S,2023-04-01T00:41:51.6Z,3,REGULAR,turnover,bad pass,[],1628365,,,1610612753,91,83,2023-04-01T01:24:20Z,4510000,False,,,0,,M. Fultz bad pass TURNOVER (2 TO),"[1628365, 1629134]",1610612753.0,ORL,,,,Fultz,M. Fultz,,,,,In The Paint (Non-RA),0-8 Center,,,,,,,,,,,,,2.0,Nunn,1629134.0,,,,,
463,PT01M59.00S,2023-04-01T00:41:51.6Z,3,REGULAR,steal,,[],1629134,,,1610612764,91,83,2023-04-01T00:41:54Z,4520000,False,,,0,,K. Nunn STEAL (1 STL),[1629134],1610612764.0,WAS,,,,Nunn,K. Nunn,,,,,In The Paint (Non-RA),0-8 Center,,,,,,,,,,,,,,,,,,,,
464,PT01M42.00S,2023-04-01T00:42:08.3Z,3,REGULAR,2pt,Jump Shot,"['pointsinthepaint', 'fromturnover']",1630692,80.73258869908015,59.31372549019608,1610612764,93,83,2023-04-01T00:42:13Z,4530000,False,47.0,129.0,1,right,J. Goodwin 13' pullup Jump Shot (7 PTS) (K. Nunn 2 AST),"[1630692, 1629134]",1610612764.0,WAS,pullup,,,Goodwin,J. Goodwin,,,,,In The Paint (Non-RA),8-16 Center,13.68,Made,7.0,K. Nunn,1629134.0,2.0,,,,,,,,,,,,,,
466,PT01M28.00S,2023-04-01T00:42:22.0Z,3,REGULAR,3pt,Jump Shot,[],1629048,30.27266754270697,25.0,1610612753,93,83,2023-04-01T00:42:26Z,4550000,False,125.0,232.0,1,left,MISS G. Bitadze 26' 3PT,[1629048],1610612753.0,ORL,,,,Bitadze,G. Bitadze,,,,,Above the Break 3,24+ Right Center,26.36,Missed,,,,,,,,,,,,,,,,,,
467,PT01M25.00S,2023-04-01T00:42:25.0Z,3,REGULAR,rebound,defensive,[],1630557,,,1610612764,93,83,2023-04-01T00:42:26Z,4560000,False,,,0,,C. Kispert REBOUND (Off:0 Def:2),[1630557],1610612764.0,WAS,,,,Kispert,C. Kispert,,,,,Above the Break 3,24+ Right Center,,,,,,,466.0,2.0,2.0,0.0,,,,,,,,,,
468,PT01M08.00S,2023-04-01T00:42:42.0Z,3,REGULAR,2pt,Jump Shot,[],201959,93.2161629434954,13.235294117647058,1610612764,93,83,2023-04-01T00:42:48Z,4570000,False,-184.0,11.0,1,right,MISS T. Gibson 18' Jump Shot,[201959],1610612764.0,WAS,,,,Gibson,T. Gibson,,,,,Mid-Range,16-24 Left,18.41,Missed,,,,,,,,,,,,,,,,,,
469,PT01M05.00S,2023-04-01T00:42:45.0Z,3,REGULAR,rebound,defensive,[],1631094,,,1610612753,93,83,2023-04-01T00:42:48Z,4580000,False,,,0,,P. Banchero REBOUND (Off:2 Def:9),[1631094],1610612753.0,ORL,,,,Banchero,P. Banchero,,,,,Mid-Range,16-24 Left,,,,,,,468.0,11.0,9.0,2.0,,,,,,,,,,
470,PT00M46.00S,2023-04-01T00:43:04.5Z,3,REGULAR,2pt,Jump Shot,[],1631094,24.096583442838366,61.029411764705884,1610612753,93,85,2023-04-01T01:21:10Z,4590000,False,-55.0,174.0,1,left,P. Banchero 18' turnaround Jump Shot (26 PTS) (C. Anthony 3 AST),"[1631094, 1630175]",1610612753.0,ORL,turnaround,,,Banchero,P. Banchero,,,,,Mid-Range,16-24 Center,18.25,Made,26.0,C. Anthony,1630175.0,3.0,,,,,,,,,,,,,,
472,PT00M37.90S,2023-04-01T00:43:17.8Z,3,REGULAR,2pt,Jump Shot,[],1630692,84.80617608409987,16.17647058823529,1610612764,93,85,2023-04-01T00:43:26Z,4610000,False,-169.0,90.0,1,right,MISS J. Goodwin 19' step back Shot,[1630692],1610612764.0,WAS,step back,,,Goodwin,J. Goodwin,,,,,Mid-Range,16-24 Left,19.17,Missed,,,,,,,,,,,,,,,,,,
473,PT00M33.90S,2023-04-01T00:43:21.8Z,3,REGULAR,rebound,defensive,[],1630175,,,1610612753,93,85,2023-04-01T00:43:26Z,4620000,False,,,0,,C. Anthony REBOUND (Off:0 Def:5),[1630175],1610612753.0,ORL,,,,Anthony,C. Anthony,,,,,Mid-Range,16-24 Left,,,,,,,472.0,5.0,5.0,0.0,,,,,,,,,,
474,PT00M30.60S,2023-04-01T00:43:25.1Z,3,REGULAR,2pt,Jump Shot,"['pointsinthepaint', 'fastbreak']",1630175,20.02299605781866,60.53921568627451,1610612753,93,85,2023-04-01T01:26:02Z,4630000,False,-53.0,136.0,1,left,MISS C. Anthony 14' running pullup Shot,[1630175],1610612753.0,ORL,running pullup,,,Anthony,C. Anthony,,,,,In The Paint (Non-RA),8-16 Center,14.56,Missed,,,,,,,,,,,,,,,,,,
475,PT00M26.90S,2023-04-01T00:43:28.8Z,3,REGULAR,rebound,defensive,[],201959,,,1610612764,93,85,2023-04-01T00:43:31Z,4640000,False,,,0,,T. Gibson REBOUND (Off:0 Def:1),[201959],1610612764.0,WAS,,,,Gibson,T. Gibson,,,,,In The Paint (Non-RA),8-16 Center,,,,,,,474.0,1.0,1.0,0.0,,,,,,,,,,
476,PT00M09.30S,2023-04-01T00:43:46.3Z,3,REGULAR,3pt,Jump Shot,[],1629134,74.29369250985545,86.51960784313725,1610612764,96,85,2023-04-01T01:26:21Z,4650000,False,183.0,189.0,1,right,K. Nunn 26' 3PT pullup (12 PTS),[1629134],1610612764.0,WAS,pullup,,,Nunn,K. Nunn,,,,,Above the Break 3,24+ Right Center,26.29,Made,12.0,,,,,,,,,,,,,,,,,
477,PT00M04.90S,2023-04-01T00:43:59.6Z,3,REGULAR,foul,personal,[],1630692,,,1610612753,96,85,2023-04-01T00:44:39Z,4660000,False,,,0,,J. Goodwin personal FOUL (1 PF),"[1630692, 1628365]",1610612764.0,WAS,,,,Goodwin,J. Goodwin,,,,,Above the Break 3,24+ Right Center,,,,,,,,,,,,,,,,202049.0,1.0,0.0,Fultz,1628365.0
479,PT00M03.70S,2023-04-01T00:44:17.4Z,3,REGULAR,foul,offensive,['inpenalty'],1629048,,,1610612753,96,85,2023-04-01T00:44:22Z,4680000,False,,,0,,G. Bitadze offensive FOUL (1 PF),"[1629048, 1630692]",1610612753.0,ORL,,,,Bitadze,G. Bitadze,,,,,Above the Break 3,24+ Right Center,,,,,,,,,,,,,,,,202049.0,1.0,0.0,Goodwin,1630692.0
481,PT00M03.70S,2023-04-01T00:44:17.4Z,3,REGULAR,turnover,offensive foul,[],1629048,,,1610612753,96,85,2023-04-01T00:44:17Z,4700000,False,,,0,,G. Bitadze offensive foul TURNOVER (1 TO),[1629048],1610612753.0,ORL,,,,Bitadze,G. Bitadze,,,,,Above the Break 3,24+ Right Center,,,,,,,,,,,,,1.0,,,202049.0,,,,
482,PT00M00.00S,2023-04-01T00:44:39.1Z,3,REGULAR,period,end,[],0,,,1610612764,96,85,2023-04-01T00:44:39Z,4710000,False,,,0,,Period End,[],,,,,,,,,,,,,,,,,,,,,,,,,,,,,,,,,
483,PT12M00.00S,2023-04-01T00:45:16.7Z,4,REGULAR,substitution,out,['startperiod'],1631094,,,1610612764,96,85,2023-04-01T00:47:10Z,4720000,False,,,0,,SUB out: P. Banchero,[1631094],1610612753.0,ORL,,,,Banchero,P. Banchero,,,,,,,,,,,,,,,,,,,,,,,,,,
484,PT12M00.00S,2023-04-01T00:45:16.7Z,4,REGULAR,substitution,out,['startperiod'],1628365,,,1610612764,96,85,2023-04-01T00:47:10Z,4730000,False,,,0,,SUB out: M. Fultz,[1628365],1610612753.0,ORL,,,,Fultz,M. Fultz,,,,,,,,,,,,,,,,,,,,,,,,,,
485,PT12M00.00S,2023-04-01T00:45:16.7Z,4,REGULAR,substitution,in,['startperiod'],1631216,,,1610612764,96,85,2023-04-01T00:47:10Z,4740000,False,,,0,,SUB in: C. Houstan,[1631216],1610612753.0,ORL,,,,Houstan,C. Houstan,,,,,,,,,,,,,,,,,,,,,,,,,,
486,PT12M00.00S,2023-04-01T00:45:16.7Z,4,REGULAR,substitution,in,['startperiod'],1630532,,,1610612764,96,85,2023-04-01T00:47:10Z,4750000,False,,,0,,SUB in: F. Wagner,[1630532],1610612753.0,ORL,,,,Wagner,F. Wagner,,,,,,,,,,,,,,,,,,,,,,,,,,
487,PT12M00.00S,2023-04-01T00:47:26.6Z,4,REGULAR,period,start,[],0,,,1610612753,96,85,2023-04-01T00:47:26Z,4760000,False,,,0,,Period Start,[],,,,,,,,,,,,,,,,,,,,,,,,,,,,,,,,,
488,PT11M51.00S,2023-04-01T00:47:36.3Z,4,REGULAR,turnover,out-of-bounds,[],1630591,,,1610612753,96,85,2023-04-01T00:47:45Z,4770000,False,,,0,,J. Suggs bad pass out-of-bounds TURNOVER (1 TO),[1630591],1610612753.0,ORL,bad pass,,,Suggs,J. Suggs,,,,,Mid-Range,8-16 Right,,,,,,,,,,,,,1.0,,,1626302.0,,,,
489,PT11M40.00S,2023-04-01T00:47:53.8Z,4,REGULAR,3pt,Jump Shot,['fromturnover'],1630692,72.58541392904074,85.7843137254902,1610612764,96,85,2023-04-01T00:47:58Z,4780000,False,179.0,205.0,1,right,MISS J. Goodwin 27' 3PT,[1630692],1610612764.0,WAS,,,,Goodwin,J. Goodwin,,,,,Above the Break 3,24+ Right Center,27.22,Missed,,,,,,,,,,,,,,,,,,
490,PT11M37.00S,2023-04-01T00:47:56.8Z,4,REGULAR,rebound,defensive,[],1630591,,,1610612753,96,85,2023-04-01T00:47:58Z,4790000,False,,,0,,J. Suggs REBOUND (Off:0 Def:2),[1630591],1610612753.0,ORL,,,,Suggs,J. Suggs,,,,,Above the Break 3,24+ Right Center,,,,,,,489.0,2.0,2.0,0.0,,,,,,,,,,
491,PT11M35.00S,2023-04-01T00:48:02.3Z,4,REGULAR,foul,personal,['2freethrow'],1629134,,,1610612753,96,85,2023-04-01T00:48:07Z,4800000,False,,,0,,K. Nunn shooting personal FOUL (3 PF) (Suggs 2 FT),"[1629134, 1630591]",1610612764.0,WAS,shooting,,,Nunn,K. Nunn,,,,,In The Paint (Non-RA),0-8 Center,,,,,,,,,,,,,,,,1626302.0,3.0,0.0,Suggs,1630591.0
493,PT11M35.00S,2023-04-01T00:48:24.8Z,4,REGULAR,freethrow,1 of 2,['fastbreak'],1630591,,,1610612753,96,86,2023-04-01T01:27:34Z,4820000,False,,,0,,J. Suggs Free Throw 1 of 2 (3 PTS),[1630591],1610612753.0,ORL,,,,Suggs,J. Suggs,,,,,,,,Made,3.0,,,,,,,,,,,,,,,,,
494,PT11M35.00S,2023-04-01T00:48:24.8Z,4,REGULAR,freethrow,2 of 2,['fastbreak'],1630591,,,1610612753,96,87,2023-04-01T01:27:34Z,4830000,False,,,0,,J. Suggs Free Throw 2 of 2 (4 PTS),[1630591],1610612753.0,ORL,,,,Suggs,J. Suggs,,,,,,,,Made,4.0,,,,,,,,,,,,,,,,,
495,PT11M18.00S,2023-04-01T00:49:00.2Z,4,REGULAR,2pt,Hook,['pointsinthepaint'],201959,88.35413929040736,47.79411764705882,1610612764,96,87,2023-04-01T00:49:04Z,4840000,False,-11.0,57.0,1,right,MISS T. Gibson Hook,[201959],1610612764.0,WAS,,,,Gibson,T. Gibson,,,,,In The Paint (Non-RA),0-8 Center,5.81,Missed,,,,,,,,,,,,,,,,,,
496,PT11M16.00S,2023-04-01T00:49:02.2Z,4,REGULAR,rebound,defensive,[],1631216,,,1610612753,96,87,2023-04-01T00:49:04Z,4850000,False,,,0,,C. Houstan REBOUND (Off:0 Def:1),[1631216],1610612753.0,ORL,,,,Houstan,C. Houstan,,,,,In The Paint (Non-RA),0-8 Center,,,,,,,495.0,1.0,1.0,0.0,,,,,,,,,,
666,PT11M14.00S,2023-04-01T00:49:24.3Z,4,REGULAR,turnover,lost ball,[],1630532,,,1610612753,96,87,2023-04-01T01:30:33Z,4880000,False,,,0,,F. Wagner lost ball TURNOVER (2 TO),[1630532],1610612753.0,ORL,,,,Wagner,F. Wagner,,,,,In The Paint (Non-RA),0-8 Center,,,,,,,,,,,,,2.0,,,,,,,
669,PT11M11.00S,2023-04-01T00:49:36.4Z,4,REGULAR,foul,personal,[],1629048,,,1610612764,96,87,2023-04-01T01:31:47Z,4895000,False,,,0,,G. Bitadze loose ball personal FOUL (2 PF),"[1629048, 1630692]",1610612753.0,ORL,loose ball,,,Bitadze,G. Bitadze,,,,,In The Paint (Non-RA),8-16 Right,,,,,,,,,,,,,,,,202049.0,2.0,0.0,Goodwin,1630692.0
502,PT10M52.00S,2023-04-01T00:49:48.5Z,4,REGULAR,turnover,out-of-bounds,[],1630264,,,1610612764,96,87,2023-04-01T00:50:01Z,4910000,False,,,0,,A. Gill lost ball out-of-bounds TURNOVER (1 TO),[1630264],1610612764.0,WAS,lost ball,,,Gill,A. Gill,,,,,Mid-Range,8-16 Left,,,,,,,,,,,,,1.0,,,1626302.0,,,,
503,PT10M41.00S,2023-04-01T00:50:04.0Z,4,REGULAR,3pt,Jump Shot,['fromturnover'],1630532,28.695795006570307,87.00980392156862,1610612753,96,90,2023-04-01T00:50:08Z,4920000,False,-185.0,217.0,1,left,F. Wagner 28' 3PT  (12 PTS) (G. Bitadze 3 AST),"[1630532, 1629048]",1610612753.0,ORL,,,,Wagner,F. Wagner,,,,,Above the Break 3,24+ Left Center,28.53,Made,12.0,G. Bitadze,1629048.0,3.0,,,,,,,,,,,,,,
505,PT10M23.00S,2023-04-01T00:50:27.9Z,4,REGULAR,foul,offensive,[],1629134,,,1610612764,96,90,2023-04-01T00:51:11Z,4940000,False,,,0,,K. Nunn charge offensive FOUL (4 PF),"[1629134, 1630175]",1610612764.0,WAS,charge,,,Nunn,K. Nunn,,,,,In The Paint (Non-RA),0-8 Center,,,,,,,,,,,,,,,,1626302.0,4.0,0.0,Anthony,1630175.0
507,PT10M23.00S,2023-04-01T00:50:27.9Z,4,REGULAR,turnover,offensive foul,[],1629134,,,1610612764,96,90,2023-04-01T00:50:27Z,4960000,False,,,0,,K. Nunn offensive foul TURNOVER (2 TO),[1629134],1610612764.0,WAS,,,,Nunn,K. Nunn,,,,,In The Paint (Non-RA),0-8 Center,,,,,,,,,,,,,2.0,,,1626302.0,,,,
508,PT10M15.00S,2023-04-01T00:50:55.7Z,4,REGULAR,2pt,Jump Shot,['fromturnover'],1630532,5.519053876478324,91.88878676470588,1610612753,96,92,2023-04-01T00:51:08Z,4970000,False,-209.0,-1.0,1,left,F. Wagner 20' Jump Shot (14 PTS) (C. Houstan 1 AST),"[1630532, 1631216]",1610612753.0,ORL,,,,Wagner,F. Wagner,,,,,Mid-Range,16-24 Left,20.94,Made,14.0,C. Houstan,1631216.0,1.0,,,,,,,,,,,,,,
510,PT10M15.00S,2023-04-01T00:51:02.6Z,4,REGULAR,timeout,full,"['team', 'mandatory']",0,,,1610612764,96,92,2023-04-01T00:51:02Z,4990000,False,,,0,,WAS Timeout,[],1610612764.0,WAS,,,,,,,,,,,,,,,,,,,,,,,,,,,,,,,
514,PT10M15.00S,2023-04-01T00:51:14.1Z,4,REGULAR,substitution,out,[],1630692,,,1610612764,96,92,2023-04-01T00:54:04Z,5000000,False,,,0,,SUB out: J. Goodwin,[1630692],1610612764.0,WAS,,,,Goodwin,J. Goodwin,,,,,,,,,,,,,,,,,,,,,,,,,,
515,PT10M15.00S,2023-04-01T00:51:14.1Z,4,REGULAR,substitution,out,[],201959,,,1610612764,96,92,2023-04-01T00:54:04Z,5010000,False,,,0,,SUB out: T. Gibson,[201959],1610612764.0,WAS,,,,Gibson,T. Gibson,,,,,,,,,,,,,,,,,,,,,,,,,,
516,PT10M15.00S,2023-04-01T00:51:14.1Z,4,REGULAR,substitution,in,[],1629655,,,1610612764,96,92,2023-04-01T00:54:04Z,5020000,False,,,0,,SUB in: D. Gafford,[1629655],1610612764.0,WAS,,,,Gafford,D. Gafford,,,,,,,,,,,,,,,,,,,,,,,,,,
517,PT10M15.00S,2023-04-01T00:51:14.1Z,4,REGULAR,substitution,in,[],1626153,,,1610612764,96,92,2023-04-01T00:54:04Z,5030000,False,,,0,,SUB in: D. Wright,[1626153],1610612764.0,WAS,,,,Wright,D. Wright,,,,,,,,,,,,,,,,,,,,,,,,,,
518,PT09M56.00S,2023-04-01T00:54:32.9Z,4,REGULAR,3pt,Jump Shot,[],1629134,87.0400788436268,95.83333333333333,1610612764,96,92,2023-04-01T00:54:43Z,5040000,False,229.0,69.0,1,right,MISS K. Nunn 3PT,[1629134],1610612764.0,WAS,,,,Nunn,K. Nunn,,,,,Right Corner 3,24+ Right,23.94,Missed,,,,,,,,,,,,,,,,,,
519,PT09M53.00S,2023-04-01T00:54:35.9Z,4,REGULAR,rebound,defensive,[],1630591,,,1610612753,96,92,2023-04-01T00:54:43Z,5050000,False,,,0,,J. Suggs REBOUND (Off:0 Def:3),[1630591],1610612753.0,ORL,,,,Suggs,J. Suggs,,,,,Right Corner 3,24+ Right,,,,,,,518.0,3.0,3.0,0.0,,,,,,,,,,
520,PT09M38.00S,2023-04-01T00:54:50.6Z,4,REGULAR,2pt,Layup,['pointsinthepaint'],1630591,6.307490144546648,54.69132965686275,1610612753,96,94,2023-04-01T00:54:57Z,5060000,False,-23.0,7.0,1,left,J. Suggs driving Layup (6 PTS),[1630591],1610612753.0,ORL,driving,,,Suggs,J. Suggs,,,,,Restricted Area,0-8 Center,2.45,Made,6.0,,,,,,,,,,,,,,,,,
521,PT09M20.00S,2023-04-01T00:55:08.2Z,4,REGULAR,2pt,Layup,['pointsinthepaint'],1630264,91.37647831800263,56.372549019607845,1610612764,96,94,2023-04-01T00:55:15Z,5070000,False,32.0,29.0,1,right,MISS A. Gill Layup - blocked,"[1630264, 1629048]",1610612764.0,WAS,,,,Gill,A. Gill,,,,,Restricted Area,0-8 Center,4.28,Missed,,,,,,,,,Bitadze,1629048.0,,,,,,,,
522,PT09M20.00S,2023-04-01T00:55:08.2Z,4,REGULAR,block,,[],1629048,,,1610612764,96,94,2023-04-01T00:55:10Z,5080000,False,,,0,,G. Bitadze BLOCK (1 BLK),[1629048],1610612753.0,ORL,,,,Bitadze,G. Bitadze,,,,,Restricted Area,0-8 Center,,,,,,,,,,,,,,,,,,,,
523,PT09M16.00S,2023-04-01T00:55:12.2Z,4,REGULAR,rebound,defensive,[],1630532,,,1610612753,96,94,2023-04-01T00:55:15Z,5090000,False,,,0,,F. Wagner REBOUND (Off:2 Def:1),[1630532],1610612753.0,ORL,,,,Wagner,F. Wagner,,,,,Restricted Area,0-8 Center,,,,,,,521.0,3.0,1.0,2.0,,,,,,,,,,
524,PT09M09.00S,2023-04-01T00:55:21.9Z,4,REGULAR,foul,personal,['2freethrow'],1629655,,,1610612753,96,94,2023-04-01T00:55:29Z,5100000,False,,,0,,D. Gafford shooting personal FOUL (3 PF) (Suggs 2 FT),"[1629655, 1630591]",1610612764.0,WAS,shooting,,,Gafford,D. Gafford,,,,,Restricted Area,0-8 Center,,,,,,,,,,,,,,,,202049.0,3.0,0.0,Suggs,1630591.0
526,PT09M09.00S,2023-04-01T00:55:47.8Z,4,REGULAR,freethrow,1 of 2,[],1630591,,,1610612753,96,95,2023-04-01T00:55:47Z,5120000,False,,,0,,J. Suggs Free Throw 1 of 2 (7 PTS),[1630591],1610612753.0,ORL,,,,Suggs,J. Suggs,,,,,,,,Made,7.0,,,,,,,,,,,,,,,,,
527,PT09M09.00S,2023-04-01T00:55:48.3Z,4,REGULAR,substitution,out,[],1630264,,,1610612753,96,95,2023-04-01T00:55:53Z,5130000,False,,,0,,SUB out: A. Gill,[1630264],1610612764.0,WAS,,,,Gill,A. Gill,,,,,,,,,,,,,,,,,,,,,,,,,,
528,PT09M09.00S,2023-04-01T00:55:48.3Z,4,REGULAR,substitution,in,[],1630166,,,1610612753,96,95,2023-04-01T00:55:53Z,5140000,False,,,0,,SUB in: D. Avdija,[1630166],1610612764.0,WAS,,,,Avdija,D. Avdija,,,,,,,,,,,,,,,,,,,,,,,,,,
529,PT09M09.00S,2023-04-01T00:56:11.5Z,4,REGULAR,freethrow,2 of 2,[],1630591,,,1610612753,96,96,2023-04-01T00:56:11Z,5150000,False,,,0,,J. Suggs Free Throw 2 of 2 (8 PTS),[1630591],1610612753.0,ORL,,,,Suggs,J. Suggs,,,,,,,,Made,8.0,,,,,,,,,,,,,,,,,
530,PT08M45.00S,2023-04-01T00:56:37.6Z,4,REGULAR,2pt,Jump Shot,[],1629134,84.01773981603154,74.50980392156863,1610612764,96,96,2023-04-01T01:34:54Z,5160000,False,123.0,98.0,1,right,MISS K. Nunn 15' turnaround fadeaway Shot,[1629134],1610612764.0,WAS,turnaround fadeaway,,,Nunn,K. Nunn,,,,,Mid-Range,8-16 Right,15.67,Missed,,,,,,,,,,,,,,,,,,
531,PT08M44.00S,2023-04-01T00:56:38.6Z,4,REGULAR,rebound,offensive,[],1629655,,,1610612764,96,96,2023-04-01T01:38:21Z,5170000,False,,,0,,D. Gafford REBOUND (Off:4 Def:3),[1629655],1610612764.0,WAS,,,,Gafford,D. Gafford,,,,,Mid-Range,8-16 Right,,,,,,,530.0,7.0,3.0,4.0,,,,,,,,,,
532,PT08M43.00S,2023-04-01T00:56:41.9Z,4,REGULAR,2pt,Layup,"['pointsinthepaint', '2ndchance']",1629655,91.11366622864652,44.36274509803921,1610612764,96,96,2023-04-01T01:37:38Z,5180000,False,-28.0,31.0,1,right,MISS D. Gafford putback Layup - blocked,"[1629655, 1630532]",1610612764.0,WAS,putback,,,Gafford,D. Gafford,,,,,Restricted Area,0-8 Center,4.19,Missed,,,,,,,,,Wagner,1630532.0,,,,,,,,
533,PT08M43.00S,2023-04-01T00:56:41.9Z,4,REGULAR,block,,[],1630532,,,1610612764,96,96,2023-04-01T01:37:15Z,5190000,False,,,0,,F. Wagner BLOCK (1 BLK),[1630532],1610612753.0,ORL,,,,Wagner,F. Wagner,,,,,Restricted Area,0-8 Center,,,,,,,,,,,,,,,,,,,,
534,PT08M41.00S,2023-04-01T00:56:43.9Z,4,REGULAR,rebound,offensive,[],1629655,,,1610612764,96,96,2023-04-01T01:37:38Z,5200000,False,,,0,,D. Gafford REBOUND (Off:5 Def:3),[1629655],1610612764.0,WAS,,,,Gafford,D. Gafford,,,,,Restricted Area,0-8 Center,,,,,,,532.0,8.0,3.0,5.0,,,,,,,,,,
535,PT08M40.00S,2023-04-01T00:56:45.6Z,4,REGULAR,2pt,Layup,"['pointsinthepaint', '2ndchance']",1629655,92.69053876478318,41.666666666666664,1610612764,98,96,2023-04-01T01:37:07Z,5210000,False,-42.0,16.0,1,right,D. Gafford putback Layup (17 PTS),[1629655],1610612764.0,WAS,putback,,,Gafford,D. Gafford,,,,,In The Paint (Non-RA),0-8 Center,4.47,Made,17.0,,,,,,,,,,,,,,,,,
536,PT08M40.00S,2023-04-01T00:56:49.8Z,4,REGULAR,foul,personal,['1freethrow'],1629048,,,1610612764,98,96,2023-04-01T00:56:54Z,5220000,False,,,0,,G. Bitadze shooting personal FOUL (3 PF) (Gafford 1 FT),"[1629048, 1629655]",1610612753.0,ORL,shooting,,,Bitadze,G. Bitadze,,,,,Restricted Area,0-8 Center,,,,,,,,,,,,,,,,202049.0,3.0,0.0,Gafford,1629655.0
538,PT08M40.00S,2023-04-01T00:57:20.8Z,4,REGULAR,freethrow,1 of 1,['2ndchance'],1629655,,,1610612764,99,96,2023-04-01T00:57:20Z,5240000,False,,,0,,D. Gafford Free Throw 1 of 1 (18 PTS),[1629655],1610612764.0,WAS,,,,Gafford,D. Gafford,,,,,,,,Made,18.0,,,,,,,,,,,,,,,,,
539,PT08M24.00S,2023-04-01T00:57:42.0Z,4,REGULAR,foul,personal,['2freethrow'],1630557,,,1610612753,99,96,2023-04-01T00:57:53Z,5250000,False,,,0,,C. Kispert shooting personal FOUL (1 PF) (Wagner 2 FT),"[1630557, 1630532]",1610612764.0,WAS,shooting,,,Kispert,C. Kispert,,,,,Restricted Area,0-8 Center,,,,,,,,,,,,,,,,202049.0,1.0,0.0,Wagner,1630532.0
541,PT08M24.00S,2023-04-01T00:58:11.8Z,4,REGULAR,freethrow,1 of 2,[],1630532,,,1610612753,99,97,2023-04-01T01:29:03Z,5270000,False,,,0,,F. Wagner Free Throw 1 of 2 (15 PTS),[1630532],1610612753.0,ORL,,,,Wagner,F. Wagner,,,,,,,,Made,15.0,,,,,,,,,,,,,,,,,
667,PT08M24.00S,2023-04-01T00:58:32.2Z,4,REGULAR,substitution,out,[],1629134,,,1610612753,99,97,2023-04-01T01:31:31Z,5285000,False,,,0,,SUB out: K. Nunn,[1629134],1610612764.0,WAS,,,,Nunn,K. Nunn,,,,,,,,,,,,,,,,,,,,,,,,,,
668,PT08M24.00S,2023-04-01T00:58:32.2Z,4,REGULAR,substitution,in,[],1631098,,,1610612753,99,97,2023-04-01T01:31:31Z,5292500,False,,,0,,SUB in: J. Davis,[1631098],1610612764.0,WAS,,,,Davis,J. Davis,,,,,,,,,,,,,,,,,,,,,,,,,,
544,PT08M24.00S,2023-04-01T00:58:11.8Z,4,REGULAR,freethrow,2 of 2,[],1630532,,,1610612753,99,98,2023-04-01T01:29:03Z,5300000,False,,,0,,F. Wagner Free Throw 2 of 2 (16 PTS),[1630532],1610612753.0,ORL,,,,Wagner,F. Wagner,,,,,,,,Made,16.0,,,,,,,,,,,,,,,,,
546,PT08M10.00S,2023-04-01T00:58:52.7Z,4,REGULAR,2pt,Layup,['pointsinthepaint'],1631098,93.42969776609723,42.37898284313726,1610612764,99,98,2023-04-01T01:39:19Z,5320000,False,-38.0,9.0,1,right,MISS J. Davis driving finger roll Layup - blocked,"[1631098, 1629048]",1610612764.0,WAS,driving finger roll,,,Davis,J. Davis,,,,,Restricted Area,0-8 Center,3.92,Missed,,,,,,,,,Bitadze,1629048.0,,,,,,,,
547,PT08M10.00S,2023-04-01T00:58:52.7Z,4,REGULAR,block,,[],1629048,,,1610612764,99,98,2023-04-01T00:58:56Z,5330000,False,,,0,,G. Bitadze BLOCK (2 BLK),[1629048],1610612753.0,ORL,,,,Bitadze,G. Bitadze,,,,,Restricted Area,0-8 Center,,,,,,,,,,,,,,,,,,,,
548,PT08M09.00S,2023-04-01T00:58:53.7Z,4,REGULAR,rebound,offensive,['team'],0,,,1610612764,99,98,2023-04-01T00:59:38Z,5335000,False,,,0,,TEAM offensive REBOUND,[],1610612764.0,WAS,,,,,,,,,,Restricted Area,0-8 Center,,,,,,,546.0,,,,,,,,,,,,,
550,PT07M59.00S,2023-04-01T00:59:26.0Z,4,REGULAR,2pt,Layup,"['pointsinthepaint', '2ndchance']",1626153,92.90407358738501,43.35554534313726,1610612764,99,98,2023-04-01T00:59:49Z,5350000,False,-33.0,14.0,1,right,MISS D. Wright driving Layup - blocked,"[1626153, 1630175]",1610612764.0,WAS,driving,,,Wright,D. Wright,,,,,Restricted Area,0-8 Center,3.61,Missed,,,,,,,,,Anthony,1630175.0,,,,,,,,
551,PT07M59.00S,2023-04-01T00:59:26.0Z,4,REGULAR,block,,[],1630175,,,1610612764,99,98,2023-04-01T01:07:11Z,5360000,False,,,0,,C. Anthony BLOCK (2 BLK),[1630175],1610612753.0,ORL,,,,Anthony,C. Anthony,,,,,Restricted Area,0-8 Center,,,,,,,,,,,,,,,,,,,,
552,PT07M59.00S,2023-04-01T00:59:26.0Z,4,REGULAR,rebound,offensive,[],1629655,,,1610612764,99,98,2023-04-01T00:59:49Z,5370000,False,,,0,,D. Gafford REBOUND (Off:6 Def:3),[1629655],1610612764.0,WAS,,,,Gafford,D. Gafford,,,,,Restricted Area,0-8 Center,,,,,,,550.0,9.0,3.0,6.0,,,,,,,,,,
553,PT07M59.00S,2023-04-01T00:59:30.4Z,4,REGULAR,turnover,shot clock,['team'],0,,,1610612764,99,98,2023-04-01T01:00:01Z,5380000,False,,,0,,WAS shot clock Team TURNOVER,[],1610612764.0,WAS,,,,,,,,,,Restricted Area,0-8 Center,,,,,,,,,,,,,,,,202049.0,,,,
554,PT07M51.00S,2023-04-01T00:59:49.3Z,4,REGULAR,3pt,Jump Shot,['fromturnover'],1631216,27.11892247043363,82.1078431372549,1610612753,99,98,2023-04-01T01:00:08Z,5390000,False,-161.0,202.0,1,left,MISS C. Houstan 25' 3PT,[1631216],1610612753.0,ORL,,,,Houstan,C. Houstan,,,,,Above the Break 3,24+ Left Center,25.83,Missed,,,,,,,,,,,,,,,,,,
555,PT07M48.00S,2023-04-01T00:59:52.9Z,4,REGULAR,rebound,defensive,[],1630557,,,1610612764,99,98,2023-04-01T00:59:52Z,5400000,False,,,0,,C. Kispert REBOUND (Off:0 Def:3),[1630557],1610612764.0,WAS,,,,Kispert,C. Kispert,,,,,Above the Break 3,24+ Left Center,,,,,,,554.0,3.0,3.0,0.0,,,,,,,,,,
556,PT07M35.00S,2023-04-01T01:00:06.3Z,4,REGULAR,2pt,Jump Shot,['pointsinthepaint'],1631098,86.59658344283837,42.16069240196079,1610612764,101,98,2023-04-01T01:00:13Z,5410000,False,-39.0,73.0,1,right,J. Davis 8' driving floating Jump Shot (10 PTS) (D. Wright 4 AST),"[1631098, 1626153]",1610612764.0,WAS,driving floating,,,Davis,J. Davis,,,,,In The Paint (Non-RA),8-16 Center,8.33,Made,10.0,D. Wright,1626153.0,4.0,,,,,,,,,,,,,,
558,PT07M17.00S,2023-04-01T01:00:26.1Z,4,REGULAR,foul,personal,[],1630557,,,1610612753,101,98,2023-04-01T01:02:38Z,5430000,False,,,0,,C. Kispert personal FOUL (2 PF),"[1630557, 1629048]",1610612764.0,WAS,,,,Kispert,C. Kispert,,,,,Restricted Area,0-8 Center,,,,,,,,,,,,,,,,1155.0,2.0,0.0,Bitadze,1629048.0
560,PT07M08.00S,2023-04-01T01:00:55.3Z,4,REGULAR,2pt,Jump Shot,[],1630175,21.468462549277262,65.68627450980392,1610612753,101,100,2023-04-01T01:40:55Z,5450000,False,-78.0,149.0,1,left,C. Anthony 16' pullup Jump Shot (11 PTS),[1630175],1610612753.0,ORL,pullup,,,Anthony,C. Anthony,,,,,Mid-Range,16-24 Left Center,16.86,Made,11.0,,,,,,,,,,,,,,,,,
561,PT06M39.00S,2023-04-01T01:01:24.2Z,4,REGULAR,2pt,Jump Shot,[],1626153,85.20039421813404,32.84313725490196,1610612764,103,100,2023-04-01T01:01:28Z,5460000,False,-86.0,87.0,1,right,D. Wright 12' driving floating Jump Shot (19 PTS) (D. Avdija 4 AST),"[1626153, 1630166]",1610612764.0,WAS,driving floating,,,Wright,D. Wright,,,,,Mid-Range,8-16 Left,12.19,Made,19.0,D. Avdija,1630166.0,4.0,,,,,,,,,,,,,,
563,PT06M16.00S,2023-04-01T01:01:46.4Z,4,REGULAR,2pt,Jump Shot,[],1630175,21.862680683311424,25.980392156862735,1610612753,103,102,2023-04-01T01:41:28Z,5480000,False,120.0,153.0,1,left,C. Anthony 19' pullup Jump Shot (13 PTS),[1630175],1610612753.0,ORL,pullup,,,Anthony,C. Anthony,,,,,Mid-Range,16-24 Right Center,19.45,Made,13.0,,,,,,,,,,,,,,,,,
564,PT06M01.00S,2023-04-01T01:02:05.5Z,4,REGULAR,turnover,backcourt,[],1629655,,,1610612764,103,102,2023-04-01T01:02:19Z,5490000,False,,,0,,D. Gafford backcourt TURNOVER (2 TO),[1629655],1610612764.0,WAS,,,,Gafford,D. Gafford,,,,,Above the Break 3,24+ Center,,,,,,,,,,,,,2.0,,,202049.0,,,,
565,PT05M51.00S,2023-04-01T01:02:37.8Z,4,REGULAR,3pt,Jump Shot,['fromturnover'],1630175,29.352825229960573,86.76470588235294,1610612753,103,105,2023-04-01T01:02:42Z,5500000,False,-184.0,223.0,1,left,C. Anthony 28' 3PT  (16 PTS) (C. Houstan 2 AST),"[1630175, 1631216]",1610612753.0,ORL,,,,Anthony,C. Anthony,,,,,Above the Break 3,24+ Left Center,28.93,Made,16.0,C. Houstan,1631216.0,2.0,,,,,,,,,,,,,,
567,PT05M38.00S,2023-04-01T01:02:53.9Z,4,REGULAR,foul,offensive,[],1629655,,,1610612764,103,105,2023-04-01T01:03:00Z,5520000,False,,,0,,D. Gafford offensive FOUL (4 PF),"[1629655, 1630591]",1610612764.0,WAS,,,,Gafford,D. Gafford,,,,,Above the Break 3,24+ Center,,,,,,,,,,,,,,,,202049.0,4.0,0.0,Suggs,1630591.0
569,PT05M38.00S,2023-04-01T01:02:53.9Z,4,REGULAR,turnover,offensive foul,[],1629655,,,1610612764,103,105,2023-04-01T01:02:53Z,5540000,False,,,0,,D. Gafford offensive foul TURNOVER (3 TO),[1629655],1610612764.0,WAS,,,,Gafford,D. Gafford,,,,,Above the Break 3,24+ Center,,,,,,,,,,,,,3.0,,,202049.0,,,,
570,PT05M25.00S,2023-04-01T01:03:26.0Z,4,REGULAR,2pt,Jump Shot,['fromturnover'],1630175,22.78252299605782,68.13725490196079,1610612753,103,105,2023-04-01T01:42:09Z,5550000,False,-91.0,162.0,1,left,MISS C. Anthony 18' pullup Shot,[1630175],1610612753.0,ORL,pullup,,,Anthony,C. Anthony,,,,,Mid-Range,16-24 Left Center,18.54,Missed,,,,,,,,,,,,,,,,,,
571,PT05M23.00S,2023-04-01T01:03:28.0Z,4,REGULAR,rebound,defensive,[],1626153,,,1610612764,103,105,2023-04-01T01:03:30Z,5560000,False,,,0,,D. Wright REBOUND (Off:2 Def:6),[1626153],1610612764.0,WAS,,,,Wright,D. Wright,,,,,Mid-Range,16-24 Left Center,,,,,,,570.0,8.0,6.0,2.0,,,,,,,,,,
572,PT05M19.00S,2023-04-01T01:03:34.5Z,4,REGULAR,turnover,traveling,[],1631098,,,1610612764,103,105,2023-04-01T01:03:41Z,5570000,False,,,0,,J. Davis traveling TURNOVER (2 TO),[1631098],1610612764.0,WAS,,,,Davis,J. Davis,,,,,Above the Break 3,24+ Right Center,,,,,,,,,,,,,2.0,,,1626302.0,,,,
573,PT05M06.00S,2023-04-01T01:04:00.3Z,4,REGULAR,2pt,Layup,"['pointsinthepaint', 'fromturnover', 'defensivegoaltending']",1630532,5.699737187910642,57.59803921568628,1610612753,103,107,2023-04-01T01:04:20Z,5580000,False,-38.0,1.0,1,left,F. Wagner driving Layup (18 PTS) (C. Anthony 4 AST),"[1630532, 1630175]",1610612753.0,ORL,driving,,,Wagner,F. Wagner,,,,,Restricted Area,0-8 Center,3.8,Made,18.0,C. Anthony,1630175.0,4.0,,,,,,,,,,,,,,
574,PT05M06.00S,2023-04-01T01:04:04.2Z,4,REGULAR,violation,defensive goaltending,[],1629655,,,1610612753,103,107,2023-04-01T01:04:20Z,5590000,False,,,0,,D. Gafford defensive goaltending VIOLATION,[1629655],1610612764.0,WAS,,,,Gafford,D. Gafford,,,,,,,,,,,,,,,,,,,,,,1626302.0,,,,
575,PT04M46.00S,2023-04-01T01:04:42.8Z,4,REGULAR,2pt,Layup,['pointsinthepaint'],1630166,91.98423127463863,57.00444240196079,1610612764,103,107,2023-04-01T01:04:48Z,5600000,False,35.0,23.0,1,right,MISS D. Avdija driving Layup - blocked,"[1630166, 1630591]",1610612764.0,WAS,driving,,,Avdija,D. Avdija,,,,,Restricted Area,0-8 Center,4.18,Missed,,,,,,,,,Suggs,1630591.0,,,,,,,,
576,PT04M46.00S,2023-04-01T01:04:42.8Z,4,REGULAR,block,,[],1630591,,,1610612764,103,107,2023-04-01T01:04:45Z,5610000,False,,,0,,J. Suggs BLOCK (1 BLK),[1630591],1610612753.0,ORL,,,,Suggs,J. Suggs,,,,,Restricted Area,0-8 Center,,,,,,,,,,,,,,,,,,,,
577,PT04M43.00S,2023-04-01T01:04:45.8Z,4,REGULAR,rebound,defensive,[],1630175,,,1610612753,103,107,2023-04-01T01:04:48Z,5620000,False,,,0,,C. Anthony REBOUND (Off:0 Def:6),[1630175],1610612753.0,ORL,,,,Anthony,C. Anthony,,,,,Restricted Area,0-8 Center,,,,,,,575.0,6.0,6.0,0.0,,,,,,,,,,
578,PT04M41.00S,2023-04-01T01:04:47.9Z,4,REGULAR,3pt,Jump Shot,['fastbreak'],1630532,14.635348226018394,3.1862745098039227,1610612753,103,107,2023-04-01T01:44:08Z,5630000,False,234.0,85.0,1,left,MISS F. Wagner 24' running 3PT,[1630532],1610612753.0,ORL,running,,,Wagner,F. Wagner,,,,,Right Corner 3,24+ Right,24.91,Missed,,,,,,,,,,,,,,,,,,
579,PT04M39.00S,2023-04-01T01:04:49.9Z,4,REGULAR,rebound,defensive,[],1629655,,,1610612764,103,107,2023-04-01T01:04:54Z,5640000,False,,,0,,D. Gafford REBOUND (Off:6 Def:4),[1629655],1610612764.0,WAS,,,,Gafford,D. Gafford,,,,,Right Corner 3,24+ Right,,,,,,,578.0,10.0,4.0,6.0,,,,,,,,,,
580,PT04M23.00S,2023-04-01T01:05:06.3Z,4,REGULAR,3pt,Jump Shot,[],1631098,80.73258869908015,93.87254901960785,1610612764,103,107,2023-04-01T01:05:12Z,5650000,False,219.0,129.0,1,right,MISS J. Davis 25' 3PT,[1631098],1610612764.0,WAS,,,,Davis,J. Davis,,,,,Above the Break 3,24+ Right Center,25.43,Missed,,,,,,,,,,,,,,,,,,
581,PT04M20.00S,2023-04-01T01:05:09.3Z,4,REGULAR,rebound,offensive,[],1626153,,,1610612764,103,107,2023-04-01T01:05:12Z,5660000,False,,,0,,D. Wright REBOUND (Off:3 Def:6),[1626153],1610612764.0,WAS,,,,Wright,D. Wright,,,,,Above the Break 3,24+ Right Center,,,,,,,580.0,9.0,6.0,3.0,,,,,,,,,,
582,PT04M20.00S,2023-04-01T01:05:10.8Z,4,REGULAR,2pt,Layup,"['pointsinthepaint', '2ndchance']",1626153,94.92444152431011,42.64705882352941,1610612764,105,107,2023-04-01T01:45:11Z,5670000,False,-37.0,-5.0,1,right,D. Wright putback Layup (21 PTS),[1626153],1610612764.0,WAS,putback,,,Wright,D. Wright,,,,,Restricted Area,0-8 Center,3.71,Made,21.0,,,,,,,,,,,,,,,,,
583,PT04M19.00S,2023-04-01T01:05:21.3Z,4,REGULAR,timeout,full,"['team', 'mandatory']",0,,,1610612753,105,107,2023-04-01T01:05:21Z,5680000,False,,,0,,ORL Timeout,[],1610612753.0,ORL,,,,,,,,,,,,,,,,,,,,,,,,,,,,,,,
584,PT04M19.00S,2023-04-01T01:05:23.1Z,4,REGULAR,substitution,out,[],1631216,,,1610612753,105,107,2023-04-01T01:08:05Z,5690000,False,,,0,,SUB out: C. Houstan,[1631216],1610612753.0,ORL,,,,Houstan,C. Houstan,,,,,,,,,,,,,,,,,,,,,,,,,,
585,PT04M19.00S,2023-04-01T01:05:23.1Z,4,REGULAR,substitution,out,[],1630591,,,1610612753,105,107,2023-04-01T01:08:05Z,5700000,False,,,0,,SUB out: J. Suggs,[1630591],1610612753.0,ORL,,,,Suggs,J. Suggs,,,,,,,,,,,,,,,,,,,,,,,,,,
586,PT04M19.00S,2023-04-01T01:05:23.1Z,4,REGULAR,substitution,in,[],1631094,,,1610612753,105,107,2023-04-01T01:08:05Z,5710000,False,,,0,,SUB in: P. Banchero,[1631094],1610612753.0,ORL,,,,Banchero,P. Banchero,,,,,,,,,,,,,,,,,,,,,,,,,,
587,PT04M19.00S,2023-04-01T01:05:23.1Z,4,REGULAR,substitution,in,[],1628365,,,1610612753,105,107,2023-04-01T01:08:05Z,5720000,False,,,0,,SUB in: M. Fultz,[1628365],1610612753.0,ORL,,,,Fultz,M. Fultz,,,,,,,,,,,,,,,,,,,,,,,,,,
588,PT04M00.00S,2023-04-01T01:08:33.7Z,4,REGULAR,2pt,Jump Shot,[],1631094,15.686596583442835,19.607843137254903,1610612753,105,107,2023-04-01T01:46:04Z,5730000,False,152.0,95.0,1,left,MISS P. Banchero 17' turnaround bank Shot,[1631094],1610612753.0,ORL,turnaround bank,,,Banchero,P. Banchero,,,,,Mid-Range,16-24 Right,17.92,Missed,,,,,,,,,,,,,,,,,,
589,PT03M57.00S,2023-04-01T01:08:36.7Z,4,REGULAR,rebound,offensive,[],1629048,,,1610612753,105,107,2023-04-01T01:08:43Z,5740000,False,,,0,,G. Bitadze REBOUND (Off:1 Def:2),[1629048],1610612753.0,ORL,,,,Bitadze,G. Bitadze,,,,,Mid-Range,16-24 Right,,,,,,,588.0,3.0,2.0,1.0,,,,,,,,,,
590,PT03M55.00S,2023-04-01T01:09:12.9Z,4,REGULAR,jumpball,recovered,[],1628365,,,1610612753,105,107,2023-04-01T01:09:12Z,5750000,False,,,0,,Jump Ball G. Bitadze vs. D. Gafford: Tip to M. Fultz,"[1628365, 1629048, 1629655]",1610612753.0,ORL,heldball,M. Fultz,1628365.0,Fultz,M. Fultz,Bitadze,1629048.0,Gafford,1629655.0,,,,,,,,,,,,,,,,,,,,,,
593,PT03M51.00S,2023-04-01T01:09:17.0Z,4,REGULAR,2pt,Jump Shot,['2ndchance'],1628365,13.715505913272011,12.25490196078431,1610612753,105,109,2023-04-01T01:09:34Z,5780000,False,189.0,76.0,1,left,M. Fultz 20' pullup Jump Shot (24 PTS),[1628365],1610612753.0,ORL,pullup,,,Fultz,M. Fultz,,,,,Mid-Range,16-24 Right,20.36,Made,24.0,,,,,,,,,,,,,,,,,
594,PT03M28.00S,2023-04-01T01:09:38.8Z,4,REGULAR,3pt,Jump Shot,[],1630166,69.69448094612352,13.235294117647058,1610612764,105,109,2023-04-01T01:09:45Z,5790000,False,-184.0,232.0,1,right,MISS D. Avdija 29' pullup 3PT,[1630166],1610612764.0,WAS,pullup,,,Avdija,D. Avdija,,,,,Above the Break 3,24+ Left Center,29.63,Missed,,,,,,,,,,,,,,,,,,
595,PT03M27.00S,2023-04-01T01:09:42.3Z,4,REGULAR,rebound,defensive,['team'],0,,,1610612753,105,109,2023-04-01T01:09:42Z,5800000,False,,,0,,TEAM defensive REBOUND,[],1610612753.0,ORL,,,,,,,,,,Above the Break 3,24+ Left Center,,,,,,,594.0,,,,,,,,,,,,,
597,PT03M16.00S,2023-04-01T01:10:01.4Z,4,REGULAR,2pt,Layup,['pointsinthepaint'],1629048,10.167542706964511,62.745098039215684,1610612753,105,109,2023-04-01T01:47:01Z,5820000,False,-64.0,43.0,1,left,MISS G. Bitadze 7' cutting Layup - blocked,"[1629048, 1629655]",1610612753.0,ORL,cutting,,,Bitadze,G. Bitadze,,,,,In The Paint (Non-RA),0-8 Center,7.69,Missed,,,,,,,,,Gafford,1629655.0,,,,,,,,
598,PT03M16.00S,2023-04-01T01:10:01.4Z,4,REGULAR,block,,[],1629655,,,1610612753,105,109,2023-04-01T01:10:03Z,5830000,False,,,0,,D. Gafford BLOCK (2 BLK),[1629655],1610612764.0,WAS,,,,Gafford,D. Gafford,,,,,In The Paint (Non-RA),0-8 Center,,,,,,,,,,,,,,,,,,,,
599,PT03M16.00S,2023-04-01T01:10:01.4Z,4,REGULAR,rebound,offensive,['team'],0,,,1610612753,105,109,2023-04-01T01:10:28Z,5840000,False,,,0,,TEAM offensive REBOUND,[],1610612753.0,ORL,,,,,,,,,,In The Paint (Non-RA),0-8 Center,,,,,,,597.0,,,,,,,,,,,,,
601,PT03M16.00S,2023-04-01T01:10:12.1Z,4,REGULAR,timeout,full,['team'],0,,,1610612753,105,109,2023-04-01T01:10:12Z,5860000,False,,,0,,ORL Timeout,[],1610612753.0,ORL,,,,,,,,,,,,,,,,,,,,,,,,,,,,,,,
602,PT03M16.00S,2023-04-01T01:10:37.2Z,4,REGULAR,substitution,out,[],1629048,,,1610612753,105,109,2023-04-01T01:11:40Z,5870000,False,,,0,,SUB out: G. Bitadze,[1629048],1610612753.0,ORL,,,,Bitadze,G. Bitadze,,,,,,,,,,,,,,,,,,,,,,,,,,
603,PT03M16.00S,2023-04-01T01:10:37.2Z,4,REGULAR,substitution,in,[],1628976,,,1610612753,105,109,2023-04-01T01:11:40Z,5880000,False,,,0,,SUB in: W. Carter Jr.,[1628976],1610612753.0,ORL,,,,Carter Jr.,W. Carter Jr.,,,,,,,,,,,,,,,,,,,,,,,,,,
605,PT03M10.00S,2023-04-01T01:12:13.9Z,4,REGULAR,turnover,lost ball,[],1628976,,,1610612753,105,109,2023-04-01T01:12:18Z,5900000,False,,,0,,W. Carter Jr. lost ball TURNOVER (1 TO),"[1628976, 1626153]",1610612753.0,ORL,,,,Carter Jr.,W. Carter Jr.,,,,,Mid-Range,16-24 Left,,,,,,,,,,,,,1.0,Wright,1626153.0,,,,,
606,PT03M10.00S,2023-04-01T01:12:13.9Z,4,REGULAR,steal,,[],1626153,,,1610612764,105,109,2023-04-01T01:48:33Z,5910000,False,,,0,,D. Wright STEAL (1 STL),[1626153],1610612764.0,WAS,,,,Wright,D. Wright,,,,,Mid-Range,16-24 Left,,,,,,,,,,,,,,,,,,,,
607,PT02M45.00S,2023-04-01T01:12:38.5Z,4,REGULAR,3pt,Jump Shot,['fromturnover'],1626153,92.29632063074901,2.205882352941174,1610612764,105,109,2023-04-01T01:12:42Z,5920000,False,-239.0,20.0,1,right,MISS D. Wright 3PT,[1626153],1610612764.0,WAS,,,,Wright,D. Wright,,,,,Left Corner 3,24+ Left,23.98,Missed,,,,,,,,,,,,,,,,,,
608,PT02M42.00S,2023-04-01T01:12:41.4Z,4,REGULAR,rebound,defensive,[],1631094,,,1610612753,105,109,2023-04-01T01:12:41Z,5930000,False,,,0,,P. Banchero REBOUND (Off:2 Def:10),[1631094],1610612753.0,ORL,,,,Banchero,P. Banchero,,,,,Left Corner 3,24+ Left,,,,,,,607.0,12.0,10.0,2.0,,,,,,,,,,
609,PT02M31.00S,2023-04-01T01:12:52.6Z,4,REGULAR,3pt,Jump Shot,[],1630175,5.962549277266746,97.54901960784314,1610612753,105,109,2023-04-01T01:12:57Z,5940000,False,-238.0,4.0,1,left,MISS C. Anthony 3PT,[1630175],1610612753.0,ORL,,,,Anthony,C. Anthony,,,,,Left Corner 3,24+ Left,23.77,Missed,,,,,,,,,,,,,,,,,,
610,PT02M27.00S,2023-04-01T01:12:56.6Z,4,REGULAR,rebound,defensive,[],1630166,,,1610612764,105,109,2023-04-01T01:12:57Z,5950000,False,,,0,,D. Avdija REBOUND (Off:0 Def:6),[1630166],1610612764.0,WAS,,,,Avdija,D. Avdija,,,,,Left Corner 3,24+ Left,,,,,,,609.0,6.0,6.0,0.0,,,,,,,,,,
611,PT02M09.00S,2023-04-01T01:13:13.7Z,4,REGULAR,3pt,Jump Shot,[],1631098,71.00854139290408,82.59803921568627,1610612764,105,109,2023-04-01T01:13:22Z,5960000,False,163.0,220.0,1,right,MISS J. Davis 27' 3PT,[1631098],1610612764.0,WAS,,,,Davis,J. Davis,,,,,Above the Break 3,24+ Right Center,27.38,Missed,,,,,,,,,,,,,,,,,,
612,PT02M09.00S,2023-04-01T01:13:13.7Z,4,REGULAR,rebound,offensive,['team'],0,,,1610612764,105,109,2023-04-01T01:13:22Z,5970000,False,,,0,,TEAM offensive REBOUND,[],1610612764.0,WAS,,,,,,,,,,Above the Break 3,24+ Right Center,,,,,,,611.0,,,,,,,,,,,,,
613,PT02M09.00S,2023-04-01T01:13:20.1Z,4,REGULAR,foul,personal,[],1628976,,,1610612764,105,109,2023-04-01T01:49:33Z,5980000,False,,,0,,W. Carter Jr. loose ball personal FOUL (3 PF),"[1628976, 1629655]",1610612753.0,ORL,loose ball,,,Carter Jr.,W. Carter Jr.,,,,,Restricted Area,0-8 Center,,,,,,,,,,,,,,,,1155.0,3.0,1.0,Gafford,1629655.0
615,PT01M55.00S,2023-04-01T01:13:54.0Z,4,REGULAR,3pt,Jump Shot,['2ndchance'],1630166,74.55650459921156,90.19607843137254,1610612764,105,109,2023-04-01T01:13:58Z,6000000,False,201.0,187.0,1,right,MISS D. Avdija 27' 3PT,[1630166],1610612764.0,WAS,,,,Avdija,D. Avdija,,,,,Above the Break 3,24+ Right Center,27.43,Missed,,,,,,,,,,,,,,,,,,
616,PT01M52.00S,2023-04-01T01:13:57.0Z,4,REGULAR,rebound,offensive,[],1629655,,,1610612764,105,109,2023-04-01T01:13:58Z,6010000,False,,,0,,D. Gafford REBOUND (Off:7 Def:4),[1629655],1610612764.0,WAS,,,,Gafford,D. Gafford,,,,,Above the Break 3,24+ Right Center,,,,,,,615.0,11.0,4.0,7.0,,,,,,,,,,
617,PT01M43.00S,2023-04-01T01:14:05.9Z,4,REGULAR,3pt,Jump Shot,['2ndchance'],1626153,71.13994743758212,15.931372549019613,1610612764,105,109,2023-04-01T01:14:10Z,6020000,False,-170.0,219.0,1,right,MISS D. Wright 27' 3PT,[1626153],1610612764.0,WAS,,,,Wright,D. Wright,,,,,Above the Break 3,24+ Left Center,27.73,Missed,,,,,,,,,,,,,,,,,,
618,PT01M39.00S,2023-04-01T01:14:09.9Z,4,REGULAR,rebound,defensive,[],1630532,,,1610612753,105,109,2023-04-01T01:14:10Z,6030000,False,,,0,,F. Wagner REBOUND (Off:2 Def:2),[1630532],1610612753.0,ORL,,,,Wagner,F. Wagner,,,,,Above the Break 3,24+ Left Center,,,,,,,617.0,4.0,2.0,2.0,,,,,,,,,,
619,PT01M30.00S,2023-04-01T01:14:20.8Z,4,REGULAR,2pt,DUNK,['pointsinthepaint'],1630532,7.013797634691201,50.73529411764706,1610612753,105,111,2023-04-01T01:14:25Z,6040000,False,-4.0,13.0,1,left,F. Wagner cutting DUNK (20 PTS) (M. Fultz 4 AST),"[1630532, 1628365]",1610612753.0,ORL,cutting,,,Wagner,F. Wagner,,,,,Restricted Area,0-8 Center,1.39,Made,20.0,M. Fultz,1628365.0,4.0,,,,,,,,,,,,,,
621,PT01M17.00S,2023-04-01T01:14:39.6Z,4,REGULAR,foul,personal,[],1630175,,,1610612764,105,111,2023-04-01T01:14:44Z,6060000,False,,,0,,C. Anthony personal FOUL (2 PF),"[1630175, 1630166]",1610612753.0,ORL,,,,Anthony,C. Anthony,,,,,Mid-Range,8-16 Right,,,,,,,,,,,,,,,,202049.0,2.0,0.0,Avdija,1630166.0
623,PT01M10.00S,2023-04-01T01:15:02.8Z,4,REGULAR,3pt,Jump Shot,[],1631098,81.65243101182654,94.36274509803921,1610612764,105,111,2023-04-01T01:15:07Z,6080000,False,222.0,120.0,1,right,MISS J. Davis 25' 3PT,[1631098],1610612764.0,WAS,,,,Davis,J. Davis,,,,,Above the Break 3,24+ Right Center,25.22,Missed,,,,,,,,,,,,,,,,,,
624,PT01M07.00S,2023-04-01T01:15:05.8Z,4,REGULAR,rebound,defensive,[],1630175,,,1610612753,105,111,2023-04-01T01:15:07Z,6090000,False,,,0,,C. Anthony REBOUND (Off:0 Def:7),[1630175],1610612753.0,ORL,,,,Anthony,C. Anthony,,,,,Above the Break 3,24+ Right Center,,,,,,,623.0,7.0,7.0,0.0,,,,,,,,,,
625,PT00M59.00S,2023-04-01T01:15:17.4Z,4,REGULAR,foul,personal,"['inpenalty', '2freethrow']",1630166,,,1610612753,105,111,2023-04-01T01:15:22Z,6100000,False,,,0,,D. Avdija shooting personal FOUL (4 PF) (Banchero 2 FT),"[1630166, 1631094]",1610612764.0,WAS,shooting,,,Avdija,D. Avdija,,,,,Restricted Area,0-8 Center,,,,,,,,,,,,,,,,1626302.0,4.0,0.0,Banchero,1631094.0
627,PT00M59.00S,2023-04-01T01:15:46.4Z,4,REGULAR,freethrow,1 of 2,[],1631094,,,1610612753,105,112,2023-04-01T01:15:46Z,6120000,False,,,0,,P. Banchero Free Throw 1 of 2 (27 PTS),[1631094],1610612753.0,ORL,,,,Banchero,P. Banchero,,,,,,,,Made,27.0,,,,,,,,,,,,,,,,,
628,PT00M59.00S,2023-04-01T01:16:03.1Z,4,REGULAR,freethrow,2 of 2,[],1631094,,,1610612753,105,113,2023-04-01T01:16:03Z,6130000,False,,,0,,P. Banchero Free Throw 2 of 2 (28 PTS),[1631094],1610612753.0,ORL,,,,Banchero,P. Banchero,,,,,,,,Made,28.0,,,,,,,,,,,,,,,,,
629,PT00M52.40S,2023-04-01T01:16:12.4Z,4,REGULAR,foul,personal,"['inpenalty', '2freethrow']",1631094,,,1610612764,105,113,2023-04-01T01:16:26Z,6140000,False,,,0,,P. Banchero shooting personal FOUL (3 PF) (Avdija 2 FT),"[1631094, 1630166]",1610612753.0,ORL,shooting,,,Banchero,P. Banchero,,,,,In The Paint (Non-RA),0-8 Center,,,,,,,,,,,,,,,,1155.0,3.0,0.0,Avdija,1630166.0
631,PT00M52.40S,2023-04-01T01:16:43.2Z,4,REGULAR,freethrow,1 of 2,[],1630166,,,1610612764,105,113,2023-04-01T01:16:43Z,6160000,False,,,0,,MISS D. Avdija Free Throw 1 of 2,[1630166],1610612764.0,WAS,,,,Avdija,D. Avdija,,,,,,,,Missed,,,,,,,,,,,,,,,,,,
632,PT00M52.40S,2023-04-01T01:16:43.2Z,4,REGULAR,rebound,offensive,"['deadball', 'team']",0,,,1610612764,105,113,2023-04-01T01:16:43Z,6170000,False,,,0,,TEAM offensive REBOUND,[],1610612764.0,WAS,,,,,,,,,,,,,,,,,,631.0,,,,,,,,,,,,,
633,PT00M52.40S,2023-04-01T01:17:18.8Z,4,REGULAR,freethrow,2 of 2,[],1630166,,,1610612764,106,113,2023-04-01T01:17:18Z,6180000,False,,,0,,D. Avdija Free Throw 2 of 2 (6 PTS),[1630166],1610612764.0,WAS,,,,Avdija,D. Avdija,,,,,,,,Made,6.0,,,,,,,,,,,,,,,,,
634,PT00M52.40S,2023-04-01T01:17:32.6Z,4,REGULAR,timeout,full,['team'],0,,,1610612753,106,113,2023-04-01T01:17:32Z,6190000,False,,,0,,ORL Timeout,[],1610612753.0,ORL,,,,,,,,,,,,,,,,,,,,,,,,,,,,,,,
635,PT00M43.40S,2023-04-01T01:19:15.7Z,4,REGULAR,foul,personal,"['inpenalty', '2freethrow']",1626153,,,1610612753,106,113,2023-04-01T01:19:23Z,6200000,False,,,0,,D. Wright personal FOUL (2 PF) (Carter Jr. 2 FT),"[1626153, 1628976]",1610612764.0,WAS,,,,Wright,D. Wright,,,,,Mid-Range,16-24 Right Center,,,,,,,,,,,,,,,,1626302.0,2.0,0.0,Carter Jr.,1628976.0
637,PT00M43.40S,2023-04-01T01:19:46.9Z,4,REGULAR,freethrow,1 of 2,[],1628976,,,1610612753,106,113,2023-04-01T01:20:14Z,6220000,False,,,0,,MISS W. Carter Jr. Free Throw 1 of 2,[1628976],1610612753.0,ORL,,,,Carter Jr.,W. Carter Jr.,,,,,,,,Missed,,,,,,,,,,,,,,,,,,
638,PT00M43.40S,2023-04-01T01:19:46.9Z,4,REGULAR,rebound,offensive,"['team', 'deadball']",0,,,1610612753,106,113,2023-04-01T01:20:14Z,6230000,False,,,0,,TEAM offensive REBOUND,[],1610612753.0,ORL,,,,,,,,,,,,,,,,,,637.0,,,,,,,,,,,,,
639,PT00M43.40S,2023-04-01T01:19:46.9Z,4,REGULAR,freethrow,2 of 2,[],1628976,,,1610612753,106,113,2023-04-01T01:20:14Z,6240000,False,,,0,,MISS W. Carter Jr. Free Throw 2 of 2,[1628976],1610612753.0,ORL,,,,Carter Jr.,W. Carter Jr.,,,,,,,,Missed,,,,,,,,,,,,,,,,,,
640,PT00M43.10S,2023-04-01T01:19:47.2Z,4,REGULAR,rebound,defensive,[],1629655,,,1610612764,106,113,2023-04-01T01:20:30Z,6250000,False,,,0,,D. Gafford REBOUND (Off:7 Def:5),[1629655],1610612764.0,WAS,,,,Gafford,D. Gafford,,,,,,,,,,,,,639.0,12.0,5.0,7.0,,,,,,,,,,
641,PT00M43.10S,2023-04-01T01:20:16.3Z,4,REGULAR,timeout,full,['team'],0,,,1610612764,106,113,2023-04-01T01:20:41Z,6260000,False,,,0,,WAS Timeout,[],1610612764.0,WAS,,,,,,,,,,,,,,,,,,,,,,,,,,,,,,,
642,PT00M38.60S,2023-04-01T01:21:52.0Z,4,REGULAR,3pt,Jump Shot,[],1630557,71.66557161629436,13.480392156862735,1610612764,109,113,2023-04-01T01:51:56Z,6270000,False,-183.0,214.0,1,right,C. Kispert 28' 3PT pullup (27 PTS),[1630557],1610612764.0,WAS,pullup,,,Kispert,C. Kispert,,,,,Above the Break 3,24+ Left Center,28.12,Made,27.0,,,,,,,,,,,,,,,,,
643,PT00M37.50S,2023-04-01T01:22:01.3Z,4,REGULAR,foul,personal,"['inpenalty', '2freethrow']",1630557,,,1610612753,109,113,2023-04-01T01:53:32Z,6280000,False,,,0,,C. Kispert take personal FOUL (3 PF) (Banchero 2 FT),"[1630557, 1631094]",1610612764.0,WAS,take,,,Kispert,C. Kispert,,,,,Above the Break 3,24+ Center,,,,,,,,,,,,,,,,1155.0,3.0,0.0,Banchero,1631094.0
647,PT00M37.50S,2023-04-01T01:22:32.0Z,4,REGULAR,freethrow,1 of 2,['fastbreak'],1631094,,,1610612753,109,114,2023-04-01T01:54:24Z,6300000,False,,,0,,P. Banchero Free Throw 1 of 2 (29 PTS),[1631094],1610612753.0,ORL,,,,Banchero,P. Banchero,,,,,,,,Made,29.0,,,,,,,,,,,,,,,,,
650,PT00M37.50S,2023-04-01T01:22:32.0Z,4,REGULAR,freethrow,2 of 2,['fastbreak'],1631094,,,1610612753,109,115,2023-04-01T01:54:24Z,6310000,False,,,0,,P. Banchero Free Throw 2 of 2 (30 PTS),[1631094],1610612753.0,ORL,,,,Banchero,P. Banchero,,,,,,,,Made,30.0,,,,,,,,,,,,,,,,,
651,PT00M31.70S,2023-04-01T01:23:03.9Z,4,REGULAR,2pt,Jump Shot,"['fastbreak', 'pointsinthepaint']",1631098,79.94415243101183,58.33333333333333,1610612764,109,115,2023-04-01T01:55:38Z,6320000,False,42.0,136.0,1,right,MISS J. Davis 14' running pullup Shot - blocked,"[1631098, 1631094]",1610612764.0,WAS,running pullup,,,Davis,J. Davis,,,,,In The Paint (Non-RA),8-16 Center,14.22,Missed,,,,,,,,,Banchero,1631094.0,,,,,,,,
652,PT00M31.70S,2023-04-01T01:23:03.9Z,4,REGULAR,block,,[],1631094,,,1610612764,109,115,2023-04-01T01:23:06Z,6330000,False,,,0,,P. Banchero BLOCK (3 BLK),[1631094],1610612753.0,ORL,,,,Banchero,P. Banchero,,,,,In The Paint (Non-RA),8-16 Center,,,,,,,,,,,,,,,,,,,,
653,PT00M28.30S,2023-04-01T01:23:07.3Z,4,REGULAR,rebound,defensive,[],1628365,,,1610612753,109,115,2023-04-01T01:23:08Z,6340000,False,,,0,,M. Fultz REBOUND (Off:1 Def:5),[1628365],1610612753.0,ORL,,,,Fultz,M. Fultz,,,,,In The Paint (Non-RA),8-16 Center,,,,,,,651.0,6.0,5.0,1.0,,,,,,,,,,
654,PT00M23.50S,2023-04-01T01:23:12.7Z,4,REGULAR,foul,personal,"['inpenalty', '2freethrow']",1629655,,,1610612753,109,115,2023-04-01T01:56:22Z,6350000,False,,,0,,D. Gafford take personal FOUL (5 PF) (Fultz 2 FT),"[1629655, 1628365]",1610612764.0,WAS,take,,,Gafford,D. Gafford,,,,,Mid-Range,8-16 Center,,,,,,,,,,,,,,,,1626302.0,5.0,0.0,Fultz,1628365.0
656,PT00M23.50S,2023-04-01T01:23:45.2Z,4,REGULAR,freethrow,1 of 2,[],1628365,,,1610612753,109,116,2023-04-01T01:23:58Z,6370000,False,,,0,,M. Fultz Free Throw 1 of 2 (25 PTS),[1628365],1610612753.0,ORL,,,,Fultz,M. Fultz,,,,,,,,Made,25.0,,,,,,,,,,,,,,,,,
658,PT00M23.50S,2023-04-01T01:23:45.2Z,4,REGULAR,freethrow,2 of 2,[],1628365,,,1610612753,109,116,2023-04-01T01:24:24Z,6390000,False,,,0,,MISS M. Fultz Free Throw 2 of 2,[1628365],1610612753.0,ORL,,,,Fultz,M. Fultz,,,,,,,,Missed,,,,,,,,,,,,,,,,,,
659,PT00M23.20S,2023-04-01T01:23:45.5Z,4,REGULAR,rebound,defensive,[],1629655,,,1610612764,109,116,2023-04-01T01:24:24Z,6400000,False,,,0,,D. Gafford REBOUND (Off:7 Def:6),[1629655],1610612764.0,WAS,,,,Gafford,D. Gafford,,,,,,,,,,,,,658.0,13.0,6.0,7.0,,,,,,,,,,
660,PT00M23.20S,2023-04-01T01:24:18.5Z,4,REGULAR,timeout,full,['team'],0,,,1610612764,109,116,2023-04-01T01:24:18Z,6410000,False,,,0,,WAS Timeout,[],1610612764.0,WAS,,,,,,,,,,,,,,,,,,,,,,,,,,,,,,,
662,PT00M21.00S,2023-04-01T01:25:39.9Z,4,REGULAR,3pt,Jump Shot,[],1630166,95.18725361366623,1.7156862745098067,1610612764,109,116,2023-04-01T01:25:46Z,6430000,False,-241.0,-7.0,1,right,MISS D. Avdija 24' 3PT,[1630166],1610612764.0,WAS,,,,Avdija,D. Avdija,,,,,Left Corner 3,24+ Left,24.15,Missed,,,,,,,,,,,,,,,,,,
663,PT00M18.40S,2023-04-01T01:25:42.5Z,4,REGULAR,rebound,defensive,[],1630532,,,1610612753,109,116,2023-04-01T01:25:42Z,6440000,False,,,0,,F. Wagner REBOUND (Off:2 Def:3),[1630532],1610612753.0,ORL,,,,Wagner,F. Wagner,,,,,Left Corner 3,24+ Left,,,,,,,662.0,5.0,3.0,2.0,,,,,,,,,,
664,PT00M00.00S,2023-04-01T01:26:04.2Z,4,REGULAR,period,end,[],0,,,1610612753,109,116,2023-04-01T01:26:04Z,6450000,False,,,0,,Period End,[],,,,,,,,,,,,,,,,,,,,,,,,,,,,,,,,,
665,PT00M00.00S,2023-04-01T01:26:07.1Z,4,REGULAR,game,end,[],0,,,0,109,116,2023-04-01T01:26:07Z,6460000,False,,,0,,Game End,[],,,,,,,,,,,,,,,,,,,,,,,,,,,,,,,,,
