actionNumber,clock,timeActual,period,periodType,actionType,subType,qualifiers,personId,x,y,possession,scoreHome,scoreAway,edited,orderNumber,isTargetScoreLastPeriod,xLegacy,yLegacy,isFieldGoal,side,description,personIdsFilter,teamId,teamTricode,descriptor,jumpBallRecoveredName,jumpBallRecoverdPersonId,playerName,playerNameI,jumpBallWonPlayerName,jumpBallWonPersonId,jumpBallLostPlayerName,jumpBallLostPersonId,area,areaDetail,shotDistance,shotResult,pointsTotal,assistPlayerNameInitial,assistPersonId,assistTotal,blockPlayerName,blockPersonId,shotActionNumber,officialId,turnoverTotal,reboundTotal,reboundDefensiveTotal,reboundOffensiveTotal,stealPlayerName,stealPersonId,foulPersonalTotal,foulTechnicalTotal,foulDrawnPlayerName,foulDrawnPersonId
2,PT12M00.00S,2022-11-20T23:11:09.7Z,1,REGULAR,period,start,[],0,,,0,0,0,2022-11-20T23:11:09Z,20000,False,,,0,,Period Start,[],,,,,,,,,,,,,,,,,,,,,,,,,,,,,,,,,
4,PT12M00.00S,2022-11-20T23:11:10.5Z,1,REGULAR,jumpball,recovered,[],1630557,,,1610612764,0,0,2022-11-20T23:11:10Z,40000,False,,,0,,Jump Ball K. Porzingis vs. M. Plumlee: Tip to C. Kispert,"[1630557, 204001, 203486]",1610612764.0,WAS,startperiod,C. Kispert,1630557.0,Kispert,C. Kispert,Porzingis,204001.0,Plumlee,203486.0,,,,,,,,,,,,,,,,,,,,,,
7,PT11M45.00S,2022-11-20T23:11:20.9Z,1,REGULAR,3pt,Jump Shot,[],1628398,34.247700394218136,55.88235294117647,1610612764,3,0,2022-11-20T23:11:49Z,70000,False,-29.0,269.0,1,left,K. Kuzma 27' 3PT  (3 PTS) (C. Kispert 1 AST),"[1628398, 1630557]",1610612764.0,WAS,,,,Kuzma,K. Kuzma,,,,,Above the Break 3,24+ Center,27.1,Made,3.0,C. Kispert,1630557.0,1.0,,,,,,,,,,,,,,
9,PT11M27.00S,2022-11-20T23:11:39.0Z,1,REGULAR,2pt,Jump Shot,['pointsinthepaint'],1629023,84.05059132720105,48.77450980392157,1610612766,3,0,2022-11-20T23:11:43Z,90000,False,-6.0,97.0,1,right,MISS P. Washington 9' floating Shot - blocked,"[1629023, 204001]",1610612766.0,CHA,floating,,,Washington,P. Washington,,,,,In The Paint (Non-RA),8-16 Center,9.76,Missed,,,,,Porzingis,204001.0,,,,,,,,,,,,
10,PT11M27.00S,2022-11-20T23:11:39.0Z,1,REGULAR,block,,[],204001,,,1610612766,3,0,2022-11-20T23:11:41Z,100000,False,,,0,,K. Porzingis BLOCK (1 BLK),[204001],1610612764.0,WAS,,,,Porzingis,K. Porzingis,,,,,In The Paint (Non-RA),8-16 Center,,,,,,,,,,,,,,,,,,,,
11,PT11M27.00S,2022-11-20T23:11:39.0Z,1,REGULAR,rebound,offensive,['team'],0,,,1610612766,3,0,2022-11-20T23:11:43Z,110000,False,,,0,,TEAM offensive REBOUND,[],1610612766.0,CHA,,,,,,,,,,In The Paint (Non-RA),8-16 Center,,,,,,,,,9.0,,,,,,,,,,,
13,PT11M21.00S,2022-11-20T23:12:03.0Z,1,REGULAR,turnover,out-of-bounds,[],202330,,,1610612766,3,0,2022-11-20T23:12:16Z,130000,False,,,0,,G. Hayward lost ball out-of-bounds TURNOVER (1 TO),[202330],1610612766.0,CHA,lost ball,,,Hayward,G. Hayward,,,,,Mid-Range,8-16 Left,,,,,,,,,,200833.0,1.0,,,,,,,,,
14,PT11M10.00S,2022-11-20T23:12:19.4Z,1,REGULAR,2pt,Jump Shot,['fromturnover'],1630557,21.632720105124836,54.90196078431373,1610612764,3,0,2022-11-20T23:12:24Z,140000,False,-25.0,151.0,1,left,MISS C. Kispert 15' pullup Shot,[1630557],1610612764.0,WAS,pullup,,,Kispert,C. Kispert,,,,,Mid-Range,8-16 Center,15.28,Missed,,,,,,,,,,,,,,,,,,
15,PT11M06.00S,2022-11-20T23:12:23.4Z,1,REGULAR,rebound,defensive,[],203486,,,1610612766,3,0,2022-11-20T23:12:24Z,150000,False,,,0,,M. Plumlee REBOUND (Off:0 Def:1),[203486],1610612766.0,CHA,,,,Plumlee,M. Plumlee,,,,,Mid-Range,8-16 Center,,,,,,,,,14.0,,,1.0,1.0,0.0,,,,,,
16,PT10M59.00S,2022-11-20T23:12:30.0Z,1,REGULAR,3pt,Jump Shot,[],1626162,73.40670170827858,84.55882352941177,1610612766,3,0,2022-11-20T23:12:35Z,160000,False,173.0,197.0,1,right,MISS K. Oubre Jr. 26' pullup 3PT,[1626162],1610612766.0,CHA,pullup,,,Oubre Jr.,K. Oubre Jr.,,,,,Above the Break 3,24+ Right Center,26.24,Missed,,,,,,,,,,,,,,,,,,
17,PT10M56.00S,2022-11-20T23:12:33.0Z,1,REGULAR,rebound,defensive,[],1630557,,,1610612764,3,0,2022-11-20T23:12:35Z,170000,False,,,0,,C. Kispert REBOUND (Off:0 Def:1),[1630557],1610612764.0,WAS,,,,Kispert,C. Kispert,,,,,Above the Break 3,24+ Right Center,,,,,,,,,16.0,,,1.0,1.0,0.0,,,,,,
18,PT10M47.00S,2022-11-20T23:12:42.4Z,1,REGULAR,3pt,Jump Shot,[],1630557,29.38567674113009,14.460784313725492,1610612764,6,0,2022-11-20T23:12:47Z,180000,False,178.0,224.0,1,left,C. Kispert 28' 3PT  (3 PTS) (B. Beal 1 AST),"[1630557, 203078]",1610612764.0,WAS,,,,Kispert,C. Kispert,,,,,Above the Break 3,24+ Right Center,28.57,Made,3.0,B. Beal,203078.0,1.0,,,,,,,,,,,,,,
20,PT10M27.00S,2022-11-20T23:13:02.5Z,1,REGULAR,2pt,Layup,['pointsinthepaint'],203486,93.38042049934296,52.94117647058824,1610612766,6,0,2022-11-20T23:13:11Z,200000,False,15.0,10.0,1,right,MISS M. Plumlee Layup,[203486],1610612766.0,CHA,,,,Plumlee,M. Plumlee,,,,,Restricted Area,0-8 Center,1.76,Missed,,,,,,,,,,,,,,,,,,
21,PT10M21.00S,2022-11-20T23:13:08.5Z,1,REGULAR,rebound,defensive,[],1630557,,,1610612764,6,0,2022-11-20T23:13:11Z,210000,False,,,0,,C. Kispert REBOUND (Off:0 Def:2),[1630557],1610612764.0,WAS,,,,Kispert,C. Kispert,,,,,Restricted Area,0-8 Center,,,,,,,,,20.0,,,2.0,2.0,0.0,,,,,,
22,PT10M16.00S,2022-11-20T23:13:12.8Z,1,REGULAR,2pt,Layup,"['pointsinthepaint', 'fastbreak']",1630557,8.360709592641262,48.28431372549019,1610612764,8,0,2022-11-20T23:13:22Z,220000,False,9.0,26.0,1,left,C. Kispert reverse Layup (5 PTS) (B. Beal 2 AST),"[1630557, 203078]",1610612764.0,WAS,reverse,,,Kispert,C. Kispert,,,,,Restricted Area,0-8 Center,2.75,Made,5.0,B. Beal,203078.0,2.0,,,,,,,,,,,,,,
24,PT10M01.00S,2022-11-20T23:13:27.9Z,1,REGULAR,3pt,Jump Shot,[],1629023,93.77463863337714,3.6764705882352944,1610612766,8,3,2022-11-20T23:13:34Z,240000,False,-232.0,6.0,1,right,P. Washington 3PT  (3 PTS) (T. Rozier 1 AST),"[1629023, 1626179]",1610612766.0,CHA,,,,Washington,P. Washington,,,,,Left Corner 3,24+ Left,23.17,Made,3.0,T. Rozier,1626179.0,1.0,,,,,,,,,,,,,,
26,PT09M41.00S,2022-11-20T23:13:47.9Z,1,REGULAR,2pt,Jump Shot,[],203078,19.004599211563733,30.637254901960787,1610612764,10,3,2022-11-20T23:13:57Z,260000,False,97.0,126.0,1,left,B. Beal 15' pullup Jump Shot (2 PTS),[203078],1610612764.0,WAS,pullup,,,Beal,B. Beal,,,,,Mid-Range,8-16 Right,15.9,Made,2.0,,,,,,,,,,,,,,,,,
27,PT09M24.00S,2022-11-20T23:14:05.1Z,1,REGULAR,2pt,Jump Shot,[],203486,76.5604467805519,53.92156862745098,1610612766,10,3,2022-11-20T23:16:37Z,270000,False,20.0,168.0,1,right,MISS M. Plumlee 16' Jump Shot,[203486],1610612766.0,CHA,,,,Plumlee,M. Plumlee,,,,,Mid-Range,16-24 Center,16.89,Missed,,,,,,,,,,,,,,,,,,
28,PT09M19.00S,2022-11-20T23:14:10.1Z,1,REGULAR,rebound,offensive,[],1626179,,,1610612766,10,3,2022-11-20T23:14:11Z,280000,False,,,0,,T. Rozier REBOUND (Off:1 Def:0),[1626179],1610612766.0,CHA,,,,Rozier,T. Rozier,,,,,Mid-Range,16-24 Center,,,,,,,,,27.0,,,1.0,0.0,1.0,,,,,,
29,PT09M17.00S,2022-11-20T23:14:12.7Z,1,REGULAR,3pt,Jump Shot,['2ndchance'],1626162,89.43823915900131,95.58823529411765,1610612766,10,3,2022-11-20T23:14:18Z,290000,False,228.0,47.0,1,right,MISS K. Oubre Jr. 3PT,[1626162],1610612766.0,CHA,,,,Oubre Jr.,K. Oubre Jr.,,,,,Right Corner 3,24+ Right,23.27,Missed,,,,,,,,,,,,,,,,,,
30,PT09M13.00S,2022-11-20T23:14:16.7Z,1,REGULAR,rebound,defensive,[],204001,,,1610612764,10,3,2022-11-20T23:14:18Z,300000,False,,,0,,K. Porzingis REBOUND (Off:0 Def:1),[204001],1610612764.0,WAS,,,,Porzingis,K. Porzingis,,,,,Right Corner 3,24+ Right,,,,,,,,,29.0,,,1.0,1.0,0.0,,,,,,
31,PT08M59.00S,2022-11-20T23:14:30.3Z,1,REGULAR,2pt,Layup,['pointsinthepaint'],1630166,7.966491458607096,48.28431372549019,1610612764,12,3,2022-11-20T23:14:36Z,310000,False,9.0,22.0,1,left,D. Avdija driving Layup (2 PTS) (K. Kuzma 1 AST),"[1630166, 1628398]",1610612764.0,WAS,driving,,,Avdija,D. Avdija,,,,,Restricted Area,0-8 Center,2.4,Made,2.0,K. Kuzma,1628398.0,1.0,,,,,,,,,,,,,,
33,PT08M59.00S,2022-11-20T23:14:34.6Z,1,REGULAR,timeout,full,"['team', 'mandatory']",0,,,1610612766,12,3,2022-11-20T23:14:34Z,330000,False,,,0,,CHA Timeout,[],1610612766.0,CHA,,,,,,,,,,,,,,,,,,,,,,,,,,,,,,,
34,PT08M45.00S,2022-11-20T23:17:42.3Z,1,REGULAR,2pt,Jump Shot,[],202330,75.90341655716163,43.627450980392155,1610612766,12,5,2022-11-20T23:17:46Z,340000,False,-32.0,174.0,1,right,G. Hayward 17' pullup Jump Shot (2 PTS) (P. Washington 1 AST),"[202330, 1629023]",1610612766.0,CHA,pullup,,,Hayward,G. Hayward,,,,,Mid-Range,16-24 Center,17.69,Made,2.0,P. Washington,1629023.0,1.0,,,,,,,,,,,,,,
36,PT08M24.00S,2022-11-20T23:18:02.4Z,1,REGULAR,turnover,lost ball,[],203078,,,1610612764,12,5,2022-11-20T23:18:08Z,360000,False,,,0,,B. Beal lost ball TURNOVER (1 TO),"[203078, 1626179]",1610612764.0,WAS,,,,Beal,B. Beal,,,,,In The Paint (Non-RA),8-16 Center,,,,,,,,,,,1.0,,,,Rozier,1626179.0,,,,
37,PT08M24.00S,2022-11-20T23:18:02.4Z,1,REGULAR,steal,,[],1626179,,,1610612766,12,5,2022-11-20T23:18:04Z,370000,False,,,0,,T. Rozier STEAL (1 STL),[1626179],1610612766.0,CHA,,,,Rozier,T. Rozier,,,,,In The Paint (Non-RA),8-16 Center,,,,,,,,,,,,,,,,,,,,
38,PT08M18.00S,2022-11-20T23:18:08.9Z,1,REGULAR,2pt,Layup,"['pointsinthepaint', 'fromturnover']",1626162,91.80354796320631,56.127450980392155,1610612766,12,7,2022-11-20T23:18:12Z,380000,False,31.0,25.0,1,right,K. Oubre Jr. Layup (2 PTS) (T. Rozier 2 AST),"[1626162, 1626179]",1610612766.0,CHA,,,,Oubre Jr.,K. Oubre Jr.,,,,,Restricted Area,0-8 Center,3.92,Made,2.0,T. Rozier,1626179.0,2.0,,,,,,,,,,,,,,
40,PT07M57.00S,2022-11-20T23:18:29.0Z,1,REGULAR,3pt,Jump Shot,[],204001,34.11629434954008,46.32352941176471,1610612764,12,7,2022-11-20T23:18:34Z,400000,False,18.0,268.0,1,left,MISS K. Porzingis 26' step back 3PT,[204001],1610612764.0,WAS,step back,,,Porzingis,K. Porzingis,,,,,Above the Break 3,24+ Center,26.88,Missed,,,,,,,,,,,,,,,,,,
41,PT07M55.00S,2022-11-20T23:18:31.0Z,1,REGULAR,rebound,defensive,[],1626162,,,1610612766,12,7,2022-11-20T23:18:34Z,410000,False,,,0,,K. Oubre Jr. REBOUND (Off:0 Def:1),[1626162],1610612766.0,CHA,,,,Oubre Jr.,K. Oubre Jr.,,,,,Above the Break 3,24+ Center,,,,,,,,,40.0,,,1.0,1.0,0.0,,,,,,
42,PT07M45.00S,2022-11-20T23:18:43.6Z,1,REGULAR,2pt,Layup,[],1626162,90.62089356110381,67.40196078431373,1610612766,12,7,2022-11-20T23:19:52Z,420000,False,87.0,36.0,1,right,MISS K. Oubre Jr. 9' driving finger roll Layup - blocked,"[1626162, 204001]",1610612766.0,CHA,driving finger roll,,,Oubre Jr.,K. Oubre Jr.,,,,,Mid-Range,8-16 Right,9.4,Missed,,,,,Porzingis,204001.0,,,,,,,,,,,,
43,PT07M45.00S,2022-11-20T23:18:43.6Z,1,REGULAR,block,,[],204001,,,1610612766,12,7,2022-11-20T23:18:46Z,430000,False,,,0,,K. Porzingis BLOCK (2 BLK),[204001],1610612764.0,WAS,,,,Porzingis,K. Porzingis,,,,,Mid-Range,8-16 Right,,,,,,,,,,,,,,,,,,,,
44,PT07M45.00S,2022-11-20T23:18:43.6Z,1,REGULAR,rebound,offensive,['team'],0,,,1610612766,12,7,2022-11-20T23:18:49Z,440000,False,,,0,,TEAM offensive REBOUND,[],1610612766.0,CHA,,,,,,,,,,Mid-Range,8-16 Right,,,,,,,,,42.0,,,,,,,,,,,
46,PT07M35.00S,2022-11-20T23:19:06.6Z,1,REGULAR,2pt,Jump Shot,['2ndchance'],1626179,74.85216819973719,48.28431372549019,1610612766,12,9,2022-11-20T23:19:12Z,460000,False,-9.0,184.0,1,right,T. Rozier 18' pullup Jump Shot (2 PTS),[1626179],1610612766.0,CHA,pullup,,,Rozier,T. Rozier,,,,,Mid-Range,16-24 Center,18.41,Made,2.0,,,,,,,,,,,,,,,,,
47,PT07M20.00S,2022-11-20T23:19:21.7Z,1,REGULAR,3pt,Jump Shot,[],204001,29.122864651773984,18.627450980392158,1610612764,15,9,2022-11-20T23:19:25Z,470000,False,157.0,221.0,1,left,K. Porzingis 27' 3PT  (3 PTS) (B. Beal 3 AST),"[204001, 203078]",1610612764.0,WAS,,,,Porzingis,K. Porzingis,,,,,Above the Break 3,24+ Right Center,27.13,Made,3.0,B. Beal,203078.0,3.0,,,,,,,,,,,,,,
49,PT07M10.00S,2022-11-20T23:19:32.3Z,1,REGULAR,2pt,Layup,['pointsinthepaint'],203486,93.51182654402102,55.63725490196079,1610612766,15,11,2022-11-20T23:21:28Z,490000,False,28.0,8.0,1,right,M. Plumlee driving Layup (2 PTS) (T. Rozier 3 AST),"[203486, 1626179]",1610612766.0,CHA,driving,,,Plumlee,M. Plumlee,,,,,Restricted Area,0-8 Center,2.95,Made,2.0,T. Rozier,1626179.0,3.0,,,,,,,,,,,,,,
51,PT07M02.00S,2022-11-20T23:19:40.0Z,1,REGULAR,3pt,Jump Shot,[],204001,34.247700394218136,27.696078431372552,1610612764,18,11,2022-11-20T23:19:45Z,510000,False,112.0,269.0,1,left,K. Porzingis 29' 3PT  (6 PTS) (K. Kuzma 2 AST),"[204001, 1628398]",1610612764.0,WAS,,,,Porzingis,K. Porzingis,,,,,Above the Break 3,24+ Right Center,29.16,Made,6.0,K. Kuzma,1628398.0,2.0,,,,,,,,,,,,,,
53,PT06M47.00S,2022-11-20T23:19:54.6Z,1,REGULAR,3pt,Jump Shot,[],202330,73.14388961892247,79.90196078431373,1610612766,18,14,2022-11-20T23:19:59Z,530000,False,150.0,200.0,1,right,G. Hayward 24' 3PT  (5 PTS) (M. Plumlee 1 AST),"[202330, 203486]",1610612766.0,CHA,,,,Hayward,G. Hayward,,,,,Above the Break 3,24+ Right Center,24.96,Made,5.0,M. Plumlee,203486.0,1.0,,,,,,,,,,,,,,
55,PT06M37.00S,2022-11-20T23:20:05.5Z,1,REGULAR,2pt,DUNK,['pointsinthepaint'],1628398,7.966491458607096,53.18627450980392,1610612764,20,14,2022-11-20T23:20:11Z,550000,False,-16.0,22.0,1,left,K. Kuzma driving DUNK (5 PTS),[1628398],1610612764.0,WAS,driving,,,Kuzma,K. Kuzma,,,,,Restricted Area,0-8 Center,2.75,Made,5.0,,,,,,,,,,,,,,,,,
56,PT06M23.00S,2022-11-20T23:20:18.3Z,1,REGULAR,3pt,Jump Shot,[],1626162,94.82588699080158,96.81372549019608,1610612766,20,14,2022-11-20T23:20:24Z,560000,False,234.0,-4.0,1,right,MISS K. Oubre Jr. 3PT,[1626162],1610612766.0,CHA,,,,Oubre Jr.,K. Oubre Jr.,,,,,Right Corner 3,24+ Right,23.41,Missed,,,,,,,,,,,,,,,,,,
57,PT06M21.00S,2022-11-20T23:20:20.3Z,1,REGULAR,rebound,defensive,[],1628398,,,1610612764,20,14,2022-11-20T23:20:24Z,570000,False,,,0,,K. Kuzma REBOUND (Off:0 Def:1),[1628398],1610612764.0,WAS,,,,Kuzma,K. Kuzma,,,,,Right Corner 3,24+ Right,,,,,,,,,56.0,,,1.0,1.0,0.0,,,,,,
58,PT06M18.00S,2022-11-20T23:20:27.6Z,1,REGULAR,foul,personal,['2freethrow'],202330,,,1610612764,20,14,2022-11-20T23:20:34Z,580000,False,,,0,,G. Hayward shooting personal FOUL (1 PF) (Kuzma 2 FT),"[202330, 1628398]",1610612766.0,CHA,shooting,,,Hayward,G. Hayward,,,,,Restricted Area,0-8 Center,,,,,,,,,,200833.0,,,,,,,1.0,0.0,Kuzma,1628398.0
60,PT06M18.00S,2022-11-20T23:20:55.5Z,1,REGULAR,freethrow,1 of 2,[],1628398,,,1610612764,21,14,2022-11-20T23:20:55Z,600000,False,,,0,,K. Kuzma Free Throw 1 of 2 (6 PTS),[1628398],1610612764.0,WAS,,,,Kuzma,K. Kuzma,,,,,,,,Made,6.0,,,,,,,,,,,,,,,,,
61,PT06M18.00S,2022-11-20T23:20:56.2Z,1,REGULAR,substitution,out,[],1630557,,,1610612764,21,14,2022-11-20T23:21:04Z,610000,False,,,0,,SUB out: C. Kispert,[1630557],1610612764.0,WAS,,,,Kispert,C. Kispert,,,,,,,,,,,,,,,,,,,,,,,,,,
62,PT06M18.00S,2022-11-20T23:20:56.2Z,1,REGULAR,substitution,out,[],1629023,,,1610612764,21,14,2022-11-20T23:21:04Z,620000,False,,,0,,SUB out: P. Washington,[1629023],1610612766.0,CHA,,,,Washington,P. Washington,,,,,,,,,,,,,,,,,,,,,,,,,,
63,PT06M18.00S,2022-11-20T23:20:56.2Z,1,REGULAR,substitution,out,[],1626179,,,1610612764,21,14,2022-11-20T23:21:04Z,630000,False,,,0,,SUB out: T. Rozier,[1626179],1610612766.0,CHA,,,,Rozier,T. Rozier,,,,,,,,,,,,,,,,,,,,,,,,,,
64,PT06M18.00S,2022-11-20T23:20:56.2Z,1,REGULAR,substitution,in,[],1630692,,,1610612764,21,14,2022-11-20T23:21:04Z,640000,False,,,0,,SUB in: J. Goodwin,[1630692],1610612764.0,WAS,,,,Goodwin,J. Goodwin,,,,,,,,,,,,,,,,,,,,,,,,,,
65,PT06M18.00S,2022-11-20T23:20:56.2Z,1,REGULAR,substitution,in,[],1629667,,,1610612764,21,14,2022-11-20T23:21:04Z,650000,False,,,0,,SUB in: J. McDaniels,[1629667],1610612766.0,CHA,,,,McDaniels,J. McDaniels,,,,,,,,,,,,,,,,,,,,,,,,,,
66,PT06M18.00S,2022-11-20T23:20:56.2Z,1,REGULAR,substitution,in,[],1628372,,,1610612764,21,14,2022-11-20T23:21:04Z,660000,False,,,0,,SUB in: D. Smith Jr.,[1628372],1610612766.0,CHA,,,,Smith Jr.,D. Smith Jr.,,,,,,,,,,,,,,,,,,,,,,,,,,
67,PT06M18.00S,2022-11-20T23:21:26.3Z,1,REGULAR,freethrow,2 of 2,[],1628398,,,1610612764,22,14,2022-11-20T23:21:26Z,670000,False,,,0,,K. Kuzma Free Throw 2 of 2 (7 PTS),[1628398],1610612764.0,WAS,,,,Kuzma,K. Kuzma,,,,,,,,Made,7.0,,,,,,,,,,,,,,,,,
68,PT05M55.00S,2022-11-20T23:21:50.1Z,1,REGULAR,3pt,Jump Shot,[],1629667,69.59592641261499,24.264705882352942,1610612766,22,17,2022-11-20T23:22:02Z,680000,False,-129.0,233.0,1,right,J. McDaniels 26' 3PT  (3 PTS) (G. Hayward 1 AST),"[1629667, 202330]",1610612766.0,CHA,,,,McDaniels,J. McDaniels,,,,,Above the Break 3,24+ Left Center,26.64,Made,3.0,G. Hayward,202330.0,1.0,,,,,,,,,,,,,,
70,PT05M44.00S,2022-11-20T23:22:01.8Z,1,REGULAR,2pt,Hook,['pointsinthepaint'],1628398,11.383048620236531,44.6078431372549,1610612764,24,17,2022-11-20T23:22:06Z,700000,False,27.0,55.0,1,left,K. Kuzma 6' driving Hook (9 PTS),[1628398],1610612764.0,WAS,driving,,,Kuzma,K. Kuzma,,,,,In The Paint (Non-RA),0-8 Center,6.08,Made,9.0,,,,,,,,,,,,,,,,,
71,PT05M31.00S,2022-11-20T23:22:13.4Z,1,REGULAR,2pt,Layup,['pointsinthepaint'],1629667,84.97043363994744,36.029411764705884,1610612766,24,17,2022-11-20T23:22:19Z,710000,False,-70.0,89.0,1,right,MISS J. McDaniels 11' driving Layup - blocked,"[1629667, 1630692]",1610612766.0,CHA,driving,,,McDaniels,J. McDaniels,,,,,In The Paint (Non-RA),8-16 Left,11.3,Missed,,,,,Goodwin,1630692.0,,,,,,,,,,,,
72,PT05M31.00S,2022-11-20T23:22:13.4Z,1,REGULAR,block,,[],1630692,,,1610612766,24,17,2022-11-20T23:22:16Z,720000,False,,,0,,J. Goodwin BLOCK (1 BLK),[1630692],1610612764.0,WAS,,,,Goodwin,J. Goodwin,,,,,In The Paint (Non-RA),8-16 Left,,,,,,,,,,,,,,,,,,,,
73,PT05M28.00S,2022-11-20T23:22:16.4Z,1,REGULAR,rebound,defensive,[],1630692,,,1610612764,24,17,2022-11-20T23:22:19Z,730000,False,,,0,,J. Goodwin REBOUND (Off:0 Def:1),[1630692],1610612764.0,WAS,,,,Goodwin,J. Goodwin,,,,,In The Paint (Non-RA),8-16 Left,,,,,,,,,71.0,,,1.0,1.0,0.0,,,,,,
74,PT05M26.00S,2022-11-20T23:22:18.8Z,1,REGULAR,3pt,Jump Shot,['fastbreak'],1628398,23.603810775295663,92.64705882352942,1610612764,24,17,2022-11-20T23:22:26Z,740000,False,-213.0,169.0,1,left,MISS K. Kuzma 27' 3PT,[1628398],1610612764.0,WAS,,,,Kuzma,K. Kuzma,,,,,Above the Break 3,24+ Left Center,27.23,Missed,,,,,,,,,,,,,,,,,,
75,PT05M22.00S,2022-11-20T23:22:22.8Z,1,REGULAR,rebound,defensive,[],1628372,,,1610612766,24,17,2022-11-20T23:22:26Z,750000,False,,,0,,D. Smith Jr. REBOUND (Off:0 Def:1),[1628372],1610612766.0,CHA,,,,Smith Jr.,D. Smith Jr.,,,,,Above the Break 3,24+ Left Center,,,,,,,,,74.0,,,1.0,1.0,0.0,,,,,,
76,PT05M12.00S,2022-11-20T23:22:32.8Z,1,REGULAR,3pt,Jump Shot,[],202330,68.41327201051249,36.76470588235294,1610612766,24,20,2022-11-20T23:25:28Z,760000,False,-66.0,244.0,1,right,G. Hayward 25' 3PT pullup (8 PTS),[202330],1610612766.0,CHA,pullup,,,Hayward,G. Hayward,,,,,Above the Break 3,24+ Center,25.32,Made,8.0,,,,,,,,,,,,,,,,,
78,PT05M11.00S,2022-11-20T23:22:39.2Z,1,REGULAR,timeout,full,"['team', 'mandatory']",0,,,1610612764,24,20,2022-11-20T23:22:39Z,780000,False,,,0,,WAS Timeout,[],1610612764.0,WAS,,,,,,,,,,,,,,,,,,,,,,,,,,,,,,,
79,PT05M11.00S,2022-11-20T23:24:56.3Z,1,REGULAR,substitution,out,[],1628398,,,1610612764,24,20,2022-11-20T23:25:18Z,790000,False,,,0,,SUB out: K. Kuzma,[1628398],1610612764.0,WAS,,,,Kuzma,K. Kuzma,,,,,,,,,,,,,,,,,,,,,,,,,,
80,PT05M11.00S,2022-11-20T23:24:56.3Z,1,REGULAR,substitution,in,[],203115,,,1610612764,24,20,2022-11-20T23:25:18Z,800000,False,,,0,,SUB in: W. Barton,[203115],1610612764.0,WAS,,,,Barton,W. Barton,,,,,,,,,,,,,,,,,,,,,,,,,,
81,PT05M00.00S,2022-11-20T23:25:38.4Z,1,REGULAR,3pt,Jump Shot,[],203078,18.084756898817346,94.85294117647058,1610612764,24,20,2022-11-20T23:25:46Z,810000,False,-224.0,117.0,1,left,MISS B. Beal 25' pullup 3PT,[203078],1610612764.0,WAS,pullup,,,Beal,B. Beal,,,,,Above the Break 3,24+ Left Center,25.32,Missed,,,,,,,,,,,,,,,,,,
82,PT04M55.00S,2022-11-20T23:25:43.4Z,1,REGULAR,rebound,defensive,[],1629667,,,1610612766,24,20,2022-11-20T23:25:43Z,820000,False,,,0,,J. McDaniels REBOUND (Off:0 Def:1),[1629667],1610612766.0,CHA,,,,McDaniels,J. McDaniels,,,,,Above the Break 3,24+ Left Center,,,,,,,,,81.0,,,1.0,1.0,0.0,,,,,,
83,PT04M44.00S,2022-11-20T23:25:54.2Z,1,REGULAR,2pt,Jump Shot,['pointsinthepaint'],1629667,91.01511169513797,57.107843137254896,1610612766,24,22,2022-11-20T23:31:21Z,830000,False,36.0,32.0,1,right,J. McDaniels driving floating Jump Shot (5 PTS),[1629667],1610612766.0,CHA,driving floating,,,McDaniels,J. McDaniels,,,,,In The Paint (Non-RA),0-8 Center,4.78,Made,5.0,,,,,,,,,,,,,,,,,
85,PT04M25.00S,2022-11-20T23:26:22.5Z,1,REGULAR,2pt,Layup,['pointsinthepaint'],204001,11.383048620236531,58.333333333333336,1610612764,24,22,2022-11-20T23:36:05Z,850000,False,-42.0,55.0,1,left,MISS K. Porzingis 6' driving Layup,[204001],1610612764.0,WAS,driving,,,Porzingis,K. Porzingis,,,,,In The Paint (Non-RA),0-8 Center,6.86,Missed,,,,,,,,,,,,,,,,,,
86,PT04M23.00S,2022-11-20T23:26:24.5Z,1,REGULAR,rebound,defensive,[],1629667,,,1610612766,24,22,2022-11-20T23:26:26Z,860000,False,,,0,,J. McDaniels REBOUND (Off:0 Def:2),[1629667],1610612766.0,CHA,,,,McDaniels,J. McDaniels,,,,,In The Paint (Non-RA),0-8 Center,,,,,,,,,85.0,,,2.0,2.0,0.0,,,,,,
87,PT04M19.00S,2022-11-20T23:26:31.5Z,1,REGULAR,foul,personal,['2freethrow'],1630692,,,1610612766,24,22,2022-11-20T23:26:40Z,870000,False,,,0,,J. Goodwin shooting personal FOUL (1 PF) (Plumlee 2 FT),"[1630692, 203486]",1610612764.0,WAS,shooting,,,Goodwin,J. Goodwin,,,,,Restricted Area,0-8 Center,,,,,,,,,,1628172.0,,,,,,,1.0,0.0,Plumlee,203486.0
89,PT04M19.00S,2022-11-20T23:26:53.3Z,1,REGULAR,freethrow,1 of 2,[],203486,,,1610612766,24,22,2022-11-20T23:26:53Z,890000,False,,,0,,MISS M. Plumlee Free Throw 1 of 2,[203486],1610612766.0,CHA,,,,Plumlee,M. Plumlee,,,,,,,,Missed,,,,,,,,,,,,,,,,,,
90,PT04M19.00S,2022-11-20T23:26:53.3Z,1,REGULAR,rebound,offensive,"['deadball', 'team']",0,,,1610612766,24,22,2022-11-20T23:26:53Z,900000,False,,,0,,TEAM offensive REBOUND,[],1610612766.0,CHA,,,,,,,,,,,,,,,,,,,,89.0,,,,,,,,,,,
91,PT04M19.00S,2022-11-20T23:27:06.9Z,1,REGULAR,freethrow,2 of 2,[],203486,,,1610612766,24,23,2022-11-20T23:27:06Z,910000,False,,,0,,M. Plumlee Free Throw 2 of 2 (3 PTS),[203486],1610612766.0,CHA,,,,Plumlee,M. Plumlee,,,,,,,,Made,3.0,,,,,,,,,,,,,,,,,
92,PT04M09.00S,2022-11-20T23:27:22.9Z,1,REGULAR,foul,offensive,[],203078,,,1610612764,24,23,2022-11-20T23:37:00Z,920000,False,,,0,,B. Beal charge offensive FOUL (1 PF),"[203078, 1628372]",1610612764.0,WAS,charge,,,Beal,B. Beal,,,,,In The Paint (Non-RA),0-8 Center,,,,,,,,,,101284.0,,,,,,,1.0,0.0,Smith Jr.,1628372.0
94,PT04M09.00S,2022-11-20T23:27:22.9Z,1,REGULAR,turnover,offensive foul,[],203078,,,1610612764,24,23,2022-11-20T23:27:35Z,940000,False,,,0,,B. Beal offensive foul TURNOVER (2 TO),[203078],1610612764.0,WAS,,,,Beal,B. Beal,,,,,In The Paint (Non-RA),0-8 Center,,,,,,,,,,1628172.0,2.0,,,,,,,,,
95,PT03M50.00S,2022-11-20T23:27:53.1Z,1,REGULAR,turnover,bad pass,[],1628372,,,1610612766,24,23,2022-11-20T23:27:56Z,950000,False,,,0,,D. Smith Jr. bad pass TURNOVER (1 TO),"[1628372, 203078]",1610612766.0,CHA,,,,Smith Jr.,D. Smith Jr.,,,,,In The Paint (Non-RA),0-8 Center,,,,,,,,,,,1.0,,,,Beal,203078.0,,,,
96,PT03M50.00S,2022-11-20T23:27:53.1Z,1,REGULAR,steal,,[],203078,,,1610612764,24,23,2022-11-20T23:27:55Z,960000,False,,,0,,B. Beal STEAL (1 STL),[203078],1610612764.0,WAS,,,,Beal,B. Beal,,,,,In The Paint (Non-RA),0-8 Center,,,,,,,,,,,,,,,,,,,,
97,PT03M42.00S,2022-11-20T23:28:01.0Z,1,REGULAR,2pt,Layup,"['pointsinthepaint', 'fromturnover', 'fastbreak']",1630166,9.149145860709593,53.431372549019606,1610612764,26,23,2022-11-20T23:28:10Z,970000,False,-17.0,34.0,1,left,D. Avdija Layup (4 PTS),[1630166],1610612764.0,WAS,,,,Avdija,D. Avdija,,,,,Restricted Area,0-8 Center,3.77,Made,4.0,,,,,,,,,,,,,,,,,
98,PT03M29.00S,2022-11-20T23:28:13.6Z,1,REGULAR,turnover,bad pass,[],202330,,,1610612766,26,23,2022-11-20T23:28:19Z,980000,False,,,0,,G. Hayward bad pass TURNOVER (2 TO),"[202330, 203078]",1610612766.0,CHA,,,,Hayward,G. Hayward,,,,,In The Paint (Non-RA),0-8 Center,,,,,,,,,,,2.0,,,,Beal,203078.0,,,,
99,PT03M29.00S,2022-11-20T23:28:13.6Z,1,REGULAR,steal,,[],203078,,,1610612764,26,23,2022-11-20T23:28:15Z,990000,False,,,0,,B. Beal STEAL (2 STL),[203078],1610612764.0,WAS,,,,Beal,B. Beal,,,,,In The Paint (Non-RA),0-8 Center,,,,,,,,,,,,,,,,,,,,
100,PT03M27.00S,2022-11-20T23:28:19.4Z,1,REGULAR,2pt,Layup,"['fastbreak', 'pointsinthepaint', 'fromturnover']",1630166,7.046649145860711,53.92156862745098,1610612764,28,23,2022-11-20T23:43:44Z,1000000,False,-20.0,14.0,1,left,D. Avdija cutting Layup (6 PTS) (B. Beal 4 AST),"[1630166, 203078]",1610612764.0,WAS,cutting,,,Avdija,D. Avdija,,,,,Restricted Area,0-8 Center,2.39,Made,6.0,B. Beal,203078.0,4.0,,,,,,,,,,,,,,
102,PT03M27.00S,2022-11-20T23:28:22.5Z,1,REGULAR,foul,personal,['1freethrow'],1629667,,,1610612764,28,23,2022-11-20T23:28:31Z,1020000,False,,,0,,J. McDaniels shooting personal FOUL (1 PF) (Avdija 1 FT),"[1629667, 1630166]",1610612766.0,CHA,shooting,,,McDaniels,J. McDaniels,,,,,Restricted Area,0-8 Center,,,,,,,,,,101284.0,,,,,,,1.0,0.0,Avdija,1630166.0
104,PT03M27.00S,2022-11-20T23:28:31.8Z,1,REGULAR,substitution,out,[],1626162,,,1610612764,28,23,2022-11-20T23:28:59Z,1040000,False,,,0,,SUB out: K. Oubre Jr.,[1626162],1610612766.0,CHA,,,,Oubre Jr.,K. Oubre Jr.,,,,,,,,,,,,,,,,,,,,,,,,,,
105,PT03M27.00S,2022-11-20T23:28:31.8Z,1,REGULAR,substitution,out,[],202330,,,1610612764,28,23,2022-11-20T23:28:59Z,1050000,False,,,0,,SUB out: G. Hayward,[202330],1610612766.0,CHA,,,,Hayward,G. Hayward,,,,,,,,,,,,,,,,,,,,,,,,,,
106,PT03M27.00S,2022-11-20T23:28:31.8Z,1,REGULAR,substitution,out,[],203486,,,1610612764,28,23,2022-11-20T23:28:59Z,1060000,False,,,0,,SUB out: M. Plumlee,[203486],1610612766.0,CHA,,,,Plumlee,M. Plumlee,,,,,,,,,,,,,,,,,,,,,,,,,,
107,PT03M27.00S,2022-11-20T23:28:31.8Z,1,REGULAR,substitution,in,[],1629023,,,1610612764,28,23,2022-11-20T23:28:59Z,1070000,False,,,0,,SUB in: P. Washington,[1629023],1610612766.0,CHA,,,,Washington,P. Washington,,,,,,,,,,,,,,,,,,,,,,,,,,
108,PT03M27.00S,2022-11-20T23:28:31.8Z,1,REGULAR,substitution,in,[],1626179,,,1610612764,28,23,2022-11-20T23:28:59Z,1080000,False,,,0,,SUB in: T. Rozier,[1626179],1610612766.0,CHA,,,,Rozier,T. Rozier,,,,,,,,,,,,,,,,,,,,,,,,,,
109,PT03M27.00S,2022-11-20T23:28:31.8Z,1,REGULAR,substitution,in,[],1630208,,,1610612764,28,23,2022-11-20T23:28:59Z,1090000,False,,,0,,SUB in: N. Richards,[1630208],1610612766.0,CHA,,,,Richards,N. Richards,,,,,,,,,,,,,,,,,,,,,,,,,,
110,PT03M27.00S,2022-11-20T23:28:57.8Z,1,REGULAR,freethrow,1 of 1,['fromturnover'],1630166,,,1610612764,28,23,2022-11-20T23:29:02Z,1100000,False,,,0,,MISS D. Avdija Free Throw 1 of 1,[1630166],1610612764.0,WAS,,,,Avdija,D. Avdija,,,,,,,,Missed,,,,,,,,,,,,,,,,,,
111,PT03M24.00S,2022-11-20T23:29:00.8Z,1,REGULAR,rebound,offensive,[],1630166,,,1610612764,28,23,2022-11-20T23:29:02Z,1110000,False,,,0,,D. Avdija REBOUND (Off:1 Def:0),[1630166],1610612764.0,WAS,,,,Avdija,D. Avdija,,,,,,,,,,,,,,,110.0,,,1.0,0.0,1.0,,,,,,
112,PT03M23.00S,2022-11-20T23:29:00.9Z,1,REGULAR,2pt,Layup,"['pointsinthepaint', 'fromturnover', '2ndchance']",1630166,6.389618922470433,55.392156862745104,1610612764,30,23,2022-11-20T23:29:08Z,1120000,False,-27.0,8.0,1,left,D. Avdija driving Layup (8 PTS),[1630166],1610612764.0,WAS,driving,,,Avdija,D. Avdija,,,,,Restricted Area,0-8 Center,2.8,Made,8.0,,,,,,,,,,,,,,,,,
113,PT03M01.00S,2022-11-20T23:29:22.5Z,1,REGULAR,2pt,Layup,['pointsinthepaint'],1629667,88.64980289093299,61.51960784313726,1610612766,30,23,2022-11-20T23:45:09Z,1130000,False,58.0,54.0,1,right,MISS J. McDaniels 7' driving finger roll Layup,[1629667],1610612766.0,CHA,driving finger roll,,,McDaniels,J. McDaniels,,,,,In The Paint (Non-RA),0-8 Center,7.91,Missed,,,,,,,,,,,,,,,,,,
114,PT02M59.00S,2022-11-20T23:29:24.5Z,1,REGULAR,rebound,offensive,[],1629667,,,1610612766,30,23,2022-11-20T23:29:27Z,1140000,False,,,0,,J. McDaniels REBOUND (Off:1 Def:2),[1629667],1610612766.0,CHA,,,,McDaniels,J. McDaniels,,,,,In The Paint (Non-RA),0-8 Center,,,,,,,,,113.0,,,3.0,2.0,1.0,,,,,,
115,PT02M59.00S,2022-11-20T23:29:25.4Z,1,REGULAR,2pt,Layup,"['pointsinthepaint', '2ndchance']",1629667,93.77463863337714,57.84313725490197,1610612766,30,23,2022-11-20T23:45:34Z,1150000,False,39.0,6.0,1,right,MISS J. McDaniels putback Layup - blocked,"[1629667, 1630692]",1610612766.0,CHA,putback,,,McDaniels,J. McDaniels,,,,,Restricted Area,0-8 Center,3.97,Missed,,,,,Goodwin,1630692.0,,,,,,,,,,,,
116,PT02M59.00S,2022-11-20T23:29:25.4Z,1,REGULAR,block,,[],1630692,,,1610612766,30,23,2022-11-20T23:29:27Z,1160000,False,,,0,,J. Goodwin BLOCK (2 BLK),[1630692],1610612764.0,WAS,,,,Goodwin,J. Goodwin,,,,,Restricted Area,0-8 Center,,,,,,,,,,,,,,,,,,,,
117,PT02M59.00S,2022-11-20T23:29:25.4Z,1,REGULAR,rebound,defensive,[],1630166,,,1610612764,30,23,2022-11-20T23:29:30Z,1170000,False,,,0,,D. Avdija REBOUND (Off:1 Def:1),[1630166],1610612764.0,WAS,,,,Avdija,D. Avdija,,,,,Restricted Area,0-8 Center,,,,,,,,,115.0,,,2.0,1.0,1.0,,,,,,
118,PT02M54.00S,2022-11-20T23:29:30.4Z,1,REGULAR,2pt,Jump Shot,['fastbreak'],203115,18.347568988173457,13.970588235294118,1610612764,30,23,2022-11-20T23:47:00Z,1180000,False,180.0,120.0,1,left,MISS W. Barton 21' Jump Shot,[203115],1610612764.0,WAS,,,,Barton,W. Barton,,,,,Mid-Range,16-24 Right,21.64,Missed,,,,,,,,,,,,,,,,,,
119,PT02M48.00S,2022-11-20T23:29:36.4Z,1,REGULAR,rebound,defensive,[],1626179,,,1610612766,30,23,2022-11-20T23:29:38Z,1190000,False,,,0,,T. Rozier REBOUND (Off:1 Def:1),[1626179],1610612766.0,CHA,,,,Rozier,T. Rozier,,,,,Above the Break 3,16-24 Right,,,,,,,,,118.0,,,2.0,1.0,1.0,,,,,,
120,PT02M46.00S,2022-11-20T23:29:38.5Z,1,REGULAR,turnover,lost ball,[],1626179,,,1610612766,30,23,2022-11-20T23:29:53Z,1200000,False,,,0,,T. Rozier lost ball TURNOVER (1 TO),"[1626179, 204001]",1610612766.0,CHA,,,,Rozier,T. Rozier,,,,,Mid-Range,16-24 Right,,,,,,,,,,,1.0,,,,Porzingis,204001.0,,,,
121,PT02M46.00S,2022-11-20T23:29:38.5Z,1,REGULAR,steal,,[],204001,,,1610612764,30,23,2022-11-20T23:29:46Z,1210000,False,,,0,,K. Porzingis STEAL (1 STL),[204001],1610612764.0,WAS,,,,Porzingis,K. Porzingis,,,,,Mid-Range,16-24 Right,,,,,,,,,,,,,,,,,,,,
125,PT02M46.00S,2022-11-20T23:33:07.1Z,1,REGULAR,foul,personal,[],1629667,,,1610612764,30,23,2022-11-20T23:33:31Z,1250000,False,,,0,,J. McDaniels personal FOUL (2 PF),"[1629667, 204001]",1610612766.0,CHA,,,,McDaniels,J. McDaniels,,,,,Above the Break 3,24+ Right Center,,,,,,,,,,101284.0,,,,,,,2.0,0.0,Porzingis,204001.0
127,PT02M46.00S,2022-11-20T23:33:20.6Z,1,REGULAR,foul,technical,['1freethrow'],204001,,,1610612764,30,23,2022-11-20T23:33:27Z,1270000,False,,,0,,K. Porzingis technical FOUL (1 Tech),[204001],1610612764.0,WAS,,,,Porzingis,K. Porzingis,,,,,Above the Break 3,24+ Right Center,,,,,,,,,,101284.0,,,,,,,0.0,1.0,,
128,PT02M46.00S,2022-11-20T23:33:28.5Z,1,REGULAR,freethrow,1 of 1,[],1626179,,,1610612764,30,23,2022-11-20T23:33:28Z,1280000,False,,,0,,MISS T. Rozier technical Free Throw 1 of 1,[1626179],1610612766.0,CHA,technical,,,Rozier,T. Rozier,,,,,,,,Missed,,,,,,,,,,,,,,,,,,
129,PT02M46.00S,2022-11-20T23:33:28.5Z,1,REGULAR,rebound,defensive,"['deadball', 'team']",0,,,1610612764,30,23,2022-11-20T23:33:28Z,1290000,False,,,0,,TEAM defensive REBOUND,[],1610612764.0,WAS,,,,,,,,,,,,,,,,,,,,128.0,,,,,,,,,,,
130,PT02M46.00S,2022-11-20T23:33:29.4Z,1,REGULAR,substitution,out,[],204001,,,1610612764,30,23,2022-11-20T23:33:43Z,1300000,False,,,0,,SUB out: K. Porzingis,[204001],1610612764.0,WAS,,,,Porzingis,K. Porzingis,,,,,,,,,,,,,,,,,,,,,,,,,,
131,PT02M46.00S,2022-11-20T23:33:29.4Z,1,REGULAR,substitution,out,[],1630166,,,1610612764,30,23,2022-11-20T23:33:43Z,1310000,False,,,0,,SUB out: D. Avdija,[1630166],1610612764.0,WAS,,,,Avdija,D. Avdija,,,,,,,,,,,,,,,,,,,,,,,,,,
132,PT02M46.00S,2022-11-20T23:33:29.4Z,1,REGULAR,substitution,in,[],1629655,,,1610612764,30,23,2022-11-20T23:33:43Z,1320000,False,,,0,,SUB in: D. Gafford,[1629655],1610612764.0,WAS,,,,Gafford,D. Gafford,,,,,,,,,,,,,,,,,,,,,,,,,,
133,PT02M46.00S,2022-11-20T23:33:29.4Z,1,REGULAR,substitution,in,[],1628398,,,1610612764,30,23,2022-11-20T23:33:43Z,1330000,False,,,0,,SUB in: K. Kuzma,[1628398],1610612764.0,WAS,,,,Kuzma,K. Kuzma,,,,,,,,,,,,,,,,,,,,,,,,,,
134,PT02M36.00S,2022-11-20T23:33:55.1Z,1,REGULAR,foul,offensive,[],1629655,,,1610612764,30,23,2022-11-20T23:51:50Z,1340000,False,,,0,,D. Gafford offensive FOUL (1 PF),"[1629655, 1626179]",1610612764.0,WAS,,,,Gafford,D. Gafford,,,,,Above the Break 3,24+ Right Center,,,,,,,,,,200833.0,,,,,,,1.0,0.0,Rozier,1626179.0
136,PT02M36.00S,2022-11-20T23:33:55.1Z,1,REGULAR,turnover,offensive foul,[],1629655,,,1610612764,30,23,2022-11-20T23:34:10Z,1360000,False,,,0,,D. Gafford offensive foul TURNOVER (1 TO),[1629655],1610612764.0,WAS,,,,Gafford,D. Gafford,,,,,Above the Break 3,24+ Right Center,,,,,,,,,,200833.0,1.0,,,,,,,,,
137,PT02M16.00S,2022-11-20T23:34:26.2Z,1,REGULAR,2pt,Jump Shot,['fromturnover'],1628372,82.07950065703022,68.38235294117648,1610612766,30,25,2022-11-20T23:53:48Z,1370000,False,92.0,116.0,1,right,D. Smith Jr. 14' driving floating Jump Shot (2 PTS),[1628372],1610612766.0,CHA,driving floating,,,Smith Jr.,D. Smith Jr.,,,,,Mid-Range,8-16 Right,14.8,Made,2.0,,,,,,,,,,,,,,,,,
138,PT02M01.00S,2022-11-20T23:34:42.0Z,1,REGULAR,2pt,Jump Shot,[],203115,9.280551905387648,20.34313725490196,1610612764,30,25,2022-11-20T23:54:14Z,1380000,False,148.0,35.0,1,left,MISS W. Barton 15' pullup Shot,[203115],1610612764.0,WAS,pullup,,,Barton,W. Barton,,,,,Mid-Range,8-16 Right,15.23,Missed,,,,,,,,,,,,,,,,,,
139,PT02M01.00S,2022-11-20T23:34:42.0Z,1,REGULAR,rebound,offensive,['team'],0,,,1610612764,30,25,2022-11-20T23:34:45Z,1390000,False,,,0,,TEAM offensive REBOUND,[],1610612764.0,WAS,,,,,,,,,,Mid-Range,8-16 Right,,,,,,,,,138.0,,,,,,,,,,,
141,PT01M57.00S,2022-11-20T23:35:01.8Z,1,REGULAR,2pt,Layup,"['pointsinthepaint', '2ndchance']",203078,8.623521681997373,55.63725490196079,1610612764,30,25,2022-11-20T23:35:08Z,1410000,False,-28.0,29.0,1,left,MISS B. Beal Layup - blocked,"[203078, 1628372]",1610612764.0,WAS,,,,Beal,B. Beal,,,,,Restricted Area,0-8 Center,4.02,Missed,,,,,Smith Jr.,1628372.0,,,,,,,,,,,,
142,PT01M57.00S,2022-11-20T23:35:01.8Z,1,REGULAR,block,,[],1628372,,,1610612764,30,25,2022-11-20T23:35:04Z,1420000,False,,,0,,D. Smith Jr. BLOCK (1 BLK),[1628372],1610612766.0,CHA,,,,Smith Jr.,D. Smith Jr.,,,,,Restricted Area,0-8 Center,,,,,,,,,,,,,,,,,,,,
143,PT01M57.00S,2022-11-20T23:35:01.8Z,1,REGULAR,rebound,offensive,['team'],0,,,1610612764,30,25,2022-11-20T23:35:08Z,1430000,False,,,0,,TEAM offensive REBOUND,[],1610612764.0,WAS,,,,,,,,,,Restricted Area,0-8 Center,,,,,,,,,141.0,,,,,,,,,,,
145,PT01M57.00S,2022-11-20T23:35:09.2Z,1,REGULAR,substitution,out,[],1630692,,,1610612764,30,25,2022-11-20T23:35:12Z,1450000,False,,,0,,SUB out: J. Goodwin,[1630692],1610612764.0,WAS,,,,Goodwin,J. Goodwin,,,,,,,,,,,,,,,,,,,,,,,,,,
146,PT01M57.00S,2022-11-20T23:35:09.2Z,1,REGULAR,substitution,in,[],1630557,,,1610612764,30,25,2022-11-20T23:35:12Z,1460000,False,,,0,,SUB in: C. Kispert,[1630557],1610612764.0,WAS,,,,Kispert,C. Kispert,,,,,,,,,,,,,,,,,,,,,,,,,,
147,PT01M54.00S,2022-11-20T23:35:28.0Z,1,REGULAR,3pt,Jump Shot,['2ndchance'],203115,5.075558475689881,6.127450980392156,1610612764,33,25,2022-11-20T23:35:32Z,1470000,False,219.0,-5.0,1,left,W. Barton 3PT  (3 PTS) (K. Kuzma 3 AST),"[203115, 1628398]",1610612764.0,WAS,,,,Barton,W. Barton,,,,,Right Corner 3,24+ Right,21.95,Made,3.0,K. Kuzma,1628398.0,3.0,,,,,,,,,,,,,,
149,PT01M38.00S,2022-11-20T23:35:44.5Z,1,REGULAR,2pt,Jump Shot,[],1629023,77.61169513797634,71.81372549019608,1610612766,33,25,2022-11-20T23:35:51Z,1490000,False,109.0,158.0,1,right,MISS P. Washington 19' floating Shot,[1629023],1610612766.0,CHA,floating,,,Washington,P. Washington,,,,,Mid-Range,16-24 Right Center,19.2,Missed,,,,,,,,,,,,,,,,,,
150,PT01M31.00S,2022-11-20T23:35:51.5Z,1,REGULAR,rebound,defensive,[],1629655,,,1610612764,33,25,2022-11-20T23:35:51Z,1500000,False,,,0,,D. Gafford REBOUND (Off:0 Def:1),[1629655],1610612764.0,WAS,,,,Gafford,D. Gafford,,,,,Mid-Range,16-24 Right Center,,,,,,,,,149.0,,,1.0,1.0,0.0,,,,,,
151,PT01M19.00S,2022-11-20T23:36:02.3Z,1,REGULAR,2pt,Jump Shot,['pointsinthepaint'],203078,19.66162943495401,44.85294117647059,1610612764,35,25,2022-11-20T23:36:08Z,1510000,False,26.0,132.0,1,left,B. Beal 13' step back Jump Shot (4 PTS),[203078],1610612764.0,WAS,step back,,,Beal,B. Beal,,,,,In The Paint (Non-RA),8-16 Center,13.48,Made,4.0,,,,,,,,,,,,,,,,,
152,PT01M04.00S,2022-11-20T23:36:17.9Z,1,REGULAR,turnover,lost ball,[],1629023,,,1610612766,35,25,2022-11-20T23:36:26Z,1520000,False,,,0,,P. Washington lost ball TURNOVER (1 TO),"[1629023, 203078]",1610612766.0,CHA,,,,Washington,P. Washington,,,,,Mid-Range,16-24 Right,,,,,,,,,,,1.0,,,,Beal,203078.0,,,,
153,PT01M04.00S,2022-11-20T23:36:17.9Z,1,REGULAR,steal,,[],203078,,,1610612764,35,25,2022-11-20T23:36:19Z,1530000,False,,,0,,B. Beal STEAL (3 STL),[203078],1610612764.0,WAS,,,,Beal,B. Beal,,,,,Mid-Range,16-24 Right,,,,,,,,,,,,,,,,,,,,
154,PT00M58.80S,2022-11-20T23:36:23.7Z,1,REGULAR,2pt,Layup,"['fastbreak', 'pointsinthepaint', 'fromturnover']",1630557,6.915243101182654,46.07843137254902,1610612764,35,25,2022-11-21T00:37:29Z,1540000,False,20.0,13.0,1,left,MISS C. Kispert running Layup,[1630557],1610612764.0,WAS,running,,,Kispert,C. Kispert,,,,,Restricted Area,0-8 Center,2.32,Missed,,,,,,,,,,,,,,,,,,
155,PT00M55.50S,2022-11-20T23:36:27.0Z,1,REGULAR,rebound,defensive,[],1630208,,,1610612766,35,25,2022-11-20T23:36:36Z,1550000,False,,,0,,N. Richards REBOUND (Off:0 Def:1),[1630208],1610612766.0,CHA,,,,Richards,N. Richards,,,,,Restricted Area,0-8 Center,,,,,,,,,154.0,,,1.0,1.0,0.0,,,,,,
156,PT00M53.90S,2022-11-20T23:36:28.5Z,1,REGULAR,3pt,Jump Shot,[],1626179,71.30420499342969,17.15686274509804,1610612766,35,25,2022-11-20T23:36:40Z,1560000,False,-164.0,217.0,1,right,MISS T. Rozier 27' pullup 3PT,[1626179],1610612766.0,CHA,pullup,,,Rozier,T. Rozier,,,,,Above the Break 3,24+ Left Center,27.23,Missed,,,,,,,,,,,,,,,,,,
157,PT00M51.00S,2022-11-20T23:36:31.4Z,1,REGULAR,rebound,defensive,[],1628398,,,1610612764,35,25,2022-11-20T23:36:40Z,1570000,False,,,0,,K. Kuzma REBOUND (Off:0 Def:2),[1628398],1610612764.0,WAS,,,,Kuzma,K. Kuzma,,,,,Above the Break 3,24+ Left Center,,,,,,,,,156.0,,,2.0,2.0,0.0,,,,,,
158,PT00M32.10S,2022-11-20T23:36:50.8Z,1,REGULAR,3pt,Jump Shot,[],203115,5.601182654402102,96.81372549019608,1610612764,35,25,2022-11-20T23:36:55Z,1580000,False,-234.0,0.0,1,left,MISS W. Barton 3PT,[203115],1610612764.0,WAS,,,,Barton,W. Barton,,,,,Left Corner 3,24+ Left,23.41,Missed,,,,,,,,,,,,,,,,,,
159,PT00M29.30S,2022-11-20T23:36:53.6Z,1,REGULAR,rebound,defensive,[],1629667,,,1610612766,35,25,2022-11-20T23:36:55Z,1590000,False,,,0,,J. McDaniels REBOUND (Off:1 Def:3),[1629667],1610612766.0,CHA,,,,McDaniels,J. McDaniels,,,,,Left Corner 3,24+ Left,,,,,,,,,158.0,,,4.0,3.0,1.0,,,,,,
160,PT00M10.50S,2022-11-20T23:37:12.5Z,1,REGULAR,2pt,Jump Shot,[],1626179,80.76544021024968,66.17647058823529,1610612766,35,25,2022-11-20T23:37:18Z,1600000,False,81.0,128.0,1,right,MISS T. Rozier 15' step back Shot,[1626179],1610612766.0,CHA,step back,,,Rozier,T. Rozier,,,,,Mid-Range,8-16 Right,15.17,Missed,,,,,,,,,,,,,,,,,,
161,PT00M08.20S,2022-11-20T23:37:14.8Z,1,REGULAR,rebound,offensive,[],1630208,,,1610612766,35,25,2022-11-20T23:37:18Z,1610000,False,,,0,,N. Richards REBOUND (Off:1 Def:1),[1630208],1610612766.0,CHA,,,,Richards,N. Richards,,,,,Mid-Range,8-16 Right,,,,,,,,,160.0,,,2.0,1.0,1.0,,,,,,
162,PT00M08.20S,2022-11-20T23:37:17.1Z,1,REGULAR,2pt,Layup,"['pointsinthepaint', '2ndchance']",1630208,94.40999984741211,50.0,1610612766,35,27,2022-11-20T23:37:17Z,1620000,False,0.0,0.0,1,right,N. Richards tip Layup (2 PTS),[1630208],1610612766.0,CHA,tip,,,Richards,N. Richards,,,,,Mid-Range,8-16 Left,0.0,Made,2.0,,,,,,,,,,,,,,,,,
163,PT00M00.30S,2022-11-20T23:37:25.6Z,1,REGULAR,2pt,Layup,['pointsinthepaint'],1628398,10.5946123521682,42.8921568627451,1610612764,35,27,2022-11-20T23:38:05Z,1630000,False,36.0,47.0,1,left,MISS K. Kuzma driving Layup,[1628398],1610612764.0,WAS,driving,,,Kuzma,K. Kuzma,,,,,In The Paint (Non-RA),0-8 Center,5.9,Missed,,,,,,,,,,,,,,,,,,
164,PT00M00.10S,2022-11-20T23:37:25.8Z,1,REGULAR,rebound,defensive,[],1630208,,,1610612766,35,27,2022-11-20T23:38:05Z,1640000,False,,,0,,N. Richards REBOUND (Off:1 Def:2),[1630208],1610612766.0,CHA,,,,Richards,N. Richards,,,,,In The Paint (Non-RA),0-8 Center,,,,,,,,,163.0,,,3.0,2.0,1.0,,,,,,
165,PT00M00.00S,2022-11-20T23:37:37.3Z,1,REGULAR,period,end,[],0,,,1610612766,35,27,2022-11-20T23:37:37Z,1650000,False,,,0,,Period End,[],,,,,,,,,,,,,,,,,,,,,,,,,,,,,,,,,
166,PT12M00.00S,2022-11-20T23:39:30.1Z,2,REGULAR,substitution,out,['startperiod'],203078,,,1610612766,35,27,2022-11-20T23:39:44Z,1660000,False,,,0,,SUB out: B. Beal,[203078],1610612764.0,WAS,,,,Beal,B. Beal,,,,,,,,,,,,,,,,,,,,,,,,,,
167,PT12M00.00S,2022-11-20T23:39:30.1Z,2,REGULAR,substitution,out,['startperiod'],1628372,,,1610612766,35,27,2022-11-20T23:39:44Z,1670000,False,,,0,,SUB out: D. Smith Jr.,[1628372],1610612766.0,CHA,,,,Smith Jr.,D. Smith Jr.,,,,,,,,,,,,,,,,,,,,,,,,,,
168,PT12M00.00S,2022-11-20T23:39:30.1Z,2,REGULAR,substitution,in,['startperiod'],1630692,,,1610612766,35,27,2022-11-20T23:39:44Z,1680000,False,,,0,,SUB in: J. Goodwin,[1630692],1610612764.0,WAS,,,,Goodwin,J. Goodwin,,,,,,,,,,,,,,,,,,,,,,,,,,
169,PT12M00.00S,2022-11-20T23:39:30.1Z,2,REGULAR,substitution,in,['startperiod'],202330,,,1610612766,35,27,2022-11-20T23:39:44Z,1690000,False,,,0,,SUB in: G. Hayward,[202330],1610612766.0,CHA,,,,Hayward,G. Hayward,,,,,,,,,,,,,,,,,,,,,,,,,,
170,PT12M00.00S,2022-11-20T23:40:09.0Z,2,REGULAR,period,start,[],0,,,1610612766,35,27,2022-11-20T23:40:09Z,1700000,False,,,0,,Period Start,[],,,,,,,,,,,,,,,,,,,,,,,,,,,,,,,,,
171,PT11M42.00S,2022-11-20T23:40:26.6Z,2,REGULAR,3pt,Jump Shot,[],202330,68.01905387647832,13.970588235294118,1610612766,35,27,2022-11-21T00:37:39Z,1710000,False,-180.0,248.0,1,right,MISS G. Hayward 30' pullup 3PT,[202330],1610612766.0,CHA,pullup,,,Hayward,G. Hayward,,,,,Above the Break 3,24+ Left Center,30.66,Missed,,,,,,,,,,,,,,,,,,
172,PT11M39.00S,2022-11-20T23:40:29.6Z,2,REGULAR,rebound,defensive,['team'],0,,,1610612764,35,27,2022-11-20T23:40:33Z,1720000,False,,,0,,TEAM defensive REBOUND,[],1610612764.0,WAS,,,,,,,,,,Above the Break 3,24+ Left Center,,,,,,,,,171.0,,,,,,,,,,,
174,PT11M25.00S,2022-11-20T23:40:48.1Z,2,REGULAR,2pt,Jump Shot,[],1628398,20.97568988173456,28.431372549019606,1610612764,35,27,2022-11-21T00:37:49Z,1740000,False,108.0,145.0,1,left,MISS K. Kuzma 18' pullup Shot,[1628398],1610612764.0,WAS,pullup,,,Kuzma,K. Kuzma,,,,,Mid-Range,16-24 Right Center,18.04,Missed,,,,,,,,,,,,,,,,,,
175,PT11M22.00S,2022-11-20T23:40:51.1Z,2,REGULAR,rebound,defensive,[],1626179,,,1610612766,35,27,2022-11-20T23:40:54Z,1750000,False,,,0,,T. Rozier REBOUND (Off:1 Def:2),[1626179],1610612766.0,CHA,,,,Rozier,T. Rozier,,,,,Mid-Range,16-24 Right Center,,,,,,,,,174.0,,,3.0,2.0,1.0,,,,,,
176,PT11M12.00S,2022-11-20T23:41:01.6Z,2,REGULAR,3pt,Jump Shot,[],1629667,94.69448094612353,96.81372549019608,1610612766,35,27,2022-11-20T23:41:05Z,1760000,False,234.0,-3.0,1,right,MISS J. McDaniels 3PT,[1629667],1610612766.0,CHA,,,,McDaniels,J. McDaniels,,,,,Right Corner 3,24+ Right,23.41,Missed,,,,,,,,,,,,,,,,,,
177,PT11M11.00S,2022-11-20T23:41:03.1Z,2,REGULAR,rebound,offensive,[],1630208,,,1610612766,35,27,2022-11-20T23:41:03Z,1770000,False,,,0,,N. Richards REBOUND (Off:2 Def:2),[1630208],1610612766.0,CHA,,,,Richards,N. Richards,,,,,Right Corner 3,24+ Right,,,,,,,,,176.0,,,4.0,2.0,2.0,,,,,,
178,PT11M11.00S,2022-11-20T23:41:04.2Z,2,REGULAR,2pt,Layup,"['pointsinthepaint', '2ndchance']",1630208,93.64323258869908,44.36274509803921,1610612766,35,27,2022-11-20T23:41:25Z,1780000,False,-28.0,7.0,1,right,MISS N. Richards Layup - blocked,"[1630208, 1629655]",1610612766.0,CHA,,,,Richards,N. Richards,,,,,Restricted Area,0-8 Center,2.91,Missed,,,,,Gafford,1629655.0,,,,,,,,,,,,
179,PT11M11.00S,2022-11-20T23:41:04.2Z,2,REGULAR,block,,[],1629655,,,1610612766,35,27,2022-11-20T23:41:07Z,1790000,False,,,0,,D. Gafford BLOCK (1 BLK),[1629655],1610612764.0,WAS,,,,Gafford,D. Gafford,,,,,Restricted Area,0-8 Center,,,,,,,,,,,,,,,,,,,,
180,PT11M10.00S,2022-11-20T23:41:05.2Z,2,REGULAR,rebound,offensive,[],1626179,,,1610612766,35,27,2022-11-20T23:41:25Z,1800000,False,,,0,,T. Rozier REBOUND (Off:2 Def:2),[1626179],1610612766.0,CHA,,,,Rozier,T. Rozier,,,,,Restricted Area,0-8 Center,,,,,,,,,178.0,,,4.0,2.0,2.0,,,,,,
181,PT11M10.00S,2022-11-20T23:41:08.3Z,2,REGULAR,turnover,traveling,[],1626179,,,1610612766,35,27,2022-11-20T23:41:14Z,1810000,False,,,0,,T. Rozier traveling TURNOVER (2 TO),[1626179],1610612766.0,CHA,,,,Rozier,T. Rozier,,,,,In The Paint (Non-RA),0-8 Center,,,,,,,,,,101284.0,2.0,,,,,,,,,
182,PT10M58.00S,2022-11-20T23:41:31.4Z,2,REGULAR,2pt,Layup,"['pointsinthepaint', 'fromturnover']",1629655,9.280551905387648,55.14705882352941,1610612764,35,27,2022-11-20T23:41:35Z,1820000,False,-26.0,35.0,1,left,MISS D. Gafford alley-oop Layup,[1629655],1610612764.0,WAS,alley-oop,,,Gafford,D. Gafford,,,,,Restricted Area,0-8 Center,4.32,Missed,,,,,,,,,,,,,,,,,,
183,PT10M55.00S,2022-11-20T23:41:34.4Z,2,REGULAR,rebound,defensive,[],1630208,,,1610612766,35,27,2022-11-20T23:41:35Z,1830000,False,,,0,,N. Richards REBOUND (Off:2 Def:3),[1630208],1610612766.0,CHA,,,,Richards,N. Richards,,,,,Restricted Area,0-8 Center,,,,,,,,,182.0,,,5.0,3.0,2.0,,,,,,
184,PT10M45.00S,2022-11-20T23:41:44.4Z,2,REGULAR,3pt,Jump Shot,[],1629667,73.53810775295663,13.725490196078432,1610612766,35,30,2022-11-20T23:41:50Z,1840000,False,-181.0,196.0,1,right,J. McDaniels 26' 3PT  (8 PTS) (G. Hayward 2 AST),"[1629667, 202330]",1610612766.0,CHA,,,,McDaniels,J. McDaniels,,,,,Above the Break 3,24+ Left Center,26.72,Made,8.0,G. Hayward,202330.0,2.0,,,,,,,,,,,,,,
186,PT10M26.00S,2022-11-20T23:42:02.1Z,2,REGULAR,2pt,Jump Shot,[],203115,25.312089356110377,53.18627450980392,1610612764,35,30,2022-11-20T23:42:06Z,1860000,False,-16.0,185.0,1,left,MISS W. Barton 18' pullup Shot,[203115],1610612764.0,WAS,pullup,,,Barton,W. Barton,,,,,Mid-Range,16-24 Center,18.61,Missed,,,,,,,,,,,,,,,,,,
187,PT10M23.00S,2022-11-20T23:42:05.1Z,2,REGULAR,rebound,offensive,[],1629655,,,1610612764,35,30,2022-11-20T23:42:06Z,1870000,False,,,0,,D. Gafford REBOUND (Off:1 Def:1),[1629655],1610612764.0,WAS,,,,Gafford,D. Gafford,,,,,Mid-Range,16-24 Center,,,,,,,,,186.0,,,2.0,1.0,1.0,,,,,,
189,PT10M22.00S,2022-11-20T23:42:06.3Z,2,REGULAR,2pt,Layup,"['pointsinthepaint', '2ndchance']",1629655,7.440867279894875,54.166666666666664,1610612764,37,30,2022-11-21T00:38:06Z,1890000,False,-21.0,17.0,1,left,D. Gafford putback Layup (2 PTS),[1629655],1610612764.0,WAS,putback,,,Gafford,D. Gafford,,,,,Restricted Area,0-8 Center,2.71,Made,2.0,,,,,,,,,,,,,,,,,
190,PT10M13.00S,2022-11-20T23:42:15.8Z,2,REGULAR,3pt,Jump Shot,[],1626179,79.58278580814718,93.38235294117648,1610612766,37,30,2022-11-21T00:38:17Z,1900000,False,217.0,139.0,1,right,MISS T. Rozier 25' pullup 3PT,[1626179],1610612766.0,CHA,pullup,,,Rozier,T. Rozier,,,,,Above the Break 3,24+ Right Center,25.78,Missed,,,,,,,,,,,,,,,,,,
191,PT10M10.00S,2022-11-20T23:42:18.8Z,2,REGULAR,rebound,offensive,[],1630208,,,1610612766,37,30,2022-11-20T23:42:21Z,1910000,False,,,0,,N. Richards REBOUND (Off:3 Def:3),[1630208],1610612766.0,CHA,,,,Richards,N. Richards,,,,,Above the Break 3,24+ Right Center,,,,,,,,,190.0,,,6.0,3.0,3.0,,,,,,
192,PT10M10.00S,2022-11-20T23:42:19.3Z,2,REGULAR,2pt,Layup,"['pointsinthepaint', '2ndchance']",1630208,92.72339027595268,52.69607843137255,1610612766,37,32,2022-11-20T23:42:24Z,1920000,False,13.0,16.0,1,right,N. Richards Layup (4 PTS),[1630208],1610612766.0,CHA,,,,Richards,N. Richards,,,,,Restricted Area,0-8 Center,2.09,Made,4.0,,,,,,,,,,,,,,,,,
193,PT09M57.00S,2022-11-20T23:42:35.0Z,2,REGULAR,foul,offensive,[],1628398,,,1610612764,37,32,2022-11-20T23:42:41Z,1930000,False,,,0,,K. Kuzma charge offensive FOUL (1 PF),"[1628398, 1630208]",1610612764.0,WAS,charge,,,Kuzma,K. Kuzma,,,,,In The Paint (Non-RA),0-8 Center,,,,,,,,,,101284.0,,,,,,,1.0,0.0,Richards,1630208.0
195,PT09M57.00S,2022-11-20T23:42:35.0Z,2,REGULAR,turnover,offensive foul,[],1628398,,,1610612764,37,32,2022-11-20T23:42:35Z,1950000,False,,,0,,K. Kuzma offensive foul TURNOVER (1 TO),[1628398],1610612764.0,WAS,,,,Kuzma,K. Kuzma,,,,,In The Paint (Non-RA),0-8 Center,,,,,,,,,,101284.0,1.0,,,,,,,,,
196,PT09M57.00S,2022-11-20T23:42:41.1Z,2,REGULAR,substitution,out,[],1629667,,,1610612766,37,32,2022-11-20T23:42:44Z,1960000,False,,,0,,SUB out: J. McDaniels,[1629667],1610612766.0,CHA,,,,McDaniels,J. McDaniels,,,,,,,,,,,,,,,,,,,,,,,,,,
197,PT09M57.00S,2022-11-20T23:42:41.1Z,2,REGULAR,substitution,in,[],1628372,,,1610612766,37,32,2022-11-20T23:42:44Z,1970000,False,,,0,,SUB in: D. Smith Jr.,[1628372],1610612766.0,CHA,,,,Smith Jr.,D. Smith Jr.,,,,,,,,,,,,,,,,,,,,,,,,,,
198,PT09M45.00S,2022-11-20T23:43:01.8Z,2,REGULAR,2pt,Jump Shot,['fromturnover'],202330,76.42904073587385,43.872549019607845,1610612766,37,32,2022-11-20T23:43:07Z,1980000,False,-31.0,169.0,1,right,MISS G. Hayward 17' pullup Shot,[202330],1610612766.0,CHA,pullup,,,Hayward,G. Hayward,,,,,Mid-Range,16-24 Center,17.18,Missed,,,,,,,,,,,,,,,,,,
199,PT09M41.00S,2022-11-20T23:43:05.8Z,2,REGULAR,rebound,defensive,[],1629655,,,1610612764,37,32,2022-11-20T23:43:07Z,1990000,False,,,0,,D. Gafford REBOUND (Off:1 Def:2),[1629655],1610612764.0,WAS,,,,Gafford,D. Gafford,,,,,Mid-Range,16-24 Center,,,,,,,,,198.0,,,3.0,2.0,1.0,,,,,,
200,PT09M27.00S,2022-11-20T23:43:19.9Z,2,REGULAR,2pt,Jump Shot,['pointsinthepaint'],1628398,12.959921156373195,42.40196078431372,1610612764,39,32,2022-11-20T23:43:27Z,2000000,False,38.0,69.0,1,left,K. Kuzma 7' driving floating Jump Shot (11 PTS) (C. Kispert 2 AST),"[1628398, 1630557]",1610612764.0,WAS,driving floating,,,Kuzma,K. Kuzma,,,,,In The Paint (Non-RA),0-8 Center,7.9,Made,11.0,C. Kispert,1630557.0,2.0,,,,,,,,,,,,,,
202,PT09M16.00S,2022-11-20T23:43:31.0Z,2,REGULAR,2pt,Layup,['pointsinthepaint'],1629023,92.85479632063075,64.70588235294117,1610612766,39,34,2022-11-20T23:43:34Z,2020000,False,74.0,15.0,1,right,P. Washington 7' Layup (5 PTS),[1629023],1610612766.0,CHA,,,,Washington,P. Washington,,,,,In The Paint (Non-RA),0-8 Center,7.5,Made,5.0,,,,,,,,,,,,,,,,,
203,PT09M05.00S,2022-11-20T23:43:43.8Z,2,REGULAR,turnover,out-of-bounds,[],1630692,,,1610612764,39,34,2022-11-20T23:43:50Z,2030000,False,,,0,,J. Goodwin bad pass out-of-bounds TURNOVER (1 TO),[1630692],1610612764.0,WAS,bad pass,,,Goodwin,J. Goodwin,,,,,Mid-Range,8-16 Center,,,,,,,,,,200833.0,1.0,,,,,,,,,
205,PT08M47.00S,2022-11-20T23:44:06.5Z,2,REGULAR,2pt,Jump Shot,['fromturnover'],1629023,84.31340341655716,83.82352941176471,1610612766,39,36,2022-11-20T23:59:58Z,2050000,False,169.0,95.0,1,right,P. Washington 19' Jump Shot (7 PTS),[1629023],1610612766.0,CHA,,,,Washington,P. Washington,,,,,Mid-Range,16-24 Right,19.4,Made,7.0,,,,,,,,,,,,,,,,,
206,PT08M39.00S,2022-11-20T23:44:19.1Z,2,REGULAR,turnover,traveling,[],1629655,,,1610612764,39,36,2022-11-20T23:44:24Z,2060000,False,,,0,,D. Gafford traveling TURNOVER (2 TO),[1629655],1610612764.0,WAS,,,,Gafford,D. Gafford,,,,,Above the Break 3,24+ Right Center,,,,,,,,,,101284.0,2.0,,,,,,,,,
207,PT08M28.00S,2022-11-20T23:44:41.5Z,2,REGULAR,2pt,Jump Shot,['fromturnover'],1629023,91.67214191852825,75.98039215686273,1610612766,39,36,2022-11-20T23:44:48Z,2070000,False,130.0,26.0,1,right,MISS P. Washington 13' turnaround Shot - blocked,"[1629023, 203115]",1610612766.0,CHA,turnaround,,,Washington,P. Washington,,,,,Mid-Range,8-16 Right,13.24,Missed,,,,,Barton,203115.0,,,,,,,,,,,,
208,PT08M28.00S,2022-11-20T23:44:41.5Z,2,REGULAR,block,,[],203115,,,1610612766,39,36,2022-11-20T23:44:45Z,2080000,False,,,0,,W. Barton BLOCK (1 BLK),[203115],1610612764.0,WAS,,,,Barton,W. Barton,,,,,Mid-Range,8-16 Right,,,,,,,,,,,,,,,,,,,,
209,PT08M23.00S,2022-11-20T23:44:46.5Z,2,REGULAR,rebound,offensive,[],1629023,,,1610612766,39,36,2022-11-20T23:44:46Z,2090000,False,,,0,,P. Washington REBOUND (Off:1 Def:0),[1629023],1610612766.0,CHA,,,,Washington,P. Washington,,,,,Mid-Range,8-16 Right,,,,,,,,,207.0,,,1.0,0.0,1.0,,,,,,
210,PT08M21.00S,2022-11-20T23:44:48.1Z,2,REGULAR,2pt,Jump Shot,"['fromturnover', '2ndchance']",1628372,87.99277266754271,76.22549019607843,1610612766,39,36,2022-11-21T00:03:32Z,2100000,False,131.0,60.0,1,right,MISS D. Smith Jr. 14' pullup bank Shot,[1628372],1610612766.0,CHA,pullup bank,,,Smith Jr.,D. Smith Jr.,,,,,Mid-Range,8-16 Right,14.43,Missed,,,,,,,,,,,,,,,,,,
211,PT08M20.00S,2022-11-20T23:44:49.1Z,2,REGULAR,rebound,defensive,['team'],0,,,1610612764,39,36,2022-11-20T23:44:52Z,2110000,False,,,0,,TEAM defensive REBOUND,[],1610612764.0,WAS,,,,,,,,,,Mid-Range,8-16 Right,,,,,,,,,210.0,,,,,,,,,,,
213,PT08M20.00S,2022-11-20T23:44:56.4Z,2,REGULAR,substitution,out,[],1630557,,,1610612764,39,36,2022-11-20T23:45:03Z,2130000,False,,,0,,SUB out: C. Kispert,[1630557],1610612764.0,WAS,,,,Kispert,C. Kispert,,,,,,,,,,,,,,,,,,,,,,,,,,
214,PT08M20.00S,2022-11-20T23:44:56.4Z,2,REGULAR,substitution,in,[],203078,,,1610612764,39,36,2022-11-20T23:45:03Z,2140000,False,,,0,,SUB in: B. Beal,[203078],1610612764.0,WAS,,,,Beal,B. Beal,,,,,,,,,,,,,,,,,,,,,,,,,,
215,PT07M59.00S,2022-11-20T23:45:25.8Z,2,REGULAR,3pt,Jump Shot,[],1628398,33.85348226018397,74.26470588235294,1610612764,39,36,2022-11-20T23:45:33Z,2150000,False,-121.0,266.0,1,left,MISS K. Kuzma 29' 3PT,[1628398],1610612764.0,WAS,,,,Kuzma,K. Kuzma,,,,,Above the Break 3,24+ Left Center,29.21,Missed,,,,,,,,,,,,,,,,,,
216,PT07M56.00S,2022-11-20T23:45:28.8Z,2,REGULAR,rebound,defensive,[],1626179,,,1610612766,39,36,2022-11-20T23:45:33Z,2160000,False,,,0,,T. Rozier REBOUND (Off:2 Def:3),[1626179],1610612766.0,CHA,,,,Rozier,T. Rozier,,,,,Above the Break 3,24+ Left Center,,,,,,,,,215.0,,,5.0,3.0,2.0,,,,,,
217,PT07M49.00S,2022-11-20T23:45:35.9Z,2,REGULAR,3pt,Jump Shot,[],1628372,72.61826544021025,86.76470588235294,1610612766,39,36,2022-11-20T23:45:43Z,2170000,False,184.0,205.0,1,right,MISS D. Smith Jr. 27' 3PT,[1628372],1610612766.0,CHA,,,,Smith Jr.,D. Smith Jr.,,,,,Above the Break 3,24+ Right Center,27.53,Missed,,,,,,,,,,,,,,,,,,
218,PT07M48.00S,2022-11-20T23:45:36.9Z,2,REGULAR,rebound,defensive,['team'],0,,,1610612764,39,36,2022-11-20T23:49:58Z,2180000,False,,,0,,TEAM defensive REBOUND,[],1610612764.0,WAS,,,,,,,,,,Above the Break 3,24+ Right Center,,,,,,,,,217.0,,,,,,,,,,,
219,PT07M48.00S,2022-11-20T23:45:42.3Z,2,REGULAR,foul,personal,[],1630208,,,1610612764,39,36,2022-11-20T23:49:58Z,2190000,False,,,0,,N. Richards loose ball personal FOUL (1 PF),"[1630208, 1629655]",1610612766.0,CHA,loose ball,,,Richards,N. Richards,,,,,In The Paint (Non-RA),0-8 Center,,,,,,,,,,101284.0,,,,,,,1.0,0.0,Gafford,1629655.0
222,PT07M48.00S,2022-11-20T23:45:53.0Z,2,REGULAR,substitution,out,[],1629023,,,1610612764,39,36,2022-11-20T23:45:55Z,2220000,False,,,0,,SUB out: P. Washington,[1629023],1610612766.0,CHA,,,,Washington,P. Washington,,,,,,,,,,,,,,,,,,,,,,,,,,
223,PT07M48.00S,2022-11-20T23:45:53.0Z,2,REGULAR,substitution,in,[],1630539,,,1610612764,39,36,2022-11-20T23:45:55Z,2230000,False,,,0,,SUB in: K. Jones,[1630539],1610612766.0,CHA,,,,Jones,K. Jones,,,,,,,,,,,,,,,,,,,,,,,,,,
224,PT07M33.00S,2022-11-20T23:46:13.3Z,2,REGULAR,foul,personal,['2freethrow'],1626179,,,1610612764,39,36,2022-11-20T23:46:27Z,2240000,False,,,0,,T. Rozier shooting personal FOUL (1 PF) (Gafford 2 FT),"[1626179, 1629655]",1610612766.0,CHA,shooting,,,Rozier,T. Rozier,,,,,In The Paint (Non-RA),0-8 Center,,,,,,,,,,1628172.0,,,,,,,1.0,0.0,Gafford,1629655.0
226,PT07M33.00S,2022-11-20T23:46:38.5Z,2,REGULAR,freethrow,1 of 2,[],1629655,,,1610612764,40,36,2022-11-20T23:50:03Z,2260000,False,,,0,,D. Gafford Free Throw 1 of 2 (3 PTS),[1629655],1610612764.0,WAS,,,,Gafford,D. Gafford,,,,,,,,Made,3.0,,,,,,,,,,,,,,,,,
227,PT07M33.00S,2022-11-20T23:46:55.0Z,2,REGULAR,freethrow,2 of 2,[],1629655,,,1610612764,41,36,2022-11-20T23:50:03Z,2270000,False,,,0,,D. Gafford Free Throw 2 of 2 (4 PTS),[1629655],1610612764.0,WAS,,,,Gafford,D. Gafford,,,,,,,,Made,4.0,,,,,,,,,,,,,,,,,
228,PT07M21.00S,2022-11-20T23:47:09.6Z,2,REGULAR,3pt,Jump Shot,[],202330,65.39093298291722,48.03921568627451,1610612766,41,39,2022-11-20T23:47:15Z,2280000,False,-10.0,273.0,1,right,G. Hayward 27' 3PT  (11 PTS) (T. Rozier 4 AST),"[202330, 1626179]",1610612766.0,CHA,,,,Hayward,G. Hayward,,,,,Above the Break 3,24+ Center,27.3,Made,11.0,T. Rozier,1626179.0,4.0,,,,,,,,,,,,,,
230,PT06M59.00S,2022-11-20T23:47:32.6Z,2,REGULAR,2pt,Layup,['pointsinthepaint'],203078,6.389618922470433,50.49019607843137,1610612764,43,39,2022-11-20T23:47:37Z,2300000,False,-2.0,8.0,1,left,B. Beal Layup (6 PTS),[203078],1610612764.0,WAS,,,,Beal,B. Beal,,,,,Restricted Area,0-8 Center,0.8,Made,6.0,,,,,,,,,,,,,,,,,
232,PT06M48.00S,2022-11-20T23:47:51.0Z,2,REGULAR,timeout,full,"['team', 'mandatory']",0,,,1610612766,43,39,2022-11-20T23:47:51Z,2320000,False,,,0,,WAS Timeout,[],1610612764.0,WAS,,,,,,,,,,,,,,,,,,,,,,,,,,,,,,,
234,PT06M48.00S,2022-11-20T23:47:54.3Z,2,REGULAR,substitution,out,[],203115,,,1610612766,43,39,2022-11-20T23:50:30Z,2330000,False,,,0,,SUB out: W. Barton,[203115],1610612764.0,WAS,,,,Barton,W. Barton,,,,,,,,,,,,,,,,,,,,,,,,,,
235,PT06M48.00S,2022-11-20T23:47:54.3Z,2,REGULAR,substitution,out,[],1629655,,,1610612766,43,39,2022-11-20T23:50:30Z,2340000,False,,,0,,SUB out: D. Gafford,[1629655],1610612764.0,WAS,,,,Gafford,D. Gafford,,,,,,,,,,,,,,,,,,,,,,,,,,
236,PT06M48.00S,2022-11-20T23:47:54.3Z,2,REGULAR,substitution,out,[],1626179,,,1610612766,43,39,2022-11-20T23:50:30Z,2350000,False,,,0,,SUB out: T. Rozier,[1626179],1610612766.0,CHA,,,,Rozier,T. Rozier,,,,,,,,,,,,,,,,,,,,,,,,,,
237,PT06M48.00S,2022-11-20T23:47:54.3Z,2,REGULAR,substitution,in,[],1631098,,,1610612766,43,39,2022-11-20T23:50:30Z,2360000,False,,,0,,SUB in: J. Davis,[1631098],1610612764.0,WAS,,,,Davis,J. Davis,,,,,,,,,,,,,,,,,,,,,,,,,,
238,PT06M48.00S,2022-11-20T23:47:54.3Z,2,REGULAR,substitution,in,[],204001,,,1610612766,43,39,2022-11-20T23:50:30Z,2370000,False,,,0,,SUB in: K. Porzingis,[204001],1610612764.0,WAS,,,,Porzingis,K. Porzingis,,,,,,,,,,,,,,,,,,,,,,,,,,
239,PT06M48.00S,2022-11-20T23:47:54.3Z,2,REGULAR,substitution,in,[],1629667,,,1610612766,43,39,2022-11-20T23:50:30Z,2380000,False,,,0,,SUB in: J. McDaniels,[1629667],1610612766.0,CHA,,,,McDaniels,J. McDaniels,,,,,,,,,,,,,,,,,,,,,,,,,,
240,PT06M43.00S,2022-11-20T23:50:54.4Z,2,REGULAR,2pt,Layup,['pointsinthepaint'],1628372,92.46057818659659,49.26470588235294,1610612766,43,41,2022-11-21T00:08:38Z,2390000,False,-4.0,18.0,1,right,D. Smith Jr. cutting Layup (4 PTS) (N. Richards 1 AST),"[1628372, 1630208]",1610612766.0,CHA,cutting,,,Smith Jr.,D. Smith Jr.,,,,,Restricted Area,0-8 Center,1.88,Made,4.0,N. Richards,1630208.0,1.0,,,,,,,,,,,,,,
242,PT06M23.00S,2022-11-20T23:51:15.4Z,2,REGULAR,3pt,Jump Shot,[],1628398,9.543363994743759,4.901960784313726,1610612764,46,41,2022-11-20T23:51:19Z,2410000,False,225.0,37.0,1,left,K. Kuzma 3PT  (14 PTS) (B. Beal 5 AST),"[1628398, 203078]",1610612764.0,WAS,,,,Kuzma,K. Kuzma,,,,,Right Corner 3,24+ Right,22.85,Made,14.0,B. Beal,203078.0,5.0,,,,,,,,,,,,,,
244,PT06M10.00S,2022-11-20T23:51:28.2Z,2,REGULAR,2pt,Jump Shot,[],202330,93.51182654402102,86.02941176470588,1610612766,46,43,2022-11-20T23:51:32Z,2430000,False,180.0,8.0,1,right,G. Hayward 18' pullup Jump Shot (13 PTS),[202330],1610612766.0,CHA,pullup,,,Hayward,G. Hayward,,,,,Mid-Range,16-24 Right,18.03,Made,13.0,,,,,,,,,,,,,,,,,
245,PT05M51.00S,2022-11-20T23:51:46.2Z,2,REGULAR,2pt,Jump Shot,['pointsinthepaint'],204001,19.267411300919843,58.08823529411765,1610612764,46,43,2022-11-20T23:51:52Z,2440000,False,-40.0,129.0,1,left,MISS K. Porzingis 13' turnaround Shot,[204001],1610612764.0,WAS,turnaround,,,Porzingis,K. Porzingis,,,,,In The Paint (Non-RA),8-16 Center,13.48,Missed,,,,,,,,,,,,,,,,,,
246,PT05M49.00S,2022-11-20T23:51:48.2Z,2,REGULAR,rebound,offensive,[],1628398,,,1610612764,46,43,2022-11-20T23:51:52Z,2450000,False,,,0,,K. Kuzma REBOUND (Off:1 Def:2),[1628398],1610612764.0,WAS,,,,Kuzma,K. Kuzma,,,,,In The Paint (Non-RA),8-16 Center,,,,,,,,,245.0,,,3.0,2.0,1.0,,,,,,
247,PT05M46.00S,2022-11-20T23:51:51.6Z,2,REGULAR,3pt,Jump Shot,['2ndchance'],203078,34.773324572930356,54.90196078431373,1610612764,46,43,2022-11-20T23:51:56Z,2460000,False,-25.0,274.0,1,left,MISS B. Beal 27' 3PT,[203078],1610612764.0,WAS,,,,Beal,B. Beal,,,,,Above the Break 3,24+ Center,27.55,Missed,,,,,,,,,,,,,,,,,,
248,PT05M45.00S,2022-11-20T23:51:52.6Z,2,REGULAR,rebound,defensive,['team'],0,,,1610612766,46,43,2022-11-20T23:51:56Z,2470000,False,,,0,,TEAM defensive REBOUND,[],1610612766.0,CHA,,,,,,,,,,Above the Break 3,24+ Center,,,,,,,,,247.0,,,,,,,,,,,
250,PT05M45.00S,2022-11-20T23:51:57.6Z,2,REGULAR,substitution,out,[],1630208,,,1610612766,46,43,2022-11-20T23:52:03Z,2490000,False,,,0,,SUB out: N. Richards,[1630208],1610612766.0,CHA,,,,Richards,N. Richards,,,,,,,,,,,,,,,,,,,,,,,,,,
251,PT05M45.00S,2022-11-20T23:51:57.6Z,2,REGULAR,substitution,out,[],202330,,,1610612766,46,43,2022-11-20T23:52:03Z,2500000,False,,,0,,SUB out: G. Hayward,[202330],1610612766.0,CHA,,,,Hayward,G. Hayward,,,,,,,,,,,,,,,,,,,,,,,,,,
252,PT05M45.00S,2022-11-20T23:51:57.6Z,2,REGULAR,substitution,in,[],203486,,,1610612766,46,43,2022-11-20T23:52:03Z,2510000,False,,,0,,SUB in: M. Plumlee,[203486],1610612766.0,CHA,,,,Plumlee,M. Plumlee,,,,,,,,,,,,,,,,,,,,,,,,,,
281,PT05M45.00S,2022-11-20T23:51:57.6Z,2,REGULAR,substitution,in,[],1626162,,,1610612766,46,43,2022-11-20T23:57:32Z,2525000,False,,,0,,SUB in: K. Oubre Jr.,[1626162],1610612766.0,CHA,,,,Oubre Jr.,K. Oubre Jr.,,,,,,,,,,,,,,,,,,,,,,,,,,
254,PT05M30.00S,2022-11-20T23:52:27.1Z,2,REGULAR,2pt,Jump Shot,['pointsinthepaint'],1628372,80.89684625492772,57.59803921568627,1610612766,46,45,2022-11-20T23:52:32Z,2530000,False,38.0,127.0,1,right,D. Smith Jr. 13' turnaround fadeaway Jump Shot (6 PTS),[1628372],1610612766.0,CHA,turnaround fadeaway,,,Smith Jr.,D. Smith Jr.,,,,,In The Paint (Non-RA),8-16 Center,13.27,Made,6.0,,,,,,,,,,,,,,,,,
255,PT05M16.00S,2022-11-20T23:52:41.6Z,2,REGULAR,turnover,out-of-bounds,[],203078,,,1610612764,46,45,2022-11-20T23:52:51Z,2540000,False,,,0,,B. Beal lost ball out-of-bounds TURNOVER (3 TO),[203078],1610612764.0,WAS,lost ball,,,Beal,B. Beal,,,,,Above the Break 3,24+ Center,,,,,,,,,,200833.0,3.0,,,,,,,,,
256,PT04M58.00S,2022-11-20T23:53:06.0Z,2,REGULAR,3pt,Jump Shot,['fromturnover'],1629667,73.9323258869908,14.215686274509803,1610612766,46,45,2022-11-20T23:53:13Z,2550000,False,-179.0,193.0,1,right,MISS J. McDaniels 26' 3PT,[1629667],1610612766.0,CHA,,,,McDaniels,J. McDaniels,,,,,Above the Break 3,24+ Left Center,26.28,Missed,,,,,,,,,,,,,,,,,,
257,PT04M55.00S,2022-11-20T23:53:09.0Z,2,REGULAR,rebound,offensive,[],203486,,,1610612766,46,45,2022-11-20T23:53:13Z,2560000,False,,,0,,M. Plumlee REBOUND (Off:1 Def:1),[203486],1610612766.0,CHA,,,,Plumlee,M. Plumlee,,,,,Above the Break 3,24+ Left Center,,,,,,,,,256.0,,,2.0,1.0,1.0,,,,,,
258,PT04M51.00S,2022-11-20T23:53:12.7Z,2,REGULAR,2pt,Layup,"['pointsinthepaint', 'fromturnover', '2ndchance']",1630539,92.19776609724047,54.166666666666664,1610612766,46,47,2022-11-20T23:53:18Z,2570000,False,21.0,21.0,1,right,K. Jones Layup (2 PTS) (M. Plumlee 2 AST),"[1630539, 203486]",1610612766.0,CHA,,,,Jones,K. Jones,,,,,Restricted Area,0-8 Center,2.94,Made,2.0,M. Plumlee,203486.0,2.0,,,,,,,,,,,,,,
261,PT04M37.00S,2022-11-20T23:53:30.8Z,2,REGULAR,foul,personal,[],204001,,,1610612764,46,47,2022-11-20T23:56:26Z,2600000,False,,,0,,K. Porzingis loose ball personal FOUL (1 PF),"[204001, 1626162]",1610612764.0,WAS,loose ball,,,Porzingis,K. Porzingis,,,,,Mid-Range,8-16 Right,,,,,,,,,,101284.0,,,,,,,1.0,1.0,Oubre Jr.,1626162.0
333,PT04M37.00S,2022-11-20T23:53:42.5Z,2,REGULAR,turnover,lost ball,[],204001,,,1610612764,46,47,2022-11-21T00:13:06Z,2625000,False,,,0,,K. Porzingis lost ball TURNOVER (1 TO),[204001],1610612764.0,WAS,,,,Porzingis,K. Porzingis,,,,,In The Paint (Non-RA),8-16 Right,,,,,,,,,,,1.0,,,,,,,,,
270,PT04M28.00S,2022-11-20T23:54:08.9Z,2,REGULAR,2pt,DUNK,"['pointsinthepaint', 'fromturnover']",1626162,91.40932982917214,51.9607843137255,1610612766,46,49,2022-11-21T00:16:14Z,2690000,False,10.0,28.0,1,right,K. Oubre Jr. driving DUNK (4 PTS) (M. Plumlee 3 AST),"[1626162, 203486]",1610612766.0,CHA,driving,,,Oubre Jr.,K. Oubre Jr.,,,,,Restricted Area,0-8 Center,2.99,Made,4.0,M. Plumlee,203486.0,3.0,,,,,,,,,,,,,,
271,PT04M28.00S,2022-11-20T23:54:17.3Z,2,REGULAR,timeout,full,"['team', 'mandatory']",0,,,1610612764,46,49,2022-11-20T23:54:17Z,2700000,False,,,0,,WAS Timeout,[],1610612764.0,WAS,,,,,,,,,,,,,,,,,,,,,,,,,,,,,,,
274,PT04M28.00S,2022-11-20T23:55:00.1Z,2,REGULAR,substitution,out,[],1630692,,,1610612764,46,49,2022-11-20T23:56:40Z,2710000,False,,,0,,SUB out: J. Goodwin,[1630692],1610612764.0,WAS,,,,Goodwin,J. Goodwin,,,,,,,,,,,,,,,,,,,,,,,,,,
275,PT04M28.00S,2022-11-20T23:55:00.1Z,2,REGULAR,substitution,out,[],1629667,,,1610612764,46,49,2022-11-20T23:56:40Z,2720000,False,,,0,,SUB out: J. McDaniels,[1629667],1610612766.0,CHA,,,,McDaniels,J. McDaniels,,,,,,,,,,,,,,,,,,,,,,,,,,
277,PT04M28.00S,2022-11-20T23:55:00.1Z,2,REGULAR,substitution,in,[],1630557,,,1610612764,46,49,2022-11-20T23:56:40Z,2740000,False,,,0,,SUB in: C. Kispert,[1630557],1610612764.0,WAS,,,,Kispert,C. Kispert,,,,,,,,,,,,,,,,,,,,,,,,,,
279,PT04M28.00S,2022-11-20T23:55:00.1Z,2,REGULAR,substitution,in,[],1626179,,,1610612764,46,49,2022-11-20T23:56:40Z,2760000,False,,,0,,SUB in: T. Rozier,[1626179],1610612766.0,CHA,,,,Rozier,T. Rozier,,,,,,,,,,,,,,,,,,,,,,,,,,
395,PT04M28.00S,2022-11-20T23:55:00.1Z,2,REGULAR,substitution,out,[],1628398,,,1610612764,46,49,2022-11-21T00:29:34Z,2765000,False,,,0,,SUB out: K. Kuzma,[1628398],1610612764.0,WAS,,,,Kuzma,K. Kuzma,,,,,,,,,,,,,,,,,,,,,,,,,,
396,PT04M28.00S,2022-11-20T23:55:00.1Z,2,REGULAR,substitution,in,[],1630166,,,1610612764,46,49,2022-11-21T00:29:34Z,2767500,False,,,0,,SUB in: D. Avdija,[1630166],1610612764.0,WAS,,,,Avdija,D. Avdija,,,,,,,,,,,,,,,,,,,,,,,,,,
280,PT04M13.00S,2022-11-20T23:57:15.9Z,2,REGULAR,2pt,Layup,['pointsinthepaint'],203078,6.783837056504599,48.03921568627451,1610612764,48,49,2022-11-21T00:49:29Z,2770000,False,10.0,11.0,1,left,B. Beal driving reverse Layup (8 PTS),[203078],1610612764.0,WAS,driving reverse,,,Beal,B. Beal,,,,,Restricted Area,0-8 Center,1.5,Made,8.0,,,,,,,,,,,,,,,,,
282,PT03M54.00S,2022-11-20T23:57:38.9Z,2,REGULAR,foul,personal,[],203078,,,1610612766,48,49,2022-11-21T00:49:45Z,2780000,False,,,0,,B. Beal personal FOUL (2 PF),"[203078, 1626162]",1610612764.0,WAS,,,,Beal,B. Beal,,,,,Above the Break 3,24+ Left Center,,,,,,,,,,101284.0,,,,,,,2.0,0.0,Oubre Jr.,1626162.0
284,PT03M50.00S,2022-11-20T23:58:03.8Z,2,REGULAR,turnover,traveling,[],1630539,,,1610612766,48,49,2022-11-20T23:58:14Z,2800000,False,,,0,,K. Jones traveling TURNOVER (1 TO),[1630539],1610612766.0,CHA,,,,Jones,K. Jones,,,,,Above the Break 3,24+ Center,,,,,,,,,,101284.0,1.0,,,,,,,,,
285,PT03M31.00S,2022-11-20T23:58:34.3Z,2,REGULAR,2pt,Jump Shot,['fromturnover'],204001,17.296320630749015,32.1078431372549,1610612764,48,49,2022-11-20T23:58:38Z,2810000,False,89.0,110.0,1,left,MISS K. Porzingis 14' pullup Shot,[204001],1610612764.0,WAS,pullup,,,Porzingis,K. Porzingis,,,,,Mid-Range,8-16 Right,14.19,Missed,,,,,,,,,,,,,,,,,,
286,PT03M29.00S,2022-11-20T23:58:36.3Z,2,REGULAR,rebound,defensive,[],1628372,,,1610612766,48,49,2022-11-20T23:58:38Z,2820000,False,,,0,,D. Smith Jr. REBOUND (Off:0 Def:2),[1628372],1610612766.0,CHA,,,,Smith Jr.,D. Smith Jr.,,,,,Mid-Range,8-16 Right,,,,,,,,,285.0,,,2.0,2.0,0.0,,,,,,
287,PT03M22.00S,2022-11-20T23:58:46.4Z,2,REGULAR,foul,personal,['2freethrow'],1631098,,,1610612766,48,49,2022-11-20T23:58:52Z,2830000,False,,,0,,J. Davis shooting personal FOUL (1 PF) (Plumlee 2 FT),"[1631098, 203486]",1610612764.0,WAS,shooting,,,Davis,J. Davis,,,,,In The Paint (Non-RA),0-8 Center,,,,,,,,,,200833.0,,,,,,,1.0,0.0,Plumlee,203486.0
289,PT03M22.00S,2022-11-20T23:59:12.2Z,2,REGULAR,freethrow,1 of 2,[],203486,,,1610612766,48,50,2022-11-20T23:59:12Z,2850000,False,,,0,,M. Plumlee Free Throw 1 of 2 (4 PTS),[203486],1610612766.0,CHA,,,,Plumlee,M. Plumlee,,,,,,,,Made,4.0,,,,,,,,,,,,,,,,,
290,PT03M22.00S,2022-11-20T23:59:12.9Z,2,REGULAR,substitution,out,[],1628372,,,1610612766,48,50,2022-11-20T23:59:18Z,2860000,False,,,0,,SUB out: D. Smith Jr.,[1628372],1610612766.0,CHA,,,,Smith Jr.,D. Smith Jr.,,,,,,,,,,,,,,,,,,,,,,,,,,
291,PT03M22.00S,2022-11-20T23:59:12.9Z,2,REGULAR,substitution,out,[],1630539,,,1610612766,48,50,2022-11-20T23:59:18Z,2870000,False,,,0,,SUB out: K. Jones,[1630539],1610612766.0,CHA,,,,Jones,K. Jones,,,,,,,,,,,,,,,,,,,,,,,,,,
292,PT03M22.00S,2022-11-20T23:59:12.9Z,2,REGULAR,substitution,in,[],202330,,,1610612766,48,50,2022-11-20T23:59:18Z,2880000,False,,,0,,SUB in: G. Hayward,[202330],1610612766.0,CHA,,,,Hayward,G. Hayward,,,,,,,,,,,,,,,,,,,,,,,,,,
293,PT03M22.00S,2022-11-20T23:59:12.9Z,2,REGULAR,substitution,in,[],1629023,,,1610612766,48,50,2022-11-20T23:59:18Z,2890000,False,,,0,,SUB in: P. Washington,[1629023],1610612766.0,CHA,,,,Washington,P. Washington,,,,,,,,,,,,,,,,,,,,,,,,,,
294,PT03M22.00S,2022-11-20T23:59:28.9Z,2,REGULAR,freethrow,2 of 2,[],203486,,,1610612766,48,51,2022-11-20T23:59:28Z,2900000,False,,,0,,M. Plumlee Free Throw 2 of 2 (5 PTS),[203486],1610612766.0,CHA,,,,Plumlee,M. Plumlee,,,,,,,,Made,5.0,,,,,,,,,,,,,,,,,
295,PT03M12.00S,2022-11-20T23:59:43.3Z,2,REGULAR,foul,offensive,[],204001,,,1610612764,48,51,2022-11-20T23:59:52Z,2910000,False,,,0,,K. Porzingis offensive FOUL (2 PF),"[204001, 1626179]",1610612764.0,WAS,,,,Porzingis,K. Porzingis,,,,,Above the Break 3,24+ Center,,,,,,,,,,101284.0,,,,,,,2.0,1.0,Rozier,1626179.0
297,PT03M12.00S,2022-11-20T23:59:43.3Z,2,REGULAR,turnover,offensive foul,[],204001,,,1610612764,48,51,2022-11-20T23:59:43Z,2930000,False,,,0,,K. Porzingis offensive foul TURNOVER (2 TO),[204001],1610612764.0,WAS,,,,Porzingis,K. Porzingis,,,,,Above the Break 3,24+ Center,,,,,,,,,,101284.0,2.0,,,,,,,,,
298,PT02M54.00S,2022-11-21T00:00:11.9Z,2,REGULAR,3pt,Jump Shot,['fromturnover'],1626179,74.32654402102497,9.558823529411764,1610612766,48,51,2022-11-21T00:00:17Z,2940000,False,-202.0,189.0,1,right,MISS T. Rozier 27' 3PT,[1626179],1610612766.0,CHA,,,,Rozier,T. Rozier,,,,,Above the Break 3,24+ Left Center,27.66,Missed,,,,,,,,,,,,,,,,,,
299,PT02M52.00S,2022-11-21T00:00:13.9Z,2,REGULAR,rebound,defensive,[],203078,,,1610612764,48,51,2022-11-21T00:00:17Z,2950000,False,,,0,,B. Beal REBOUND (Off:0 Def:1),[203078],1610612764.0,WAS,,,,Beal,B. Beal,,,,,Above the Break 3,24+ Left Center,,,,,,,,,298.0,,,1.0,1.0,0.0,,,,,,
300,PT02M46.00S,2022-11-21T00:00:20.7Z,2,REGULAR,2pt,Jump Shot,[],1631098,16.90210249671485,22.058823529411764,1610612764,48,51,2022-11-21T00:00:25Z,2960000,False,140.0,106.0,1,left,MISS J. Davis 17' pullup Shot,[1631098],1610612764.0,WAS,pullup,,,Davis,J. Davis,,,,,Mid-Range,16-24 Right Center,17.56,Missed,,,,,,,,,,,,,,,,,,
301,PT02M44.00S,2022-11-21T00:00:22.7Z,2,REGULAR,rebound,defensive,[],1626162,,,1610612766,48,51,2022-11-21T00:00:25Z,2970000,False,,,0,,K. Oubre Jr. REBOUND (Off:0 Def:2),[1626162],1610612766.0,CHA,,,,Oubre Jr.,K. Oubre Jr.,,,,,Mid-Range,16-24 Right Center,,,,,,,,,300.0,,,2.0,2.0,0.0,,,,,,
302,PT02M35.00S,2022-11-21T00:00:31.0Z,2,REGULAR,2pt,Jump Shot,['pointsinthepaint'],1626162,89.04402102496715,39.705882352941174,1610612766,48,53,2022-11-21T00:00:35Z,2980000,False,-51.0,50.0,1,right,K. Oubre Jr. 7' driving floating Jump Shot (6 PTS),[1626162],1610612766.0,CHA,driving floating,,,Oubre Jr.,K. Oubre Jr.,,,,,In The Paint (Non-RA),0-8 Center,7.21,Made,6.0,,,,,,,,,,,,,,,,,
303,PT02M25.00S,2022-11-21T00:00:40.9Z,2,REGULAR,2pt,Jump Shot,[],203078,25.969119579500656,57.107843137254896,1610612764,50,53,2022-11-21T00:00:45Z,2990000,False,-36.0,192.0,1,left,B. Beal 19' pullup Jump Shot (10 PTS),[203078],1610612764.0,WAS,pullup,,,Beal,B. Beal,,,,,Mid-Range,16-24 Center,19.49,Made,10.0,,,,,,,,,,,,,,,,,
304,PT02M09.00S,2022-11-21T00:00:56.7Z,2,REGULAR,3pt,Jump Shot,[],1629023,78.66294349540078,92.15686274509804,1610612766,50,53,2022-11-21T00:01:00Z,3000000,False,211.0,148.0,1,right,MISS P. Washington 25' 3PT,[1629023],1610612766.0,CHA,,,,Washington,P. Washington,,,,,Above the Break 3,24+ Right Center,25.76,Missed,,,,,,,,,,,,,,,,,,
305,PT02M08.00S,2022-11-21T00:00:57.7Z,2,REGULAR,rebound,defensive,[],1630166,,,1610612764,50,53,2022-11-21T00:01:00Z,3010000,False,,,0,,D. Avdija REBOUND (Off:1 Def:2),[1630166],1610612764.0,WAS,,,,Avdija,D. Avdija,,,,,Above the Break 3,24+ Right Center,,,,,,,,,304.0,,,3.0,2.0,1.0,,,,,,
306,PT01M49.00S,2022-11-21T00:01:19.8Z,2,REGULAR,turnover,out-of-bounds,[],203078,,,1610612764,50,53,2022-11-21T00:01:27Z,3020000,False,,,0,,B. Beal bad pass out-of-bounds TURNOVER (4 TO),[203078],1610612764.0,WAS,bad pass,,,Beal,B. Beal,,,,,Above the Break 3,24+ Left Center,,,,,,,,,,1628172.0,4.0,,,,,,,,,
307,PT01M49.00S,2022-11-21T00:01:22.6Z,2,REGULAR,substitution,out,[],1631098,,,1610612766,50,53,2022-11-21T00:01:29Z,3030000,False,,,0,,SUB out: J. Davis,[1631098],1610612764.0,WAS,,,,Davis,J. Davis,,,,,,,,,,,,,,,,,,,,,,,,,,
308,PT01M49.00S,2022-11-21T00:01:22.6Z,2,REGULAR,substitution,in,[],1628398,,,1610612766,50,53,2022-11-21T00:01:29Z,3040000,False,,,0,,SUB in: K. Kuzma,[1628398],1610612764.0,WAS,,,,Kuzma,K. Kuzma,,,,,,,,,,,,,,,,,,,,,,,,,,
309,PT01M37.00S,2022-11-21T00:01:47.1Z,2,REGULAR,2pt,Jump Shot,['fromturnover'],1626179,84.83902759526939,20.098039215686274,1610612766,50,53,2022-11-21T00:01:54Z,3050000,False,-150.0,90.0,1,right,MISS T. Rozier 17' pullup Shot,[1626179],1610612766.0,CHA,pullup,,,Rozier,T. Rozier,,,,,Mid-Range,16-24 Left,17.45,Missed,,,,,,,,,,,,,,,,,,
310,PT01M34.00S,2022-11-21T00:01:50.3Z,2,REGULAR,rebound,offensive,[],203486,,,1610612766,50,53,2022-11-21T00:01:50Z,3060000,False,,,0,,M. Plumlee REBOUND (Off:2 Def:1),[203486],1610612766.0,CHA,,,,Plumlee,M. Plumlee,,,,,Mid-Range,16-24 Left,,,,,,,,,309.0,,,3.0,1.0,2.0,,,,,,
311,PT01M30.00S,2022-11-21T00:01:54.6Z,2,REGULAR,2pt,Jump Shot,"['fromturnover', '2ndchance']",202330,90.22667542706965,79.16666666666666,1610612766,50,53,2022-11-21T00:01:58Z,3070000,False,146.0,39.0,1,right,MISS G. Hayward 15' Jump Shot,[202330],1610612766.0,CHA,,,,Hayward,G. Hayward,,,,,Mid-Range,8-16 Right,15.1,Missed,,,,,,,,,,,,,,,,,,
312,PT01M28.00S,2022-11-21T00:01:56.6Z,2,REGULAR,rebound,defensive,[],1628398,,,1610612764,50,53,2022-11-21T00:01:58Z,3080000,False,,,0,,K. Kuzma REBOUND (Off:1 Def:3),[1628398],1610612764.0,WAS,,,,Kuzma,K. Kuzma,,,,,Mid-Range,8-16 Right,,,,,,,,,311.0,,,4.0,3.0,1.0,,,,,,
313,PT01M20.00S,2022-11-21T00:02:04.2Z,2,REGULAR,2pt,DUNK,['pointsinthepaint'],204001,10.200394218134035,59.068627450980394,1610612764,50,53,2022-11-21T00:02:11Z,3090000,False,-45.0,43.0,1,left,MISS K. Porzingis 6' DUNK,[204001],1610612764.0,WAS,,,,Porzingis,K. Porzingis,,,,,In The Paint (Non-RA),0-8 Center,6.27,Missed,,,,,,,,,,,,,,,,,,
314,PT01M18.00S,2022-11-21T00:02:06.2Z,2,REGULAR,rebound,offensive,[],1630557,,,1610612764,50,53,2022-11-21T00:02:24Z,3100000,False,,,0,,C. Kispert REBOUND (Off:1 Def:2),[1630557],1610612764.0,WAS,,,,Kispert,C. Kispert,,,,,In The Paint (Non-RA),0-8 Center,,,,,,,,,313.0,,,3.0,2.0,1.0,,,,,,
315,PT01M16.00S,2022-11-21T00:02:08.0Z,2,REGULAR,3pt,Jump Shot,['2ndchance'],203078,21.369908015768726,94.36274509803921,1610612764,53,53,2022-11-21T00:02:24Z,3110000,False,-222.0,148.0,1,left,B. Beal 26' 3PT  (13 PTS) (K. Kuzma 4 AST),"[203078, 1628398]",1610612764.0,WAS,,,,Beal,B. Beal,,,,,Above the Break 3,24+ Left Center,26.69,Made,13.0,K. Kuzma,1628398.0,4.0,,,,,,,,,,,,,,
317,PT01M00.00S,2022-11-21T00:02:23.2Z,2,REGULAR,3pt,Jump Shot,[],1626162,67.36202365308804,42.40196078431372,1610612766,53,53,2022-11-21T00:50:08Z,3130000,False,-38.0,254.0,1,right,MISS K. Oubre Jr. 25' pullup 3PT,[1626162],1610612766.0,CHA,pullup,,,Oubre Jr.,K. Oubre Jr.,,,,,Above the Break 3,24+ Center,25.71,Missed,,,,,,,,,,,,,,,,,,
318,PT00M58.30S,2022-11-21T00:02:24.9Z,2,REGULAR,rebound,defensive,[],1630557,,,1610612764,53,53,2022-11-21T00:02:29Z,3140000,False,,,0,,C. Kispert REBOUND (Off:1 Def:3),[1630557],1610612764.0,WAS,,,,Kispert,C. Kispert,,,,,Above the Break 3,24+ Center,,,,,,,,,317.0,,,4.0,3.0,1.0,,,,,,
319,PT00M50.90S,2022-11-21T00:02:33.5Z,2,REGULAR,3pt,Jump Shot,[],203078,5.206964520367937,5.392156862745098,1610612764,56,53,2022-11-21T00:02:44Z,3150000,False,223.0,-4.0,1,left,B. Beal 3PT  (16 PTS) (K. Kuzma 5 AST),"[203078, 1628398]",1610612764.0,WAS,,,,Beal,B. Beal,,,,,Right Corner 3,24+ Right,22.3,Made,16.0,K. Kuzma,1628398.0,5.0,,,,,,,,,,,,,,
322,PT00M33.30S,2022-11-21T00:02:56.2Z,2,REGULAR,2pt,Jump Shot,[],1629023,90.75229960578186,82.59803921568627,1610612766,56,53,2022-11-21T00:03:00Z,3180000,False,163.0,34.0,1,right,MISS P. Washington 16' Jump Shot,[1629023],1610612766.0,CHA,,,,Washington,P. Washington,,,,,Mid-Range,16-24 Right,16.66,Missed,,,,,,,,,,,,,,,,,,
323,PT00M31.20S,2022-11-21T00:02:58.3Z,2,REGULAR,rebound,defensive,[],203078,,,1610612764,56,53,2022-11-21T00:03:00Z,3190000,False,,,0,,B. Beal REBOUND (Off:0 Def:2),[203078],1610612764.0,WAS,,,,Beal,B. Beal,,,,,Mid-Range,16-24 Right,,,,,,,,,322.0,,,2.0,2.0,0.0,,,,,,
325,PT00M30.50S,2022-11-21T00:02:59.8Z,2,REGULAR,turnover,lost ball,[],203078,,,1610612764,56,53,2022-11-21T00:03:08Z,3210000,False,,,0,,B. Beal lost ball TURNOVER (5 TO),"[203078, 1626162]",1610612764.0,WAS,,,,Beal,B. Beal,,,,,In The Paint (Non-RA),8-16 Left,,,,,,,,,,,5.0,,,,Oubre Jr.,1626162.0,,,,
326,PT00M30.50S,2022-11-21T00:02:59.8Z,2,REGULAR,steal,,[],1626162,,,1610612766,56,53,2022-11-21T00:03:04Z,3220000,False,,,0,,K. Oubre Jr. STEAL (1 STL),[1626162],1610612766.0,CHA,,,,Oubre Jr.,K. Oubre Jr.,,,,,In The Paint (Non-RA),8-16 Left,,,,,,,,,,,,,,,,,,,,
327,PT00M27.50S,2022-11-21T00:03:05.5Z,2,REGULAR,2pt,Layup,"['pointsinthepaint', 'fromturnover']",1626162,92.85479632063075,48.03921568627451,1610612766,56,55,2022-11-21T00:03:11Z,3230000,False,-10.0,15.0,1,right,K. Oubre Jr. Layup (8 PTS),[1626162],1610612766.0,CHA,,,,Oubre Jr.,K. Oubre Jr.,,,,,Restricted Area,0-8 Center,1.77,Made,8.0,,,,,,,,,,,,,,,,,
328,PT00M09.00S,2022-11-21T00:03:23.9Z,2,REGULAR,3pt,Jump Shot,[],1630557,7.046649145860711,5.147058823529411,1610612764,59,55,2022-11-21T00:03:28Z,3240000,False,224.0,14.0,1,left,C. Kispert 3PT  (8 PTS) (K. Porzingis 1 AST),"[1630557, 204001]",1610612764.0,WAS,,,,Kispert,C. Kispert,,,,,Right Corner 3,24+ Right,22.47,Made,8.0,K. Porzingis,204001.0,1.0,,,,,,,,,,,,,,
330,PT00M00.30S,2022-11-21T00:03:36.9Z,2,REGULAR,2pt,Hook,['pointsinthepaint'],203486,89.96386333771353,47.794117647058826,1610612766,59,55,2022-11-21T00:03:45Z,3260000,False,-11.0,42.0,1,right,MISS M. Plumlee Hook,[203486],1610612766.0,CHA,,,,Plumlee,M. Plumlee,,,,,Restricted Area,0-8 Center,4.32,Missed,,,,,,,,,,,,,,,,,,
331,PT00M00.10S,2022-11-21T00:03:37.1Z,2,REGULAR,rebound,defensive,[],1628398,,,1610612764,59,55,2022-11-21T00:03:45Z,3270000,False,,,0,,K. Kuzma REBOUND (Off:1 Def:4),[1628398],1610612764.0,WAS,,,,Kuzma,K. Kuzma,,,,,Restricted Area,0-8 Center,,,,,,,,,330.0,,,5.0,4.0,1.0,,,,,,
332,PT00M00.00S,2022-11-21T00:03:46.3Z,2,REGULAR,period,end,[],0,,,1610612764,59,55,2022-11-21T00:03:46Z,3280000,False,,,0,,Period End,[],,,,,,,,,,,,,,,,,,,,,,,,,,,,,,,,,
335,PT12M00.00S,2022-11-21T00:18:50.6Z,3,REGULAR,period,start,[],0,,,1610612766,59,55,2022-11-21T00:18:57Z,3290000,False,,,0,,Period Start,[],,,,,,,,,,,,,,,,,,,,,,,,,,,,,,,,,
336,PT11M41.00S,2022-11-21T00:19:09.5Z,3,REGULAR,2pt,Layup,['pointsinthepaint'],203486,9.280551905387648,62.00980392156863,1610612766,59,55,2022-11-21T00:19:16Z,3300000,False,-60.0,35.0,1,left,MISS M. Plumlee 6' Layup - blocked,"[203486, 204001]",1610612766.0,CHA,,,,Plumlee,M. Plumlee,,,,,In The Paint (Non-RA),0-8 Center,6.93,Missed,,,,,Porzingis,204001.0,,,,,,,,,,,,
337,PT11M41.00S,2022-11-21T00:19:09.5Z,3,REGULAR,block,,[],204001,,,1610612766,59,55,2022-11-21T00:19:11Z,3310000,False,,,0,,K. Porzingis BLOCK (3 BLK),[204001],1610612764.0,WAS,,,,Porzingis,K. Porzingis,,,,,In The Paint (Non-RA),0-8 Center,,,,,,,,,,,,,,,,,,,,
338,PT11M37.00S,2022-11-21T00:19:13.5Z,3,REGULAR,rebound,offensive,[],1626162,,,1610612766,59,55,2022-11-21T00:19:16Z,3320000,False,,,0,,K. Oubre Jr. REBOUND (Off:1 Def:2),[1626162],1610612766.0,CHA,,,,Oubre Jr.,K. Oubre Jr.,,,,,In The Paint (Non-RA),0-8 Center,,,,,,,,,336.0,,,3.0,2.0,1.0,,,,,,
339,PT11M36.00S,2022-11-21T00:19:13.1Z,3,REGULAR,2pt,Jump Shot,"['pointsinthepaint', '2ndchance']",1626162,10.5946123521682,47.30392156862745,1610612766,59,55,2022-11-21T00:21:14Z,3330000,False,13.0,47.0,1,left,MISS K. Oubre Jr. fadeaway Shot,[1626162],1610612766.0,CHA,fadeaway,,,Oubre Jr.,K. Oubre Jr.,,,,,In The Paint (Non-RA),0-8 Center,4.9,Missed,,,,,,,,,,,,,,,,,,
340,PT11M34.00S,2022-11-21T00:19:15.1Z,3,REGULAR,rebound,defensive,[],1630166,,,1610612764,59,55,2022-11-21T00:19:20Z,3340000,False,,,0,,D. Avdija REBOUND (Off:1 Def:3),[1630166],1610612764.0,WAS,,,,Avdija,D. Avdija,,,,,In The Paint (Non-RA),0-8 Center,,,,,,,,,339.0,,,4.0,3.0,1.0,,,,,,
341,PT11M14.00S,2022-11-21T00:19:34.8Z,3,REGULAR,3pt,Jump Shot,[],1630166,73.27529566360053,17.892156862745097,1610612764,59,55,2022-11-21T00:19:39Z,3350000,False,-161.0,199.0,1,right,MISS D. Avdija 25' 3PT,[1630166],1610612764.0,WAS,,,,Avdija,D. Avdija,,,,,Above the Break 3,24+ Left Center,25.54,Missed,,,,,,,,,,,,,,,,,,
342,PT11M12.00S,2022-11-21T00:19:36.8Z,3,REGULAR,rebound,defensive,[],1626162,,,1610612766,59,55,2022-11-21T00:19:39Z,3360000,False,,,0,,K. Oubre Jr. REBOUND (Off:1 Def:3),[1626162],1610612766.0,CHA,,,,Oubre Jr.,K. Oubre Jr.,,,,,Above the Break 3,24+ Left Center,,,,,,,,,341.0,,,4.0,3.0,1.0,,,,,,
345,PT11M08.00S,2022-11-21T00:20:00.7Z,3,REGULAR,foul,personal,['2freethrow'],1628398,,,1610612766,59,55,2022-11-21T00:20:18Z,3390000,False,,,0,,K. Kuzma shooting personal FOUL (2 PF) (Washington 2 FT),"[1628398, 1629023]",1610612764.0,WAS,shooting,,,Kuzma,K. Kuzma,,,,,In The Paint (Non-RA),8-16 Center,,,,,,,,,,1628172.0,,,,,,,2.0,0.0,Washington,1629023.0
347,PT11M08.00S,2022-11-21T00:20:12.2Z,3,REGULAR,freethrow,1 of 2,[],1629023,,,1610612766,59,55,2022-11-21T00:20:12Z,3410000,False,,,0,,MISS P. Washington Free Throw 1 of 2,[1629023],1610612766.0,CHA,,,,Washington,P. Washington,,,,,,,,Missed,,,,,,,,,,,,,,,,,,
348,PT11M08.00S,2022-11-21T00:20:12.2Z,3,REGULAR,rebound,offensive,"['deadball', 'team']",0,,,1610612766,59,55,2022-11-21T00:20:12Z,3420000,False,,,0,,TEAM offensive REBOUND,[],1610612766.0,CHA,,,,,,,,,,,,,,,,,,,,347.0,,,,,,,,,,,
349,PT11M08.00S,2022-11-21T00:20:26.5Z,3,REGULAR,freethrow,2 of 2,[],1629023,,,1610612766,59,56,2022-11-21T00:20:26Z,3430000,False,,,0,,P. Washington Free Throw 2 of 2 (8 PTS),[1629023],1610612766.0,CHA,,,,Washington,P. Washington,,,,,,,,Made,8.0,,,,,,,,,,,,,,,,,
350,PT10M51.00S,2022-11-21T00:20:45.2Z,3,REGULAR,3pt,Jump Shot,[],203078,95.6143232588699,2.941176470588235,1610612764,62,56,2022-11-21T00:20:50Z,3440000,False,-235.0,-11.0,1,right,B. Beal 3PT  (19 PTS) (C. Kispert 3 AST),"[203078, 1630557]",1610612764.0,WAS,,,,Beal,B. Beal,,,,,Left Corner 3,24+ Left,23.56,Made,19.0,C. Kispert,1630557.0,3.0,,,,,,,,,,,,,,
352,PT10M38.00S,2022-11-21T00:21:00.6Z,3,REGULAR,foul,personal,['2freethrow'],1630166,,,1610612766,62,56,2022-11-21T00:21:05Z,3460000,False,,,0,,D. Avdija shooting personal FOUL (1 PF) (Plumlee 2 FT),"[1630166, 203486]",1610612764.0,WAS,shooting,,,Avdija,D. Avdija,,,,,In The Paint (Non-RA),0-8 Center,,,,,,,,,,200833.0,,,,,,,1.0,0.0,Plumlee,203486.0
354,PT10M38.00S,2022-11-21T00:21:25.9Z,3,REGULAR,freethrow,1 of 2,[],203486,,,1610612766,62,57,2022-11-21T00:21:25Z,3480000,False,,,0,,M. Plumlee Free Throw 1 of 2 (6 PTS),[203486],1610612766.0,CHA,,,,Plumlee,M. Plumlee,,,,,,,,Made,6.0,,,,,,,,,,,,,,,,,
355,PT10M38.00S,2022-11-21T00:21:40.8Z,3,REGULAR,freethrow,2 of 2,[],203486,,,1610612766,62,58,2022-11-21T00:21:40Z,3490000,False,,,0,,M. Plumlee Free Throw 2 of 2 (7 PTS),[203486],1610612766.0,CHA,,,,Plumlee,M. Plumlee,,,,,,,,Made,7.0,,,,,,,,,,,,,,,,,
356,PT10M28.00S,2022-11-21T00:21:56.4Z,3,REGULAR,foul,personal,[],203486,,,1610612764,62,58,2022-11-21T00:22:05Z,3500000,False,,,0,,M. Plumlee personal FOUL (1 PF),"[203486, 204001]",1610612766.0,CHA,,,,Plumlee,M. Plumlee,,,,,Above the Break 3,24+ Center,,,,,,,,,,101284.0,,,,,,,1.0,0.0,Porzingis,204001.0
358,PT10M27.00S,2022-11-21T00:22:18.2Z,3,REGULAR,turnover,traveling,[],1628398,,,1610612764,62,58,2022-11-21T00:22:24Z,3520000,False,,,0,,K. Kuzma traveling TURNOVER (2 TO),[1628398],1610612764.0,WAS,,,,Kuzma,K. Kuzma,,,,,Above the Break 3,24+ Right Center,,,,,,,,,,101284.0,2.0,,,,,,,,,
359,PT10M18.00S,2022-11-21T00:22:33.1Z,3,REGULAR,3pt,Jump Shot,['fromturnover'],202330,34.641918528252305,50.98039215686274,1610612766,62,58,2022-11-21T00:22:38Z,3530000,False,-5.0,273.0,1,left,MISS G. Hayward 27' 3PT,[202330],1610612766.0,CHA,,,,Hayward,G. Hayward,,,,,Above the Break 3,24+ Center,27.31,Missed,,,,,,,,,,,,,,,,,,
360,PT10M14.00S,2022-11-21T00:22:37.1Z,3,REGULAR,rebound,defensive,[],1628398,,,1610612764,62,58,2022-11-21T00:22:38Z,3540000,False,,,0,,K. Kuzma REBOUND (Off:1 Def:5),[1628398],1610612764.0,WAS,,,,Kuzma,K. Kuzma,,,,,Above the Break 3,24+ Center,,,,,,,,,359.0,,,6.0,5.0,1.0,,,,,,
361,PT10M03.00S,2022-11-21T00:22:46.7Z,3,REGULAR,2pt,Layup,['pointsinthepaint'],1628398,92.9862023653088,44.6078431372549,1610612764,62,58,2022-11-21T00:22:52Z,3550000,False,-27.0,13.0,1,right,MISS K. Kuzma driving Layup,[1628398],1610612764.0,WAS,driving,,,Kuzma,K. Kuzma,,,,,Restricted Area,0-8 Center,3.01,Missed,,,,,,,,,,,,,,,,,,
362,PT09M59.00S,2022-11-21T00:22:50.7Z,3,REGULAR,rebound,offensive,[],204001,,,1610612764,62,58,2022-11-21T00:22:52Z,3560000,False,,,0,,K. Porzingis REBOUND (Off:1 Def:1),[204001],1610612764.0,WAS,,,,Porzingis,K. Porzingis,,,,,Restricted Area,0-8 Center,,,,,,,,,361.0,,,2.0,1.0,1.0,,,,,,
363,PT09M59.00S,2022-11-21T00:22:51.1Z,3,REGULAR,2pt,Layup,"['2ndchance', 'pointsinthepaint']",204001,94.40999984741211,50.0,1610612764,62,58,2022-11-21T00:22:56Z,3570000,False,0.0,0.0,1,right,MISS K. Porzingis tip Layup,[204001],1610612764.0,WAS,tip,,,Porzingis,K. Porzingis,,,,,Restricted Area,0-8 Center,0.0,Missed,,,,,,,,,,,,,,,,,,
364,PT09M59.00S,2022-11-21T00:22:51.1Z,3,REGULAR,rebound,defensive,[],203486,,,1610612766,62,58,2022-11-21T00:22:56Z,3580000,False,,,0,,M. Plumlee REBOUND (Off:2 Def:2),[203486],1610612766.0,CHA,,,,Plumlee,M. Plumlee,,,,,Restricted Area,0-8 Center,,,,,,,,,363.0,,,4.0,2.0,2.0,,,,,,
365,PT09M48.00S,2022-11-21T00:23:02.3Z,3,REGULAR,3pt,Jump Shot,[],1626162,31.35676741130092,71.07843137254902,1610612766,62,58,2022-11-21T00:23:08Z,3590000,False,-105.0,242.0,1,left,MISS K. Oubre Jr. 26' 3PT,[1626162],1610612766.0,CHA,,,,Oubre Jr.,K. Oubre Jr.,,,,,Above the Break 3,24+ Left Center,26.42,Missed,,,,,,,,,,,,,,,,,,
366,PT09M43.00S,2022-11-21T00:23:07.3Z,3,REGULAR,rebound,defensive,[],1630166,,,1610612764,62,58,2022-11-21T00:23:08Z,3600000,False,,,0,,D. Avdija REBOUND (Off:1 Def:4),[1630166],1610612764.0,WAS,,,,Avdija,D. Avdija,,,,,Above the Break 3,24+ Left Center,,,,,,,,,365.0,,,5.0,4.0,1.0,,,,,,
367,PT09M35.00S,2022-11-21T00:23:14.9Z,3,REGULAR,3pt,Jump Shot,[],204001,95.48291721419186,97.54901960784314,1610612764,62,58,2022-11-21T00:23:19Z,3610000,False,238.0,-10.0,1,right,MISS K. Porzingis 3PT,[204001],1610612764.0,WAS,,,,Porzingis,K. Porzingis,,,,,Right Corner 3,24+ Right,23.79,Missed,,,,,,,,,,,,,,,,,,
368,PT09M33.00S,2022-11-21T00:23:16.9Z,3,REGULAR,rebound,defensive,[],203486,,,1610612766,62,58,2022-11-21T00:23:19Z,3620000,False,,,0,,M. Plumlee REBOUND (Off:2 Def:3),[203486],1610612766.0,CHA,,,,Plumlee,M. Plumlee,,,,,Right Corner 3,24+ Right,,,,,,,,,367.0,,,5.0,3.0,2.0,,,,,,
369,PT09M21.00S,2022-11-21T00:23:30.0Z,3,REGULAR,2pt,Layup,['pointsinthepaint'],203486,12.302890932982917,56.61764705882353,1610612766,62,58,2022-11-21T00:23:36Z,3630000,False,-33.0,63.0,1,left,MISS M. Plumlee 7' Layup - blocked,"[203486, 204001]",1610612766.0,CHA,,,,Plumlee,M. Plumlee,,,,,In The Paint (Non-RA),0-8 Center,7.13,Missed,,,,,Porzingis,204001.0,,,,,,,,,,,,
370,PT09M21.00S,2022-11-21T00:23:30.0Z,3,REGULAR,block,,[],204001,,,1610612766,62,58,2022-11-21T00:23:32Z,3640000,False,,,0,,K. Porzingis BLOCK (4 BLK),[204001],1610612764.0,WAS,,,,Porzingis,K. Porzingis,,,,,In The Paint (Non-RA),0-8 Center,,,,,,,,,,,,,,,,,,,,
371,PT09M18.00S,2022-11-21T00:23:33.0Z,3,REGULAR,rebound,offensive,[],202330,,,1610612766,62,58,2022-11-21T00:23:33Z,3650000,False,,,0,,G. Hayward REBOUND (Off:1 Def:0),[202330],1610612766.0,CHA,,,,Hayward,G. Hayward,,,,,In The Paint (Non-RA),0-8 Center,,,,,,,,,369.0,,,1.0,0.0,1.0,,,,,,
372,PT09M16.00S,2022-11-21T00:23:34.6Z,3,REGULAR,3pt,Jump Shot,['2ndchance'],1629023,34.90473061760841,48.77450980392157,1610612766,62,58,2022-11-21T00:23:38Z,3660000,False,6.0,276.0,1,left,MISS P. Washington 27' 3PT,[1629023],1610612766.0,CHA,,,,Washington,P. Washington,,,,,Above the Break 3,24+ Center,27.57,Missed,,,,,,,,,,,,,,,,,,
373,PT09M14.00S,2022-11-21T00:23:36.6Z,3,REGULAR,rebound,defensive,[],1630166,,,1610612764,62,58,2022-11-21T00:23:38Z,3670000,False,,,0,,D. Avdija REBOUND (Off:1 Def:5),[1630166],1610612764.0,WAS,,,,Avdija,D. Avdija,,,,,Above the Break 3,24+ Center,,,,,,,,,372.0,,,6.0,5.0,1.0,,,,,,
374,PT09M04.00S,2022-11-21T00:23:48.5Z,3,REGULAR,turnover,traveling,[],1628398,,,1610612764,62,58,2022-11-21T00:23:53Z,3680000,False,,,0,,K. Kuzma traveling TURNOVER (3 TO),[1628398],1610612764.0,WAS,,,,Kuzma,K. Kuzma,,,,,Above the Break 3,24+ Left Center,,,,,,,,,,200833.0,3.0,,,,,,,,,
375,PT08M51.00S,2022-11-21T00:24:13.5Z,3,REGULAR,foul,personal,['2freethrow'],204001,,,1610612766,62,58,2022-11-21T00:24:18Z,3690000,False,,,0,,K. Porzingis shooting personal FOUL (3 PF) (Hayward 2 FT),"[204001, 202330]",1610612764.0,WAS,shooting,,,Porzingis,K. Porzingis,,,,,Restricted Area,0-8 Center,,,,,,,,,,200833.0,,,,,,,3.0,1.0,Hayward,202330.0
377,PT08M51.00S,2022-11-21T00:24:39.9Z,3,REGULAR,freethrow,1 of 2,['fromturnover'],202330,,,1610612766,62,58,2022-11-21T00:24:39Z,3710000,False,,,0,,MISS G. Hayward Free Throw 1 of 2,[202330],1610612766.0,CHA,,,,Hayward,G. Hayward,,,,,,,,Missed,,,,,,,,,,,,,,,,,,
378,PT08M51.00S,2022-11-21T00:24:39.9Z,3,REGULAR,rebound,offensive,"['deadball', 'team']",0,,,1610612766,62,58,2022-11-21T00:24:39Z,3720000,False,,,0,,TEAM offensive REBOUND,[],1610612766.0,CHA,,,,,,,,,,,,,,,,,,,,377.0,,,,,,,,,,,
379,PT08M51.00S,2022-11-21T00:24:53.8Z,3,REGULAR,freethrow,2 of 2,['fromturnover'],202330,,,1610612766,62,59,2022-11-21T00:24:53Z,3730000,False,,,0,,G. Hayward Free Throw 2 of 2 (14 PTS),[202330],1610612766.0,CHA,,,,Hayward,G. Hayward,,,,,,,,Made,14.0,,,,,,,,,,,,,,,,,
380,PT08M39.00S,2022-11-21T00:25:08.3Z,3,REGULAR,3pt,Jump Shot,[],203078,65.1281208935611,56.86274509803921,1610612764,62,59,2022-11-21T00:25:13Z,3740000,False,34.0,275.0,1,right,MISS B. Beal 27' pullup 3PT,[203078],1610612764.0,WAS,pullup,,,Beal,B. Beal,,,,,Above the Break 3,24+ Center,27.74,Missed,,,,,,,,,,,,,,,,,,
381,PT08M35.00S,2022-11-21T00:25:12.3Z,3,REGULAR,rebound,defensive,[],1626179,,,1610612766,62,59,2022-11-21T00:25:13Z,3750000,False,,,0,,T. Rozier REBOUND (Off:2 Def:4),[1626179],1610612766.0,CHA,,,,Rozier,T. Rozier,,,,,Above the Break 3,24+ Center,,,,,,,,,380.0,,,6.0,4.0,2.0,,,,,,
382,PT08M29.00S,2022-11-21T00:25:17.9Z,3,REGULAR,2pt,Hook,['pointsinthepaint'],1626162,8.886333771353483,52.94117647058824,1610612766,62,61,2022-11-21T00:30:28Z,3760000,False,-15.0,31.0,1,left,K. Oubre Jr. driving Hook (10 PTS) (T. Rozier 5 AST),"[1626162, 1626179]",1610612766.0,CHA,driving,,,Oubre Jr.,K. Oubre Jr.,,,,,Restricted Area,0-8 Center,3.43,Made,10.0,T. Rozier,1626179.0,5.0,,,,,,,,,,,,,,
384,PT08M15.00S,2022-11-21T00:25:32.6Z,3,REGULAR,2pt,DUNK,['pointsinthepaint'],204001,91.80354796320631,55.392156862745104,1610612764,64,61,2022-11-21T00:25:43Z,3780000,False,27.0,25.0,1,right,K. Porzingis driving DUNK (8 PTS),[204001],1610612764.0,WAS,driving,,,Porzingis,K. Porzingis,,,,,Restricted Area,0-8 Center,3.65,Made,8.0,,,,,,,,,,,,,,,,,
386,PT08M12.00S,2022-11-21T00:25:40.6Z,3,REGULAR,violation,delay-of-game,['team'],0,,,1610612766,64,61,2022-11-21T00:25:48Z,3800000,False,,,0,,TEAM delay-of-game VIOLATION,[],1610612764.0,WAS,,,,,,,,,,,,,,,,,,,,,200833.0,,,,,,,,,,
387,PT07M58.00S,2022-11-21T00:25:56.5Z,3,REGULAR,2pt,Jump Shot,['pointsinthepaint'],1626162,13.87976346911958,51.71568627450981,1610612766,64,63,2022-11-21T00:34:15Z,3810000,False,-9.0,78.0,1,left,K. Oubre Jr. 7' driving floating Jump Shot (12 PTS),[1626162],1610612766.0,CHA,driving floating,,,Oubre Jr.,K. Oubre Jr.,,,,,In The Paint (Non-RA),0-8 Center,7.85,Made,12.0,,,,,,,,,,,,,,,,,
388,PT07M49.00S,2022-11-21T00:26:04.6Z,3,REGULAR,3pt,Jump Shot,[],204001,64.33968462549278,48.529411764705884,1610612764,64,63,2022-11-21T00:26:09Z,3820000,False,-7.0,283.0,1,right,MISS K. Porzingis 28' 3PT,[204001],1610612764.0,WAS,,,,Porzingis,K. Porzingis,,,,,Above the Break 3,24+ Center,28.28,Missed,,,,,,,,,,,,,,,,,,
389,PT07M47.00S,2022-11-21T00:26:06.6Z,3,REGULAR,rebound,defensive,[],1626162,,,1610612766,64,63,2022-11-21T00:26:09Z,3830000,False,,,0,,K. Oubre Jr. REBOUND (Off:1 Def:4),[1626162],1610612766.0,CHA,,,,Oubre Jr.,K. Oubre Jr.,,,,,Above the Break 3,24+ Center,,,,,,,,,388.0,,,5.0,4.0,1.0,,,,,,
390,PT07M36.00S,2022-11-21T00:26:19.3Z,3,REGULAR,2pt,Layup,['pointsinthepaint'],1626179,8.229303547963205,57.35294117647059,1610612766,64,65,2022-11-21T00:26:24Z,3840000,False,-37.0,25.0,1,left,T. Rozier driving Layup (4 PTS) (G. Hayward 3 AST),"[1626179, 202330]",1610612766.0,CHA,driving,,,Rozier,T. Rozier,,,,,In The Paint (Non-RA),0-8 Center,4.44,Made,4.0,G. Hayward,202330.0,3.0,,,,,,,,,,,,,,
392,PT07M36.00S,2022-11-21T00:26:23.1Z,3,REGULAR,timeout,full,"['team', 'mandatory']",0,,,1610612764,64,65,2022-11-21T00:26:23Z,3860000,False,,,0,,WAS Timeout,[],1610612764.0,WAS,,,,,,,,,,,,,,,,,,,,,,,,,,,,,,,
393,PT07M23.00S,2022-11-21T00:29:24.7Z,3,REGULAR,2pt,Layup,['pointsinthepaint'],1628398,92.59198423127464,45.83333333333333,1610612764,66,65,2022-11-21T00:29:30Z,3870000,False,-21.0,17.0,1,right,K. Kuzma cutting finger roll Layup (16 PTS) (D. Avdija 1 AST),"[1628398, 1630166]",1610612764.0,WAS,cutting finger roll,,,Kuzma,K. Kuzma,,,,,Restricted Area,0-8 Center,2.69,Made,16.0,D. Avdija,1630166.0,1.0,,,,,,,,,,,,,,
397,PT07M04.00S,2022-11-21T00:29:43.8Z,3,REGULAR,3pt,Jump Shot,[],1626179,12.565703022339028,3.9215686274509802,1610612766,66,65,2022-11-21T00:29:49Z,3890000,False,230.0,66.0,1,left,MISS T. Rozier step back 3PT,[1626179],1610612766.0,CHA,step back,,,Rozier,T. Rozier,,,,,Right Corner 3,24+ Right,23.96,Missed,,,,,,,,,,,,,,,,,,
398,PT07M02.00S,2022-11-21T00:29:45.8Z,3,REGULAR,rebound,defensive,[],203078,,,1610612764,66,65,2022-11-21T00:29:49Z,3900000,False,,,0,,B. Beal REBOUND (Off:0 Def:3),[203078],1610612764.0,WAS,,,,Beal,B. Beal,,,,,Right Corner 3,24+ Right,,,,,,,,,397.0,,,3.0,3.0,0.0,,,,,,
399,PT06M45.00S,2022-11-21T00:30:03.3Z,3,REGULAR,2pt,Layup,['pointsinthepaint'],203078,93.77463863337714,46.32352941176471,1610612764,68,65,2022-11-21T00:30:07Z,3910000,False,-18.0,6.0,1,right,B. Beal driving Layup (21 PTS),[203078],1610612764.0,WAS,driving,,,Beal,B. Beal,,,,,Restricted Area,0-8 Center,1.94,Made,21.0,,,,,,,,,,,,,,,,,
400,PT06M28.00S,2022-11-21T00:30:20.5Z,3,REGULAR,turnover,lost ball,[],1629023,,,1610612766,68,65,2022-11-21T00:30:25Z,3920000,False,,,0,,P. Washington lost ball TURNOVER (2 TO),"[1629023, 203078]",1610612766.0,CHA,,,,Washington,P. Washington,,,,,Mid-Range,16-24 Left Center,,,,,,,,,,,2.0,,,,Beal,203078.0,,,,
401,PT06M28.00S,2022-11-21T00:30:20.5Z,3,REGULAR,steal,,[],203078,,,1610612764,68,65,2022-11-21T00:30:22Z,3930000,False,,,0,,B. Beal STEAL (4 STL),[203078],1610612764.0,WAS,,,,Beal,B. Beal,,,,,Mid-Range,16-24 Left Center,,,,,,,,,,,,,,,,,,,,
402,PT06M23.00S,2022-11-21T00:30:24.5Z,3,REGULAR,2pt,Layup,"['pointsinthepaint', 'fromturnover', 'fastbreak']",1630557,92.46057818659659,46.81372549019608,1610612764,70,65,2022-11-21T00:30:29Z,3940000,False,-16.0,18.0,1,right,C. Kispert running Layup (10 PTS),[1630557],1610612764.0,WAS,running,,,Kispert,C. Kispert,,,,,Restricted Area,0-8 Center,2.43,Made,10.0,,,,,,,,,,,,,,,,,
403,PT06M20.00S,2022-11-21T00:30:32.8Z,3,REGULAR,foul,personal,['2freethrow'],203078,,,1610612766,70,65,2022-11-21T00:30:38Z,3950000,False,,,0,,B. Beal shooting personal FOUL (3 PF) (Oubre Jr. 2 FT),"[203078, 1626162]",1610612764.0,WAS,shooting,,,Beal,B. Beal,,,,,Restricted Area,0-8 Center,,,,,,,,,,200833.0,,,,,,,3.0,0.0,Oubre Jr.,1626162.0
405,PT06M20.00S,2022-11-21T00:30:59.7Z,3,REGULAR,freethrow,1 of 2,[],1626162,,,1610612766,70,66,2022-11-21T00:30:59Z,3970000,False,,,0,,K. Oubre Jr. Free Throw 1 of 2 (13 PTS),[1626162],1610612766.0,CHA,,,,Oubre Jr.,K. Oubre Jr.,,,,,,,,Made,13.0,,,,,,,,,,,,,,,,,
406,PT06M20.00S,2022-11-21T00:31:00.6Z,3,REGULAR,substitution,out,[],1628398,,,1610612766,70,66,2022-11-21T00:31:04Z,3980000,False,,,0,,SUB out: K. Kuzma,[1628398],1610612764.0,WAS,,,,Kuzma,K. Kuzma,,,,,,,,,,,,,,,,,,,,,,,,,,
407,PT06M20.00S,2022-11-21T00:31:00.6Z,3,REGULAR,substitution,in,[],1630692,,,1610612766,70,66,2022-11-21T00:31:04Z,3990000,False,,,0,,SUB in: J. Goodwin,[1630692],1610612764.0,WAS,,,,Goodwin,J. Goodwin,,,,,,,,,,,,,,,,,,,,,,,,,,
408,PT06M20.00S,2022-11-21T00:31:22.2Z,3,REGULAR,freethrow,2 of 2,[],1626162,,,1610612766,70,67,2022-11-21T00:31:22Z,4000000,False,,,0,,K. Oubre Jr. Free Throw 2 of 2 (14 PTS),[1626162],1610612766.0,CHA,,,,Oubre Jr.,K. Oubre Jr.,,,,,,,,Made,14.0,,,,,,,,,,,,,,,,,
409,PT06M02.00S,2022-11-21T00:31:42.3Z,3,REGULAR,3pt,Jump Shot,[],204001,68.15045992115637,24.019607843137255,1610612764,70,67,2022-11-21T00:31:47Z,4010000,False,-130.0,247.0,1,right,MISS K. Porzingis 27' step back 3PT,[204001],1610612764.0,WAS,step back,,,Porzingis,K. Porzingis,,,,,Above the Break 3,24+ Left Center,27.9,Missed,,,,,,,,,,,,,,,,,,
410,PT05M58.00S,2022-11-21T00:31:46.3Z,3,REGULAR,rebound,defensive,[],202330,,,1610612766,70,67,2022-11-21T00:31:47Z,4020000,False,,,0,,G. Hayward REBOUND (Off:1 Def:1),[202330],1610612766.0,CHA,,,,Hayward,G. Hayward,,,,,Above the Break 3,24+ Left Center,,,,,,,,,409.0,,,2.0,1.0,1.0,,,,,,
411,PT05M50.00S,2022-11-21T00:31:53.8Z,3,REGULAR,3pt,Jump Shot,[],1626179,17.296320630749015,97.54901960784314,1610612766,70,67,2022-11-21T00:31:58Z,4030000,False,-238.0,110.0,1,left,MISS T. Rozier 26' 3PT,[1626179],1610612766.0,CHA,,,,Rozier,T. Rozier,,,,,Above the Break 3,24+ Left Center,26.2,Missed,,,,,,,,,,,,,,,,,,
412,PT05M47.00S,2022-11-21T00:31:56.8Z,3,REGULAR,rebound,defensive,[],1630557,,,1610612764,70,67,2022-11-21T00:31:58Z,4040000,False,,,0,,C. Kispert REBOUND (Off:1 Def:4),[1630557],1610612764.0,WAS,,,,Kispert,C. Kispert,,,,,Above the Break 3,24+ Left Center,,,,,,,,,411.0,,,5.0,4.0,1.0,,,,,,
413,PT05M38.00S,2022-11-21T00:32:05.2Z,3,REGULAR,2pt,Jump Shot,['pointsinthepaint'],1630692,89.04402102496715,49.26470588235294,1610612764,72,67,2022-11-21T00:41:05Z,4050000,False,-4.0,50.0,1,right,J. Goodwin driving floating Jump Shot (2 PTS),[1630692],1610612764.0,WAS,driving floating,,,Goodwin,J. Goodwin,,,,,In The Paint (Non-RA),0-8 Center,5.06,Made,2.0,,,,,,,,,,,,,,,,,
414,PT05M26.00S,2022-11-21T00:32:17.9Z,3,REGULAR,turnover,bad pass,[],203486,,,1610612766,72,67,2022-11-21T00:32:22Z,4060000,False,,,0,,M. Plumlee bad pass TURNOVER (1 TO),"[203486, 203078]",1610612766.0,CHA,,,,Plumlee,M. Plumlee,,,,,Mid-Range,16-24 Right Center,,,,,,,,,,,1.0,,,,Beal,203078.0,,,,
415,PT05M26.00S,2022-11-21T00:32:17.9Z,3,REGULAR,steal,,[],203078,,,1610612764,72,67,2022-11-21T00:32:19Z,4070000,False,,,0,,B. Beal STEAL (5 STL),[203078],1610612764.0,WAS,,,,Beal,B. Beal,,,,,Mid-Range,16-24 Right Center,,,,,,,,,,,,,,,,,,,,
417,PT05M25.00S,2022-11-21T00:32:22.5Z,3,REGULAR,foul,personal,[],203486,,,1610612764,72,67,2022-11-21T00:32:38Z,4090000,False,,,0,,M. Plumlee personal FOUL (2 PF),"[203486, 1630692]",1610612766.0,CHA,,,,Plumlee,M. Plumlee,,,,,Above the Break 3,24+ Right Center,,,,,,,,,,1628172.0,,,,,,,2.0,0.0,Goodwin,1630692.0
419,PT05M25.00S,2022-11-21T00:32:38.1Z,3,REGULAR,substitution,out,[],1626179,,,1610612764,72,67,2022-11-21T00:32:47Z,4110000,False,,,0,,SUB out: T. Rozier,[1626179],1610612766.0,CHA,,,,Rozier,T. Rozier,,,,,,,,,,,,,,,,,,,,,,,,,,
420,PT05M25.00S,2022-11-21T00:32:38.1Z,3,REGULAR,substitution,out,[],1629023,,,1610612764,72,67,2022-11-21T00:32:47Z,4120000,False,,,0,,SUB out: P. Washington,[1629023],1610612766.0,CHA,,,,Washington,P. Washington,,,,,,,,,,,,,,,,,,,,,,,,,,
421,PT05M25.00S,2022-11-21T00:32:38.1Z,3,REGULAR,substitution,in,[],1628372,,,1610612764,72,67,2022-11-21T00:32:47Z,4130000,False,,,0,,SUB in: D. Smith Jr.,[1628372],1610612766.0,CHA,,,,Smith Jr.,D. Smith Jr.,,,,,,,,,,,,,,,,,,,,,,,,,,
422,PT05M25.00S,2022-11-21T00:32:38.1Z,3,REGULAR,substitution,in,[],1629667,,,1610612764,72,67,2022-11-21T00:32:47Z,4140000,False,,,0,,SUB in: J. McDaniels,[1629667],1610612766.0,CHA,,,,McDaniels,J. McDaniels,,,,,,,,,,,,,,,,,,,,,,,,,,
423,PT05M11.00S,2022-11-21T00:33:04.0Z,3,REGULAR,2pt,Jump Shot,"['pointsinthepaint', 'fromturnover']",204001,89.17542706964521,55.392156862745104,1610612764,72,67,2022-11-21T00:33:12Z,4150000,False,27.0,49.0,1,right,MISS K. Porzingis pullup Shot,[204001],1610612764.0,WAS,pullup,,,Porzingis,K. Porzingis,,,,,In The Paint (Non-RA),0-8 Center,5.62,Missed,,,,,,,,,,,,,,,,,,
424,PT05M07.00S,2022-11-21T00:33:07.4Z,3,REGULAR,rebound,offensive,[],1630166,,,1610612764,72,67,2022-11-21T00:33:07Z,4160000,False,,,0,,D. Avdija REBOUND (Off:2 Def:5),[1630166],1610612764.0,WAS,,,,Avdija,D. Avdija,,,,,In The Paint (Non-RA),0-8 Center,,,,,,,,,423.0,,,7.0,5.0,2.0,,,,,,
425,PT05M06.00S,2022-11-21T00:33:09.5Z,3,REGULAR,2pt,Layup,"['pointsinthepaint', 'fromturnover', '2ndchance']",203078,92.46057818659659,59.55882352941176,1610612764,72,67,2022-11-21T00:42:46Z,4170000,False,48.0,18.0,1,right,MISS B. Beal driving Layup - blocked,"[203078, 1626162]",1610612764.0,WAS,driving,,,Beal,B. Beal,,,,,In The Paint (Non-RA),0-8 Center,5.12,Missed,,,,,Oubre Jr.,1626162.0,,,,,,,,,,,,
426,PT05M06.00S,2022-11-21T00:33:09.5Z,3,REGULAR,block,,[],1626162,,,1610612764,72,67,2022-11-21T00:43:41Z,4180000,False,,,0,,K. Oubre Jr. BLOCK (1 BLK),[1626162],1610612766.0,CHA,,,,Oubre Jr.,K. Oubre Jr.,,,,,In The Paint (Non-RA),0-8 Center,,,,,,,,,,,,,,,,,,,,
427,PT05M06.00S,2022-11-21T00:33:09.5Z,3,REGULAR,rebound,offensive,['team'],0,,,1610612764,72,67,2022-11-21T00:33:21Z,4190000,False,,,0,,TEAM offensive REBOUND,[],1610612764.0,WAS,,,,,,,,,,In The Paint (Non-RA),0-8 Center,,,,,,,,,425.0,,,,,,,,,,,
429,PT05M03.00S,2022-11-21T00:33:32.6Z,3,REGULAR,foul,personal,[],1626162,,,1610612764,72,67,2022-11-21T00:33:39Z,4210000,False,,,0,,K. Oubre Jr. personal FOUL (1 PF),"[1626162, 204001]",1610612766.0,CHA,,,,Oubre Jr.,K. Oubre Jr.,,,,,Above the Break 3,24+ Center,,,,,,,,,,101284.0,,,,,,,1.0,0.0,Porzingis,204001.0
431,PT04M54.00S,2022-11-21T00:33:59.5Z,3,REGULAR,turnover,bad pass,[],204001,,,1610612764,72,67,2022-11-21T00:34:04Z,4230000,False,,,0,,K. Porzingis bad pass TURNOVER (3 TO),"[204001, 1628372]",1610612764.0,WAS,,,,Porzingis,K. Porzingis,,,,,In The Paint (Non-RA),8-16 Right,,,,,,,,,,,3.0,,,,Smith Jr.,1628372.0,,,,
432,PT04M54.00S,2022-11-21T00:33:59.5Z,3,REGULAR,steal,,[],1628372,,,1610612766,72,67,2022-11-21T00:34:01Z,4240000,False,,,0,,D. Smith Jr. STEAL (1 STL),[1628372],1610612766.0,CHA,,,,Smith Jr.,D. Smith Jr.,,,,,In The Paint (Non-RA),8-16 Right,,,,,,,,,,,,,,,,,,,,
433,PT04M45.00S,2022-11-21T00:34:08.8Z,3,REGULAR,3pt,Jump Shot,['fromturnover'],1626162,10.068988173455978,98.77450980392157,1610612766,72,67,2022-11-21T00:34:16Z,4250000,False,-244.0,42.0,1,left,MISS K. Oubre Jr. 24' step back 3PT,[1626162],1610612766.0,CHA,step back,,,Oubre Jr.,K. Oubre Jr.,,,,,Left Corner 3,24+ Left,24.75,Missed,,,,,,,,,,,,,,,,,,
434,PT04M43.00S,2022-11-21T00:34:10.8Z,3,REGULAR,rebound,defensive,[],1630166,,,1610612764,72,67,2022-11-21T00:34:16Z,4260000,False,,,0,,D. Avdija REBOUND (Off:2 Def:6),[1630166],1610612764.0,WAS,,,,Avdija,D. Avdija,,,,,Left Corner 3,24+ Left,,,,,,,,,433.0,,,8.0,6.0,2.0,,,,,,
435,PT04M35.00S,2022-11-21T00:34:20.0Z,3,REGULAR,3pt,Jump Shot,[],204001,66.83639947437582,48.529411764705884,1610612764,72,67,2022-11-21T00:34:25Z,4270000,False,-7.0,259.0,1,right,MISS K. Porzingis 25' 3PT,[204001],1610612764.0,WAS,,,,Porzingis,K. Porzingis,,,,,Above the Break 3,24+ Center,25.93,Missed,,,,,,,,,,,,,,,,,,
436,PT04M30.00S,2022-11-21T00:34:25.0Z,3,REGULAR,rebound,defensive,[],202330,,,1610612766,72,67,2022-11-21T00:34:25Z,4280000,False,,,0,,G. Hayward REBOUND (Off:1 Def:2),[202330],1610612766.0,CHA,,,,Hayward,G. Hayward,,,,,Above the Break 3,24+ Center,,,,,,,,,435.0,,,3.0,2.0,1.0,,,,,,
437,PT04M20.00S,2022-11-21T00:34:34.4Z,3,REGULAR,2pt,Jump Shot,[],202330,17.821944809461236,66.66666666666666,1610612766,72,67,2022-11-21T00:45:33Z,4290000,False,-83.0,115.0,1,left,MISS G. Hayward 14' fadeaway Shot,[202330],1610612766.0,CHA,fadeaway,,,Hayward,G. Hayward,,,,,Mid-Range,8-16 Left,14.2,Missed,,,,,,,,,,,,,,,,,,
438,PT04M20.00S,2022-11-21T00:34:34.4Z,3,REGULAR,rebound,defensive,[],204001,,,1610612764,72,67,2022-11-21T00:34:38Z,4300000,False,,,0,,K. Porzingis REBOUND (Off:1 Def:2),[204001],1610612764.0,WAS,,,,Porzingis,K. Porzingis,,,,,Mid-Range,8-16 Left,,,,,,,,,437.0,,,3.0,2.0,1.0,,,,,,
439,PT04M20.00S,2022-11-21T00:34:39.3Z,3,REGULAR,foul,personal,[],203486,,,1610612764,72,67,2022-11-21T00:34:44Z,4310000,False,,,0,,M. Plumlee personal FOUL (3 PF),"[203486, 204001]",1610612766.0,CHA,,,,Plumlee,M. Plumlee,,,,,Mid-Range,16-24 Left Center,,,,,,,,,,200833.0,,,,,,,3.0,0.0,Porzingis,204001.0
441,PT04M20.00S,2022-11-21T00:34:49.1Z,3,REGULAR,substitution,out,[],1630557,,,1610612764,72,67,2022-11-21T00:34:55Z,4330000,False,,,0,,SUB out: C. Kispert,[1630557],1610612764.0,WAS,,,,Kispert,C. Kispert,,,,,,,,,,,,,,,,,,,,,,,,,,
442,PT04M20.00S,2022-11-21T00:34:49.1Z,3,REGULAR,substitution,in,[],203115,,,1610612764,72,67,2022-11-21T00:34:55Z,4340000,False,,,0,,SUB in: W. Barton,[203115],1610612764.0,WAS,,,,Barton,W. Barton,,,,,,,,,,,,,,,,,,,,,,,,,,
443,PT04M00.00S,2022-11-21T00:35:20.9Z,3,REGULAR,3pt,Jump Shot,[],1630166,87.20433639947439,3.431372549019608,1610612764,72,67,2022-11-21T00:35:25Z,4350000,False,-233.0,68.0,1,right,MISS D. Avdija 24' 3PT,[1630166],1610612764.0,WAS,,,,Avdija,D. Avdija,,,,,Left Corner 3,24+ Left,24.25,Missed,,,,,,,,,,,,,,,,,,
444,PT03M57.00S,2022-11-21T00:35:23.9Z,3,REGULAR,rebound,defensive,[],1626162,,,1610612766,72,67,2022-11-21T00:35:25Z,4360000,False,,,0,,K. Oubre Jr. REBOUND (Off:1 Def:5),[1626162],1610612766.0,CHA,,,,Oubre Jr.,K. Oubre Jr.,,,,,Left Corner 3,24+ Left,,,,,,,,,443.0,,,6.0,5.0,1.0,,,,,,
445,PT03M46.00S,2022-11-21T00:35:35.1Z,3,REGULAR,2pt,Layup,['pointsinthepaint'],1626162,9.674770039421814,44.85294117647059,1610612766,72,69,2022-11-21T00:35:40Z,4370000,False,26.0,38.0,1,left,K. Oubre Jr. driving Layup (16 PTS),[1626162],1610612766.0,CHA,driving,,,Oubre Jr.,K. Oubre Jr.,,,,,In The Paint (Non-RA),0-8 Center,4.62,Made,16.0,,,,,,,,,,,,,,,,,
446,PT03M32.00S,2022-11-21T00:35:48.6Z,3,REGULAR,2pt,Jump Shot,[],1630692,81.2910643889619,27.205882352941174,1610612764,72,69,2022-11-21T00:35:54Z,4380000,False,-114.0,123.0,1,right,MISS J. Goodwin 16' pullup Shot,[1630692],1610612764.0,WAS,pullup,,,Goodwin,J. Goodwin,,,,,Mid-Range,16-24 Left Center,16.8,Missed,,,,,,,,,,,,,,,,,,
447,PT03M29.00S,2022-11-21T00:35:52.4Z,3,REGULAR,rebound,offensive,[],204001,,,1610612764,72,69,2022-11-21T00:35:52Z,4390000,False,,,0,,K. Porzingis REBOUND (Off:2 Def:2),[204001],1610612764.0,WAS,,,,Porzingis,K. Porzingis,,,,,Mid-Range,16-24 Left Center,,,,,,,,,446.0,,,4.0,2.0,2.0,,,,,,
448,PT03M23.00S,2022-11-21T00:35:58.1Z,3,REGULAR,2pt,Layup,"['pointsinthepaint', '2ndchance']",1630166,90.75229960578186,59.80392156862745,1610612764,72,69,2022-11-21T00:36:02Z,4400000,False,49.0,34.0,1,right,MISS D. Avdija driving Layup - blocked,"[1630166, 203486]",1610612764.0,WAS,driving,,,Avdija,D. Avdija,,,,,In The Paint (Non-RA),0-8 Center,5.99,Missed,,,,,Plumlee,203486.0,,,,,,,,,,,,
449,PT03M23.00S,2022-11-21T00:35:58.1Z,3,REGULAR,block,,[],203486,,,1610612764,72,69,2022-11-21T00:36:00Z,4410000,False,,,0,,M. Plumlee BLOCK (1 BLK),[203486],1610612766.0,CHA,,,,Plumlee,M. Plumlee,,,,,In The Paint (Non-RA),0-8 Center,,,,,,,,,,,,,,,,,,,,
450,PT03M20.00S,2022-11-21T00:36:01.1Z,3,REGULAR,rebound,defensive,[],202330,,,1610612766,72,69,2022-11-21T00:36:02Z,4420000,False,,,0,,G. Hayward REBOUND (Off:1 Def:3),[202330],1610612766.0,CHA,,,,Hayward,G. Hayward,,,,,In The Paint (Non-RA),0-8 Center,,,,,,,,,448.0,,,4.0,3.0,1.0,,,,,,
451,PT03M14.00S,2022-11-21T00:36:06.2Z,3,REGULAR,2pt,Layup,"['pointsinthepaint', 'fastbreak']",1626162,6.521024967148489,44.36274509803921,1610612766,72,71,2022-11-21T00:36:13Z,4430000,False,28.0,9.0,1,left,K. Oubre Jr. running Layup (18 PTS) (G. Hayward 4 AST),"[1626162, 202330]",1610612766.0,CHA,running,,,Oubre Jr.,K. Oubre Jr.,,,,,Restricted Area,0-8 Center,2.95,Made,18.0,G. Hayward,202330.0,4.0,,,,,,,,,,,,,,
454,PT02M56.00S,2022-11-21T00:36:37.0Z,3,REGULAR,timeout,full,"['team', 'mandatory']",0,,,1610612764,72,71,2022-11-21T00:36:37Z,4460000,False,,,0,,CHA Timeout,[],1610612766.0,CHA,,,,,,,,,,,,,,,,,,,,,,,,,,,,,,,
455,PT02M56.00S,2022-11-21T00:36:54.4Z,3,REGULAR,substitution,out,[],204001,,,1610612764,72,71,2022-11-21T00:39:18Z,4470000,False,,,0,,SUB out: K. Porzingis,[204001],1610612764.0,WAS,,,,Porzingis,K. Porzingis,,,,,,,,,,,,,,,,,,,,,,,,,,
456,PT02M56.00S,2022-11-21T00:36:54.4Z,3,REGULAR,substitution,out,[],1630166,,,1610612764,72,71,2022-11-21T00:39:18Z,4480000,False,,,0,,SUB out: D. Avdija,[1630166],1610612764.0,WAS,,,,Avdija,D. Avdija,,,,,,,,,,,,,,,,,,,,,,,,,,
457,PT02M56.00S,2022-11-21T00:36:54.4Z,3,REGULAR,substitution,out,[],1626162,,,1610612764,72,71,2022-11-21T00:39:18Z,4490000,False,,,0,,SUB out: K. Oubre Jr.,[1626162],1610612766.0,CHA,,,,Oubre Jr.,K. Oubre Jr.,,,,,,,,,,,,,,,,,,,,,,,,,,
458,PT02M56.00S,2022-11-21T00:36:54.4Z,3,REGULAR,substitution,out,[],202330,,,1610612764,72,71,2022-11-21T00:39:18Z,4500000,False,,,0,,SUB out: G. Hayward,[202330],1610612766.0,CHA,,,,Hayward,G. Hayward,,,,,,,,,,,,,,,,,,,,,,,,,,
459,PT02M56.00S,2022-11-21T00:36:54.4Z,3,REGULAR,substitution,out,[],203486,,,1610612764,72,71,2022-11-21T00:39:18Z,4510000,False,,,0,,SUB out: M. Plumlee,[203486],1610612766.0,CHA,,,,Plumlee,M. Plumlee,,,,,,,,,,,,,,,,,,,,,,,,,,
460,PT02M56.00S,2022-11-21T00:36:54.4Z,3,REGULAR,substitution,in,[],201959,,,1610612764,72,71,2022-11-21T00:39:18Z,4520000,False,,,0,,SUB in: T. Gibson,[201959],1610612764.0,WAS,,,,Gibson,T. Gibson,,,,,,,,,,,,,,,,,,,,,,,,,,
461,PT02M56.00S,2022-11-21T00:36:54.4Z,3,REGULAR,substitution,in,[],1628398,,,1610612764,72,71,2022-11-21T00:39:18Z,4530000,False,,,0,,SUB in: K. Kuzma,[1628398],1610612764.0,WAS,,,,Kuzma,K. Kuzma,,,,,,,,,,,,,,,,,,,,,,,,,,
462,PT02M56.00S,2022-11-21T00:36:54.4Z,3,REGULAR,substitution,in,[],1630208,,,1610612764,72,71,2022-11-21T00:39:18Z,4540000,False,,,0,,SUB in: N. Richards,[1630208],1610612766.0,CHA,,,,Richards,N. Richards,,,,,,,,,,,,,,,,,,,,,,,,,,
463,PT02M56.00S,2022-11-21T00:36:54.4Z,3,REGULAR,substitution,in,[],1626179,,,1610612764,72,71,2022-11-21T00:39:18Z,4550000,False,,,0,,SUB in: T. Rozier,[1626179],1610612766.0,CHA,,,,Rozier,T. Rozier,,,,,,,,,,,,,,,,,,,,,,,,,,
464,PT02M56.00S,2022-11-21T00:36:54.4Z,3,REGULAR,substitution,in,[],1629023,,,1610612764,72,71,2022-11-21T00:39:18Z,4560000,False,,,0,,SUB in: P. Washington,[1629023],1610612766.0,CHA,,,,Washington,P. Washington,,,,,,,,,,,,,,,,,,,,,,,,,,
465,PT02M53.00S,2022-11-21T00:39:38.4Z,3,REGULAR,foul,personal,"['inpenalty', '2freethrow']",1629023,,,1610612764,72,71,2022-11-21T00:39:50Z,4570000,False,,,0,,P. Washington shooting personal FOUL (1 PF) (Kuzma 2 FT),"[1629023, 1628398]",1610612766.0,CHA,shooting,,,Washington,P. Washington,,,,,Mid-Range,16-24 Right,,,,,,,,,,1628172.0,,,,,,,1.0,0.0,Kuzma,1628398.0
467,PT02M53.00S,2022-11-21T00:40:35.7Z,3,REGULAR,freethrow,1 of 2,[],1628398,,,1610612764,72,71,2022-11-21T00:40:35Z,4590000,False,,,0,,MISS K. Kuzma Free Throw 1 of 2,[1628398],1610612764.0,WAS,,,,Kuzma,K. Kuzma,,,,,,,,Missed,,,,,,,,,,,,,,,,,,
468,PT02M53.00S,2022-11-21T00:40:35.7Z,3,REGULAR,rebound,offensive,"['deadball', 'team']",0,,,1610612764,72,71,2022-11-21T00:40:35Z,4600000,False,,,0,,TEAM offensive REBOUND,[],1610612764.0,WAS,,,,,,,,,,,,,,,,,,,,467.0,,,,,,,,,,,
469,PT02M53.00S,2022-11-21T00:40:53.3Z,3,REGULAR,freethrow,2 of 2,[],1628398,,,1610612764,73,71,2022-11-21T00:40:53Z,4610000,False,,,0,,K. Kuzma Free Throw 2 of 2 (17 PTS),[1628398],1610612764.0,WAS,,,,Kuzma,K. Kuzma,,,,,,,,Made,17.0,,,,,,,,,,,,,,,,,
470,PT02M42.00S,2022-11-21T00:41:08.2Z,3,REGULAR,foul,personal,"['inpenalty', '2freethrow']",201959,,,1610612766,73,71,2022-11-21T00:41:15Z,4620000,False,,,0,,T. Gibson shooting personal FOUL (1 PF) (Richards 2 FT),"[201959, 1630208]",1610612764.0,WAS,shooting,,,Gibson,T. Gibson,,,,,Mid-Range,8-16 Center,,,,,,,,,,1628172.0,,,,,,,1.0,0.0,Richards,1630208.0
472,PT02M42.00S,2022-11-21T00:41:31.4Z,3,REGULAR,freethrow,1 of 2,[],1630208,,,1610612766,73,72,2022-11-21T00:41:31Z,4640000,False,,,0,,N. Richards Free Throw 1 of 2 (5 PTS),[1630208],1610612766.0,CHA,,,,Richards,N. Richards,,,,,,,,Made,5.0,,,,,,,,,,,,,,,,,
473,PT02M42.00S,2022-11-21T00:41:31.4Z,3,REGULAR,freethrow,2 of 2,[],1630208,,,1610612766,73,72,2022-11-21T00:41:51Z,4650000,False,,,0,,MISS N. Richards Free Throw 2 of 2,[1630208],1610612766.0,CHA,,,,Richards,N. Richards,,,,,,,,Missed,,,,,,,,,,,,,,,,,,
474,PT02M40.00S,2022-11-21T00:41:33.4Z,3,REGULAR,rebound,defensive,[],1628398,,,1610612764,73,72,2022-11-21T00:41:51Z,4660000,False,,,0,,K. Kuzma REBOUND (Off:1 Def:6),[1628398],1610612764.0,WAS,,,,Kuzma,K. Kuzma,,,,,,,,,,,,,,,473.0,,,7.0,6.0,1.0,,,,,,
475,PT02M29.00S,2022-11-21T00:41:59.6Z,3,REGULAR,2pt,Jump Shot,[],203078,94.95729303547962,83.08823529411765,1610612764,75,72,2022-11-21T00:42:07Z,4670000,False,165.0,-5.0,1,right,B. Beal 16' pullup Jump Shot (23 PTS),[203078],1610612764.0,WAS,pullup,,,Beal,B. Beal,,,,,Mid-Range,16-24 Right,16.55,Made,23.0,,,,,,,,,,,,,,,,,
476,PT02M18.00S,2022-11-21T00:42:10.3Z,3,REGULAR,3pt,Jump Shot,[],1629023,27.151773981603156,18.137254901960784,1610612766,75,75,2022-11-21T00:42:19Z,4680000,False,159.0,203.0,1,left,P. Washington 25' 3PT  (11 PTS) (D. Smith Jr. 1 AST),"[1629023, 1628372]",1610612766.0,CHA,,,,Washington,P. Washington,,,,,Above the Break 3,24+ Right Center,25.78,Made,11.0,D. Smith Jr.,1628372.0,1.0,,,,,,,,,,,,,,
478,PT02M00.00S,2022-11-21T00:42:29.4Z,3,REGULAR,2pt,Layup,['pointsinthepaint'],1628398,90.88370565045992,53.92156862745098,1610612764,75,75,2022-11-21T00:51:58Z,4700000,False,20.0,33.0,1,right,MISS K. Kuzma driving Layup - blocked,"[1628398, 1629023]",1610612764.0,WAS,driving,,,Kuzma,K. Kuzma,,,,,Restricted Area,0-8 Center,3.86,Missed,,,,,Washington,1629023.0,,,,,,,,,,,,
479,PT02M00.00S,2022-11-21T00:42:29.4Z,3,REGULAR,block,,[],1629023,,,1610612764,75,75,2022-11-21T00:42:32Z,4710000,False,,,0,,P. Washington BLOCK (1 BLK),[1629023],1610612766.0,CHA,,,,Washington,P. Washington,,,,,Restricted Area,0-8 Center,,,,,,,,,,,,,,,,,,,,
480,PT01M59.00S,2022-11-21T00:42:30.4Z,3,REGULAR,rebound,defensive,[],1629023,,,1610612766,75,75,2022-11-21T00:53:47Z,4720000,False,,,0,,P. Washington REBOUND (Off:1 Def:1),[1629023],1610612766.0,CHA,,,,Washington,P. Washington,,,,,Restricted Area,0-8 Center,,,,,,,,,478.0,,,2.0,1.0,1.0,,,,,,
481,PT01M57.00S,2022-11-21T00:42:36.2Z,3,REGULAR,turnover,out-of-bounds,[],1629667,,,1610612766,75,75,2022-11-21T00:42:41Z,4730000,False,,,0,,J. McDaniels lost ball out-of-bounds TURNOVER (1 TO),[1629667],1610612766.0,CHA,lost ball,,,McDaniels,J. McDaniels,,,,,In The Paint (Non-RA),0-8 Center,,,,,,,,,,101284.0,1.0,,,,,,,,,
482,PT01M49.00S,2022-11-21T00:42:47.2Z,3,REGULAR,turnover,bad pass,[],1628398,,,1610612764,75,75,2022-11-21T00:42:51Z,4740000,False,,,0,,K. Kuzma bad pass TURNOVER (4 TO),"[1628398, 1628372]",1610612764.0,WAS,,,,Kuzma,K. Kuzma,,,,,Mid-Range,8-16 Left,,,,,,,,,,,4.0,,,,Smith Jr.,1628372.0,,,,
483,PT01M49.00S,2022-11-21T00:42:47.2Z,3,REGULAR,steal,,[],1628372,,,1610612766,75,75,2022-11-21T00:42:48Z,4750000,False,,,0,,D. Smith Jr. STEAL (2 STL),[1628372],1610612766.0,CHA,,,,Smith Jr.,D. Smith Jr.,,,,,Mid-Range,8-16 Left,,,,,,,,,,,,,,,,,,,,
484,PT01M43.00S,2022-11-21T00:42:52.3Z,3,REGULAR,3pt,Jump Shot,['fromturnover'],1629023,23.340998685939553,10.53921568627451,1610612766,75,75,2022-11-21T00:42:59Z,4760000,False,197.0,167.0,1,left,MISS P. Washington 25' 3PT,[1629023],1610612766.0,CHA,,,,Washington,P. Washington,,,,,Above the Break 3,24+ Right Center,25.84,Missed,,,,,,,,,,,,,,,,,,
485,PT01M38.00S,2022-11-21T00:42:57.3Z,3,REGULAR,rebound,defensive,[],203078,,,1610612764,75,75,2022-11-21T00:42:59Z,4770000,False,,,0,,B. Beal REBOUND (Off:0 Def:4),[203078],1610612764.0,WAS,,,,Beal,B. Beal,,,,,Above the Break 3,24+ Right Center,,,,,,,,,484.0,,,4.0,4.0,0.0,,,,,,
486,PT01M30.00S,2022-11-21T00:43:05.2Z,3,REGULAR,3pt,Jump Shot,[],201959,74.19513797634691,15.686274509803921,1610612764,75,75,2022-11-21T00:43:10Z,4780000,False,-172.0,190.0,1,right,MISS T. Gibson 25' 3PT,[201959],1610612764.0,WAS,,,,Gibson,T. Gibson,,,,,Above the Break 3,24+ Left Center,25.61,Missed,,,,,,,,,,,,,,,,,,
487,PT01M25.00S,2022-11-21T00:43:10.2Z,3,REGULAR,rebound,defensive,[],1630208,,,1610612766,75,75,2022-11-21T00:43:10Z,4790000,False,,,0,,N. Richards REBOUND (Off:3 Def:4),[1630208],1610612766.0,CHA,,,,Richards,N. Richards,,,,,Above the Break 3,24+ Left Center,,,,,,,,,486.0,,,7.0,4.0,3.0,,,,,,
488,PT01M20.00S,2022-11-21T00:43:15.6Z,3,REGULAR,2pt,Layup,"['pointsinthepaint', 'fastbreak']",1630208,6.652431011826544,52.94117647058824,1610612766,75,77,2022-11-21T00:43:23Z,4800000,False,-15.0,10.0,1,left,N. Richards cutting finger roll Layup (7 PTS) (D. Smith Jr. 2 AST),"[1630208, 1628372]",1610612766.0,CHA,cutting finger roll,,,Richards,N. Richards,,,,,Restricted Area,0-8 Center,1.78,Made,7.0,D. Smith Jr.,1628372.0,2.0,,,,,,,,,,,,,,
490,PT00M58.20S,2022-11-21T00:43:37.9Z,3,REGULAR,2pt,Layup,['pointsinthepaint'],201959,94.30026281208936,54.65686274509803,1610612764,75,77,2022-11-21T00:43:46Z,4820000,False,23.0,1.0,1,right,MISS T. Gibson reverse Layup,[201959],1610612764.0,WAS,reverse,,,Gibson,T. Gibson,,,,,Restricted Area,0-8 Center,2.33,Missed,,,,,,,,,,,,,,,,,,
491,PT00M55.50S,2022-11-21T00:43:40.6Z,3,REGULAR,rebound,defensive,[],1630208,,,1610612766,75,77,2022-11-21T00:43:40Z,4830000,False,,,0,,N. Richards REBOUND (Off:3 Def:5),[1630208],1610612766.0,CHA,,,,Richards,N. Richards,,,,,Restricted Area,0-8 Center,,,,,,,,,490.0,,,8.0,5.0,3.0,,,,,,
492,PT00M49.50S,2022-11-21T00:43:48.5Z,3,REGULAR,turnover,traveling,[],1629023,,,1610612766,75,77,2022-11-21T00:43:54Z,4840000,False,,,0,,P. Washington traveling TURNOVER (3 TO),[1629023],1610612766.0,CHA,,,,Washington,P. Washington,,,,,Above the Break 3,24+ Left Center,,,,,,,,,,200833.0,3.0,,,,,,,,,
493,PT00M49.50S,2022-11-21T00:43:56.5Z,3,REGULAR,timeout,full,['team'],0,,,1610612764,75,77,2022-11-21T00:43:56Z,4850000,False,,,0,,CHA Timeout,[],1610612766.0,CHA,,,,,,,,,,,,,,,,,,,,,,,,,,,,,,,
494,PT00M37.40S,2022-11-21T00:45:45.3Z,3,REGULAR,foul,personal,"['inpenalty', '2freethrow']",1626179,,,1610612764,75,77,2022-11-21T00:45:55Z,4860000,False,,,0,,T. Rozier shooting personal FOUL (2 PF) (Goodwin 2 FT),"[1626179, 1630692]",1610612766.0,CHA,shooting,,,Rozier,T. Rozier,,,,,In The Paint (Non-RA),0-8 Center,,,,,,,,,,1628172.0,,,,,,,2.0,0.0,Goodwin,1630692.0
496,PT00M37.40S,2022-11-21T00:46:12.3Z,3,REGULAR,freethrow,1 of 2,['fromturnover'],1630692,,,1610612764,75,77,2022-11-21T00:46:37Z,4880000,False,,,0,,MISS J. Goodwin Free Throw 1 of 2,[1630692],1610612764.0,WAS,,,,Goodwin,J. Goodwin,,,,,,,,Missed,,,,,,,,,,,,,,,,,,
497,PT00M37.40S,2022-11-21T00:46:12.3Z,3,REGULAR,rebound,offensive,"['team', 'deadball']",0,,,1610612764,75,77,2022-11-21T00:46:37Z,4890000,False,,,0,,TEAM offensive REBOUND,[],1610612764.0,WAS,,,,,,,,,,,,,,,,,,,,496.0,,,,,,,,,,,
498,PT00M37.40S,2022-11-21T00:46:17.8Z,3,REGULAR,substitution,out,[],203078,,,1610612764,75,77,2022-11-21T00:46:21Z,4900000,False,,,0,,SUB out: B. Beal,[203078],1610612764.0,WAS,,,,Beal,B. Beal,,,,,,,,,,,,,,,,,,,,,,,,,,
499,PT00M37.40S,2022-11-21T00:46:17.8Z,3,REGULAR,substitution,in,[],1630166,,,1610612764,75,77,2022-11-21T00:46:21Z,4910000,False,,,0,,SUB in: D. Avdija,[1630166],1610612764.0,WAS,,,,Avdija,D. Avdija,,,,,,,,,,,,,,,,,,,,,,,,,,
500,PT00M37.40S,2022-11-21T00:46:12.3Z,3,REGULAR,freethrow,2 of 2,['fromturnover'],1630692,,,1610612764,75,77,2022-11-21T00:46:37Z,4920000,False,,,0,,MISS J. Goodwin Free Throw 2 of 2,[1630692],1610612764.0,WAS,,,,Goodwin,J. Goodwin,,,,,,,,Missed,,,,,,,,,,,,,,,,,,
501,PT00M35.40S,2022-11-21T00:46:14.3Z,3,REGULAR,rebound,defensive,[],1629667,,,1610612766,75,77,2022-11-21T00:46:37Z,4930000,False,,,0,,J. McDaniels REBOUND (Off:1 Def:4),[1629667],1610612766.0,CHA,,,,McDaniels,J. McDaniels,,,,,,,,,,,,,,,500.0,,,5.0,4.0,1.0,,,,,,
502,PT00M21.30S,2022-11-21T00:46:50.8Z,3,REGULAR,2pt,Layup,['pointsinthepaint'],1629023,6.389618922470433,44.85294117647059,1610612766,75,79,2022-11-21T00:46:54Z,4940000,False,26.0,8.0,1,left,P. Washington Layup (13 PTS) (D. Smith Jr. 3 AST),"[1629023, 1628372]",1610612766.0,CHA,,,,Washington,P. Washington,,,,,Restricted Area,0-8 Center,2.68,Made,13.0,D. Smith Jr.,1628372.0,3.0,,,,,,,,,,,,,,
504,PT00M02.60S,2022-11-21T00:47:13.0Z,3,REGULAR,2pt,Layup,['pointsinthepaint'],201959,94.43166885676742,47.05882352941176,1610612764,77,79,2022-11-21T00:47:17Z,4960000,False,-15.0,0.0,1,right,T. Gibson Layup (2 PTS) (W. Barton 1 AST),"[201959, 203115]",1610612764.0,WAS,,,,Gibson,T. Gibson,,,,,Restricted Area,0-8 Center,1.47,Made,2.0,W. Barton,203115.0,1.0,,,,,,,,,,,,,,
506,PT00M00.10S,2022-11-21T00:47:17.5Z,3,REGULAR,3pt,Jump Shot,[],1629667,41.343626806833115,15.686274509803921,1610612766,77,79,2022-11-21T00:56:58Z,4980000,False,172.0,336.0,1,left,MISS J. McDaniels 37' running pullup 3PT,[1629667],1610612766.0,CHA,running pullup,,,McDaniels,J. McDaniels,,,,,Above the Break 3,24+ Right Center,37.74,Missed,,,,,,,,,,,,,,,,,,
507,PT00M00.10S,2022-11-21T00:47:17.5Z,3,REGULAR,rebound,offensive,['team'],0,,,1610612766,77,79,2022-11-21T00:47:36Z,4990000,False,,,0,,TEAM offensive REBOUND,[],1610612766.0,CHA,,,,,,,,,,Above the Break 3,24+ Right Center,,,,,,,,,506.0,,,,,,,,,,,
508,PT00M00.00S,2022-11-21T00:47:30.4Z,3,REGULAR,period,end,[],0,,,1610612766,77,79,2022-11-21T00:47:30Z,5000000,False,,,0,,Period End,[],,,,,,,,,,,,,,,,,,,,,,,,,,,,,,,,,
509,PT12M00.00S,2022-11-21T00:49:22.7Z,4,REGULAR,substitution,out,['startperiod'],1630166,,,1610612766,77,79,2022-11-21T00:49:42Z,5010000,False,,,0,,SUB out: D. Avdija,[1630166],1610612764.0,WAS,,,,Avdija,D. Avdija,,,,,,,,,,,,,,,,,,,,,,,,,,
510,PT12M00.00S,2022-11-21T00:49:22.7Z,4,REGULAR,substitution,out,['startperiod'],1628372,,,1610612766,77,79,2022-11-21T00:49:42Z,5020000,False,,,0,,SUB out: D. Smith Jr.,[1628372],1610612766.0,CHA,,,,Smith Jr.,D. Smith Jr.,,,,,,,,,,,,,,,,,,,,,,,,,,
511,PT12M00.00S,2022-11-21T00:49:22.7Z,4,REGULAR,substitution,in,['startperiod'],1630557,,,1610612766,77,79,2022-11-21T00:49:42Z,5030000,False,,,0,,SUB in: C. Kispert,[1630557],1610612764.0,WAS,,,,Kispert,C. Kispert,,,,,,,,,,,,,,,,,,,,,,,,,,
512,PT12M00.00S,2022-11-21T00:49:22.7Z,4,REGULAR,substitution,in,['startperiod'],202330,,,1610612766,77,79,2022-11-21T00:49:42Z,5040000,False,,,0,,SUB in: G. Hayward,[202330],1610612766.0,CHA,,,,Hayward,G. Hayward,,,,,,,,,,,,,,,,,,,,,,,,,,
513,PT12M00.00S,2022-11-21T00:49:59.3Z,4,REGULAR,period,start,[],0,,,1610612764,77,79,2022-11-21T00:49:59Z,5050000,False,,,0,,Period Start,[],,,,,,,,,,,,,,,,,,,,,,,,,,,,,,,,,
514,PT11M44.00S,2022-11-21T00:50:15.5Z,4,REGULAR,2pt,Jump Shot,['pointsinthepaint'],203115,91.5407358738502,59.31372549019608,1610612764,77,79,2022-11-21T00:50:19Z,5060000,False,47.0,27.0,1,right,MISS W. Barton pullup Shot,[203115],1610612764.0,WAS,pullup,,,Barton,W. Barton,,,,,In The Paint (Non-RA),0-8 Center,5.39,Missed,,,,,,,,,,,,,,,,,,
515,PT11M44.00S,2022-11-21T00:50:15.5Z,4,REGULAR,rebound,offensive,['team'],0,,,1610612764,77,79,2022-11-21T00:50:19Z,5070000,False,,,0,,TEAM offensive REBOUND,[],1610612764.0,WAS,,,,,,,,,,In The Paint (Non-RA),0-8 Center,,,,,,,,,514.0,,,,,,,,,,,
517,PT11M40.00S,2022-11-21T00:50:31.6Z,4,REGULAR,3pt,Jump Shot,['2ndchance'],1628398,96.13994743758212,98.2843137254902,1610612764,80,79,2022-11-21T00:50:37Z,5090000,False,241.0,-16.0,1,right,K. Kuzma 24' 3PT  (20 PTS) (J. Goodwin 1 AST),"[1628398, 1630692]",1610612764.0,WAS,,,,Kuzma,K. Kuzma,,,,,Right Corner 3,24+ Right,24.19,Made,20.0,J. Goodwin,1630692.0,1.0,,,,,,,,,,,,,,
519,PT11M26.00S,2022-11-21T00:50:48.6Z,4,REGULAR,foul,offensive,[],1630208,,,1610612766,80,79,2022-11-21T00:50:56Z,5110000,False,,,0,,N. Richards offensive FOUL (2 PF),"[1630208, 1630692]",1610612766.0,CHA,,,,Richards,N. Richards,,,,,In The Paint (Non-RA),8-16 Left,,,,,,,,,,1628172.0,,,,,,,2.0,0.0,Goodwin,1630692.0
521,PT11M26.00S,2022-11-21T00:50:48.6Z,4,REGULAR,turnover,offensive foul,[],1630208,,,1610612766,80,79,2022-11-21T00:50:48Z,5130000,False,,,0,,N. Richards offensive foul TURNOVER (1 TO),[1630208],1610612766.0,CHA,,,,Richards,N. Richards,,,,,In The Paint (Non-RA),8-16 Left,,,,,,,,,,1628172.0,1.0,,,,,,,,,
522,PT11M11.00S,2022-11-21T00:51:13.9Z,4,REGULAR,3pt,Jump Shot,['fromturnover'],1628398,75.24638633377135,91.66666666666666,1610612764,83,79,2022-11-21T00:51:19Z,5140000,False,208.0,180.0,1,right,K. Kuzma 27' 3PT step back (23 PTS),[1628398],1610612764.0,WAS,step back,,,Kuzma,K. Kuzma,,,,,Above the Break 3,24+ Right Center,27.54,Made,23.0,,,,,,,,,,,,,,,,,
523,PT10M47.00S,2022-11-21T00:51:37.8Z,4,REGULAR,2pt,DUNK,['pointsinthepaint'],1630208,8.754927726675426,50.73529411764706,1610612766,83,79,2022-11-21T00:58:47Z,5150000,False,-4.0,30.0,1,left,MISS N. Richards cutting DUNK - blocked,"[1630208, 203115]",1610612766.0,CHA,cutting,,,Richards,N. Richards,,,,,Restricted Area,0-8 Center,3.0,Missed,,,,,Barton,203115.0,,,,,,,,,,,,
524,PT10M47.00S,2022-11-21T00:51:37.8Z,4,REGULAR,block,,[],203115,,,1610612766,83,79,2022-11-21T00:51:40Z,5160000,False,,,0,,W. Barton BLOCK (2 BLK),[203115],1610612764.0,WAS,,,,Barton,W. Barton,,,,,Restricted Area,0-8 Center,,,,,,,,,,,,,,,,,,,,
525,PT10M45.00S,2022-11-21T00:51:39.8Z,4,REGULAR,rebound,offensive,[],1630208,,,1610612766,83,79,2022-11-21T00:51:49Z,5170000,False,,,0,,N. Richards REBOUND (Off:4 Def:5),[1630208],1610612766.0,CHA,,,,Richards,N. Richards,,,,,Restricted Area,0-8 Center,,,,,,,,,523.0,,,9.0,5.0,4.0,,,,,,
526,PT10M43.00S,2022-11-21T00:51:42.1Z,4,REGULAR,2pt,Layup,"['pointsinthepaint', '2ndchance']",1630208,10.463206307490145,59.80392156862745,1610612766,83,81,2022-11-21T00:59:03Z,5180000,False,-49.0,46.0,1,left,N. Richards 6' putback Layup (9 PTS),[1630208],1610612766.0,CHA,putback,,,Richards,N. Richards,,,,,In The Paint (Non-RA),0-8 Center,6.71,Made,9.0,,,,,,,,,,,,,,,,,
527,PT10M27.00S,2022-11-21T00:51:57.8Z,4,REGULAR,3pt,Jump Shot,[],1628398,78.26872536136662,92.15686274509804,1610612764,83,81,2022-11-21T00:52:03Z,5190000,False,211.0,152.0,1,right,MISS K. Kuzma 25' 3PT,[1628398],1610612764.0,WAS,,,,Kuzma,K. Kuzma,,,,,Above the Break 3,24+ Right Center,25.98,Missed,,,,,,,,,,,,,,,,,,
528,PT10M24.00S,2022-11-21T00:52:00.8Z,4,REGULAR,rebound,offensive,[],201959,,,1610612764,83,81,2022-11-21T00:52:03Z,5200000,False,,,0,,T. Gibson REBOUND (Off:1 Def:0),[201959],1610612764.0,WAS,,,,Gibson,T. Gibson,,,,,Above the Break 3,24+ Right Center,,,,,,,,,527.0,,,1.0,0.0,1.0,,,,,,
529,PT10M20.00S,2022-11-21T00:52:05.2Z,4,REGULAR,3pt,Jump Shot,['2ndchance'],1630692,79.188567674113,5.392156862745098,1610612764,86,81,2022-11-21T00:59:49Z,5210000,False,-223.0,143.0,1,right,J. Goodwin 26' 3PT pullup (5 PTS) (W. Barton 2 AST),"[1630692, 203115]",1610612764.0,WAS,pullup,,,Goodwin,J. Goodwin,,,,,Above the Break 3,24+ Left Center,26.5,Made,5.0,W. Barton,203115.0,2.0,,,,,,,,,,,,,,
531,PT10M04.00S,2022-11-21T00:52:22.2Z,4,REGULAR,2pt,Jump Shot,[],202330,25.57490144546649,45.09803921568628,1610612766,86,81,2022-11-21T00:52:26Z,5230000,False,25.0,188.0,1,left,MISS G. Hayward 18' pullup Shot,[202330],1610612766.0,CHA,pullup,,,Hayward,G. Hayward,,,,,Mid-Range,16-24 Center,18.95,Missed,,,,,,,,,,,,,,,,,,
532,PT10M00.00S,2022-11-21T00:52:26.2Z,4,REGULAR,rebound,defensive,[],201959,,,1610612764,86,81,2022-11-21T00:52:26Z,5240000,False,,,0,,T. Gibson REBOUND (Off:1 Def:1),[201959],1610612764.0,WAS,,,,Gibson,T. Gibson,,,,,Mid-Range,16-24 Center,,,,,,,,,531.0,,,2.0,1.0,1.0,,,,,,
533,PT09M48.00S,2022-11-21T00:52:36.8Z,4,REGULAR,2pt,Layup,['pointsinthepaint'],1628398,91.80354796320631,50.98039215686274,1610612764,88,81,2022-11-21T01:00:36Z,5250000,False,5.0,25.0,1,right,K. Kuzma driving Layup (25 PTS),[1628398],1610612764.0,WAS,driving,,,Kuzma,K. Kuzma,,,,,Restricted Area,0-8 Center,2.5,Made,25.0,,,,,,,,,,,,,,,,,
534,PT09M44.00S,2022-11-21T00:52:44.8Z,4,REGULAR,timeout,full,"['team', 'mandatory']",0,,,1610612766,88,81,2022-11-21T00:52:44Z,5260000,False,,,0,,CHA Timeout,[],1610612766.0,CHA,,,,,,,,,,,,,,,,,,,,,,,,,,,,,,,
535,PT09M44.00S,2022-11-21T00:52:51.1Z,4,REGULAR,substitution,out,[],1629667,,,1610612766,88,81,2022-11-21T00:55:25Z,5270000,False,,,0,,SUB out: J. McDaniels,[1629667],1610612766.0,CHA,,,,McDaniels,J. McDaniels,,,,,,,,,,,,,,,,,,,,,,,,,,
537,PT09M44.00S,2022-11-21T00:52:51.1Z,4,REGULAR,substitution,in,[],1628372,,,1610612766,88,81,2022-11-21T00:55:34Z,5290000,False,,,0,,SUB in: D. Smith Jr.,[1628372],1610612766.0,CHA,,,,Smith Jr.,D. Smith Jr.,,,,,,,,,,,,,,,,,,,,,,,,,,
538,PT09M32.00S,2022-11-21T00:55:49.7Z,4,REGULAR,2pt,Jump Shot,['pointsinthepaint'],202330,19.004599211563733,43.38235294117647,1610612766,88,83,2022-11-21T00:56:35Z,5300000,False,33.0,126.0,1,left,G. Hayward 13' pullup Jump Shot (16 PTS),[202330],1610612766.0,CHA,pullup,,,Hayward,G. Hayward,,,,,In The Paint (Non-RA),8-16 Center,13.04,Made,16.0,,,,,,,,,,,,,,,,,
539,PT09M13.00S,2022-11-21T00:56:07.6Z,4,REGULAR,3pt,Jump Shot,[],1630557,67.62483574244416,64.95098039215686,1610612764,88,83,2022-11-21T00:56:12Z,5310000,False,75.0,252.0,1,right,MISS C. Kispert 26' 3PT,[1630557],1610612764.0,WAS,,,,Kispert,C. Kispert,,,,,Above the Break 3,24+ Center,26.27,Missed,,,,,,,,,,,,,,,,,,
540,PT09M11.00S,2022-11-21T00:56:09.6Z,4,REGULAR,rebound,defensive,[],202330,,,1610612766,88,83,2022-11-21T00:56:12Z,5320000,False,,,0,,G. Hayward REBOUND (Off:1 Def:4),[202330],1610612766.0,CHA,,,,Hayward,G. Hayward,,,,,Above the Break 3,24+ Center,,,,,,,,,539.0,,,5.0,4.0,1.0,,,,,,
541,PT09M06.00S,2022-11-21T00:56:19.2Z,4,REGULAR,foul,personal,['2freethrow'],201959,,,1610612766,88,83,2022-11-21T00:56:24Z,5330000,False,,,0,,T. Gibson shooting personal FOUL (2 PF) (Richards 2 FT),"[201959, 1630208]",1610612764.0,WAS,shooting,,,Gibson,T. Gibson,,,,,Restricted Area,0-8 Center,,,,,,,,,,1628172.0,,,,,,,2.0,0.0,Richards,1630208.0
543,PT09M06.00S,2022-11-21T00:56:50.6Z,4,REGULAR,freethrow,1 of 2,[],1630208,,,1610612766,88,84,2022-11-21T00:56:50Z,5350000,False,,,0,,N. Richards Free Throw 1 of 2 (10 PTS),[1630208],1610612766.0,CHA,,,,Richards,N. Richards,,,,,,,,Made,10.0,,,,,,,,,,,,,,,,,
544,PT09M06.00S,2022-11-21T00:56:51.3Z,4,REGULAR,substitution,out,[],201959,,,1610612766,88,84,2022-11-21T00:56:59Z,5360000,False,,,0,,SUB out: T. Gibson,[201959],1610612764.0,WAS,,,,Gibson,T. Gibson,,,,,,,,,,,,,,,,,,,,,,,,,,
545,PT09M06.00S,2022-11-21T00:56:51.3Z,4,REGULAR,substitution,out,[],1630557,,,1610612766,88,84,2022-11-21T00:56:59Z,5370000,False,,,0,,SUB out: C. Kispert,[1630557],1610612764.0,WAS,,,,Kispert,C. Kispert,,,,,,,,,,,,,,,,,,,,,,,,,,
546,PT09M06.00S,2022-11-21T00:56:51.3Z,4,REGULAR,substitution,in,[],204001,,,1610612766,88,84,2022-11-21T00:56:59Z,5380000,False,,,0,,SUB in: K. Porzingis,[204001],1610612764.0,WAS,,,,Porzingis,K. Porzingis,,,,,,,,,,,,,,,,,,,,,,,,,,
547,PT09M06.00S,2022-11-21T00:56:51.3Z,4,REGULAR,substitution,in,[],203078,,,1610612766,88,84,2022-11-21T00:56:59Z,5390000,False,,,0,,SUB in: B. Beal,[203078],1610612764.0,WAS,,,,Beal,B. Beal,,,,,,,,,,,,,,,,,,,,,,,,,,
548,PT09M06.00S,2022-11-21T00:57:13.6Z,4,REGULAR,freethrow,2 of 2,[],1630208,,,1610612766,88,85,2022-11-21T00:57:13Z,5400000,False,,,0,,N. Richards Free Throw 2 of 2 (11 PTS),[1630208],1610612766.0,CHA,,,,Richards,N. Richards,,,,,,,,Made,11.0,,,,,,,,,,,,,,,,,
549,PT08M52.00S,2022-11-21T00:57:31.9Z,4,REGULAR,2pt,Hook,['pointsinthepaint'],1628398,86.41590013140605,51.470588235294116,1610612764,90,85,2022-11-21T01:02:18Z,5410000,False,7.0,75.0,1,right,K. Kuzma 7' turnaround Hook (27 PTS),[1628398],1610612764.0,WAS,turnaround,,,Kuzma,K. Kuzma,,,,,In The Paint (Non-RA),0-8 Center,7.56,Made,27.0,,,,,,,,,,,,,,,,,
550,PT08M52.00S,2022-11-21T00:57:33.7Z,4,REGULAR,foul,personal,['1freethrow'],202330,,,1610612764,90,85,2022-11-21T00:57:39Z,5420000,False,,,0,,G. Hayward shooting personal FOUL (2 PF) (Kuzma 1 FT),"[202330, 1628398]",1610612766.0,CHA,shooting,,,Hayward,G. Hayward,,,,,In The Paint (Non-RA),0-8 Center,,,,,,,,,,1628172.0,,,,,,,2.0,0.0,Kuzma,1628398.0
552,PT08M52.00S,2022-11-21T00:58:00.7Z,4,REGULAR,freethrow,1 of 1,[],1628398,,,1610612764,91,85,2022-11-21T00:58:00Z,5440000,False,,,0,,K. Kuzma Free Throw 1 of 1 (28 PTS),[1628398],1610612764.0,WAS,,,,Kuzma,K. Kuzma,,,,,,,,Made,28.0,,,,,,,,,,,,,,,,,
553,PT08M32.00S,2022-11-21T00:58:22.0Z,4,REGULAR,3pt,Jump Shot,[],1628372,7.30946123521682,98.2843137254902,1610612766,91,85,2022-11-21T00:58:26Z,5450000,False,-241.0,16.0,1,left,MISS D. Smith Jr. 24' 3PT,[1628372],1610612766.0,CHA,,,,Smith Jr.,D. Smith Jr.,,,,,Left Corner 3,24+ Left,24.19,Missed,,,,,,,,,,,,,,,,,,
554,PT08M29.00S,2022-11-21T00:58:25.0Z,4,REGULAR,rebound,defensive,[],203115,,,1610612764,91,85,2022-11-21T00:58:26Z,5460000,False,,,0,,W. Barton REBOUND (Off:0 Def:1),[203115],1610612764.0,WAS,,,,Barton,W. Barton,,,,,Left Corner 3,24+ Left,,,,,,,,,553.0,,,1.0,1.0,0.0,,,,,,
555,PT08M18.00S,2022-11-21T00:58:35.6Z,4,REGULAR,2pt,Jump Shot,['pointsinthepaint'],203078,81.2910643889619,64.2156862745098,1610612764,91,85,2022-11-21T00:58:39Z,5470000,False,71.0,123.0,1,right,MISS B. Beal 14' pullup Shot,[203078],1610612764.0,WAS,pullup,,,Beal,B. Beal,,,,,In The Paint (Non-RA),8-16 Center,14.24,Missed,,,,,,,,,,,,,,,,,,
556,PT08M15.00S,2022-11-21T00:58:38.6Z,4,REGULAR,rebound,offensive,[],204001,,,1610612764,91,85,2022-11-21T00:58:39Z,5480000,False,,,0,,K. Porzingis REBOUND (Off:3 Def:2),[204001],1610612764.0,WAS,,,,Porzingis,K. Porzingis,,,,,In The Paint (Non-RA),8-16 Center,,,,,,,,,555.0,,,5.0,2.0,3.0,,,,,,
557,PT08M15.00S,2022-11-21T00:58:39.0Z,4,REGULAR,2pt,Layup,"['pointsinthepaint', '2ndchance']",204001,94.40999984741211,50.0,1610612764,93,85,2022-11-21T00:58:39Z,5490000,False,0.0,0.0,1,right,K. Porzingis tip Layup (10 PTS),[204001],1610612764.0,WAS,tip,,,Porzingis,K. Porzingis,,,,,Mid-Range,8-16 Left,0.0,Made,10.0,,,,,,,,,,,,,,,,,
558,PT08M08.00S,2022-11-21T00:58:46.1Z,4,REGULAR,2pt,Layup,['pointsinthepaint'],1630208,12.434296977660972,53.431372549019606,1610612766,93,85,2022-11-21T01:03:54Z,5500000,False,-17.0,64.0,1,left,MISS N. Richards 6' cutting Layup,[1630208],1610612766.0,CHA,cutting,,,Richards,N. Richards,,,,,In The Paint (Non-RA),0-8 Center,6.67,Missed,,,,,,,,,,,,,,,,,,
559,PT08M04.00S,2022-11-21T00:58:50.1Z,4,REGULAR,rebound,defensive,[],1628398,,,1610612764,93,85,2022-11-21T00:58:52Z,5510000,False,,,0,,K. Kuzma REBOUND (Off:1 Def:7),[1628398],1610612764.0,WAS,,,,Kuzma,K. Kuzma,,,,,In The Paint (Non-RA),0-8 Center,,,,,,,,,558.0,,,8.0,7.0,1.0,,,,,,
560,PT08M00.00S,2022-11-21T00:58:54.3Z,4,REGULAR,2pt,Jump Shot,[],203078,95.3515111695138,87.74509803921569,1610612764,93,85,2022-11-21T00:59:02Z,5520000,False,189.0,-9.0,1,right,MISS B. Beal 18' Jump Shot,[203078],1610612764.0,WAS,,,,Beal,B. Beal,,,,,Mid-Range,16-24 Right,18.89,Missed,,,,,,,,,,,,,,,,,,
561,PT07M57.00S,2022-11-21T00:58:57.5Z,4,REGULAR,rebound,offensive,[],1630692,,,1610612764,93,85,2022-11-21T00:58:57Z,5530000,False,,,0,,J. Goodwin REBOUND (Off:1 Def:1),[1630692],1610612764.0,WAS,,,,Goodwin,J. Goodwin,,,,,Mid-Range,16-24 Right,,,,,,,,,560.0,,,2.0,1.0,1.0,,,,,,
562,PT07M55.00S,2022-11-21T00:58:59.1Z,4,REGULAR,3pt,Jump Shot,['2ndchance'],1628398,65.78515111695138,49.26470588235294,1610612764,93,85,2022-11-21T00:59:06Z,5540000,False,-4.0,269.0,1,right,MISS K. Kuzma 26' 3PT,[1628398],1610612764.0,WAS,,,,Kuzma,K. Kuzma,,,,,Above the Break 3,24+ Center,26.91,Missed,,,,,,,,,,,,,,,,,,
563,PT07M55.00S,2022-11-21T00:58:59.1Z,4,REGULAR,rebound,defensive,[],1630208,,,1610612766,93,85,2022-11-21T00:59:06Z,5550000,False,,,0,,N. Richards REBOUND (Off:4 Def:6),[1630208],1610612766.0,CHA,,,,Richards,N. Richards,,,,,Above the Break 3,24+ Center,,,,,,,,,562.0,,,10.0,6.0,4.0,,,,,,
564,PT07M46.00S,2022-11-21T00:59:09.9Z,4,REGULAR,2pt,Layup,['pointsinthepaint'],1630208,7.835085413929041,56.86274509803921,1610612766,93,85,2022-11-21T01:05:26Z,5560000,False,-34.0,21.0,1,left,MISS N. Richards cutting Layup,[1630208],1610612766.0,CHA,cutting,,,Richards,N. Richards,,,,,Restricted Area,0-8 Center,4.03,Missed,,,,,,,,,,,,,,,,,,
566,PT07M45.00S,2022-11-21T00:59:10.9Z,4,REGULAR,rebound,offensive,['team'],0,,,1610612766,93,85,2022-11-21T00:59:23Z,5580000,False,,,0,,TEAM offensive REBOUND,[],1610612766.0,CHA,,,,,,,,,,Restricted Area,0-8 Center,,,,,,,,,564.0,,,,,,,,,,,
568,PT07M45.00S,2022-11-21T00:59:15.7Z,4,REGULAR,substitution,out,[],1628398,,,1610612766,93,85,2022-11-21T00:59:27Z,5600000,False,,,0,,SUB out: K. Kuzma,[1628398],1610612764.0,WAS,,,,Kuzma,K. Kuzma,,,,,,,,,,,,,,,,,,,,,,,,,,
569,PT07M45.00S,2022-11-21T00:59:15.7Z,4,REGULAR,substitution,out,[],1629023,,,1610612766,93,85,2022-11-21T00:59:27Z,5610000,False,,,0,,SUB out: P. Washington,[1629023],1610612766.0,CHA,,,,Washington,P. Washington,,,,,,,,,,,,,,,,,,,,,,,,,,
570,PT07M45.00S,2022-11-21T00:59:15.7Z,4,REGULAR,substitution,in,[],1630166,,,1610612766,93,85,2022-11-21T00:59:27Z,5620000,False,,,0,,SUB in: D. Avdija,[1630166],1610612764.0,WAS,,,,Avdija,D. Avdija,,,,,,,,,,,,,,,,,,,,,,,,,,
571,PT07M45.00S,2022-11-21T00:59:15.7Z,4,REGULAR,substitution,in,[],1630539,,,1610612766,93,85,2022-11-21T00:59:27Z,5630000,False,,,0,,SUB in: K. Jones,[1630539],1610612766.0,CHA,,,,Jones,K. Jones,,,,,,,,,,,,,,,,,,,,,,,,,,
572,PT07M42.00S,2022-11-21T00:59:41.3Z,4,REGULAR,2pt,Jump Shot,['2ndchance'],202330,6.258212877792378,83.82352941176471,1610612766,93,85,2022-11-21T00:59:50Z,5640000,False,-169.0,6.0,1,left,MISS G. Hayward 16' Jump Shot,[202330],1610612766.0,CHA,,,,Hayward,G. Hayward,,,,,Mid-Range,16-24 Left,16.92,Missed,,,,,,,,,,,,,,,,,,
573,PT07M36.00S,2022-11-21T00:59:47.3Z,4,REGULAR,rebound,defensive,[],1630166,,,1610612764,93,85,2022-11-21T00:59:50Z,5650000,False,,,0,,D. Avdija REBOUND (Off:2 Def:7),[1630166],1610612764.0,WAS,,,,Avdija,D. Avdija,,,,,Mid-Range,16-24 Left,,,,,,,,,572.0,,,9.0,7.0,2.0,,,,,,
574,PT07M34.00S,2022-11-21T00:59:48.4Z,4,REGULAR,2pt,Layup,"['pointsinthepaint', 'fastbreak']",1630692,93.64323258869908,59.80392156862745,1610612764,93,85,2022-11-21T00:59:54Z,5660000,False,49.0,7.0,1,right,MISS J. Goodwin running Layup - blocked,"[1630692, 1628372]",1610612764.0,WAS,running,,,Goodwin,J. Goodwin,,,,,In The Paint (Non-RA),0-8 Center,4.95,Missed,,,,,Smith Jr.,1628372.0,,,,,,,,,,,,
575,PT07M34.00S,2022-11-21T00:59:48.4Z,4,REGULAR,block,,[],1628372,,,1610612764,93,85,2022-11-21T00:59:51Z,5670000,False,,,0,,D. Smith Jr. BLOCK (2 BLK),[1628372],1610612766.0,CHA,,,,Smith Jr.,D. Smith Jr.,,,,,In The Paint (Non-RA),0-8 Center,,,,,,,,,,,,,,,,,,,,
576,PT07M34.00S,2022-11-21T00:59:48.4Z,4,REGULAR,rebound,offensive,[],1630166,,,1610612764,93,85,2022-11-21T00:59:54Z,5680000,False,,,0,,D. Avdija REBOUND (Off:3 Def:7),[1630166],1610612764.0,WAS,,,,Avdija,D. Avdija,,,,,In The Paint (Non-RA),0-8 Center,,,,,,,,,574.0,,,10.0,7.0,3.0,,,,,,
577,PT07M24.00S,2022-11-21T00:59:58.3Z,4,REGULAR,3pt,Jump Shot,['2ndchance'],204001,66.96780551905388,47.794117647058826,1610612764,93,85,2022-11-21T01:00:02Z,5690000,False,-11.0,258.0,1,right,MISS K. Porzingis 25' 3PT,[204001],1610612764.0,WAS,,,,Porzingis,K. Porzingis,,,,,Above the Break 3,24+ Center,25.82,Missed,,,,,,,,,,,,,,,,,,
578,PT07M21.00S,2022-11-21T01:00:01.3Z,4,REGULAR,rebound,defensive,[],1630539,,,1610612766,93,85,2022-11-21T01:00:02Z,5700000,False,,,0,,K. Jones REBOUND (Off:0 Def:1),[1630539],1610612766.0,CHA,,,,Jones,K. Jones,,,,,Above the Break 3,24+ Center,,,,,,,,,577.0,,,1.0,1.0,0.0,,,,,,
580,PT07M12.00S,2022-11-21T01:00:13.2Z,4,REGULAR,foul,personal,[],1630692,,,1610612766,93,85,2022-11-21T01:00:53Z,5720000,False,,,0,,J. Goodwin personal FOUL (2 PF),"[1630692, 202330]",1610612764.0,WAS,,,,Goodwin,J. Goodwin,,,,,Mid-Range,8-16 Right,,,,,,,,,,101284.0,,,,,,,2.0,0.0,Hayward,202330.0
583,PT07M12.00S,2022-11-21T01:00:22.6Z,4,REGULAR,substitution,out,[],1630208,,,1610612766,93,85,2022-11-21T01:00:53Z,5750000,False,,,0,,SUB out: N. Richards,[1630208],1610612766.0,CHA,,,,Richards,N. Richards,,,,,,,,,,,,,,,,,,,,,,,,,,
584,PT07M12.00S,2022-11-21T01:00:22.6Z,4,REGULAR,substitution,in,[],203486,,,1610612766,93,85,2022-11-21T01:00:53Z,5760000,False,,,0,,SUB in: M. Plumlee,[203486],1610612766.0,CHA,,,,Plumlee,M. Plumlee,,,,,,,,,,,,,,,,,,,,,,,,,,
585,PT07M01.00S,2022-11-21T01:00:56.6Z,4,REGULAR,2pt,Jump Shot,['pointsinthepaint'],202330,12.040078843626807,51.470588235294116,1610612766,93,85,2022-11-21T01:09:50Z,5770000,False,-7.0,61.0,1,left,MISS G. Hayward 6' pullup Shot,[202330],1610612766.0,CHA,pullup,,,Hayward,G. Hayward,,,,,In The Paint (Non-RA),0-8 Center,6.11,Missed,,,,,,,,,,,,,,,,,,
586,PT07M01.00S,2022-11-21T01:01:05.6Z,4,REGULAR,rebound,offensive,[],203486,,,1610612766,93,85,2022-11-21T01:01:05Z,5780000,False,,,0,,M. Plumlee REBOUND (Off:3 Def:3),[203486],1610612766.0,CHA,,,,Plumlee,M. Plumlee,,,,,In The Paint (Non-RA),0-8 Center,,,,,,,,,585.0,,,6.0,3.0,3.0,,,,,,
587,PT07M01.00S,2022-11-21T01:01:05.6Z,4,REGULAR,2pt,Layup,"['pointsinthepaint', '2ndchance']",203486,5.590000152587891,50.0,1610612766,93,85,2022-11-21T01:01:05Z,5790000,False,0.0,0.0,1,left,MISS M. Plumlee tip Layup,[203486],1610612766.0,CHA,tip,,,Plumlee,M. Plumlee,,,,,Mid-Range,8-16 Left,0.0,Missed,,,,,,,,,,,,,,,,,,
588,PT07M01.00S,2022-11-21T01:01:06.4Z,4,REGULAR,rebound,offensive,['team'],0,,,1610612766,93,85,2022-11-21T01:01:06Z,5800000,False,,,0,,TEAM offensive REBOUND,[],1610612766.0,CHA,,,,,,,,,,Mid-Range,8-16 Left,,,,,,,,,587.0,,,,,,,,,,,
589,PT07M01.00S,2022-11-21T01:01:07.9Z,4,REGULAR,foul,personal,[],204001,,,1610612766,93,85,2022-11-21T01:10:33Z,5810000,False,,,0,,K. Porzingis loose ball personal FOUL (4 PF),"[204001, 203486]",1610612764.0,WAS,loose ball,,,Porzingis,K. Porzingis,,,,,In The Paint (Non-RA),0-8 Center,,,,,,,,,,200833.0,,,,,,,4.0,1.0,Plumlee,203486.0
591,PT06M53.00S,2022-11-21T01:01:30.7Z,4,REGULAR,foul,personal,['2freethrow'],203078,,,1610612766,93,85,2022-11-21T01:01:36Z,5830000,False,,,0,,B. Beal shooting personal FOUL (4 PF) (Hayward 2 FT),"[203078, 202330]",1610612764.0,WAS,shooting,,,Beal,B. Beal,,,,,In The Paint (Non-RA),0-8 Center,,,,,,,,,,101284.0,,,,,,,4.0,0.0,Hayward,202330.0
593,PT06M53.00S,2022-11-21T01:01:52.4Z,4,REGULAR,freethrow,1 of 2,['2ndchance'],202330,,,1610612766,93,86,2022-11-21T01:01:52Z,5850000,False,,,0,,G. Hayward Free Throw 1 of 2 (17 PTS),[202330],1610612766.0,CHA,,,,Hayward,G. Hayward,,,,,,,,Made,17.0,,,,,,,,,,,,,,,,,
594,PT06M53.00S,2022-11-21T01:01:53.1Z,4,REGULAR,substitution,out,[],1626179,,,1610612766,93,86,2022-11-21T01:01:57Z,5860000,False,,,0,,SUB out: T. Rozier,[1626179],1610612766.0,CHA,,,,Rozier,T. Rozier,,,,,,,,,,,,,,,,,,,,,,,,,,
595,PT06M53.00S,2022-11-21T01:01:53.1Z,4,REGULAR,substitution,in,[],1629667,,,1610612766,93,86,2022-11-21T01:01:57Z,5870000,False,,,0,,SUB in: J. McDaniels,[1629667],1610612766.0,CHA,,,,McDaniels,J. McDaniels,,,,,,,,,,,,,,,,,,,,,,,,,,
596,PT06M53.00S,2022-11-21T01:02:12.3Z,4,REGULAR,freethrow,2 of 2,['2ndchance'],202330,,,1610612766,93,87,2022-11-21T01:02:12Z,5880000,False,,,0,,G. Hayward Free Throw 2 of 2 (18 PTS),[202330],1610612766.0,CHA,,,,Hayward,G. Hayward,,,,,,,,Made,18.0,,,,,,,,,,,,,,,,,
597,PT06M34.00S,2022-11-21T01:02:33.6Z,4,REGULAR,2pt,Layup,['pointsinthepaint'],203078,92.46057818659659,51.71568627450981,1610612764,93,87,2022-11-21T01:02:40Z,5890000,False,9.0,18.0,1,right,MISS B. Beal reverse Layup,[203078],1610612764.0,WAS,reverse,,,Beal,B. Beal,,,,,Restricted Area,0-8 Center,2.03,Missed,,,,,,,,,,,,,,,,,,
598,PT06M32.00S,2022-11-21T01:02:35.4Z,4,REGULAR,rebound,offensive,[],204001,,,1610612764,93,87,2022-11-21T01:02:35Z,5900000,False,,,0,,K. Porzingis REBOUND (Off:4 Def:2),[204001],1610612764.0,WAS,,,,Porzingis,K. Porzingis,,,,,Restricted Area,0-8 Center,,,,,,,,,597.0,,,6.0,2.0,4.0,,,,,,
599,PT06M32.00S,2022-11-21T01:02:36.9Z,4,REGULAR,turnover,bad pass,[],204001,,,1610612764,93,87,2022-11-21T01:02:43Z,5910000,False,,,0,,K. Porzingis bad pass TURNOVER (4 TO),"[204001, 1630539]",1610612764.0,WAS,,,,Porzingis,K. Porzingis,,,,,In The Paint (Non-RA),0-8 Center,,,,,,,,,,,4.0,,,,Jones,1630539.0,,,,
600,PT06M32.00S,2022-11-21T01:02:36.9Z,4,REGULAR,steal,,[],1630539,,,1610612766,93,87,2022-11-21T01:02:39Z,5920000,False,,,0,,K. Jones STEAL (1 STL),[1630539],1610612766.0,CHA,,,,Jones,K. Jones,,,,,In The Paint (Non-RA),0-8 Center,,,,,,,,,,,,,,,,,,,,
601,PT06M27.00S,2022-11-21T01:02:41.0Z,4,REGULAR,2pt,DUNK,"['pointsinthepaint', 'fromturnover', 'fastbreak']",1630539,7.835085413929041,51.470588235294116,1610612766,93,89,2022-11-21T01:02:47Z,5930000,False,-7.0,21.0,1,left,K. Jones running DUNK (4 PTS),[1630539],1610612766.0,CHA,running,,,Jones,K. Jones,,,,,Restricted Area,0-8 Center,2.24,Made,4.0,,,,,,,,,,,,,,,,,
602,PT06M18.00S,2022-11-21T01:02:49.9Z,4,REGULAR,2pt,Jump Shot,[],204001,76.03482260183968,49.50980392156863,1610612764,93,89,2022-11-21T01:02:56Z,5940000,False,-2.0,173.0,1,right,MISS K. Porzingis 17' Jump Shot,[204001],1610612764.0,WAS,,,,Porzingis,K. Porzingis,,,,,Mid-Range,16-24 Center,17.28,Missed,,,,,,,,,,,,,,,,,,
603,PT06M14.00S,2022-11-21T01:02:53.9Z,4,REGULAR,rebound,defensive,[],203486,,,1610612766,93,89,2022-11-21T01:02:56Z,5950000,False,,,0,,M. Plumlee REBOUND (Off:3 Def:4),[203486],1610612766.0,CHA,,,,Plumlee,M. Plumlee,,,,,Mid-Range,16-24 Center,,,,,,,,,602.0,,,7.0,4.0,3.0,,,,,,
604,PT05M59.00S,2022-11-21T01:03:12.0Z,4,REGULAR,2pt,Layup,['pointsinthepaint'],1629667,8.492115637319317,48.77450980392157,1610612766,93,89,2022-11-21T01:12:33Z,5960000,False,6.0,27.0,1,left,MISS J. McDaniels cutting Layup - blocked,"[1629667, 1630692]",1610612766.0,CHA,cutting,,,McDaniels,J. McDaniels,,,,,Restricted Area,0-8 Center,2.8,Missed,,,,,Goodwin,1630692.0,,,,,,,,,,,,
606,PT05M59.00S,2022-11-21T01:03:12.0Z,4,REGULAR,block,,[],1630692,,,1610612766,93,89,2022-11-21T01:03:24Z,5965000,False,,,0,,J. Goodwin BLOCK (3 BLK),[1630692],1610612764.0,WAS,,,,Goodwin,J. Goodwin,,,,,Restricted Area,0-8 Center,,,,,,,,,,,,,,,,,,,,
605,PT05M59.00S,2022-11-21T01:03:12.0Z,4,REGULAR,rebound,offensive,['team'],0,,,1610612766,93,89,2022-11-21T01:03:24Z,5970000,False,,,0,,TEAM offensive REBOUND,[],1610612766.0,CHA,,,,,,,,,,Right Corner 3,24+ Right,,,,,,,,,604.0,,,,,,,,,,,
607,PT05M59.00S,2022-11-21T01:03:34.6Z,4,REGULAR,timeout,full,"['team', 'mandatory']",0,,,1610612766,93,89,2022-11-21T01:03:34Z,5980000,False,,,0,,CHA Timeout,[],1610612766.0,CHA,,,,,,,,,,,,,,,,,,,,,,,,,,,,,,,
608,PT05M59.00S,2022-11-21T01:04:58.4Z,4,REGULAR,substitution,out,[],203115,,,1610612766,93,89,2022-11-21T01:06:00Z,5990000,False,,,0,,SUB out: W. Barton,[203115],1610612764.0,WAS,,,,Barton,W. Barton,,,,,,,,,,,,,,,,,,,,,,,,,,
609,PT05M59.00S,2022-11-21T01:04:58.4Z,4,REGULAR,substitution,out,[],1630692,,,1610612766,93,89,2022-11-21T01:06:00Z,6000000,False,,,0,,SUB out: J. Goodwin,[1630692],1610612764.0,WAS,,,,Goodwin,J. Goodwin,,,,,,,,,,,,,,,,,,,,,,,,,,
610,PT05M59.00S,2022-11-21T01:04:58.4Z,4,REGULAR,substitution,out,[],202330,,,1610612766,93,89,2022-11-21T01:06:00Z,6010000,False,,,0,,SUB out: G. Hayward,[202330],1610612766.0,CHA,,,,Hayward,G. Hayward,,,,,,,,,,,,,,,,,,,,,,,,,,
611,PT05M59.00S,2022-11-21T01:04:58.4Z,4,REGULAR,substitution,in,[],1630557,,,1610612766,93,89,2022-11-21T01:06:00Z,6020000,False,,,0,,SUB in: C. Kispert,[1630557],1610612764.0,WAS,,,,Kispert,C. Kispert,,,,,,,,,,,,,,,,,,,,,,,,,,
612,PT05M59.00S,2022-11-21T01:04:58.4Z,4,REGULAR,substitution,in,[],1628398,,,1610612766,93,89,2022-11-21T01:06:00Z,6030000,False,,,0,,SUB in: K. Kuzma,[1628398],1610612764.0,WAS,,,,Kuzma,K. Kuzma,,,,,,,,,,,,,,,,,,,,,,,,,,
613,PT05M59.00S,2022-11-21T01:04:58.4Z,4,REGULAR,substitution,in,[],1626162,,,1610612766,93,89,2022-11-21T01:06:00Z,6040000,False,,,0,,SUB in: K. Oubre Jr.,[1626162],1610612766.0,CHA,,,,Oubre Jr.,K. Oubre Jr.,,,,,,,,,,,,,,,,,,,,,,,,,,
614,PT05M56.00S,2022-11-21T01:06:21.0Z,4,REGULAR,2pt,Layup,"['pointsinthepaint', '2ndchance']",1630539,10.200394218134035,53.431372549019606,1610612766,93,89,2022-11-21T01:06:35Z,6050000,False,-17.0,43.0,1,left,MISS K. Jones Layup - blocked,"[1630539, 204001]",1610612766.0,CHA,,,,Jones,K. Jones,,,,,In The Paint (Non-RA),0-8 Center,4.67,Missed,,,,,Porzingis,204001.0,,,,,,,,,,,,
615,PT05M56.00S,2022-11-21T01:06:21.0Z,4,REGULAR,block,,[],204001,,,1610612766,93,89,2022-11-21T01:06:24Z,6060000,False,,,0,,K. Porzingis BLOCK (5 BLK),[204001],1610612764.0,WAS,,,,Porzingis,K. Porzingis,,,,,In The Paint (Non-RA),0-8 Center,,,,,,,,,,,,,,,,,,,,
616,PT05M51.00S,2022-11-21T01:06:26.0Z,4,REGULAR,rebound,defensive,[],1630166,,,1610612764,93,89,2022-11-21T01:06:26Z,6070000,False,,,0,,D. Avdija REBOUND (Off:3 Def:8),[1630166],1610612764.0,WAS,,,,Avdija,D. Avdija,,,,,In The Paint (Non-RA),0-8 Center,,,,,,,,,614.0,,,11.0,8.0,3.0,,,,,,
617,PT05M38.00S,2022-11-21T01:06:37.5Z,4,REGULAR,2pt,DUNK,['pointsinthepaint'],203078,92.19776609724047,46.32352941176471,1610612764,95,89,2022-11-21T01:06:43Z,6080000,False,-18.0,21.0,1,right,B. Beal driving DUNK (25 PTS) (K. Porzingis 2 AST),"[203078, 204001]",1610612764.0,WAS,driving,,,Beal,B. Beal,,,,,Restricted Area,0-8 Center,2.78,Made,25.0,K. Porzingis,204001.0,2.0,,,,,,,,,,,,,,
619,PT05M23.00S,2022-11-21T01:06:55.2Z,4,REGULAR,turnover,traveling,[],203486,,,1610612766,95,89,2022-11-21T01:07:06Z,6100000,False,,,0,,M. Plumlee traveling TURNOVER (2 TO),[203486],1610612766.0,CHA,,,,Plumlee,M. Plumlee,,,,,In The Paint (Non-RA),0-8 Center,,,,,,,,,,200833.0,2.0,,,,,,,,,
620,PT05M08.00S,2022-11-21T01:07:23.3Z,4,REGULAR,2pt,Jump Shot,"['pointsinthepaint', 'fromturnover']",203078,92.59198423127464,60.5392156862745,1610612764,95,89,2022-11-21T01:16:48Z,6110000,False,53.0,17.0,1,right,MISS B. Beal pullup Shot,[203078],1610612764.0,WAS,pullup,,,Beal,B. Beal,,,,,In The Paint (Non-RA),0-8 Center,5.54,Missed,,,,,,,,,,,,,,,,,,
621,PT05M05.00S,2022-11-21T01:07:26.3Z,4,REGULAR,rebound,offensive,[],1630166,,,1610612764,95,89,2022-11-21T01:07:31Z,6120000,False,,,0,,D. Avdija REBOUND (Off:4 Def:8),[1630166],1610612764.0,WAS,,,,Avdija,D. Avdija,,,,,In The Paint (Non-RA),0-8 Center,,,,,,,,,620.0,,,12.0,8.0,4.0,,,,,,
622,PT05M05.00S,2022-11-21T01:07:26.9Z,4,REGULAR,2pt,Layup,"['pointsinthepaint', 'fromturnover', '2ndchance']",1630166,94.40999984741211,50.0,1610612764,97,89,2022-11-21T01:07:26Z,6130000,False,0.0,0.0,1,right,D. Avdija tip Layup (10 PTS),[1630166],1610612764.0,WAS,tip,,,Avdija,D. Avdija,,,,,Mid-Range,8-16 Left,0.0,Made,10.0,,,,,,,,,,,,,,,,,
623,PT04M48.00S,2022-11-21T01:07:43.2Z,4,REGULAR,2pt,Jump Shot,['pointsinthepaint'],1630539,14.668199737187912,52.69607843137255,1610612766,97,89,2022-11-21T01:17:32Z,6140000,False,-13.0,85.0,1,left,MISS K. Jones 8' driving floating Shot,[1630539],1610612766.0,CHA,driving floating,,,Jones,K. Jones,,,,,In The Paint (Non-RA),8-16 Center,8.65,Missed,,,,,,,,,,,,,,,,,,
624,PT04M46.00S,2022-11-21T01:07:45.2Z,4,REGULAR,rebound,defensive,[],204001,,,1610612764,97,89,2022-11-21T01:07:47Z,6150000,False,,,0,,K. Porzingis REBOUND (Off:4 Def:3),[204001],1610612764.0,WAS,,,,Porzingis,K. Porzingis,,,,,In The Paint (Non-RA),8-16 Center,,,,,,,,,623.0,,,7.0,3.0,4.0,,,,,,
625,PT04M35.00S,2022-11-21T01:07:56.5Z,4,REGULAR,2pt,Jump Shot,[],204001,76.95466491458606,45.34313725490196,1610612764,97,89,2022-11-21T01:08:00Z,6160000,False,-23.0,164.0,1,right,MISS K. Porzingis 16' pullup Shot,[204001],1610612764.0,WAS,pullup,,,Porzingis,K. Porzingis,,,,,Mid-Range,16-24 Center,16.57,Missed,,,,,,,,,,,,,,,,,,
626,PT04M32.00S,2022-11-21T01:07:59.5Z,4,REGULAR,rebound,defensive,[],1629667,,,1610612766,97,89,2022-11-21T01:08:00Z,6170000,False,,,0,,J. McDaniels REBOUND (Off:1 Def:5),[1629667],1610612766.0,CHA,,,,McDaniels,J. McDaniels,,,,,Mid-Range,16-24 Center,,,,,,,,,625.0,,,6.0,5.0,1.0,,,,,,
627,PT04M26.00S,2022-11-21T01:08:04.8Z,4,REGULAR,3pt,Jump Shot,[],1626162,19.92444152431012,6.127450980392156,1610612766,97,92,2022-11-21T01:08:09Z,6180000,False,219.0,135.0,1,left,K. Oubre Jr. 25' 3PT  (21 PTS) (J. McDaniels 1 AST),"[1626162, 1629667]",1610612766.0,CHA,,,,Oubre Jr.,K. Oubre Jr.,,,,,Above the Break 3,24+ Right Center,25.75,Made,21.0,J. McDaniels,1629667.0,1.0,,,,,,,,,,,,,,
629,PT04M09.00S,2022-11-21T01:08:22.1Z,4,REGULAR,2pt,Layup,['pointsinthepaint'],1630166,94.30026281208936,58.333333333333336,1610612764,97,92,2022-11-21T01:18:36Z,6200000,False,42.0,1.0,1,right,MISS D. Avdija driving Layup,[1630166],1610612764.0,WAS,driving,,,Avdija,D. Avdija,,,,,Restricted Area,0-8 Center,4.17,Missed,,,,,,,,,,,,,,,,,,
630,PT04M09.00S,2022-11-21T01:08:22.1Z,4,REGULAR,rebound,offensive,[],1630557,,,1610612764,97,92,2022-11-21T01:08:28Z,6210000,False,,,0,,C. Kispert REBOUND (Off:2 Def:4),[1630557],1610612764.0,WAS,,,,Kispert,C. Kispert,,,,,Restricted Area,0-8 Center,,,,,,,,,629.0,,,6.0,4.0,2.0,,,,,,
631,PT04M09.00S,2022-11-21T01:08:26.7Z,4,REGULAR,foul,personal,['2freethrow'],1628372,,,1610612764,97,92,2022-11-21T01:08:36Z,6220000,False,,,0,,D. Smith Jr. shooting personal FOUL (1 PF) (Kispert 2 FT),"[1628372, 1630557]",1610612766.0,CHA,shooting,,,Smith Jr.,D. Smith Jr.,,,,,Restricted Area,0-8 Center,,,,,,,,,,101284.0,,,,,,,1.0,0.0,Kispert,1630557.0
633,PT04M09.00S,2022-11-21T01:08:52.0Z,4,REGULAR,freethrow,1 of 2,['2ndchance'],1630557,,,1610612764,98,92,2022-11-21T01:08:52Z,6240000,False,,,0,,C. Kispert Free Throw 1 of 2 (11 PTS),[1630557],1610612764.0,WAS,,,,Kispert,C. Kispert,,,,,,,,Made,11.0,,,,,,,,,,,,,,,,,
634,PT04M09.00S,2022-11-21T01:08:53.3Z,4,REGULAR,substitution,out,[],1629667,,,1610612764,98,92,2022-11-21T01:09:00Z,6250000,False,,,0,,SUB out: J. McDaniels,[1629667],1610612766.0,CHA,,,,McDaniels,J. McDaniels,,,,,,,,,,,,,,,,,,,,,,,,,,
635,PT04M09.00S,2022-11-21T01:08:53.3Z,4,REGULAR,substitution,out,[],1630539,,,1610612764,98,92,2022-11-21T01:09:00Z,6260000,False,,,0,,SUB out: K. Jones,[1630539],1610612766.0,CHA,,,,Jones,K. Jones,,,,,,,,,,,,,,,,,,,,,,,,,,
636,PT04M09.00S,2022-11-21T01:08:53.3Z,4,REGULAR,substitution,in,[],1626179,,,1610612764,98,92,2022-11-21T01:09:00Z,6270000,False,,,0,,SUB in: T. Rozier,[1626179],1610612766.0,CHA,,,,Rozier,T. Rozier,,,,,,,,,,,,,,,,,,,,,,,,,,
637,PT04M09.00S,2022-11-21T01:08:53.3Z,4,REGULAR,substitution,in,[],1629023,,,1610612764,98,92,2022-11-21T01:09:00Z,6280000,False,,,0,,SUB in: P. Washington,[1629023],1610612766.0,CHA,,,,Washington,P. Washington,,,,,,,,,,,,,,,,,,,,,,,,,,
638,PT04M09.00S,2022-11-21T01:09:11.5Z,4,REGULAR,freethrow,2 of 2,['2ndchance'],1630557,,,1610612764,99,92,2022-11-21T01:09:11Z,6290000,False,,,0,,C. Kispert Free Throw 2 of 2 (12 PTS),[1630557],1610612764.0,WAS,,,,Kispert,C. Kispert,,,,,,,,Made,12.0,,,,,,,,,,,,,,,,,
639,PT03M59.00S,2022-11-21T01:09:22.7Z,4,REGULAR,2pt,Jump Shot,[],1626162,24.655059132720105,57.84313725490197,1610612766,99,94,2022-11-21T01:09:27Z,6300000,False,-39.0,179.0,1,left,K. Oubre Jr. 18' pullup Jump Shot (23 PTS),[1626162],1610612766.0,CHA,pullup,,,Oubre Jr.,K. Oubre Jr.,,,,,Mid-Range,16-24 Center,18.35,Made,23.0,,,,,,,,,,,,,,,,,
640,PT03M38.00S,2022-11-21T01:09:42.8Z,4,REGULAR,3pt,Jump Shot,[],1630166,66.96780551905388,46.568627450980394,1610612764,99,94,2022-11-21T01:09:48Z,6310000,False,-17.0,258.0,1,right,MISS D. Avdija 25' 3PT,[1630166],1610612764.0,WAS,,,,Avdija,D. Avdija,,,,,Above the Break 3,24+ Center,25.86,Missed,,,,,,,,,,,,,,,,,,
641,PT03M35.00S,2022-11-21T01:09:45.8Z,4,REGULAR,rebound,defensive,[],1629023,,,1610612766,99,94,2022-11-21T01:09:48Z,6320000,False,,,0,,P. Washington REBOUND (Off:1 Def:2),[1629023],1610612766.0,CHA,,,,Washington,P. Washington,,,,,Above the Break 3,24+ Center,,,,,,,,,640.0,,,3.0,2.0,1.0,,,,,,
642,PT03M29.00S,2022-11-21T01:09:52.4Z,4,REGULAR,2pt,Layup,['pointsinthepaint'],1626179,11.908672798948752,44.36274509803921,1610612766,99,94,2022-11-21T01:20:20Z,6330000,False,28.0,59.0,1,left,MISS T. Rozier 6' driving Layup,[1626179],1610612766.0,CHA,driving,,,Rozier,T. Rozier,,,,,In The Paint (Non-RA),0-8 Center,6.58,Missed,,,,,,,,,,,,,,,,,,
643,PT03M29.00S,2022-11-21T01:09:52.4Z,4,REGULAR,rebound,offensive,[],1626179,,,1610612766,99,94,2022-11-21T01:20:06Z,6340000,False,,,0,,T. Rozier REBOUND (Off:3 Def:4),[1626179],1610612766.0,CHA,,,,Rozier,T. Rozier,,,,,In The Paint (Non-RA),0-8 Center,,,,,,,,,642.0,,,7.0,4.0,3.0,,,,,,
644,PT03M29.00S,2022-11-21T01:09:55.0Z,4,REGULAR,2pt,Layup,"['pointsinthepaint', '2ndchance']",1626179,7.5722733245729295,58.82352941176471,1610612766,99,94,2022-11-21T01:20:38Z,6350000,False,-44.0,19.0,1,left,MISS T. Rozier putback Layup - blocked,"[1626179, 1630557]",1610612766.0,CHA,putback,,,Rozier,T. Rozier,,,,,In The Paint (Non-RA),0-8 Center,4.79,Missed,,,,,Kispert,1630557.0,,,,,,,,,,,,
645,PT03M29.00S,2022-11-21T01:09:55.0Z,4,REGULAR,block,,[],1630557,,,1610612766,99,94,2022-11-21T01:10:32Z,6360000,False,,,0,,C. Kispert BLOCK (1 BLK),[1630557],1610612764.0,WAS,,,,Kispert,C. Kispert,,,,,In The Paint (Non-RA),0-8 Center,,,,,,,,,,,,,,,,,,,,
646,PT03M29.00S,2022-11-21T01:09:55.0Z,4,REGULAR,rebound,offensive,['team'],0,,,1610612766,99,94,2022-11-21T01:10:03Z,6370000,False,,,0,,TEAM offensive REBOUND,[],1610612766.0,CHA,,,,,,,,,,In The Paint (Non-RA),0-8 Center,,,,,,,,,644.0,,,,,,,,,,,
648,PT03M29.00S,2022-11-21T01:10:05.8Z,4,REGULAR,substitution,out,[],1628372,,,1610612766,99,94,2022-11-21T01:10:11Z,6390000,False,,,0,,SUB out: D. Smith Jr.,[1628372],1610612766.0,CHA,,,,Smith Jr.,D. Smith Jr.,,,,,,,,,,,,,,,,,,,,,,,,,,
649,PT03M29.00S,2022-11-21T01:10:05.8Z,4,REGULAR,substitution,in,[],202330,,,1610612766,99,94,2022-11-21T01:10:11Z,6400000,False,,,0,,SUB in: G. Hayward,[202330],1610612766.0,CHA,,,,Hayward,G. Hayward,,,,,,,,,,,,,,,,,,,,,,,,,,
650,PT03M19.00S,2022-11-21T01:10:19.8Z,4,REGULAR,2pt,Layup,"['pointsinthepaint', '2ndchance']",1626162,8.09789750328515,44.85294117647059,1610612766,99,94,2022-11-21T01:21:09Z,6410000,False,26.0,24.0,1,left,MISS K. Oubre Jr. driving reverse Layup,[1626162],1610612766.0,CHA,driving reverse,,,Oubre Jr.,K. Oubre Jr.,,,,,Restricted Area,0-8 Center,3.49,Missed,,,,,,,,,,,,,,,,,,
651,PT03M17.00S,2022-11-21T01:10:21.8Z,4,REGULAR,rebound,offensive,[],203486,,,1610612766,99,94,2022-11-21T01:10:25Z,6420000,False,,,0,,M. Plumlee REBOUND (Off:4 Def:4),[203486],1610612766.0,CHA,,,,Plumlee,M. Plumlee,,,,,Restricted Area,0-8 Center,,,,,,,,,650.0,,,8.0,4.0,4.0,,,,,,
652,PT03M17.00S,2022-11-21T01:10:23.0Z,4,REGULAR,2pt,Layup,"['pointsinthepaint', '2ndchance']",203486,5.590000152587891,50.0,1610612766,99,96,2022-11-21T01:10:23Z,6430000,False,0.0,0.0,1,left,M. Plumlee tip Layup (9 PTS),[203486],1610612766.0,CHA,tip,,,Plumlee,M. Plumlee,,,,,Mid-Range,8-16 Left,0.0,Made,9.0,,,,,,,,,,,,,,,,,
653,PT03M17.00S,2022-11-21T01:10:27.8Z,4,REGULAR,timeout,full,['team'],0,,,1610612764,99,96,2022-11-21T01:10:27Z,6440000,False,,,0,,WAS Timeout,[],1610612764.0,WAS,,,,,,,,,,,,,,,,,,,,,,,,,,,,,,,
654,PT03M07.00S,2022-11-21T01:12:14.7Z,4,REGULAR,foul,personal,[],1626162,,,1610612764,99,96,2022-11-21T01:12:21Z,6450000,False,,,0,,K. Oubre Jr. personal FOUL (2 PF),"[1626162, 204001]",1610612766.0,CHA,,,,Oubre Jr.,K. Oubre Jr.,,,,,Mid-Range,16-24 Center,,,,,,,,,,101284.0,,,,,,,2.0,0.0,Porzingis,204001.0
656,PT03M01.00S,2022-11-21T01:12:38.7Z,4,REGULAR,2pt,DUNK,['pointsinthepaint'],1630166,93.11760840998686,54.65686274509803,1610612764,101,96,2022-11-21T01:12:44Z,6470000,False,23.0,12.0,1,right,D. Avdija driving DUNK (12 PTS),[1630166],1610612764.0,WAS,driving,,,Avdija,D. Avdija,,,,,Restricted Area,0-8 Center,2.63,Made,12.0,,,,,,,,,,,,,,,,,
657,PT02M40.00S,2022-11-21T01:13:00.0Z,4,REGULAR,2pt,Jump Shot,[],1626179,12.434296977660972,91.42156862745098,1610612766,101,96,2022-11-21T01:13:05Z,6480000,False,-207.0,64.0,1,left,MISS T. Rozier 21' pullup Shot,[1626179],1610612766.0,CHA,pullup,,,Rozier,T. Rozier,,,,,Mid-Range,16-24 Left,21.69,Missed,,,,,,,,,,,,,,,,,,
658,PT02M37.00S,2022-11-21T01:13:03.0Z,4,REGULAR,rebound,defensive,[],1628398,,,1610612764,101,96,2022-11-21T01:13:05Z,6490000,False,,,0,,K. Kuzma REBOUND (Off:1 Def:8),[1628398],1610612764.0,WAS,,,,Kuzma,K. Kuzma,,,,,Mid-Range,16-24 Left,,,,,,,,,657.0,,,9.0,8.0,1.0,,,,,,
659,PT02M22.00S,2022-11-21T01:13:18.0Z,4,REGULAR,2pt,Jump Shot,[],204001,87.07293035479631,28.186274509803923,1610612764,101,96,2022-11-21T01:22:14Z,6500000,False,-109.0,69.0,1,right,MISS K. Porzingis 12' bank Shot,[204001],1610612764.0,WAS,bank,,,Porzingis,K. Porzingis,,,,,Mid-Range,8-16 Left,12.91,Missed,,,,,,,,,,,,,,,,,,
660,PT02M19.00S,2022-11-21T01:13:21.0Z,4,REGULAR,rebound,defensive,[],1629023,,,1610612766,101,96,2022-11-21T01:13:24Z,6510000,False,,,0,,P. Washington REBOUND (Off:1 Def:3),[1629023],1610612766.0,CHA,,,,Washington,P. Washington,,,,,Mid-Range,8-16 Left,,,,,,,,,659.0,,,4.0,3.0,1.0,,,,,,
661,PT02M12.00S,2022-11-21T01:13:27.4Z,4,REGULAR,3pt,Jump Shot,[],1629023,28.07161629434954,23.284313725490197,1610612766,101,96,2022-11-21T01:13:33Z,6520000,False,134.0,211.0,1,left,MISS P. Washington 25' step back 3PT,[1629023],1610612766.0,CHA,step back,,,Washington,P. Washington,,,,,Above the Break 3,24+ Right Center,25.01,Missed,,,,,,,,,,,,,,,,,,
662,PT02M08.00S,2022-11-21T01:13:31.4Z,4,REGULAR,rebound,defensive,[],1630166,,,1610612764,101,96,2022-11-21T01:13:33Z,6530000,False,,,0,,D. Avdija REBOUND (Off:4 Def:9),[1630166],1610612764.0,WAS,,,,Avdija,D. Avdija,,,,,Above the Break 3,24+ Right Center,,,,,,,,,661.0,,,13.0,9.0,4.0,,,,,,
663,PT01M46.00S,2022-11-21T01:13:54.0Z,4,REGULAR,3pt,Jump Shot,[],203078,94.1688567674113,97.79411764705883,1610612764,101,96,2022-11-21T01:22:51Z,6540000,False,239.0,2.0,1,right,MISS B. Beal 3PT,[203078],1610612764.0,WAS,,,,Beal,B. Beal,,,,,Right Corner 3,24+ Right,23.9,Missed,,,,,,,,,,,,,,,,,,
664,PT01M44.00S,2022-11-21T01:13:56.0Z,4,REGULAR,rebound,defensive,[],1629023,,,1610612766,101,96,2022-11-21T01:22:51Z,6550000,False,,,0,,P. Washington REBOUND (Off:1 Def:4),[1629023],1610612766.0,CHA,,,,Washington,P. Washington,,,,,Right Corner 3,24+ Right,,,,,,,,,663.0,,,5.0,4.0,1.0,,,,,,
665,PT01M39.00S,2022-11-21T01:14:00.9Z,4,REGULAR,3pt,Jump Shot,[],202330,27.677398160315374,82.59803921568627,1610612766,101,96,2022-11-21T01:14:07Z,6560000,False,-163.0,208.0,1,left,MISS G. Hayward 26' bank 3PT,[202330],1610612766.0,CHA,bank,,,Hayward,G. Hayward,,,,,Above the Break 3,24+ Left Center,26.4,Missed,,,,,,,,,,,,,,,,,,
666,PT01M38.00S,2022-11-21T01:14:01.9Z,4,REGULAR,rebound,offensive,['team'],0,,,1610612766,101,96,2022-11-21T01:14:07Z,6570000,False,,,0,,TEAM offensive REBOUND,[],1610612766.0,CHA,,,,,,,,,,Above the Break 3,24+ Left Center,,,,,,,,,665.0,,,,,,,,,,,
667,PT01M38.00S,2022-11-21T01:14:06.5Z,4,REGULAR,foul,personal,"['inpenalty', '2freethrow']",204001,,,1610612766,101,96,2022-11-21T01:14:15Z,6580000,False,,,0,,K. Porzingis loose ball personal FOUL (5 PF) (Plumlee 2 FT),"[204001, 203486]",1610612764.0,WAS,loose ball,,,Porzingis,K. Porzingis,,,,,In The Paint (Non-RA),0-8 Center,,,,,,,,,,101284.0,,,,,,,5.0,1.0,Plumlee,203486.0
669,PT01M38.00S,2022-11-21T01:14:32.9Z,4,REGULAR,freethrow,1 of 2,['2ndchance'],203486,,,1610612766,101,96,2022-11-21T01:14:32Z,6600000,False,,,0,,MISS M. Plumlee Free Throw 1 of 2,[203486],1610612766.0,CHA,,,,Plumlee,M. Plumlee,,,,,,,,Missed,,,,,,,,,,,,,,,,,,
670,PT01M38.00S,2022-11-21T01:14:32.9Z,4,REGULAR,rebound,offensive,"['deadball', 'team']",0,,,1610612766,101,96,2022-11-21T01:14:32Z,6610000,False,,,0,,TEAM offensive REBOUND,[],1610612766.0,CHA,,,,,,,,,,,,,,,,,,,,669.0,,,,,,,,,,,
671,PT01M38.00S,2022-11-21T01:14:32.9Z,4,REGULAR,freethrow,2 of 2,['2ndchance'],203486,,,1610612766,101,96,2022-11-21T01:15:04Z,6620000,False,,,0,,MISS M. Plumlee Free Throw 2 of 2,[203486],1610612766.0,CHA,,,,Plumlee,M. Plumlee,,,,,,,,Missed,,,,,,,,,,,,,,,,,,
672,PT01M33.00S,2022-11-21T01:14:37.9Z,4,REGULAR,rebound,defensive,[],204001,,,1610612764,101,96,2022-11-21T01:15:04Z,6630000,False,,,0,,K. Porzingis REBOUND (Off:4 Def:4),[204001],1610612764.0,WAS,,,,Porzingis,K. Porzingis,,,,,,,,,,,,,,,671.0,,,8.0,4.0,4.0,,,,,,
673,PT01M16.00S,2022-11-21T01:15:11.2Z,4,REGULAR,turnover,out-of-bounds,[],1630166,,,1610612764,101,96,2022-11-21T01:15:23Z,6640000,False,,,0,,D. Avdija bad pass out-of-bounds TURNOVER (1 TO),[1630166],1610612764.0,WAS,bad pass,,,Avdija,D. Avdija,,,,,Mid-Range,16-24 Center,,,,,,,,,,101284.0,1.0,,,,,,,,,
674,PT01M05.00S,2022-11-21T01:15:37.7Z,4,REGULAR,2pt,Hook,['fromturnover'],1629023,21.369908015768726,49.754901960784316,1610612766,101,96,2022-11-21T01:15:42Z,6650000,False,1.0,148.0,1,left,MISS P. Washington 14' turnaround Hook,[1629023],1610612766.0,CHA,turnaround,,,Washington,P. Washington,,,,,Mid-Range,8-16 Center,14.84,Missed,,,,,,,,,,,,,,,,,,
675,PT01M02.00S,2022-11-21T01:15:40.7Z,4,REGULAR,rebound,defensive,[],1628398,,,1610612764,101,96,2022-11-21T01:15:42Z,6660000,False,,,0,,K. Kuzma REBOUND (Off:1 Def:9),[1628398],1610612764.0,WAS,,,,Kuzma,K. Kuzma,,,,,Mid-Range,8-16 Center,,,,,,,,,674.0,,,10.0,9.0,1.0,,,,,,
676,PT00M48.80S,2022-11-21T01:15:56.3Z,4,REGULAR,foul,personal,['2freethrow'],203486,,,1610612764,101,96,2022-11-21T01:16:01Z,6670000,False,,,0,,M. Plumlee shooting personal FOUL (4 PF) (Beal 2 FT),"[203486, 203078]",1610612766.0,CHA,shooting,,,Plumlee,M. Plumlee,,,,,In The Paint (Non-RA),0-8 Center,,,,,,,,,,1628172.0,,,,,,,4.0,0.0,Beal,203078.0
678,PT00M48.80S,2022-11-21T01:16:38.4Z,4,REGULAR,freethrow,1 of 2,[],203078,,,1610612764,101,96,2022-11-21T01:16:38Z,6690000,False,,,0,,MISS B. Beal Free Throw 1 of 2,[203078],1610612764.0,WAS,,,,Beal,B. Beal,,,,,,,,Missed,,,,,,,,,,,,,,,,,,
679,PT00M48.80S,2022-11-21T01:16:38.4Z,4,REGULAR,rebound,offensive,"['deadball', 'team']",0,,,1610612764,101,96,2022-11-21T01:16:38Z,6700000,False,,,0,,TEAM offensive REBOUND,[],1610612764.0,WAS,,,,,,,,,,,,,,,,,,,,678.0,,,,,,,,,,,
680,PT00M48.80S,2022-11-21T01:16:57.5Z,4,REGULAR,freethrow,2 of 2,[],203078,,,1610612764,102,96,2022-11-21T01:16:57Z,6710000,False,,,0,,B. Beal Free Throw 2 of 2 (26 PTS),[203078],1610612764.0,WAS,,,,Beal,B. Beal,,,,,,,,Made,26.0,,,,,,,,,,,,,,,,,
681,PT00M40.40S,2022-11-21T01:17:06.7Z,4,REGULAR,2pt,Layup,['pointsinthepaint'],1626162,9.806176084099869,60.049019607843135,1610612766,102,96,2022-11-21T01:17:13Z,6720000,False,-50.0,40.0,1,left,MISS K. Oubre Jr. 6' driving Layup - blocked,"[1626162, 1630166]",1610612766.0,CHA,driving,,,Oubre Jr.,K. Oubre Jr.,,,,,In The Paint (Non-RA),0-8 Center,6.4,Missed,,,,,Avdija,1630166.0,,,,,,,,,,,,
682,PT00M40.40S,2022-11-21T01:17:06.7Z,4,REGULAR,block,,[],1630166,,,1610612766,102,96,2022-11-21T01:17:09Z,6730000,False,,,0,,D. Avdija BLOCK (1 BLK),[1630166],1610612764.0,WAS,,,,Avdija,D. Avdija,,,,,In The Paint (Non-RA),0-8 Center,,,,,,,,,,,,,,,,,,,,
683,PT00M40.40S,2022-11-21T01:17:06.7Z,4,REGULAR,rebound,offensive,['team'],0,,,1610612766,102,96,2022-11-21T01:17:13Z,6740000,False,,,0,,TEAM offensive REBOUND,[],1610612766.0,CHA,,,,,,,,,,In The Paint (Non-RA),0-8 Center,,,,,,,,,681.0,,,,,,,,,,,
685,PT00M34.40S,2022-11-21T01:17:38.1Z,4,REGULAR,foul,personal,"['inpenalty', '2freethrow']",1630166,,,1610612766,102,96,2022-11-21T01:18:21Z,6760000,False,,,0,,D. Avdija shooting personal FOUL (2 PF) (Rozier 2 FT),"[1630166, 1626179]",1610612764.0,WAS,shooting,,,Avdija,D. Avdija,,,,,Mid-Range,16-24 Right Center,,,,,,,,,,1628172.0,,,,,,,2.0,0.0,Rozier,1626179.0
687,PT00M34.40S,2022-11-21T01:18:09.1Z,4,REGULAR,freethrow,1 of 2,['2ndchance'],1626179,,,1610612766,102,97,2022-11-21T01:18:09Z,6780000,False,,,0,,T. Rozier Free Throw 1 of 2 (5 PTS),[1626179],1610612766.0,CHA,,,,Rozier,T. Rozier,,,,,,,,Made,5.0,,,,,,,,,,,,,,,,,
688,PT00M34.40S,2022-11-21T01:18:24.1Z,4,REGULAR,substitution,out,[],1629023,,,1610612766,102,97,2022-11-21T01:18:27Z,6790000,False,,,0,,SUB out: P. Washington,[1629023],1610612766.0,CHA,,,,Washington,P. Washington,,,,,,,,,,,,,,,,,,,,,,,,,,
689,PT00M34.40S,2022-11-21T01:18:24.1Z,4,REGULAR,substitution,in,[],1628372,,,1610612766,102,97,2022-11-21T01:18:27Z,6800000,False,,,0,,SUB in: D. Smith Jr.,[1628372],1610612766.0,CHA,,,,Smith Jr.,D. Smith Jr.,,,,,,,,,,,,,,,,,,,,,,,,,,
690,PT00M34.40S,2022-11-21T01:18:51.4Z,4,REGULAR,freethrow,2 of 2,['2ndchance'],1626179,,,1610612766,102,98,2022-11-21T01:18:51Z,6810000,False,,,0,,T. Rozier Free Throw 2 of 2 (6 PTS),[1626179],1610612766.0,CHA,,,,Rozier,T. Rozier,,,,,,,,Made,6.0,,,,,,,,,,,,,,,,,
691,PT00M18.10S,2022-11-21T01:19:14.0Z,4,REGULAR,3pt,Jump Shot,[],1628398,64.86530880420499,49.754901960784316,1610612764,102,98,2022-11-21T02:35:50Z,6820000,False,-1.0,278.0,1,right,MISS K. Kuzma 27' pullup 3PT,[1628398],1610612764.0,WAS,pullup,,,Kuzma,K. Kuzma,,,,,Above the Break 3,24+ Center,27.78,Missed,,,,,,,,,,,,,,,,,,
692,PT00M15.80S,2022-11-21T01:19:16.3Z,4,REGULAR,rebound,defensive,[],1626162,,,1610612766,102,98,2022-11-21T02:35:50Z,6830000,False,,,0,,K. Oubre Jr. REBOUND (Off:1 Def:6),[1626162],1610612766.0,CHA,,,,Oubre Jr.,K. Oubre Jr.,,,,,Above the Break 3,24+ Center,,,,,,,,,691.0,,,7.0,6.0,1.0,,,,,,
693,PT00M15.80S,2022-11-21T01:19:21.8Z,4,REGULAR,timeout,full,['team'],0,,,1610612766,102,98,2022-11-21T01:19:21Z,6840000,False,,,0,,CHA Timeout,[],1610612766.0,CHA,,,,,,,,,,,,,,,,,,,,,,,,,,,,,,,
694,PT00M15.80S,2022-11-21T01:19:23.8Z,4,REGULAR,substitution,out,[],203078,,,1610612766,102,98,2022-11-21T01:20:42Z,6850000,False,,,0,,SUB out: B. Beal,[203078],1610612764.0,WAS,,,,Beal,B. Beal,,,,,,,,,,,,,,,,,,,,,,,,,,
695,PT00M15.80S,2022-11-21T01:19:23.8Z,4,REGULAR,substitution,out,[],1628372,,,1610612766,102,98,2022-11-21T01:20:42Z,6860000,False,,,0,,SUB out: D. Smith Jr.,[1628372],1610612766.0,CHA,,,,Smith Jr.,D. Smith Jr.,,,,,,,,,,,,,,,,,,,,,,,,,,
696,PT00M15.80S,2022-11-21T01:19:23.8Z,4,REGULAR,substitution,in,[],1630692,,,1610612766,102,98,2022-11-21T01:20:42Z,6870000,False,,,0,,SUB in: J. Goodwin,[1630692],1610612764.0,WAS,,,,Goodwin,J. Goodwin,,,,,,,,,,,,,,,,,,,,,,,,,,
697,PT00M15.80S,2022-11-21T01:19:23.8Z,4,REGULAR,substitution,in,[],1629023,,,1610612766,102,98,2022-11-21T01:20:42Z,6880000,False,,,0,,SUB in: P. Washington,[1629023],1610612766.0,CHA,,,,Washington,P. Washington,,,,,,,,,,,,,,,,,,,,,,,,,,
698,PT00M09.80S,2022-11-21T01:21:07.3Z,4,REGULAR,2pt,Layup,['pointsinthepaint'],1626179,6.783837056504599,56.86274509803921,1610612766,102,100,2022-11-21T01:21:13Z,6890000,False,-34.0,11.0,1,left,T. Rozier driving Layup (8 PTS),[1626179],1610612766.0,CHA,driving,,,Rozier,T. Rozier,,,,,Restricted Area,0-8 Center,3.61,Made,8.0,,,,,,,,,,,,,,,,,
699,PT00M09.80S,2022-11-21T01:21:12.5Z,4,REGULAR,timeout,full,['team'],0,,,1610612764,102,100,2022-11-21T01:21:12Z,6900000,False,,,0,,WAS Timeout,[],1610612764.0,WAS,,,,,,,,,,,,,,,,,,,,,,,,,,,,,,,
700,PT00M09.80S,2022-11-21T01:22:09.5Z,4,REGULAR,substitution,out,[],1629023,,,1610612764,102,100,2022-11-21T01:22:40Z,6910000,False,,,0,,SUB out: P. Washington,[1629023],1610612766.0,CHA,,,,Washington,P. Washington,,,,,,,,,,,,,,,,,,,,,,,,,,
701,PT00M09.80S,2022-11-21T01:22:09.5Z,4,REGULAR,substitution,in,[],1628372,,,1610612764,102,100,2022-11-21T01:22:40Z,6920000,False,,,0,,SUB in: D. Smith Jr.,[1628372],1610612766.0,CHA,,,,Smith Jr.,D. Smith Jr.,,,,,,,,,,,,,,,,,,,,,,,,,,
702,PT00M09.80S,2022-11-21T01:23:12.9Z,4,REGULAR,timeout,full,['team'],0,,,1610612764,102,100,2022-11-21T01:23:12Z,6930000,False,,,0,,WAS Timeout,[],1610612764.0,WAS,,,,,,,,,,,,,,,,,,,,,,,,,,,,,,,
703,PT00M08.40S,2022-11-21T01:24:46.0Z,4,REGULAR,foul,personal,"['inpenalty', '2freethrow']",1626162,,,1610612764,102,100,2022-11-21T01:24:59Z,6940000,False,,,0,,K. Oubre Jr. personal FOUL (3 PF) (Porzingis 2 FT),"[1626162, 204001]",1610612766.0,CHA,,,,Oubre Jr.,K. Oubre Jr.,,,,,Above the Break 3,24+ Right Center,,,,,,,,,,101284.0,,,,,,,3.0,0.0,Porzingis,204001.0
705,PT00M08.40S,2022-11-21T01:25:13.3Z,4,REGULAR,freethrow,1 of 2,[],204001,,,1610612764,103,100,2022-11-21T01:25:13Z,6960000,False,,,0,,K. Porzingis Free Throw 1 of 2 (11 PTS),[204001],1610612764.0,WAS,,,,Porzingis,K. Porzingis,,,,,,,,Made,11.0,,,,,,,,,,,,,,,,,
706,PT00M08.40S,2022-11-21T01:25:15.5Z,4,REGULAR,substitution,out,[],1628372,,,1610612764,103,100,2022-11-21T01:25:27Z,6970000,False,,,0,,SUB out: D. Smith Jr.,[1628372],1610612766.0,CHA,,,,Smith Jr.,D. Smith Jr.,,,,,,,,,,,,,,,,,,,,,,,,,,
707,PT00M08.40S,2022-11-21T01:25:15.5Z,4,REGULAR,substitution,in,[],1629023,,,1610612764,103,100,2022-11-21T01:25:27Z,6980000,False,,,0,,SUB in: P. Washington,[1629023],1610612766.0,CHA,,,,Washington,P. Washington,,,,,,,,,,,,,,,,,,,,,,,,,,
708,PT00M08.40S,2022-11-21T01:25:29.9Z,4,REGULAR,freethrow,2 of 2,[],204001,,,1610612764,104,100,2022-11-21T01:25:29Z,6990000,False,,,0,,K. Porzingis Free Throw 2 of 2 (12 PTS),[204001],1610612764.0,WAS,,,,Porzingis,K. Porzingis,,,,,,,,Made,12.0,,,,,,,,,,,,,,,,,
709,PT00M08.40S,2022-11-21T01:25:32.6Z,4,REGULAR,timeout,full,['team'],0,,,1610612766,104,100,2022-11-21T01:25:32Z,7000000,False,,,0,,CHA Timeout,[],1610612766.0,CHA,,,,,,,,,,,,,,,,,,,,,,,,,,,,,,,
710,PT00M05.50S,2022-11-21T01:27:03.0Z,4,REGULAR,2pt,DUNK,['pointsinthepaint'],202330,7.440867279894875,52.450980392156865,1610612766,104,102,2022-11-21T01:27:09Z,7010000,False,-12.0,17.0,1,left,G. Hayward driving DUNK (20 PTS) (M. Plumlee 4 AST),"[202330, 203486]",1610612766.0,CHA,driving,,,Hayward,G. Hayward,,,,,Restricted Area,0-8 Center,2.13,Made,20.0,M. Plumlee,203486.0,4.0,,,,,,,,,,,,,,
712,PT00M03.90S,2022-11-21T01:27:15.7Z,4,REGULAR,foul,personal,"['inpenalty', '2freethrow']",1626179,,,1610612764,104,102,2022-11-21T01:27:24Z,7030000,False,,,0,,T. Rozier personal FOUL (3 PF) (Kispert 2 FT),"[1626179, 1630557]",1610612766.0,CHA,,,,Rozier,T. Rozier,,,,,Mid-Range,16-24 Right,,,,,,,,,,1628172.0,,,,,,,3.0,0.0,Kispert,1630557.0
714,PT00M03.90S,2022-11-21T01:27:44.9Z,4,REGULAR,freethrow,1 of 2,[],1630557,,,1610612764,105,102,2022-11-21T01:27:44Z,7050000,False,,,0,,C. Kispert Free Throw 1 of 2 (13 PTS),[1630557],1610612764.0,WAS,,,,Kispert,C. Kispert,,,,,,,,Made,13.0,,,,,,,,,,,,,,,,,
715,PT00M03.90S,2022-11-21T01:27:58.2Z,4,REGULAR,freethrow,2 of 2,[],1630557,,,1610612764,106,102,2022-11-21T01:27:58Z,7060000,False,,,0,,C. Kispert Free Throw 2 of 2 (14 PTS),[1630557],1610612764.0,WAS,,,,Kispert,C. Kispert,,,,,,,,Made,14.0,,,,,,,,,,,,,,,,,
716,PT00M00.40S,2022-11-21T01:28:08.7Z,4,REGULAR,3pt,Jump Shot,[],1626179,39.76675427069645,51.9607843137255,1610612766,106,102,2022-11-21T01:28:20Z,7070000,False,-10.0,321.0,1,left,MISS T. Rozier 32' running pullup 3PT,[1626179],1610612766.0,CHA,running pullup,,,Rozier,T. Rozier,,,,,Above the Break 3,24+ Center,32.14,Missed,,,,,,,,,,,,,,,,,,
717,PT00M00.40S,2022-11-21T01:28:08.7Z,4,REGULAR,rebound,offensive,['team'],0,,,1610612766,106,102,2022-11-21T01:28:19Z,7080000,False,,,0,,TEAM offensive REBOUND,[],1610612766.0,CHA,,,,,,,,,,Above the Break 3,24+ Center,,,,,,,,,716.0,,,,,,,,,,,
718,PT00M00.00S,2022-11-21T01:28:20.2Z,4,REGULAR,period,end,[],0,,,1610612766,106,102,2022-11-21T01:28:20Z,7090000,False,,,0,,Period End,[],,,,,,,,,,,,,,,,,,,,,,,,,,,,,,,,,
719,PT00M00.00S,2022-11-21T01:28:25.8Z,4,REGULAR,game,end,[],0,,,0,106,102,2022-11-21T01:28:25Z,7100000,False,,,0,,Game End,[],,,,,,,,,,,,,,,,,,,,,,,,,,,,,,,,,
