actionNumber,clock,timeActual,period,periodType,actionType,subType,qualifiers,personId,x,y,possession,scoreHome,scoreAway,edited,orderNumber,xLegacy,yLegacy,isFieldGoal,side,description,personIdsFilter,teamId,teamTricode,descriptor,jumpBallRecoveredName,jumpBallRecoverdPersonId,playerName,playerNameI,jumpBallWonPlayerName,jumpBallWonPersonId,jumpBallLostPlayerName,jumpBallLostPersonId,shotDistance,shotResult,pointsTotal,assistPlayerNameInitial,assistPersonId,assistTotal,shotActionNumber,reboundTotal,reboundDefensiveTotal,reboundOffensiveTotal,turnoverTotal,stealPlayerName,stealPersonId,officialId,foulPersonalTotal,foulTechnicalTotal,foulDrawnPlayerName,foulDrawnPersonId,blockPlayerName,blockPersonId,value
2,PT12M00.00S,2022-01-17T19:11:43.8Z,1,REGULAR,period,start,[],0,,,0,0,0,2022-01-17T19:11:43Z,20000,,,0,,Period Start,[],,,,,,,,,,,,,,,,,,,,,,,,,,,,,,,,
4,PT11M56.00S,2022-01-17T19:11:46.2Z,1,REGULAR,jumpball,recovered,[],1627788,,,1610612755,0,0,2022-01-17T19:11:46Z,40000,,,0,,Jump Ball J. Embiid vs. D. Gafford: Tip to F. Korkmaz,"[1627788, 203954, 1629655]",1610612755.0,PHI,startperiod,F. Korkmaz,1627788.0,Korkmaz,F. Korkmaz,Embiid,203954.0,Gafford,1629655.0,,,,,,,,,,,,,,,,,,,,,
7,PT11M44.00S,2022-01-17T19:11:58.3Z,1,REGULAR,2pt,Jump Shot,[],203552,16.63929040735874,27.696078431372552,1610612755,0,2,2022-01-17T19:12:03Z,70000,112.0,104.0,1,left,S. Curry 15' pullup Jump Shot (2 PTS),[203552],1610612755.0,PHI,pullup,,,Curry,S. Curry,,,,,15.24,Made,2.0,,,,,,,,,,,,,,,,,,
8,PT11M27.00S,2022-01-17T19:12:16.6Z,1,REGULAR,2pt,DUNK,['pointsinthepaint'],1629655,94.30026281208936,53.92156862745098,1610612764,2,2,2022-01-17T19:12:20Z,80000,20.0,1.0,1,right,D. Gafford alley-oop DUNK (2 PTS) (K. Kuzma 1 AST),"[1629655, 1628398]",1610612764.0,WAS,alley-oop,,,Gafford,D. Gafford,,,,,1.96,Made,2.0,K. Kuzma,1628398.0,1.0,,,,,,,,,,,,,,,
10,PT11M02.00S,2022-01-17T19:12:40.6Z,1,REGULAR,2pt,Jump Shot,[],203552,22.28975032851511,69.11764705882352,1610612755,2,2,2022-01-17T19:12:44Z,100000,-96.0,157.0,1,left,MISS S. Curry 18' pullup Shot,[203552],1610612755.0,PHI,pullup,,,Curry,S. Curry,,,,,18.38,Missed,,,,,,,,,,,,,,,,,,,
11,PT11M00.00S,2022-01-17T19:12:42.6Z,1,REGULAR,rebound,offensive,[],203954,,,1610612755,2,2,2022-01-17T19:12:44Z,110000,,,0,,J. Embiid REBOUND (Off:1 Def:0),[203954],1610612755.0,PHI,,,,Embiid,J. Embiid,,,,,,,,,,,10.0,1.0,0.0,1.0,,,,,,,,,,,
12,PT10M54.00S,2022-01-17T19:12:48.5Z,1,REGULAR,2pt,Jump Shot,['2ndchance'],203954,8.886333771353483,71.56862745098039,1610612755,2,2,2022-01-17T19:12:53Z,120000,-108.0,31.0,1,left,MISS J. Embiid 11' fadeaway Shot,[203954],1610612755.0,PHI,fadeaway,,,Embiid,J. Embiid,,,,,11.22,Missed,,,,,,,,,,,,,,,,,,,
13,PT10M52.00S,2022-01-17T19:12:50.5Z,1,REGULAR,rebound,defensive,[],1628398,,,1610612764,2,2,2022-01-17T19:12:53Z,130000,,,0,,K. Kuzma REBOUND (Off:0 Def:1),[1628398],1610612764.0,WAS,,,,Kuzma,K. Kuzma,,,,,,,,,,,12.0,1.0,1.0,0.0,,,,,,,,,,,
14,PT10M43.00S,2022-01-17T19:13:00.4Z,1,REGULAR,3pt,Jump Shot,[],203078,67.7562417871222,25.49019607843137,1610612764,5,2,2022-01-17T19:13:05Z,140000,-123.0,251.0,1,right,B. Beal 27' 3PT  (3 PTS) (S. Dinwiddie 1 AST),"[203078, 203915]",1610612764.0,WAS,,,,Beal,B. Beal,,,,,27.89,Made,3.0,S. Dinwiddie,203915.0,1.0,,,,,,,,,,,,,,,
16,PT10M23.00S,2022-01-17T19:13:19.7Z,1,REGULAR,2pt,Jump Shot,['pointsinthepaint'],203954,11.645860709592641,51.71568627450981,1610612755,5,2,2022-01-17T19:13:40Z,160000,-9.0,57.0,1,left,MISS J. Embiid pullup Shot,[203954],1610612755.0,PHI,pullup,,,Embiid,J. Embiid,,,,,5.76,Missed,,,,,,,,,,,,,,,,,,,
17,PT10M23.00S,2022-01-17T19:13:22.7Z,1,REGULAR,rebound,offensive,['team'],0,,,1610612755,5,2,2022-01-17T19:13:22Z,170000,,,0,,TEAM offensive REBOUND,[],1610612755.0,PHI,,,,,,,,,,,,,,,,16.0,,,,,,,,,,,,,,
18,PT10M23.00S,2022-01-17T19:13:24.2Z,1,REGULAR,stoppage,out-of-bounds,[],0,,,1610612755,5,2,2022-01-17T19:13:24Z,180000,,,0,,,[],,,,,,,,,,,,,,,,,,,,,,,,,,,,,,,,
19,PT10M18.00S,2022-01-17T19:13:36.9Z,1,REGULAR,2pt,Jump Shot,['2ndchance'],202699,19.66162943495401,23.52941176470588,1610612755,5,2,2022-01-17T19:13:41Z,190000,132.0,132.0,1,left,MISS T. Harris 18' pullup Shot,[202699],1610612755.0,PHI,pullup,,,Harris,T. Harris,,,,,18.72,Missed,,,,,,,,,,,,,,,,,,,
20,PT10M15.00S,2022-01-17T19:13:39.9Z,1,REGULAR,rebound,defensive,[],203078,,,1610612764,5,2,2022-01-17T19:13:41Z,200000,,,0,,B. Beal REBOUND (Off:0 Def:1),[203078],1610612764.0,WAS,,,,Beal,B. Beal,,,,,,,,,,,19.0,1.0,1.0,0.0,,,,,,,,,,,
21,PT10M06.00S,2022-01-17T19:13:49.4Z,1,REGULAR,2pt,Jump Shot,['pointsinthepaint'],203078,94.95729303547962,56.372549019607845,1610612764,7,2,2022-01-17T19:13:54Z,210000,32.0,-5.0,1,right,B. Beal floating Jump Shot (5 PTS),[203078],1610612764.0,WAS,floating,,,Beal,B. Beal,,,,,3.23,Made,5.0,,,,,,,,,,,,,,,,,,
22,PT09M54.00S,2022-01-17T19:14:00.6Z,1,REGULAR,turnover,bad pass,[],203954,,,1610612755,7,2,2022-01-17T19:14:03Z,220000,,,0,,J. Embiid bad pass TURNOVER (1 TO),"[203954, 203484]",1610612755.0,PHI,,,,Embiid,J. Embiid,,,,,,,,,,,,,,,1.0,Caldwell-Pope,203484.0,,,,,,,,
23,PT09M54.00S,2022-01-17T19:14:00.6Z,1,REGULAR,steal,,[],203484,,,1610612764,7,2,2022-01-17T19:14:02Z,230000,,,0,,K. Caldwell-Pope STEAL (1 STL),[203484],1610612764.0,WAS,,,,Caldwell-Pope,K. Caldwell-Pope,,,,,,,,,,,,,,,,,,,,,,,,,
24,PT09M51.00S,2022-01-17T19:14:04.7Z,1,REGULAR,2pt,Layup,"['pointsinthepaint', 'fromturnover', 'fastbreak']",203484,93.9060446780552,46.07843137254902,1610612764,9,2,2022-01-17T19:14:11Z,240000,-20.0,5.0,1,right,K. Caldwell-Pope running Layup (2 PTS),[203484],1610612764.0,WAS,running,,,Caldwell-Pope,K. Caldwell-Pope,,,,,2.02,Made,2.0,,,,,,,,,,,,,,,,,,
25,PT09M35.00S,2022-01-17T19:14:19.8Z,1,REGULAR,3pt,Jump Shot,[],1627788,31.882391590013142,66.91176470588235,1610612755,9,2,2022-01-17T19:14:24Z,250000,-85.0,247.0,1,left,MISS F. Korkmaz 26' pullup 3PT,[1627788],1610612755.0,PHI,pullup,,,Korkmaz,F. Korkmaz,,,,,26.13,Missed,,,,,,,,,,,,,,,,,,,
26,PT09M32.00S,2022-01-17T19:14:22.8Z,1,REGULAR,rebound,defensive,[],1628398,,,1610612764,9,2,2022-01-17T19:14:24Z,260000,,,0,,K. Kuzma REBOUND (Off:0 Def:2),[1628398],1610612764.0,WAS,,,,Kuzma,K. Kuzma,,,,,,,,,,,25.0,2.0,2.0,0.0,,,,,,,,,,,
27,PT09M26.00S,2022-01-17T19:14:29.8Z,1,REGULAR,2pt,Layup,['pointsinthepaint'],1628398,93.11760840998686,40.19607843137255,1610612764,11,2,2022-01-17T19:14:33Z,270000,-49.0,12.0,1,right,K. Kuzma driving Layup (2 PTS),[1628398],1610612764.0,WAS,driving,,,Kuzma,K. Kuzma,,,,,5.05,Made,2.0,,,,,,,,,,,,,,,,,,
28,PT09M20.00S,2022-01-17T19:14:39.0Z,1,REGULAR,timeout,full,"['team', 'mandatory']",0,,,1610612755,11,2,2022-01-17T19:14:39Z,280000,,,0,,PHI Timeout,[],1610612755.0,PHI,,,,,,,,,,,,,,,,,,,,,,,,,,,,,,
29,PT09M05.00S,2022-01-17T19:17:47.7Z,1,REGULAR,foul,personal,[],1629655,,,1610612755,11,2,2022-01-17T19:17:54Z,290000,,,0,,D. Gafford personal FOUL (1 PF),"[1629655, 203954]",1610612764.0,WAS,,,,Gafford,D. Gafford,,,,,,,,,,,,,,,,,,1627963.0,1.0,0.0,Embiid,203954.0,,,
31,PT08M59.00S,2022-01-17T19:18:10.1Z,1,REGULAR,3pt,Jump Shot,[],202699,20.18725361366623,94.85294117647058,1610612755,11,5,2022-01-17T19:18:14Z,310000,-224.0,137.0,1,left,T. Harris 26' 3PT  (3 PTS) (J. Embiid 1 AST),"[202699, 203954]",1610612755.0,PHI,,,,Harris,T. Harris,,,,,26.3,Made,3.0,J. Embiid,203954.0,1.0,,,,,,,,,,,,,,,
33,PT08M38.00S,2022-01-17T19:18:29.9Z,1,REGULAR,2pt,Jump Shot,['pointsinthepaint'],203078,79.84559789750328,60.049019607843135,1610612764,11,5,2022-01-17T19:18:32Z,330000,50.0,137.0,1,right,MISS B. Beal 14' pullup Shot,[203078],1610612764.0,WAS,pullup,,,Beal,B. Beal,,,,,14.59,Missed,,,,,,,,,,,,,,,,,,,
34,PT08M37.00S,2022-01-17T19:18:31.1Z,1,REGULAR,rebound,offensive,[],203078,,,1610612764,11,5,2022-01-17T19:18:31Z,340000,,,0,,B. Beal REBOUND (Off:1 Def:1),[203078],1610612764.0,WAS,,,,Beal,B. Beal,,,,,,,,,,,33.0,2.0,1.0,1.0,,,,,,,,,,,
35,PT08M37.00S,2022-01-17T19:18:32.4Z,1,REGULAR,2pt,Jump Shot,['2ndchance'],203078,77.08607095926413,42.15686274509804,1610612764,11,5,2022-01-17T19:18:40Z,350000,-39.0,163.0,1,right,MISS B. Beal 16' pullup Shot - blocked,"[203078, 203552]",1610612764.0,WAS,pullup,,,Beal,B. Beal,,,,,16.76,Missed,,,,,,,,,,,,,,,,,Curry,203552.0,
36,PT08M37.00S,2022-01-17T19:18:32.4Z,1,REGULAR,block,,[],203552,,,1610612764,11,5,2022-01-17T19:18:35Z,360000,,,0,,S. Curry BLOCK (1 BLK),[203552],1610612755.0,PHI,,,,Curry,S. Curry,,,,,,,,,,,,,,,,,,,,,,,,,
37,PT08M33.00S,2022-01-17T19:18:36.4Z,1,REGULAR,rebound,defensive,[],203552,,,1610612755,11,5,2022-01-17T19:18:40Z,370000,,,0,,S. Curry REBOUND (Off:0 Def:1),[203552],1610612755.0,PHI,,,,Curry,S. Curry,,,,,,,,,,,35.0,1.0,1.0,0.0,,,,,,,,,,,
38,PT08M32.00S,2022-01-17T19:18:39.1Z,1,REGULAR,foul,personal,['2freethrow'],203484,,,1610612755,11,5,2022-01-17T19:18:45Z,380000,,,0,,K. Caldwell-Pope shooting personal FOUL (1 PF) (Maxey 2 FT),"[203484, 1630178]",1610612764.0,WAS,shooting,,,Caldwell-Pope,K. Caldwell-Pope,,,,,,,,,,,,,,,,,,204059.0,1.0,0.0,Maxey,1630178.0,,,
40,PT08M32.00S,2022-01-17T19:19:11.9Z,1,REGULAR,freethrow,1 of 2,[],1630178,,,1610612755,11,6,2022-01-17T19:19:11Z,400000,,,0,,T. Maxey Free Throw 1 of 2 (1 PTS),[1630178],1610612755.0,PHI,,,,Maxey,T. Maxey,,,,,,Made,1.0,,,,,,,,,,,,,,,,,,
41,PT08M32.00S,2022-01-17T19:19:30.5Z,1,REGULAR,freethrow,2 of 2,[],1630178,,,1610612755,11,7,2022-01-17T19:19:30Z,410000,,,0,,T. Maxey Free Throw 2 of 2 (2 PTS),[1630178],1610612755.0,PHI,,,,Maxey,T. Maxey,,,,,,Made,2.0,,,,,,,,,,,,,,,,,,
42,PT08M13.00S,2022-01-17T19:19:51.8Z,1,REGULAR,2pt,Jump Shot,['pointsinthepaint'],1628398,86.94152431011827,51.470588235294116,1610612764,13,7,2022-01-17T19:19:57Z,420000,7.0,70.0,1,right,K. Kuzma 7' running Jump Shot (4 PTS) (B. Beal 1 AST),"[1628398, 203078]",1610612764.0,WAS,running,,,Kuzma,K. Kuzma,,,,,7.06,Made,4.0,B. Beal,203078.0,1.0,,,,,,,,,,,,,,,
44,PT07M59.00S,2022-01-17T19:20:06.5Z,1,REGULAR,2pt,Layup,['pointsinthepaint'],203954,10.200394218134035,52.69607843137255,1610612755,13,9,2022-01-17T19:20:09Z,440000,-13.0,43.0,1,left,J. Embiid Layup (2 PTS),[203954],1610612755.0,PHI,,,,Embiid,J. Embiid,,,,,4.55,Made,2.0,,,,,,,,,,,,,,,,,,
45,PT07M46.00S,2022-01-17T19:20:18.1Z,1,REGULAR,2pt,Jump Shot,['pointsinthepaint'],203484,80.50262812089356,37.5,1610612764,13,9,2022-01-17T19:22:57Z,450000,-62.0,131.0,1,right,MISS K. Caldwell-Pope 14' pullup Shot,[203484],1610612764.0,WAS,pullup,,,Caldwell-Pope,K. Caldwell-Pope,,,,,14.5,Missed,,,,,,,,,,,,,,,,,,,
46,PT07M44.00S,2022-01-17T19:20:20.1Z,1,REGULAR,rebound,defensive,[],203954,,,1610612755,13,9,2022-01-17T19:20:23Z,460000,,,0,,J. Embiid REBOUND (Off:1 Def:1),[203954],1610612755.0,PHI,,,,Embiid,J. Embiid,,,,,,,,,,,45.0,2.0,1.0,1.0,,,,,,,,,,,
47,PT07M38.00S,2022-01-17T19:20:27.0Z,1,REGULAR,3pt,Jump Shot,[],1627788,4.418528252299605,98.52941176470588,1610612755,13,9,2022-01-17T19:20:31Z,470000,-243.0,-11.0,1,left,MISS F. Korkmaz 24' 3PT,[1627788],1610612755.0,PHI,,,,Korkmaz,F. Korkmaz,,,,,24.28,Missed,,,,,,,,,,,,,,,,,,,
48,PT07M35.00S,2022-01-17T19:20:30.0Z,1,REGULAR,rebound,defensive,[],1628398,,,1610612764,13,9,2022-01-17T19:20:31Z,480000,,,0,,K. Kuzma REBOUND (Off:0 Def:3),[1628398],1610612764.0,WAS,,,,Kuzma,K. Kuzma,,,,,,,,,,,47.0,3.0,3.0,0.0,,,,,,,,,,,
49,PT07M28.00S,2022-01-17T19:20:37.3Z,1,REGULAR,2pt,Jump Shot,[],203078,76.95466491458606,48.28431372549019,1610612764,15,9,2022-01-17T19:20:41Z,490000,-9.0,164.0,1,right,B. Beal 16' pullup Jump Shot (7 PTS),[203078],1610612764.0,WAS,pullup,,,Beal,B. Beal,,,,,16.43,Made,7.0,,,,,,,,,,,,,,,,,,
50,PT07M08.00S,2022-01-17T19:21:00.3Z,1,REGULAR,foul,personal,['2freethrow'],1629655,,,1610612755,15,9,2022-01-17T19:24:30Z,500000,,,0,,D. Gafford shooting personal FOUL (2 PF) (Embiid 2 FT),"[1629655, 203954]",1610612764.0,WAS,shooting,,,Gafford,D. Gafford,,,,,,,,,,,,,,,,,,1627963.0,2.0,0.0,Embiid,203954.0,,,
53,PT07M08.00S,2022-01-17T19:21:05.0Z,1,REGULAR,substitution,out,[],1627788,,,1610612755,15,9,2022-01-17T19:24:30Z,530000,,,0,,SUB out: F. Korkmaz,[1627788],1610612755.0,PHI,,,,Korkmaz,F. Korkmaz,,,,,,,,,,,,,,,,,,,,,,,,,
54,PT07M08.00S,2022-01-17T19:21:05.0Z,1,REGULAR,substitution,in,[],1629718,,,1610612755,15,9,2022-01-17T19:24:30Z,540000,,,0,,SUB in: C. Brown Jr.,[1629718],1610612755.0,PHI,,,,Brown Jr.,C. Brown Jr.,,,,,,,,,,,,,,,,,,,,,,,,,
56,PT07M08.00S,2022-01-17T19:22:31.1Z,1,REGULAR,timeout,full,"['team', 'mandatory']",0,,,1610612755,15,9,2022-01-17T19:24:30Z,560000,,,0,,PHI Timeout,[],1610612755.0,PHI,,,,,,,,,,,,,,,,,,,,,,,,,,,,,,
57,PT07M08.00S,2022-01-17T19:22:35.6Z,1,REGULAR,instantreplay,challenge,[],0,,,1610612755,15,9,2022-01-17T19:25:25Z,570000,,,0,,,[],1610612755.0,PHI,overturned,,,,,,,,,,,,,,,,,,,,,,1148.0,,,,,,,Corrected to Personal Foul on D. Gafford
58,PT07M08.00S,2022-01-17T19:22:35.7Z,1,REGULAR,freethrow,1 of 2,[],203954,,,1610612755,15,10,2022-01-17T19:25:20Z,580000,,,0,,J. Embiid Free Throw 1 of 2 (3 PTS),[203954],1610612755.0,PHI,,,,Embiid,J. Embiid,,,,,,Made,3.0,,,,,,,,,,,,,,,,,,
59,PT07M08.00S,2022-01-17T19:22:35.7Z,1,REGULAR,freethrow,2 of 2,[],203954,,,1610612755,15,11,2022-01-17T19:25:20Z,590000,,,0,,J. Embiid Free Throw 2 of 2 (4 PTS),[203954],1610612755.0,PHI,,,,Embiid,J. Embiid,,,,,,Made,4.0,,,,,,,,,,,,,,,,,,
60,PT06M53.00S,2022-01-17T19:25:36.5Z,1,REGULAR,3pt,Jump Shot,[],203915,71.69842312746385,76.9607843137255,1610612764,18,11,2022-01-17T19:25:41Z,600000,135.0,214.0,1,right,S. Dinwiddie 25' 3PT pullup (3 PTS),[203915],1610612764.0,WAS,pullup,,,Dinwiddie,S. Dinwiddie,,,,,25.25,Made,3.0,,,,,,,,,,,,,,,,,,
61,PT06M31.00S,2022-01-17T19:26:00.2Z,1,REGULAR,foul,personal,['2freethrow'],1629655,,,1610612755,18,11,2022-01-17T19:26:07Z,610000,,,0,,D. Gafford shooting personal FOUL (3 PF) (Embiid 2 FT),"[1629655, 203954]",1610612764.0,WAS,shooting,,,Gafford,D. Gafford,,,,,,,,,,,,,,,,,,1627963.0,3.0,0.0,Embiid,203954.0,,,
63,PT06M31.00S,2022-01-17T19:26:32.3Z,1,REGULAR,freethrow,1 of 2,[],203954,,,1610612755,18,12,2022-01-17T19:26:32Z,630000,,,0,,J. Embiid Free Throw 1 of 2 (5 PTS),[203954],1610612755.0,PHI,,,,Embiid,J. Embiid,,,,,,Made,5.0,,,,,,,,,,,,,,,,,,
64,PT06M31.00S,2022-01-17T19:26:33.0Z,1,REGULAR,substitution,out,[],1629655,,,1610612755,18,12,2022-01-17T19:26:46Z,640000,,,0,,SUB out: D. Gafford,[1629655],1610612764.0,WAS,,,,Gafford,D. Gafford,,,,,,,,,,,,,,,,,,,,,,,,,
65,PT06M31.00S,2022-01-17T19:26:33.0Z,1,REGULAR,substitution,out,[],203915,,,1610612755,18,12,2022-01-17T19:26:46Z,650000,,,0,,SUB out: S. Dinwiddie,[203915],1610612764.0,WAS,,,,Dinwiddie,S. Dinwiddie,,,,,,,,,,,,,,,,,,,,,,,,,
66,PT06M31.00S,2022-01-17T19:26:33.0Z,1,REGULAR,substitution,in,[],1630557,,,1610612755,18,12,2022-01-17T19:26:46Z,660000,,,0,,SUB in: C. Kispert,[1630557],1610612764.0,WAS,,,,Kispert,C. Kispert,,,,,,,,,,,,,,,,,,,,,,,,,
67,PT06M31.00S,2022-01-17T19:26:33.0Z,1,REGULAR,substitution,in,[],1628418,,,1610612755,18,12,2022-01-17T19:26:46Z,670000,,,0,,SUB in: T. Bryant,[1628418],1610612764.0,WAS,,,,Bryant,T. Bryant,,,,,,,,,,,,,,,,,,,,,,,,,
68,PT06M31.00S,2022-01-17T19:26:54.7Z,1,REGULAR,freethrow,2 of 2,[],203954,,,1610612755,18,13,2022-01-17T19:26:54Z,680000,,,0,,J. Embiid Free Throw 2 of 2 (6 PTS),[203954],1610612755.0,PHI,,,,Embiid,J. Embiid,,,,,,Made,6.0,,,,,,,,,,,,,,,,,,
69,PT06M15.00S,2022-01-17T19:27:12.9Z,1,REGULAR,2pt,Jump Shot,['pointsinthepaint'],1630557,92.19776609724047,45.34313725490196,1610612764,18,13,2022-01-17T19:27:16Z,690000,-23.0,21.0,1,right,MISS C. Kispert floating Shot,[1630557],1610612764.0,WAS,floating,,,Kispert,C. Kispert,,,,,3.12,Missed,,,,,,,,,,,,,,,,,,,
70,PT06M13.00S,2022-01-17T19:27:14.9Z,1,REGULAR,rebound,defensive,[],203552,,,1610612755,18,13,2022-01-17T19:27:16Z,700000,,,0,,S. Curry REBOUND (Off:0 Def:2),[203552],1610612755.0,PHI,,,,Curry,S. Curry,,,,,,,,,,,69.0,2.0,2.0,0.0,,,,,,,,,,,
71,PT06M10.00S,2022-01-17T19:27:20.5Z,1,REGULAR,foul,personal,"['inpenalty', '2freethrow']",1628418,,,1610612755,18,13,2022-01-17T19:27:49Z,710000,,,0,,T. Bryant shooting personal FOUL (1 PF) (Embiid 2 FT),"[1628418, 203954]",1610612764.0,WAS,shooting,,,Bryant,T. Bryant,,,,,,,,,,,,,,,,,,1148.0,1.0,0.0,Embiid,203954.0,,,
73,PT06M10.00S,2022-01-17T19:27:50.9Z,1,REGULAR,freethrow,1 of 2,[],203954,,,1610612755,18,13,2022-01-17T19:27:50Z,730000,,,0,,MISS J. Embiid Free Throw 1 of 2,[203954],1610612755.0,PHI,,,,Embiid,J. Embiid,,,,,,Missed,,,,,,,,,,,,,,,,,,,
74,PT06M10.00S,2022-01-17T19:27:50.9Z,1,REGULAR,rebound,offensive,"['deadball', 'team']",0,,,1610612755,18,13,2022-01-17T19:27:50Z,740000,,,0,,TEAM offensive REBOUND,[],1610612755.0,PHI,,,,,,,,,,,,,,,,73.0,,,,,,,,,,,,,,
75,PT06M10.00S,2022-01-17T19:28:19.3Z,1,REGULAR,freethrow,2 of 2,[],203954,,,1610612755,18,14,2022-01-17T19:28:19Z,750000,,,0,,J. Embiid Free Throw 2 of 2 (7 PTS),[203954],1610612755.0,PHI,,,,Embiid,J. Embiid,,,,,,Made,7.0,,,,,,,,,,,,,,,,,,
76,PT05M56.00S,2022-01-17T19:28:34.6Z,1,REGULAR,2pt,Layup,['pointsinthepaint'],1628418,91.27792378449409,58.333333333333336,1610612764,18,14,2022-01-17T19:28:39Z,760000,42.0,29.0,1,right,MISS T. Bryant driving Layup,[1628418],1610612764.0,WAS,driving,,,Bryant,T. Bryant,,,,,5.11,Missed,,,,,,,,,,,,,,,,,,,
77,PT05M55.00S,2022-01-17T19:28:35.6Z,1,REGULAR,rebound,defensive,[],203954,,,1610612755,18,14,2022-01-17T19:28:39Z,770000,,,0,,J. Embiid REBOUND (Off:1 Def:2),[203954],1610612755.0,PHI,,,,Embiid,J. Embiid,,,,,,,,,,,76.0,3.0,2.0,1.0,,,,,,,,,,,
78,PT05M46.00S,2022-01-17T19:28:47.8Z,1,REGULAR,turnover,out-of-bounds,[],203954,,,1610612755,18,14,2022-01-17T19:28:53Z,780000,,,0,,J. Embiid bad pass out-of-bounds TURNOVER (2 TO),[203954],1610612755.0,PHI,bad pass,,,Embiid,J. Embiid,,,,,,,,,,,,,,,2.0,,,1148.0,,,,,,,
79,PT05M37.00S,2022-01-17T19:29:04.9Z,1,REGULAR,foul,personal,['2freethrow'],202699,,,1610612764,18,14,2022-01-17T19:29:10Z,790000,,,0,,T. Harris shooting personal FOUL (1 PF) (Kuzma 2 FT),"[202699, 1628398]",1610612755.0,PHI,shooting,,,Harris,T. Harris,,,,,,,,,,,,,,,,,,1148.0,1.0,0.0,Kuzma,1628398.0,,,
81,PT05M37.00S,2022-01-17T19:29:29.8Z,1,REGULAR,freethrow,1 of 2,['fromturnover'],1628398,,,1610612764,18,14,2022-01-17T19:29:29Z,810000,,,0,,MISS K. Kuzma Free Throw 1 of 2,[1628398],1610612764.0,WAS,,,,Kuzma,K. Kuzma,,,,,,Missed,,,,,,,,,,,,,,,,,,,
82,PT05M37.00S,2022-01-17T19:29:29.8Z,1,REGULAR,rebound,offensive,"['deadball', 'team']",0,,,1610612764,18,14,2022-01-17T19:29:29Z,820000,,,0,,TEAM offensive REBOUND,[],1610612764.0,WAS,,,,,,,,,,,,,,,,81.0,,,,,,,,,,,,,,
83,PT05M37.00S,2022-01-17T19:29:47.9Z,1,REGULAR,freethrow,2 of 2,['fromturnover'],1628398,,,1610612764,19,14,2022-01-17T19:29:47Z,830000,,,0,,K. Kuzma Free Throw 2 of 2 (5 PTS),[1628398],1610612764.0,WAS,,,,Kuzma,K. Kuzma,,,,,,Made,5.0,,,,,,,,,,,,,,,,,,
84,PT05M28.00S,2022-01-17T19:29:59.3Z,1,REGULAR,2pt,Layup,['pointsinthepaint'],1630178,7.440867279894875,58.333333333333336,1610612755,19,14,2022-01-17T19:30:26Z,840000,-42.0,17.0,1,left,MISS T. Maxey Layup - blocked,"[1630178, 203078]",1610612755.0,PHI,,,,Maxey,T. Maxey,,,,,4.52,Missed,,,,,,,,,,,,,,,,,Beal,203078.0,
85,PT05M28.00S,2022-01-17T19:29:59.3Z,1,REGULAR,block,,[],203078,,,1610612755,19,14,2022-01-17T19:30:01Z,850000,,,0,,B. Beal BLOCK (1 BLK),[203078],1610612764.0,WAS,,,,Beal,B. Beal,,,,,,,,,,,,,,,,,,,,,,,,,
86,PT05M22.00S,2022-01-17T19:30:05.3Z,1,REGULAR,rebound,defensive,[],1628418,,,1610612764,19,14,2022-01-17T19:30:29Z,860000,,,0,,T. Bryant REBOUND (Off:0 Def:1),[1628418],1610612764.0,WAS,,,,Bryant,T. Bryant,,,,,,,,,,,84.0,1.0,1.0,0.0,,,,,,,,,,,
87,PT05M20.00S,2022-01-17T19:30:06.5Z,1,REGULAR,3pt,Jump Shot,['fastbreak'],203078,70.38436268068331,77.45098039215686,1610612764,19,14,2022-01-17T19:30:11Z,870000,137.0,226.0,1,right,MISS B. Beal 26' 3PT,[203078],1610612764.0,WAS,,,,Beal,B. Beal,,,,,26.44,Missed,,,,,,,,,,,,,,,,,,,
88,PT05M18.00S,2022-01-17T19:30:08.1Z,1,REGULAR,rebound,offensive,[],1628418,,,1610612764,19,14,2022-01-17T19:30:08Z,880000,,,0,,T. Bryant REBOUND (Off:1 Def:1),[1628418],1610612764.0,WAS,,,,Bryant,T. Bryant,,,,,,,,,,,87.0,2.0,1.0,1.0,,,,,,,,,,,
89,PT05M13.00S,2022-01-17T19:30:13.1Z,1,REGULAR,2pt,Layup,"['pointsinthepaint', '2ndchance']",1628418,90.75229960578186,55.14705882352941,1610612764,21,14,2022-01-17T19:30:20Z,890000,26.0,34.0,1,right,T. Bryant Layup (2 PTS),[1628418],1610612764.0,WAS,,,,Bryant,T. Bryant,,,,,4.29,Made,2.0,,,,,,,,,,,,,,,,,,
90,PT04M53.00S,2022-01-17T19:30:33.0Z,1,REGULAR,2pt,Jump Shot,[],202699,20.97568988173456,28.186274509803923,1610612755,21,16,2022-01-17T19:30:38Z,900000,109.0,145.0,1,left,T. Harris 18' pullup Jump Shot (5 PTS),[202699],1610612755.0,PHI,pullup,,,Harris,T. Harris,,,,,18.12,Made,5.0,,,,,,,,,,,,,,,,,,
91,PT04M32.00S,2022-01-17T19:30:53.8Z,1,REGULAR,3pt,Jump Shot,[],1628418,83.65637319316689,97.54901960784314,1610612764,21,16,2022-01-17T19:30:59Z,910000,238.0,101.0,1,right,MISS T. Bryant 25' 3PT,[1628418],1610612764.0,WAS,,,,Bryant,T. Bryant,,,,,25.83,Missed,,,,,,,,,,,,,,,,,,,
92,PT04M30.00S,2022-01-17T19:30:55.8Z,1,REGULAR,rebound,defensive,[],1630178,,,1610612755,21,16,2022-01-17T19:30:59Z,920000,,,0,,T. Maxey REBOUND (Off:0 Def:1),[1630178],1610612755.0,PHI,,,,Maxey,T. Maxey,,,,,,,,,,,91.0,1.0,1.0,0.0,,,,,,,,,,,
93,PT04M20.00S,2022-01-17T19:31:06.9Z,1,REGULAR,2pt,Jump Shot,[],1629718,19.92444152431012,33.57843137254902,1610612755,21,16,2022-01-17T19:31:11Z,930000,82.0,135.0,1,left,MISS C. Brown Jr. 15' pullup Shot,[1629718],1610612755.0,PHI,pullup,,,Brown Jr.,C. Brown Jr.,,,,,15.78,Missed,,,,,,,,,,,,,,,,,,,
94,PT04M17.00S,2022-01-17T19:31:09.9Z,1,REGULAR,rebound,offensive,[],202699,,,1610612755,21,16,2022-01-17T19:31:11Z,940000,,,0,,T. Harris REBOUND (Off:1 Def:0),[202699],1610612755.0,PHI,,,,Harris,T. Harris,,,,,,,,,,,93.0,1.0,0.0,1.0,,,,,,,,,,,
95,PT04M16.00S,2022-01-17T19:31:10.4Z,1,REGULAR,2pt,Jump Shot,['2ndchance'],202699,21.23850197109067,43.627450980392155,1610612755,21,16,2022-01-17T19:31:14Z,950000,32.0,147.0,1,left,MISS T. Harris 15' Jump Shot,[202699],1610612755.0,PHI,,,,Harris,T. Harris,,,,,15.05,Missed,,,,,,,,,,,,,,,,,,,
96,PT04M13.00S,2022-01-17T19:31:13.4Z,1,REGULAR,rebound,defensive,[],1628398,,,1610612764,21,16,2022-01-17T19:31:14Z,960000,,,0,,K. Kuzma REBOUND (Off:0 Def:4),[1628398],1610612764.0,WAS,,,,Kuzma,K. Kuzma,,,,,,,,,,,95.0,4.0,4.0,0.0,,,,,,,,,,,
97,PT04M07.00S,2022-01-17T19:31:18.7Z,1,REGULAR,2pt,Layup,['pointsinthepaint'],1630557,93.24901445466492,42.64705882352941,1610612764,21,16,2022-01-17T19:31:22Z,970000,-37.0,11.0,1,right,MISS C. Kispert Layup,[1630557],1610612764.0,WAS,,,,Kispert,C. Kispert,,,,,3.84,Missed,,,,,,,,,,,,,,,,,,,
99,PT04M04.00S,2022-01-17T19:31:21.7Z,1,REGULAR,rebound,defensive,[],1629718,,,1610612755,21,16,2022-01-17T19:31:22Z,990000,,,0,,C. Brown Jr. REBOUND (Off:0 Def:1),[1629718],1610612755.0,PHI,,,,Brown Jr.,C. Brown Jr.,,,,,,,,,,,97.0,1.0,1.0,0.0,,,,,,,,,,,
100,PT04M03.00S,2022-01-17T19:31:23.0Z,1,REGULAR,turnover,bad pass,[],1629718,,,1610612755,21,16,2022-01-17T19:33:28Z,1000000,,,0,,C. Brown Jr. bad pass TURNOVER (1 TO),"[1629718, 203484]",1610612755.0,PHI,,,,Brown Jr.,C. Brown Jr.,,,,,,,,,,,,,,,1.0,Caldwell-Pope,203484.0,,,,,,,,
101,PT04M03.00S,2022-01-17T19:31:23.0Z,1,REGULAR,steal,,[],203484,,,1610612764,21,16,2022-01-17T19:31:27Z,1010000,,,0,,K. Caldwell-Pope STEAL (2 STL),[203484],1610612764.0,WAS,,,,Caldwell-Pope,K. Caldwell-Pope,,,,,,,,,,,,,,,,,,,,,,,,,
102,PT03M58.00S,2022-01-17T19:31:28.3Z,1,REGULAR,2pt,DUNK,"['pointsinthepaint', 'fromturnover', 'fastbreak']",203484,94.43166885676742,48.28431372549019,1610612764,23,16,2022-01-17T19:31:33Z,1020000,-9.0,0.0,1,right,K. Caldwell-Pope DUNK (4 PTS),[203484],1610612764.0,WAS,,,,Caldwell-Pope,K. Caldwell-Pope,,,,,0.86,Made,4.0,,,,,,,,,,,,,,,,,,
103,PT03M38.00S,2022-01-17T19:31:47.3Z,1,REGULAR,2pt,Jump Shot,[],203954,20.45006570302234,65.93137254901961,1610612755,23,16,2022-01-17T19:31:51Z,1030000,-80.0,140.0,1,left,MISS J. Embiid 16' Jump Shot,[203954],1610612755.0,PHI,,,,Embiid,J. Embiid,,,,,16.08,Missed,,,,,,,,,,,,,,,,,,,
104,PT03M36.00S,2022-01-17T19:31:49.3Z,1,REGULAR,rebound,defensive,[],1628398,,,1610612764,23,16,2022-01-17T19:31:51Z,1040000,,,0,,K. Kuzma REBOUND (Off:0 Def:5),[1628398],1610612764.0,WAS,,,,Kuzma,K. Kuzma,,,,,,,,,,,103.0,5.0,5.0,0.0,,,,,,,,,,,
105,PT03M30.00S,2022-01-17T19:31:56.5Z,1,REGULAR,2pt,Layup,['pointsinthepaint'],203078,92.06636005256242,57.35294117647059,1610612764,25,16,2022-01-17T19:32:02Z,1050000,37.0,22.0,1,right,B. Beal Layup (9 PTS) (K. Kuzma 2 AST),"[203078, 1628398]",1610612764.0,WAS,,,,Beal,B. Beal,,,,,4.29,Made,9.0,K. Kuzma,1628398.0,2.0,,,,,,,,,,,,,,,
107,PT03M08.00S,2022-01-17T19:32:18.0Z,1,REGULAR,2pt,Layup,['pointsinthepaint'],203954,9.937582128777924,49.754901960784316,1610612755,25,18,2022-01-17T19:32:22Z,1070000,1.0,41.0,1,left,J. Embiid Layup (9 PTS) (S. Curry 1 AST),"[203954, 203552]",1610612755.0,PHI,,,,Embiid,J. Embiid,,,,,4.09,Made,9.0,S. Curry,203552.0,1.0,,,,,,,,,,,,,,,
109,PT02M54.00S,2022-01-17T19:32:32.2Z,1,REGULAR,2pt,Layup,['pointsinthepaint'],203078,93.64323258869908,54.166666666666664,1610612764,27,18,2022-01-17T19:32:36Z,1090000,21.0,7.0,1,right,B. Beal Layup (11 PTS),[203078],1610612764.0,WAS,,,,Beal,B. Beal,,,,,2.2,Made,11.0,,,,,,,,,,,,,,,,,,
110,PT02M41.00S,2022-01-17T19:32:48.5Z,1,REGULAR,foul,personal,"['inpenalty', '2freethrow']",1628398,,,1610612755,27,18,2022-01-17T19:32:57Z,1100000,,,0,,K. Kuzma shooting personal FOUL (1 PF) (Embiid 2 FT),"[1628398, 203954]",1610612764.0,WAS,shooting,,,Kuzma,K. Kuzma,,,,,,,,,,,,,,,,,,204059.0,1.0,0.0,Embiid,203954.0,,,
112,PT02M41.00S,2022-01-17T19:33:46.9Z,1,REGULAR,freethrow,1 of 2,[],203954,,,1610612755,27,19,2022-01-17T19:33:46Z,1120000,,,0,,J. Embiid Free Throw 1 of 2 (10 PTS),[203954],1610612755.0,PHI,,,,Embiid,J. Embiid,,,,,,Made,10.0,,,,,,,,,,,,,,,,,,
113,PT02M41.00S,2022-01-17T19:33:47.4Z,1,REGULAR,substitution,out,[],203484,,,1610612755,27,19,2022-01-17T19:34:05Z,1130000,,,0,,SUB out: K. Caldwell-Pope,[203484],1610612764.0,WAS,,,,Caldwell-Pope,K. Caldwell-Pope,,,,,,,,,,,,,,,,,,,,,,,,,
114,PT02M41.00S,2022-01-17T19:33:47.4Z,1,REGULAR,substitution,out,[],1628398,,,1610612755,27,19,2022-01-17T19:34:05Z,1140000,,,0,,SUB out: K. Kuzma,[1628398],1610612764.0,WAS,,,,Kuzma,K. Kuzma,,,,,,,,,,,,,,,,,,,,,,,,,
115,PT02M41.00S,2022-01-17T19:33:47.4Z,1,REGULAR,substitution,out,[],1630178,,,1610612755,27,19,2022-01-17T19:34:05Z,1150000,,,0,,SUB out: T. Maxey,[1630178],1610612755.0,PHI,,,,Maxey,T. Maxey,,,,,,,,,,,,,,,,,,,,,,,,,
116,PT02M41.00S,2022-01-17T19:33:47.4Z,1,REGULAR,substitution,out,[],202699,,,1610612755,27,19,2022-01-17T19:34:05Z,1160000,,,0,,SUB out: T. Harris,[202699],1610612755.0,PHI,,,,Harris,T. Harris,,,,,,,,,,,,,,,,,,,,,,,,,
117,PT02M41.00S,2022-01-17T19:33:47.4Z,1,REGULAR,substitution,in,[],1629060,,,1610612755,27,19,2022-01-17T19:34:05Z,1170000,,,0,,SUB in: R. Hachimura,[1629060],1610612764.0,WAS,,,,Hachimura,R. Hachimura,,,,,,,,,,,,,,,,,,,,,,,,,
118,PT02M41.00S,2022-01-17T19:33:47.4Z,1,REGULAR,substitution,in,[],203526,,,1610612755,27,19,2022-01-17T19:34:05Z,1180000,,,0,,SUB in: R. Neto,[203526],1610612764.0,WAS,,,,Neto,R. Neto,,,,,,,,,,,,,,,,,,,,,,,,,
119,PT02M41.00S,2022-01-17T19:33:47.4Z,1,REGULAR,substitution,in,[],1627777,,,1610612755,27,19,2022-01-17T19:34:05Z,1190000,,,0,,SUB in: G. Niang,[1627777],1610612755.0,PHI,,,,Niang,G. Niang,,,,,,,,,,,,,,,,,,,,,,,,,
120,PT02M41.00S,2022-01-17T19:33:47.4Z,1,REGULAR,substitution,in,[],1627788,,,1610612755,27,19,2022-01-17T19:34:05Z,1200000,,,0,,SUB in: F. Korkmaz,[1627788],1610612755.0,PHI,,,,Korkmaz,F. Korkmaz,,,,,,,,,,,,,,,,,,,,,,,,,
121,PT02M41.00S,2022-01-17T19:34:16.3Z,1,REGULAR,freethrow,2 of 2,[],203954,,,1610612755,27,20,2022-01-17T19:34:16Z,1210000,,,0,,J. Embiid Free Throw 2 of 2 (11 PTS),[203954],1610612755.0,PHI,,,,Embiid,J. Embiid,,,,,,Made,11.0,,,,,,,,,,,,,,,,,,
122,PT02M25.00S,2022-01-17T19:34:34.6Z,1,REGULAR,2pt,Jump Shot,[],1628418,76.95466491458606,33.82352941176471,1610612764,29,20,2022-01-17T19:34:40Z,1220000,-81.0,164.0,1,right,T. Bryant 18' Jump Shot (4 PTS) (B. Beal 2 AST),"[1628418, 203078]",1610612764.0,WAS,,,,Bryant,T. Bryant,,,,,18.3,Made,4.0,B. Beal,203078.0,2.0,,,,,,,,,,,,,,,
124,PT02M00.00S,2022-01-17T19:34:58.6Z,1,REGULAR,3pt,Jump Shot,[],1627777,30.17411300919842,25.245098039215684,1610612755,29,23,2022-01-17T19:35:03Z,1240000,124.0,231.0,1,left,G. Niang 26' 3PT  (3 PTS) (F. Korkmaz 1 AST),"[1627777, 1627788]",1610612755.0,PHI,,,,Niang,G. Niang,,,,,26.22,Made,3.0,F. Korkmaz,1627788.0,1.0,,,,,,,,,,,,,,,
126,PT01M49.00S,2022-01-17T19:35:10.7Z,1,REGULAR,foul,personal,['3freethrow'],1627788,,,1610612764,29,23,2022-01-17T19:35:17Z,1260000,,,0,,F. Korkmaz shooting personal FOUL (1 PF) (Kispert 3 FT),"[1627788, 1630557]",1610612755.0,PHI,shooting,,,Korkmaz,F. Korkmaz,,,,,,,,,,,,,,,,,,1148.0,1.0,0.0,Kispert,1630557.0,,,
128,PT01M49.00S,2022-01-17T19:35:39.5Z,1,REGULAR,freethrow,1 of 3,[],1630557,,,1610612764,30,23,2022-01-17T19:35:39Z,1280000,,,0,,C. Kispert Free Throw 1 of 3 (1 PTS),[1630557],1610612764.0,WAS,,,,Kispert,C. Kispert,,,,,,Made,1.0,,,,,,,,,,,,,,,,,,
129,PT01M49.00S,2022-01-17T19:35:52.6Z,1,REGULAR,freethrow,2 of 3,[],1630557,,,1610612764,31,23,2022-01-17T19:35:52Z,1290000,,,0,,C. Kispert Free Throw 2 of 3 (2 PTS),[1630557],1610612764.0,WAS,,,,Kispert,C. Kispert,,,,,,Made,2.0,,,,,,,,,,,,,,,,,,
130,PT01M49.00S,2022-01-17T19:35:53.1Z,1,REGULAR,substitution,out,[],203078,,,1610612764,31,23,2022-01-17T19:36:01Z,1300000,,,0,,SUB out: B. Beal,[203078],1610612764.0,WAS,,,,Beal,B. Beal,,,,,,,,,,,,,,,,,,,,,,,,,
131,PT01M49.00S,2022-01-17T19:35:53.1Z,1,REGULAR,substitution,out,[],203954,,,1610612764,31,23,2022-01-17T19:36:01Z,1310000,,,0,,SUB out: J. Embiid,[203954],1610612755.0,PHI,,,,Embiid,J. Embiid,,,,,,,,,,,,,,,,,,,,,,,,,
132,PT01M49.00S,2022-01-17T19:35:53.1Z,1,REGULAR,substitution,out,[],203552,,,1610612764,31,23,2022-01-17T19:36:01Z,1320000,,,0,,SUB out: S. Curry,[203552],1610612755.0,PHI,,,,Curry,S. Curry,,,,,,,,,,,,,,,,,,,,,,,,,
133,PT01M49.00S,2022-01-17T19:35:53.1Z,1,REGULAR,substitution,in,[],203915,,,1610612764,31,23,2022-01-17T19:36:01Z,1330000,,,0,,SUB in: S. Dinwiddie,[203915],1610612764.0,WAS,,,,Dinwiddie,S. Dinwiddie,,,,,,,,,,,,,,,,,,,,,,,,,
134,PT01M49.00S,2022-01-17T19:35:53.1Z,1,REGULAR,substitution,in,[],203083,,,1610612764,31,23,2022-01-17T19:36:01Z,1340000,,,0,,SUB in: A. Drummond,[203083],1610612755.0,PHI,,,,Drummond,A. Drummond,,,,,,,,,,,,,,,,,,,,,,,,,
135,PT01M49.00S,2022-01-17T19:35:53.1Z,1,REGULAR,substitution,in,[],1630198,,,1610612764,31,23,2022-01-17T19:36:01Z,1350000,,,0,,SUB in: I. Joe,[1630198],1610612755.0,PHI,,,,Joe,I. Joe,,,,,,,,,,,,,,,,,,,,,,,,,
136,PT01M49.00S,2022-01-17T19:36:15.1Z,1,REGULAR,freethrow,3 of 3,[],1630557,,,1610612764,32,23,2022-01-17T19:36:15Z,1360000,,,0,,C. Kispert Free Throw 3 of 3 (3 PTS),[1630557],1610612764.0,WAS,,,,Kispert,C. Kispert,,,,,,Made,3.0,,,,,,,,,,,,,,,,,,
137,PT01M37.00S,2022-01-17T19:36:28.1Z,1,REGULAR,2pt,Jump Shot,['pointsinthepaint'],1629718,7.178055190538765,37.745098039215684,1610612755,32,25,2022-01-17T19:36:33Z,1370000,61.0,15.0,1,left,C. Brown Jr. 6' turnaround bank Jump Shot (2 PTS) (F. Korkmaz 2 AST),"[1629718, 1627788]",1610612755.0,PHI,turnaround bank,,,Brown Jr.,C. Brown Jr.,,,,,6.31,Made,2.0,F. Korkmaz,1627788.0,2.0,,,,,,,,,,,,,,,
139,PT01M18.00S,2022-01-17T19:36:46.9Z,1,REGULAR,3pt,Jump Shot,[],1630557,80.50262812089356,94.85294117647058,1610612764,35,25,2022-01-17T19:36:51Z,1390000,224.0,131.0,1,right,C. Kispert 25' 3PT  (6 PTS) (R. Neto 1 AST),"[1630557, 203526]",1610612764.0,WAS,,,,Kispert,C. Kispert,,,,,25.97,Made,6.0,R. Neto,203526.0,1.0,,,,,,,,,,,,,,,
141,PT01M03.00S,2022-01-17T19:37:01.7Z,1,REGULAR,2pt,Jump Shot,['pointsinthepaint'],1627788,7.30946123521682,46.568627450980394,1610612755,35,27,2022-01-17T19:37:08Z,1410000,17.0,16.0,1,left,F. Korkmaz driving bank Jump Shot (2 PTS) (A. Drummond 1 AST),"[1627788, 203083]",1610612755.0,PHI,driving bank,,,Korkmaz,F. Korkmaz,,,,,2.36,Made,2.0,A. Drummond,203083.0,1.0,,,,,,,,,,,,,,,
143,PT00M54.50S,2022-01-17T19:37:14.2Z,1,REGULAR,foul,personal,"['inpenalty', '2freethrow']",1629718,,,1610612764,35,27,2022-01-17T19:37:23Z,1430000,,,0,,C. Brown Jr. personal FOUL (1 PF) (Dinwiddie 2 FT),"[1629718, 203915]",1610612755.0,PHI,,,,Brown Jr.,C. Brown Jr.,,,,,,,,,,,,,,,,,,204059.0,1.0,0.0,Dinwiddie,203915.0,,,
145,PT00M54.50S,2022-01-17T19:37:37.7Z,1,REGULAR,freethrow,1 of 2,[],203915,,,1610612764,36,27,2022-01-17T19:37:53Z,1450000,,,0,,S. Dinwiddie Free Throw 1 of 2 (4 PTS),[203915],1610612764.0,WAS,,,,Dinwiddie,S. Dinwiddie,,,,,,Made,4.0,,,,,,,,,,,,,,,,,,
146,PT00M54.50S,2022-01-17T19:37:37.7Z,1,REGULAR,freethrow,2 of 2,[],203915,,,1610612764,36,27,2022-01-17T19:37:53Z,1460000,,,0,,MISS S. Dinwiddie Free Throw 2 of 2,[203915],1610612764.0,WAS,,,,Dinwiddie,S. Dinwiddie,,,,,,Missed,,,,,,,,,,,,,,,,,,,
147,PT00M52.80S,2022-01-17T19:37:39.4Z,1,REGULAR,rebound,defensive,[],203083,,,1610612755,36,27,2022-01-17T19:37:53Z,1470000,,,0,,A. Drummond REBOUND (Off:0 Def:1),[203083],1610612755.0,PHI,,,,Drummond,A. Drummond,,,,,,,,,,,146.0,1.0,1.0,0.0,,,,,,,,,,,
148,PT00M42.50S,2022-01-17T19:38:02.6Z,1,REGULAR,2pt,Layup,['pointsinthepaint'],203083,7.178055190538765,56.86274509803921,1610612755,36,29,2022-01-17T19:38:07Z,1480000,-34.0,15.0,1,left,A. Drummond alley-oop Layup (2 PTS) (F. Korkmaz 3 AST),"[203083, 1627788]",1610612755.0,PHI,alley-oop,,,Drummond,A. Drummond,,,,,3.74,Made,2.0,F. Korkmaz,1627788.0,3.0,,,,,,,,,,,,,,,
150,PT00M32.50S,2022-01-17T19:38:13.9Z,1,REGULAR,3pt,Jump Shot,[],203915,65.52233902759527,40.68627450980392,1610612764,36,29,2022-01-17T19:38:18Z,1500000,-47.0,272.0,1,right,MISS S. Dinwiddie 27' pullup 3PT,[203915],1610612764.0,WAS,pullup,,,Dinwiddie,S. Dinwiddie,,,,,27.56,Missed,,,,,,,,,,,,,,,,,,,
151,PT00M29.70S,2022-01-17T19:38:16.7Z,1,REGULAR,rebound,defensive,[],1627777,,,1610612755,36,29,2022-01-17T19:38:18Z,1510000,,,0,,G. Niang REBOUND (Off:0 Def:1),[1627777],1610612755.0,PHI,,,,Niang,G. Niang,,,,,,,,,,,150.0,1.0,1.0,0.0,,,,,,,,,,,
152,PT00M10.40S,2022-01-17T19:38:36.0Z,1,REGULAR,3pt,Jump Shot,[],1630198,19.92444152431012,5.392156862745098,1610612755,36,29,2022-01-17T19:38:41Z,1520000,223.0,135.0,1,left,MISS I. Joe 26' 3PT,[1630198],1610612755.0,PHI,,,,Joe,I. Joe,,,,,26.06,Missed,,,,,,,,,,,,,,,,,,,
153,PT00M05.90S,2022-01-17T19:38:40.5Z,1,REGULAR,rebound,defensive,[],203526,,,1610612764,36,29,2022-01-17T19:38:41Z,1530000,,,0,,R. Neto REBOUND (Off:0 Def:1),[203526],1610612764.0,WAS,,,,Neto,R. Neto,,,,,,,,,,,152.0,1.0,1.0,0.0,,,,,,,,,,,
154,PT00M00.10S,2022-01-17T19:38:46.8Z,1,REGULAR,2pt,Jump Shot,[],1628418,78.13731931668858,29.65686274509804,1610612764,38,29,2022-01-17T19:38:54Z,1540000,-102.0,153.0,1,right,T. Bryant 18' Jump Shot (6 PTS) (R. Neto 2 AST),"[1628418, 203526]",1610612764.0,WAS,,,,Bryant,T. Bryant,,,,,18.37,Made,6.0,R. Neto,203526.0,2.0,,,,,,,,,,,,,,,
156,PT00M00.00S,2022-01-17T19:38:56.9Z,1,REGULAR,instantreplay,request,[],0,,,1610612755,38,29,2022-01-17T19:39:25Z,1560000,,,0,,,[],,,support,,,,,,,,,,,,,,,,,,,,,,1148.0,,,,,,,End Period - Good Basket
157,PT00M00.00S,2022-01-17T19:39:28.3Z,1,REGULAR,period,end,[],0,,,1610612755,38,29,2022-01-17T19:39:28Z,1570000,,,0,,Period End,[],,,,,,,,,,,,,,,,,,,,,,,,,,,,,,,,
158,PT12M00.00S,2022-01-17T19:41:27.3Z,2,REGULAR,period,start,[],0,,,1610612764,38,29,2022-01-17T19:41:27Z,1580000,,,0,,Period Start,[],,,,,,,,,,,,,,,,,,,,,,,,,,,,,,,,
159,PT11M40.00S,2022-01-17T19:41:46.4Z,2,REGULAR,3pt,Jump Shot,[],203915,71.17279894875165,8.57843137254902,1610612764,38,29,2022-01-17T19:41:50Z,1590000,-207.0,218.0,1,right,MISS S. Dinwiddie 30' 3PT,[203915],1610612764.0,WAS,,,,Dinwiddie,S. Dinwiddie,,,,,30.11,Missed,,,,,,,,,,,,,,,,,,,
160,PT11M36.00S,2022-01-17T19:41:50.4Z,2,REGULAR,rebound,defensive,[],1627777,,,1610612755,38,29,2022-01-17T19:41:50Z,1600000,,,0,,G. Niang REBOUND (Off:0 Def:2),[1627777],1610612755.0,PHI,,,,Niang,G. Niang,,,,,,,,,,,159.0,2.0,2.0,0.0,,,,,,,,,,,
161,PT11M29.00S,2022-01-17T19:41:58.1Z,2,REGULAR,2pt,Layup,['pointsinthepaint'],1627788,8.886333771353483,38.48039215686275,1610612755,38,31,2022-01-17T19:42:15Z,1610000,58.0,31.0,1,left,F. Korkmaz 6' driving Layup (4 PTS),[1627788],1610612755.0,PHI,driving,,,Korkmaz,F. Korkmaz,,,,,6.54,Made,4.0,,,,,,,,,,,,,,,,,,
162,PT11M07.00S,2022-01-17T19:42:18.6Z,2,REGULAR,2pt,Jump Shot,[],1629060,82.34231274638634,85.04901960784314,1610612764,38,31,2022-01-17T19:42:44Z,1620000,175.0,113.0,1,right,MISS R. Hachimura 20' pullup Shot,[1629060],1610612764.0,WAS,pullup,,,Hachimura,R. Hachimura,,,,,20.88,Missed,,,,,,,,,,,,,,,,,,,
163,PT11M05.00S,2022-01-17T19:42:20.6Z,2,REGULAR,rebound,defensive,[],203083,,,1610612755,38,31,2022-01-17T19:42:23Z,1630000,,,0,,A. Drummond REBOUND (Off:0 Def:2),[203083],1610612755.0,PHI,,,,Drummond,A. Drummond,,,,,,,,,,,162.0,2.0,2.0,0.0,,,,,,,,,,,
164,PT10M57.00S,2022-01-17T19:42:29.6Z,2,REGULAR,3pt,Jump Shot,[],1627777,33.327858081471746,61.51960784313726,1610612755,38,34,2022-01-17T19:42:34Z,1640000,-58.0,261.0,1,left,G. Niang 26' 3PT  (6 PTS) (F. Korkmaz 4 AST),"[1627777, 1627788]",1610612755.0,PHI,,,,Niang,G. Niang,,,,,26.71,Made,6.0,F. Korkmaz,1627788.0,4.0,,,,,,,,,,,,,,,
166,PT10M39.00S,2022-01-17T19:42:47.1Z,2,REGULAR,3pt,Jump Shot,[],1628418,65.78515111695138,48.529411764705884,1610612764,41,34,2022-01-17T19:42:51Z,1660000,-7.0,269.0,1,right,T. Bryant 26' 3PT  (9 PTS) (S. Dinwiddie 2 AST),"[1628418, 203915]",1610612764.0,WAS,,,,Bryant,T. Bryant,,,,,26.92,Made,9.0,S. Dinwiddie,203915.0,2.0,,,,,,,,,,,,,,,
168,PT10M36.00S,2022-01-17T19:42:59.9Z,2,REGULAR,foul,technical,['1freethrow'],1628418,,,1610612755,41,34,2022-01-17T19:43:07Z,1680000,,,0,,T. Bryant technical FOUL (1 Tech),[1628418],1610612764.0,WAS,,,,Bryant,T. Bryant,,,,,,,,,,,,,,,,,,1627963.0,1.0,1.0,,,,,
169,PT10M36.00S,2022-01-17T19:43:17.2Z,2,REGULAR,freethrow,1 of 1,[],1627777,,,1610612755,41,35,2022-01-17T19:43:17Z,1690000,,,0,,G. Niang technical Free Throw 1 of 1 (7 PTS),[1627777],1610612755.0,PHI,technical,,,Niang,G. Niang,,,,,,Made,7.0,,,,,,,,,,,,,,,,,,
170,PT10M36.00S,2022-01-17T19:43:18.5Z,2,REGULAR,substitution,out,[],1628418,,,1610612755,41,35,2022-01-17T19:43:25Z,1700000,,,0,,SUB out: T. Bryant,[1628418],1610612764.0,WAS,,,,Bryant,T. Bryant,,,,,,,,,,,,,,,,,,,,,,,,,
171,PT10M36.00S,2022-01-17T19:43:18.5Z,2,REGULAR,substitution,out,[],1629718,,,1610612755,41,35,2022-01-17T19:43:25Z,1710000,,,0,,SUB out: C. Brown Jr.,[1629718],1610612755.0,PHI,,,,Brown Jr.,C. Brown Jr.,,,,,,,,,,,,,,,,,,,,,,,,,
172,PT10M36.00S,2022-01-17T19:43:18.5Z,2,REGULAR,substitution,in,[],1626149,,,1610612755,41,35,2022-01-17T19:43:25Z,1720000,,,0,,SUB in: M. Harrell,[1626149],1610612764.0,WAS,,,,Harrell,M. Harrell,,,,,,,,,,,,,,,,,,,,,,,,,
173,PT10M36.00S,2022-01-17T19:43:18.5Z,2,REGULAR,substitution,in,[],1630178,,,1610612755,41,35,2022-01-17T19:43:25Z,1730000,,,0,,SUB in: T. Maxey,[1630178],1610612755.0,PHI,,,,Maxey,T. Maxey,,,,,,,,,,,,,,,,,,,,,,,,,
174,PT10M27.00S,2022-01-17T19:43:48.9Z,2,REGULAR,foul,personal,[],1626149,,,1610612755,41,35,2022-01-17T19:43:56Z,1740000,,,0,,M. Harrell personal FOUL (1 PF),"[1626149, 203083]",1610612764.0,WAS,,,,Harrell,M. Harrell,,,,,,,,,,,,,,,,,,1148.0,1.0,0.0,Drummond,203083.0,,,
176,PT10M17.00S,2022-01-17T19:44:11.9Z,2,REGULAR,2pt,Jump Shot,['pointsinthepaint'],1627788,7.440867279894875,56.127450980392155,1610612755,41,35,2022-01-17T19:44:17Z,1760000,-31.0,17.0,1,left,MISS F. Korkmaz floating Shot,[1627788],1610612755.0,PHI,floating,,,Korkmaz,F. Korkmaz,,,,,3.52,Missed,,,,,,,,,,,,,,,,,,,
177,PT10M15.00S,2022-01-17T19:44:13.9Z,2,REGULAR,rebound,offensive,[],203083,,,1610612755,41,35,2022-01-17T19:44:17Z,1770000,,,0,,A. Drummond REBOUND (Off:1 Def:2),[203083],1610612755.0,PHI,,,,Drummond,A. Drummond,,,,,,,,,,,176.0,3.0,2.0,1.0,,,,,,,,,,,
178,PT10M13.00S,2022-01-17T19:44:15.9Z,2,REGULAR,3pt,Jump Shot,['2ndchance'],1630198,34.510512483574246,51.9607843137255,1610612755,41,35,2022-01-17T19:44:19Z,1780000,-10.0,272.0,1,left,MISS I. Joe 27' 3PT,[1630198],1610612755.0,PHI,,,,Joe,I. Joe,,,,,27.21,Missed,,,,,,,,,,,,,,,,,,,
179,PT10M13.00S,2022-01-17T19:44:15.9Z,2,REGULAR,rebound,defensive,[],1629060,,,1610612764,41,35,2022-01-17T19:44:19Z,1790000,,,0,,R. Hachimura REBOUND (Off:0 Def:1),[1629060],1610612764.0,WAS,,,,Hachimura,R. Hachimura,,,,,,,,,,,178.0,1.0,1.0,0.0,,,,,,,,,,,
180,PT09M58.00S,2022-01-17T19:44:32.4Z,2,REGULAR,foul,personal,['2freethrow'],1630178,,,1610612764,41,35,2022-01-17T19:44:41Z,1800000,,,0,,T. Maxey shooting personal FOUL (1 PF) (Hachimura 2 FT),"[1630178, 1629060]",1610612755.0,PHI,shooting,,,Maxey,T. Maxey,,,,,,,,,,,,,,,,,,1148.0,1.0,0.0,Hachimura,1629060.0,,,
182,PT09M58.00S,2022-01-17T19:45:04.2Z,2,REGULAR,freethrow,1 of 2,[],1629060,,,1610612764,42,35,2022-01-17T19:45:04Z,1820000,,,0,,R. Hachimura Free Throw 1 of 2 (1 PTS),[1629060],1610612764.0,WAS,,,,Hachimura,R. Hachimura,,,,,,Made,1.0,,,,,,,,,,,,,,,,,,
183,PT09M58.00S,2022-01-17T19:45:21.3Z,2,REGULAR,freethrow,2 of 2,[],1629060,,,1610612764,43,35,2022-01-17T19:45:21Z,1830000,,,0,,R. Hachimura Free Throw 2 of 2 (2 PTS),[1629060],1610612764.0,WAS,,,,Hachimura,R. Hachimura,,,,,,Made,2.0,,,,,,,,,,,,,,,,,,
184,PT09M46.00S,2022-01-17T19:45:34.5Z,2,REGULAR,2pt,DUNK,['pointsinthepaint'],203083,6.521024967148489,56.372549019607845,1610612755,43,35,2022-01-17T19:45:40Z,1840000,-32.0,9.0,1,left,MISS A. Drummond alley-oop DUNK,[203083],1610612755.0,PHI,alley-oop,,,Drummond,A. Drummond,,,,,3.31,Missed,,,,,,,,,,,,,,,,,,,
185,PT09M40.00S,2022-01-17T19:45:40.5Z,2,REGULAR,rebound,defensive,[],203526,,,1610612764,43,35,2022-01-17T19:45:40Z,1850000,,,0,,R. Neto REBOUND (Off:0 Def:2),[203526],1610612764.0,WAS,,,,Neto,R. Neto,,,,,,,,,,,184.0,2.0,2.0,0.0,,,,,,,,,,,
186,PT09M39.00S,2022-01-17T19:45:43.5Z,2,REGULAR,foul,personal,[],203083,,,1610612764,43,35,2022-01-17T19:46:22Z,1860000,,,0,,A. Drummond personal FOUL (1 PF),"[203083, 203526]",1610612755.0,PHI,,,,Drummond,A. Drummond,,,,,,,,,,,,,,,,,,204059.0,1.0,0.0,Neto,203526.0,,,
188,PT09M39.00S,2022-01-17T19:45:56.8Z,2,REGULAR,foul,technical,['1freethrow'],203083,,,1610612764,43,35,2022-01-17T19:46:03Z,1880000,,,0,,A. Drummond technical FOUL (1 Tech),[203083],1610612755.0,PHI,,,,Drummond,A. Drummond,,,,,,,,,,,,,,,,,,204059.0,1.0,1.0,,,,,
189,PT09M39.00S,2022-01-17T19:46:06.1Z,2,REGULAR,freethrow,1 of 1,[],203915,,,1610612764,44,35,2022-01-17T19:46:06Z,1890000,,,0,,S. Dinwiddie technical Free Throw 1 of 1 (5 PTS),[203915],1610612764.0,WAS,technical,,,Dinwiddie,S. Dinwiddie,,,,,,Made,5.0,,,,,,,,,,,,,,,,,,
190,PT09M32.00S,2022-01-17T19:46:31.4Z,2,REGULAR,2pt,Layup,['pointsinthepaint'],203526,93.24901445466492,45.588235294117645,1610612764,44,35,2022-01-17T19:46:35Z,1900000,-22.0,11.0,1,right,MISS R. Neto driving finger roll Layup,[203526],1610612764.0,WAS,driving finger roll,,,Neto,R. Neto,,,,,2.47,Missed,,,,,,,,,,,,,,,,,,,
191,PT09M31.00S,2022-01-17T19:46:32.4Z,2,REGULAR,rebound,defensive,[],203083,,,1610612755,44,35,2022-01-17T19:46:35Z,1910000,,,0,,A. Drummond REBOUND (Off:1 Def:3),[203083],1610612755.0,PHI,,,,Drummond,A. Drummond,,,,,,,,,,,190.0,4.0,3.0,1.0,,,,,,,,,,,
192,PT09M22.00S,2022-01-17T19:46:41.4Z,2,REGULAR,2pt,Layup,['pointsinthepaint'],1627788,8.360709592641262,46.81372549019608,1610612755,44,37,2022-01-17T19:47:03Z,1920000,16.0,26.0,1,left,F. Korkmaz driving Layup (6 PTS),[1627788],1610612755.0,PHI,driving,,,Korkmaz,F. Korkmaz,,,,,3.06,Made,6.0,,,,,,,,,,,,,,,,,,
193,PT09M05.00S,2022-01-17T19:46:58.6Z,2,REGULAR,turnover,lost ball,[],203526,,,1610612764,44,37,2022-01-17T19:47:03Z,1930000,,,0,,R. Neto lost ball TURNOVER (1 TO),"[203526, 203083]",1610612764.0,WAS,,,,Neto,R. Neto,,,,,,,,,,,,,,,1.0,Drummond,203083.0,,,,,,,,
194,PT09M05.00S,2022-01-17T19:46:58.6Z,2,REGULAR,steal,,[],203083,,,1610612755,44,37,2022-01-17T19:47:43Z,1940000,,,0,,A. Drummond STEAL (1 STL),[203083],1610612755.0,PHI,,,,Drummond,A. Drummond,,,,,,,,,,,,,,,,,,,,,,,,,
195,PT09M01.00S,2022-01-17T19:47:03.0Z,2,REGULAR,2pt,Layup,"['pointsinthepaint', 'fromturnover', 'fastbreak']",1630178,6.521024967148489,55.14705882352941,1610612755,44,39,2022-01-17T19:47:12Z,1950000,-26.0,9.0,1,left,T. Maxey Layup (4 PTS),[1630178],1610612755.0,PHI,,,,Maxey,T. Maxey,,,,,2.72,Made,4.0,,,,,,,,,,,,,,,,,,
196,PT08M51.00S,2022-01-17T19:47:13.4Z,2,REGULAR,3pt,Jump Shot,[],1629060,70.51576872536137,75.49019607843137,1610612764,47,39,2022-01-17T19:49:08Z,1960000,127.0,225.0,1,right,R. Hachimura 25' 3PT  (5 PTS) (M. Harrell 1 AST),"[1629060, 1626149]",1610612764.0,WAS,,,,Hachimura,R. Hachimura,,,,,25.84,Made,5.0,M. Harrell,1626149.0,1.0,,,,,,,,,,,,,,,
198,PT08M34.00S,2022-01-17T19:47:30.3Z,2,REGULAR,2pt,Jump Shot,[],1630178,19.66162943495401,27.696078431372552,1610612755,47,39,2022-01-17T19:47:34Z,1980000,112.0,132.0,1,left,MISS T. Maxey 17' pullup Shot,[1630178],1610612755.0,PHI,pullup,,,Maxey,T. Maxey,,,,,17.3,Missed,,,,,,,,,,,,,,,,,,,
199,PT08M31.00S,2022-01-17T19:47:33.3Z,2,REGULAR,rebound,defensive,[],1629060,,,1610612764,47,39,2022-01-17T19:47:34Z,1990000,,,0,,R. Hachimura REBOUND (Off:0 Def:2),[1629060],1610612764.0,WAS,,,,Hachimura,R. Hachimura,,,,,,,,,,,198.0,2.0,2.0,0.0,,,,,,,,,,,
200,PT08M21.00S,2022-01-17T19:47:43.6Z,2,REGULAR,3pt,Jump Shot,[],1630557,69.59592641261499,18.38235294117647,1610612764,47,39,2022-01-17T19:47:47Z,2000000,-158.0,233.0,1,right,MISS C. Kispert 28' 3PT,[1630557],1610612764.0,WAS,,,,Kispert,C. Kispert,,,,,28.18,Missed,,,,,,,,,,,,,,,,,,,
201,PT08M17.00S,2022-01-17T19:47:47.6Z,2,REGULAR,rebound,defensive,[],1630178,,,1610612755,47,39,2022-01-17T19:47:47Z,2010000,,,0,,T. Maxey REBOUND (Off:0 Def:2),[1630178],1610612755.0,PHI,,,,Maxey,T. Maxey,,,,,,,,,,,200.0,2.0,2.0,0.0,,,,,,,,,,,
202,PT08M09.00S,2022-01-17T19:47:54.8Z,2,REGULAR,2pt,Jump Shot,[],1630178,21.369908015768726,26.47058823529412,1610612755,47,39,2022-01-17T19:47:58Z,2020000,118.0,148.0,1,left,MISS T. Maxey 18' pullup Shot,[1630178],1610612755.0,PHI,pullup,,,Maxey,T. Maxey,,,,,18.93,Missed,,,,,,,,,,,,,,,,,,,
203,PT08M06.00S,2022-01-17T19:47:57.8Z,2,REGULAR,rebound,defensive,[],203915,,,1610612764,47,39,2022-01-17T19:47:58Z,2030000,,,0,,S. Dinwiddie REBOUND (Off:0 Def:1),[203915],1610612764.0,WAS,,,,Dinwiddie,S. Dinwiddie,,,,,,,,,,,202.0,1.0,1.0,0.0,,,,,,,,,,,
204,PT07M55.00S,2022-01-17T19:48:09.0Z,2,REGULAR,2pt,Jump Shot,['pointsinthepaint'],1630557,87.07293035479631,49.26470588235294,1610612764,47,39,2022-01-17T19:48:14Z,2040000,-4.0,69.0,1,right,MISS C. Kispert 6' floating Shot,[1630557],1610612764.0,WAS,floating,,,Kispert,C. Kispert,,,,,6.91,Missed,,,,,,,,,,,,,,,,,,,
205,PT07M50.00S,2022-01-17T19:48:14.0Z,2,REGULAR,rebound,defensive,[],203083,,,1610612755,47,39,2022-01-17T19:48:14Z,2050000,,,0,,A. Drummond REBOUND (Off:1 Def:4),[203083],1610612755.0,PHI,,,,Drummond,A. Drummond,,,,,,,,,,,204.0,5.0,4.0,1.0,,,,,,,,,,,
206,PT07M43.00S,2022-01-17T19:48:24.0Z,2,REGULAR,foul,personal,['2freethrow'],1630557,,,1610612755,47,39,2022-01-17T19:48:40Z,2060000,,,0,,C. Kispert shooting personal FOUL (1 PF) (Maxey 2 FT),"[1630557, 1630178]",1610612764.0,WAS,shooting,,,Kispert,C. Kispert,,,,,,,,,,,,,,,,,,204059.0,1.0,0.0,Maxey,1630178.0,,,
208,PT07M43.00S,2022-01-17T19:48:55.3Z,2,REGULAR,freethrow,1 of 2,[],1630178,,,1610612755,47,39,2022-01-17T19:48:55Z,2080000,,,0,,MISS T. Maxey Free Throw 1 of 2,[1630178],1610612755.0,PHI,,,,Maxey,T. Maxey,,,,,,Missed,,,,,,,,,,,,,,,,,,,
209,PT07M43.00S,2022-01-17T19:48:55.3Z,2,REGULAR,rebound,offensive,"['deadball', 'team']",0,,,1610612755,47,39,2022-01-17T19:48:55Z,2090000,,,0,,TEAM offensive REBOUND,[],1610612755.0,PHI,,,,,,,,,,,,,,,,208.0,,,,,,,,,,,,,,
210,PT07M43.00S,2022-01-17T19:49:03.4Z,2,REGULAR,substitution,out,[],1630557,,,1610612755,47,39,2022-01-17T19:49:19Z,2100000,,,0,,SUB out: C. Kispert,[1630557],1610612764.0,WAS,,,,Kispert,C. Kispert,,,,,,,,,,,,,,,,,,,,,,,,,
211,PT07M43.00S,2022-01-17T19:49:03.4Z,2,REGULAR,substitution,out,[],1630198,,,1610612755,47,39,2022-01-17T19:49:19Z,2110000,,,0,,SUB out: I. Joe,[1630198],1610612755.0,PHI,,,,Joe,I. Joe,,,,,,,,,,,,,,,,,,,,,,,,,
212,PT07M43.00S,2022-01-17T19:49:03.4Z,2,REGULAR,substitution,in,[],203484,,,1610612755,47,39,2022-01-17T19:49:19Z,2120000,,,0,,SUB in: K. Caldwell-Pope,[203484],1610612764.0,WAS,,,,Caldwell-Pope,K. Caldwell-Pope,,,,,,,,,,,,,,,,,,,,,,,,,
213,PT07M43.00S,2022-01-17T19:49:03.4Z,2,REGULAR,substitution,in,[],203552,,,1610612755,47,39,2022-01-17T19:49:19Z,2130000,,,0,,SUB in: S. Curry,[203552],1610612755.0,PHI,,,,Curry,S. Curry,,,,,,,,,,,,,,,,,,,,,,,,,
214,PT07M43.00S,2022-01-17T19:49:22.3Z,2,REGULAR,freethrow,2 of 2,[],1630178,,,1610612755,47,40,2022-01-17T19:49:22Z,2140000,,,0,,T. Maxey Free Throw 2 of 2 (5 PTS),[1630178],1610612755.0,PHI,,,,Maxey,T. Maxey,,,,,,Made,5.0,,,,,,,,,,,,,,,,,,
215,PT07M32.00S,2022-01-17T19:49:29.4Z,2,REGULAR,3pt,Jump Shot,[],203526,69.07030223390277,25.245098039215684,1610612764,47,40,2022-01-17T19:49:33Z,2150000,-124.0,238.0,1,right,MISS R. Neto 26' 3PT,[203526],1610612764.0,WAS,,,,Neto,R. Neto,,,,,26.85,Missed,,,,,,,,,,,,,,,,,,,
216,PT07M29.00S,2022-01-17T19:49:32.4Z,2,REGULAR,rebound,defensive,[],203083,,,1610612755,47,40,2022-01-17T19:49:33Z,2160000,,,0,,A. Drummond REBOUND (Off:1 Def:5),[203083],1610612755.0,PHI,,,,Drummond,A. Drummond,,,,,,,,,,,215.0,6.0,5.0,1.0,,,,,,,,,,,
217,PT07M14.00S,2022-01-17T19:49:47.2Z,2,REGULAR,3pt,Jump Shot,[],1627777,4.812746386333772,99.50980392156863,1610612755,47,40,2022-01-17T19:49:51Z,2170000,-248.0,-7.0,1,left,MISS G. Niang 24' 3PT,[1627777],1610612755.0,PHI,,,,Niang,G. Niang,,,,,24.76,Missed,,,,,,,,,,,,,,,,,,,
218,PT07M12.00S,2022-01-17T19:49:49.2Z,2,REGULAR,rebound,defensive,[],1626149,,,1610612764,47,40,2022-01-17T19:50:27Z,2180000,,,0,,M. Harrell REBOUND (Off:0 Def:1),[1626149],1610612764.0,WAS,,,,Harrell,M. Harrell,,,,,,,,,,,217.0,1.0,1.0,0.0,,,,,,,,,,,
219,PT07M12.00S,2022-01-17T19:49:58.9Z,2,REGULAR,foul,personal,[],1627777,,,1610612764,47,40,2022-01-17T19:51:15Z,2190000,,,0,,G. Niang personal FOUL (1 PF),"[1627777, 203526]",1610612755.0,PHI,,,,Niang,G. Niang,,,,,,,,,,,,,,,,,,204059.0,1.0,0.0,Neto,203526.0,,,
228,PT07M12.00S,2022-01-17T19:50:14.7Z,2,REGULAR,substitution,out,[],1629060,,,1610612764,47,40,2022-01-17T19:51:34Z,2205000,,,0,,SUB out: R. Hachimura,[1629060],1610612764.0,WAS,,,,Hachimura,R. Hachimura,,,,,,,,,,,,,,,,,,,,,,,,,
229,PT07M12.00S,2022-01-17T19:50:14.7Z,2,REGULAR,substitution,in,[],1628398,,,1610612764,47,40,2022-01-17T19:51:34Z,2207500,,,0,,SUB in: K. Kuzma,[1628398],1610612764.0,WAS,,,,Kuzma,K. Kuzma,,,,,,,,,,,,,,,,,,,,,,,,,
221,PT06M59.00S,2022-01-17T19:50:30.5Z,2,REGULAR,2pt,Layup,['pointsinthepaint'],203484,89.17542706964521,37.5,1610612764,47,40,2022-01-17T19:50:34Z,2210000,-62.0,49.0,1,right,MISS K. Caldwell-Pope 7' Layup,[203484],1610612764.0,WAS,,,,Caldwell-Pope,K. Caldwell-Pope,,,,,7.96,Missed,,,,,,,,,,,,,,,,,,,
222,PT06M56.00S,2022-01-17T19:50:33.5Z,2,REGULAR,rebound,offensive,[],1626149,,,1610612764,47,40,2022-01-17T19:50:34Z,2220000,,,0,,M. Harrell REBOUND (Off:1 Def:1),[1626149],1610612764.0,WAS,,,,Harrell,M. Harrell,,,,,,,,,,,221.0,2.0,1.0,1.0,,,,,,,,,,,
223,PT06M56.00S,2022-01-17T19:50:33.5Z,2,REGULAR,2pt,Layup,"['2ndchance', 'pointsinthepaint']",1626149,94.40999984741211,50.0,1610612764,49,40,2022-01-17T19:52:05Z,2230000,0.0,0.0,1,right,M. Harrell tip Layup (2 PTS),[1626149],1610612764.0,WAS,tip,,,Harrell,M. Harrell,,,,,0.0,Made,2.0,,,,,,,,,,,,,,,,,,
225,PT06M45.00S,2022-01-17T19:50:47.1Z,2,REGULAR,foul,offensive,[],203083,,,1610612755,49,40,2022-01-17T19:51:10Z,2250000,,,0,,A. Drummond offensive FOUL (2 PF),"[203083, 1628398]",1610612755.0,PHI,,,,Drummond,A. Drummond,,,,,,,,,,,,,,,,,,1627963.0,2.0,1.0,Kuzma,1628398.0,,,
227,PT06M45.00S,2022-01-17T19:50:47.1Z,2,REGULAR,turnover,offensive foul,[],203083,,,1610612755,49,40,2022-01-17T19:50:47Z,2270000,,,0,,A. Drummond offensive foul TURNOVER (1 TO),[203083],1610612755.0,PHI,,,,Drummond,A. Drummond,,,,,,,,,,,,,,,1.0,,,1627963.0,,,,,,,
281,PT06M45.00S,2022-01-17T19:51:29.7Z,2,REGULAR,timeout,full,"['team', 'mandatory']",0,,,1610612764,49,40,2022-01-17T20:01:02Z,2275000,,,0,,WAS Timeout,[],1610612764.0,WAS,,,,,,,,,,,,,,,,,,,,,,,,,,,,,,
230,PT06M45.00S,2022-01-17T19:52:12.4Z,2,REGULAR,substitution,out,[],203915,,,1610612764,49,40,2022-01-17T19:53:42Z,2280000,,,0,,SUB out: S. Dinwiddie,[203915],1610612764.0,WAS,,,,Dinwiddie,S. Dinwiddie,,,,,,,,,,,,,,,,,,,,,,,,,
231,PT06M45.00S,2022-01-17T19:52:12.4Z,2,REGULAR,substitution,out,[],203083,,,1610612764,49,40,2022-01-17T19:53:42Z,2290000,,,0,,SUB out: A. Drummond,[203083],1610612755.0,PHI,,,,Drummond,A. Drummond,,,,,,,,,,,,,,,,,,,,,,,,,
232,PT06M45.00S,2022-01-17T19:52:12.4Z,2,REGULAR,substitution,out,[],1627777,,,1610612764,49,40,2022-01-17T19:53:42Z,2300000,,,0,,SUB out: G. Niang,[1627777],1610612755.0,PHI,,,,Niang,G. Niang,,,,,,,,,,,,,,,,,,,,,,,,,
233,PT06M45.00S,2022-01-17T19:52:12.4Z,2,REGULAR,substitution,out,[],1627788,,,1610612764,49,40,2022-01-17T19:53:42Z,2310000,,,0,,SUB out: F. Korkmaz,[1627788],1610612755.0,PHI,,,,Korkmaz,F. Korkmaz,,,,,,,,,,,,,,,,,,,,,,,,,
234,PT06M45.00S,2022-01-17T19:52:12.4Z,2,REGULAR,substitution,in,[],203078,,,1610612764,49,40,2022-01-17T19:53:42Z,2320000,,,0,,SUB in: B. Beal,[203078],1610612764.0,WAS,,,,Beal,B. Beal,,,,,,,,,,,,,,,,,,,,,,,,,
235,PT06M45.00S,2022-01-17T19:52:12.4Z,2,REGULAR,substitution,in,[],202699,,,1610612764,49,40,2022-01-17T19:53:42Z,2330000,,,0,,SUB in: T. Harris,[202699],1610612755.0,PHI,,,,Harris,T. Harris,,,,,,,,,,,,,,,,,,,,,,,,,
236,PT06M45.00S,2022-01-17T19:52:12.4Z,2,REGULAR,substitution,in,[],203954,,,1610612764,49,40,2022-01-17T19:53:42Z,2340000,,,0,,SUB in: J. Embiid,[203954],1610612755.0,PHI,,,,Embiid,J. Embiid,,,,,,,,,,,,,,,,,,,,,,,,,
237,PT06M45.00S,2022-01-17T19:52:12.4Z,2,REGULAR,substitution,in,[],1629718,,,1610612764,49,40,2022-01-17T19:53:42Z,2350000,,,0,,SUB in: C. Brown Jr.,[1629718],1610612755.0,PHI,,,,Brown Jr.,C. Brown Jr.,,,,,,,,,,,,,,,,,,,,,,,,,
238,PT06M32.00S,2022-01-17T19:54:05.3Z,2,REGULAR,2pt,Jump Shot,"['pointsinthepaint', 'fromturnover']",1628398,91.40932982917214,42.40196078431372,1610612764,49,40,2022-01-17T19:54:39Z,2360000,-38.0,28.0,1,right,MISS K. Kuzma driving bank Shot,[1628398],1610612764.0,WAS,driving bank,,,Kuzma,K. Kuzma,,,,,4.74,Missed,,,,,,,,,,,,,,,,,,,
239,PT06M30.00S,2022-01-17T19:54:07.3Z,2,REGULAR,rebound,defensive,[],1629718,,,1610612755,49,40,2022-01-17T19:54:12Z,2370000,,,0,,C. Brown Jr. REBOUND (Off:0 Def:2),[1629718],1610612755.0,PHI,,,,Brown Jr.,C. Brown Jr.,,,,,,,,,,,238.0,2.0,2.0,0.0,,,,,,,,,,,
240,PT06M18.00S,2022-01-17T19:54:19.4Z,2,REGULAR,3pt,Jump Shot,[],1629718,21.76412614980289,8.333333333333332,1610612755,49,40,2022-01-17T19:54:23Z,2380000,208.0,152.0,1,left,MISS C. Brown Jr. 25' 3PT,[1629718],1610612755.0,PHI,,,,Brown Jr.,C. Brown Jr.,,,,,25.79,Missed,,,,,,,,,,,,,,,,,,,
241,PT06M15.00S,2022-01-17T19:54:21.5Z,2,REGULAR,rebound,defensive,[],203078,,,1610612764,49,40,2022-01-17T19:54:21Z,2390000,,,0,,B. Beal REBOUND (Off:1 Def:2),[203078],1610612764.0,WAS,,,,Beal,B. Beal,,,,,,,,,,,240.0,3.0,2.0,1.0,,,,,,,,,,,
242,PT06M05.00S,2022-01-17T19:54:31.5Z,2,REGULAR,2pt,Jump Shot,['pointsinthepaint'],1626149,88.78120893561103,49.26470588235294,1610612764,51,40,2022-01-17T19:55:02Z,2400000,-4.0,53.0,1,right,M. Harrell floating Jump Shot (4 PTS),[1626149],1610612764.0,WAS,floating,,,Harrell,M. Harrell,,,,,5.31,Made,4.0,,,,,,,,,,,,,,,,,,
243,PT05M47.00S,2022-01-17T19:54:48.8Z,2,REGULAR,2pt,Layup,['pointsinthepaint'],203954,5.863994743758213,60.049019607843135,1610612755,51,40,2022-01-17T19:54:52Z,2410000,-50.0,3.0,1,left,MISS J. Embiid Layup - blocked,"[203954, 1628398]",1610612755.0,PHI,,,,Embiid,J. Embiid,,,,,5.03,Missed,,,,,,,,,,,,,,,,,Kuzma,1628398.0,
244,PT05M47.00S,2022-01-17T19:54:48.8Z,2,REGULAR,block,,[],1628398,,,1610612755,51,40,2022-01-17T19:54:51Z,2420000,,,0,,K. Kuzma BLOCK (1 BLK),[1628398],1610612764.0,WAS,,,,Kuzma,K. Kuzma,,,,,,,,,,,,,,,,,,,,,,,,,
245,PT05M44.00S,2022-01-17T19:54:51.8Z,2,REGULAR,rebound,offensive,[],1629718,,,1610612755,51,40,2022-01-17T19:54:52Z,2430000,,,0,,C. Brown Jr. REBOUND (Off:1 Def:2),[1629718],1610612755.0,PHI,,,,Brown Jr.,C. Brown Jr.,,,,,,,,,,,243.0,3.0,2.0,1.0,,,,,,,,,,,
246,PT05M44.00S,2022-01-17T19:54:53.0Z,2,REGULAR,2pt,Layup,"['pointsinthepaint', '2ndchance']",1629718,6.915243101182654,49.01960784313725,1610612755,51,42,2022-01-17T19:57:54Z,2440000,5.0,13.0,1,left,C. Brown Jr. tip Layup (4 PTS),[1629718],1610612755.0,PHI,tip,,,Brown Jr.,C. Brown Jr.,,,,,1.34,Made,4.0,,,,,,,,,,,,,,,,,,
247,PT05M33.00S,2022-01-17T19:55:06.0Z,2,REGULAR,foul,personal,['2freethrow'],202699,,,1610612764,51,42,2022-01-17T19:55:11Z,2450000,,,0,,T. Harris shooting personal FOUL (2 PF) (Harrell 2 FT),"[202699, 1626149]",1610612755.0,PHI,shooting,,,Harris,T. Harris,,,,,,,,,,,,,,,,,,204059.0,2.0,0.0,Harrell,1626149.0,,,
249,PT05M33.00S,2022-01-17T19:55:51.3Z,2,REGULAR,freethrow,1 of 2,[],1626149,,,1610612764,52,42,2022-01-17T19:55:51Z,2470000,,,0,,M. Harrell Free Throw 1 of 2 (5 PTS),[1626149],1610612764.0,WAS,,,,Harrell,M. Harrell,,,,,,Made,5.0,,,,,,,,,,,,,,,,,,
250,PT05M33.00S,2022-01-17T19:56:18.8Z,2,REGULAR,freethrow,2 of 2,[],1626149,,,1610612764,53,42,2022-01-17T19:56:18Z,2480000,,,0,,M. Harrell Free Throw 2 of 2 (6 PTS),[1626149],1610612764.0,WAS,,,,Harrell,M. Harrell,,,,,,Made,6.0,,,,,,,,,,,,,,,,,,
251,PT05M14.00S,2022-01-17T19:56:40.3Z,2,REGULAR,2pt,Jump Shot,[],202699,20.45006570302234,47.30392156862745,1610612755,53,44,2022-01-17T19:56:44Z,2490000,13.0,140.0,1,left,T. Harris 14' pullup Jump Shot (7 PTS),[202699],1610612755.0,PHI,pullup,,,Harris,T. Harris,,,,,14.04,Made,7.0,,,,,,,,,,,,,,,,,,
252,PT04M55.00S,2022-01-17T19:56:59.0Z,2,REGULAR,3pt,Jump Shot,[],203484,95.74572930354796,96.07843137254902,1610612764,56,44,2022-01-17T19:57:03Z,2500000,230.0,-13.0,1,right,K. Caldwell-Pope 3PT pullup (7 PTS) (B. Beal 3 AST),"[203484, 203078]",1610612764.0,WAS,pullup,,,Caldwell-Pope,K. Caldwell-Pope,,,,,23.07,Made,7.0,B. Beal,203078.0,3.0,,,,,,,,,,,,,,,
254,PT04M43.00S,2022-01-17T19:57:10.6Z,2,REGULAR,3pt,Jump Shot,[],203954,26.888961892247043,18.38235294117647,1610612755,56,47,2022-01-17T19:57:15Z,2520000,158.0,200.0,1,left,J. Embiid 25' 3PT  (14 PTS) (T. Maxey 1 AST),"[203954, 1630178]",1610612755.0,PHI,,,,Embiid,J. Embiid,,,,,25.52,Made,14.0,T. Maxey,1630178.0,1.0,,,,,,,,,,,,,,,
256,PT04M31.00S,2022-01-17T19:57:23.6Z,2,REGULAR,2pt,DUNK,['pointsinthepaint'],1628398,92.59198423127464,49.01960784313725,1610612764,58,47,2022-01-17T19:59:16Z,2540000,-5.0,17.0,1,right,K. Kuzma driving DUNK (7 PTS) (R. Neto 3 AST),"[1628398, 203526]",1610612764.0,WAS,driving,,,Kuzma,K. Kuzma,,,,,1.78,Made,7.0,R. Neto,203526.0,3.0,,,,,,,,,,,,,,,
258,PT04M16.00S,2022-01-17T19:57:37.9Z,2,REGULAR,3pt,Jump Shot,[],203954,33.722076215505915,51.9607843137255,1610612755,58,47,2022-01-17T19:57:42Z,2560000,-10.0,264.0,1,left,MISS J. Embiid 26' 3PT,[203954],1610612755.0,PHI,,,,Embiid,J. Embiid,,,,,26.47,Missed,,,,,,,,,,,,,,,,,,,
259,PT04M13.00S,2022-01-17T19:57:40.9Z,2,REGULAR,rebound,defensive,[],1628398,,,1610612764,58,47,2022-01-17T19:57:42Z,2570000,,,0,,K. Kuzma REBOUND (Off:0 Def:6),[1628398],1610612764.0,WAS,,,,Kuzma,K. Kuzma,,,,,,,,,,,258.0,6.0,6.0,0.0,,,,,,,,,,,
260,PT04M08.00S,2022-01-17T19:57:46.6Z,2,REGULAR,3pt,Jump Shot,[],1626149,96.13994743758212,96.07843137254902,1610612764,58,47,2022-01-17T19:58:09Z,2580000,230.0,-16.0,1,right,MISS M. Harrell 3PT,[1626149],1610612764.0,WAS,,,,Harrell,M. Harrell,,,,,23.1,Missed,,,,,,,,,,,,,,,,,,,
261,PT04M04.00S,2022-01-17T19:57:50.6Z,2,REGULAR,rebound,defensive,[],1630178,,,1610612755,58,47,2022-01-17T19:58:09Z,2590000,,,0,,T. Maxey REBOUND (Off:0 Def:3),[1630178],1610612755.0,PHI,,,,Maxey,T. Maxey,,,,,,,,,,,260.0,3.0,3.0,0.0,,,,,,,,,,,
262,PT03M52.00S,2022-01-17T19:58:01.5Z,2,REGULAR,2pt,Jump Shot,['pointsinthepaint'],202699,17.296320630749015,46.07843137254902,1610612755,58,47,2022-01-17T20:00:24Z,2600000,20.0,110.0,1,left,MISS T. Harris 11' turnaround fadeaway Shot,[202699],1610612755.0,PHI,turnaround fadeaway,,,Harris,T. Harris,,,,,11.18,Missed,,,,,,,,,,,,,,,,,,,
263,PT03M49.00S,2022-01-17T19:58:04.5Z,2,REGULAR,rebound,defensive,[],1628398,,,1610612764,58,47,2022-01-17T19:58:12Z,2610000,,,0,,K. Kuzma REBOUND (Off:0 Def:7),[1628398],1610612764.0,WAS,,,,Kuzma,K. Kuzma,,,,,,,,,,,262.0,7.0,7.0,0.0,,,,,,,,,,,
264,PT03M43.00S,2022-01-17T19:58:11.6Z,2,REGULAR,turnover,bad pass,[],1626149,,,1610612764,58,47,2022-01-17T19:58:15Z,2620000,,,0,,M. Harrell bad pass TURNOVER (1 TO),"[1626149, 203552]",1610612764.0,WAS,,,,Harrell,M. Harrell,,,,,,,,,,,,,,,1.0,Curry,203552.0,,,,,,,,
265,PT03M43.00S,2022-01-17T19:58:11.6Z,2,REGULAR,steal,,[],203552,,,1610612755,58,47,2022-01-17T19:58:13Z,2630000,,,0,,S. Curry STEAL (1 STL),[203552],1610612755.0,PHI,,,,Curry,S. Curry,,,,,,,,,,,,,,,,,,,,,,,,,
266,PT03M34.00S,2022-01-17T19:58:19.3Z,2,REGULAR,2pt,Layup,"['pointsinthepaint', 'fromturnover']",1630178,7.30946123521682,43.13725490196079,1610612755,58,49,2022-01-17T19:58:23Z,2640000,34.0,16.0,1,left,T. Maxey running Layup (7 PTS) (S. Curry 2 AST),"[1630178, 203552]",1610612755.0,PHI,running,,,Maxey,T. Maxey,,,,,3.79,Made,7.0,S. Curry,203552.0,2.0,,,,,,,,,,,,,,,
268,PT03M19.00S,2022-01-17T19:58:35.6Z,2,REGULAR,2pt,Layup,['pointsinthepaint'],203526,91.40932982917214,52.69607843137255,1610612764,60,49,2022-01-17T20:01:07Z,2660000,13.0,28.0,1,right,R. Neto driving Layup (2 PTS),[203526],1610612764.0,WAS,driving,,,Neto,R. Neto,,,,,3.14,Made,2.0,,,,,,,,,,,,,,,,,,
269,PT03M04.00S,2022-01-17T19:58:49.9Z,2,REGULAR,2pt,Layup,['pointsinthepaint'],203954,10.5946123521682,50.49019607843137,1610612755,60,49,2022-01-17T19:58:55Z,2670000,-2.0,47.0,1,left,MISS J. Embiid Layup - blocked,"[203954, 1628398]",1610612755.0,PHI,,,,Embiid,J. Embiid,,,,,4.72,Missed,,,,,,,,,,,,,,,,,Kuzma,1628398.0,
270,PT03M04.00S,2022-01-17T19:58:49.9Z,2,REGULAR,block,,[],1628398,,,1610612755,60,49,2022-01-17T19:58:52Z,2680000,,,0,,K. Kuzma BLOCK (2 BLK),[1628398],1610612764.0,WAS,,,,Kuzma,K. Kuzma,,,,,,,,,,,,,,,,,,,,,,,,,
271,PT03M01.00S,2022-01-17T19:58:52.9Z,2,REGULAR,rebound,offensive,[],1629718,,,1610612755,60,49,2022-01-17T19:58:55Z,2690000,,,0,,C. Brown Jr. REBOUND (Off:2 Def:2),[1629718],1610612755.0,PHI,,,,Brown Jr.,C. Brown Jr.,,,,,,,,,,,269.0,4.0,2.0,2.0,,,,,,,,,,,
272,PT03M01.00S,2022-01-17T19:58:53.5Z,2,REGULAR,2pt,Hook,"['pointsinthepaint', '2ndchance']",1629718,8.886333771353483,51.71568627450981,1610612755,60,49,2022-01-17T19:58:58Z,2700000,-9.0,31.0,1,left,MISS C. Brown Jr. Hook,[1629718],1610612755.0,PHI,,,,Brown Jr.,C. Brown Jr.,,,,,3.22,Missed,,,,,,,,,,,,,,,,,,,
273,PT02M58.00S,2022-01-17T19:58:56.5Z,2,REGULAR,rebound,defensive,[],1628398,,,1610612764,60,49,2022-01-17T19:58:58Z,2710000,,,0,,K. Kuzma REBOUND (Off:0 Def:8),[1628398],1610612764.0,WAS,,,,Kuzma,K. Kuzma,,,,,,,,,,,272.0,8.0,8.0,0.0,,,,,,,,,,,
274,PT02M50.00S,2022-01-17T19:59:04.1Z,2,REGULAR,turnover,bad pass,[],203078,,,1610612764,60,49,2022-01-17T19:59:08Z,2720000,,,0,,B. Beal bad pass TURNOVER (1 TO),"[203078, 1630178]",1610612764.0,WAS,,,,Beal,B. Beal,,,,,,,,,,,,,,,1.0,Maxey,1630178.0,,,,,,,,
275,PT02M50.00S,2022-01-17T19:59:04.1Z,2,REGULAR,steal,,[],1630178,,,1610612755,60,49,2022-01-17T19:59:47Z,2730000,,,0,,T. Maxey STEAL (1 STL),[1630178],1610612755.0,PHI,,,,Maxey,T. Maxey,,,,,,,,,,,,,,,,,,,,,,,,,
276,PT02M35.00S,2022-01-17T19:59:19.8Z,2,REGULAR,2pt,Jump Shot,['fromturnover'],1630178,6.652431011826544,21.323529411764707,1610612755,60,49,2022-01-17T20:02:02Z,2740000,143.0,10.0,1,left,MISS T. Maxey 14' pullup Shot,[1630178],1610612755.0,PHI,pullup,,,Maxey,T. Maxey,,,,,14.37,Missed,,,,,,,,,,,,,,,,,,,
277,PT02M31.00S,2022-01-17T19:59:23.8Z,2,REGULAR,rebound,defensive,[],1626149,,,1610612764,60,49,2022-01-17T19:59:26Z,2750000,,,0,,M. Harrell REBOUND (Off:1 Def:2),[1626149],1610612764.0,WAS,,,,Harrell,M. Harrell,,,,,,,,,,,276.0,3.0,2.0,1.0,,,,,,,,,,,
278,PT02M29.00S,2022-01-17T19:59:26.8Z,2,REGULAR,foul,personal,"['inpenalty', '2freethrow']",203954,,,1610612764,60,49,2022-01-17T19:59:33Z,2760000,,,0,,J. Embiid shooting personal FOUL (1 PF) (Beal 2 FT),"[203954, 203078]",1610612755.0,PHI,shooting,,,Embiid,J. Embiid,,,,,,,,,,,,,,,,,,1148.0,1.0,0.0,Beal,203078.0,,,
280,PT02M29.00S,2022-01-17T19:59:37.0Z,2,REGULAR,timeout,full,"['team', 'mandatory']",0,,,1610612764,60,49,2022-01-17T19:59:37Z,2780000,,,0,,PHI Timeout,[],1610612755.0,PHI,,,,,,,,,,,,,,,,,,,,,,,,,,,,,,
282,PT02M29.00S,2022-01-17T20:01:11.5Z,2,REGULAR,substitution,out,[],203526,,,1610612764,60,49,2022-01-17T20:02:28Z,2790000,,,0,,SUB out: R. Neto,[203526],1610612764.0,WAS,,,,Neto,R. Neto,,,,,,,,,,,,,,,,,,,,,,,,,
283,PT02M29.00S,2022-01-17T20:01:11.5Z,2,REGULAR,substitution,out,[],1630178,,,1610612764,60,49,2022-01-17T20:02:28Z,2800000,,,0,,SUB out: T. Maxey,[1630178],1610612755.0,PHI,,,,Maxey,T. Maxey,,,,,,,,,,,,,,,,,,,,,,,,,
284,PT02M29.00S,2022-01-17T20:01:11.5Z,2,REGULAR,substitution,in,[],203915,,,1610612764,60,49,2022-01-17T20:02:28Z,2810000,,,0,,SUB in: S. Dinwiddie,[203915],1610612764.0,WAS,,,,Dinwiddie,S. Dinwiddie,,,,,,,,,,,,,,,,,,,,,,,,,
285,PT02M29.00S,2022-01-17T20:01:11.5Z,2,REGULAR,substitution,in,[],1627788,,,1610612764,60,49,2022-01-17T20:02:28Z,2820000,,,0,,SUB in: F. Korkmaz,[1627788],1610612755.0,PHI,,,,Korkmaz,F. Korkmaz,,,,,,,,,,,,,,,,,,,,,,,,,
286,PT02M29.00S,2022-01-17T20:02:46.8Z,2,REGULAR,freethrow,1 of 2,[],203078,,,1610612764,60,49,2022-01-17T20:02:46Z,2830000,,,0,,MISS B. Beal Free Throw 1 of 2,[203078],1610612764.0,WAS,,,,Beal,B. Beal,,,,,,Missed,,,,,,,,,,,,,,,,,,,
287,PT02M29.00S,2022-01-17T20:02:46.8Z,2,REGULAR,rebound,offensive,"['deadball', 'team']",0,,,1610612764,60,49,2022-01-17T20:02:46Z,2840000,,,0,,TEAM offensive REBOUND,[],1610612764.0,WAS,,,,,,,,,,,,,,,,286.0,,,,,,,,,,,,,,
288,PT02M29.00S,2022-01-17T20:03:02.9Z,2,REGULAR,freethrow,2 of 2,[],203078,,,1610612764,61,49,2022-01-17T20:03:02Z,2850000,,,0,,B. Beal Free Throw 2 of 2 (12 PTS),[203078],1610612764.0,WAS,,,,Beal,B. Beal,,,,,,Made,12.0,,,,,,,,,,,,,,,,,,
289,PT02M17.00S,2022-01-17T20:03:16.2Z,2,REGULAR,2pt,Jump Shot,[],203552,10.463206307490145,19.852941176470587,1610612755,61,51,2022-01-17T20:03:20Z,2860000,151.0,46.0,1,left,S. Curry 15' pullup Jump Shot (4 PTS),[203552],1610612755.0,PHI,pullup,,,Curry,S. Curry,,,,,15.75,Made,4.0,,,,,,,,,,,,,,,,,,
290,PT01M48.00S,2022-01-17T20:03:43.5Z,2,REGULAR,3pt,Jump Shot,[],203484,93.51182654402102,97.30392156862744,1610612764,61,51,2022-01-17T20:03:47Z,2870000,237.0,8.0,1,right,MISS K. Caldwell-Pope 3PT,[203484],1610612764.0,WAS,,,,Caldwell-Pope,K. Caldwell-Pope,,,,,23.67,Missed,,,,,,,,,,,,,,,,,,,
291,PT01M46.00S,2022-01-17T20:03:45.5Z,2,REGULAR,rebound,defensive,[],203954,,,1610612755,61,51,2022-01-17T20:03:47Z,2880000,,,0,,J. Embiid REBOUND (Off:1 Def:3),[203954],1610612755.0,PHI,,,,Embiid,J. Embiid,,,,,,,,,,,290.0,4.0,3.0,1.0,,,,,,,,,,,
292,PT01M41.00S,2022-01-17T20:03:52.6Z,2,REGULAR,foul,personal,[],203915,,,1610612755,61,51,2022-01-17T20:04:09Z,2890000,,,0,,S. Dinwiddie personal FOUL (1 PF),"[203915, 1627788]",1610612764.0,WAS,,,,Dinwiddie,S. Dinwiddie,,,,,,,,,,,,,,,,,,1627963.0,1.0,0.0,Korkmaz,1627788.0,,,
294,PT01M30.00S,2022-01-17T20:04:22.9Z,2,REGULAR,turnover,bad pass,[],203552,,,1610612755,61,51,2022-01-17T20:04:26Z,2910000,,,0,,S. Curry bad pass TURNOVER (1 TO),"[203552, 203915]",1610612755.0,PHI,,,,Curry,S. Curry,,,,,,,,,,,,,,,1.0,Dinwiddie,203915.0,,,,,,,,
295,PT01M30.00S,2022-01-17T20:04:22.9Z,2,REGULAR,steal,,[],203915,,,1610612764,61,51,2022-01-17T20:04:24Z,2920000,,,0,,S. Dinwiddie STEAL (1 STL),[203915],1610612764.0,WAS,,,,Dinwiddie,S. Dinwiddie,,,,,,,,,,,,,,,,,,,,,,,,,
296,PT01M24.00S,2022-01-17T20:04:28.5Z,2,REGULAR,2pt,Jump Shot,['fromturnover'],203484,89.56964520367937,17.892156862745097,1610612764,61,51,2022-01-17T20:04:33Z,2930000,-161.0,46.0,1,right,MISS K. Caldwell-Pope 16' pullup Shot,[203484],1610612764.0,WAS,pullup,,,Caldwell-Pope,K. Caldwell-Pope,,,,,16.68,Missed,,,,,,,,,,,,,,,,,,,
297,PT01M21.00S,2022-01-17T20:04:31.5Z,2,REGULAR,rebound,offensive,[],1628398,,,1610612764,61,51,2022-01-17T20:04:33Z,2940000,,,0,,K. Kuzma REBOUND (Off:1 Def:8),[1628398],1610612764.0,WAS,,,,Kuzma,K. Kuzma,,,,,,,,,,,296.0,9.0,8.0,1.0,,,,,,,,,,,
298,PT01M20.00S,2022-01-17T20:04:33.1Z,2,REGULAR,2pt,Layup,"['pointsinthepaint', 'fromturnover', '2ndchance']",1628398,93.51182654402102,45.09803921568628,1610612764,61,51,2022-01-17T20:04:36Z,2950000,-25.0,8.0,1,right,MISS K. Kuzma Layup,[1628398],1610612764.0,WAS,,,,Kuzma,K. Kuzma,,,,,2.59,Missed,,,,,,,,,,,,,,,,,,,
299,PT01M18.00S,2022-01-17T20:04:35.1Z,2,REGULAR,rebound,defensive,[],203954,,,1610612755,61,51,2022-01-17T20:04:36Z,2960000,,,0,,J. Embiid REBOUND (Off:1 Def:4),[203954],1610612755.0,PHI,,,,Embiid,J. Embiid,,,,,,,,,,,298.0,5.0,4.0,1.0,,,,,,,,,,,
300,PT01M09.00S,2022-01-17T20:04:44.5Z,2,REGULAR,2pt,Layup,['pointsinthepaint'],203954,7.5722733245729295,44.85294117647059,1610612755,61,51,2022-01-17T20:04:47Z,2970000,26.0,19.0,1,left,MISS J. Embiid Layup,[203954],1610612755.0,PHI,,,,Embiid,J. Embiid,,,,,3.18,Missed,,,,,,,,,,,,,,,,,,,
301,PT01M07.00S,2022-01-17T20:04:46.5Z,2,REGULAR,rebound,offensive,[],203954,,,1610612755,61,51,2022-01-17T20:04:47Z,2980000,,,0,,J. Embiid REBOUND (Off:2 Def:4),[203954],1610612755.0,PHI,,,,Embiid,J. Embiid,,,,,,,,,,,300.0,6.0,4.0,2.0,,,,,,,,,,,
302,PT01M06.00S,2022-01-17T20:04:46.3Z,2,REGULAR,2pt,Layup,"['pointsinthepaint', '2ndchance']",203954,7.703679369250986,42.40196078431372,1610612755,61,53,2022-01-17T20:05:31Z,2990000,38.0,20.0,1,left,J. Embiid putback Layup (16 PTS),[203954],1610612755.0,PHI,putback,,,Embiid,J. Embiid,,,,,4.29,Made,16.0,,,,,,,,,,,,,,,,,,
303,PT00M54.80S,2022-01-17T20:04:59.1Z,2,REGULAR,2pt,Jump Shot,[],1628398,89.43823915900131,25.49019607843137,1610612764,61,53,2022-01-17T20:05:08Z,3000000,-123.0,47.0,1,right,MISS K. Kuzma 13' driving floating bank Shot,[1628398],1610612764.0,WAS,driving floating bank,,,Kuzma,K. Kuzma,,,,,13.11,Missed,,,,,,,,,,,,,,,,,,,
304,PT00M53.10S,2022-01-17T20:05:00.8Z,2,REGULAR,rebound,defensive,[],1629718,,,1610612755,61,53,2022-01-17T20:05:08Z,3010000,,,0,,C. Brown Jr. REBOUND (Off:2 Def:3),[1629718],1610612755.0,PHI,,,,Brown Jr.,C. Brown Jr.,,,,,,,,,,,303.0,5.0,3.0,2.0,,,,,,,,,,,
305,PT00M46.70S,2022-01-17T20:05:09.8Z,2,REGULAR,foul,offensive,['inpenalty'],1627788,,,1610612755,61,53,2022-01-17T20:05:15Z,3020000,,,0,,F. Korkmaz charge offensive FOUL (2 PF),"[1627788, 203915]",1610612755.0,PHI,charge,,,Korkmaz,F. Korkmaz,,,,,,,,,,,,,,,,,,204059.0,2.0,0.0,Dinwiddie,203915.0,,,
307,PT00M46.70S,2022-01-17T20:05:09.8Z,2,REGULAR,turnover,offensive foul,[],1627788,,,1610612755,61,53,2022-01-17T20:05:09Z,3040000,,,0,,F. Korkmaz offensive foul TURNOVER (1 TO),[1627788],1610612755.0,PHI,,,,Korkmaz,F. Korkmaz,,,,,,,,,,,,,,,1.0,,,204059.0,,,,,,,
308,PT00M31.00S,2022-01-17T20:05:39.3Z,2,REGULAR,3pt,Jump Shot,['fromturnover'],203078,95.0886990801577,96.07843137254902,1610612764,61,53,2022-01-17T20:06:15Z,3050000,230.0,-6.0,1,right,MISS B. Beal pullup 3PT,[203078],1610612764.0,WAS,pullup,,,Beal,B. Beal,,,,,23.05,Missed,,,,,,,,,,,,,,,,,,,
309,PT00M28.70S,2022-01-17T20:05:41.6Z,2,REGULAR,rebound,defensive,[],1627788,,,1610612755,61,53,2022-01-17T20:05:43Z,3060000,,,0,,F. Korkmaz REBOUND (Off:0 Def:1),[1627788],1610612755.0,PHI,,,,Korkmaz,F. Korkmaz,,,,,,,,,,,308.0,1.0,1.0,0.0,,,,,,,,,,,
310,PT00M10.00S,2022-01-17T20:06:00.3Z,2,REGULAR,2pt,Jump Shot,[],203552,17.821944809461236,28.186274509803923,1610612755,61,55,2022-01-17T20:06:04Z,3070000,109.0,115.0,1,left,S. Curry 15' pullup Jump Shot (6 PTS),[203552],1610612755.0,PHI,pullup,,,Curry,S. Curry,,,,,15.85,Made,6.0,,,,,,,,,,,,,,,,,,
311,PT00M00.10S,2022-01-17T20:06:17.5Z,2,REGULAR,3pt,Jump Shot,[],1626149,72.09264126149803,88.48039215686273,1610612764,61,55,2022-01-17T20:06:22Z,3080000,192.0,210.0,1,right,MISS M. Harrell 28' 3PT,[1626149],1610612764.0,WAS,,,,Harrell,M. Harrell,,,,,28.47,Missed,,,,,,,,,,,,,,,,,,,
312,PT00M00.10S,2022-01-17T20:06:17.5Z,2,REGULAR,rebound,offensive,['team'],0,,,1610612764,61,55,2022-01-17T20:06:22Z,3090000,,,0,,TEAM offensive REBOUND,[],1610612764.0,WAS,,,,,,,,,,,,,,,,311.0,,,,,,,,,,,,,,
313,PT00M00.00S,2022-01-17T20:06:23.6Z,2,REGULAR,period,end,[],0,,,1610612764,61,55,2022-01-17T20:06:23Z,3100000,,,0,,Period End,[],,,,,,,,,,,,,,,,,,,,,,,,,,,,,,,,
314,PT12M00.00S,2022-01-17T20:21:22.9Z,3,REGULAR,substitution,out,['startperiod'],1626149,,,1610612764,61,55,2022-01-17T20:21:36Z,3110000,,,0,,SUB out: M. Harrell,[1626149],1610612764.0,WAS,,,,Harrell,M. Harrell,,,,,,,,,,,,,,,,,,,,,,,,,
315,PT12M00.00S,2022-01-17T20:21:22.9Z,3,REGULAR,substitution,out,['startperiod'],1629718,,,1610612764,61,55,2022-01-17T20:21:36Z,3120000,,,0,,SUB out: C. Brown Jr.,[1629718],1610612755.0,PHI,,,,Brown Jr.,C. Brown Jr.,,,,,,,,,,,,,,,,,,,,,,,,,
316,PT12M00.00S,2022-01-17T20:21:22.9Z,3,REGULAR,substitution,in,['startperiod'],1629655,,,1610612764,61,55,2022-01-17T20:21:36Z,3130000,,,0,,SUB in: D. Gafford,[1629655],1610612764.0,WAS,,,,Gafford,D. Gafford,,,,,,,,,,,,,,,,,,,,,,,,,
317,PT12M00.00S,2022-01-17T20:21:22.9Z,3,REGULAR,substitution,in,['startperiod'],1630178,,,1610612764,61,55,2022-01-17T20:21:36Z,3140000,,,0,,SUB in: T. Maxey,[1630178],1610612755.0,PHI,,,,Maxey,T. Maxey,,,,,,,,,,,,,,,,,,,,,,,,,
318,PT12M00.00S,2022-01-17T20:21:39.4Z,3,REGULAR,period,start,[],0,,,1610612764,61,55,2022-01-17T20:21:39Z,3150000,,,0,,Period Start,[],,,,,,,,,,,,,,,,,,,,,,,,,,,,,,,,
319,PT11M40.00S,2022-01-17T20:21:59.3Z,3,REGULAR,2pt,Jump Shot,[],203484,14.668199737187912,80.14705882352942,1610612764,63,55,2022-01-17T20:22:03Z,3160000,-151.0,85.0,1,left,K. Caldwell-Pope 17' pullup Jump Shot (9 PTS) (B. Beal 4 AST),"[203484, 203078]",1610612764.0,WAS,pullup,,,Caldwell-Pope,K. Caldwell-Pope,,,,,17.32,Made,9.0,B. Beal,203078.0,4.0,,,,,,,,,,,,,,,
321,PT11M20.00S,2022-01-17T20:22:17.8Z,3,REGULAR,2pt,Jump Shot,[],203552,89.17542706964521,21.07843137254902,1610612755,63,57,2022-01-17T20:22:25Z,3180000,-145.0,49.0,1,right,S. Curry 15' floating Jump Shot (8 PTS) (T. Maxey 2 AST),"[203552, 1630178]",1610612755.0,PHI,floating,,,Curry,S. Curry,,,,,15.28,Made,8.0,T. Maxey,1630178.0,2.0,,,,,,,,,,,,,,,
323,PT11M03.00S,2022-01-17T20:22:40.3Z,3,REGULAR,foul,offensive,[],1629655,,,1610612764,63,57,2022-01-17T20:22:52Z,3200000,,,0,,D. Gafford off-the-ball offensive FOUL (4 PF),"[1629655, 1627788]",1610612764.0,WAS,off-the-ball,,,Gafford,D. Gafford,,,,,,,,,,,,,,,,,,204059.0,4.0,0.0,Korkmaz,1627788.0,,,
325,PT11M03.00S,2022-01-17T20:22:40.3Z,3,REGULAR,turnover,offensive foul,[],1629655,,,1610612764,63,57,2022-01-17T20:22:40Z,3220000,,,0,,D. Gafford offensive foul TURNOVER (1 TO),[1629655],1610612764.0,WAS,,,,Gafford,D. Gafford,,,,,,,,,,,,,,,1.0,,,204059.0,,,,,,,
326,PT10M44.00S,2022-01-17T20:23:10.9Z,3,REGULAR,2pt,Hook,"['pointsinthepaint', 'fromturnover']",202699,87.99277266754271,41.17647058823529,1610612755,63,57,2022-01-17T20:23:50Z,3230000,-44.0,60.0,1,right,MISS T. Harris 7' driving Hook,[202699],1610612755.0,PHI,driving,,,Harris,T. Harris,,,,,7.48,Missed,,,,,,,,,,,,,,,,,,,
327,PT10M42.00S,2022-01-17T20:23:12.9Z,3,REGULAR,rebound,defensive,[],1628398,,,1610612764,63,57,2022-01-17T20:23:14Z,3240000,,,0,,K. Kuzma REBOUND (Off:1 Def:9),[1628398],1610612764.0,WAS,,,,Kuzma,K. Kuzma,,,,,,,,,,,326.0,10.0,9.0,1.0,,,,,,,,,,,
328,PT10M38.00S,2022-01-17T20:23:18.7Z,3,REGULAR,foul,personal,['2freethrow'],202699,,,1610612764,63,57,2022-01-17T20:23:24Z,3250000,,,0,,T. Harris shooting personal FOUL (3 PF) (Gafford 2 FT),"[202699, 1629655]",1610612755.0,PHI,shooting,,,Harris,T. Harris,,,,,,,,,,,,,,,,,,1627963.0,3.0,0.0,Gafford,1629655.0,,,
330,PT10M38.00S,2022-01-17T20:23:46.7Z,3,REGULAR,freethrow,1 of 2,[],1629655,,,1610612764,63,57,2022-01-17T20:23:46Z,3270000,,,0,,MISS D. Gafford Free Throw 1 of 2,[1629655],1610612764.0,WAS,,,,Gafford,D. Gafford,,,,,,Missed,,,,,,,,,,,,,,,,,,,
331,PT10M38.00S,2022-01-17T20:23:46.7Z,3,REGULAR,rebound,offensive,"['deadball', 'team']",0,,,1610612764,63,57,2022-01-17T20:23:46Z,3280000,,,0,,TEAM offensive REBOUND,[],1610612764.0,WAS,,,,,,,,,,,,,,,,330.0,,,,,,,,,,,,,,
332,PT10M38.00S,2022-01-17T20:24:02.7Z,3,REGULAR,freethrow,2 of 2,[],1629655,,,1610612764,64,57,2022-01-17T20:24:02Z,3290000,,,0,,D. Gafford Free Throw 2 of 2 (3 PTS),[1629655],1610612764.0,WAS,,,,Gafford,D. Gafford,,,,,,Made,3.0,,,,,,,,,,,,,,,,,,
333,PT10M24.00S,2022-01-17T20:24:18.0Z,3,REGULAR,2pt,Jump Shot,[],203552,73.9323258869908,41.66666666666667,1610612755,64,57,2022-01-17T20:24:22Z,3300000,-42.0,193.0,1,right,MISS S. Curry 19' pullup Shot,[203552],1610612755.0,PHI,pullup,,,Curry,S. Curry,,,,,19.7,Missed,,,,,,,,,,,,,,,,,,,
334,PT10M21.00S,2022-01-17T20:24:21.0Z,3,REGULAR,rebound,defensive,[],203915,,,1610612764,64,57,2022-01-17T20:24:22Z,3310000,,,0,,S. Dinwiddie REBOUND (Off:0 Def:2),[203915],1610612764.0,WAS,,,,Dinwiddie,S. Dinwiddie,,,,,,,,,,,333.0,2.0,2.0,0.0,,,,,,,,,,,
335,PT10M16.00S,2022-01-17T20:24:26.6Z,3,REGULAR,2pt,Jump Shot,[],203484,16.63929040735874,20.833333333333336,1610612764,66,57,2022-01-17T20:24:31Z,3320000,146.0,104.0,1,left,K. Caldwell-Pope 17' pullup Jump Shot (11 PTS),[203484],1610612764.0,WAS,pullup,,,Caldwell-Pope,K. Caldwell-Pope,,,,,17.9,Made,11.0,,,,,,,,,,,,,,,,,,
336,PT09M54.00S,2022-01-17T20:24:47.4Z,3,REGULAR,3pt,Jump Shot,[],202699,76.42904073587385,10.53921568627451,1610612755,66,57,2022-01-17T20:24:51Z,3330000,-197.0,169.0,1,right,MISS T. Harris 25' 3PT,[202699],1610612755.0,PHI,,,,Harris,T. Harris,,,,,25.99,Missed,,,,,,,,,,,,,,,,,,,
337,PT09M51.00S,2022-01-17T20:24:50.4Z,3,REGULAR,rebound,defensive,[],203915,,,1610612764,66,57,2022-01-17T20:24:51Z,3340000,,,0,,S. Dinwiddie REBOUND (Off:0 Def:3),[203915],1610612764.0,WAS,,,,Dinwiddie,S. Dinwiddie,,,,,,,,,,,336.0,3.0,3.0,0.0,,,,,,,,,,,
338,PT09M42.00S,2022-01-17T20:24:59.4Z,3,REGULAR,3pt,Jump Shot,[],1628398,12.171484888304862,3.6764705882352944,1610612764,66,57,2022-01-17T20:25:04Z,3350000,232.0,62.0,1,left,MISS K. Kuzma 3PT,[1628398],1610612764.0,WAS,,,,Kuzma,K. Kuzma,,,,,23.97,Missed,,,,,,,,,,,,,,,,,,,
339,PT09M40.00S,2022-01-17T20:25:01.4Z,3,REGULAR,rebound,defensive,[],1627788,,,1610612755,66,57,2022-01-17T20:25:04Z,3360000,,,0,,F. Korkmaz REBOUND (Off:0 Def:2),[1627788],1610612755.0,PHI,,,,Korkmaz,F. Korkmaz,,,,,,,,,,,338.0,2.0,2.0,0.0,,,,,,,,,,,
340,PT09M32.00S,2022-01-17T20:25:10.8Z,3,REGULAR,2pt,Layup,['pointsinthepaint'],203954,93.11760840998686,43.13725490196079,1610612755,66,59,2022-01-17T20:25:14Z,3370000,-34.0,12.0,1,right,J. Embiid Layup (18 PTS) (S. Curry 3 AST),"[203954, 203552]",1610612755.0,PHI,,,,Embiid,J. Embiid,,,,,3.64,Made,18.0,S. Curry,203552.0,3.0,,,,,,,,,,,,,,,
342,PT09M18.00S,2022-01-17T20:25:24.8Z,3,REGULAR,2pt,Layup,['pointsinthepaint'],1629655,7.835085413929041,45.588235294117645,1610612764,68,59,2022-01-17T20:25:28Z,3390000,22.0,21.0,1,left,D. Gafford alley-oop Layup (5 PTS) (S. Dinwiddie 3 AST),"[1629655, 203915]",1610612764.0,WAS,alley-oop,,,Gafford,D. Gafford,,,,,3.06,Made,5.0,S. Dinwiddie,203915.0,3.0,,,,,,,,,,,,,,,
344,PT09M05.00S,2022-01-17T20:25:36.7Z,3,REGULAR,2pt,Layup,['pointsinthepaint'],203954,87.72996057818659,35.049019607843135,1610612755,68,59,2022-01-17T20:25:42Z,3410000,-75.0,63.0,1,right,MISS J. Embiid 9' Layup - blocked,"[203954, 1629655]",1610612755.0,PHI,,,,Embiid,J. Embiid,,,,,9.77,Missed,,,,,,,,,,,,,,,,,Gafford,1629655.0,
345,PT09M05.00S,2022-01-17T20:25:36.7Z,3,REGULAR,block,,[],1629655,,,1610612755,68,59,2022-01-17T20:25:38Z,3420000,,,0,,D. Gafford BLOCK (1 BLK),[1629655],1610612764.0,WAS,,,,Gafford,D. Gafford,,,,,,,,,,,,,,,,,,,,,,,,,
346,PT09M03.00S,2022-01-17T20:25:38.7Z,3,REGULAR,rebound,defensive,[],1628398,,,1610612764,68,59,2022-01-17T20:25:42Z,3430000,,,0,,K. Kuzma REBOUND (Off:1 Def:10),[1628398],1610612764.0,WAS,,,,Kuzma,K. Kuzma,,,,,,,,,,,344.0,11.0,10.0,1.0,,,,,,,,,,,
347,PT09M01.00S,2022-01-17T20:25:43.8Z,3,REGULAR,foul,personal,['2freethrow'],202699,,,1610612764,68,59,2022-01-17T20:25:50Z,3440000,,,0,,T. Harris shooting personal FOUL (4 PF) (Kuzma 2 FT),"[202699, 1628398]",1610612755.0,PHI,shooting,,,Harris,T. Harris,,,,,,,,,,,,,,,,,,204059.0,4.0,0.0,Kuzma,1628398.0,,,
349,PT09M01.00S,2022-01-17T20:26:17.8Z,3,REGULAR,freethrow,1 of 2,[],1628398,,,1610612764,68,59,2022-01-17T20:26:17Z,3460000,,,0,,MISS K. Kuzma Free Throw 1 of 2,[1628398],1610612764.0,WAS,,,,Kuzma,K. Kuzma,,,,,,Missed,,,,,,,,,,,,,,,,,,,
350,PT09M01.00S,2022-01-17T20:26:17.8Z,3,REGULAR,rebound,offensive,"['deadball', 'team']",0,,,1610612764,68,59,2022-01-17T20:26:17Z,3470000,,,0,,TEAM offensive REBOUND,[],1610612764.0,WAS,,,,,,,,,,,,,,,,349.0,,,,,,,,,,,,,,
351,PT09M01.00S,2022-01-17T20:26:18.7Z,3,REGULAR,substitution,out,[],1629655,,,1610612764,68,59,2022-01-17T20:26:23Z,3480000,,,0,,SUB out: D. Gafford,[1629655],1610612764.0,WAS,,,,Gafford,D. Gafford,,,,,,,,,,,,,,,,,,,,,,,,,
352,PT09M01.00S,2022-01-17T20:26:18.7Z,3,REGULAR,substitution,out,[],202699,,,1610612764,68,59,2022-01-17T20:26:23Z,3490000,,,0,,SUB out: T. Harris,[202699],1610612755.0,PHI,,,,Harris,T. Harris,,,,,,,,,,,,,,,,,,,,,,,,,
353,PT09M01.00S,2022-01-17T20:26:18.7Z,3,REGULAR,substitution,in,[],1628418,,,1610612764,68,59,2022-01-17T20:26:23Z,3500000,,,0,,SUB in: T. Bryant,[1628418],1610612764.0,WAS,,,,Bryant,T. Bryant,,,,,,,,,,,,,,,,,,,,,,,,,
354,PT09M01.00S,2022-01-17T20:26:18.7Z,3,REGULAR,substitution,in,[],1627777,,,1610612764,68,59,2022-01-17T20:26:23Z,3510000,,,0,,SUB in: G. Niang,[1627777],1610612755.0,PHI,,,,Niang,G. Niang,,,,,,,,,,,,,,,,,,,,,,,,,
355,PT09M01.00S,2022-01-17T20:26:41.4Z,3,REGULAR,freethrow,2 of 2,[],1628398,,,1610612764,69,59,2022-01-17T20:26:41Z,3520000,,,0,,K. Kuzma Free Throw 2 of 2 (8 PTS),[1628398],1610612764.0,WAS,,,,Kuzma,K. Kuzma,,,,,,Made,8.0,,,,,,,,,,,,,,,,,,
356,PT08M47.00S,2022-01-17T20:26:56.6Z,3,REGULAR,turnover,lost ball,[],203552,,,1610612755,69,59,2022-01-17T20:27:01Z,3530000,,,0,,S. Curry lost ball TURNOVER (2 TO),"[203552, 1628398]",1610612755.0,PHI,,,,Curry,S. Curry,,,,,,,,,,,,,,,2.0,Kuzma,1628398.0,,,,,,,,
357,PT08M47.00S,2022-01-17T20:26:56.6Z,3,REGULAR,steal,,[],1628398,,,1610612764,69,59,2022-01-17T20:26:58Z,3540000,,,0,,K. Kuzma STEAL (1 STL),[1628398],1610612764.0,WAS,,,,Kuzma,K. Kuzma,,,,,,,,,,,,,,,,,,,,,,,,,
358,PT08M41.00S,2022-01-17T20:27:01.9Z,3,REGULAR,3pt,Jump Shot,['fromturnover'],203484,28.203022339027594,82.59803921568627,1610612764,72,59,2022-01-17T20:27:06Z,3550000,-163.0,213.0,1,left,K. Caldwell-Pope 26' 3PT  (14 PTS) (K. Kuzma 3 AST),"[203484, 1628398]",1610612764.0,WAS,,,,Caldwell-Pope,K. Caldwell-Pope,,,,,26.79,Made,14.0,K. Kuzma,1628398.0,3.0,,,,,,,,,,,,,,,
360,PT08M41.00S,2022-01-17T20:27:08.0Z,3,REGULAR,timeout,full,"['team', 'mandatory']",0,,,1610612755,72,59,2022-01-17T20:27:08Z,3570000,,,0,,PHI Timeout,[],1610612755.0,PHI,,,,,,,,,,,,,,,,,,,,,,,,,,,,,,
363,PT08M26.00S,2022-01-17T20:30:13.7Z,3,REGULAR,3pt,Jump Shot,[],1627788,95.22010512483574,95.58823529411765,1610612755,72,59,2022-01-17T20:30:36Z,3600000,228.0,-8.0,1,right,MISS F. Korkmaz pullup 3PT,[1627788],1610612755.0,PHI,pullup,,,Korkmaz,F. Korkmaz,,,,,22.8,Missed,,,,,,,,,,,,,,,,,,,
364,PT08M21.00S,2022-01-17T20:30:18.7Z,3,REGULAR,rebound,defensive,[],203484,,,1610612764,72,59,2022-01-17T20:30:20Z,3610000,,,0,,K. Caldwell-Pope REBOUND (Off:0 Def:1),[203484],1610612764.0,WAS,,,,Caldwell-Pope,K. Caldwell-Pope,,,,,,,,,,,363.0,1.0,1.0,0.0,,,,,,,,,,,
365,PT08M10.00S,2022-01-17T20:30:28.9Z,3,REGULAR,2pt,Jump Shot,[],203484,23.603810775295663,58.08823529411765,1610612764,72,59,2022-01-17T20:30:36Z,3620000,-40.0,169.0,1,left,MISS K. Caldwell-Pope 17' Jump Shot,[203484],1610612764.0,WAS,,,,Caldwell-Pope,K. Caldwell-Pope,,,,,17.42,Missed,,,,,,,,,,,,,,,,,,,
366,PT08M06.00S,2022-01-17T20:30:32.9Z,3,REGULAR,rebound,defensive,[],1630178,,,1610612755,72,59,2022-01-17T20:30:36Z,3630000,,,0,,T. Maxey REBOUND (Off:0 Def:4),[1630178],1610612755.0,PHI,,,,Maxey,T. Maxey,,,,,,,,,,,365.0,4.0,4.0,0.0,,,,,,,,,,,
367,PT08M01.00S,2022-01-17T20:30:37.9Z,3,REGULAR,3pt,Jump Shot,[],203954,65.52233902759527,36.27450980392157,1610612755,72,62,2022-01-17T20:30:44Z,3640000,-69.0,272.0,1,right,J. Embiid 28' 3PT  (21 PTS) (F. Korkmaz 5 AST),"[203954, 1627788]",1610612755.0,PHI,,,,Embiid,J. Embiid,,,,,28.01,Made,21.0,F. Korkmaz,1627788.0,5.0,,,,,,,,,,,,,,,
369,PT07M34.00S,2022-01-17T20:31:04.5Z,3,REGULAR,3pt,Jump Shot,[],1628418,24.78646517739816,89.4607843137255,1610612764,72,62,2022-01-17T20:31:09Z,3660000,-197.0,180.0,1,left,MISS T. Bryant 26' 3PT,[1628418],1610612764.0,WAS,,,,Bryant,T. Bryant,,,,,26.74,Missed,,,,,,,,,,,,,,,,,,,
370,PT07M31.00S,2022-01-17T20:31:07.5Z,3,REGULAR,rebound,defensive,[],203954,,,1610612755,72,62,2022-01-17T20:31:09Z,3670000,,,0,,J. Embiid REBOUND (Off:2 Def:5),[203954],1610612755.0,PHI,,,,Embiid,J. Embiid,,,,,,,,,,,369.0,7.0,5.0,2.0,,,,,,,,,,,
371,PT07M27.00S,2022-01-17T20:31:15.6Z,3,REGULAR,foul,offensive,[],203954,,,1610612755,72,62,2022-01-17T20:31:24Z,3680000,,,0,,J. Embiid offensive FOUL (2 PF),"[203954, 203078]",1610612755.0,PHI,,,,Embiid,J. Embiid,,,,,,,,,,,,,,,,,,1627963.0,2.0,0.0,Beal,203078.0,,,
373,PT07M27.00S,2022-01-17T20:31:15.6Z,3,REGULAR,turnover,offensive foul,[],203954,,,1610612755,72,62,2022-01-17T20:31:15Z,3700000,,,0,,J. Embiid offensive foul TURNOVER (3 TO),[203954],1610612755.0,PHI,,,,Embiid,J. Embiid,,,,,,,,,,,,,,,3.0,,,1627963.0,,,,,,,
375,PT07M23.00S,2022-01-17T20:31:37.9Z,3,REGULAR,foul,technical,['1freethrow'],1941,,,1610612764,72,62,2022-01-17T20:32:14Z,3720000,,,0,,TEAM foul technical,[1941],1610612755.0,PHI,,,,,,,,,,,,,,,,,,,,,,,1627963.0,,,,,,,
376,PT07M23.00S,2022-01-17T20:32:00.5Z,3,REGULAR,freethrow,1 of 1,[],203078,,,1610612764,73,62,2022-01-17T20:32:00Z,3730000,,,0,,B. Beal technical Free Throw 1 of 1 (13 PTS),[203078],1610612764.0,WAS,technical,,,Beal,B. Beal,,,,,,Made,13.0,,,,,,,,,,,,,,,,,,
377,PT07M15.00S,2022-01-17T20:32:29.6Z,3,REGULAR,2pt,DUNK,"['pointsinthepaint', 'fromturnover']",1628398,6.389618922470433,43.627450980392155,1610612764,75,62,2022-01-17T20:32:46Z,3740000,32.0,8.0,1,left,K. Kuzma driving DUNK (10 PTS),[1628398],1610612764.0,WAS,driving,,,Kuzma,K. Kuzma,,,,,3.28,Made,10.0,,,,,,,,,,,,,,,,,,
378,PT06M58.00S,2022-01-17T20:32:49.0Z,3,REGULAR,foul,personal,['2freethrow'],1628418,,,1610612755,75,62,2022-01-17T20:32:55Z,3750000,,,0,,T. Bryant shooting personal FOUL (2 PF) (Embiid 2 FT),"[1628418, 203954]",1610612764.0,WAS,shooting,,,Bryant,T. Bryant,,,,,,,,,,,,,,,,,,204059.0,2.0,1.0,Embiid,203954.0,,,
380,PT06M58.00S,2022-01-17T20:33:16.0Z,3,REGULAR,freethrow,1 of 2,[],203954,,,1610612755,75,63,2022-01-17T20:33:16Z,3770000,,,0,,J. Embiid Free Throw 1 of 2 (22 PTS),[203954],1610612755.0,PHI,,,,Embiid,J. Embiid,,,,,,Made,22.0,,,,,,,,,,,,,,,,,,
381,PT06M58.00S,2022-01-17T20:33:16.7Z,3,REGULAR,substitution,out,[],203915,,,1610612755,75,63,2022-01-17T20:33:27Z,3780000,,,0,,SUB out: S. Dinwiddie,[203915],1610612764.0,WAS,,,,Dinwiddie,S. Dinwiddie,,,,,,,,,,,,,,,,,,,,,,,,,
382,PT06M58.00S,2022-01-17T20:33:16.7Z,3,REGULAR,substitution,out,[],1630178,,,1610612755,75,63,2022-01-17T20:33:27Z,3790000,,,0,,SUB out: T. Maxey,[1630178],1610612755.0,PHI,,,,Maxey,T. Maxey,,,,,,,,,,,,,,,,,,,,,,,,,
383,PT06M58.00S,2022-01-17T20:33:16.7Z,3,REGULAR,substitution,in,[],1630557,,,1610612755,75,63,2022-01-17T20:33:27Z,3800000,,,0,,SUB in: C. Kispert,[1630557],1610612764.0,WAS,,,,Kispert,C. Kispert,,,,,,,,,,,,,,,,,,,,,,,,,
384,PT06M58.00S,2022-01-17T20:33:16.7Z,3,REGULAR,substitution,in,[],1629718,,,1610612755,75,63,2022-01-17T20:33:27Z,3810000,,,0,,SUB in: C. Brown Jr.,[1629718],1610612755.0,PHI,,,,Brown Jr.,C. Brown Jr.,,,,,,,,,,,,,,,,,,,,,,,,,
385,PT06M58.00S,2022-01-17T20:33:40.4Z,3,REGULAR,freethrow,2 of 2,[],203954,,,1610612755,75,64,2022-01-17T20:33:40Z,3820000,,,0,,J. Embiid Free Throw 2 of 2 (23 PTS),[203954],1610612755.0,PHI,,,,Embiid,J. Embiid,,,,,,Made,23.0,,,,,,,,,,,,,,,,,,
386,PT06M42.00S,2022-01-17T20:33:57.4Z,3,REGULAR,3pt,Jump Shot,[],203484,7.703679369250986,3.431372549019608,1610612764,75,64,2022-01-17T20:34:01Z,3830000,233.0,20.0,1,left,MISS K. Caldwell-Pope 3PT,[203484],1610612764.0,WAS,,,,Caldwell-Pope,K. Caldwell-Pope,,,,,23.36,Missed,,,,,,,,,,,,,,,,,,,
387,PT06M38.00S,2022-01-17T20:34:01.4Z,3,REGULAR,rebound,defensive,[],1629718,,,1610612755,75,64,2022-01-17T20:34:01Z,3840000,,,0,,C. Brown Jr. REBOUND (Off:2 Def:4),[1629718],1610612755.0,PHI,,,,Brown Jr.,C. Brown Jr.,,,,,,,,,,,386.0,6.0,4.0,2.0,,,,,,,,,,,
388,PT06M30.00S,2022-01-17T20:34:08.7Z,3,REGULAR,2pt,Layup,['pointsinthepaint'],1627788,89.56964520367937,62.99019607843137,1610612755,75,64,2022-01-17T20:34:13Z,3850000,65.0,46.0,1,right,MISS F. Korkmaz 7' Layup - blocked,"[1627788, 1628398]",1610612755.0,PHI,,,,Korkmaz,F. Korkmaz,,,,,7.93,Missed,,,,,,,,,,,,,,,,,Kuzma,1628398.0,
389,PT06M30.00S,2022-01-17T20:34:08.7Z,3,REGULAR,block,,[],1628398,,,1610612755,75,64,2022-01-17T20:34:11Z,3860000,,,0,,K. Kuzma BLOCK (3 BLK),[1628398],1610612764.0,WAS,,,,Kuzma,K. Kuzma,,,,,,,,,,,,,,,,,,,,,,,,,
390,PT06M27.00S,2022-01-17T20:34:11.7Z,3,REGULAR,rebound,offensive,[],1629718,,,1610612755,75,64,2022-01-17T20:34:13Z,3870000,,,0,,C. Brown Jr. REBOUND (Off:3 Def:4),[1629718],1610612755.0,PHI,,,,Brown Jr.,C. Brown Jr.,,,,,,,,,,,388.0,7.0,4.0,3.0,,,,,,,,,,,
391,PT06M27.00S,2022-01-17T20:34:12.4Z,3,REGULAR,2pt,Layup,"['pointsinthepaint', '2ndchance']",1629718,89.04402102496715,59.55882352941176,1610612755,75,64,2022-01-17T20:36:16Z,3880000,48.0,50.0,1,right,MISS C. Brown Jr. 6' putback Layup,[1629718],1610612755.0,PHI,putback,,,Brown Jr.,C. Brown Jr.,,,,,6.95,Missed,,,,,,,,,,,,,,,,,,,
392,PT06M25.00S,2022-01-17T20:34:14.4Z,3,REGULAR,rebound,defensive,[],1628418,,,1610612764,75,64,2022-01-17T20:34:15Z,3890000,,,0,,T. Bryant REBOUND (Off:1 Def:2),[1628418],1610612764.0,WAS,,,,Bryant,T. Bryant,,,,,,,,,,,391.0,3.0,2.0,1.0,,,,,,,,,,,
393,PT06M22.00S,2022-01-17T20:34:20.0Z,3,REGULAR,foul,personal,['2freethrow'],203954,,,1610612764,75,64,2022-01-17T20:34:25Z,3900000,,,0,,J. Embiid shooting personal FOUL (3 PF) (Bryant 2 FT),"[203954, 1628418]",1610612755.0,PHI,shooting,,,Embiid,J. Embiid,,,,,,,,,,,,,,,,,,204059.0,3.0,0.0,Bryant,1628418.0,,,
395,PT06M22.00S,2022-01-17T20:34:46.9Z,3,REGULAR,freethrow,1 of 2,[],1628418,,,1610612764,76,64,2022-01-17T20:35:05Z,3920000,,,0,,T. Bryant Free Throw 1 of 2 (10 PTS),[1628418],1610612764.0,WAS,,,,Bryant,T. Bryant,,,,,,Made,10.0,,,,,,,,,,,,,,,,,,
396,PT06M22.00S,2022-01-17T20:34:46.9Z,3,REGULAR,freethrow,2 of 2,[],1628418,,,1610612764,76,64,2022-01-17T20:35:05Z,3930000,,,0,,MISS T. Bryant Free Throw 2 of 2,[1628418],1610612764.0,WAS,,,,Bryant,T. Bryant,,,,,,Missed,,,,,,,,,,,,,,,,,,,
397,PT06M20.00S,2022-01-17T20:34:48.9Z,3,REGULAR,rebound,defensive,[],1627788,,,1610612755,76,64,2022-01-17T20:35:05Z,3940000,,,0,,F. Korkmaz REBOUND (Off:0 Def:3),[1627788],1610612755.0,PHI,,,,Korkmaz,F. Korkmaz,,,,,,,,,,,396.0,3.0,3.0,0.0,,,,,,,,,,,
398,PT06M09.00S,2022-01-17T20:35:17.4Z,3,REGULAR,stoppage,out-of-bounds,[],0,,,1610612755,76,64,2022-01-17T20:35:17Z,3950000,,,0,,,[],,,,,,,,,,,,,,,,,,,,,,,,,,,,,,,,
399,PT06M02.00S,2022-01-17T20:35:38.6Z,3,REGULAR,2pt,DUNK,['pointsinthepaint'],203954,92.85479632063075,45.09803921568628,1610612755,76,66,2022-01-17T20:36:02Z,3960000,-25.0,15.0,1,right,J. Embiid reverse DUNK (25 PTS) (S. Curry 4 AST),"[203954, 203552]",1610612755.0,PHI,reverse,,,Embiid,J. Embiid,,,,,2.86,Made,25.0,S. Curry,203552.0,4.0,,,,,,,,,,,,,,,
400,PT05M39.00S,2022-01-17T20:36:01.8Z,3,REGULAR,2pt,DUNK,['pointsinthepaint'],1628418,8.886333771353483,51.470588235294116,1610612764,78,66,2022-01-17T20:39:11Z,3970000,-7.0,31.0,1,left,T. Bryant cutting DUNK (12 PTS) (B. Beal 5 AST),"[1628418, 203078]",1610612764.0,WAS,cutting,,,Bryant,T. Bryant,,,,,3.19,Made,12.0,B. Beal,203078.0,5.0,,,,,,,,,,,,,,,
403,PT05M15.00S,2022-01-17T20:36:24.2Z,3,REGULAR,2pt,Layup,['pointsinthepaint'],1629718,92.9862023653088,42.8921568627451,1610612755,78,66,2022-01-17T20:36:27Z,3990000,-36.0,13.0,1,right,MISS C. Brown Jr. Layup,[1629718],1610612755.0,PHI,,,,Brown Jr.,C. Brown Jr.,,,,,3.79,Missed,,,,,,,,,,,,,,,,,,,
404,PT05M14.00S,2022-01-17T20:36:25.2Z,3,REGULAR,rebound,defensive,[],203484,,,1610612764,78,66,2022-01-17T20:36:27Z,4000000,,,0,,K. Caldwell-Pope REBOUND (Off:0 Def:2),[203484],1610612764.0,WAS,,,,Caldwell-Pope,K. Caldwell-Pope,,,,,,,,,,,403.0,2.0,2.0,0.0,,,,,,,,,,,
405,PT05M08.00S,2022-01-17T20:36:31.8Z,3,REGULAR,2pt,Jump Shot,[],203484,22.28975032851511,61.274509803921575,1610612764,78,66,2022-01-17T20:36:39Z,4010000,-56.0,157.0,1,left,MISS K. Caldwell-Pope 16' Jump Shot,[203484],1610612764.0,WAS,,,,Caldwell-Pope,K. Caldwell-Pope,,,,,16.68,Missed,,,,,,,,,,,,,,,,,,,
406,PT05M07.00S,2022-01-17T20:36:35.9Z,3,REGULAR,rebound,offensive,['team'],0,,,1610612764,78,66,2022-01-17T20:36:35Z,4020000,,,0,,TEAM offensive REBOUND,[],1610612764.0,WAS,,,,,,,,,,,,,,,,405.0,,,,,,,,,,,,,,
407,PT05M07.00S,2022-01-17T20:36:36.6Z,3,REGULAR,foul,personal,[],203552,,,1610612764,78,66,2022-01-17T20:36:49Z,4030000,,,0,,S. Curry loose ball personal FOUL (1 PF),"[203552, 1628398]",1610612755.0,PHI,loose ball,,,Curry,S. Curry,,,,,,,,,,,,,,,,,,1148.0,1.0,0.0,Kuzma,1628398.0,,,
409,PT04M55.00S,2022-01-17T20:37:07.7Z,3,REGULAR,2pt,Layup,"['pointsinthepaint', '2ndchance']",203078,7.046649145860711,60.5392156862745,1610612764,78,66,2022-01-17T20:37:35Z,4050000,-53.0,14.0,1,left,MISS B. Beal Layup,[203078],1610612764.0,WAS,,,,Beal,B. Beal,,,,,5.45,Missed,,,,,,,,,,,,,,,,,,,
410,PT04M55.00S,2022-01-17T20:37:07.7Z,3,REGULAR,rebound,offensive,[],1628418,,,1610612764,78,66,2022-01-17T20:37:35Z,4060000,,,0,,T. Bryant REBOUND (Off:2 Def:2),[1628418],1610612764.0,WAS,,,,Bryant,T. Bryant,,,,,,,,,,,409.0,4.0,2.0,2.0,,,,,,,,,,,
411,PT04M54.00S,2022-01-17T20:37:10.0Z,3,REGULAR,2pt,Layup,"['pointsinthepaint', '2ndchance']",1628418,9.543363994743759,55.14705882352941,1610612764,78,66,2022-01-17T20:40:48Z,4070000,-26.0,37.0,1,left,MISS T. Bryant tip Layup,[1628418],1610612764.0,WAS,tip,,,Bryant,T. Bryant,,,,,4.52,Missed,,,,,,,,,,,,,,,,,,,
412,PT04M54.00S,2022-01-17T20:37:12.9Z,3,REGULAR,rebound,offensive,[],1628418,,,1610612764,78,66,2022-01-17T20:37:12Z,4080000,,,0,,T. Bryant REBOUND (Off:3 Def:2),[1628418],1610612764.0,WAS,,,,Bryant,T. Bryant,,,,,,,,,,,411.0,5.0,2.0,3.0,,,,,,,,,,,
413,PT04M54.00S,2022-01-17T20:37:13.4Z,3,REGULAR,foul,personal,"['inpenalty', '2freethrow']",203954,,,1610612764,78,66,2022-01-17T20:37:18Z,4090000,,,0,,J. Embiid shooting personal FOUL (4 PF) (Bryant 2 FT),"[203954, 1628418]",1610612755.0,PHI,shooting,,,Embiid,J. Embiid,,,,,,,,,,,,,,,,,,1627963.0,4.0,0.0,Bryant,1628418.0,,,
415,PT04M54.00S,2022-01-17T20:37:39.8Z,3,REGULAR,freethrow,1 of 2,['2ndchance'],1628418,,,1610612764,78,66,2022-01-17T20:37:39Z,4110000,,,0,,MISS T. Bryant Free Throw 1 of 2,[1628418],1610612764.0,WAS,,,,Bryant,T. Bryant,,,,,,Missed,,,,,,,,,,,,,,,,,,,
416,PT04M54.00S,2022-01-17T20:37:39.8Z,3,REGULAR,rebound,offensive,"['deadball', 'team']",0,,,1610612764,78,66,2022-01-17T20:37:39Z,4120000,,,0,,TEAM offensive REBOUND,[],1610612764.0,WAS,,,,,,,,,,,,,,,,415.0,,,,,,,,,,,,,,
417,PT04M54.00S,2022-01-17T20:37:40.5Z,3,REGULAR,substitution,out,[],203484,,,1610612764,78,66,2022-01-17T20:37:45Z,4130000,,,0,,SUB out: K. Caldwell-Pope,[203484],1610612764.0,WAS,,,,Caldwell-Pope,K. Caldwell-Pope,,,,,,,,,,,,,,,,,,,,,,,,,
418,PT04M54.00S,2022-01-17T20:37:40.5Z,3,REGULAR,substitution,in,[],203526,,,1610612764,78,66,2022-01-17T20:37:45Z,4140000,,,0,,SUB in: R. Neto,[203526],1610612764.0,WAS,,,,Neto,R. Neto,,,,,,,,,,,,,,,,,,,,,,,,,
419,PT04M54.00S,2022-01-17T20:37:58.4Z,3,REGULAR,freethrow,2 of 2,['2ndchance'],1628418,,,1610612764,79,66,2022-01-17T20:37:58Z,4150000,,,0,,T. Bryant Free Throw 2 of 2 (13 PTS),[1628418],1610612764.0,WAS,,,,Bryant,T. Bryant,,,,,,Made,13.0,,,,,,,,,,,,,,,,,,
420,PT04M36.00S,2022-01-17T20:38:18.3Z,3,REGULAR,2pt,Layup,['pointsinthepaint'],203954,92.9862023653088,46.32352941176471,1610612755,79,68,2022-01-17T20:38:22Z,4160000,-18.0,13.0,1,right,J. Embiid Layup (27 PTS) (S. Curry 5 AST),"[203954, 203552]",1610612755.0,PHI,,,,Embiid,J. Embiid,,,,,2.28,Made,27.0,S. Curry,203552.0,5.0,,,,,,,,,,,,,,,
422,PT04M21.00S,2022-01-17T20:38:32.6Z,3,REGULAR,3pt,Jump Shot,[],1628418,30.699737187910642,25.0,1610612764,79,68,2022-01-17T20:41:38Z,4180000,125.0,236.0,1,left,MISS T. Bryant 26' pullup 3PT,[1628418],1610612764.0,WAS,pullup,,,Bryant,T. Bryant,,,,,26.71,Missed,,,,,,,,,,,,,,,,,,,
423,PT04M18.00S,2022-01-17T20:38:35.6Z,3,REGULAR,rebound,offensive,[],1630557,,,1610612764,79,68,2022-01-17T20:38:38Z,4190000,,,0,,C. Kispert REBOUND (Off:1 Def:0),[1630557],1610612764.0,WAS,,,,Kispert,C. Kispert,,,,,,,,,,,422.0,1.0,0.0,1.0,,,,,,,,,,,
424,PT04M08.00S,2022-01-17T20:38:45.6Z,3,REGULAR,3pt,Jump Shot,['2ndchance'],1628398,22.158344283837057,7.8431372549019605,1610612764,82,68,2022-01-17T20:38:51Z,4200000,211.0,156.0,1,left,K. Kuzma 26' 3PT pullup (13 PTS) (T. Bryant 1 AST),"[1628398, 1628418]",1610612764.0,WAS,pullup,,,Kuzma,K. Kuzma,,,,,26.21,Made,13.0,T. Bryant,1628418.0,1.0,,,,,,,,,,,,,,,
463,PT03M42.00S,2022-01-17T20:39:13.8Z,3,REGULAR,2pt,Jump Shot,['pointsinthepaint'],203954,88.51839684625493,51.9607843137255,1610612755,82,68,2022-01-17T20:47:48Z,4235000,10.0,55.0,1,right,MISS J. Embiid Jump Shot - blocked,"[203954, 1628418]",1610612755.0,PHI,,,,Embiid,J. Embiid,,,,,5.63,Missed,,,,,,,,,,,,,,,,,Bryant,1628418.0,
464,PT03M42.00S,2022-01-17T20:39:13.8Z,3,REGULAR,block,,[],1628418,,,1610612755,82,68,2022-01-17T20:45:55Z,4237500,,,0,,T. Bryant BLOCK (1 BLK),[1628418],1610612764.0,WAS,,,,Bryant,T. Bryant,,,,,,,,,,,,,,,,,,,,,,,,,
465,PT03M42.00S,2022-01-17T20:39:13.8Z,3,REGULAR,rebound,defensive,[],1628398,,,1610612764,82,68,2022-01-17T20:45:55Z,4238750,,,0,,K. Kuzma REBOUND (Off:1 Def:11),[1628398],1610612764.0,WAS,,,,Kuzma,K. Kuzma,,,,,,,,,,,463.0,12.0,11.0,1.0,,,,,,,,,,,
428,PT03M37.00S,2022-01-17T20:39:16.0Z,3,REGULAR,turnover,bad pass,[],1628398,,,1610612764,82,68,2022-01-17T20:39:20Z,4240000,,,0,,K. Kuzma bad pass TURNOVER (1 TO),"[1628398, 1627788]",1610612764.0,WAS,,,,Kuzma,K. Kuzma,,,,,,,,,,,,,,,1.0,Korkmaz,1627788.0,,,,,,,,
429,PT03M37.00S,2022-01-17T20:39:16.0Z,3,REGULAR,steal,,[],1627788,,,1610612755,82,68,2022-01-17T20:39:18Z,4250000,,,0,,F. Korkmaz STEAL (1 STL),[1627788],1610612755.0,PHI,,,,Korkmaz,F. Korkmaz,,,,,,,,,,,,,,,,,,,,,,,,,
430,PT03M27.00S,2022-01-17T20:39:26.1Z,3,REGULAR,3pt,Jump Shot,['fromturnover'],1627788,67.62483574244416,70.09803921568627,1610612755,82,68,2022-01-17T20:39:30Z,4260000,100.0,252.0,1,right,MISS F. Korkmaz 27' 3PT,[1627788],1610612755.0,PHI,,,,Korkmaz,F. Korkmaz,,,,,27.11,Missed,,,,,,,,,,,,,,,,,,,
431,PT03M24.00S,2022-01-17T20:39:29.1Z,3,REGULAR,rebound,defensive,[],203078,,,1610612764,82,68,2022-01-17T20:39:30Z,4270000,,,0,,B. Beal REBOUND (Off:1 Def:3),[203078],1610612764.0,WAS,,,,Beal,B. Beal,,,,,,,,,,,430.0,4.0,3.0,1.0,,,,,,,,,,,
432,PT03M06.00S,2022-01-17T20:39:47.1Z,3,REGULAR,2pt,Jump Shot,['pointsinthepaint'],203078,12.434296977660972,53.18627450980392,1610612764,82,68,2022-01-17T20:39:53Z,4280000,-16.0,64.0,1,left,MISS B. Beal 6' floating Shot - blocked,"[203078, 1629718]",1610612764.0,WAS,floating,,,Beal,B. Beal,,,,,6.63,Missed,,,,,,,,,,,,,,,,,Brown Jr.,1629718.0,
433,PT03M06.00S,2022-01-17T20:39:47.1Z,3,REGULAR,block,,[],1629718,,,1610612764,82,68,2022-01-17T20:39:49Z,4290000,,,0,,C. Brown Jr. BLOCK (1 BLK),[1629718],1610612755.0,PHI,,,,Brown Jr.,C. Brown Jr.,,,,,,,,,,,,,,,,,,,,,,,,,
434,PT03M04.00S,2022-01-17T20:39:49.1Z,3,REGULAR,rebound,defensive,[],1627788,,,1610612755,82,68,2022-01-17T20:39:53Z,4300000,,,0,,F. Korkmaz REBOUND (Off:0 Def:4),[1627788],1610612755.0,PHI,,,,Korkmaz,F. Korkmaz,,,,,,,,,,,432.0,4.0,4.0,0.0,,,,,,,,,,,
435,PT03M00.00S,2022-01-17T20:39:53.7Z,3,REGULAR,3pt,Jump Shot,[],1627788,74.32654402102497,14.215686274509803,1610612755,82,68,2022-01-17T20:39:59Z,4310000,-179.0,189.0,1,right,MISS F. Korkmaz 26' 3PT,[1627788],1610612755.0,PHI,,,,Korkmaz,F. Korkmaz,,,,,26.01,Missed,,,,,,,,,,,,,,,,,,,
436,PT02M56.00S,2022-01-17T20:39:57.7Z,3,REGULAR,rebound,defensive,[],203078,,,1610612764,82,68,2022-01-17T20:39:59Z,4320000,,,0,,B. Beal REBOUND (Off:1 Def:4),[203078],1610612764.0,WAS,,,,Beal,B. Beal,,,,,,,,,,,435.0,5.0,4.0,1.0,,,,,,,,,,,
437,PT02M46.00S,2022-01-17T20:40:07.4Z,3,REGULAR,3pt,Jump Shot,[],1628398,34.37910643889619,40.931372549019606,1610612764,82,68,2022-01-17T20:40:11Z,4330000,45.0,271.0,1,left,MISS K. Kuzma 27' pullup 3PT,[1628398],1610612764.0,WAS,pullup,,,Kuzma,K. Kuzma,,,,,27.45,Missed,,,,,,,,,,,,,,,,,,,
438,PT02M43.00S,2022-01-17T20:40:10.4Z,3,REGULAR,rebound,defensive,[],1627777,,,1610612755,82,68,2022-01-17T20:40:11Z,4340000,,,0,,G. Niang REBOUND (Off:0 Def:3),[1627777],1610612755.0,PHI,,,,Niang,G. Niang,,,,,,,,,,,437.0,3.0,3.0,0.0,,,,,,,,,,,
439,PT02M37.00S,2022-01-17T20:40:16.5Z,3,REGULAR,3pt,Jump Shot,[],203954,67.36202365308804,42.40196078431372,1610612755,82,71,2022-01-17T20:40:20Z,4350000,-38.0,254.0,1,right,J. Embiid 25' 3PT  (30 PTS) (G. Niang 1 AST),"[203954, 1627777]",1610612755.0,PHI,,,,Embiid,J. Embiid,,,,,25.71,Made,30.0,G. Niang,1627777.0,1.0,,,,,,,,,,,,,,,
441,PT02M35.00S,2022-01-17T20:40:31.5Z,3,REGULAR,timeout,full,"['team', 'mandatory']",0,,,1610612764,82,71,2022-01-17T20:40:31Z,4370000,,,0,,WAS Timeout,[],1610612764.0,WAS,,,,,,,,,,,,,,,,,,,,,,,,,,,,,,
442,PT02M35.00S,2022-01-17T20:40:33.1Z,3,REGULAR,substitution,out,[],203078,,,1610612764,82,71,2022-01-17T20:43:01Z,4380000,,,0,,SUB out: B. Beal,[203078],1610612764.0,WAS,,,,Beal,B. Beal,,,,,,,,,,,,,,,,,,,,,,,,,
443,PT02M35.00S,2022-01-17T20:40:33.1Z,3,REGULAR,substitution,out,[],1628398,,,1610612764,82,71,2022-01-17T20:43:01Z,4390000,,,0,,SUB out: K. Kuzma,[1628398],1610612764.0,WAS,,,,Kuzma,K. Kuzma,,,,,,,,,,,,,,,,,,,,,,,,,
444,PT02M35.00S,2022-01-17T20:40:33.1Z,3,REGULAR,substitution,out,[],1629718,,,1610612764,82,71,2022-01-17T20:43:01Z,4400000,,,0,,SUB out: C. Brown Jr.,[1629718],1610612755.0,PHI,,,,Brown Jr.,C. Brown Jr.,,,,,,,,,,,,,,,,,,,,,,,,,
445,PT02M35.00S,2022-01-17T20:40:33.1Z,3,REGULAR,substitution,out,[],203954,,,1610612764,82,71,2022-01-17T20:43:01Z,4410000,,,0,,SUB out: J. Embiid,[203954],1610612755.0,PHI,,,,Embiid,J. Embiid,,,,,,,,,,,,,,,,,,,,,,,,,
446,PT02M35.00S,2022-01-17T20:40:33.1Z,3,REGULAR,substitution,out,[],1627788,,,1610612764,82,71,2022-01-17T20:43:01Z,4420000,,,0,,SUB out: F. Korkmaz,[1627788],1610612755.0,PHI,,,,Korkmaz,F. Korkmaz,,,,,,,,,,,,,,,,,,,,,,,,,
447,PT02M35.00S,2022-01-17T20:40:33.1Z,3,REGULAR,substitution,in,[],203915,,,1610612764,82,71,2022-01-17T20:43:01Z,4430000,,,0,,SUB in: S. Dinwiddie,[203915],1610612764.0,WAS,,,,Dinwiddie,S. Dinwiddie,,,,,,,,,,,,,,,,,,,,,,,,,
448,PT02M35.00S,2022-01-17T20:40:33.1Z,3,REGULAR,substitution,in,[],1629060,,,1610612764,82,71,2022-01-17T20:43:01Z,4440000,,,0,,SUB in: R. Hachimura,[1629060],1610612764.0,WAS,,,,Hachimura,R. Hachimura,,,,,,,,,,,,,,,,,,,,,,,,,
449,PT02M35.00S,2022-01-17T20:40:33.1Z,3,REGULAR,substitution,in,[],1630198,,,1610612764,82,71,2022-01-17T20:43:01Z,4450000,,,0,,SUB in: I. Joe,[1630198],1610612755.0,PHI,,,,Joe,I. Joe,,,,,,,,,,,,,,,,,,,,,,,,,
450,PT02M35.00S,2022-01-17T20:40:33.1Z,3,REGULAR,substitution,in,[],203083,,,1610612764,82,71,2022-01-17T20:43:01Z,4460000,,,0,,SUB in: A. Drummond,[203083],1610612755.0,PHI,,,,Drummond,A. Drummond,,,,,,,,,,,,,,,,,,,,,,,,,
451,PT02M35.00S,2022-01-17T20:40:33.1Z,3,REGULAR,substitution,in,[],1630178,,,1610612764,82,71,2022-01-17T20:43:01Z,4470000,,,0,,SUB in: T. Maxey,[1630178],1610612755.0,PHI,,,,Maxey,T. Maxey,,,,,,,,,,,,,,,,,,,,,,,,,
452,PT02M19.00S,2022-01-17T20:43:29.1Z,3,REGULAR,2pt,DUNK,['pointsinthepaint'],1628418,6.915243101182654,54.65686274509803,1610612764,84,71,2022-01-17T20:43:33Z,4480000,-23.0,13.0,1,left,T. Bryant cutting DUNK (15 PTS) (S. Dinwiddie 4 AST),"[1628418, 203915]",1610612764.0,WAS,cutting,,,Bryant,T. Bryant,,,,,2.64,Made,15.0,S. Dinwiddie,203915.0,4.0,,,,,,,,,,,,,,,
454,PT01M56.00S,2022-01-17T20:43:51.1Z,3,REGULAR,3pt,Jump Shot,[],203552,69.20170827858082,69.6078431372549,1610612755,84,71,2022-01-17T20:43:55Z,4500000,98.0,237.0,1,right,MISS S. Curry 25' 3PT,[203552],1610612755.0,PHI,,,,Curry,S. Curry,,,,,25.65,Missed,,,,,,,,,,,,,,,,,,,
455,PT01M54.00S,2022-01-17T20:43:53.1Z,3,REGULAR,rebound,offensive,[],1627777,,,1610612755,84,71,2022-01-17T20:43:55Z,4510000,,,0,,G. Niang REBOUND (Off:1 Def:3),[1627777],1610612755.0,PHI,,,,Niang,G. Niang,,,,,,,,,,,454.0,4.0,3.0,1.0,,,,,,,,,,,
456,PT01M47.00S,2022-01-17T20:44:00.8Z,3,REGULAR,3pt,Jump Shot,['2ndchance'],203552,67.7562417871222,67.8921568627451,1610612755,84,71,2022-01-17T20:51:54Z,4520000,89.0,251.0,1,right,MISS S. Curry 26' pullup 3PT,[203552],1610612755.0,PHI,pullup,,,Curry,S. Curry,,,,,26.61,Missed,,,,,,,,,,,,,,,,,,,
457,PT01M44.00S,2022-01-17T20:44:03.8Z,3,REGULAR,rebound,defensive,[],1629060,,,1610612764,84,71,2022-01-17T20:44:04Z,4530000,,,0,,R. Hachimura REBOUND (Off:0 Def:3),[1629060],1610612764.0,WAS,,,,Hachimura,R. Hachimura,,,,,,,,,,,456.0,3.0,3.0,0.0,,,,,,,,,,,
458,PT01M29.00S,2022-01-17T20:44:18.7Z,3,REGULAR,2pt,Jump Shot,[],1629060,22.026938239159,62.254901960784316,1610612764,86,71,2022-01-17T20:44:23Z,4540000,-61.0,155.0,1,left,R. Hachimura 16' Jump Shot (7 PTS) (S. Dinwiddie 5 AST),"[1629060, 203915]",1610612764.0,WAS,,,,Hachimura,R. Hachimura,,,,,16.63,Made,7.0,S. Dinwiddie,203915.0,5.0,,,,,,,,,,,,,,,
460,PT01M14.00S,2022-01-17T20:44:33.5Z,3,REGULAR,3pt,Jump Shot,[],1630198,94.95729303547962,95.09803921568627,1610612755,86,74,2022-01-17T20:44:37Z,4560000,225.0,-5.0,1,right,I. Joe 3PT  (3 PTS) (T. Maxey 3 AST),"[1630198, 1630178]",1610612755.0,PHI,,,,Joe,I. Joe,,,,,22.56,Made,3.0,T. Maxey,1630178.0,3.0,,,,,,,,,,,,,,,
462,PT01M13.00S,2022-01-17T20:44:40.8Z,3,REGULAR,timeout,full,['team'],0,,,1610612764,86,74,2022-01-17T20:44:40Z,4580000,,,0,,WAS Timeout,[],1610612764.0,WAS,,,,,,,,,,,,,,,,,,,,,,,,,,,,,,
466,PT01M13.00S,2022-01-17T20:44:44.6Z,3,REGULAR,substitution,out,[],1628418,,,1610612764,86,74,2022-01-17T20:46:01Z,4590000,,,0,,SUB out: T. Bryant,[1628418],1610612764.0,WAS,,,,Bryant,T. Bryant,,,,,,,,,,,,,,,,,,,,,,,,,
467,PT01M13.00S,2022-01-17T20:44:44.6Z,3,REGULAR,substitution,out,[],203552,,,1610612764,86,74,2022-01-17T20:46:01Z,4600000,,,0,,SUB out: S. Curry,[203552],1610612755.0,PHI,,,,Curry,S. Curry,,,,,,,,,,,,,,,,,,,,,,,,,
468,PT01M13.00S,2022-01-17T20:44:44.6Z,3,REGULAR,substitution,in,[],1626149,,,1610612764,86,74,2022-01-17T20:46:01Z,4610000,,,0,,SUB in: M. Harrell,[1626149],1610612764.0,WAS,,,,Harrell,M. Harrell,,,,,,,,,,,,,,,,,,,,,,,,,
469,PT01M13.00S,2022-01-17T20:44:44.6Z,3,REGULAR,substitution,in,[],202699,,,1610612764,86,74,2022-01-17T20:46:01Z,4620000,,,0,,SUB in: T. Harris,[202699],1610612755.0,PHI,,,,Harris,T. Harris,,,,,,,,,,,,,,,,,,,,,,,,,
470,PT00M59.40S,2022-01-17T20:46:13.3Z,3,REGULAR,turnover,bad pass,[],1629060,,,1610612764,86,74,2022-01-17T20:46:17Z,4630000,,,0,,R. Hachimura bad pass TURNOVER (1 TO),"[1629060, 1630198]",1610612764.0,WAS,,,,Hachimura,R. Hachimura,,,,,,,,,,,,,,,1.0,Joe,1630198.0,,,,,,,,
471,PT00M59.40S,2022-01-17T20:46:13.3Z,3,REGULAR,steal,,[],1630198,,,1610612755,86,74,2022-01-17T20:46:15Z,4640000,,,0,,I. Joe STEAL (1 STL),[1630198],1610612755.0,PHI,,,,Joe,I. Joe,,,,,,,,,,,,,,,,,,,,,,,,,
472,PT00M57.50S,2022-01-17T20:46:16.6Z,3,REGULAR,2pt,DUNK,"['pointsinthepaint', 'fromturnover', 'fastbreak']",1630198,92.85479632063075,48.77450980392157,1610612755,86,76,2022-01-17T20:46:30Z,4650000,-6.0,15.0,1,right,I. Joe running DUNK (5 PTS),[1630198],1610612755.0,PHI,running,,,Joe,I. Joe,,,,,1.59,Made,5.0,,,,,,,,,,,,,,,,,,
473,PT00M57.50S,2022-01-17T20:46:21.6Z,3,REGULAR,foul,personal,['1freethrow'],1629060,,,1610612755,86,76,2022-01-17T20:46:27Z,4660000,,,0,,R. Hachimura shooting personal FOUL (1 PF) (Joe 1 FT),"[1629060, 1630198]",1610612764.0,WAS,shooting,,,Hachimura,R. Hachimura,,,,,,,,,,,,,,,,,,204059.0,1.0,0.0,Joe,1630198.0,,,
475,PT00M57.50S,2022-01-17T20:46:46.3Z,3,REGULAR,freethrow,1 of 1,['fromturnover'],1630198,,,1610612755,86,77,2022-01-17T20:46:46Z,4680000,,,0,,I. Joe Free Throw 1 of 1 (6 PTS),[1630198],1610612755.0,PHI,,,,Joe,I. Joe,,,,,,Made,6.0,,,,,,,,,,,,,,,,,,
476,PT00M42.50S,2022-01-17T20:47:09.2Z,3,REGULAR,foul,personal,"['inpenalty', '2freethrow']",1627777,,,1610612764,86,77,2022-01-17T20:47:15Z,4690000,,,0,,G. Niang shooting personal FOUL (2 PF) (Hachimura 2 FT),"[1627777, 1629060]",1610612755.0,PHI,shooting,,,Niang,G. Niang,,,,,,,,,,,,,,,,,,204059.0,2.0,0.0,Hachimura,1629060.0,,,
478,PT00M42.50S,2022-01-17T20:47:37.5Z,3,REGULAR,freethrow,1 of 2,[],1629060,,,1610612764,87,77,2022-01-17T20:47:37Z,4710000,,,0,,R. Hachimura Free Throw 1 of 2 (8 PTS),[1629060],1610612764.0,WAS,,,,Hachimura,R. Hachimura,,,,,,Made,8.0,,,,,,,,,,,,,,,,,,
479,PT00M42.50S,2022-01-17T20:47:49.5Z,3,REGULAR,freethrow,2 of 2,[],1629060,,,1610612764,88,77,2022-01-17T20:47:49Z,4720000,,,0,,R. Hachimura Free Throw 2 of 2 (9 PTS),[1629060],1610612764.0,WAS,,,,Hachimura,R. Hachimura,,,,,,Made,9.0,,,,,,,,,,,,,,,,,,
480,PT00M37.20S,2022-01-17T20:48:00.0Z,3,REGULAR,foul,personal,"['inpenalty', '2freethrow']",203526,,,1610612755,88,77,2022-01-17T20:48:05Z,4730000,,,0,,R. Neto personal FOUL (1 PF) (Maxey 2 FT),"[203526, 1630178]",1610612764.0,WAS,,,,Neto,R. Neto,,,,,,,,,,,,,,,,,,1627963.0,1.0,0.0,Maxey,1630178.0,,,
482,PT00M37.20S,2022-01-17T20:48:24.2Z,3,REGULAR,freethrow,1 of 2,[],1630178,,,1610612755,88,78,2022-01-17T20:48:24Z,4750000,,,0,,T. Maxey Free Throw 1 of 2 (8 PTS),[1630178],1610612755.0,PHI,,,,Maxey,T. Maxey,,,,,,Made,8.0,,,,,,,,,,,,,,,,,,
483,PT00M37.20S,2022-01-17T20:48:37.6Z,3,REGULAR,freethrow,2 of 2,[],1630178,,,1610612755,88,79,2022-01-17T20:48:37Z,4760000,,,0,,T. Maxey Free Throw 2 of 2 (9 PTS),[1630178],1610612755.0,PHI,,,,Maxey,T. Maxey,,,,,,Made,9.0,,,,,,,,,,,,,,,,,,
484,PT00M33.60S,2022-01-17T20:48:43.5Z,3,REGULAR,3pt,Jump Shot,[],203915,27.151773981603156,85.5392156862745,1610612764,88,79,2022-01-17T20:48:50Z,4770000,-178.0,203.0,1,left,MISS S. Dinwiddie 26' running pullup 3PT,[203915],1610612764.0,WAS,running pullup,,,Dinwiddie,S. Dinwiddie,,,,,26.96,Missed,,,,,,,,,,,,,,,,,,,
485,PT00M30.80S,2022-01-17T20:48:46.3Z,3,REGULAR,rebound,defensive,[],203083,,,1610612755,88,79,2022-01-17T20:48:50Z,4780000,,,0,,A. Drummond REBOUND (Off:1 Def:6),[203083],1610612755.0,PHI,,,,Drummond,A. Drummond,,,,,,,,,,,484.0,7.0,6.0,1.0,,,,,,,,,,,
486,PT00M14.80S,2022-01-17T20:49:02.8Z,3,REGULAR,2pt,Layup,['pointsinthepaint'],1630178,92.46057818659659,58.82352941176471,1610612755,88,81,2022-01-17T20:49:06Z,4790000,44.0,18.0,1,right,T. Maxey Layup (11 PTS),[1630178],1610612755.0,PHI,,,,Maxey,T. Maxey,,,,,4.78,Made,11.0,,,,,,,,,,,,,,,,,,
487,PT00M02.30S,2022-01-17T20:49:17.3Z,3,REGULAR,3pt,Jump Shot,[],1630557,22.158344283837057,90.44117647058823,1610612764,91,81,2022-01-17T20:49:21Z,4800000,-202.0,156.0,1,left,C. Kispert 25' 3PT  (9 PTS) (S. Dinwiddie 6 AST),"[1630557, 203915]",1610612764.0,WAS,,,,Kispert,C. Kispert,,,,,25.53,Made,9.0,S. Dinwiddie,203915.0,6.0,,,,,,,,,,,,,,,
489,PT00M00.80S,2022-01-17T20:49:28.5Z,3,REGULAR,foul,personal,"['inpenalty', '2freethrow']",1626149,,,1610612755,91,81,2022-01-17T20:49:35Z,4820000,,,0,,M. Harrell personal FOUL (2 PF) (Maxey 2 FT),"[1626149, 1630178]",1610612764.0,WAS,,,,Harrell,M. Harrell,,,,,,,,,,,,,,,,,,1627963.0,2.0,0.0,Maxey,1630178.0,,,
491,PT00M00.80S,2022-01-17T20:50:04.5Z,3,REGULAR,freethrow,1 of 2,[],1630178,,,1610612755,91,82,2022-01-17T20:50:04Z,4840000,,,0,,T. Maxey Free Throw 1 of 2 (12 PTS),[1630178],1610612755.0,PHI,,,,Maxey,T. Maxey,,,,,,Made,12.0,,,,,,,,,,,,,,,,,,
492,PT00M00.80S,2022-01-17T20:50:19.7Z,3,REGULAR,freethrow,2 of 2,[],1630178,,,1610612755,91,83,2022-01-17T20:50:19Z,4850000,,,0,,T. Maxey Free Throw 2 of 2 (13 PTS),[1630178],1610612755.0,PHI,,,,Maxey,T. Maxey,,,,,,Made,13.0,,,,,,,,,,,,,,,,,,
493,PT00M00.00S,2022-01-17T20:50:24.2Z,3,REGULAR,period,end,[],0,,,1610612764,91,83,2022-01-17T20:50:24Z,4860000,,,0,,Period End,[],,,,,,,,,,,,,,,,,,,,,,,,,,,,,,,,
494,PT12M00.00S,2022-01-17T20:53:40.3Z,4,REGULAR,period,start,[],0,,,1610612755,91,83,2022-01-17T20:53:40Z,4870000,,,0,,Period Start,[],,,,,,,,,,,,,,,,,,,,,,,,,,,,,,,,
495,PT11M43.00S,2022-01-17T20:53:56.3Z,4,REGULAR,2pt,Jump Shot,['pointsinthepaint'],1630178,87.59855453350855,50.49019607843137,1610612755,91,85,2022-01-17T20:53:59Z,4880000,2.0,64.0,1,right,T. Maxey 6' floating Jump Shot (15 PTS),[1630178],1610612755.0,PHI,floating,,,Maxey,T. Maxey,,,,,6.41,Made,15.0,,,,,,,,,,,,,,,,,,
496,PT11M29.00S,2022-01-17T20:54:10.1Z,4,REGULAR,2pt,Jump Shot,[],1629060,22.683968462549277,33.088235294117645,1610612764,93,85,2022-01-17T20:54:17Z,4890000,85.0,161.0,1,left,R. Hachimura 18' Jump Shot (11 PTS) (C. Kispert 1 AST),"[1629060, 1630557]",1610612764.0,WAS,,,,Hachimura,R. Hachimura,,,,,18.16,Made,11.0,C. Kispert,1630557.0,1.0,,,,,,,,,,,,,,,
498,PT11M17.00S,2022-01-17T20:54:22.5Z,4,REGULAR,turnover,bad pass,[],202699,,,1610612755,93,85,2022-01-17T20:54:26Z,4910000,,,0,,T. Harris bad pass TURNOVER (1 TO),"[202699, 1629060]",1610612755.0,PHI,,,,Harris,T. Harris,,,,,,,,,,,,,,,1.0,Hachimura,1629060.0,,,,,,,,
499,PT11M17.00S,2022-01-17T20:54:22.5Z,4,REGULAR,steal,,[],1629060,,,1610612764,93,85,2022-01-17T20:54:24Z,4920000,,,0,,R. Hachimura STEAL (1 STL),[1629060],1610612764.0,WAS,,,,Hachimura,R. Hachimura,,,,,,,,,,,,,,,,,,,,,,,,,
500,PT11M17.00S,2022-01-17T20:54:25.3Z,4,REGULAR,foul,personal,[],203083,,,1610612764,93,85,2022-01-17T20:54:36Z,4930000,,,0,,A. Drummond take personal FOUL (3 PF),"[203083, 1629060]",1610612755.0,PHI,take,,,Drummond,A. Drummond,,,,,,,,,,,,,,,,,,1627963.0,3.0,1.0,Hachimura,1629060.0,,,
502,PT11M03.00S,2022-01-17T20:55:06.1Z,4,REGULAR,2pt,Jump Shot,['fromturnover'],1629060,21.369908015768726,69.6078431372549,1610612764,93,85,2022-01-17T20:55:13Z,4950000,-98.0,148.0,1,left,MISS R. Hachimura 17' step back Shot,[1629060],1610612764.0,WAS,step back,,,Hachimura,R. Hachimura,,,,,17.78,Missed,,,,,,,,,,,,,,,,,,,
503,PT11M02.00S,2022-01-17T20:55:12.0Z,4,REGULAR,rebound,offensive,['team'],0,,,1610612764,93,85,2022-01-17T20:55:11Z,4960000,,,0,,TEAM offensive REBOUND,[],1610612764.0,WAS,,,,,,,,,,,,,,,,502.0,,,,,,,,,,,,,,
504,PT11M02.00S,2022-01-17T20:55:13.5Z,4,REGULAR,stoppage,out-of-bounds,[],0,,,1610612764,93,85,2022-01-17T20:55:13Z,4970000,,,0,,,[],,,,,,,,,,,,,,,,,,,,,,,,,,,,,,,,
505,PT10M58.00S,2022-01-17T20:55:32.6Z,4,REGULAR,2pt,DUNK,"['pointsinthepaint', 'fromturnover', '2ndchance']",1626149,8.623521681997373,50.245098039215684,1610612764,95,85,2022-01-17T20:55:36Z,4980000,-1.0,29.0,1,left,M. Harrell cutting DUNK (8 PTS) (C. Kispert 2 AST),"[1626149, 1630557]",1610612764.0,WAS,cutting,,,Harrell,M. Harrell,,,,,2.86,Made,8.0,C. Kispert,1630557.0,2.0,,,,,,,,,,,,,,,
508,PT10M44.00S,2022-01-17T20:55:49.1Z,4,REGULAR,foul,offensive,[],203083,,,1610612755,95,85,2022-01-17T20:55:56Z,5010000,,,0,,A. Drummond charge offensive FOUL (4 PF),"[203083, 1626149]",1610612755.0,PHI,charge,,,Drummond,A. Drummond,,,,,,,,,,,,,,,,,,204059.0,4.0,1.0,Harrell,1626149.0,,,
510,PT10M44.00S,2022-01-17T20:55:49.1Z,4,REGULAR,turnover,offensive foul,[],203083,,,1610612755,95,85,2022-01-17T20:55:49Z,5030000,,,0,,A. Drummond offensive foul TURNOVER (2 TO),[203083],1610612755.0,PHI,,,,Drummond,A. Drummond,,,,,,,,,,,,,,,2.0,,,204059.0,,,,,,,
511,PT10M20.00S,2022-01-17T20:56:24.4Z,4,REGULAR,2pt,Jump Shot,"['pointsinthepaint', 'fromturnover']",203526,14.536793692509855,34.55882352941176,1610612764,97,85,2022-01-17T20:56:30Z,5040000,77.0,84.0,1,left,R. Neto 11' fadeaway Jump Shot (4 PTS) (S. Dinwiddie 7 AST),"[203526, 203915]",1610612764.0,WAS,fadeaway,,,Neto,R. Neto,,,,,11.42,Made,4.0,S. Dinwiddie,203915.0,7.0,,,,,,,,,,,,,,,
513,PT10M05.00S,2022-01-17T20:56:38.8Z,4,REGULAR,2pt,Jump Shot,[],202699,87.33574244415243,73.0392156862745,1610612755,97,85,2022-01-17T20:56:43Z,5060000,115.0,67.0,1,right,MISS T. Harris 13' floating Shot,[202699],1610612755.0,PHI,floating,,,Harris,T. Harris,,,,,13.3,Missed,,,,,,,,,,,,,,,,,,,
514,PT10M03.00S,2022-01-17T20:56:40.8Z,4,REGULAR,rebound,defensive,[],1629060,,,1610612764,97,85,2022-01-17T20:56:43Z,5070000,,,0,,R. Hachimura REBOUND (Off:0 Def:4),[1629060],1610612764.0,WAS,,,,Hachimura,R. Hachimura,,,,,,,,,,,513.0,4.0,4.0,0.0,,,,,,,,,,,
515,PT09M57.00S,2022-01-17T20:56:51.5Z,4,REGULAR,foul,personal,[],1630198,,,1610612764,97,85,2022-01-17T20:57:05Z,5080000,,,0,,I. Joe personal FOUL (1 PF),"[1630198, 1626149]",1610612755.0,PHI,,,,Joe,I. Joe,,,,,,,,,,,,,,,,,,1627963.0,1.0,0.0,Harrell,1626149.0,,,
517,PT09M45.00S,2022-01-17T20:57:20.9Z,4,REGULAR,3pt,Jump Shot,[],203915,8.886333771353483,3.1862745098039214,1610612764,97,85,2022-01-17T20:57:27Z,5100000,234.0,31.0,1,left,MISS S. Dinwiddie pullup 3PT,[203915],1610612764.0,WAS,pullup,,,Dinwiddie,S. Dinwiddie,,,,,23.61,Missed,,,,,,,,,,,,,,,,,,,
518,PT09M44.00S,2022-01-17T20:57:21.9Z,4,REGULAR,rebound,offensive,['team'],0,,,1610612764,97,85,2022-01-17T20:57:27Z,5110000,,,0,,TEAM offensive REBOUND,[],1610612764.0,WAS,,,,,,,,,,,,,,,,517.0,,,,,,,,,,,,,,
519,PT09M44.00S,2022-01-17T20:57:25.6Z,4,REGULAR,foul,personal,[],1627777,,,1610612764,97,85,2022-01-17T20:57:38Z,5120000,,,0,,G. Niang loose ball personal FOUL (3 PF),"[1627777, 1626149]",1610612755.0,PHI,loose ball,,,Niang,G. Niang,,,,,,,,,,,,,,,,,,1148.0,3.0,0.0,Harrell,1626149.0,,,
521,PT09M36.00S,2022-01-17T20:57:52.8Z,4,REGULAR,foul,personal,[],1630198,,,1610612764,97,85,2022-01-17T20:57:59Z,5140000,,,0,,I. Joe personal FOUL (2 PF),"[1630198, 203915]",1610612755.0,PHI,,,,Joe,I. Joe,,,,,,,,,,,,,,,,,,1148.0,2.0,0.0,Dinwiddie,203915.0,,,
524,PT09M30.00S,2022-01-17T20:58:16.7Z,4,REGULAR,turnover,bad pass,[],203915,,,1610612764,97,85,2022-01-17T20:58:23Z,5170000,,,0,,S. Dinwiddie bad pass TURNOVER (1 TO),"[203915, 203083]",1610612764.0,WAS,,,,Dinwiddie,S. Dinwiddie,,,,,,,,,,,,,,,1.0,Drummond,203083.0,,,,,,,,
525,PT09M30.00S,2022-01-17T20:58:16.7Z,4,REGULAR,steal,,[],203083,,,1610612755,97,85,2022-01-17T20:58:20Z,5180000,,,0,,A. Drummond STEAL (2 STL),[203083],1610612755.0,PHI,,,,Drummond,A. Drummond,,,,,,,,,,,,,,,,,,,,,,,,,
526,PT09M30.00S,2022-01-17T20:58:21.7Z,4,REGULAR,foul,personal,[],1626149,,,1610612755,97,85,2022-01-17T20:59:18Z,5190000,,,0,,M. Harrell loose ball personal FOUL (3 PF),"[1626149, 203083]",1610612764.0,WAS,loose ball,,,Harrell,M. Harrell,,,,,,,,,,,,,,,,,,204059.0,3.0,0.0,Drummond,203083.0,,,
528,PT09M10.00S,2022-01-17T20:58:51.7Z,4,REGULAR,2pt,Layup,"['pointsinthepaint', 'fromturnover']",1630178,92.72339027595268,55.63725490196079,1610612755,97,87,2022-01-17T20:58:55Z,5210000,28.0,16.0,1,right,T. Maxey Layup (17 PTS) (T. Harris 1 AST),"[1630178, 202699]",1610612755.0,PHI,,,,Maxey,T. Maxey,,,,,3.24,Made,17.0,T. Harris,202699.0,1.0,,,,,,,,,,,,,,,
530,PT09M02.00S,2022-01-17T20:59:02.9Z,4,REGULAR,foul,personal,"['inpenalty', '2freethrow']",202699,,,1610612764,97,87,2022-01-17T20:59:07Z,5230000,,,0,,T. Harris shooting personal FOUL (5 PF) (Dinwiddie 2 FT),"[202699, 203915]",1610612755.0,PHI,shooting,,,Harris,T. Harris,,,,,,,,,,,,,,,,,,1627963.0,5.0,0.0,Dinwiddie,203915.0,,,
532,PT09M02.00S,2022-01-17T20:59:25.0Z,4,REGULAR,freethrow,1 of 2,[],203915,,,1610612764,98,87,2022-01-17T20:59:25Z,5250000,,,0,,S. Dinwiddie Free Throw 1 of 2 (6 PTS),[203915],1610612764.0,WAS,,,,Dinwiddie,S. Dinwiddie,,,,,,Made,6.0,,,,,,,,,,,,,,,,,,
533,PT09M02.00S,2022-01-17T20:59:25.9Z,4,REGULAR,substitution,out,[],203526,,,1610612764,98,87,2022-01-17T20:59:34Z,5260000,,,0,,SUB out: R. Neto,[203526],1610612764.0,WAS,,,,Neto,R. Neto,,,,,,,,,,,,,,,,,,,,,,,,,
534,PT09M02.00S,2022-01-17T20:59:25.9Z,4,REGULAR,substitution,in,[],203078,,,1610612764,98,87,2022-01-17T20:59:34Z,5270000,,,0,,SUB in: B. Beal,[203078],1610612764.0,WAS,,,,Beal,B. Beal,,,,,,,,,,,,,,,,,,,,,,,,,
535,PT09M02.00S,2022-01-17T20:59:47.7Z,4,REGULAR,freethrow,2 of 2,[],203915,,,1610612764,99,87,2022-01-17T20:59:47Z,5280000,,,0,,S. Dinwiddie Free Throw 2 of 2 (7 PTS),[203915],1610612764.0,WAS,,,,Dinwiddie,S. Dinwiddie,,,,,,Made,7.0,,,,,,,,,,,,,,,,,,
536,PT08M43.00S,2022-01-17T21:00:07.7Z,4,REGULAR,2pt,Jump Shot,[],202699,84.31340341655716,21.813725490196077,1610612755,99,87,2022-01-17T21:00:11Z,5290000,-141.0,95.0,1,right,MISS T. Harris 16' pullup Shot,[202699],1610612755.0,PHI,pullup,,,Harris,T. Harris,,,,,16.99,Missed,,,,,,,,,,,,,,,,,,,
537,PT08M40.00S,2022-01-17T21:00:10.7Z,4,REGULAR,rebound,defensive,[],1630557,,,1610612764,99,87,2022-01-17T21:00:11Z,5300000,,,0,,C. Kispert REBOUND (Off:1 Def:1),[1630557],1610612764.0,WAS,,,,Kispert,C. Kispert,,,,,,,,,,,536.0,2.0,1.0,1.0,,,,,,,,,,,
538,PT08M32.00S,2022-01-17T21:00:18.5Z,4,REGULAR,turnover,bad pass,[],203915,,,1610612764,99,87,2022-01-17T21:00:23Z,5310000,,,0,,S. Dinwiddie bad pass TURNOVER (2 TO),"[203915, 203083]",1610612764.0,WAS,,,,Dinwiddie,S. Dinwiddie,,,,,,,,,,,,,,,2.0,Drummond,203083.0,,,,,,,,
539,PT08M32.00S,2022-01-17T21:00:18.5Z,4,REGULAR,steal,,[],203083,,,1610612755,99,87,2022-01-17T21:00:20Z,5320000,,,0,,A. Drummond STEAL (3 STL),[203083],1610612755.0,PHI,,,,Drummond,A. Drummond,,,,,,,,,,,,,,,,,,,,,,,,,
540,PT08M26.00S,2022-01-17T21:00:24.3Z,4,REGULAR,3pt,Jump Shot,['fromturnover'],1630198,71.82982917214193,81.37254901960785,1610612755,99,87,2022-01-17T21:00:28Z,5330000,157.0,212.0,1,right,MISS I. Joe 26' 3PT,[1630198],1610612755.0,PHI,,,,Joe,I. Joe,,,,,26.4,Missed,,,,,,,,,,,,,,,,,,,
541,PT08M24.00S,2022-01-17T21:00:26.3Z,4,REGULAR,rebound,defensive,[],1626149,,,1610612764,99,87,2022-01-17T21:00:28Z,5340000,,,0,,M. Harrell REBOUND (Off:1 Def:3),[1626149],1610612764.0,WAS,,,,Harrell,M. Harrell,,,,,,,,,,,540.0,4.0,3.0,1.0,,,,,,,,,,,
542,PT08M03.00S,2022-01-17T21:00:48.2Z,4,REGULAR,2pt,Jump Shot,[],1626149,11.251642575558476,73.77450980392157,1610612764,101,87,2022-01-17T21:00:52Z,5350000,-119.0,53.0,1,left,M. Harrell 13' pullup Jump Shot (10 PTS),[1626149],1610612764.0,WAS,pullup,,,Harrell,M. Harrell,,,,,13.03,Made,10.0,,,,,,,,,,,,,,,,,,
543,PT07M37.00S,2022-01-17T21:01:14.7Z,4,REGULAR,2pt,Layup,['pointsinthepaint'],202699,92.32917214191852,59.068627450980394,1610612755,101,87,2022-01-17T21:01:18Z,5360000,45.0,20.0,1,right,MISS T. Harris cutting Layup,[202699],1610612755.0,PHI,cutting,,,Harris,T. Harris,,,,,4.94,Missed,,,,,,,,,,,,,,,,,,,
544,PT07M34.00S,2022-01-17T21:01:17.7Z,4,REGULAR,rebound,defensive,[],1629060,,,1610612764,101,87,2022-01-17T21:01:18Z,5370000,,,0,,R. Hachimura REBOUND (Off:0 Def:5),[1629060],1610612764.0,WAS,,,,Hachimura,R. Hachimura,,,,,,,,,,,543.0,5.0,5.0,0.0,,,,,,,,,,,
545,PT07M25.00S,2022-01-17T21:01:29.0Z,4,REGULAR,foul,personal,"['2freethrow', 'inpenalty']",203083,,,1610612764,101,87,2022-01-17T21:03:28Z,5380000,,,0,,A. Drummond shooting personal FOUL (5 PF) (Harrell 2 FT),"[203083, 1626149]",1610612755.0,PHI,shooting,,,Drummond,A. Drummond,,,,,,,,,,,,,,,,,,204059.0,5.0,1.0,Harrell,1626149.0,,,
548,PT07M25.00S,2022-01-17T21:01:48.4Z,4,REGULAR,timeout,full,"['team', 'mandatory']",0,,,1610612764,101,87,2022-01-17T21:03:28Z,5410000,,,0,,WAS Timeout,[],1610612764.0,WAS,,,,,,,,,,,,,,,,,,,,,,,,,,,,,,
550,PT07M25.00S,2022-01-17T21:01:49.2Z,4,REGULAR,substitution,out,[],203915,,,1610612764,101,87,2022-01-17T21:04:32Z,5415000,,,0,,SUB out: S. Dinwiddie,[203915],1610612764.0,WAS,,,,Dinwiddie,S. Dinwiddie,,,,,,,,,,,,,,,,,,,,,,,,,
551,PT07M25.00S,2022-01-17T21:01:49.2Z,4,REGULAR,substitution,out,[],203083,,,1610612764,101,87,2022-01-17T21:04:32Z,5417500,,,0,,SUB out: A. Drummond,[203083],1610612755.0,PHI,,,,Drummond,A. Drummond,,,,,,,,,,,,,,,,,,,,,,,,,
552,PT07M25.00S,2022-01-17T21:01:49.2Z,4,REGULAR,substitution,out,[],1630198,,,1610612764,101,87,2022-01-17T21:04:32Z,5418750,,,0,,SUB out: I. Joe,[1630198],1610612755.0,PHI,,,,Joe,I. Joe,,,,,,,,,,,,,,,,,,,,,,,,,
553,PT07M25.00S,2022-01-17T21:01:49.2Z,4,REGULAR,substitution,out,[],202699,,,1610612764,101,87,2022-01-17T21:04:32Z,5419375,,,0,,SUB out: T. Harris,[202699],1610612755.0,PHI,,,,Harris,T. Harris,,,,,,,,,,,,,,,,,,,,,,,,,
554,PT07M25.00S,2022-01-17T21:01:49.2Z,4,REGULAR,substitution,in,[],203484,,,1610612764,101,87,2022-01-17T21:04:32Z,5419687,,,0,,SUB in: K. Caldwell-Pope,[203484],1610612764.0,WAS,,,,Caldwell-Pope,K. Caldwell-Pope,,,,,,,,,,,,,,,,,,,,,,,,,
555,PT07M25.00S,2022-01-17T21:01:49.2Z,4,REGULAR,substitution,in,[],203954,,,1610612764,101,87,2022-01-17T21:04:32Z,5419843,,,0,,SUB in: J. Embiid,[203954],1610612755.0,PHI,,,,Embiid,J. Embiid,,,,,,,,,,,,,,,,,,,,,,,,,
556,PT07M25.00S,2022-01-17T21:01:49.2Z,4,REGULAR,substitution,in,[],203552,,,1610612764,101,87,2022-01-17T21:04:32Z,5419921,,,0,,SUB in: S. Curry,[203552],1610612755.0,PHI,,,,Curry,S. Curry,,,,,,,,,,,,,,,,,,,,,,,,,
557,PT07M25.00S,2022-01-17T21:01:49.2Z,4,REGULAR,substitution,in,[],1627788,,,1610612764,101,87,2022-01-17T21:04:32Z,5419960,,,0,,SUB in: F. Korkmaz,[1627788],1610612755.0,PHI,,,,Korkmaz,F. Korkmaz,,,,,,,,,,,,,,,,,,,,,,,,,
549,PT07M25.00S,2022-01-17T21:01:50.1Z,4,REGULAR,instantreplay,challenge,[],0,,,1610612764,101,87,2022-01-17T21:08:12Z,5420000,,,0,,,[],1610612764.0,WAS,overturned,,,,,,,,,,,,,,,,,,,,,,1148.0,,,,,,,Corrected to Shooting Foul on A. Drummond
558,PT07M25.00S,2022-01-17T21:01:50.2Z,4,REGULAR,freethrow,1 of 2,[],1626149,,,1610612764,102,87,2022-01-17T21:05:20Z,5430000,,,0,,M. Harrell Free Throw 1 of 2 (11 PTS),[1626149],1610612764.0,WAS,,,,Harrell,M. Harrell,,,,,,Made,11.0,,,,,,,,,,,,,,,,,,
559,PT07M25.00S,2022-01-17T21:01:50.2Z,4,REGULAR,freethrow,2 of 2,[],1626149,,,1610612764,102,87,2022-01-17T21:05:20Z,5440000,,,0,,MISS M. Harrell Free Throw 2 of 2,[1626149],1610612764.0,WAS,,,,Harrell,M. Harrell,,,,,,Missed,,,,,,,,,,,,,,,,,,,
560,PT07M25.00S,2022-01-17T21:01:50.2Z,4,REGULAR,rebound,defensive,[],203954,,,1610612755,102,87,2022-01-17T21:05:26Z,5450000,,,0,,J. Embiid REBOUND (Off:2 Def:6),[203954],1610612755.0,PHI,,,,Embiid,J. Embiid,,,,,,,,,,,559.0,8.0,6.0,2.0,,,,,,,,,,,
561,PT07M09.00S,2022-01-17T21:05:30.6Z,4,REGULAR,2pt,Hook,['pointsinthepaint'],203954,90.09526938239159,50.245098039215684,1610612755,102,89,2022-01-17T21:05:39Z,5460000,1.0,41.0,1,right,J. Embiid Hook (32 PTS) (G. Niang 2 AST),"[203954, 1627777]",1610612755.0,PHI,,,,Embiid,J. Embiid,,,,,4.06,Made,32.0,G. Niang,1627777.0,2.0,,,,,,,,,,,,,,,
563,PT06M47.00S,2022-01-17T21:05:53.5Z,4,REGULAR,turnover,bad pass,[],203078,,,1610612764,102,89,2022-01-17T21:05:57Z,5480000,,,0,,B. Beal bad pass TURNOVER (2 TO),"[203078, 1627788]",1610612764.0,WAS,,,,Beal,B. Beal,,,,,,,,,,,,,,,2.0,Korkmaz,1627788.0,,,,,,,,
564,PT06M47.00S,2022-01-17T21:05:53.5Z,4,REGULAR,steal,,[],1627788,,,1610612755,102,89,2022-01-17T21:05:55Z,5490000,,,0,,F. Korkmaz STEAL (2 STL),[1627788],1610612755.0,PHI,,,,Korkmaz,F. Korkmaz,,,,,,,,,,,,,,,,,,,,,,,,,
565,PT06M38.00S,2022-01-17T21:06:01.6Z,4,REGULAR,2pt,Jump Shot,['fromturnover'],203954,76.82325886990802,54.166666666666664,1610612755,102,89,2022-01-17T21:06:06Z,5500000,21.0,165.0,1,right,MISS J. Embiid 16' Jump Shot,[203954],1610612755.0,PHI,,,,Embiid,J. Embiid,,,,,16.67,Missed,,,,,,,,,,,,,,,,,,,
566,PT06M35.00S,2022-01-17T21:06:04.6Z,4,REGULAR,rebound,defensive,[],203484,,,1610612764,102,89,2022-01-17T21:06:06Z,5510000,,,0,,K. Caldwell-Pope REBOUND (Off:0 Def:3),[203484],1610612764.0,WAS,,,,Caldwell-Pope,K. Caldwell-Pope,,,,,,,,,,,565.0,3.0,3.0,0.0,,,,,,,,,,,
567,PT06M25.00S,2022-01-17T21:06:14.5Z,4,REGULAR,2pt,Jump Shot,['pointsinthepaint'],203078,17.69053876478318,41.66666666666667,1610612764,102,89,2022-01-17T21:06:21Z,5520000,42.0,114.0,1,left,MISS B. Beal 12' turnaround Shot,[203078],1610612764.0,WAS,turnaround,,,Beal,B. Beal,,,,,12.12,Missed,,,,,,,,,,,,,,,,,,,
568,PT06M20.00S,2022-01-17T21:06:19.5Z,4,REGULAR,rebound,defensive,[],1627788,,,1610612755,102,89,2022-01-17T21:06:21Z,5530000,,,0,,F. Korkmaz REBOUND (Off:0 Def:5),[1627788],1610612755.0,PHI,,,,Korkmaz,F. Korkmaz,,,,,,,,,,,567.0,5.0,5.0,0.0,,,,,,,,,,,
569,PT06M09.00S,2022-01-17T21:06:30.0Z,4,REGULAR,turnover,lost ball,[],203954,,,1610612755,102,89,2022-01-17T21:06:34Z,5540000,,,0,,J. Embiid lost ball TURNOVER (4 TO),"[203954, 1630557]",1610612755.0,PHI,,,,Embiid,J. Embiid,,,,,,,,,,,,,,,4.0,Kispert,1630557.0,,,,,,,,
570,PT06M09.00S,2022-01-17T21:06:30.0Z,4,REGULAR,steal,,[],1630557,,,1610612764,102,89,2022-01-17T21:10:47Z,5550000,,,0,,C. Kispert STEAL (1 STL),[1630557],1610612764.0,WAS,,,,Kispert,C. Kispert,,,,,,,,,,,,,,,,,,,,,,,,,
571,PT05M59.00S,2022-01-17T21:06:40.8Z,4,REGULAR,3pt,Jump Shot,['fromturnover'],1629060,6.389618922470433,4.166666666666666,1610612764,102,89,2022-01-17T21:06:47Z,5560000,229.0,8.0,1,left,MISS R. Hachimura 3PT,[1629060],1610612764.0,WAS,,,,Hachimura,R. Hachimura,,,,,22.93,Missed,,,,,,,,,,,,,,,,,,,
572,PT05M55.00S,2022-01-17T21:06:44.8Z,4,REGULAR,rebound,offensive,[],1626149,,,1610612764,102,89,2022-01-17T21:06:57Z,5570000,,,0,,M. Harrell REBOUND (Off:2 Def:3),[1626149],1610612764.0,WAS,,,,Harrell,M. Harrell,,,,,,,,,,,571.0,5.0,3.0,2.0,,,,,,,,,,,
573,PT05M55.00S,2022-01-17T21:06:46.3Z,4,REGULAR,2pt,Layup,"['pointsinthepaint', 'fromturnover', '2ndchance']",1626149,10.85742444152431,50.73529411764706,1610612764,102,89,2022-01-17T21:06:58Z,5580000,-4.0,50.0,1,left,MISS M. Harrell Layup - blocked,"[1626149, 203552]",1610612764.0,WAS,,,,Harrell,M. Harrell,,,,,4.97,Missed,,,,,,,,,,,,,,,,,Curry,203552.0,
574,PT05M55.00S,2022-01-17T21:06:46.3Z,4,REGULAR,block,,[],203552,,,1610612764,102,89,2022-01-17T21:13:46Z,5590000,,,0,,S. Curry BLOCK (2 BLK),[203552],1610612755.0,PHI,,,,Curry,S. Curry,,,,,,,,,,,,,,,,,,,,,,,,,
575,PT05M55.00S,2022-01-17T21:06:46.3Z,4,REGULAR,rebound,offensive,['team'],0,,,1610612764,102,89,2022-01-17T21:06:58Z,5600000,,,0,,TEAM offensive REBOUND,[],1610612764.0,WAS,,,,,,,,,,,,,,,,573.0,,,,,,,,,,,,,,
576,PT05M55.00S,2022-01-17T21:06:52.2Z,4,REGULAR,stoppage,out-of-bounds,[],0,,,1610612764,102,89,2022-01-17T21:06:52Z,5610000,,,0,,,[],,,,,,,,,,,,,,,,,,,,,,,,,,,,,,,,
577,PT05M55.00S,2022-01-17T21:06:59.4Z,4,REGULAR,substitution,out,[],1629060,,,1610612764,102,89,2022-01-17T21:07:02Z,5620000,,,0,,SUB out: R. Hachimura,[1629060],1610612764.0,WAS,,,,Hachimura,R. Hachimura,,,,,,,,,,,,,,,,,,,,,,,,,
578,PT05M55.00S,2022-01-17T21:06:59.4Z,4,REGULAR,substitution,in,[],1628398,,,1610612764,102,89,2022-01-17T21:07:02Z,5630000,,,0,,SUB in: K. Kuzma,[1628398],1610612764.0,WAS,,,,Kuzma,K. Kuzma,,,,,,,,,,,,,,,,,,,,,,,,,
579,PT05M53.00S,2022-01-17T21:07:17.8Z,4,REGULAR,2pt,Layup,"['pointsinthepaint', 'fromturnover', '2ndchance']",1630557,6.521024967148489,57.107843137254896,1610612764,104,89,2022-01-17T21:07:21Z,5640000,-36.0,9.0,1,left,C. Kispert Layup (11 PTS) (K. Caldwell-Pope 1 AST),"[1630557, 203484]",1610612764.0,WAS,,,,Kispert,C. Kispert,,,,,3.66,Made,11.0,K. Caldwell-Pope,203484.0,1.0,,,,,,,,,,,,,,,
581,PT05M31.00S,2022-01-17T21:07:38.2Z,4,REGULAR,3pt,Jump Shot,[],1627777,67.7562417871222,22.54901960784314,1610612755,104,89,2022-01-17T21:07:42Z,5660000,-137.0,251.0,1,right,MISS G. Niang 28' 3PT,[1627777],1610612755.0,PHI,,,,Niang,G. Niang,,,,,28.57,Missed,,,,,,,,,,,,,,,,,,,
582,PT05M30.00S,2022-01-17T21:07:39.2Z,4,REGULAR,rebound,defensive,[],1628398,,,1610612764,104,89,2022-01-17T21:07:42Z,5670000,,,0,,K. Kuzma REBOUND (Off:1 Def:12),[1628398],1610612764.0,WAS,,,,Kuzma,K. Kuzma,,,,,,,,,,,581.0,13.0,12.0,1.0,,,,,,,,,,,
583,PT05M14.00S,2022-01-17T21:07:57.9Z,4,REGULAR,2pt,DUNK,['pointsinthepaint'],1626149,6.521024967148489,54.65686274509803,1610612764,106,89,2022-01-17T21:08:02Z,5680000,-23.0,9.0,1,left,M. Harrell cutting DUNK (13 PTS) (K. Kuzma 4 AST),"[1626149, 1628398]",1610612764.0,WAS,cutting,,,Harrell,M. Harrell,,,,,2.49,Made,13.0,K. Kuzma,1628398.0,4.0,,,,,,,,,,,,,,,
585,PT05M14.00S,2022-01-17T21:08:00.2Z,4,REGULAR,foul,personal,"['inpenalty', '1freethrow']",1627788,,,1610612764,106,89,2022-01-17T21:08:21Z,5700000,,,0,,F. Korkmaz shooting personal FOUL (3 PF) (Harrell 1 FT),"[1627788, 1626149]",1610612755.0,PHI,shooting,,,Korkmaz,F. Korkmaz,,,,,,,,,,,,,,,,,,1148.0,3.0,0.0,Harrell,1626149.0,,,
588,PT05M14.00S,2022-01-17T21:08:21.6Z,4,REGULAR,foul,technical,['1freethrow'],1626149,,,1610612764,106,89,2022-01-17T21:08:28Z,5730000,,,0,,M. Harrell technical FOUL (1 Tech),[1626149],1610612764.0,WAS,,,,Harrell,M. Harrell,,,,,,,,,,,,,,,,,,204059.0,3.0,1.0,,,,,
589,PT05M14.00S,2022-01-17T21:08:29.4Z,4,REGULAR,freethrow,1 of 1,[],1630178,,,1610612764,106,90,2022-01-17T21:08:29Z,5740000,,,0,,T. Maxey technical Free Throw 1 of 1 (18 PTS),[1630178],1610612755.0,PHI,technical,,,Maxey,T. Maxey,,,,,,Made,18.0,,,,,,,,,,,,,,,,,,
590,PT05M14.00S,2022-01-17T21:08:30.9Z,4,REGULAR,substitution,out,[],1627788,,,1610612764,106,90,2022-01-17T21:08:34Z,5750000,,,0,,SUB out: F. Korkmaz,[1627788],1610612755.0,PHI,,,,Korkmaz,F. Korkmaz,,,,,,,,,,,,,,,,,,,,,,,,,
591,PT05M14.00S,2022-01-17T21:08:30.9Z,4,REGULAR,substitution,in,[],202699,,,1610612764,106,90,2022-01-17T21:08:34Z,5760000,,,0,,SUB in: T. Harris,[202699],1610612755.0,PHI,,,,Harris,T. Harris,,,,,,,,,,,,,,,,,,,,,,,,,
592,PT05M14.00S,2022-01-17T21:09:17.9Z,4,REGULAR,freethrow,1 of 1,[],1626149,,,1610612764,107,90,2022-01-17T21:09:17Z,5770000,,,0,,M. Harrell Free Throw 1 of 1 (14 PTS),[1626149],1610612764.0,WAS,,,,Harrell,M. Harrell,,,,,,Made,14.0,,,,,,,,,,,,,,,,,,
593,PT05M05.00S,2022-01-17T21:09:27.5Z,4,REGULAR,3pt,Jump Shot,[],1630178,67.36202365308804,30.14705882352941,1610612755,107,90,2022-01-17T21:09:32Z,5780000,-99.0,254.0,1,right,MISS T. Maxey 27' 3PT,[1630178],1610612755.0,PHI,,,,Maxey,T. Maxey,,,,,27.3,Missed,,,,,,,,,,,,,,,,,,,
594,PT05M01.00S,2022-01-17T21:09:31.5Z,4,REGULAR,rebound,defensive,[],1628398,,,1610612764,107,90,2022-01-17T21:09:32Z,5790000,,,0,,K. Kuzma REBOUND (Off:1 Def:13),[1628398],1610612764.0,WAS,,,,Kuzma,K. Kuzma,,,,,,,,,,,593.0,14.0,13.0,1.0,,,,,,,,,,,
595,PT04M50.00S,2022-01-17T21:09:44.9Z,4,REGULAR,foul,personal,"['inpenalty', '2freethrow']",202699,,,1610612764,107,90,2022-01-17T21:09:50Z,5800000,,,0,,T. Harris shooting personal FOUL (6 PF) (Harrell 2 FT),"[202699, 1626149]",1610612755.0,PHI,shooting,,,Harris,T. Harris,,,,,,,,,,,,,,,,,,1627963.0,6.0,0.0,Harrell,1626149.0,,,
597,PT04M50.00S,2022-01-17T21:10:00.1Z,4,REGULAR,substitution,out,[],202699,,,1610612764,107,90,2022-01-17T21:10:13Z,5820000,,,0,,SUB out: T. Harris,[202699],1610612755.0,PHI,,,,Harris,T. Harris,,,,,,,,,,,,,,,,,,,,,,,,,
598,PT04M50.00S,2022-01-17T21:10:00.1Z,4,REGULAR,substitution,in,[],1627788,,,1610612764,107,90,2022-01-17T21:10:13Z,5830000,,,0,,SUB in: F. Korkmaz,[1627788],1610612755.0,PHI,,,,Korkmaz,F. Korkmaz,,,,,,,,,,,,,,,,,,,,,,,,,
599,PT04M50.00S,2022-01-17T21:10:39.5Z,4,REGULAR,freethrow,1 of 2,[],1626149,,,1610612764,108,90,2022-01-17T21:10:39Z,5840000,,,0,,M. Harrell Free Throw 1 of 2 (15 PTS),[1626149],1610612764.0,WAS,,,,Harrell,M. Harrell,,,,,,Made,15.0,,,,,,,,,,,,,,,,,,
600,PT04M50.00S,2022-01-17T21:11:03.0Z,4,REGULAR,freethrow,2 of 2,[],1626149,,,1610612764,109,90,2022-01-17T21:11:03Z,5850000,,,0,,M. Harrell Free Throw 2 of 2 (16 PTS),[1626149],1610612764.0,WAS,,,,Harrell,M. Harrell,,,,,,Made,16.0,,,,,,,,,,,,,,,,,,
601,PT04M39.00S,2022-01-17T21:11:15.0Z,4,REGULAR,2pt,Jump Shot,[],203552,75.90341655716163,74.01960784313727,1610612755,109,90,2022-01-17T21:14:59Z,5860000,120.0,174.0,1,right,MISS S. Curry 21' pullup Shot,[203552],1610612755.0,PHI,pullup,,,Curry,S. Curry,,,,,21.14,Missed,,,,,,,,,,,,,,,,,,,
602,PT04M35.00S,2022-01-17T21:11:19.0Z,4,REGULAR,rebound,defensive,[],1628398,,,1610612764,109,90,2022-01-17T21:11:19Z,5870000,,,0,,K. Kuzma REBOUND (Off:1 Def:14),[1628398],1610612764.0,WAS,,,,Kuzma,K. Kuzma,,,,,,,,,,,601.0,15.0,14.0,1.0,,,,,,,,,,,
603,PT04M28.00S,2022-01-17T21:11:25.6Z,4,REGULAR,2pt,Jump Shot,['pointsinthepaint'],1628398,8.623521681997373,46.568627450980394,1610612764,109,90,2022-01-17T21:11:45Z,5880000,17.0,29.0,1,left,MISS K. Kuzma floating Shot,[1628398],1610612764.0,WAS,floating,,,Kuzma,K. Kuzma,,,,,3.34,Missed,,,,,,,,,,,,,,,,,,,
604,PT04M28.00S,2022-01-17T21:11:25.6Z,4,REGULAR,rebound,offensive,['team'],0,,,1610612764,109,90,2022-01-17T21:11:45Z,5890000,,,0,,TEAM offensive REBOUND,[],1610612764.0,WAS,,,,,,,,,,,,,,,,603.0,,,,,,,,,,,,,,
605,PT04M28.00S,2022-01-17T21:11:34.0Z,4,REGULAR,substitution,out,[],203954,,,1610612764,109,90,2022-01-17T21:11:37Z,5900000,,,0,,SUB out: J. Embiid,[203954],1610612755.0,PHI,,,,Embiid,J. Embiid,,,,,,,,,,,,,,,,,,,,,,,,,
606,PT04M28.00S,2022-01-17T21:11:34.0Z,4,REGULAR,substitution,in,[],203083,,,1610612764,109,90,2022-01-17T21:11:37Z,5910000,,,0,,SUB in: A. Drummond,[203083],1610612755.0,PHI,,,,Drummond,A. Drummond,,,,,,,,,,,,,,,,,,,,,,,,,
607,PT04M28.00S,2022-01-17T21:11:48.3Z,4,REGULAR,substitution,out,[],1627777,,,1610612764,109,90,2022-01-17T21:11:52Z,5920000,,,0,,SUB out: G. Niang,[1627777],1610612755.0,PHI,,,,Niang,G. Niang,,,,,,,,,,,,,,,,,,,,,,,,,
608,PT04M28.00S,2022-01-17T21:11:48.3Z,4,REGULAR,substitution,in,[],1630194,,,1610612764,109,90,2022-01-17T21:11:52Z,5930000,,,0,,SUB in: P. Reed,[1630194],1610612755.0,PHI,,,,Reed,P. Reed,,,,,,,,,,,,,,,,,,,,,,,,,
609,PT04M28.00S,2022-01-17T21:11:54.1Z,4,REGULAR,substitution,out,[],203552,,,1610612764,109,90,2022-01-17T21:11:58Z,5940000,,,0,,SUB out: S. Curry,[203552],1610612755.0,PHI,,,,Curry,S. Curry,,,,,,,,,,,,,,,,,,,,,,,,,
610,PT04M28.00S,2022-01-17T21:11:54.1Z,4,REGULAR,substitution,in,[],1630198,,,1610612764,109,90,2022-01-17T21:11:58Z,5950000,,,0,,SUB in: I. Joe,[1630198],1610612755.0,PHI,,,,Joe,I. Joe,,,,,,,,,,,,,,,,,,,,,,,,,
611,PT04M17.00S,2022-01-17T21:12:20.7Z,4,REGULAR,2pt,Layup,"['pointsinthepaint', '2ndchance']",1628398,8.09789750328515,56.372549019607845,1610612764,111,90,2022-01-17T21:15:39Z,5960000,-32.0,24.0,1,left,K. Kuzma driving Layup (15 PTS) (B. Beal 6 AST),"[1628398, 203078]",1610612764.0,WAS,driving,,,Kuzma,K. Kuzma,,,,,3.97,Made,15.0,B. Beal,203078.0,6.0,,,,,,,,,,,,,,,
613,PT03M55.00S,2022-01-17T21:12:42.8Z,4,REGULAR,2pt,Jump Shot,['pointsinthepaint'],1630194,92.59198423127464,54.90196078431373,1610612755,111,90,2022-01-17T21:12:46Z,5980000,25.0,17.0,1,right,MISS P. Reed floating Shot,[1630194],1610612755.0,PHI,floating,,,Reed,P. Reed,,,,,2.99,Missed,,,,,,,,,,,,,,,,,,,
614,PT03M53.00S,2022-01-17T21:12:44.8Z,4,REGULAR,rebound,defensive,[],1628398,,,1610612764,111,90,2022-01-17T21:12:46Z,5990000,,,0,,K. Kuzma REBOUND (Off:1 Def:15),[1628398],1610612764.0,WAS,,,,Kuzma,K. Kuzma,,,,,,,,,,,613.0,16.0,15.0,1.0,,,,,,,,,,,
615,PT03M42.00S,2022-01-17T21:12:55.7Z,4,REGULAR,3pt,Jump Shot,[],203484,7.440867279894875,3.9215686274509802,1610612764,111,90,2022-01-17T21:13:01Z,6000000,230.0,17.0,1,left,MISS K. Caldwell-Pope 3PT,[203484],1610612764.0,WAS,,,,Caldwell-Pope,K. Caldwell-Pope,,,,,23.11,Missed,,,,,,,,,,,,,,,,,,,
616,PT03M40.00S,2022-01-17T21:12:59.5Z,4,REGULAR,rebound,offensive,['team'],0,,,1610612764,111,90,2022-01-17T21:12:59Z,6010000,,,0,,TEAM offensive REBOUND,[],1610612764.0,WAS,,,,,,,,,,,,,,,,615.0,,,,,,,,,,,,,,
617,PT03M40.00S,2022-01-17T21:13:03.1Z,4,REGULAR,stoppage,out-of-bounds,[],0,,,1610612764,111,90,2022-01-17T21:13:03Z,6020000,,,0,,,[],,,,,,,,,,,,,,,,,,,,,,,,,,,,,,,,
618,PT03M40.00S,2022-01-17T21:13:03.9Z,4,REGULAR,substitution,out,[],1630178,,,1610612764,111,90,2022-01-17T21:13:21Z,6030000,,,0,,SUB out: T. Maxey,[1630178],1610612755.0,PHI,,,,Maxey,T. Maxey,,,,,,,,,,,,,,,,,,,,,,,,,
619,PT03M40.00S,2022-01-17T21:13:03.9Z,4,REGULAR,substitution,out,[],1627788,,,1610612764,111,90,2022-01-17T21:13:21Z,6040000,,,0,,SUB out: F. Korkmaz,[1627788],1610612755.0,PHI,,,,Korkmaz,F. Korkmaz,,,,,,,,,,,,,,,,,,,,,,,,,
620,PT03M40.00S,2022-01-17T21:13:03.9Z,4,REGULAR,substitution,in,[],1629718,,,1610612764,111,90,2022-01-17T21:13:21Z,6050000,,,0,,SUB in: C. Brown Jr.,[1629718],1610612755.0,PHI,,,,Brown Jr.,C. Brown Jr.,,,,,,,,,,,,,,,,,,,,,,,,,
621,PT03M40.00S,2022-01-17T21:13:03.9Z,4,REGULAR,substitution,in,[],1629619,,,1610612764,111,90,2022-01-17T21:13:21Z,6060000,,,0,,SUB in: M. Powell,[1629619],1610612755.0,PHI,,,,Powell,M. Powell,,,,,,,,,,,,,,,,,,,,,,,,,
639,PT03M40.00S,2022-01-17T21:13:03.9Z,4,REGULAR,substitution,out,[],203083,,,1610612764,111,90,2022-01-17T21:16:51Z,6065000,,,0,,SUB out: A. Drummond,[203083],1610612755.0,PHI,,,,Drummond,A. Drummond,,,,,,,,,,,,,,,,,,,,,,,,,
640,PT03M40.00S,2022-01-17T21:13:03.9Z,4,REGULAR,substitution,in,[],1629646,,,1610612764,111,90,2022-01-17T21:16:51Z,6067500,,,0,,SUB in: C. Bassey,[1629646],1610612755.0,PHI,,,,Bassey,C. Bassey,,,,,,,,,,,,,,,,,,,,,,,,,
622,PT03M30.00S,2022-01-17T21:13:43.0Z,4,REGULAR,3pt,Jump Shot,['2ndchance'],203484,27.677398160315374,79.65686274509804,1610612764,111,90,2022-01-17T21:14:03Z,6070000,-148.0,208.0,1,left,MISS K. Caldwell-Pope 25' 3PT,[203484],1610612764.0,WAS,,,,Caldwell-Pope,K. Caldwell-Pope,,,,,25.52,Missed,,,,,,,,,,,,,,,,,,,
623,PT03M26.00S,2022-01-17T21:13:46.5Z,4,REGULAR,rebound,defensive,[],1630194,,,1610612755,111,90,2022-01-17T21:13:46Z,6080000,,,0,,P. Reed REBOUND (Off:0 Def:1),[1630194],1610612755.0,PHI,,,,Reed,P. Reed,,,,,,,,,,,622.0,1.0,1.0,0.0,,,,,,,,,,,
624,PT03M18.00S,2022-01-17T21:13:54.4Z,4,REGULAR,3pt,Jump Shot,[],1630198,95.3515111695138,4.6568627450980395,1610612755,111,90,2022-01-17T21:14:06Z,6090000,-227.0,-9.0,1,right,MISS I. Joe 3PT,[1630198],1610612755.0,PHI,,,,Joe,I. Joe,,,,,22.69,Missed,,,,,,,,,,,,,,,,,,,
625,PT03M16.00S,2022-01-17T21:13:56.9Z,4,REGULAR,rebound,offensive,[],1629718,,,1610612755,111,90,2022-01-17T21:13:56Z,6100000,,,0,,C. Brown Jr. REBOUND (Off:4 Def:4),[1629718],1610612755.0,PHI,,,,Brown Jr.,C. Brown Jr.,,,,,,,,,,,624.0,8.0,4.0,4.0,,,,,,,,,,,
626,PT03M13.00S,2022-01-17T21:14:02.0Z,4,REGULAR,foul,personal,['2freethrow'],1626149,,,1610612755,111,90,2022-01-17T21:14:06Z,6110000,,,0,,M. Harrell shooting personal FOUL (4 PF) (Reed 2 FT),"[1626149, 1630194]",1610612764.0,WAS,shooting,,,Harrell,M. Harrell,,,,,,,,,,,,,,,,,,1148.0,4.0,1.0,Reed,1630194.0,,,
628,PT03M13.00S,2022-01-17T21:14:28.2Z,4,REGULAR,freethrow,1 of 2,['2ndchance'],1630194,,,1610612755,111,90,2022-01-17T21:14:46Z,6130000,,,0,,MISS P. Reed Free Throw 1 of 2,[1630194],1610612755.0,PHI,,,,Reed,P. Reed,,,,,,Missed,,,,,,,,,,,,,,,,,,,
629,PT03M13.00S,2022-01-17T21:14:28.2Z,4,REGULAR,rebound,offensive,"['team', 'deadball']",0,,,1610612755,111,90,2022-01-17T21:14:46Z,6140000,,,0,,TEAM offensive REBOUND,[],1610612755.0,PHI,,,,,,,,,,,,,,,,628.0,,,,,,,,,,,,,,
630,PT03M13.00S,2022-01-17T21:14:28.2Z,4,REGULAR,freethrow,2 of 2,['2ndchance'],1630194,,,1610612755,111,90,2022-01-17T21:14:46Z,6150000,,,0,,MISS P. Reed Free Throw 2 of 2,[1630194],1610612755.0,PHI,,,,Reed,P. Reed,,,,,,Missed,,,,,,,,,,,,,,,,,,,
631,PT03M10.00S,2022-01-17T21:14:31.2Z,4,REGULAR,rebound,defensive,[],1626149,,,1610612764,111,90,2022-01-17T21:14:46Z,6160000,,,0,,M. Harrell REBOUND (Off:2 Def:4),[1626149],1610612764.0,WAS,,,,Harrell,M. Harrell,,,,,,,,,,,630.0,6.0,4.0,2.0,,,,,,,,,,,
632,PT02M59.00S,2022-01-17T21:14:56.4Z,4,REGULAR,2pt,Hook,['pointsinthepaint'],1628398,11.12023653088042,37.99019607843137,1610612764,111,90,2022-01-17T21:15:00Z,6170000,60.0,52.0,1,left,MISS K. Kuzma 7' Hook,[1628398],1610612764.0,WAS,,,,Kuzma,K. Kuzma,,,,,7.94,Missed,,,,,,,,,,,,,,,,,,,
633,PT02M57.00S,2022-01-17T21:14:58.4Z,4,REGULAR,rebound,offensive,[],1626149,,,1610612764,111,90,2022-01-17T21:15:00Z,6180000,,,0,,M. Harrell REBOUND (Off:3 Def:4),[1626149],1610612764.0,WAS,,,,Harrell,M. Harrell,,,,,,,,,,,632.0,7.0,4.0,3.0,,,,,,,,,,,
634,PT02M55.00S,2022-01-17T21:14:59.7Z,4,REGULAR,2pt,Layup,"['pointsinthepaint', '2ndchance']",1626149,6.915243101182654,48.03921568627451,1610612764,113,90,2022-01-17T21:15:09Z,6190000,10.0,13.0,1,left,M. Harrell Layup (18 PTS),[1626149],1610612764.0,WAS,,,,Harrell,M. Harrell,,,,,1.59,Made,18.0,,,,,,,,,,,,,,,,,,
635,PT02M44.00S,2022-01-17T21:15:11.8Z,4,REGULAR,2pt,Layup,['pointsinthepaint'],1629619,94.1688567674113,41.911764705882355,1610612755,113,90,2022-01-17T21:17:05Z,6200000,-40.0,2.0,1,right,MISS M. Powell Layup,[1629619],1610612755.0,PHI,,,,Powell,M. Powell,,,,,4.05,Missed,,,,,,,,,,,,,,,,,,,
636,PT02M44.00S,2022-01-17T21:15:11.8Z,4,REGULAR,rebound,offensive,[],1629646,,,1610612755,113,90,2022-01-17T21:17:05Z,6210000,,,0,,C. Bassey REBOUND (Off:1 Def:0),[1629646],1610612755.0,PHI,,,,Bassey,C. Bassey,,,,,,,,,,,635.0,1.0,0.0,1.0,,,,,,,,,,,
637,PT02M44.00S,2022-01-17T21:15:23.1Z,4,REGULAR,2pt,DUNK,"['2ndchance', 'pointsinthepaint']",1629646,94.40999984741211,50.0,1610612755,113,92,2022-01-17T21:20:41Z,6220000,0.0,0.0,1,right,C. Bassey tip DUNK (2 PTS),[1629646],1610612755.0,PHI,tip,,,Bassey,C. Bassey,,,,,0.0,Made,2.0,,,,,,,,,,,,,,,,,,
638,PT02M44.00S,2022-01-17T21:15:29.3Z,4,REGULAR,timeout,full,"['team', 'mandatory']",0,,,1610612764,113,92,2022-01-17T21:15:29Z,6230000,,,0,,WAS Timeout,[],1610612764.0,WAS,,,,,,,,,,,,,,,,,,,,,,,,,,,,,,
641,PT02M44.00S,2022-01-17T21:17:07.6Z,4,REGULAR,substitution,out,[],203484,,,1610612764,113,92,2022-01-17T21:18:16Z,6240000,,,0,,SUB out: K. Caldwell-Pope,[203484],1610612764.0,WAS,,,,Caldwell-Pope,K. Caldwell-Pope,,,,,,,,,,,,,,,,,,,,,,,,,
642,PT02M44.00S,2022-01-17T21:17:07.6Z,4,REGULAR,substitution,out,[],203078,,,1610612764,113,92,2022-01-17T21:18:16Z,6250000,,,0,,SUB out: B. Beal,[203078],1610612764.0,WAS,,,,Beal,B. Beal,,,,,,,,,,,,,,,,,,,,,,,,,
644,PT02M44.00S,2022-01-17T21:17:07.6Z,4,REGULAR,substitution,out,[],1628398,,,1610612764,113,92,2022-01-17T21:18:16Z,6270000,,,0,,SUB out: K. Kuzma,[1628398],1610612764.0,WAS,,,,Kuzma,K. Kuzma,,,,,,,,,,,,,,,,,,,,,,,,,
645,PT02M44.00S,2022-01-17T21:17:07.6Z,4,REGULAR,substitution,in,[],1628988,,,1610612764,113,92,2022-01-17T21:18:16Z,6280000,,,0,,SUB in: A. Holiday,[1628988],1610612764.0,WAS,,,,Holiday,A. Holiday,,,,,,,,,,,,,,,,,,,,,,,,,
646,PT02M44.00S,2022-01-17T21:17:07.6Z,4,REGULAR,substitution,in,[],1630166,,,1610612764,113,92,2022-01-17T21:18:16Z,6290000,,,0,,SUB in: D. Avdija,[1630166],1610612764.0,WAS,,,,Avdija,D. Avdija,,,,,,,,,,,,,,,,,,,,,,,,,
647,PT02M44.00S,2022-01-17T21:17:07.6Z,4,REGULAR,substitution,in,[],1630264,,,1610612764,113,92,2022-01-17T21:18:16Z,6300000,,,0,,SUB in: A. Gill,[1630264],1610612764.0,WAS,,,,Gill,A. Gill,,,,,,,,,,,,,,,,,,,,,,,,,
648,PT02M44.00S,2022-01-17T21:17:07.6Z,4,REGULAR,substitution,in,[],203526,,,1610612764,113,92,2022-01-17T21:18:16Z,6310000,,,0,,SUB in: R. Neto,[203526],1610612764.0,WAS,,,,Neto,R. Neto,,,,,,,,,,,,,,,,,,,,,,,,,
653,PT02M44.00S,2022-01-17T21:17:07.6Z,4,REGULAR,substitution,out,[],1626149,,,1610612764,113,92,2022-01-17T21:18:53Z,6315000,,,0,,SUB out: M. Harrell,[1626149],1610612764.0,WAS,,,,Harrell,M. Harrell,,,,,,,,,,,,,,,,,,,,,,,,,
649,PT02M32.00S,2022-01-17T21:18:18.7Z,4,REGULAR,2pt,Layup,['pointsinthepaint'],203526,6.652431011826544,46.81372549019608,1610612764,115,92,2022-01-17T21:21:11Z,6320000,16.0,10.0,1,left,R. Neto driving Layup (6 PTS),[203526],1610612764.0,WAS,driving,,,Neto,R. Neto,,,,,1.88,Made,6.0,,,,,,,,,,,,,,,,,,
650,PT02M18.00S,2022-01-17T21:18:32.5Z,4,REGULAR,turnover,bad pass,[],1629718,,,1610612755,115,92,2022-01-17T21:18:44Z,6330000,,,0,,C. Brown Jr. bad pass TURNOVER (2 TO),"[1629718, 1630166]",1610612755.0,PHI,,,,Brown Jr.,C. Brown Jr.,,,,,,,,,,,,,,,2.0,Avdija,1630166.0,,,,,,,,
651,PT02M18.00S,2022-01-17T21:18:32.5Z,4,REGULAR,steal,,[],1630166,,,1610612764,115,92,2022-01-17T21:18:35Z,6340000,,,0,,D. Avdija STEAL (1 STL),[1630166],1610612764.0,WAS,,,,Avdija,D. Avdija,,,,,,,,,,,,,,,,,,,,,,,,,
652,PT02M09.00S,2022-01-17T21:18:42.2Z,4,REGULAR,2pt,Layup,"['pointsinthepaint', 'fromturnover']",1630166,8.623521681997373,44.85294117647059,1610612764,117,92,2022-01-17T21:21:47Z,6350000,26.0,29.0,1,left,D. Avdija driving finger roll Layup (2 PTS),[1630166],1610612764.0,WAS,driving finger roll,,,Avdija,D. Avdija,,,,,3.85,Made,2.0,,,,,,,,,,,,,,,,,,
654,PT01M58.00S,2022-01-17T21:18:54.8Z,4,REGULAR,2pt,DUNK,['pointsinthepaint'],1629646,92.46057818659659,48.529411764705884,1610612755,117,94,2022-01-17T21:18:58Z,6360000,-7.0,18.0,1,right,C. Bassey DUNK (4 PTS) (M. Powell 1 AST),"[1629646, 1629619]",1610612755.0,PHI,,,,Bassey,C. Bassey,,,,,1.98,Made,4.0,M. Powell,1629619.0,1.0,,,,,,,,,,,,,,,
656,PT01M46.00S,2022-01-17T21:19:08.7Z,4,REGULAR,3pt,Jump Shot,[],1630557,35.8245729303548,52.94117647058824,1610612764,117,94,2022-01-17T21:19:14Z,6380000,-15.0,284.0,1,left,MISS C. Kispert 28' step back 3PT,[1630557],1610612764.0,WAS,step back,,,Kispert,C. Kispert,,,,,28.47,Missed,,,,,,,,,,,,,,,,,,,
657,PT01M42.00S,2022-01-17T21:19:12.7Z,4,REGULAR,rebound,defensive,[],1629718,,,1610612755,117,94,2022-01-17T21:19:14Z,6390000,,,0,,C. Brown Jr. REBOUND (Off:4 Def:5),[1629718],1610612755.0,PHI,,,,Brown Jr.,C. Brown Jr.,,,,,,,,,,,656.0,9.0,5.0,4.0,,,,,,,,,,,
658,PT01M29.00S,2022-01-17T21:19:26.8Z,4,REGULAR,foul,personal,['2freethrow'],1630557,,,1610612755,117,94,2022-01-17T21:19:32Z,6400000,,,0,,C. Kispert shooting personal FOUL (2 PF) (Brown Jr. 2 FT),"[1630557, 1629718]",1610612764.0,WAS,shooting,,,Kispert,C. Kispert,,,,,,,,,,,,,,,,,,1627963.0,2.0,0.0,Brown Jr.,1629718.0,,,
660,PT01M29.00S,2022-01-17T21:19:48.4Z,4,REGULAR,freethrow,1 of 2,[],1629718,,,1610612755,117,95,2022-01-17T21:19:48Z,6420000,,,0,,C. Brown Jr. Free Throw 1 of 2 (5 PTS),[1629718],1610612755.0,PHI,,,,Brown Jr.,C. Brown Jr.,,,,,,Made,5.0,,,,,,,,,,,,,,,,,,
661,PT01M29.00S,2022-01-17T21:20:02.9Z,4,REGULAR,freethrow,2 of 2,[],1629718,,,1610612755,117,96,2022-01-17T21:20:02Z,6430000,,,0,,C. Brown Jr. Free Throw 2 of 2 (6 PTS),[1629718],1610612755.0,PHI,,,,Brown Jr.,C. Brown Jr.,,,,,,Made,6.0,,,,,,,,,,,,,,,,,,
662,PT01M14.00S,2022-01-17T21:20:20.2Z,4,REGULAR,turnover,out-of-bounds,[],1628988,,,1610612764,117,96,2022-01-17T21:20:27Z,6440000,,,0,,A. Holiday lost ball out-of-bounds TURNOVER (1 TO),[1628988],1610612764.0,WAS,lost ball,,,Holiday,A. Holiday,,,,,,,,,,,,,,,1.0,,,1627963.0,,,,,,,
663,PT01M05.00S,2022-01-17T21:20:35.8Z,4,REGULAR,3pt,Jump Shot,['fromturnover'],1629619,67.7562417871222,26.715686274509803,1610612755,117,96,2022-01-17T21:20:41Z,6450000,-116.0,251.0,1,right,MISS M. Powell 27' pullup 3PT,[1629619],1610612755.0,PHI,pullup,,,Powell,M. Powell,,,,,27.63,Missed,,,,,,,,,,,,,,,,,,,
664,PT01M01.00S,2022-01-17T21:20:39.8Z,4,REGULAR,rebound,defensive,[],1628988,,,1610612764,117,96,2022-01-17T21:20:41Z,6460000,,,0,,A. Holiday REBOUND (Off:0 Def:1),[1628988],1610612764.0,WAS,,,,Holiday,A. Holiday,,,,,,,,,,,663.0,1.0,1.0,0.0,,,,,,,,,,,
666,PT00M56.80S,2022-01-17T21:20:46.9Z,4,REGULAR,foul,offensive,[],1630264,,,1610612764,117,96,2022-01-17T21:20:58Z,6480000,,,0,,A. Gill offensive FOUL (1 PF),"[1630264, 1629619]",1610612764.0,WAS,,,,Gill,A. Gill,,,,,,,,,,,,,,,,,,1627963.0,1.0,0.0,Powell,1629619.0,,,
668,PT00M56.80S,2022-01-17T21:20:46.9Z,4,REGULAR,turnover,offensive foul,[],1630264,,,1610612764,117,96,2022-01-17T21:20:46Z,6500000,,,0,,A. Gill offensive foul TURNOVER (1 TO),[1630264],1610612764.0,WAS,,,,Gill,A. Gill,,,,,,,,,,,,,,,1.0,,,1627963.0,,,,,,,
669,PT00M47.30S,2022-01-17T21:21:13.5Z,4,REGULAR,3pt,Jump Shot,['fromturnover'],1630198,67.62483574244416,74.26470588235294,1610612755,117,96,2022-01-17T21:21:21Z,6510000,121.0,252.0,1,right,MISS I. Joe 27' 3PT,[1630198],1610612755.0,PHI,,,,Joe,I. Joe,,,,,27.95,Missed,,,,,,,,,,,,,,,,,,,
670,PT00M43.20S,2022-01-17T21:21:17.6Z,4,REGULAR,rebound,defensive,['team'],0,,,1610612764,117,96,2022-01-17T21:21:21Z,6520000,,,0,,TEAM defensive REBOUND,[],1610612764.0,WAS,,,,,,,,,,,,,,,,669.0,,,,,,,,,,,,,,
671,PT00M43.20S,2022-01-17T21:21:20.0Z,4,REGULAR,stoppage,out-of-bounds,[],0,,,1610612764,117,96,2022-01-17T21:21:20Z,6530000,,,0,,,[],,,,,,,,,,,,,,,,,,,,,,,,,,,,,,,,
672,PT00M26.40S,2022-01-17T21:21:39.2Z,4,REGULAR,turnover,lost ball,[],1630557,,,1610612764,117,96,2022-01-17T21:21:43Z,6540000,,,0,,C. Kispert lost ball TURNOVER (1 TO),"[1630557, 1630198]",1610612764.0,WAS,,,,Kispert,C. Kispert,,,,,,,,,,,,,,,1.0,Joe,1630198.0,,,,,,,,
673,PT00M26.40S,2022-01-17T21:21:39.2Z,4,REGULAR,steal,,[],1630198,,,1610612755,117,96,2022-01-17T21:21:41Z,6550000,,,0,,I. Joe STEAL (2 STL),[1630198],1610612755.0,PHI,,,,Joe,I. Joe,,,,,,,,,,,,,,,,,,,,,,,,,
674,PT00M23.60S,2022-01-17T21:21:42.8Z,4,REGULAR,2pt,DUNK,"['fastbreak', 'pointsinthepaint', 'fromturnover']",1630198,94.30026281208936,46.07843137254902,1610612755,117,98,2022-01-17T21:23:03Z,6560000,-20.0,1.0,1,right,I. Joe running DUNK (8 PTS),[1630198],1610612755.0,PHI,running,,,Joe,I. Joe,,,,,1.96,Made,8.0,,,,,,,,,,,,,,,,,,
675,PT00M00.00S,2022-01-17T21:22:11.0Z,4,REGULAR,period,end,[],0,,,1610612764,117,98,2022-01-17T21:22:11Z,6570000,,,0,,Period End,[],,,,,,,,,,,,,,,,,,,,,,,,,,,,,,,,
676,PT00M00.00S,2022-01-17T21:22:12.9Z,4,REGULAR,game,end,[],0,,,0,117,98,2022-01-17T21:22:12Z,6580000,,,0,,Game End,[],,,,,,,,,,,,,,,,,,,,,,,,,,,,,,,,
