actionNumber,clock,timeActual,period,periodType,actionType,subType,qualifiers,personId,x,y,possession,scoreHome,scoreAway,edited,orderNumber,isTargetScoreLastPeriod,xLegacy,yLegacy,isFieldGoal,side,description,personIdsFilter,teamId,teamTricode,descriptor,jumpBallRecoveredName,jumpBallRecoverdPersonId,playerName,playerNameI,jumpBallWonPlayerName,jumpBallWonPersonId,jumpBallLostPlayerName,jumpBallLostPersonId,area,areaDetail,shotDistance,shotResult,shotActionNumber,reboundTotal,reboundDefensiveTotal,reboundOffensiveTotal,officialId,foulPersonalTotal,foulTechnicalTotal,foulDrawnPlayerName,foulDrawnPersonId,pointsTotal,assistPlayerNameInitial,assistPersonId,assistTotal,turnoverTotal,stealPlayerName,stealPersonId,blockPlayerName,blockPersonId
2,PT12M00.00S,2022-11-20T23:11:00.1Z,1,REGULAR,period,start,[],0,,,0,0,0,2022-11-20T23:11:00Z,20000,False,,,0,,Period Start,[],,,,,,,,,,,,,,,,,,,,,,,,,,,,,,,,,
4,PT11M56.00S,2022-11-20T23:11:03.3Z,1,REGULAR,jumpball,recovered,[],1630587,,,1610612765,0,0,2022-11-20T23:11:03Z,40000,False,,,0,,Jump Ball M. Bagley III vs. D. Sabonis: Tip to I. Livers,"[1630587, 1628963, 1627734]",1610612765.0,DET,startperiod,I. Livers,1630587.0,Livers,I. Livers,Bagley III,1628963.0,Sabonis,1627734.0,,,,,,,,,,,,,,,,,,,,,,
7,PT11M38.00S,2022-11-20T23:11:20.7Z,1,REGULAR,2pt,Jump Shot,['pointsinthepaint'],1628963,82.9993429697766,46.32352941176471,1610612765,0,0,2022-11-20T23:11:27Z,70000,False,-18.0,107.0,1,right,MISS M. Bagley III 10' fadeaway Shot,[1628963],1610612765.0,DET,fadeaway,,,Bagley III,M. Bagley III,,,,,In The Paint (Non-RA),8-16 Center,10.89,Missed,,,,,,,,,,,,,,,,,,
8,PT11M35.00S,2022-11-20T23:11:23.7Z,1,REGULAR,rebound,defensive,[],1631099,,,1610612758,0,0,2022-11-20T23:11:27Z,80000,False,,,0,,K. Murray REBOUND (Off:0 Def:1),[1631099],1610612758.0,SAC,,,,Murray,K. Murray,,,,,In The Paint (Non-RA),8-16 Center,,,7.0,1.0,1.0,0.0,,,,,,,,,,,,,,
9,PT11M22.00S,2022-11-20T23:11:40.4Z,1,REGULAR,foul,personal,['2freethrow'],1628963,,,1610612758,0,0,2022-11-20T23:11:59Z,90000,False,,,0,,M. Bagley III shooting personal FOUL (1 PF) (Sabonis 2 FT),"[1628963, 1627734]",1610612765.0,DET,shooting,,,Bagley III,M. Bagley III,,,,,In The Paint (Non-RA),0-8 Center,,,,,,,1830.0,1.0,0.0,Sabonis,1627734.0,,,,,,,,,
11,PT11M22.00S,2022-11-20T23:12:09.7Z,1,REGULAR,freethrow,1 of 2,[],1627734,,,1610612758,0,0,2022-11-20T23:12:09Z,110000,False,,,0,,MISS D. Sabonis Free Throw 1 of 2,[1627734],1610612758.0,SAC,,,,Sabonis,D. Sabonis,,,,,,,,Missed,,,,,,,,,,,,,,,,,,
12,PT11M22.00S,2022-11-20T23:12:09.7Z,1,REGULAR,rebound,offensive,"['deadball', 'team']",0,,,1610612758,0,0,2022-11-20T23:12:09Z,120000,False,,,0,,TEAM offensive REBOUND,[],1610612758.0,SAC,,,,,,,,,,,,,,11.0,,,,,,,,,,,,,,,,,
13,PT11M22.00S,2022-11-20T23:12:27.8Z,1,REGULAR,freethrow,2 of 2,[],1627734,,,1610612758,1,0,2022-11-20T23:12:27Z,130000,False,,,0,,D. Sabonis Free Throw 2 of 2 (1 PTS),[1627734],1610612758.0,SAC,,,,Sabonis,D. Sabonis,,,,,,,,Made,,,,,,,,,,1.0,,,,,,,,
14,PT11M06.00S,2022-11-20T23:12:46.6Z,1,REGULAR,2pt,DUNK,['pointsinthepaint'],1630587,92.85479632063075,51.9607843137255,1610612765,1,2,2022-11-20T23:12:50Z,140000,False,10.0,15.0,1,right,I. Livers cutting DUNK (2 PTS) (J. Ivey 1 AST),"[1630587, 1631093]",1610612765.0,DET,cutting,,,Livers,I. Livers,,,,,Restricted Area,0-8 Center,1.77,Made,,,,,,,,,,2.0,J. Ivey,1631093.0,1.0,,,,,
16,PT10M39.00S,2022-11-20T23:13:12.8Z,1,REGULAR,2pt,Layup,['pointsinthepaint'],1627734,6.521024967148489,54.41176470588235,1610612758,3,2,2022-11-20T23:13:17Z,160000,False,-22.0,9.0,1,left,D. Sabonis Layup (3 PTS),[1627734],1610612758.0,SAC,,,,Sabonis,D. Sabonis,,,,,Restricted Area,0-8 Center,2.38,Made,,,,,,,,,,3.0,,,,,,,,
17,PT10M20.00S,2022-11-20T23:13:31.7Z,1,REGULAR,2pt,Hook,['pointsinthepaint'],1628963,92.85479632063075,35.78431372549019,1610612765,3,2,2022-11-20T23:13:37Z,170000,False,-71.0,15.0,1,right,MISS M. Bagley III 7' turnaround Hook,[1628963],1610612765.0,DET,turnaround,,,Bagley III,M. Bagley III,,,,,In The Paint (Non-RA),0-8 Center,7.26,Missed,,,,,,,,,,,,,,,,,,
18,PT10M18.00S,2022-11-20T23:13:33.7Z,1,REGULAR,rebound,defensive,[],1627734,,,1610612758,3,2,2022-11-20T23:13:37Z,180000,False,,,0,,D. Sabonis REBOUND (Off:0 Def:1),[1627734],1610612758.0,SAC,,,,Sabonis,D. Sabonis,,,,,In The Paint (Non-RA),0-8 Center,,,17.0,1.0,1.0,0.0,,,,,,,,,,,,,,
19,PT10M15.00S,2022-11-20T23:13:36.8Z,1,REGULAR,3pt,Jump Shot,['fastbreak'],1631099,31.61957950065703,60.5392156862745,1610612758,6,2,2022-11-20T23:13:44Z,190000,False,-53.0,245.0,1,left,K. Murray 25' 3PT running (3 PTS) (D. Sabonis 1 AST),"[1631099, 1627734]",1610612758.0,SAC,running,,,Murray,K. Murray,,,,,Above the Break 3,24+ Center,25.03,Made,,,,,,,,,,3.0,D. Sabonis,1627734.0,1.0,,,,,
21,PT09M56.00S,2022-11-20T23:13:59.2Z,1,REGULAR,turnover,out-of-bounds,[],202711,,,1610612765,6,2,2022-11-20T23:14:08Z,210000,False,,,0,,B. Bogdanovic bad pass out-of-bounds TURNOVER (1 TO),[202711],1610612765.0,DET,bad pass,,,Bogdanovic,B. Bogdanovic,,,,,Mid-Range,8-16 Left,,,,,,,1627964.0,,,,,,,,,1.0,,,,
24,PT09M36.00S,2022-11-20T23:14:39.9Z,1,REGULAR,foul,offensive,[],1627734,,,1610612758,6,2,2022-11-20T23:16:30Z,240000,False,,,0,,D. Sabonis offensive FOUL (1 PF),"[1627734, 1630587]",1610612758.0,SAC,,,,Sabonis,D. Sabonis,,,,,Restricted Area,0-8 Center,,,,,,,1628953.0,1.0,0.0,Livers,1630587.0,,,,,,,,,
26,PT09M36.00S,2022-11-20T23:14:39.9Z,1,REGULAR,turnover,offensive foul,[],1627734,,,1610612758,6,2,2022-11-20T23:14:39Z,260000,False,,,0,,D. Sabonis offensive foul TURNOVER (1 TO),[1627734],1610612758.0,SAC,,,,Sabonis,D. Sabonis,,,,,Restricted Area,0-8 Center,,,,,,,1628953.0,,,,,,,,,1.0,,,,
27,PT09M24.00S,2022-11-20T23:14:55.9Z,1,REGULAR,2pt,Jump Shot,['fromturnover'],1630165,86.41590013140605,71.32352941176471,1610612765,6,2,2022-11-20T23:15:00Z,270000,False,107.0,75.0,1,right,MISS K. Hayes 13' pullup Shot,[1630165],1610612765.0,DET,pullup,,,Hayes,K. Hayes,,,,,Mid-Range,8-16 Right,13.05,Missed,,,,,,,,,,,,,,,,,,
28,PT09M21.00S,2022-11-20T23:14:58.9Z,1,REGULAR,rebound,defensive,[],1627734,,,1610612758,6,2,2022-11-20T23:15:00Z,280000,False,,,0,,D. Sabonis REBOUND (Off:0 Def:2),[1627734],1610612758.0,SAC,,,,Sabonis,D. Sabonis,,,,,Mid-Range,8-16 Right,,,27.0,2.0,2.0,0.0,,,,,,,,,,,,,,
29,PT09M11.00S,2022-11-20T23:15:08.2Z,1,REGULAR,2pt,Jump Shot,['pointsinthepaint'],1628989,12.434296977660972,34.55882352941176,1610612758,8,2,2022-11-20T23:15:13Z,290000,False,77.0,64.0,1,left,K. Huerter 10' pullup Jump Shot (2 PTS) (D. Sabonis 2 AST),"[1628989, 1627734]",1610612758.0,SAC,pullup,,,Huerter,K. Huerter,,,,,In The Paint (Non-RA),8-16 Right,10.05,Made,,,,,,,,,,2.0,D. Sabonis,1627734.0,2.0,,,,,
31,PT08M58.00S,2022-11-20T23:15:36.1Z,1,REGULAR,timeout,full,"['team', 'mandatory']",0,,,1610612765,8,2,2022-11-20T23:15:36Z,310000,False,,,0,,DET Timeout,[],1610612765.0,DET,,,,,,,,,,,,,,,,,,,,,,,,,,,,,,,
32,PT08M48.00S,2022-11-20T23:18:30.2Z,1,REGULAR,3pt,Jump Shot,[],1631093,69.07030223390277,68.13725490196079,1610612765,8,5,2022-11-20T23:18:35Z,320000,False,91.0,238.0,1,right,J. Ivey 25' 3PT  (3 PTS) (K. Hayes 1 AST),"[1631093, 1630165]",1610612765.0,DET,,,,Ivey,J. Ivey,,,,,Above the Break 3,24+ Right Center,25.49,Made,,,,,,,,,,3.0,K. Hayes,1630165.0,1.0,,,,,
34,PT08M35.00S,2022-11-20T23:18:45.5Z,1,REGULAR,foul,personal,[],1630165,,,1610612758,8,5,2022-11-20T23:18:58Z,340000,False,,,0,,K. Hayes personal FOUL (1 PF),"[1630165, 1628989]",1610612765.0,DET,,,,Hayes,K. Hayes,,,,,Above the Break 3,24+ Right Center,,,,,,,1627964.0,1.0,0.0,Huerter,1628989.0,,,,,,,,,
36,PT08M26.00S,2022-11-20T23:19:11.7Z,1,REGULAR,foul,personal,['2freethrow'],1630165,,,1610612758,8,5,2022-11-20T23:19:34Z,360000,False,,,0,,K. Hayes shooting personal FOUL (2 PF) (Murray 2 FT),"[1630165, 1631099]",1610612765.0,DET,shooting,,,Hayes,K. Hayes,,,,,In The Paint (Non-RA),0-8 Center,,,,,,,1628953.0,2.0,0.0,Murray,1631099.0,,,,,,,,,
38,PT08M26.00S,2022-11-20T23:19:36.2Z,1,REGULAR,freethrow,1 of 2,[],1631099,,,1610612758,9,5,2022-11-20T23:19:36Z,380000,False,,,0,,K. Murray Free Throw 1 of 2 (4 PTS),[1631099],1610612758.0,SAC,,,,Murray,K. Murray,,,,,,,,Made,,,,,,,,,,4.0,,,,,,,,
39,PT08M26.00S,2022-11-20T23:19:47.8Z,1,REGULAR,freethrow,2 of 2,[],1631099,,,1610612758,10,5,2022-11-20T23:19:47Z,390000,False,,,0,,K. Murray Free Throw 2 of 2 (5 PTS),[1631099],1610612758.0,SAC,,,,Murray,K. Murray,,,,,,,,Made,,,,,,,,,,5.0,,,,,,,,
40,PT08M05.00S,2022-11-20T23:20:10.2Z,1,REGULAR,3pt,Jump Shot,[],1628963,72.7496714848883,79.65686274509804,1610612765,10,5,2022-11-20T23:20:16Z,400000,False,148.0,204.0,1,right,MISS M. Bagley III 25' 3PT,[1628963],1610612765.0,DET,,,,Bagley III,M. Bagley III,,,,,Above the Break 3,24+ Right Center,25.2,Missed,,,,,,,,,,,,,,,,,,
41,PT08M01.00S,2022-11-20T23:20:14.2Z,1,REGULAR,rebound,defensive,[],203084,,,1610612758,10,5,2022-11-20T23:20:16Z,410000,False,,,0,,H. Barnes REBOUND (Off:0 Def:1),[203084],1610612758.0,SAC,,,,Barnes,H. Barnes,,,,,Above the Break 3,24+ Right Center,,,40.0,1.0,1.0,0.0,,,,,,,,,,,,,,
42,PT07M54.00S,2022-11-20T23:20:20.5Z,1,REGULAR,2pt,Jump Shot,['pointsinthepaint'],203084,16.63929040735874,48.77450980392157,1610612758,10,5,2022-11-20T23:20:27Z,420000,False,6.0,104.0,1,left,MISS H. Barnes 10' pullup Shot,[203084],1610612758.0,SAC,pullup,,,Barnes,H. Barnes,,,,,In The Paint (Non-RA),8-16 Center,10.41,Missed,,,,,,,,,,,,,,,,,,
43,PT07M49.00S,2022-11-20T23:20:25.1Z,1,REGULAR,rebound,defensive,[],1630165,,,1610612765,10,5,2022-11-20T23:20:25Z,430000,False,,,0,,K. Hayes REBOUND (Off:0 Def:1),[1630165],1610612765.0,DET,,,,Hayes,K. Hayes,,,,,In The Paint (Non-RA),8-16 Center,,,42.0,1.0,1.0,0.0,,,,,,,,,,,,,,
44,PT07M47.00S,2022-11-20T23:20:29.3Z,1,REGULAR,2pt,Jump Shot,"['pointsinthepaint', 'fastbreak']",1630165,89.56964520367937,35.53921568627451,1610612765,10,7,2022-11-20T23:20:42Z,440000,False,-72.0,46.0,1,right,K. Hayes 8' running Jump Shot (2 PTS),[1630165],1610612765.0,DET,running,,,Hayes,K. Hayes,,,,,In The Paint (Non-RA),8-16 Left,8.54,Made,,,,,,,,,,2.0,,,,,,,,
45,PT07M47.00S,2022-11-20T23:20:40.2Z,1,REGULAR,foul,personal,['1freethrow'],1628368,,,1610612765,10,7,2022-11-20T23:20:55Z,450000,False,,,0,,D. Fox shooting personal FOUL (1 PF) (Hayes 1 FT),"[1628368, 1630165]",1610612758.0,SAC,shooting,,,Fox,D. Fox,,,,,In The Paint (Non-RA),8-16 Left,,,,,,,1628953.0,1.0,0.0,Hayes,1630165.0,,,,,,,,,
51,PT07M47.00S,2022-11-20T23:20:41.1Z,1,REGULAR,substitution,out,[],1628963,,,1610612765,10,7,2022-11-20T23:21:56Z,465000,False,,,0,,SUB out: M. Bagley III,[1628963],1610612765.0,DET,,,,Bagley III,M. Bagley III,,,,,,,,,,,,,,,,,,,,,,,,,,
52,PT07M47.00S,2022-11-20T23:20:41.1Z,1,REGULAR,substitution,in,[],1631105,,,1610612765,10,7,2022-11-20T23:21:56Z,467500,False,,,0,,SUB in: J. Duren,[1631105],1610612765.0,DET,,,,Duren,J. Duren,,,,,,,,,,,,,,,,,,,,,,,,,,
47,PT07M47.00S,2022-11-20T23:20:57.7Z,1,REGULAR,freethrow,1 of 1,['fastbreak'],1630165,,,1610612765,10,8,2022-11-20T23:20:57Z,470000,False,,,0,,K. Hayes Free Throw 1 of 1 (3 PTS),[1630165],1610612765.0,DET,,,,Hayes,K. Hayes,,,,,,,,Made,,,,,,,,,,3.0,,,,,,,,
48,PT07M36.00S,2022-11-20T23:21:09.8Z,1,REGULAR,2pt,Layup,['pointsinthepaint'],1628368,9.411957950065702,56.86274509803921,1610612758,12,8,2022-11-20T23:21:14Z,480000,False,-34.0,36.0,1,left,D. Fox driving Layup (2 PTS),[1628368],1610612758.0,SAC,driving,,,Fox,D. Fox,,,,,In The Paint (Non-RA),0-8 Center,4.97,Made,,,,,,,,,,2.0,,,,,,,,
49,PT07M28.00S,2022-11-20T23:21:16.9Z,1,REGULAR,3pt,Jump Shot,[],1630165,80.3712220762155,4.411764705882353,1610612765,12,11,2022-11-20T23:23:39Z,490000,False,-228.0,132.0,1,right,K. Hayes 26' 3PT  (6 PTS) (J. Ivey 2 AST),"[1630165, 1631093]",1610612765.0,DET,,,,Hayes,K. Hayes,,,,,Above the Break 3,24+ Left Center,26.34,Made,,,,,,,,,,6.0,J. Ivey,1631093.0,2.0,,,,,
53,PT07M24.00S,2022-11-20T23:21:30.5Z,1,REGULAR,foul,personal,['2freethrow'],1631093,,,1610612758,12,11,2022-11-20T23:21:57Z,530000,False,,,0,,J. Ivey shooting personal FOUL (1 PF) (Fox 2 FT),"[1631093, 1628368]",1610612765.0,DET,shooting,,,Ivey,J. Ivey,,,,,Restricted Area,0-8 Center,,,,,,,1628953.0,1.0,0.0,Fox,1628368.0,,,,,,,,,
55,PT07M24.00S,2022-11-20T23:22:01.4Z,1,REGULAR,freethrow,1 of 2,[],1628368,,,1610612758,13,11,2022-11-20T23:22:01Z,550000,False,,,0,,D. Fox Free Throw 1 of 2 (3 PTS),[1628368],1610612758.0,SAC,,,,Fox,D. Fox,,,,,,,,Made,,,,,,,,,,3.0,,,,,,,,
56,PT07M24.00S,2022-11-20T23:22:04.5Z,1,REGULAR,substitution,out,[],1630165,,,1610612758,13,11,2022-11-20T23:22:09Z,560000,False,,,0,,SUB out: K. Hayes,[1630165],1610612765.0,DET,,,,Hayes,K. Hayes,,,,,,,,,,,,,,,,,,,,,,,,,,
57,PT07M24.00S,2022-11-20T23:22:04.5Z,1,REGULAR,substitution,in,[],202692,,,1610612758,13,11,2022-11-20T23:22:09Z,570000,False,,,0,,SUB in: A. Burks,[202692],1610612765.0,DET,,,,Burks,A. Burks,,,,,,,,,,,,,,,,,,,,,,,,,,
58,PT07M24.00S,2022-11-20T23:22:26.7Z,1,REGULAR,freethrow,2 of 2,[],1628368,,,1610612758,14,11,2022-11-20T23:22:26Z,580000,False,,,0,,D. Fox Free Throw 2 of 2 (4 PTS),[1628368],1610612758.0,SAC,,,,Fox,D. Fox,,,,,,,,Made,,,,,,,,,,4.0,,,,,,,,
59,PT07M11.00S,2022-11-20T23:22:40.4Z,1,REGULAR,2pt,Layup,['pointsinthepaint'],1631093,91.67214191852825,41.17647058823529,1610612765,14,11,2022-11-20T23:22:45Z,590000,False,-44.0,26.0,1,right,MISS J. Ivey driving Layup,[1631093],1610612765.0,DET,driving,,,Ivey,J. Ivey,,,,,In The Paint (Non-RA),0-8 Center,5.11,Missed,,,,,,,,,,,,,,,,,,
60,PT07M07.00S,2022-11-20T23:22:44.4Z,1,REGULAR,rebound,offensive,[],1631105,,,1610612765,14,11,2022-11-20T23:30:57Z,600000,False,,,0,,J. Duren REBOUND (Off:1 Def:0),[1631105],1610612765.0,DET,,,,Duren,J. Duren,,,,,In The Paint (Non-RA),0-8 Center,,,59.0,1.0,0.0,1.0,,,,,,,,,,,,,,
63,PT07M07.00S,2022-11-20T23:22:45.2Z,1,REGULAR,2pt,DUNK,"['pointsinthepaint', '2ndchance']",1631105,91.01511169513797,48.77450980392157,1610612765,14,13,2022-11-20T23:23:24Z,630000,False,-6.0,32.0,1,right,J. Duren putback DUNK (2 PTS),[1631105],1610612765.0,DET,putback,,,Duren,J. Duren,,,,,Restricted Area,0-8 Center,3.26,Made,,,,,,,,,,2.0,,,,,,,,
64,PT06M56.00S,2022-11-20T23:22:55.8Z,1,REGULAR,3pt,Jump Shot,[],1628989,32.14520367936925,49.01960784313725,1610612758,14,13,2022-11-20T23:27:00Z,640000,False,5.0,250.0,1,left,MISS K. Huerter 24' 3PT,[1628989],1610612758.0,SAC,,,,Huerter,K. Huerter,,,,,Above the Break 3,24+ Center,24.97,Missed,,,,,,,,,,,,,,,,,,
65,PT06M51.00S,2022-11-20T23:23:00.8Z,1,REGULAR,rebound,defensive,[],1631093,,,1610612765,14,13,2022-11-20T23:23:02Z,650000,False,,,0,,J. Ivey REBOUND (Off:0 Def:1),[1631093],1610612765.0,DET,,,,Ivey,J. Ivey,,,,,Above the Break 3,24+ Center,,,64.0,1.0,1.0,0.0,,,,,,,,,,,,,,
66,PT06M45.00S,2022-11-20T23:23:16.3Z,1,REGULAR,foul,personal,[],1628989,,,1610612765,14,13,2022-11-20T23:31:59Z,660000,False,,,0,,K. Huerter personal FOUL (1 PF),"[1628989, 1631093]",1610612758.0,SAC,,,,Huerter,K. Huerter,,,,,In The Paint (Non-RA),0-8 Center,,,,,,,1627964.0,1.0,0.0,Ivey,1631093.0,,,,,,,,,
69,PT06M30.00S,2022-11-20T23:24:33.5Z,1,REGULAR,2pt,Jump Shot,['pointsinthepaint'],202692,92.72339027595268,34.31372549019608,1610612765,14,13,2022-11-20T23:24:39Z,690000,False,-78.0,16.0,1,right,MISS A. Burks 8' pullup Shot,[202692],1610612765.0,DET,pullup,,,Burks,A. Burks,,,,,In The Paint (Non-RA),0-8 Center,8.0,Missed,,,,,,,,,,,,,,,,,,
70,PT06M26.00S,2022-11-20T23:24:37.5Z,1,REGULAR,rebound,defensive,[],1627734,,,1610612758,14,13,2022-11-20T23:24:39Z,700000,False,,,0,,D. Sabonis REBOUND (Off:0 Def:3),[1627734],1610612758.0,SAC,,,,Sabonis,D. Sabonis,,,,,In The Paint (Non-RA),0-8 Center,,,69.0,3.0,3.0,0.0,,,,,,,,,,,,,,
71,PT06M23.00S,2022-11-20T23:24:40.4Z,1,REGULAR,3pt,Jump Shot,['fastbreak'],1628989,28.33442838370565,76.22549019607843,1610612758,14,13,2022-11-20T23:29:32Z,710000,False,-131.0,214.0,1,left,MISS K. Huerter 25' running pullup 3PT,[1628989],1610612758.0,SAC,running pullup,,,Huerter,K. Huerter,,,,,Above the Break 3,24+ Left Center,25.08,Missed,,,,,,,,,,,,,,,,,,
72,PT06M20.00S,2022-11-20T23:24:43.4Z,1,REGULAR,rebound,offensive,[],203084,,,1610612758,14,13,2022-11-20T23:24:43Z,720000,False,,,0,,H. Barnes REBOUND (Off:1 Def:1),[203084],1610612758.0,SAC,,,,Barnes,H. Barnes,,,,,Above the Break 3,24+ Left Center,,,71.0,2.0,1.0,1.0,,,,,,,,,,,,,,
73,PT06M19.00S,2022-11-20T23:24:44.7Z,1,REGULAR,2pt,Layup,"['pointsinthepaint', '2ndchance']",203084,7.046649145860711,53.18627450980392,1610612758,16,13,2022-11-20T23:24:52Z,730000,False,-16.0,14.0,1,left,H. Barnes Layup (2 PTS),[203084],1610612758.0,SAC,,,,Barnes,H. Barnes,,,,,Restricted Area,0-8 Center,2.1,Made,,,,,,,,,,2.0,,,,,,,,
74,PT06M06.00S,2022-11-20T23:24:57.9Z,1,REGULAR,3pt,Jump Shot,[],1630587,91.67214191852825,96.07843137254902,1610612765,16,13,2022-11-20T23:25:02Z,740000,False,230.0,26.0,1,right,MISS I. Livers 3PT,[1630587],1610612765.0,DET,,,,Livers,I. Livers,,,,,Right Corner 3,24+ Right,23.18,Missed,,,,,,,,,,,,,,,,,,
75,PT06M03.00S,2022-11-20T23:25:00.9Z,1,REGULAR,rebound,defensive,[],1628368,,,1610612758,16,13,2022-11-20T23:25:16Z,750000,False,,,0,,D. Fox REBOUND (Off:0 Def:1),[1628368],1610612758.0,SAC,,,,Fox,D. Fox,,,,,Right Corner 3,24+ Right,,,74.0,1.0,1.0,0.0,,,,,,,,,,,,,,
76,PT05M48.00S,2022-11-20T23:25:15.3Z,1,REGULAR,2pt,Jump Shot,['pointsinthepaint'],1628368,15.325229960578188,41.17647058823529,1610612758,16,13,2022-11-20T23:25:22Z,760000,False,44.0,92.0,1,left,MISS D. Fox 10' turnaround fadeaway Shot,[1628368],1610612758.0,SAC,turnaround fadeaway,,,Fox,D. Fox,,,,,In The Paint (Non-RA),8-16 Center,10.17,Missed,,,,,,,,,,,,,,,,,,
77,PT05M45.00S,2022-11-20T23:25:18.3Z,1,REGULAR,rebound,defensive,[],202711,,,1610612765,16,13,2022-11-20T23:25:22Z,770000,False,,,0,,B. Bogdanovic REBOUND (Off:0 Def:1),[202711],1610612765.0,DET,,,,Bogdanovic,B. Bogdanovic,,,,,In The Paint (Non-RA),8-16 Center,,,76.0,1.0,1.0,0.0,,,,,,,,,,,,,,
78,PT05M42.00S,2022-11-20T23:25:23.8Z,1,REGULAR,foul,personal,[],1628368,,,1610612765,16,13,2022-11-20T23:25:38Z,780000,False,,,0,,D. Fox personal FOUL (2 PF),"[1628368, 202711]",1610612758.0,SAC,,,,Fox,D. Fox,,,,,Mid-Range,8-16 Left,,,,,,,1628953.0,2.0,0.0,Bogdanovic,202711.0,,,,,,,,,
80,PT05M42.00S,2022-11-20T23:25:37.5Z,1,REGULAR,substitution,out,[],1628368,,,1610612765,16,13,2022-11-20T23:25:52Z,800000,False,,,0,,SUB out: D. Fox,[1628368],1610612758.0,SAC,,,,Fox,D. Fox,,,,,,,,,,,,,,,,,,,,,,,,,,
81,PT05M42.00S,2022-11-20T23:25:37.5Z,1,REGULAR,substitution,out,[],1631099,,,1610612765,16,13,2022-11-20T23:25:52Z,810000,False,,,0,,SUB out: K. Murray,[1631099],1610612758.0,SAC,,,,Murray,K. Murray,,,,,,,,,,,,,,,,,,,,,,,,,,
82,PT05M42.00S,2022-11-20T23:25:37.5Z,1,REGULAR,substitution,in,[],1630558,,,1610612765,16,13,2022-11-20T23:25:52Z,820000,False,,,0,,SUB in: D. Mitchell,[1630558],1610612758.0,SAC,,,,Mitchell,D. Mitchell,,,,,,,,,,,,,,,,,,,,,,,,,,
83,PT05M42.00S,2022-11-20T23:25:37.5Z,1,REGULAR,substitution,in,[],1626168,,,1610612765,16,13,2022-11-20T23:25:52Z,830000,False,,,0,,SUB in: T. Lyles,[1626168],1610612758.0,SAC,,,,Lyles,T. Lyles,,,,,,,,,,,,,,,,,,,,,,,,,,
84,PT05M40.00S,2022-11-20T23:26:00.3Z,1,REGULAR,turnover,traveling,[],1631093,,,1610612765,16,13,2022-11-20T23:32:51Z,840000,False,,,0,,J. Ivey traveling TURNOVER (1 TO),[1631093],1610612765.0,DET,,,,Ivey,J. Ivey,,,,,Above the Break 3,24+ Right Center,,,,,,,1628953.0,,,,,,,,,1.0,,,,
85,PT05M29.00S,2022-11-20T23:26:17.3Z,1,REGULAR,2pt,DUNK,"['pointsinthepaint', 'fromturnover']",1627734,6.783837056504599,51.71568627450981,1610612758,18,13,2022-11-20T23:33:21Z,850000,False,-9.0,11.0,1,left,D. Sabonis DUNK (5 PTS) (H. Barnes 1 AST),"[1627734, 203084]",1610612758.0,SAC,,,,Sabonis,D. Sabonis,,,,,Restricted Area,0-8 Center,1.42,Made,,,,,,,,,,5.0,H. Barnes,203084.0,1.0,,,,,
87,PT05M05.00S,2022-11-20T23:26:41.7Z,1,REGULAR,2pt,Jump Shot,['pointsinthepaint'],1631093,93.64323258869908,36.029411764705884,1610612765,18,13,2022-11-20T23:26:46Z,870000,False,-70.0,7.0,1,right,MISS J. Ivey 7' pullup Shot,[1631093],1610612765.0,DET,pullup,,,Ivey,J. Ivey,,,,,In The Paint (Non-RA),0-8 Center,7.03,Missed,,,,,,,,,,,,,,,,,,
88,PT05M02.00S,2022-11-20T23:26:44.7Z,1,REGULAR,rebound,defensive,[],1627734,,,1610612758,18,13,2022-11-20T23:26:46Z,880000,False,,,0,,D. Sabonis REBOUND (Off:0 Def:4),[1627734],1610612758.0,SAC,,,,Sabonis,D. Sabonis,,,,,In The Paint (Non-RA),0-8 Center,,,87.0,4.0,4.0,0.0,,,,,,,,,,,,,,
89,PT05M00.00S,2022-11-20T23:26:49.0Z,1,REGULAR,foul,personal,"['inpenalty', '2freethrow']",1631105,,,1610612758,18,13,2022-11-20T23:26:57Z,890000,False,,,0,,J. Duren shooting personal FOUL (1 PF) (Sabonis 2 FT),"[1631105, 1627734]",1610612765.0,DET,shooting,,,Duren,J. Duren,,,,,Restricted Area,0-8 Center,,,,,,,1627964.0,1.0,0.0,Sabonis,1627734.0,,,,,,,,,
91,PT05M00.00S,2022-11-20T23:27:19.8Z,1,REGULAR,freethrow,1 of 2,['fastbreak'],1627734,,,1610612758,19,13,2022-11-20T23:27:48Z,910000,False,,,0,,D. Sabonis Free Throw 1 of 2 (6 PTS),[1627734],1610612758.0,SAC,,,,Sabonis,D. Sabonis,,,,,,,,Made,,,,,,,,,,6.0,,,,,,,,
92,PT05M00.00S,2022-11-20T23:27:21.7Z,1,REGULAR,substitution,out,[],1630587,,,1610612758,19,13,2022-11-20T23:27:26Z,920000,False,,,0,,SUB out: I. Livers,[1630587],1610612765.0,DET,,,,Livers,I. Livers,,,,,,,,,,,,,,,,,,,,,,,,,,
93,PT05M00.00S,2022-11-20T23:27:21.7Z,1,REGULAR,substitution,in,[],1628977,,,1610612758,19,13,2022-11-20T23:27:26Z,930000,False,,,0,,SUB in: H. Diallo,[1628977],1610612765.0,DET,,,,Diallo,H. Diallo,,,,,,,,,,,,,,,,,,,,,,,,,,
94,PT05M00.00S,2022-11-20T23:27:19.8Z,1,REGULAR,freethrow,2 of 2,['fastbreak'],1627734,,,1610612758,19,13,2022-11-20T23:27:48Z,940000,False,,,0,,MISS D. Sabonis Free Throw 2 of 2,[1627734],1610612758.0,SAC,,,,Sabonis,D. Sabonis,,,,,,,,Missed,,,,,,,,,,,,,,,,,,
95,PT04M57.00S,2022-11-20T23:27:22.8Z,1,REGULAR,rebound,defensive,[],1631105,,,1610612765,19,13,2022-11-20T23:27:48Z,950000,False,,,0,,J. Duren REBOUND (Off:1 Def:1),[1631105],1610612765.0,DET,,,,Duren,J. Duren,,,,,,,,,94.0,2.0,1.0,1.0,,,,,,,,,,,,,,
96,PT04M43.00S,2022-11-20T23:28:00.1Z,1,REGULAR,2pt,Layup,['pointsinthepaint'],202711,91.67214191852825,63.48039215686274,1610612765,19,15,2022-11-20T23:28:04Z,960000,False,67.0,26.0,1,right,B. Bogdanovic 7' driving Layup (2 PTS),[202711],1610612765.0,DET,driving,,,Bogdanovic,B. Bogdanovic,,,,,In The Paint (Non-RA),0-8 Center,7.22,Made,,,,,,,,,,2.0,,,,,,,,
97,PT04M35.00S,2022-11-20T23:28:12.9Z,1,REGULAR,2pt,Layup,"['pointsinthepaint', 'defensivegoaltending']",203084,6.521024967148489,42.40196078431372,1610612758,21,15,2022-11-20T23:29:00Z,970000,False,38.0,9.0,1,left,H. Barnes Layup (4 PTS),[203084],1610612758.0,SAC,,,,Barnes,H. Barnes,,,,,Restricted Area,0-8 Center,3.9,Made,,,,,,,,,,4.0,,,,,,,,
98,PT04M35.00S,2022-11-20T23:28:27.7Z,1,REGULAR,foul,personal,"['inpenalty', '1freethrow']",1631093,,,1610612758,21,15,2022-11-20T23:28:35Z,980000,False,,,0,,J. Ivey shooting personal FOUL (2 PF) (Barnes 1 FT),"[1631093, 203084]",1610612765.0,DET,shooting,,,Ivey,J. Ivey,,,,,Restricted Area,0-8 Center,,,,,,,1628953.0,2.0,0.0,Barnes,203084.0,,,,,,,,,
100,PT04M35.00S,2022-11-20T23:28:37.0Z,1,REGULAR,violation,defensive goaltending,[],1631105,,,1610612758,21,15,2022-11-20T23:37:20Z,1000000,False,,,0,,J. Duren defensive goaltending VIOLATION,[1631105],1610612765.0,DET,,,,Duren,J. Duren,,,,,,,,,,,,,1628953.0,,,,,,,,,,,,,
101,PT04M35.00S,2022-11-20T23:28:42.5Z,1,REGULAR,substitution,out,[],1631093,,,1610612758,21,15,2022-11-20T23:29:27Z,1010000,False,,,0,,SUB out: J. Ivey,[1631093],1610612765.0,DET,,,,Ivey,J. Ivey,,,,,,,,,,,,,,,,,,,,,,,,,,
102,PT04M35.00S,2022-11-20T23:28:42.5Z,1,REGULAR,substitution,in,[],202709,,,1610612758,21,15,2022-11-20T23:29:27Z,1020000,False,,,0,,SUB in: C. Joseph,[202709],1610612765.0,DET,,,,Joseph,C. Joseph,,,,,,,,,,,,,,,,,,,,,,,,,,
103,PT04M35.00S,2022-11-20T23:28:50.6Z,1,REGULAR,freethrow,1 of 1,[],203084,,,1610612758,22,15,2022-11-20T23:28:50Z,1030000,False,,,0,,H. Barnes Free Throw 1 of 1 (5 PTS),[203084],1610612758.0,SAC,,,,Barnes,H. Barnes,,,,,,,,Made,,,,,,,,,,5.0,,,,,,,,
104,PT04M22.00S,2022-11-20T23:29:04.0Z,1,REGULAR,2pt,Jump Shot,[],202692,74.58935611038108,60.78431372549019,1610612765,22,17,2022-11-20T23:29:14Z,1040000,False,54.0,186.0,1,right,A. Burks 19' pullup Jump Shot (2 PTS),[202692],1610612765.0,DET,pullup,,,Burks,A. Burks,,,,,Mid-Range,16-24 Center,19.4,Made,,,,,,,,,,2.0,,,,,,,,
105,PT04M02.00S,2022-11-20T23:29:24.3Z,1,REGULAR,3pt,Jump Shot,[],1626168,9.806176084099869,95.83333333333334,1610612758,22,17,2022-11-20T23:29:29Z,1050000,False,-229.0,40.0,1,left,MISS T. Lyles 3PT,[1626168],1610612758.0,SAC,,,,Lyles,T. Lyles,,,,,Left Corner 3,24+ Left,23.26,Missed,,,,,,,,,,,,,,,,,,
106,PT03M59.00S,2022-11-20T23:29:27.0Z,1,REGULAR,rebound,offensive,[],1628989,,,1610612758,22,17,2022-11-20T23:29:27Z,1060000,False,,,0,,K. Huerter REBOUND (Off:1 Def:0),[1628989],1610612758.0,SAC,,,,Huerter,K. Huerter,,,,,Left Corner 3,24+ Left,,,105.0,1.0,0.0,1.0,,,,,,,,,,,,,,
107,PT03M58.00S,2022-11-20T23:29:28.0Z,1,REGULAR,2pt,Layup,"['pointsinthepaint', '2ndchance']",1628989,6.652431011826544,50.49019607843137,1610612758,24,17,2022-11-20T23:37:09Z,1070000,False,-2.0,10.0,1,left,K. Huerter putback Layup (4 PTS),[1628989],1610612758.0,SAC,putback,,,Huerter,K. Huerter,,,,,Restricted Area,0-8 Center,1.03,Made,,,,,,,,,,4.0,,,,,,,,
108,PT03M43.00S,2022-11-20T23:29:42.9Z,1,REGULAR,2pt,Layup,['pointsinthepaint'],202692,93.51182654402102,55.63725490196079,1610612765,24,19,2022-11-20T23:29:47Z,1080000,False,28.0,8.0,1,right,A. Burks driving Layup (4 PTS),[202692],1610612765.0,DET,driving,,,Burks,A. Burks,,,,,Restricted Area,0-8 Center,2.95,Made,,,,,,,,,,4.0,,,,,,,,
109,PT03M21.00S,2022-11-20T23:30:04.6Z,1,REGULAR,2pt,Layup,['pointsinthepaint'],203084,5.601182654402102,53.92156862745098,1610612758,26,19,2022-11-20T23:30:08Z,1090000,False,-20.0,0.0,1,left,H. Barnes driving Layup (7 PTS) (K. Huerter 1 AST),"[203084, 1628989]",1610612758.0,SAC,driving,,,Barnes,H. Barnes,,,,,Restricted Area,0-8 Center,1.96,Made,,,,,,,,,,7.0,K. Huerter,1628989.0,1.0,,,,,
111,PT03M03.00S,2022-11-20T23:30:22.8Z,1,REGULAR,2pt,Jump Shot,[],202709,75.3777923784494,38.48039215686275,1610612765,26,21,2022-11-20T23:30:27Z,1110000,False,-58.0,179.0,1,right,C. Joseph 18' pullup Jump Shot (2 PTS),[202709],1610612765.0,DET,pullup,,,Joseph,C. Joseph,,,,,Mid-Range,16-24 Center,18.79,Made,,,,,,,,,,2.0,,,,,,,,
112,PT02M50.00S,2022-11-20T23:30:35.1Z,1,REGULAR,3pt,Jump Shot,[],1630558,26.49474375821288,80.88235294117648,1610612758,29,21,2022-11-20T23:30:42Z,1120000,False,-154.0,197.0,1,left,D. Mitchell 25' 3PT step back (3 PTS),[1630558],1610612758.0,SAC,step back,,,Mitchell,D. Mitchell,,,,,Above the Break 3,24+ Left Center,25.0,Made,,,,,,,,,,3.0,,,,,,,,
113,PT02M39.00S,2022-11-20T23:30:46.8Z,1,REGULAR,3pt,Jump Shot,[],202711,91.5407358738502,95.09803921568627,1610612765,29,24,2022-11-20T23:38:06Z,1130000,False,225.0,27.0,1,right,B. Bogdanovic 3PT step back (5 PTS),[202711],1610612765.0,DET,step back,,,Bogdanovic,B. Bogdanovic,,,,,Right Corner 3,24+ Right,22.71,Made,,,,,,,,,,5.0,,,,,,,,
114,PT02M26.00S,2022-11-20T23:30:59.7Z,1,REGULAR,3pt,Jump Shot,[],1626168,11.383048620236531,96.32352941176471,1610612758,32,24,2022-11-20T23:31:04Z,1140000,False,-232.0,55.0,1,left,T. Lyles 3PT  (3 PTS) (D. Sabonis 3 AST),"[1626168, 1627734]",1610612758.0,SAC,,,,Lyles,T. Lyles,,,,,Left Corner 3,24+ Left,23.79,Made,,,,,,,,,,3.0,D. Sabonis,1627734.0,3.0,,,,,
116,PT02M07.00S,2022-11-20T23:31:19.4Z,1,REGULAR,2pt,Jump Shot,['pointsinthepaint'],202692,85.10183968462549,49.50980392156863,1610612765,32,24,2022-11-20T23:31:26Z,1160000,False,-2.0,88.0,1,right,MISS A. Burks 8' driving floating Shot,[202692],1610612765.0,DET,driving floating,,,Burks,A. Burks,,,,,In The Paint (Non-RA),8-16 Center,8.75,Missed,,,,,,,,,,,,,,,,,,
117,PT02M03.00S,2022-11-20T23:31:23.0Z,1,REGULAR,rebound,defensive,[],203084,,,1610612758,32,24,2022-11-20T23:31:23Z,1170000,False,,,0,,H. Barnes REBOUND (Off:1 Def:2),[203084],1610612758.0,SAC,,,,Barnes,H. Barnes,,,,,In The Paint (Non-RA),8-16 Center,,,116.0,3.0,2.0,1.0,,,,,,,,,,,,,,
118,PT01M58.00S,2022-11-20T23:31:27.3Z,1,REGULAR,3pt,Jump Shot,['fastbreak'],1630558,20.97568988173456,90.44117647058823,1610612758,32,24,2022-11-20T23:31:36Z,1180000,False,-202.0,145.0,1,left,MISS D. Mitchell 24' running 3PT,[1630558],1610612758.0,SAC,running,,,Mitchell,D. Mitchell,,,,,Above the Break 3,24+ Left Center,24.86,Missed,,,,,,,,,,,,,,,,,,
119,PT01M55.00S,2022-11-20T23:31:30.3Z,1,REGULAR,rebound,defensive,[],202711,,,1610612765,32,24,2022-11-20T23:31:36Z,1190000,False,,,0,,B. Bogdanovic REBOUND (Off:0 Def:2),[202711],1610612765.0,DET,,,,Bogdanovic,B. Bogdanovic,,,,,Above the Break 3,24+ Left Center,,,118.0,2.0,2.0,0.0,,,,,,,,,,,,,,
120,PT01M47.00S,2022-11-20T23:31:39.6Z,1,REGULAR,2pt,Jump Shot,['pointsinthepaint'],202711,94.03745072273325,35.53921568627451,1610612765,32,26,2022-11-20T23:31:47Z,1200000,False,-72.0,4.0,1,right,B. Bogdanovic 7' driving floating Jump Shot (7 PTS),[202711],1610612765.0,DET,driving floating,,,Bogdanovic,B. Bogdanovic,,,,,In The Paint (Non-RA),0-8 Center,7.24,Made,,,,,,,,,,7.0,,,,,,,,
121,PT01M47.00S,2022-11-20T23:31:45.4Z,1,REGULAR,timeout,full,"['team', 'mandatory']",0,,,1610612758,32,26,2022-11-20T23:31:45Z,1210000,False,,,0,,SAC Timeout,[],1610612758.0,SAC,,,,,,,,,,,,,,,,,,,,,,,,,,,,,,,
122,PT01M47.00S,2022-11-20T23:34:07.6Z,1,REGULAR,substitution,out,[],1628989,,,1610612758,32,26,2022-11-20T23:34:31Z,1220000,False,,,0,,SUB out: K. Huerter,[1628989],1610612758.0,SAC,,,,Huerter,K. Huerter,,,,,,,,,,,,,,,,,,,,,,,,,,
123,PT01M47.00S,2022-11-20T23:34:07.6Z,1,REGULAR,substitution,out,[],1627734,,,1610612758,32,26,2022-11-20T23:34:31Z,1230000,False,,,0,,SUB out: D. Sabonis,[1627734],1610612758.0,SAC,,,,Sabonis,D. Sabonis,,,,,,,,,,,,,,,,,,,,,,,,,,
124,PT01M47.00S,2022-11-20T23:34:07.6Z,1,REGULAR,substitution,out,[],1630558,,,1610612758,32,26,2022-11-20T23:34:31Z,1240000,False,,,0,,SUB out: D. Mitchell,[1630558],1610612758.0,SAC,,,,Mitchell,D. Mitchell,,,,,,,,,,,,,,,,,,,,,,,,,,
125,PT01M47.00S,2022-11-20T23:34:07.6Z,1,REGULAR,substitution,out,[],202711,,,1610612758,32,26,2022-11-20T23:34:31Z,1250000,False,,,0,,SUB out: B. Bogdanovic,[202711],1610612765.0,DET,,,,Bogdanovic,B. Bogdanovic,,,,,,,,,,,,,,,,,,,,,,,,,,
126,PT01M47.00S,2022-11-20T23:34:07.6Z,1,REGULAR,substitution,in,[],1628370,,,1610612758,32,26,2022-11-20T23:34:31Z,1260000,False,,,0,,SUB in: M. Monk,[1628370],1610612758.0,SAC,,,,Monk,M. Monk,,,,,,,,,,,,,,,,,,,,,,,,,,
127,PT01M47.00S,2022-11-20T23:34:07.6Z,1,REGULAR,substitution,in,[],1628368,,,1610612758,32,26,2022-11-20T23:34:31Z,1270000,False,,,0,,SUB in: D. Fox,[1628368],1610612758.0,SAC,,,,Fox,D. Fox,,,,,,,,,,,,,,,,,,,,,,,,,,
128,PT01M47.00S,2022-11-20T23:34:07.6Z,1,REGULAR,substitution,in,[],1629002,,,1610612758,32,26,2022-11-20T23:34:31Z,1280000,False,,,0,,SUB in: C. Metu,[1629002],1610612758.0,SAC,,,,Metu,C. Metu,,,,,,,,,,,,,,,,,,,,,,,,,,
129,PT01M47.00S,2022-11-20T23:34:07.6Z,1,REGULAR,substitution,in,[],1628995,,,1610612758,32,26,2022-11-20T23:34:31Z,1290000,False,,,0,,SUB in: K. Knox II,[1628995],1610612765.0,DET,,,,Knox II,K. Knox II,,,,,,,,,,,,,,,,,,,,,,,,,,
130,PT01M31.00S,2022-11-20T23:34:55.3Z,1,REGULAR,2pt,Jump Shot,['pointsinthepaint'],203084,11.12023653088042,35.53921568627451,1610612758,34,26,2022-11-20T23:35:03Z,1300000,False,72.0,52.0,1,left,H. Barnes 8' driving bank Jump Shot (9 PTS) (D. Fox 1 AST),"[203084, 1628368]",1610612758.0,SAC,driving bank,,,Barnes,H. Barnes,,,,,In The Paint (Non-RA),8-16 Right,8.91,Made,,,,,,,,,,9.0,D. Fox,1628368.0,1.0,,,,,
132,PT01M16.00S,2022-11-20T23:35:09.4Z,1,REGULAR,3pt,Jump Shot,[],202692,89.04402102496715,96.07843137254902,1610612765,34,29,2022-11-20T23:35:19Z,1320000,False,230.0,50.0,1,right,A. Burks 3PT  (7 PTS) (C. Joseph 1 AST),"[202692, 202709]",1610612765.0,DET,,,,Burks,A. Burks,,,,,Right Corner 3,24+ Right,23.59,Made,,,,,,,,,,7.0,C. Joseph,202709.0,1.0,,,,,
134,PT01M08.00S,2022-11-20T23:35:18.1Z,1,REGULAR,3pt,Jump Shot,[],1629002,31.882391590013142,50.0,1610612758,34,29,2022-11-20T23:35:25Z,1340000,False,0.0,247.0,1,left,MISS C. Metu 24' 3PT,[1629002],1610612758.0,SAC,,,,Metu,C. Metu,,,,,Above the Break 3,24+ Center,24.72,Missed,,,,,,,,,,,,,,,,,,
135,PT01M03.00S,2022-11-20T23:35:23.1Z,1,REGULAR,rebound,defensive,[],1628995,,,1610612765,34,29,2022-11-20T23:35:25Z,1350000,False,,,0,,K. Knox II REBOUND (Off:0 Def:1),[1628995],1610612765.0,DET,,,,Knox II,K. Knox II,,,,,Above the Break 3,24+ Center,,,134.0,1.0,1.0,0.0,,,,,,,,,,,,,,
136,PT00M57.20S,2022-11-20T23:35:29.8Z,1,REGULAR,2pt,Jump Shot,[],202709,89.43823915900131,32.1078431372549,1610612765,34,31,2022-11-20T23:35:43Z,1360000,False,-89.0,47.0,1,right,C. Joseph 10' driving bank Jump Shot (4 PTS),[202709],1610612765.0,DET,driving bank,,,Joseph,C. Joseph,,,,,Mid-Range,8-16 Left,10.1,Made,,,,,,,,,,4.0,,,,,,,,
137,PT00M43.70S,2022-11-20T23:35:45.3Z,1,REGULAR,2pt,Layup,['pointsinthepaint'],1628368,6.652431011826544,41.911764705882355,1610612758,36,31,2022-11-20T23:35:50Z,1370000,False,40.0,10.0,1,left,D. Fox driving Layup (6 PTS),[1628368],1610612758.0,SAC,driving,,,Fox,D. Fox,,,,,Restricted Area,0-8 Center,4.16,Made,,,,,,,,,,6.0,,,,,,,,
138,PT00M34.30S,2022-11-20T23:36:12.1Z,1,REGULAR,2pt,Jump Shot,[],202692,76.42904073587385,56.86274509803921,1610612765,36,33,2022-11-20T23:36:16Z,1380000,False,34.0,169.0,1,right,A. Burks 17' pullup Jump Shot (9 PTS),[202692],1610612765.0,DET,pullup,,,Burks,A. Burks,,,,,Mid-Range,16-24 Center,17.25,Made,,,,,,,,,,9.0,,,,,,,,
139,PT00M15.00S,2022-11-20T23:36:34.6Z,1,REGULAR,2pt,DUNK,['pointsinthepaint'],1628370,6.258212877792378,51.225490196078425,1610612758,38,33,2022-11-20T23:36:39Z,1390000,False,-6.0,6.0,1,left,M. Monk driving DUNK (2 PTS) (D. Fox 2 AST),"[1628370, 1628368]",1610612758.0,SAC,driving,,,Monk,M. Monk,,,,,Restricted Area,0-8 Center,0.88,Made,,,,,,,,,,2.0,D. Fox,1628368.0,2.0,,,,,
141,PT00M01.40S,2022-11-20T23:37:01.3Z,1,REGULAR,turnover,traveling,[],202692,,,1610612765,38,33,2022-11-20T23:37:06Z,1410000,False,,,0,,A. Burks traveling TURNOVER (1 TO),[202692],1610612765.0,DET,,,,Burks,A. Burks,,,,,In The Paint (Non-RA),0-8 Center,,,,,,,1627964.0,,,,,,,,,1.0,,,,
142,PT00M00.00S,2022-11-20T23:37:28.0Z,1,REGULAR,turnover,bad pass,[],1628370,,,1610612758,38,33,2022-11-20T23:37:33Z,1420000,False,,,0,,M. Monk bad pass TURNOVER (1 TO),"[1628370, 202692]",1610612758.0,SAC,,,,Monk,M. Monk,,,,,Above the Break 3,24+ Right Center,,,,,,,,,,,,,,,,1.0,Burks,202692.0,,
143,PT00M00.00S,2022-11-20T23:37:28.0Z,1,REGULAR,steal,,[],202692,,,1610612765,38,33,2022-11-20T23:37:30Z,1430000,False,,,0,,A. Burks STEAL (1 STL),[202692],1610612765.0,DET,,,,Burks,A. Burks,,,,,Above the Break 3,24+ Right Center,,,,,,,,,,,,,,,,,,,,
144,PT00M00.00S,2022-11-20T23:37:32.8Z,1,REGULAR,period,end,[],0,,,1610612765,38,33,2022-11-20T23:37:32Z,1440000,False,,,0,,Period End,[],,,,,,,,,,,,,,,,,,,,,,,,,,,,,,,,,
145,PT12M00.00S,2022-11-20T23:39:47.9Z,2,REGULAR,substitution,out,['startperiod'],203084,,,1610612765,38,33,2022-11-20T23:40:09Z,1450000,False,,,0,,SUB out: H. Barnes,[203084],1610612758.0,SAC,,,,Barnes,H. Barnes,,,,,,,,,,,,,,,,,,,,,,,,,,
146,PT12M00.00S,2022-11-20T23:39:47.9Z,2,REGULAR,substitution,out,['startperiod'],1631105,,,1610612765,38,33,2022-11-20T23:40:09Z,1460000,False,,,0,,SUB out: J. Duren,[1631105],1610612765.0,DET,,,,Duren,J. Duren,,,,,,,,,,,,,,,,,,,,,,,,,,
147,PT12M00.00S,2022-11-20T23:39:47.9Z,2,REGULAR,substitution,in,['startperiod'],1631099,,,1610612765,38,33,2022-11-20T23:40:09Z,1470000,False,,,0,,SUB in: K. Murray,[1631099],1610612758.0,SAC,,,,Murray,K. Murray,,,,,,,,,,,,,,,,,,,,,,,,,,
148,PT12M00.00S,2022-11-20T23:39:47.9Z,2,REGULAR,substitution,in,['startperiod'],1628963,,,1610612765,38,33,2022-11-20T23:40:09Z,1480000,False,,,0,,SUB in: M. Bagley III,[1628963],1610612765.0,DET,,,,Bagley III,M. Bagley III,,,,,,,,,,,,,,,,,,,,,,,,,,
149,PT12M00.00S,2022-11-20T23:40:06.7Z,2,REGULAR,period,start,[],0,,,1610612758,38,33,2022-11-20T23:40:09Z,1490000,False,,,0,,Period Start,[],,,,,,,,,,,,,,,,,,,,,,,,,,,,,,,,,
150,PT11M43.00S,2022-11-20T23:40:23.2Z,2,REGULAR,3pt,Jump Shot,[],1626168,21.632720105124836,88.48039215686273,1610612758,38,33,2022-11-20T23:40:29Z,1500000,False,-192.0,151.0,1,left,MISS T. Lyles 24' 3PT,[1626168],1610612758.0,SAC,,,,Lyles,T. Lyles,,,,,Above the Break 3,24+ Left Center,24.45,Missed,,,,,,,,,,,,,,,,,,
151,PT11M37.00S,2022-11-20T23:40:29.2Z,2,REGULAR,rebound,defensive,[],1628995,,,1610612765,38,33,2022-11-20T23:40:29Z,1510000,False,,,0,,K. Knox II REBOUND (Off:0 Def:2),[1628995],1610612765.0,DET,,,,Knox II,K. Knox II,,,,,Above the Break 3,24+ Left Center,,,150.0,2.0,2.0,0.0,,,,,,,,,,,,,,
152,PT11M33.00S,2022-11-20T23:40:32.2Z,2,REGULAR,2pt,DUNK,"['pointsinthepaint', 'fastbreak']",1628977,92.85479632063075,51.71568627450981,1610612765,38,35,2022-11-20T23:40:42Z,1520000,False,9.0,15.0,1,right,H. Diallo running DUNK (2 PTS) (K. Knox II 1 AST),"[1628977, 1628995]",1610612765.0,DET,running,,,Diallo,H. Diallo,,,,,Restricted Area,0-8 Center,1.7,Made,,,,,,,,,,2.0,K. Knox II,1628995.0,1.0,,,,,
154,PT11M33.00S,2022-11-20T23:40:43.2Z,2,REGULAR,timeout,full,"['team', 'mandatory']",0,,,1610612758,38,35,2022-11-20T23:40:43Z,1540000,False,,,0,,SAC Timeout,[],1610612758.0,SAC,,,,,,,,,,,,,,,,,,,,,,,,,,,,,,,
155,PT11M20.00S,2022-11-20T23:43:38.6Z,2,REGULAR,turnover,lost ball,[],1628368,,,1610612758,38,35,2022-11-20T23:43:50Z,1550000,False,,,0,,D. Fox lost ball TURNOVER (1 TO),"[1628368, 1628977]",1610612758.0,SAC,,,,Fox,D. Fox,,,,,In The Paint (Non-RA),8-16 Center,,,,,,,,,,,,,,,,1.0,Diallo,1628977.0,,
156,PT11M20.00S,2022-11-20T23:43:38.6Z,2,REGULAR,steal,,[],1628977,,,1610612765,38,35,2022-11-20T23:43:43Z,1560000,False,,,0,,H. Diallo STEAL (1 STL),[1628977],1610612765.0,DET,,,,Diallo,H. Diallo,,,,,In The Paint (Non-RA),8-16 Center,,,,,,,,,,,,,,,,,,,,
157,PT11M11.00S,2022-11-20T23:43:47.7Z,2,REGULAR,2pt,Jump Shot,"['pointsinthepaint', 'fromturnover']",202709,82.21090670170827,39.950980392156865,1610612765,38,35,2022-11-20T23:44:02Z,1570000,False,-50.0,115.0,1,right,MISS C. Joseph 12' pullup Shot,[202709],1610612765.0,DET,pullup,,,Joseph,C. Joseph,,,,,In The Paint (Non-RA),8-16 Center,12.52,Missed,,,,,,,,,,,,,,,,,,
158,PT11M10.00S,2022-11-20T23:43:48.7Z,2,REGULAR,rebound,offensive,[],1628963,,,1610612765,38,35,2022-11-20T23:45:49Z,1580000,False,,,0,,M. Bagley III REBOUND (Off:1 Def:0),[1628963],1610612765.0,DET,,,,Bagley III,M. Bagley III,,,,,In The Paint (Non-RA),8-16 Center,,,157.0,1.0,0.0,1.0,,,,,,,,,,,,,,
159,PT11M10.00S,2022-11-20T23:43:55.3Z,2,REGULAR,2pt,DUNK,"['2ndchance', 'pointsinthepaint', 'fromturnover']",1628963,94.40999984741211,50.0,1610612765,38,37,2022-11-20T23:45:55Z,1590000,False,0.0,0.0,1,right,M. Bagley III tip DUNK (2 PTS),[1628963],1610612765.0,DET,tip,,,Bagley III,M. Bagley III,,,,,Restricted Area,0-8 Center,0.0,Made,,,,,,,,,,2.0,,,,,,,,
160,PT10M54.00S,2022-11-20T23:44:03.6Z,2,REGULAR,2pt,Hook,['pointsinthepaint'],1629002,11.383048620236531,41.17647058823529,1610612758,40,37,2022-11-20T23:44:09Z,1600000,False,44.0,55.0,1,left,C. Metu 7' turnaround Hook (2 PTS) (M. Monk 1 AST),"[1629002, 1628370]",1610612758.0,SAC,turnaround,,,Metu,C. Metu,,,,,In The Paint (Non-RA),0-8 Center,7.01,Made,,,,,,,,,,2.0,M. Monk,1628370.0,1.0,,,,,
162,PT10M35.00S,2022-11-20T23:44:26.3Z,2,REGULAR,foul,offensive,[],1628977,,,1610612765,40,37,2022-11-20T23:47:24Z,1620000,False,,,0,,H. Diallo offensive FOUL (1 PF),"[1628977, 1631099]",1610612765.0,DET,,,,Diallo,H. Diallo,,,,,In The Paint (Non-RA),8-16 Center,,,,,,,1627964.0,1.0,0.0,Murray,1631099.0,,,,,,,,,
164,PT10M35.00S,2022-11-20T23:44:26.3Z,2,REGULAR,turnover,offensive foul,[],1628977,,,1610612765,40,37,2022-11-20T23:44:26Z,1640000,False,,,0,,H. Diallo offensive foul TURNOVER (1 TO),[1628977],1610612765.0,DET,,,,Diallo,H. Diallo,,,,,In The Paint (Non-RA),8-16 Center,,,,,,,1627964.0,,,,,,,,,1.0,,,,
165,PT10M22.00S,2022-11-20T23:44:47.9Z,2,REGULAR,3pt,Jump Shot,['fromturnover'],1628368,31.488173455978973,55.392156862745104,1610612758,40,37,2022-11-20T23:44:53Z,1650000,False,-27.0,243.0,1,left,MISS D. Fox 24' 3PT,[1628368],1610612758.0,SAC,,,,Fox,D. Fox,,,,,Above the Break 3,24+ Center,24.5,Missed,,,,,,,,,,,,,,,,,,
166,PT10M18.00S,2022-11-20T23:44:51.9Z,2,REGULAR,rebound,defensive,[],1628963,,,1610612765,40,37,2022-11-20T23:44:53Z,1660000,False,,,0,,M. Bagley III REBOUND (Off:1 Def:1),[1628963],1610612765.0,DET,,,,Bagley III,M. Bagley III,,,,,Above the Break 3,24+ Center,,,165.0,2.0,1.0,1.0,,,,,,,,,,,,,,
167,PT10M09.00S,2022-11-20T23:45:02.0Z,2,REGULAR,2pt,Layup,['pointsinthepaint'],202709,93.11760840998686,53.92156862745098,1610612765,40,37,2022-11-20T23:45:09Z,1670000,False,20.0,12.0,1,right,MISS C. Joseph driving Layup,[202709],1610612765.0,DET,driving,,,Joseph,C. Joseph,,,,,Restricted Area,0-8 Center,2.31,Missed,,,,,,,,,,,,,,,,,,
168,PT10M05.00S,2022-11-20T23:45:06.0Z,2,REGULAR,rebound,defensive,[],1629002,,,1610612758,40,37,2022-11-20T23:45:09Z,1680000,False,,,0,,C. Metu REBOUND (Off:0 Def:1),[1629002],1610612758.0,SAC,,,,Metu,C. Metu,,,,,Restricted Area,0-8 Center,,,167.0,1.0,1.0,0.0,,,,,,,,,,,,,,
169,PT10M02.00S,2022-11-20T23:45:08.2Z,2,REGULAR,3pt,Jump Shot,['fastbreak'],1628368,30.305519053876477,68.38235294117648,1610612758,43,37,2022-11-20T23:45:19Z,1690000,False,-92.0,232.0,1,left,D. Fox 24' 3PT running pullup (9 PTS) (M. Monk 2 AST),"[1628368, 1628370]",1610612758.0,SAC,running pullup,,,Fox,D. Fox,,,,,Above the Break 3,24+ Left Center,24.99,Made,,,,,,,,,,9.0,M. Monk,1628370.0,2.0,,,,,
170,PT09M44.00S,2022-11-20T23:45:25.8Z,2,REGULAR,2pt,Jump Shot,[],202692,77.21747700394218,50.49019607843137,1610612765,43,37,2022-11-20T23:45:33Z,1700000,False,2.0,162.0,1,right,MISS A. Burks 16' step back Shot,[202692],1610612765.0,DET,step back,,,Burks,A. Burks,,,,,Mid-Range,16-24 Center,16.17,Missed,,,,,,,,,,,,,,,,,,
171,PT09M41.00S,2022-11-20T23:45:28.8Z,2,REGULAR,rebound,defensive,[],1629002,,,1610612758,43,37,2022-11-20T23:45:33Z,1710000,False,,,0,,C. Metu REBOUND (Off:0 Def:2),[1629002],1610612758.0,SAC,,,,Metu,C. Metu,,,,,Mid-Range,16-24 Center,,,170.0,2.0,2.0,0.0,,,,,,,,,,,,,,
172,PT09M35.00S,2022-11-20T23:45:35.3Z,2,REGULAR,3pt,Jump Shot,[],1626168,27.94021024967148,18.627450980392158,1610612758,43,37,2022-11-20T23:45:42Z,1720000,False,157.0,210.0,1,left,MISS T. Lyles 26' 3PT,[1626168],1610612758.0,SAC,,,,Lyles,T. Lyles,,,,,Above the Break 3,24+ Right Center,26.22,Missed,,,,,,,,,,,,,,,,,,
173,PT09M31.00S,2022-11-20T23:45:39.3Z,2,REGULAR,rebound,defensive,[],202692,,,1610612765,43,37,2022-11-20T23:45:42Z,1730000,False,,,0,,A. Burks REBOUND (Off:0 Def:1),[202692],1610612765.0,DET,,,,Burks,A. Burks,,,,,Above the Break 3,24+ Right Center,,,172.0,1.0,1.0,0.0,,,,,,,,,,,,,,
174,PT09M24.00S,2022-11-20T23:45:46.6Z,2,REGULAR,2pt,Hook,['pointsinthepaint'],1628963,88.51839684625493,39.46078431372549,1610612765,43,39,2022-11-20T23:45:51Z,1740000,False,-53.0,55.0,1,right,M. Bagley III 7' Hook (4 PTS) (C. Joseph 2 AST),"[1628963, 202709]",1610612765.0,DET,,,,Bagley III,M. Bagley III,,,,,In The Paint (Non-RA),0-8 Center,7.65,Made,,,,,,,,,,4.0,C. Joseph,202709.0,2.0,,,,,
176,PT09M14.00S,2022-11-20T23:45:56.9Z,2,REGULAR,2pt,Jump Shot,[],1628368,25.9917049934297,67.91513480392157,1610612758,45,39,2022-11-20T23:48:58Z,1760000,False,-90.0,192.0,1,left,D. Fox 21' Jump Shot (11 PTS) (M. Monk 3 AST),"[1628368, 1628370]",1610612758.0,SAC,,,,Fox,D. Fox,,,,,Mid-Range,16-24 Left Center,21.17,Made,,,,,,,,,,11.0,M. Monk,1628370.0,3.0,,,,,
178,PT08M53.00S,2022-11-20T23:46:17.0Z,2,REGULAR,3pt,Jump Shot,[],1628995,92.46057818659659,3.9215686274509802,1610612765,45,42,2022-11-20T23:46:22Z,1780000,False,-230.0,18.0,1,right,K. Knox II 3PT  (3 PTS) (C. Joseph 3 AST),"[1628995, 202709]",1610612765.0,DET,,,,Knox II,K. Knox II,,,,,Left Corner 3,24+ Left,23.11,Made,,,,,,,,,,3.0,C. Joseph,202709.0,3.0,,,,,
180,PT08M45.00S,2022-11-20T23:46:25.7Z,2,REGULAR,3pt,Jump Shot,[],1631099,32.802233902759525,67.64705882352942,1610612758,45,42,2022-11-20T23:46:31Z,1800000,False,-88.0,256.0,1,left,MISS K. Murray 27' 3PT,[1631099],1610612758.0,SAC,,,,Murray,K. Murray,,,,,Above the Break 3,24+ Left Center,27.06,Missed,,,,,,,,,,,,,,,,,,
181,PT08M40.00S,2022-11-20T23:46:30.7Z,2,REGULAR,rebound,defensive,[],1628995,,,1610612765,45,42,2022-11-20T23:46:31Z,1810000,False,,,0,,K. Knox II REBOUND (Off:0 Def:3),[1628995],1610612765.0,DET,,,,Knox II,K. Knox II,,,,,Above the Break 3,24+ Left Center,,,180.0,3.0,3.0,0.0,,,,,,,,,,,,,,
182,PT08M32.00S,2022-11-20T23:46:38.7Z,2,REGULAR,3pt,Jump Shot,[],1628995,77.08607095926413,10.784313725490197,1610612765,45,45,2022-11-20T23:46:43Z,1820000,False,-196.0,163.0,1,right,K. Knox II 25' 3PT  (6 PTS) (C. Joseph 4 AST),"[1628995, 202709]",1610612765.0,DET,,,,Knox II,K. Knox II,,,,,Above the Break 3,24+ Left Center,25.49,Made,,,,,,,,,,6.0,C. Joseph,202709.0,4.0,,,,,
184,PT08M17.00S,2022-11-20T23:47:07.2Z,2,REGULAR,foul,personal,['2freethrow'],1628963,,,1610612758,45,45,2022-11-20T23:47:21Z,1840000,False,,,0,,M. Bagley III shooting personal FOUL (2 PF) (Fox 2 FT),"[1628963, 1628368]",1610612765.0,DET,shooting,,,Bagley III,M. Bagley III,,,,,Mid-Range,8-16 Left,,,,,,,1628953.0,2.0,0.0,Fox,1628368.0,,,,,,,,,
186,PT08M17.00S,2022-11-20T23:47:33.1Z,2,REGULAR,freethrow,1 of 2,[],1628368,,,1610612758,46,45,2022-11-20T23:47:33Z,1860000,False,,,0,,D. Fox Free Throw 1 of 2 (12 PTS),[1628368],1610612758.0,SAC,,,,Fox,D. Fox,,,,,,,,Made,,,,,,,,,,12.0,,,,,,,,
187,PT08M17.00S,2022-11-20T23:47:34.8Z,2,REGULAR,substitution,out,[],1629002,,,1610612758,46,45,2022-11-20T23:47:51Z,1870000,False,,,0,,SUB out: C. Metu,[1629002],1610612758.0,SAC,,,,Metu,C. Metu,,,,,,,,,,,,,,,,,,,,,,,,,,
188,PT08M17.00S,2022-11-20T23:47:34.8Z,2,REGULAR,substitution,out,[],202692,,,1610612758,46,45,2022-11-20T23:47:51Z,1880000,False,,,0,,SUB out: A. Burks,[202692],1610612765.0,DET,,,,Burks,A. Burks,,,,,,,,,,,,,,,,,,,,,,,,,,
189,PT08M17.00S,2022-11-20T23:47:34.8Z,2,REGULAR,substitution,out,[],1628977,,,1610612758,46,45,2022-11-20T23:47:51Z,1890000,False,,,0,,SUB out: H. Diallo,[1628977],1610612765.0,DET,,,,Diallo,H. Diallo,,,,,,,,,,,,,,,,,,,,,,,,,,
190,PT08M17.00S,2022-11-20T23:47:34.8Z,2,REGULAR,substitution,out,[],202709,,,1610612758,46,45,2022-11-20T23:47:51Z,1900000,False,,,0,,SUB out: C. Joseph,[202709],1610612765.0,DET,,,,Joseph,C. Joseph,,,,,,,,,,,,,,,,,,,,,,,,,,
191,PT08M17.00S,2022-11-20T23:47:34.8Z,2,REGULAR,substitution,in,[],1627734,,,1610612758,46,45,2022-11-20T23:47:51Z,1910000,False,,,0,,SUB in: D. Sabonis,[1627734],1610612758.0,SAC,,,,Sabonis,D. Sabonis,,,,,,,,,,,,,,,,,,,,,,,,,,
192,PT08M17.00S,2022-11-20T23:47:34.8Z,2,REGULAR,substitution,in,[],1630165,,,1610612758,46,45,2022-11-20T23:47:51Z,1920000,False,,,0,,SUB in: K. Hayes,[1630165],1610612765.0,DET,,,,Hayes,K. Hayes,,,,,,,,,,,,,,,,,,,,,,,,,,
193,PT08M17.00S,2022-11-20T23:47:34.8Z,2,REGULAR,substitution,in,[],1631093,,,1610612758,46,45,2022-11-20T23:47:51Z,1930000,False,,,0,,SUB in: J. Ivey,[1631093],1610612765.0,DET,,,,Ivey,J. Ivey,,,,,,,,,,,,,,,,,,,,,,,,,,
194,PT08M17.00S,2022-11-20T23:47:34.8Z,2,REGULAR,substitution,in,[],1630587,,,1610612758,46,45,2022-11-20T23:47:51Z,1940000,False,,,0,,SUB in: I. Livers,[1630587],1610612765.0,DET,,,,Livers,I. Livers,,,,,,,,,,,,,,,,,,,,,,,,,,
195,PT08M17.00S,2022-11-20T23:47:57.7Z,2,REGULAR,freethrow,2 of 2,[],1628368,,,1610612758,47,45,2022-11-20T23:47:57Z,1950000,False,,,0,,D. Fox Free Throw 2 of 2 (13 PTS),[1628368],1610612758.0,SAC,,,,Fox,D. Fox,,,,,,,,Made,,,,,,,,,,13.0,,,,,,,,
196,PT08M02.00S,2022-11-20T23:48:13.7Z,2,REGULAR,3pt,Jump Shot,[],1631093,74.19513797634691,84.31372549019608,1610612765,47,48,2022-11-20T23:48:19Z,1960000,False,172.0,190.0,1,right,J. Ivey 25' 3PT  (6 PTS) (K. Hayes 2 AST),"[1631093, 1630165]",1610612765.0,DET,,,,Ivey,J. Ivey,,,,,Above the Break 3,24+ Right Center,25.61,Made,,,,,,,,,,6.0,K. Hayes,1630165.0,2.0,,,,,
198,PT08M00.00S,2022-11-20T23:48:22.1Z,2,REGULAR,timeout,full,"['team', 'mandatory']",0,,,1610612758,47,48,2022-11-20T23:48:22Z,1980000,False,,,0,,SAC Timeout,[],1610612758.0,SAC,,,,,,,,,,,,,,,,,,,,,,,,,,,,,,,
200,PT08M00.00S,2022-11-20T23:50:40.1Z,2,REGULAR,substitution,out,[],1628368,,,1610612758,47,48,2022-11-20T23:51:05Z,1990000,False,,,0,,SUB out: D. Fox,[1628368],1610612758.0,SAC,,,,Fox,D. Fox,,,,,,,,,,,,,,,,,,,,,,,,,,
201,PT08M00.00S,2022-11-20T23:50:40.1Z,2,REGULAR,substitution,in,[],1630558,,,1610612758,47,48,2022-11-20T23:51:05Z,2000000,False,,,0,,SUB in: D. Mitchell,[1630558],1610612758.0,SAC,,,,Mitchell,D. Mitchell,,,,,,,,,,,,,,,,,,,,,,,,,,
202,PT07M48.00S,2022-11-20T23:51:20.9Z,2,REGULAR,3pt,Jump Shot,[],1628370,18.2161629434954,93.87254901960785,1610612758,47,48,2022-11-20T23:51:30Z,2010000,False,-219.0,119.0,1,left,MISS M. Monk 24' 3PT,[1628370],1610612758.0,SAC,,,,Monk,M. Monk,,,,,Above the Break 3,24+ Left Center,24.95,Missed,,,,,,,,,,,,,,,,,,
203,PT07M45.00S,2022-11-20T23:51:23.9Z,2,REGULAR,rebound,defensive,[],1628963,,,1610612765,47,48,2022-11-20T23:51:30Z,2020000,False,,,0,,M. Bagley III REBOUND (Off:1 Def:2),[1628963],1610612765.0,DET,,,,Bagley III,M. Bagley III,,,,,Above the Break 3,24+ Left Center,,,202.0,3.0,2.0,1.0,,,,,,,,,,,,,,
204,PT07M31.00S,2022-11-20T23:51:40.7Z,2,REGULAR,violation,kicked ball,[],1627734,,,1610612765,47,48,2022-11-20T23:51:46Z,2030000,False,,,0,,D. Sabonis kicked ball VIOLATION,[1627734],1610612758.0,SAC,,,,Sabonis,D. Sabonis,,,,,,,,,,,,,1627964.0,,,,,,,,,,,,,
205,PT07M31.00S,2022-11-20T23:51:46.7Z,2,REGULAR,substitution,out,[],1626168,,,1610612765,47,48,2022-11-20T23:51:52Z,2040000,False,,,0,,SUB out: T. Lyles,[1626168],1610612758.0,SAC,,,,Lyles,T. Lyles,,,,,,,,,,,,,,,,,,,,,,,,,,
206,PT07M31.00S,2022-11-20T23:51:46.7Z,2,REGULAR,substitution,in,[],1628989,,,1610612765,47,48,2022-11-20T23:51:52Z,2050000,False,,,0,,SUB in: K. Huerter,[1628989],1610612758.0,SAC,,,,Huerter,K. Huerter,,,,,,,,,,,,,,,,,,,,,,,,,,
208,PT07M20.00S,2022-11-20T23:52:15.2Z,2,REGULAR,foul,offensive,[],1628963,,,1610612765,47,48,2022-11-20T23:52:34Z,2060000,False,,,0,,M. Bagley III offensive FOUL (3 PF),"[1628963, 1627734]",1610612765.0,DET,,,,Bagley III,M. Bagley III,,,,,In The Paint (Non-RA),0-8 Center,,,,,,,1628953.0,3.0,0.0,Sabonis,1627734.0,,,,,,,,,
210,PT07M20.00S,2022-11-20T23:52:15.2Z,2,REGULAR,turnover,offensive foul,[],1628963,,,1610612765,47,48,2022-11-20T23:52:15Z,2080000,False,,,0,,M. Bagley III offensive foul TURNOVER (1 TO),[1628963],1610612765.0,DET,,,,Bagley III,M. Bagley III,,,,,In The Paint (Non-RA),0-8 Center,,,,,,,1628953.0,,,,,,,,,1.0,,,,
211,PT07M17.00S,2022-11-20T23:52:33.1Z,2,REGULAR,turnover,traveling,[],1628989,,,1610612758,47,48,2022-11-20T23:52:53Z,2090000,False,,,0,,K. Huerter traveling TURNOVER (1 TO),[1628989],1610612758.0,SAC,,,,Huerter,K. Huerter,,,,,Mid-Range,16-24 Right,,,,,,,1830.0,,,,,,,,,1.0,,,,
212,PT07M17.00S,2022-11-20T23:52:44.1Z,2,REGULAR,substitution,out,[],1628963,,,1610612765,47,48,2022-11-20T23:52:48Z,2100000,False,,,0,,SUB out: M. Bagley III,[1628963],1610612765.0,DET,,,,Bagley III,M. Bagley III,,,,,,,,,,,,,,,,,,,,,,,,,,
213,PT07M17.00S,2022-11-20T23:52:44.1Z,2,REGULAR,substitution,in,[],1631105,,,1610612765,47,48,2022-11-20T23:52:48Z,2110000,False,,,0,,SUB in: J. Duren,[1631105],1610612765.0,DET,,,,Duren,J. Duren,,,,,,,,,,,,,,,,,,,,,,,,,,
214,PT06M55.00S,2022-11-20T23:53:09.1Z,2,REGULAR,2pt,Layup,"['pointsinthepaint', 'fromturnover']",1631105,93.24901445466492,53.67647058823529,1610612765,47,50,2022-11-20T23:53:15Z,2120000,False,18.0,11.0,1,right,J. Duren Layup (4 PTS),[1631105],1610612765.0,DET,,,,Duren,J. Duren,,,,,Restricted Area,0-8 Center,2.14,Made,,,,,,,,,,4.0,,,,,,,,
215,PT06M47.00S,2022-11-20T23:53:21.8Z,2,REGULAR,foul,personal,['2freethrow'],1628995,,,1610612758,47,50,2022-11-20T23:53:38Z,2130000,False,,,0,,K. Knox II shooting personal FOUL (1 PF) (Sabonis 2 FT),"[1628995, 1627734]",1610612765.0,DET,shooting,,,Knox II,K. Knox II,,,,,In The Paint (Non-RA),0-8 Center,,,,,,,1627964.0,1.0,0.0,Sabonis,1627734.0,,,,,,,,,
217,PT06M47.00S,2022-11-20T23:53:48.0Z,2,REGULAR,freethrow,1 of 2,[],1627734,,,1610612758,48,50,2022-11-20T23:53:48Z,2150000,False,,,0,,D. Sabonis Free Throw 1 of 2 (7 PTS),[1627734],1610612758.0,SAC,,,,Sabonis,D. Sabonis,,,,,,,,Made,,,,,,,,,,7.0,,,,,,,,
218,PT06M47.00S,2022-11-20T23:54:08.3Z,2,REGULAR,freethrow,2 of 2,[],1627734,,,1610612758,49,50,2022-11-20T23:54:08Z,2160000,False,,,0,,D. Sabonis Free Throw 2 of 2 (8 PTS),[1627734],1610612758.0,SAC,,,,Sabonis,D. Sabonis,,,,,,,,Made,,,,,,,,,,8.0,,,,,,,,
219,PT06M32.00S,2022-11-20T23:54:24.7Z,2,REGULAR,2pt,Layup,['pointsinthepaint'],1628995,92.59198423127464,47.30392156862745,1610612765,49,52,2022-11-20T23:54:31Z,2170000,False,-13.0,17.0,1,right,K. Knox II cutting Layup (8 PTS) (K. Hayes 3 AST),"[1628995, 1630165]",1610612765.0,DET,cutting,,,Knox II,K. Knox II,,,,,Restricted Area,0-8 Center,2.18,Made,,,,,,,,,,8.0,K. Hayes,1630165.0,3.0,,,,,
221,PT06M23.00S,2022-11-20T23:54:36.0Z,2,REGULAR,turnover,out-of-bounds,[],1628989,,,1610612758,49,52,2022-11-20T23:54:49Z,2190000,False,,,0,,K. Huerter bad pass out-of-bounds TURNOVER (2 TO),[1628989],1610612758.0,SAC,bad pass,,,Huerter,K. Huerter,,,,,In The Paint (Non-RA),8-16 Center,,,,,,,1830.0,,,,,,,,,2.0,,,,
222,PT06M11.00S,2022-11-20T23:54:57.5Z,2,REGULAR,2pt,Layup,"['pointsinthepaint', 'fromturnover']",1630165,93.24901445466492,53.92156862745098,1610612765,49,52,2022-11-20T23:59:02Z,2200000,False,20.0,11.0,1,right,MISS K. Hayes driving Layup,[1630165],1610612765.0,DET,driving,,,Hayes,K. Hayes,,,,,Restricted Area,0-8 Center,2.25,Missed,,,,,,,,,,,,,,,,,,
223,PT06M10.00S,2022-11-20T23:54:58.5Z,2,REGULAR,rebound,offensive,[],1631105,,,1610612765,49,52,2022-11-20T23:59:02Z,2210000,False,,,0,,J. Duren REBOUND (Off:2 Def:1),[1631105],1610612765.0,DET,,,,Duren,J. Duren,,,,,Restricted Area,0-8 Center,,,222.0,3.0,1.0,2.0,,,,,,,,,,,,,,
224,PT06M10.00S,2022-11-20T23:55:04.6Z,2,REGULAR,2pt,DUNK,"['2ndchance', 'pointsinthepaint', 'fromturnover']",1631105,94.40999984741211,50.0,1610612765,49,54,2022-11-20T23:59:21Z,2220000,False,0.0,0.0,1,right,J. Duren tip DUNK (6 PTS),[1631105],1610612765.0,DET,tip,,,Duren,J. Duren,,,,,Restricted Area,0-8 Center,0.0,Made,,,,,,,,,,6.0,,,,,,,,
225,PT05M52.00S,2022-11-20T23:55:13.7Z,2,REGULAR,2pt,Jump Shot,['pointsinthepaint'],1630558,14.14257555847569,46.81372549019608,1610612758,49,54,2022-11-20T23:55:21Z,2230000,False,16.0,80.0,1,left,MISS D. Mitchell 8' turnaround fadeaway Shot,[1630558],1610612758.0,SAC,turnaround fadeaway,,,Mitchell,D. Mitchell,,,,,In The Paint (Non-RA),8-16 Center,8.2,Missed,,,,,,,,,,,,,,,,,,
226,PT05M50.00S,2022-11-20T23:55:15.7Z,2,REGULAR,rebound,defensive,[],1631093,,,1610612765,49,54,2022-11-20T23:55:21Z,2240000,False,,,0,,J. Ivey REBOUND (Off:0 Def:2),[1631093],1610612765.0,DET,,,,Ivey,J. Ivey,,,,,In The Paint (Non-RA),8-16 Center,,,225.0,2.0,2.0,0.0,,,,,,,,,,,,,,
227,PT05M45.00S,2022-11-20T23:55:27.5Z,2,REGULAR,foul,personal,['2freethrow'],1627734,,,1610612765,49,54,2022-11-20T23:55:46Z,2250000,False,,,0,,D. Sabonis shooting personal FOUL (2 PF) (Ivey 2 FT),"[1627734, 1631093]",1610612758.0,SAC,shooting,,,Sabonis,D. Sabonis,,,,,In The Paint (Non-RA),0-8 Center,,,,,,,1627964.0,2.0,0.0,Ivey,1631093.0,,,,,,,,,
229,PT05M45.00S,2022-11-20T23:55:48.5Z,2,REGULAR,freethrow,1 of 2,[],1631093,,,1610612765,49,55,2022-11-20T23:56:10Z,2270000,False,,,0,,J. Ivey Free Throw 1 of 2 (7 PTS),[1631093],1610612765.0,DET,,,,Ivey,J. Ivey,,,,,,,,Made,,,,,,,,,,7.0,,,,,,,,
230,PT05M45.00S,2022-11-20T23:55:52.1Z,2,REGULAR,substitution,out,[],1631099,,,1610612765,49,55,2022-11-20T23:56:07Z,2280000,False,,,0,,SUB out: K. Murray,[1631099],1610612758.0,SAC,,,,Murray,K. Murray,,,,,,,,,,,,,,,,,,,,,,,,,,
231,PT05M45.00S,2022-11-20T23:55:52.1Z,2,REGULAR,substitution,in,[],203084,,,1610612765,49,55,2022-11-20T23:56:07Z,2290000,False,,,0,,SUB in: H. Barnes,[203084],1610612758.0,SAC,,,,Barnes,H. Barnes,,,,,,,,,,,,,,,,,,,,,,,,,,
232,PT05M45.00S,2022-11-20T23:55:48.5Z,2,REGULAR,freethrow,2 of 2,[],1631093,,,1610612765,49,55,2022-11-20T23:56:10Z,2300000,False,,,0,,MISS J. Ivey Free Throw 2 of 2,[1631093],1610612765.0,DET,,,,Ivey,J. Ivey,,,,,,,,Missed,,,,,,,,,,,,,,,,,,
233,PT05M39.00S,2022-11-20T23:55:54.5Z,2,REGULAR,rebound,defensive,[],1627734,,,1610612758,49,55,2022-11-20T23:56:10Z,2310000,False,,,0,,D. Sabonis REBOUND (Off:0 Def:5),[1627734],1610612758.0,SAC,,,,Sabonis,D. Sabonis,,,,,,,,,232.0,5.0,5.0,0.0,,,,,,,,,,,,,,
234,PT05M27.00S,2022-11-20T23:56:23.5Z,2,REGULAR,foul,personal,['2freethrow'],1630587,,,1610612758,49,55,2022-11-20T23:56:33Z,2320000,False,,,0,,I. Livers shooting personal FOUL (1 PF) (Barnes 2 FT),"[1630587, 203084]",1610612765.0,DET,shooting,,,Livers,I. Livers,,,,,Mid-Range,8-16 Left,,,,,,,1628953.0,1.0,0.0,Barnes,203084.0,,,,,,,,,
236,PT05M27.00S,2022-11-20T23:56:48.2Z,2,REGULAR,freethrow,1 of 2,[],203084,,,1610612758,49,55,2022-11-20T23:56:48Z,2340000,False,,,0,,MISS H. Barnes Free Throw 1 of 2,[203084],1610612758.0,SAC,,,,Barnes,H. Barnes,,,,,,,,Missed,,,,,,,,,,,,,,,,,,
237,PT05M27.00S,2022-11-20T23:56:48.2Z,2,REGULAR,rebound,offensive,"['deadball', 'team']",0,,,1610612758,49,55,2022-11-20T23:56:48Z,2350000,False,,,0,,TEAM offensive REBOUND,[],1610612758.0,SAC,,,,,,,,,,,,,,236.0,,,,,,,,,,,,,,,,,
238,PT05M27.00S,2022-11-20T23:56:49.6Z,2,REGULAR,substitution,out,[],1628370,,,1610612758,49,55,2022-11-20T23:57:00Z,2360000,False,,,0,,SUB out: M. Monk,[1628370],1610612758.0,SAC,,,,Monk,M. Monk,,,,,,,,,,,,,,,,,,,,,,,,,,
239,PT05M27.00S,2022-11-20T23:56:49.6Z,2,REGULAR,substitution,out,[],1630587,,,1610612758,49,55,2022-11-20T23:57:00Z,2370000,False,,,0,,SUB out: I. Livers,[1630587],1610612765.0,DET,,,,Livers,I. Livers,,,,,,,,,,,,,,,,,,,,,,,,,,
240,PT05M27.00S,2022-11-20T23:56:49.6Z,2,REGULAR,substitution,in,[],1628368,,,1610612758,49,55,2022-11-20T23:57:00Z,2380000,False,,,0,,SUB in: D. Fox,[1628368],1610612758.0,SAC,,,,Fox,D. Fox,,,,,,,,,,,,,,,,,,,,,,,,,,
241,PT05M27.00S,2022-11-20T23:56:49.6Z,2,REGULAR,substitution,in,[],202711,,,1610612758,49,55,2022-11-20T23:57:00Z,2390000,False,,,0,,SUB in: B. Bogdanovic,[202711],1610612765.0,DET,,,,Bogdanovic,B. Bogdanovic,,,,,,,,,,,,,,,,,,,,,,,,,,
242,PT05M27.00S,2022-11-20T23:57:10.0Z,2,REGULAR,freethrow,2 of 2,[],203084,,,1610612758,50,55,2022-11-20T23:57:10Z,2400000,False,,,0,,H. Barnes Free Throw 2 of 2 (10 PTS),[203084],1610612758.0,SAC,,,,Barnes,H. Barnes,,,,,,,,Made,,,,,,,,,,10.0,,,,,,,,
243,PT05M11.00S,2022-11-20T23:57:28.6Z,2,REGULAR,foul,personal,['2freethrow'],1630558,,,1610612765,50,55,2022-11-20T23:57:51Z,2410000,False,,,0,,D. Mitchell shooting personal FOUL (1 PF) (Ivey 2 FT),"[1630558, 1631093]",1610612758.0,SAC,shooting,,,Mitchell,D. Mitchell,,,,,In The Paint (Non-RA),8-16 Center,,,,,,,1830.0,1.0,0.0,Ivey,1631093.0,,,,,,,,,
245,PT05M11.00S,2022-11-20T23:57:54.7Z,2,REGULAR,freethrow,1 of 2,[],1631093,,,1610612765,50,56,2022-11-20T23:57:54Z,2430000,False,,,0,,J. Ivey Free Throw 1 of 2 (8 PTS),[1631093],1610612765.0,DET,,,,Ivey,J. Ivey,,,,,,,,Made,,,,,,,,,,8.0,,,,,,,,
246,PT05M11.00S,2022-11-20T23:58:12.5Z,2,REGULAR,freethrow,2 of 2,[],1631093,,,1610612765,50,57,2022-11-20T23:58:12Z,2440000,False,,,0,,J. Ivey Free Throw 2 of 2 (9 PTS),[1631093],1610612765.0,DET,,,,Ivey,J. Ivey,,,,,,,,Made,,,,,,,,,,9.0,,,,,,,,
247,PT04M58.00S,2022-11-20T23:58:26.9Z,2,REGULAR,3pt,Jump Shot,[],1630558,7.046649145860711,96.07843137254902,1610612758,50,57,2022-11-20T23:58:42Z,2450000,False,-230.0,14.0,1,left,MISS D. Mitchell 3PT,[1630558],1610612758.0,SAC,,,,Mitchell,D. Mitchell,,,,,Left Corner 3,24+ Left,23.08,Missed,,,,,,,,,,,,,,,,,,
248,PT04M56.00S,2022-11-20T23:58:28.9Z,2,REGULAR,rebound,offensive,['team'],0,,,1610612758,50,57,2022-11-21T00:01:38Z,2460000,False,,,0,,TEAM offensive REBOUND,[],1610612758.0,SAC,,,,,,,,,,Left Corner 3,24+ Left,,,247.0,,,,,,,,,,,,,,,,,
251,PT04M56.00S,2022-11-20T23:58:57.6Z,2,REGULAR,timeout,challenge,['team'],0,,,1610612758,50,57,2022-11-21T00:14:29Z,2490000,False,,,0,,SAC Timeout,[],1610612758.0,SAC,,,,,,,,,,,,,,,,,,,,,,,,,,,,,,,
253,PT04M45.00S,2022-11-21T00:01:36.6Z,2,REGULAR,turnover,out-of-bounds,[],1627734,,,1610612758,50,57,2022-11-21T00:01:42Z,2510000,False,,,0,,D. Sabonis lost ball out-of-bounds TURNOVER (2 TO),[1627734],1610612758.0,SAC,lost ball,,,Sabonis,D. Sabonis,,,,,Restricted Area,0-8 Center,,,,,,,1628953.0,,,,,,,,,2.0,,,,
254,PT04M37.00S,2022-11-21T00:01:51.3Z,2,REGULAR,foul,offensive,[],1631105,,,1610612765,50,57,2022-11-21T00:07:46Z,2520000,False,,,0,,J. Duren offensive FOUL (2 PF),"[1631105, 1630558]",1610612765.0,DET,,,,Duren,J. Duren,,,,,Above the Break 3,24+ Center,,,,,,,1628953.0,2.0,0.0,Mitchell,1630558.0,,,,,,,,,
256,PT04M37.00S,2022-11-21T00:01:51.3Z,2,REGULAR,turnover,offensive foul,[],1631105,,,1610612765,50,57,2022-11-21T00:01:51Z,2540000,False,,,0,,J. Duren offensive foul TURNOVER (1 TO),[1631105],1610612765.0,DET,,,,Duren,J. Duren,,,,,Above the Break 3,24+ Center,,,,,,,1628953.0,,,,,,,,,1.0,,,,
257,PT04M37.00S,2022-11-21T00:02:01.3Z,2,REGULAR,substitution,out,[],1630558,,,1610612758,50,57,2022-11-21T00:02:05Z,2550000,False,,,0,,SUB out: D. Mitchell,[1630558],1610612758.0,SAC,,,,Mitchell,D. Mitchell,,,,,,,,,,,,,,,,,,,,,,,,,,
258,PT04M37.00S,2022-11-21T00:02:01.3Z,2,REGULAR,substitution,in,[],1631099,,,1610612758,50,57,2022-11-21T00:02:05Z,2560000,False,,,0,,SUB in: K. Murray,[1631099],1610612758.0,SAC,,,,Murray,K. Murray,,,,,,,,,,,,,,,,,,,,,,,,,,
259,PT04M18.00S,2022-11-21T00:02:26.8Z,2,REGULAR,3pt,Jump Shot,['fromturnover'],1628989,19.004599211563733,6.61764705882353,1610612758,53,57,2022-11-21T00:02:38Z,2570000,False,217.0,126.0,1,left,K. Huerter 25' 3PT step back (7 PTS) (H. Barnes 2 AST),"[1628989, 203084]",1610612758.0,SAC,step back,,,Huerter,K. Huerter,,,,,Above the Break 3,24+ Right Center,25.09,Made,,,,,,,,,,7.0,H. Barnes,203084.0,2.0,,,,,
261,PT04M02.00S,2022-11-21T00:02:42.7Z,2,REGULAR,2pt,DUNK,['pointsinthepaint'],1631105,93.11760840998686,48.529411764705884,1610612765,53,59,2022-11-21T00:02:48Z,2590000,False,-7.0,12.0,1,right,J. Duren cutting DUNK (8 PTS) (K. Hayes 4 AST),"[1631105, 1630165]",1610612765.0,DET,cutting,,,Duren,J. Duren,,,,,Restricted Area,0-8 Center,1.43,Made,,,,,,,,,,8.0,K. Hayes,1630165.0,4.0,,,,,
263,PT03M41.00S,2022-11-21T00:03:04.1Z,2,REGULAR,2pt,Layup,['pointsinthepaint'],1628368,6.258212877792378,53.431372549019606,1610612758,55,59,2022-11-21T00:03:11Z,2610000,False,-17.0,6.0,1,left,D. Fox driving Layup (15 PTS) (D. Sabonis 4 AST),"[1628368, 1627734]",1610612758.0,SAC,driving,,,Fox,D. Fox,,,,,Restricted Area,0-8 Center,1.83,Made,,,,,,,,,,15.0,D. Sabonis,1627734.0,4.0,,,,,
265,PT03M25.00S,2022-11-21T00:03:19.5Z,2,REGULAR,3pt,Jump Shot,[],202711,85.75886990801577,95.83333333333334,1610612765,55,59,2022-11-21T00:03:25Z,2630000,False,229.0,81.0,1,right,MISS B. Bogdanovic 24' 3PT,[202711],1610612765.0,DET,,,,Bogdanovic,B. Bogdanovic,,,,,Right Corner 3,24+ Right,24.32,Missed,,,,,,,,,,,,,,,,,,
266,PT03M21.00S,2022-11-21T00:03:23.5Z,2,REGULAR,rebound,defensive,[],203084,,,1610612758,55,59,2022-11-21T00:03:25Z,2640000,False,,,0,,H. Barnes REBOUND (Off:1 Def:3),[203084],1610612758.0,SAC,,,,Barnes,H. Barnes,,,,,Right Corner 3,24+ Right,,,265.0,4.0,3.0,1.0,,,,,,,,,,,,,,
310,PT03M16.00S,2022-11-21T00:03:31.7Z,2,REGULAR,turnover,lost ball,[],1627734,,,1610612758,55,59,2022-11-21T00:11:42Z,2650000,False,,,0,,D. Sabonis lost ball TURNOVER (3 TO),[1627734],1610612758.0,SAC,,,,Sabonis,D. Sabonis,,,,,Mid-Range,16-24 Left Center,,,,,,,,,,,,,,,,3.0,,,,
268,PT03M16.00S,2022-11-21T00:03:43.9Z,2,REGULAR,foul,personal,[],1627734,,,1610612765,55,59,2022-11-21T00:11:42Z,2660000,False,,,0,,D. Sabonis loose ball personal FOUL (3 PF),"[1627734, 1630165]",1610612758.0,SAC,loose ball,,,Sabonis,D. Sabonis,,,,,Mid-Range,8-16 Left,,,,,,,1627964.0,3.0,0.0,Hayes,1630165.0,,,,,,,,,
270,PT03M16.00S,2022-11-21T00:03:52.6Z,2,REGULAR,substitution,out,[],1627734,,,1610612765,55,59,2022-11-21T00:11:42Z,2680000,False,,,0,,SUB out: D. Sabonis,[1627734],1610612758.0,SAC,,,,Sabonis,D. Sabonis,,,,,,,,,,,,,,,,,,,,,,,,,,
271,PT03M16.00S,2022-11-21T00:03:52.6Z,2,REGULAR,substitution,in,[],1629002,,,1610612765,55,59,2022-11-21T00:11:42Z,2690000,False,,,0,,SUB in: C. Metu,[1629002],1610612758.0,SAC,,,,Metu,C. Metu,,,,,,,,,,,,,,,,,,,,,,,,,,
272,PT03M07.00S,2022-11-21T00:04:07.7Z,2,REGULAR,3pt,Jump Shot,['fromturnover'],1631093,74.72076215505913,84.06862745098039,1610612765,55,62,2022-11-21T00:11:42Z,2700000,False,170.0,185.0,1,right,J. Ivey 25' 3PT step back (12 PTS),[1631093],1610612765.0,DET,step back,,,Ivey,J. Ivey,,,,,Above the Break 3,24+ Right Center,25.15,Made,,,,,,,,,,12.0,,,,,,,,
273,PT02M49.00S,2022-11-21T00:04:25.8Z,2,REGULAR,2pt,Layup,['pointsinthepaint'],203084,7.5722733245729295,53.92156862745098,1610612758,57,62,2022-11-21T00:04:33Z,2710000,False,-20.0,19.0,1,left,H. Barnes driving Layup (12 PTS),[203084],1610612758.0,SAC,driving,,,Barnes,H. Barnes,,,,,Restricted Area,0-8 Center,2.71,Made,,,,,,,,,,12.0,,,,,,,,
275,PT02M37.00S,2022-11-21T00:04:50.6Z,2,REGULAR,3pt,Jump Shot,[],1628995,72.61826544021025,81.61764705882352,1610612765,57,62,2022-11-21T00:04:57Z,2730000,False,158.0,205.0,1,right,MISS K. Knox II 25' 3PT,[1628995],1610612765.0,DET,,,,Knox II,K. Knox II,,,,,Above the Break 3,24+ Right Center,25.88,Missed,,,,,,,,,,,,,,,,,,
276,PT02M33.00S,2022-11-21T00:04:54.6Z,2,REGULAR,rebound,defensive,[],1629002,,,1610612758,57,62,2022-11-21T00:13:14Z,2740000,False,,,0,,C. Metu REBOUND (Off:0 Def:3),[1629002],1610612758.0,SAC,,,,Metu,C. Metu,,,,,Above the Break 3,24+ Right Center,,,275.0,3.0,3.0,0.0,,,,,,,,,,,,,,
277,PT02M20.00S,2022-11-21T00:05:06.2Z,2,REGULAR,2pt,DUNK,['pointsinthepaint'],1629002,6.389618922470433,47.30392156862745,1610612758,59,62,2022-11-21T00:12:55Z,2750000,False,13.0,8.0,1,left,C. Metu DUNK (4 PTS) (D. Fox 3 AST),"[1629002, 1628368]",1610612758.0,SAC,,,,Metu,C. Metu,,,,,Restricted Area,0-8 Center,1.55,Made,,,,,,,,,,4.0,D. Fox,1628368.0,3.0,,,,,
279,PT02M04.00S,2022-11-21T00:05:23.1Z,2,REGULAR,2pt,Jump Shot,['pointsinthepaint'],1630165,82.86793692509855,48.03921568627451,1610612765,59,62,2022-11-21T00:05:29Z,2770000,False,-10.0,109.0,1,right,MISS K. Hayes 10' pullup Shot,[1630165],1610612765.0,DET,pullup,,,Hayes,K. Hayes,,,,,In The Paint (Non-RA),8-16 Center,10.89,Missed,,,,,,,,,,,,,,,,,,
280,PT01M59.00S,2022-11-21T00:05:28.1Z,2,REGULAR,rebound,defensive,[],1628368,,,1610612758,59,62,2022-11-21T00:05:29Z,2780000,False,,,0,,D. Fox REBOUND (Off:0 Def:2),[1628368],1610612758.0,SAC,,,,Fox,D. Fox,,,,,In The Paint (Non-RA),8-16 Center,,,279.0,2.0,2.0,0.0,,,,,,,,,,,,,,
281,PT01M59.00S,2022-11-21T00:05:30.4Z,2,REGULAR,2pt,Layup,"['fastbreak', 'pointsinthepaint']",1628989,6.1268068331143235,46.32352941176471,1610612758,59,62,2022-11-21T00:13:30Z,2790000,False,18.0,5.0,1,left,MISS K. Huerter running Layup,[1628989],1610612758.0,SAC,running,,,Huerter,K. Huerter,,,,,Restricted Area,0-8 Center,1.91,Missed,,,,,,,,,,,,,,,,,,
282,PT01M57.00S,2022-11-21T00:05:32.4Z,2,REGULAR,rebound,offensive,[],1629002,,,1610612758,59,62,2022-11-21T00:13:30Z,2800000,False,,,0,,C. Metu REBOUND (Off:1 Def:3),[1629002],1610612758.0,SAC,,,,Metu,C. Metu,,,,,Restricted Area,0-8 Center,,,281.0,4.0,3.0,1.0,,,,,,,,,,,,,,
283,PT01M57.00S,2022-11-21T00:05:37.5Z,2,REGULAR,2pt,Layup,"['2ndchance', 'pointsinthepaint']",1629002,5.590000152587891,50.0,1610612758,61,62,2022-11-21T00:13:37Z,2810000,False,0.0,0.0,1,left,C. Metu tip Layup (6 PTS),[1629002],1610612758.0,SAC,tip,,,Metu,C. Metu,,,,,Restricted Area,0-8 Center,0.0,Made,,,,,,,,,,6.0,,,,,,,,
284,PT01M35.00S,2022-11-21T00:05:53.1Z,2,REGULAR,2pt,Layup,['pointsinthepaint'],202711,93.51182654402102,44.36274509803921,1610612765,61,64,2022-11-21T00:05:59Z,2820000,False,-28.0,8.0,1,right,B. Bogdanovic driving Layup (9 PTS),[202711],1610612765.0,DET,driving,,,Bogdanovic,B. Bogdanovic,,,,,Restricted Area,0-8 Center,2.95,Made,,,,,,,,,,9.0,,,,,,,,
285,PT01M35.00S,2022-11-21T00:05:58.5Z,2,REGULAR,foul,personal,['1freethrow'],1629002,,,1610612765,61,64,2022-11-21T00:06:08Z,2830000,False,,,0,,C. Metu shooting personal FOUL (1 PF) (Bogdanovic 1 FT),"[1629002, 202711]",1610612758.0,SAC,shooting,,,Metu,C. Metu,,,,,Restricted Area,0-8 Center,,,,,,,1627964.0,1.0,0.0,Bogdanovic,202711.0,,,,,,,,,
287,PT01M35.00S,2022-11-21T00:06:14.8Z,2,REGULAR,substitution,out,[],1628995,,,1610612765,61,64,2022-11-21T00:06:23Z,2850000,False,,,0,,SUB out: K. Knox II,[1628995],1610612765.0,DET,,,,Knox II,K. Knox II,,,,,,,,,,,,,,,,,,,,,,,,,,
288,PT01M35.00S,2022-11-21T00:06:14.8Z,2,REGULAR,substitution,in,[],202692,,,1610612765,61,64,2022-11-21T00:06:23Z,2860000,False,,,0,,SUB in: A. Burks,[202692],1610612765.0,DET,,,,Burks,A. Burks,,,,,,,,,,,,,,,,,,,,,,,,,,
289,PT01M35.00S,2022-11-21T00:06:44.1Z,2,REGULAR,freethrow,1 of 1,[],202711,,,1610612765,61,65,2022-11-21T00:06:44Z,2870000,False,,,0,,B. Bogdanovic Free Throw 1 of 1 (10 PTS),[202711],1610612765.0,DET,,,,Bogdanovic,B. Bogdanovic,,,,,,,,Made,,,,,,,,,,10.0,,,,,,,,
290,PT01M25.00S,2022-11-21T00:06:57.6Z,2,REGULAR,3pt,Jump Shot,[],1631099,6.915243101182654,96.07843137254902,1610612758,61,65,2022-11-21T00:07:03Z,2880000,False,-230.0,13.0,1,left,MISS K. Murray 3PT,[1631099],1610612758.0,SAC,,,,Murray,K. Murray,,,,,Left Corner 3,24+ Left,23.07,Missed,,,,,,,,,,,,,,,,,,
291,PT01M22.00S,2022-11-21T00:07:00.6Z,2,REGULAR,rebound,defensive,[],202692,,,1610612765,61,65,2022-11-21T00:07:03Z,2890000,False,,,0,,A. Burks REBOUND (Off:0 Def:2),[202692],1610612765.0,DET,,,,Burks,A. Burks,,,,,Left Corner 3,24+ Left,,,290.0,2.0,2.0,0.0,,,,,,,,,,,,,,
293,PT01M10.00S,2022-11-21T00:07:12.4Z,2,REGULAR,2pt,Layup,['pointsinthepaint'],202711,93.24901445466492,53.431372549019606,1610612765,61,67,2022-11-21T00:07:16Z,2900000,False,17.0,11.0,1,right,B. Bogdanovic driving Layup (12 PTS),[202711],1610612765.0,DET,driving,,,Bogdanovic,B. Bogdanovic,,,,,Restricted Area,0-8 Center,2.04,Made,,,,,,,,,,12.0,,,,,,,,
294,PT01M06.00S,2022-11-21T00:07:19.3Z,2,REGULAR,foul,personal,['2freethrow'],202692,,,1610612758,61,67,2022-11-21T00:07:31Z,2910000,False,,,0,,A. Burks shooting personal FOUL (1 PF) (Murray 2 FT),"[202692, 1631099]",1610612765.0,DET,shooting,,,Burks,A. Burks,,,,,Restricted Area,0-8 Center,,,,,,,1830.0,1.0,0.0,Murray,1631099.0,,,,,,,,,
296,PT01M06.00S,2022-11-21T00:07:39.3Z,2,REGULAR,freethrow,1 of 2,[],1631099,,,1610612758,61,67,2022-11-21T00:15:04Z,2930000,False,,,0,,MISS K. Murray Free Throw 1 of 2,[1631099],1610612758.0,SAC,,,,Murray,K. Murray,,,,,,,,Missed,,,,,,,,,,,,,,,,,,
297,PT01M06.00S,2022-11-21T00:07:39.3Z,2,REGULAR,rebound,offensive,"['team', 'deadball']",0,,,1610612758,61,67,2022-11-21T00:15:04Z,2940000,False,,,0,,TEAM offensive REBOUND,[],1610612758.0,SAC,,,,,,,,,,,,,,296.0,,,,,,,,,,,,,,,,,
298,PT01M06.00S,2022-11-21T00:07:39.3Z,2,REGULAR,freethrow,2 of 2,[],1631099,,,1610612758,62,67,2022-11-21T00:15:04Z,2950000,False,,,0,,K. Murray Free Throw 2 of 2 (6 PTS),[1631099],1610612758.0,SAC,,,,Murray,K. Murray,,,,,,,,Made,,,,,,,,,,6.0,,,,,,,,
299,PT00M54.40S,2022-11-21T00:08:10.3Z,2,REGULAR,2pt,Layup,['pointsinthepaint'],1631093,92.19776609724047,46.81372549019608,1610612765,62,67,2022-11-21T00:08:14Z,2960000,False,-16.0,21.0,1,right,MISS J. Ivey driving Layup,[1631093],1610612765.0,DET,driving,,,Ivey,J. Ivey,,,,,Restricted Area,0-8 Center,2.62,Missed,,,,,,,,,,,,,,,,,,
300,PT00M52.10S,2022-11-21T00:08:12.6Z,2,REGULAR,rebound,defensive,[],1628989,,,1610612758,62,67,2022-11-21T00:08:14Z,2970000,False,,,0,,K. Huerter REBOUND (Off:1 Def:1),[1628989],1610612758.0,SAC,,,,Huerter,K. Huerter,,,,,Restricted Area,0-8 Center,,,299.0,2.0,1.0,1.0,,,,,,,,,,,,,,
301,PT00M49.20S,2022-11-21T00:08:16.6Z,2,REGULAR,2pt,Layup,"['fastbreak', 'pointsinthepaint']",1628368,7.835085413929041,48.77450980392157,1610612758,64,67,2022-11-21T00:15:29Z,2980000,False,6.0,21.0,1,left,D. Fox running Layup (17 PTS) (K. Huerter 2 AST),"[1628368, 1628989]",1610612758.0,SAC,running,,,Fox,D. Fox,,,,,Restricted Area,0-8 Center,2.2,Made,,,,,,,,,,17.0,K. Huerter,1628989.0,2.0,,,,,
303,PT00M34.50S,2022-11-21T00:08:34.9Z,2,REGULAR,3pt,Jump Shot,[],202692,72.35545335085413,20.833333333333336,1610612765,64,67,2022-11-21T00:08:41Z,3000000,False,-146.0,207.0,1,right,MISS A. Burks 25' 3PT,[202692],1610612765.0,DET,,,,Burks,A. Burks,,,,,Above the Break 3,24+ Left Center,25.35,Missed,,,,,,,,,,,,,,,,,,
304,PT00M29.00S,2022-11-21T00:08:40.4Z,2,REGULAR,rebound,defensive,[],1629002,,,1610612758,64,67,2022-11-21T00:08:41Z,3010000,False,,,0,,C. Metu REBOUND (Off:1 Def:4),[1629002],1610612758.0,SAC,,,,Metu,C. Metu,,,,,Above the Break 3,24+ Left Center,,,303.0,5.0,4.0,1.0,,,,,,,,,,,,,,
305,PT00M28.00S,2022-11-21T00:08:42.6Z,2,REGULAR,2pt,Layup,"['pointsinthepaint', 'fastbreak']",1628368,6.1268068331143235,45.83333333333333,1610612758,66,67,2022-11-21T00:08:49Z,3020000,False,21.0,5.0,1,left,D. Fox running Layup (19 PTS),[1628368],1610612758.0,SAC,running,,,Fox,D. Fox,,,,,Restricted Area,0-8 Center,2.14,Made,,,,,,,,,,19.0,,,,,,,,
306,PT00M07.80S,2022-11-21T00:09:07.3Z,2,REGULAR,3pt,Jump Shot,[],1631093,78.66294349540078,89.95098039215686,1610612765,66,70,2022-11-21T00:09:13Z,3030000,False,200.0,148.0,1,right,J. Ivey 24' 3PT step back (15 PTS),[1631093],1610612765.0,DET,step back,,,Ivey,J. Ivey,,,,,Above the Break 3,24+ Right Center,24.87,Made,,,,,,,,,,15.0,,,,,,,,
307,PT00M01.00S,2022-11-21T00:09:23.1Z,2,REGULAR,2pt,Jump Shot,['defensivegoaltending'],1628368,21.107095926412615,70.58823529411765,1610612758,68,70,2022-11-21T00:12:16Z,3040000,False,-103.0,146.0,1,left,D. Fox 17' pullup Jump Shot (21 PTS),[1628368],1610612758.0,SAC,pullup,,,Fox,D. Fox,,,,,Mid-Range,16-24 Left Center,17.85,Made,,,,,,,,,,21.0,,,,,,,,
311,PT00M01.00S,2022-11-21T00:09:30.6Z,2,REGULAR,violation,defensive goaltending,[],1631105,,,1610612758,68,70,2022-11-21T00:12:16Z,3050000,False,,,0,,J. Duren defensive goaltending VIOLATION,[1631105],1610612765.0,DET,,,,Duren,J. Duren,,,,,,,,,,,,,,,,,,,,,,,,,,
309,PT00M00.00S,2022-11-21T00:09:38.2Z,2,REGULAR,period,end,[],0,,,1610612765,68,70,2022-11-21T00:11:35Z,3060000,False,,,0,,Period End,[],,,,,,,,,,,,,,,,,,,,,,,,,,,,,,,,,
313,PT12M00.00S,2022-11-21T00:27:51.5Z,3,REGULAR,substitution,out,['startperiod'],1629002,,,1610612765,68,70,2022-11-21T00:28:09Z,3070000,False,,,0,,SUB out: C. Metu,[1629002],1610612758.0,SAC,,,,Metu,C. Metu,,,,,,,,,,,,,,,,,,,,,,,,,,
314,PT12M00.00S,2022-11-21T00:27:51.5Z,3,REGULAR,substitution,out,['startperiod'],1631105,,,1610612765,68,70,2022-11-21T00:28:09Z,3080000,False,,,0,,SUB out: J. Duren,[1631105],1610612765.0,DET,,,,Duren,J. Duren,,,,,,,,,,,,,,,,,,,,,,,,,,
315,PT12M00.00S,2022-11-21T00:27:51.5Z,3,REGULAR,substitution,out,['startperiod'],202692,,,1610612765,68,70,2022-11-21T00:28:09Z,3090000,False,,,0,,SUB out: A. Burks,[202692],1610612765.0,DET,,,,Burks,A. Burks,,,,,,,,,,,,,,,,,,,,,,,,,,
316,PT12M00.00S,2022-11-21T00:27:51.5Z,3,REGULAR,substitution,in,['startperiod'],1627734,,,1610612765,68,70,2022-11-21T00:28:09Z,3100000,False,,,0,,SUB in: D. Sabonis,[1627734],1610612758.0,SAC,,,,Sabonis,D. Sabonis,,,,,,,,,,,,,,,,,,,,,,,,,,
317,PT12M00.00S,2022-11-21T00:27:51.5Z,3,REGULAR,substitution,in,['startperiod'],1630587,,,1610612765,68,70,2022-11-21T00:28:09Z,3110000,False,,,0,,SUB in: I. Livers,[1630587],1610612765.0,DET,,,,Livers,I. Livers,,,,,,,,,,,,,,,,,,,,,,,,,,
318,PT12M00.00S,2022-11-21T00:27:51.5Z,3,REGULAR,substitution,in,['startperiod'],1628963,,,1610612765,68,70,2022-11-21T00:28:09Z,3120000,False,,,0,,SUB in: M. Bagley III,[1628963],1610612765.0,DET,,,,Bagley III,M. Bagley III,,,,,,,,,,,,,,,,,,,,,,,,,,
319,PT12M00.00S,2022-11-21T00:28:16.0Z,3,REGULAR,period,start,[],0,,,1610612758,68,70,2022-11-21T00:28:16Z,3130000,False,,,0,,Period Start,[],,,,,,,,,,,,,,,,,,,,,,,,,,,,,,,,,
320,PT11M49.00S,2022-11-21T00:28:25.8Z,3,REGULAR,2pt,Layup,['pointsinthepaint'],1631099,93.51182654402102,50.0,1610612758,68,70,2022-11-21T00:29:08Z,3140000,False,0.0,8.0,1,right,MISS K. Murray driving Layup,[1631099],1610612758.0,SAC,driving,,,Murray,K. Murray,,,,,Restricted Area,0-8 Center,0.85,Missed,,,,,,,,,,,,,,,,,,
321,PT11M47.00S,2022-11-21T00:28:27.8Z,3,REGULAR,rebound,defensive,[],1631093,,,1610612765,68,70,2022-11-21T00:28:30Z,3150000,False,,,0,,J. Ivey REBOUND (Off:0 Def:3),[1631093],1610612765.0,DET,,,,Ivey,J. Ivey,,,,,Restricted Area,0-8 Center,,,320.0,3.0,3.0,0.0,,,,,,,,,,,,,,
322,PT11M44.00S,2022-11-21T00:28:31.7Z,3,REGULAR,2pt,Jump Shot,"['pointsinthepaint', 'fastbreak']",202711,13.354139290407357,35.53921568627451,1610612765,68,72,2022-11-21T00:28:47Z,3160000,False,72.0,73.0,1,left,B. Bogdanovic 10' running Jump Shot (14 PTS) (J. Ivey 3 AST),"[202711, 1631093]",1610612765.0,DET,running,,,Bogdanovic,B. Bogdanovic,,,,,In The Paint (Non-RA),8-16 Right,10.27,Made,,,,,,,,,,14.0,J. Ivey,1631093.0,3.0,,,,,
324,PT11M34.00S,2022-11-21T00:28:45.0Z,3,REGULAR,foul,personal,['2freethrow'],202711,,,1610612758,68,72,2022-11-21T00:29:15Z,3180000,False,,,0,,B. Bogdanovic shooting personal FOUL (1 PF) (Barnes 2 FT),"[202711, 203084]",1610612765.0,DET,shooting,,,Bogdanovic,B. Bogdanovic,,,,,In The Paint (Non-RA),0-8 Center,,,,,,,1627964.0,1.0,0.0,Barnes,203084.0,,,,,,,,,
326,PT11M34.00S,2022-11-21T00:29:16.7Z,3,REGULAR,freethrow,1 of 2,[],203084,,,1610612758,69,72,2022-11-21T00:29:16Z,3200000,False,,,0,,H. Barnes Free Throw 1 of 2 (13 PTS),[203084],1610612758.0,SAC,,,,Barnes,H. Barnes,,,,,,,,Made,,,,,,,,,,13.0,,,,,,,,
327,PT11M34.00S,2022-11-21T00:29:30.0Z,3,REGULAR,freethrow,2 of 2,[],203084,,,1610612758,70,72,2022-11-21T00:29:30Z,3210000,False,,,0,,H. Barnes Free Throw 2 of 2 (14 PTS),[203084],1610612758.0,SAC,,,,Barnes,H. Barnes,,,,,,,,Made,,,,,,,,,,14.0,,,,,,,,
328,PT11M09.00S,2022-11-21T00:29:54.0Z,3,REGULAR,3pt,Jump Shot,[],202711,11.514454664914586,3.431372549019608,1610612765,70,75,2022-11-21T00:29:58Z,3220000,False,233.0,56.0,1,left,B. Bogdanovic 3PT  (17 PTS),[202711],1610612765.0,DET,,,,Bogdanovic,B. Bogdanovic,,,,,Right Corner 3,24+ Right,23.94,Made,,,,,,,,,,17.0,,,,,,,,
329,PT10M59.00S,2022-11-21T00:30:04.4Z,3,REGULAR,turnover,bad pass,[],1628368,,,1610612758,70,75,2022-11-21T00:30:09Z,3230000,False,,,0,,D. Fox bad pass TURNOVER (2 TO),"[1628368, 1628963]",1610612758.0,SAC,,,,Fox,D. Fox,,,,,Restricted Area,0-8 Center,,,,,,,,,,,,,,,,2.0,Bagley III,1628963.0,,
330,PT10M59.00S,2022-11-21T00:30:04.4Z,3,REGULAR,steal,,[],1628963,,,1610612765,70,75,2022-11-21T00:30:06Z,3240000,False,,,0,,M. Bagley III STEAL (1 STL),[1628963],1610612765.0,DET,,,,Bagley III,M. Bagley III,,,,,Restricted Area,0-8 Center,,,,,,,,,,,,,,,,,,,,
331,PT10M44.00S,2022-11-21T00:30:19.0Z,3,REGULAR,2pt,Jump Shot,"['pointsinthepaint', 'fromturnover']",1628963,11.645860709592641,39.46078431372549,1610612765,70,77,2022-11-21T00:30:24Z,3250000,False,53.0,57.0,1,left,M. Bagley III 7' fadeaway Jump Shot (6 PTS) (K. Hayes 5 AST),"[1628963, 1630165]",1610612765.0,DET,fadeaway,,,Bagley III,M. Bagley III,,,,,In The Paint (Non-RA),0-8 Center,7.76,Made,,,,,,,,,,6.0,K. Hayes,1630165.0,5.0,,,,,
333,PT10M28.00S,2022-11-21T00:30:37.7Z,3,REGULAR,2pt,Layup,['pointsinthepaint'],1631099,90.62089356110381,57.59803921568627,1610612758,72,77,2022-11-21T00:30:50Z,3270000,False,38.0,36.0,1,right,K. Murray Layup (8 PTS) (H. Barnes 3 AST),"[1631099, 203084]",1610612758.0,SAC,,,,Murray,K. Murray,,,,,In The Paint (Non-RA),0-8 Center,5.21,Made,,,,,,,,,,8.0,H. Barnes,203084.0,3.0,,,,,
335,PT10M28.00S,2022-11-21T00:30:42.0Z,3,REGULAR,foul,personal,['1freethrow'],1628963,,,1610612758,72,77,2022-11-21T00:31:01Z,3290000,False,,,0,,M. Bagley III shooting personal FOUL (4 PF) (Murray 1 FT),"[1628963, 1631099]",1610612765.0,DET,shooting,,,Bagley III,M. Bagley III,,,,,In The Paint (Non-RA),0-8 Center,,,,,,,1830.0,4.0,0.0,Murray,1631099.0,,,,,,,,,
337,PT10M28.00S,2022-11-21T00:31:02.8Z,3,REGULAR,freethrow,1 of 1,[],1631099,,,1610612758,73,77,2022-11-21T00:31:02Z,3310000,False,,,0,,K. Murray Free Throw 1 of 1 (9 PTS),[1631099],1610612758.0,SAC,,,,Murray,K. Murray,,,,,,,,Made,,,,,,,,,,9.0,,,,,,,,
338,PT10M13.00S,2022-11-21T00:31:21.6Z,3,REGULAR,turnover,traveling,[],1630587,,,1610612765,73,77,2022-11-21T00:31:30Z,3320000,False,,,0,,I. Livers traveling TURNOVER (1 TO),[1630587],1610612765.0,DET,,,,Livers,I. Livers,,,,,Right Corner 3,24+ Right,,,,,,,1627964.0,,,,,,,,,1.0,,,,
339,PT10M07.00S,2022-11-21T00:31:31.2Z,3,REGULAR,3pt,Jump Shot,['fromturnover'],203084,89.04402102496715,3.6764705882352944,1610612758,73,77,2022-11-21T00:33:18Z,3330000,False,-232.0,50.0,1,right,MISS H. Barnes 3PT,[203084],1610612758.0,SAC,,,,Barnes,H. Barnes,,,,,Left Corner 3,24+ Left,23.7,Missed,,,,,,,,,,,,,,,,,,
340,PT10M05.00S,2022-11-21T00:31:33.2Z,3,REGULAR,rebound,defensive,[],1630587,,,1610612765,73,77,2022-11-21T00:31:44Z,3340000,False,,,0,,I. Livers REBOUND (Off:0 Def:1),[1630587],1610612765.0,DET,,,,Livers,I. Livers,,,,,Left Corner 3,24+ Left,,,339.0,1.0,1.0,0.0,,,,,,,,,,,,,,
341,PT09M59.00S,2022-11-21T00:31:42.8Z,3,REGULAR,foul,personal,[],1628989,,,1610612765,73,77,2022-11-21T00:32:03Z,3350000,False,,,0,,K. Huerter personal FOUL (2 PF),"[1628989, 1631093]",1610612758.0,SAC,,,,Huerter,K. Huerter,,,,,In The Paint (Non-RA),8-16 Center,,,,,,,1628953.0,2.0,0.0,Ivey,1631093.0,,,,,,,,,
343,PT09M48.00S,2022-11-21T00:32:14.2Z,3,REGULAR,2pt,Jump Shot,[],1631093,16.63929040735874,31.127450980392158,1610612765,73,77,2022-11-21T00:32:23Z,3370000,False,94.0,104.0,1,left,MISS J. Ivey 14' pullup Shot,[1631093],1610612765.0,DET,pullup,,,Ivey,J. Ivey,,,,,Mid-Range,8-16 Right,14.04,Missed,,,,,,,,,,,,,,,,,,
344,PT09M42.00S,2022-11-21T00:32:20.2Z,3,REGULAR,rebound,offensive,[],1631093,,,1610612765,73,77,2022-11-21T00:32:23Z,3380000,False,,,0,,J. Ivey REBOUND (Off:1 Def:3),[1631093],1610612765.0,DET,,,,Ivey,J. Ivey,,,,,Mid-Range,8-16 Right,,,343.0,4.0,3.0,1.0,,,,,,,,,,,,,,
345,PT09M42.00S,2022-11-21T00:32:20.2Z,3,REGULAR,2pt,Layup,"['pointsinthepaint', '2ndchance']",1631093,5.590000152587891,50.0,1610612765,73,79,2022-11-21T00:32:20Z,3390000,False,0.0,0.0,1,left,J. Ivey tip Layup (17 PTS),[1631093],1610612765.0,DET,tip,,,Ivey,J. Ivey,,,,,Mid-Range,8-16 Left,0.0,Made,,,,,,,,,,17.0,,,,,,,,
346,PT09M34.00S,2022-11-21T00:32:28.0Z,3,REGULAR,3pt,Jump Shot,[],1627734,69.07030223390277,67.8921568627451,1610612758,76,79,2022-11-21T00:32:34Z,3400000,False,89.0,238.0,1,right,D. Sabonis 25' 3PT  (11 PTS) (D. Fox 4 AST),"[1627734, 1628368]",1610612758.0,SAC,,,,Sabonis,D. Sabonis,,,,,Above the Break 3,24+ Right Center,25.45,Made,,,,,,,,,,11.0,D. Fox,1628368.0,4.0,,,,,
348,PT09M11.00S,2022-11-21T00:32:51.2Z,3,REGULAR,2pt,DUNK,['pointsinthepaint'],1628963,6.1268068331143235,49.01960784313725,1610612765,76,81,2022-11-21T00:32:56Z,3420000,False,5.0,5.0,1,left,M. Bagley III cutting DUNK (8 PTS) (I. Livers 1 AST),"[1628963, 1630587]",1610612765.0,DET,cutting,,,Bagley III,M. Bagley III,,,,,Restricted Area,0-8 Center,0.71,Made,,,,,,,,,,8.0,I. Livers,1630587.0,1.0,,,,,
350,PT08M50.00S,2022-11-21T00:33:11.8Z,3,REGULAR,3pt,Jump Shot,[],1628368,90.3580814717477,95.34313725490196,1610612758,76,81,2022-11-21T00:34:23Z,3440000,False,227.0,38.0,1,right,MISS D. Fox pullup 3PT,[1628368],1610612758.0,SAC,pullup,,,Fox,D. Fox,,,,,Right Corner 3,24+ Right,22.99,Missed,,,,,,,,,,,,,,,,,,
351,PT08M46.00S,2022-11-21T00:33:15.8Z,3,REGULAR,rebound,offensive,[],1627734,,,1610612758,76,81,2022-11-21T00:33:16Z,3450000,False,,,0,,D. Sabonis REBOUND (Off:1 Def:5),[1627734],1610612758.0,SAC,,,,Sabonis,D. Sabonis,,,,,Right Corner 3,24+ Right,,,350.0,6.0,5.0,1.0,,,,,,,,,,,,,,
353,PT08M39.00S,2022-11-21T00:34:02.2Z,3,REGULAR,foul,personal,['2freethrow'],1631093,,,1610612758,76,81,2022-11-21T00:34:23Z,3470000,False,,,0,,J. Ivey shooting personal FOUL (3 PF) (Fox 2 FT),"[1631093, 1628368]",1610612765.0,DET,shooting,,,Ivey,J. Ivey,,,,,In The Paint (Non-RA),0-8 Center,,,,,,,1830.0,3.0,0.0,Fox,1628368.0,,,,,,,,,
355,PT08M39.00S,2022-11-21T00:34:29.0Z,3,REGULAR,freethrow,1 of 2,['2ndchance'],1628368,,,1610612758,77,81,2022-11-21T00:34:29Z,3490000,False,,,0,,D. Fox Free Throw 1 of 2 (22 PTS),[1628368],1610612758.0,SAC,,,,Fox,D. Fox,,,,,,,,Made,,,,,,,,,,22.0,,,,,,,,
356,PT08M39.00S,2022-11-21T00:34:42.5Z,3,REGULAR,freethrow,2 of 2,['2ndchance'],1628368,,,1610612758,78,81,2022-11-21T00:34:42Z,3500000,False,,,0,,D. Fox Free Throw 2 of 2 (23 PTS),[1628368],1610612758.0,SAC,,,,Fox,D. Fox,,,,,,,,Made,,,,,,,,,,23.0,,,,,,,,
357,PT08M26.00S,2022-11-21T00:34:58.0Z,3,REGULAR,2pt,Layup,['pointsinthepaint'],1630165,6.652431011826544,60.29411764705882,1610612765,78,81,2022-11-21T00:35:03Z,3510000,False,-51.0,10.0,1,left,MISS K. Hayes driving Layup,[1630165],1610612765.0,DET,driving,,,Hayes,K. Hayes,,,,,In The Paint (Non-RA),0-8 Center,5.25,Missed,,,,,,,,,,,,,,,,,,
358,PT08M24.00S,2022-11-21T00:35:00.0Z,3,REGULAR,rebound,defensive,[],1627734,,,1610612758,78,81,2022-11-21T00:35:03Z,3520000,False,,,0,,D. Sabonis REBOUND (Off:1 Def:6),[1627734],1610612758.0,SAC,,,,Sabonis,D. Sabonis,,,,,In The Paint (Non-RA),0-8 Center,,,357.0,7.0,6.0,1.0,,,,,,,,,,,,,,
359,PT08M18.00S,2022-11-21T00:35:05.9Z,3,REGULAR,2pt,Layup,['pointsinthepaint'],1627734,92.85479632063075,46.32352941176471,1610612758,80,81,2022-11-21T00:36:53Z,3530000,False,-18.0,15.0,1,right,D. Sabonis driving Layup (13 PTS),[1627734],1610612758.0,SAC,driving,,,Sabonis,D. Sabonis,,,,,Restricted Area,0-8 Center,2.36,Made,,,,,,,,,,13.0,,,,,,,,
360,PT07M59.00S,2022-11-21T00:35:24.0Z,3,REGULAR,3pt,Jump Shot,[],1630165,22.158344283837057,10.784313725490197,1610612765,80,81,2022-11-21T00:35:28Z,3540000,False,196.0,156.0,1,left,MISS K. Hayes 25' 3PT,[1630165],1610612765.0,DET,,,,Hayes,K. Hayes,,,,,Above the Break 3,24+ Right Center,25.05,Missed,,,,,,,,,,,,,,,,,,
361,PT07M57.00S,2022-11-21T00:35:26.0Z,3,REGULAR,rebound,defensive,[],1627734,,,1610612758,80,81,2022-11-21T00:35:28Z,3550000,False,,,0,,D. Sabonis REBOUND (Off:1 Def:7),[1627734],1610612758.0,SAC,,,,Sabonis,D. Sabonis,,,,,Above the Break 3,24+ Right Center,,,360.0,8.0,7.0,1.0,,,,,,,,,,,,,,
362,PT07M51.00S,2022-11-21T00:35:33.0Z,3,REGULAR,2pt,DUNK,['pointsinthepaint'],1631099,93.51182654402102,44.36274509803921,1610612758,82,81,2022-11-21T00:37:23Z,3560000,False,-28.0,8.0,1,right,K. Murray cutting DUNK (11 PTS) (D. Fox 5 AST),"[1631099, 1628368]",1610612758.0,SAC,cutting,,,Murray,K. Murray,,,,,Restricted Area,0-8 Center,2.95,Made,,,,,,,,,,11.0,D. Fox,1628368.0,5.0,,,,,
364,PT07M51.00S,2022-11-21T00:35:39.4Z,3,REGULAR,timeout,full,"['team', 'mandatory']",0,,,1610612765,82,81,2022-11-21T00:35:39Z,3580000,False,,,0,,DET Timeout,[],1610612765.0,DET,,,,,,,,,,,,,,,,,,,,,,,,,,,,,,,
365,PT07M35.00S,2022-11-21T00:38:41.5Z,3,REGULAR,3pt,Jump Shot,[],1630587,5.601182654402102,95.58823529411765,1610612765,82,84,2022-11-21T00:38:46Z,3590000,False,-228.0,0.0,1,left,I. Livers 3PT  (5 PTS) (B. Bogdanovic 1 AST),"[1630587, 202711]",1610612765.0,DET,,,,Livers,I. Livers,,,,,Left Corner 3,24+ Left,22.79,Made,,,,,,,,,,5.0,B. Bogdanovic,202711.0,1.0,,,,,
367,PT07M15.00S,2022-11-21T00:39:02.4Z,3,REGULAR,2pt,Jump Shot,['pointsinthepaint'],1628989,90.62089356110381,36.27450980392157,1610612758,84,84,2022-11-21T00:39:47Z,3610000,False,-69.0,36.0,1,right,K. Huerter 7' driving floating Jump Shot (9 PTS),[1628989],1610612758.0,SAC,driving floating,,,Huerter,K. Huerter,,,,,In The Paint (Non-RA),0-8 Center,7.73,Made,,,,,,,,,,9.0,,,,,,,,
368,PT06M58.00S,2022-11-21T00:39:18.7Z,3,REGULAR,3pt,Jump Shot,[],1630587,13.61695137976347,95.58823529411765,1610612765,84,84,2022-11-21T00:39:22Z,3620000,False,-228.0,75.0,1,left,MISS I. Livers 24' 3PT,[1630587],1610612765.0,DET,,,,Livers,I. Livers,,,,,Left Corner 3,24+ Left,24.01,Missed,,,,,,,,,,,,,,,,,,
369,PT06M55.00S,2022-11-21T00:39:21.7Z,3,REGULAR,rebound,defensive,[],1627734,,,1610612758,84,84,2022-11-21T00:39:22Z,3630000,False,,,0,,D. Sabonis REBOUND (Off:1 Def:8),[1627734],1610612758.0,SAC,,,,Sabonis,D. Sabonis,,,,,Left Corner 3,24+ Left,,,368.0,9.0,8.0,1.0,,,,,,,,,,,,,,
370,PT06M48.00S,2022-11-21T00:39:28.4Z,3,REGULAR,3pt,Jump Shot,[],1628989,66.70499342969777,49.26470588235294,1610612758,84,84,2022-11-21T00:40:22Z,3640000,False,-4.0,260.0,1,right,MISS K. Huerter 26' pullup 3PT,[1628989],1610612758.0,SAC,pullup,,,Huerter,K. Huerter,,,,,Above the Break 3,24+ Center,26.05,Missed,,,,,,,,,,,,,,,,,,
371,PT06M44.00S,2022-11-21T00:39:32.4Z,3,REGULAR,rebound,defensive,[],1630587,,,1610612765,84,84,2022-11-21T00:39:32Z,3650000,False,,,0,,I. Livers REBOUND (Off:0 Def:2),[1630587],1610612765.0,DET,,,,Livers,I. Livers,,,,,Above the Break 3,24+ Center,,,370.0,2.0,2.0,0.0,,,,,,,,,,,,,,
372,PT06M32.00S,2022-11-21T00:39:44.4Z,3,REGULAR,2pt,Jump Shot,['pointsinthepaint'],1628963,11.514454664914586,56.372549019607845,1610612765,84,84,2022-11-21T00:39:49Z,3660000,False,-32.0,56.0,1,left,MISS M. Bagley III 6' pullup Shot,[1628963],1610612765.0,DET,pullup,,,Bagley III,M. Bagley III,,,,,In The Paint (Non-RA),0-8 Center,6.42,Missed,,,,,,,,,,,,,,,,,,
373,PT06M29.00S,2022-11-21T00:39:46.5Z,3,REGULAR,rebound,defensive,[],1627734,,,1610612758,84,84,2022-11-21T00:39:46Z,3670000,False,,,0,,D. Sabonis REBOUND (Off:1 Def:9),[1627734],1610612758.0,SAC,,,,Sabonis,D. Sabonis,,,,,In The Paint (Non-RA),0-8 Center,,,372.0,10.0,9.0,1.0,,,,,,,,,,,,,,
374,PT06M20.00S,2022-11-21T00:39:57.7Z,3,REGULAR,2pt,Layup,['pointsinthepaint'],1627734,93.9060446780552,55.392156862745104,1610612758,84,84,2022-11-21T00:40:07Z,3680000,False,27.0,5.0,1,right,MISS D. Sabonis driving Layup - blocked,"[1627734, 1628963]",1610612758.0,SAC,driving,,,Sabonis,D. Sabonis,,,,,Restricted Area,0-8 Center,2.74,Missed,,,,,,,,,,,,,,,,,Bagley III,1628963.0
375,PT06M20.00S,2022-11-21T00:39:57.7Z,3,REGULAR,block,,[],1628963,,,1610612758,84,84,2022-11-21T00:40:04Z,3690000,False,,,0,,M. Bagley III BLOCK (1 BLK),[1628963],1610612765.0,DET,,,,Bagley III,M. Bagley III,,,,,Restricted Area,0-8 Center,,,,,,,,,,,,,,,,,,,,
376,PT06M20.00S,2022-11-21T00:39:57.7Z,3,REGULAR,rebound,offensive,['team'],0,,,1610612758,84,84,2022-11-21T00:40:07Z,3700000,False,,,0,,TEAM offensive REBOUND,[],1610612758.0,SAC,,,,,,,,,,Restricted Area,0-8 Center,,,374.0,,,,,,,,,,,,,,,,,
377,PT06M11.00S,2022-11-21T00:40:26.1Z,3,REGULAR,foul,personal,['2freethrow'],202711,,,1610612758,84,84,2022-11-21T00:40:48Z,3710000,False,,,0,,B. Bogdanovic shooting personal FOUL (2 PF) (Barnes 2 FT),"[202711, 203084]",1610612765.0,DET,shooting,,,Bogdanovic,B. Bogdanovic,,,,,In The Paint (Non-RA),8-16 Center,,,,,,,1830.0,2.0,0.0,Barnes,203084.0,,,,,,,,,
379,PT06M11.00S,2022-11-21T00:40:50.2Z,3,REGULAR,freethrow,1 of 2,['2ndchance'],203084,,,1610612758,85,84,2022-11-21T00:40:50Z,3730000,False,,,0,,H. Barnes Free Throw 1 of 2 (15 PTS),[203084],1610612758.0,SAC,,,,Barnes,H. Barnes,,,,,,,,Made,,,,,,,,,,15.0,,,,,,,,
380,PT06M11.00S,2022-11-21T00:40:53.1Z,3,REGULAR,substitution,out,[],1628368,,,1610612758,85,84,2022-11-21T00:41:02Z,3740000,False,,,0,,SUB out: D. Fox,[1628368],1610612758.0,SAC,,,,Fox,D. Fox,,,,,,,,,,,,,,,,,,,,,,,,,,
381,PT06M11.00S,2022-11-21T00:40:53.1Z,3,REGULAR,substitution,out,[],1631099,,,1610612758,85,84,2022-11-21T00:41:02Z,3750000,False,,,0,,SUB out: K. Murray,[1631099],1610612758.0,SAC,,,,Murray,K. Murray,,,,,,,,,,,,,,,,,,,,,,,,,,
382,PT06M11.00S,2022-11-21T00:40:53.1Z,3,REGULAR,substitution,in,[],1628370,,,1610612758,85,84,2022-11-21T00:41:02Z,3760000,False,,,0,,SUB in: M. Monk,[1628370],1610612758.0,SAC,,,,Monk,M. Monk,,,,,,,,,,,,,,,,,,,,,,,,,,
383,PT06M11.00S,2022-11-21T00:40:53.1Z,3,REGULAR,substitution,in,[],1630558,,,1610612758,85,84,2022-11-21T00:41:02Z,3770000,False,,,0,,SUB in: D. Mitchell,[1630558],1610612758.0,SAC,,,,Mitchell,D. Mitchell,,,,,,,,,,,,,,,,,,,,,,,,,,
384,PT06M11.00S,2022-11-21T00:41:11.0Z,3,REGULAR,freethrow,2 of 2,['2ndchance'],203084,,,1610612758,86,84,2022-11-21T00:41:11Z,3780000,False,,,0,,H. Barnes Free Throw 2 of 2 (16 PTS),[203084],1610612758.0,SAC,,,,Barnes,H. Barnes,,,,,,,,Made,,,,,,,,,,16.0,,,,,,,,
385,PT05M56.00S,2022-11-21T00:41:27.5Z,3,REGULAR,2pt,Jump Shot,['pointsinthepaint'],1631093,17.0335085413929,48.77450980392157,1610612765,86,86,2022-11-21T00:41:35Z,3790000,False,6.0,108.0,1,left,J. Ivey 10' pullup Jump Shot (19 PTS),[1631093],1610612765.0,DET,pullup,,,Ivey,J. Ivey,,,,,In The Paint (Non-RA),8-16 Center,10.78,Made,,,,,,,,,,19.0,,,,,,,,
386,PT05M42.00S,2022-11-21T00:41:42.0Z,3,REGULAR,3pt,Jump Shot,[],1628370,66.96780551905388,42.15686274509804,1610612758,86,86,2022-11-21T00:41:47Z,3800000,False,-39.0,258.0,1,right,MISS M. Monk 26' 3PT,[1628370],1610612758.0,SAC,,,,Monk,M. Monk,,,,,Above the Break 3,24+ Center,26.1,Missed,,,,,,,,,,,,,,,,,,
387,PT05M38.00S,2022-11-21T00:41:46.0Z,3,REGULAR,rebound,defensive,[],1628963,,,1610612765,86,86,2022-11-21T00:41:47Z,3810000,False,,,0,,M. Bagley III REBOUND (Off:1 Def:3),[1628963],1610612765.0,DET,,,,Bagley III,M. Bagley III,,,,,Above the Break 3,24+ Center,,,386.0,4.0,3.0,1.0,,,,,,,,,,,,,,
388,PT05M32.00S,2022-11-21T00:41:53.9Z,3,REGULAR,2pt,Layup,['pointsinthepaint'],1628963,9.280551905387648,50.49019607843137,1610612765,86,88,2022-11-21T00:41:58Z,3820000,False,-2.0,35.0,1,left,M. Bagley III Layup (10 PTS) (B. Bogdanovic 2 AST),"[1628963, 202711]",1610612765.0,DET,,,,Bagley III,M. Bagley III,,,,,Restricted Area,0-8 Center,3.48,Made,,,,,,,,,,10.0,B. Bogdanovic,202711.0,2.0,,,,,
390,PT05M32.00S,2022-11-21T00:41:57.8Z,3,REGULAR,foul,personal,['1freethrow'],1628370,,,1610612765,86,88,2022-11-21T00:42:13Z,3840000,False,,,0,,M. Monk shooting personal FOUL (1 PF) (Bagley III 1 FT),"[1628370, 1628963]",1610612758.0,SAC,shooting,,,Monk,M. Monk,,,,,Restricted Area,0-8 Center,,,,,,,1830.0,1.0,0.0,Bagley III,1628963.0,,,,,,,,,
393,PT05M32.00S,2022-11-21T00:42:15.9Z,3,REGULAR,foul,technical,['1freethrow'],1628370,,,1610612765,86,88,2022-11-21T00:42:21Z,3860000,False,,,0,,M. Monk technical FOUL (1 Tech),[1628370],1610612758.0,SAC,,,,Monk,M. Monk,,,,,,,,,,,,,1830.0,1.0,1.0,,,,,,,,,,,
394,PT05M32.00S,2022-11-21T00:42:28.0Z,3,REGULAR,freethrow,1 of 1,[],202711,,,1610612765,86,89,2022-11-21T00:42:28Z,3870000,False,,,0,,B. Bogdanovic technical Free Throw 1 of 1 (18 PTS),[202711],1610612765.0,DET,technical,,,Bogdanovic,B. Bogdanovic,,,,,,,,Made,,,,,,,,,,18.0,,,,,,,,
395,PT05M32.00S,2022-11-21T00:42:36.0Z,3,REGULAR,substitution,out,[],1630587,,,1610612765,86,89,2022-11-21T00:42:56Z,3880000,False,,,0,,SUB out: I. Livers,[1630587],1610612765.0,DET,,,,Livers,I. Livers,,,,,,,,,,,,,,,,,,,,,,,,,,
396,PT05M32.00S,2022-11-21T00:42:36.0Z,3,REGULAR,substitution,in,[],1628977,,,1610612765,86,89,2022-11-21T00:42:56Z,3890000,False,,,0,,SUB in: H. Diallo,[1628977],1610612765.0,DET,,,,Diallo,H. Diallo,,,,,,,,,,,,,,,,,,,,,,,,,,
397,PT05M32.00S,2022-11-21T00:43:13.0Z,3,REGULAR,freethrow,1 of 1,[],1628963,,,1610612765,86,90,2022-11-21T00:43:13Z,3900000,False,,,0,,M. Bagley III Free Throw 1 of 1 (11 PTS),[1628963],1610612765.0,DET,,,,Bagley III,M. Bagley III,,,,,,,,Made,,,,,,,,,,11.0,,,,,,,,
398,PT05M17.00S,2022-11-21T00:43:32.1Z,3,REGULAR,foul,personal,"['inpenalty', '2freethrow']",1628963,,,1610612758,86,90,2022-11-21T00:43:51Z,3910000,False,,,0,,M. Bagley III personal FOUL (5 PF) (Barnes 2 FT),"[1628963, 203084]",1610612765.0,DET,,,,Bagley III,M. Bagley III,,,,,In The Paint (Non-RA),0-8 Center,,,,,,,1627964.0,5.0,0.0,Barnes,203084.0,,,,,,,,,
400,PT05M17.00S,2022-11-21T00:44:02.2Z,3,REGULAR,freethrow,1 of 2,[],203084,,,1610612758,87,90,2022-11-21T00:44:02Z,3930000,False,,,0,,H. Barnes Free Throw 1 of 2 (17 PTS),[203084],1610612758.0,SAC,,,,Barnes,H. Barnes,,,,,,,,Made,,,,,,,,,,17.0,,,,,,,,
401,PT05M17.00S,2022-11-21T00:44:24.8Z,3,REGULAR,substitution,out,[],1628963,,,1610612758,87,90,2022-11-21T00:44:34Z,3940000,False,,,0,,SUB out: M. Bagley III,[1628963],1610612765.0,DET,,,,Bagley III,M. Bagley III,,,,,,,,,,,,,,,,,,,,,,,,,,
402,PT05M17.00S,2022-11-21T00:44:24.8Z,3,REGULAR,substitution,in,[],1631105,,,1610612758,87,90,2022-11-21T00:44:34Z,3950000,False,,,0,,SUB in: J. Duren,[1631105],1610612765.0,DET,,,,Duren,J. Duren,,,,,,,,,,,,,,,,,,,,,,,,,,
403,PT05M17.00S,2022-11-21T00:44:43.4Z,3,REGULAR,freethrow,2 of 2,[],203084,,,1610612758,88,90,2022-11-21T00:44:43Z,3960000,False,,,0,,H. Barnes Free Throw 2 of 2 (18 PTS),[203084],1610612758.0,SAC,,,,Barnes,H. Barnes,,,,,,,,Made,,,,,,,,,,18.0,,,,,,,,
404,PT04M57.00S,2022-11-21T00:45:06.7Z,3,REGULAR,3pt,Jump Shot,[],1630165,7.966491458607096,4.166666666666666,1610612765,88,93,2022-11-21T00:45:11Z,3970000,False,229.0,22.0,1,left,K. Hayes 3PT  (9 PTS) (J. Duren 1 AST),"[1630165, 1631105]",1610612765.0,DET,,,,Hayes,K. Hayes,,,,,Right Corner 3,24+ Right,23.03,Made,,,,,,,,,,9.0,J. Duren,1631105.0,1.0,,,,,
406,PT04M43.00S,2022-11-21T00:45:23.0Z,3,REGULAR,2pt,Layup,"['pointsinthepaint', 'defensivegoaltending']",1630558,92.85479632063075,57.107843137254896,1610612758,90,93,2022-11-21T00:45:49Z,3990000,False,36.0,15.0,1,right,D. Mitchell driving Layup (5 PTS),[1630558],1610612758.0,SAC,driving,,,Mitchell,D. Mitchell,,,,,Restricted Area,0-8 Center,3.84,Made,,,,,,,,,,5.0,,,,,,,,
407,PT04M43.00S,2022-11-21T00:45:30.9Z,3,REGULAR,violation,defensive goaltending,[],1631105,,,1610612758,90,93,2022-11-21T00:47:50Z,4000000,False,,,0,,J. Duren defensive goaltending VIOLATION,[1631105],1610612765.0,DET,,,,Duren,J. Duren,,,,,,,,,,,,,1830.0,,,,,,,,,,,,,
408,PT04M28.00S,2022-11-21T00:45:48.6Z,3,REGULAR,2pt,Jump Shot,['pointsinthepaint'],202711,17.16491458607096,64.70588235294117,1610612765,90,93,2022-11-21T00:45:54Z,4010000,False,-74.0,109.0,1,left,MISS B. Bogdanovic 13' step back Shot,[202711],1610612765.0,DET,step back,,,Bogdanovic,B. Bogdanovic,,,,,In The Paint (Non-RA),8-16 Left,13.14,Missed,,,,,,,,,,,,,,,,,,
409,PT04M26.00S,2022-11-21T00:45:50.6Z,3,REGULAR,rebound,defensive,[],203084,,,1610612758,90,93,2022-11-21T00:45:54Z,4020000,False,,,0,,H. Barnes REBOUND (Off:1 Def:4),[203084],1610612758.0,SAC,,,,Barnes,H. Barnes,,,,,In The Paint (Non-RA),8-16 Left,,,408.0,5.0,4.0,1.0,,,,,,,,,,,,,,
410,PT04M20.00S,2022-11-21T00:45:57.1Z,3,REGULAR,3pt,Jump Shot,[],1628989,71.17279894875165,75.0,1610612758,90,93,2022-11-21T00:46:17Z,4030000,False,125.0,218.0,1,right,MISS K. Huerter 25' 3PT,[1628989],1610612758.0,SAC,,,,Huerter,K. Huerter,,,,,Above the Break 3,24+ Right Center,25.17,Missed,,,,,,,,,,,,,,,,,,
411,PT04M19.00S,2022-11-21T00:45:58.1Z,3,REGULAR,rebound,defensive,['team'],0,,,1610612765,90,93,2022-11-21T00:46:17Z,4040000,False,,,0,,TEAM defensive REBOUND,[],1610612765.0,DET,,,,,,,,,,Above the Break 3,24+ Right Center,,,410.0,,,,,,,,,,,,,,,,,
412,PT04M19.00S,2022-11-21T00:46:09.3Z,3,REGULAR,foul,personal,[],1627734,,,1610612765,90,93,2022-11-21T00:46:14Z,4050000,False,,,0,,D. Sabonis loose ball personal FOUL (4 PF),"[1627734, 1631105]",1610612758.0,SAC,loose ball,,,Sabonis,D. Sabonis,,,,,In The Paint (Non-RA),0-8 Center,,,,,,,1627964.0,4.0,0.0,Duren,1631105.0,,,,,,,,,
414,PT04M19.00S,2022-11-21T00:46:20.7Z,3,REGULAR,substitution,out,[],1627734,,,1610612765,90,93,2022-11-21T00:46:34Z,4070000,False,,,0,,SUB out: D. Sabonis,[1627734],1610612758.0,SAC,,,,Sabonis,D. Sabonis,,,,,,,,,,,,,,,,,,,,,,,,,,
415,PT04M19.00S,2022-11-21T00:46:20.7Z,3,REGULAR,substitution,out,[],1630165,,,1610612765,90,93,2022-11-21T00:46:34Z,4080000,False,,,0,,SUB out: K. Hayes,[1630165],1610612765.0,DET,,,,Hayes,K. Hayes,,,,,,,,,,,,,,,,,,,,,,,,,,
416,PT04M19.00S,2022-11-21T00:46:20.7Z,3,REGULAR,substitution,in,[],1629002,,,1610612765,90,93,2022-11-21T00:46:34Z,4090000,False,,,0,,SUB in: C. Metu,[1629002],1610612758.0,SAC,,,,Metu,C. Metu,,,,,,,,,,,,,,,,,,,,,,,,,,
417,PT04M19.00S,2022-11-21T00:46:20.7Z,3,REGULAR,substitution,in,[],202692,,,1610612765,90,93,2022-11-21T00:46:34Z,4100000,False,,,0,,SUB in: A. Burks,[202692],1610612765.0,DET,,,,Burks,A. Burks,,,,,,,,,,,,,,,,,,,,,,,,,,
418,PT04M09.00S,2022-11-21T00:46:49.9Z,3,REGULAR,2pt,Layup,['pointsinthepaint'],1631093,6.783837056504599,44.11764705882353,1610612765,90,95,2022-11-21T00:46:54Z,4110000,False,29.0,11.0,1,left,J. Ivey driving Layup (21 PTS),[1631093],1610612765.0,DET,driving,,,Ivey,J. Ivey,,,,,Restricted Area,0-8 Center,3.15,Made,,,,,,,,,,21.0,,,,,,,,
419,PT03M50.00S,2022-11-21T00:47:11.8Z,3,REGULAR,foul,personal,"['inpenalty', '2freethrow']",1631093,,,1610612758,90,95,2022-11-21T00:47:21Z,4120000,False,,,0,,J. Ivey personal FOUL (4 PF) (Monk 2 FT),"[1631093, 1628370]",1610612765.0,DET,,,,Ivey,J. Ivey,,,,,In The Paint (Non-RA),8-16 Left,,,,,,,1627964.0,4.0,0.0,Monk,1628370.0,,,,,,,,,
421,PT03M50.00S,2022-11-21T00:47:39.6Z,3,REGULAR,freethrow,1 of 2,[],1628370,,,1610612758,91,95,2022-11-21T00:47:39Z,4140000,False,,,0,,M. Monk Free Throw 1 of 2 (3 PTS),[1628370],1610612758.0,SAC,,,,Monk,M. Monk,,,,,,,,Made,,,,,,,,,,3.0,,,,,,,,
422,PT03M50.00S,2022-11-21T00:47:54.7Z,3,REGULAR,freethrow,2 of 2,[],1628370,,,1610612758,92,95,2022-11-21T00:47:54Z,4150000,False,,,0,,M. Monk Free Throw 2 of 2 (4 PTS),[1628370],1610612758.0,SAC,,,,Monk,M. Monk,,,,,,,,Made,,,,,,,,,,4.0,,,,,,,,
423,PT03M32.00S,2022-11-21T00:48:14.6Z,3,REGULAR,3pt,Jump Shot,[],202711,27.54599211563732,20.833333333333336,1610612765,92,95,2022-11-21T00:48:51Z,4160000,False,146.0,206.0,1,left,MISS B. Bogdanovic 25' step back 3PT,[202711],1610612765.0,DET,step back,,,Bogdanovic,B. Bogdanovic,,,,,Above the Break 3,24+ Right Center,25.27,Missed,,,,,,,,,,,,,,,,,,
424,PT03M29.00S,2022-11-21T00:48:17.6Z,3,REGULAR,rebound,offensive,[],1631105,,,1610612765,92,95,2022-11-21T00:48:20Z,4170000,False,,,0,,J. Duren REBOUND (Off:3 Def:1),[1631105],1610612765.0,DET,,,,Duren,J. Duren,,,,,Above the Break 3,24+ Right Center,,,423.0,4.0,1.0,3.0,,,,,,,,,,,,,,
425,PT03M28.00S,2022-11-21T00:48:18.7Z,3,REGULAR,2pt,DUNK,"['pointsinthepaint', '2ndchance']",1631105,6.258212877792378,52.69607843137255,1610612765,92,97,2022-11-21T00:48:24Z,4180000,False,-13.0,6.0,1,left,J. Duren putback DUNK (10 PTS),[1631105],1610612765.0,DET,putback,,,Duren,J. Duren,,,,,Restricted Area,0-8 Center,1.49,Made,,,,,,,,,,10.0,,,,,,,,
426,PT03M15.00S,2022-11-21T00:48:31.8Z,3,REGULAR,2pt,Jump Shot,['pointsinthepaint'],1628989,87.07293035479631,57.107843137254896,1610612758,94,97,2022-11-21T00:49:35Z,4190000,False,36.0,69.0,1,right,K. Huerter 7' driving floating Jump Shot (11 PTS) (D. Mitchell 1 AST),"[1628989, 1630558]",1610612758.0,SAC,driving floating,,,Huerter,K. Huerter,,,,,In The Paint (Non-RA),0-8 Center,7.76,Made,,,,,,,,,,11.0,D. Mitchell,1630558.0,1.0,,,,,
427,PT03M03.00S,2022-11-21T00:48:43.2Z,3,REGULAR,2pt,Jump Shot,[],1631093,16.113666228646515,29.411764705882355,1610612765,94,97,2022-11-21T00:48:49Z,4200000,False,103.0,99.0,1,left,MISS J. Ivey 14' pullup Shot,[1631093],1610612765.0,DET,pullup,,,Ivey,J. Ivey,,,,,Mid-Range,8-16 Right,14.28,Missed,,,,,,,,,,,,,,,,,,
428,PT03M00.00S,2022-11-21T00:48:46.2Z,3,REGULAR,rebound,defensive,[],1628370,,,1610612758,94,97,2022-11-21T00:48:49Z,4210000,False,,,0,,M. Monk REBOUND (Off:0 Def:1),[1628370],1610612758.0,SAC,,,,Monk,M. Monk,,,,,Mid-Range,8-16 Right,,,427.0,1.0,1.0,0.0,,,,,,,,,,,,,,
429,PT02M57.00S,2022-11-21T00:48:50.1Z,3,REGULAR,3pt,Jump Shot,['fastbreak'],1628989,75.24638633377135,87.25490196078431,1610612758,94,97,2022-11-21T00:48:55Z,4220000,False,186.0,180.0,1,right,MISS K. Huerter 25' running 3PT,[1628989],1610612758.0,SAC,running,,,Huerter,K. Huerter,,,,,Above the Break 3,24+ Right Center,25.92,Missed,,,,,,,,,,,,,,,,,,
430,PT02M54.00S,2022-11-21T00:48:53.1Z,3,REGULAR,rebound,defensive,[],1631105,,,1610612765,94,97,2022-11-21T00:48:55Z,4230000,False,,,0,,J. Duren REBOUND (Off:3 Def:2),[1631105],1610612765.0,DET,,,,Duren,J. Duren,,,,,Above the Break 3,24+ Right Center,,,429.0,5.0,2.0,3.0,,,,,,,,,,,,,,
431,PT02M38.00S,2022-11-21T00:49:09.5Z,3,REGULAR,2pt,Jump Shot,[],1628977,20.581471747700395,47.549019607843135,1610612765,94,97,2022-11-21T00:49:14Z,4240000,False,12.0,141.0,1,left,MISS H. Diallo 14' pullup Shot,[1628977],1610612765.0,DET,pullup,,,Diallo,H. Diallo,,,,,Mid-Range,8-16 Center,14.15,Missed,,,,,,,,,,,,,,,,,,
432,PT02M33.00S,2022-11-21T00:49:14.5Z,3,REGULAR,rebound,defensive,[],203084,,,1610612758,94,97,2022-11-21T00:49:14Z,4250000,False,,,0,,H. Barnes REBOUND (Off:1 Def:5),[203084],1610612758.0,SAC,,,,Barnes,H. Barnes,,,,,Mid-Range,8-16 Center,,,431.0,6.0,5.0,1.0,,,,,,,,,,,,,,
433,PT02M18.00S,2022-11-21T00:49:28.5Z,3,REGULAR,3pt,Jump Shot,[],203084,87.86136662286465,95.09803921568627,1610612758,97,97,2022-11-21T00:49:33Z,4260000,False,225.0,62.0,1,right,H. Barnes 3PT  (21 PTS) (D. Mitchell 2 AST),"[203084, 1630558]",1610612758.0,SAC,,,,Barnes,H. Barnes,,,,,Right Corner 3,24+ Right,23.38,Made,,,,,,,,,,21.0,D. Mitchell,1630558.0,2.0,,,,,
435,PT02M18.00S,2022-11-21T00:49:37.8Z,3,REGULAR,timeout,full,"['team', 'mandatory']",0,,,1610612765,97,97,2022-11-21T00:49:37Z,4280000,False,,,0,,DET Timeout,[],1610612765.0,DET,,,,,,,,,,,,,,,,,,,,,,,,,,,,,,,
437,PT02M18.00S,2022-11-21T00:51:30.8Z,3,REGULAR,substitution,out,[],1628989,,,1610612765,97,97,2022-11-21T00:52:23Z,4290000,False,,,0,,SUB out: K. Huerter,[1628989],1610612758.0,SAC,,,,Huerter,K. Huerter,,,,,,,,,,,,,,,,,,,,,,,,,,
438,PT02M18.00S,2022-11-21T00:51:30.8Z,3,REGULAR,substitution,out,[],1631093,,,1610612765,97,97,2022-11-21T00:52:23Z,4300000,False,,,0,,SUB out: J. Ivey,[1631093],1610612765.0,DET,,,,Ivey,J. Ivey,,,,,,,,,,,,,,,,,,,,,,,,,,
439,PT02M18.00S,2022-11-21T00:51:30.8Z,3,REGULAR,substitution,out,[],202711,,,1610612765,97,97,2022-11-21T00:52:23Z,4310000,False,,,0,,SUB out: B. Bogdanovic,[202711],1610612765.0,DET,,,,Bogdanovic,B. Bogdanovic,,,,,,,,,,,,,,,,,,,,,,,,,,
440,PT02M18.00S,2022-11-21T00:51:30.8Z,3,REGULAR,substitution,in,[],1629056,,,1610612765,97,97,2022-11-21T00:52:23Z,4320000,False,,,0,,SUB in: T. Davis,[1629056],1610612758.0,SAC,,,,Davis,T. Davis,,,,,,,,,,,,,,,,,,,,,,,,,,
441,PT02M18.00S,2022-11-21T00:51:30.8Z,3,REGULAR,substitution,in,[],1628995,,,1610612765,97,97,2022-11-21T00:52:23Z,4330000,False,,,0,,SUB in: K. Knox II,[1628995],1610612765.0,DET,,,,Knox II,K. Knox II,,,,,,,,,,,,,,,,,,,,,,,,,,
442,PT02M18.00S,2022-11-21T00:51:30.8Z,3,REGULAR,substitution,in,[],202709,,,1610612765,97,97,2022-11-21T00:52:23Z,4340000,False,,,0,,SUB in: C. Joseph,[202709],1610612765.0,DET,,,,Joseph,C. Joseph,,,,,,,,,,,,,,,,,,,,,,,,,,
443,PT02M06.00S,2022-11-21T00:53:16.1Z,3,REGULAR,foul,personal,['3freethrow'],1628370,,,1610612765,97,97,2022-11-21T00:53:26Z,4350000,False,,,0,,M. Monk shooting personal FOUL (2 PF) (Burks 3 FT),"[1628370, 202692]",1610612758.0,SAC,shooting,,,Monk,M. Monk,,,,,Above the Break 3,24+ Left Center,,,,,,,1830.0,2.0,1.0,Burks,202692.0,,,,,,,,,
445,PT02M06.00S,2022-11-21T00:53:27.1Z,3,REGULAR,freethrow,1 of 3,[],202692,,,1610612765,97,98,2022-11-21T00:53:27Z,4370000,False,,,0,,A. Burks Free Throw 1 of 3 (10 PTS),[202692],1610612765.0,DET,,,,Burks,A. Burks,,,,,,,,Made,,,,,,,,,,10.0,,,,,,,,
446,PT02M06.00S,2022-11-21T00:53:38.0Z,3,REGULAR,freethrow,2 of 3,[],202692,,,1610612765,97,99,2022-11-21T00:53:38Z,4380000,False,,,0,,A. Burks Free Throw 2 of 3 (11 PTS),[202692],1610612765.0,DET,,,,Burks,A. Burks,,,,,,,,Made,,,,,,,,,,11.0,,,,,,,,
447,PT02M06.00S,2022-11-21T00:53:51.5Z,3,REGULAR,substitution,out,[],203084,,,1610612765,97,99,2022-11-21T00:53:56Z,4390000,False,,,0,,SUB out: H. Barnes,[203084],1610612758.0,SAC,,,,Barnes,H. Barnes,,,,,,,,,,,,,,,,,,,,,,,,,,
448,PT02M06.00S,2022-11-21T00:53:51.5Z,3,REGULAR,substitution,in,[],1631099,,,1610612765,97,99,2022-11-21T00:53:56Z,4400000,False,,,0,,SUB in: K. Murray,[1631099],1610612758.0,SAC,,,,Murray,K. Murray,,,,,,,,,,,,,,,,,,,,,,,,,,
449,PT02M06.00S,2022-11-21T00:54:09.8Z,3,REGULAR,freethrow,3 of 3,[],202692,,,1610612765,97,100,2022-11-21T00:54:09Z,4410000,False,,,0,,A. Burks Free Throw 3 of 3 (12 PTS),[202692],1610612765.0,DET,,,,Burks,A. Burks,,,,,,,,Made,,,,,,,,,,12.0,,,,,,,,
450,PT01M55.00S,2022-11-21T00:54:23.5Z,3,REGULAR,2pt,DUNK,['pointsinthepaint'],1628370,94.03745072273325,50.98039215686274,1610612758,99,100,2022-11-21T00:54:43Z,4420000,False,5.0,4.0,1,right,M. Monk driving DUNK (6 PTS) (D. Mitchell 3 AST),"[1628370, 1630558]",1610612758.0,SAC,driving,,,Monk,M. Monk,,,,,Restricted Area,0-8 Center,0.6,Made,,,,,,,,,,6.0,D. Mitchell,1630558.0,3.0,,,,,
452,PT01M30.00S,2022-11-21T00:54:47.7Z,3,REGULAR,2pt,Jump Shot,['pointsinthepaint'],202692,18.084756898817346,48.03921568627451,1610612765,99,100,2022-11-21T00:54:57Z,4440000,False,10.0,117.0,1,left,MISS A. Burks 11' turnaround Shot,[202692],1610612765.0,DET,turnaround,,,Burks,A. Burks,,,,,In The Paint (Non-RA),8-16 Center,11.79,Missed,,,,,,,,,,,,,,,,,,
453,PT01M25.00S,2022-11-21T00:54:52.7Z,3,REGULAR,rebound,defensive,[],1631099,,,1610612758,99,100,2022-11-21T00:57:01Z,4450000,False,,,0,,K. Murray REBOUND (Off:0 Def:2),[1631099],1610612758.0,SAC,,,,Murray,K. Murray,,,,,In The Paint (Non-RA),8-16 Center,,,452.0,2.0,2.0,0.0,,,,,,,,,,,,,,
476,PT01M25.00S,2022-11-21T00:54:54.8Z,3,REGULAR,turnover,bad pass,[],1631099,,,1610612758,99,100,2022-11-21T00:59:42Z,4455000,False,,,0,,K. Murray bad pass TURNOVER (1 TO),"[1631099, 1631105]",1610612758.0,SAC,,,,Murray,K. Murray,,,,,In The Paint (Non-RA),0-8 Center,,,,,,,,,,,,,,,,1.0,Duren,1631105.0,,
477,PT01M25.00S,2022-11-21T00:54:54.8Z,3,REGULAR,steal,,[],1631105,,,1610612765,99,100,2022-11-21T00:58:39Z,4457500,False,,,0,,J. Duren STEAL (1 STL),[1631105],1610612765.0,DET,,,,Duren,J. Duren,,,,,In The Paint (Non-RA),0-8 Center,,,,,,,,,,,,,,,,,,,,
454,PT01M23.00S,2022-11-21T00:54:55.7Z,3,REGULAR,2pt,Jump Shot,['fromturnover'],1628995,12.697109067017081,15.686274509803921,1610612765,99,100,2022-11-21T00:59:04Z,4460000,False,172.0,67.0,1,left,MISS K. Knox II 18' pullup Shot,[1628995],1610612765.0,DET,pullup,,,Knox II,K. Knox II,,,,,Mid-Range,16-24 Right,18.42,Missed,,,,,,,,,,,,,,,,,,
455,PT01M19.00S,2022-11-21T00:54:59.7Z,3,REGULAR,rebound,defensive,[],1629002,,,1610612758,99,100,2022-11-21T00:56:44Z,4470000,False,,,0,,C. Metu REBOUND (Off:1 Def:5),[1629002],1610612758.0,SAC,,,,Metu,C. Metu,,,,,Mid-Range,16-24 Right,,,454.0,6.0,5.0,1.0,,,,,,,,,,,,,,
456,PT01M05.00S,2022-11-21T00:55:13.9Z,3,REGULAR,2pt,Layup,['pointsinthepaint'],1629056,91.67214191852825,47.05882352941176,1610612758,99,100,2022-11-21T00:55:23Z,4480000,False,-15.0,26.0,1,right,MISS T. Davis driving reverse Layup,[1629056],1610612758.0,SAC,driving reverse,,,Davis,T. Davis,,,,,Restricted Area,0-8 Center,2.97,Missed,,,,,,,,,,,,,,,,,,
457,PT01M03.00S,2022-11-21T00:55:15.9Z,3,REGULAR,rebound,defensive,[],1631105,,,1610612765,99,100,2022-11-21T00:55:23Z,4490000,False,,,0,,J. Duren REBOUND (Off:3 Def:3),[1631105],1610612765.0,DET,,,,Duren,J. Duren,,,,,Restricted Area,0-8 Center,,,456.0,6.0,3.0,3.0,,,,,,,,,,,,,,
458,PT00M51.20S,2022-11-21T00:55:28.6Z,3,REGULAR,2pt,Jump Shot,[],202692,25.443495400788436,55.392156862745104,1610612765,99,100,2022-11-21T00:55:35Z,4500000,False,-27.0,187.0,1,left,MISS A. Burks 18' step back Shot,[202692],1610612765.0,DET,step back,,,Burks,A. Burks,,,,,Mid-Range,16-24 Center,18.86,Missed,,,,,,,,,,,,,,,,,,
459,PT00M46.50S,2022-11-21T00:55:33.3Z,3,REGULAR,rebound,defensive,[],1630558,,,1610612758,99,100,2022-11-21T00:55:35Z,4510000,False,,,0,,D. Mitchell REBOUND (Off:0 Def:1),[1630558],1610612758.0,SAC,,,,Mitchell,D. Mitchell,,,,,Mid-Range,16-24 Center,,,458.0,1.0,1.0,0.0,,,,,,,,,,,,,,
460,PT00M40.10S,2022-11-21T00:55:39.6Z,3,REGULAR,3pt,Jump Shot,[],1631099,72.88107752956637,80.14705882352942,1610612758,99,100,2022-11-21T00:55:56Z,4520000,False,151.0,202.0,1,right,MISS K. Murray 25' 3PT,[1631099],1610612758.0,SAC,,,,Murray,K. Murray,,,,,Above the Break 3,24+ Right Center,25.23,Missed,,,,,,,,,,,,,,,,,,
461,PT00M38.20S,2022-11-21T00:55:53.5Z,3,REGULAR,rebound,defensive,['team'],0,,,1610612765,99,100,2022-11-21T00:55:53Z,4530000,False,,,0,,TEAM defensive REBOUND,[],1610612765.0,DET,,,,,,,,,,Above the Break 3,24+ Right Center,,,460.0,,,,,,,,,,,,,,,,,
463,PT00M38.20S,2022-11-21T00:55:56.2Z,3,REGULAR,substitution,out,[],1630558,,,1610612765,99,100,2022-11-21T00:56:02Z,4550000,False,,,0,,SUB out: D. Mitchell,[1630558],1610612758.0,SAC,,,,Mitchell,D. Mitchell,,,,,,,,,,,,,,,,,,,,,,,,,,
464,PT00M38.20S,2022-11-21T00:55:56.2Z,3,REGULAR,substitution,in,[],1628368,,,1610612765,99,100,2022-11-21T00:56:02Z,4560000,False,,,0,,SUB in: D. Fox,[1628368],1610612758.0,SAC,,,,Fox,D. Fox,,,,,,,,,,,,,,,,,,,,,,,,,,
465,PT00M25.60S,2022-11-21T00:56:19.8Z,3,REGULAR,3pt,Jump Shot,[],202692,28.728646517739815,20.833333333333336,1610612765,99,100,2022-11-21T00:58:11Z,4570000,False,146.0,218.0,1,left,MISS A. Burks 26' pullup 3PT,[202692],1610612765.0,DET,pullup,,,Burks,A. Burks,,,,,Above the Break 3,24+ Right Center,26.18,Missed,,,,,,,,,,,,,,,,,,
466,PT00M22.90S,2022-11-21T00:56:22.5Z,3,REGULAR,rebound,offensive,[],202709,,,1610612765,99,100,2022-11-21T00:56:22Z,4580000,False,,,0,,C. Joseph REBOUND (Off:1 Def:0),[202709],1610612765.0,DET,,,,Joseph,C. Joseph,,,,,Above the Break 3,24+ Right Center,,,465.0,1.0,0.0,1.0,,,,,,,,,,,,,,
467,PT00M14.30S,2022-11-21T00:56:31.0Z,3,REGULAR,2pt,Jump Shot,"['pointsinthepaint', '2ndchance']",202709,16.376478318002626,57.59803921568627,1610612765,99,100,2022-11-21T00:56:37Z,4590000,False,-38.0,101.0,1,left,MISS C. Joseph 10' floating Shot,[202709],1610612765.0,DET,floating,,,Joseph,C. Joseph,,,,,In The Paint (Non-RA),8-16 Center,10.83,Missed,,,,,,,,,,,,,,,,,,
468,PT00M11.90S,2022-11-21T00:56:33.5Z,3,REGULAR,rebound,offensive,[],1628977,,,1610612765,99,100,2022-11-21T00:56:33Z,4600000,False,,,0,,H. Diallo REBOUND (Off:1 Def:0),[1628977],1610612765.0,DET,,,,Diallo,H. Diallo,,,,,In The Paint (Non-RA),8-16 Center,,,467.0,1.0,0.0,1.0,,,,,,,,,,,,,,
469,PT00M07.30S,2022-11-21T00:56:41.2Z,3,REGULAR,foul,personal,"['inpenalty', '2freethrow']",1629056,,,1610612765,99,100,2022-11-21T00:56:56Z,4610000,False,,,0,,T. Davis shooting personal FOUL (1 PF) (Burks 2 FT),"[1629056, 202692]",1610612758.0,SAC,shooting,,,Davis,T. Davis,,,,,Mid-Range,16-24 Center,,,,,,,1628953.0,1.0,0.0,Burks,202692.0,,,,,,,,,
471,PT00M07.30S,2022-11-21T00:57:08.0Z,3,REGULAR,freethrow,1 of 2,['2ndchance'],202692,,,1610612765,99,101,2022-11-21T00:57:08Z,4630000,False,,,0,,A. Burks Free Throw 1 of 2 (13 PTS),[202692],1610612765.0,DET,,,,Burks,A. Burks,,,,,,,,Made,,,,,,,,,,13.0,,,,,,,,
472,PT00M07.30S,2022-11-21T00:57:27.4Z,3,REGULAR,violation,delay-of-game,['team'],0,,,1610612765,99,101,2022-11-21T00:58:22Z,4640000,False,,,0,,TEAM delay-of-game VIOLATION,[],1610612765.0,DET,,,,,,,,,,,,,,,,,,1628953.0,,,,,,,,,,,,,
473,PT00M07.30S,2022-11-21T00:57:39.5Z,3,REGULAR,freethrow,2 of 2,['2ndchance'],202692,,,1610612765,99,102,2022-11-21T00:57:39Z,4650000,False,,,0,,A. Burks Free Throw 2 of 2 (14 PTS),[202692],1610612765.0,DET,,,,Burks,A. Burks,,,,,,,,Made,,,,,,,,,,14.0,,,,,,,,
474,PT00M00.20S,2022-11-21T00:57:50.5Z,3,REGULAR,3pt,Jump Shot,[],1629056,76.69185282522996,9.803921568627452,1610612758,102,102,2022-11-21T00:58:25Z,4660000,False,-201.0,167.0,1,right,T. Davis 26' 3PT  (3 PTS) (D. Fox 6 AST),"[1629056, 1628368]",1610612758.0,SAC,,,,Davis,T. Davis,,,,,Above the Break 3,24+ Left Center,26.11,Made,,,,,,,,,,3.0,D. Fox,1628368.0,6.0,,,,,
479,PT00M00.00S,2022-11-21T00:58:31.8Z,3,REGULAR,period,end,[],0,,,1610612765,102,102,2022-11-21T00:58:31Z,4690000,False,,,0,,Period End,[],,,,,,,,,,,,,,,,,,,,,,,,,,,,,,,,,
480,PT12M00.00S,2022-11-21T01:00:30.6Z,4,REGULAR,period,start,[],0,,,1610612765,102,102,2022-11-21T01:00:35Z,4700000,False,,,0,,Period Start,[],,,,,,,,,,,,,,,,,,,,,,,,,,,,,,,,,
481,PT11M38.00S,2022-11-21T01:00:52.2Z,4,REGULAR,3pt,Jump Shot,[],1628995,24.655059132720105,84.31372549019608,1610612765,102,105,2022-11-21T01:00:58Z,4710000,False,-172.0,179.0,1,left,K. Knox II 24' 3PT  (11 PTS) (C. Joseph 5 AST),"[1628995, 202709]",1610612765.0,DET,,,,Knox II,K. Knox II,,,,,Above the Break 3,24+ Left Center,24.82,Made,,,,,,,,,,11.0,C. Joseph,202709.0,5.0,,,,,
483,PT11M17.00S,2022-11-21T01:01:13.1Z,4,REGULAR,2pt,DUNK,['pointsinthepaint'],1629056,92.46057818659659,46.81372549019608,1610612758,102,105,2022-11-21T01:01:18Z,4730000,False,-16.0,18.0,1,right,MISS T. Davis driving DUNK,[1629056],1610612758.0,SAC,driving,,,Davis,T. Davis,,,,,Restricted Area,0-8 Center,2.43,Missed,,,,,,,,,,,,,,,,,,
484,PT11M14.00S,2022-11-21T01:01:16.1Z,4,REGULAR,rebound,defensive,[],202692,,,1610612765,102,105,2022-11-21T01:01:18Z,4740000,False,,,0,,A. Burks REBOUND (Off:0 Def:3),[202692],1610612765.0,DET,,,,Burks,A. Burks,,,,,Restricted Area,0-8 Center,,,483.0,3.0,3.0,0.0,,,,,,,,,,,,,,
485,PT11M09.00S,2022-11-21T01:01:19.8Z,4,REGULAR,3pt,Jump Shot,['fastbreak'],202709,13.091327201051248,3.431372549019608,1610612765,102,105,2022-11-21T01:02:16Z,4750000,False,233.0,71.0,1,left,MISS C. Joseph 24' running 3PT,[202709],1610612765.0,DET,running,,,Joseph,C. Joseph,,,,,Right Corner 3,24+ Right,24.33,Missed,,,,,,,,,,,,,,,,,,
486,PT11M06.00S,2022-11-21T01:01:22.8Z,4,REGULAR,rebound,offensive,[],1631105,,,1610612765,102,105,2022-11-21T01:01:35Z,4760000,False,,,0,,J. Duren REBOUND (Off:4 Def:3),[1631105],1610612765.0,DET,,,,Duren,J. Duren,,,,,Right Corner 3,24+ Right,,,485.0,7.0,3.0,4.0,,,,,,,,,,,,,,
487,PT11M05.00S,2022-11-21T01:01:24.0Z,4,REGULAR,2pt,Layup,"['pointsinthepaint', '2ndchance']",1631105,7.046649145860711,52.94117647058824,1610612765,102,105,2022-11-21T01:02:28Z,4770000,False,-15.0,14.0,1,left,MISS J. Duren putback Layup,[1631105],1610612765.0,DET,putback,,,Duren,J. Duren,,,,,Restricted Area,0-8 Center,2.01,Missed,,,,,,,,,,,,,,,,,,
488,PT11M05.00S,2022-11-21T01:01:24.0Z,4,REGULAR,rebound,defensive,['team'],0,,,1610612758,102,105,2022-11-21T01:01:38Z,4780000,False,,,0,,TEAM defensive REBOUND,[],1610612758.0,SAC,,,,,,,,,,Restricted Area,0-8 Center,,,487.0,,,,,,,,,,,,,,,,,
525,PT10M58.00S,2022-11-21T01:01:52.2Z,4,REGULAR,2pt,Layup,['pointsinthepaint'],1628370,90.32522996057818,49.754901960784316,1610612758,102,105,2022-11-21T01:09:39Z,4815000,False,-1.0,38.0,1,right,MISS M. Monk driving Layup - blocked,"[1628370, 202692]",1610612758.0,SAC,driving,,,Monk,M. Monk,,,,,Restricted Area,0-8 Center,3.84,Missed,,,,,,,,,,,,,,,,,Burks,202692.0
526,PT10M58.00S,2022-11-21T01:01:52.2Z,4,REGULAR,block,,[],202692,,,1610612758,102,105,2022-11-21T01:09:39Z,4817500,False,,,0,,A. Burks BLOCK (1 BLK),[202692],1610612765.0,DET,,,,Burks,A. Burks,,,,,Restricted Area,0-8 Center,,,,,,,,,,,,,,,,,,,,
527,PT10M56.00S,2022-11-21T01:01:54.2Z,4,REGULAR,rebound,defensive,[],1628977,,,1610612765,102,105,2022-11-21T01:09:39Z,4818750,False,,,0,,H. Diallo REBOUND (Off:1 Def:1),[1628977],1610612765.0,DET,,,,Diallo,H. Diallo,,,,,Restricted Area,0-8 Center,,,525.0,2.0,1.0,1.0,,,,,,,,,,,,,,
492,PT10M53.00S,2022-11-21T01:01:55.0Z,4,REGULAR,2pt,Layup,"['fastbreak', 'pointsinthepaint']",1628977,5.732588699080158,50.73529411764706,1610612765,102,107,2022-11-21T01:09:39Z,4820000,False,-4.0,1.0,1,left,H. Diallo running Layup (4 PTS),[1628977],1610612765.0,DET,running,,,Diallo,H. Diallo,,,,,Restricted Area,0-8 Center,0.4,Made,,,,,,,,,,4.0,,,,,,,,
493,PT10M53.00S,2022-11-21T01:02:00.4Z,4,REGULAR,timeout,full,"['team', 'mandatory']",0,,,1610612758,102,107,2022-11-21T01:02:00Z,4830000,False,,,0,,SAC Timeout,[],1610612758.0,SAC,,,,,,,,,,,,,,,,,,,,,,,,,,,,,,,
494,PT10M53.00S,2022-11-21T01:04:04.4Z,4,REGULAR,substitution,out,[],1629056,,,1610612758,102,107,2022-11-21T01:04:39Z,4840000,False,,,0,,SUB out: T. Davis,[1629056],1610612758.0,SAC,,,,Davis,T. Davis,,,,,,,,,,,,,,,,,,,,,,,,,,
495,PT10M53.00S,2022-11-21T01:04:04.4Z,4,REGULAR,substitution,out,[],1629002,,,1610612758,102,107,2022-11-21T01:04:39Z,4850000,False,,,0,,SUB out: C. Metu,[1629002],1610612758.0,SAC,,,,Metu,C. Metu,,,,,,,,,,,,,,,,,,,,,,,,,,
496,PT10M53.00S,2022-11-21T01:04:04.4Z,4,REGULAR,substitution,in,[],1628989,,,1610612758,102,107,2022-11-21T01:04:39Z,4860000,False,,,0,,SUB in: K. Huerter,[1628989],1610612758.0,SAC,,,,Huerter,K. Huerter,,,,,,,,,,,,,,,,,,,,,,,,,,
497,PT10M53.00S,2022-11-21T01:04:04.4Z,4,REGULAR,substitution,in,[],1627734,,,1610612758,102,107,2022-11-21T01:04:39Z,4870000,False,,,0,,SUB in: D. Sabonis,[1627734],1610612758.0,SAC,,,,Sabonis,D. Sabonis,,,,,,,,,,,,,,,,,,,,,,,,,,
498,PT10M38.00S,2022-11-21T01:05:01.1Z,4,REGULAR,3pt,Jump Shot,[],1628368,77.34888304862024,89.4607843137255,1610612758,105,107,2022-11-21T01:05:06Z,4880000,False,197.0,160.0,1,right,D. Fox 25' 3PT  (26 PTS) (K. Huerter 3 AST),"[1628368, 1628989]",1610612758.0,SAC,,,,Fox,D. Fox,,,,,Above the Break 3,24+ Right Center,25.43,Made,,,,,,,,,,26.0,K. Huerter,1628989.0,3.0,,,,,
500,PT10M19.00S,2022-11-21T01:05:18.6Z,4,REGULAR,3pt,Jump Shot,[],202709,25.969119579500656,16.911764705882355,1610612765,105,110,2022-11-21T01:05:22Z,4900000,False,165.0,192.0,1,left,C. Joseph 25' 3PT  (7 PTS) (A. Burks 1 AST),"[202709, 202692]",1610612765.0,DET,,,,Joseph,C. Joseph,,,,,Above the Break 3,24+ Right Center,25.31,Made,,,,,,,,,,7.0,A. Burks,202692.0,1.0,,,,,
502,PT10M06.00S,2022-11-21T01:05:34.8Z,4,REGULAR,foul,personal,['2freethrow'],202692,,,1610612758,105,110,2022-11-21T01:05:58Z,4920000,False,,,0,,A. Burks shooting personal FOUL (2 PF) (Sabonis 2 FT),"[202692, 1627734]",1610612765.0,DET,shooting,,,Burks,A. Burks,,,,,In The Paint (Non-RA),8-16 Right,,,,,,,1830.0,2.0,0.0,Sabonis,1627734.0,,,,,,,,,
504,PT10M06.00S,2022-11-21T01:06:10.7Z,4,REGULAR,freethrow,1 of 2,[],1627734,,,1610612758,106,110,2022-11-21T01:06:10Z,4940000,False,,,0,,D. Sabonis Free Throw 1 of 2 (14 PTS),[1627734],1610612758.0,SAC,,,,Sabonis,D. Sabonis,,,,,,,,Made,,,,,,,,,,14.0,,,,,,,,
505,PT10M06.00S,2022-11-21T01:06:31.4Z,4,REGULAR,freethrow,2 of 2,[],1627734,,,1610612758,107,110,2022-11-21T01:06:31Z,4950000,False,,,0,,D. Sabonis Free Throw 2 of 2 (15 PTS),[1627734],1610612758.0,SAC,,,,Sabonis,D. Sabonis,,,,,,,,Made,,,,,,,,,,15.0,,,,,,,,
506,PT09M57.00S,2022-11-21T01:06:45.2Z,4,REGULAR,3pt,Jump Shot,[],202692,32.53942181340342,50.245098039215684,1610612765,107,110,2022-11-21T01:07:38Z,4960000,False,-1.0,253.0,1,left,MISS A. Burks 25' step back 3PT,[202692],1610612765.0,DET,step back,,,Burks,A. Burks,,,,,Above the Break 3,24+ Center,25.34,Missed,,,,,,,,,,,,,,,,,,
507,PT09M53.00S,2022-11-21T01:06:49.2Z,4,REGULAR,rebound,offensive,[],1631105,,,1610612765,107,110,2022-11-21T01:06:51Z,4970000,False,,,0,,J. Duren REBOUND (Off:5 Def:3),[1631105],1610612765.0,DET,,,,Duren,J. Duren,,,,,Above the Break 3,24+ Center,,,506.0,8.0,3.0,5.0,,,,,,,,,,,,,,
508,PT09M53.00S,2022-11-21T01:06:49.3Z,4,REGULAR,2pt,DUNK,"['pointsinthepaint', '2ndchance']",1631105,6.915243101182654,47.30392156862745,1610612765,107,112,2022-11-21T01:08:10Z,4980000,False,13.0,13.0,1,left,J. Duren putback DUNK (12 PTS),[1631105],1610612765.0,DET,putback,,,Duren,J. Duren,,,,,Restricted Area,0-8 Center,1.84,Made,,,,,,,,,,12.0,,,,,,,,
509,PT09M32.00S,2022-11-21T01:07:12.8Z,4,REGULAR,turnover,traveling,[],1631099,,,1610612758,107,112,2022-11-21T01:07:41Z,4990000,False,,,0,,K. Murray traveling TURNOVER (2 TO),[1631099],1610612758.0,SAC,,,,Murray,K. Murray,,,,,In The Paint (Non-RA),0-8 Center,,,,,,,1628953.0,,,,,,,,,2.0,,,,
510,PT09M15.00S,2022-11-21T01:07:51.3Z,4,REGULAR,2pt,Jump Shot,"['pointsinthepaint', 'fromturnover']",202709,8.229303547963205,38.970588235294116,1610612765,107,114,2022-11-21T01:07:56Z,5000000,False,55.0,25.0,1,left,C. Joseph 6' turnaround bank Jump Shot (9 PTS),[202709],1610612765.0,DET,turnaround bank,,,Joseph,C. Joseph,,,,,In The Paint (Non-RA),0-8 Center,6.05,Made,,,,,,,,,,9.0,,,,,,,,
512,PT08M57.00S,2022-11-21T01:08:09.3Z,4,REGULAR,3pt,Jump Shot,[],1628989,92.06636005256242,3.6764705882352944,1610612758,110,114,2022-11-21T01:08:20Z,5020000,False,-232.0,22.0,1,right,K. Huerter 3PT  (14 PTS) (D. Sabonis 5 AST),"[1628989, 1627734]",1610612758.0,SAC,,,,Huerter,K. Huerter,,,,,Left Corner 3,24+ Left,23.27,Made,,,,,,,,,,14.0,D. Sabonis,1627734.0,5.0,,,,,
514,PT08M43.00S,2022-11-21T01:08:24.1Z,4,REGULAR,2pt,Layup,['pointsinthepaint'],1631105,6.915243101182654,53.67647058823529,1610612765,110,114,2022-11-21T01:08:30Z,5040000,False,-18.0,13.0,1,left,MISS J. Duren cutting Layup,[1631105],1610612765.0,DET,cutting,,,Duren,J. Duren,,,,,Restricted Area,0-8 Center,2.22,Missed,,,,,,,,,,,,,,,,,,
515,PT08M40.00S,2022-11-21T01:08:27.1Z,4,REGULAR,rebound,defensive,[],1627734,,,1610612758,110,114,2022-11-21T01:08:30Z,5050000,False,,,0,,D. Sabonis REBOUND (Off:1 Def:10),[1627734],1610612758.0,SAC,,,,Sabonis,D. Sabonis,,,,,Restricted Area,0-8 Center,,,514.0,11.0,10.0,1.0,,,,,,,,,,,,,,
516,PT08M30.00S,2022-11-21T01:08:42.8Z,4,REGULAR,turnover,out-of-bounds,[],1628370,,,1610612758,110,114,2022-11-21T01:09:03Z,5060000,False,,,0,,M. Monk lost ball out-of-bounds TURNOVER (2 TO),[1628370],1610612758.0,SAC,lost ball,,,Monk,M. Monk,,,,,In The Paint (Non-RA),0-8 Center,,,,,,,1628953.0,,,,,,,,,2.0,,,,
517,PT08M30.00S,2022-11-21T01:08:51.3Z,4,REGULAR,substitution,out,[],1631099,,,1610612765,110,114,2022-11-21T01:08:59Z,5070000,False,,,0,,SUB out: K. Murray,[1631099],1610612758.0,SAC,,,,Murray,K. Murray,,,,,,,,,,,,,,,,,,,,,,,,,,
518,PT08M30.00S,2022-11-21T01:08:51.3Z,4,REGULAR,substitution,in,[],203084,,,1610612765,110,114,2022-11-21T01:08:59Z,5080000,False,,,0,,SUB in: H. Barnes,[203084],1610612758.0,SAC,,,,Barnes,H. Barnes,,,,,,,,,,,,,,,,,,,,,,,,,,
519,PT08M21.00S,2022-11-21T01:09:16.9Z,4,REGULAR,foul,personal,[],1628368,,,1610612765,110,114,2022-11-21T01:09:23Z,5090000,False,,,0,,D. Fox personal FOUL (3 PF),"[1628368, 202692]",1610612758.0,SAC,,,,Fox,D. Fox,,,,,Above the Break 3,24+ Center,,,,,,,1628953.0,3.0,0.0,Burks,202692.0,,,,,,,,,
521,PT08M21.00S,2022-11-21T01:09:23.4Z,4,REGULAR,substitution,out,[],202692,,,1610612765,110,114,2022-11-21T01:09:35Z,5110000,False,,,0,,SUB out: A. Burks,[202692],1610612765.0,DET,,,,Burks,A. Burks,,,,,,,,,,,,,,,,,,,,,,,,,,
522,PT08M21.00S,2022-11-21T01:09:23.4Z,4,REGULAR,substitution,out,[],1628977,,,1610612765,110,114,2022-11-21T01:09:35Z,5120000,False,,,0,,SUB out: H. Diallo,[1628977],1610612765.0,DET,,,,Diallo,H. Diallo,,,,,,,,,,,,,,,,,,,,,,,,,,
523,PT08M21.00S,2022-11-21T01:09:23.4Z,4,REGULAR,substitution,in,[],202711,,,1610612765,110,114,2022-11-21T01:09:35Z,5130000,False,,,0,,SUB in: B. Bogdanovic,[202711],1610612765.0,DET,,,,Bogdanovic,B. Bogdanovic,,,,,,,,,,,,,,,,,,,,,,,,,,
524,PT08M21.00S,2022-11-21T01:09:23.4Z,4,REGULAR,substitution,in,[],1630165,,,1610612765,110,114,2022-11-21T01:09:35Z,5140000,False,,,0,,SUB in: K. Hayes,[1630165],1610612765.0,DET,,,,Hayes,K. Hayes,,,,,,,,,,,,,,,,,,,,,,,,,,
528,PT08M15.00S,2022-11-21T01:09:43.8Z,4,REGULAR,3pt,Jump Shot,['fromturnover'],202709,29.911300919842315,70.09803921568627,1610612765,110,117,2022-11-21T01:09:51Z,5150000,False,-100.0,229.0,1,left,C. Joseph 24' 3PT  (12 PTS) (K. Hayes 6 AST),"[202709, 1630165]",1610612765.0,DET,,,,Joseph,C. Joseph,,,,,Above the Break 3,24+ Left Center,24.98,Made,,,,,,,,,,12.0,K. Hayes,1630165.0,6.0,,,,,
530,PT08M03.00S,2022-11-21T01:09:55.1Z,4,REGULAR,2pt,Jump Shot,['pointsinthepaint'],1628368,87.07293035479631,58.333333333333336,1610612758,110,117,2022-11-21T01:10:06Z,5170000,False,42.0,69.0,1,right,MISS D. Fox 8' driving floating Shot,[1628368],1610612758.0,SAC,driving floating,,,Fox,D. Fox,,,,,In The Paint (Non-RA),8-16 Center,8.06,Missed,,,,,,,,,,,,,,,,,,
531,PT08M00.00S,2022-11-21T01:09:58.1Z,4,REGULAR,rebound,defensive,[],1628995,,,1610612765,110,117,2022-11-21T01:10:06Z,5180000,False,,,0,,K. Knox II REBOUND (Off:0 Def:4),[1628995],1610612765.0,DET,,,,Knox II,K. Knox II,,,,,In The Paint (Non-RA),8-16 Center,,,530.0,4.0,4.0,0.0,,,,,,,,,,,,,,
532,PT07M50.00S,2022-11-21T01:10:09.2Z,4,REGULAR,turnover,lost ball,[],202711,,,1610612765,110,117,2022-11-21T01:10:13Z,5190000,False,,,0,,B. Bogdanovic lost ball TURNOVER (2 TO),"[202711, 1628370]",1610612765.0,DET,,,,Bogdanovic,B. Bogdanovic,,,,,Mid-Range,16-24 Right Center,,,,,,,,,,,,,,,,2.0,Monk,1628370.0,,
533,PT07M50.00S,2022-11-21T01:10:09.2Z,4,REGULAR,steal,,[],1628370,,,1610612758,110,117,2022-11-21T01:10:12Z,5200000,False,,,0,,M. Monk STEAL (1 STL),[1628370],1610612758.0,SAC,,,,Monk,M. Monk,,,,,Mid-Range,16-24 Right Center,,,,,,,,,,,,,,,,,,,,
534,PT07M45.00S,2022-11-21T01:10:14.3Z,4,REGULAR,2pt,Layup,"['pointsinthepaint', 'fromturnover', 'fastbreak']",1628368,92.19776609724047,44.6078431372549,1610612758,110,117,2022-11-21T01:10:21Z,5210000,False,-27.0,21.0,1,right,MISS D. Fox running Layup,[1628368],1610612758.0,SAC,running,,,Fox,D. Fox,,,,,Restricted Area,0-8 Center,3.41,Missed,,,,,,,,,,,,,,,,,,
535,PT07M40.00S,2022-11-21T01:10:19.3Z,4,REGULAR,rebound,offensive,[],203084,,,1610612758,110,117,2022-11-21T01:10:21Z,5220000,False,,,0,,H. Barnes REBOUND (Off:2 Def:5),[203084],1610612758.0,SAC,,,,Barnes,H. Barnes,,,,,Restricted Area,0-8 Center,,,534.0,7.0,5.0,2.0,,,,,,,,,,,,,,
536,PT07M39.00S,2022-11-21T01:10:18.8Z,4,REGULAR,2pt,DUNK,"['pointsinthepaint', 'fromturnover', '2ndchance']",203084,92.59198423127464,46.07843137254902,1610612758,112,117,2022-11-21T01:14:00Z,5230000,False,-20.0,17.0,1,right,H. Barnes putback DUNK (23 PTS),[203084],1610612758.0,SAC,putback,,,Barnes,H. Barnes,,,,,Restricted Area,0-8 Center,2.6,Made,,,,,,,,,,23.0,,,,,,,,
537,PT07M28.00S,2022-11-21T01:10:31.0Z,4,REGULAR,turnover,bad pass,[],1630165,,,1610612765,112,117,2022-11-21T01:10:36Z,5240000,False,,,0,,K. Hayes bad pass TURNOVER (1 TO),"[1630165, 1628370]",1610612765.0,DET,,,,Hayes,K. Hayes,,,,,Above the Break 3,24+ Center,,,,,,,,,,,,,,,,1.0,Monk,1628370.0,,
538,PT07M28.00S,2022-11-21T01:10:31.0Z,4,REGULAR,steal,,[],1628370,,,1610612758,112,117,2022-11-21T01:10:33Z,5250000,False,,,0,,M. Monk STEAL (2 STL),[1628370],1610612758.0,SAC,,,,Monk,M. Monk,,,,,Above the Break 3,24+ Center,,,,,,,,,,,,,,,,,,,,
539,PT07M26.00S,2022-11-21T01:10:35.6Z,4,REGULAR,2pt,Layup,"['pointsinthepaint', 'fromturnover', 'fastbreak']",1628370,93.9060446780552,50.73529411764706,1610612758,114,117,2022-11-21T01:10:42Z,5260000,False,4.0,5.0,1,right,M. Monk running Layup (8 PTS),[1628370],1610612758.0,SAC,running,,,Monk,M. Monk,,,,,Restricted Area,0-8 Center,0.61,Made,,,,,,,,,,8.0,,,,,,,,
540,PT07M26.00S,2022-11-21T01:11:08.9Z,4,REGULAR,foul,personal,['1freethrow'],202709,,,1610612758,114,117,2022-11-21T01:11:19Z,5270000,False,,,0,,C. Joseph shooting personal FOUL (1 PF) (Monk 1 FT),"[202709, 1628370]",1610612765.0,DET,shooting,,,Joseph,C. Joseph,,,,,Restricted Area,0-8 Center,,,,,,,1830.0,1.0,0.0,Monk,1628370.0,,,,,,,,,
542,PT07M26.00S,2022-11-21T01:11:25.8Z,4,REGULAR,foul,technical,['1freethrow'],1628370,,,1610612758,114,117,2022-11-21T01:11:42Z,5290000,False,,,0,,M. Monk technical FOUL (2 Tech),[1628370],1610612758.0,SAC,,,,Monk,M. Monk,,,,,,,,,,,,,1830.0,2.0,2.0,,,,,,,,,,,
543,PT07M26.00S,2022-11-21T01:11:47.7Z,4,REGULAR,freethrow,1 of 1,[],202711,,,1610612758,114,118,2022-11-21T01:11:47Z,5300000,False,,,0,,B. Bogdanovic technical Free Throw 1 of 1 (19 PTS),[202711],1610612765.0,DET,technical,,,Bogdanovic,B. Bogdanovic,,,,,,,,Made,,,,,,,,,,19.0,,,,,,,,
544,PT07M26.00S,2022-11-21T01:11:48.6Z,4,REGULAR,ejection,other,[],1628370,,,1610612758,114,118,2022-11-21T01:12:00Z,5310000,False,,,0,,Ejection M. Monk,[1628370],1610612758.0,SAC,,,,Monk,M. Monk,,,,,,,,,,,,,1830.0,,,,,,,,,,,,,
546,PT07M26.00S,2022-11-21T01:12:09.8Z,4,REGULAR,substitution,out,[],1628370,,,1610612758,114,118,2022-11-21T01:12:15Z,5330000,False,,,0,,SUB out: M. Monk,[1628370],1610612758.0,SAC,,,,Monk,M. Monk,,,,,,,,,,,,,,,,,,,,,,,,,,
547,PT07M26.00S,2022-11-21T01:12:09.8Z,4,REGULAR,substitution,in,[],1631099,,,1610612758,114,118,2022-11-21T01:12:15Z,5340000,False,,,0,,SUB in: K. Murray,[1631099],1610612758.0,SAC,,,,Murray,K. Murray,,,,,,,,,,,,,,,,,,,,,,,,,,
548,PT07M26.00S,2022-11-21T01:13:32.3Z,4,REGULAR,freethrow,1 of 1,"['fromturnover', 'fastbreak']",1628368,,,1610612758,115,118,2022-11-21T01:13:32Z,5350000,False,,,0,,D. Fox Free Throw 1 of 1 (27 PTS),[1628368],1610612758.0,SAC,,,,Fox,D. Fox,,,,,,,,Made,,,,,,,,,,27.0,,,,,,,,
549,PT07M10.00S,2022-11-21T01:13:50.9Z,4,REGULAR,2pt,Jump Shot,[],202709,25.04927726675427,43.38235294117647,1610612765,115,118,2022-11-21T01:13:57Z,5360000,False,33.0,183.0,1,left,MISS C. Joseph 18' step back Shot,[202709],1610612765.0,DET,step back,,,Joseph,C. Joseph,,,,,Mid-Range,16-24 Center,18.6,Missed,,,,,,,,,,,,,,,,,,
550,PT07M06.00S,2022-11-21T01:13:54.9Z,4,REGULAR,rebound,defensive,[],1628368,,,1610612758,115,118,2022-11-21T01:13:57Z,5370000,False,,,0,,D. Fox REBOUND (Off:0 Def:3),[1628368],1610612758.0,SAC,,,,Fox,D. Fox,,,,,Mid-Range,16-24 Center,,,549.0,3.0,3.0,0.0,,,,,,,,,,,,,,
551,PT06M56.00S,2022-11-21T01:14:03.6Z,4,REGULAR,2pt,Jump Shot,[],1631099,93.38042049934296,77.45098039215686,1610612758,117,118,2022-11-21T01:14:09Z,5380000,False,137.0,10.0,1,right,K. Murray 13' pullup Jump Shot (13 PTS) (K. Huerter 4 AST),"[1631099, 1628989]",1610612758.0,SAC,pullup,,,Murray,K. Murray,,,,,Mid-Range,8-16 Right,13.76,Made,,,,,,,,,,13.0,K. Huerter,1628989.0,4.0,,,,,
553,PT06M46.00S,2022-11-21T01:14:18.9Z,4,REGULAR,timeout,full,"['team', 'mandatory']",0,,,1610612765,117,118,2022-11-21T01:14:18Z,5400000,False,,,0,,DET Timeout,[],1610612765.0,DET,,,,,,,,,,,,,,,,,,,,,,,,,,,,,,,
554,PT06M46.00S,2022-11-21T01:16:31.5Z,4,REGULAR,substitution,out,[],1631105,,,1610612765,117,118,2022-11-21T01:16:58Z,5410000,False,,,0,,SUB out: J. Duren,[1631105],1610612765.0,DET,,,,Duren,J. Duren,,,,,,,,,,,,,,,,,,,,,,,,,,
555,PT06M46.00S,2022-11-21T01:16:31.5Z,4,REGULAR,substitution,out,[],202709,,,1610612765,117,118,2022-11-21T01:16:58Z,5420000,False,,,0,,SUB out: C. Joseph,[202709],1610612765.0,DET,,,,Joseph,C. Joseph,,,,,,,,,,,,,,,,,,,,,,,,,,
556,PT06M46.00S,2022-11-21T01:16:31.5Z,4,REGULAR,substitution,in,[],1628963,,,1610612765,117,118,2022-11-21T01:16:58Z,5430000,False,,,0,,SUB in: M. Bagley III,[1628963],1610612765.0,DET,,,,Bagley III,M. Bagley III,,,,,,,,,,,,,,,,,,,,,,,,,,
557,PT06M46.00S,2022-11-21T01:16:31.5Z,4,REGULAR,substitution,in,[],1631093,,,1610612765,117,118,2022-11-21T01:16:58Z,5440000,False,,,0,,SUB in: J. Ivey,[1631093],1610612765.0,DET,,,,Ivey,J. Ivey,,,,,,,,,,,,,,,,,,,,,,,,,,
558,PT06M30.00S,2022-11-21T01:17:25.6Z,4,REGULAR,2pt,Jump Shot,[],202711,4.862023653088042,15.690104166666666,1610612765,117,120,2022-11-21T01:18:08Z,5450000,False,172.0,-7.0,1,left,B. Bogdanovic 17' step back Jump Shot (21 PTS),[202711],1610612765.0,DET,step back,,,Bogdanovic,B. Bogdanovic,,,,,Mid-Range,16-24 Right,17.16,Made,,,,,,,,,,21.0,,,,,,,,
559,PT06M19.00S,2022-11-21T01:17:36.8Z,4,REGULAR,3pt,Jump Shot,[],1631099,68.01905387647832,37.00980392156863,1610612758,117,120,2022-11-21T01:17:45Z,5460000,False,-65.0,248.0,1,right,MISS K. Murray 25' 3PT,[1631099],1610612758.0,SAC,,,,Murray,K. Murray,,,,,Above the Break 3,24+ Center,25.65,Missed,,,,,,,,,,,,,,,,,,
560,PT06M16.00S,2022-11-21T01:17:39.8Z,4,REGULAR,rebound,offensive,['team'],0,,,1610612758,117,120,2022-11-21T01:17:45Z,5470000,False,,,0,,TEAM offensive REBOUND,[],1610612758.0,SAC,,,,,,,,,,Above the Break 3,24+ Center,,,559.0,,,,,,,,,,,,,,,,,
562,PT06M10.00S,2022-11-21T01:18:01.5Z,4,REGULAR,2pt,Layup,"['pointsinthepaint', '2ndchance']",1628989,92.46057818659659,54.166666666666664,1610612758,119,120,2022-11-21T01:18:11Z,5490000,False,21.0,18.0,1,right,K. Huerter Layup (16 PTS) (D. Fox 7 AST),"[1628989, 1628368]",1610612758.0,SAC,,,,Huerter,K. Huerter,,,,,Restricted Area,0-8 Center,2.78,Made,,,,,,,,,,16.0,D. Fox,1628368.0,7.0,,,,,
564,PT05M59.00S,2022-11-21T01:18:14.5Z,4,REGULAR,2pt,Layup,['pointsinthepaint'],1631093,5.863994743758213,44.11764705882353,1610612765,119,120,2022-11-21T01:20:09Z,5510000,False,29.0,3.0,1,left,MISS J. Ivey driving Layup,[1631093],1610612765.0,DET,driving,,,Ivey,J. Ivey,,,,,Restricted Area,0-8 Center,2.95,Missed,,,,,,,,,,,,,,,,,,
565,PT05M58.00S,2022-11-21T01:18:15.5Z,4,REGULAR,rebound,offensive,[],1628963,,,1610612765,119,120,2022-11-21T01:20:09Z,5520000,False,,,0,,M. Bagley III REBOUND (Off:2 Def:3),[1628963],1610612765.0,DET,,,,Bagley III,M. Bagley III,,,,,Restricted Area,0-8 Center,,,564.0,5.0,3.0,2.0,,,,,,,,,,,,,,
566,PT05M58.00S,2022-11-21T01:18:18.4Z,4,REGULAR,foul,personal,['2freethrow'],1628989,,,1610612765,119,120,2022-11-21T01:18:45Z,5530000,False,,,0,,K. Huerter shooting personal FOUL (3 PF) (Bagley III 2 FT),"[1628989, 1628963]",1610612758.0,SAC,shooting,,,Huerter,K. Huerter,,,,,Restricted Area,0-8 Center,,,,,,,1830.0,3.0,0.0,Bagley III,1628963.0,,,,,,,,,
568,PT05M58.00S,2022-11-21T01:18:59.4Z,4,REGULAR,freethrow,1 of 2,['2ndchance'],1628963,,,1610612765,119,121,2022-11-21T01:18:59Z,5550000,False,,,0,,M. Bagley III Free Throw 1 of 2 (12 PTS),[1628963],1610612765.0,DET,,,,Bagley III,M. Bagley III,,,,,,,,Made,,,,,,,,,,12.0,,,,,,,,
569,PT05M58.00S,2022-11-21T01:19:21.3Z,4,REGULAR,freethrow,2 of 2,['2ndchance'],1628963,,,1610612765,119,122,2022-11-21T01:19:21Z,5560000,False,,,0,,M. Bagley III Free Throw 2 of 2 (13 PTS),[1628963],1610612765.0,DET,,,,Bagley III,M. Bagley III,,,,,,,,Made,,,,,,,,,,13.0,,,,,,,,
570,PT05M44.00S,2022-11-21T01:19:36.5Z,4,REGULAR,3pt,Jump Shot,[],1631099,76.69185282522996,11.029411764705882,1610612758,119,122,2022-11-21T01:19:42Z,5570000,False,-195.0,167.0,1,right,MISS K. Murray 25' 3PT,[1631099],1610612758.0,SAC,,,,Murray,K. Murray,,,,,Above the Break 3,24+ Left Center,25.64,Missed,,,,,,,,,,,,,,,,,,
571,PT05M40.00S,2022-11-21T01:19:40.5Z,4,REGULAR,rebound,defensive,[],1628995,,,1610612765,119,122,2022-11-21T01:19:42Z,5580000,False,,,0,,K. Knox II REBOUND (Off:0 Def:5),[1628995],1610612765.0,DET,,,,Knox II,K. Knox II,,,,,Above the Break 3,24+ Left Center,,,570.0,5.0,5.0,0.0,,,,,,,,,,,,,,
572,PT05M27.00S,2022-11-21T01:19:55.9Z,4,REGULAR,foul,personal,['2freethrow'],1627734,,,1610612765,119,122,2022-11-21T01:20:04Z,5590000,False,,,0,,D. Sabonis shooting personal FOUL (5 PF) (Bagley III 2 FT),"[1627734, 1628963]",1610612758.0,SAC,shooting,,,Sabonis,D. Sabonis,,,,,In The Paint (Non-RA),0-8 Center,,,,,,,1627964.0,5.0,0.0,Bagley III,1628963.0,,,,,,,,,
574,PT05M27.00S,2022-11-21T01:20:30.3Z,4,REGULAR,freethrow,1 of 2,[],1628963,,,1610612765,119,123,2022-11-21T01:20:30Z,5610000,False,,,0,,M. Bagley III Free Throw 1 of 2 (14 PTS),[1628963],1610612765.0,DET,,,,Bagley III,M. Bagley III,,,,,,,,Made,,,,,,,,,,14.0,,,,,,,,
575,PT05M27.00S,2022-11-21T01:20:50.8Z,4,REGULAR,freethrow,2 of 2,[],1628963,,,1610612765,119,124,2022-11-21T01:20:50Z,5620000,False,,,0,,M. Bagley III Free Throw 2 of 2 (15 PTS),[1628963],1610612765.0,DET,,,,Bagley III,M. Bagley III,,,,,,,,Made,,,,,,,,,,15.0,,,,,,,,
576,PT05M12.00S,2022-11-21T01:21:06.7Z,4,REGULAR,2pt,Jump Shot,[],1628368,75.64060446780552,56.127450980392155,1610612758,119,124,2022-11-21T01:21:31Z,5630000,False,31.0,176.0,1,right,MISS D. Fox 17' step back Shot,[1628368],1610612758.0,SAC,step back,,,Fox,D. Fox,,,,,Mid-Range,16-24 Center,17.91,Missed,,,,,,,,,,,,,,,,,,
577,PT05M10.00S,2022-11-21T01:21:08.7Z,4,REGULAR,rebound,offensive,[],1628989,,,1610612758,119,124,2022-11-21T01:21:31Z,5640000,False,,,0,,K. Huerter REBOUND (Off:2 Def:1),[1628989],1610612758.0,SAC,,,,Huerter,K. Huerter,,,,,Mid-Range,16-24 Center,,,576.0,3.0,1.0,2.0,,,,,,,,,,,,,,
578,PT05M09.00S,2022-11-21T01:21:11.4Z,4,REGULAR,2pt,Layup,"['pointsinthepaint', '2ndchance']",1628989,93.11760840998686,55.63725490196079,1610612758,119,124,2022-11-21T01:21:24Z,5650000,False,28.0,12.0,1,right,MISS K. Huerter driving Layup,[1628989],1610612758.0,SAC,driving,,,Huerter,K. Huerter,,,,,Restricted Area,0-8 Center,3.07,Missed,,,,,,,,,,,,,,,,,,
579,PT05M05.00S,2022-11-21T01:21:15.4Z,4,REGULAR,rebound,defensive,[],1628963,,,1610612765,119,124,2022-11-21T01:24:28Z,5660000,False,,,0,,M. Bagley III REBOUND (Off:2 Def:4),[1628963],1610612765.0,DET,,,,Bagley III,M. Bagley III,,,,,Restricted Area,0-8 Center,,,578.0,6.0,4.0,2.0,,,,,,,,,,,,,,
583,PT04M45.00S,2022-11-21T01:21:49.7Z,4,REGULAR,3pt,Jump Shot,[],1628995,31.750985545335087,65.44117647058823,1610612765,119,124,2022-11-21T01:21:55Z,5700000,False,-77.0,246.0,1,left,MISS K. Knox II 25' 3PT,[1628995],1610612765.0,DET,,,,Knox II,K. Knox II,,,,,Above the Break 3,24+ Center,25.78,Missed,,,,,,,,,,,,,,,,,,
584,PT04M40.00S,2022-11-21T01:21:54.7Z,4,REGULAR,rebound,defensive,[],1628368,,,1610612758,119,124,2022-11-21T01:21:55Z,5710000,False,,,0,,D. Fox REBOUND (Off:0 Def:4),[1628368],1610612758.0,SAC,,,,Fox,D. Fox,,,,,Above the Break 3,24+ Center,,,583.0,4.0,4.0,0.0,,,,,,,,,,,,,,
585,PT04M35.00S,2022-11-21T01:22:02.4Z,4,REGULAR,2pt,Layup,[],203084,86.28449408672799,29.411764705882355,1610612758,119,124,2022-11-21T01:22:16Z,5720000,False,-103.0,76.0,1,right,MISS H. Barnes 12' driving Layup - blocked,"[203084, 1630165]",1610612758.0,SAC,driving,,,Barnes,H. Barnes,,,,,Mid-Range,8-16 Left,12.82,Missed,,,,,,,,,,,,,,,,,Hayes,1630165.0
586,PT04M35.00S,2022-11-21T01:22:02.4Z,4,REGULAR,block,,[],1630165,,,1610612758,119,124,2022-11-21T01:22:10Z,5730000,False,,,0,,K. Hayes BLOCK (1 BLK),[1630165],1610612765.0,DET,,,,Hayes,K. Hayes,,,,,Mid-Range,8-16 Left,,,,,,,,,,,,,,,,,,,,
587,PT04M35.00S,2022-11-21T01:22:02.4Z,4,REGULAR,rebound,offensive,['team'],0,,,1610612758,119,124,2022-11-21T01:22:16Z,5740000,False,,,0,,TEAM offensive REBOUND,[],1610612758.0,SAC,,,,,,,,,,Mid-Range,8-16 Left,,,585.0,,,,,,,,,,,,,,,,,
589,PT04M33.00S,2022-11-21T01:22:17.6Z,4,REGULAR,3pt,Jump Shot,['2ndchance'],1628989,92.46057818659659,3.6764705882352944,1610612758,119,124,2022-11-21T01:22:22Z,5760000,False,-232.0,18.0,1,right,MISS K. Huerter 3PT,[1628989],1610612758.0,SAC,,,,Huerter,K. Huerter,,,,,Left Corner 3,24+ Left,23.23,Missed,,,,,,,,,,,,,,,,,,
590,PT04M28.00S,2022-11-21T01:22:22.6Z,4,REGULAR,rebound,defensive,[],202711,,,1610612765,119,124,2022-11-21T01:22:22Z,5770000,False,,,0,,B. Bogdanovic REBOUND (Off:0 Def:3),[202711],1610612765.0,DET,,,,Bogdanovic,B. Bogdanovic,,,,,Left Corner 3,24+ Left,,,589.0,3.0,3.0,0.0,,,,,,,,,,,,,,
591,PT04M16.00S,2022-11-21T01:22:34.3Z,4,REGULAR,turnover,bad pass,[],202711,,,1610612765,119,124,2022-11-21T01:22:38Z,5780000,False,,,0,,B. Bogdanovic bad pass TURNOVER (3 TO),"[202711, 1628989]",1610612765.0,DET,,,,Bogdanovic,B. Bogdanovic,,,,,Mid-Range,8-16 Right,,,,,,,,,,,,,,,,3.0,Huerter,1628989.0,,
592,PT04M16.00S,2022-11-21T01:22:34.3Z,4,REGULAR,steal,,[],1628989,,,1610612758,119,124,2022-11-21T01:22:36Z,5790000,False,,,0,,K. Huerter STEAL (1 STL),[1628989],1610612758.0,SAC,,,,Huerter,K. Huerter,,,,,Mid-Range,8-16 Right,,,,,,,,,,,,,,,,,,,,
593,PT04M12.00S,2022-11-21T01:22:38.7Z,4,REGULAR,2pt,DUNK,"['pointsinthepaint', 'fromturnover', 'fastbreak']",1628368,91.93495400788436,48.03921568627451,1610612758,121,124,2022-11-21T01:22:46Z,5800000,False,-10.0,23.0,1,right,D. Fox running DUNK (29 PTS),[1628368],1610612758.0,SAC,running,,,Fox,D. Fox,,,,,Restricted Area,0-8 Center,2.53,Made,,,,,,,,,,29.0,,,,,,,,
595,PT03M54.00S,2022-11-21T01:23:17.4Z,4,REGULAR,timeout,full,['team'],0,,,1610612765,121,124,2022-11-21T01:23:17Z,5820000,False,,,0,,DET Timeout,[],1610612765.0,DET,,,,,,,,,,,,,,,,,,,,,,,,,,,,,,,
596,PT03M54.00S,2022-11-21T01:24:37.8Z,4,REGULAR,timeout,full,['team'],0,,,1610612765,121,124,2022-11-21T01:24:37Z,5830000,False,,,0,,SAC Timeout,[],1610612758.0,SAC,,,,,,,,,,,,,,,,,,,,,,,,,,,,,,,
597,PT03M54.00S,2022-11-21T01:25:03.7Z,4,REGULAR,substitution,out,[],1628995,,,1610612765,121,124,2022-11-21T01:25:54Z,5840000,False,,,0,,SUB out: K. Knox II,[1628995],1610612765.0,DET,,,,Knox II,K. Knox II,,,,,,,,,,,,,,,,,,,,,,,,,,
598,PT03M54.00S,2022-11-21T01:25:03.7Z,4,REGULAR,substitution,in,[],202692,,,1610612765,121,124,2022-11-21T01:25:54Z,5850000,False,,,0,,SUB in: A. Burks,[202692],1610612765.0,DET,,,,Burks,A. Burks,,,,,,,,,,,,,,,,,,,,,,,,,,
599,PT03M50.00S,2022-11-21T01:26:09.2Z,4,REGULAR,3pt,Jump Shot,[],202692,25.969119579500656,82.35294117647058,1610612765,121,124,2022-11-21T01:26:14Z,5860000,False,-162.0,192.0,1,left,MISS A. Burks 25' 3PT,[202692],1610612765.0,DET,,,,Burks,A. Burks,,,,,Above the Break 3,24+ Left Center,25.08,Missed,,,,,,,,,,,,,,,,,,
600,PT03M46.00S,2022-11-21T01:26:13.2Z,4,REGULAR,rebound,defensive,[],1628989,,,1610612758,121,124,2022-11-21T01:26:14Z,5870000,False,,,0,,K. Huerter REBOUND (Off:2 Def:2),[1628989],1610612758.0,SAC,,,,Huerter,K. Huerter,,,,,Above the Break 3,24+ Left Center,,,599.0,4.0,2.0,2.0,,,,,,,,,,,,,,
601,PT03M30.00S,2022-11-21T01:26:29.4Z,4,REGULAR,2pt,Jump Shot,[],1628368,76.5604467805519,30.88235294117647,1610612758,121,124,2022-11-21T01:26:43Z,5880000,False,-96.0,168.0,1,right,MISS D. Fox 19' step back Shot,[1628368],1610612758.0,SAC,step back,,,Fox,D. Fox,,,,,Mid-Range,16-24 Left Center,19.31,Missed,,,,,,,,,,,,,,,,,,
602,PT03M26.00S,2022-11-21T01:26:33.4Z,4,REGULAR,rebound,offensive,[],1627734,,,1610612758,121,124,2022-11-21T01:26:43Z,5890000,False,,,0,,D. Sabonis REBOUND (Off:2 Def:10),[1627734],1610612758.0,SAC,,,,Sabonis,D. Sabonis,,,,,Mid-Range,16-24 Left Center,,,601.0,12.0,10.0,2.0,,,,,,,,,,,,,,
603,PT03M23.00S,2022-11-21T01:26:43.9Z,4,REGULAR,3pt,Jump Shot,['2ndchance'],1628989,66.5735873850197,48.77450980392157,1610612758,124,124,2022-11-21T01:27:13Z,5900000,False,-6.0,262.0,1,right,K. Huerter 26' 3PT  (19 PTS) (D. Sabonis 6 AST),"[1628989, 1627734]",1610612758.0,SAC,,,,Huerter,K. Huerter,,,,,Above the Break 3,24+ Center,26.18,Made,,,,,,,,,,19.0,D. Sabonis,1627734.0,6.0,,,,,
605,PT03M12.00S,2022-11-21T01:26:53.5Z,4,REGULAR,foul,personal,['2freethrow'],1628368,,,1610612765,124,124,2022-11-21T01:27:06Z,5920000,False,,,0,,D. Fox shooting personal FOUL (4 PF) (Ivey 2 FT),"[1628368, 1631093]",1610612758.0,SAC,shooting,,,Fox,D. Fox,,,,,Restricted Area,0-8 Center,,,,,,,1830.0,4.0,0.0,Ivey,1631093.0,,,,,,,,,
607,PT03M12.00S,2022-11-21T01:27:13.8Z,4,REGULAR,freethrow,1 of 2,[],1631093,,,1610612765,124,125,2022-11-21T01:27:13Z,5940000,False,,,0,,J. Ivey Free Throw 1 of 2 (22 PTS),[1631093],1610612765.0,DET,,,,Ivey,J. Ivey,,,,,,,,Made,,,,,,,,,,22.0,,,,,,,,
608,PT03M12.00S,2022-11-21T01:27:30.8Z,4,REGULAR,freethrow,2 of 2,[],1631093,,,1610612765,124,125,2022-11-21T01:27:30Z,5950000,False,,,0,,MISS J. Ivey Free Throw 2 of 2,[1631093],1610612765.0,DET,,,,Ivey,J. Ivey,,,,,,,,Missed,,,,,,,,,,,,,,,,,,
609,PT03M09.00S,2022-11-21T01:27:32.4Z,4,REGULAR,rebound,defensive,[],203084,,,1610612758,124,125,2022-11-21T01:27:32Z,5960000,False,,,0,,H. Barnes REBOUND (Off:2 Def:6),[203084],1610612758.0,SAC,,,,Barnes,H. Barnes,,,,,,,,,608.0,8.0,6.0,2.0,,,,,,,,,,,,,,
610,PT02M47.00S,2022-11-21T01:27:54.9Z,4,REGULAR,3pt,Jump Shot,[],1628989,65.52233902759527,62.254901960784316,1610612758,124,125,2022-11-21T01:28:01Z,5970000,False,61.0,272.0,1,right,MISS K. Huerter 27' 3PT,[1628989],1610612758.0,SAC,,,,Huerter,K. Huerter,,,,,Above the Break 3,24+ Center,27.84,Missed,,,,,,,,,,,,,,,,,,
611,PT02M44.00S,2022-11-21T01:27:57.6Z,4,REGULAR,rebound,offensive,[],1627734,,,1610612758,124,125,2022-11-21T01:27:57Z,5980000,False,,,0,,D. Sabonis REBOUND (Off:3 Def:10),[1627734],1610612758.0,SAC,,,,Sabonis,D. Sabonis,,,,,Above the Break 3,24+ Center,,,610.0,13.0,10.0,3.0,,,,,,,,,,,,,,
612,PT02M42.00S,2022-11-21T01:28:00.0Z,4,REGULAR,2pt,DUNK,"['pointsinthepaint', '2ndchance']",203084,92.85479632063075,51.71568627450981,1610612758,126,125,2022-11-21T01:28:06Z,5990000,False,9.0,15.0,1,right,H. Barnes DUNK (25 PTS) (K. Huerter 5 AST),"[203084, 1628989]",1610612758.0,SAC,,,,Barnes,H. Barnes,,,,,Restricted Area,0-8 Center,1.7,Made,,,,,,,,,,25.0,K. Huerter,1628989.0,5.0,,,,,
614,PT02M20.00S,2022-11-21T01:28:21.1Z,4,REGULAR,2pt,Jump Shot,['pointsinthepaint'],1631093,10.200394218134035,41.42156862745098,1610612765,126,127,2022-11-21T01:30:06Z,6010000,False,43.0,43.0,1,left,J. Ivey 6' turnaround bank Jump Shot (24 PTS),[1631093],1610612765.0,DET,turnaround bank,,,Ivey,J. Ivey,,,,,In The Paint (Non-RA),0-8 Center,6.1,Made,,,,,,,,,,24.0,,,,,,,,
615,PT01M59.00S,2022-11-21T01:28:43.6Z,4,REGULAR,2pt,Layup,['pointsinthepaint'],1628989,93.24901445466492,54.90196078431373,1610612758,128,127,2022-11-21T01:28:50Z,6020000,False,25.0,11.0,1,right,K. Huerter driving reverse Layup (21 PTS) (K. Murray 1 AST),"[1628989, 1631099]",1610612758.0,SAC,driving reverse,,,Huerter,K. Huerter,,,,,Restricted Area,0-8 Center,2.69,Made,,,,,,,,,,21.0,K. Murray,1631099.0,1.0,,,,,
633,PT01M40.00S,2022-11-21T01:29:09.7Z,4,REGULAR,turnover,lost ball,[],1631093,,,1610612765,128,127,2022-11-21T01:32:38Z,6065000,False,,,0,,J. Ivey lost ball TURNOVER (2 TO),"[1631093, 1627734]",1610612765.0,DET,,,,Ivey,J. Ivey,,,,,Restricted Area,0-8 Center,,,,,,,,,,,,,,,,2.0,Sabonis,1627734.0,,
634,PT01M40.00S,2022-11-21T01:29:09.7Z,4,REGULAR,steal,,[],1627734,,,1610612758,128,127,2022-11-21T01:32:38Z,6067500,False,,,0,,D. Sabonis STEAL (1 STL),[1627734],1610612758.0,SAC,,,,Sabonis,D. Sabonis,,,,,Restricted Area,0-8 Center,,,,,,,,,,,,,,,,,,,,
620,PT01M29.00S,2022-11-21T01:29:15.2Z,4,REGULAR,3pt,Jump Shot,['fromturnover'],1628989,92.46057818659659,94.6078431372549,1610612758,131,127,2022-11-21T01:32:38Z,6070000,False,223.0,18.0,1,right,K. Huerter 3PT  (24 PTS) (D. Sabonis 7 AST),"[1628989, 1627734]",1610612758.0,SAC,,,,Huerter,K. Huerter,,,,,Right Corner 3,24+ Right,22.38,Made,,,,,,,,,,24.0,D. Sabonis,1627734.0,7.0,,,,,
622,PT01M29.00S,2022-11-21T01:29:23.6Z,4,REGULAR,timeout,full,['team'],0,,,1610612765,131,127,2022-11-21T01:29:23Z,6090000,False,,,0,,DET Timeout,[],1610612765.0,DET,,,,,,,,,,,,,,,,,,,,,,,,,,,,,,,
623,PT01M29.00S,2022-11-21T01:30:38.3Z,4,REGULAR,substitution,out,[],1631099,,,1610612765,131,127,2022-11-21T01:30:57Z,6100000,False,,,0,,SUB out: K. Murray,[1631099],1610612758.0,SAC,,,,Murray,K. Murray,,,,,,,,,,,,,,,,,,,,,,,,,,
624,PT01M29.00S,2022-11-21T01:30:38.3Z,4,REGULAR,substitution,out,[],1628963,,,1610612765,131,127,2022-11-21T01:30:57Z,6110000,False,,,0,,SUB out: M. Bagley III,[1628963],1610612765.0,DET,,,,Bagley III,M. Bagley III,,,,,,,,,,,,,,,,,,,,,,,,,,
625,PT01M29.00S,2022-11-21T01:30:38.3Z,4,REGULAR,substitution,in,[],1630558,,,1610612765,131,127,2022-11-21T01:30:57Z,6120000,False,,,0,,SUB in: D. Mitchell,[1630558],1610612758.0,SAC,,,,Mitchell,D. Mitchell,,,,,,,,,,,,,,,,,,,,,,,,,,
626,PT01M29.00S,2022-11-21T01:30:38.3Z,4,REGULAR,substitution,in,[],1631105,,,1610612765,131,127,2022-11-21T01:30:57Z,6130000,False,,,0,,SUB in: J. Duren,[1631105],1610612765.0,DET,,,,Duren,J. Duren,,,,,,,,,,,,,,,,,,,,,,,,,,
627,PT01M19.00S,2022-11-21T01:31:18.6Z,4,REGULAR,2pt,Jump Shot,[],1630165,6.915243101182654,68.13725490196079,1610612765,131,127,2022-11-21T01:31:24Z,6140000,False,-91.0,13.0,1,left,MISS K. Hayes 9' pullup Shot,[1630165],1610612765.0,DET,pullup,,,Hayes,K. Hayes,,,,,Mid-Range,8-16 Left,9.16,Missed,,,,,,,,,,,,,,,,,,
628,PT01M16.00S,2022-11-21T01:31:21.6Z,4,REGULAR,rebound,defensive,[],1628989,,,1610612758,131,127,2022-11-21T01:31:24Z,6150000,False,,,0,,K. Huerter REBOUND (Off:2 Def:3),[1628989],1610612758.0,SAC,,,,Huerter,K. Huerter,,,,,Mid-Range,8-16 Left,,,627.0,5.0,3.0,2.0,,,,,,,,,,,,,,
629,PT00M56.50S,2022-11-21T01:31:40.3Z,4,REGULAR,2pt,Jump Shot,[],1628368,78.0059132720105,70.34313725490196,1610612758,133,127,2022-11-21T01:31:46Z,6160000,False,102.0,154.0,1,right,D. Fox 18' step back Jump Shot (31 PTS),[1628368],1610612758.0,SAC,step back,,,Fox,D. Fox,,,,,Mid-Range,16-24 Right Center,18.47,Made,,,,,,,,,,31.0,,,,,,,,
632,PT00M41.80S,2022-11-21T01:32:22.2Z,4,REGULAR,violation,kicked ball,[],1627734,,,1610612765,133,127,2022-11-21T01:32:30Z,6190000,False,,,0,,D. Sabonis kicked ball VIOLATION,[1627734],1610612758.0,SAC,,,,Sabonis,D. Sabonis,,,,,,,,,,,,,1628953.0,,,,,,,,,,,,,
635,PT00M31.00S,2022-11-21T01:32:46.0Z,4,REGULAR,foul,personal,"['inpenalty', '3freethrow']",1628989,,,1610612765,133,127,2022-11-21T01:33:09Z,6200000,False,,,0,,K. Huerter shooting personal FOUL (4 PF) (Burks 3 FT),"[1628989, 202692]",1610612758.0,SAC,shooting,,,Huerter,K. Huerter,,,,,Above the Break 3,24+ Right Center,,,,,,,1627964.0,4.0,0.0,Burks,202692.0,,,,,,,,,
637,PT00M31.00S,2022-11-21T01:33:14.9Z,4,REGULAR,freethrow,1 of 3,[],202692,,,1610612765,133,128,2022-11-21T01:33:14Z,6220000,False,,,0,,A. Burks Free Throw 1 of 3 (15 PTS),[202692],1610612765.0,DET,,,,Burks,A. Burks,,,,,,,,Made,,,,,,,,,,15.0,,,,,,,,
638,PT00M31.00S,2022-11-21T01:33:29.5Z,4,REGULAR,freethrow,2 of 3,[],202692,,,1610612765,133,128,2022-11-21T01:33:29Z,6230000,False,,,0,,MISS A. Burks Free Throw 2 of 3,[202692],1610612765.0,DET,,,,Burks,A. Burks,,,,,,,,Missed,,,,,,,,,,,,,,,,,,
639,PT00M31.00S,2022-11-21T01:33:29.5Z,4,REGULAR,rebound,offensive,"['deadball', 'team']",0,,,1610612765,133,128,2022-11-21T01:33:29Z,6240000,False,,,0,,TEAM offensive REBOUND,[],1610612765.0,DET,,,,,,,,,,,,,,638.0,,,,,,,,,,,,,,,,,
640,PT00M31.00S,2022-11-21T01:33:30.9Z,4,REGULAR,substitution,out,[],1630558,,,1610612765,133,128,2022-11-21T01:33:36Z,6250000,False,,,0,,SUB out: D. Mitchell,[1630558],1610612758.0,SAC,,,,Mitchell,D. Mitchell,,,,,,,,,,,,,,,,,,,,,,,,,,
641,PT00M31.00S,2022-11-21T01:33:30.9Z,4,REGULAR,substitution,in,[],1631099,,,1610612765,133,128,2022-11-21T01:33:36Z,6260000,False,,,0,,SUB in: K. Murray,[1631099],1610612758.0,SAC,,,,Murray,K. Murray,,,,,,,,,,,,,,,,,,,,,,,,,,
642,PT00M31.00S,2022-11-21T01:33:46.7Z,4,REGULAR,freethrow,3 of 3,[],202692,,,1610612765,133,129,2022-11-21T01:33:46Z,6270000,False,,,0,,A. Burks Free Throw 3 of 3 (16 PTS),[202692],1610612765.0,DET,,,,Burks,A. Burks,,,,,,,,Made,,,,,,,,,,16.0,,,,,,,,
643,PT00M31.00S,2022-11-21T01:33:57.7Z,4,REGULAR,timeout,full,['team'],0,,,1610612758,133,129,2022-11-21T01:33:57Z,6280000,False,,,0,,SAC Timeout,[],1610612758.0,SAC,,,,,,,,,,,,,,,,,,,,,,,,,,,,,,,
644,PT00M26.00S,2022-11-21T01:35:41.8Z,4,REGULAR,foul,personal,[],202711,,,1610612758,133,129,2022-11-21T01:36:27Z,6290000,False,,,0,,B. Bogdanovic take personal FOUL (3 PF),"[202711, 1628368]",1610612765.0,DET,take,,,Bogdanovic,B. Bogdanovic,,,,,Above the Break 3,24+ Left Center,,,,,,,1830.0,3.0,0.0,Fox,1628368.0,,,,,,,,,
646,PT00M22.60S,2022-11-21T01:36:04.7Z,4,REGULAR,foul,personal,"['inpenalty', '2freethrow']",1631093,,,1610612758,133,129,2022-11-21T01:36:16Z,6310000,False,,,0,,J. Ivey take personal FOUL (5 PF) (Fox 2 FT),"[1631093, 1628368]",1610612765.0,DET,take,,,Ivey,J. Ivey,,,,,Above the Break 3,24+ Right Center,,,,,,,1830.0,5.0,0.0,Fox,1628368.0,,,,,,,,,
648,PT00M22.60S,2022-11-21T01:36:33.1Z,4,REGULAR,freethrow,1 of 2,[],1628368,,,1610612758,134,129,2022-11-21T01:36:33Z,6330000,False,,,0,,D. Fox Free Throw 1 of 2 (32 PTS),[1628368],1610612758.0,SAC,,,,Fox,D. Fox,,,,,,,,Made,,,,,,,,,,32.0,,,,,,,,
649,PT00M22.60S,2022-11-21T01:36:39.0Z,4,REGULAR,substitution,out,[],1631099,,,1610612758,134,129,2022-11-21T01:36:42Z,6340000,False,,,0,,SUB out: K. Murray,[1631099],1610612758.0,SAC,,,,Murray,K. Murray,,,,,,,,,,,,,,,,,,,,,,,,,,
650,PT00M22.60S,2022-11-21T01:36:39.0Z,4,REGULAR,substitution,in,[],1630558,,,1610612758,134,129,2022-11-21T01:36:42Z,6350000,False,,,0,,SUB in: D. Mitchell,[1630558],1610612758.0,SAC,,,,Mitchell,D. Mitchell,,,,,,,,,,,,,,,,,,,,,,,,,,
651,PT00M22.60S,2022-11-21T01:36:53.0Z,4,REGULAR,freethrow,2 of 2,[],1628368,,,1610612758,135,129,2022-11-21T01:36:53Z,6360000,False,,,0,,D. Fox Free Throw 2 of 2 (33 PTS),[1628368],1610612758.0,SAC,,,,Fox,D. Fox,,,,,,,,Made,,,,,,,,,,33.0,,,,,,,,
652,PT00M22.60S,2022-11-21T01:37:02.5Z,4,REGULAR,timeout,full,['team'],0,,,1610612765,135,129,2022-11-21T01:37:06Z,6370000,False,,,0,,DET Timeout,[],1610612765.0,DET,,,,,,,,,,,,,,,,,,,,,,,,,,,,,,,
653,PT00M19.30S,2022-11-21T01:38:40.4Z,4,REGULAR,3pt,Jump Shot,[],202711,17.0335085413929,94.6078431372549,1610612765,135,129,2022-11-21T01:38:45Z,6380000,False,-223.0,108.0,1,left,MISS B. Bogdanovic 24' 3PT,[202711],1610612765.0,DET,,,,Bogdanovic,B. Bogdanovic,,,,,Above the Break 3,24+ Left Center,24.76,Missed,,,,,,,,,,,,,,,,,,
654,PT00M15.40S,2022-11-21T01:38:44.3Z,4,REGULAR,rebound,defensive,[],203084,,,1610612758,135,129,2022-11-21T01:38:44Z,6390000,False,,,0,,H. Barnes REBOUND (Off:2 Def:7),[203084],1610612758.0,SAC,,,,Barnes,H. Barnes,,,,,Above the Break 3,24+ Left Center,,,653.0,9.0,7.0,2.0,,,,,,,,,,,,,,
655,PT00M14.60S,2022-11-21T01:38:47.7Z,4,REGULAR,foul,personal,"['inpenalty', '2freethrow']",1630165,,,1610612758,135,129,2022-11-21T01:39:13Z,6400000,False,,,0,,K. Hayes take personal FOUL (3 PF) (Barnes 2 FT),"[1630165, 203084]",1610612765.0,DET,take,,,Hayes,K. Hayes,,,,,Above the Break 3,24+ Right Center,,,,,,,1830.0,3.0,0.0,Barnes,203084.0,,,,,,,,,
657,PT00M14.60S,2022-11-21T01:39:17.8Z,4,REGULAR,freethrow,1 of 2,[],203084,,,1610612758,136,129,2022-11-21T01:39:17Z,6420000,False,,,0,,H. Barnes Free Throw 1 of 2 (26 PTS),[203084],1610612758.0,SAC,,,,Barnes,H. Barnes,,,,,,,,Made,,,,,,,,,,26.0,,,,,,,,
658,PT00M14.60S,2022-11-21T01:39:27.1Z,4,REGULAR,freethrow,2 of 2,[],203084,,,1610612758,137,129,2022-11-21T01:39:27Z,6430000,False,,,0,,H. Barnes Free Throw 2 of 2 (27 PTS),[203084],1610612758.0,SAC,,,,Barnes,H. Barnes,,,,,,,,Made,,,,,,,,,,27.0,,,,,,,,
659,PT00M07.80S,2022-11-21T01:39:45.4Z,4,REGULAR,turnover,out-of-bounds,[],1631093,,,1610612765,137,129,2022-11-21T01:39:53Z,6440000,False,,,0,,J. Ivey bad pass out-of-bounds TURNOVER (3 TO),[1631093],1610612765.0,DET,bad pass,,,Ivey,J. Ivey,,,,,Above the Break 3,24+ Right Center,,,,,,,1830.0,,,,,,,,,3.0,,,,
660,PT00M00.00S,2022-11-21T01:40:02.8Z,4,REGULAR,period,end,[],0,,,1610612758,137,129,2022-11-21T01:40:02Z,6450000,False,,,0,,Period End,[],,,,,,,,,,,,,,,,,,,,,,,,,,,,,,,,,
661,PT00M00.00S,2022-11-21T01:40:43.9Z,4,REGULAR,game,end,[],0,,,0,137,129,2022-11-21T01:40:44Z,6460000,False,,,0,,Game End,[],,,,,,,,,,,,,,,,,,,,,,,,,,,,,,,,,
