actionNumber,clock,timeActual,period,periodType,actionType,subType,qualifiers,personId,x,y,possession,scoreHome,scoreAway,edited,orderNumber,xLegacy,yLegacy,isFieldGoal,side,description,personIdsFilter,teamId,teamTricode,descriptor,jumpBallRecoveredName,jumpBallRecoverdPersonId,playerName,playerNameI,jumpBallWonPlayerName,jumpBallWonPersonId,jumpBallLostPlayerName,jumpBallLostPersonId,shotDistance,shotResult,pointsTotal,assistPlayerNameInitial,assistPersonId,assistTotal,shotActionNumber,reboundTotal,reboundDefensiveTotal,reboundOffensiveTotal,turnoverTotal,stealPlayerName,stealPersonId,blockPlayerName,blockPersonId,officialId,foulPersonalTotal,foulTechnicalTotal,foulDrawnPlayerName,foulDrawnPersonId,value
2,PT12M00.00S,2021-12-10T01:40:13.9Z,1,REGULAR,period,start,[],0,,,0,0,0,2021-12-10T01:40:14Z,20000,,,0,,Period Start,[],,,,,,,,,,,,,,,,,,,,,,,,,,,,,,,,
4,PT11M54.00S,2021-12-10T01:40:18.5Z,1,REGULAR,jumpball,recovered,[],1627749,,,1610612759,0,0,2021-12-10T01:40:18Z,40000,,,0,,Jump Ball J. Poeltl vs. N. Jokic: Tip to D. Murray,"[1627749, 1627751, 203999]",1610612759.0,SAS,startperiod,D. Murray,1627749.0,Murray,D. Murray,Poeltl,1627751.0,Jokic,203999.0,,,,,,,,,,,,,,,,,,,,,
7,PT11M37.00S,2021-12-10T01:40:35.8Z,1,REGULAR,3pt,Jump Shot,[],1627749,68.15045992115637,50.98039215686274,1610612759,3,0,2021-12-10T01:40:44Z,70000,5.0,247.0,1,right,D. Murray 24' 3PT  (3 PTS) (K. Bates-Diop 1 AST),"[1627749, 1628966]",1610612759.0,SAS,,,,Murray,D. Murray,,,,,24.69,Made,3.0,K. Bates-Diop,1628966.0,1.0,,,,,,,,,,,,,,,
9,PT11M12.00S,2021-12-10T01:41:01.1Z,1,REGULAR,2pt,DUNK,['pointsinthepaint'],201145,6.258212877792378,49.754901960784316,1610612743,3,0,2021-12-10T01:41:06Z,90000,1.0,6.0,1,left,MISS J. Green DUNK,[201145],1610612743.0,DEN,,,,Green,J. Green,,,,,0.64,Missed,,,,,,,,,,,,,,,,,,,
10,PT11M09.00S,2021-12-10T01:41:04.1Z,1,REGULAR,rebound,defensive,[],1628966,,,1610612759,3,0,2021-12-10T01:41:06Z,100000,,,0,,K. Bates-Diop REBOUND (Off:0 Def:1),[1628966],1610612759.0,SAS,,,,Bates-Diop,K. Bates-Diop,,,,,,,,,,,9.0,1.0,1.0,0.0,,,,,,,,,,,
11,PT11M08.00S,2021-12-10T01:41:04.6Z,1,REGULAR,turnover,bad pass,[],1628966,,,1610612759,3,0,2021-12-10T01:41:10Z,110000,,,0,,K. Bates-Diop bad pass TURNOVER (1 TO),"[1628966, 203115]",1610612759.0,SAS,,,,Bates-Diop,K. Bates-Diop,,,,,,,,,,,,,,,1.0,Barton,203115.0,,,,,,,,
12,PT11M08.00S,2021-12-10T01:41:04.6Z,1,REGULAR,steal,,[],203115,,,1610612743,3,0,2021-12-10T01:41:08Z,120000,,,0,,W. Barton STEAL (1 STL),[203115],1610612743.0,DEN,,,,Barton,W. Barton,,,,,,,,,,,,,,,,,,,,,,,,,
13,PT11M03.00S,2021-12-10T01:41:09.2Z,1,REGULAR,2pt,Layup,"['pointsinthepaint', 'fromturnover']",203115,5.863994743758213,46.32352941176471,1610612743,3,2,2021-12-10T01:42:29Z,130000,18.0,3.0,1,left,W. Barton running finger roll Layup (2 PTS),[203115],1610612743.0,DEN,running finger roll,,,Barton,W. Barton,,,,,1.86,Made,2.0,,,,,,,,,,,,,,,,,,
14,PT10M52.00S,2021-12-10T01:41:21.5Z,1,REGULAR,2pt,Hook,['pointsinthepaint'],203926,92.46057818659659,49.01960784313725,1610612759,5,2,2021-12-10T01:43:29Z,140000,-5.0,18.0,1,right,D. McDermott driving Hook (2 PTS),[203926],1610612759.0,SAS,driving,,,McDermott,D. McDermott,,,,,1.9,Made,2.0,,,,,,,,,,,,,,,,,,
15,PT10M39.00S,2021-12-10T01:41:33.1Z,1,REGULAR,2pt,Jump Shot,[],1628420,22.421156373193167,65.68627450980392,1610612743,5,2,2021-12-10T01:41:40Z,150000,-78.0,158.0,1,left,MISS M. Morris 17' pullup Shot - blocked,"[1628420, 1628401]",1610612743.0,DEN,pullup,,,Morris,M. Morris,,,,,17.67,Missed,,,,,,,,,,,,White,1628401.0,,,,,,
16,PT10M39.00S,2021-12-10T01:41:33.1Z,1,REGULAR,block,,[],1628401,,,1610612743,5,2,2021-12-10T01:41:36Z,160000,,,0,,D. White BLOCK (1 BLK),[1628401],1610612759.0,SAS,,,,White,D. White,,,,,,,,,,,,,,,,,,,,,,,,,
17,PT10M35.00S,2021-12-10T01:41:37.1Z,1,REGULAR,rebound,defensive,[],203926,,,1610612759,5,2,2021-12-10T01:41:40Z,170000,,,0,,D. McDermott REBOUND (Off:0 Def:1),[203926],1610612759.0,SAS,,,,McDermott,D. McDermott,,,,,,,,,,,15.0,1.0,1.0,0.0,,,,,,,,,,,
18,PT10M31.00S,2021-12-10T01:41:41.2Z,1,REGULAR,3pt,Jump Shot,['fastbreak'],1628401,72.35545335085413,82.1078431372549,1610612759,8,2,2021-12-10T01:41:47Z,180000,161.0,207.0,1,right,D. White 26' 3PT  (3 PTS) (D. Murray 1 AST),"[1628401, 1627749]",1610612759.0,SAS,,,,White,D. White,,,,,26.22,Made,3.0,D. Murray,1627749.0,1.0,,,,,,,,,,,,,,,
20,PT10M04.00S,2021-12-10T01:42:08.9Z,1,REGULAR,2pt,Jump Shot,[],203999,25.706307490144546,50.73529411764706,1610612743,8,2,2021-12-10T01:45:23Z,200000,-4.0,189.0,1,left,MISS N. Jokic 18' step back Shot,[203999],1610612743.0,DEN,step back,,,Jokic,N. Jokic,,,,,18.91,Missed,,,,,,,,,,,,,,,,,,,
21,PT10M01.00S,2021-12-10T01:42:11.9Z,1,REGULAR,rebound,defensive,[],1627749,,,1610612759,8,2,2021-12-10T01:42:17Z,210000,,,0,,D. Murray REBOUND (Off:0 Def:1),[1627749],1610612759.0,SAS,,,,Murray,D. Murray,,,,,,,,,,,20.0,1.0,1.0,0.0,,,,,,,,,,,
22,PT09M54.00S,2021-12-10T01:42:19.3Z,1,REGULAR,2pt,Jump Shot,['pointsinthepaint'],1628401,89.56964520367937,48.28431372549019,1610612759,10,2,2021-12-10T01:42:24Z,220000,-9.0,46.0,1,right,D. White driving floating Jump Shot (5 PTS),[1628401],1610612759.0,SAS,driving floating,,,White,D. White,,,,,4.63,Made,5.0,,,,,,,,,,,,,,,,,,
23,PT09M38.00S,2021-12-10T01:42:34.1Z,1,REGULAR,3pt,Jump Shot,[],203999,31.35676741130092,28.431372549019606,1610612743,10,5,2021-12-10T01:42:39Z,230000,108.0,242.0,1,left,N. Jokic 26' 3PT  (3 PTS) (M. Morris 1 AST),"[203999, 1628420]",1610612743.0,DEN,,,,Jokic,N. Jokic,,,,,26.52,Made,3.0,M. Morris,1628420.0,1.0,,,,,,,,,,,,,,,
25,PT09M22.00S,2021-12-10T01:42:50.5Z,1,REGULAR,3pt,Jump Shot,[],203926,67.09921156373193,45.09803921568628,1610612759,10,5,2021-12-10T01:42:58Z,250000,-25.0,257.0,1,right,MISS D. McDermott 25' 3PT,[203926],1610612759.0,SAS,,,,McDermott,D. McDermott,,,,,25.8,Missed,,,,,,,,,,,,,,,,,,,
26,PT09M20.00S,2021-12-10T01:42:52.5Z,1,REGULAR,rebound,offensive,[],1627751,,,1610612759,10,5,2021-12-10T01:42:58Z,260000,,,0,,J. Poeltl REBOUND (Off:1 Def:0),[1627751],1610612759.0,SAS,,,,Poeltl,J. Poeltl,,,,,,,,,,,25.0,1.0,0.0,1.0,,,,,,,,,,,
27,PT09M15.00S,2021-12-10T01:42:58.4Z,1,REGULAR,2pt,Layup,"['pointsinthepaint', '2ndchance']",1628401,94.56307490144546,46.07843137254902,1610612759,10,5,2021-12-10T01:46:40Z,270000,-20.0,-1.0,1,right,MISS D. White driving finger roll Layup,[1628401],1610612759.0,SAS,driving finger roll,,,White,D. White,,,,,1.96,Missed,,,,,,,,,,,,,,,,,,,
28,PT09M12.00S,2021-12-10T01:43:01.4Z,1,REGULAR,rebound,defensive,[],203999,,,1610612743,10,5,2021-12-10T01:43:03Z,280000,,,0,,N. Jokic REBOUND (Off:0 Def:1),[203999],1610612743.0,DEN,,,,Jokic,N. Jokic,,,,,,,,,,,27.0,1.0,1.0,0.0,,,,,,,,,,,
29,PT09M09.00S,2021-12-10T01:43:03.8Z,1,REGULAR,3pt,Jump Shot,['fastbreak'],203115,8.229303547963205,4.411764705882353,1610612743,10,8,2021-12-10T01:47:10Z,290000,228.0,25.0,1,left,W. Barton 3PT running (5 PTS) (N. Jokic 1 AST),"[203115, 203999]",1610612743.0,DEN,running,,,Barton,W. Barton,,,,,22.93,Made,5.0,N. Jokic,203999.0,1.0,,,,,,,,,,,,,,,
31,PT08M51.00S,2021-12-10T01:43:21.0Z,1,REGULAR,3pt,Jump Shot,[],1628966,92.32917214191852,95.09803921568627,1610612759,13,8,2021-12-10T01:43:28Z,310000,225.0,20.0,1,right,K. Bates-Diop 3PT  (3 PTS) (J. Poeltl 1 AST),"[1628966, 1627751]",1610612759.0,SAS,,,,Bates-Diop,K. Bates-Diop,,,,,22.64,Made,3.0,J. Poeltl,1627751.0,1.0,,,,,,,,,,,,,,,
33,PT08M32.00S,2021-12-10T01:43:40.9Z,1,REGULAR,2pt,Jump Shot,[],201145,14.668199737187912,67.15686274509804,1610612743,13,10,2021-12-10T01:43:47Z,330000,-86.0,85.0,1,left,J. Green 12' pullup Jump Shot (2 PTS),[201145],1610612743.0,DEN,pullup,,,Green,J. Green,,,,,12.11,Made,2.0,,,,,,,,,,,,,,,,,,
34,PT08M21.00S,2021-12-10T01:43:55.1Z,1,REGULAR,foul,personal,['2freethrow'],203932,,,1610612759,13,10,2021-12-10T01:44:09Z,340000,,,0,,A. Gordon shooting personal FOUL (1 PF) (Murray 2 FT),"[203932, 1627749]",1610612743.0,DEN,shooting,,,Gordon,A. Gordon,,,,,,,,,,,,,,,,,,,,202041.0,1.0,0.0,Murray,1627749.0,
36,PT08M21.00S,2021-12-10T01:44:14.9Z,1,REGULAR,freethrow,1 of 2,[],1627749,,,1610612759,14,10,2021-12-10T01:44:14Z,360000,,,0,,D. Murray Free Throw 1 of 2 (4 PTS),[1627749],1610612759.0,SAS,,,,Murray,D. Murray,,,,,,Made,4.0,,,,,,,,,,,,,,,,,,
37,PT08M21.00S,2021-12-10T01:44:27.7Z,1,REGULAR,freethrow,2 of 2,[],1627749,,,1610612759,15,10,2021-12-10T01:44:27Z,370000,,,0,,D. Murray Free Throw 2 of 2 (5 PTS),[1627749],1610612759.0,SAS,,,,Murray,D. Murray,,,,,,Made,5.0,,,,,,,,,,,,,,,,,,
38,PT08M13.00S,2021-12-10T01:44:38.7Z,1,REGULAR,foul,personal,[],1627749,,,1610612743,15,10,2021-12-10T01:44:53Z,380000,,,0,,D. Murray personal FOUL (1 PF),"[1627749, 203999]",1610612759.0,SAS,,,,Murray,D. Murray,,,,,,,,,,,,,,,,,,,,1628159.0,1.0,0.0,Jokic,203999.0,
40,PT08M02.00S,2021-12-10T01:45:05.2Z,1,REGULAR,2pt,Layup,['pointsinthepaint'],203999,10.726018396846255,40.68627450980392,1610612743,15,12,2021-12-10T01:45:15Z,400000,47.0,48.0,1,left,N. Jokic 6' driving Layup (5 PTS),[203999],1610612743.0,DEN,driving,,,Jokic,N. Jokic,,,,,6.71,Made,5.0,,,,,,,,,,,,,,,,,,
41,PT07M47.00S,2021-12-10T01:45:19.1Z,1,REGULAR,2pt,Jump Shot,['pointsinthepaint'],1627751,91.67214191852825,64.2156862745098,1610612759,15,12,2021-12-10T01:48:38Z,410000,71.0,26.0,1,right,MISS J. Poeltl 7' driving floating bank Shot,[1627751],1610612759.0,SAS,driving floating bank,,,Poeltl,J. Poeltl,,,,,7.56,Missed,,,,,,,,,,,,,,,,,,,
42,PT07M46.00S,2021-12-10T01:45:20.1Z,1,REGULAR,rebound,offensive,[],1627749,,,1610612759,15,12,2021-12-10T01:48:38Z,420000,,,0,,D. Murray REBOUND (Off:1 Def:1),[1627749],1610612759.0,SAS,,,,Murray,D. Murray,,,,,,,,,,,41.0,2.0,1.0,1.0,,,,,,,,,,,
43,PT07M44.00S,2021-12-10T01:45:23.2Z,1,REGULAR,3pt,Jump Shot,['2ndchance'],203926,73.66951379763469,19.362745098039216,1610612759,18,12,2021-12-10T01:45:31Z,430000,-153.0,195.0,1,right,D. McDermott 24' 3PT  (5 PTS) (J. Poeltl 2 AST),"[203926, 1627751]",1610612759.0,SAS,,,,McDermott,D. McDermott,,,,,24.8,Made,5.0,J. Poeltl,1627751.0,2.0,,,,,,,,,,,,,,,
45,PT07M22.00S,2021-12-10T01:45:46.0Z,1,REGULAR,3pt,Jump Shot,[],1628420,2.7102496714848883,95.09803921568627,1610612743,18,12,2021-12-10T01:45:50Z,450000,-225.0,-27.0,1,left,MISS M. Morris 3PT,[1628420],1610612743.0,DEN,,,,Morris,M. Morris,,,,,22.71,Missed,,,,,,,,,,,,,,,,,,,
46,PT07M22.00S,2021-12-10T01:45:46.0Z,1,REGULAR,rebound,defensive,['team'],0,,,1610612759,18,12,2021-12-10T01:45:50Z,460000,,,0,,TEAM defensive REBOUND,[],1610612759.0,SAS,,,,,,,,,,,,,,,,45.0,,,,,,,,,,,,,,
47,PT07M22.00S,2021-12-10T01:45:50.4Z,1,REGULAR,stoppage,out-of-bounds,[],0,,,1610612759,18,12,2021-12-10T01:45:50Z,470000,,,0,,,[],,,,,,,,,,,,,,,,,,,,,,,,,,,,,,,,
48,PT07M08.00S,2021-12-10T01:46:08.5Z,1,REGULAR,3pt,Jump Shot,[],203926,66.04796320630749,60.78431372549019,1610612759,18,12,2021-12-10T01:46:16Z,480000,54.0,267.0,1,right,MISS D. McDermott 27' 3PT,[203926],1610612759.0,SAS,,,,McDermott,D. McDermott,,,,,27.2,Missed,,,,,,,,,,,,,,,,,,,
49,PT07M01.00S,2021-12-10T01:46:15.5Z,1,REGULAR,rebound,offensive,[],1627751,,,1610612759,18,12,2021-12-10T01:46:16Z,490000,,,0,,J. Poeltl REBOUND (Off:2 Def:0),[1627751],1610612759.0,SAS,,,,Poeltl,J. Poeltl,,,,,,,,,,,48.0,2.0,0.0,2.0,,,,,,,,,,,
50,PT07M01.00S,2021-12-10T01:46:14.3Z,1,REGULAR,2pt,Layup,"['pointsinthepaint', '2ndchance']",1627751,94.40999984741211,50.0,1610612759,20,12,2021-12-10T01:46:14Z,500000,0.0,0.0,1,right,J. Poeltl tip Layup (2 PTS),[1627751],1610612759.0,SAS,tip,,,Poeltl,J. Poeltl,,,,,0.0,Made,2.0,,,,,,,,,,,,,,,,,,
51,PT06M49.00S,2021-12-10T01:46:26.3Z,1,REGULAR,2pt,Jump Shot,[],1628420,21.895532194480946,32.1078431372549,1610612743,20,12,2021-12-10T01:46:32Z,510000,89.0,153.0,1,left,MISS M. Morris 17' step back Shot,[1628420],1610612743.0,DEN,step back,,,Morris,M. Morris,,,,,17.75,Missed,,,,,,,,,,,,,,,,,,,
52,PT06M46.00S,2021-12-10T01:46:29.3Z,1,REGULAR,rebound,defensive,[],1628966,,,1610612759,20,12,2021-12-10T01:46:32Z,520000,,,0,,K. Bates-Diop REBOUND (Off:0 Def:2),[1628966],1610612759.0,SAS,,,,Bates-Diop,K. Bates-Diop,,,,,,,,,,,51.0,2.0,2.0,0.0,,,,,,,,,,,
53,PT06M37.00S,2021-12-10T01:46:39.7Z,1,REGULAR,2pt,Layup,['pointsinthepaint'],203926,94.03745072273325,46.32352941176471,1610612759,22,12,2021-12-10T01:47:03Z,530000,-18.0,4.0,1,right,D. McDermott driving finger roll Layup (7 PTS) (D. Murray 2 AST),"[203926, 1627749]",1610612759.0,SAS,driving finger roll,,,McDermott,D. McDermott,,,,,1.87,Made,7.0,D. Murray,1627749.0,2.0,,,,,,,,,,,,,,,
55,PT06M37.00S,2021-12-10T01:46:45.8Z,1,REGULAR,timeout,full,"['team', 'mandatory']",0,,,1610612743,22,12,2021-12-10T01:46:45Z,550000,,,0,,DEN Timeout,[],1610612743.0,DEN,,,,,,,,,,,,,,,,,,,,,,,,,,,,,,
56,PT06M20.00S,2021-12-10T01:49:53.9Z,1,REGULAR,2pt,Layup,['pointsinthepaint'],203932,5.601182654402102,48.529411764705884,1610612743,22,14,2021-12-10T01:50:03Z,560000,7.0,0.0,1,left,A. Gordon driving reverse Layup (2 PTS),[203932],1610612743.0,DEN,driving reverse,,,Gordon,A. Gordon,,,,,0.74,Made,2.0,,,,,,,,,,,,,,,,,,
57,PT06M20.00S,2021-12-10T01:49:57.0Z,1,REGULAR,foul,personal,['1freethrow'],1628966,,,1610612743,22,14,2021-12-10T01:50:04Z,570000,,,0,,K. Bates-Diop shooting personal FOUL (1 PF) (Gordon 1 FT),"[1628966, 203932]",1610612759.0,SAS,shooting,,,Bates-Diop,K. Bates-Diop,,,,,,,,,,,,,,,,,,,,1628159.0,1.0,0.0,Gordon,203932.0,
59,PT06M20.00S,2021-12-10T01:50:21.2Z,1,REGULAR,freethrow,1 of 1,[],203932,,,1610612743,22,15,2021-12-10T01:50:21Z,590000,,,0,,A. Gordon Free Throw 1 of 1 (3 PTS),[203932],1610612743.0,DEN,,,,Gordon,A. Gordon,,,,,,Made,3.0,,,,,,,,,,,,,,,,,,
60,PT06M05.00S,2021-12-10T01:50:36.5Z,1,REGULAR,2pt,Jump Shot,['pointsinthepaint'],1627751,87.07293035479631,49.01960784313725,1610612759,22,15,2021-12-10T01:50:43Z,600000,-5.0,69.0,1,right,MISS J. Poeltl 6' floating Shot,[1627751],1610612759.0,SAS,floating,,,Poeltl,J. Poeltl,,,,,6.92,Missed,,,,,,,,,,,,,,,,,,,
61,PT06M01.00S,2021-12-10T01:50:41.1Z,1,REGULAR,rebound,offensive,[],1628966,,,1610612759,22,15,2021-12-10T01:50:41Z,610000,,,0,,K. Bates-Diop REBOUND (Off:1 Def:2),[1628966],1610612759.0,SAS,,,,Bates-Diop,K. Bates-Diop,,,,,,,,,,,60.0,3.0,2.0,1.0,,,,,,,,,,,
62,PT06M01.00S,2021-12-10T01:50:41.1Z,1,REGULAR,2pt,Layup,"['pointsinthepaint', '2ndchance']",1628966,94.40999984741211,50.0,1610612759,24,15,2021-12-10T01:50:41Z,620000,0.0,0.0,1,right,K. Bates-Diop putback Layup (5 PTS),[1628966],1610612759.0,SAS,putback,,,Bates-Diop,K. Bates-Diop,,,,,0.0,Made,5.0,,,,,,,,,,,,,,,,,,
63,PT05M55.00S,2021-12-10T01:50:46.9Z,1,REGULAR,3pt,Jump Shot,['fastbreak'],1628420,4.944152431011826,96.81372549019608,1610612743,24,18,2021-12-10T01:50:54Z,630000,-234.0,-6.0,1,left,M. Morris 3PT  (3 PTS) (A. Gordon 1 AST),"[1628420, 203932]",1610612743.0,DEN,,,,Morris,M. Morris,,,,,23.42,Made,3.0,A. Gordon,203932.0,1.0,,,,,,,,,,,,,,,
65,PT05M40.00S,2021-12-10T01:51:01.6Z,1,REGULAR,2pt,Jump Shot,['pointsinthepaint'],203926,85.23324572930355,50.73529411764706,1610612759,24,18,2021-12-10T01:51:53Z,650000,4.0,86.0,1,right,MISS D. McDermott 8' driving floating Shot - blocked,"[203926, 201145]",1610612759.0,SAS,driving floating,,,McDermott,D. McDermott,,,,,8.64,Missed,,,,,,,,,,,,Green,201145.0,,,,,,
66,PT05M40.00S,2021-12-10T01:51:01.6Z,1,REGULAR,block,,[],201145,,,1610612759,24,18,2021-12-10T01:51:17Z,660000,,,0,,J. Green BLOCK (1 BLK),[201145],1610612743.0,DEN,,,,Green,J. Green,,,,,,,,,,,,,,,,,,,,,,,,,
67,PT05M36.00S,2021-12-10T01:51:05.6Z,1,REGULAR,rebound,offensive,[],1628966,,,1610612759,24,18,2021-12-10T01:51:05Z,670000,,,0,,K. Bates-Diop REBOUND (Off:2 Def:2),[1628966],1610612759.0,SAS,,,,Bates-Diop,K. Bates-Diop,,,,,,,,,,,65.0,4.0,2.0,2.0,,,,,,,,,,,
68,PT05M31.00S,2021-12-10T01:51:11.4Z,1,REGULAR,2pt,Jump Shot,"['pointsinthepaint', '2ndchance']",1628401,92.32917214191852,48.77450980392157,1610612759,26,18,2021-12-10T01:52:21Z,680000,-6.0,20.0,1,right,D. White driving floating Jump Shot (7 PTS),[1628401],1610612759.0,SAS,driving floating,,,White,D. White,,,,,2.05,Made,7.0,,,,,,,,,,,,,,,,,,
69,PT05M23.00S,2021-12-10T01:51:19.1Z,1,REGULAR,2pt,Layup,"['pointsinthepaint', 'fastbreak']",203932,6.915243101182654,48.28431372549019,1610612743,26,20,2021-12-10T01:53:09Z,690000,9.0,13.0,1,left,A. Gordon running reverse Layup (5 PTS) (N. Jokic 2 AST),"[203932, 203999]",1610612743.0,DEN,running reverse,,,Gordon,A. Gordon,,,,,1.52,Made,5.0,N. Jokic,203999.0,2.0,,,,,,,,,,,,,,,
71,PT05M12.00S,2021-12-10T01:51:29.4Z,1,REGULAR,2pt,Layup,['pointsinthepaint'],1627749,94.43166885676742,52.450980392156865,1610612759,26,20,2021-12-10T01:59:59Z,710000,12.0,0.0,1,right,MISS D. Murray cutting Layup,[1627749],1610612759.0,SAS,cutting,,,Murray,D. Murray,,,,,1.23,Missed,,,,,,,,,,,,,,,,,,,
72,PT05M10.00S,2021-12-10T01:51:31.4Z,1,REGULAR,rebound,defensive,[],203932,,,1610612743,26,20,2021-12-10T01:51:34Z,720000,,,0,,A. Gordon REBOUND (Off:0 Def:1),[203932],1610612743.0,DEN,,,,Gordon,A. Gordon,,,,,,,,,,,71.0,1.0,1.0,0.0,,,,,,,,,,,
73,PT05M05.00S,2021-12-10T01:51:36.7Z,1,REGULAR,3pt,Jump Shot,[],203999,29.122864651773984,72.05882352941177,1610612743,26,20,2021-12-10T01:51:46Z,730000,-110.0,221.0,1,left,MISS N. Jokic 24' 3PT,[203999],1610612743.0,DEN,,,,Jokic,N. Jokic,,,,,24.73,Missed,,,,,,,,,,,,,,,,,,,
74,PT05M00.00S,2021-12-10T01:51:41.7Z,1,REGULAR,rebound,defensive,[],1627751,,,1610612759,26,20,2021-12-10T01:51:46Z,740000,,,0,,J. Poeltl REBOUND (Off:2 Def:1),[1627751],1610612759.0,SAS,,,,Poeltl,J. Poeltl,,,,,,,,,,,73.0,3.0,1.0,2.0,,,,,,,,,,,
75,PT04M54.00S,2021-12-10T01:51:47.8Z,1,REGULAR,3pt,Jump Shot,[],1628401,68.15045992115637,64.4607843137255,1610612759,26,20,2021-12-10T01:54:28Z,750000,72.0,247.0,1,right,MISS D. White 25' step back 3PT,[1628401],1610612759.0,SAS,step back,,,White,D. White,,,,,25.73,Missed,,,,,,,,,,,,,,,,,,,
76,PT04M51.00S,2021-12-10T01:51:50.8Z,1,REGULAR,rebound,defensive,[],203999,,,1610612743,26,20,2021-12-10T01:51:52Z,760000,,,0,,N. Jokic REBOUND (Off:0 Def:2),[203999],1610612743.0,DEN,,,,Jokic,N. Jokic,,,,,,,,,,,75.0,2.0,2.0,0.0,,,,,,,,,,,
77,PT04M46.00S,2021-12-10T01:51:56.2Z,1,REGULAR,3pt,Jump Shot,['fastbreak'],203115,30.17411300919842,70.09803921568627,1610612743,26,20,2021-12-10T01:54:48Z,770000,-100.0,231.0,1,left,MISS W. Barton 25' running pullup 3PT,[203115],1610612743.0,DEN,running pullup,,,Barton,W. Barton,,,,,25.2,Missed,,,,,,,,,,,,,,,,,,,
78,PT04M43.00S,2021-12-10T01:51:59.2Z,1,REGULAR,rebound,defensive,[],1628966,,,1610612759,26,20,2021-12-10T01:52:04Z,780000,,,0,,K. Bates-Diop REBOUND (Off:2 Def:3),[1628966],1610612759.0,SAS,,,,Bates-Diop,K. Bates-Diop,,,,,,,,,,,77.0,5.0,3.0,2.0,,,,,,,,,,,
79,PT04M37.00S,2021-12-10T01:52:04.9Z,1,REGULAR,2pt,Layup,['pointsinthepaint'],203926,93.11760840998686,40.931372549019606,1610612759,26,20,2021-12-10T01:57:02Z,790000,-45.0,12.0,1,right,MISS D. McDermott cutting finger roll Layup - blocked,"[203926, 203999]",1610612759.0,SAS,cutting finger roll,,,McDermott,D. McDermott,,,,,4.69,Missed,,,,,,,,,,,,Jokic,203999.0,,,,,,
149,PT04M37.00S,2021-12-10T01:52:04.9Z,1,REGULAR,block,,[],203999,,,1610612759,26,20,2021-12-10T02:01:34Z,795000,,,0,,N. Jokic BLOCK (1 BLK),[203999],1610612743.0,DEN,,,,Jokic,N. Jokic,,,,,,,,,,,,,,,,,,,,,,,,,
80,PT04M35.00S,2021-12-10T01:52:06.9Z,1,REGULAR,rebound,offensive,[],1627751,,,1610612759,26,20,2021-12-10T01:57:02Z,800000,,,0,,J. Poeltl REBOUND (Off:3 Def:1),[1627751],1610612759.0,SAS,,,,Poeltl,J. Poeltl,,,,,,,,,,,79.0,4.0,1.0,3.0,,,,,,,,,,,
81,PT04M33.00S,2021-12-10T01:52:09.3Z,1,REGULAR,3pt,Jump Shot,['2ndchance'],1628401,93.77463863337714,5.147058823529411,1610612759,26,20,2021-12-10T01:52:16Z,810000,-224.0,6.0,1,right,MISS D. White 3PT,[1628401],1610612759.0,SAS,,,,White,D. White,,,,,22.44,Missed,,,,,,,,,,,,,,,,,,,
82,PT04M29.00S,2021-12-10T01:52:13.3Z,1,REGULAR,rebound,defensive,[],1628420,,,1610612743,26,20,2021-12-10T01:52:16Z,820000,,,0,,M. Morris REBOUND (Off:0 Def:1),[1628420],1610612743.0,DEN,,,,Morris,M. Morris,,,,,,,,,,,81.0,1.0,1.0,0.0,,,,,,,,,,,
83,PT04M25.00S,2021-12-10T01:52:17.5Z,1,REGULAR,2pt,Jump Shot,['pointsinthepaint'],203115,7.30946123521682,54.65686274509803,1610612743,26,22,2021-12-10T01:57:49Z,830000,-23.0,16.0,1,left,W. Barton running pullup Jump Shot (7 PTS) (M. Morris 2 AST),"[203115, 1628420]",1610612743.0,DEN,running pullup,,,Barton,W. Barton,,,,,2.84,Made,7.0,M. Morris,1628420.0,2.0,,,,,,,,,,,,,,,
85,PT04M25.00S,2021-12-10T01:52:29.0Z,1,REGULAR,timeout,full,"['team', 'mandatory']",0,,,1610612759,26,22,2021-12-10T01:52:29Z,850000,,,0,,SAS Timeout,[],1610612759.0,SAS,,,,,,,,,,,,,,,,,,,,,,,,,,,,,,
86,PT04M25.00S,2021-12-10T01:55:04.9Z,1,REGULAR,substitution,out,[],1627749,,,1610612759,26,22,2021-12-10T01:55:32Z,860000,,,0,,SUB out: D. Murray,[1627749],1610612759.0,SAS,,,,Murray,D. Murray,,,,,,,,,,,,,,,,,,,,,,,,,
87,PT04M25.00S,2021-12-10T01:55:04.9Z,1,REGULAR,substitution,out,[],203926,,,1610612759,26,22,2021-12-10T01:55:32Z,870000,,,0,,SUB out: D. McDermott,[203926],1610612759.0,SAS,,,,McDermott,D. McDermott,,,,,,,,,,,,,,,,,,,,,,,,,
88,PT04M25.00S,2021-12-10T01:55:04.9Z,1,REGULAR,substitution,out,[],1628420,,,1610612759,26,22,2021-12-10T01:55:32Z,880000,,,0,,SUB out: M. Morris,[1628420],1610612743.0,DEN,,,,Morris,M. Morris,,,,,,,,,,,,,,,,,,,,,,,,,
89,PT04M25.00S,2021-12-10T01:55:04.9Z,1,REGULAR,substitution,out,[],201145,,,1610612759,26,22,2021-12-10T01:55:32Z,890000,,,0,,SUB out: J. Green,[201145],1610612743.0,DEN,,,,Green,J. Green,,,,,,,,,,,,,,,,,,,,,,,,,
90,PT04M25.00S,2021-12-10T01:55:04.9Z,1,REGULAR,substitution,in,[],1629022,,,1610612759,26,22,2021-12-10T01:55:32Z,900000,,,0,,SUB in: L. Walker IV,[1629022],1610612759.0,SAS,,,,Walker IV,L. Walker IV,,,,,,,,,,,,,,,,,,,,,,,,,
91,PT04M25.00S,2021-12-10T01:55:04.9Z,1,REGULAR,substitution,in,[],1627854,,,1610612759,26,22,2021-12-10T01:55:32Z,910000,,,0,,SUB in: B. Forbes,[1627854],1610612759.0,SAS,,,,Forbes,B. Forbes,,,,,,,,,,,,,,,,,,,,,,,,,
92,PT04M25.00S,2021-12-10T01:55:04.9Z,1,REGULAR,substitution,in,[],1630192,,,1610612759,26,22,2021-12-10T01:55:32Z,920000,,,0,,SUB in: Z. Nnaji,[1630192],1610612743.0,DEN,,,,Nnaji,Z. Nnaji,,,,,,,,,,,,,,,,,,,,,,,,,
93,PT04M25.00S,2021-12-10T01:55:04.9Z,1,REGULAR,substitution,in,[],1630267,,,1610612759,26,22,2021-12-10T01:55:32Z,930000,,,0,,SUB in: F. Campazzo,[1630267],1610612743.0,DEN,,,,Campazzo,F. Campazzo,,,,,,,,,,,,,,,,,,,,,,,,,
94,PT04M11.00S,2021-12-10T01:55:37.1Z,1,REGULAR,3pt,Jump Shot,[],1627854,76.5604467805519,84.80392156862744,1610612759,29,22,2021-12-10T01:55:44Z,940000,174.0,168.0,1,right,B. Forbes 24' 3PT  (3 PTS) (L. Walker IV 1 AST),"[1627854, 1629022]",1610612759.0,SAS,,,,Forbes,B. Forbes,,,,,24.17,Made,3.0,L. Walker IV,1629022.0,1.0,,,,,,,,,,,,,,,
96,PT03M47.00S,2021-12-10T01:56:00.2Z,1,REGULAR,2pt,Jump Shot,['pointsinthepaint'],203115,7.30946123521682,34.55882352941176,1610612743,29,24,2021-12-10T01:56:06Z,960000,77.0,16.0,1,left,W. Barton 7' bank Jump Shot (9 PTS) (A. Gordon 2 AST),"[203115, 203932]",1610612743.0,DEN,bank,,,Barton,W. Barton,,,,,7.89,Made,9.0,A. Gordon,203932.0,2.0,,,,,,,,,,,,,,,
98,PT03M39.00S,2021-12-10T01:56:11.3Z,1,REGULAR,turnover,traveling,[],1628401,,,1610612759,29,24,2021-12-10T01:56:19Z,980000,,,0,,D. White traveling TURNOVER (1 TO),[1628401],1610612759.0,SAS,,,,White,D. White,,,,,,,,,,,,,,,1.0,,,,,204059.0,,,,,
99,PT03M39.00S,2021-12-10T01:56:17.4Z,1,REGULAR,substitution,out,[],1627751,,,1610612743,29,24,2021-12-10T01:56:23Z,990000,,,0,,SUB out: J. Poeltl,[1627751],1610612759.0,SAS,,,,Poeltl,J. Poeltl,,,,,,,,,,,,,,,,,,,,,,,,,
100,PT03M39.00S,2021-12-10T01:56:17.4Z,1,REGULAR,substitution,out,[],203115,,,1610612743,29,24,2021-12-10T01:56:23Z,1000000,,,0,,SUB out: W. Barton,[203115],1610612743.0,DEN,,,,Barton,W. Barton,,,,,,,,,,,,,,,,,,,,,,,,,
101,PT03M39.00S,2021-12-10T01:56:17.4Z,1,REGULAR,substitution,in,[],1629234,,,1610612743,29,24,2021-12-10T01:56:23Z,1010000,,,0,,SUB in: D. Eubanks,[1629234],1610612759.0,SAS,,,,Eubanks,D. Eubanks,,,,,,,,,,,,,,,,,,,,,,,,,
102,PT03M39.00S,2021-12-10T01:56:17.4Z,1,REGULAR,substitution,in,[],1630538,,,1610612743,29,24,2021-12-10T01:56:23Z,1020000,,,0,,SUB in: B. Hyland,[1630538],1610612743.0,DEN,,,,Hyland,B. Hyland,,,,,,,,,,,,,,,,,,,,,,,,,
103,PT03M22.00S,2021-12-10T01:56:44.8Z,1,REGULAR,2pt,DUNK,"['pointsinthepaint', 'fromturnover']",203932,6.915243101182654,48.529411764705884,1610612743,29,26,2021-12-10T01:56:51Z,1030000,7.0,13.0,1,left,A. Gordon reverse DUNK (7 PTS) (N. Jokic 3 AST),"[203932, 203999]",1610612743.0,DEN,reverse,,,Gordon,A. Gordon,,,,,1.45,Made,7.0,N. Jokic,203999.0,3.0,,,,,,,,,,,,,,,
105,PT02M57.00S,2021-12-10T01:57:10.6Z,1,REGULAR,2pt,Jump Shot,['pointsinthepaint'],1627854,84.70762155059133,47.05882352941176,1610612759,29,26,2021-12-10T02:00:37Z,1050000,-15.0,91.0,1,right,MISS B. Forbes 9' turnaround fadeaway Shot,[1627854],1610612759.0,SAS,turnaround fadeaway,,,Forbes,B. Forbes,,,,,9.24,Missed,,,,,,,,,,,,,,,,,,,
106,PT02M54.00S,2021-12-10T01:57:13.6Z,1,REGULAR,rebound,defensive,[],1630267,,,1610612743,29,26,2021-12-10T01:57:15Z,1060000,,,0,,F. Campazzo REBOUND (Off:0 Def:1),[1630267],1610612743.0,DEN,,,,Campazzo,F. Campazzo,,,,,,,,,,,105.0,1.0,1.0,0.0,,,,,,,,,,,
107,PT02M53.00S,2021-12-10T01:57:17.2Z,1,REGULAR,foul,personal,[],1628966,,,1610612743,29,26,2021-12-10T01:57:24Z,1070000,,,0,,K. Bates-Diop personal FOUL (2 PF),"[1628966, 203999]",1610612759.0,SAS,,,,Bates-Diop,K. Bates-Diop,,,,,,,,,,,,,,,,,,,,204059.0,2.0,0.0,Jokic,203999.0,
109,PT02M53.00S,2021-12-10T01:57:26.6Z,1,REGULAR,substitution,out,[],1628966,,,1610612743,29,26,2021-12-10T01:57:41Z,1090000,,,0,,SUB out: K. Bates-Diop,[1628966],1610612759.0,SAS,,,,Bates-Diop,K. Bates-Diop,,,,,,,,,,,,,,,,,,,,,,,,,
110,PT02M53.00S,2021-12-10T01:57:26.6Z,1,REGULAR,substitution,out,[],203932,,,1610612743,29,26,2021-12-10T01:57:41Z,1100000,,,0,,SUB out: A. Gordon,[203932],1610612743.0,DEN,,,,Gordon,A. Gordon,,,,,,,,,,,,,,,,,,,,,,,,,
111,PT02M53.00S,2021-12-10T01:57:26.6Z,1,REGULAR,substitution,in,[],1630170,,,1610612743,29,26,2021-12-10T01:57:41Z,1110000,,,0,,SUB in: D. Vassell,[1630170],1610612759.0,SAS,,,,Vassell,D. Vassell,,,,,,,,,,,,,,,,,,,,,,,,,
112,PT02M53.00S,2021-12-10T01:57:26.6Z,1,REGULAR,substitution,in,[],1628432,,,1610612743,29,26,2021-12-10T01:57:41Z,1120000,,,0,,SUB in: D. Reed,[1628432],1610612743.0,DEN,,,,Reed,D. Reed,,,,,,,,,,,,,,,,,,,,,,,,,
113,PT02M47.00S,2021-12-10T01:57:52.2Z,1,REGULAR,3pt,Jump Shot,[],203999,33.459264126149804,50.245098039215684,1610612743,29,26,2021-12-10T01:57:58Z,1130000,-1.0,262.0,1,left,MISS N. Jokic 26' 3PT,[203999],1610612743.0,DEN,,,,Jokic,N. Jokic,,,,,26.2,Missed,,,,,,,,,,,,,,,,,,,
114,PT02M42.00S,2021-12-10T01:57:57.2Z,1,REGULAR,rebound,defensive,[],1627854,,,1610612759,29,26,2021-12-10T01:57:58Z,1140000,,,0,,B. Forbes REBOUND (Off:0 Def:1),[1627854],1610612759.0,SAS,,,,Forbes,B. Forbes,,,,,,,,,,,113.0,1.0,1.0,0.0,,,,,,,,,,,
115,PT02M32.00S,2021-12-10T01:58:06.1Z,1,REGULAR,2pt,Jump Shot,['pointsinthepaint'],1629234,86.5473061760841,50.49019607843137,1610612759,29,26,2021-12-10T01:58:11Z,1150000,2.0,74.0,1,right,MISS D. Eubanks 7' floating Shot,[1629234],1610612759.0,SAS,floating,,,Eubanks,D. Eubanks,,,,,7.4,Missed,,,,,,,,,,,,,,,,,,,
116,PT02M30.00S,2021-12-10T01:58:08.2Z,1,REGULAR,rebound,defensive,[],203999,,,1610612743,29,26,2021-12-10T01:58:08Z,1160000,,,0,,N. Jokic REBOUND (Off:0 Def:3),[203999],1610612743.0,DEN,,,,Jokic,N. Jokic,,,,,,,,,,,115.0,3.0,3.0,0.0,,,,,,,,,,,
117,PT02M23.00S,2021-12-10T01:58:14.9Z,1,REGULAR,3pt,Jump Shot,[],1628432,30.17411300919842,27.941176470588236,1610612743,29,26,2021-12-10T01:58:20Z,1170000,110.0,231.0,1,left,MISS D. Reed 25' 3PT,[1628432],1610612743.0,DEN,,,,Reed,D. Reed,,,,,25.61,Missed,,,,,,,,,,,,,,,,,,,
118,PT02M20.00S,2021-12-10T01:58:17.9Z,1,REGULAR,rebound,defensive,[],1630170,,,1610612759,29,26,2021-12-10T01:58:20Z,1180000,,,0,,D. Vassell REBOUND (Off:0 Def:1),[1630170],1610612759.0,SAS,,,,Vassell,D. Vassell,,,,,,,,,,,117.0,1.0,1.0,0.0,,,,,,,,,,,
119,PT02M14.00S,2021-12-10T01:58:24.4Z,1,REGULAR,3pt,Jump Shot,[],1630170,69.07030223390277,65.44117647058823,1610612759,29,26,2021-12-10T01:58:29Z,1190000,77.0,238.0,1,right,MISS D. Vassell 25' 3PT,[1630170],1610612759.0,SAS,,,,Vassell,D. Vassell,,,,,25.04,Missed,,,,,,,,,,,,,,,,,,,
120,PT02M10.00S,2021-12-10T01:58:28.4Z,1,REGULAR,rebound,defensive,[],203999,,,1610612743,29,26,2021-12-10T01:58:29Z,1200000,,,0,,N. Jokic REBOUND (Off:0 Def:4),[203999],1610612743.0,DEN,,,,Jokic,N. Jokic,,,,,,,,,,,119.0,4.0,4.0,0.0,,,,,,,,,,,
121,PT02M04.00S,2021-12-10T01:58:35.1Z,1,REGULAR,2pt,Jump Shot,['pointsinthepaint'],1630192,7.703679369250986,54.65686274509803,1610612743,29,26,2021-12-10T02:02:39Z,1210000,-23.0,20.0,1,left,MISS Z. Nnaji turnaround Shot - blocked,"[1630192, 1630170]",1610612743.0,DEN,turnaround,,,Nnaji,Z. Nnaji,,,,,3.06,Missed,,,,,,,,,,,,Vassell,1630170.0,,,,,,
122,PT02M04.00S,2021-12-10T01:58:35.1Z,1,REGULAR,block,,[],1630170,,,1610612743,29,26,2021-12-10T01:58:38Z,1220000,,,0,,D. Vassell BLOCK (1 BLK),[1630170],1610612759.0,SAS,,,,Vassell,D. Vassell,,,,,,,,,,,,,,,,,,,,,,,,,
123,PT02M00.00S,2021-12-10T01:58:39.1Z,1,REGULAR,rebound,defensive,[],1630170,,,1610612759,29,26,2021-12-10T01:58:40Z,1230000,,,0,,D. Vassell REBOUND (Off:0 Def:2),[1630170],1610612759.0,SAS,,,,Vassell,D. Vassell,,,,,,,,,,,121.0,2.0,2.0,0.0,,,,,,,,,,,
124,PT01M55.00S,2021-12-10T01:58:44.2Z,1,REGULAR,2pt,Jump Shot,['pointsinthepaint'],1629022,87.59855453350855,49.754901960784316,1610612759,29,26,2021-12-10T01:58:49Z,1240000,-1.0,64.0,1,right,MISS L. Walker IV 6' pullup Shot,[1629022],1610612759.0,SAS,pullup,,,Walker IV,L. Walker IV,,,,,6.41,Missed,,,,,,,,,,,,,,,,,,,
125,PT01M52.00S,2021-12-10T01:58:47.2Z,1,REGULAR,rebound,defensive,[],1628432,,,1610612743,29,26,2021-12-10T01:58:49Z,1250000,,,0,,D. Reed REBOUND (Off:0 Def:1),[1628432],1610612743.0,DEN,,,,Reed,D. Reed,,,,,,,,,,,124.0,1.0,1.0,0.0,,,,,,,,,,,
126,PT01M33.00S,2021-12-10T01:59:05.4Z,1,REGULAR,turnover,lost ball,[],203999,,,1610612743,29,26,2021-12-10T01:59:11Z,1260000,,,0,,N. Jokic lost ball TURNOVER (1 TO),"[203999, 1630170]",1610612743.0,DEN,,,,Jokic,N. Jokic,,,,,,,,,,,,,,,1.0,Vassell,1630170.0,,,,,,,,
127,PT01M33.00S,2021-12-10T01:59:05.4Z,1,REGULAR,steal,,[],1630170,,,1610612759,29,26,2021-12-10T01:59:08Z,1270000,,,0,,D. Vassell STEAL (1 STL),[1630170],1610612759.0,SAS,,,,Vassell,D. Vassell,,,,,,,,,,,,,,,,,,,,,,,,,
128,PT01M33.00S,2021-12-10T01:59:11.2Z,1,REGULAR,foul,personal,[],1630267,,,1610612759,29,26,2021-12-10T02:03:27Z,1280000,,,0,,F. Campazzo take personal FOUL (1 PF),"[1630267, 1630170]",1610612743.0,DEN,take,,,Campazzo,F. Campazzo,,,,,,,,,,,,,,,,,,,,1628159.0,1.0,0.0,Vassell,1630170.0,
130,PT01M33.00S,2021-12-10T01:59:19.0Z,1,REGULAR,substitution,out,[],1628401,,,1610612759,29,26,2021-12-10T01:59:30Z,1300000,,,0,,SUB out: D. White,[1628401],1610612759.0,SAS,,,,White,D. White,,,,,,,,,,,,,,,,,,,,,,,,,
131,PT01M33.00S,2021-12-10T01:59:19.0Z,1,REGULAR,substitution,out,[],203999,,,1610612759,29,26,2021-12-10T01:59:30Z,1310000,,,0,,SUB out: N. Jokic,[203999],1610612743.0,DEN,,,,Jokic,N. Jokic,,,,,,,,,,,,,,,,,,,,,,,,,
132,PT01M33.00S,2021-12-10T01:59:19.0Z,1,REGULAR,substitution,in,[],1630200,,,1610612759,29,26,2021-12-10T01:59:30Z,1320000,,,0,,SUB in: T. Jones,[1630200],1610612759.0,SAS,,,,Jones,T. Jones,,,,,,,,,,,,,,,,,,,,,,,,,
133,PT01M33.00S,2021-12-10T01:59:19.0Z,1,REGULAR,substitution,in,[],203210,,,1610612759,29,26,2021-12-10T01:59:30Z,1330000,,,0,,SUB in: J. Green,[203210],1610612743.0,DEN,,,,Green,J. Green,,,,,,,,,,,,,,,,,,,,,,,,,
134,PT01M24.00S,2021-12-10T01:59:37.1Z,1,REGULAR,2pt,Layup,"['pointsinthepaint', 'fromturnover']",1629234,94.30026281208936,47.30392156862745,1610612759,31,26,2021-12-10T01:59:42Z,1340000,-13.0,1.0,1,right,D. Eubanks cutting Layup (2 PTS) (B. Forbes 1 AST),"[1629234, 1627854]",1610612759.0,SAS,cutting,,,Eubanks,D. Eubanks,,,,,1.35,Made,2.0,B. Forbes,1627854.0,1.0,,,,,,,,,,,,,,,
136,PT01M05.00S,2021-12-10T01:59:56.8Z,1,REGULAR,2pt,Jump Shot,[],1628432,10.068988173455978,18.627450980392158,1610612743,31,26,2021-12-10T02:00:00Z,1360000,157.0,42.0,1,left,MISS D. Reed 16' pullup Shot,[1628432],1610612743.0,DEN,pullup,,,Reed,D. Reed,,,,,16.25,Missed,,,,,,,,,,,,,,,,,,,
137,PT01M01.00S,2021-12-10T01:59:59.3Z,1,REGULAR,rebound,defensive,[],1629234,,,1610612759,31,26,2021-12-10T01:59:59Z,1370000,,,0,,D. Eubanks REBOUND (Off:0 Def:1),[1629234],1610612759.0,SAS,,,,Eubanks,D. Eubanks,,,,,,,,,,,136.0,1.0,1.0,0.0,,,,,,,,,,,
138,PT00M57.60S,2021-12-10T02:00:05.2Z,1,REGULAR,2pt,Layup,"['pointsinthepaint', 'fastbreak']",1629022,93.9060446780552,48.77450980392157,1610612759,33,26,2021-12-10T02:00:10Z,1380000,-6.0,5.0,1,right,L. Walker IV driving finger roll Layup (2 PTS) (T. Jones 1 AST),"[1629022, 1630200]",1610612759.0,SAS,driving finger roll,,,Walker IV,L. Walker IV,,,,,0.78,Made,2.0,T. Jones,1630200.0,1.0,,,,,,,,,,,,,,,
140,PT00M46.90S,2021-12-10T02:00:17.4Z,1,REGULAR,3pt,Jump Shot,[],1630538,29.77989487516426,72.05882352941177,1610612743,33,26,2021-12-10T02:00:25Z,1400000,-110.0,227.0,1,left,MISS B. Hyland 25' step back 3PT,[1630538],1610612743.0,DEN,step back,,,Hyland,B. Hyland,,,,,25.27,Missed,,,,,,,,,,,,,,,,,,,
141,PT00M43.30S,2021-12-10T02:00:21.0Z,1,REGULAR,rebound,defensive,[],1630170,,,1610612759,33,26,2021-12-10T02:00:25Z,1410000,,,0,,D. Vassell REBOUND (Off:0 Def:3),[1630170],1610612759.0,SAS,,,,Vassell,D. Vassell,,,,,,,,,,,140.0,3.0,3.0,0.0,,,,,,,,,,,
142,PT00M36.40S,2021-12-10T02:00:27.9Z,1,REGULAR,2pt,Jump Shot,['pointsinthepaint'],1627854,87.72996057818659,40.931372549019606,1610612759,33,26,2021-12-10T02:05:20Z,1420000,-45.0,63.0,1,right,MISS B. Forbes 7' driving floating Shot,[1627854],1610612759.0,SAS,driving floating,,,Forbes,B. Forbes,,,,,7.74,Missed,,,,,,,,,,,,,,,,,,,
143,PT00M34.60S,2021-12-10T02:00:29.7Z,1,REGULAR,rebound,offensive,[],1629234,,,1610612759,33,26,2021-12-10T02:00:29Z,1430000,,,0,,D. Eubanks REBOUND (Off:1 Def:1),[1629234],1610612759.0,SAS,,,,Eubanks,D. Eubanks,,,,,,,,,,,142.0,2.0,1.0,1.0,,,,,,,,,,,
144,PT00M34.40S,2021-12-10T02:00:31.2Z,1,REGULAR,2pt,Layup,"['pointsinthepaint', '2ndchance']",1629234,93.24901445466492,50.98039215686274,1610612759,35,26,2021-12-10T02:00:38Z,1440000,5.0,11.0,1,right,D. Eubanks putback Layup (4 PTS),[1629234],1610612759.0,SAS,putback,,,Eubanks,D. Eubanks,,,,,1.2,Made,4.0,,,,,,,,,,,,,,,,,,
145,PT00M19.20S,2021-12-10T02:00:47.7Z,1,REGULAR,3pt,Jump Shot,[],1630267,24.129434954007884,14.215686274509803,1610612743,35,29,2021-12-10T02:00:52Z,1450000,179.0,174.0,1,left,F. Campazzo 24' 3PT  (3 PTS) (Z. Nnaji 1 AST),"[1630267, 1630192]",1610612743.0,DEN,,,,Campazzo,F. Campazzo,,,,,24.98,Made,3.0,Z. Nnaji,1630192.0,1.0,,,,,,,,,,,,,,,
147,PT00M04.40S,2021-12-10T02:01:10.0Z,1,REGULAR,foul,personal,"['inpenalty', '2freethrow']",1630267,,,1610612759,35,29,2021-12-10T02:01:29Z,1470000,,,0,,F. Campazzo personal FOUL (2 PF) (Eubanks 2 FT),"[1630267, 1629234]",1610612743.0,DEN,,,,Campazzo,F. Campazzo,,,,,,,,,,,,,,,,,,,,1628159.0,2.0,0.0,Eubanks,1629234.0,
150,PT00M04.40S,2021-12-10T02:01:39.2Z,1,REGULAR,freethrow,1 of 2,[],1629234,,,1610612759,36,29,2021-12-10T02:01:39Z,1490000,,,0,,D. Eubanks Free Throw 1 of 2 (5 PTS),[1629234],1610612759.0,SAS,,,,Eubanks,D. Eubanks,,,,,,Made,5.0,,,,,,,,,,,,,,,,,,
151,PT00M04.40S,2021-12-10T02:01:51.7Z,1,REGULAR,freethrow,2 of 2,[],1629234,,,1610612759,37,29,2021-12-10T02:01:51Z,1500000,,,0,,D. Eubanks Free Throw 2 of 2 (6 PTS),[1629234],1610612759.0,SAS,,,,Eubanks,D. Eubanks,,,,,,Made,6.0,,,,,,,,,,,,,,,,,,
152,PT00M02.70S,2021-12-10T02:01:56.9Z,1,REGULAR,foul,personal,[],1630170,,,1610612743,37,29,2021-12-10T02:02:12Z,1510000,,,0,,D. Vassell take personal FOUL (1 PF),"[1630170, 1630538]",1610612759.0,SAS,take,,,Vassell,D. Vassell,,,,,,,,,,,,,,,,,,,,202041.0,1.0,0.0,Hyland,1630538.0,
154,PT00M00.00S,2021-12-10T02:02:15.5Z,1,REGULAR,3pt,Jump Shot,[],1630267,35.56176084099869,18.38235294117647,1610612743,37,29,2021-12-10T02:02:23Z,1530000,158.0,282.0,1,left,MISS F. Campazzo 32' driving floating 3PT,[1630267],1610612743.0,DEN,driving floating,,,Campazzo,F. Campazzo,,,,,32.31,Missed,,,,,,,,,,,,,,,,,,,
155,PT00M00.00S,2021-12-10T02:02:15.5Z,1,REGULAR,rebound,offensive,['team'],0,,,1610612743,37,29,2021-12-10T02:02:23Z,1540000,,,0,,TEAM offensive REBOUND,[],1610612743.0,DEN,,,,,,,,,,,,,,,,154.0,,,,,,,,,,,,,,
156,PT00M00.00S,2021-12-10T02:02:20.7Z,1,REGULAR,period,end,[],0,,,1610612743,37,29,2021-12-10T02:02:20Z,1550000,,,0,,Period End,[],,,,,,,,,,,,,,,,,,,,,,,,,,,,,,,,
157,PT12M00.00S,2021-12-10T02:03:03.6Z,2,REGULAR,substitution,out,['startperiod'],1630200,,,1610612743,37,29,2021-12-10T02:04:52Z,1560000,,,0,,SUB out: T. Jones,[1630200],1610612759.0,SAS,,,,Jones,T. Jones,,,,,,,,,,,,,,,,,,,,,,,,,
158,PT12M00.00S,2021-12-10T02:03:03.6Z,2,REGULAR,substitution,in,['startperiod'],1627749,,,1610612743,37,29,2021-12-10T02:04:52Z,1570000,,,0,,SUB in: D. Murray,[1627749],1610612759.0,SAS,,,,Murray,D. Murray,,,,,,,,,,,,,,,,,,,,,,,,,
159,PT12M00.00S,2021-12-10T02:05:00.2Z,2,REGULAR,period,start,[],0,,,1610612743,37,29,2021-12-10T02:05:00Z,1580000,,,0,,Period Start,[],,,,,,,,,,,,,,,,,,,,,,,,,,,,,,,,
160,PT11M38.00S,2021-12-10T02:05:24.1Z,2,REGULAR,2pt,Layup,['pointsinthepaint'],203210,10.988830486202366,49.50980392156863,1610612743,37,31,2021-12-10T02:05:33Z,1590000,2.0,51.0,1,left,J. Green Layup (2 PTS),[203210],1610612743.0,DEN,,,,Green,J. Green,,,,,5.09,Made,2.0,,,,,,,,,,,,,,,,,,
161,PT11M38.00S,2021-12-10T02:05:31.3Z,2,REGULAR,foul,personal,['1freethrow'],1627749,,,1610612743,37,31,2021-12-10T02:05:37Z,1600000,,,0,,D. Murray shooting personal FOUL (2 PF) (Green 1 FT),"[1627749, 203210]",1610612759.0,SAS,shooting,,,Murray,D. Murray,,,,,,,,,,,,,,,,,,,,204059.0,2.0,0.0,Green,203210.0,
163,PT11M38.00S,2021-12-10T02:05:55.1Z,2,REGULAR,freethrow,1 of 1,[],203210,,,1610612743,37,32,2021-12-10T02:05:55Z,1620000,,,0,,J. Green Free Throw 1 of 1 (3 PTS),[203210],1610612743.0,DEN,,,,Green,J. Green,,,,,,Made,3.0,,,,,,,,,,,,,,,,,,
164,PT11M38.00S,2021-12-10T02:05:59.9Z,2,REGULAR,stoppage,blood rule,[],0,,,1610612759,37,32,2021-12-10T02:05:59Z,1630000,,,0,,,[],,,,,,,,,,,,,,,,,,,,,,,,,,,,,,,,
165,PT11M15.00S,2021-12-10T02:06:55.6Z,2,REGULAR,3pt,Jump Shot,[],1627749,65.1281208935611,56.61764705882353,1610612759,40,32,2021-12-10T02:07:02Z,1640000,33.0,275.0,1,right,D. Murray 27' 3PT pullup (8 PTS),[1627749],1610612759.0,SAS,pullup,,,Murray,D. Murray,,,,,27.73,Made,8.0,,,,,,,,,,,,,,,,,,
167,PT10M53.00S,2021-12-10T02:07:16.8Z,2,REGULAR,2pt,Jump Shot,['pointsinthepaint'],1630538,9.280551905387648,52.94117647058824,1610612743,40,32,2021-12-10T02:07:58Z,1660000,-15.0,35.0,1,left,MISS B. Hyland driving floating Shot,[1630538],1610612743.0,DEN,driving floating,,,Hyland,B. Hyland,,,,,3.77,Missed,,,,,,,,,,,,,,,,,,,
168,PT10M52.00S,2021-12-10T02:07:17.8Z,2,REGULAR,rebound,defensive,[],1627749,,,1610612759,40,32,2021-12-10T02:07:58Z,1670000,,,0,,D. Murray REBOUND (Off:1 Def:2),[1627749],1610612759.0,SAS,,,,Murray,D. Murray,,,,,,,,,,,167.0,3.0,2.0,1.0,,,,,,,,,,,
169,PT10M48.00S,2021-12-10T02:07:22.1Z,2,REGULAR,3pt,Jump Shot,[],1629022,76.5604467805519,12.745098039215685,1610612759,43,32,2021-12-10T02:07:29Z,1680000,-186.0,168.0,1,right,L. Walker IV 25' 3PT  (5 PTS) (D. Murray 3 AST),"[1629022, 1627749]",1610612759.0,SAS,,,,Walker IV,L. Walker IV,,,,,25.07,Made,5.0,D. Murray,1627749.0,3.0,,,,,,,,,,,,,,,
171,PT10M27.00S,2021-12-10T02:07:42.7Z,2,REGULAR,3pt,Jump Shot,[],1630538,5.469776609724048,94.36274509803921,1610612743,43,32,2021-12-10T02:07:48Z,1700000,-222.0,-1.0,1,left,MISS B. Hyland 3PT,[1630538],1610612743.0,DEN,,,,Hyland,B. Hyland,,,,,22.18,Missed,,,,,,,,,,,,,,,,,,,
172,PT10M24.00S,2021-12-10T02:07:45.7Z,2,REGULAR,rebound,defensive,[],1629234,,,1610612759,43,32,2021-12-10T02:07:48Z,1710000,,,0,,D. Eubanks REBOUND (Off:1 Def:2),[1629234],1610612759.0,SAS,,,,Eubanks,D. Eubanks,,,,,,,,,,,171.0,3.0,2.0,1.0,,,,,,,,,,,
173,PT10M21.00S,2021-12-10T02:07:49.6Z,2,REGULAR,3pt,Jump Shot,['fastbreak'],1629022,74.06373193166885,15.686274509803921,1610612759,43,32,2021-12-10T02:08:52Z,1720000,-172.0,191.0,1,right,MISS L. Walker IV 25' running 3PT,[1629022],1610612759.0,SAS,running,,,Walker IV,L. Walker IV,,,,,25.7,Missed,,,,,,,,,,,,,,,,,,,
174,PT10M19.00S,2021-12-10T02:07:51.6Z,2,REGULAR,rebound,defensive,['team'],0,,,1610612743,43,32,2021-12-10T02:07:58Z,1730000,,,0,,TEAM defensive REBOUND,[],1610612743.0,DEN,,,,,,,,,,,,,,,,173.0,,,,,,,,,,,,,,
175,PT10M19.00S,2021-12-10T02:07:56.1Z,2,REGULAR,stoppage,out-of-bounds,[],0,,,1610612743,43,32,2021-12-10T02:07:56Z,1740000,,,0,,,[],,,,,,,,,,,,,,,,,,,,,,,,,,,,,,,,
176,PT10M19.00S,2021-12-10T02:07:56.7Z,2,REGULAR,substitution,out,[],1627854,,,1610612743,43,32,2021-12-10T02:08:12Z,1750000,,,0,,SUB out: B. Forbes,[1627854],1610612759.0,SAS,,,,Forbes,B. Forbes,,,,,,,,,,,,,,,,,,,,,,,,,
177,PT10M19.00S,2021-12-10T02:07:56.7Z,2,REGULAR,substitution,in,[],203926,,,1610612743,43,32,2021-12-10T02:08:12Z,1760000,,,0,,SUB in: D. McDermott,[203926],1610612759.0,SAS,,,,McDermott,D. McDermott,,,,,,,,,,,,,,,,,,,,,,,,,
178,PT10M09.00S,2021-12-10T02:08:21.5Z,2,REGULAR,3pt,Jump Shot,[],1628432,3.1044678055190538,96.56862745098039,1610612743,43,32,2021-12-10T02:08:27Z,1770000,-233.0,-23.0,1,left,MISS D. Reed 3PT,[1628432],1610612743.0,DEN,,,,Reed,D. Reed,,,,,23.4,Missed,,,,,,,,,,,,,,,,,,,
179,PT10M04.00S,2021-12-10T02:08:26.5Z,2,REGULAR,rebound,defensive,[],1629234,,,1610612759,43,32,2021-12-10T02:08:27Z,1780000,,,0,,D. Eubanks REBOUND (Off:1 Def:3),[1629234],1610612759.0,SAS,,,,Eubanks,D. Eubanks,,,,,,,,,,,178.0,4.0,3.0,1.0,,,,,,,,,,,
180,PT09M57.00S,2021-12-10T02:08:33.5Z,2,REGULAR,2pt,Jump Shot,[],1627749,77.08607095926413,40.19607843137255,1610612759,43,32,2021-12-10T02:08:37Z,1790000,-49.0,163.0,1,right,MISS D. Murray 17' pullup Shot,[1627749],1610612759.0,SAS,pullup,,,Murray,D. Murray,,,,,17.01,Missed,,,,,,,,,,,,,,,,,,,
181,PT09M54.00S,2021-12-10T02:08:36.5Z,2,REGULAR,rebound,defensive,[],1628432,,,1610612743,43,32,2021-12-10T02:08:37Z,1800000,,,0,,D. Reed REBOUND (Off:0 Def:2),[1628432],1610612743.0,DEN,,,,Reed,D. Reed,,,,,,,,,,,180.0,2.0,2.0,0.0,,,,,,,,,,,
182,PT09M49.00S,2021-12-10T02:08:40.7Z,2,REGULAR,3pt,Jump Shot,[],1630192,30.831143232588698,64.95098039215686,1610612743,43,32,2021-12-10T02:08:50Z,1810000,-75.0,237.0,1,left,MISS Z. Nnaji 24' 3PT,[1630192],1610612743.0,DEN,,,,Nnaji,Z. Nnaji,,,,,24.88,Missed,,,,,,,,,,,,,,,,,,,
183,PT09M46.00S,2021-12-10T02:08:43.7Z,2,REGULAR,rebound,defensive,[],1627749,,,1610612759,43,32,2021-12-10T02:08:50Z,1820000,,,0,,D. Murray REBOUND (Off:1 Def:3),[1627749],1610612759.0,SAS,,,,Murray,D. Murray,,,,,,,,,,,182.0,4.0,3.0,1.0,,,,,,,,,,,
184,PT09M41.00S,2021-12-10T02:08:48.9Z,2,REGULAR,2pt,Layup,"['pointsinthepaint', 'fastbreak']",1629234,94.03745072273325,49.50980392156863,1610612759,45,32,2021-12-10T02:10:21Z,1830000,-2.0,4.0,1,right,D. Eubanks running Layup (8 PTS) (D. Murray 4 AST),"[1629234, 1627749]",1610612759.0,SAS,running,,,Eubanks,D. Eubanks,,,,,0.43,Made,8.0,D. Murray,1627749.0,4.0,,,,,,,,,,,,,,,
186,PT09M41.00S,2021-12-10T02:08:55.1Z,2,REGULAR,timeout,full,"['team', 'mandatory']",0,,,1610612743,45,32,2021-12-10T02:08:55Z,1850000,,,0,,DEN Timeout,[],1610612743.0,DEN,,,,,,,,,,,,,,,,,,,,,,,,,,,,,,
187,PT09M41.00S,2021-12-10T02:11:10.3Z,2,REGULAR,substitution,out,[],1629234,,,1610612743,45,32,2021-12-10T02:11:31Z,1860000,,,0,,SUB out: D. Eubanks,[1629234],1610612759.0,SAS,,,,Eubanks,D. Eubanks,,,,,,,,,,,,,,,,,,,,,,,,,
188,PT09M41.00S,2021-12-10T02:11:10.3Z,2,REGULAR,substitution,in,[],201152,,,1610612743,45,32,2021-12-10T02:11:31Z,1870000,,,0,,SUB in: T. Young,[201152],1610612759.0,SAS,,,,Young,T. Young,,,,,,,,,,,,,,,,,,,,,,,,,
192,PT09M41.00S,2021-12-10T02:11:10.3Z,2,REGULAR,substitution,out,[],1628432,,,1610612743,45,32,2021-12-10T02:12:13Z,1875000,,,0,,SUB out: D. Reed,[1628432],1610612743.0,DEN,,,,Reed,D. Reed,,,,,,,,,,,,,,,,,,,,,,,,,
193,PT09M41.00S,2021-12-10T02:11:10.3Z,2,REGULAR,substitution,in,[],203115,,,1610612743,45,32,2021-12-10T02:12:13Z,1877500,,,0,,SUB in: W. Barton,[203115],1610612743.0,DEN,,,,Barton,W. Barton,,,,,,,,,,,,,,,,,,,,,,,,,
189,PT09M24.00S,2021-12-10T02:11:56.3Z,2,REGULAR,2pt,Layup,['pointsinthepaint'],203210,8.09789750328515,48.28431372549019,1610612743,45,32,2021-12-10T02:12:00Z,1880000,9.0,24.0,1,left,MISS J. Green Layup,[203210],1610612743.0,DEN,,,,Green,J. Green,,,,,2.51,Missed,,,,,,,,,,,,,,,,,,,
190,PT09M22.00S,2021-12-10T02:11:58.3Z,2,REGULAR,rebound,defensive,[],203926,,,1610612759,45,32,2021-12-10T02:11:58Z,1890000,,,0,,D. McDermott REBOUND (Off:0 Def:2),[203926],1610612759.0,SAS,,,,McDermott,D. McDermott,,,,,,,,,,,189.0,2.0,2.0,0.0,,,,,,,,,,,
191,PT09M18.00S,2021-12-10T02:12:06.8Z,2,REGULAR,foul,personal,['2freethrow'],1630538,,,1610612759,45,32,2021-12-10T02:12:32Z,1900000,,,0,,B. Hyland shooting personal FOUL (1 PF) (McDermott 2 FT),"[1630538, 203926]",1610612743.0,DEN,shooting,,,Hyland,B. Hyland,,,,,,,,,,,,,,,,,,,,204059.0,1.0,0.0,McDermott,203926.0,
195,PT09M18.00S,2021-12-10T02:12:35.6Z,2,REGULAR,freethrow,1 of 2,['fastbreak'],203926,,,1610612759,46,32,2021-12-10T02:12:35Z,1920000,,,0,,D. McDermott Free Throw 1 of 2 (8 PTS),[203926],1610612759.0,SAS,,,,McDermott,D. McDermott,,,,,,Made,8.0,,,,,,,,,,,,,,,,,,
196,PT09M18.00S,2021-12-10T02:12:48.1Z,2,REGULAR,freethrow,2 of 2,['fastbreak'],203926,,,1610612759,47,32,2021-12-10T02:12:48Z,1930000,,,0,,D. McDermott Free Throw 2 of 2 (9 PTS),[203926],1610612759.0,SAS,,,,McDermott,D. McDermott,,,,,,Made,9.0,,,,,,,,,,,,,,,,,,
197,PT09M03.00S,2021-12-10T02:13:02.4Z,2,REGULAR,3pt,Jump Shot,[],203115,6.389618922470433,3.431372549019608,1610612743,47,35,2021-12-10T02:13:06Z,1940000,233.0,8.0,1,left,W. Barton 3PT  (12 PTS) (F. Campazzo 1 AST),"[203115, 1630267]",1610612743.0,DEN,,,,Barton,W. Barton,,,,,23.29,Made,12.0,F. Campazzo,1630267.0,1.0,,,,,,,,,,,,,,,
199,PT08M55.00S,2021-12-10T02:13:14.3Z,2,REGULAR,foul,personal,['2freethrow'],203115,,,1610612759,47,35,2021-12-10T02:13:27Z,1960000,,,0,,W. Barton shooting personal FOUL (1 PF) (Walker IV 2 FT),"[203115, 1629022]",1610612743.0,DEN,shooting,,,Barton,W. Barton,,,,,,,,,,,,,,,,,,,,1628159.0,1.0,0.0,Walker IV,1629022.0,
201,PT08M55.00S,2021-12-10T02:13:36.8Z,2,REGULAR,freethrow,1 of 2,[],1629022,,,1610612759,48,35,2021-12-10T02:13:36Z,1980000,,,0,,L. Walker IV Free Throw 1 of 2 (6 PTS),[1629022],1610612759.0,SAS,,,,Walker IV,L. Walker IV,,,,,,Made,6.0,,,,,,,,,,,,,,,,,,
202,PT08M55.00S,2021-12-10T02:13:49.1Z,2,REGULAR,freethrow,2 of 2,[],1629022,,,1610612759,49,35,2021-12-10T02:13:49Z,1990000,,,0,,L. Walker IV Free Throw 2 of 2 (7 PTS),[1629022],1610612759.0,SAS,,,,Walker IV,L. Walker IV,,,,,,Made,7.0,,,,,,,,,,,,,,,,,,
203,PT08M43.00S,2021-12-10T02:14:02.8Z,2,REGULAR,3pt,Jump Shot,[],1630267,27.414586070959263,17.401960784313726,1610612743,49,38,2021-12-10T02:14:09Z,2000000,163.0,205.0,1,left,F. Campazzo 26' 3PT  (6 PTS) (B. Hyland 1 AST),"[1630267, 1630538]",1610612743.0,DEN,,,,Campazzo,F. Campazzo,,,,,26.21,Made,6.0,B. Hyland,1630538.0,1.0,,,,,,,,,,,,,,,
205,PT08M30.00S,2021-12-10T02:14:15.7Z,2,REGULAR,2pt,DUNK,['pointsinthepaint'],1630170,93.51182654402102,50.73529411764706,1610612759,51,38,2021-12-10T02:14:21Z,2020000,4.0,8.0,1,right,D. Vassell driving DUNK (2 PTS) (T. Young 1 AST),"[1630170, 201152]",1610612759.0,SAS,driving,,,Vassell,D. Vassell,,,,,0.93,Made,2.0,T. Young,201152.0,1.0,,,,,,,,,,,,,,,
207,PT08M21.00S,2021-12-10T02:14:23.8Z,2,REGULAR,3pt,Jump Shot,['fastbreak'],203115,24.392247043363994,85.04901960784314,1610612743,51,38,2021-12-10T02:14:30Z,2040000,-175.0,177.0,1,left,MISS W. Barton 24' pullup 3PT,[203115],1610612743.0,DEN,pullup,,,Barton,W. Barton,,,,,24.89,Missed,,,,,,,,,,,,,,,,,,,
208,PT08M19.00S,2021-12-10T02:14:25.8Z,2,REGULAR,rebound,defensive,[],201152,,,1610612759,51,38,2021-12-10T02:14:30Z,2050000,,,0,,T. Young REBOUND (Off:0 Def:1),[201152],1610612759.0,SAS,,,,Young,T. Young,,,,,,,,,,,207.0,1.0,1.0,0.0,,,,,,,,,,,
209,PT08M19.00S,2021-12-10T02:14:30.1Z,2,REGULAR,foul,personal,[],1630538,,,1610612759,51,38,2021-12-10T02:14:38Z,2060000,,,0,,B. Hyland take personal FOUL (2 PF),"[1630538, 1627749]",1610612743.0,DEN,take,,,Hyland,B. Hyland,,,,,,,,,,,,,,,,,,,,1628159.0,2.0,0.0,Murray,1627749.0,
211,PT08M19.00S,2021-12-10T02:14:37.8Z,2,REGULAR,substitution,out,[],201152,,,1610612759,51,38,2021-12-10T02:14:51Z,2080000,,,0,,SUB out: T. Young,[201152],1610612759.0,SAS,,,,Young,T. Young,,,,,,,,,,,,,,,,,,,,,,,,,
212,PT08M19.00S,2021-12-10T02:14:37.8Z,2,REGULAR,substitution,out,[],203210,,,1610612759,51,38,2021-12-10T02:14:51Z,2090000,,,0,,SUB out: J. Green,[203210],1610612743.0,DEN,,,,Green,J. Green,,,,,,,,,,,,,,,,,,,,,,,,,
213,PT08M19.00S,2021-12-10T02:14:37.8Z,2,REGULAR,substitution,out,[],1630538,,,1610612759,51,38,2021-12-10T02:14:51Z,2100000,,,0,,SUB out: B. Hyland,[1630538],1610612743.0,DEN,,,,Hyland,B. Hyland,,,,,,,,,,,,,,,,,,,,,,,,,
214,PT08M19.00S,2021-12-10T02:14:37.8Z,2,REGULAR,substitution,out,[],1630267,,,1610612759,51,38,2021-12-10T02:14:51Z,2110000,,,0,,SUB out: F. Campazzo,[1630267],1610612743.0,DEN,,,,Campazzo,F. Campazzo,,,,,,,,,,,,,,,,,,,,,,,,,
215,PT08M19.00S,2021-12-10T02:14:37.8Z,2,REGULAR,substitution,out,[],1630192,,,1610612759,51,38,2021-12-10T02:14:51Z,2120000,,,0,,SUB out: Z. Nnaji,[1630192],1610612743.0,DEN,,,,Nnaji,Z. Nnaji,,,,,,,,,,,,,,,,,,,,,,,,,
216,PT08M19.00S,2021-12-10T02:14:37.8Z,2,REGULAR,substitution,in,[],1627751,,,1610612759,51,38,2021-12-10T02:14:51Z,2130000,,,0,,SUB in: J. Poeltl,[1627751],1610612759.0,SAS,,,,Poeltl,J. Poeltl,,,,,,,,,,,,,,,,,,,,,,,,,
217,PT08M19.00S,2021-12-10T02:14:37.8Z,2,REGULAR,substitution,in,[],203999,,,1610612759,51,38,2021-12-10T02:14:51Z,2140000,,,0,,SUB in: N. Jokic,[203999],1610612743.0,DEN,,,,Jokic,N. Jokic,,,,,,,,,,,,,,,,,,,,,,,,,
218,PT08M19.00S,2021-12-10T02:14:37.8Z,2,REGULAR,substitution,in,[],1628420,,,1610612759,51,38,2021-12-10T02:14:51Z,2150000,,,0,,SUB in: M. Morris,[1628420],1610612743.0,DEN,,,,Morris,M. Morris,,,,,,,,,,,,,,,,,,,,,,,,,
219,PT08M19.00S,2021-12-10T02:14:37.8Z,2,REGULAR,substitution,in,[],201145,,,1610612759,51,38,2021-12-10T02:14:51Z,2160000,,,0,,SUB in: J. Green,[201145],1610612743.0,DEN,,,,Green,J. Green,,,,,,,,,,,,,,,,,,,,,,,,,
220,PT08M19.00S,2021-12-10T02:14:37.8Z,2,REGULAR,substitution,in,[],203932,,,1610612759,51,38,2021-12-10T02:14:51Z,2170000,,,0,,SUB in: A. Gordon,[203932],1610612743.0,DEN,,,,Gordon,A. Gordon,,,,,,,,,,,,,,,,,,,,,,,,,
221,PT08M06.00S,2021-12-10T02:15:05.8Z,2,REGULAR,3pt,Jump Shot,[],1627749,76.69185282522996,11.76470588235294,1610612759,51,38,2021-12-10T02:15:11Z,2180000,-191.0,167.0,1,right,MISS D. Murray 25' 3PT,[1627749],1610612759.0,SAS,,,,Murray,D. Murray,,,,,25.36,Missed,,,,,,,,,,,,,,,,,,,
222,PT08M01.00S,2021-12-10T02:15:10.8Z,2,REGULAR,rebound,defensive,[],203999,,,1610612743,51,38,2021-12-10T02:15:11Z,2190000,,,0,,N. Jokic REBOUND (Off:0 Def:5),[203999],1610612743.0,DEN,,,,Jokic,N. Jokic,,,,,,,,,,,221.0,5.0,5.0,0.0,,,,,,,,,,,
223,PT07M56.00S,2021-12-10T02:15:17.8Z,2,REGULAR,foul,personal,[],203926,,,1610612743,51,38,2021-12-10T02:15:28Z,2200000,,,0,,D. McDermott personal FOUL (1 PF),"[203926, 1628420]",1610612759.0,SAS,,,,McDermott,D. McDermott,,,,,,,,,,,,,,,,,,,,202041.0,1.0,0.0,Morris,1628420.0,
225,PT07M50.00S,2021-12-10T02:15:36.5Z,2,REGULAR,2pt,Layup,['pointsinthepaint'],201145,8.09789750328515,54.65686274509803,1610612743,51,38,2021-12-10T02:16:17Z,2220000,-23.0,24.0,1,left,MISS J. Green reverse Layup - blocked,"[201145, 1630170]",1610612743.0,DEN,reverse,,,Green,J. Green,,,,,3.32,Missed,,,,,,,,,,,,Vassell,1630170.0,,,,,,
226,PT07M50.00S,2021-12-10T02:15:36.5Z,2,REGULAR,block,,[],1630170,,,1610612743,51,38,2021-12-10T02:15:51Z,2230000,,,0,,D. Vassell BLOCK (2 BLK),[1630170],1610612759.0,SAS,,,,Vassell,D. Vassell,,,,,,,,,,,,,,,,,,,,,,,,,
227,PT07M50.00S,2021-12-10T02:15:36.5Z,2,REGULAR,rebound,offensive,['team'],0,,,1610612743,51,38,2021-12-10T02:15:51Z,2240000,,,0,,TEAM offensive REBOUND,[],1610612743.0,DEN,,,,,,,,,,,,,,,,225.0,,,,,,,,,,,,,,
228,PT07M50.00S,2021-12-10T02:15:43.0Z,2,REGULAR,stoppage,out-of-bounds,[],0,,,1610612743,51,38,2021-12-10T02:15:43Z,2250000,,,0,,,[],,,,,,,,,,,,,,,,,,,,,,,,,,,,,,,,
229,PT07M38.00S,2021-12-10T02:15:58.9Z,2,REGULAR,3pt,Jump Shot,['2ndchance'],1628420,4.812746386333772,96.32352941176471,1610612743,51,38,2021-12-10T02:16:03Z,2260000,-232.0,-7.0,1,left,MISS M. Morris pullup 3PT,[1628420],1610612743.0,DEN,pullup,,,Morris,M. Morris,,,,,23.17,Missed,,,,,,,,,,,,,,,,,,,
230,PT07M35.00S,2021-12-10T02:16:00.9Z,2,REGULAR,rebound,defensive,[],1629022,,,1610612759,51,38,2021-12-10T02:16:00Z,2270000,,,0,,L. Walker IV REBOUND (Off:0 Def:1),[1629022],1610612759.0,SAS,,,,Walker IV,L. Walker IV,,,,,,,,,,,229.0,1.0,1.0,0.0,,,,,,,,,,,
231,PT07M25.00S,2021-12-10T02:16:11.9Z,2,REGULAR,2pt,Layup,['pointsinthepaint'],1629022,94.56307490144546,52.94117647058824,1610612759,53,38,2021-12-10T02:16:16Z,2280000,15.0,-1.0,1,right,L. Walker IV driving Layup (9 PTS),[1629022],1610612759.0,SAS,driving,,,Walker IV,L. Walker IV,,,,,1.48,Made,9.0,,,,,,,,,,,,,,,,,,
232,PT07M18.00S,2021-12-10T02:16:18.5Z,2,REGULAR,2pt,Jump Shot,['fastbreak'],203115,19.530223390275953,27.941176470588236,1610612743,53,38,2021-12-10T02:17:12Z,2290000,110.0,131.0,1,left,MISS W. Barton 17' running pullup Shot,[203115],1610612743.0,DEN,running pullup,,,Barton,W. Barton,,,,,17.13,Missed,,,,,,,,,,,,,,,,,,,
233,PT07M15.00S,2021-12-10T02:16:21.5Z,2,REGULAR,rebound,defensive,[],1630170,,,1610612759,53,38,2021-12-10T02:16:23Z,2300000,,,0,,D. Vassell REBOUND (Off:0 Def:4),[1630170],1610612759.0,SAS,,,,Vassell,D. Vassell,,,,,,,,,,,232.0,4.0,4.0,0.0,,,,,,,,,,,
234,PT07M07.00S,2021-12-10T02:16:29.6Z,2,REGULAR,2pt,Jump Shot,[],1630170,82.21090670170827,71.56862745098039,1610612759,55,38,2021-12-10T02:16:34Z,2310000,108.0,115.0,1,right,D. Vassell 15' pullup Jump Shot (4 PTS),[1630170],1610612759.0,SAS,pullup,,,Vassell,D. Vassell,,,,,15.74,Made,4.0,,,,,,,,,,,,,,,,,,
235,PT06M43.00S,2021-12-10T02:16:53.5Z,2,REGULAR,2pt,Jump Shot,['pointsinthepaint'],1628420,10.200394218134035,50.0,1610612743,55,40,2021-12-10T02:16:59Z,2320000,0.0,43.0,1,left,M. Morris driving floating Jump Shot (5 PTS) (W. Barton 1 AST),"[1628420, 203115]",1610612743.0,DEN,driving floating,,,Morris,M. Morris,,,,,4.34,Made,5.0,W. Barton,203115.0,1.0,,,,,,,,,,,,,,,
237,PT06M33.00S,2021-12-10T02:17:03.8Z,2,REGULAR,3pt,Jump Shot,[],1629022,66.96780551905388,49.50980392156863,1610612759,58,40,2021-12-10T02:17:08Z,2340000,-2.0,258.0,1,right,L. Walker IV 25' 3PT  (12 PTS) (J. Poeltl 3 AST),"[1629022, 1627751]",1610612759.0,SAS,,,,Walker IV,L. Walker IV,,,,,25.8,Made,12.0,J. Poeltl,1627751.0,3.0,,,,,,,,,,,,,,,
239,PT06M14.00S,2021-12-10T02:17:22.6Z,2,REGULAR,2pt,Layup,['pointsinthepaint'],203115,7.5722733245729295,51.9607843137255,1610612743,58,40,2021-12-10T02:17:33Z,2360000,-10.0,19.0,1,left,MISS W. Barton finger roll Layup,[203115],1610612743.0,DEN,finger roll,,,Barton,W. Barton,,,,,2.11,Missed,,,,,,,,,,,,,,,,,,,
240,PT06M10.00S,2021-12-10T02:17:25.9Z,2,REGULAR,rebound,offensive,[],203999,,,1610612743,58,40,2021-12-10T02:17:25Z,2370000,,,0,,N. Jokic REBOUND (Off:1 Def:5),[203999],1610612743.0,DEN,,,,Jokic,N. Jokic,,,,,,,,,,,239.0,6.0,5.0,1.0,,,,,,,,,,,
241,PT06M10.00S,2021-12-10T02:17:25.9Z,2,REGULAR,2pt,Layup,"['pointsinthepaint', '2ndchance']",203999,5.590000152587891,50.0,1610612743,58,42,2021-12-10T02:17:25Z,2380000,0.0,0.0,1,left,N. Jokic tip Layup (7 PTS),[203999],1610612743.0,DEN,tip,,,Jokic,N. Jokic,,,,,0.0,Made,7.0,,,,,,,,,,,,,,,,,,
242,PT05M59.00S,2021-12-10T02:17:37.0Z,2,REGULAR,2pt,Layup,['pointsinthepaint'],1630170,93.38042049934296,48.529411764705884,1610612759,60,42,2021-12-10T02:17:41Z,2390000,-7.0,10.0,1,right,D. Vassell driving Layup (6 PTS) (J. Poeltl 4 AST),"[1630170, 1627751]",1610612759.0,SAS,driving,,,Vassell,D. Vassell,,,,,1.22,Made,6.0,J. Poeltl,1627751.0,4.0,,,,,,,,,,,,,,,
244,PT05M48.00S,2021-12-10T02:17:48.9Z,2,REGULAR,2pt,Layup,['pointsinthepaint'],203115,6.915243101182654,51.9607843137255,1610612743,60,44,2021-12-10T02:17:59Z,2410000,-10.0,13.0,1,left,W. Barton driving reverse Layup (14 PTS) (N. Jokic 4 AST),"[203115, 203999]",1610612743.0,DEN,driving reverse,,,Barton,W. Barton,,,,,1.59,Made,14.0,N. Jokic,203999.0,4.0,,,,,,,,,,,,,,,
246,PT05M48.00S,2021-12-10T02:17:54.4Z,2,REGULAR,timeout,full,['team'],0,,,1610612759,60,44,2021-12-10T02:17:54Z,2430000,,,0,,SAS Timeout,[],1610612759.0,SAS,,,,,,,,,,,,,,,,,,,,,,,,,,,,,,
247,PT05M48.00S,2021-12-10T02:20:25.2Z,2,REGULAR,substitution,out,[],1629022,,,1610612759,60,44,2021-12-10T02:20:50Z,2440000,,,0,,SUB out: L. Walker IV,[1629022],1610612759.0,SAS,,,,Walker IV,L. Walker IV,,,,,,,,,,,,,,,,,,,,,,,,,
248,PT05M48.00S,2021-12-10T02:20:25.2Z,2,REGULAR,substitution,out,[],1627749,,,1610612759,60,44,2021-12-10T02:20:50Z,2450000,,,0,,SUB out: D. Murray,[1627749],1610612759.0,SAS,,,,Murray,D. Murray,,,,,,,,,,,,,,,,,,,,,,,,,
249,PT05M48.00S,2021-12-10T02:20:25.2Z,2,REGULAR,substitution,out,[],1630170,,,1610612759,60,44,2021-12-10T02:20:50Z,2460000,,,0,,SUB out: D. Vassell,[1630170],1610612759.0,SAS,,,,Vassell,D. Vassell,,,,,,,,,,,,,,,,,,,,,,,,,
250,PT05M48.00S,2021-12-10T02:20:25.2Z,2,REGULAR,substitution,in,[],1628401,,,1610612759,60,44,2021-12-10T02:20:50Z,2470000,,,0,,SUB in: D. White,[1628401],1610612759.0,SAS,,,,White,D. White,,,,,,,,,,,,,,,,,,,,,,,,,
251,PT05M48.00S,2021-12-10T02:20:25.2Z,2,REGULAR,substitution,in,[],1628966,,,1610612759,60,44,2021-12-10T02:20:50Z,2480000,,,0,,SUB in: K. Bates-Diop,[1628966],1610612759.0,SAS,,,,Bates-Diop,K. Bates-Diop,,,,,,,,,,,,,,,,,,,,,,,,,
252,PT05M48.00S,2021-12-10T02:20:25.2Z,2,REGULAR,substitution,in,[],1630200,,,1610612759,60,44,2021-12-10T02:20:50Z,2490000,,,0,,SUB in: T. Jones,[1630200],1610612759.0,SAS,,,,Jones,T. Jones,,,,,,,,,,,,,,,,,,,,,,,,,
253,PT05M28.00S,2021-12-10T02:21:01.6Z,2,REGULAR,2pt,Jump Shot,['pointsinthepaint'],1628401,87.72996057818659,48.77450980392157,1610612759,62,44,2021-12-10T02:21:12Z,2500000,-6.0,63.0,1,right,D. White 6' driving floating Jump Shot (9 PTS) (T. Jones 2 AST),"[1628401, 1630200]",1610612759.0,SAS,driving floating,,,White,D. White,,,,,6.31,Made,9.0,T. Jones,1630200.0,2.0,,,,,,,,,,,,,,,
255,PT05M10.00S,2021-12-10T02:21:18.8Z,2,REGULAR,3pt,Jump Shot,[],203999,30.56833114323259,67.40196078431373,1610612743,62,47,2021-12-10T02:21:24Z,2520000,-87.0,235.0,1,left,N. Jokic 25' 3PT  (10 PTS) (W. Barton 2 AST),"[203999, 203115]",1610612743.0,DEN,,,,Jokic,N. Jokic,,,,,25.04,Made,10.0,W. Barton,203115.0,2.0,,,,,,,,,,,,,,,
257,PT04M58.00S,2021-12-10T02:21:33.6Z,2,REGULAR,foul,personal,[],203999,,,1610612759,62,47,2021-12-10T02:21:47Z,2540000,,,0,,N. Jokic personal FOUL (1 PF),"[203999, 1627751]",1610612743.0,DEN,,,,Jokic,N. Jokic,,,,,,,,,,,,,,,,,,,,202041.0,1.0,0.0,Poeltl,1627751.0,
259,PT04M54.00S,2021-12-10T02:21:53.7Z,2,REGULAR,3pt,Jump Shot,[],203926,69.99014454664915,72.30392156862744,1610612759,65,47,2021-12-10T02:22:00Z,2560000,112.0,230.0,1,right,D. McDermott 25' 3PT  (12 PTS) (J. Poeltl 5 AST),"[203926, 1627751]",1610612759.0,SAS,,,,McDermott,D. McDermott,,,,,25.52,Made,12.0,J. Poeltl,1627751.0,5.0,,,,,,,,,,,,,,,
261,PT04M36.00S,2021-12-10T02:22:11.3Z,2,REGULAR,2pt,Jump Shot,[],203932,20.71287779237845,38.48039215686275,1610612743,65,49,2021-12-10T02:22:21Z,2580000,58.0,142.0,1,left,A. Gordon 15' step back Jump Shot (9 PTS),[203932],1610612743.0,DEN,step back,,,Gordon,A. Gordon,,,,,15.34,Made,9.0,,,,,,,,,,,,,,,,,,
262,PT04M29.00S,2021-12-10T02:22:21.5Z,2,REGULAR,foul,offensive,[],1627751,,,1610612759,65,49,2021-12-10T02:22:34Z,2590000,,,0,,J. Poeltl charge offensive FOUL (1 PF),"[1627751, 201145]",1610612759.0,SAS,charge,,,Poeltl,J. Poeltl,,,,,,,,,,,,,,,,,,,,204059.0,1.0,0.0,Green,201145.0,
264,PT04M29.00S,2021-12-10T02:22:21.5Z,2,REGULAR,turnover,offensive foul,[],1627751,,,1610612759,65,49,2021-12-10T02:22:21Z,2610000,,,0,,J. Poeltl offensive foul TURNOVER (1 TO),[1627751],1610612759.0,SAS,,,,Poeltl,J. Poeltl,,,,,,,,,,,,,,,1.0,,,,,204059.0,,,,,
266,PT04M18.00S,2021-12-10T02:22:51.3Z,2,REGULAR,foul,personal,[],1630200,,,1610612743,65,49,2021-12-10T02:22:58Z,2630000,,,0,,T. Jones personal FOUL (1 PF),"[1630200, 203932]",1610612759.0,SAS,,,,Jones,T. Jones,,,,,,,,,,,,,,,,,,,,202041.0,1.0,0.0,Gordon,203932.0,
268,PT04M07.00S,2021-12-10T02:23:10.1Z,2,REGULAR,3pt,Jump Shot,['fromturnover'],203999,31.750985545335087,58.82352941176471,1610612743,65,49,2021-12-10T02:23:15Z,2650000,-44.0,246.0,1,left,MISS N. Jokic 24' 3PT,[203999],1610612743.0,DEN,,,,Jokic,N. Jokic,,,,,24.99,Missed,,,,,,,,,,,,,,,,,,,
269,PT04M03.00S,2021-12-10T02:23:14.1Z,2,REGULAR,rebound,offensive,[],201145,,,1610612743,65,49,2021-12-10T02:23:15Z,2660000,,,0,,J. Green REBOUND (Off:1 Def:0),[201145],1610612743.0,DEN,,,,Green,J. Green,,,,,,,,,,,268.0,1.0,0.0,1.0,,,,,,,,,,,
270,PT04M00.00S,2021-12-10T02:23:16.5Z,2,REGULAR,3pt,Jump Shot,"['fromturnover', '2ndchance']",1628420,28.597240473061763,73.2843137254902,1610612743,65,52,2021-12-10T02:23:20Z,2670000,-116.0,216.0,1,left,M. Morris 24' 3PT  (8 PTS) (J. Green 1 AST),"[1628420, 201145]",1610612743.0,DEN,,,,Morris,M. Morris,,,,,24.56,Made,8.0,J. Green,201145.0,1.0,,,,,,,,,,,,,,,
272,PT03M39.00S,2021-12-10T02:23:38.8Z,2,REGULAR,2pt,Jump Shot,['pointsinthepaint'],1628401,89.70105124835742,48.28431372549019,1610612759,67,52,2021-12-10T02:24:33Z,2690000,-9.0,44.0,1,right,D. White driving floating Jump Shot (11 PTS),[1628401],1610612759.0,SAS,driving floating,,,White,D. White,,,,,4.51,Made,11.0,,,,,,,,,,,,,,,,,,
273,PT03M22.00S,2021-12-10T02:23:54.3Z,2,REGULAR,3pt,Jump Shot,[],1628420,8.09789750328515,3.431372549019608,1610612743,67,55,2021-12-10T02:23:59Z,2700000,233.0,24.0,1,left,M. Morris 3PT  (11 PTS) (N. Jokic 5 AST),"[1628420, 203999]",1610612743.0,DEN,,,,Morris,M. Morris,,,,,23.4,Made,11.0,N. Jokic,203999.0,5.0,,,,,,,,,,,,,,,
275,PT03M08.00S,2021-12-10T02:24:12.1Z,2,REGULAR,turnover,traveling,[],1628966,,,1610612759,67,55,2021-12-10T02:24:18Z,2720000,,,0,,K. Bates-Diop traveling TURNOVER (2 TO),[1628966],1610612759.0,SAS,,,,Bates-Diop,K. Bates-Diop,,,,,,,,,,,,,,,2.0,,,,,1628159.0,,,,,
276,PT03M08.00S,2021-12-10T02:24:16.4Z,2,REGULAR,substitution,out,[],203926,,,1610612743,67,55,2021-12-10T02:24:27Z,2730000,,,0,,SUB out: D. McDermott,[203926],1610612759.0,SAS,,,,McDermott,D. McDermott,,,,,,,,,,,,,,,,,,,,,,,,,
277,PT03M08.00S,2021-12-10T02:24:16.4Z,2,REGULAR,substitution,out,[],1630200,,,1610612743,67,55,2021-12-10T02:24:27Z,2740000,,,0,,SUB out: T. Jones,[1630200],1610612759.0,SAS,,,,Jones,T. Jones,,,,,,,,,,,,,,,,,,,,,,,,,
278,PT03M08.00S,2021-12-10T02:24:16.4Z,2,REGULAR,substitution,in,[],1627749,,,1610612743,67,55,2021-12-10T02:24:27Z,2750000,,,0,,SUB in: D. Murray,[1627749],1610612759.0,SAS,,,,Murray,D. Murray,,,,,,,,,,,,,,,,,,,,,,,,,
279,PT03M08.00S,2021-12-10T02:24:16.4Z,2,REGULAR,substitution,in,[],1629022,,,1610612743,67,55,2021-12-10T02:24:27Z,2760000,,,0,,SUB in: L. Walker IV,[1629022],1610612759.0,SAS,,,,Walker IV,L. Walker IV,,,,,,,,,,,,,,,,,,,,,,,,,
280,PT02M53.00S,2021-12-10T02:24:43.9Z,2,REGULAR,2pt,Layup,"['pointsinthepaint', 'fromturnover']",203932,9.017739816031538,50.49019607843137,1610612743,67,57,2021-12-10T02:25:42Z,2770000,-2.0,32.0,1,left,A. Gordon driving Layup (11 PTS) (M. Morris 3 AST),"[203932, 1628420]",1610612743.0,DEN,driving,,,Gordon,A. Gordon,,,,,3.24,Made,11.0,M. Morris,1628420.0,3.0,,,,,,,,,,,,,,,
282,PT02M53.00S,2021-12-10T02:24:51.2Z,2,REGULAR,timeout,full,['team'],0,,,1610612759,67,57,2021-12-10T02:24:51Z,2790000,,,0,,SAS Timeout,[],1610612759.0,SAS,,,,,,,,,,,,,,,,,,,,,,,,,,,,,,
283,PT02M42.00S,2021-12-10T02:26:30.0Z,2,REGULAR,foul,personal,"['inpenalty', '2freethrow']",1628420,,,1610612759,67,57,2021-12-10T02:26:39Z,2800000,,,0,,M. Morris shooting personal FOUL (1 PF) (Walker IV 2 FT),"[1628420, 1629022]",1610612743.0,DEN,shooting,,,Morris,M. Morris,,,,,,,,,,,,,,,,,,,,202041.0,1.0,0.0,Walker IV,1629022.0,
285,PT02M42.00S,2021-12-10T02:26:57.1Z,2,REGULAR,freethrow,1 of 2,[],1629022,,,1610612759,68,57,2021-12-10T02:26:57Z,2820000,,,0,,L. Walker IV Free Throw 1 of 2 (13 PTS),[1629022],1610612759.0,SAS,,,,Walker IV,L. Walker IV,,,,,,Made,13.0,,,,,,,,,,,,,,,,,,
286,PT02M42.00S,2021-12-10T02:27:09.1Z,2,REGULAR,freethrow,2 of 2,[],1629022,,,1610612759,69,57,2021-12-10T02:27:09Z,2830000,,,0,,L. Walker IV Free Throw 2 of 2 (14 PTS),[1629022],1610612759.0,SAS,,,,Walker IV,L. Walker IV,,,,,,Made,14.0,,,,,,,,,,,,,,,,,,
287,PT02M38.00S,2021-12-10T02:27:22.4Z,2,REGULAR,stoppage,out-of-bounds,[],0,,,1610612743,69,57,2021-12-10T02:27:22Z,2840000,,,0,,,[],,,,,,,,,,,,,,,,,,,,,,,,,,,,,,,,
288,PT02M17.00S,2021-12-10T02:27:58.7Z,2,REGULAR,2pt,Jump Shot,['pointsinthepaint'],203999,14.273981603153747,49.754901960784316,1610612743,69,57,2021-12-10T02:28:05Z,2850000,1.0,82.0,1,left,MISS N. Jokic 8' turnaround Shot,[203999],1610612743.0,DEN,turnaround,,,Jokic,N. Jokic,,,,,8.17,Missed,,,,,,,,,,,,,,,,,,,
289,PT02M17.00S,2021-12-10T02:28:03.7Z,2,REGULAR,rebound,offensive,[],203999,,,1610612743,69,57,2021-12-10T02:28:03Z,2860000,,,0,,N. Jokic REBOUND (Off:2 Def:5),[203999],1610612743.0,DEN,,,,Jokic,N. Jokic,,,,,,,,,,,288.0,7.0,5.0,2.0,,,,,,,,,,,
290,PT02M17.00S,2021-12-10T02:28:07.3Z,2,REGULAR,foul,personal,['2freethrow'],1627751,,,1610612743,69,57,2021-12-10T02:28:20Z,2870000,,,0,,J. Poeltl shooting personal FOUL (2 PF) (Jokic 2 FT),"[1627751, 203999]",1610612759.0,SAS,shooting,,,Poeltl,J. Poeltl,,,,,,,,,,,,,,,,,,,,202041.0,2.0,0.0,Jokic,203999.0,
292,PT02M17.00S,2021-12-10T02:28:21.2Z,2,REGULAR,freethrow,1 of 2,['2ndchance'],203999,,,1610612743,69,58,2021-12-10T02:28:21Z,2890000,,,0,,N. Jokic Free Throw 1 of 2 (11 PTS),[203999],1610612743.0,DEN,,,,Jokic,N. Jokic,,,,,,Made,11.0,,,,,,,,,,,,,,,,,,
293,PT02M17.00S,2021-12-10T02:28:33.5Z,2,REGULAR,freethrow,2 of 2,['2ndchance'],203999,,,1610612743,69,59,2021-12-10T02:28:33Z,2900000,,,0,,N. Jokic Free Throw 2 of 2 (12 PTS),[203999],1610612743.0,DEN,,,,Jokic,N. Jokic,,,,,,Made,12.0,,,,,,,,,,,,,,,,,,
294,PT02M15.00S,2021-12-10T02:28:39.8Z,2,REGULAR,foul,personal,"['inpenalty', '2freethrow']",201145,,,1610612759,69,59,2021-12-10T02:28:51Z,2910000,,,0,,J. Green take personal FOUL (1 PF) (Poeltl 2 FT),"[201145, 1627751]",1610612743.0,DEN,take,,,Green,J. Green,,,,,,,,,,,,,,,,,,,,202041.0,1.0,0.0,Poeltl,1627751.0,
296,PT02M15.00S,2021-12-10T02:29:10.0Z,2,REGULAR,freethrow,1 of 2,[],1627751,,,1610612759,69,59,2021-12-10T02:29:32Z,2930000,,,0,,MISS J. Poeltl Free Throw 1 of 2,[1627751],1610612759.0,SAS,,,,Poeltl,J. Poeltl,,,,,,Missed,,,,,,,,,,,,,,,,,,,
297,PT02M15.00S,2021-12-10T02:29:10.0Z,2,REGULAR,rebound,offensive,"['team', 'deadball']",0,,,1610612759,69,59,2021-12-10T02:29:32Z,2940000,,,0,,TEAM offensive REBOUND,[],1610612759.0,SAS,,,,,,,,,,,,,,,,296.0,,,,,,,,,,,,,,
298,PT02M15.00S,2021-12-10T02:29:10.0Z,2,REGULAR,freethrow,2 of 2,[],1627751,,,1610612759,69,59,2021-12-10T02:29:32Z,2950000,,,0,,MISS J. Poeltl Free Throw 2 of 2,[1627751],1610612759.0,SAS,,,,Poeltl,J. Poeltl,,,,,,Missed,,,,,,,,,,,,,,,,,,,
299,PT02M12.00S,2021-12-10T02:29:13.0Z,2,REGULAR,rebound,defensive,[],203999,,,1610612743,69,59,2021-12-10T02:29:32Z,2960000,,,0,,N. Jokic REBOUND (Off:2 Def:6),[203999],1610612743.0,DEN,,,,Jokic,N. Jokic,,,,,,,,,,,298.0,8.0,6.0,2.0,,,,,,,,,,,
300,PT02M10.00S,2021-12-10T02:29:37.4Z,2,REGULAR,foul,personal,"['inpenalty', '2freethrow']",1627751,,,1610612743,69,59,2021-12-10T02:30:00Z,2970000,,,0,,J. Poeltl personal FOUL (3 PF) (Jokic 2 FT),"[1627751, 203999]",1610612759.0,SAS,,,,Poeltl,J. Poeltl,,,,,,,,,,,,,,,,,,,,202041.0,3.0,0.0,Jokic,203999.0,
302,PT02M10.00S,2021-12-10T02:30:06.8Z,2,REGULAR,freethrow,1 of 2,[],203999,,,1610612743,69,60,2021-12-10T02:30:06Z,2990000,,,0,,N. Jokic Free Throw 1 of 2 (13 PTS),[203999],1610612743.0,DEN,,,,Jokic,N. Jokic,,,,,,Made,13.0,,,,,,,,,,,,,,,,,,
303,PT02M10.00S,2021-12-10T02:30:07.8Z,2,REGULAR,substitution,out,[],1627751,,,1610612743,69,60,2021-12-10T02:30:12Z,3000000,,,0,,SUB out: J. Poeltl,[1627751],1610612759.0,SAS,,,,Poeltl,J. Poeltl,,,,,,,,,,,,,,,,,,,,,,,,,
304,PT02M10.00S,2021-12-10T02:30:07.8Z,2,REGULAR,substitution,in,[],1629234,,,1610612743,69,60,2021-12-10T02:30:12Z,3010000,,,0,,SUB in: D. Eubanks,[1629234],1610612759.0,SAS,,,,Eubanks,D. Eubanks,,,,,,,,,,,,,,,,,,,,,,,,,
305,PT02M10.00S,2021-12-10T02:30:25.4Z,2,REGULAR,freethrow,2 of 2,[],203999,,,1610612743,69,61,2021-12-10T02:30:25Z,3020000,,,0,,N. Jokic Free Throw 2 of 2 (14 PTS),[203999],1610612743.0,DEN,,,,Jokic,N. Jokic,,,,,,Made,14.0,,,,,,,,,,,,,,,,,,
306,PT01M49.00S,2021-12-10T02:30:47.5Z,2,REGULAR,3pt,Jump Shot,[],1628401,74.72076215505913,14.950980392156863,1610612759,69,61,2021-12-10T02:30:57Z,3030000,-175.0,185.0,1,right,MISS D. White 25' 3PT,[1628401],1610612759.0,SAS,,,,White,D. White,,,,,25.49,Missed,,,,,,,,,,,,,,,,,,,
307,PT01M47.00S,2021-12-10T02:30:49.5Z,2,REGULAR,rebound,defensive,['team'],0,,,1610612743,69,61,2021-12-10T02:30:57Z,3040000,,,0,,TEAM defensive REBOUND,[],1610612743.0,DEN,,,,,,,,,,,,,,,,306.0,,,,,,,,,,,,,,
308,PT01M47.00S,2021-12-10T02:30:53.8Z,2,REGULAR,stoppage,out-of-bounds,[],0,,,1610612743,69,61,2021-12-10T02:30:53Z,3050000,,,0,,,[],,,,,,,,,,,,,,,,,,,,,,,,,,,,,,,,
309,PT01M47.00S,2021-12-10T02:31:15.9Z,2,REGULAR,stoppage,equipment issue,[],0,,,1610612743,69,61,2021-12-10T02:31:15Z,3060000,,,0,,,[],,,,,,,,,,,,,,,,,,,,,,,,,,,,,,,,
310,PT01M35.00S,2021-12-10T02:31:37.5Z,2,REGULAR,2pt,Layup,['pointsinthepaint'],203999,7.835085413929041,47.30392156862745,1610612743,69,63,2021-12-10T02:31:45Z,3070000,13.0,21.0,1,left,N. Jokic driving reverse Layup (16 PTS) (W. Barton 3 AST),"[203999, 203115]",1610612743.0,DEN,driving reverse,,,Jokic,N. Jokic,,,,,2.5,Made,16.0,W. Barton,203115.0,3.0,,,,,,,,,,,,,,,
312,PT01M22.00S,2021-12-10T02:31:50.9Z,2,REGULAR,3pt,Jump Shot,[],1627749,96.27135348226018,3.1862745098039214,1610612759,69,63,2021-12-10T02:31:55Z,3090000,-234.0,-17.0,1,right,MISS D. Murray 3PT,[1627749],1610612759.0,SAS,,,,Murray,D. Murray,,,,,23.48,Missed,,,,,,,,,,,,,,,,,,,
313,PT01M20.00S,2021-12-10T02:31:52.9Z,2,REGULAR,rebound,defensive,[],203999,,,1610612743,69,63,2021-12-10T02:31:55Z,3100000,,,0,,N. Jokic REBOUND (Off:2 Def:7),[203999],1610612743.0,DEN,,,,Jokic,N. Jokic,,,,,,,,,,,312.0,9.0,7.0,2.0,,,,,,,,,,,
314,PT01M08.00S,2021-12-10T02:32:04.2Z,2,REGULAR,2pt,Jump Shot,['pointsinthepaint'],203999,9.149145860709593,50.49019607843137,1610612743,69,65,2021-12-10T02:32:10Z,3110000,-2.0,34.0,1,left,N. Jokic floating Jump Shot (18 PTS),[203999],1610612743.0,DEN,floating,,,Jokic,N. Jokic,,,,,3.36,Made,18.0,,,,,,,,,,,,,,,,,,
316,PT00M52.20S,2021-12-10T02:32:21.9Z,2,REGULAR,3pt,Jump Shot,[],1629234,95.22010512483574,3.6764705882352944,1610612759,72,65,2021-12-10T02:32:27Z,3130000,-232.0,-8.0,1,right,D. Eubanks 3PT  (11 PTS) (D. Murray 5 AST),"[1629234, 1627749]",1610612759.0,SAS,,,,Eubanks,D. Eubanks,,,,,23.17,Made,11.0,D. Murray,1627749.0,5.0,,,,,,,,,,,,,,,
318,PT00M29.10S,2021-12-10T02:32:49.0Z,2,REGULAR,3pt,Jump Shot,[],203999,31.882391590013142,34.068627450980394,1610612743,72,65,2021-12-10T02:32:52Z,3150000,80.0,247.0,1,left,MISS N. Jokic 25' 3PT,[203999],1610612743.0,DEN,,,,Jokic,N. Jokic,,,,,25.97,Missed,,,,,,,,,,,,,,,,,,,
319,PT00M27.10S,2021-12-10T02:32:51.0Z,2,REGULAR,rebound,defensive,[],1629022,,,1610612759,72,65,2021-12-10T02:32:52Z,3160000,,,0,,L. Walker IV REBOUND (Off:0 Def:2),[1629022],1610612759.0,SAS,,,,Walker IV,L. Walker IV,,,,,,,,,,,318.0,2.0,2.0,0.0,,,,,,,,,,,
320,PT00M09.90S,2021-12-10T02:33:11.7Z,2,REGULAR,foul,personal,"['inpenalty', '2freethrow']",203115,,,1610612759,72,65,2021-12-10T02:33:21Z,3170000,,,0,,W. Barton shooting personal FOUL (2 PF) (White 2 FT),"[203115, 1628401]",1610612743.0,DEN,shooting,,,Barton,W. Barton,,,,,,,,,,,,,,,,,,,,202041.0,2.0,0.0,White,1628401.0,
322,PT00M09.90S,2021-12-10T02:33:47.0Z,2,REGULAR,freethrow,1 of 2,[],1628401,,,1610612759,73,65,2021-12-10T02:38:01Z,3190000,,,0,,D. White Free Throw 1 of 2 (12 PTS),[1628401],1610612759.0,SAS,,,,White,D. White,,,,,,Made,12.0,,,,,,,,,,,,,,,,,,
325,PT00M09.90S,2021-12-10T02:33:47.0Z,2,REGULAR,freethrow,2 of 2,[],1628401,,,1610612759,74,65,2021-12-10T02:38:01Z,3195000,,,0,,D. White Free Throw 2 of 2 (13 PTS),[1628401],1610612759.0,SAS,,,,White,D. White,,,,,,Made,13.0,,,,,,,,,,,,,,,,,,
323,PT00M09.90S,2021-12-10T02:33:47.5Z,2,REGULAR,substitution,out,[],1627749,,,1610612743,74,65,2021-12-10T02:38:01Z,3200000,,,0,,SUB out: D. Murray,[1627749],1610612759.0,SAS,,,,Murray,D. Murray,,,,,,,,,,,,,,,,,,,,,,,,,
324,PT00M09.90S,2021-12-10T02:33:47.5Z,2,REGULAR,substitution,in,[],1630200,,,1610612743,74,65,2021-12-10T02:38:01Z,3210000,,,0,,SUB in: T. Jones,[1630200],1610612759.0,SAS,,,,Jones,T. Jones,,,,,,,,,,,,,,,,,,,,,,,,,
326,PT00M03.00S,2021-12-10T02:34:20.6Z,2,REGULAR,2pt,Jump Shot,[],1628420,21.23850197109067,70.34313725490196,1610612743,74,65,2021-12-10T02:37:40Z,3215000,-102.0,147.0,1,left,MISS M. Morris 17' pullup Shot,[1628420],1610612743.0,DEN,pullup,,,Morris,M. Morris,,,,,17.88,Missed,,,,,,,,,,,,,,,,,,,
327,PT00M00.50S,2021-12-10T02:34:23.1Z,2,REGULAR,rebound,defensive,[],1629234,,,1610612759,74,65,2021-12-10T02:37:40Z,3217500,,,0,,D. Eubanks REBOUND (Off:1 Def:4),[1629234],1610612759.0,SAS,,,,Eubanks,D. Eubanks,,,,,,,,,,,326.0,5.0,4.0,1.0,,,,,,,,,,,
330,PT00M00.00S,2021-12-10T02:34:56.1Z,2,REGULAR,period,end,[],0,,,1610612759,74,65,2021-12-10T02:37:50Z,3270000,,,0,,Period End,[],,,,,,,,,,,,,,,,,,,,,,,,,,,,,,,,
331,PT12M00.00S,2021-12-10T02:48:50.8Z,3,REGULAR,substitution,out,['startperiod'],1629022,,,1610612759,74,65,2021-12-10T02:49:21Z,3280000,,,0,,SUB out: L. Walker IV,[1629022],1610612759.0,SAS,,,,Walker IV,L. Walker IV,,,,,,,,,,,,,,,,,,,,,,,,,
332,PT12M00.00S,2021-12-10T02:48:50.8Z,3,REGULAR,substitution,out,['startperiod'],1629234,,,1610612759,74,65,2021-12-10T02:49:21Z,3290000,,,0,,SUB out: D. Eubanks,[1629234],1610612759.0,SAS,,,,Eubanks,D. Eubanks,,,,,,,,,,,,,,,,,,,,,,,,,
333,PT12M00.00S,2021-12-10T02:48:50.8Z,3,REGULAR,substitution,out,['startperiod'],1630200,,,1610612759,74,65,2021-12-10T02:49:21Z,3300000,,,0,,SUB out: T. Jones,[1630200],1610612759.0,SAS,,,,Jones,T. Jones,,,,,,,,,,,,,,,,,,,,,,,,,
334,PT12M00.00S,2021-12-10T02:48:50.8Z,3,REGULAR,substitution,in,['startperiod'],203926,,,1610612759,74,65,2021-12-10T02:49:21Z,3310000,,,0,,SUB in: D. McDermott,[203926],1610612759.0,SAS,,,,McDermott,D. McDermott,,,,,,,,,,,,,,,,,,,,,,,,,
335,PT12M00.00S,2021-12-10T02:48:50.8Z,3,REGULAR,substitution,in,['startperiod'],1627751,,,1610612759,74,65,2021-12-10T02:49:21Z,3320000,,,0,,SUB in: J. Poeltl,[1627751],1610612759.0,SAS,,,,Poeltl,J. Poeltl,,,,,,,,,,,,,,,,,,,,,,,,,
336,PT12M00.00S,2021-12-10T02:48:50.8Z,3,REGULAR,substitution,in,['startperiod'],1627749,,,1610612759,74,65,2021-12-10T02:49:21Z,3330000,,,0,,SUB in: D. Murray,[1627749],1610612759.0,SAS,,,,Murray,D. Murray,,,,,,,,,,,,,,,,,,,,,,,,,
337,PT12M00.00S,2021-12-10T02:49:39.4Z,3,REGULAR,period,start,[],0,,,1610612743,74,65,2021-12-10T02:49:39Z,3340000,,,0,,Period Start,[],,,,,,,,,,,,,,,,,,,,,,,,,,,,,,,,
338,PT11M40.00S,2021-12-10T02:49:59.1Z,3,REGULAR,2pt,Jump Shot,[],201145,75.1149802890933,58.08823529411765,1610612743,74,67,2021-12-10T02:50:06Z,3350000,40.0,181.0,1,right,J. Green 18' pullup Jump Shot (4 PTS) (N. Jokic 6 AST),"[201145, 203999]",1610612743.0,DEN,pullup,,,Green,J. Green,,,,,18.58,Made,4.0,N. Jokic,203999.0,6.0,,,,,,,,,,,,,,,
340,PT11M27.00S,2021-12-10T02:50:10.5Z,3,REGULAR,3pt,Jump Shot,[],203926,25.443495400788436,89.2156862745098,1610612759,74,67,2021-12-10T02:50:16Z,3370000,-196.0,187.0,1,left,MISS D. McDermott 27' 3PT,[203926],1610612759.0,SAS,,,,McDermott,D. McDermott,,,,,27.08,Missed,,,,,,,,,,,,,,,,,,,
341,PT11M24.00S,2021-12-10T02:50:14.2Z,3,REGULAR,rebound,offensive,[],1627751,,,1610612759,74,67,2021-12-10T02:50:14Z,3380000,,,0,,J. Poeltl REBOUND (Off:4 Def:1),[1627751],1610612759.0,SAS,,,,Poeltl,J. Poeltl,,,,,,,,,,,340.0,5.0,1.0,4.0,,,,,,,,,,,
342,PT11M21.00S,2021-12-10T02:50:16.9Z,3,REGULAR,2pt,Jump Shot,"['pointsinthepaint', '2ndchance']",1628401,18.2161629434954,56.372549019607845,1610612759,76,67,2021-12-10T02:50:52Z,3390000,-32.0,119.0,1,left,D. White 12' pullup Jump Shot (15 PTS) (K. Bates-Diop 2 AST),"[1628401, 1628966]",1610612759.0,SAS,pullup,,,White,D. White,,,,,12.29,Made,15.0,K. Bates-Diop,1628966.0,2.0,,,,,,,,,,,,,,,
344,PT11M05.00S,2021-12-10T02:50:32.8Z,3,REGULAR,3pt,Jump Shot,[],203999,65.91655716162943,45.588235294117645,1610612743,76,67,2021-12-10T02:50:38Z,3410000,-22.0,268.0,1,right,MISS N. Jokic 26' 3PT,[203999],1610612743.0,DEN,,,,Jokic,N. Jokic,,,,,26.88,Missed,,,,,,,,,,,,,,,,,,,
345,PT11M02.00S,2021-12-10T02:50:35.8Z,3,REGULAR,rebound,defensive,[],1628401,,,1610612759,76,67,2021-12-10T02:50:38Z,3420000,,,0,,D. White REBOUND (Off:0 Def:1),[1628401],1610612759.0,SAS,,,,White,D. White,,,,,,,,,,,344.0,1.0,1.0,0.0,,,,,,,,,,,
346,PT10M51.00S,2021-12-10T02:50:46.9Z,3,REGULAR,2pt,Layup,['pointsinthepaint'],1628966,11.777266754270697,44.6078431372549,1610612759,76,67,2021-12-10T02:51:22Z,3430000,27.0,58.0,1,left,MISS K. Bates-Diop 6' driving finger roll Layup,[1628966],1610612759.0,SAS,driving finger roll,,,Bates-Diop,K. Bates-Diop,,,,,6.42,Missed,,,,,,,,,,,,,,,,,,,
347,PT10M48.00S,2021-12-10T02:50:49.9Z,3,REGULAR,rebound,defensive,[],203115,,,1610612743,76,67,2021-12-10T02:50:54Z,3440000,,,0,,W. Barton REBOUND (Off:0 Def:1),[203115],1610612743.0,DEN,,,,Barton,W. Barton,,,,,,,,,,,346.0,1.0,1.0,0.0,,,,,,,,,,,
348,PT10M33.00S,2021-12-10T02:51:05.5Z,3,REGULAR,2pt,Layup,['pointsinthepaint'],203999,92.06636005256242,48.03921568627451,1610612743,76,67,2021-12-10T02:51:12Z,3450000,-10.0,22.0,1,right,MISS N. Jokic reverse Layup,[203999],1610612743.0,DEN,reverse,,,Jokic,N. Jokic,,,,,2.42,Missed,,,,,,,,,,,,,,,,,,,
349,PT10M30.00S,2021-12-10T02:51:08.5Z,3,REGULAR,rebound,defensive,[],1628966,,,1610612759,76,67,2021-12-10T02:51:12Z,3460000,,,0,,K. Bates-Diop REBOUND (Off:2 Def:4),[1628966],1610612759.0,SAS,,,,Bates-Diop,K. Bates-Diop,,,,,,,,,,,348.0,6.0,4.0,2.0,,,,,,,,,,,
350,PT10M24.00S,2021-12-10T02:51:14.5Z,3,REGULAR,2pt,Layup,['pointsinthepaint'],1627749,6.521024967148489,54.65686274509803,1610612759,78,67,2021-12-10T02:51:20Z,3470000,-23.0,9.0,1,left,D. Murray Layup (10 PTS) (D. White 1 AST),"[1627749, 1628401]",1610612759.0,SAS,,,,Murray,D. Murray,,,,,2.49,Made,10.0,D. White,1628401.0,1.0,,,,,,,,,,,,,,,
352,PT10M07.00S,2021-12-10T02:51:33.7Z,3,REGULAR,2pt,Layup,['pointsinthepaint'],203932,92.85479632063075,53.431372549019606,1610612743,78,69,2021-12-10T02:52:37Z,3490000,17.0,15.0,1,right,A. Gordon Layup (13 PTS) (N. Jokic 7 AST),"[203932, 203999]",1610612743.0,DEN,,,,Gordon,A. Gordon,,,,,2.26,Made,13.0,N. Jokic,203999.0,7.0,,,,,,,,,,,,,,,
354,PT10M07.00S,2021-12-10T02:51:37.2Z,3,REGULAR,foul,personal,['1freethrow'],1628966,,,1610612743,78,69,2021-12-10T02:51:50Z,3510000,,,0,,K. Bates-Diop shooting personal FOUL (3 PF) (Gordon 1 FT),"[1628966, 203932]",1610612759.0,SAS,shooting,,,Bates-Diop,K. Bates-Diop,,,,,,,,,,,,,,,,,,,,1628159.0,3.0,0.0,Gordon,203932.0,
356,PT10M07.00S,2021-12-10T02:51:59.2Z,3,REGULAR,freethrow,1 of 1,[],203932,,,1610612743,78,70,2021-12-10T02:51:59Z,3530000,,,0,,A. Gordon Free Throw 1 of 1 (14 PTS),[203932],1610612743.0,DEN,,,,Gordon,A. Gordon,,,,,,Made,14.0,,,,,,,,,,,,,,,,,,
357,PT09M58.00S,2021-12-10T02:52:10.6Z,3,REGULAR,turnover,bad pass,[],1627749,,,1610612759,78,70,2021-12-10T02:52:16Z,3540000,,,0,,D. Murray bad pass TURNOVER (1 TO),"[1627749, 203999]",1610612759.0,SAS,,,,Murray,D. Murray,,,,,,,,,,,,,,,1.0,Jokic,203999.0,,,,,,,,
358,PT09M58.00S,2021-12-10T02:52:10.6Z,3,REGULAR,steal,,[],203999,,,1610612743,78,70,2021-12-10T02:52:12Z,3550000,,,0,,N. Jokic STEAL (1 STL),[203999],1610612743.0,DEN,,,,Jokic,N. Jokic,,,,,,,,,,,,,,,,,,,,,,,,,
359,PT09M54.00S,2021-12-10T02:52:18.7Z,3,REGULAR,stoppage,out-of-bounds,[],0,,,1610612743,78,70,2021-12-10T02:52:18Z,3560000,,,0,,,[],,,,,,,,,,,,,,,,,,,,,,,,,,,,,,,,
360,PT09M43.00S,2021-12-10T02:52:38.1Z,3,REGULAR,2pt,Layup,"['pointsinthepaint', 'fromturnover']",203115,92.9862023653088,47.549019607843135,1610612743,78,72,2021-12-10T02:52:47Z,3570000,-12.0,13.0,1,right,W. Barton driving reverse Layup (16 PTS),[203115],1610612743.0,DEN,driving reverse,,,Barton,W. Barton,,,,,1.82,Made,16.0,,,,,,,,,,,,,,,,,,
361,PT09M33.00S,2021-12-10T02:52:48.1Z,3,REGULAR,3pt,Jump Shot,[],203926,15.588042049934298,97.30392156862744,1610612759,81,72,2021-12-10T02:53:00Z,3580000,-237.0,94.0,1,left,D. McDermott 25' 3PT  (15 PTS) (D. White 2 AST),"[203926, 1628401]",1610612759.0,SAS,,,,McDermott,D. McDermott,,,,,25.45,Made,15.0,D. White,1628401.0,2.0,,,,,,,,,,,,,,,
363,PT09M19.00S,2021-12-10T02:53:02.7Z,3,REGULAR,turnover,bad pass,[],203999,,,1610612743,81,72,2021-12-10T02:53:07Z,3600000,,,0,,N. Jokic bad pass TURNOVER (2 TO),"[203999, 1628966]",1610612743.0,DEN,,,,Jokic,N. Jokic,,,,,,,,,,,,,,,2.0,Bates-Diop,1628966.0,,,,,,,,
364,PT09M19.00S,2021-12-10T02:53:02.7Z,3,REGULAR,steal,,[],1628966,,,1610612759,81,72,2021-12-10T02:53:04Z,3610000,,,0,,K. Bates-Diop STEAL (1 STL),[1628966],1610612759.0,SAS,,,,Bates-Diop,K. Bates-Diop,,,,,,,,,,,,,,,,,,,,,,,,,
365,PT09M13.00S,2021-12-10T02:53:08.3Z,3,REGULAR,3pt,Jump Shot,"['fromturnover', 'fastbreak']",203926,20.45006570302234,93.38235294117648,1610612759,81,72,2021-12-10T02:54:45Z,3620000,-217.0,140.0,1,left,MISS D. McDermott 25' running 3PT,[203926],1610612759.0,SAS,running,,,McDermott,D. McDermott,,,,,25.8,Missed,,,,,,,,,,,,,,,,,,,
366,PT09M11.00S,2021-12-10T02:53:15.4Z,3,REGULAR,rebound,offensive,[],1627751,,,1610612759,81,72,2021-12-10T02:53:15Z,3630000,,,0,,J. Poeltl REBOUND (Off:5 Def:1),[1627751],1610612759.0,SAS,,,,Poeltl,J. Poeltl,,,,,,,,,,,365.0,6.0,1.0,5.0,,,,,,,,,,,
367,PT09M11.00S,2021-12-10T02:53:17.7Z,3,REGULAR,foul,personal,[],201145,,,1610612759,81,72,2021-12-10T02:53:32Z,3640000,,,0,,J. Green personal FOUL (2 PF),"[201145, 1627751]",1610612743.0,DEN,,,,Green,J. Green,,,,,,,,,,,,,,,,,,,,1628159.0,2.0,0.0,Poeltl,1627751.0,
369,PT08M56.00S,2021-12-10T02:53:53.6Z,3,REGULAR,2pt,Jump Shot,"['fromturnover', '2ndchance']",1628966,9.017739816031538,12.745098039215685,1610612759,81,72,2021-12-10T02:54:00Z,3660000,186.0,32.0,1,left,MISS K. Bates-Diop 18' turnaround fadeaway Shot,[1628966],1610612759.0,SAS,turnaround fadeaway,,,Bates-Diop,K. Bates-Diop,,,,,18.91,Missed,,,,,,,,,,,,,,,,,,,
370,PT08M53.00S,2021-12-10T02:53:56.5Z,3,REGULAR,rebound,defensive,[],1628420,,,1610612743,81,72,2021-12-10T02:53:56Z,3670000,,,0,,M. Morris REBOUND (Off:0 Def:2),[1628420],1610612743.0,DEN,,,,Morris,M. Morris,,,,,,,,,,,369.0,2.0,2.0,0.0,,,,,,,,,,,
371,PT08M47.00S,2021-12-10T02:54:02.3Z,3,REGULAR,2pt,Layup,['pointsinthepaint'],203932,92.46057818659659,53.431372549019606,1610612743,81,74,2021-12-10T02:54:06Z,3680000,17.0,18.0,1,right,A. Gordon Layup (16 PTS) (N. Jokic 8 AST),"[203932, 203999]",1610612743.0,DEN,,,,Gordon,A. Gordon,,,,,2.52,Made,16.0,N. Jokic,203999.0,8.0,,,,,,,,,,,,,,,
373,PT08M37.00S,2021-12-10T02:54:12.1Z,3,REGULAR,2pt,Jump Shot,[],1627749,8.360709592641262,75.24509803921569,1610612759,81,74,2021-12-10T02:54:21Z,3700000,-126.0,26.0,1,left,MISS D. Murray 12' step back Shot,[1627749],1610612759.0,SAS,step back,,,Murray,D. Murray,,,,,12.89,Missed,,,,,,,,,,,,,,,,,,,
374,PT08M31.00S,2021-12-10T02:54:18.1Z,3,REGULAR,rebound,offensive,[],1627751,,,1610612759,81,74,2021-12-10T02:54:21Z,3710000,,,0,,J. Poeltl REBOUND (Off:6 Def:1),[1627751],1610612759.0,SAS,,,,Poeltl,J. Poeltl,,,,,,,,,,,373.0,7.0,1.0,6.0,,,,,,,,,,,
375,PT08M31.00S,2021-12-10T02:54:18.3Z,3,REGULAR,2pt,Layup,"['pointsinthepaint', '2ndchance']",1627751,5.590000152587891,50.0,1610612759,83,74,2021-12-10T02:54:18Z,3720000,0.0,0.0,1,left,J. Poeltl tip Layup (4 PTS),[1627751],1610612759.0,SAS,tip,,,Poeltl,J. Poeltl,,,,,0.0,Made,4.0,,,,,,,,,,,,,,,,,,
376,PT08M14.00S,2021-12-10T02:54:35.3Z,3,REGULAR,2pt,Jump Shot,['pointsinthepaint'],203932,93.64323258869908,54.90196078431373,1610612743,83,74,2021-12-10T02:57:50Z,3730000,25.0,7.0,1,right,MISS A. Gordon driving floating Shot,[203932],1610612743.0,DEN,driving floating,,,Gordon,A. Gordon,,,,,2.56,Missed,,,,,,,,,,,,,,,,,,,
377,PT08M09.00S,2021-12-10T02:54:40.3Z,3,REGULAR,rebound,offensive,[],203932,,,1610612743,83,74,2021-12-10T02:54:41Z,3740000,,,0,,A. Gordon REBOUND (Off:1 Def:1),[203932],1610612743.0,DEN,,,,Gordon,A. Gordon,,,,,,,,,,,376.0,2.0,1.0,1.0,,,,,,,,,,,
378,PT08M09.00S,2021-12-10T02:54:39.6Z,3,REGULAR,2pt,Layup,"['pointsinthepaint', '2ndchance']",203932,94.40999984741211,50.0,1610612743,83,76,2021-12-10T02:54:39Z,3750000,0.0,0.0,1,right,A. Gordon tip Layup (18 PTS),[203932],1610612743.0,DEN,tip,,,Gordon,A. Gordon,,,,,0.0,Made,18.0,,,,,,,,,,,,,,,,,,
379,PT08M01.00S,2021-12-10T02:54:50.0Z,3,REGULAR,turnover,bad pass,[],203926,,,1610612759,83,76,2021-12-10T02:56:17Z,3760000,,,0,,D. McDermott bad pass TURNOVER (1 TO),"[203926, 203115]",1610612759.0,SAS,,,,McDermott,D. McDermott,,,,,,,,,,,,,,,1.0,Barton,203115.0,,,,,,,,
380,PT08M01.00S,2021-12-10T02:54:50.0Z,3,REGULAR,steal,,[],203115,,,1610612743,83,76,2021-12-10T02:54:52Z,3770000,,,0,,W. Barton STEAL (2 STL),[203115],1610612743.0,DEN,,,,Barton,W. Barton,,,,,,,,,,,,,,,,,,,,,,,,,
384,PT08M00.00S,2021-12-10T02:55:48.5Z,3,REGULAR,foul,personal,[],1628401,,,1610612743,83,76,2021-12-10T02:59:02Z,3785000,,,0,,D. White take personal FOUL (1 PF),"[1628401, 203115]",1610612759.0,SAS,take,,,White,D. White,,,,,,,,,,,,,,,,,,,,1628159.0,1.0,0.0,Barton,203115.0,
383,PT08M00.00S,2021-12-10T02:55:05.5Z,3,REGULAR,instantreplay,request,[],0,,,1610612743,83,76,2021-12-10T02:55:37Z,3800000,,,0,,,[],,,overturned,,,,,,,,,,,,,,,,,,,,,,,,202041.0,,,,,Clear Path - Overturn Call
405,PT07M58.00S,2021-12-10T02:55:43.3Z,3,REGULAR,foul,personal,[],1628401,,,1610612743,83,76,2021-12-10T03:00:43Z,3825000,,,0,,D. White personal FOUL (2 PF),"[1628401, 203115]",1610612759.0,SAS,,,,White,D. White,,,,,,,,,,,,,,,,,,,,1628159.0,2.0,0.0,Barton,203115.0,
386,PT07M44.00S,2021-12-10T02:56:21.2Z,3,REGULAR,2pt,Hook,"['pointsinthepaint', 'fromturnover']",203932,89.30683311432325,47.30392156862745,1610612743,83,76,2021-12-10T02:58:50Z,3850000,-13.0,48.0,1,right,MISS A. Gordon turnaround Hook,[203932],1610612743.0,DEN,turnaround,,,Gordon,A. Gordon,,,,,4.99,Missed,,,,,,,,,,,,,,,,,,,
387,PT07M44.00S,2021-12-10T02:56:23.7Z,3,REGULAR,rebound,defensive,[],1628966,,,1610612759,83,76,2021-12-10T02:56:23Z,3860000,,,0,,K. Bates-Diop REBOUND (Off:2 Def:5),[1628966],1610612759.0,SAS,,,,Bates-Diop,K. Bates-Diop,,,,,,,,,,,386.0,7.0,5.0,2.0,,,,,,,,,,,
388,PT07M44.00S,2021-12-10T02:56:25.1Z,3,REGULAR,foul,personal,[],201145,,,1610612759,83,76,2021-12-10T02:56:29Z,3870000,,,0,,J. Green personal FOUL (3 PF),"[201145, 1628966]",1610612743.0,DEN,,,,Green,J. Green,,,,,,,,,,,,,,,,,,,,202041.0,3.0,0.0,Bates-Diop,1628966.0,
390,PT07M32.00S,2021-12-10T02:56:49.4Z,3,REGULAR,foul,personal,[],1628420,,,1610612759,83,76,2021-12-10T02:56:58Z,3890000,,,0,,M. Morris personal FOUL (2 PF),"[1628420, 1628401]",1610612743.0,DEN,,,,Morris,M. Morris,,,,,,,,,,,,,,,,,,,,1628159.0,2.0,0.0,White,1628401.0,
392,PT07M20.00S,2021-12-10T02:57:22.6Z,3,REGULAR,2pt,Jump Shot,['pointsinthepaint'],1627749,14.14257555847569,48.77450980392157,1610612759,83,76,2021-12-10T02:57:32Z,3910000,6.0,80.0,1,left,MISS D. Murray 8' Jump Shot - blocked,"[1627749, 203932]",1610612759.0,SAS,,,,Murray,D. Murray,,,,,8.06,Missed,,,,,,,,,,,,Gordon,203932.0,,,,,,
393,PT07M20.00S,2021-12-10T02:57:22.6Z,3,REGULAR,block,,[],203932,,,1610612759,83,76,2021-12-10T02:57:25Z,3920000,,,0,,A. Gordon BLOCK (1 BLK),[203932],1610612743.0,DEN,,,,Gordon,A. Gordon,,,,,,,,,,,,,,,,,,,,,,,,,
394,PT07M17.00S,2021-12-10T02:57:25.6Z,3,REGULAR,rebound,offensive,[],1627749,,,1610612759,83,76,2021-12-10T02:57:32Z,3930000,,,0,,D. Murray REBOUND (Off:2 Def:3),[1627749],1610612759.0,SAS,,,,Murray,D. Murray,,,,,,,,,,,392.0,5.0,3.0,2.0,,,,,,,,,,,
395,PT07M13.00S,2021-12-10T02:57:29.2Z,3,REGULAR,3pt,Jump Shot,['2ndchance'],1628966,24.129434954007884,91.66666666666666,1610612759,83,76,2021-12-10T02:57:37Z,3940000,-208.0,174.0,1,left,MISS K. Bates-Diop 27' 3PT,[1628966],1610612759.0,SAS,,,,Bates-Diop,K. Bates-Diop,,,,,27.16,Missed,,,,,,,,,,,,,,,,,,,
396,PT07M06.00S,2021-12-10T02:57:36.1Z,3,REGULAR,rebound,defensive,[],203999,,,1610612743,83,76,2021-12-10T02:57:36Z,3950000,,,0,,N. Jokic REBOUND (Off:2 Def:8),[203999],1610612743.0,DEN,,,,Jokic,N. Jokic,,,,,,,,,,,395.0,10.0,8.0,2.0,,,,,,,,,,,
397,PT07M04.00S,2021-12-10T02:57:38.1Z,3,REGULAR,3pt,Jump Shot,[],1628420,97.45400788436268,2.941176470588235,1610612743,83,76,2021-12-10T02:58:01Z,3960000,-235.0,-29.0,1,right,MISS M. Morris 3PT,[1628420],1610612743.0,DEN,,,,Morris,M. Morris,,,,,23.7,Missed,,,,,,,,,,,,,,,,,,,
398,PT07M01.00S,2021-12-10T02:57:41.1Z,3,REGULAR,rebound,defensive,[],1628401,,,1610612759,83,76,2021-12-10T02:58:01Z,3970000,,,0,,D. White REBOUND (Off:0 Def:2),[1628401],1610612759.0,SAS,,,,White,D. White,,,,,,,,,,,397.0,2.0,2.0,0.0,,,,,,,,,,,
399,PT06M55.00S,2021-12-10T02:57:48.0Z,3,REGULAR,2pt,Layup,['pointsinthepaint'],1628966,6.1268068331143235,48.28431372549019,1610612759,85,76,2021-12-10T03:01:51Z,3980000,9.0,5.0,1,left,K. Bates-Diop reverse Layup (7 PTS) (D. White 3 AST),"[1628966, 1628401]",1610612759.0,SAS,reverse,,,Bates-Diop,K. Bates-Diop,,,,,1.0,Made,7.0,D. White,1628401.0,3.0,,,,,,,,,,,,,,,
401,PT06M37.00S,2021-12-10T02:58:05.6Z,3,REGULAR,2pt,Jump Shot,[],203999,77.4802890932983,48.77450980392157,1610612743,85,78,2021-12-10T03:02:31Z,4000000,-6.0,159.0,1,right,N. Jokic 15' Jump Shot (20 PTS) (W. Barton 4 AST),"[203999, 203115]",1610612743.0,DEN,,,,Jokic,N. Jokic,,,,,15.93,Made,20.0,W. Barton,203115.0,4.0,,,,,,,,,,,,,,,
403,PT06M22.00S,2021-12-10T02:58:22.5Z,3,REGULAR,foul,personal,[],201145,,,1610612759,85,78,2021-12-10T03:04:18Z,4020000,,,0,,J. Green personal FOUL (4 PF),"[201145, 1628401]",1610612743.0,DEN,,,,Green,J. Green,,,,,,,,,,,,,,,,,,,,204059.0,4.0,0.0,White,1628401.0,
420,PT06M22.00S,2021-12-10T02:59:58.5Z,3,REGULAR,timeout,full,['team'],0,,,1610612759,85,78,2021-12-10T03:04:54Z,4035000,,,0,,SAS Timeout,[],1610612759.0,SAS,,,,,,,,,,,,,,,,,,,,,,,,,,,,,,
408,PT06M22.00S,2021-12-10T03:01:34.5Z,3,REGULAR,substitution,out,[],201145,,,1610612759,85,78,2021-12-10T03:01:36Z,4040000,,,0,,SUB out: J. Green,[201145],1610612743.0,DEN,,,,Green,J. Green,,,,,,,,,,,,,,,,,,,,,,,,,
409,PT06M22.00S,2021-12-10T03:01:34.5Z,3,REGULAR,substitution,in,[],1630267,,,1610612759,85,78,2021-12-10T03:01:36Z,4050000,,,0,,SUB in: F. Campazzo,[1630267],1610612743.0,DEN,,,,Campazzo,F. Campazzo,,,,,,,,,,,,,,,,,,,,,,,,,
410,PT06M13.00S,2021-12-10T03:01:47.6Z,3,REGULAR,foul,offensive,[],1627751,,,1610612759,85,78,2021-12-10T03:02:08Z,4060000,,,0,,J. Poeltl offensive FOUL (4 PF),"[1627751, 203999]",1610612759.0,SAS,,,,Poeltl,J. Poeltl,,,,,,,,,,,,,,,,,,,,204059.0,4.0,0.0,Jokic,203999.0,
412,PT06M13.00S,2021-12-10T03:01:47.6Z,3,REGULAR,turnover,offensive foul,[],1627751,,,1610612759,85,78,2021-12-10T03:01:47Z,4080000,,,0,,J. Poeltl offensive foul TURNOVER (2 TO),[1627751],1610612759.0,SAS,,,,Poeltl,J. Poeltl,,,,,,,,,,,,,,,2.0,,,,,204059.0,,,,,
413,PT05M51.00S,2021-12-10T03:02:21.0Z,3,REGULAR,2pt,Layup,"['pointsinthepaint', 'fromturnover']",203932,91.93495400788436,46.07843137254902,1610612743,85,78,2021-12-10T03:02:26Z,4090000,-20.0,23.0,1,right,MISS A. Gordon Layup - blocked,"[203932, 1628401]",1610612743.0,DEN,,,,Gordon,A. Gordon,,,,,3.04,Missed,,,,,,,,,,,,White,1628401.0,,,,,,
414,PT05M51.00S,2021-12-10T03:02:21.0Z,3,REGULAR,block,,[],1628401,,,1610612743,85,78,2021-12-10T03:02:23Z,4100000,,,0,,D. White BLOCK (2 BLK),[1628401],1610612759.0,SAS,,,,White,D. White,,,,,,,,,,,,,,,,,,,,,,,,,
415,PT05M47.00S,2021-12-10T03:02:25.0Z,3,REGULAR,rebound,defensive,[],1628401,,,1610612759,85,78,2021-12-10T03:02:26Z,4110000,,,0,,D. White REBOUND (Off:0 Def:3),[1628401],1610612759.0,SAS,,,,White,D. White,,,,,,,,,,,413.0,3.0,3.0,0.0,,,,,,,,,,,
416,PT05M44.00S,2021-12-10T03:02:28.7Z,3,REGULAR,2pt,Layup,"['fastbreak', 'pointsinthepaint']",1628966,6.652431011826544,55.392156862745104,1610612759,85,78,2021-12-10T03:06:22Z,4120000,-27.0,10.0,1,left,MISS K. Bates-Diop running Layup,[1628966],1610612759.0,SAS,running,,,Bates-Diop,K. Bates-Diop,,,,,2.88,Missed,,,,,,,,,,,,,,,,,,,
417,PT05M37.00S,2021-12-10T03:02:35.7Z,3,REGULAR,rebound,offensive,[],1627749,,,1610612759,85,78,2021-12-10T03:06:22Z,4130000,,,0,,D. Murray REBOUND (Off:3 Def:3),[1627749],1610612759.0,SAS,,,,Murray,D. Murray,,,,,,,,,,,416.0,6.0,3.0,3.0,,,,,,,,,,,
418,PT05M37.00S,2021-12-10T03:02:34.5Z,3,REGULAR,2pt,Layup,"['2ndchance', 'fastbreak', 'pointsinthepaint']",1627749,5.590000152587891,50.0,1610612759,87,78,2021-12-10T03:02:54Z,4140000,0.0,0.0,1,left,D. Murray putback Layup (12 PTS),[1627749],1610612759.0,SAS,putback,,,Murray,D. Murray,,,,,0.0,Made,12.0,,,,,,,,,,,,,,,,,,
419,PT05M37.00S,2021-12-10T03:02:43.8Z,3,REGULAR,timeout,full,['team'],0,,,1610612743,87,78,2021-12-10T03:02:43Z,4150000,,,0,,DEN Timeout,[],1610612743.0,DEN,,,,,,,,,,,,,,,,,,,,,,,,,,,,,,
421,PT05M37.00S,2021-12-10T03:04:57.8Z,3,REGULAR,substitution,out,[],1627749,,,1610612743,87,78,2021-12-10T03:05:20Z,4160000,,,0,,SUB out: D. Murray,[1627749],1610612759.0,SAS,,,,Murray,D. Murray,,,,,,,,,,,,,,,,,,,,,,,,,
422,PT05M37.00S,2021-12-10T03:04:57.8Z,3,REGULAR,substitution,out,[],203926,,,1610612743,87,78,2021-12-10T03:05:20Z,4170000,,,0,,SUB out: D. McDermott,[203926],1610612759.0,SAS,,,,McDermott,D. McDermott,,,,,,,,,,,,,,,,,,,,,,,,,
423,PT05M37.00S,2021-12-10T03:04:57.8Z,3,REGULAR,substitution,out,[],1627751,,,1610612743,87,78,2021-12-10T03:05:20Z,4180000,,,0,,SUB out: J. Poeltl,[1627751],1610612759.0,SAS,,,,Poeltl,J. Poeltl,,,,,,,,,,,,,,,,,,,,,,,,,
424,PT05M37.00S,2021-12-10T03:04:57.8Z,3,REGULAR,substitution,in,[],1629022,,,1610612743,87,78,2021-12-10T03:05:20Z,4190000,,,0,,SUB in: L. Walker IV,[1629022],1610612759.0,SAS,,,,Walker IV,L. Walker IV,,,,,,,,,,,,,,,,,,,,,,,,,
425,PT05M37.00S,2021-12-10T03:04:57.8Z,3,REGULAR,substitution,in,[],1629234,,,1610612743,87,78,2021-12-10T03:05:20Z,4200000,,,0,,SUB in: D. Eubanks,[1629234],1610612759.0,SAS,,,,Eubanks,D. Eubanks,,,,,,,,,,,,,,,,,,,,,,,,,
426,PT05M37.00S,2021-12-10T03:04:57.8Z,3,REGULAR,substitution,in,[],1630200,,,1610612743,87,78,2021-12-10T03:05:20Z,4210000,,,0,,SUB in: T. Jones,[1630200],1610612759.0,SAS,,,,Jones,T. Jones,,,,,,,,,,,,,,,,,,,,,,,,,
427,PT05M27.00S,2021-12-10T03:05:35.8Z,3,REGULAR,2pt,Jump Shot,[],203115,92.72339027595268,16.666666666666664,1610612743,87,78,2021-12-10T03:05:41Z,4220000,-167.0,16.0,1,right,MISS W. Barton 16' Jump Shot,[203115],1610612743.0,DEN,,,,Barton,W. Barton,,,,,16.75,Missed,,,,,,,,,,,,,,,,,,,
428,PT05M25.00S,2021-12-10T03:05:37.8Z,3,REGULAR,rebound,defensive,[],1629022,,,1610612759,87,78,2021-12-10T03:05:41Z,4230000,,,0,,L. Walker IV REBOUND (Off:0 Def:3),[1629022],1610612759.0,SAS,,,,Walker IV,L. Walker IV,,,,,,,,,,,427.0,3.0,3.0,0.0,,,,,,,,,,,
429,PT05M12.00S,2021-12-10T03:05:51.4Z,3,REGULAR,2pt,Jump Shot,['pointsinthepaint'],1629234,7.835085413929041,50.49019607843137,1610612759,87,78,2021-12-10T03:06:00Z,4240000,-2.0,21.0,1,left,MISS D. Eubanks floating Shot,[1629234],1610612759.0,SAS,floating,,,Eubanks,D. Eubanks,,,,,2.12,Missed,,,,,,,,,,,,,,,,,,,
430,PT05M09.00S,2021-12-10T03:05:54.4Z,3,REGULAR,rebound,defensive,[],203932,,,1610612743,87,78,2021-12-10T03:06:00Z,4250000,,,0,,A. Gordon REBOUND (Off:1 Def:2),[203932],1610612743.0,DEN,,,,Gordon,A. Gordon,,,,,,,,,,,429.0,3.0,2.0,1.0,,,,,,,,,,,
431,PT05M03.00S,2021-12-10T03:05:59.8Z,3,REGULAR,3pt,Jump Shot,[],1630267,68.9388961892247,74.26470588235294,1610612743,87,81,2021-12-10T03:06:08Z,4260000,121.0,239.0,1,right,F. Campazzo 26' 3PT  (9 PTS) (A. Gordon 3 AST),"[1630267, 203932]",1610612743.0,DEN,,,,Campazzo,F. Campazzo,,,,,26.85,Made,9.0,A. Gordon,203932.0,3.0,,,,,,,,,,,,,,,
433,PT04M48.00S,2021-12-10T03:06:14.8Z,3,REGULAR,2pt,Layup,['pointsinthepaint'],1629234,7.5722733245729295,46.81372549019608,1610612759,87,81,2021-12-10T03:07:43Z,4280000,16.0,19.0,1,left,MISS D. Eubanks driving Layup,[1629234],1610612759.0,SAS,driving,,,Eubanks,D. Eubanks,,,,,2.45,Missed,,,,,,,,,,,,,,,,,,,
434,PT04M47.00S,2021-12-10T03:06:15.8Z,3,REGULAR,rebound,offensive,[],1628966,,,1610612759,87,81,2021-12-10T03:06:26Z,4290000,,,0,,K. Bates-Diop REBOUND (Off:3 Def:5),[1628966],1610612759.0,SAS,,,,Bates-Diop,K. Bates-Diop,,,,,,,,,,,433.0,8.0,5.0,3.0,,,,,,,,,,,
435,PT04M47.00S,2021-12-10T03:06:21.8Z,3,REGULAR,foul,personal,"['inpenalty', '2freethrow']",203999,,,1610612759,87,81,2021-12-10T03:06:30Z,4300000,,,0,,N. Jokic shooting personal FOUL (2 PF) (Bates-Diop 2 FT),"[203999, 1628966]",1610612743.0,DEN,shooting,,,Jokic,N. Jokic,,,,,,,,,,,,,,,,,,,,1628159.0,2.0,0.0,Bates-Diop,1628966.0,
437,PT04M47.00S,2021-12-10T03:06:46.1Z,3,REGULAR,freethrow,1 of 2,['2ndchance'],1628966,,,1610612759,87,81,2021-12-10T03:07:15Z,4320000,,,0,,MISS K. Bates-Diop Free Throw 1 of 2,[1628966],1610612759.0,SAS,,,,Bates-Diop,K. Bates-Diop,,,,,,Missed,,,,,,,,,,,,,,,,,,,
438,PT04M47.00S,2021-12-10T03:06:46.1Z,3,REGULAR,rebound,offensive,"['team', 'deadball']",0,,,1610612759,87,81,2021-12-10T03:07:15Z,4330000,,,0,,TEAM offensive REBOUND,[],1610612759.0,SAS,,,,,,,,,,,,,,,,437.0,,,,,,,,,,,,,,
439,PT04M47.00S,2021-12-10T03:06:47.3Z,3,REGULAR,substitution,out,[],1628420,,,1610612759,87,81,2021-12-10T03:06:53Z,4340000,,,0,,SUB out: M. Morris,[1628420],1610612743.0,DEN,,,,Morris,M. Morris,,,,,,,,,,,,,,,,,,,,,,,,,
440,PT04M47.00S,2021-12-10T03:06:47.3Z,3,REGULAR,substitution,in,[],1630538,,,1610612759,87,81,2021-12-10T03:06:53Z,4350000,,,0,,SUB in: B. Hyland,[1630538],1610612743.0,DEN,,,,Hyland,B. Hyland,,,,,,,,,,,,,,,,,,,,,,,,,
441,PT04M47.00S,2021-12-10T03:06:46.1Z,3,REGULAR,freethrow,2 of 2,['2ndchance'],1628966,,,1610612759,87,81,2021-12-10T03:07:15Z,4360000,,,0,,MISS K. Bates-Diop Free Throw 2 of 2,[1628966],1610612759.0,SAS,,,,Bates-Diop,K. Bates-Diop,,,,,,Missed,,,,,,,,,,,,,,,,,,,
442,PT04M44.00S,2021-12-10T03:06:49.1Z,3,REGULAR,rebound,defensive,[],203115,,,1610612743,87,81,2021-12-10T03:07:15Z,4370000,,,0,,W. Barton REBOUND (Off:0 Def:2),[203115],1610612743.0,DEN,,,,Barton,W. Barton,,,,,,,,,,,441.0,2.0,2.0,0.0,,,,,,,,,,,
443,PT04M36.00S,2021-12-10T03:07:19.5Z,3,REGULAR,foul,personal,[],1629234,,,1610612743,87,81,2021-12-10T03:07:29Z,4380000,,,0,,D. Eubanks personal FOUL (1 PF),"[1629234, 203999]",1610612759.0,SAS,,,,Eubanks,D. Eubanks,,,,,,,,,,,,,,,,,,,,202041.0,1.0,0.0,Jokic,203999.0,
445,PT04M28.00S,2021-12-10T03:07:41.9Z,3,REGULAR,3pt,Jump Shot,[],203999,66.83639947437582,73.77450980392157,1610612743,87,81,2021-12-10T03:07:48Z,4400000,119.0,259.0,1,right,MISS N. Jokic 28' 3PT,[203999],1610612743.0,DEN,,,,Jokic,N. Jokic,,,,,28.52,Missed,,,,,,,,,,,,,,,,,,,
446,PT04M25.00S,2021-12-10T03:07:44.9Z,3,REGULAR,rebound,defensive,[],1630200,,,1610612759,87,81,2021-12-10T03:07:48Z,4410000,,,0,,T. Jones REBOUND (Off:0 Def:1),[1630200],1610612759.0,SAS,,,,Jones,T. Jones,,,,,,,,,,,445.0,1.0,1.0,0.0,,,,,,,,,,,
447,PT04M24.00S,2021-12-10T03:07:47.8Z,3,REGULAR,2pt,DUNK,"['pointsinthepaint', 'fastbreak']",1629234,7.835085413929041,52.69607843137255,1610612759,89,81,2021-12-10T03:09:10Z,4420000,-13.0,21.0,1,left,D. Eubanks running DUNK (13 PTS) (T. Jones 3 AST),"[1629234, 1630200]",1610612759.0,SAS,running,,,Eubanks,D. Eubanks,,,,,2.5,Made,13.0,T. Jones,1630200.0,3.0,,,,,,,,,,,,,,,
449,PT04M24.00S,2021-12-10T03:07:52.5Z,3,REGULAR,foul,personal,"['inpenalty', '1freethrow']",203999,,,1610612759,89,81,2021-12-10T03:08:04Z,4440000,,,0,,N. Jokic shooting personal FOUL (3 PF) (Eubanks 1 FT),"[203999, 1629234]",1610612743.0,DEN,shooting,,,Jokic,N. Jokic,,,,,,,,,,,,,,,,,,,,202041.0,3.0,0.0,Eubanks,1629234.0,
451,PT04M24.00S,2021-12-10T03:08:15.0Z,3,REGULAR,freethrow,1 of 1,['fastbreak'],1629234,,,1610612759,90,81,2021-12-10T03:08:15Z,4460000,,,0,,D. Eubanks Free Throw 1 of 1 (14 PTS),[1629234],1610612759.0,SAS,,,,Eubanks,D. Eubanks,,,,,,Made,14.0,,,,,,,,,,,,,,,,,,
452,PT04M10.00S,2021-12-10T03:08:29.8Z,3,REGULAR,turnover,bad pass,[],203115,,,1610612743,90,81,2021-12-10T03:08:36Z,4470000,,,0,,W. Barton bad pass TURNOVER (1 TO),"[203115, 1628966]",1610612743.0,DEN,,,,Barton,W. Barton,,,,,,,,,,,,,,,1.0,Bates-Diop,1628966.0,,,,,,,,
453,PT04M10.00S,2021-12-10T03:08:29.8Z,3,REGULAR,steal,,[],1628966,,,1610612759,90,81,2021-12-10T03:08:32Z,4480000,,,0,,K. Bates-Diop STEAL (2 STL),[1628966],1610612759.0,SAS,,,,Bates-Diop,K. Bates-Diop,,,,,,,,,,,,,,,,,,,,,,,,,
454,PT04M09.00S,2021-12-10T03:08:33.4Z,3,REGULAR,2pt,Layup,"['fastbreak', 'pointsinthepaint', 'fromturnover']",1628966,7.440867279894875,49.50980392156863,1610612759,90,81,2021-12-10T03:10:06Z,4490000,2.0,17.0,1,left,MISS K. Bates-Diop running finger roll Layup - blocked,"[1628966, 1630267]",1610612759.0,SAS,running finger roll,,,Bates-Diop,K. Bates-Diop,,,,,1.76,Missed,,,,,,,,,,,,Campazzo,1630267.0,,,,,,
455,PT04M09.00S,2021-12-10T03:08:33.4Z,3,REGULAR,block,,[],1630267,,,1610612759,90,81,2021-12-10T03:08:36Z,4500000,,,0,,F. Campazzo BLOCK (1 BLK),[1630267],1610612743.0,DEN,,,,Campazzo,F. Campazzo,,,,,,,,,,,,,,,,,,,,,,,,,
456,PT04M09.00S,2021-12-10T03:08:33.4Z,3,REGULAR,rebound,offensive,['team'],0,,,1610612759,90,81,2021-12-10T03:08:44Z,4510000,,,0,,TEAM offensive REBOUND,[],1610612759.0,SAS,,,,,,,,,,,,,,,,454.0,,,,,,,,,,,,,,
457,PT04M09.00S,2021-12-10T03:08:42.5Z,3,REGULAR,stoppage,out-of-bounds,[],0,,,1610612759,90,81,2021-12-10T03:08:42Z,4520000,,,0,,,[],,,,,,,,,,,,,,,,,,,,,,,,,,,,,,,,
458,PT03M59.00S,2021-12-10T03:09:01.2Z,3,REGULAR,2pt,Jump Shot,"['pointsinthepaint', 'fromturnover', '2ndchance']",1629022,9.149145860709593,56.372549019607845,1610612759,90,81,2021-12-10T03:10:32Z,4530000,-32.0,34.0,1,left,MISS L. Walker IV driving floating Shot,[1629022],1610612759.0,SAS,driving floating,,,Walker IV,L. Walker IV,,,,,4.63,Missed,,,,,,,,,,,,,,,,,,,
459,PT03M55.00S,2021-12-10T03:09:05.2Z,3,REGULAR,rebound,defensive,[],203999,,,1610612743,90,81,2021-12-10T03:09:07Z,4540000,,,0,,N. Jokic REBOUND (Off:2 Def:9),[203999],1610612743.0,DEN,,,,Jokic,N. Jokic,,,,,,,,,,,458.0,11.0,9.0,2.0,,,,,,,,,,,
460,PT03M45.00S,2021-12-10T03:09:14.0Z,3,REGULAR,2pt,Jump Shot,[],203115,82.07950065703022,66.66666666666666,1610612743,90,81,2021-12-10T03:11:05Z,4550000,83.0,116.0,1,right,MISS W. Barton 14' pullup Shot,[203115],1610612743.0,DEN,pullup,,,Barton,W. Barton,,,,,14.28,Missed,,,,,,,,,,,,,,,,,,,
461,PT03M43.00S,2021-12-10T03:09:17.0Z,3,REGULAR,rebound,offensive,[],203932,,,1610612743,90,81,2021-12-10T03:09:17Z,4560000,,,0,,A. Gordon REBOUND (Off:2 Def:2),[203932],1610612743.0,DEN,,,,Gordon,A. Gordon,,,,,,,,,,,460.0,4.0,2.0,2.0,,,,,,,,,,,
462,PT03M43.00S,2021-12-10T03:09:19.0Z,3,REGULAR,2pt,Layup,"['pointsinthepaint', '2ndchance']",203932,91.80354796320631,50.49019607843137,1610612743,90,83,2021-12-10T03:09:32Z,4570000,2.0,25.0,1,right,A. Gordon putback Layup (20 PTS),[203932],1610612743.0,DEN,putback,,,Gordon,A. Gordon,,,,,2.46,Made,20.0,,,,,,,,,,,,,,,,,,
463,PT03M43.00S,2021-12-10T03:09:23.0Z,3,REGULAR,foul,personal,"['inpenalty', '1freethrow']",1628401,,,1610612743,90,83,2021-12-10T03:09:41Z,4580000,,,0,,D. White shooting personal FOUL (3 PF) (Gordon 1 FT),"[1628401, 203932]",1610612759.0,SAS,shooting,,,White,D. White,,,,,,,,,,,,,,,,,,,,202041.0,3.0,0.0,Gordon,203932.0,
465,PT03M43.00S,2021-12-10T03:09:43.4Z,3,REGULAR,freethrow,1 of 1,['2ndchance'],203932,,,1610612743,90,84,2021-12-10T03:09:43Z,4600000,,,0,,A. Gordon Free Throw 1 of 1 (21 PTS),[203932],1610612743.0,DEN,,,,Gordon,A. Gordon,,,,,,Made,21.0,,,,,,,,,,,,,,,,,,
466,PT03M27.00S,2021-12-10T03:10:22.3Z,3,REGULAR,stoppage,equipment issue,[],0,,,1610612759,90,84,2021-12-10T03:10:22Z,4610000,,,0,,,[],,,,,,,,,,,,,,,,,,,,,,,,,,,,,,,,
467,PT03M12.00S,2021-12-10T03:10:42.1Z,3,REGULAR,3pt,Jump Shot,[],1628401,27.677398160315374,16.666666666666664,1610612759,93,84,2021-12-10T03:10:47Z,4620000,167.0,208.0,1,left,D. White 26' 3PT  (18 PTS) (L. Walker IV 2 AST),"[1628401, 1629022]",1610612759.0,SAS,,,,White,D. White,,,,,26.63,Made,18.0,L. Walker IV,1629022.0,2.0,,,,,,,,,,,,,,,
469,PT03M00.00S,2021-12-10T03:10:53.4Z,3,REGULAR,2pt,Jump Shot,[],1630538,85.23324572930355,69.6078431372549,1610612743,93,84,2021-12-10T03:13:07Z,4640000,98.0,86.0,1,right,MISS B. Hyland 13' driving floating Shot,[1630538],1610612743.0,DEN,driving floating,,,Hyland,B. Hyland,,,,,13.06,Missed,,,,,,,,,,,,,,,,,,,
470,PT02M58.00S,2021-12-10T03:10:55.4Z,3,REGULAR,rebound,defensive,[],1628401,,,1610612759,93,84,2021-12-10T03:10:57Z,4650000,,,0,,D. White REBOUND (Off:0 Def:4),[1628401],1610612759.0,SAS,,,,White,D. White,,,,,,,,,,,469.0,4.0,4.0,0.0,,,,,,,,,,,
471,PT02M57.00S,2021-12-10T03:10:58.1Z,3,REGULAR,foul,personal,"['inpenalty', '2freethrow']",1630538,,,1610612759,93,84,2021-12-10T03:13:57Z,4660000,,,0,,B. Hyland take personal FOUL (3 PF) (White 2 FT),"[1630538, 1628401]",1610612743.0,DEN,take,,,Hyland,B. Hyland,,,,,,,,,,,,,,,,,,,,1628159.0,3.0,0.0,White,1628401.0,
473,PT02M57.00S,2021-12-10T03:11:27.8Z,3,REGULAR,freethrow,1 of 2,[],1628401,,,1610612759,94,84,2021-12-10T03:12:01Z,4680000,,,0,,D. White Free Throw 1 of 2 (19 PTS),[1628401],1610612759.0,SAS,,,,White,D. White,,,,,,Made,19.0,,,,,,,,,,,,,,,,,,
474,PT02M57.00S,2021-12-10T03:11:29.3Z,3,REGULAR,substitution,out,[],1628966,,,1610612759,94,84,2021-12-10T03:11:43Z,4690000,,,0,,SUB out: K. Bates-Diop,[1628966],1610612759.0,SAS,,,,Bates-Diop,K. Bates-Diop,,,,,,,,,,,,,,,,,,,,,,,,,
475,PT02M57.00S,2021-12-10T03:11:29.3Z,3,REGULAR,substitution,out,[],203115,,,1610612759,94,84,2021-12-10T03:11:43Z,4700000,,,0,,SUB out: W. Barton,[203115],1610612743.0,DEN,,,,Barton,W. Barton,,,,,,,,,,,,,,,,,,,,,,,,,
476,PT02M57.00S,2021-12-10T03:11:29.3Z,3,REGULAR,substitution,in,[],1630170,,,1610612759,94,84,2021-12-10T03:11:43Z,4710000,,,0,,SUB in: D. Vassell,[1630170],1610612759.0,SAS,,,,Vassell,D. Vassell,,,,,,,,,,,,,,,,,,,,,,,,,
477,PT02M57.00S,2021-12-10T03:11:29.3Z,3,REGULAR,substitution,in,[],1628432,,,1610612759,94,84,2021-12-10T03:11:43Z,4720000,,,0,,SUB in: D. Reed,[1628432],1610612743.0,DEN,,,,Reed,D. Reed,,,,,,,,,,,,,,,,,,,,,,,,,
478,PT02M57.00S,2021-12-10T03:11:27.8Z,3,REGULAR,freethrow,2 of 2,[],1628401,,,1610612759,94,84,2021-12-10T03:12:01Z,4730000,,,0,,MISS D. White Free Throw 2 of 2,[1628401],1610612759.0,SAS,,,,White,D. White,,,,,,Missed,,,,,,,,,,,,,,,,,,,
479,PT02M54.00S,2021-12-10T03:11:30.8Z,3,REGULAR,rebound,defensive,[],1628432,,,1610612743,94,84,2021-12-10T03:17:57Z,4740000,,,0,,D. Reed REBOUND (Off:0 Def:3),[1628432],1610612743.0,DEN,,,,Reed,D. Reed,,,,,,,,,,,478.0,3.0,3.0,0.0,,,,,,,,,,,
480,PT02M42.00S,2021-12-10T03:12:09.8Z,3,REGULAR,3pt,Jump Shot,[],1630538,78.26872536136662,6.862745098039216,1610612743,94,84,2021-12-10T03:12:15Z,4750000,-216.0,152.0,1,right,MISS B. Hyland 26' 3PT,[1630538],1610612743.0,DEN,,,,Hyland,B. Hyland,,,,,26.38,Missed,,,,,,,,,,,,,,,,,,,
481,PT02M39.00S,2021-12-10T03:12:12.8Z,3,REGULAR,rebound,defensive,[],1628401,,,1610612759,94,84,2021-12-10T03:12:15Z,4760000,,,0,,D. White REBOUND (Off:0 Def:5),[1628401],1610612759.0,SAS,,,,White,D. White,,,,,,,,,,,480.0,5.0,5.0,0.0,,,,,,,,,,,
482,PT02M31.00S,2021-12-10T03:12:20.6Z,3,REGULAR,3pt,Jump Shot,[],1629022,8.886333771353483,2.941176470588235,1610612759,94,84,2021-12-10T03:12:26Z,4770000,235.0,31.0,1,left,MISS L. Walker IV 3PT,[1629022],1610612759.0,SAS,,,,Walker IV,L. Walker IV,,,,,23.73,Missed,,,,,,,,,,,,,,,,,,,
483,PT02M27.00S,2021-12-10T03:12:24.6Z,3,REGULAR,rebound,defensive,[],1628432,,,1610612743,94,84,2021-12-10T03:12:26Z,4780000,,,0,,D. Reed REBOUND (Off:0 Def:4),[1628432],1610612743.0,DEN,,,,Reed,D. Reed,,,,,,,,,,,482.0,4.0,4.0,0.0,,,,,,,,,,,
484,PT02M24.00S,2021-12-10T03:12:29.6Z,3,REGULAR,foul,personal,"['inpenalty', '2freethrow']",1630170,,,1610612743,94,84,2021-12-10T03:12:44Z,4790000,,,0,,D. Vassell personal FOUL (2 PF) (Gordon 2 FT),"[1630170, 203932]",1610612759.0,SAS,,,,Vassell,D. Vassell,,,,,,,,,,,,,,,,,,,,1628159.0,2.0,0.0,Gordon,203932.0,
486,PT02M24.00S,2021-12-10T03:13:04.1Z,3,REGULAR,freethrow,1 of 2,[],203932,,,1610612743,94,85,2021-12-10T03:13:04Z,4810000,,,0,,A. Gordon Free Throw 1 of 2 (22 PTS),[203932],1610612743.0,DEN,,,,Gordon,A. Gordon,,,,,,Made,22.0,,,,,,,,,,,,,,,,,,
487,PT02M24.00S,2021-12-10T03:13:05.2Z,3,REGULAR,substitution,out,[],1628401,,,1610612743,94,85,2021-12-10T03:13:12Z,4820000,,,0,,SUB out: D. White,[1628401],1610612759.0,SAS,,,,White,D. White,,,,,,,,,,,,,,,,,,,,,,,,,
488,PT02M24.00S,2021-12-10T03:13:05.2Z,3,REGULAR,substitution,out,[],203999,,,1610612743,94,85,2021-12-10T03:13:12Z,4830000,,,0,,SUB out: N. Jokic,[203999],1610612743.0,DEN,,,,Jokic,N. Jokic,,,,,,,,,,,,,,,,,,,,,,,,,
489,PT02M24.00S,2021-12-10T03:13:05.2Z,3,REGULAR,substitution,in,[],1627749,,,1610612743,94,85,2021-12-10T03:13:12Z,4840000,,,0,,SUB in: D. Murray,[1627749],1610612759.0,SAS,,,,Murray,D. Murray,,,,,,,,,,,,,,,,,,,,,,,,,
490,PT02M24.00S,2021-12-10T03:13:05.2Z,3,REGULAR,substitution,in,[],203210,,,1610612743,94,85,2021-12-10T03:13:12Z,4850000,,,0,,SUB in: J. Green,[203210],1610612743.0,DEN,,,,Green,J. Green,,,,,,,,,,,,,,,,,,,,,,,,,
491,PT02M24.00S,2021-12-10T03:13:31.7Z,3,REGULAR,freethrow,2 of 2,[],203932,,,1610612743,94,86,2021-12-10T03:13:31Z,4860000,,,0,,A. Gordon Free Throw 2 of 2 (23 PTS),[203932],1610612743.0,DEN,,,,Gordon,A. Gordon,,,,,,Made,23.0,,,,,,,,,,,,,,,,,,
492,PT02M12.00S,2021-12-10T03:13:44.5Z,3,REGULAR,turnover,bad pass,[],1629234,,,1610612759,94,86,2021-12-10T03:13:52Z,4870000,,,0,,D. Eubanks bad pass TURNOVER (1 TO),"[1629234, 1628432]",1610612759.0,SAS,,,,Eubanks,D. Eubanks,,,,,,,,,,,,,,,1.0,Reed,1628432.0,,,,,,,,
493,PT02M12.00S,2021-12-10T03:13:44.5Z,3,REGULAR,steal,,[],1628432,,,1610612743,94,86,2021-12-10T03:13:47Z,4880000,,,0,,D. Reed STEAL (1 STL),[1628432],1610612743.0,DEN,,,,Reed,D. Reed,,,,,,,,,,,,,,,,,,,,,,,,,
494,PT02M08.00S,2021-12-10T03:13:48.8Z,3,REGULAR,2pt,Layup,"['pointsinthepaint', 'fromturnover', 'fastbreak']",1628432,92.85479632063075,49.26470588235294,1610612743,94,88,2021-12-10T03:14:03Z,4890000,-4.0,15.0,1,right,D. Reed running finger roll Layup (2 PTS),[1628432],1610612743.0,DEN,running finger roll,,,Reed,D. Reed,,,,,1.52,Made,2.0,,,,,,,,,,,,,,,,,,
495,PT01M54.00S,2021-12-10T03:14:02.5Z,3,REGULAR,turnover,bad pass,[],1627749,,,1610612759,94,88,2021-12-10T03:14:10Z,4900000,,,0,,D. Murray bad pass TURNOVER (2 TO),"[1627749, 1630538]",1610612759.0,SAS,,,,Murray,D. Murray,,,,,,,,,,,,,,,2.0,Hyland,1630538.0,,,,,,,,
496,PT01M54.00S,2021-12-10T03:14:02.5Z,3,REGULAR,steal,,[],1630538,,,1610612743,94,88,2021-12-10T03:14:04Z,4910000,,,0,,B. Hyland STEAL (1 STL),[1630538],1610612743.0,DEN,,,,Hyland,B. Hyland,,,,,,,,,,,,,,,,,,,,,,,,,
497,PT01M50.00S,2021-12-10T03:14:06.6Z,3,REGULAR,2pt,Layup,"['pointsinthepaint', 'fromturnover', 'fastbreak']",1630538,92.06636005256242,47.05882352941176,1610612743,94,90,2021-12-10T03:14:19Z,4920000,-15.0,22.0,1,right,B. Hyland running finger roll Layup (2 PTS),[1630538],1610612743.0,DEN,running finger roll,,,Hyland,B. Hyland,,,,,2.65,Made,2.0,,,,,,,,,,,,,,,,,,
498,PT01M36.00S,2021-12-10T03:14:20.6Z,3,REGULAR,3pt,Jump Shot,[],1630170,28.597240473061763,80.3921568627451,1610612759,97,90,2021-12-10T03:14:25Z,4930000,-152.0,216.0,1,left,D. Vassell 26' 3PT  (9 PTS) (D. Murray 6 AST),"[1630170, 1627749]",1610612759.0,SAS,,,,Vassell,D. Vassell,,,,,26.44,Made,9.0,D. Murray,1627749.0,6.0,,,,,,,,,,,,,,,
500,PT01M22.00S,2021-12-10T03:14:34.1Z,3,REGULAR,3pt,Jump Shot,[],203210,69.07030223390277,25.0,1610612743,97,90,2021-12-10T03:14:41Z,4950000,-125.0,238.0,1,right,MISS J. Green 26' 3PT,[203210],1610612743.0,DEN,,,,Green,J. Green,,,,,26.9,Missed,,,,,,,,,,,,,,,,,,,
501,PT01M21.00S,2021-12-10T03:14:35.1Z,3,REGULAR,rebound,defensive,['team'],0,,,1610612759,97,90,2021-12-10T03:14:41Z,4960000,,,0,,TEAM defensive REBOUND,[],1610612759.0,SAS,,,,,,,,,,,,,,,,500.0,,,,,,,,,,,,,,
502,PT01M21.00S,2021-12-10T03:14:45.5Z,3,REGULAR,stoppage,out-of-bounds,[],0,,,1610612759,97,90,2021-12-10T03:14:45Z,4970000,,,0,,,[],,,,,,,,,,,,,,,,,,,,,,,,,,,,,,,,
503,PT01M21.00S,2021-12-10T03:14:51.9Z,3,REGULAR,substitution,out,[],203932,,,1610612759,97,90,2021-12-10T03:15:03Z,4980000,,,0,,SUB out: A. Gordon,[203932],1610612743.0,DEN,,,,Gordon,A. Gordon,,,,,,,,,,,,,,,,,,,,,,,,,
504,PT01M21.00S,2021-12-10T03:14:51.9Z,3,REGULAR,substitution,in,[],1630192,,,1610612759,97,90,2021-12-10T03:15:03Z,4990000,,,0,,SUB in: Z. Nnaji,[1630192],1610612743.0,DEN,,,,Nnaji,Z. Nnaji,,,,,,,,,,,,,,,,,,,,,,,,,
505,PT01M10.00S,2021-12-10T03:15:18.6Z,3,REGULAR,turnover,out-of-bounds,[],1627749,,,1610612759,97,90,2021-12-10T03:15:27Z,5000000,,,0,,D. Murray lost ball out-of-bounds TURNOVER (3 TO),[1627749],1610612759.0,SAS,lost ball,,,Murray,D. Murray,,,,,,,,,,,,,,,3.0,,,,,204059.0,,,,,
506,PT01M00.00S,2021-12-10T03:15:35.3Z,3,REGULAR,2pt,Layup,"['pointsinthepaint', 'fromturnover']",1630538,92.19776609724047,37.745098039215684,1610612743,97,90,2021-12-10T03:19:35Z,5010000,-61.0,21.0,1,right,MISS B. Hyland 6' driving finger roll Layup - blocked,"[1630538, 1629234]",1610612743.0,DEN,driving finger roll,,,Hyland,B. Hyland,,,,,6.47,Missed,,,,,,,,,,,,Eubanks,1629234.0,,,,,,
507,PT01M00.00S,2021-12-10T03:15:35.3Z,3,REGULAR,block,,[],1629234,,,1610612743,97,90,2021-12-10T03:15:38Z,5020000,,,0,,D. Eubanks BLOCK (1 BLK),[1629234],1610612759.0,SAS,,,,Eubanks,D. Eubanks,,,,,,,,,,,,,,,,,,,,,,,,,
508,PT00M56.50S,2021-12-10T03:15:38.8Z,3,REGULAR,rebound,defensive,[],1629022,,,1610612759,97,90,2021-12-10T03:15:46Z,5030000,,,0,,L. Walker IV REBOUND (Off:0 Def:4),[1629022],1610612759.0,SAS,,,,Walker IV,L. Walker IV,,,,,,,,,,,506.0,4.0,4.0,0.0,,,,,,,,,,,
509,PT00M40.70S,2021-12-10T03:15:55.5Z,3,REGULAR,3pt,Jump Shot,[],1630170,26.231931668856767,84.55882352941177,1610612759,97,90,2021-12-10T03:20:14Z,5040000,-173.0,194.0,1,left,MISS D. Vassell 25' 3PT,[1630170],1610612759.0,SAS,,,,Vassell,D. Vassell,,,,,25.99,Missed,,,,,,,,,,,,,,,,,,,
510,PT00M37.20S,2021-12-10T03:15:59.0Z,3,REGULAR,rebound,offensive,[],1630200,,,1610612759,97,90,2021-12-10T03:16:05Z,5050000,,,0,,T. Jones REBOUND (Off:1 Def:1),[1630200],1610612759.0,SAS,,,,Jones,T. Jones,,,,,,,,,,,509.0,2.0,1.0,1.0,,,,,,,,,,,
511,PT00M36.00S,2021-12-10T03:16:00.6Z,3,REGULAR,3pt,Jump Shot,['2ndchance'],1627749,31.225361366622867,26.715686274509803,1610612759,100,90,2021-12-10T03:20:53Z,5060000,116.0,241.0,1,left,D. Murray 26' 3PT  (15 PTS) (T. Jones 4 AST),"[1627749, 1630200]",1610612759.0,SAS,,,,Murray,D. Murray,,,,,26.76,Made,15.0,T. Jones,1630200.0,4.0,,,,,,,,,,,,,,,
513,PT00M27.60S,2021-12-10T03:16:15.0Z,3,REGULAR,foul,offensive,['inpenalty'],1630192,,,1610612743,100,90,2021-12-10T03:16:33Z,5080000,,,0,,Z. Nnaji offensive FOUL (1 PF),"[1630192, 1630200]",1610612743.0,DEN,,,,Nnaji,Z. Nnaji,,,,,,,,,,,,,,,,,,,,202041.0,1.0,0.0,Jones,1630200.0,
515,PT00M27.60S,2021-12-10T03:16:15.0Z,3,REGULAR,turnover,offensive foul,[],1630192,,,1610612743,100,90,2021-12-10T03:16:15Z,5100000,,,0,,Z. Nnaji offensive foul TURNOVER (1 TO),[1630192],1610612743.0,DEN,,,,Nnaji,Z. Nnaji,,,,,,,,,,,,,,,1.0,,,,,202041.0,,,,,
516,PT00M07.10S,2021-12-10T03:16:51.2Z,3,REGULAR,3pt,Jump Shot,['fromturnover'],1627749,32.013797634691194,28.921568627450984,1610612759,100,90,2021-12-10T03:21:21Z,5110000,105.0,248.0,1,left,MISS D. Murray 26' pullup 3PT,[1627749],1610612759.0,SAS,pullup,,,Murray,D. Murray,,,,,26.98,Missed,,,,,,,,,,,,,,,,,,,
517,PT00M05.80S,2021-12-10T03:16:54.7Z,3,REGULAR,rebound,defensive,['team'],0,,,1610612743,100,90,2021-12-10T03:16:54Z,5120000,,,0,,TEAM defensive REBOUND,[],1610612743.0,DEN,,,,,,,,,,,,,,,,516.0,,,,,,,,,,,,,,
518,PT00M05.80S,2021-12-10T03:16:56.6Z,3,REGULAR,stoppage,out-of-bounds,[],0,,,1610612743,100,90,2021-12-10T03:16:56Z,5130000,,,0,,,[],,,,,,,,,,,,,,,,,,,,,,,,,,,,,,,,
519,PT00M00.00S,2021-12-10T03:17:05.0Z,3,REGULAR,2pt,Jump Shot,['pointsinthepaint'],1630538,89.56964520367937,43.38235294117647,1610612743,100,90,2021-12-10T03:22:07Z,5140000,-33.0,46.0,1,right,MISS B. Hyland driving floating Shot,[1630538],1610612743.0,DEN,driving floating,,,Hyland,B. Hyland,,,,,5.63,Missed,,,,,,,,,,,,,,,,,,,
520,PT00M00.00S,2021-12-10T03:17:05.0Z,3,REGULAR,rebound,offensive,['team'],0,,,1610612743,100,90,2021-12-10T03:22:07Z,5150000,,,0,,TEAM offensive REBOUND,[],1610612743.0,DEN,,,,,,,,,,,,,,,,519.0,,,,,,,,,,,,,,
521,PT00M00.00S,2021-12-10T03:17:13.0Z,3,REGULAR,period,end,[],0,,,1610612743,100,90,2021-12-10T03:17:13Z,5160000,,,0,,Period End,[],,,,,,,,,,,,,,,,,,,,,,,,,,,,,,,,
524,PT12M00.00S,2021-12-10T03:19:53.4Z,4,REGULAR,period,start,[],0,,,1610612759,100,90,2021-12-10T03:19:53Z,5190000,,,0,,Period Start,[],,,,,,,,,,,,,,,,,,,,,,,,,,,,,,,,
525,PT11M38.00S,2021-12-10T03:20:14.5Z,4,REGULAR,3pt,Jump Shot,[],1630170,27.677398160315374,87.5,1610612759,100,90,2021-12-10T03:20:21Z,5200000,-188.0,208.0,1,left,MISS D. Vassell 27' pullup 3PT,[1630170],1610612759.0,SAS,pullup,,,Vassell,D. Vassell,,,,,27.98,Missed,,,,,,,,,,,,,,,,,,,
526,PT11M35.00S,2021-12-10T03:20:17.5Z,4,REGULAR,rebound,defensive,[],1630538,,,1610612743,100,90,2021-12-10T03:20:21Z,5210000,,,0,,B. Hyland REBOUND (Off:0 Def:1),[1630538],1610612743.0,DEN,,,,Hyland,B. Hyland,,,,,,,,,,,525.0,1.0,1.0,0.0,,,,,,,,,,,
527,PT11M22.00S,2021-12-10T03:20:30.5Z,4,REGULAR,2pt,Jump Shot,[],1630538,77.4802890932983,41.17647058823529,1610612743,100,90,2021-12-10T03:20:37Z,5220000,-44.0,159.0,1,right,MISS B. Hyland 16' pullup Shot,[1630538],1610612743.0,DEN,pullup,,,Hyland,B. Hyland,,,,,16.52,Missed,,,,,,,,,,,,,,,,,,,
528,PT11M16.00S,2021-12-10T03:20:36.5Z,4,REGULAR,rebound,defensive,[],1627749,,,1610612759,100,90,2021-12-10T03:20:37Z,5230000,,,0,,D. Murray REBOUND (Off:3 Def:4),[1627749],1610612759.0,SAS,,,,Murray,D. Murray,,,,,,,,,,,527.0,7.0,4.0,3.0,,,,,,,,,,,
529,PT11M04.00S,2021-12-10T03:20:48.8Z,4,REGULAR,3pt,Jump Shot,[],1629022,21.76412614980289,90.93137254901961,1610612759,103,90,2021-12-10T03:20:53Z,5240000,-205.0,152.0,1,left,L. Walker IV 25' 3PT  (17 PTS) (T. Jones 5 AST),"[1629022, 1630200]",1610612759.0,SAS,,,,Walker IV,L. Walker IV,,,,,25.5,Made,17.0,T. Jones,1630200.0,5.0,,,,,,,,,,,,,,,
531,PT10M43.00S,2021-12-10T03:21:09.0Z,4,REGULAR,3pt,Jump Shot,[],203210,66.96780551905388,61.029411764705884,1610612743,103,90,2021-12-10T03:21:19Z,5260000,55.0,258.0,1,right,MISS J. Green 26' 3PT,[203210],1610612743.0,DEN,,,,Green,J. Green,,,,,26.38,Missed,,,,,,,,,,,,,,,,,,,
532,PT10M39.00S,2021-12-10T03:21:13.5Z,4,REGULAR,rebound,defensive,[],1630170,,,1610612759,103,90,2021-12-10T03:21:13Z,5270000,,,0,,D. Vassell REBOUND (Off:0 Def:5),[1630170],1610612759.0,SAS,,,,Vassell,D. Vassell,,,,,,,,,,,531.0,5.0,5.0,0.0,,,,,,,,,,,
533,PT10M34.00S,2021-12-10T03:21:18.4Z,4,REGULAR,2pt,Layup,"['pointsinthepaint', 'fastbreak']",1629022,8.360709592641262,45.83333333333333,1610612759,103,90,2021-12-10T03:23:41Z,5280000,21.0,26.0,1,left,MISS L. Walker IV running finger roll Layup - blocked,"[1629022, 1630192]",1610612759.0,SAS,running finger roll,,,Walker IV,L. Walker IV,,,,,3.34,Missed,,,,,,,,,,,,Nnaji,1630192.0,,,,,,
534,PT10M34.00S,2021-12-10T03:21:18.4Z,4,REGULAR,block,,[],1630192,,,1610612759,103,90,2021-12-10T03:21:21Z,5290000,,,0,,Z. Nnaji BLOCK (1 BLK),[1630192],1610612743.0,DEN,,,,Nnaji,Z. Nnaji,,,,,,,,,,,,,,,,,,,,,,,,,
535,PT10M31.00S,2021-12-10T03:21:21.4Z,4,REGULAR,rebound,defensive,[],1630267,,,1610612743,103,90,2021-12-10T03:21:24Z,5300000,,,0,,F. Campazzo REBOUND (Off:0 Def:2),[1630267],1610612743.0,DEN,,,,Campazzo,F. Campazzo,,,,,,,,,,,533.0,2.0,2.0,0.0,,,,,,,,,,,
536,PT10M27.00S,2021-12-10T03:21:25.2Z,4,REGULAR,3pt,Jump Shot,[],1630538,91.5407358738502,96.07843137254902,1610612743,103,93,2021-12-10T03:21:39Z,5310000,230.0,27.0,1,right,B. Hyland 3PT  (5 PTS) (F. Campazzo 2 AST),"[1630538, 1630267]",1610612743.0,DEN,,,,Hyland,B. Hyland,,,,,23.2,Made,5.0,F. Campazzo,1630267.0,2.0,,,,,,,,,,,,,,,
538,PT10M02.00S,2021-12-10T03:21:50.7Z,4,REGULAR,turnover,bad pass,[],1630200,,,1610612759,103,93,2021-12-10T03:26:09Z,5330000,,,0,,T. Jones bad pass TURNOVER (1 TO),"[1630200, 1630267]",1610612759.0,SAS,,,,Jones,T. Jones,,,,,,,,,,,,,,,1.0,Campazzo,1630267.0,,,,,,,,
539,PT10M02.00S,2021-12-10T03:21:50.7Z,4,REGULAR,steal,,[],1630267,,,1610612743,103,93,2021-12-10T03:26:54Z,5340000,,,0,,F. Campazzo STEAL (1 STL),[1630267],1610612743.0,DEN,,,,Campazzo,F. Campazzo,,,,,,,,,,,,,,,,,,,,,,,,,
540,PT10M01.00S,2021-12-10T03:21:55.5Z,4,REGULAR,foul,personal,[],1629234,,,1610612743,103,93,2021-12-10T03:27:12Z,5350000,,,0,,D. Eubanks take personal FOUL (2 PF),"[1629234, 1630538]",1610612759.0,SAS,take,,,Eubanks,D. Eubanks,,,,,,,,,,,,,,,,,,,,1628159.0,2.0,0.0,Hyland,1630538.0,
542,PT10M01.00S,2021-12-10T03:22:02.7Z,4,REGULAR,substitution,out,[],1630200,,,1610612743,103,93,2021-12-10T03:22:16Z,5370000,,,0,,SUB out: T. Jones,[1630200],1610612759.0,SAS,,,,Jones,T. Jones,,,,,,,,,,,,,,,,,,,,,,,,,
543,PT10M01.00S,2021-12-10T03:22:02.7Z,4,REGULAR,substitution,out,[],1630538,,,1610612743,103,93,2021-12-10T03:22:16Z,5380000,,,0,,SUB out: B. Hyland,[1630538],1610612743.0,DEN,,,,Hyland,B. Hyland,,,,,,,,,,,,,,,,,,,,,,,,,
544,PT10M01.00S,2021-12-10T03:22:02.7Z,4,REGULAR,substitution,in,[],1628401,,,1610612743,103,93,2021-12-10T03:22:16Z,5390000,,,0,,SUB in: D. White,[1628401],1610612759.0,SAS,,,,White,D. White,,,,,,,,,,,,,,,,,,,,,,,,,
545,PT10M01.00S,2021-12-10T03:22:02.7Z,4,REGULAR,substitution,in,[],1628420,,,1610612743,103,93,2021-12-10T03:22:16Z,5400000,,,0,,SUB in: M. Morris,[1628420],1610612743.0,DEN,,,,Morris,M. Morris,,,,,,,,,,,,,,,,,,,,,,,,,
546,PT09M50.00S,2021-12-10T03:22:29.6Z,4,REGULAR,3pt,Jump Shot,['fromturnover'],1630267,68.54467805519053,25.0,1610612743,103,96,2021-12-10T03:22:34Z,5410000,-125.0,243.0,1,right,F. Campazzo 27' 3PT pullup (12 PTS) (Z. Nnaji 2 AST),"[1630267, 1630192]",1610612743.0,DEN,pullup,,,Campazzo,F. Campazzo,,,,,27.34,Made,12.0,Z. Nnaji,1630192.0,2.0,,,,,,,,,,,,,,,
547,PT09M26.00S,2021-12-10T03:22:56.1Z,4,REGULAR,turnover,bad pass,[],1627749,,,1610612759,103,96,2021-12-10T03:23:09Z,5420000,,,0,,D. Murray bad pass TURNOVER (4 TO),[1627749],1610612759.0,SAS,,,,Murray,D. Murray,,,,,,,,,,,,,,,4.0,,,,,,,,,,
548,PT09M26.00S,2021-12-10T03:23:04.9Z,4,REGULAR,substitution,out,[],1629234,,,1610612743,103,96,2021-12-10T03:23:14Z,5430000,,,0,,SUB out: D. Eubanks,[1629234],1610612759.0,SAS,,,,Eubanks,D. Eubanks,,,,,,,,,,,,,,,,,,,,,,,,,
549,PT09M26.00S,2021-12-10T03:23:04.9Z,4,REGULAR,substitution,in,[],1627751,,,1610612743,103,96,2021-12-10T03:23:14Z,5440000,,,0,,SUB in: J. Poeltl,[1627751],1610612759.0,SAS,,,,Poeltl,J. Poeltl,,,,,,,,,,,,,,,,,,,,,,,,,
550,PT09M15.00S,2021-12-10T03:23:21.4Z,4,REGULAR,2pt,Layup,"['pointsinthepaint', 'fromturnover']",1630267,91.40932982917214,53.67647058823529,1610612743,103,96,2021-12-10T03:29:15Z,5450000,18.0,28.0,1,right,MISS F. Campazzo driving finger roll Layup - blocked,"[1630267, 1627751]",1610612743.0,DEN,driving finger roll,,,Campazzo,F. Campazzo,,,,,3.38,Missed,,,,,,,,,,,,Poeltl,1627751.0,,,,,,
551,PT09M15.00S,2021-12-10T03:23:21.4Z,4,REGULAR,block,,[],1627751,,,1610612743,103,96,2021-12-10T03:23:24Z,5460000,,,0,,J. Poeltl BLOCK (1 BLK),[1627751],1610612759.0,SAS,,,,Poeltl,J. Poeltl,,,,,,,,,,,,,,,,,,,,,,,,,
552,PT09M15.00S,2021-12-10T03:23:21.4Z,4,REGULAR,rebound,offensive,['team'],0,,,1610612743,103,96,2021-12-10T03:23:30Z,5470000,,,0,,TEAM offensive REBOUND,[],1610612743.0,DEN,,,,,,,,,,,,,,,,550.0,,,,,,,,,,,,,,
553,PT09M15.00S,2021-12-10T03:23:30.2Z,4,REGULAR,stoppage,out-of-bounds,[],0,,,1610612743,103,96,2021-12-10T03:23:30Z,5480000,,,0,,,[],,,,,,,,,,,,,,,,,,,,,,,,,,,,,,,,
555,PT09M14.00S,2021-12-10T03:23:35.5Z,4,REGULAR,foul,personal,[],1629022,,,1610612743,103,96,2021-12-10T03:23:54Z,5500000,,,0,,L. Walker IV personal FOUL (1 PF),"[1629022, 1630192]",1610612759.0,SAS,,,,Walker IV,L. Walker IV,,,,,,,,,,,,,,,,,,,,1628159.0,1.0,0.0,Nnaji,1630192.0,
557,PT09M00.00S,2021-12-10T03:24:06.2Z,4,REGULAR,3pt,Jump Shot,"['fromturnover', '2ndchance']",1630267,87.59855453350855,95.83333333333334,1610612743,103,96,2021-12-10T03:29:50Z,5520000,229.0,64.0,1,right,MISS F. Campazzo step back 3PT,[1630267],1610612743.0,DEN,step back,,,Campazzo,F. Campazzo,,,,,23.8,Missed,,,,,,,,,,,,,,,,,,,
558,PT09M00.00S,2021-12-10T03:24:06.2Z,4,REGULAR,rebound,offensive,['team'],0,,,1610612743,103,96,2021-12-10T03:26:33Z,5530000,,,0,,TEAM offensive REBOUND,[],1610612743.0,DEN,,,,,,,,,,,,,,,,557.0,,,,,,,,,,,,,,
559,PT09M00.00S,2021-12-10T03:24:12.6Z,4,REGULAR,turnover,shot clock,['team'],0,,,1610612743,103,96,2021-12-10T03:24:49Z,5540000,,,0,,DEN shot clock Team TURNOVER,[],1610612743.0,DEN,,,,,,,,,,,,,,,,,,,,,,,,,202041.0,,,,,
560,PT08M47.00S,2021-12-10T03:24:33.8Z,4,REGULAR,3pt,Jump Shot,['fromturnover'],1630170,7.30946123521682,96.56862745098039,1610612759,103,96,2021-12-10T03:30:33Z,5550000,-233.0,16.0,1,left,MISS D. Vassell pullup 3PT,[1630170],1610612759.0,SAS,pullup,,,Vassell,D. Vassell,,,,,23.34,Missed,,,,,,,,,,,,,,,,,,,
561,PT08M44.00S,2021-12-10T03:24:36.9Z,4,REGULAR,rebound,defensive,[],203210,,,1610612743,103,96,2021-12-10T03:24:36Z,5560000,,,0,,J. Green REBOUND (Off:0 Def:1),[203210],1610612743.0,DEN,,,,Green,J. Green,,,,,,,,,,,560.0,1.0,1.0,0.0,,,,,,,,,,,
562,PT08M28.00S,2021-12-10T03:24:52.7Z,4,REGULAR,2pt,Layup,['pointsinthepaint'],1628420,90.3580814717477,44.85294117647059,1610612743,103,96,2021-12-10T03:31:12Z,5570000,-26.0,38.0,1,right,MISS M. Morris driving finger roll Layup - blocked,"[1628420, 1627751]",1610612743.0,DEN,driving finger roll,,,Morris,M. Morris,,,,,4.6,Missed,,,,,,,,,,,,Poeltl,1627751.0,,,,,,
563,PT08M28.00S,2021-12-10T03:24:52.7Z,4,REGULAR,block,,[],1627751,,,1610612743,103,96,2021-12-10T03:24:56Z,5580000,,,0,,J. Poeltl BLOCK (2 BLK),[1627751],1610612759.0,SAS,,,,Poeltl,J. Poeltl,,,,,,,,,,,,,,,,,,,,,,,,,
564,PT08M24.00S,2021-12-10T03:24:56.7Z,4,REGULAR,rebound,defensive,[],1627749,,,1610612759,103,96,2021-12-10T03:24:58Z,5590000,,,0,,D. Murray REBOUND (Off:3 Def:5),[1627749],1610612759.0,SAS,,,,Murray,D. Murray,,,,,,,,,,,562.0,8.0,5.0,3.0,,,,,,,,,,,
565,PT08M21.00S,2021-12-10T03:24:59.6Z,4,REGULAR,2pt,Layup,"['fastbreak', 'pointsinthepaint']",1629022,6.1268068331143235,55.14705882352941,1610612759,105,96,2021-12-10T03:31:37Z,5600000,-26.0,5.0,1,left,L. Walker IV running Layup (19 PTS) (D. Murray 7 AST),"[1629022, 1627749]",1610612759.0,SAS,running,,,Walker IV,L. Walker IV,,,,,2.62,Made,19.0,D. Murray,1627749.0,7.0,,,,,,,,,,,,,,,
567,PT07M59.00S,2021-12-10T03:25:21.1Z,4,REGULAR,3pt,Jump Shot,[],203210,67.23061760840999,31.61764705882353,1610612743,105,99,2021-12-10T03:25:26Z,5620000,-92.0,256.0,1,right,J. Green 27' 3PT  (6 PTS) (M. Morris 4 AST),"[203210, 1628420]",1610612743.0,DEN,,,,Green,J. Green,,,,,27.15,Made,6.0,M. Morris,1628420.0,4.0,,,,,,,,,,,,,,,
569,PT07M37.00S,2021-12-10T03:25:44.0Z,4,REGULAR,2pt,Jump Shot,['pointsinthepaint'],1627751,7.30946123521682,46.568627450980394,1610612759,107,99,2021-12-10T03:25:51Z,5640000,17.0,16.0,1,left,J. Poeltl bank Jump Shot (6 PTS) (L. Walker IV 3 AST),"[1627751, 1629022]",1610612759.0,SAS,bank,,,Poeltl,J. Poeltl,,,,,2.36,Made,6.0,L. Walker IV,1629022.0,3.0,,,,,,,,,,,,,,,
571,PT07M22.00S,2021-12-10T03:25:57.7Z,4,REGULAR,3pt,Jump Shot,[],203210,66.96780551905388,58.57843137254902,1610612743,107,102,2021-12-10T03:26:04Z,5660000,43.0,258.0,1,right,J. Green 26' 3PT  (9 PTS) (F. Campazzo 3 AST),"[203210, 1630267]",1610612743.0,DEN,,,,Green,J. Green,,,,,26.15,Made,9.0,F. Campazzo,1630267.0,3.0,,,,,,,,,,,,,,,
573,PT07M19.00S,2021-12-10T03:26:06.7Z,4,REGULAR,timeout,full,"['team', 'mandatory']",0,,,1610612759,107,102,2021-12-10T03:26:06Z,5680000,,,0,,SAS Timeout,[],1610612759.0,SAS,,,,,,,,,,,,,,,,,,,,,,,,,,,,,,
574,PT07M19.00S,2021-12-10T03:27:54.2Z,4,REGULAR,substitution,out,[],1627749,,,1610612759,107,102,2021-12-10T03:29:05Z,5690000,,,0,,SUB out: D. Murray,[1627749],1610612759.0,SAS,,,,Murray,D. Murray,,,,,,,,,,,,,,,,,,,,,,,,,
575,PT07M19.00S,2021-12-10T03:27:54.2Z,4,REGULAR,substitution,out,[],1630170,,,1610612759,107,102,2021-12-10T03:29:05Z,5700000,,,0,,SUB out: D. Vassell,[1630170],1610612759.0,SAS,,,,Vassell,D. Vassell,,,,,,,,,,,,,,,,,,,,,,,,,
576,PT07M19.00S,2021-12-10T03:27:54.2Z,4,REGULAR,substitution,out,[],203210,,,1610612759,107,102,2021-12-10T03:29:05Z,5710000,,,0,,SUB out: J. Green,[203210],1610612743.0,DEN,,,,Green,J. Green,,,,,,,,,,,,,,,,,,,,,,,,,
577,PT07M19.00S,2021-12-10T03:27:54.2Z,4,REGULAR,substitution,out,[],1628432,,,1610612759,107,102,2021-12-10T03:29:05Z,5720000,,,0,,SUB out: D. Reed,[1628432],1610612743.0,DEN,,,,Reed,D. Reed,,,,,,,,,,,,,,,,,,,,,,,,,
578,PT07M19.00S,2021-12-10T03:27:54.2Z,4,REGULAR,substitution,out,[],1630192,,,1610612759,107,102,2021-12-10T03:29:05Z,5730000,,,0,,SUB out: Z. Nnaji,[1630192],1610612743.0,DEN,,,,Nnaji,Z. Nnaji,,,,,,,,,,,,,,,,,,,,,,,,,
579,PT07M19.00S,2021-12-10T03:27:54.2Z,4,REGULAR,substitution,in,[],203926,,,1610612759,107,102,2021-12-10T03:29:05Z,5740000,,,0,,SUB in: D. McDermott,[203926],1610612759.0,SAS,,,,McDermott,D. McDermott,,,,,,,,,,,,,,,,,,,,,,,,,
580,PT07M19.00S,2021-12-10T03:27:54.2Z,4,REGULAR,substitution,in,[],1628966,,,1610612759,107,102,2021-12-10T03:29:05Z,5750000,,,0,,SUB in: K. Bates-Diop,[1628966],1610612759.0,SAS,,,,Bates-Diop,K. Bates-Diop,,,,,,,,,,,,,,,,,,,,,,,,,
581,PT07M19.00S,2021-12-10T03:27:54.2Z,4,REGULAR,substitution,in,[],203115,,,1610612759,107,102,2021-12-10T03:29:05Z,5760000,,,0,,SUB in: W. Barton,[203115],1610612743.0,DEN,,,,Barton,W. Barton,,,,,,,,,,,,,,,,,,,,,,,,,
582,PT07M19.00S,2021-12-10T03:27:54.2Z,4,REGULAR,substitution,in,[],203999,,,1610612759,107,102,2021-12-10T03:29:05Z,5770000,,,0,,SUB in: N. Jokic,[203999],1610612743.0,DEN,,,,Jokic,N. Jokic,,,,,,,,,,,,,,,,,,,,,,,,,
583,PT07M19.00S,2021-12-10T03:27:54.2Z,4,REGULAR,substitution,in,[],203932,,,1610612759,107,102,2021-12-10T03:29:05Z,5780000,,,0,,SUB in: A. Gordon,[203932],1610612743.0,DEN,,,,Gordon,A. Gordon,,,,,,,,,,,,,,,,,,,,,,,,,
585,PT07M04.00S,2021-12-10T03:29:31.7Z,4,REGULAR,stoppage,out-of-bounds,[],0,,,1610612759,107,102,2021-12-10T03:29:31Z,5790000,,,0,,,[],,,,,,,,,,,,,,,,,,,,,,,,,,,,,,,,
586,PT07M02.00S,2021-12-10T03:29:38.3Z,4,REGULAR,2pt,Jump Shot,[],203926,10.726018396846255,16.176470588235293,1610612759,109,102,2021-12-10T03:33:05Z,5800000,169.0,48.0,1,left,D. McDermott 17' Jump Shot (17 PTS) (D. White 4 AST),"[203926, 1628401]",1610612759.0,SAS,,,,McDermott,D. McDermott,,,,,17.59,Made,17.0,D. White,1628401.0,4.0,,,,,,,,,,,,,,,
588,PT06M40.00S,2021-12-10T03:30:01.0Z,4,REGULAR,2pt,Layup,['pointsinthepaint'],203999,90.09526938239159,47.549019607843135,1610612743,109,102,2021-12-10T03:33:45Z,5820000,-12.0,41.0,1,right,MISS N. Jokic cutting Layup,[203999],1610612743.0,DEN,cutting,,,Jokic,N. Jokic,,,,,4.24,Missed,,,,,,,,,,,,,,,,,,,
589,PT06M36.00S,2021-12-10T03:30:05.0Z,4,REGULAR,rebound,defensive,[],1627751,,,1610612759,109,102,2021-12-10T03:30:07Z,5830000,,,0,,J. Poeltl REBOUND (Off:6 Def:2),[1627751],1610612759.0,SAS,,,,Poeltl,J. Poeltl,,,,,,,,,,,588.0,8.0,2.0,6.0,,,,,,,,,,,
590,PT06M28.00S,2021-12-10T03:30:12.2Z,4,REGULAR,2pt,Jump Shot,['pointsinthepaint'],1629022,6.521024967148489,59.068627450980394,1610612759,111,102,2021-12-10T03:30:27Z,5840000,-45.0,9.0,1,left,L. Walker IV driving floating bank Jump Shot (21 PTS),[1629022],1610612759.0,SAS,driving floating bank,,,Walker IV,L. Walker IV,,,,,4.61,Made,21.0,,,,,,,,,,,,,,,,,,
591,PT06M06.00S,2021-12-10T03:30:34.9Z,4,REGULAR,2pt,Jump Shot,['pointsinthepaint'],203999,90.3580814717477,47.05882352941176,1610612743,111,104,2021-12-10T03:30:42Z,5850000,-15.0,38.0,1,right,N. Jokic driving bank Jump Shot (22 PTS) (M. Morris 5 AST),"[203999, 1628420]",1610612743.0,DEN,driving bank,,,Jokic,N. Jokic,,,,,4.08,Made,22.0,M. Morris,1628420.0,5.0,,,,,,,,,,,,,,,
593,PT05M52.00S,2021-12-10T03:30:47.5Z,4,REGULAR,2pt,Layup,['pointsinthepaint'],1627751,16.63929040735874,41.911764705882355,1610612759,111,104,2021-12-10T03:34:31Z,5870000,40.0,104.0,1,left,MISS J. Poeltl 11' driving finger roll Layup,[1627751],1610612759.0,SAS,driving finger roll,,,Poeltl,J. Poeltl,,,,,11.15,Missed,,,,,,,,,,,,,,,,,,,
594,PT05M50.00S,2021-12-10T03:30:49.5Z,4,REGULAR,rebound,defensive,[],203932,,,1610612743,111,104,2021-12-10T03:30:52Z,5880000,,,0,,A. Gordon REBOUND (Off:2 Def:3),[203932],1610612743.0,DEN,,,,Gordon,A. Gordon,,,,,,,,,,,593.0,5.0,3.0,2.0,,,,,,,,,,,
595,PT05M36.00S,2021-12-10T03:31:04.6Z,4,REGULAR,3pt,Jump Shot,[],1628420,94.30026281208936,96.32352941176471,1610612743,111,104,2021-12-10T03:31:09Z,5890000,232.0,1.0,1,right,MISS M. Morris 3PT,[1628420],1610612743.0,DEN,,,,Morris,M. Morris,,,,,23.16,Missed,,,,,,,,,,,,,,,,,,,
596,PT05M32.00S,2021-12-10T03:31:08.6Z,4,REGULAR,rebound,defensive,[],1628966,,,1610612759,111,104,2021-12-10T03:31:09Z,5900000,,,0,,K. Bates-Diop REBOUND (Off:3 Def:6),[1628966],1610612759.0,SAS,,,,Bates-Diop,K. Bates-Diop,,,,,,,,,,,595.0,9.0,6.0,3.0,,,,,,,,,,,
597,PT05M27.00S,2021-12-10T03:31:13.6Z,4,REGULAR,2pt,Layup,"['fastbreak', 'pointsinthepaint']",1628401,5.469776609724048,56.127450980392155,1610612759,113,104,2021-12-10T03:31:43Z,5910000,-31.0,-1.0,1,left,D. White driving Layup (21 PTS),[1628401],1610612759.0,SAS,driving,,,White,D. White,,,,,3.06,Made,21.0,,,,,,,,,,,,,,,,,,
598,PT05M27.00S,2021-12-10T03:31:20.9Z,4,REGULAR,timeout,full,"['team', 'mandatory']",0,,,1610612743,113,104,2021-12-10T03:31:20Z,5920000,,,0,,DEN Timeout,[],1610612743.0,DEN,,,,,,,,,,,,,,,,,,,,,,,,,,,,,,
599,PT05M27.00S,2021-12-10T03:33:43.9Z,4,REGULAR,substitution,out,[],1629022,,,1610612743,113,104,2021-12-10T03:34:02Z,5930000,,,0,,SUB out: L. Walker IV,[1629022],1610612759.0,SAS,,,,Walker IV,L. Walker IV,,,,,,,,,,,,,,,,,,,,,,,,,
600,PT05M27.00S,2021-12-10T03:33:43.9Z,4,REGULAR,substitution,out,[],1628420,,,1610612743,113,104,2021-12-10T03:34:02Z,5940000,,,0,,SUB out: M. Morris,[1628420],1610612743.0,DEN,,,,Morris,M. Morris,,,,,,,,,,,,,,,,,,,,,,,,,
601,PT05M27.00S,2021-12-10T03:33:43.9Z,4,REGULAR,substitution,in,[],1627749,,,1610612743,113,104,2021-12-10T03:34:02Z,5950000,,,0,,SUB in: D. Murray,[1627749],1610612759.0,SAS,,,,Murray,D. Murray,,,,,,,,,,,,,,,,,,,,,,,,,
602,PT05M27.00S,2021-12-10T03:33:43.9Z,4,REGULAR,substitution,in,[],201145,,,1610612743,113,104,2021-12-10T03:34:02Z,5960000,,,0,,SUB in: J. Green,[201145],1610612743.0,DEN,,,,Green,J. Green,,,,,,,,,,,,,,,,,,,,,,,,,
603,PT05M27.00S,2021-12-10T03:34:18.3Z,4,REGULAR,substitution,out,[],1630267,,,1610612743,113,104,2021-12-10T03:34:21Z,5970000,,,0,,SUB out: F. Campazzo,[1630267],1610612743.0,DEN,,,,Campazzo,F. Campazzo,,,,,,,,,,,,,,,,,,,,,,,,,
604,PT05M27.00S,2021-12-10T03:34:18.3Z,4,REGULAR,substitution,in,[],1628420,,,1610612743,113,104,2021-12-10T03:34:21Z,5980000,,,0,,SUB in: M. Morris,[1628420],1610612743.0,DEN,,,,Morris,M. Morris,,,,,,,,,,,,,,,,,,,,,,,,,
605,PT05M12.00S,2021-12-10T03:34:27.1Z,4,REGULAR,2pt,Jump Shot,[],203999,76.5604467805519,50.49019607843137,1610612743,113,104,2021-12-10T03:34:40Z,5990000,2.0,168.0,1,right,MISS N. Jokic 16' Jump Shot,[203999],1610612743.0,DEN,,,,Jokic,N. Jokic,,,,,16.78,Missed,,,,,,,,,,,,,,,,,,,
606,PT05M08.00S,2021-12-10T03:34:31.6Z,4,REGULAR,rebound,defensive,[],1628401,,,1610612759,113,104,2021-12-10T03:34:31Z,6000000,,,0,,D. White REBOUND (Off:0 Def:6),[1628401],1610612759.0,SAS,,,,White,D. White,,,,,,,,,,,605.0,6.0,6.0,0.0,,,,,,,,,,,
607,PT04M58.00S,2021-12-10T03:34:42.1Z,4,REGULAR,2pt,Layup,['pointsinthepaint'],1628401,8.09789750328515,44.36274509803921,1610612759,115,104,2021-12-10T03:36:12Z,6010000,28.0,24.0,1,left,D. White driving Layup (23 PTS) (D. Murray 8 AST),"[1628401, 1627749]",1610612759.0,SAS,driving,,,White,D. White,,,,,3.68,Made,23.0,D. Murray,1627749.0,8.0,,,,,,,,,,,,,,,
609,PT04M43.00S,2021-12-10T03:34:56.9Z,4,REGULAR,3pt,Jump Shot,[],203115,92.85479632063075,2.450980392156863,1610612743,115,107,2021-12-10T03:35:01Z,6030000,-238.0,15.0,1,right,W. Barton 3PT  (19 PTS) (N. Jokic 9 AST),"[203115, 203999]",1610612743.0,DEN,,,,Barton,W. Barton,,,,,23.82,Made,19.0,N. Jokic,203999.0,9.0,,,,,,,,,,,,,,,
611,PT04M31.00S,2021-12-10T03:35:08.2Z,4,REGULAR,3pt,Jump Shot,[],1628401,24.78646517739816,11.76470588235294,1610612759,115,107,2021-12-10T03:35:13Z,6050000,191.0,180.0,1,left,MISS D. White 26' 3PT,[1628401],1610612759.0,SAS,,,,White,D. White,,,,,26.29,Missed,,,,,,,,,,,,,,,,,,,
612,PT04M28.00S,2021-12-10T03:35:11.2Z,4,REGULAR,rebound,defensive,[],203999,,,1610612743,115,107,2021-12-10T03:35:13Z,6060000,,,0,,N. Jokic REBOUND (Off:2 Def:10),[203999],1610612743.0,DEN,,,,Jokic,N. Jokic,,,,,,,,,,,611.0,12.0,10.0,2.0,,,,,,,,,,,
613,PT04M18.00S,2021-12-10T03:35:21.9Z,4,REGULAR,turnover,bad pass,[],203115,,,1610612743,115,107,2021-12-10T03:35:29Z,6070000,,,0,,W. Barton bad pass TURNOVER (2 TO),"[203115, 1627749]",1610612743.0,DEN,,,,Barton,W. Barton,,,,,,,,,,,,,,,2.0,Murray,1627749.0,,,,,,,,
614,PT04M18.00S,2021-12-10T03:35:21.9Z,4,REGULAR,steal,,[],1627749,,,1610612759,115,107,2021-12-10T03:35:24Z,6080000,,,0,,D. Murray STEAL (1 STL),[1627749],1610612759.0,SAS,,,,Murray,D. Murray,,,,,,,,,,,,,,,,,,,,,,,,,
615,PT04M16.00S,2021-12-10T03:35:26.6Z,4,REGULAR,foul,personal,['2freethrow'],201145,,,1610612759,115,107,2021-12-10T03:35:40Z,6090000,,,0,,J. Green shooting personal FOUL (5 PF) (Murray 2 FT),"[201145, 1627749]",1610612743.0,DEN,shooting,,,Green,J. Green,,,,,,,,,,,,,,,,,,,,1628159.0,5.0,0.0,Murray,1627749.0,
617,PT04M16.00S,2021-12-10T03:35:56.9Z,4,REGULAR,freethrow,1 of 2,"['fromturnover', 'fastbreak']",1627749,,,1610612759,116,107,2021-12-10T03:36:13Z,6110000,,,0,,D. Murray Free Throw 1 of 2 (16 PTS),[1627749],1610612759.0,SAS,,,,Murray,D. Murray,,,,,,Made,16.0,,,,,,,,,,,,,,,,,,
618,PT04M16.00S,2021-12-10T03:35:56.9Z,4,REGULAR,freethrow,2 of 2,"['fastbreak', 'fromturnover']",1627749,,,1610612759,116,107,2021-12-10T03:36:13Z,6120000,,,0,,MISS D. Murray Free Throw 2 of 2,[1627749],1610612759.0,SAS,,,,Murray,D. Murray,,,,,,Missed,,,,,,,,,,,,,,,,,,,
619,PT04M12.00S,2021-12-10T03:36:00.9Z,4,REGULAR,rebound,defensive,[],203999,,,1610612743,116,107,2021-12-10T03:36:13Z,6130000,,,0,,N. Jokic REBOUND (Off:2 Def:11),[203999],1610612743.0,DEN,,,,Jokic,N. Jokic,,,,,,,,,,,618.0,13.0,11.0,2.0,,,,,,,,,,,
620,PT03M57.00S,2021-12-10T03:36:29.6Z,4,REGULAR,foul,personal,[],1627751,,,1610612743,116,107,2021-12-10T03:36:43Z,6140000,,,0,,J. Poeltl personal FOUL (5 PF),"[1627751, 203999]",1610612759.0,SAS,,,,Poeltl,J. Poeltl,,,,,,,,,,,,,,,,,,,,1628159.0,5.0,0.0,Jokic,203999.0,
622,PT03M52.00S,2021-12-10T03:36:51.5Z,4,REGULAR,2pt,Jump Shot,['pointsinthepaint'],201145,88.91261498028909,51.71568627450981,1610612743,116,107,2021-12-10T03:37:02Z,6160000,9.0,52.0,1,right,MISS J. Green floating Shot,[201145],1610612743.0,DEN,floating,,,Green,J. Green,,,,,5.24,Missed,,,,,,,,,,,,,,,,,,,
623,PT03M52.00S,2021-12-10T03:36:51.5Z,4,REGULAR,rebound,offensive,['team'],0,,,1610612743,116,107,2021-12-10T03:37:02Z,6170000,,,0,,TEAM offensive REBOUND,[],1610612743.0,DEN,,,,,,,,,,,,,,,,622.0,,,,,,,,,,,,,,
624,PT03M52.00S,2021-12-10T03:36:56.7Z,4,REGULAR,stoppage,out-of-bounds,[],0,,,1610612743,116,107,2021-12-10T03:36:56Z,6180000,,,0,,,[],,,,,,,,,,,,,,,,,,,,,,,,,,,,,,,,
625,PT03M48.00S,2021-12-10T03:37:10.4Z,4,REGULAR,2pt,Jump Shot,['2ndchance'],1628420,85.89027595269383,32.84313725490196,1610612743,116,109,2021-12-10T03:38:34Z,6190000,-86.0,80.0,1,right,M. Morris 11' driving floating Jump Shot (13 PTS) (N. Jokic 10 AST),"[1628420, 203999]",1610612743.0,DEN,driving floating,,,Morris,M. Morris,,,,,11.74,Made,13.0,N. Jokic,203999.0,10.0,,,,,,,,,,,,,,,
627,PT03M32.00S,2021-12-10T03:37:28.3Z,4,REGULAR,2pt,Layup,['pointsinthepaint'],1627751,7.178055190538765,48.529411764705884,1610612759,118,109,2021-12-10T03:39:01Z,6210000,7.0,15.0,1,left,J. Poeltl cutting finger roll Layup (8 PTS) (D. Murray 9 AST),"[1627751, 1627749]",1610612759.0,SAS,cutting finger roll,,,Poeltl,J. Poeltl,,,,,1.67,Made,8.0,D. Murray,1627749.0,9.0,,,,,,,,,,,,,,,
629,PT03M32.00S,2021-12-10T03:37:32.6Z,4,REGULAR,foul,personal,['1freethrow'],201145,,,1610612759,118,109,2021-12-10T03:37:46Z,6230000,,,0,,J. Green shooting personal FOUL (6 PF) (Poeltl 1 FT),"[201145, 1627751]",1610612743.0,DEN,shooting,,,Green,J. Green,,,,,,,,,,,,,,,,,,,,1628159.0,6.0,0.0,Poeltl,1627751.0,
631,PT03M32.00S,2021-12-10T03:38:01.6Z,4,REGULAR,substitution,out,[],201145,,,1610612759,118,109,2021-12-10T03:38:34Z,6250000,,,0,,SUB out: J. Green,[201145],1610612743.0,DEN,,,,Green,J. Green,,,,,,,,,,,,,,,,,,,,,,,,,
632,PT03M32.00S,2021-12-10T03:38:01.6Z,4,REGULAR,substitution,in,[],1630267,,,1610612759,118,109,2021-12-10T03:38:34Z,6260000,,,0,,SUB in: F. Campazzo,[1630267],1610612743.0,DEN,,,,Campazzo,F. Campazzo,,,,,,,,,,,,,,,,,,,,,,,,,
633,PT03M32.00S,2021-12-10T03:38:23.4Z,4,REGULAR,freethrow,1 of 1,[],1627751,,,1610612759,119,109,2021-12-10T03:38:23Z,6270000,,,0,,J. Poeltl Free Throw 1 of 1 (9 PTS),[1627751],1610612759.0,SAS,,,,Poeltl,J. Poeltl,,,,,,Made,9.0,,,,,,,,,,,,,,,,,,
634,PT03M32.00S,2021-12-10T03:38:29.4Z,4,REGULAR,timeout,full,['team'],0,,,1610612743,119,109,2021-12-10T03:38:29Z,6280000,,,0,,DEN Timeout,[],1610612743.0,DEN,,,,,,,,,,,,,,,,,,,,,,,,,,,,,,
635,PT03M11.00S,2021-12-10T03:40:20.8Z,4,REGULAR,turnover,out-of-bounds,[],1628420,,,1610612743,119,109,2021-12-10T03:40:39Z,6290000,,,0,,M. Morris bad pass out-of-bounds TURNOVER (1 TO),[1628420],1610612743.0,DEN,bad pass,,,Morris,M. Morris,,,,,,,,,,,,,,,1.0,,,,,1628159.0,,,,,
636,PT02M51.00S,2021-12-10T03:40:48.3Z,4,REGULAR,2pt,Layup,"['pointsinthepaint', 'fromturnover']",1627749,7.966491458607096,47.794117647058826,1610612759,121,109,2021-12-10T03:41:35Z,6300000,11.0,22.0,1,left,D. Murray driving finger roll Layup (18 PTS) (J. Poeltl 6 AST),"[1627749, 1627751]",1610612759.0,SAS,driving finger roll,,,Murray,D. Murray,,,,,2.5,Made,18.0,J. Poeltl,1627751.0,6.0,,,,,,,,,,,,,,,
638,PT02M36.00S,2021-12-10T03:41:05.0Z,4,REGULAR,foul,offensive,[],203932,,,1610612743,121,109,2021-12-10T03:41:29Z,6320000,,,0,,A. Gordon charge offensive FOUL (2 PF),"[203932, 1628401]",1610612743.0,DEN,charge,,,Gordon,A. Gordon,,,,,,,,,,,,,,,,,,,,202041.0,2.0,0.0,White,1628401.0,
640,PT02M36.00S,2021-12-10T03:41:05.0Z,4,REGULAR,turnover,offensive foul,[],203932,,,1610612743,121,109,2021-12-10T03:41:05Z,6340000,,,0,,A. Gordon offensive foul TURNOVER (1 TO),[203932],1610612743.0,DEN,,,,Gordon,A. Gordon,,,,,,,,,,,,,,,1.0,,,,,202041.0,,,,,
641,PT02M36.00S,2021-12-10T03:41:22.0Z,4,REGULAR,violation,delay-of-game,['team'],0,,,1610612759,121,109,2021-12-10T03:41:33Z,6350000,,,0,,TEAM delay-of-game VIOLATION,[],1610612743.0,DEN,,,,,,,,,,,,,,,,,,,,,,,,,204059.0,,,,,
642,PT02M24.00S,2021-12-10T03:41:40.0Z,4,REGULAR,2pt,Jump Shot,"['pointsinthepaint', 'fromturnover']",1627749,14.4053876478318,64.4607843137255,1610612759,123,109,2021-12-10T03:42:40Z,6360000,-72.0,83.0,1,left,D. Murray 11' driving floating Jump Shot (20 PTS) (J. Poeltl 7 AST),"[1627749, 1627751]",1610612759.0,SAS,driving floating,,,Murray,D. Murray,,,,,11.0,Made,20.0,J. Poeltl,1627751.0,7.0,,,,,,,,,,,,,,,
644,PT02M03.00S,2021-12-10T03:42:00.3Z,4,REGULAR,3pt,Jump Shot,[],203115,90.09526938239159,3.431372549019608,1610612743,123,109,2021-12-10T03:42:07Z,6380000,-233.0,41.0,1,right,MISS W. Barton step back 3PT,[203115],1610612743.0,DEN,step back,,,Barton,W. Barton,,,,,23.63,Missed,,,,,,,,,,,,,,,,,,,
645,PT02M01.00S,2021-12-10T03:42:02.3Z,4,REGULAR,rebound,defensive,[],203926,,,1610612759,123,109,2021-12-10T03:42:07Z,6390000,,,0,,D. McDermott REBOUND (Off:0 Def:3),[203926],1610612759.0,SAS,,,,McDermott,D. McDermott,,,,,,,,,,,644.0,3.0,3.0,0.0,,,,,,,,,,,
646,PT01M49.00S,2021-12-10T03:42:15.0Z,4,REGULAR,3pt,Jump Shot,[],1627749,29.122864651773984,79.16666666666666,1610612759,123,109,2021-12-10T03:42:22Z,6400000,-146.0,221.0,1,left,MISS D. Murray 26' pullup 3PT,[1627749],1610612759.0,SAS,pullup,,,Murray,D. Murray,,,,,26.5,Missed,,,,,,,,,,,,,,,,,,,
647,PT01M44.00S,2021-12-10T03:42:20.0Z,4,REGULAR,rebound,defensive,[],203115,,,1610612743,123,109,2021-12-10T03:42:22Z,6410000,,,0,,W. Barton REBOUND (Off:0 Def:3),[203115],1610612743.0,DEN,,,,Barton,W. Barton,,,,,,,,,,,646.0,3.0,3.0,0.0,,,,,,,,,,,
648,PT01M37.00S,2021-12-10T03:42:25.8Z,4,REGULAR,3pt,Jump Shot,[],203115,72.48685939553219,17.401960784313726,1610612743,123,109,2021-12-10T03:42:31Z,6420000,-163.0,206.0,1,right,MISS W. Barton 26' 3PT,[203115],1610612743.0,DEN,,,,Barton,W. Barton,,,,,26.28,Missed,,,,,,,,,,,,,,,,,,,
649,PT01M34.00S,2021-12-10T03:42:28.8Z,4,REGULAR,rebound,defensive,[],1627751,,,1610612759,123,109,2021-12-10T03:42:31Z,6430000,,,0,,J. Poeltl REBOUND (Off:6 Def:3),[1627751],1610612759.0,SAS,,,,Poeltl,J. Poeltl,,,,,,,,,,,648.0,9.0,3.0,6.0,,,,,,,,,,,
650,PT01M18.00S,2021-12-10T03:42:45.3Z,4,REGULAR,turnover,bad pass,[],1627749,,,1610612759,123,109,2021-12-10T03:42:50Z,6440000,,,0,,D. Murray bad pass TURNOVER (5 TO),"[1627749, 203999]",1610612759.0,SAS,,,,Murray,D. Murray,,,,,,,,,,,,,,,5.0,Jokic,203999.0,,,,,,,,
651,PT01M18.00S,2021-12-10T03:42:45.3Z,4,REGULAR,steal,,[],203999,,,1610612743,123,109,2021-12-10T03:42:47Z,6450000,,,0,,N. Jokic STEAL (2 STL),[203999],1610612743.0,DEN,,,,Jokic,N. Jokic,,,,,,,,,,,,,,,,,,,,,,,,,
652,PT01M14.00S,2021-12-10T03:42:50.0Z,4,REGULAR,turnover,lost ball,[],203115,,,1610612743,123,109,2021-12-10T03:42:55Z,6460000,,,0,,W. Barton lost ball TURNOVER (3 TO),"[203115, 1628401]",1610612743.0,DEN,,,,Barton,W. Barton,,,,,,,,,,,,,,,3.0,White,1628401.0,,,,,,,,
653,PT01M14.00S,2021-12-10T03:42:50.0Z,4,REGULAR,steal,,[],1628401,,,1610612759,123,109,2021-12-10T03:42:52Z,6470000,,,0,,D. White STEAL (1 STL),[1628401],1610612759.0,SAS,,,,White,D. White,,,,,,,,,,,,,,,,,,,,,,,,,
654,PT00M55.30S,2021-12-10T03:43:09.2Z,4,REGULAR,3pt,Jump Shot,['fromturnover'],1627749,15.588042049934298,96.07843137254902,1610612759,123,109,2021-12-10T03:43:14Z,6480000,-230.0,94.0,1,left,MISS D. Murray 24' 3PT,[1627749],1610612759.0,SAS,,,,Murray,D. Murray,,,,,24.88,Missed,,,,,,,,,,,,,,,,,,,
655,PT00M51.70S,2021-12-10T03:43:12.8Z,4,REGULAR,rebound,defensive,[],203932,,,1610612743,123,109,2021-12-10T03:43:14Z,6490000,,,0,,A. Gordon REBOUND (Off:2 Def:4),[203932],1610612743.0,DEN,,,,Gordon,A. Gordon,,,,,,,,,,,654.0,6.0,4.0,2.0,,,,,,,,,,,
656,PT00M42.90S,2021-12-10T03:43:26.7Z,4,REGULAR,foul,personal,['3freethrow'],1627749,,,1610612743,123,109,2021-12-10T03:43:40Z,6500000,,,0,,D. Murray shooting personal FOUL (3 PF) (Gordon 3 FT),"[1627749, 203932]",1610612759.0,SAS,shooting,,,Murray,D. Murray,,,,,,,,,,,,,,,,,,,,1628159.0,3.0,0.0,Gordon,203932.0,
658,PT00M42.90S,2021-12-10T03:44:20.1Z,4,REGULAR,freethrow,1 of 3,[],203932,,,1610612743,123,110,2021-12-10T03:45:09Z,6520000,,,0,,A. Gordon Free Throw 1 of 3 (24 PTS),[203932],1610612743.0,DEN,,,,Gordon,A. Gordon,,,,,,Made,24.0,,,,,,,,,,,,,,,,,,
659,PT00M42.90S,2021-12-10T03:44:20.1Z,4,REGULAR,freethrow,2 of 3,[],203932,,,1610612743,123,111,2021-12-10T03:45:09Z,6530000,,,0,,A. Gordon Free Throw 2 of 3 (25 PTS),[203932],1610612743.0,DEN,,,,Gordon,A. Gordon,,,,,,Made,25.0,,,,,,,,,,,,,,,,,,
660,PT00M42.90S,2021-12-10T03:44:43.6Z,4,REGULAR,substitution,out,[],1628401,,,1610612743,123,111,2021-12-10T03:45:02Z,6540000,,,0,,SUB out: D. White,[1628401],1610612759.0,SAS,,,,White,D. White,,,,,,,,,,,,,,,,,,,,,,,,,
661,PT00M42.90S,2021-12-10T03:44:43.6Z,4,REGULAR,substitution,out,[],1627749,,,1610612743,123,111,2021-12-10T03:45:02Z,6550000,,,0,,SUB out: D. Murray,[1627749],1610612759.0,SAS,,,,Murray,D. Murray,,,,,,,,,,,,,,,,,,,,,,,,,
662,PT00M42.90S,2021-12-10T03:44:43.6Z,4,REGULAR,substitution,out,[],203926,,,1610612743,123,111,2021-12-10T03:45:02Z,6560000,,,0,,SUB out: D. McDermott,[203926],1610612759.0,SAS,,,,McDermott,D. McDermott,,,,,,,,,,,,,,,,,,,,,,,,,
663,PT00M42.90S,2021-12-10T03:44:43.6Z,4,REGULAR,substitution,out,[],1627751,,,1610612743,123,111,2021-12-10T03:45:02Z,6570000,,,0,,SUB out: J. Poeltl,[1627751],1610612759.0,SAS,,,,Poeltl,J. Poeltl,,,,,,,,,,,,,,,,,,,,,,,,,
664,PT00M42.90S,2021-12-10T03:44:43.6Z,4,REGULAR,substitution,out,[],203115,,,1610612743,123,111,2021-12-10T03:45:02Z,6580000,,,0,,SUB out: W. Barton,[203115],1610612743.0,DEN,,,,Barton,W. Barton,,,,,,,,,,,,,,,,,,,,,,,,,
665,PT00M42.90S,2021-12-10T03:44:43.6Z,4,REGULAR,substitution,out,[],1628420,,,1610612743,123,111,2021-12-10T03:45:02Z,6590000,,,0,,SUB out: M. Morris,[1628420],1610612743.0,DEN,,,,Morris,M. Morris,,,,,,,,,,,,,,,,,,,,,,,,,
666,PT00M42.90S,2021-12-10T03:44:43.6Z,4,REGULAR,substitution,out,[],203999,,,1610612743,123,111,2021-12-10T03:45:02Z,6600000,,,0,,SUB out: N. Jokic,[203999],1610612743.0,DEN,,,,Jokic,N. Jokic,,,,,,,,,,,,,,,,,,,,,,,,,
667,PT00M42.90S,2021-12-10T03:44:43.6Z,4,REGULAR,substitution,in,[],1629234,,,1610612743,123,111,2021-12-10T03:45:02Z,6610000,,,0,,SUB in: D. Eubanks,[1629234],1610612759.0,SAS,,,,Eubanks,D. Eubanks,,,,,,,,,,,,,,,,,,,,,,,,,
668,PT00M42.90S,2021-12-10T03:44:43.6Z,4,REGULAR,substitution,in,[],1630563,,,1610612743,123,111,2021-12-10T03:45:02Z,6620000,,,0,,SUB in: J. Primo,[1630563],1610612759.0,SAS,,,,Primo,J. Primo,,,,,,,,,,,,,,,,,,,,,,,,,
669,PT00M42.90S,2021-12-10T03:44:43.6Z,4,REGULAR,substitution,in,[],1630170,,,1610612743,123,111,2021-12-10T03:45:02Z,6630000,,,0,,SUB in: D. Vassell,[1630170],1610612759.0,SAS,,,,Vassell,D. Vassell,,,,,,,,,,,,,,,,,,,,,,,,,
670,PT00M42.90S,2021-12-10T03:44:43.6Z,4,REGULAR,substitution,in,[],1630200,,,1610612743,123,111,2021-12-10T03:45:02Z,6640000,,,0,,SUB in: T. Jones,[1630200],1610612759.0,SAS,,,,Jones,T. Jones,,,,,,,,,,,,,,,,,,,,,,,,,
671,PT00M42.90S,2021-12-10T03:44:43.6Z,4,REGULAR,substitution,in,[],1628432,,,1610612743,123,111,2021-12-10T03:45:02Z,6650000,,,0,,SUB in: D. Reed,[1628432],1610612743.0,DEN,,,,Reed,D. Reed,,,,,,,,,,,,,,,,,,,,,,,,,
672,PT00M42.90S,2021-12-10T03:44:43.6Z,4,REGULAR,substitution,in,[],1630210,,,1610612743,123,111,2021-12-10T03:45:02Z,6660000,,,0,,SUB in: M. Howard,[1630210],1610612743.0,DEN,,,,Howard,M. Howard,,,,,,,,,,,,,,,,,,,,,,,,,
673,PT00M42.90S,2021-12-10T03:44:43.6Z,4,REGULAR,substitution,in,[],1627822,,,1610612743,123,111,2021-12-10T03:45:02Z,6670000,,,0,,SUB in: P. Cornelie,[1627822],1610612743.0,DEN,,,,Cornelie,P. Cornelie,,,,,,,,,,,,,,,,,,,,,,,,,
674,PT00M42.90S,2021-12-10T03:44:20.1Z,4,REGULAR,freethrow,3 of 3,[],203932,,,1610612743,123,111,2021-12-10T03:45:09Z,6680000,,,0,,MISS A. Gordon Free Throw 3 of 3,[203932],1610612743.0,DEN,,,,Gordon,A. Gordon,,,,,,Missed,,,,,,,,,,,,,,,,,,,
675,PT00M39.10S,2021-12-10T03:44:23.9Z,4,REGULAR,rebound,defensive,[],1629234,,,1610612759,123,111,2021-12-10T03:45:09Z,6690000,,,0,,D. Eubanks REBOUND (Off:1 Def:5),[1629234],1610612759.0,SAS,,,,Eubanks,D. Eubanks,,,,,,,,,,,674.0,6.0,5.0,1.0,,,,,,,,,,,
676,PT00M17.00S,2021-12-10T03:45:30.1Z,4,REGULAR,turnover,shot clock,['team'],0,,,1610612759,123,111,2021-12-10T03:45:39Z,6700000,,,0,,SAS shot clock Team TURNOVER,[],1610612759.0,SAS,,,,,,,,,,,,,,,,,,,,,,,,,204059.0,,,,,
677,PT00M00.00S,2021-12-10T03:46:04.2Z,4,REGULAR,period,end,[],0,,,1610612743,123,111,2021-12-10T03:46:04Z,6710000,,,0,,Period End,[],,,,,,,,,,,,,,,,,,,,,,,,,,,,,,,,
678,PT00M00.00S,2021-12-10T03:46:08.3Z,4,REGULAR,game,end,[],0,,,0,123,111,2021-12-10T03:46:08Z,6720000,,,0,,Game End,[],,,,,,,,,,,,,,,,,,,,,,,,,,,,,,,,
