actionNumber,clock,timeActual,period,periodType,actionType,subType,qualifiers,personId,x,y,possession,scoreHome,scoreAway,edited,orderNumber,isTargetScoreLastPeriod,xLegacy,yLegacy,isFieldGoal,side,description,personIdsFilter,teamId,teamTricode,descriptor,jumpBallRecoveredName,jumpBallRecoverdPersonId,playerName,playerNameI,jumpBallWonPlayerName,jumpBallWonPersonId,jumpBallLostPlayerName,jumpBallLostPersonId,area,areaDetail,shotDistance,shotResult,shotActionNumber,reboundTotal,reboundDefensiveTotal,reboundOffensiveTotal,pointsTotal,assistPlayerNameInitial,assistPersonId,assistTotal,officialId,turnoverTotal,foulPersonalTotal,foulTechnicalTotal,foulDrawnPlayerName,foulDrawnPersonId,blockPlayerName,blockPersonId,stealPlayerName,stealPersonId
2,PT12M00.00S,2026-03-28T02:12:03.9Z,1,REGULAR,period,start,[],0,,,0,0,0,2026-03-28T02:12:03Z,20000,False,,,0,,Period Start,[],,,,,,,,,,,,,,,,,,,,,,,,,,,,,,,,,
4,PT11M56.00S,2026-03-28T02:12:06.8Z,1,REGULAR,jumpball,recovered,[],1642843,,,1610612742,0,0,2026-03-28T02:12:06Z,40000,False,,,0,,Jump Ball D. Powell vs. D. Clingan: Tip to C. Flagg,"[1642843, 203939, 1642270]",1610612742.0,DAL,startperiod,C. Flagg,1642843.0,Flagg,C. Flagg,Powell,203939.0,Clingan,1642270.0,,,,,,,,,,,,,,,,,,,,,,
7,PT11M44.00S,2026-03-28T02:12:18.5Z,1,REGULAR,3pt,Jump Shot,[],1629023,6.783837056504599,96.32352941176471,1610612742,0,0,2026-03-28T02:12:22Z,70000,False,-232.0,11.0,1,left,MISS P. Washington 3PT,[1629023],1610612742.0,DAL,,,,Washington,P. Washington,,,,,Left Corner 3,24+ Left,23.19,Missed,,,,,,,,,,,,,,,,,,
8,PT11M41.00S,2026-03-28T02:12:21.5Z,1,REGULAR,rebound,defensive,[],1630166,,,1610612757,0,0,2026-03-28T02:12:22Z,80000,False,,,0,,D. Avdija REBOUND (Off:0 Def:1),[1630166],1610612757.0,POR,,,,Avdija,D. Avdija,,,,,Left Corner 3,24+ Left,,,7.0,1.0,1.0,0.0,,,,,,,,,,,,,,
9,PT11M34.00S,2026-03-28T02:12:28.4Z,1,REGULAR,2pt,Jump Shot,['pointsinthepaint'],203924,85.49605781865965,52.20588235294118,1610612757,0,0,2026-03-28T02:12:32Z,90000,False,11.0,84.0,1,right,MISS J. Grant 8' driving floating Shot,[203924],1610612757.0,POR,driving floating,,,Grant,J. Grant,,,,,In The Paint (Non-RA),8-16 Center,8.45,Missed,,,,,,,,,,,,,,,,,,
10,PT11M33.00S,2026-03-28T02:12:29.4Z,1,REGULAR,rebound,defensive,[],203939,,,1610612742,0,0,2026-03-28T02:12:32Z,100000,False,,,0,,D. Powell REBOUND (Off:0 Def:1),[203939],1610612742.0,DAL,,,,Powell,D. Powell,,,,,In The Paint (Non-RA),8-16 Center,,,9.0,1.0,1.0,0.0,,,,,,,,,,,,,,
11,PT11M13.00S,2026-03-28T02:12:50.5Z,1,REGULAR,2pt,Layup,['pointsinthepaint'],1642843,5.469776609724048,47.549019607843135,1610612742,0,2,2026-03-28T02:12:54Z,110000,False,12.0,-1.0,1,left,C. Flagg cutting Layup (2 PTS) (D. Powell 1 AST),"[1642843, 203939]",1610612742.0,DAL,cutting,,,Flagg,C. Flagg,,,,,Restricted Area,0-8 Center,1.23,Made,,,,,2.0,D. Powell,203939.0,1.0,,,,,,,,,,
13,PT10M48.00S,2026-03-28T02:13:18.3Z,1,REGULAR,turnover,out-of-bounds,[],1642270,,,1610612757,0,2,2026-03-28T02:13:26Z,130000,False,,,0,,D. Clingan lost ball out-of-bounds TURNOVER (1 TO),[1642270],1610612757.0,POR,lost ball,,,Clingan,D. Clingan,,,,,Mid-Range,8-16 Right,,,,,,,,,,,1628951.0,1.0,,,,,,,,
14,PT10M25.00S,2026-03-28T02:13:51.8Z,1,REGULAR,2pt,Layup,"['pointsinthepaint', 'fromturnover']",203939,6.521024967148489,48.28431372549019,1610612742,0,4,2026-03-28T02:14:29Z,140000,False,9.0,9.0,1,left,D. Powell cutting Layup (2 PTS) (M. Christie 1 AST),"[203939, 1631108]",1610612742.0,DAL,cutting,,,Powell,D. Powell,,,,,Restricted Area,0-8 Center,1.23,Made,,,,,2.0,M. Christie,1631108.0,1.0,,,,,,,,,,
16,PT10M19.00S,2026-03-28T02:13:59.6Z,1,REGULAR,foul,personal,['2freethrow'],1631108,,,1610612757,0,4,2026-03-28T02:14:09Z,160000,False,,,0,,M. Christie shooting personal FOUL (1 PF) (Grant 2 FT),"[1631108, 203924]",1610612742.0,DAL,shooting,,,Christie,M. Christie,,,,,Restricted Area,0-8 Center,,,,,,,,,,,202007.0,,1.0,0.0,Grant,203924.0,,,,
18,PT10M19.00S,2026-03-28T02:14:27.9Z,1,REGULAR,freethrow,1 of 2,[],203924,,,1610612757,1,4,2026-03-28T02:14:27Z,180000,False,,,0,,J. Grant Free Throw 1 of 2 (1 PTS),[203924],1610612757.0,POR,,,,Grant,J. Grant,,,,,,,,Made,,,,,1.0,,,,,,,,,,,,,
19,PT10M19.00S,2026-03-28T02:14:44.6Z,1,REGULAR,freethrow,2 of 2,[],203924,,,1610612757,2,4,2026-03-28T02:14:44Z,190000,False,,,0,,J. Grant Free Throw 2 of 2 (2 PTS),[203924],1610612757.0,POR,,,,Grant,J. Grant,,,,,,,,Made,,,,,2.0,,,,,,,,,,,,,
20,PT10M11.00S,2026-03-28T02:14:59.9Z,1,REGULAR,turnover,out-of-bounds,[],203939,,,1610612742,2,4,2026-03-28T02:15:06Z,200000,False,,,0,,D. Powell bad pass out-of-bounds TURNOVER (1 TO),[203939],1610612742.0,DAL,bad pass,,,Powell,D. Powell,,,,,Above the Break 3,24+ Center,,,,,,,,,,,202007.0,1.0,,,,,,,,
21,PT10M04.00S,2026-03-28T02:15:14.7Z,1,REGULAR,foul,personal,['2freethrow'],203939,,,1610612757,2,4,2026-03-28T02:15:26Z,210000,False,,,0,,D. Powell shooting personal FOUL (1 PF) (Avdija 2 FT),"[203939, 1630166]",1610612742.0,DAL,shooting,,,Powell,D. Powell,,,,,Restricted Area,0-8 Center,,,,,,,,,,,1627539.0,,1.0,0.0,Avdija,1630166.0,,,,
23,PT10M04.00S,2026-03-28T02:15:39.0Z,1,REGULAR,freethrow,1 of 2,['fromturnover'],1630166,,,1610612757,2,4,2026-03-28T02:15:39Z,230000,False,,,0,,MISS D. Avdija Free Throw 1 of 2,[1630166],1610612757.0,POR,,,,Avdija,D. Avdija,,,,,,,,Missed,,,,,,,,,,,,,,,,,,
24,PT10M04.00S,2026-03-28T02:15:39.0Z,1,REGULAR,rebound,offensive,"['deadball', 'team']",0,,,1610612757,2,4,2026-03-28T02:15:39Z,240000,False,,,0,,TEAM offensive REBOUND,[],1610612757.0,POR,,,,,,,,,,,,,,23.0,,,,,,,,,,,,,,,,,
25,PT10M04.00S,2026-03-28T02:15:53.3Z,1,REGULAR,freethrow,2 of 2,['fromturnover'],1630166,,,1610612757,3,4,2026-03-28T02:15:53Z,250000,False,,,0,,D. Avdija Free Throw 2 of 2 (1 PTS),[1630166],1610612757.0,POR,,,,Avdija,D. Avdija,,,,,,,,Made,,,,,1.0,,,,,,,,,,,,,
26,PT09M52.00S,2026-03-28T02:16:10.5Z,1,REGULAR,2pt,Jump Shot,['pointsinthepaint'],1642843,11.645860709592641,50.73529411764706,1610612742,3,6,2026-03-28T02:16:25Z,260000,False,-4.0,57.0,1,left,C. Flagg driving floating Jump Shot (4 PTS),[1642843],1610612742.0,DAL,driving floating,,,Flagg,C. Flagg,,,,,In The Paint (Non-RA),0-8 Center,5.71,Made,,,,,4.0,,,,,,,,,,,,,
27,PT09M44.00S,2026-03-28T02:16:17.7Z,1,REGULAR,3pt,Jump Shot,[],201950,71.17279894875165,21.07843137254902,1610612757,6,6,2026-03-28T02:16:43Z,270000,False,-145.0,218.0,1,right,J. Holiday 26' 3PT step back (3 PTS),[201950],1610612757.0,POR,step back,,,Holiday,J. Holiday,,,,,Above the Break 3,24+ Left Center,26.2,Made,,,,,3.0,,,,,,,,,,,,,
28,PT09M30.00S,2026-03-28T02:16:30.1Z,1,REGULAR,2pt,Jump Shot,[],1642843,25.18068331143233,32.35294117647059,1610612742,6,6,2026-03-28T02:16:35Z,280000,False,88.0,184.0,1,left,MISS C. Flagg 20' pullup Shot,[1642843],1610612742.0,DAL,pullup,,,Flagg,C. Flagg,,,,,Mid-Range,16-24 Right Center,20.42,Missed,,,,,,,,,,,,,,,,,,
29,PT09M26.00S,2026-03-28T02:16:34.1Z,1,REGULAR,rebound,defensive,[],1642270,,,1610612757,6,6,2026-03-28T02:16:35Z,290000,False,,,0,,D. Clingan REBOUND (Off:0 Def:1),[1642270],1610612757.0,POR,,,,Clingan,D. Clingan,,,,,Mid-Range,16-24 Right Center,,,28.0,1.0,1.0,0.0,,,,,,,,,,,,,,
30,PT09M19.00S,2026-03-28T02:16:43.3Z,1,REGULAR,3pt,Jump Shot,[],1642270,66.96780551905388,44.36274509803921,1610612757,6,6,2026-03-28T02:17:13Z,300000,False,-28.0,258.0,1,right,MISS D. Clingan 25' 3PT,[1642270],1610612757.0,POR,,,,Clingan,D. Clingan,,,,,Above the Break 3,24+ Center,25.95,Missed,,,,,,,,,,,,,,,,,,
31,PT09M16.00S,2026-03-28T02:16:46.3Z,1,REGULAR,rebound,defensive,[],1631108,,,1610612742,6,6,2026-03-28T02:17:13Z,310000,False,,,0,,M. Christie REBOUND (Off:0 Def:1),[1631108],1610612742.0,DAL,,,,Christie,M. Christie,,,,,Above the Break 3,24+ Center,,,30.0,1.0,1.0,0.0,,,,,,,,,,,,,,
32,PT08M58.00S,2026-03-28T02:17:02.1Z,1,REGULAR,2pt,Jump Shot,[],1631108,9.411957950065702,14.705882352941178,1610612742,6,6,2026-03-28T02:17:05Z,320000,False,176.0,36.0,1,left,MISS M. Christie 18' pullup Shot,[1631108],1610612742.0,DAL,pullup,,,Christie,M. Christie,,,,,Mid-Range,16-24 Right,18.01,Missed,,,,,,,,,,,,,,,,,,
33,PT08M56.00S,2026-03-28T02:17:04.1Z,1,REGULAR,rebound,defensive,[],1630166,,,1610612757,6,6,2026-03-28T02:17:05Z,330000,False,,,0,,D. Avdija REBOUND (Off:0 Def:2),[1630166],1610612757.0,POR,,,,Avdija,D. Avdija,,,,,Mid-Range,16-24 Right,,,32.0,2.0,2.0,0.0,,,,,,,,,,,,,,
34,PT08M47.00S,2026-03-28T02:17:13.5Z,1,REGULAR,3pt,Jump Shot,[],203924,93.38042049934296,95.34313725490196,1610612757,9,6,2026-03-28T02:17:17Z,340000,False,227.0,10.0,1,right,J. Grant 3PT  (5 PTS) (D. Avdija 1 AST),"[203924, 1630166]",1610612757.0,POR,,,,Grant,J. Grant,,,,,Right Corner 3,24+ Right,22.69,Made,,,,,5.0,D. Avdija,1630166.0,1.0,,,,,,,,,,
36,PT08M25.00S,2026-03-28T02:17:35.1Z,1,REGULAR,2pt,Jump Shot,[],1630230,15.456636005256241,67.40196078431373,1610612742,9,6,2026-03-28T02:17:39Z,360000,False,-87.0,93.0,1,left,MISS N. Marshall 12' pullup Shot,[1630230],1610612742.0,DAL,pullup,,,Marshall,N. Marshall,,,,,Mid-Range,8-16 Left,12.72,Missed,,,,,,,,,,,,,,,,,,
37,PT08M23.00S,2026-03-28T02:17:37.1Z,1,REGULAR,rebound,defensive,[],201950,,,1610612757,9,6,2026-03-28T02:17:39Z,370000,False,,,0,,J. Holiday REBOUND (Off:0 Def:1),[201950],1610612757.0,POR,,,,Holiday,J. Holiday,,,,,Mid-Range,8-16 Left,,,36.0,1.0,1.0,0.0,,,,,,,,,,,,,,
58,PT08M16.00S,2026-03-28T02:17:49.9Z,1,REGULAR,turnover,out-of-bounds,[],203924,,,1610612757,9,6,2026-03-28T02:20:57Z,395000,False,,,0,,J. Grant lost ball out-of-bounds TURNOVER (1 TO),[203924],1610612757.0,POR,lost ball,,,Grant,J. Grant,,,,,Restricted Area,0-8 Center,,,,,,,,,,,1628951.0,1.0,,,,,,,,
41,PT08M08.00S,2026-03-28T02:17:58.1Z,1,REGULAR,2pt,DUNK,"['pointsinthepaint', 'fromturnover']",1642843,6.389618922470433,51.71568627450981,1610612742,9,8,2026-03-28T02:20:57Z,410000,False,-9.0,8.0,1,left,C. Flagg driving DUNK (6 PTS) (N. Marshall 1 AST),"[1642843, 1630230]",1610612742.0,DAL,driving,,,Flagg,C. Flagg,,,,,Restricted Area,0-8 Center,1.15,Made,,,,,6.0,N. Marshall,1630230.0,1.0,,,,,,,,,,
43,PT07M48.00S,2026-03-28T02:18:19.6Z,1,REGULAR,3pt,Jump Shot,[],201950,77.7431011826544,91.42156862745098,1610612757,9,8,2026-03-28T02:21:56Z,430000,False,207.0,157.0,1,right,MISS J. Holiday 25' step back 3PT - blocked,"[201950, 1631108]",1610612757.0,POR,step back,,,Holiday,J. Holiday,,,,,Above the Break 3,24+ Right Center,25.97,Missed,,,,,,,,,,,,,,,Christie,1631108.0,,
44,PT07M48.00S,2026-03-28T02:18:19.6Z,1,REGULAR,block,,[],1631108,,,1610612757,9,8,2026-03-28T02:18:36Z,440000,False,,,0,,M. Christie BLOCK (1 BLK),[1631108],1610612742.0,DAL,,,,Christie,M. Christie,,,,,Above the Break 3,24+ Right Center,,,,,,,,,,,,,,,,,,,,
45,PT07M46.00S,2026-03-28T02:18:21.6Z,1,REGULAR,rebound,defensive,[],1629023,,,1610612742,9,8,2026-03-28T02:21:56Z,450000,False,,,0,,P. Washington REBOUND (Off:0 Def:1),[1629023],1610612742.0,DAL,,,,Washington,P. Washington,,,,,Above the Break 3,24+ Right Center,,,43.0,1.0,1.0,0.0,,,,,,,,,,,,,,
46,PT07M35.00S,2026-03-28T02:18:31.4Z,1,REGULAR,2pt,Layup,['pointsinthepaint'],203939,6.1268068331143235,56.372549019607845,1610612742,9,8,2026-03-28T02:18:37Z,460000,False,-32.0,5.0,1,left,MISS D. Powell cutting Layup,[203939],1610612742.0,DAL,cutting,,,Powell,D. Powell,,,,,Restricted Area,0-8 Center,3.23,Missed,,,,,,,,,,,,,,,,,,
47,PT07M33.00S,2026-03-28T02:18:33.4Z,1,REGULAR,rebound,defensive,[],1642270,,,1610612757,9,8,2026-03-28T02:18:34Z,470000,False,,,0,,D. Clingan REBOUND (Off:0 Def:2),[1642270],1610612757.0,POR,,,,Clingan,D. Clingan,,,,,Restricted Area,0-8 Center,,,46.0,2.0,2.0,0.0,,,,,,,,,,,,,,
48,PT07M28.00S,2026-03-28T02:18:38.8Z,1,REGULAR,2pt,Jump Shot,"['pointsinthepaint', 'fastbreak']",1630166,90.22667542706965,52.69607843137255,1610612757,9,8,2026-03-28T02:18:46Z,480000,False,13.0,39.0,1,right,MISS D. Avdija running pullup Shot,[1630166],1610612757.0,POR,running pullup,,,Avdija,D. Avdija,,,,,Restricted Area,0-8 Center,4.16,Missed,,,,,,,,,,,,,,,,,,
49,PT07M27.00S,2026-03-28T02:18:39.8Z,1,REGULAR,rebound,defensive,[],203939,,,1610612742,9,8,2026-03-28T02:18:46Z,490000,False,,,0,,D. Powell REBOUND (Off:0 Def:2),[203939],1610612742.0,DAL,,,,Powell,D. Powell,,,,,Restricted Area,0-8 Center,,,48.0,2.0,2.0,0.0,,,,,,,,,,,,,,
50,PT07M18.00S,2026-03-28T02:18:48.9Z,1,REGULAR,2pt,Layup,['pointsinthepaint'],1630230,7.440867279894875,46.81372549019608,1610612742,9,10,2026-03-28T02:18:52Z,500000,False,16.0,17.0,1,left,N. Marshall driving Layup (2 PTS),[1630230],1610612742.0,DAL,driving,,,Marshall,N. Marshall,,,,,Restricted Area,0-8 Center,2.36,Made,,,,,2.0,,,,,,,,,,,,,
51,PT07M02.00S,2026-03-28T02:19:04.2Z,1,REGULAR,3pt,Jump Shot,[],1630166,73.27529566360053,15.686274509803921,1610612757,9,10,2026-03-28T02:19:08Z,510000,False,-172.0,199.0,1,right,MISS D. Avdija 26' 3PT,[1630166],1610612757.0,POR,,,,Avdija,D. Avdija,,,,,Above the Break 3,24+ Left Center,26.25,Missed,,,,,,,,,,,,,,,,,,
52,PT07M00.00S,2026-03-28T02:19:06.2Z,1,REGULAR,rebound,offensive,[],1642270,,,1610612757,9,10,2026-03-28T02:19:08Z,520000,False,,,0,,D. Clingan REBOUND (Off:1 Def:2),[1642270],1610612757.0,POR,,,,Clingan,D. Clingan,,,,,Above the Break 3,24+ Left Center,,,51.0,3.0,2.0,1.0,,,,,,,,,,,,,,
53,PT06M56.00S,2026-03-28T02:19:10.7Z,1,REGULAR,3pt,Jump Shot,['2ndchance'],1641739,95.22010512483574,3.431372549019608,1610612757,12,10,2026-03-28T02:19:15Z,530000,False,-233.0,-8.0,1,right,T. Camara 3PT  (3 PTS) (J. Holiday 1 AST),"[1641739, 201950]",1610612757.0,POR,,,,Camara,T. Camara,,,,,Left Corner 3,24+ Left,23.29,Made,,,,,3.0,J. Holiday,201950.0,1.0,,,,,,,,,,
55,PT06M31.00S,2026-03-28T02:19:37.8Z,1,REGULAR,foul,personal,['2freethrow'],1630166,,,1610612742,12,10,2026-03-28T02:19:53Z,550000,False,,,0,,D. Avdija shooting personal FOUL (1 PF) (Marshall 2 FT),"[1630166, 1630230]",1610612757.0,POR,shooting,,,Avdija,D. Avdija,,,,,In The Paint (Non-RA),8-16 Left,,,,,,,,,,,1627539.0,,1.0,0.0,Marshall,1630230.0,,,,
57,PT06M31.00S,2026-03-28T02:19:55.4Z,1,REGULAR,timeout,full,"['team', 'mandatory']",0,,,1610612742,12,10,2026-03-28T02:19:55Z,570000,False,,,0,,POR Timeout,[],1610612757.0,POR,,,,,,,,,,,,,,,,,,,,,,,,,,,,,,,
59,PT06M31.00S,2026-03-28T02:20:58.7Z,1,REGULAR,substitution,out,[],201950,,,1610612742,12,10,2026-03-28T02:22:31Z,580000,False,,,0,,SUB out: J. Holiday,[201950],1610612757.0,POR,,,,Holiday,J. Holiday,,,,,,,,,,,,,,,,,,,,,,,,,,
60,PT06M31.00S,2026-03-28T02:20:58.7Z,1,REGULAR,substitution,out,[],203939,,,1610612742,12,10,2026-03-28T02:22:31Z,590000,False,,,0,,SUB out: D. Powell,[203939],1610612742.0,DAL,,,,Powell,D. Powell,,,,,,,,,,,,,,,,,,,,,,,,,,
61,PT06M31.00S,2026-03-28T02:20:58.7Z,1,REGULAR,substitution,in,[],1630703,,,1610612742,12,10,2026-03-28T02:22:31Z,600000,False,,,0,,SUB in: S. Henderson,[1630703],1610612757.0,POR,,,,Henderson,S. Henderson,,,,,,,,,,,,,,,,,,,,,,,,,,
62,PT06M31.00S,2026-03-28T02:20:58.7Z,1,REGULAR,substitution,in,[],1628963,,,1610612742,12,10,2026-03-28T02:22:31Z,610000,False,,,0,,SUB in: M. Bagley III,[1628963],1610612742.0,DAL,,,,Bagley III,M. Bagley III,,,,,,,,,,,,,,,,,,,,,,,,,,
63,PT06M31.00S,2026-03-28T02:22:48.8Z,1,REGULAR,freethrow,1 of 2,[],1630230,,,1610612742,12,11,2026-03-28T02:22:48Z,620000,False,,,0,,N. Marshall Free Throw 1 of 2 (3 PTS),[1630230],1610612742.0,DAL,,,,Marshall,N. Marshall,,,,,,,,Made,,,,,3.0,,,,,,,,,,,,,
64,PT06M31.00S,2026-03-28T02:23:01.0Z,1,REGULAR,freethrow,2 of 2,[],1630230,,,1610612742,12,12,2026-03-28T02:23:01Z,630000,False,,,0,,N. Marshall Free Throw 2 of 2 (4 PTS),[1630230],1610612742.0,DAL,,,,Marshall,N. Marshall,,,,,,,,Made,,,,,4.0,,,,,,,,,,,,,
65,PT06M20.00S,2026-03-28T02:23:14.1Z,1,REGULAR,2pt,Layup,['pointsinthepaint'],1630166,93.51182654402102,50.49019607843137,1610612757,14,12,2026-03-28T02:23:18Z,640000,False,2.0,8.0,1,right,D. Avdija driving finger roll Layup (3 PTS) (S. Henderson 1 AST),"[1630166, 1630703]",1610612757.0,POR,driving finger roll,,,Avdija,D. Avdija,,,,,Restricted Area,0-8 Center,0.89,Made,,,,,3.0,S. Henderson,1630703.0,1.0,,,,,,,,,,
67,PT06M05.00S,2026-03-28T02:23:29.1Z,1,REGULAR,3pt,Jump Shot,[],1628963,33.065045992115635,44.11764705882353,1610612742,14,12,2026-03-28T02:23:33Z,660000,False,29.0,258.0,1,left,MISS M. Bagley III 26' 3PT,[1628963],1610612742.0,DAL,,,,Bagley III,M. Bagley III,,,,,Above the Break 3,24+ Center,26.0,Missed,,,,,,,,,,,,,,,,,,
68,PT06M00.00S,2026-03-28T02:23:34.1Z,1,REGULAR,rebound,defensive,[],1641739,,,1610612757,14,12,2026-03-28T02:23:33Z,670000,False,,,0,,T. Camara REBOUND (Off:0 Def:1),[1641739],1610612757.0,POR,,,,Camara,T. Camara,,,,,Above the Break 3,24+ Center,,,67.0,1.0,1.0,0.0,,,,,,,,,,,,,,
69,PT05M53.00S,2026-03-28T02:23:40.1Z,1,REGULAR,3pt,Jump Shot,[],1641739,69.59592641261499,15.196078431372548,1610612757,14,12,2026-03-28T02:23:44Z,680000,False,-174.0,233.0,1,right,MISS T. Camara 29' 3PT,[1641739],1610612757.0,POR,,,,Camara,T. Camara,,,,,Above the Break 3,24+ Left Center,29.1,Missed,,,,,,,,,,,,,,,,,,
70,PT05M51.00S,2026-03-28T02:23:42.1Z,1,REGULAR,rebound,defensive,[],1630230,,,1610612742,14,12,2026-03-28T02:23:44Z,690000,False,,,0,,N. Marshall REBOUND (Off:0 Def:1),[1630230],1610612742.0,DAL,,,,Marshall,N. Marshall,,,,,Above the Break 3,24+ Left Center,,,69.0,1.0,1.0,0.0,,,,,,,,,,,,,,
71,PT05M39.00S,2026-03-28T02:23:55.2Z,1,REGULAR,2pt,Layup,['pointsinthepaint'],1642843,5.469776609724048,48.03921568627451,1610612742,14,14,2026-03-28T02:23:59Z,700000,False,10.0,-1.0,1,left,C. Flagg driving finger roll Layup (8 PTS) (N. Marshall 2 AST),"[1642843, 1630230]",1610612742.0,DAL,driving finger roll,,,Flagg,C. Flagg,,,,,Restricted Area,0-8 Center,0.99,Made,,,,,8.0,N. Marshall,1630230.0,2.0,,,,,,,,,,
72,PT05M18.00S,2026-03-28T02:24:17.5Z,1,REGULAR,2pt,Layup,['pointsinthepaint'],1630703,90.88370565045992,46.81372549019608,1610612757,14,14,2026-03-28T02:29:50Z,710000,False,-16.0,33.0,1,right,MISS S. Henderson driving Layup,[1630703],1610612757.0,POR,driving,,,Henderson,S. Henderson,,,,,Restricted Area,0-8 Center,3.68,Missed,,,,,,,,,,,,,,,,,,
73,PT05M16.00S,2026-03-28T02:24:19.5Z,1,REGULAR,rebound,offensive,[],1642270,,,1610612757,14,14,2026-03-28T02:26:53Z,720000,False,,,0,,D. Clingan REBOUND (Off:2 Def:2),[1642270],1610612757.0,POR,,,,Clingan,D. Clingan,,,,,Restricted Area,0-8 Center,,,72.0,4.0,2.0,2.0,,,,,,,,,,,,,,
74,PT05M16.00S,2026-03-28T02:24:20.3Z,1,REGULAR,2pt,Layup,"['2ndchance', 'pointsinthepaint']",1642270,94.40999984741211,50.0,1610612757,14,14,2026-03-28T02:26:48Z,730000,False,0.0,0.0,1,right,MISS D. Clingan putback Layup,[1642270],1610612757.0,POR,putback,,,Clingan,D. Clingan,,,,,Restricted Area,0-8 Center,0.0,Missed,,,,,,,,,,,,,,,,,,
75,PT05M15.00S,2026-03-28T02:24:21.3Z,1,REGULAR,rebound,defensive,[],1629023,,,1610612742,14,14,2026-03-28T02:26:48Z,740000,False,,,0,,P. Washington REBOUND (Off:0 Def:2),[1629023],1610612742.0,DAL,,,,Washington,P. Washington,,,,,Restricted Area,0-8 Center,,,74.0,2.0,2.0,0.0,,,,,,,,,,,,,,
76,PT05M06.00S,2026-03-28T02:24:28.1Z,1,REGULAR,2pt,Jump Shot,['pointsinthepaint'],1629023,16.113666228646515,39.46078431372549,1610612742,14,14,2026-03-28T02:24:32Z,750000,False,53.0,99.0,1,left,MISS P. Washington 11' driving floating Shot,[1629023],1610612742.0,DAL,driving floating,,,Washington,P. Washington,,,,,In The Paint (Non-RA),8-16 Center,11.22,Missed,,,,,,,,,,,,,,,,,,
77,PT05M03.00S,2026-03-28T02:24:30.4Z,1,REGULAR,rebound,offensive,[],1629023,,,1610612742,14,14,2026-03-28T02:24:30Z,760000,False,,,0,,P. Washington REBOUND (Off:1 Def:2),[1629023],1610612742.0,DAL,,,,Washington,P. Washington,,,,,In The Paint (Non-RA),8-16 Center,,,76.0,3.0,2.0,1.0,,,,,,,,,,,,,,
78,PT04M53.00S,2026-03-28T02:24:40.8Z,1,REGULAR,2pt,Jump Shot,"['pointsinthepaint', '2ndchance']",1628963,9.543363994743759,46.568627450980394,1610612742,14,16,2026-03-28T02:24:45Z,770000,False,17.0,37.0,1,left,M. Bagley III floating Jump Shot (2 PTS) (C. Flagg 1 AST),"[1628963, 1642843]",1610612742.0,DAL,floating,,,Bagley III,M. Bagley III,,,,,Restricted Area,0-8 Center,4.1,Made,,,,,2.0,C. Flagg,1642843.0,1.0,,,,,,,,,,
81,PT04M47.00S,2026-03-28T02:24:51.8Z,1,REGULAR,2pt,Layup,['pointsinthepaint'],203924,95.0886990801577,52.20588235294118,1610612757,14,16,2026-03-28T02:25:27Z,800000,False,11.0,-6.0,1,right,MISS J. Grant driving Layup - blocked,"[203924, 1631108]",1610612757.0,POR,driving,,,Grant,J. Grant,,,,,Restricted Area,0-8 Center,1.27,Missed,,,,,,,,,,,,,,,Christie,1631108.0,,
89,PT04M47.00S,2026-03-28T02:24:51.8Z,1,REGULAR,block,,[],1631108,,,1610612757,14,16,2026-03-28T02:26:13Z,810000,False,,,0,,M. Christie BLOCK (2 BLK),[1631108],1610612742.0,DAL,,,,Christie,M. Christie,,,,,Restricted Area,0-8 Center,,,,,,,,,,,,,,,,,,,,
83,PT04M47.00S,2026-03-28T02:24:51.8Z,1,REGULAR,rebound,offensive,[],203924,,,1610612757,14,16,2026-03-28T02:28:41Z,820000,False,,,0,,J. Grant REBOUND (Off:1 Def:0),[203924],1610612757.0,POR,,,,Grant,J. Grant,,,,,Restricted Area,0-8 Center,,,81.0,1.0,0.0,1.0,,,,,,,,,,,,,,
85,PT04M39.00S,2026-03-28T02:25:37.2Z,1,REGULAR,2pt,Jump Shot,['2ndchance'],1630703,84.70762155059133,78.92156862745098,1610612757,16,16,2026-03-28T02:25:42Z,830000,False,145.0,91.0,1,right,S. Henderson 17' pullup Jump Shot (2 PTS),[1630703],1610612757.0,POR,pullup,,,Henderson,S. Henderson,,,,,Mid-Range,16-24 Right,17.1,Made,,,,,2.0,,,,,,,,,,,,,
86,PT04M21.00S,2026-03-28T02:25:55.6Z,1,REGULAR,3pt,Jump Shot,[],1631108,31.882391590013142,27.696078431372552,1610612742,16,16,2026-03-28T02:25:59Z,840000,False,112.0,247.0,1,left,MISS M. Christie 27' pullup 3PT,[1631108],1610612742.0,DAL,pullup,,,Christie,M. Christie,,,,,Above the Break 3,24+ Right Center,27.12,Missed,,,,,,,,,,,,,,,,,,
87,PT04M19.00S,2026-03-28T02:25:57.6Z,1,REGULAR,rebound,offensive,[],1628963,,,1610612742,16,16,2026-03-28T02:29:35Z,850000,False,,,0,,M. Bagley III REBOUND (Off:1 Def:0),[1628963],1610612742.0,DAL,,,,Bagley III,M. Bagley III,,,,,Above the Break 3,24+ Right Center,,,86.0,1.0,0.0,1.0,,,,,,,,,,,,,,
88,PT04M18.00S,2026-03-28T02:25:59.3Z,1,REGULAR,2pt,Layup,"['pointsinthepaint', '2ndchance']",1628963,6.1268068331143235,48.28431372549019,1610612742,16,18,2026-03-28T02:29:39Z,860000,False,9.0,5.0,1,left,M. Bagley III putback Layup (4 PTS),[1628963],1610612742.0,DAL,putback,,,Bagley III,M. Bagley III,,,,,Restricted Area,0-8 Center,1.0,Made,,,,,4.0,,,,,,,,,,,,,
90,PT04M00.00S,2026-03-28T02:26:16.1Z,1,REGULAR,turnover,bad pass,[],1630703,,,1610612757,16,18,2026-03-28T02:26:22Z,870000,False,,,0,,S. Henderson bad pass TURNOVER (1 TO),"[1630703, 1630230]",1610612757.0,POR,,,,Henderson,S. Henderson,,,,,Mid-Range,16-24 Right,,,,,,,,,,,,1.0,,,,,,,Marshall,1630230.0
91,PT04M00.00S,2026-03-28T02:26:16.1Z,1,REGULAR,steal,,[],1630230,,,1610612742,16,18,2026-03-28T02:26:17Z,880000,False,,,0,,N. Marshall STEAL (1 STL),[1630230],1610612742.0,DAL,,,,Marshall,N. Marshall,,,,,Mid-Range,16-24 Right,,,,,,,,,,,,,,,,,,,,
92,PT03M55.00S,2026-03-28T02:26:20.8Z,1,REGULAR,3pt,Jump Shot,"['fromturnover', 'fastbreak']",1631108,7.5722733245729295,4.166666666666666,1610612742,16,21,2026-03-28T02:26:28Z,890000,False,229.0,19.0,1,left,M. Christie 3PT running (3 PTS) (N. Marshall 3 AST),"[1631108, 1630230]",1610612742.0,DAL,running,,,Christie,M. Christie,,,,,Right Corner 3,24+ Right,23.0,Made,,,,,3.0,N. Marshall,1630230.0,3.0,,,,,,,,,,
94,PT03M39.00S,2026-03-28T02:26:39.8Z,1,REGULAR,turnover,out-of-bounds,[],1642270,,,1610612757,16,21,2026-03-28T02:26:56Z,910000,False,,,0,,D. Clingan bad pass out-of-bounds TURNOVER (2 TO),[1642270],1610612757.0,POR,bad pass,,,Clingan,D. Clingan,,,,,Mid-Range,16-24 Left,,,,,,,,,,,1627539.0,2.0,,,,,,,,
95,PT03M39.00S,2026-03-28T02:26:41.8Z,1,REGULAR,substitution,out,[],203924,,,1610612742,16,21,2026-03-28T02:27:05Z,920000,False,,,0,,SUB out: J. Grant,[203924],1610612757.0,POR,,,,Grant,J. Grant,,,,,,,,,,,,,,,,,,,,,,,,,,
96,PT03M39.00S,2026-03-28T02:26:41.8Z,1,REGULAR,substitution,out,[],1642270,,,1610612742,16,21,2026-03-28T02:27:05Z,930000,False,,,0,,SUB out: D. Clingan,[1642270],1610612757.0,POR,,,,Clingan,D. Clingan,,,,,,,,,,,,,,,,,,,,,,,,,,
97,PT03M39.00S,2026-03-28T02:26:41.8Z,1,REGULAR,substitution,out,[],1631108,,,1610612742,16,21,2026-03-28T02:27:05Z,940000,False,,,0,,SUB out: M. Christie,[1631108],1610612742.0,DAL,,,,Christie,M. Christie,,,,,,,,,,,,,,,,,,,,,,,,,,
98,PT03M39.00S,2026-03-28T02:26:41.8Z,1,REGULAR,substitution,out,[],1629023,,,1610612742,16,21,2026-03-28T02:27:05Z,950000,False,,,0,,SUB out: P. Washington,[1629023],1610612742.0,DAL,,,,Washington,P. Washington,,,,,,,,,,,,,,,,,,,,,,,,,,
99,PT03M39.00S,2026-03-28T02:26:41.8Z,1,REGULAR,substitution,out,[],1642843,,,1610612742,16,21,2026-03-28T02:27:05Z,960000,False,,,0,,SUB out: C. Flagg,[1642843],1610612742.0,DAL,,,,Flagg,C. Flagg,,,,,,,,,,,,,,,,,,,,,,,,,,
100,PT03M39.00S,2026-03-28T02:26:41.8Z,1,REGULAR,substitution,in,[],1629057,,,1610612742,16,21,2026-03-28T02:27:05Z,970000,False,,,0,,SUB in: R. Williams III,[1629057],1610612757.0,POR,,,,Williams III,R. Williams III,,,,,,,,,,,,,,,,,,,,,,,,,,
101,PT03M39.00S,2026-03-28T02:26:41.8Z,1,REGULAR,substitution,in,[],1629680,,,1610612742,16,21,2026-03-28T02:27:05Z,980000,False,,,0,,SUB in: M. Thybulle,[1629680],1610612757.0,POR,,,,Thybulle,M. Thybulle,,,,,,,,,,,,,,,,,,,,,,,,,,
102,PT03M39.00S,2026-03-28T02:26:41.8Z,1,REGULAR,substitution,in,[],1630314,,,1610612742,16,21,2026-03-28T02:27:05Z,990000,False,,,0,,SUB in: B. Williams,[1630314],1610612742.0,DAL,,,,Williams,B. Williams,,,,,,,,,,,,,,,,,,,,,,,,,,
103,PT03M39.00S,2026-03-28T02:26:41.8Z,1,REGULAR,substitution,in,[],1641890,,,1610612742,16,21,2026-03-28T02:27:05Z,1000000,False,,,0,,SUB in: T. Smith,[1641890],1610612742.0,DAL,,,,Smith,T. Smith,,,,,,,,,,,,,,,,,,,,,,,,,,
104,PT03M39.00S,2026-03-28T02:26:41.8Z,1,REGULAR,substitution,in,[],202691,,,1610612742,16,21,2026-03-28T02:27:05Z,1010000,False,,,0,,SUB in: K. Thompson,[202691],1610612742.0,DAL,,,,Thompson,K. Thompson,,,,,,,,,,,,,,,,,,,,,,,,,,
105,PT03M29.00S,2026-03-28T02:27:09.7Z,1,REGULAR,2pt,Jump Shot,"['pointsinthepaint', 'fromturnover']",1628963,17.95335085413929,47.30392156862745,1610612742,16,23,2026-03-28T02:27:56Z,1020000,False,13.0,116.0,1,left,M. Bagley III 11' floating Jump Shot (6 PTS) (B. Williams 1 AST),"[1628963, 1630314]",1610612742.0,DAL,floating,,,Bagley III,M. Bagley III,,,,,In The Paint (Non-RA),8-16 Center,11.71,Made,,,,,6.0,B. Williams,1630314.0,1.0,,,,,,,,,,
107,PT03M21.00S,2026-03-28T02:27:17.2Z,1,REGULAR,turnover,bad pass,[],1630703,,,1610612757,16,23,2026-03-28T02:29:02Z,1040000,False,,,0,,S. Henderson bad pass TURNOVER (2 TO),"[1630703, 1630230]",1610612757.0,POR,,,,Henderson,S. Henderson,,,,,Above the Break 3,24+ Left Center,,,,,,,,,,,,2.0,,,,,,,Marshall,1630230.0
108,PT03M21.00S,2026-03-28T02:27:17.2Z,1,REGULAR,steal,,[],1630230,,,1610612742,16,23,2026-03-28T02:27:18Z,1050000,False,,,0,,N. Marshall STEAL (2 STL),[1630230],1610612742.0,DAL,,,,Marshall,N. Marshall,,,,,Above the Break 3,24+ Left Center,,,,,,,,,,,,,,,,,,,,
110,PT03M09.00S,2026-03-28T02:27:30.2Z,1,REGULAR,3pt,Jump Shot,['fromturnover'],202691,6.258212877792378,3.431372549019608,1610612742,16,26,2026-03-28T02:29:09Z,1060000,False,233.0,6.0,1,left,K. Thompson 3PT  (3 PTS) (M. Bagley III 1 AST),"[202691, 1628963]",1610612742.0,DAL,,,,Thompson,K. Thompson,,,,,Right Corner 3,24+ Right,23.29,Made,,,,,3.0,M. Bagley III,1628963.0,1.0,,,,,,,,,,
112,PT03M09.00S,2026-03-28T02:27:34.2Z,1,REGULAR,timeout,full,"['team', 'mandatory']",0,,,1610612757,16,26,2026-03-28T02:27:34Z,1080000,False,,,0,,POR Timeout,[],1610612757.0,POR,,,,,,,,,,,,,,,,,,,,,,,,,,,,,,,
113,PT03M09.00S,2026-03-28T02:29:28.4Z,1,REGULAR,substitution,out,[],1630230,,,1610612757,16,26,2026-03-28T02:29:50Z,1090000,False,,,0,,SUB out: N. Marshall,[1630230],1610612742.0,DAL,,,,Marshall,N. Marshall,,,,,,,,,,,,,,,,,,,,,,,,,,
114,PT03M09.00S,2026-03-28T02:29:28.4Z,1,REGULAR,substitution,in,[],1642358,,,1610612757,16,26,2026-03-28T02:29:50Z,1100000,False,,,0,,SUB in: A. Johnson,[1642358],1610612742.0,DAL,,,,Johnson,A. Johnson,,,,,,,,,,,,,,,,,,,,,,,,,,
115,PT02M51.00S,2026-03-28T02:30:48.1Z,1,REGULAR,foul,personal,['2freethrow'],1641890,,,1610612757,16,26,2026-03-28T02:30:52Z,1110000,False,,,0,,T. Smith shooting personal FOUL (1 PF) (Avdija 2 FT),"[1641890, 1630166]",1610612742.0,DAL,shooting,,,Smith,T. Smith,,,,,Restricted Area,0-8 Center,,,,,,,,,,,1627539.0,,1.0,0.0,Avdija,1630166.0,,,,
117,PT02M51.00S,2026-03-28T02:31:05.6Z,1,REGULAR,freethrow,1 of 2,[],1630166,,,1610612757,16,26,2026-03-28T02:31:21Z,1130000,False,,,0,,MISS D. Avdija Free Throw 1 of 2,[1630166],1610612757.0,POR,,,,Avdija,D. Avdija,,,,,,,,Missed,,,,,,,,,,,,,,,,,,
118,PT02M51.00S,2026-03-28T02:31:05.6Z,1,REGULAR,rebound,offensive,"['team', 'deadball']",0,,,1610612757,16,26,2026-03-28T02:31:21Z,1140000,False,,,0,,TEAM offensive REBOUND,[],1610612757.0,POR,,,,,,,,,,,,,,117.0,,,,,,,,,,,,,,,,,
119,PT02M51.00S,2026-03-28T02:31:05.6Z,1,REGULAR,freethrow,2 of 2,[],1630166,,,1610612757,16,26,2026-03-28T02:31:21Z,1150000,False,,,0,,MISS D. Avdija Free Throw 2 of 2,[1630166],1610612757.0,POR,,,,Avdija,D. Avdija,,,,,,,,Missed,,,,,,,,,,,,,,,,,,
120,PT02M47.00S,2026-03-28T02:31:09.6Z,1,REGULAR,rebound,defensive,[],202691,,,1610612742,16,26,2026-03-28T02:31:21Z,1160000,False,,,0,,K. Thompson REBOUND (Off:0 Def:1),[202691],1610612742.0,DAL,,,,Thompson,K. Thompson,,,,,,,,,119.0,1.0,1.0,0.0,,,,,,,,,,,,,,
121,PT02M45.00S,2026-03-28T02:31:24.6Z,1,REGULAR,2pt,DUNK,"['fastbreak', 'pointsinthepaint']",1642358,5.995400788436268,49.26470588235294,1610612742,16,26,2026-03-28T03:17:35Z,1170000,False,4.0,4.0,1,left,MISS A. Johnson running alley-oop DUNK,[1642358],1610612742.0,DAL,running alley-oop,,,Johnson,A. Johnson,,,,,Restricted Area,0-8 Center,0.54,Missed,,,,,,,,,,,,,,,,,,
122,PT02M43.00S,2026-03-28T02:31:26.6Z,1,REGULAR,rebound,defensive,[],1630166,,,1610612757,16,26,2026-03-28T02:36:25Z,1180000,False,,,0,,D. Avdija REBOUND (Off:0 Def:3),[1630166],1610612757.0,POR,,,,Avdija,D. Avdija,,,,,Restricted Area,0-8 Center,,,121.0,3.0,3.0,0.0,,,,,,,,,,,,,,
125,PT02M37.00S,2026-03-28T02:31:31.7Z,1,REGULAR,3pt,Jump Shot,['fastbreak'],1641739,83.13074901445466,94.36274509803921,1610612757,19,26,2026-03-28T02:31:36Z,1210000,False,222.0,106.0,1,right,T. Camara 24' 3PT running (6 PTS) (M. Thybulle 1 AST),"[1641739, 1629680]",1610612757.0,POR,running,,,Camara,T. Camara,,,,,Above the Break 3,24+ Right Center,24.59,Made,,,,,6.0,M. Thybulle,1629680.0,1.0,,,,,,,,,,
127,PT02M25.00S,2026-03-28T02:31:47.8Z,1,REGULAR,foul,personal,['2freethrow'],1629057,,,1610612742,19,26,2026-03-28T02:31:56Z,1230000,False,,,0,,R. Williams III shooting personal FOUL (1 PF) (Williams 2 FT),"[1629057, 1630314]",1610612757.0,POR,shooting,,,Williams III,R. Williams III,,,,,In The Paint (Non-RA),0-8 Center,,,,,,,,,,,1628951.0,,1.0,0.0,Williams,1630314.0,,,,
129,PT02M25.00S,2026-03-28T02:32:16.2Z,1,REGULAR,freethrow,1 of 2,[],1630314,,,1610612742,19,26,2026-03-28T02:32:16Z,1250000,False,,,0,,MISS B. Williams Free Throw 1 of 2,[1630314],1610612742.0,DAL,,,,Williams,B. Williams,,,,,,,,Missed,,,,,,,,,,,,,,,,,,
130,PT02M25.00S,2026-03-28T02:32:16.2Z,1,REGULAR,rebound,offensive,"['deadball', 'team']",0,,,1610612742,19,26,2026-03-28T02:32:16Z,1260000,False,,,0,,TEAM offensive REBOUND,[],1610612742.0,DAL,,,,,,,,,,,,,,129.0,,,,,,,,,,,,,,,,,
131,PT02M25.00S,2026-03-28T02:32:17.2Z,1,REGULAR,substitution,out,[],1630166,,,1610612742,19,26,2026-03-28T02:32:23Z,1270000,False,,,0,,SUB out: D. Avdija,[1630166],1610612757.0,POR,,,,Avdija,D. Avdija,,,,,,,,,,,,,,,,,,,,,,,,,,
132,PT02M25.00S,2026-03-28T02:32:17.2Z,1,REGULAR,substitution,in,[],201950,,,1610612742,19,26,2026-03-28T02:32:23Z,1280000,False,,,0,,SUB in: J. Holiday,[201950],1610612757.0,POR,,,,Holiday,J. Holiday,,,,,,,,,,,,,,,,,,,,,,,,,,
133,PT02M25.00S,2026-03-28T02:32:40.5Z,1,REGULAR,freethrow,2 of 2,[],1630314,,,1610612742,19,27,2026-03-28T02:32:40Z,1290000,False,,,0,,B. Williams Free Throw 2 of 2 (1 PTS),[1630314],1610612742.0,DAL,,,,Williams,B. Williams,,,,,,,,Made,,,,,1.0,,,,,,,,,,,,,
134,PT02M08.00S,2026-03-28T02:33:00.7Z,1,REGULAR,2pt,Jump Shot,['pointsinthepaint'],201950,87.46714848883047,57.107843137254896,1610612757,19,27,2026-03-28T02:33:06Z,1300000,False,36.0,65.0,1,right,MISS J. Holiday 7' driving floating Shot - blocked,"[201950, 1630314]",1610612757.0,POR,driving floating,,,Holiday,J. Holiday,,,,,In The Paint (Non-RA),0-8 Center,7.43,Missed,,,,,,,,,,,,,,,Williams,1630314.0,,
135,PT02M08.00S,2026-03-28T02:33:00.7Z,1,REGULAR,block,,[],1630314,,,1610612757,19,27,2026-03-28T02:33:02Z,1310000,False,,,0,,B. Williams BLOCK (1 BLK),[1630314],1610612742.0,DAL,,,,Williams,B. Williams,,,,,In The Paint (Non-RA),0-8 Center,,,,,,,,,,,,,,,,,,,,
136,PT02M06.00S,2026-03-28T02:33:02.7Z,1,REGULAR,rebound,defensive,[],1628963,,,1610612742,19,27,2026-03-28T02:33:06Z,1320000,False,,,0,,M. Bagley III REBOUND (Off:1 Def:1),[1628963],1610612742.0,DAL,,,,Bagley III,M. Bagley III,,,,,In The Paint (Non-RA),0-8 Center,,,134.0,2.0,1.0,1.0,,,,,,,,,,,,,,
137,PT01M55.00S,2026-03-28T02:33:14.5Z,1,REGULAR,2pt,Jump Shot,['pointsinthepaint'],1628963,6.389618922470433,54.41176470588235,1610612742,19,27,2026-03-28T02:33:24Z,1330000,False,-22.0,8.0,1,left,MISS M. Bagley III floating Shot - blocked,"[1628963, 1629057]",1610612742.0,DAL,floating,,,Bagley III,M. Bagley III,,,,,Restricted Area,0-8 Center,2.34,Missed,,,,,,,,,,,,,,,Williams III,1629057.0,,
138,PT01M55.00S,2026-03-28T02:33:14.5Z,1,REGULAR,block,,[],1629057,,,1610612742,19,27,2026-03-28T02:33:17Z,1340000,False,,,0,,R. Williams III BLOCK (1 BLK),[1629057],1610612757.0,POR,,,,Williams III,R. Williams III,,,,,Restricted Area,0-8 Center,,,,,,,,,,,,,,,,,,,,
139,PT01M55.00S,2026-03-28T02:33:14.5Z,1,REGULAR,rebound,offensive,['team'],0,,,1610612742,19,27,2026-03-28T02:33:24Z,1350000,False,,,0,,TEAM offensive REBOUND,[],1610612742.0,DAL,,,,,,,,,,Restricted Area,0-8 Center,,,137.0,,,,,,,,,,,,,,,,,
141,PT01M53.00S,2026-03-28T02:33:31.3Z,1,REGULAR,3pt,Jump Shot,['2ndchance'],202691,7.5722733245729295,95.34313725490196,1610612742,19,27,2026-03-28T02:33:37Z,1370000,False,-227.0,19.0,1,left,MISS K. Thompson 3PT,[202691],1610612742.0,DAL,,,,Thompson,K. Thompson,,,,,Left Corner 3,24+ Left,22.75,Missed,,,,,,,,,,,,,,,,,,
142,PT01M50.00S,2026-03-28T02:33:34.3Z,1,REGULAR,rebound,defensive,[],201950,,,1610612757,19,27,2026-03-28T02:33:37Z,1380000,False,,,0,,J. Holiday REBOUND (Off:0 Def:2),[201950],1610612757.0,POR,,,,Holiday,J. Holiday,,,,,Left Corner 3,24+ Left,,,141.0,2.0,2.0,0.0,,,,,,,,,,,,,,
143,PT01M40.00S,2026-03-28T02:33:44.0Z,1,REGULAR,3pt,Jump Shot,[],201950,68.28186596583443,66.66666666666666,1610612757,22,27,2026-03-28T02:33:48Z,1390000,False,83.0,246.0,1,right,J. Holiday 25' 3PT step back (6 PTS) (T. Camara 1 AST),"[201950, 1641739]",1610612757.0,POR,step back,,,Holiday,J. Holiday,,,,,Above the Break 3,24+ Right Center,25.94,Made,,,,,6.0,T. Camara,1641739.0,1.0,,,,,,,,,,
145,PT01M25.00S,2026-03-28T02:33:58.8Z,1,REGULAR,3pt,Jump Shot,[],1628963,6.915243101182654,94.36274509803921,1610612742,22,30,2026-03-28T02:34:02Z,1410000,False,-222.0,13.0,1,left,M. Bagley III 3PT  (9 PTS) (B. Williams 2 AST),"[1628963, 1630314]",1610612742.0,DAL,,,,Bagley III,M. Bagley III,,,,,Left Corner 3,24+ Left,22.22,Made,,,,,9.0,B. Williams,1630314.0,2.0,,,,,,,,,,
148,PT01M12.00S,2026-03-28T02:34:17.3Z,1,REGULAR,3pt,Jump Shot,[],1630703,67.23061760840999,52.20588235294118,1610612757,22,30,2026-03-28T02:38:31Z,1440000,False,11.0,256.0,1,right,MISS S. Henderson 25' pullup 3PT,[1630703],1610612757.0,POR,pullup,,,Henderson,S. Henderson,,,,,Above the Break 3,24+ Center,25.57,Missed,,,,,,,,,,,,,,,,,,
149,PT01M10.00S,2026-03-28T02:34:19.3Z,1,REGULAR,rebound,defensive,[],202691,,,1610612742,22,30,2026-03-28T02:38:31Z,1450000,False,,,0,,K. Thompson REBOUND (Off:0 Def:2),[202691],1610612742.0,DAL,,,,Thompson,K. Thompson,,,,,Above the Break 3,24+ Center,,,148.0,2.0,2.0,0.0,,,,,,,,,,,,,,
150,PT00M56.50S,2026-03-28T02:34:29.9Z,1,REGULAR,2pt,DUNK,['pointsinthepaint'],1628963,6.1268068331143235,51.71568627450981,1610612742,22,32,2026-03-28T02:34:34Z,1460000,False,-9.0,5.0,1,left,M. Bagley III driving DUNK (11 PTS) (K. Thompson 1 AST),"[1628963, 202691]",1610612742.0,DAL,driving,,,Bagley III,M. Bagley III,,,,,Restricted Area,0-8 Center,1.0,Made,,,,,11.0,K. Thompson,202691.0,1.0,,,,,,,,,,
152,PT00M32.50S,2026-03-28T02:34:57.5Z,1,REGULAR,2pt,Hook,['pointsinthepaint'],201950,91.40932982917214,49.50980392156863,1610612757,22,32,2026-03-28T02:35:31Z,1480000,False,-2.0,28.0,1,right,MISS J. Holiday driving Hook,[201950],1610612757.0,POR,driving,,,Holiday,J. Holiday,,,,,Restricted Area,0-8 Center,2.84,Missed,,,,,,,,,,,,,,,,,,
153,PT00M32.50S,2026-03-28T02:34:57.5Z,1,REGULAR,rebound,offensive,['team'],0,,,1610612757,22,32,2026-03-28T02:35:31Z,1490000,False,,,0,,TEAM offensive REBOUND,[],1610612757.0,POR,,,,,,,,,,Restricted Area,0-8 Center,,,152.0,,,,,,,,,,,,,,,,,
154,PT00M32.50S,2026-03-28T02:34:59.8Z,1,REGULAR,turnover,shot clock,['team'],0,,,1610612757,22,32,2026-03-28T02:35:48Z,1500000,False,,,0,,POR shot clock Team TURNOVER,[],1610612757.0,POR,,,,,,,,,,Mid-Range,8-16 Left,,,,,,,,,,,202007.0,,,,,,,,,
155,PT00M22.00S,2026-03-28T02:35:29.8Z,1,REGULAR,foul,personal,[],1630703,,,1610612742,22,32,2026-03-28T02:35:41Z,1510000,False,,,0,,S. Henderson personal FOUL (1 PF),"[1630703, 1630314]",1610612757.0,POR,,,,Henderson,S. Henderson,,,,,In The Paint (Non-RA),8-16 Center,,,,,,,,,,,1628951.0,,1.0,0.0,Williams,1630314.0,,,,
157,PT00M10.90S,2026-03-28T02:36:01.1Z,1,REGULAR,3pt,Jump Shot,['fromturnover'],1630314,22.683968462549277,10.294117647058822,1610612742,22,32,2026-03-28T02:36:05Z,1530000,False,199.0,161.0,1,left,MISS B. Williams 25' step back 3PT,[1630314],1610612742.0,DAL,step back,,,Williams,B. Williams,,,,,Above the Break 3,24+ Right Center,25.54,Missed,,,,,,,,,,,,,,,,,,
158,PT00M08.40S,2026-03-28T02:36:03.5Z,1,REGULAR,rebound,defensive,[],1641739,,,1610612757,22,32,2026-03-28T02:36:03Z,1540000,False,,,0,,T. Camara REBOUND (Off:0 Def:2),[1641739],1610612757.0,POR,,,,Camara,T. Camara,,,,,Above the Break 3,24+ Right Center,,,157.0,2.0,2.0,0.0,,,,,,,,,,,,,,
159,PT00M01.00S,2026-03-28T02:36:11.1Z,1,REGULAR,3pt,Jump Shot,[],1641739,78.53153745072274,91.17647058823529,1610612757,22,32,2026-03-28T02:36:16Z,1550000,False,206.0,149.0,1,right,MISS T. Camara 25' 3PT,[1641739],1610612757.0,POR,,,,Camara,T. Camara,,,,,Above the Break 3,24+ Right Center,25.43,Missed,,,,,,,,,,,,,,,,,,
160,PT00M01.00S,2026-03-28T02:36:11.1Z,1,REGULAR,rebound,offensive,['team'],0,,,1610612757,22,32,2026-03-28T02:36:16Z,1560000,False,,,0,,TEAM offensive REBOUND,[],1610612757.0,POR,,,,,,,,,,Above the Break 3,24+ Right Center,,,159.0,,,,,,,,,,,,,,,,,
161,PT00M00.00S,2026-03-28T02:36:15.9Z,1,REGULAR,period,end,[],0,,,1610612757,22,32,2026-03-28T02:36:15Z,1570000,False,,,0,,Period End,[],,,,,,,,,,,,,,,,,,,,,,,,,,,,,,,,,
162,PT12M00.00S,2026-03-28T02:36:51.5Z,2,REGULAR,substitution,out,['startperiod'],1629680,,,1610612757,22,32,2026-03-28T02:38:52Z,1580000,False,,,0,,SUB out: M. Thybulle,[1629680],1610612757.0,POR,,,,Thybulle,M. Thybulle,,,,,,,,,,,,,,,,,,,,,,,,,,
163,PT12M00.00S,2026-03-28T02:36:51.5Z,2,REGULAR,substitution,out,['startperiod'],1641739,,,1610612757,22,32,2026-03-28T02:38:52Z,1590000,False,,,0,,SUB out: T. Camara,[1641739],1610612757.0,POR,,,,Camara,T. Camara,,,,,,,,,,,,,,,,,,,,,,,,,,
164,PT12M00.00S,2026-03-28T02:36:51.5Z,2,REGULAR,substitution,out,['startperiod'],1642358,,,1610612757,22,32,2026-03-28T02:38:52Z,1600000,False,,,0,,SUB out: A. Johnson,[1642358],1610612742.0,DAL,,,,Johnson,A. Johnson,,,,,,,,,,,,,,,,,,,,,,,,,,
165,PT12M00.00S,2026-03-28T02:36:51.5Z,2,REGULAR,substitution,out,['startperiod'],1630314,,,1610612757,22,32,2026-03-28T02:38:52Z,1610000,False,,,0,,SUB out: B. Williams,[1630314],1610612742.0,DAL,,,,Williams,B. Williams,,,,,,,,,,,,,,,,,,,,,,,,,,
166,PT12M00.00S,2026-03-28T02:36:51.5Z,2,REGULAR,substitution,out,['startperiod'],1641890,,,1610612757,22,32,2026-03-28T02:38:52Z,1620000,False,,,0,,SUB out: T. Smith,[1641890],1610612742.0,DAL,,,,Smith,T. Smith,,,,,,,,,,,,,,,,,,,,,,,,,,
167,PT12M00.00S,2026-03-28T02:36:51.5Z,2,REGULAR,substitution,out,['startperiod'],1628963,,,1610612757,22,32,2026-03-28T02:38:52Z,1630000,False,,,0,,SUB out: M. Bagley III,[1628963],1610612742.0,DAL,,,,Bagley III,M. Bagley III,,,,,,,,,,,,,,,,,,,,,,,,,,
168,PT12M00.00S,2026-03-28T02:36:51.5Z,2,REGULAR,substitution,in,['startperiod'],203924,,,1610612757,22,32,2026-03-28T02:38:52Z,1640000,False,,,0,,SUB in: J. Grant,[203924],1610612757.0,POR,,,,Grant,J. Grant,,,,,,,,,,,,,,,,,,,,,,,,,,
169,PT12M00.00S,2026-03-28T02:36:51.5Z,2,REGULAR,substitution,in,['startperiod'],1631200,,,1610612757,22,32,2026-03-28T02:38:52Z,1650000,False,,,0,,SUB in: K. Murray,[1631200],1610612757.0,POR,,,,Murray,K. Murray,,,,,,,,,,,,,,,,,,,,,,,,,,
170,PT12M00.00S,2026-03-28T02:36:51.5Z,2,REGULAR,substitution,in,['startperiod'],203939,,,1610612757,22,32,2026-03-28T02:38:52Z,1660000,False,,,0,,SUB in: D. Powell,[203939],1610612742.0,DAL,,,,Powell,D. Powell,,,,,,,,,,,,,,,,,,,,,,,,,,
171,PT12M00.00S,2026-03-28T02:36:51.5Z,2,REGULAR,substitution,in,['startperiod'],1642843,,,1610612757,22,32,2026-03-28T02:38:52Z,1670000,False,,,0,,SUB in: C. Flagg,[1642843],1610612742.0,DAL,,,,Flagg,C. Flagg,,,,,,,,,,,,,,,,,,,,,,,,,,
172,PT12M00.00S,2026-03-28T02:36:51.5Z,2,REGULAR,substitution,in,['startperiod'],1642948,,,1610612757,22,32,2026-03-28T02:38:52Z,1680000,False,,,0,,SUB in: R. Nembhard,[1642948],1610612742.0,DAL,,,,Nembhard,R. Nembhard,,,,,,,,,,,,,,,,,,,,,,,,,,
173,PT12M00.00S,2026-03-28T02:36:51.5Z,2,REGULAR,substitution,in,['startperiod'],1631108,,,1610612757,22,32,2026-03-28T02:38:52Z,1690000,False,,,0,,SUB in: M. Christie,[1631108],1610612742.0,DAL,,,,Christie,M. Christie,,,,,,,,,,,,,,,,,,,,,,,,,,
174,PT12M00.00S,2026-03-28T02:38:57.7Z,2,REGULAR,period,start,[],0,,,1610612757,22,32,2026-03-28T02:38:57Z,1700000,False,,,0,,Period Start,[],,,,,,,,,,,,,,,,,,,,,,,,,,,,,,,,,
175,PT11M47.00S,2026-03-28T02:39:10.3Z,2,REGULAR,2pt,Jump Shot,['pointsinthepaint'],201950,80.1084099868594,64.95098039215686,1610612757,24,32,2026-03-28T02:39:17Z,1710000,False,75.0,134.0,1,right,J. Holiday 15' pullup Jump Shot (8 PTS),[201950],1610612757.0,POR,pullup,,,Holiday,J. Holiday,,,,,In The Paint (Non-RA),8-16 Center,15.39,Made,,,,,8.0,,,,,,,,,,,,,
176,PT11M30.00S,2026-03-28T02:39:32.0Z,2,REGULAR,foul,technical,['1freethrow'],1629057,,,1610612742,24,32,2026-03-28T02:39:39Z,1720000,False,,,0,,R. Williams III defensive-3-second technical FOUL (1 Tech),[1629057],1610612757.0,POR,defensive-3-second,,,Williams III,R. Williams III,,,,,In The Paint (Non-RA),0-8 Center,,,,,,,,,,,1627539.0,,1.0,1.0,,,,,,
177,PT11M30.00S,2026-03-28T02:39:49.8Z,2,REGULAR,freethrow,1 of 1,[],202691,,,1610612742,24,33,2026-03-28T02:39:49Z,1730000,False,,,0,,K. Thompson technical Free Throw 1 of 1 (4 PTS),[202691],1610612742.0,DAL,technical,,,Thompson,K. Thompson,,,,,,,,Made,,,,,4.0,,,,,,,,,,,,,
178,PT11M25.00S,2026-03-28T02:40:05.6Z,2,REGULAR,turnover,out-of-bounds,[],202691,,,1610612742,24,33,2026-03-28T02:40:13Z,1740000,False,,,0,,K. Thompson bad pass out-of-bounds TURNOVER (1 TO),[202691],1610612742.0,DAL,bad pass,,,Thompson,K. Thompson,,,,,Above the Break 3,24+ Right Center,,,,,,,,,,,1628951.0,1.0,,,,,,,,
179,PT11M17.00S,2026-03-28T02:40:19.4Z,2,REGULAR,2pt,Jump Shot,"['pointsinthepaint', 'fromturnover']",201950,86.41590013140605,48.529411764705884,1610612757,26,33,2026-03-28T02:40:44Z,1750000,False,-7.0,75.0,1,right,J. Holiday 7' driving floating Jump Shot (10 PTS),[201950],1610612757.0,POR,driving floating,,,Holiday,J. Holiday,,,,,In The Paint (Non-RA),0-8 Center,7.56,Made,,,,,10.0,,,,,,,,,,,,,
180,PT11M05.00S,2026-03-28T02:40:29.7Z,2,REGULAR,3pt,Jump Shot,[],202691,32.14520367936925,41.911764705882355,1610612742,26,33,2026-03-28T02:40:33Z,1760000,False,40.0,250.0,1,left,MISS K. Thompson 25' 3PT,[202691],1610612742.0,DAL,,,,Thompson,K. Thompson,,,,,Above the Break 3,24+ Center,25.29,Missed,,,,,,,,,,,,,,,,,,
181,PT11M02.00S,2026-03-28T02:40:32.7Z,2,REGULAR,rebound,defensive,[],1629057,,,1610612757,26,33,2026-03-28T02:40:33Z,1770000,False,,,0,,R. Williams III REBOUND (Off:0 Def:1),[1629057],1610612757.0,POR,,,,Williams III,R. Williams III,,,,,Above the Break 3,24+ Center,,,180.0,1.0,1.0,0.0,,,,,,,,,,,,,,
182,PT10M56.00S,2026-03-28T02:40:39.3Z,2,REGULAR,turnover,bad pass,[],1631200,,,1610612757,26,33,2026-03-28T02:40:51Z,1780000,False,,,0,,K. Murray bad pass TURNOVER (1 TO),"[1631200, 1642843]",1610612757.0,POR,,,,Murray,K. Murray,,,,,Restricted Area,0-8 Center,,,,,,,,,,,,1.0,,,,,,,Flagg,1642843.0
183,PT10M56.00S,2026-03-28T02:40:39.3Z,2,REGULAR,steal,,[],1642843,,,1610612742,26,33,2026-03-28T02:40:41Z,1790000,False,,,0,,C. Flagg STEAL (1 STL),[1642843],1610612742.0,DAL,,,,Flagg,C. Flagg,,,,,Restricted Area,0-8 Center,,,,,,,,,,,,,,,,,,,,
184,PT10M50.00S,2026-03-28T02:40:45.6Z,2,REGULAR,3pt,Jump Shot,"['fastbreak', 'fromturnover']",202691,6.258212877792378,95.58823529411765,1610612742,26,33,2026-03-28T02:41:38Z,1800000,False,-228.0,6.0,1,left,MISS K. Thompson running pullup 3PT,[202691],1610612742.0,DAL,running pullup,,,Thompson,K. Thompson,,,,,Left Corner 3,24+ Left,22.8,Missed,,,,,,,,,,,,,,,,,,
185,PT10M47.00S,2026-03-28T02:40:48.6Z,2,REGULAR,rebound,defensive,[],201950,,,1610612757,26,33,2026-03-28T02:41:38Z,1810000,False,,,0,,J. Holiday REBOUND (Off:0 Def:3),[201950],1610612757.0,POR,,,,Holiday,J. Holiday,,,,,Left Corner 3,24+ Left,,,184.0,3.0,3.0,0.0,,,,,,,,,,,,,,
186,PT10M39.00S,2026-03-28T02:40:55.8Z,2,REGULAR,3pt,Jump Shot,['fastbreak'],201950,73.80091984231275,12.745098039215685,1610612757,26,33,2026-03-28T02:42:09Z,1820000,False,-186.0,194.0,1,right,MISS J. Holiday 26' running pullup 3PT,[201950],1610612757.0,POR,running pullup,,,Holiday,J. Holiday,,,,,Above the Break 3,24+ Left Center,26.88,Missed,,,,,,,,,,,,,,,,,,
187,PT10M39.00S,2026-03-28T02:40:55.8Z,2,REGULAR,rebound,defensive,[],1642948,,,1610612742,26,33,2026-03-28T02:41:10Z,1830000,False,,,0,,R. Nembhard REBOUND (Off:0 Def:1),[1642948],1610612742.0,DAL,,,,Nembhard,R. Nembhard,,,,,Above the Break 3,24+ Left Center,,,186.0,1.0,1.0,0.0,,,,,,,,,,,,,,
189,PT10M38.00S,2026-03-28T02:41:17.9Z,2,REGULAR,turnover,lost ball,[],1642948,,,1610612742,26,33,2026-03-28T02:42:51Z,1850000,False,,,0,,R. Nembhard lost ball TURNOVER (1 TO),"[1642948, 201950]",1610612742.0,DAL,,,,Nembhard,R. Nembhard,,,,,Mid-Range,16-24 Left Center,,,,,,,,,,,,1.0,,,,,,,Holiday,201950.0
190,PT10M38.00S,2026-03-28T02:41:17.9Z,2,REGULAR,steal,,[],201950,,,1610612757,26,33,2026-03-28T02:41:30Z,1860000,False,,,0,,J. Holiday STEAL (1 STL),[201950],1610612757.0,POR,,,,Holiday,J. Holiday,,,,,Mid-Range,16-24 Left Center,,,,,,,,,,,,,,,,,,,,
191,PT10M23.00S,2026-03-28T02:41:21.2Z,2,REGULAR,turnover,out-of-bounds,[],1631200,,,1610612757,26,33,2026-03-28T02:45:09Z,1870000,False,,,0,,K. Murray lost ball out-of-bounds TURNOVER (2 TO),[1631200],1610612757.0,POR,lost ball,,,Murray,K. Murray,,,,,Mid-Range,8-16 Left,,,,,,,,,,,,2.0,,,,,,,,
192,PT10M07.00S,2026-03-28T02:41:38.7Z,2,REGULAR,2pt,Jump Shot,['fromturnover'],1642948,15.325229960578188,69.11764705882352,1610612742,26,33,2026-03-28T02:41:45Z,1880000,False,-96.0,92.0,1,left,MISS R. Nembhard 13' step back Shot,[1642948],1610612742.0,DAL,step back,,,Nembhard,R. Nembhard,,,,,Mid-Range,8-16 Left,13.24,Missed,,,,,,,,,,,,,,,,,,
193,PT10M05.00S,2026-03-28T02:41:40.7Z,2,REGULAR,rebound,defensive,[],1629057,,,1610612757,26,33,2026-03-28T02:41:40Z,1890000,False,,,0,,R. Williams III REBOUND (Off:0 Def:2),[1629057],1610612757.0,POR,,,,Williams III,R. Williams III,,,,,Mid-Range,8-16 Left,,,192.0,2.0,2.0,0.0,,,,,,,,,,,,,,
194,PT09M46.00S,2026-03-28T02:41:59.9Z,2,REGULAR,2pt,Jump Shot,['pointsinthepaint'],203924,87.33574244415243,50.49019607843137,1610612757,28,33,2026-03-28T02:42:13Z,1900000,False,2.0,67.0,1,right,J. Grant 6' fadeaway Jump Shot (7 PTS),[203924],1610612757.0,POR,fadeaway,,,Grant,J. Grant,,,,,In The Paint (Non-RA),0-8 Center,6.65,Made,,,,,7.0,,,,,,,,,,,,,
195,PT09M39.00S,2026-03-28T02:42:11.3Z,2,REGULAR,foul,personal,[],203924,,,1610612742,28,33,2026-03-28T02:44:07Z,1910000,False,,,0,,J. Grant personal FOUL (1 PF),"[203924, 1642843]",1610612757.0,POR,,,,Grant,J. Grant,,,,,In The Paint (Non-RA),8-16 Left,,,,,,,,,,,1627539.0,,1.0,0.0,Flagg,1642843.0,,,,
197,PT09M30.00S,2026-03-28T02:42:37.7Z,2,REGULAR,3pt,Jump Shot,[],1642843,21.632720105124836,89.70588235294117,1610612742,28,33,2026-03-28T02:42:42Z,1930000,False,-199.0,151.0,1,left,MISS C. Flagg 24' pullup 3PT,[1642843],1610612742.0,DAL,pullup,,,Flagg,C. Flagg,,,,,Above the Break 3,24+ Left Center,24.93,Missed,,,,,,,,,,,,,,,,,,
198,PT09M28.00S,2026-03-28T02:42:39.7Z,2,REGULAR,rebound,defensive,['team'],0,,,1610612757,28,33,2026-03-28T02:42:42Z,1940000,False,,,0,,TEAM defensive REBOUND,[],1610612757.0,POR,,,,,,,,,,Above the Break 3,24+ Left Center,,,197.0,,,,,,,,,,,,,,,,,
200,PT09M17.00S,2026-03-28T02:43:00.2Z,2,REGULAR,2pt,Layup,['pointsinthepaint'],1630703,93.77463863337714,52.94117647058824,1610612757,28,33,2026-03-28T02:43:07Z,1960000,False,15.0,6.0,1,right,MISS S. Henderson driving Layup,[1630703],1610612757.0,POR,driving,,,Henderson,S. Henderson,,,,,Restricted Area,0-8 Center,1.59,Missed,,,,,,,,,,,,,,,,,,
201,PT09M16.00S,2026-03-28T02:43:01.2Z,2,REGULAR,rebound,offensive,[],1629057,,,1610612757,28,33,2026-03-28T02:49:02Z,1970000,False,,,0,,R. Williams III REBOUND (Off:1 Def:2),[1629057],1610612757.0,POR,,,,Williams III,R. Williams III,,,,,Restricted Area,0-8 Center,,,200.0,3.0,2.0,1.0,,,,,,,,,,,,,,
232,PT09M15.00S,2026-03-28T02:43:03.3Z,2,REGULAR,2pt,Layup,"['pointsinthepaint', '2ndchance']",1629057,91.14651773981603,50.73529411764706,1610612757,28,33,2026-03-28T02:48:41Z,1975000,False,4.0,31.0,1,right,MISS R. Williams III tip Layup,[1629057],1610612757.0,POR,tip,,,Williams III,R. Williams III,,,,,Restricted Area,0-8 Center,3.09,Missed,,,,,,,,,,,,,,,,,,
233,PT09M15.00S,2026-03-28T02:43:03.3Z,2,REGULAR,rebound,defensive,[],203939,,,1610612742,28,33,2026-03-28T03:24:13Z,1977500,False,,,0,,D. Powell REBOUND (Off:0 Def:3),[203939],1610612742.0,DAL,,,,Powell,D. Powell,,,,,Restricted Area,0-8 Center,,,232.0,3.0,3.0,0.0,,,,,,,,,,,,,,
202,PT09M10.00S,2026-03-28T02:43:06.5Z,2,REGULAR,2pt,Layup,"['pointsinthepaint', 'fastbreak']",1642843,4.812746386333772,55.63725490196079,1610612742,28,35,2026-03-28T02:43:10Z,1980000,False,-28.0,-7.0,1,left,C. Flagg running Layup (10 PTS) (M. Christie 2 AST),"[1642843, 1631108]",1610612742.0,DAL,running,,,Flagg,C. Flagg,,,,,Restricted Area,0-8 Center,2.91,Made,,,,,10.0,M. Christie,1631108.0,2.0,,,,,,,,,,
204,PT09M02.00S,2026-03-28T02:43:14.2Z,2,REGULAR,turnover,bad pass,[],201950,,,1610612757,28,35,2026-03-28T02:43:18Z,2000000,False,,,0,,J. Holiday bad pass TURNOVER (1 TO),"[201950, 203939]",1610612757.0,POR,,,,Holiday,J. Holiday,,,,,Above the Break 3,24+ Center,,,,,,,,,,,,1.0,,,,,,,Powell,203939.0
205,PT09M02.00S,2026-03-28T02:43:14.2Z,2,REGULAR,steal,,[],203939,,,1610612742,28,35,2026-03-28T02:43:16Z,2010000,False,,,0,,D. Powell STEAL (1 STL),[203939],1610612742.0,DAL,,,,Powell,D. Powell,,,,,Above the Break 3,24+ Center,,,,,,,,,,,,,,,,,,,,
206,PT08M54.00S,2026-03-28T02:43:23.7Z,2,REGULAR,2pt,Jump Shot,['fromturnover'],1642843,24.129434954007884,49.01960784313725,1610612742,28,37,2026-03-28T02:43:28Z,2020000,False,5.0,174.0,1,left,C. Flagg 17' pullup Jump Shot (12 PTS),[1642843],1610612742.0,DAL,pullup,,,Flagg,C. Flagg,,,,,Mid-Range,16-24 Center,17.44,Made,,,,,12.0,,,,,,,,,,,,,
207,PT08M54.00S,2026-03-28T02:43:26.2Z,2,REGULAR,foul,personal,['1freethrow'],1631200,,,1610612742,28,37,2026-03-28T02:43:35Z,2030000,False,,,0,,K. Murray shooting personal FOUL (1 PF) (Flagg 1 FT),"[1631200, 1642843]",1610612757.0,POR,shooting,,,Murray,K. Murray,,,,,Mid-Range,8-16 Center,,,,,,,,,,,202007.0,,1.0,0.0,Flagg,1642843.0,,,,
209,PT08M54.00S,2026-03-28T02:43:36.0Z,2,REGULAR,substitution,out,[],1630703,,,1610612742,28,37,2026-03-28T02:44:01Z,2050000,False,,,0,,SUB out: S. Henderson,[1630703],1610612757.0,POR,,,,Henderson,S. Henderson,,,,,,,,,,,,,,,,,,,,,,,,,,
210,PT08M54.00S,2026-03-28T02:43:36.0Z,2,REGULAR,substitution,in,[],1630166,,,1610612742,28,37,2026-03-28T02:44:01Z,2060000,False,,,0,,SUB in: D. Avdija,[1630166],1610612757.0,POR,,,,Avdija,D. Avdija,,,,,,,,,,,,,,,,,,,,,,,,,,
211,PT08M54.00S,2026-03-28T02:43:58.1Z,2,REGULAR,freethrow,1 of 1,['fromturnover'],1642843,,,1610612742,28,38,2026-03-28T02:43:58Z,2070000,False,,,0,,C. Flagg Free Throw 1 of 1 (13 PTS),[1642843],1610612742.0,DAL,,,,Flagg,C. Flagg,,,,,,,,Made,,,,,13.0,,,,,,,,,,,,,
212,PT08M38.00S,2026-03-28T02:44:14.9Z,2,REGULAR,2pt,Layup,['pointsinthepaint'],203924,93.64323258869908,48.28431372549019,1610612757,30,38,2026-03-28T02:44:17Z,2080000,False,-9.0,7.0,1,right,J. Grant driving Layup (9 PTS),[203924],1610612757.0,POR,driving,,,Grant,J. Grant,,,,,Restricted Area,0-8 Center,1.13,Made,,,,,9.0,,,,,,,,,,,,,
213,PT08M20.00S,2026-03-28T02:44:33.5Z,2,REGULAR,2pt,Jump Shot,[],1642843,21.107095926412615,55.14705882352941,1610612742,30,40,2026-03-28T02:44:41Z,2090000,False,-26.0,146.0,1,left,C. Flagg 14' pullup Jump Shot (15 PTS),[1642843],1610612742.0,DAL,pullup,,,Flagg,C. Flagg,,,,,Mid-Range,8-16 Center,14.81,Made,,,,,15.0,,,,,,,,,,,,,
214,PT08M03.00S,2026-03-28T02:44:50.0Z,2,REGULAR,2pt,Layup,['pointsinthepaint'],201950,89.96386333771353,47.794117647058826,1610612757,30,40,2026-03-28T02:45:42Z,2100000,False,-11.0,42.0,1,right,MISS J. Holiday driving Layup - blocked,"[201950, 202691]",1610612757.0,POR,driving,,,Holiday,J. Holiday,,,,,Restricted Area,0-8 Center,4.32,Missed,,,,,,,,,,,,,,,Thompson,202691.0,,
215,PT08M03.00S,2026-03-28T02:44:50.0Z,2,REGULAR,block,,[],202691,,,1610612757,30,40,2026-03-28T02:44:51Z,2110000,False,,,0,,K. Thompson BLOCK (1 BLK),[202691],1610612742.0,DAL,,,,Thompson,K. Thompson,,,,,Restricted Area,0-8 Center,,,,,,,,,,,,,,,,,,,,
216,PT08M01.00S,2026-03-28T02:44:52.0Z,2,REGULAR,rebound,defensive,[],203939,,,1610612742,30,40,2026-03-28T02:44:58Z,2120000,False,,,0,,D. Powell REBOUND (Off:0 Def:4),[203939],1610612742.0,DAL,,,,Powell,D. Powell,,,,,Restricted Area,0-8 Center,,,214.0,4.0,4.0,0.0,,,,,,,,,,,,,,
217,PT07M59.00S,2026-03-28T02:44:57.4Z,2,REGULAR,turnover,out-of-bounds,[],1631108,,,1610612742,30,40,2026-03-28T02:45:04Z,2130000,False,,,0,,M. Christie step out-of-bounds TURNOVER (1 TO),[1631108],1610612742.0,DAL,step,,,Christie,M. Christie,,,,,Mid-Range,16-24 Right,,,,,,,,,,,1628951.0,1.0,,,,,,,,
218,PT07M59.00S,2026-03-28T02:45:00.1Z,2,REGULAR,substitution,out,[],1631200,,,1610612757,30,40,2026-03-28T02:45:19Z,2140000,False,,,0,,SUB out: K. Murray,[1631200],1610612757.0,POR,,,,Murray,K. Murray,,,,,,,,,,,,,,,,,,,,,,,,,,
219,PT07M59.00S,2026-03-28T02:45:00.1Z,2,REGULAR,substitution,out,[],1631108,,,1610612757,30,40,2026-03-28T02:45:19Z,2150000,False,,,0,,SUB out: M. Christie,[1631108],1610612742.0,DAL,,,,Christie,M. Christie,,,,,,,,,,,,,,,,,,,,,,,,,,
220,PT07M59.00S,2026-03-28T02:45:00.1Z,2,REGULAR,substitution,out,[],202691,,,1610612757,30,40,2026-03-28T02:45:19Z,2160000,False,,,0,,SUB out: K. Thompson,[202691],1610612742.0,DAL,,,,Thompson,K. Thompson,,,,,,,,,,,,,,,,,,,,,,,,,,
221,PT07M59.00S,2026-03-28T02:45:00.1Z,2,REGULAR,substitution,in,[],1631321,,,1610612757,30,40,2026-03-28T02:45:19Z,2170000,False,,,0,,SUB in: S. Cissoko,[1631321],1610612757.0,POR,,,,Cissoko,S. Cissoko,,,,,,,,,,,,,,,,,,,,,,,,,,
222,PT07M59.00S,2026-03-28T02:45:00.1Z,2,REGULAR,substitution,in,[],1629023,,,1610612757,30,40,2026-03-28T02:45:19Z,2180000,False,,,0,,SUB in: P. Washington,[1629023],1610612742.0,DAL,,,,Washington,P. Washington,,,,,,,,,,,,,,,,,,,,,,,,,,
223,PT07M59.00S,2026-03-28T02:45:00.1Z,2,REGULAR,substitution,in,[],1630230,,,1610612757,30,40,2026-03-28T02:45:19Z,2190000,False,,,0,,SUB in: N. Marshall,[1630230],1610612742.0,DAL,,,,Marshall,N. Marshall,,,,,,,,,,,,,,,,,,,,,,,,,,
224,PT07M46.00S,2026-03-28T02:45:29.4Z,2,REGULAR,turnover,lost ball,[],1630166,,,1610612757,30,40,2026-03-28T02:45:51Z,2200000,False,,,0,,D. Avdija lost ball TURNOVER (1 TO),"[1630166, 1630230]",1610612757.0,POR,,,,Avdija,D. Avdija,,,,,In The Paint (Non-RA),8-16 Center,,,,,,,,,,,,1.0,,,,,,,Marshall,1630230.0
225,PT07M46.00S,2026-03-28T02:45:29.4Z,2,REGULAR,steal,,[],1630230,,,1610612742,30,40,2026-03-28T02:45:31Z,2210000,False,,,0,,N. Marshall STEAL (3 STL),[1630230],1610612742.0,DAL,,,,Marshall,N. Marshall,,,,,In The Paint (Non-RA),8-16 Center,,,,,,,,,,,,,,,,,,,,
226,PT07M34.00S,2026-03-28T02:45:41.1Z,2,REGULAR,2pt,DUNK,"['pointsinthepaint', 'fromturnover']",1642843,5.863994743758213,52.69607843137255,1610612742,30,40,2026-03-28T02:45:57Z,2220000,False,-13.0,3.0,1,left,MISS C. Flagg driving DUNK - blocked,"[1642843, 203924]",1610612742.0,DAL,driving,,,Flagg,C. Flagg,,,,,Restricted Area,0-8 Center,1.37,Missed,,,,,,,,,,,,,,,Grant,203924.0,,
227,PT07M34.00S,2026-03-28T02:45:41.1Z,2,REGULAR,block,,[],203924,,,1610612742,30,40,2026-03-28T02:45:43Z,2230000,False,,,0,,J. Grant BLOCK (1 BLK),[203924],1610612757.0,POR,,,,Grant,J. Grant,,,,,Restricted Area,0-8 Center,,,,,,,,,,,,,,,,,,,,
228,PT07M31.00S,2026-03-28T02:45:44.1Z,2,REGULAR,rebound,offensive,[],203939,,,1610612742,30,40,2026-03-28T02:45:57Z,2240000,False,,,0,,D. Powell REBOUND (Off:1 Def:4),[203939],1610612742.0,DAL,,,,Powell,D. Powell,,,,,Restricted Area,0-8 Center,,,226.0,5.0,4.0,1.0,,,,,,,,,,,,,,
229,PT07M29.00S,2026-03-28T02:45:45.2Z,2,REGULAR,3pt,Jump Shot,"['fromturnover', '2ndchance']",1629023,12.828515111695138,1.9607843137254901,1610612742,30,43,2026-03-28T02:46:02Z,2250000,False,240.0,68.0,1,left,P. Washington 24' 3PT  (3 PTS) (D. Powell 2 AST),"[1629023, 203939]",1610612742.0,DAL,,,,Washington,P. Washington,,,,,Right Corner 3,24+ Right,24.97,Made,,,,,3.0,D. Powell,203939.0,2.0,,,,,,,,,,
230,PT07M29.00S,2026-03-28T02:45:52.3Z,2,REGULAR,timeout,full,"['team', 'mandatory']",0,,,1610612757,30,43,2026-03-28T02:45:52Z,2260000,False,,,0,,POR Timeout,[],1610612757.0,POR,,,,,,,,,,,,,,,,,,,,,,,,,,,,,,,
234,PT07M29.00S,2026-03-28T02:46:32.7Z,2,REGULAR,substitution,out,[],201950,,,1610612757,30,43,2026-03-28T02:48:41Z,2270000,False,,,0,,SUB out: J. Holiday,[201950],1610612757.0,POR,,,,Holiday,J. Holiday,,,,,,,,,,,,,,,,,,,,,,,,,,
235,PT07M29.00S,2026-03-28T02:46:32.7Z,2,REGULAR,substitution,out,[],1629057,,,1610612757,30,43,2026-03-28T02:48:41Z,2280000,False,,,0,,SUB out: R. Williams III,[1629057],1610612757.0,POR,,,,Williams III,R. Williams III,,,,,,,,,,,,,,,,,,,,,,,,,,
236,PT07M29.00S,2026-03-28T02:46:32.7Z,2,REGULAR,substitution,in,[],1642270,,,1610612757,30,43,2026-03-28T02:48:41Z,2290000,False,,,0,,SUB in: D. Clingan,[1642270],1610612757.0,POR,,,,Clingan,D. Clingan,,,,,,,,,,,,,,,,,,,,,,,,,,
237,PT07M29.00S,2026-03-28T02:46:32.7Z,2,REGULAR,substitution,in,[],1641739,,,1610612757,30,43,2026-03-28T02:48:41Z,2300000,False,,,0,,SUB in: T. Camara,[1641739],1610612757.0,POR,,,,Camara,T. Camara,,,,,,,,,,,,,,,,,,,,,,,,,,
238,PT07M20.00S,2026-03-28T02:48:56.6Z,2,REGULAR,foul,personal,['2freethrow'],203939,,,1610612757,30,43,2026-03-28T02:49:09Z,2310000,False,,,0,,D. Powell shooting personal FOUL (2 PF) (Grant 2 FT),"[203939, 203924]",1610612742.0,DAL,shooting,,,Powell,D. Powell,,,,,Restricted Area,0-8 Center,,,,,,,,,,,1628951.0,,2.0,0.0,Grant,203924.0,,,,
240,PT07M20.00S,2026-03-28T02:49:20.6Z,2,REGULAR,freethrow,1 of 2,[],203924,,,1610612757,31,43,2026-03-28T02:49:20Z,2330000,False,,,0,,J. Grant Free Throw 1 of 2 (10 PTS),[203924],1610612757.0,POR,,,,Grant,J. Grant,,,,,,,,Made,,,,,10.0,,,,,,,,,,,,,
241,PT07M20.00S,2026-03-28T02:49:35.3Z,2,REGULAR,freethrow,2 of 2,[],203924,,,1610612757,32,43,2026-03-28T02:49:35Z,2340000,False,,,0,,J. Grant Free Throw 2 of 2 (11 PTS),[203924],1610612757.0,POR,,,,Grant,J. Grant,,,,,,,,Made,,,,,11.0,,,,,,,,,,,,,
242,PT07M10.00S,2026-03-28T02:49:52.7Z,2,REGULAR,foul,personal,[],1631321,,,1610612742,32,43,2026-03-28T02:50:10Z,2350000,False,,,0,,S. Cissoko personal FOUL (1 PF),"[1631321, 1630230]",1610612757.0,POR,,,,Cissoko,S. Cissoko,,,,,Above the Break 3,24+ Right Center,,,,,,,,,,,1627539.0,,1.0,0.0,Marshall,1630230.0,,,,
244,PT06M59.00S,2026-03-28T02:50:15.7Z,2,REGULAR,2pt,Jump Shot,[],1630230,8.623521681997373,69.11764705882352,1610612742,32,45,2026-03-28T02:50:18Z,2370000,False,-96.0,29.0,1,left,N. Marshall 9' pullup Jump Shot (6 PTS),[1630230],1610612742.0,DAL,pullup,,,Marshall,N. Marshall,,,,,Mid-Range,8-16 Left,9.98,Made,,,,,6.0,,,,,,,,,,,,,
245,PT06M41.00S,2026-03-28T02:50:33.2Z,2,REGULAR,2pt,Layup,['pointsinthepaint'],1642270,93.77463863337714,48.03921568627451,1610612757,32,45,2026-03-28T02:50:36Z,2380000,False,-10.0,6.0,1,right,MISS D. Clingan cutting Layup,[1642270],1610612757.0,POR,cutting,,,Clingan,D. Clingan,,,,,Restricted Area,0-8 Center,1.15,Missed,,,,,,,,,,,,,,,,,,
246,PT06M38.00S,2026-03-28T02:50:36.2Z,2,REGULAR,rebound,defensive,[],1629023,,,1610612742,32,45,2026-03-28T02:50:36Z,2390000,False,,,0,,P. Washington REBOUND (Off:1 Def:3),[1629023],1610612742.0,DAL,,,,Washington,P. Washington,,,,,Restricted Area,0-8 Center,,,245.0,4.0,3.0,1.0,,,,,,,,,,,,,,
247,PT06M29.00S,2026-03-28T02:50:46.9Z,2,REGULAR,2pt,Jump Shot,['pointsinthepaint'],1630230,11.908672798948752,61.029411764705884,1610612742,32,47,2026-03-28T02:53:33Z,2400000,False,-55.0,59.0,1,left,N. Marshall 8' pullup Jump Shot (8 PTS) (R. Nembhard 1 AST),"[1630230, 1642948]",1610612742.0,DAL,pullup,,,Marshall,N. Marshall,,,,,In The Paint (Non-RA),8-16 Left,8.1,Made,,,,,8.0,R. Nembhard,1642948.0,1.0,,,,,,,,,,
249,PT06M15.00S,2026-03-28T02:50:58.8Z,2,REGULAR,2pt,Jump Shot,['pointsinthepaint'],1630166,87.20433639947439,41.17647058823529,1610612757,34,47,2026-03-28T02:51:02Z,2420000,False,-44.0,68.0,1,right,D. Avdija 8' driving floating Jump Shot (5 PTS),[1630166],1610612757.0,POR,driving floating,,,Avdija,D. Avdija,,,,,In The Paint (Non-RA),8-16 Left,8.09,Made,,,,,5.0,,,,,,,,,,,,,
250,PT05M55.00S,2026-03-28T02:51:19.7Z,2,REGULAR,foul,personal,['3freethrow'],1641739,,,1610612742,34,47,2026-03-28T02:51:28Z,2430000,False,,,0,,T. Camara shooting personal FOUL (1 PF) (Flagg 3 FT),"[1641739, 1642843]",1610612757.0,POR,shooting,,,Camara,T. Camara,,,,,Above the Break 3,24+ Right Center,,,,,,,,,,,1627539.0,,1.0,0.0,Flagg,1642843.0,,,,
252,PT05M55.00S,2026-03-28T02:51:51.1Z,2,REGULAR,freethrow,1 of 3,[],1642843,,,1610612742,34,48,2026-03-28T02:51:51Z,2450000,False,,,0,,C. Flagg Free Throw 1 of 3 (16 PTS),[1642843],1610612742.0,DAL,,,,Flagg,C. Flagg,,,,,,,,Made,,,,,16.0,,,,,,,,,,,,,
253,PT05M55.00S,2026-03-28T02:52:11.8Z,2,REGULAR,freethrow,2 of 3,[],1642843,,,1610612742,34,49,2026-03-28T02:52:11Z,2460000,False,,,0,,C. Flagg Free Throw 2 of 3 (17 PTS),[1642843],1610612742.0,DAL,,,,Flagg,C. Flagg,,,,,,,,Made,,,,,17.0,,,,,,,,,,,,,
254,PT05M55.00S,2026-03-28T02:52:12.4Z,2,REGULAR,substitution,out,[],203939,,,1610612742,34,49,2026-03-28T02:52:24Z,2470000,False,,,0,,SUB out: D. Powell,[203939],1610612742.0,DAL,,,,Powell,D. Powell,,,,,,,,,,,,,,,,,,,,,,,,,,
255,PT05M55.00S,2026-03-28T02:52:12.4Z,2,REGULAR,substitution,out,[],1642948,,,1610612742,34,49,2026-03-28T02:52:24Z,2480000,False,,,0,,SUB out: R. Nembhard,[1642948],1610612742.0,DAL,,,,Nembhard,R. Nembhard,,,,,,,,,,,,,,,,,,,,,,,,,,
256,PT05M55.00S,2026-03-28T02:52:12.4Z,2,REGULAR,substitution,in,[],1630314,,,1610612742,34,49,2026-03-28T02:52:24Z,2490000,False,,,0,,SUB in: B. Williams,[1630314],1610612742.0,DAL,,,,Williams,B. Williams,,,,,,,,,,,,,,,,,,,,,,,,,,
257,PT05M55.00S,2026-03-28T02:52:12.4Z,2,REGULAR,substitution,in,[],1628963,,,1610612742,34,49,2026-03-28T02:52:24Z,2500000,False,,,0,,SUB in: M. Bagley III,[1628963],1610612742.0,DAL,,,,Bagley III,M. Bagley III,,,,,,,,,,,,,,,,,,,,,,,,,,
258,PT05M55.00S,2026-03-28T02:52:30.2Z,2,REGULAR,freethrow,3 of 3,[],1642843,,,1610612742,34,50,2026-03-28T02:52:30Z,2510000,False,,,0,,C. Flagg Free Throw 3 of 3 (18 PTS),[1642843],1610612742.0,DAL,,,,Flagg,C. Flagg,,,,,,,,Made,,,,,18.0,,,,,,,,,,,,,
259,PT05M38.00S,2026-03-28T02:52:50.4Z,2,REGULAR,foul,personal,['2freethrow'],1628963,,,1610612757,34,50,2026-03-28T02:52:58Z,2520000,False,,,0,,M. Bagley III shooting personal FOUL (1 PF) (Grant 2 FT),"[1628963, 203924]",1610612742.0,DAL,shooting,,,Bagley III,M. Bagley III,,,,,Restricted Area,0-8 Center,,,,,,,,,,,1627539.0,,1.0,0.0,Grant,203924.0,,,,
261,PT05M38.00S,2026-03-28T02:53:13.7Z,2,REGULAR,freethrow,1 of 2,[],203924,,,1610612757,35,50,2026-03-28T02:53:13Z,2540000,False,,,0,,J. Grant Free Throw 1 of 2 (12 PTS),[203924],1610612757.0,POR,,,,Grant,J. Grant,,,,,,,,Made,,,,,12.0,,,,,,,,,,,,,
262,PT05M38.00S,2026-03-28T02:53:14.2Z,2,REGULAR,substitution,out,[],1642843,,,1610612757,35,50,2026-03-28T02:53:18Z,2550000,False,,,0,,SUB out: C. Flagg,[1642843],1610612742.0,DAL,,,,Flagg,C. Flagg,,,,,,,,,,,,,,,,,,,,,,,,,,
263,PT05M38.00S,2026-03-28T02:53:14.2Z,2,REGULAR,substitution,in,[],1642358,,,1610612757,35,50,2026-03-28T02:53:18Z,2560000,False,,,0,,SUB in: A. Johnson,[1642358],1610612742.0,DAL,,,,Johnson,A. Johnson,,,,,,,,,,,,,,,,,,,,,,,,,,
264,PT05M38.00S,2026-03-28T02:53:31.6Z,2,REGULAR,freethrow,2 of 2,[],203924,,,1610612757,36,50,2026-03-28T02:53:31Z,2570000,False,,,0,,J. Grant Free Throw 2 of 2 (13 PTS),[203924],1610612757.0,POR,,,,Grant,J. Grant,,,,,,,,Made,,,,,13.0,,,,,,,,,,,,,
265,PT05M27.00S,2026-03-28T02:53:48.4Z,2,REGULAR,foul,personal,"['inpenalty', '2freethrow']",1642270,,,1610612742,36,50,2026-03-28T02:53:55Z,2580000,False,,,0,,D. Clingan shooting personal FOUL (1 PF) (Bagley III 2 FT),"[1642270, 1628963]",1610612757.0,POR,shooting,,,Clingan,D. Clingan,,,,,Restricted Area,0-8 Center,,,,,,,,,,,1627539.0,,1.0,0.0,Bagley III,1628963.0,,,,
267,PT05M27.00S,2026-03-28T02:54:20.2Z,2,REGULAR,freethrow,1 of 2,[],1628963,,,1610612742,36,50,2026-03-28T02:54:20Z,2600000,False,,,0,,MISS M. Bagley III Free Throw 1 of 2,[1628963],1610612742.0,DAL,,,,Bagley III,M. Bagley III,,,,,,,,Missed,,,,,,,,,,,,,,,,,,
268,PT05M27.00S,2026-03-28T02:54:20.2Z,2,REGULAR,rebound,offensive,"['deadball', 'team']",0,,,1610612742,36,50,2026-03-28T02:54:20Z,2610000,False,,,0,,TEAM offensive REBOUND,[],1610612742.0,DAL,,,,,,,,,,,,,,267.0,,,,,,,,,,,,,,,,,
269,PT05M27.00S,2026-03-28T02:54:20.2Z,2,REGULAR,freethrow,2 of 2,[],1628963,,,1610612742,36,50,2026-03-28T02:54:43Z,2620000,False,,,0,,MISS M. Bagley III Free Throw 2 of 2,[1628963],1610612742.0,DAL,,,,Bagley III,M. Bagley III,,,,,,,,Missed,,,,,,,,,,,,,,,,,,
270,PT05M23.00S,2026-03-28T02:54:24.2Z,2,REGULAR,rebound,defensive,[],1641739,,,1610612757,36,50,2026-03-28T02:54:43Z,2630000,False,,,0,,T. Camara REBOUND (Off:0 Def:3),[1641739],1610612757.0,POR,,,,Camara,T. Camara,,,,,,,,,269.0,3.0,3.0,0.0,,,,,,,,,,,,,,
271,PT05M13.00S,2026-03-28T02:54:55.3Z,2,REGULAR,2pt,Layup,['pointsinthepaint'],1642270,83.26215505913272,37.00980392156863,1610612757,36,50,2026-03-28T02:55:53Z,2640000,False,-65.0,105.0,1,right,MISS D. Clingan 12' alley-oop Layup,[1642270],1610612757.0,POR,alley-oop,,,Clingan,D. Clingan,,,,,In The Paint (Non-RA),8-16 Left,12.33,Missed,,,,,,,,,,,,,,,,,,
272,PT05M11.00S,2026-03-28T02:54:57.3Z,2,REGULAR,rebound,defensive,[],1628963,,,1610612742,36,50,2026-03-28T02:55:53Z,2650000,False,,,0,,M. Bagley III REBOUND (Off:1 Def:2),[1628963],1610612742.0,DAL,,,,Bagley III,M. Bagley III,,,,,In The Paint (Non-RA),8-16 Left,,,271.0,3.0,2.0,1.0,,,,,,,,,,,,,,
273,PT05M07.00S,2026-03-28T02:55:01.7Z,2,REGULAR,2pt,Jump Shot,"['fastbreak', 'pointsinthepaint']",1630230,8.886333771353483,58.333333333333336,1610612742,36,50,2026-03-28T02:56:30Z,2660000,False,-42.0,31.0,1,left,MISS N. Marshall running pullup Shot - blocked,"[1630230, 1630166]",1610612742.0,DAL,running pullup,,,Marshall,N. Marshall,,,,,In The Paint (Non-RA),0-8 Center,5.2,Missed,,,,,,,,,,,,,,,Avdija,1630166.0,,
274,PT05M07.00S,2026-03-28T02:55:01.7Z,2,REGULAR,block,,[],1630166,,,1610612742,36,50,2026-03-28T02:55:28Z,2670000,False,,,0,,D. Avdija BLOCK (1 BLK),[1630166],1610612757.0,POR,,,,Avdija,D. Avdija,,,,,In The Paint (Non-RA),0-8 Center,,,,,,,,,,,,,,,,,,,,
275,PT05M06.00S,2026-03-28T02:55:02.7Z,2,REGULAR,rebound,defensive,[],1630166,,,1610612757,36,50,2026-03-28T02:56:30Z,2680000,False,,,0,,D. Avdija REBOUND (Off:0 Def:4),[1630166],1610612757.0,POR,,,,Avdija,D. Avdija,,,,,In The Paint (Non-RA),0-8 Center,,,273.0,4.0,4.0,0.0,,,,,,,,,,,,,,
276,PT04M55.00S,2026-03-28T02:55:09.4Z,2,REGULAR,3pt,Jump Shot,[],1641739,69.33311432325887,18.137254901960784,1610612757,36,50,2026-03-28T02:55:47Z,2690000,False,-159.0,236.0,1,right,MISS T. Camara 28' 3PT,[1641739],1610612757.0,POR,,,,Camara,T. Camara,,,,,Above the Break 3,24+ Left Center,28.46,Missed,,,,,,,,,,,,,,,,,,
277,PT04M54.00S,2026-03-28T02:55:12.2Z,2,REGULAR,rebound,offensive,[],1642270,,,1610612757,36,50,2026-03-28T02:55:12Z,2700000,False,,,0,,D. Clingan REBOUND (Off:3 Def:2),[1642270],1610612757.0,POR,,,,Clingan,D. Clingan,,,,,Above the Break 3,24+ Left Center,,,276.0,5.0,2.0,3.0,,,,,,,,,,,,,,
278,PT04M54.00S,2026-03-28T02:55:14.2Z,2,REGULAR,foul,personal,['2freethrow'],1628963,,,1610612757,36,50,2026-03-28T02:55:32Z,2710000,False,,,0,,M. Bagley III shooting personal FOUL (2 PF) (Clingan 2 FT),"[1628963, 1642270]",1610612742.0,DAL,shooting,,,Bagley III,M. Bagley III,,,,,Restricted Area,0-8 Center,,,,,,,,,,,1627539.0,,2.0,0.0,Clingan,1642270.0,,,,
280,PT04M54.00S,2026-03-28T02:55:35.7Z,2,REGULAR,freethrow,1 of 2,['2ndchance'],1642270,,,1610612757,36,50,2026-03-28T02:55:35Z,2730000,False,,,0,,MISS D. Clingan Free Throw 1 of 2,[1642270],1610612757.0,POR,,,,Clingan,D. Clingan,,,,,,,,Missed,,,,,,,,,,,,,,,,,,
281,PT04M54.00S,2026-03-28T02:55:35.7Z,2,REGULAR,rebound,offensive,"['deadball', 'team']",0,,,1610612757,36,50,2026-03-28T02:55:35Z,2740000,False,,,0,,TEAM offensive REBOUND,[],1610612757.0,POR,,,,,,,,,,,,,,280.0,,,,,,,,,,,,,,,,,
282,PT04M54.00S,2026-03-28T02:55:49.9Z,2,REGULAR,freethrow,2 of 2,['2ndchance'],1642270,,,1610612757,37,50,2026-03-28T02:55:49Z,2750000,False,,,0,,D. Clingan Free Throw 2 of 2 (1 PTS),[1642270],1610612757.0,POR,,,,Clingan,D. Clingan,,,,,,,,Made,,,,,1.0,,,,,,,,,,,,,
283,PT04M29.00S,2026-03-28T02:56:17.1Z,2,REGULAR,2pt,Layup,['pointsinthepaint'],1629023,6.521024967148489,54.166666666666664,1610612742,37,50,2026-03-28T02:58:15Z,2760000,False,-21.0,9.0,1,left,MISS P. Washington cutting Layup - blocked,"[1629023, 1642270]",1610612742.0,DAL,cutting,,,Washington,P. Washington,,,,,Restricted Area,0-8 Center,2.26,Missed,,,,,,,,,,,,,,,Clingan,1642270.0,,
284,PT04M29.00S,2026-03-28T02:56:17.1Z,2,REGULAR,block,,[],1642270,,,1610612742,37,50,2026-03-28T02:56:19Z,2770000,False,,,0,,D. Clingan BLOCK (1 BLK),[1642270],1610612757.0,POR,,,,Clingan,D. Clingan,,,,,Restricted Area,0-8 Center,,,,,,,,,,,,,,,,,,,,
285,PT04M26.00S,2026-03-28T02:56:20.1Z,2,REGULAR,rebound,defensive,[],1631321,,,1610612757,37,50,2026-03-28T02:56:23Z,2780000,False,,,0,,S. Cissoko REBOUND (Off:0 Def:1),[1631321],1610612757.0,POR,,,,Cissoko,S. Cissoko,,,,,Restricted Area,0-8 Center,,,283.0,1.0,1.0,0.0,,,,,,,,,,,,,,
286,PT04M26.00S,2026-03-28T02:56:20.1Z,2,REGULAR,turnover,bad pass,[],1631321,,,1610612757,37,50,2026-03-28T02:56:26Z,2790000,False,,,0,,S. Cissoko bad pass TURNOVER (1 TO),"[1631321, 1630230]",1610612757.0,POR,,,,Cissoko,S. Cissoko,,,,,Above the Break 3,24+ Center,,,,,,,,,,,,1.0,,,,,,,Marshall,1630230.0
287,PT04M26.00S,2026-03-28T02:56:20.1Z,2,REGULAR,steal,,[],1630230,,,1610612742,37,50,2026-03-28T02:56:21Z,2800000,False,,,0,,N. Marshall STEAL (4 STL),[1630230],1610612742.0,DAL,,,,Marshall,N. Marshall,,,,,Above the Break 3,24+ Center,,,,,,,,,,,,,,,,,,,,
288,PT04M25.00S,2026-03-28T02:56:25.5Z,2,REGULAR,2pt,Layup,"['pointsinthepaint', 'fromturnover']",1630230,6.915243101182654,49.754901960784316,1610612742,37,52,2026-03-28T02:56:42Z,2810000,False,1.0,13.0,1,left,N. Marshall driving Layup (10 PTS),[1630230],1610612742.0,DAL,driving,,,Marshall,N. Marshall,,,,,Restricted Area,0-8 Center,1.26,Made,,,,,10.0,,,,,,,,,,,,,
289,PT04M25.00S,2026-03-28T02:56:27.2Z,2,REGULAR,foul,personal,"['inpenalty', '1freethrow']",1641739,,,1610612742,37,52,2026-03-28T02:56:34Z,2820000,False,,,0,,T. Camara shooting personal FOUL (2 PF) (Marshall 1 FT),"[1641739, 1630230]",1610612757.0,POR,shooting,,,Camara,T. Camara,,,,,Restricted Area,0-8 Center,,,,,,,,,,,1627539.0,,2.0,0.0,Marshall,1630230.0,,,,
291,PT04M25.00S,2026-03-28T02:56:40.0Z,2,REGULAR,substitution,out,[],1631321,,,1610612742,37,52,2026-03-28T02:57:11Z,2840000,False,,,0,,SUB out: S. Cissoko,[1631321],1610612757.0,POR,,,,Cissoko,S. Cissoko,,,,,,,,,,,,,,,,,,,,,,,,,,
292,PT04M25.00S,2026-03-28T02:56:40.0Z,2,REGULAR,substitution,in,[],201950,,,1610612742,37,52,2026-03-28T02:57:11Z,2850000,False,,,0,,SUB in: J. Holiday,[201950],1610612757.0,POR,,,,Holiday,J. Holiday,,,,,,,,,,,,,,,,,,,,,,,,,,
293,PT04M25.00S,2026-03-28T02:57:10.8Z,2,REGULAR,freethrow,1 of 1,['fromturnover'],1630230,,,1610612742,37,52,2026-03-28T02:57:17Z,2860000,False,,,0,,MISS N. Marshall Free Throw 1 of 1,[1630230],1610612742.0,DAL,,,,Marshall,N. Marshall,,,,,,,,Missed,,,,,,,,,,,,,,,,,,
294,PT04M22.00S,2026-03-28T02:57:13.8Z,2,REGULAR,rebound,offensive,[],1628963,,,1610612742,37,52,2026-03-28T03:00:35Z,2870000,False,,,0,,M. Bagley III REBOUND (Off:2 Def:2),[1628963],1610612742.0,DAL,,,,Bagley III,M. Bagley III,,,,,,,,,293.0,4.0,2.0,2.0,,,,,,,,,,,,,,
295,PT04M18.00S,2026-03-28T02:57:15.7Z,2,REGULAR,2pt,Jump Shot,"['pointsinthepaint', 'fromturnover', '2ndchance']",1630230,13.87976346911958,49.754901960784316,1610612742,37,54,2026-03-28T02:57:22Z,2880000,False,1.0,78.0,1,left,N. Marshall 7' driving floating Jump Shot (12 PTS) (M. Bagley III 2 AST),"[1630230, 1628963]",1610612742.0,DAL,driving floating,,,Marshall,N. Marshall,,,,,In The Paint (Non-RA),0-8 Center,7.8,Made,,,,,12.0,M. Bagley III,1628963.0,2.0,,,,,,,,,,
297,PT04M01.00S,2026-03-28T02:57:34.1Z,2,REGULAR,foul,personal,['2freethrow'],1630314,,,1610612757,37,54,2026-03-28T02:57:44Z,2900000,False,,,0,,B. Williams shooting personal FOUL (1 PF) (Holiday 2 FT),"[1630314, 201950]",1610612742.0,DAL,shooting,,,Williams,B. Williams,,,,,In The Paint (Non-RA),8-16 Left,,,,,,,,,,,1628951.0,,1.0,0.0,Holiday,201950.0,,,,
299,PT04M01.00S,2026-03-28T02:57:54.6Z,2,REGULAR,freethrow,1 of 2,[],201950,,,1610612757,38,54,2026-03-28T02:57:54Z,2920000,False,,,0,,J. Holiday Free Throw 1 of 2 (11 PTS),[201950],1610612757.0,POR,,,,Holiday,J. Holiday,,,,,,,,Made,,,,,11.0,,,,,,,,,,,,,
300,PT04M01.00S,2026-03-28T02:57:55.3Z,2,REGULAR,substitution,out,[],1642270,,,1610612757,38,54,2026-03-28T02:58:00Z,2930000,False,,,0,,SUB out: D. Clingan,[1642270],1610612757.0,POR,,,,Clingan,D. Clingan,,,,,,,,,,,,,,,,,,,,,,,,,,
301,PT04M01.00S,2026-03-28T02:57:55.3Z,2,REGULAR,substitution,out,[],1642358,,,1610612757,38,54,2026-03-28T02:58:00Z,2940000,False,,,0,,SUB out: A. Johnson,[1642358],1610612742.0,DAL,,,,Johnson,A. Johnson,,,,,,,,,,,,,,,,,,,,,,,,,,
302,PT04M01.00S,2026-03-28T02:57:55.3Z,2,REGULAR,substitution,in,[],1629057,,,1610612757,38,54,2026-03-28T02:58:00Z,2950000,False,,,0,,SUB in: R. Williams III,[1629057],1610612757.0,POR,,,,Williams III,R. Williams III,,,,,,,,,,,,,,,,,,,,,,,,,,
303,PT04M01.00S,2026-03-28T02:57:55.3Z,2,REGULAR,substitution,in,[],1642843,,,1610612757,38,54,2026-03-28T02:58:00Z,2960000,False,,,0,,SUB in: C. Flagg,[1642843],1610612742.0,DAL,,,,Flagg,C. Flagg,,,,,,,,,,,,,,,,,,,,,,,,,,
304,PT04M01.00S,2026-03-28T02:58:11.9Z,2,REGULAR,freethrow,2 of 2,[],201950,,,1610612757,39,54,2026-03-28T02:58:11Z,2970000,False,,,0,,J. Holiday Free Throw 2 of 2 (12 PTS),[201950],1610612757.0,POR,,,,Holiday,J. Holiday,,,,,,,,Made,,,,,12.0,,,,,,,,,,,,,
305,PT03M51.00S,2026-03-28T02:58:26.8Z,2,REGULAR,foul,offensive,[],1629023,,,1610612742,39,54,2026-03-28T02:58:33Z,2980000,False,,,0,,P. Washington offensive FOUL (1 PF),"[1629023, 1641739]",1610612742.0,DAL,,,,Washington,P. Washington,,,,,Mid-Range,16-24 Left Center,,,,,,,,,,,202007.0,,1.0,0.0,Camara,1641739.0,,,,
307,PT03M51.00S,2026-03-28T02:58:26.8Z,2,REGULAR,turnover,offensive foul,[],1629023,,,1610612742,39,54,2026-03-28T02:58:26Z,3000000,False,,,0,,P. Washington offensive foul TURNOVER (1 TO),[1629023],1610612742.0,DAL,,,,Washington,P. Washington,,,,,Mid-Range,16-24 Left Center,,,,,,,,,,,202007.0,1.0,,,,,,,,
308,PT03M43.00S,2026-03-28T02:58:47.6Z,2,REGULAR,foul,personal,"['inpenalty', '2freethrow']",1630230,,,1610612757,39,54,2026-03-28T02:58:54Z,3010000,False,,,0,,N. Marshall shooting personal FOUL (1 PF) (Avdija 2 FT),"[1630230, 1630166]",1610612742.0,DAL,shooting,,,Marshall,N. Marshall,,,,,Restricted Area,0-8 Center,,,,,,,,,,,202007.0,,1.0,0.0,Avdija,1630166.0,,,,
310,PT03M43.00S,2026-03-28T02:59:14.5Z,2,REGULAR,freethrow,1 of 2,['fromturnover'],1630166,,,1610612757,39,54,2026-03-28T02:59:14Z,3030000,False,,,0,,MISS D. Avdija Free Throw 1 of 2,[1630166],1610612757.0,POR,,,,Avdija,D. Avdija,,,,,,,,Missed,,,,,,,,,,,,,,,,,,
311,PT03M43.00S,2026-03-28T02:59:14.5Z,2,REGULAR,rebound,offensive,"['deadball', 'team']",0,,,1610612757,39,54,2026-03-28T02:59:14Z,3040000,False,,,0,,TEAM offensive REBOUND,[],1610612757.0,POR,,,,,,,,,,,,,,310.0,,,,,,,,,,,,,,,,,
312,PT03M43.00S,2026-03-28T02:59:30.4Z,2,REGULAR,freethrow,2 of 2,['fromturnover'],1630166,,,1610612757,40,54,2026-03-28T02:59:30Z,3050000,False,,,0,,D. Avdija Free Throw 2 of 2 (6 PTS),[1630166],1610612757.0,POR,,,,Avdija,D. Avdija,,,,,,,,Made,,,,,6.0,,,,,,,,,,,,,
313,PT03M34.00S,2026-03-28T02:59:41.5Z,2,REGULAR,2pt,Layup,['pointsinthepaint'],1630314,6.389618922470433,56.127450980392155,1610612742,40,54,2026-03-28T02:59:47Z,3060000,False,-31.0,8.0,1,left,MISS B. Williams driving Layup,[1630314],1610612742.0,DAL,driving,,,Williams,B. Williams,,,,,Restricted Area,0-8 Center,3.15,Missed,,,,,,,,,,,,,,,,,,
315,PT03M34.00S,2026-03-28T02:59:41.5Z,2,REGULAR,rebound,defensive,['team'],0,,,1610612757,40,54,2026-03-28T02:59:47Z,3080000,False,,,0,,TEAM defensive REBOUND,[],1610612757.0,POR,,,,,,,,,,Restricted Area,0-8 Center,,,313.0,,,,,,,,,,,,,,,,,
317,PT03M19.00S,2026-03-28T03:00:01.9Z,2,REGULAR,2pt,Jump Shot,['pointsinthepaint'],1630166,82.47371879106439,58.08823529411765,1610612757,42,54,2026-03-28T03:00:27Z,3100000,False,40.0,112.0,1,right,D. Avdija 11' driving floating Jump Shot (8 PTS) (T. Camara 2 AST),"[1630166, 1641739]",1610612757.0,POR,driving floating,,,Avdija,D. Avdija,,,,,In The Paint (Non-RA),8-16 Center,11.93,Made,,,,,8.0,T. Camara,1641739.0,2.0,,,,,,,,,,
318,PT03M19.00S,2026-03-28T03:00:10.7Z,2,REGULAR,foul,personal,"['inpenalty', '1freethrow']",1630314,,,1610612757,42,54,2026-03-28T03:00:20Z,3110000,False,,,0,,B. Williams shooting personal FOUL (2 PF) (Avdija 1 FT),"[1630314, 1630166]",1610612742.0,DAL,shooting,,,Williams,B. Williams,,,,,In The Paint (Non-RA),8-16 Center,,,,,,,,,,,1627539.0,,2.0,0.0,Avdija,1630166.0,,,,
320,PT03M19.00S,2026-03-28T03:00:21.6Z,2,REGULAR,substitution,out,[],1630314,,,1610612757,42,54,2026-03-28T03:00:35Z,3130000,False,,,0,,SUB out: B. Williams,[1630314],1610612742.0,DAL,,,,Williams,B. Williams,,,,,,,,,,,,,,,,,,,,,,,,,,
321,PT03M19.00S,2026-03-28T03:00:21.6Z,2,REGULAR,substitution,in,[],1631108,,,1610612757,42,54,2026-03-28T03:00:35Z,3140000,False,,,0,,SUB in: M. Christie,[1631108],1610612742.0,DAL,,,,Christie,M. Christie,,,,,,,,,,,,,,,,,,,,,,,,,,
322,PT03M19.00S,2026-03-28T03:00:29.2Z,2,REGULAR,freethrow,1 of 1,[],1630166,,,1610612757,43,54,2026-03-28T03:00:29Z,3150000,False,,,0,,D. Avdija Free Throw 1 of 1 (9 PTS),[1630166],1610612757.0,POR,,,,Avdija,D. Avdija,,,,,,,,Made,,,,,9.0,,,,,,,,,,,,,
323,PT03M19.00S,2026-03-28T03:00:37.3Z,2,REGULAR,timeout,full,"['team', 'mandatory']",0,,,1610612742,43,54,2026-03-28T03:03:26Z,3160000,False,,,0,,DAL Timeout,[],1610612742.0,DAL,,,,,,,,,,,,,,,,,,,,,,,,,,,,,,,
325,PT03M19.00S,2026-03-28T03:01:18.1Z,2,REGULAR,substitution,out,[],203924,,,1610612742,43,54,2026-03-28T03:03:16Z,3170000,False,,,0,,SUB out: J. Grant,[203924],1610612757.0,POR,,,,Grant,J. Grant,,,,,,,,,,,,,,,,,,,,,,,,,,
326,PT03M19.00S,2026-03-28T03:01:18.1Z,2,REGULAR,substitution,in,[],1629680,,,1610612742,43,54,2026-03-28T03:03:16Z,3180000,False,,,0,,SUB in: M. Thybulle,[1629680],1610612757.0,POR,,,,Thybulle,M. Thybulle,,,,,,,,,,,,,,,,,,,,,,,,,,
327,PT02M58.00S,2026-03-28T03:03:47.4Z,2,REGULAR,2pt,Jump Shot,['pointsinthepaint'],1630230,15.062417871222076,59.80392156862745,1610612742,43,54,2026-03-28T03:03:51Z,3190000,False,-49.0,89.0,1,left,MISS N. Marshall 10' driving floating Shot,[1630230],1610612742.0,DAL,driving floating,,,Marshall,N. Marshall,,,,,In The Paint (Non-RA),8-16 Center,10.17,Missed,,,,,,,,,,,,,,,,,,
328,PT02M56.00S,2026-03-28T03:03:49.4Z,2,REGULAR,rebound,defensive,[],1630166,,,1610612757,43,54,2026-03-28T03:03:51Z,3200000,False,,,0,,D. Avdija REBOUND (Off:0 Def:5),[1630166],1610612757.0,POR,,,,Avdija,D. Avdija,,,,,In The Paint (Non-RA),8-16 Center,,,327.0,5.0,5.0,0.0,,,,,,,,,,,,,,
329,PT02M35.00S,2026-03-28T03:04:10.2Z,2,REGULAR,3pt,Jump Shot,[],1630166,93.11760840998686,95.58823529411765,1610612757,43,54,2026-03-28T03:04:15Z,3210000,False,228.0,12.0,1,right,MISS D. Avdija 3PT,[1630166],1610612757.0,POR,,,,Avdija,D. Avdija,,,,,Right Corner 3,24+ Right,22.82,Missed,,,,,,,,,,,,,,,,,,
330,PT02M33.00S,2026-03-28T03:04:12.2Z,2,REGULAR,rebound,defensive,['team'],0,,,1610612742,43,54,2026-03-28T03:04:15Z,3220000,False,,,0,,TEAM defensive REBOUND,[],1610612742.0,DAL,,,,,,,,,,Right Corner 3,24+ Right,,,329.0,,,,,,,,,,,,,,,,,
332,PT02M17.00S,2026-03-28T03:04:35.7Z,2,REGULAR,2pt,Jump Shot,[],1642843,22.552562417871222,42.40196078431372,1610612742,43,54,2026-03-28T03:04:40Z,3240000,False,38.0,159.0,1,left,MISS C. Flagg 16' pullup Shot,[1642843],1610612742.0,DAL,pullup,,,Flagg,C. Flagg,,,,,Mid-Range,16-24 Center,16.4,Missed,,,,,,,,,,,,,,,,,,
333,PT02M14.00S,2026-03-28T03:04:38.7Z,2,REGULAR,rebound,defensive,[],1630166,,,1610612757,43,54,2026-03-28T03:04:40Z,3250000,False,,,0,,D. Avdija REBOUND (Off:0 Def:6),[1630166],1610612757.0,POR,,,,Avdija,D. Avdija,,,,,Mid-Range,16-24 Center,,,332.0,6.0,6.0,0.0,,,,,,,,,,,,,,
334,PT02M05.00S,2026-03-28T03:04:47.5Z,2,REGULAR,2pt,DUNK,['pointsinthepaint'],1629057,93.77463863337714,46.568627450980394,1610612757,45,54,2026-03-28T03:04:50Z,3260000,False,-17.0,6.0,1,right,R. Williams III alley-oop DUNK (2 PTS) (D. Avdija 2 AST),"[1629057, 1630166]",1610612757.0,POR,alley-oop,,,Williams III,R. Williams III,,,,,Restricted Area,0-8 Center,1.82,Made,,,,,2.0,D. Avdija,1630166.0,2.0,,,,,,,,,,
336,PT01M59.00S,2026-03-28T03:05:00.4Z,2,REGULAR,foul,personal,"['inpenalty', '2freethrow']",1629057,,,1610612742,45,54,2026-03-28T03:05:05Z,3280000,False,,,0,,R. Williams III shooting personal FOUL (2 PF) (Flagg 2 FT),"[1629057, 1642843]",1610612757.0,POR,shooting,,,Williams III,R. Williams III,,,,,Restricted Area,0-8 Center,,,,,,,,,,,1628951.0,,2.0,1.0,Flagg,1642843.0,,,,
338,PT01M59.00S,2026-03-28T03:05:24.0Z,2,REGULAR,freethrow,1 of 2,[],1642843,,,1610612742,45,55,2026-03-28T03:05:24Z,3300000,False,,,0,,C. Flagg Free Throw 1 of 2 (19 PTS),[1642843],1610612742.0,DAL,,,,Flagg,C. Flagg,,,,,,,,Made,,,,,19.0,,,,,,,,,,,,,
339,PT01M59.00S,2026-03-28T03:05:40.5Z,2,REGULAR,freethrow,2 of 2,[],1642843,,,1610612742,45,56,2026-03-28T03:05:40Z,3310000,False,,,0,,C. Flagg Free Throw 2 of 2 (20 PTS),[1642843],1610612742.0,DAL,,,,Flagg,C. Flagg,,,,,,,,Made,,,,,20.0,,,,,,,,,,,,,
340,PT01M42.00S,2026-03-28T03:06:02.0Z,2,REGULAR,2pt,Jump Shot,['pointsinthepaint'],1629680,88.12417871222075,46.568627450980394,1610612757,45,56,2026-03-28T03:07:17Z,3320000,False,-17.0,59.0,1,right,MISS M. Thybulle 6' driving floating bank Shot,[1629680],1610612757.0,POR,driving floating bank,,,Thybulle,M. Thybulle,,,,,In The Paint (Non-RA),0-8 Center,6.16,Missed,,,,,,,,,,,,,,,,,,
341,PT01M41.00S,2026-03-28T03:06:03.0Z,2,REGULAR,rebound,offensive,[],1629057,,,1610612757,45,56,2026-03-28T03:07:17Z,3330000,False,,,0,,R. Williams III REBOUND (Off:2 Def:2),[1629057],1610612757.0,POR,,,,Williams III,R. Williams III,,,,,In The Paint (Non-RA),0-8 Center,,,340.0,4.0,2.0,2.0,,,,,,,,,,,,,,
342,PT01M40.00S,2026-03-28T03:06:04.7Z,2,REGULAR,2pt,Layup,"['2ndchance', 'pointsinthepaint']",1629057,94.40999984741211,50.0,1610612757,47,56,2026-03-28T03:07:21Z,3340000,False,0.0,0.0,1,right,R. Williams III tip Layup (4 PTS),[1629057],1610612757.0,POR,tip,,,Williams III,R. Williams III,,,,,Restricted Area,0-8 Center,0.0,Made,,,,,4.0,,,,,,,,,,,,,
343,PT01M27.00S,2026-03-28T03:06:16.7Z,2,REGULAR,2pt,Jump Shot,['pointsinthepaint'],1631108,8.229303547963205,53.431372549019606,1610612742,47,56,2026-03-28T03:07:58Z,3350000,False,-17.0,25.0,1,left,MISS M. Christie driving floating bank Shot - blocked,"[1631108, 1641739]",1610612742.0,DAL,driving floating bank,,,Christie,M. Christie,,,,,Restricted Area,0-8 Center,3.03,Missed,,,,,,,,,,,,,,,Camara,1641739.0,,
344,PT01M27.00S,2026-03-28T03:06:16.7Z,2,REGULAR,block,,[],1641739,,,1610612742,47,56,2026-03-28T03:06:18Z,3360000,False,,,0,,T. Camara BLOCK (1 BLK),[1641739],1610612757.0,POR,,,,Camara,T. Camara,,,,,Restricted Area,0-8 Center,,,,,,,,,,,,,,,,,,,,
345,PT01M25.00S,2026-03-28T03:06:18.7Z,2,REGULAR,rebound,defensive,[],1629057,,,1610612757,47,56,2026-03-28T03:07:58Z,3370000,False,,,0,,R. Williams III REBOUND (Off:2 Def:3),[1629057],1610612757.0,POR,,,,Williams III,R. Williams III,,,,,Restricted Area,0-8 Center,,,343.0,5.0,3.0,2.0,,,,,,,,,,,,,,
346,PT01M21.00S,2026-03-28T03:06:23.1Z,2,REGULAR,turnover,out-of-bounds,[],1629680,,,1610612757,47,56,2026-03-28T03:06:32Z,3380000,False,,,0,,M. Thybulle lost ball out-of-bounds TURNOVER (1 TO),[1629680],1610612757.0,POR,lost ball,,,Thybulle,M. Thybulle,,,,,Mid-Range,8-16 Left,,,,,,,,,,,1627539.0,1.0,,,,,,,,
347,PT01M21.00S,2026-03-28T03:06:29.9Z,2,REGULAR,substitution,out,[],1629057,,,1610612742,47,56,2026-03-28T03:06:32Z,3390000,False,,,0,,SUB out: R. Williams III,[1629057],1610612757.0,POR,,,,Williams III,R. Williams III,,,,,,,,,,,,,,,,,,,,,,,,,,
348,PT01M21.00S,2026-03-28T03:06:29.9Z,2,REGULAR,substitution,in,[],1642270,,,1610612742,47,56,2026-03-28T03:06:32Z,3400000,False,,,0,,SUB in: D. Clingan,[1642270],1610612757.0,POR,,,,Clingan,D. Clingan,,,,,,,,,,,,,,,,,,,,,,,,,,
349,PT01M12.00S,2026-03-28T03:06:43.7Z,2,REGULAR,turnover,bad pass,[],1642843,,,1610612742,47,56,2026-03-28T03:06:48Z,3410000,False,,,0,,C. Flagg bad pass TURNOVER (1 TO),"[1642843, 1629680]",1610612742.0,DAL,,,,Flagg,C. Flagg,,,,,Mid-Range,16-24 Center,,,,,,,,,,,,1.0,,,,,,,Thybulle,1629680.0
350,PT01M12.00S,2026-03-28T03:06:43.7Z,2,REGULAR,steal,,[],1629680,,,1610612757,47,56,2026-03-28T03:06:46Z,3420000,False,,,0,,M. Thybulle STEAL (1 STL),[1629680],1610612757.0,POR,,,,Thybulle,M. Thybulle,,,,,Mid-Range,16-24 Center,,,,,,,,,,,,,,,,,,,,
351,PT01M07.00S,2026-03-28T03:06:48.4Z,2,REGULAR,turnover,bad pass,[],1629680,,,1610612757,47,56,2026-03-28T03:06:52Z,3430000,False,,,0,,M. Thybulle bad pass TURNOVER (2 TO),"[1629680, 1642843]",1610612757.0,POR,,,,Thybulle,M. Thybulle,,,,,Above the Break 3,24+ Left Center,,,,,,,,,,,,2.0,,,,,,,Flagg,1642843.0
352,PT01M07.00S,2026-03-28T03:06:48.4Z,2,REGULAR,steal,,[],1642843,,,1610612742,47,56,2026-03-28T03:06:50Z,3440000,False,,,0,,C. Flagg STEAL (2 STL),[1642843],1610612742.0,DAL,,,,Flagg,C. Flagg,,,,,Above the Break 3,24+ Left Center,,,,,,,,,,,,,,,,,,,,
353,PT01M02.00S,2026-03-28T03:06:55.0Z,2,REGULAR,turnover,out-of-bounds,[],1631108,,,1610612742,47,56,2026-03-28T03:07:02Z,3450000,False,,,0,,M. Christie step out-of-bounds TURNOVER (2 TO),[1631108],1610612742.0,DAL,step,,,Christie,M. Christie,,,,,Right Corner 3,24+ Right,,,,,,,,,,,1627539.0,2.0,,,,,,,,
354,PT00M47.00S,2026-03-28T03:07:20.7Z,2,REGULAR,2pt,Layup,"['pointsinthepaint', 'fromturnover']",201950,94.56307490144546,47.30392156862745,1610612757,49,56,2026-03-28T03:07:40Z,3460000,False,-13.0,-1.0,1,right,J. Holiday reverse Layup (14 PTS) (D. Avdija 3 AST),"[201950, 1630166]",1610612757.0,POR,reverse,,,Holiday,J. Holiday,,,,,Restricted Area,0-8 Center,1.36,Made,,,,,14.0,D. Avdija,1630166.0,3.0,,,,,,,,,,
356,PT00M31.60S,2026-03-28T03:07:37.0Z,2,REGULAR,2pt,Layup,['pointsinthepaint'],1629023,6.389618922470433,52.450980392156865,1610612742,49,56,2026-03-28T03:07:44Z,3480000,False,-12.0,8.0,1,left,MISS P. Washington driving reverse Layup,[1629023],1610612742.0,DAL,driving reverse,,,Washington,P. Washington,,,,,Restricted Area,0-8 Center,1.45,Missed,,,,,,,,,,,,,,,,,,
357,PT00M31.60S,2026-03-28T03:07:37.0Z,2,REGULAR,rebound,defensive,[],1642270,,,1610612757,49,56,2026-03-28T03:07:44Z,3490000,False,,,0,,D. Clingan REBOUND (Off:3 Def:3),[1642270],1610612757.0,POR,,,,Clingan,D. Clingan,,,,,Restricted Area,0-8 Center,,,356.0,6.0,3.0,3.0,,,,,,,,,,,,,,
358,PT00M26.60S,2026-03-28T03:07:42.8Z,2,REGULAR,2pt,Layup,"['pointsinthepaint', 'fastbreak']",1630166,93.24901445466492,46.568627450980394,1610612757,51,56,2026-03-28T03:07:51Z,3500000,False,-17.0,11.0,1,right,D. Avdija running Layup (11 PTS),[1630166],1610612757.0,POR,running,,,Avdija,D. Avdija,,,,,Restricted Area,0-8 Center,2.04,Made,,,,,11.0,,,,,,,,,,,,,
359,PT00M21.00S,2026-03-28T03:07:49.7Z,2,REGULAR,3pt,Jump Shot,[],1631108,19.530223390275953,92.15686274509804,1610612742,51,56,2026-03-28T03:07:54Z,3510000,False,-211.0,131.0,1,left,MISS M. Christie 24' 3PT,[1631108],1610612742.0,DAL,,,,Christie,M. Christie,,,,,Above the Break 3,24+ Left Center,24.82,Missed,,,,,,,,,,,,,,,,,,
360,PT00M17.30S,2026-03-28T03:07:53.4Z,2,REGULAR,rebound,defensive,[],1642270,,,1610612757,51,56,2026-03-28T03:07:53Z,3520000,False,,,0,,D. Clingan REBOUND (Off:3 Def:4),[1642270],1610612757.0,POR,,,,Clingan,D. Clingan,,,,,Above the Break 3,24+ Left Center,,,359.0,7.0,4.0,3.0,,,,,,,,,,,,,,
361,PT00M00.60S,2026-03-28T03:08:10.2Z,2,REGULAR,2pt,Jump Shot,['pointsinthepaint'],1630166,91.27792378449409,58.57843137254902,1610612757,51,56,2026-03-28T03:08:13Z,3530000,False,43.0,29.0,1,right,MISS D. Avdija driving floating bank Shot,[1630166],1610612757.0,POR,driving floating bank,,,Avdija,D. Avdija,,,,,In The Paint (Non-RA),0-8 Center,5.21,Missed,,,,,,,,,,,,,,,,,,
362,PT00M00.60S,2026-03-28T03:08:10.2Z,2,REGULAR,rebound,defensive,[],1628963,,,1610612742,51,56,2026-03-28T03:08:13Z,3540000,False,,,0,,M. Bagley III REBOUND (Off:2 Def:3),[1628963],1610612742.0,DAL,,,,Bagley III,M. Bagley III,,,,,In The Paint (Non-RA),0-8 Center,,,361.0,5.0,3.0,2.0,,,,,,,,,,,,,,
363,PT00M00.00S,2026-03-28T03:08:15.4Z,2,REGULAR,period,end,[],0,,,1610612742,51,56,2026-03-28T03:08:15Z,3550000,False,,,0,,Period End,[],,,,,,,,,,,,,,,,,,,,,,,,,,,,,,,,,
364,PT12M00.00S,2026-03-28T03:22:16.7Z,3,REGULAR,substitution,out,['startperiod'],1629680,,,1610612742,51,56,2026-03-28T03:23:12Z,3560000,False,,,0,,SUB out: M. Thybulle,[1629680],1610612757.0,POR,,,,Thybulle,M. Thybulle,,,,,,,,,,,,,,,,,,,,,,,,,,
365,PT12M00.00S,2026-03-28T03:22:16.7Z,3,REGULAR,substitution,out,['startperiod'],1628963,,,1610612742,51,56,2026-03-28T03:23:12Z,3570000,False,,,0,,SUB out: M. Bagley III,[1628963],1610612742.0,DAL,,,,Bagley III,M. Bagley III,,,,,,,,,,,,,,,,,,,,,,,,,,
366,PT12M00.00S,2026-03-28T03:22:16.7Z,3,REGULAR,substitution,in,['startperiod'],203924,,,1610612742,51,56,2026-03-28T03:23:12Z,3580000,False,,,0,,SUB in: J. Grant,[203924],1610612757.0,POR,,,,Grant,J. Grant,,,,,,,,,,,,,,,,,,,,,,,,,,
367,PT12M00.00S,2026-03-28T03:22:16.7Z,3,REGULAR,substitution,in,['startperiod'],203939,,,1610612742,51,56,2026-03-28T03:23:12Z,3590000,False,,,0,,SUB in: D. Powell,[203939],1610612742.0,DAL,,,,Powell,D. Powell,,,,,,,,,,,,,,,,,,,,,,,,,,
368,PT12M00.00S,2026-03-28T03:23:25.7Z,3,REGULAR,period,start,[],0,,,1610612757,51,56,2026-03-28T03:23:25Z,3600000,False,,,0,,Period Start,[],,,,,,,,,,,,,,,,,,,,,,,,,,,,,,,,,
369,PT11M43.00S,2026-03-28T03:23:41.7Z,3,REGULAR,2pt,Layup,['pointsinthepaint'],1642270,8.09789750328515,49.50980392156863,1610612757,53,56,2026-03-28T03:23:44Z,3610000,False,2.0,24.0,1,left,D. Clingan cutting Layup (3 PTS) (D. Avdija 4 AST),"[1642270, 1630166]",1610612757.0,POR,cutting,,,Clingan,D. Clingan,,,,,Restricted Area,0-8 Center,2.37,Made,,,,,3.0,D. Avdija,1630166.0,4.0,,,,,,,,,,
371,PT11M18.00S,2026-03-28T03:24:08.6Z,3,REGULAR,foul,personal,['2freethrow'],203924,,,1610612742,53,56,2026-03-28T03:24:15Z,3630000,False,,,0,,J. Grant shooting personal FOUL (2 PF) (Christie 2 FT),"[203924, 1631108]",1610612757.0,POR,shooting,,,Grant,J. Grant,,,,,In The Paint (Non-RA),8-16 Left,,,,,,,,,,,202007.0,,2.0,0.0,Christie,1631108.0,,,,
373,PT11M18.00S,2026-03-28T03:24:39.5Z,3,REGULAR,freethrow,1 of 2,[],1631108,,,1610612742,53,57,2026-03-28T03:24:39Z,3650000,False,,,0,,M. Christie Free Throw 1 of 2 (4 PTS),[1631108],1610612742.0,DAL,,,,Christie,M. Christie,,,,,,,,Made,,,,,4.0,,,,,,,,,,,,,
374,PT11M18.00S,2026-03-28T03:24:58.9Z,3,REGULAR,freethrow,2 of 2,[],1631108,,,1610612742,53,58,2026-03-28T03:24:58Z,3660000,False,,,0,,M. Christie Free Throw 2 of 2 (5 PTS),[1631108],1610612742.0,DAL,,,,Christie,M. Christie,,,,,,,,Made,,,,,5.0,,,,,,,,,,,,,
375,PT11M06.00S,2026-03-28T03:25:13.3Z,3,REGULAR,foul,personal,['2freethrow'],1630230,,,1610612757,53,58,2026-03-28T03:25:25Z,3670000,False,,,0,,N. Marshall shooting personal FOUL (2 PF) (Holiday 2 FT),"[1630230, 201950]",1610612742.0,DAL,shooting,,,Marshall,N. Marshall,,,,,Restricted Area,0-8 Center,,,,,,,,,,,1627539.0,,2.0,0.0,Holiday,201950.0,,,,
377,PT11M06.00S,2026-03-28T03:25:40.7Z,3,REGULAR,freethrow,1 of 2,[],201950,,,1610612757,54,58,2026-03-28T03:25:40Z,3690000,False,,,0,,J. Holiday Free Throw 1 of 2 (15 PTS),[201950],1610612757.0,POR,,,,Holiday,J. Holiday,,,,,,,,Made,,,,,15.0,,,,,,,,,,,,,
378,PT11M06.00S,2026-03-28T03:25:55.2Z,3,REGULAR,freethrow,2 of 2,[],201950,,,1610612757,55,58,2026-03-28T03:25:55Z,3700000,False,,,0,,J. Holiday Free Throw 2 of 2 (16 PTS),[201950],1610612757.0,POR,,,,Holiday,J. Holiday,,,,,,,,Made,,,,,16.0,,,,,,,,,,,,,
379,PT10M57.00S,2026-03-28T03:26:04.9Z,3,REGULAR,2pt,Jump Shot,['pointsinthepaint'],1642843,83.78777923784494,50.98039215686274,1610612742,55,60,2026-03-28T03:26:10Z,3710000,False,5.0,100.0,1,right,C. Flagg 10' driving floating Jump Shot (22 PTS),[1642843],1610612742.0,DAL,driving floating,,,Flagg,C. Flagg,,,,,In The Paint (Non-RA),8-16 Center,10.0,Made,,,,,22.0,,,,,,,,,,,,,
380,PT10M41.00S,2026-03-28T03:26:19.8Z,3,REGULAR,3pt,Jump Shot,[],203924,14.931011826544022,4.6568627450980395,1610612757,58,60,2026-03-28T03:26:24Z,3720000,False,227.0,88.0,1,left,J. Grant 24' 3PT  (16 PTS) (D. Avdija 5 AST),"[203924, 1630166]",1610612757.0,POR,,,,Grant,J. Grant,,,,,Right Corner 3,24+ Right,24.31,Made,,,,,16.0,D. Avdija,1630166.0,5.0,,,,,,,,,,
382,PT10M27.00S,2026-03-28T03:26:37.7Z,3,REGULAR,2pt,Layup,['pointsinthepaint'],1642843,94.1688567674113,60.29411764705882,1610612742,58,60,2026-03-28T03:28:10Z,3740000,False,51.0,2.0,1,right,MISS C. Flagg cutting Layup,[1642843],1610612742.0,DAL,cutting,,,Flagg,C. Flagg,,,,,In The Paint (Non-RA),0-8 Center,5.16,Missed,,,,,,,,,,,,,,,,,,
383,PT10M25.00S,2026-03-28T03:26:39.7Z,3,REGULAR,rebound,defensive,[],1642270,,,1610612757,58,60,2026-03-28T03:28:10Z,3750000,False,,,0,,D. Clingan REBOUND (Off:3 Def:5),[1642270],1610612757.0,POR,,,,Clingan,D. Clingan,,,,,In The Paint (Non-RA),0-8 Center,,,382.0,8.0,5.0,3.0,,,,,,,,,,,,,,
384,PT10M17.00S,2026-03-28T03:26:43.9Z,3,REGULAR,3pt,Jump Shot,['fastbreak'],201950,26.757555847568987,18.38235294117647,1610612757,58,60,2026-03-28T03:28:32Z,3760000,False,158.0,199.0,1,left,MISS J. Holiday 25' running 3PT,[201950],1610612757.0,POR,running,,,Holiday,J. Holiday,,,,,Above the Break 3,24+ Right Center,25.42,Missed,,,,,,,,,,,,,,,,,,
385,PT10M16.00S,2026-03-28T03:26:44.9Z,3,REGULAR,rebound,defensive,['team'],0,,,1610612742,58,60,2026-03-28T03:26:57Z,3770000,False,,,0,,TEAM defensive REBOUND,[],1610612742.0,DAL,,,,,,,,,,Above the Break 3,24+ Right Center,,,384.0,,,,,,,,,,,,,,,,,
386,PT10M16.00S,2026-03-28T03:26:52.9Z,3,REGULAR,foul,personal,[],1642270,,,1610612742,58,60,2026-03-28T03:26:59Z,3780000,False,,,0,,D. Clingan loose ball personal FOUL (2 PF),"[1642270, 203939]",1610612757.0,POR,loose ball,,,Clingan,D. Clingan,,,,,Restricted Area,0-8 Center,,,,,,,,,,,1628951.0,,2.0,0.0,Powell,203939.0,,,,
388,PT10M01.00S,2026-03-28T03:27:17.9Z,3,REGULAR,2pt,Layup,['pointsinthepaint'],1629023,93.11760840998686,53.18627450980392,1610612742,58,62,2026-03-28T03:27:21Z,3800000,False,16.0,12.0,1,right,P. Washington driving Layup (5 PTS) (D. Powell 3 AST),"[1629023, 203939]",1610612742.0,DAL,driving,,,Washington,P. Washington,,,,,Restricted Area,0-8 Center,2.0,Made,,,,,5.0,D. Powell,203939.0,3.0,,,,,,,,,,
390,PT09M49.00S,2026-03-28T03:27:30.7Z,3,REGULAR,2pt,Layup,['pointsinthepaint'],1642270,6.258212877792378,49.26470588235294,1610612757,60,62,2026-03-28T03:27:35Z,3820000,False,4.0,6.0,1,left,D. Clingan reverse Layup (5 PTS) (J. Holiday 2 AST),"[1642270, 201950]",1610612757.0,POR,reverse,,,Clingan,D. Clingan,,,,,Restricted Area,0-8 Center,0.73,Made,,,,,5.0,J. Holiday,201950.0,2.0,,,,,,,,,,
392,PT09M43.00S,2026-03-28T03:27:37.6Z,3,REGULAR,foul,personal,['2freethrow'],1642270,,,1610612742,60,62,2026-03-28T03:27:43Z,3840000,False,,,0,,D. Clingan shooting personal FOUL (3 PF) (Powell 2 FT),"[1642270, 203939]",1610612757.0,POR,shooting,,,Clingan,D. Clingan,,,,,Restricted Area,0-8 Center,,,,,,,,,,,1627539.0,,3.0,0.0,Powell,203939.0,,,,
394,PT09M43.00S,2026-03-28T03:28:12.3Z,3,REGULAR,freethrow,1 of 2,[],203939,,,1610612742,60,62,2026-03-28T03:28:36Z,3860000,False,,,0,,MISS D. Powell Free Throw 1 of 2,[203939],1610612742.0,DAL,,,,Powell,D. Powell,,,,,,,,Missed,,,,,,,,,,,,,,,,,,
395,PT09M43.00S,2026-03-28T03:28:12.3Z,3,REGULAR,rebound,offensive,"['team', 'deadball']",0,,,1610612742,60,62,2026-03-28T03:28:36Z,3870000,False,,,0,,TEAM offensive REBOUND,[],1610612742.0,DAL,,,,,,,,,,,,,,394.0,,,,,,,,,,,,,,,,,
396,PT09M43.00S,2026-03-28T03:28:12.3Z,3,REGULAR,freethrow,2 of 2,[],203939,,,1610612742,60,62,2026-03-28T03:28:36Z,3880000,False,,,0,,MISS D. Powell Free Throw 2 of 2,[203939],1610612742.0,DAL,,,,Powell,D. Powell,,,,,,,,Missed,,,,,,,,,,,,,,,,,,
397,PT09M39.00S,2026-03-28T03:28:16.3Z,3,REGULAR,rebound,defensive,[],1630166,,,1610612757,60,62,2026-03-28T03:28:43Z,3890000,False,,,0,,D. Avdija REBOUND (Off:0 Def:7),[1630166],1610612757.0,POR,,,,Avdija,D. Avdija,,,,,,,,,396.0,7.0,7.0,0.0,,,,,,,,,,,,,,
398,PT09M29.00S,2026-03-28T03:28:45.8Z,3,REGULAR,foul,personal,['2freethrow'],1631108,,,1610612757,60,62,2026-03-28T03:28:52Z,3900000,False,,,0,,M. Christie shooting personal FOUL (2 PF) (Grant 2 FT),"[1631108, 203924]",1610612742.0,DAL,shooting,,,Christie,M. Christie,,,,,In The Paint (Non-RA),8-16 Left,,,,,,,,,,,1627539.0,,2.0,0.0,Grant,203924.0,,,,
400,PT09M29.00S,2026-03-28T03:29:12.9Z,3,REGULAR,freethrow,1 of 2,[],203924,,,1610612757,61,62,2026-03-28T03:29:12Z,3920000,False,,,0,,J. Grant Free Throw 1 of 2 (17 PTS),[203924],1610612757.0,POR,,,,Grant,J. Grant,,,,,,,,Made,,,,,17.0,,,,,,,,,,,,,
401,PT09M29.00S,2026-03-28T03:29:29.3Z,3,REGULAR,freethrow,2 of 2,[],203924,,,1610612757,62,62,2026-03-28T03:29:29Z,3930000,False,,,0,,J. Grant Free Throw 2 of 2 (18 PTS),[203924],1610612757.0,POR,,,,Grant,J. Grant,,,,,,,,Made,,,,,18.0,,,,,,,,,,,,,
402,PT09M13.00S,2026-03-28T03:29:45.4Z,3,REGULAR,3pt,Jump Shot,[],1631108,67.23061760840999,37.00980392156863,1610612742,62,62,2026-03-28T03:29:51Z,3940000,False,-65.0,256.0,1,right,MISS M. Christie 26' step back 3PT,[1631108],1610612742.0,DAL,step back,,,Christie,M. Christie,,,,,Above the Break 3,24+ Center,26.36,Missed,,,,,,,,,,,,,,,,,,
403,PT09M12.00S,2026-03-28T03:29:46.4Z,3,REGULAR,rebound,defensive,[],1642270,,,1610612757,62,62,2026-03-28T03:30:17Z,3950000,False,,,0,,D. Clingan REBOUND (Off:3 Def:6),[1642270],1610612757.0,POR,,,,Clingan,D. Clingan,,,,,Above the Break 3,24+ Center,,,402.0,9.0,6.0,3.0,,,,,,,,,,,,,,
404,PT09M11.00S,2026-03-28T03:29:51.1Z,3,REGULAR,turnover,lost ball,[],1642270,,,1610612757,62,62,2026-03-28T03:30:21Z,3960000,False,,,0,,D. Clingan lost ball TURNOVER (3 TO),"[1642270, 1630230]",1610612757.0,POR,,,,Clingan,D. Clingan,,,,,Restricted Area,0-8 Center,,,,,,,,,,,,3.0,,,,,,,Marshall,1630230.0
405,PT09M11.00S,2026-03-28T03:29:51.1Z,3,REGULAR,steal,,[],1630230,,,1610612742,62,62,2026-03-28T03:29:53Z,3970000,False,,,0,,N. Marshall STEAL (5 STL),[1630230],1610612742.0,DAL,,,,Marshall,N. Marshall,,,,,Restricted Area,0-8 Center,,,,,,,,,,,,,,,,,,,,
406,PT09M11.00S,2026-03-28T03:29:53.5Z,3,REGULAR,2pt,Layup,"['pointsinthepaint', 'fromturnover']",1630230,94.95729303547962,49.26470588235294,1610612742,62,64,2026-03-28T03:30:29Z,3980000,False,-4.0,-5.0,1,right,N. Marshall Layup (14 PTS),[1630230],1610612742.0,DAL,,,,Marshall,N. Marshall,,,,,Restricted Area,0-8 Center,0.63,Made,,,,,14.0,,,,,,,,,,,,,
407,PT08M53.00S,2026-03-28T03:30:05.7Z,3,REGULAR,2pt,Jump Shot,['pointsinthepaint'],1630166,13.87976346911958,36.51960784313725,1610612757,64,64,2026-03-28T03:30:16Z,3990000,False,67.0,78.0,1,left,D. Avdija 10' turnaround bank Jump Shot (13 PTS),[1630166],1610612757.0,POR,turnaround bank,,,Avdija,D. Avdija,,,,,In The Paint (Non-RA),8-16 Right,10.31,Made,,,,,13.0,,,,,,,,,,,,,
408,PT08M30.00S,2026-03-28T03:30:31.1Z,3,REGULAR,3pt,Jump Shot,[],1630230,72.09264126149803,20.098039215686274,1610612742,64,64,2026-03-28T03:31:26Z,4000000,False,-150.0,210.0,1,right,MISS N. Marshall 25' 3PT,[1630230],1610612742.0,DAL,,,,Marshall,N. Marshall,,,,,Above the Break 3,24+ Left Center,25.76,Missed,,,,,,,,,,,,,,,,,,
409,PT08M29.00S,2026-03-28T03:30:32.1Z,3,REGULAR,rebound,defensive,[],1642270,,,1610612757,64,64,2026-03-28T03:31:26Z,4010000,False,,,0,,D. Clingan REBOUND (Off:3 Def:7),[1642270],1610612757.0,POR,,,,Clingan,D. Clingan,,,,,Above the Break 3,24+ Left Center,,,408.0,10.0,7.0,3.0,,,,,,,,,,,,,,
410,PT08M15.00S,2026-03-28T03:30:44.2Z,3,REGULAR,2pt,Jump Shot,['pointsinthepaint'],201950,11.908672798948752,65.19607843137256,1610612757,64,64,2026-03-28T03:30:48Z,4020000,False,-76.0,59.0,1,left,MISS J. Holiday 9' turnaround Shot,[201950],1610612757.0,POR,turnaround,,,Holiday,J. Holiday,,,,,In The Paint (Non-RA),8-16 Left,9.65,Missed,,,,,,,,,,,,,,,,,,
411,PT08M13.00S,2026-03-28T03:30:46.2Z,3,REGULAR,rebound,offensive,[],203924,,,1610612757,64,64,2026-03-28T03:33:28Z,4030000,False,,,0,,J. Grant REBOUND (Off:2 Def:0),[203924],1610612757.0,POR,,,,Grant,J. Grant,,,,,In The Paint (Non-RA),8-16 Left,,,410.0,2.0,0.0,2.0,,,,,,,,,,,,,,
412,PT08M11.00S,2026-03-28T03:30:47.7Z,3,REGULAR,3pt,Jump Shot,['2ndchance'],203924,31.488173455978973,25.98039215686275,1610612757,64,64,2026-03-28T03:30:55Z,4040000,False,120.0,243.0,1,left,MISS J. Grant 27' 3PT,[203924],1610612757.0,POR,,,,Grant,J. Grant,,,,,Above the Break 3,24+ Right Center,27.15,Missed,,,,,,,,,,,,,,,,,,
413,PT08M11.00S,2026-03-28T03:30:47.7Z,3,REGULAR,rebound,offensive,['team'],0,,,1610612757,64,64,2026-03-28T03:30:55Z,4050000,False,,,0,,TEAM offensive REBOUND,[],1610612757.0,POR,,,,,,,,,,Above the Break 3,24+ Right Center,,,412.0,,,,,,,,,,,,,,,,,
414,PT08M11.00S,2026-03-28T03:30:55.3Z,3,REGULAR,foul,personal,[],203939,,,1610612757,64,64,2026-03-28T03:31:10Z,4060000,False,,,0,,D. Powell loose ball personal FOUL (3 PF),"[203939, 1642270]",1610612742.0,DAL,loose ball,,,Powell,D. Powell,,,,,Restricted Area,0-8 Center,,,,,,,,,,,1628951.0,,3.0,0.0,Clingan,1642270.0,,,,
416,PT08M11.00S,2026-03-28T03:31:01.5Z,3,REGULAR,substitution,out,[],203939,,,1610612757,64,64,2026-03-28T03:31:10Z,4080000,False,,,0,,SUB out: D. Powell,[203939],1610612742.0,DAL,,,,Powell,D. Powell,,,,,,,,,,,,,,,,,,,,,,,,,,
417,PT08M11.00S,2026-03-28T03:31:01.5Z,3,REGULAR,substitution,in,[],1628963,,,1610612757,64,64,2026-03-28T03:31:10Z,4090000,False,,,0,,SUB in: M. Bagley III,[1628963],1610612742.0,DAL,,,,Bagley III,M. Bagley III,,,,,,,,,,,,,,,,,,,,,,,,,,
418,PT07M59.00S,2026-03-28T03:31:28.1Z,3,REGULAR,2pt,Layup,"['pointsinthepaint', '2ndchance']",1641739,7.440867279894875,50.73529411764706,1610612757,64,64,2026-03-28T03:33:13Z,4100000,False,-4.0,17.0,1,left,MISS T. Camara cutting finger roll Layup,[1641739],1610612757.0,POR,cutting finger roll,,,Camara,T. Camara,,,,,Restricted Area,0-8 Center,1.78,Missed,,,,,,,,,,,,,,,,,,
419,PT07M58.00S,2026-03-28T03:31:29.1Z,3,REGULAR,rebound,offensive,[],1641739,,,1610612757,64,64,2026-03-28T03:33:13Z,4110000,False,,,0,,T. Camara REBOUND (Off:1 Def:3),[1641739],1610612757.0,POR,,,,Camara,T. Camara,,,,,Restricted Area,0-8 Center,,,418.0,4.0,3.0,1.0,,,,,,,,,,,,,,
420,PT07M57.00S,2026-03-28T03:31:31.0Z,3,REGULAR,2pt,Layup,"['2ndchance', 'pointsinthepaint']",1641739,5.590000152587891,50.0,1610612757,66,64,2026-03-28T03:33:17Z,4120000,False,0.0,0.0,1,left,T. Camara tip Layup (8 PTS),[1641739],1610612757.0,POR,tip,,,Camara,T. Camara,,,,,Restricted Area,0-8 Center,0.0,Made,,,,,8.0,,,,,,,,,,,,,
421,PT07M55.00S,2026-03-28T03:31:45.2Z,3,REGULAR,timeout,full,"['team', 'mandatory']",0,,,1610612742,66,64,2026-03-28T03:31:45Z,4130000,False,,,0,,DAL Timeout,[],1610612742.0,DAL,,,,,,,,,,,,,,,,,,,,,,,,,,,,,,,
422,PT07M41.00S,2026-03-28T03:34:51.7Z,3,REGULAR,foul,personal,[],1641739,,,1610612742,66,64,2026-03-28T03:34:59Z,4140000,False,,,0,,T. Camara personal FOUL (3 PF),"[1641739, 1628963]",1610612757.0,POR,,,,Camara,T. Camara,,,,,Above the Break 3,24+ Center,,,,,,,,,,,202007.0,,3.0,0.0,Bagley III,1628963.0,,,,
424,PT07M41.00S,2026-03-28T03:35:00.5Z,3,REGULAR,substitution,out,[],1631108,,,1610612742,66,64,2026-03-28T03:35:04Z,4160000,False,,,0,,SUB out: M. Christie,[1631108],1610612742.0,DAL,,,,Christie,M. Christie,,,,,,,,,,,,,,,,,,,,,,,,,,
425,PT07M41.00S,2026-03-28T03:35:00.5Z,3,REGULAR,substitution,out,[],1629023,,,1610612742,66,64,2026-03-28T03:35:04Z,4170000,False,,,0,,SUB out: P. Washington,[1629023],1610612742.0,DAL,,,,Washington,P. Washington,,,,,,,,,,,,,,,,,,,,,,,,,,
426,PT07M41.00S,2026-03-28T03:35:00.5Z,3,REGULAR,substitution,in,[],202691,,,1610612742,66,64,2026-03-28T03:35:04Z,4180000,False,,,0,,SUB in: K. Thompson,[202691],1610612742.0,DAL,,,,Thompson,K. Thompson,,,,,,,,,,,,,,,,,,,,,,,,,,
427,PT07M41.00S,2026-03-28T03:35:00.5Z,3,REGULAR,substitution,in,[],1630314,,,1610612742,66,64,2026-03-28T03:35:04Z,4190000,False,,,0,,SUB in: B. Williams,[1630314],1610612742.0,DAL,,,,Williams,B. Williams,,,,,,,,,,,,,,,,,,,,,,,,,,
428,PT07M34.00S,2026-03-28T03:35:14.1Z,3,REGULAR,2pt,Jump Shot,['pointsinthepaint'],1642843,84.57621550591328,50.73529411764706,1610612742,66,64,2026-03-28T03:35:18Z,4200000,False,4.0,92.0,1,right,MISS C. Flagg 9' driving floating Shot,[1642843],1610612742.0,DAL,driving floating,,,Flagg,C. Flagg,,,,,In The Paint (Non-RA),8-16 Center,9.26,Missed,,,,,,,,,,,,,,,,,,
429,PT07M31.00S,2026-03-28T03:35:17.1Z,3,REGULAR,rebound,defensive,[],1642270,,,1610612757,66,64,2026-03-28T03:35:18Z,4210000,False,,,0,,D. Clingan REBOUND (Off:3 Def:8),[1642270],1610612757.0,POR,,,,Clingan,D. Clingan,,,,,In The Paint (Non-RA),8-16 Center,,,428.0,11.0,8.0,3.0,,,,,,,,,,,,,,
430,PT07M14.00S,2026-03-28T03:35:36.0Z,3,REGULAR,2pt,Layup,['pointsinthepaint'],1642270,7.046649145860711,52.94117647058824,1610612757,66,64,2026-03-28T03:36:27Z,4220000,False,-15.0,14.0,1,left,MISS D. Clingan Layup,[1642270],1610612757.0,POR,,,,Clingan,D. Clingan,,,,,Restricted Area,0-8 Center,2.01,Missed,,,,,,,,,,,,,,,,,,
431,PT07M13.00S,2026-03-28T03:35:37.0Z,3,REGULAR,rebound,defensive,[],1628963,,,1610612742,66,64,2026-03-28T03:37:25Z,4230000,False,,,0,,M. Bagley III REBOUND (Off:2 Def:4),[1628963],1610612742.0,DAL,,,,Bagley III,M. Bagley III,,,,,Restricted Area,0-8 Center,,,430.0,6.0,4.0,2.0,,,,,,,,,,,,,,
432,PT06M59.00S,2026-03-28T03:35:49.2Z,3,REGULAR,3pt,Jump Shot,[],1628963,93.9060446780552,3.431372549019608,1610612742,66,67,2026-03-28T03:35:54Z,4240000,False,-233.0,5.0,1,right,M. Bagley III 3PT  (14 PTS) (K. Thompson 2 AST),"[1628963, 202691]",1610612742.0,DAL,,,,Bagley III,M. Bagley III,,,,,Left Corner 3,24+ Left,23.28,Made,,,,,14.0,K. Thompson,202691.0,2.0,,,,,,,,,,
434,PT06M37.00S,2026-03-28T03:36:16.3Z,3,REGULAR,turnover,double dribble,[],201950,,,1610612757,66,67,2026-03-28T03:36:30Z,4260000,False,,,0,,J. Holiday double dribble TURNOVER (2 TO),[201950],1610612757.0,POR,,,,Holiday,J. Holiday,,,,,Mid-Range,16-24 Center,,,,,,,,,,,1628951.0,2.0,,,,,,,,
435,PT06M37.00S,2026-03-28T03:36:18.4Z,3,REGULAR,substitution,out,[],1642270,,,1610612742,66,67,2026-03-28T03:36:23Z,4270000,False,,,0,,SUB out: D. Clingan,[1642270],1610612757.0,POR,,,,Clingan,D. Clingan,,,,,,,,,,,,,,,,,,,,,,,,,,
436,PT06M37.00S,2026-03-28T03:36:18.4Z,3,REGULAR,substitution,in,[],1631200,,,1610612742,66,67,2026-03-28T03:36:23Z,4280000,False,,,0,,SUB in: K. Murray,[1631200],1610612757.0,POR,,,,Murray,K. Murray,,,,,,,,,,,,,,,,,,,,,,,,,,
438,PT06M22.00S,2026-03-28T03:37:02.2Z,3,REGULAR,3pt,Jump Shot,['fromturnover'],202691,90.62089356110381,95.34313725490196,1610612742,66,67,2026-03-28T03:37:09Z,4300000,False,227.0,36.0,1,right,MISS K. Thompson pullup 3PT,[202691],1610612742.0,DAL,pullup,,,Thompson,K. Thompson,,,,,Right Corner 3,24+ Right,22.95,Missed,,,,,,,,,,,,,,,,,,
439,PT06M21.00S,2026-03-28T03:37:03.2Z,3,REGULAR,rebound,defensive,['team'],0,,,1610612757,66,67,2026-03-28T03:37:09Z,4310000,False,,,0,,TEAM defensive REBOUND,[],1610612757.0,POR,,,,,,,,,,Right Corner 3,24+ Right,,,438.0,,,,,,,,,,,,,,,,,
440,PT06M21.00S,2026-03-28T03:37:07.4Z,3,REGULAR,foul,personal,[],202691,,,1610612757,66,67,2026-03-28T03:37:18Z,4320000,False,,,0,,K. Thompson loose ball personal FOUL (1 PF),"[202691, 203924]",1610612742.0,DAL,loose ball,,,Thompson,K. Thompson,,,,,In The Paint (Non-RA),0-8 Center,,,,,,,,,,,202007.0,,1.0,0.0,Grant,203924.0,,,,
445,PT06M01.00S,2026-03-28T03:37:46.4Z,3,REGULAR,turnover,offensive goaltending,[],201950,,,1610612757,66,67,2026-03-28T03:37:54Z,4370000,False,,,0,,J. Holiday offensive goaltending TURNOVER (3 TO),[201950],1610612757.0,POR,,,,Holiday,J. Holiday,,,,,In The Paint (Non-RA),0-8 Center,,,,,,,,,,,202007.0,3.0,,,,,,,,
446,PT05M58.00S,2026-03-28T03:37:52.3Z,3,REGULAR,2pt,Jump Shot,"['pointsinthepaint', 'fromturnover']",1630230,88.64980289093299,35.78431372549019,1610612742,66,67,2026-03-28T03:39:11Z,4380000,False,-71.0,54.0,1,right,MISS N. Marshall 8' turnaround Shot,[1630230],1610612742.0,DAL,turnaround,,,Marshall,N. Marshall,,,,,In The Paint (Non-RA),8-16 Left,8.94,Missed,,,,,,,,,,,,,,,,,,
447,PT05M57.00S,2026-03-28T03:37:53.3Z,3,REGULAR,rebound,offensive,[],1628963,,,1610612742,66,67,2026-03-28T03:39:11Z,4390000,False,,,0,,M. Bagley III REBOUND (Off:3 Def:4),[1628963],1610612742.0,DAL,,,,Bagley III,M. Bagley III,,,,,In The Paint (Non-RA),8-16 Left,,,446.0,7.0,4.0,3.0,,,,,,,,,,,,,,
448,PT05M55.00S,2026-03-28T03:37:56.5Z,3,REGULAR,2pt,Layup,"['2ndchance', 'pointsinthepaint', 'fromturnover']",1628963,94.40999984741211,50.0,1610612742,66,69,2026-03-28T03:39:16Z,4400000,False,0.0,0.0,1,right,M. Bagley III tip Layup (16 PTS),[1628963],1610612742.0,DAL,tip,,,Bagley III,M. Bagley III,,,,,Restricted Area,0-8 Center,0.0,Made,,,,,16.0,,,,,,,,,,,,,
449,PT05M43.00S,2026-03-28T03:38:04.9Z,3,REGULAR,3pt,Jump Shot,[],1641739,6.389618922470433,96.32352941176471,1610612757,66,69,2026-03-28T03:38:08Z,4410000,False,-232.0,8.0,1,left,MISS T. Camara 3PT,[1641739],1610612757.0,POR,,,,Camara,T. Camara,,,,,Left Corner 3,24+ Left,23.17,Missed,,,,,,,,,,,,,,,,,,
450,PT05M40.00S,2026-03-28T03:38:07.9Z,3,REGULAR,rebound,defensive,[],1630230,,,1610612742,66,69,2026-03-28T03:38:08Z,4420000,False,,,0,,N. Marshall REBOUND (Off:0 Def:2),[1630230],1610612742.0,DAL,,,,Marshall,N. Marshall,,,,,Left Corner 3,24+ Left,,,449.0,2.0,2.0,0.0,,,,,,,,,,,,,,
451,PT05M30.00S,2026-03-28T03:38:18.1Z,3,REGULAR,2pt,Layup,['pointsinthepaint'],1628963,93.38042049934296,46.32352941176471,1610612742,66,71,2026-03-28T03:38:21Z,4430000,False,-18.0,10.0,1,right,M. Bagley III driving reverse Layup (18 PTS) (K. Thompson 3 AST),"[1628963, 202691]",1610612742.0,DAL,driving reverse,,,Bagley III,M. Bagley III,,,,,Restricted Area,0-8 Center,2.08,Made,,,,,18.0,K. Thompson,202691.0,3.0,,,,,,,,,,
453,PT05M17.00S,2026-03-28T03:38:30.6Z,3,REGULAR,3pt,Jump Shot,[],1630166,30.962549277266753,66.17647058823529,1610612757,66,71,2026-03-28T03:38:35Z,4450000,False,-81.0,239.0,1,left,MISS D. Avdija 25' step back 3PT,[1630166],1610612757.0,POR,step back,,,Avdija,D. Avdija,,,,,Above the Break 3,24+ Left Center,25.18,Missed,,,,,,,,,,,,,,,,,,
454,PT05M14.00S,2026-03-28T03:38:33.4Z,3,REGULAR,rebound,offensive,[],201950,,,1610612757,66,71,2026-03-28T03:38:33Z,4460000,False,,,0,,J. Holiday REBOUND (Off:1 Def:3),[201950],1610612757.0,POR,,,,Holiday,J. Holiday,,,,,Above the Break 3,24+ Left Center,,,453.0,4.0,3.0,1.0,,,,,,,,,,,,,,
455,PT05M13.00S,2026-03-28T03:38:37.7Z,3,REGULAR,turnover,double dribble,[],1641739,,,1610612757,66,71,2026-03-28T03:38:47Z,4470000,False,,,0,,T. Camara double dribble TURNOVER (1 TO),[1641739],1610612757.0,POR,,,,Camara,T. Camara,,,,,Right Corner 3,24+ Right,,,,,,,,,,,1627539.0,1.0,,,,,,,,
456,PT05M13.00S,2026-03-28T03:38:41.1Z,3,REGULAR,substitution,out,[],1630230,,,1610612742,66,71,2026-03-28T03:38:47Z,4480000,False,,,0,,SUB out: N. Marshall,[1630230],1610612742.0,DAL,,,,Marshall,N. Marshall,,,,,,,,,,,,,,,,,,,,,,,,,,
457,PT05M13.00S,2026-03-28T03:38:41.1Z,3,REGULAR,substitution,out,[],1642843,,,1610612742,66,71,2026-03-28T03:38:47Z,4490000,False,,,0,,SUB out: C. Flagg,[1642843],1610612742.0,DAL,,,,Flagg,C. Flagg,,,,,,,,,,,,,,,,,,,,,,,,,,
458,PT05M13.00S,2026-03-28T03:38:41.1Z,3,REGULAR,substitution,in,[],1641890,,,1610612742,66,71,2026-03-28T03:38:47Z,4500000,False,,,0,,SUB in: T. Smith,[1641890],1610612742.0,DAL,,,,Smith,T. Smith,,,,,,,,,,,,,,,,,,,,,,,,,,
459,PT05M13.00S,2026-03-28T03:38:41.1Z,3,REGULAR,substitution,in,[],1642358,,,1610612742,66,71,2026-03-28T03:38:47Z,4510000,False,,,0,,SUB in: A. Johnson,[1642358],1610612742.0,DAL,,,,Johnson,A. Johnson,,,,,,,,,,,,,,,,,,,,,,,,,,
460,PT05M03.00S,2026-03-28T03:39:01.0Z,3,REGULAR,2pt,Layup,"['pointsinthepaint', 'fromturnover']",1630314,92.85479632063075,44.85294117647059,1610612742,66,71,2026-03-28T03:39:19Z,4520000,False,-26.0,15.0,1,right,MISS B. Williams driving Layup - blocked,"[1630314, 1630166]",1610612742.0,DAL,driving,,,Williams,B. Williams,,,,,Restricted Area,0-8 Center,2.96,Missed,,,,,,,,,,,,,,,Avdija,1630166.0,,
461,PT05M03.00S,2026-03-28T03:39:01.0Z,3,REGULAR,block,,[],1630166,,,1610612742,66,71,2026-03-28T03:39:04Z,4530000,False,,,0,,D. Avdija BLOCK (2 BLK),[1630166],1610612757.0,POR,,,,Avdija,D. Avdija,,,,,Restricted Area,0-8 Center,,,,,,,,,,,,,,,,,,,,
462,PT05M01.00S,2026-03-28T03:39:03.0Z,3,REGULAR,rebound,defensive,['team'],0,,,1610612757,66,71,2026-03-28T03:39:19Z,4540000,False,,,0,,TEAM defensive REBOUND,[],1610612757.0,POR,,,,,,,,,,Restricted Area,0-8 Center,,,460.0,,,,,,,,,,,,,,,,,
464,PT04M50.00S,2026-03-28T03:39:21.7Z,3,REGULAR,2pt,DUNK,['pointsinthepaint'],1641739,6.258212877792378,48.529411764705884,1610612757,66,71,2026-03-28T03:39:24Z,4560000,False,7.0,6.0,1,left,MISS T. Camara cutting DUNK,[1641739],1610612757.0,POR,cutting,,,Camara,T. Camara,,,,,Restricted Area,0-8 Center,0.97,Missed,,,,,,,,,,,,,,,,,,
465,PT04M48.00S,2026-03-28T03:39:23.7Z,3,REGULAR,rebound,defensive,[],1630314,,,1610612742,66,71,2026-03-28T03:39:24Z,4570000,False,,,0,,B. Williams REBOUND (Off:0 Def:1),[1630314],1610612742.0,DAL,,,,Williams,B. Williams,,,,,Restricted Area,0-8 Center,,,464.0,1.0,1.0,0.0,,,,,,,,,,,,,,
466,PT04M40.00S,2026-03-28T03:39:31.0Z,3,REGULAR,3pt,Jump Shot,[],202691,70.12155059132719,20.588235294117645,1610612742,66,71,2026-03-28T03:39:33Z,4580000,False,-147.0,228.0,1,right,MISS K. Thompson 27' 3PT,[202691],1610612742.0,DAL,,,,Thompson,K. Thompson,,,,,Above the Break 3,24+ Left Center,27.17,Missed,,,,,,,,,,,,,,,,,,
467,PT04M39.00S,2026-03-28T03:39:32.0Z,3,REGULAR,rebound,defensive,[],203924,,,1610612757,66,71,2026-03-28T03:39:33Z,4590000,False,,,0,,J. Grant REBOUND (Off:2 Def:1),[203924],1610612757.0,POR,,,,Grant,J. Grant,,,,,Above the Break 3,24+ Left Center,,,466.0,3.0,1.0,2.0,,,,,,,,,,,,,,
468,PT04M31.00S,2026-03-28T03:39:40.7Z,3,REGULAR,2pt,Jump Shot,['pointsinthepaint'],201950,15.325229960578188,51.225490196078425,1610612757,68,71,2026-03-28T03:39:43Z,4600000,False,-6.0,92.0,1,left,J. Holiday 9' pullup Jump Shot (18 PTS),[201950],1610612757.0,POR,pullup,,,Holiday,J. Holiday,,,,,In The Paint (Non-RA),8-16 Center,9.18,Made,,,,,18.0,,,,,,,,,,,,,
469,PT04M13.00S,2026-03-28T03:39:58.2Z,3,REGULAR,2pt,Layup,['pointsinthepaint'],1630314,90.3580814717477,47.05882352941176,1610612742,68,71,2026-03-28T03:40:01Z,4610000,False,-15.0,38.0,1,right,MISS B. Williams driving finger roll Layup,[1630314],1610612742.0,DAL,driving finger roll,,,Williams,B. Williams,,,,,Restricted Area,0-8 Center,4.08,Missed,,,,,,,,,,,,,,,,,,
470,PT04M12.00S,2026-03-28T03:39:59.2Z,3,REGULAR,rebound,defensive,[],1630166,,,1610612757,68,71,2026-03-28T03:40:01Z,4620000,False,,,0,,D. Avdija REBOUND (Off:0 Def:8),[1630166],1610612757.0,POR,,,,Avdija,D. Avdija,,,,,Restricted Area,0-8 Center,,,469.0,8.0,8.0,0.0,,,,,,,,,,,,,,
471,PT04M10.00S,2026-03-28T03:40:03.3Z,3,REGULAR,2pt,Layup,"['fastbreak', 'pointsinthepaint']",1630166,6.652431011826544,48.28431372549019,1610612757,70,71,2026-03-28T03:42:09Z,4630000,False,9.0,10.0,1,left,D. Avdija running Layup (15 PTS),[1630166],1610612757.0,POR,running,,,Avdija,D. Avdija,,,,,Restricted Area,0-8 Center,1.32,Made,,,,,15.0,,,,,,,,,,,,,
472,PT04M09.00S,2026-03-28T03:40:17.1Z,3,REGULAR,timeout,full,"['team', 'mandatory']",0,,,1610612742,70,71,2026-03-28T03:40:17Z,4640000,False,,,0,,DAL Timeout,[],1610612742.0,DAL,,,,,,,,,,,,,,,,,,,,,,,,,,,,,,,
473,PT03M47.00S,2026-03-28T03:43:20.6Z,3,REGULAR,2pt,Jump Shot,[],202691,92.19776609724047,78.43137254901961,1610612742,70,71,2026-03-28T03:43:59Z,4650000,False,142.0,21.0,1,right,MISS K. Thompson 14' pullup Shot,[202691],1610612742.0,DAL,pullup,,,Thompson,K. Thompson,,,,,Mid-Range,8-16 Right,14.37,Missed,,,,,,,,,,,,,,,,,,
474,PT03M46.00S,2026-03-28T03:43:21.6Z,3,REGULAR,rebound,offensive,[],1641890,,,1610612742,70,71,2026-03-28T03:43:46Z,4660000,False,,,0,,T. Smith REBOUND (Off:1 Def:0),[1641890],1610612742.0,DAL,,,,Smith,T. Smith,,,,,Mid-Range,8-16 Right,,,473.0,1.0,0.0,1.0,,,,,,,,,,,,,,
475,PT03M44.00S,2026-03-28T03:43:50.6Z,3,REGULAR,jumpball,recovered,[],0,,,1610612742,70,71,2026-03-28T03:44:03Z,4670000,False,,,0,,Jump Ball J. Grant vs. T. Smith: Tip to Team (POR),"[203924, 1641890]",1610612757.0,POR,heldball,Team (POR),,,,Grant,203924.0,Smith,1641890.0,,,,,,,,,,,,,,,,,,,,,,
478,PT03M40.00S,2026-03-28T03:43:50.6Z,3,REGULAR,turnover,lost ball,[],1641890,,,1610612742,70,71,2026-03-28T03:43:50Z,4700000,False,,,0,,T. Smith lost ball TURNOVER (1 TO),"[1641890, 203924]",1610612742.0,DAL,,,,Smith,T. Smith,,,,,,,,,,,,,,,,,,1.0,,,,,,,Grant,203924.0
479,PT03M40.00S,2026-03-28T03:43:50.6Z,3,REGULAR,steal,,[],203924,,,1610612757,70,71,2026-03-28T03:43:50Z,4710000,False,,,0,,J. Grant STEAL (1 STL),[203924],1610612757.0,POR,,,,Grant,J. Grant,,,,,,,,,,,,,,,,,,,,,,,,,,
481,PT03M29.00S,2026-03-28T03:44:08.5Z,3,REGULAR,2pt,Layup,"['pointsinthepaint', 'fromturnover']",1630166,7.178055190538765,54.65686274509803,1610612757,70,71,2026-03-28T03:44:12Z,4730000,False,-23.0,15.0,1,left,MISS D. Avdija driving reverse Layup,[1630166],1610612757.0,POR,driving reverse,,,Avdija,D. Avdija,,,,,Restricted Area,0-8 Center,2.77,Missed,,,,,,,,,,,,,,,,,,
482,PT03M28.00S,2026-03-28T03:44:09.5Z,3,REGULAR,rebound,defensive,[],1641890,,,1610612742,70,71,2026-03-28T03:44:12Z,4740000,False,,,0,,T. Smith REBOUND (Off:1 Def:1),[1641890],1610612742.0,DAL,,,,Smith,T. Smith,,,,,Restricted Area,0-8 Center,,,481.0,2.0,1.0,1.0,,,,,,,,,,,,,,
483,PT03M25.00S,2026-03-28T03:44:13.1Z,3,REGULAR,2pt,Layup,"['pointsinthepaint', 'fastbreak']",1642358,93.51182654402102,46.81372549019608,1610612742,70,71,2026-03-28T03:44:20Z,4750000,False,-16.0,8.0,1,right,MISS A. Johnson running Layup - blocked,"[1642358, 203924]",1610612742.0,DAL,running,,,Johnson,A. Johnson,,,,,Restricted Area,0-8 Center,1.8,Missed,,,,,,,,,,,,,,,Grant,203924.0,,
484,PT03M25.00S,2026-03-28T03:44:13.1Z,3,REGULAR,block,,[],203924,,,1610612742,70,71,2026-03-28T03:44:14Z,4760000,False,,,0,,J. Grant BLOCK (2 BLK),[203924],1610612757.0,POR,,,,Grant,J. Grant,,,,,Restricted Area,0-8 Center,,,,,,,,,,,,,,,,,,,,
485,PT03M25.00S,2026-03-28T03:44:13.1Z,3,REGULAR,rebound,offensive,['team'],0,,,1610612742,70,71,2026-03-28T03:44:20Z,4770000,False,,,0,,TEAM offensive REBOUND,[],1610612742.0,DAL,,,,,,,,,,Restricted Area,0-8 Center,,,483.0,,,,,,,,,,,,,,,,,
487,PT03M20.00S,2026-03-28T03:44:38.2Z,3,REGULAR,foul,personal,"['inpenalty', '2freethrow']",1631200,,,1610612742,70,71,2026-03-28T03:44:46Z,4790000,False,,,0,,K. Murray shooting personal FOUL (2 PF) (Williams 2 FT),"[1631200, 1630314]",1610612757.0,POR,shooting,,,Murray,K. Murray,,,,,In The Paint (Non-RA),8-16 Center,,,,,,,,,,,1627539.0,,2.0,0.0,Williams,1630314.0,,,,
489,PT03M20.00S,2026-03-28T03:45:13.1Z,3,REGULAR,freethrow,1 of 2,['2ndchance'],1630314,,,1610612742,70,72,2026-03-28T03:45:13Z,4810000,False,,,0,,B. Williams Free Throw 1 of 2 (2 PTS),[1630314],1610612742.0,DAL,,,,Williams,B. Williams,,,,,,,,Made,,,,,2.0,,,,,,,,,,,,,
490,PT03M20.00S,2026-03-28T03:45:33.2Z,3,REGULAR,freethrow,2 of 2,['2ndchance'],1630314,,,1610612742,70,73,2026-03-28T03:45:33Z,4820000,False,,,0,,B. Williams Free Throw 2 of 2 (3 PTS),[1630314],1610612742.0,DAL,,,,Williams,B. Williams,,,,,,,,Made,,,,,3.0,,,,,,,,,,,,,
491,PT03M04.00S,2026-03-28T03:45:51.8Z,3,REGULAR,foul,personal,"['inpenalty', '2freethrow']",1630314,,,1610612757,70,73,2026-03-28T03:46:03Z,4830000,False,,,0,,B. Williams shooting personal FOUL (3 PF) (Grant 2 FT),"[1630314, 203924]",1610612742.0,DAL,shooting,,,Williams,B. Williams,,,,,Mid-Range,8-16 Right,,,,,,,,,,,202007.0,,3.0,0.0,Grant,203924.0,,,,
495,PT03M04.00S,2026-03-28T03:46:21.0Z,3,REGULAR,substitution,out,[],201950,,,1610612757,70,73,2026-03-28T03:46:28Z,4870000,False,,,0,,SUB out: J. Holiday,[201950],1610612757.0,POR,,,,Holiday,J. Holiday,,,,,,,,,,,,,,,,,,,,,,,,,,
496,PT03M04.00S,2026-03-28T03:46:21.0Z,3,REGULAR,substitution,out,[],1630166,,,1610612757,70,73,2026-03-28T03:46:28Z,4880000,False,,,0,,SUB out: D. Avdija,[1630166],1610612757.0,POR,,,,Avdija,D. Avdija,,,,,,,,,,,,,,,,,,,,,,,,,,
497,PT03M04.00S,2026-03-28T03:46:21.0Z,3,REGULAR,substitution,out,[],1641739,,,1610612757,70,73,2026-03-28T03:46:28Z,4890000,False,,,0,,SUB out: T. Camara,[1641739],1610612757.0,POR,,,,Camara,T. Camara,,,,,,,,,,,,,,,,,,,,,,,,,,
498,PT03M04.00S,2026-03-28T03:46:21.0Z,3,REGULAR,substitution,in,[],1630703,,,1610612757,70,73,2026-03-28T03:46:28Z,4900000,False,,,0,,SUB in: S. Henderson,[1630703],1610612757.0,POR,,,,Henderson,S. Henderson,,,,,,,,,,,,,,,,,,,,,,,,,,
499,PT03M04.00S,2026-03-28T03:46:21.0Z,3,REGULAR,substitution,in,[],1629680,,,1610612757,70,73,2026-03-28T03:46:28Z,4910000,False,,,0,,SUB in: M. Thybulle,[1629680],1610612757.0,POR,,,,Thybulle,M. Thybulle,,,,,,,,,,,,,,,,,,,,,,,,,,
500,PT03M04.00S,2026-03-28T03:46:21.0Z,3,REGULAR,substitution,in,[],1642270,,,1610612757,70,73,2026-03-28T03:46:28Z,4920000,False,,,0,,SUB in: D. Clingan,[1642270],1610612757.0,POR,,,,Clingan,D. Clingan,,,,,,,,,,,,,,,,,,,,,,,,,,
493,PT03M04.00S,2026-03-28T03:46:21.3Z,3,REGULAR,freethrow,1 of 2,[],203924,,,1610612757,70,73,2026-03-28T03:49:18Z,4922500,False,,,0,,MISS J. Grant Free Throw 1 of 2,[203924],1610612757.0,POR,,,,Grant,J. Grant,,,,,,,,Missed,,,,,,,,,,,,,,,,,,
494,PT03M04.00S,2026-03-28T03:46:21.3Z,3,REGULAR,rebound,offensive,"['team', 'deadball']",0,,,1610612757,70,73,2026-03-28T03:49:18Z,4923750,False,,,0,,TEAM offensive REBOUND,[],1610612757.0,POR,,,,,,,,,,,,,,493.0,,,,,,,,,,,,,,,,,
501,PT03M04.00S,2026-03-28T03:46:21.3Z,3,REGULAR,freethrow,2 of 2,[],203924,,,1610612757,70,73,2026-03-28T03:49:18Z,4924375,False,,,0,,MISS J. Grant Free Throw 2 of 2,[203924],1610612757.0,POR,,,,Grant,J. Grant,,,,,,,,Missed,,,,,,,,,,,,,,,,,,
502,PT03M01.00S,2026-03-28T03:46:24.3Z,3,REGULAR,rebound,offensive,[],203924,,,1610612757,70,73,2026-03-28T03:49:18Z,4924687,False,,,0,,J. Grant REBOUND (Off:3 Def:1),[203924],1610612757.0,POR,,,,Grant,J. Grant,,,,,,,,,501.0,4.0,1.0,3.0,,,,,,,,,,,,,,
503,PT02M49.00S,2026-03-28T03:46:59.5Z,3,REGULAR,2pt,Jump Shot,"['pointsinthepaint', '2ndchance']",1630703,12.434296977660972,50.0,1610612757,70,73,2026-03-28T03:48:32Z,4925000,False,0.0,64.0,1,left,MISS S. Henderson 6' turnaround Shot,[1630703],1610612757.0,POR,turnaround,,,Henderson,S. Henderson,,,,,In The Paint (Non-RA),0-8 Center,6.44,Missed,,,,,,,,,,,,,,,,,,
504,PT02M47.00S,2026-03-28T03:47:01.5Z,3,REGULAR,rebound,defensive,[],1628963,,,1610612742,70,73,2026-03-28T03:47:51Z,4927500,False,,,0,,M. Bagley III REBOUND (Off:3 Def:5),[1628963],1610612742.0,DAL,,,,Bagley III,M. Bagley III,,,,,In The Paint (Non-RA),0-8 Center,,,503.0,8.0,5.0,3.0,,,,,,,,,,,,,,
505,PT02M31.00S,2026-03-28T03:47:14.0Z,3,REGULAR,3pt,Jump Shot,[],1628963,72.35545335085413,78.67647058823529,1610612742,70,76,2026-03-28T03:47:17Z,4970000,False,143.0,207.0,1,right,M. Bagley III 25' 3PT  (21 PTS) (A. Johnson 1 AST),"[1628963, 1642358]",1610612742.0,DAL,,,,Bagley III,M. Bagley III,,,,,Above the Break 3,24+ Right Center,25.21,Made,,,,,21.0,A. Johnson,1642358.0,1.0,,,,,,,,,,
507,PT02M16.00S,2026-03-28T03:47:29.0Z,3,REGULAR,2pt,Layup,['pointsinthepaint'],1642270,7.966491458607096,50.98039215686274,1610612757,70,76,2026-03-28T03:48:21Z,4990000,False,-5.0,22.0,1,left,MISS D. Clingan cutting Layup - blocked,"[1642270, 1628963]",1610612757.0,POR,cutting,,,Clingan,D. Clingan,,,,,Restricted Area,0-8 Center,2.29,Missed,,,,,,,,,,,,,,,Bagley III,1628963.0,,
508,PT02M16.00S,2026-03-28T03:47:29.0Z,3,REGULAR,block,,[],1628963,,,1610612757,70,76,2026-03-28T03:47:31Z,5000000,False,,,0,,M. Bagley III BLOCK (1 BLK),[1628963],1610612742.0,DAL,,,,Bagley III,M. Bagley III,,,,,Restricted Area,0-8 Center,,,,,,,,,,,,,,,,,,,,
509,PT02M15.00S,2026-03-28T03:47:30.0Z,3,REGULAR,rebound,offensive,[],1642270,,,1610612757,70,76,2026-03-28T03:48:21Z,5010000,False,,,0,,D. Clingan REBOUND (Off:4 Def:8),[1642270],1610612757.0,POR,,,,Clingan,D. Clingan,,,,,Restricted Area,0-8 Center,,,507.0,12.0,8.0,4.0,,,,,,,,,,,,,,
510,PT02M15.00S,2026-03-28T03:47:32.8Z,3,REGULAR,foul,personal,"['inpenalty', '2freethrow']",1628963,,,1610612757,70,76,2026-03-28T03:47:38Z,5020000,False,,,0,,M. Bagley III shooting personal FOUL (3 PF) (Clingan 2 FT),"[1628963, 1642270]",1610612742.0,DAL,shooting,,,Bagley III,M. Bagley III,,,,,Restricted Area,0-8 Center,,,,,,,,,,,202007.0,,3.0,0.0,Clingan,1642270.0,,,,
512,PT02M15.00S,2026-03-28T03:47:55.4Z,3,REGULAR,freethrow,1 of 2,['2ndchance'],1642270,,,1610612757,71,76,2026-03-28T03:48:27Z,5040000,False,,,0,,D. Clingan Free Throw 1 of 2 (6 PTS),[1642270],1610612757.0,POR,,,,Clingan,D. Clingan,,,,,,,,Made,,,,,6.0,,,,,,,,,,,,,
513,PT02M15.00S,2026-03-28T03:48:04.3Z,3,REGULAR,substitution,out,[],1631200,,,1610612757,71,76,2026-03-28T03:48:10Z,5050000,False,,,0,,SUB out: K. Murray,[1631200],1610612757.0,POR,,,,Murray,K. Murray,,,,,,,,,,,,,,,,,,,,,,,,,,
514,PT02M15.00S,2026-03-28T03:48:04.3Z,3,REGULAR,substitution,in,[],1631321,,,1610612757,71,76,2026-03-28T03:48:10Z,5060000,False,,,0,,SUB in: S. Cissoko,[1631321],1610612757.0,POR,,,,Cissoko,S. Cissoko,,,,,,,,,,,,,,,,,,,,,,,,,,
515,PT02M15.00S,2026-03-28T03:47:55.4Z,3,REGULAR,freethrow,2 of 2,['2ndchance'],1642270,,,1610612757,71,76,2026-03-28T03:48:27Z,5070000,False,,,0,,MISS D. Clingan Free Throw 2 of 2,[1642270],1610612757.0,POR,,,,Clingan,D. Clingan,,,,,,,,Missed,,,,,,,,,,,,,,,,,,
516,PT02M12.00S,2026-03-28T03:47:58.4Z,3,REGULAR,rebound,defensive,[],1641890,,,1610612742,71,76,2026-03-28T03:48:27Z,5080000,False,,,0,,T. Smith REBOUND (Off:1 Def:2),[1641890],1610612742.0,DAL,,,,Smith,T. Smith,,,,,,,,,515.0,3.0,2.0,1.0,,,,,,,,,,,,,,
517,PT02M03.00S,2026-03-28T03:48:38.3Z,3,REGULAR,turnover,out-of-bounds,[],1630314,,,1610612742,71,76,2026-03-28T03:48:48Z,5090000,False,,,0,,B. Williams bad pass out-of-bounds TURNOVER (1 TO),[1630314],1610612742.0,DAL,bad pass,,,Williams,B. Williams,,,,,Mid-Range,16-24 Left Center,,,,,,,,,,,202007.0,1.0,,,,,,,,
518,PT01M54.00S,2026-03-28T03:48:50.3Z,3,REGULAR,3pt,Jump Shot,['fromturnover'],203924,31.09395532194481,32.84313725490196,1610612757,71,76,2026-03-28T03:49:00Z,5100000,False,86.0,240.0,1,left,MISS J. Grant 25' 3PT,[203924],1610612757.0,POR,,,,Grant,J. Grant,,,,,Above the Break 3,24+ Right Center,25.47,Missed,,,,,,,,,,,,,,,,,,
519,PT01M53.00S,2026-03-28T03:48:51.3Z,3,REGULAR,rebound,offensive,['team'],0,,,1610612757,71,76,2026-03-28T03:50:15Z,5110000,False,,,0,,TEAM offensive REBOUND,[],1610612757.0,POR,,,,,,,,,,Above the Break 3,24+ Right Center,,,518.0,,,,,,,,,,,,,,,,,
521,PT01M53.00S,2026-03-28T03:49:06.0Z,3,REGULAR,timeout,challenge,['team'],0,,,1610612757,71,76,2026-03-28T03:50:15Z,5130000,False,,,0,,POR Timeout,[],1610612757.0,POR,,,,,,,,,,,,,,,,,,,,,,,,,,,,,,,
549,PT01M53.00S,2026-03-28T03:50:02.5Z,3,REGULAR,substitution,out,[],1628963,,,1610612757,71,76,2026-03-28T03:55:11Z,5145000,False,,,0,,SUB out: M. Bagley III,[1628963],1610612742.0,DAL,,,,Bagley III,M. Bagley III,,,,,,,,,,,,,,,,,,,,,,,,,,
550,PT01M53.00S,2026-03-28T03:50:02.5Z,3,REGULAR,substitution,in,[],203939,,,1610612757,71,76,2026-03-28T03:55:11Z,5147500,False,,,0,,SUB in: D. Powell,[203939],1610612742.0,DAL,,,,Powell,D. Powell,,,,,,,,,,,,,,,,,,,,,,,,,,
523,PT01M41.00S,2026-03-28T03:50:56.8Z,3,REGULAR,3pt,Jump Shot,"['fromturnover', '2ndchance']",1629680,6.521024967148489,96.32352941176471,1610612757,71,76,2026-03-28T03:51:01Z,5150000,False,-232.0,9.0,1,left,MISS M. Thybulle 3PT,[1629680],1610612757.0,POR,,,,Thybulle,M. Thybulle,,,,,Left Corner 3,24+ Left,23.18,Missed,,,,,,,,,,,,,,,,,,
524,PT01M39.00S,2026-03-28T03:50:58.8Z,3,REGULAR,rebound,offensive,[],1642270,,,1610612757,71,76,2026-03-28T03:51:01Z,5160000,False,,,0,,D. Clingan REBOUND (Off:5 Def:8),[1642270],1610612757.0,POR,,,,Clingan,D. Clingan,,,,,Left Corner 3,24+ Left,,,523.0,13.0,8.0,5.0,,,,,,,,,,,,,,
525,PT01M32.00S,2026-03-28T03:51:07.9Z,3,REGULAR,foul,personal,"['inpenalty', '2freethrow']",1630314,,,1610612757,71,76,2026-03-28T03:51:15Z,5170000,False,,,0,,B. Williams shooting personal FOUL (4 PF) (Grant 2 FT),"[1630314, 203924]",1610612742.0,DAL,shooting,,,Williams,B. Williams,,,,,Restricted Area,0-8 Center,,,,,,,,,,,1628951.0,,4.0,0.0,Grant,203924.0,,,,
527,PT01M32.00S,2026-03-28T03:51:36.7Z,3,REGULAR,freethrow,1 of 2,"['fromturnover', '2ndchance']",203924,,,1610612757,71,76,2026-03-28T03:51:36Z,5190000,False,,,0,,MISS J. Grant Free Throw 1 of 2,[203924],1610612757.0,POR,,,,Grant,J. Grant,,,,,,,,Missed,,,,,,,,,,,,,,,,,,
528,PT01M32.00S,2026-03-28T03:51:36.7Z,3,REGULAR,rebound,offensive,"['deadball', 'team']",0,,,1610612757,71,76,2026-03-28T03:51:36Z,5200000,False,,,0,,TEAM offensive REBOUND,[],1610612757.0,POR,,,,,,,,,,,,,,527.0,,,,,,,,,,,,,,,,,
529,PT01M32.00S,2026-03-28T03:51:53.1Z,3,REGULAR,freethrow,2 of 2,"['fromturnover', '2ndchance']",203924,,,1610612757,72,76,2026-03-28T03:51:53Z,5210000,False,,,0,,J. Grant Free Throw 2 of 2 (19 PTS),[203924],1610612757.0,POR,,,,Grant,J. Grant,,,,,,,,Made,,,,,19.0,,,,,,,,,,,,,
530,PT01M16.00S,2026-03-28T03:52:13.0Z,3,REGULAR,3pt,Jump Shot,[],202691,70.51576872536137,25.735294117647058,1610612742,72,76,2026-03-28T03:52:17Z,5220000,False,-121.0,225.0,1,right,MISS K. Thompson 25' 3PT,[202691],1610612742.0,DAL,,,,Thompson,K. Thompson,,,,,Above the Break 3,24+ Left Center,25.54,Missed,,,,,,,,,,,,,,,,,,
531,PT01M14.00S,2026-03-28T03:52:15.0Z,3,REGULAR,rebound,defensive,[],1642270,,,1610612757,72,76,2026-03-28T03:52:43Z,5230000,False,,,0,,D. Clingan REBOUND (Off:5 Def:9),[1642270],1610612757.0,POR,,,,Clingan,D. Clingan,,,,,Above the Break 3,24+ Left Center,,,530.0,14.0,9.0,5.0,,,,,,,,,,,,,,
532,PT01M04.00S,2026-03-28T03:52:25.5Z,3,REGULAR,turnover,out-of-bounds,[],1630703,,,1610612757,72,76,2026-03-28T03:52:31Z,5240000,False,,,0,,S. Henderson bad pass out-of-bounds TURNOVER (3 TO),[1630703],1610612757.0,POR,bad pass,,,Henderson,S. Henderson,,,,,Above the Break 3,24+ Right Center,,,,,,,,,,,1627539.0,3.0,,,,,,,,
533,PT00M47.00S,2026-03-28T03:52:48.6Z,3,REGULAR,3pt,Jump Shot,['fromturnover'],202691,94.03745072273325,3.1862745098039214,1610612742,72,79,2026-03-28T03:52:53Z,5250000,False,-234.0,4.0,1,right,K. Thompson 3PT  (7 PTS) (B. Williams 3 AST),"[202691, 1630314]",1610612742.0,DAL,,,,Thompson,K. Thompson,,,,,Left Corner 3,24+ Left,23.41,Made,,,,,7.0,B. Williams,1630314.0,3.0,,,,,,,,,,
535,PT00M33.80S,2026-03-28T03:53:04.9Z,3,REGULAR,foul,personal,"['inpenalty', '2freethrow']",1630314,,,1610612757,72,79,2026-03-28T03:53:19Z,5270000,False,,,0,,B. Williams shooting personal FOUL (5 PF) (Henderson 2 FT),"[1630314, 1630703]",1610612742.0,DAL,shooting,,,Williams,B. Williams,,,,,In The Paint (Non-RA),0-8 Center,,,,,,,,,,,1628951.0,,5.0,0.0,Henderson,1630703.0,,,,
537,PT00M33.80S,2026-03-28T03:53:25.5Z,3,REGULAR,freethrow,1 of 2,[],1630703,,,1610612757,73,79,2026-03-28T03:53:25Z,5290000,False,,,0,,S. Henderson Free Throw 1 of 2 (3 PTS),[1630703],1610612757.0,POR,,,,Henderson,S. Henderson,,,,,,,,Made,,,,,3.0,,,,,,,,,,,,,
538,PT00M33.80S,2026-03-28T03:53:25.9Z,3,REGULAR,substitution,out,[],1630314,,,1610612757,73,79,2026-03-28T03:53:29Z,5300000,False,,,0,,SUB out: B. Williams,[1630314],1610612742.0,DAL,,,,Williams,B. Williams,,,,,,,,,,,,,,,,,,,,,,,,,,
539,PT00M33.80S,2026-03-28T03:53:25.9Z,3,REGULAR,substitution,in,[],1642948,,,1610612757,73,79,2026-03-28T03:53:29Z,5310000,False,,,0,,SUB in: R. Nembhard,[1642948],1610612742.0,DAL,,,,Nembhard,R. Nembhard,,,,,,,,,,,,,,,,,,,,,,,,,,
540,PT00M33.80S,2026-03-28T03:53:38.5Z,3,REGULAR,freethrow,2 of 2,[],1630703,,,1610612757,74,79,2026-03-28T03:53:38Z,5320000,False,,,0,,S. Henderson Free Throw 2 of 2 (4 PTS),[1630703],1610612757.0,POR,,,,Henderson,S. Henderson,,,,,,,,Made,,,,,4.0,,,,,,,,,,,,,
542,PT00M21.30S,2026-03-28T03:53:55.0Z,3,REGULAR,turnover,bad pass,[],203939,,,1610612742,74,79,2026-03-28T03:54:50Z,5340000,False,,,0,,D. Powell bad pass TURNOVER (2 TO),"[203939, 1630703]",1610612742.0,DAL,,,,Powell,D. Powell,,,,,Above the Break 3,24+ Left Center,,,,,,,,,,,,2.0,,,,,,,Henderson,1630703.0
543,PT00M21.30S,2026-03-28T03:53:55.0Z,3,REGULAR,steal,,[],1630703,,,1610612757,74,79,2026-03-28T03:53:57Z,5350000,False,,,0,,S. Henderson STEAL (1 STL),[1630703],1610612757.0,POR,,,,Henderson,S. Henderson,,,,,Above the Break 3,24+ Left Center,,,,,,,,,,,,,,,,,,,,
544,PT00M18.40S,2026-03-28T03:53:58.5Z,3,REGULAR,2pt,Layup,"['pointsinthepaint', 'fromturnover', 'fastbreak', 'defensivegoaltending']",1630703,6.389618922470433,47.30392156862745,1610612757,76,79,2026-03-28T03:54:14Z,5360000,False,13.0,8.0,1,left,S. Henderson running Layup (6 PTS),[1630703],1610612757.0,POR,running,,,Henderson,S. Henderson,,,,,Restricted Area,0-8 Center,1.55,Made,,,,,6.0,,,,,,,,,,,,,
545,PT00M18.40S,2026-03-28T03:54:00.7Z,3,REGULAR,violation,defensive goaltending,[],1642358,,,1610612757,76,79,2026-03-28T03:54:14Z,5370000,False,,,0,,A. Johnson defensive goaltending VIOLATION,[1642358],1610612742.0,DAL,,,,Johnson,A. Johnson,,,,,,,,,,,,,,,,,1627539.0,,,,,,,,,
546,PT00M00.80S,2026-03-28T03:54:34.9Z,3,REGULAR,turnover,lost ball,[],1642948,,,1610612742,76,79,2026-03-28T03:55:43Z,5380000,False,,,0,,R. Nembhard lost ball TURNOVER (2 TO),"[1642948, 1630703]",1610612742.0,DAL,,,,Nembhard,R. Nembhard,,,,,Above the Break 3,24+ Left Center,,,,,,,,,,,,2.0,,,,,,,Henderson,1630703.0
547,PT00M00.80S,2026-03-28T03:54:34.9Z,3,REGULAR,steal,,[],1630703,,,1610612757,76,79,2026-03-28T03:54:38Z,5390000,False,,,0,,S. Henderson STEAL (2 STL),[1630703],1610612757.0,POR,,,,Henderson,S. Henderson,,,,,Above the Break 3,24+ Left Center,,,,,,,,,,,,,,,,,,,,
548,PT00M00.00S,2026-03-28T03:54:40.5Z,3,REGULAR,period,end,[],0,,,1610612757,76,79,2026-03-28T03:54:40Z,5400000,False,,,0,,Period End,[],,,,,,,,,,,,,,,,,,,,,,,,,,,,,,,,,
551,PT12M00.00S,2026-03-28T03:56:46.2Z,4,REGULAR,substitution,out,['startperiod'],203924,,,1610612757,76,79,2026-03-28T03:57:08Z,5410000,False,,,0,,SUB out: J. Grant,[203924],1610612757.0,POR,,,,Grant,J. Grant,,,,,,,,,,,,,,,,,,,,,,,,,,
552,PT12M00.00S,2026-03-28T03:56:46.2Z,4,REGULAR,substitution,out,['startperiod'],1642358,,,1610612757,76,79,2026-03-28T03:57:08Z,5420000,False,,,0,,SUB out: A. Johnson,[1642358],1610612742.0,DAL,,,,Johnson,A. Johnson,,,,,,,,,,,,,,,,,,,,,,,,,,
553,PT12M00.00S,2026-03-28T03:56:46.2Z,4,REGULAR,substitution,out,['startperiod'],1641890,,,1610612757,76,79,2026-03-28T03:57:08Z,5430000,False,,,0,,SUB out: T. Smith,[1641890],1610612742.0,DAL,,,,Smith,T. Smith,,,,,,,,,,,,,,,,,,,,,,,,,,
554,PT12M00.00S,2026-03-28T03:56:46.2Z,4,REGULAR,substitution,in,['startperiod'],1630166,,,1610612757,76,79,2026-03-28T03:57:08Z,5440000,False,,,0,,SUB in: D. Avdija,[1630166],1610612757.0,POR,,,,Avdija,D. Avdija,,,,,,,,,,,,,,,,,,,,,,,,,,
555,PT12M00.00S,2026-03-28T03:56:46.2Z,4,REGULAR,substitution,in,['startperiod'],1642843,,,1610612757,76,79,2026-03-28T03:57:08Z,5450000,False,,,0,,SUB in: C. Flagg,[1642843],1610612742.0,DAL,,,,Flagg,C. Flagg,,,,,,,,,,,,,,,,,,,,,,,,,,
556,PT12M00.00S,2026-03-28T03:56:46.2Z,4,REGULAR,substitution,in,['startperiod'],1631108,,,1610612757,76,79,2026-03-28T03:57:08Z,5460000,False,,,0,,SUB in: M. Christie,[1631108],1610612742.0,DAL,,,,Christie,M. Christie,,,,,,,,,,,,,,,,,,,,,,,,,,
557,PT12M00.00S,2026-03-28T03:57:13.6Z,4,REGULAR,period,start,[],0,,,1610612742,76,79,2026-03-28T03:57:13Z,5470000,False,,,0,,Period Start,[],,,,,,,,,,,,,,,,,,,,,,,,,,,,,,,,,
558,PT11M51.00S,2026-03-28T03:57:24.0Z,4,REGULAR,foul,personal,[],1631321,,,1610612742,76,79,2026-03-28T03:57:42Z,5480000,False,,,0,,S. Cissoko personal FOUL (2 PF),"[1631321, 1642843]",1610612757.0,POR,,,,Cissoko,S. Cissoko,,,,,Above the Break 3,24+ Center,,,,,,,,,,,202007.0,,2.0,0.0,Flagg,1642843.0,,,,
560,PT11M41.00S,2026-03-28T03:57:45.7Z,4,REGULAR,2pt,Jump Shot,[],202691,77.87450722733246,66.66666666666666,1610612742,76,79,2026-03-28T03:57:49Z,5500000,False,83.0,155.0,1,right,MISS K. Thompson 17' pullup Shot,[202691],1610612742.0,DAL,pullup,,,Thompson,K. Thompson,,,,,Mid-Range,16-24 Right Center,17.64,Missed,,,,,,,,,,,,,,,,,,
561,PT11M38.00S,2026-03-28T03:57:48.7Z,4,REGULAR,rebound,defensive,[],1630703,,,1610612757,76,79,2026-03-28T03:57:49Z,5510000,False,,,0,,S. Henderson REBOUND (Off:0 Def:1),[1630703],1610612757.0,POR,,,,Henderson,S. Henderson,,,,,Mid-Range,16-24 Right Center,,,560.0,1.0,1.0,0.0,,,,,,,,,,,,,,
562,PT11M34.00S,2026-03-28T03:57:54.1Z,4,REGULAR,3pt,Jump Shot,[],1631321,7.966491458607096,3.431372549019608,1610612757,76,79,2026-03-28T03:58:39Z,5520000,False,233.0,22.0,1,left,MISS S. Cissoko 3PT,[1631321],1610612757.0,POR,,,,Cissoko,S. Cissoko,,,,,Right Corner 3,24+ Right,23.39,Missed,,,,,,,,,,,,,,,,,,
563,PT11M31.00S,2026-03-28T03:57:57.1Z,4,REGULAR,rebound,defensive,[],1642948,,,1610612742,76,79,2026-03-28T03:58:39Z,5530000,False,,,0,,R. Nembhard REBOUND (Off:0 Def:2),[1642948],1610612742.0,DAL,,,,Nembhard,R. Nembhard,,,,,Right Corner 3,24+ Right,,,562.0,2.0,2.0,0.0,,,,,,,,,,,,,,
564,PT11M24.00S,2026-03-28T03:58:02.4Z,4,REGULAR,3pt,Jump Shot,[],1631108,94.43166885676742,2.941176470588235,1610612742,76,79,2026-03-28T03:58:07Z,5540000,False,-235.0,0.0,1,right,MISS M. Christie 3PT,[1631108],1610612742.0,DAL,,,,Christie,M. Christie,,,,,Left Corner 3,24+ Left,23.53,Missed,,,,,,,,,,,,,,,,,,
565,PT11M21.00S,2026-03-28T03:58:05.4Z,4,REGULAR,rebound,defensive,[],1642270,,,1610612757,76,79,2026-03-28T03:58:07Z,5550000,False,,,0,,D. Clingan REBOUND (Off:5 Def:10),[1642270],1610612757.0,POR,,,,Clingan,D. Clingan,,,,,Left Corner 3,24+ Left,,,564.0,15.0,10.0,5.0,,,,,,,,,,,,,,
566,PT11M04.00S,2026-03-28T03:58:22.5Z,4,REGULAR,3pt,Jump Shot,[],1630703,21.107095926412615,8.333333333333332,1610612757,76,79,2026-03-28T03:58:26Z,5560000,False,208.0,146.0,1,left,MISS S. Henderson 25' step back 3PT,[1630703],1610612757.0,POR,step back,,,Henderson,S. Henderson,,,,,Above the Break 3,24+ Right Center,25.43,Missed,,,,,,,,,,,,,,,,,,
567,PT11M02.00S,2026-03-28T03:58:24.5Z,4,REGULAR,rebound,defensive,[],1631108,,,1610612742,76,79,2026-03-28T03:58:26Z,5570000,False,,,0,,M. Christie REBOUND (Off:0 Def:2),[1631108],1610612742.0,DAL,,,,Christie,M. Christie,,,,,Above the Break 3,24+ Right Center,,,566.0,2.0,2.0,0.0,,,,,,,,,,,,,,
568,PT10M59.00S,2026-03-28T03:58:29.9Z,4,REGULAR,2pt,Layup,"['fastbreak', 'pointsinthepaint']",203939,92.46057818659659,50.98039215686274,1610612742,76,81,2026-03-28T03:59:26Z,5580000,False,5.0,18.0,1,right,D. Powell running Layup (4 PTS) (C. Flagg 2 AST),"[203939, 1642843]",1610612742.0,DAL,running,,,Powell,D. Powell,,,,,Restricted Area,0-8 Center,1.9,Made,,,,,4.0,C. Flagg,1642843.0,2.0,,,,,,,,,,
570,PT10M35.00S,2026-03-28T03:58:51.5Z,4,REGULAR,2pt,Jump Shot,['pointsinthepaint'],1630703,19.92444152431012,51.470588235294116,1610612757,76,81,2026-03-28T03:58:59Z,5600000,False,-7.0,135.0,1,left,MISS S. Henderson 13' driving floating Shot,[1630703],1610612757.0,POR,driving floating,,,Henderson,S. Henderson,,,,,In The Paint (Non-RA),8-16 Center,13.5,Missed,,,,,,,,,,,,,,,,,,
571,PT10M33.00S,2026-03-28T03:58:53.5Z,4,REGULAR,rebound,offensive,[],1631321,,,1610612757,76,81,2026-03-28T03:58:59Z,5610000,False,,,0,,S. Cissoko REBOUND (Off:1 Def:1),[1631321],1610612757.0,POR,,,,Cissoko,S. Cissoko,,,,,In The Paint (Non-RA),8-16 Center,,,570.0,2.0,1.0,1.0,,,,,,,,,,,,,,
572,PT10M32.00S,2026-03-28T03:58:55.7Z,4,REGULAR,2pt,Layup,"['pointsinthepaint', '2ndchance']",1631321,6.258212877792378,56.86274509803921,1610612757,76,81,2026-03-28T03:59:01Z,5620000,False,-34.0,6.0,1,left,MISS S. Cissoko putback Layup,[1631321],1610612757.0,POR,putback,,,Cissoko,S. Cissoko,,,,,Restricted Area,0-8 Center,3.49,Missed,,,,,,,,,,,,,,,,,,
573,PT10M29.00S,2026-03-28T03:58:57.6Z,4,REGULAR,rebound,defensive,[],1642843,,,1610612742,76,81,2026-03-28T03:58:57Z,5630000,False,,,0,,C. Flagg REBOUND (Off:0 Def:1),[1642843],1610612742.0,DAL,,,,Flagg,C. Flagg,,,,,Restricted Area,0-8 Center,,,572.0,1.0,1.0,0.0,,,,,,,,,,,,,,
575,PT10M14.00S,2026-03-28T03:59:30.3Z,4,REGULAR,foul,personal,[],1631321,,,1610612742,76,81,2026-03-28T03:59:37Z,5650000,False,,,0,,S. Cissoko personal FOUL (3 PF),"[1631321, 203939]",1610612757.0,POR,,,,Cissoko,S. Cissoko,,,,,Above the Break 3,24+ Right Center,,,,,,,,,,,1627539.0,,3.0,0.0,Powell,203939.0,,,,
577,PT10M14.00S,2026-03-28T03:59:39.6Z,4,REGULAR,substitution,out,[],1631321,,,1610612742,76,81,2026-03-28T03:59:44Z,5670000,False,,,0,,SUB out: S. Cissoko,[1631321],1610612757.0,POR,,,,Cissoko,S. Cissoko,,,,,,,,,,,,,,,,,,,,,,,,,,
578,PT10M14.00S,2026-03-28T03:59:39.6Z,4,REGULAR,substitution,in,[],1641739,,,1610612742,76,81,2026-03-28T03:59:44Z,5680000,False,,,0,,SUB in: T. Camara,[1641739],1610612757.0,POR,,,,Camara,T. Camara,,,,,,,,,,,,,,,,,,,,,,,,,,
579,PT10M09.00S,2026-03-28T03:59:54.7Z,4,REGULAR,2pt,Jump Shot,['pointsinthepaint'],1642843,85.10183968462549,43.38235294117647,1610612742,76,81,2026-03-28T04:00:00Z,5690000,False,-33.0,88.0,1,right,MISS C. Flagg 9' step back Shot,[1642843],1610612742.0,DAL,step back,,,Flagg,C. Flagg,,,,,In The Paint (Non-RA),8-16 Center,9.36,Missed,,,,,,,,,,,,,,,,,,
580,PT10M08.00S,2026-03-28T03:59:55.7Z,4,REGULAR,rebound,defensive,['team'],0,,,1610612757,76,81,2026-03-28T04:00:00Z,5700000,False,,,0,,TEAM defensive REBOUND,[],1610612757.0,POR,,,,,,,,,,In The Paint (Non-RA),8-16 Center,,,579.0,,,,,,,,,,,,,,,,,
582,PT09M53.00S,2026-03-28T04:00:25.3Z,4,REGULAR,3pt,Jump Shot,[],1630703,17.559132720105126,94.6078431372549,1610612757,76,81,2026-03-28T04:01:34Z,5720000,False,-223.0,113.0,1,left,MISS S. Henderson 24' 3PT,[1630703],1610612757.0,POR,,,,Henderson,S. Henderson,,,,,Above the Break 3,24+ Left Center,24.98,Missed,,,,,,,,,,,,,,,,,,
583,PT09M51.00S,2026-03-28T04:00:27.3Z,4,REGULAR,rebound,offensive,[],1642270,,,1610612757,76,81,2026-03-28T04:01:34Z,5730000,False,,,0,,D. Clingan REBOUND (Off:6 Def:10),[1642270],1610612757.0,POR,,,,Clingan,D. Clingan,,,,,Above the Break 3,24+ Left Center,,,582.0,16.0,10.0,6.0,,,,,,,,,,,,,,
584,PT09M41.00S,2026-03-28T04:00:37.2Z,4,REGULAR,turnover,bad pass,[],1642270,,,1610612757,76,81,2026-03-28T04:03:31Z,5740000,False,,,0,,D. Clingan bad pass TURNOVER (4 TO),"[1642270, 1631108]",1610612757.0,POR,,,,Clingan,D. Clingan,,,,,Mid-Range,16-24 Center,,,,,,,,,,,,4.0,,,,,,,Christie,1631108.0
585,PT09M41.00S,2026-03-28T04:00:37.2Z,4,REGULAR,steal,,[],1631108,,,1610612742,76,81,2026-03-28T04:00:39Z,5750000,False,,,0,,M. Christie STEAL (1 STL),[1631108],1610612742.0,DAL,,,,Christie,M. Christie,,,,,Mid-Range,16-24 Center,,,,,,,,,,,,,,,,,,,,
622,PT09M27.00S,2026-03-28T04:00:49.5Z,4,REGULAR,turnover,bad pass,[],203939,,,1610612742,76,81,2026-03-28T04:06:32Z,5770000,False,,,0,,D. Powell bad pass TURNOVER (3 TO),"[203939, 1630703]",1610612742.0,DAL,,,,Powell,D. Powell,,,,,Restricted Area,0-8 Center,,,,,,,,,,,,3.0,,,,,,,Henderson,1630703.0
623,PT09M27.00S,2026-03-28T04:00:49.5Z,4,REGULAR,steal,,[],1630703,,,1610612757,76,81,2026-03-28T04:06:32Z,5780000,False,,,0,,S. Henderson STEAL (3 STL),[1630703],1610612757.0,POR,,,,Henderson,S. Henderson,,,,,Restricted Area,0-8 Center,,,,,,,,,,,,,,,,,,,,
589,PT09M18.00S,2026-03-28T04:01:01.8Z,4,REGULAR,turnover,offensive goaltending,[],1642270,,,1610612757,76,81,2026-03-28T04:01:09Z,5790000,False,,,0,,D. Clingan offensive goaltending TURNOVER (5 TO),[1642270],1610612757.0,POR,,,,Clingan,D. Clingan,,,,,Restricted Area,0-8 Center,,,,,,,,,,,202007.0,5.0,,,,,,,,
590,PT09M18.00S,2026-03-28T04:01:06.1Z,4,REGULAR,substitution,out,[],202691,,,1610612742,76,81,2026-03-28T04:01:22Z,5800000,False,,,0,,SUB out: K. Thompson,[202691],1610612742.0,DAL,,,,Thompson,K. Thompson,,,,,,,,,,,,,,,,,,,,,,,,,,
591,PT09M18.00S,2026-03-28T04:01:06.1Z,4,REGULAR,substitution,in,[],1630230,,,1610612742,76,81,2026-03-28T04:01:22Z,5810000,False,,,0,,SUB in: N. Marshall,[1630230],1610612742.0,DAL,,,,Marshall,N. Marshall,,,,,,,,,,,,,,,,,,,,,,,,,,
592,PT09M18.00S,2026-03-28T04:01:06.1Z,4,REGULAR,substitution,out,[],1630703,,,1610612742,76,81,2026-03-28T04:01:33Z,5820000,False,,,0,,SUB out: S. Henderson,[1630703],1610612757.0,POR,,,,Henderson,S. Henderson,,,,,,,,,,,,,,,,,,,,,,,,,,
593,PT09M18.00S,2026-03-28T04:01:06.1Z,4,REGULAR,substitution,in,[],201950,,,1610612742,76,81,2026-03-28T04:01:33Z,5830000,False,,,0,,SUB in: J. Holiday,[201950],1610612757.0,POR,,,,Holiday,J. Holiday,,,,,,,,,,,,,,,,,,,,,,,,,,
594,PT09M01.00S,2026-03-28T04:01:42.5Z,4,REGULAR,turnover,traveling,[],1642843,,,1610612742,76,81,2026-03-28T04:01:47Z,5840000,False,,,0,,C. Flagg traveling TURNOVER (2 TO),[1642843],1610612742.0,DAL,,,,Flagg,C. Flagg,,,,,In The Paint (Non-RA),8-16 Center,,,,,,,,,,,202007.0,2.0,,,,,,,,
595,PT08M44.00S,2026-03-28T04:02:06.8Z,4,REGULAR,turnover,lost ball,[],201950,,,1610612757,76,81,2026-03-28T04:02:11Z,5850000,False,,,0,,J. Holiday lost ball TURNOVER (4 TO),"[201950, 1642843]",1610612757.0,POR,,,,Holiday,J. Holiday,,,,,In The Paint (Non-RA),8-16 Center,,,,,,,,,,,,4.0,,,,,,,Flagg,1642843.0
596,PT08M44.00S,2026-03-28T04:02:06.8Z,4,REGULAR,steal,,[],1642843,,,1610612742,76,81,2026-03-28T04:02:08Z,5860000,False,,,0,,C. Flagg STEAL (3 STL),[1642843],1610612742.0,DAL,,,,Flagg,C. Flagg,,,,,In The Paint (Non-RA),8-16 Center,,,,,,,,,,,,,,,,,,,,
597,PT08M42.00S,2026-03-28T04:02:12.2Z,4,REGULAR,turnover,out-of-bounds,[],1642843,,,1610612742,76,81,2026-03-28T04:02:18Z,5870000,False,,,0,,C. Flagg lost ball out-of-bounds TURNOVER (3 TO),[1642843],1610612742.0,DAL,lost ball,,,Flagg,C. Flagg,,,,,Restricted Area,0-8 Center,,,,,,,,,,,202007.0,3.0,,,,,,,,
598,PT08M31.00S,2026-03-28T04:02:30.9Z,4,REGULAR,foul,personal,[],1642948,,,1610612757,76,81,2026-03-28T04:02:37Z,5880000,False,,,0,,R. Nembhard personal FOUL (1 PF),"[1642948, 201950]",1610612742.0,DAL,,,,Nembhard,R. Nembhard,,,,,Above the Break 3,24+ Left Center,,,,,,,,,,,202007.0,,1.0,0.0,Holiday,201950.0,,,,
600,PT08M31.00S,2026-03-28T04:02:35.6Z,4,REGULAR,substitution,out,[],1629680,,,1610612757,76,81,2026-03-28T04:02:47Z,5900000,False,,,0,,SUB out: M. Thybulle,[1629680],1610612757.0,POR,,,,Thybulle,M. Thybulle,,,,,,,,,,,,,,,,,,,,,,,,,,
601,PT08M31.00S,2026-03-28T04:02:35.6Z,4,REGULAR,substitution,out,[],203939,,,1610612757,76,81,2026-03-28T04:02:47Z,5910000,False,,,0,,SUB out: D. Powell,[203939],1610612742.0,DAL,,,,Powell,D. Powell,,,,,,,,,,,,,,,,,,,,,,,,,,
602,PT08M31.00S,2026-03-28T04:02:35.6Z,4,REGULAR,substitution,in,[],1631200,,,1610612757,76,81,2026-03-28T04:02:47Z,5920000,False,,,0,,SUB in: K. Murray,[1631200],1610612757.0,POR,,,,Murray,K. Murray,,,,,,,,,,,,,,,,,,,,,,,,,,
603,PT08M31.00S,2026-03-28T04:02:35.6Z,4,REGULAR,substitution,in,[],1628963,,,1610612757,76,81,2026-03-28T04:02:47Z,5930000,False,,,0,,SUB in: M. Bagley III,[1628963],1610612742.0,DAL,,,,Bagley III,M. Bagley III,,,,,,,,,,,,,,,,,,,,,,,,,,
604,PT08M24.00S,2026-03-28T04:02:58.9Z,4,REGULAR,turnover,out-of-bounds,[],1630166,,,1610612757,76,81,2026-03-28T04:08:35Z,5940000,False,,,0,,D. Avdija bad pass out-of-bounds TURNOVER (2 TO),[1630166],1610612757.0,POR,bad pass,,,Avdija,D. Avdija,,,,,Restricted Area,0-8 Center,,,,,,,,,,,1628951.0,2.0,,,,,,,,
605,PT08M06.00S,2026-03-28T04:03:23.9Z,4,REGULAR,foul,personal,['2freethrow'],1631200,,,1610612742,76,81,2026-03-28T04:03:30Z,5950000,False,,,0,,K. Murray shooting personal FOUL (3 PF) (Marshall 2 FT),"[1631200, 1630230]",1610612757.0,POR,shooting,,,Murray,K. Murray,,,,,Restricted Area,0-8 Center,,,,,,,,,,,1628951.0,,3.0,0.0,Marshall,1630230.0,,,,
607,PT08M06.00S,2026-03-28T04:03:49.8Z,4,REGULAR,freethrow,1 of 2,['fromturnover'],1630230,,,1610612742,76,82,2026-03-28T04:03:49Z,5970000,False,,,0,,N. Marshall Free Throw 1 of 2 (15 PTS),[1630230],1610612742.0,DAL,,,,Marshall,N. Marshall,,,,,,,,Made,,,,,15.0,,,,,,,,,,,,,
608,PT08M06.00S,2026-03-28T04:04:03.3Z,4,REGULAR,freethrow,2 of 2,['fromturnover'],1630230,,,1610612742,76,83,2026-03-28T04:04:03Z,5980000,False,,,0,,N. Marshall Free Throw 2 of 2 (16 PTS),[1630230],1610612742.0,DAL,,,,Marshall,N. Marshall,,,,,,,,Made,,,,,16.0,,,,,,,,,,,,,
609,PT07M45.00S,2026-03-28T04:04:26.5Z,4,REGULAR,2pt,Layup,['pointsinthepaint'],201950,6.1268068331143235,58.08823529411765,1610612757,78,83,2026-03-28T04:09:25Z,5990000,False,-40.0,5.0,1,left,J. Holiday cutting Layup (20 PTS) (D. Avdija 6 AST),"[201950, 1630166]",1610612757.0,POR,cutting,,,Holiday,J. Holiday,,,,,Restricted Area,0-8 Center,4.07,Made,,,,,20.0,D. Avdija,1630166.0,6.0,,,,,,,,,,
611,PT07M22.00S,2026-03-28T04:04:48.7Z,4,REGULAR,turnover,lost ball,[],1630230,,,1610612742,78,83,2026-03-28T04:04:53Z,6010000,False,,,0,,N. Marshall lost ball TURNOVER (1 TO),"[1630230, 1630166]",1610612742.0,DAL,,,,Marshall,N. Marshall,,,,,Mid-Range,16-24 Center,,,,,,,,,,,,1.0,,,,,,,Avdija,1630166.0
612,PT07M22.00S,2026-03-28T04:04:48.7Z,4,REGULAR,steal,,[],1630166,,,1610612757,78,83,2026-03-28T04:04:50Z,6020000,False,,,0,,D. Avdija STEAL (1 STL),[1630166],1610612757.0,POR,,,,Avdija,D. Avdija,,,,,Mid-Range,16-24 Center,,,,,,,,,,,,,,,,,,,,
613,PT07M17.00S,2026-03-28T04:04:53.4Z,4,REGULAR,3pt,Jump Shot,"['fastbreak', 'fromturnover']",201950,31.61957950065703,32.1078431372549,1610612757,78,83,2026-03-28T04:10:18Z,6030000,False,89.0,245.0,1,left,MISS J. Holiday 26' running pullup 3PT,[201950],1610612757.0,POR,running pullup,,,Holiday,J. Holiday,,,,,Above the Break 3,24+ Right Center,26.06,Missed,,,,,,,,,,,,,,,,,,
614,PT07M14.00S,2026-03-28T04:04:56.4Z,4,REGULAR,rebound,defensive,[],1631108,,,1610612742,78,83,2026-03-28T04:10:29Z,6040000,False,,,0,,M. Christie REBOUND (Off:0 Def:3),[1631108],1610612742.0,DAL,,,,Christie,M. Christie,,,,,Above the Break 3,24+ Right Center,,,613.0,3.0,3.0,0.0,,,,,,,,,,,,,,
615,PT06M56.00S,2026-03-28T04:05:14.0Z,4,REGULAR,2pt,Layup,['pointsinthepaint'],1631108,93.38042049934296,57.107843137254896,1610612742,78,83,2026-03-28T04:05:17Z,6050000,False,36.0,10.0,1,right,MISS M. Christie driving Layup,[1631108],1610612742.0,DAL,driving,,,Christie,M. Christie,,,,,Restricted Area,0-8 Center,3.68,Missed,,,,,,,,,,,,,,,,,,
616,PT06M55.00S,2026-03-28T04:05:15.0Z,4,REGULAR,rebound,defensive,[],1642270,,,1610612757,78,83,2026-03-28T04:05:17Z,6060000,False,,,0,,D. Clingan REBOUND (Off:6 Def:11),[1642270],1610612757.0,POR,,,,Clingan,D. Clingan,,,,,Restricted Area,0-8 Center,,,615.0,17.0,11.0,6.0,,,,,,,,,,,,,,
617,PT06M44.00S,2026-03-28T04:05:26.3Z,4,REGULAR,2pt,Layup,['pointsinthepaint'],1630166,7.5722733245729295,49.50980392156863,1610612757,78,83,2026-03-28T04:05:28Z,6070000,False,2.0,19.0,1,left,MISS D. Avdija driving Layup,[1630166],1610612757.0,POR,driving,,,Avdija,D. Avdija,,,,,Restricted Area,0-8 Center,1.89,Missed,,,,,,,,,,,,,,,,,,
618,PT06M42.00S,2026-03-28T04:05:27.6Z,4,REGULAR,rebound,defensive,[],1642948,,,1610612742,78,83,2026-03-28T04:05:27Z,6080000,False,,,0,,R. Nembhard REBOUND (Off:0 Def:3),[1642948],1610612742.0,DAL,,,,Nembhard,R. Nembhard,,,,,Restricted Area,0-8 Center,,,617.0,3.0,3.0,0.0,,,,,,,,,,,,,,
619,PT06M40.00S,2026-03-28T04:05:30.2Z,4,REGULAR,2pt,DUNK,"['pointsinthepaint', 'fastbreak']",1642843,93.51182654402102,49.01960784313725,1610612742,78,85,2026-03-28T04:05:34Z,6090000,False,-5.0,8.0,1,right,C. Flagg running DUNK (24 PTS) (R. Nembhard 2 AST),"[1642843, 1642948]",1610612742.0,DAL,running,,,Flagg,C. Flagg,,,,,Restricted Area,0-8 Center,0.98,Made,,,,,24.0,R. Nembhard,1642948.0,2.0,,,,,,,,,,
621,PT06M40.00S,2026-03-28T04:05:34.8Z,4,REGULAR,timeout,full,"['team', 'mandatory']",0,,,1610612757,78,85,2026-03-28T04:05:34Z,6110000,False,,,0,,POR Timeout,[],1610612757.0,POR,,,,,,,,,,,,,,,,,,,,,,,,,,,,,,,
624,PT06M40.00S,2026-03-28T04:07:59.4Z,4,REGULAR,substitution,out,[],1630166,,,1610612757,78,85,2026-03-28T04:08:43Z,6120000,False,,,0,,SUB out: D. Avdija,[1630166],1610612757.0,POR,,,,Avdija,D. Avdija,,,,,,,,,,,,,,,,,,,,,,,,,,
625,PT06M40.00S,2026-03-28T04:07:59.4Z,4,REGULAR,substitution,out,[],1642270,,,1610612757,78,85,2026-03-28T04:08:43Z,6130000,False,,,0,,SUB out: D. Clingan,[1642270],1610612757.0,POR,,,,Clingan,D. Clingan,,,,,,,,,,,,,,,,,,,,,,,,,,
626,PT06M40.00S,2026-03-28T04:07:59.4Z,4,REGULAR,substitution,out,[],1631108,,,1610612757,78,85,2026-03-28T04:08:43Z,6140000,False,,,0,,SUB out: M. Christie,[1631108],1610612742.0,DAL,,,,Christie,M. Christie,,,,,,,,,,,,,,,,,,,,,,,,,,
627,PT06M40.00S,2026-03-28T04:07:59.4Z,4,REGULAR,substitution,out,[],1642948,,,1610612757,78,85,2026-03-28T04:08:43Z,6150000,False,,,0,,SUB out: R. Nembhard,[1642948],1610612742.0,DAL,,,,Nembhard,R. Nembhard,,,,,,,,,,,,,,,,,,,,,,,,,,
628,PT06M40.00S,2026-03-28T04:07:59.4Z,4,REGULAR,substitution,in,[],1629680,,,1610612757,78,85,2026-03-28T04:08:43Z,6160000,False,,,0,,SUB in: M. Thybulle,[1629680],1610612757.0,POR,,,,Thybulle,M. Thybulle,,,,,,,,,,,,,,,,,,,,,,,,,,
629,PT06M40.00S,2026-03-28T04:07:59.4Z,4,REGULAR,substitution,in,[],1630703,,,1610612757,78,85,2026-03-28T04:08:43Z,6170000,False,,,0,,SUB in: S. Henderson,[1630703],1610612757.0,POR,,,,Henderson,S. Henderson,,,,,,,,,,,,,,,,,,,,,,,,,,
630,PT06M40.00S,2026-03-28T04:07:59.4Z,4,REGULAR,substitution,in,[],1630314,,,1610612757,78,85,2026-03-28T04:08:43Z,6180000,False,,,0,,SUB in: B. Williams,[1630314],1610612742.0,DAL,,,,Williams,B. Williams,,,,,,,,,,,,,,,,,,,,,,,,,,
631,PT06M40.00S,2026-03-28T04:07:59.4Z,4,REGULAR,substitution,in,[],1629023,,,1610612757,78,85,2026-03-28T04:08:43Z,6190000,False,,,0,,SUB in: P. Washington,[1629023],1610612742.0,DAL,,,,Washington,P. Washington,,,,,,,,,,,,,,,,,,,,,,,,,,
632,PT06M17.00S,2026-03-28T04:08:55.7Z,4,REGULAR,3pt,Jump Shot,[],1630703,29.911300919842315,26.715686274509803,1610612757,81,85,2026-03-28T04:09:00Z,6200000,False,116.0,229.0,1,left,S. Henderson 25' 3PT step back (9 PTS),[1630703],1610612757.0,POR,step back,,,Henderson,S. Henderson,,,,,Above the Break 3,24+ Right Center,25.66,Made,,,,,9.0,,,,,,,,,,,,,
633,PT05M52.00S,2026-03-28T04:09:19.8Z,4,REGULAR,2pt,Jump Shot,['pointsinthepaint'],1630314,84.70762155059133,50.0,1610612742,81,87,2026-03-28T04:09:25Z,6210000,False,0.0,91.0,1,right,B. Williams 9' fadeaway Jump Shot (5 PTS),[1630314],1610612742.0,DAL,fadeaway,,,Williams,B. Williams,,,,,In The Paint (Non-RA),8-16 Center,9.12,Made,,,,,5.0,,,,,,,,,,,,,
635,PT05M38.00S,2026-03-28T04:09:49.4Z,4,REGULAR,foul,personal,['2freethrow'],1628963,,,1610612757,81,87,2026-03-28T04:09:53Z,6230000,False,,,0,,M. Bagley III shooting personal FOUL (4 PF) (Thybulle 2 FT),"[1628963, 1629680]",1610612742.0,DAL,shooting,,,Bagley III,M. Bagley III,,,,,Restricted Area,0-8 Center,,,,,,,,,,,202007.0,,4.0,0.0,Thybulle,1629680.0,,,,
637,PT05M38.00S,2026-03-28T04:10:02.4Z,4,REGULAR,freethrow,1 of 2,[],1629680,,,1610612757,82,87,2026-03-28T04:10:02Z,6250000,False,,,0,,M. Thybulle Free Throw 1 of 2 (1 PTS),[1629680],1610612757.0,POR,,,,Thybulle,M. Thybulle,,,,,,,,Made,,,,,1.0,,,,,,,,,,,,,
638,PT05M38.00S,2026-03-28T04:10:16.8Z,4,REGULAR,freethrow,2 of 2,[],1629680,,,1610612757,83,87,2026-03-28T04:10:16Z,6260000,False,,,0,,M. Thybulle Free Throw 2 of 2 (2 PTS),[1629680],1610612757.0,POR,,,,Thybulle,M. Thybulle,,,,,,,,Made,,,,,2.0,,,,,,,,,,,,,
639,PT05M26.00S,2026-03-28T04:10:36.9Z,4,REGULAR,2pt,Jump Shot,['pointsinthepaint'],1630314,94.1688567674113,55.63725490196079,1610612742,83,89,2026-03-28T04:10:47Z,6270000,False,28.0,2.0,1,right,B. Williams driving floating bank Jump Shot (7 PTS),[1630314],1610612742.0,DAL,driving floating bank,,,Williams,B. Williams,,,,,Restricted Area,0-8 Center,2.83,Made,,,,,7.0,,,,,,,,,,,,,
640,PT05M17.00S,2026-03-28T04:10:45.7Z,4,REGULAR,2pt,Layup,['pointsinthepaint'],1629680,7.440867279894875,46.81372549019608,1610612757,85,89,2026-03-28T04:10:52Z,6280000,False,16.0,17.0,1,left,M. Thybulle driving Layup (4 PTS) (S. Henderson 2 AST),"[1629680, 1630703]",1610612757.0,POR,driving,,,Thybulle,M. Thybulle,,,,,Restricted Area,0-8 Center,2.36,Made,,,,,4.0,S. Henderson,1630703.0,2.0,,,,,,,,,,
642,PT05M02.00S,2026-03-28T04:11:03.7Z,4,REGULAR,foul,personal,[],1641739,,,1610612742,85,89,2026-03-28T04:11:11Z,6300000,False,,,0,,T. Camara personal FOUL (4 PF),"[1641739, 1642843]",1610612757.0,POR,,,,Camara,T. Camara,,,,,Above the Break 3,24+ Left Center,,,,,,,,,,,1628951.0,,4.0,0.0,Flagg,1642843.0,,,,
644,PT05M02.00S,2026-03-28T04:11:08.1Z,4,REGULAR,substitution,out,[],1631200,,,1610612742,85,89,2026-03-28T04:11:12Z,6320000,False,,,0,,SUB out: K. Murray,[1631200],1610612757.0,POR,,,,Murray,K. Murray,,,,,,,,,,,,,,,,,,,,,,,,,,
645,PT05M02.00S,2026-03-28T04:11:08.1Z,4,REGULAR,substitution,out,[],1629680,,,1610612742,85,89,2026-03-28T04:11:12Z,6330000,False,,,0,,SUB out: M. Thybulle,[1629680],1610612757.0,POR,,,,Thybulle,M. Thybulle,,,,,,,,,,,,,,,,,,,,,,,,,,
646,PT05M02.00S,2026-03-28T04:11:08.1Z,4,REGULAR,substitution,in,[],1630166,,,1610612742,85,89,2026-03-28T04:11:12Z,6340000,False,,,0,,SUB in: D. Avdija,[1630166],1610612757.0,POR,,,,Avdija,D. Avdija,,,,,,,,,,,,,,,,,,,,,,,,,,
647,PT05M02.00S,2026-03-28T04:11:08.1Z,4,REGULAR,substitution,in,[],1642270,,,1610612742,85,89,2026-03-28T04:11:12Z,6350000,False,,,0,,SUB in: D. Clingan,[1642270],1610612757.0,POR,,,,Clingan,D. Clingan,,,,,,,,,,,,,,,,,,,,,,,,,,
648,PT04M48.00S,2026-03-28T04:11:35.7Z,4,REGULAR,2pt,Jump Shot,['pointsinthepaint'],1630230,89.83245729303549,54.90196078431373,1610612742,85,91,2026-03-28T04:13:51Z,6360000,False,25.0,43.0,1,right,N. Marshall floating Jump Shot (18 PTS) (M. Bagley III 3 AST),"[1630230, 1628963]",1610612742.0,DAL,floating,,,Marshall,N. Marshall,,,,,In The Paint (Non-RA),0-8 Center,4.96,Made,,,,,18.0,M. Bagley III,1628963.0,3.0,,,,,,,,,,
650,PT04M31.00S,2026-03-28T04:11:51.6Z,4,REGULAR,2pt,Jump Shot,['pointsinthepaint'],201950,10.85742444152431,48.03921568627451,1610612757,85,91,2026-03-28T04:11:55Z,6380000,False,10.0,50.0,1,left,MISS J. Holiday driving floating Shot,[201950],1610612757.0,POR,driving floating,,,Holiday,J. Holiday,,,,,In The Paint (Non-RA),0-8 Center,5.06,Missed,,,,,,,,,,,,,,,,,,
651,PT04M30.00S,2026-03-28T04:11:52.6Z,4,REGULAR,rebound,defensive,[],1642843,,,1610612742,85,91,2026-03-28T04:11:55Z,6390000,False,,,0,,C. Flagg REBOUND (Off:0 Def:2),[1642843],1610612742.0,DAL,,,,Flagg,C. Flagg,,,,,In The Paint (Non-RA),0-8 Center,,,650.0,2.0,2.0,0.0,,,,,,,,,,,,,,
652,PT04M16.00S,2026-03-28T04:12:06.9Z,4,REGULAR,2pt,Jump Shot,['pointsinthepaint'],1630230,91.67214191852825,56.372549019607845,1610612742,85,91,2026-03-28T04:12:14Z,6400000,False,32.0,26.0,1,right,MISS N. Marshall driving floating bank Shot,[1630230],1610612742.0,DAL,driving floating bank,,,Marshall,N. Marshall,,,,,Restricted Area,0-8 Center,4.1,Missed,,,,,,,,,,,,,,,,,,
653,PT04M13.00S,2026-03-28T04:12:09.9Z,4,REGULAR,rebound,defensive,[],1641739,,,1610612757,85,91,2026-03-28T04:12:14Z,6410000,False,,,0,,T. Camara REBOUND (Off:1 Def:4),[1641739],1610612757.0,POR,,,,Camara,T. Camara,,,,,Restricted Area,0-8 Center,,,652.0,5.0,4.0,1.0,,,,,,,,,,,,,,
654,PT04M13.00S,2026-03-28T04:12:18.4Z,4,REGULAR,turnover,out-of-bounds,[],1630166,,,1610612757,85,91,2026-03-28T04:12:26Z,6420000,False,,,0,,D. Avdija bad pass out-of-bounds TURNOVER (3 TO),[1630166],1610612757.0,POR,bad pass,,,Avdija,D. Avdija,,,,,Above the Break 3,24+ Center,,,,,,,,,,,202007.0,3.0,,,,,,,,
655,PT04M01.00S,2026-03-28T04:12:37.9Z,4,REGULAR,foul,personal,"['inpenalty', '2freethrow']",1642270,,,1610612742,85,91,2026-03-28T04:12:47Z,6430000,False,,,0,,D. Clingan shooting personal FOUL (4 PF) (Bagley III 2 FT),"[1642270, 1628963]",1610612757.0,POR,shooting,,,Clingan,D. Clingan,,,,,Restricted Area,0-8 Center,,,,,,,,,,,1628951.0,,4.0,0.0,Bagley III,1628963.0,,,,
657,PT04M01.00S,2026-03-28T04:13:22.1Z,4,REGULAR,freethrow,1 of 2,['fromturnover'],1628963,,,1610612742,85,91,2026-03-28T04:13:22Z,6450000,False,,,0,,MISS M. Bagley III Free Throw 1 of 2,[1628963],1610612742.0,DAL,,,,Bagley III,M. Bagley III,,,,,,,,Missed,,,,,,,,,,,,,,,,,,
658,PT04M01.00S,2026-03-28T04:13:22.1Z,4,REGULAR,rebound,offensive,"['deadball', 'team']",0,,,1610612742,85,91,2026-03-28T04:13:22Z,6460000,False,,,0,,TEAM offensive REBOUND,[],1610612742.0,DAL,,,,,,,,,,,,,,657.0,,,,,,,,,,,,,,,,,
659,PT04M01.00S,2026-03-28T04:13:43.9Z,4,REGULAR,freethrow,2 of 2,['fromturnover'],1628963,,,1610612742,85,92,2026-03-28T04:13:43Z,6470000,False,,,0,,M. Bagley III Free Throw 2 of 2 (22 PTS),[1628963],1610612742.0,DAL,,,,Bagley III,M. Bagley III,,,,,,,,Made,,,,,22.0,,,,,,,,,,,,,
660,PT03M46.00S,2026-03-28T04:14:01.2Z,4,REGULAR,turnover,lost ball,[],1630166,,,1610612757,85,92,2026-03-28T04:14:04Z,6480000,False,,,0,,D. Avdija lost ball TURNOVER (4 TO),"[1630166, 1628963]",1610612757.0,POR,,,,Avdija,D. Avdija,,,,,Restricted Area,0-8 Center,,,,,,,,,,,,4.0,,,,,,,Bagley III,1628963.0
661,PT03M46.00S,2026-03-28T04:14:01.2Z,4,REGULAR,steal,,[],1628963,,,1610612742,85,92,2026-03-28T04:14:02Z,6490000,False,,,0,,M. Bagley III STEAL (1 STL),[1628963],1610612742.0,DAL,,,,Bagley III,M. Bagley III,,,,,Restricted Area,0-8 Center,,,,,,,,,,,,,,,,,,,,
662,PT03M42.00S,2026-03-28T04:14:05.8Z,4,REGULAR,turnover,bad pass,[],1630314,,,1610612742,85,92,2026-03-28T04:17:54Z,6500000,False,,,0,,B. Williams bad pass TURNOVER (2 TO),"[1630314, 1641739]",1610612742.0,DAL,,,,Williams,B. Williams,,,,,Above the Break 3,24+ Center,,,,,,,,,,,,2.0,,,,,,,Camara,1641739.0
663,PT03M42.00S,2026-03-28T04:14:05.8Z,4,REGULAR,steal,,[],1641739,,,1610612757,85,92,2026-03-28T04:14:07Z,6510000,False,,,0,,T. Camara STEAL (1 STL),[1641739],1610612757.0,POR,,,,Camara,T. Camara,,,,,Above the Break 3,24+ Center,,,,,,,,,,,,,,,,,,,,
664,PT03M32.00S,2026-03-28T04:14:16.4Z,4,REGULAR,2pt,Layup,"['pointsinthepaint', 'fromturnover']",1630166,7.178055190538765,47.794117647058826,1610612757,87,92,2026-03-28T04:14:20Z,6520000,False,11.0,15.0,1,left,D. Avdija driving Layup (17 PTS) (T. Camara 3 AST),"[1630166, 1641739]",1610612757.0,POR,driving,,,Avdija,D. Avdija,,,,,Restricted Area,0-8 Center,1.86,Made,,,,,17.0,T. Camara,1641739.0,3.0,,,,,,,,,,
666,PT03M32.00S,2026-03-28T04:14:24.8Z,4,REGULAR,timeout,full,"['team', 'mandatory']",0,,,1610612742,87,92,2026-03-28T04:14:24Z,6540000,False,,,0,,DAL Timeout,[],1610612742.0,DAL,,,,,,,,,,,,,,,,,,,,,,,,,,,,,,,
667,PT03M15.00S,2026-03-28T04:17:32.0Z,4,REGULAR,2pt,Jump Shot,[],1642843,75.90341655716163,54.65686274509803,1610612742,87,92,2026-03-28T04:17:36Z,6550000,False,23.0,174.0,1,right,MISS C. Flagg 17' pullup Shot,[1642843],1610612742.0,DAL,pullup,,,Flagg,C. Flagg,,,,,Mid-Range,16-24 Center,17.56,Missed,,,,,,,,,,,,,,,,,,
668,PT03M13.00S,2026-03-28T04:17:34.0Z,4,REGULAR,rebound,defensive,[],1630166,,,1610612757,87,92,2026-03-28T04:17:36Z,6560000,False,,,0,,D. Avdija REBOUND (Off:0 Def:9),[1630166],1610612757.0,POR,,,,Avdija,D. Avdija,,,,,Mid-Range,16-24 Center,,,667.0,9.0,9.0,0.0,,,,,,,,,,,,,,
669,PT03M07.00S,2026-03-28T04:17:41.2Z,4,REGULAR,2pt,Layup,['pointsinthepaint'],1630166,6.652431011826544,46.32352941176471,1610612757,89,92,2026-03-28T04:17:45Z,6570000,False,18.0,10.0,1,left,D. Avdija driving finger roll Layup (19 PTS) (J. Holiday 3 AST),"[1630166, 201950]",1610612757.0,POR,driving finger roll,,,Avdija,D. Avdija,,,,,Restricted Area,0-8 Center,2.09,Made,,,,,19.0,J. Holiday,201950.0,3.0,,,,,,,,,,
675,PT02M43.00S,2026-03-28T04:18:24.1Z,4,REGULAR,3pt,Jump Shot,[],1628963,67.7562417871222,30.14705882352941,1610612742,89,92,2026-03-28T04:20:30Z,6630000,False,-99.0,251.0,1,right,MISS M. Bagley III 26' 3PT,[1628963],1610612742.0,DAL,,,,Bagley III,M. Bagley III,,,,,Above the Break 3,24+ Left Center,26.96,Missed,,,,,,,,,,,,,,,,,,
676,PT02M39.00S,2026-03-28T04:18:28.1Z,4,REGULAR,rebound,defensive,[],1630703,,,1610612757,89,92,2026-03-28T04:18:31Z,6640000,False,,,0,,S. Henderson REBOUND (Off:0 Def:2),[1630703],1610612757.0,POR,,,,Henderson,S. Henderson,,,,,Above the Break 3,24+ Left Center,,,675.0,2.0,2.0,0.0,,,,,,,,,,,,,,
677,PT02M25.00S,2026-03-28T04:18:41.5Z,4,REGULAR,3pt,Jump Shot,[],201950,6.1268068331143235,95.83333333333334,1610612757,92,92,2026-03-28T04:18:46Z,6650000,False,-229.0,5.0,1,left,J. Holiday 3PT  (23 PTS) (S. Henderson 3 AST),"[201950, 1630703]",1610612757.0,POR,,,,Holiday,J. Holiday,,,,,Left Corner 3,24+ Left,22.93,Made,,,,,23.0,S. Henderson,1630703.0,3.0,,,,,,,,,,
679,PT02M04.00S,2026-03-28T04:19:04.1Z,4,REGULAR,2pt,Layup,['pointsinthepaint'],1628963,94.82588699080158,48.529411764705884,1610612742,92,94,2026-03-28T04:19:08Z,6670000,False,-7.0,-4.0,1,right,M. Bagley III cutting Layup (24 PTS) (B. Williams 4 AST),"[1628963, 1630314]",1610612742.0,DAL,cutting,,,Bagley III,M. Bagley III,,,,,Restricted Area,0-8 Center,0.84,Made,,,,,24.0,B. Williams,1630314.0,4.0,,,,,,,,,,
681,PT01M48.00S,2026-03-28T04:19:19.7Z,4,REGULAR,2pt,Layup,['pointsinthepaint'],1642270,7.30946123521682,47.794117647058826,1610612757,92,94,2026-03-28T04:19:24Z,6690000,False,11.0,16.0,1,left,MISS D. Clingan cutting Layup,[1642270],1610612757.0,POR,cutting,,,Clingan,D. Clingan,,,,,Restricted Area,0-8 Center,1.96,Missed,,,,,,,,,,,,,,,,,,
682,PT01M45.00S,2026-03-28T04:19:22.7Z,4,REGULAR,rebound,defensive,[],1628963,,,1610612742,92,94,2026-03-28T04:22:48Z,6700000,False,,,0,,M. Bagley III REBOUND (Off:3 Def:6),[1628963],1610612742.0,DAL,,,,Bagley III,M. Bagley III,,,,,Restricted Area,0-8 Center,,,681.0,9.0,6.0,3.0,,,,,,,,,,,,,,
683,PT01M23.00S,2026-03-28T04:19:44.4Z,4,REGULAR,3pt,Jump Shot,[],1630230,65.52233902759527,52.69607843137255,1610612742,92,94,2026-03-28T04:19:49Z,6710000,False,13.0,272.0,1,right,MISS N. Marshall 27' 3PT,[1630230],1610612742.0,DAL,,,,Marshall,N. Marshall,,,,,Above the Break 3,24+ Center,27.19,Missed,,,,,,,,,,,,,,,,,,
684,PT01M19.00S,2026-03-28T04:19:48.4Z,4,REGULAR,rebound,offensive,[],1642843,,,1610612742,92,94,2026-03-28T04:19:48Z,6720000,False,,,0,,C. Flagg REBOUND (Off:1 Def:2),[1642843],1610612742.0,DAL,,,,Flagg,C. Flagg,,,,,Above the Break 3,24+ Center,,,683.0,3.0,2.0,1.0,,,,,,,,,,,,,,
685,PT01M15.00S,2026-03-28T04:19:56.9Z,4,REGULAR,foul,offensive,[],1628963,,,1610612742,92,94,2026-03-28T04:20:04Z,6730000,False,,,0,,M. Bagley III offensive FOUL (5 PF),"[1628963, 201950]",1610612742.0,DAL,,,,Bagley III,M. Bagley III,,,,,Above the Break 3,24+ Left Center,,,,,,,,,,,202007.0,,5.0,0.0,Holiday,201950.0,,,,
687,PT01M15.00S,2026-03-28T04:19:56.9Z,4,REGULAR,turnover,offensive foul,[],1628963,,,1610612742,92,94,2026-03-28T04:19:56Z,6750000,False,,,0,,M. Bagley III offensive foul TURNOVER (1 TO),[1628963],1610612742.0,DAL,,,,Bagley III,M. Bagley III,,,,,Above the Break 3,24+ Left Center,,,,,,,,,,,202007.0,1.0,,,,,,,,
688,PT00M58.20S,2026-03-28T04:20:29.1Z,4,REGULAR,3pt,Jump Shot,['fromturnover'],201950,12.434296977660972,1.2254901960784315,1610612757,92,94,2026-03-28T04:20:34Z,6760000,False,244.0,64.0,1,left,MISS J. Holiday 25' 3PT,[201950],1610612757.0,POR,,,,Holiday,J. Holiday,,,,,Right Corner 3,24+ Right,25.23,Missed,,,,,,,,,,,,,,,,,,
689,PT00M57.70S,2026-03-28T04:20:29.6Z,4,REGULAR,rebound,defensive,['team'],0,,,1610612742,92,94,2026-03-28T04:20:34Z,6770000,False,,,0,,TEAM defensive REBOUND,[],1610612742.0,DAL,,,,,,,,,,Right Corner 3,24+ Right,,,688.0,,,,,,,,,,,,,,,,,
691,PT00M44.10S,2026-03-28T04:21:13.7Z,4,REGULAR,2pt,DUNK,['pointsinthepaint'],1628963,94.1688567674113,49.50980392156863,1610612742,92,96,2026-03-28T04:21:18Z,6790000,False,-2.0,2.0,1,right,M. Bagley III driving reverse DUNK (26 PTS) (B. Williams 5 AST),"[1628963, 1630314]",1610612742.0,DAL,driving reverse,,,Bagley III,M. Bagley III,,,,,Restricted Area,0-8 Center,0.34,Made,,,,,26.0,B. Williams,1630314.0,5.0,,,,,,,,,,
693,PT00M33.50S,2026-03-28T04:21:26.4Z,4,REGULAR,turnover,bad pass,[],1630166,,,1610612757,92,96,2026-03-28T04:21:30Z,6810000,False,,,0,,D. Avdija bad pass TURNOVER (5 TO),"[1630166, 1642843]",1610612757.0,POR,,,,Avdija,D. Avdija,,,,,Mid-Range,16-24 Center,,,,,,,,,,,,5.0,,,,,,,Flagg,1642843.0
694,PT00M33.50S,2026-03-28T04:21:26.4Z,4,REGULAR,steal,,[],1642843,,,1610612742,92,96,2026-03-28T04:21:28Z,6820000,False,,,0,,C. Flagg STEAL (4 STL),[1642843],1610612742.0,DAL,,,,Flagg,C. Flagg,,,,,Mid-Range,16-24 Center,,,,,,,,,,,,,,,,,,,,
695,PT00M27.20S,2026-03-28T04:21:34.6Z,4,REGULAR,foul,personal,"['inpenalty', '2freethrow']",1630703,,,1610612742,92,96,2026-03-28T04:21:43Z,6830000,False,,,0,,S. Henderson take personal FOUL (2 PF) (Williams 2 FT),"[1630703, 1630314]",1610612757.0,POR,take,,,Henderson,S. Henderson,,,,,Above the Break 3,24+ Center,,,,,,,,,,,202007.0,,2.0,0.0,Williams,1630314.0,,,,
697,PT00M27.20S,2026-03-28T04:22:14.6Z,4,REGULAR,freethrow,1 of 2,['fromturnover'],1630314,,,1610612742,92,97,2026-03-28T04:22:40Z,6850000,False,,,0,,B. Williams Free Throw 1 of 2 (8 PTS),[1630314],1610612742.0,DAL,,,,Williams,B. Williams,,,,,,,,Made,,,,,8.0,,,,,,,,,,,,,
698,PT00M27.20S,2026-03-28T04:22:14.6Z,4,REGULAR,freethrow,2 of 2,['fromturnover'],1630314,,,1610612742,92,97,2026-03-28T04:22:40Z,6860000,False,,,0,,MISS B. Williams Free Throw 2 of 2,[1630314],1610612742.0,DAL,,,,Williams,B. Williams,,,,,,,,Missed,,,,,,,,,,,,,,,,,,
699,PT00M26.40S,2026-03-28T04:22:15.4Z,4,REGULAR,rebound,defensive,['team'],0,,,1610612757,92,97,2026-03-28T04:22:40Z,6870000,False,,,0,,TEAM defensive REBOUND,[],1610612757.0,POR,,,,,,,,,,,,,,698.0,,,,,,,,,,,,,,,,,
701,PT00M26.40S,2026-03-28T04:22:44.4Z,4,REGULAR,timeout,full,['team'],0,,,1610612757,92,97,2026-03-28T04:22:44Z,6890000,False,,,0,,POR Timeout,[],1610612757.0,POR,,,,,,,,,,,,,,,,,,,,,,,,,,,,,,,
702,PT00M26.40S,2026-03-28T04:22:59.7Z,4,REGULAR,substitution,out,[],1642270,,,1610612757,92,97,2026-03-28T04:24:09Z,6900000,False,,,0,,SUB out: D. Clingan,[1642270],1610612757.0,POR,,,,Clingan,D. Clingan,,,,,,,,,,,,,,,,,,,,,,,,,,
703,PT00M26.40S,2026-03-28T04:22:59.7Z,4,REGULAR,substitution,in,[],1629680,,,1610612757,92,97,2026-03-28T04:24:09Z,6910000,False,,,0,,SUB in: M. Thybulle,[1629680],1610612757.0,POR,,,,Thybulle,M. Thybulle,,,,,,,,,,,,,,,,,,,,,,,,,,
704,PT00M22.60S,2026-03-28T04:24:27.2Z,4,REGULAR,3pt,Jump Shot,[],201950,23.73521681997372,87.74509803921569,1610612757,92,97,2026-03-28T04:24:46Z,6920000,False,-189.0,171.0,1,left,MISS J. Holiday 25' step back 3PT,[201950],1610612757.0,POR,step back,,,Holiday,J. Holiday,,,,,Above the Break 3,24+ Left Center,25.44,Missed,,,,,,,,,,,,,,,,,,
705,PT00M20.90S,2026-03-28T04:24:28.9Z,4,REGULAR,rebound,defensive,[],1630230,,,1610612742,92,97,2026-03-28T04:24:58Z,6930000,False,,,0,,N. Marshall REBOUND (Off:0 Def:3),[1630230],1610612742.0,DAL,,,,Marshall,N. Marshall,,,,,Above the Break 3,24+ Left Center,,,704.0,3.0,3.0,0.0,,,,,,,,,,,,,,
706,PT00M19.90S,2026-03-28T04:24:32.4Z,4,REGULAR,foul,personal,"['inpenalty', '2freethrow']",1630166,,,1610612742,92,97,2026-03-28T04:24:40Z,6940000,False,,,0,,D. Avdija take personal FOUL (2 PF) (Marshall 2 FT),"[1630166, 1630230]",1610612757.0,POR,take,,,Avdija,D. Avdija,,,,,In The Paint (Non-RA),0-8 Center,,,,,,,,,,,1627539.0,,2.0,0.0,Marshall,1630230.0,,,,
708,PT00M19.90S,2026-03-28T04:25:09.4Z,4,REGULAR,freethrow,1 of 2,[],1630230,,,1610612742,92,97,2026-03-28T04:25:09Z,6960000,False,,,0,,MISS N. Marshall Free Throw 1 of 2,[1630230],1610612742.0,DAL,,,,Marshall,N. Marshall,,,,,,,,Missed,,,,,,,,,,,,,,,,,,
709,PT00M19.90S,2026-03-28T04:25:09.4Z,4,REGULAR,rebound,offensive,"['deadball', 'team']",0,,,1610612742,92,97,2026-03-28T04:25:09Z,6970000,False,,,0,,TEAM offensive REBOUND,[],1610612742.0,DAL,,,,,,,,,,,,,,708.0,,,,,,,,,,,,,,,,,
710,PT00M19.90S,2026-03-28T04:25:21.1Z,4,REGULAR,freethrow,2 of 2,[],1630230,,,1610612742,92,98,2026-03-28T04:25:21Z,6980000,False,,,0,,N. Marshall Free Throw 2 of 2 (19 PTS),[1630230],1610612742.0,DAL,,,,Marshall,N. Marshall,,,,,,,,Made,,,,,19.0,,,,,,,,,,,,,
711,PT00M16.80S,2026-03-28T04:25:27.4Z,4,REGULAR,foul,personal,['2freethrow'],1630230,,,1610612757,92,98,2026-03-28T04:25:40Z,6990000,False,,,0,,N. Marshall shooting personal FOUL (3 PF) (Avdija 2 FT),"[1630230, 1630166]",1610612742.0,DAL,shooting,,,Marshall,N. Marshall,,,,,Restricted Area,0-8 Center,,,,,,,,,,,1628951.0,,3.0,0.0,Avdija,1630166.0,,,,
713,PT00M16.80S,2026-03-28T04:26:00.0Z,4,REGULAR,freethrow,1 of 2,[],1630166,,,1610612757,92,98,2026-03-28T04:26:00Z,7010000,False,,,0,,MISS D. Avdija Free Throw 1 of 2,[1630166],1610612757.0,POR,,,,Avdija,D. Avdija,,,,,,,,Missed,,,,,,,,,,,,,,,,,,
714,PT00M16.80S,2026-03-28T04:26:00.0Z,4,REGULAR,rebound,offensive,"['deadball', 'team']",0,,,1610612757,92,98,2026-03-28T04:26:00Z,7020000,False,,,0,,TEAM offensive REBOUND,[],1610612757.0,POR,,,,,,,,,,,,,,713.0,,,,,,,,,,,,,,,,,
715,PT00M16.80S,2026-03-28T04:26:12.8Z,4,REGULAR,freethrow,2 of 2,[],1630166,,,1610612757,93,98,2026-03-28T04:26:12Z,7030000,False,,,0,,D. Avdija Free Throw 2 of 2 (20 PTS),[1630166],1610612757.0,POR,,,,Avdija,D. Avdija,,,,,,,,Made,,,,,20.0,,,,,,,,,,,,,
716,PT00M15.90S,2026-03-28T04:26:22.4Z,4,REGULAR,foul,personal,"['inpenalty', '2freethrow']",1641739,,,1610612742,93,98,2026-03-28T04:26:30Z,7040000,False,,,0,,T. Camara take personal FOUL (5 PF) (Williams 2 FT),"[1641739, 1630314]",1610612757.0,POR,take,,,Camara,T. Camara,,,,,Above the Break 3,24+ Left,,,,,,,,,,,1627539.0,,5.0,0.0,Williams,1630314.0,,,,
718,PT00M15.90S,2026-03-28T04:26:56.2Z,4,REGULAR,freethrow,1 of 2,[],1630314,,,1610612742,93,99,2026-03-28T04:26:56Z,7060000,False,,,0,,B. Williams Free Throw 1 of 2 (9 PTS),[1630314],1610612742.0,DAL,,,,Williams,B. Williams,,,,,,,,Made,,,,,9.0,,,,,,,,,,,,,
719,PT00M15.90S,2026-03-28T04:27:15.5Z,4,REGULAR,freethrow,2 of 2,[],1630314,,,1610612742,93,100,2026-03-28T04:27:15Z,7070000,False,,,0,,B. Williams Free Throw 2 of 2 (10 PTS),[1630314],1610612742.0,DAL,,,,Williams,B. Williams,,,,,,,,Made,,,,,10.0,,,,,,,,,,,,,
720,PT00M11.70S,2026-03-28T04:27:21.9Z,4,REGULAR,3pt,Jump Shot,[],1630703,36.21879106438896,28.186274509803923,1610612757,93,100,2026-03-28T04:27:27Z,7080000,False,109.0,288.0,1,left,MISS S. Henderson 30' pullup 3PT,[1630703],1610612757.0,POR,pullup,,,Henderson,S. Henderson,,,,,Above the Break 3,24+ Right Center,30.8,Missed,,,,,,,,,,,,,,,,,,
721,PT00M08.70S,2026-03-28T04:27:25.1Z,4,REGULAR,rebound,defensive,[],1629023,,,1610612742,93,100,2026-03-28T04:27:25Z,7090000,False,,,0,,P. Washington REBOUND (Off:1 Def:4),[1629023],1610612742.0,DAL,,,,Washington,P. Washington,,,,,Above the Break 3,24+ Right Center,,,720.0,5.0,4.0,1.0,,,,,,,,,,,,,,
722,PT00M00.00S,2026-03-28T04:27:35.5Z,4,REGULAR,period,end,[],0,,,1610612742,93,100,2026-03-28T04:27:35Z,7100000,False,,,0,,Period End,[],,,,,,,,,,,,,,,,,,,,,,,,,,,,,,,,,
723,PT00M00.00S,2026-03-28T04:27:38.3Z,4,REGULAR,game,end,[],0,,,0,93,100,2026-03-28T04:27:38Z,7110000,False,,,0,,Game End,[],,,,,,,,,,,,,,,,,,,,,,,,,,,,,,,,,
