actionNumber,clock,timeActual,period,periodType,actionType,subType,qualifiers,personId,x,y,possession,scoreHome,scoreAway,edited,orderNumber,isTargetScoreLastPeriod,xLegacy,yLegacy,isFieldGoal,side,description,personIdsFilter,teamId,teamTricode,descriptor,jumpBallRecoveredName,jumpBallRecoverdPersonId,playerName,playerNameI,jumpBallWonPlayerName,jumpBallWonPersonId,jumpBallLostPlayerName,jumpBallLostPersonId,area,areaDetail,shotDistance,shotResult,pointsTotal,assistPlayerNameInitial,assistPersonId,assistTotal,shotActionNumber,reboundTotal,reboundDefensiveTotal,reboundOffensiveTotal,officialId,foulPersonalTotal,foulTechnicalTotal,foulDrawnPlayerName,foulDrawnPersonId,turnoverTotal,stealPlayerName,stealPersonId,blockPlayerName,blockPersonId
2,PT12M00.00S,2024-12-06T01:10:11.1Z,1,REGULAR,period,start,[],0,,,0,0,0,2024-12-06T01:10:11Z,20000,False,,,0,,Period Start,[],,,,,,,,,,,,,,,,,,,,,,,,,,,,,,,,,
4,PT11M58.00S,2024-12-06T01:10:12.8Z,1,REGULAR,jumpball,recovered,[],1629634,,,1610612763,0,0,2024-12-06T01:10:12Z,40000,False,,,0,,Jump Ball J. Jackson Jr. vs. D. Sabonis: Tip to B. Clarke,"[1629634, 1628991, 1627734]",1610612763.0,MEM,startperiod,B. Clarke,1629634.0,Clarke,B. Clarke,Jackson Jr.,1628991.0,Sabonis,1627734.0,,,,,,,,,,,,,,,,,,,,,,
7,PT11M45.00S,2024-12-06T01:10:25.1Z,1,REGULAR,2pt,Layup,['pointsinthepaint'],1629630,8.09789750328515,54.41176470588235,1610612763,2,0,2024-12-06T01:10:41Z,70000,False,-22.0,24.0,1,left,J. Morant driving finger roll Layup (2 PTS),[1629630],1610612763.0,MEM,driving finger roll,,,Morant,J. Morant,,,,,Restricted Area,0-8 Center,3.23,Made,2.0,,,,,,,,,,,,,,,,,
8,PT11M23.00S,2024-12-06T01:10:46.8Z,1,REGULAR,2pt,Layup,['pointsinthepaint'],1627734,92.85479632063075,47.549019607843135,1610612758,2,2,2024-12-06T01:10:50Z,80000,False,-12.0,15.0,1,right,D. Sabonis cutting Layup (2 PTS) (M. Monk 1 AST),"[1627734, 1628370]",1610612758.0,SAC,cutting,,,Sabonis,D. Sabonis,,,,,Restricted Area,0-8 Center,1.92,Made,2.0,M. Monk,1628370.0,1.0,,,,,,,,,,,,,,
10,PT11M12.00S,2024-12-06T01:10:58.0Z,1,REGULAR,2pt,Jump Shot,['pointsinthepaint'],1628991,8.754927726675426,57.59803921568627,1610612763,2,2,2024-12-06T01:11:01Z,100000,False,-38.0,30.0,1,left,MISS J. Jackson Jr. driving floating Shot,[1628991],1610612763.0,MEM,driving floating,,,Jackson Jr.,J. Jackson Jr.,,,,,In The Paint (Non-RA),0-8 Center,4.83,Missed,,,,,,,,,,,,,,,,,,
11,PT11M10.00S,2024-12-06T01:11:00.0Z,1,REGULAR,rebound,offensive,[],1642377,,,1610612763,2,2,2024-12-06T01:11:00Z,110000,False,,,0,,J. Wells REBOUND (Off:1 Def:0),[1642377],1610612763.0,MEM,,,,Wells,J. Wells,,,,,In The Paint (Non-RA),0-8 Center,,,,,,,10.0,1.0,0.0,1.0,,,,,,,,,,
12,PT11M06.00S,2024-12-06T01:11:03.6Z,1,REGULAR,3pt,Jump Shot,['2ndchance'],1629630,6.783837056504599,96.56862745098039,1610612763,2,2,2024-12-06T01:11:08Z,120000,False,-233.0,11.0,1,left,MISS J. Morant 3PT,[1629630],1610612763.0,MEM,,,,Morant,J. Morant,,,,,Left Corner 3,24+ Left,23.31,Missed,,,,,,,,,,,,,,,,,,
13,PT11M02.00S,2024-12-06T01:11:07.6Z,1,REGULAR,rebound,defensive,[],1628370,,,1610612758,2,2,2024-12-06T01:11:08Z,130000,False,,,0,,M. Monk REBOUND (Off:0 Def:1),[1628370],1610612758.0,SAC,,,,Monk,M. Monk,,,,,Left Corner 3,24+ Left,,,,,,,12.0,1.0,1.0,0.0,,,,,,,,,,
14,PT10M57.00S,2024-12-06T01:11:12.3Z,1,REGULAR,3pt,Jump Shot,['fastbreak'],1631099,73.66951379763469,14.460784313725492,1610612758,2,2,2024-12-06T01:12:13Z,140000,False,-178.0,195.0,1,right,MISS K. Murray 26' running 3PT,[1631099],1610612758.0,SAC,running,,,Murray,K. Murray,,,,,Above the Break 3,24+ Left Center,26.38,Missed,,,,,,,,,,,,,,,,,,
15,PT10M53.00S,2024-12-06T01:11:16.3Z,1,REGULAR,rebound,defensive,[],1630217,,,1610612763,2,2,2024-12-06T01:11:21Z,150000,False,,,0,,D. Bane REBOUND (Off:0 Def:1),[1630217],1610612763.0,MEM,,,,Bane,D. Bane,,,,,Above the Break 3,24+ Left Center,,,,,,,14.0,1.0,1.0,0.0,,,,,,,,,,
16,PT10M48.00S,2024-12-06T01:11:21.4Z,1,REGULAR,2pt,Jump Shot,['pointsinthepaint'],1629630,11.777266754270697,50.49019607843137,1610612763,4,2,2024-12-06T01:11:30Z,160000,False,-2.0,58.0,1,left,J. Morant driving floating Jump Shot (4 PTS),[1629630],1610612763.0,MEM,driving floating,,,Morant,J. Morant,,,,,In The Paint (Non-RA),0-8 Center,5.83,Made,4.0,,,,,,,,,,,,,,,,,
17,PT10M31.00S,2024-12-06T01:11:44.5Z,1,REGULAR,foul,personal,[],1629630,,,1610612758,4,2,2024-12-06T01:11:52Z,170000,False,,,0,,J. Morant personal FOUL (1 PF),"[1629630, 1628368]",1610612763.0,MEM,,,,Morant,J. Morant,,,,,In The Paint (Non-RA),8-16 Center,,,,,,,,,,,1628951.0,1.0,0.0,Fox,1628368.0,,,,,
19,PT10M24.00S,2024-12-06T01:12:11.8Z,1,REGULAR,3pt,Jump Shot,[],1628368,70.51576872536137,76.47058823529412,1610612758,4,2,2024-12-06T01:12:17Z,190000,False,132.0,225.0,1,right,MISS D. Fox 26' pullup 3PT,[1628368],1610612758.0,SAC,pullup,,,Fox,D. Fox,,,,,Above the Break 3,24+ Right Center,26.08,Missed,,,,,,,,,,,,,,,,,,
20,PT10M21.00S,2024-12-06T01:12:14.8Z,1,REGULAR,rebound,defensive,[],1642377,,,1610612763,4,2,2024-12-06T01:12:17Z,200000,False,,,0,,J. Wells REBOUND (Off:1 Def:1),[1642377],1610612763.0,MEM,,,,Wells,J. Wells,,,,,Above the Break 3,24+ Right Center,,,,,,,19.0,2.0,1.0,1.0,,,,,,,,,,
21,PT10M16.00S,2024-12-06T01:12:20.7Z,1,REGULAR,foul,personal,['2freethrow'],1628370,,,1610612763,4,2,2024-12-06T01:12:29Z,210000,False,,,0,,M. Monk shooting personal FOUL (1 PF) (Wells 2 FT),"[1628370, 1642377]",1610612758.0,SAC,shooting,,,Monk,M. Monk,,,,,Restricted Area,0-8 Center,,,,,,,,,,,2003.0,1.0,0.0,Wells,1642377.0,,,,,
23,PT10M16.00S,2024-12-06T01:12:44.4Z,1,REGULAR,freethrow,1 of 2,[],1642377,,,1610612763,5,2,2024-12-06T01:12:44Z,230000,False,,,0,,J. Wells Free Throw 1 of 2 (1 PTS),[1642377],1610612763.0,MEM,,,,Wells,J. Wells,,,,,,,,Made,1.0,,,,,,,,,,,,,,,,,
24,PT10M16.00S,2024-12-06T01:13:09.3Z,1,REGULAR,freethrow,2 of 2,[],1642377,,,1610612763,6,2,2024-12-06T01:13:09Z,240000,False,,,0,,J. Wells Free Throw 2 of 2 (2 PTS),[1642377],1610612763.0,MEM,,,,Wells,J. Wells,,,,,,,,Made,2.0,,,,,,,,,,,,,,,,,
25,PT10M02.00S,2024-12-06T01:13:27.1Z,1,REGULAR,foul,personal,[],1630217,,,1610612758,6,2,2024-12-06T01:13:34Z,250000,False,,,0,,D. Bane personal FOUL (1 PF),"[1630217, 1628370]",1610612763.0,MEM,,,,Bane,D. Bane,,,,,Mid-Range,8-16 Left,,,,,,,,,,,1628951.0,1.0,0.0,Monk,1628370.0,,,,,
27,PT09M53.00S,2024-12-06T01:13:52.4Z,1,REGULAR,2pt,Layup,['pointsinthepaint'],1628368,92.32917214191852,45.34313725490196,1610612758,6,4,2024-12-06T01:13:56Z,270000,False,-23.0,20.0,1,right,D. Fox driving finger roll Layup (2 PTS) (D. Sabonis 1 AST),"[1628368, 1627734]",1610612758.0,SAC,driving finger roll,,,Fox,D. Fox,,,,,Restricted Area,0-8 Center,3.04,Made,2.0,D. Sabonis,1627734.0,1.0,,,,,,,,,,,,,,
29,PT09M38.00S,2024-12-06T01:14:06.6Z,1,REGULAR,3pt,Jump Shot,[],1630217,23.99802890932983,83.33333333333334,1610612763,6,4,2024-12-06T01:14:10Z,290000,False,-167.0,173.0,1,left,MISS D. Bane 24' 3PT,[1630217],1610612763.0,MEM,,,,Bane,D. Bane,,,,,Above the Break 3,24+ Left Center,24.03,Missed,,,,,,,,,,,,,,,,,,
30,PT09M35.00S,2024-12-06T01:14:09.6Z,1,REGULAR,rebound,defensive,[],1631099,,,1610612758,6,4,2024-12-06T01:14:10Z,300000,False,,,0,,K. Murray REBOUND (Off:0 Def:1),[1631099],1610612758.0,SAC,,,,Murray,K. Murray,,,,,Above the Break 3,24+ Left Center,,,,,,,29.0,1.0,1.0,0.0,,,,,,,,,,
31,PT09M27.00S,2024-12-06T01:14:18.1Z,1,REGULAR,2pt,Layup,['pointsinthepaint'],1627734,92.59198423127464,46.32352941176471,1610612758,6,6,2024-12-06T01:14:21Z,310000,False,-18.0,17.0,1,right,D. Sabonis cutting Layup (4 PTS) (D. DeRozan 1 AST),"[1627734, 201942]",1610612758.0,SAC,cutting,,,Sabonis,D. Sabonis,,,,,Restricted Area,0-8 Center,2.51,Made,4.0,D. DeRozan,201942.0,1.0,,,,,,,,,,,,,,
33,PT09M15.00S,2024-12-06T01:14:30.7Z,1,REGULAR,2pt,Layup,['pointsinthepaint'],1628991,7.440867279894875,58.08823529411765,1610612763,8,6,2024-12-06T01:14:33Z,330000,False,-40.0,17.0,1,left,J. Jackson Jr. driving finger roll Layup (2 PTS) (J. Morant 1 AST),"[1628991, 1629630]",1610612763.0,MEM,driving finger roll,,,Jackson Jr.,J. Jackson Jr.,,,,,In The Paint (Non-RA),0-8 Center,4.4,Made,2.0,J. Morant,1629630.0,1.0,,,,,,,,,,,,,,
35,PT09M02.00S,2024-12-06T01:14:43.4Z,1,REGULAR,2pt,Layup,['pointsinthepaint'],201942,92.06636005256242,38.48039215686275,1610612758,8,8,2024-12-06T01:14:47Z,350000,False,-58.0,22.0,1,right,D. DeRozan 6' Layup (2 PTS),[201942],1610612758.0,SAC,,,,DeRozan,D. DeRozan,,,,,In The Paint (Non-RA),0-8 Center,6.17,Made,2.0,,,,,,,,,,,,,,,,,
36,PT08M47.00S,2024-12-06T01:14:58.0Z,1,REGULAR,3pt,Jump Shot,[],1642377,24.78646517739816,11.76470588235294,1610612763,11,8,2024-12-06T01:15:01Z,360000,False,191.0,180.0,1,left,J. Wells 26' 3PT  (5 PTS) (J. Morant 2 AST),"[1642377, 1629630]",1610612763.0,MEM,,,,Wells,J. Wells,,,,,Above the Break 3,24+ Right Center,26.29,Made,5.0,J. Morant,1629630.0,2.0,,,,,,,,,,,,,,
38,PT08M30.00S,2024-12-06T01:15:15.3Z,1,REGULAR,2pt,Jump Shot,[],201942,82.21090670170827,73.2843137254902,1610612758,11,10,2024-12-06T01:15:21Z,380000,False,116.0,115.0,1,right,D. DeRozan 16' Jump Shot (4 PTS),[201942],1610612758.0,SAC,,,,DeRozan,D. DeRozan,,,,,Mid-Range,16-24 Right Center,16.34,Made,4.0,,,,,,,,,,,,,,,,,
39,PT08M16.00S,2024-12-06T01:15:31.5Z,1,REGULAR,foul,personal,['2freethrow'],1628370,,,1610612763,11,10,2024-12-06T01:15:38Z,390000,False,,,0,,M. Monk shooting personal FOUL (2 PF) (Wells 2 FT),"[1628370, 1642377]",1610612758.0,SAC,shooting,,,Monk,M. Monk,,,,,In The Paint (Non-RA),0-8 Center,,,,,,,,,,,1204.0,2.0,0.0,Wells,1642377.0,,,,,
41,PT08M16.00S,2024-12-06T01:15:53.8Z,1,REGULAR,freethrow,1 of 2,[],1642377,,,1610612763,12,10,2024-12-06T01:15:53Z,410000,False,,,0,,J. Wells Free Throw 1 of 2 (6 PTS),[1642377],1610612763.0,MEM,,,,Wells,J. Wells,,,,,,,,Made,6.0,,,,,,,,,,,,,,,,,
42,PT08M16.00S,2024-12-06T01:16:09.4Z,1,REGULAR,freethrow,2 of 2,[],1642377,,,1610612763,13,10,2024-12-06T01:16:09Z,420000,False,,,0,,J. Wells Free Throw 2 of 2 (7 PTS),[1642377],1610612763.0,MEM,,,,Wells,J. Wells,,,,,,,,Made,7.0,,,,,,,,,,,,,,,,,
43,PT08M00.00S,2024-12-06T01:16:26.8Z,1,REGULAR,2pt,Jump Shot,[],201942,92.9862023653088,22.058823529411764,1610612758,13,10,2024-12-06T01:16:32Z,430000,False,-140.0,13.0,1,right,MISS D. DeRozan 14' turnaround fadeaway Shot,[201942],1610612758.0,SAC,turnaround fadeaway,,,DeRozan,D. DeRozan,,,,,Mid-Range,8-16 Left,14.03,Missed,,,,,,,,,,,,,,,,,,
44,PT07M55.00S,2024-12-06T01:16:31.8Z,1,REGULAR,rebound,offensive,[],1628368,,,1610612758,13,10,2024-12-06T01:16:32Z,440000,False,,,0,,D. Fox REBOUND (Off:1 Def:0),[1628368],1610612758.0,SAC,,,,Fox,D. Fox,,,,,Mid-Range,8-16 Left,,,,,,,43.0,1.0,0.0,1.0,,,,,,,,,,
45,PT07M55.00S,2024-12-06T01:16:31.2Z,1,REGULAR,2pt,Layup,"['pointsinthepaint', '2ndchance']",1628368,94.40999984741211,50.0,1610612758,13,12,2024-12-06T01:16:31Z,450000,False,0.0,0.0,1,right,D. Fox tip Layup (4 PTS),[1628368],1610612758.0,SAC,tip,,,Fox,D. Fox,,,,,Mid-Range,8-16 Left,0.0,Made,4.0,,,,,,,,,,,,,,,,,
47,PT07M49.00S,2024-12-06T01:16:59.7Z,1,REGULAR,3pt,Jump Shot,[],1630217,23.73521681997372,14.215686274509803,1610612763,16,12,2024-12-06T01:17:03Z,470000,False,179.0,171.0,1,left,D. Bane 24' 3PT  (3 PTS) (J. Morant 3 AST),"[1630217, 1629630]",1610612763.0,MEM,,,,Bane,D. Bane,,,,,Above the Break 3,24+ Right Center,24.72,Made,3.0,J. Morant,1629630.0,3.0,,,,,,,,,,,,,,
49,PT07M37.00S,2024-12-06T01:17:12.8Z,1,REGULAR,2pt,Layup,['pointsinthepaint'],1627734,91.80354796320631,43.13725490196079,1610612758,16,14,2024-12-06T01:17:16Z,490000,False,-34.0,25.0,1,right,D. Sabonis alley-oop Layup (6 PTS) (M. Monk 2 AST),"[1627734, 1628370]",1610612758.0,SAC,alley-oop,,,Sabonis,D. Sabonis,,,,,Restricted Area,0-8 Center,4.22,Made,6.0,M. Monk,1628370.0,2.0,,,,,,,,,,,,,,
51,PT07M27.00S,2024-12-06T01:17:21.9Z,1,REGULAR,turnover,bad pass,[],1629630,,,1610612763,16,14,2024-12-06T01:17:25Z,510000,False,,,0,,J. Morant bad pass TURNOVER (1 TO),"[1629630, 1631099]",1610612763.0,MEM,,,,Morant,J. Morant,,,,,Above the Break 3,24+ Right Center,,,,,,,,,,,,,,,,1.0,Murray,1631099.0,,
52,PT07M27.00S,2024-12-06T01:17:21.9Z,1,REGULAR,steal,,[],1631099,,,1610612758,16,14,2024-12-06T01:17:24Z,520000,False,,,0,,K. Murray STEAL (1 STL),[1631099],1610612758.0,SAC,,,,Murray,K. Murray,,,,,Above the Break 3,24+ Right Center,,,,,,,,,,,,,,,,,,,,
54,PT07M23.00S,2024-12-06T01:17:36.0Z,1,REGULAR,violation,kicked ball,[],1628991,,,1610612758,16,14,2024-12-06T01:17:41Z,540000,False,,,0,,J. Jackson Jr. kicked ball VIOLATION,[1628991],1610612763.0,MEM,,,,Jackson Jr.,J. Jackson Jr.,,,,,,,,,,,,,,,,,1204.0,,,,,,,,,
55,PT07M18.00S,2024-12-06T01:17:49.3Z,1,REGULAR,3pt,Jump Shot,['fromturnover'],1628370,74.45795006570303,15.686274509803921,1610612758,16,17,2024-12-06T01:17:53Z,550000,False,-172.0,188.0,1,right,M. Monk 25' 3PT pullup (3 PTS) (D. Sabonis 2 AST),"[1628370, 1627734]",1610612758.0,SAC,pullup,,,Monk,M. Monk,,,,,Above the Break 3,24+ Left Center,25.42,Made,3.0,D. Sabonis,1627734.0,2.0,,,,,,,,,,,,,,
57,PT07M16.00S,2024-12-06T01:17:53.9Z,1,REGULAR,timeout,full,"['team', 'mandatory']",0,,,1610612763,16,17,2024-12-06T01:17:53Z,570000,False,,,0,,MEM Timeout,[],1610612763.0,MEM,,,,,,,,,,,,,,,,,,,,,,,,,,,,,,,
58,PT07M05.00S,2024-12-06T01:21:19.0Z,1,REGULAR,turnover,traveling,[],1642377,,,1610612763,16,17,2024-12-06T01:21:23Z,580000,False,,,0,,J. Wells traveling TURNOVER (1 TO),[1642377],1610612763.0,MEM,,,,Wells,J. Wells,,,,,In The Paint (Non-RA),8-16 Left,,,,,,,,,,,1204.0,,,,,1.0,,,,
59,PT06M52.00S,2024-12-06T01:21:43.4Z,1,REGULAR,foul,personal,['2freethrow'],1630217,,,1610612758,16,17,2024-12-06T01:21:55Z,590000,False,,,0,,D. Bane shooting personal FOUL (2 PF) (Monk 2 FT),"[1630217, 1628370]",1610612763.0,MEM,shooting,,,Bane,D. Bane,,,,,In The Paint (Non-RA),0-8 Center,,,,,,,,,,,2003.0,2.0,0.0,Monk,1628370.0,,,,,
61,PT06M52.00S,2024-12-06T01:22:09.4Z,1,REGULAR,freethrow,1 of 2,['fromturnover'],1628370,,,1610612758,16,18,2024-12-06T01:22:09Z,610000,False,,,0,,M. Monk Free Throw 1 of 2 (4 PTS),[1628370],1610612758.0,SAC,,,,Monk,M. Monk,,,,,,,,Made,4.0,,,,,,,,,,,,,,,,,
62,PT06M52.00S,2024-12-06T01:22:15.7Z,1,REGULAR,substitution,out,[],1630217,,,1610612758,16,18,2024-12-06T01:22:18Z,620000,False,,,0,,SUB out: D. Bane,[1630217],1610612763.0,MEM,,,,Bane,D. Bane,,,,,,,,,,,,,,,,,,,,,,,,,,
63,PT06M52.00S,2024-12-06T01:22:15.7Z,1,REGULAR,substitution,in,[],203935,,,1610612758,16,18,2024-12-06T01:22:18Z,630000,False,,,0,,SUB in: M. Smart,[203935],1610612763.0,MEM,,,,Smart,M. Smart,,,,,,,,,,,,,,,,,,,,,,,,,,
64,PT06M52.00S,2024-12-06T01:22:30.2Z,1,REGULAR,freethrow,2 of 2,['fromturnover'],1628370,,,1610612758,16,19,2024-12-06T01:22:30Z,640000,False,,,0,,M. Monk Free Throw 2 of 2 (5 PTS),[1628370],1610612758.0,SAC,,,,Monk,M. Monk,,,,,,,,Made,5.0,,,,,,,,,,,,,,,,,
65,PT06M38.00S,2024-12-06T01:22:46.0Z,1,REGULAR,3pt,Jump Shot,[],203935,32.933639947437584,43.13725490196079,1610612763,19,19,2024-12-06T01:22:49Z,650000,False,34.0,257.0,1,left,M. Smart 25' 3PT  (3 PTS) (J. Jackson Jr. 1 AST),"[203935, 1628991]",1610612763.0,MEM,,,,Smart,M. Smart,,,,,Above the Break 3,24+ Center,25.94,Made,3.0,J. Jackson Jr.,1628991.0,1.0,,,,,,,,,,,,,,
67,PT06M25.00S,2024-12-06T01:23:00.4Z,1,REGULAR,foul,personal,['2freethrow'],1629634,,,1610612758,19,19,2024-12-06T01:23:12Z,670000,False,,,0,,B. Clarke shooting personal FOUL (1 PF) (Sabonis 2 FT),"[1629634, 1627734]",1610612763.0,MEM,shooting,,,Clarke,B. Clarke,,,,,In The Paint (Non-RA),0-8 Center,,,,,,,,,,,1204.0,1.0,0.0,Sabonis,1627734.0,,,,,
69,PT06M25.00S,2024-12-06T01:23:25.9Z,1,REGULAR,freethrow,1 of 2,[],1627734,,,1610612758,19,20,2024-12-06T01:23:25Z,690000,False,,,0,,D. Sabonis Free Throw 1 of 2 (7 PTS),[1627734],1610612758.0,SAC,,,,Sabonis,D. Sabonis,,,,,,,,Made,7.0,,,,,,,,,,,,,,,,,
70,PT06M25.00S,2024-12-06T01:23:31.0Z,1,REGULAR,substitution,out,[],1628991,,,1610612758,19,20,2024-12-06T01:23:34Z,700000,False,,,0,,SUB out: J. Jackson Jr.,[1628991],1610612763.0,MEM,,,,Jackson Jr.,J. Jackson Jr.,,,,,,,,,,,,,,,,,,,,,,,,,,
71,PT06M25.00S,2024-12-06T01:23:31.0Z,1,REGULAR,substitution,in,[],1630583,,,1610612758,19,20,2024-12-06T01:23:34Z,710000,False,,,0,,SUB in: S. Aldama,[1630583],1610612763.0,MEM,,,,Aldama,S. Aldama,,,,,,,,,,,,,,,,,,,,,,,,,,
72,PT06M25.00S,2024-12-06T01:23:55.8Z,1,REGULAR,freethrow,2 of 2,[],1627734,,,1610612758,19,21,2024-12-06T01:23:55Z,720000,False,,,0,,D. Sabonis Free Throw 2 of 2 (8 PTS),[1627734],1610612758.0,SAC,,,,Sabonis,D. Sabonis,,,,,,,,Made,8.0,,,,,,,,,,,,,,,,,
73,PT06M20.00S,2024-12-06T01:24:01.7Z,1,REGULAR,2pt,Layup,['pointsinthepaint'],1629630,7.30946123521682,46.07843137254902,1610612763,19,21,2024-12-06T01:24:06Z,730000,False,20.0,16.0,1,left,MISS J. Morant driving finger roll Layup,[1629630],1610612763.0,MEM,driving finger roll,,,Morant,J. Morant,,,,,Restricted Area,0-8 Center,2.54,Missed,,,,,,,,,,,,,,,,,,
75,PT06M17.00S,2024-12-06T01:24:04.7Z,1,REGULAR,rebound,offensive,[],1629634,,,1610612763,19,21,2024-12-06T01:24:06Z,750000,False,,,0,,B. Clarke REBOUND (Off:1 Def:0),[1629634],1610612763.0,MEM,,,,Clarke,B. Clarke,,,,,Restricted Area,0-8 Center,,,,,,,73.0,1.0,0.0,1.0,,,,,,,,,,
76,PT06M15.00S,2024-12-06T01:24:06.9Z,1,REGULAR,3pt,Jump Shot,['2ndchance'],1642377,3.892904073587385,94.11764705882352,1610612763,19,21,2024-12-06T01:24:21Z,760000,False,-221.0,-16.0,1,left,MISS J. Wells 3PT,[1642377],1610612763.0,MEM,,,,Wells,J. Wells,,,,,Left Corner 3,24+ Left,22.12,Missed,,,,,,,,,,,,,,,,,,
77,PT06M12.00S,2024-12-06T01:24:09.9Z,1,REGULAR,rebound,offensive,[],1629630,,,1610612763,19,21,2024-12-06T01:24:21Z,770000,False,,,0,,J. Morant REBOUND (Off:1 Def:0),[1629630],1610612763.0,MEM,,,,Morant,J. Morant,,,,,Left Corner 3,24+ Left,,,,,,,76.0,1.0,0.0,1.0,,,,,,,,,,
78,PT06M03.00S,2024-12-06T01:24:19.7Z,1,REGULAR,2pt,Layup,"['pointsinthepaint', '2ndchance']",1642377,5.206964520367937,51.470588235294116,1610612763,19,21,2024-12-06T01:24:28Z,780000,False,-7.0,-4.0,1,left,MISS J. Wells cutting finger roll Layup,[1642377],1610612763.0,MEM,cutting finger roll,,,Wells,J. Wells,,,,,Restricted Area,0-8 Center,0.82,Missed,,,,,,,,,,,,,,,,,,
79,PT06M03.00S,2024-12-06T01:24:19.7Z,1,REGULAR,rebound,defensive,[],1627734,,,1610612758,19,21,2024-12-06T01:24:28Z,790000,False,,,0,,D. Sabonis REBOUND (Off:0 Def:1),[1627734],1610612758.0,SAC,,,,Sabonis,D. Sabonis,,,,,Restricted Area,0-8 Center,,,,,,,78.0,1.0,1.0,0.0,,,,,,,,,,
80,PT05M54.00S,2024-12-06T01:24:30.5Z,1,REGULAR,turnover,traveling,[],1627734,,,1610612758,19,21,2024-12-06T01:24:36Z,800000,False,,,0,,D. Sabonis traveling TURNOVER (1 TO),[1627734],1610612758.0,SAC,,,,Sabonis,D. Sabonis,,,,,In The Paint (Non-RA),0-8 Center,,,,,,,,,,,1628951.0,,,,,1.0,,,,
81,PT05M54.00S,2024-12-06T01:24:32.8Z,1,REGULAR,substitution,out,[],1629634,,,1610612763,19,21,2024-12-06T01:24:47Z,810000,False,,,0,,SUB out: B. Clarke,[1629634],1610612763.0,MEM,,,,Clarke,B. Clarke,,,,,,,,,,,,,,,,,,,,,,,,,,
82,PT05M54.00S,2024-12-06T01:24:32.8Z,1,REGULAR,substitution,out,[],1628368,,,1610612763,19,21,2024-12-06T01:24:47Z,820000,False,,,0,,SUB out: D. Fox,[1628368],1610612758.0,SAC,,,,Fox,D. Fox,,,,,,,,,,,,,,,,,,,,,,,,,,
83,PT05M54.00S,2024-12-06T01:24:32.8Z,1,REGULAR,substitution,out,[],1631099,,,1610612763,19,21,2024-12-06T01:24:47Z,830000,False,,,0,,SUB out: K. Murray,[1631099],1610612758.0,SAC,,,,Murray,K. Murray,,,,,,,,,,,,,,,,,,,,,,,,,,
84,PT05M54.00S,2024-12-06T01:24:32.8Z,1,REGULAR,substitution,in,[],1630643,,,1610612763,19,21,2024-12-06T01:24:47Z,840000,False,,,0,,SUB in: J. Huff,[1630643],1610612763.0,MEM,,,,Huff,J. Huff,,,,,,,,,,,,,,,,,,,,,,,,,,
85,PT05M54.00S,2024-12-06T01:24:32.8Z,1,REGULAR,substitution,in,[],1628989,,,1610612763,19,21,2024-12-06T01:24:47Z,850000,False,,,0,,SUB in: K. Huerter,[1628989],1610612758.0,SAC,,,,Huerter,K. Huerter,,,,,,,,,,,,,,,,,,,,,,,,,,
86,PT05M54.00S,2024-12-06T01:24:32.8Z,1,REGULAR,substitution,in,[],1642403,,,1610612763,19,21,2024-12-06T01:24:47Z,860000,False,,,0,,SUB in: I. Jones,[1642403],1610612758.0,SAC,,,,Jones,I. Jones,,,,,,,,,,,,,,,,,,,,,,,,,,
87,PT05M49.00S,2024-12-06T01:24:53.8Z,1,REGULAR,foul,personal,[],201942,,,1610612763,19,21,2024-12-06T01:25:03Z,870000,False,,,0,,D. DeRozan personal FOUL (1 PF),"[201942, 203935]",1610612758.0,SAC,,,,DeRozan,D. DeRozan,,,,,Mid-Range,8-16 Right,,,,,,,,,,,1628951.0,1.0,0.0,Smart,203935.0,,,,,
89,PT05M49.00S,2024-12-06T01:25:04.4Z,1,REGULAR,substitution,out,[],1628370,,,1610612763,19,21,2024-12-06T01:25:07Z,890000,False,,,0,,SUB out: M. Monk,[1628370],1610612758.0,SAC,,,,Monk,M. Monk,,,,,,,,,,,,,,,,,,,,,,,,,,
90,PT05M49.00S,2024-12-06T01:25:04.4Z,1,REGULAR,substitution,in,[],1628368,,,1610612763,19,21,2024-12-06T01:25:07Z,900000,False,,,0,,SUB in: D. Fox,[1628368],1610612758.0,SAC,,,,Fox,D. Fox,,,,,,,,,,,,,,,,,,,,,,,,,,
91,PT05M39.00S,2024-12-06T01:25:29.2Z,1,REGULAR,2pt,Layup,"['pointsinthepaint', 'fromturnover']",1642377,6.521024967148489,43.38235294117647,1610612763,21,21,2024-12-06T01:25:32Z,910000,False,33.0,9.0,1,left,J. Wells Layup (9 PTS) (J. Morant 4 AST),"[1642377, 1629630]",1610612763.0,MEM,,,,Wells,J. Wells,,,,,Restricted Area,0-8 Center,3.42,Made,9.0,J. Morant,1629630.0,4.0,,,,,,,,,,,,,,
93,PT05M23.00S,2024-12-06T01:25:43.9Z,1,REGULAR,2pt,Jump Shot,[],201942,76.03482260183968,38.72549019607843,1610612758,21,23,2024-12-06T01:25:49Z,930000,False,-56.0,173.0,1,right,D. DeRozan 18' pullup Jump Shot (6 PTS),[201942],1610612758.0,SAC,pullup,,,DeRozan,D. DeRozan,,,,,Mid-Range,16-24 Center,18.18,Made,6.0,,,,,,,,,,,,,,,,,
95,PT05M12.00S,2024-12-06T01:25:56.2Z,1,REGULAR,3pt,Jump Shot,[],1629630,16.63929040735874,3.431372549019608,1610612763,21,23,2024-12-06T01:26:00Z,950000,False,233.0,104.0,1,left,MISS J. Morant 25' 3PT,[1629630],1610612763.0,MEM,,,,Morant,J. Morant,,,,,Above the Break 3,24+ Right Center,25.49,Missed,,,,,,,,,,,,,,,,,,
96,PT05M08.00S,2024-12-06T01:26:00.2Z,1,REGULAR,rebound,defensive,[],1628989,,,1610612758,21,23,2024-12-06T01:26:00Z,960000,False,,,0,,K. Huerter REBOUND (Off:0 Def:1),[1628989],1610612758.0,SAC,,,,Huerter,K. Huerter,,,,,Above the Break 3,24+ Right Center,,,,,,,95.0,1.0,1.0,0.0,,,,,,,,,,
97,PT05M04.00S,2024-12-06T01:26:03.7Z,1,REGULAR,3pt,Jump Shot,['fastbreak'],1628368,72.88107752956637,80.88235294117648,1610612758,21,23,2024-12-06T01:26:10Z,970000,False,154.0,202.0,1,right,MISS D. Fox 25' running 3PT,[1628368],1610612758.0,SAC,running,,,Fox,D. Fox,,,,,Above the Break 3,24+ Right Center,25.46,Missed,,,,,,,,,,,,,,,,,,
98,PT04M57.00S,2024-12-06T01:26:10.7Z,1,REGULAR,rebound,offensive,[],1627734,,,1610612758,21,23,2024-12-06T01:26:10Z,980000,False,,,0,,D. Sabonis REBOUND (Off:1 Def:1),[1627734],1610612758.0,SAC,,,,Sabonis,D. Sabonis,,,,,Above the Break 3,24+ Right Center,,,,,,,97.0,2.0,1.0,1.0,,,,,,,,,,
99,PT04M57.00S,2024-12-06T01:26:10.1Z,1,REGULAR,2pt,Layup,"['pointsinthepaint', '2ndchance']",1627734,94.40999984741211,50.0,1610612758,21,25,2024-12-06T01:26:10Z,990000,False,0.0,0.0,1,right,D. Sabonis putback Layup (10 PTS),[1627734],1610612758.0,SAC,putback,,,Sabonis,D. Sabonis,,,,,Mid-Range,8-16 Left,0.0,Made,10.0,,,,,,,,,,,,,,,,,
100,PT04M41.00S,2024-12-06T01:26:27.2Z,1,REGULAR,turnover,out-of-bounds,[],203935,,,1610612763,21,25,2024-12-06T01:26:35Z,1000000,False,,,0,,M. Smart step out-of-bounds TURNOVER (1 TO),[203935],1610612763.0,MEM,step,,,Smart,M. Smart,,,,,Left Corner 3,24+ Left,,,,,,,,,,,2003.0,,,,,1.0,,,,
101,PT04M41.00S,2024-12-06T01:26:31.8Z,1,REGULAR,substitution,out,[],1642377,,,1610612758,21,25,2024-12-06T01:26:37Z,1010000,False,,,0,,SUB out: J. Wells,[1642377],1610612763.0,MEM,,,,Wells,J. Wells,,,,,,,,,,,,,,,,,,,,,,,,,,
102,PT04M41.00S,2024-12-06T01:26:31.8Z,1,REGULAR,substitution,out,[],1629630,,,1610612758,21,25,2024-12-06T01:26:37Z,1020000,False,,,0,,SUB out: J. Morant,[1629630],1610612763.0,MEM,,,,Morant,J. Morant,,,,,,,,,,,,,,,,,,,,,,,,,,
103,PT04M41.00S,2024-12-06T01:26:31.8Z,1,REGULAR,substitution,in,[],1630590,,,1610612758,21,25,2024-12-06T01:26:37Z,1030000,False,,,0,,SUB in: S. Pippen Jr.,[1630590],1610612763.0,MEM,,,,Pippen Jr.,S. Pippen Jr.,,,,,,,,,,,,,,,,,,,,,,,,,,
104,PT04M41.00S,2024-12-06T01:26:31.8Z,1,REGULAR,substitution,in,[],1631222,,,1610612758,21,25,2024-12-06T01:26:37Z,1040000,False,,,0,,SUB in: J. LaRavia,[1631222],1610612763.0,MEM,,,,LaRavia,J. LaRavia,,,,,,,,,,,,,,,,,,,,,,,,,,
105,PT04M19.00S,2024-12-06T01:27:09.5Z,1,REGULAR,turnover,lost ball,[],1627734,,,1610612758,21,25,2024-12-06T01:27:13Z,1050000,False,,,0,,D. Sabonis lost ball TURNOVER (2 TO),"[1627734, 1630583]",1610612758.0,SAC,,,,Sabonis,D. Sabonis,,,,,In The Paint (Non-RA),8-16 Center,,,,,,,,,,,,,,,,2.0,Aldama,1630583.0,,
106,PT04M19.00S,2024-12-06T01:27:09.5Z,1,REGULAR,steal,,[],1630583,,,1610612763,21,25,2024-12-06T01:36:44Z,1060000,False,,,0,,S. Aldama STEAL (1 STL),[1630583],1610612763.0,MEM,,,,Aldama,S. Aldama,,,,,In The Paint (Non-RA),8-16 Center,,,,,,,,,,,,,,,,,,,,
107,PT04M14.00S,2024-12-06T01:27:14.2Z,1,REGULAR,3pt,Jump Shot,"['fromturnover', 'fastbreak']",1630643,31.61957950065703,42.8921568627451,1610612763,21,25,2024-12-06T01:27:18Z,1070000,False,36.0,245.0,1,left,MISS J. Huff 24' running 3PT,[1630643],1610612763.0,MEM,running,,,Huff,J. Huff,,,,,Above the Break 3,24+ Center,24.73,Missed,,,,,,,,,,,,,,,,,,
108,PT04M11.00S,2024-12-06T01:27:17.2Z,1,REGULAR,rebound,defensive,[],1627734,,,1610612758,21,25,2024-12-06T01:27:18Z,1080000,False,,,0,,D. Sabonis REBOUND (Off:1 Def:2),[1627734],1610612758.0,SAC,,,,Sabonis,D. Sabonis,,,,,Above the Break 3,24+ Center,,,,,,,107.0,3.0,2.0,1.0,,,,,,,,,,
109,PT04M05.00S,2024-12-06T01:27:23.8Z,1,REGULAR,3pt,Jump Shot,[],1642403,93.38042049934296,3.9215686274509802,1610612758,21,28,2024-12-06T01:27:27Z,1090000,False,-230.0,10.0,1,right,I. Jones 3PT  (3 PTS) (D. Sabonis 3 AST),"[1642403, 1627734]",1610612758.0,SAC,,,,Jones,I. Jones,,,,,Left Corner 3,24+ Left,23.06,Made,3.0,D. Sabonis,1627734.0,3.0,,,,,,,,,,,,,,
111,PT03M48.00S,2024-12-06T01:27:40.3Z,1,REGULAR,3pt,Jump Shot,[],1630643,7.30946123521682,94.6078431372549,1610612763,21,28,2024-12-06T01:27:44Z,1110000,False,-223.0,16.0,1,left,MISS J. Huff 3PT,[1630643],1610612763.0,MEM,,,,Huff,J. Huff,,,,,Left Corner 3,24+ Left,22.36,Missed,,,,,,,,,,,,,,,,,,
112,PT03M46.00S,2024-12-06T01:27:42.3Z,1,REGULAR,rebound,defensive,[],1628368,,,1610612758,21,28,2024-12-06T01:27:44Z,1120000,False,,,0,,D. Fox REBOUND (Off:1 Def:1),[1628368],1610612758.0,SAC,,,,Fox,D. Fox,,,,,Left Corner 3,24+ Left,,,,,,,111.0,2.0,1.0,1.0,,,,,,,,,,
113,PT03M38.00S,2024-12-06T01:27:50.2Z,1,REGULAR,2pt,Layup,['pointsinthepaint'],1628989,85.75886990801577,54.41176470588235,1610612758,21,28,2024-12-06T01:27:54Z,1130000,False,22.0,81.0,1,right,MISS K. Huerter 8' driving finger roll Layup,[1628989],1610612758.0,SAC,driving finger roll,,,Huerter,K. Huerter,,,,,In The Paint (Non-RA),8-16 Center,8.43,Missed,,,,,,,,,,,,,,,,,,
114,PT03M35.00S,2024-12-06T01:27:53.2Z,1,REGULAR,rebound,defensive,[],1631222,,,1610612763,21,28,2024-12-06T01:27:54Z,1140000,False,,,0,,J. LaRavia REBOUND (Off:0 Def:1),[1631222],1610612763.0,MEM,,,,LaRavia,J. LaRavia,,,,,In The Paint (Non-RA),8-16 Center,,,,,,,113.0,1.0,1.0,0.0,,,,,,,,,,
116,PT03M25.00S,2024-12-06T01:28:28.4Z,1,REGULAR,3pt,Jump Shot,[],203935,18.873193166885677,7.598039215686274,1610612763,24,28,2024-12-06T01:28:31Z,1160000,False,212.0,125.0,1,left,M. Smart 24' 3PT  (6 PTS) (S. Pippen Jr. 1 AST),"[203935, 1630590]",1610612763.0,MEM,,,,Smart,M. Smart,,,,,Above the Break 3,24+ Right Center,24.61,Made,6.0,S. Pippen Jr.,1630590.0,1.0,,,,,,,,,,,,,,
118,PT03M11.00S,2024-12-06T01:28:42.0Z,1,REGULAR,turnover,lost ball,[],201942,,,1610612758,24,28,2024-12-06T01:28:45Z,1180000,False,,,0,,D. DeRozan lost ball TURNOVER (1 TO),"[201942, 1630583]",1610612758.0,SAC,,,,DeRozan,D. DeRozan,,,,,Mid-Range,8-16 Right,,,,,,,,,,,,,,,,1.0,Aldama,1630583.0,,
119,PT03M11.00S,2024-12-06T01:28:42.0Z,1,REGULAR,steal,,[],1630583,,,1610612763,24,28,2024-12-06T01:28:43Z,1190000,False,,,0,,S. Aldama STEAL (2 STL),[1630583],1610612763.0,MEM,,,,Aldama,S. Aldama,,,,,Mid-Range,8-16 Right,,,,,,,,,,,,,,,,,,,,
120,PT03M05.00S,2024-12-06T01:28:48.2Z,1,REGULAR,3pt,Jump Shot,"['fromturnover', 'fastbreak']",1631222,6.389618922470433,95.58823529411765,1610612763,24,28,2024-12-06T01:28:53Z,1200000,False,-228.0,8.0,1,left,MISS J. LaRavia running 3PT,[1631222],1610612763.0,MEM,running,,,LaRavia,J. LaRavia,,,,,Left Corner 3,24+ Left,22.8,Missed,,,,,,,,,,,,,,,,,,
121,PT03M03.00S,2024-12-06T01:28:51.3Z,1,REGULAR,rebound,offensive,[],1630583,,,1610612763,24,28,2024-12-06T01:28:51Z,1210000,False,,,0,,S. Aldama REBOUND (Off:1 Def:0),[1630583],1610612763.0,MEM,,,,Aldama,S. Aldama,,,,,Left Corner 3,24+ Left,,,,,,,120.0,1.0,0.0,1.0,,,,,,,,,,
122,PT03M01.00S,2024-12-06T01:28:53.4Z,1,REGULAR,3pt,Jump Shot,"['fromturnover', '2ndchance']",1630590,24.129434954007884,83.08823529411765,1610612763,24,28,2024-12-06T01:28:57Z,1220000,False,-165.0,174.0,1,left,MISS S. Pippen Jr. 24' 3PT,[1630590],1610612763.0,MEM,,,,Pippen Jr.,S. Pippen Jr.,,,,,Above the Break 3,24+ Left Center,24.03,Missed,,,,,,,,,,,,,,,,,,
123,PT02M57.00S,2024-12-06T01:28:57.4Z,1,REGULAR,rebound,defensive,[],1627734,,,1610612758,24,28,2024-12-06T01:28:57Z,1230000,False,,,0,,D. Sabonis REBOUND (Off:1 Def:3),[1627734],1610612758.0,SAC,,,,Sabonis,D. Sabonis,,,,,Above the Break 3,24+ Left Center,,,,,,,122.0,4.0,3.0,1.0,,,,,,,,,,
124,PT02M52.00S,2024-12-06T01:29:05.1Z,1,REGULAR,timeout,full,"['team', 'mandatory']",0,,,1610612758,24,28,2024-12-06T01:29:05Z,1240000,False,,,0,,SAC Timeout,[],1610612758.0,SAC,,,,,,,,,,,,,,,,,,,,,,,,,,,,,,,
125,PT02M52.00S,2024-12-06T01:31:25.9Z,1,REGULAR,substitution,out,[],1628368,,,1610612758,24,28,2024-12-06T01:31:49Z,1250000,False,,,0,,SUB out: D. Fox,[1628368],1610612758.0,SAC,,,,Fox,D. Fox,,,,,,,,,,,,,,,,,,,,,,,,,,
126,PT02M52.00S,2024-12-06T01:31:25.9Z,1,REGULAR,substitution,out,[],201942,,,1610612758,24,28,2024-12-06T01:31:49Z,1260000,False,,,0,,SUB out: D. DeRozan,[201942],1610612758.0,SAC,,,,DeRozan,D. DeRozan,,,,,,,,,,,,,,,,,,,,,,,,,,
127,PT02M52.00S,2024-12-06T01:31:25.9Z,1,REGULAR,substitution,out,[],1627734,,,1610612758,24,28,2024-12-06T01:31:49Z,1270000,False,,,0,,SUB out: D. Sabonis,[1627734],1610612758.0,SAC,,,,Sabonis,D. Sabonis,,,,,,,,,,,,,,,,,,,,,,,,,,
128,PT02M52.00S,2024-12-06T01:31:25.9Z,1,REGULAR,substitution,in,[],1629162,,,1610612758,24,28,2024-12-06T01:31:49Z,1280000,False,,,0,,SUB in: J. McLaughlin,[1629162],1610612758.0,SAC,,,,McLaughlin,J. McLaughlin,,,,,,,,,,,,,,,,,,,,,,,,,,
129,PT02M52.00S,2024-12-06T01:31:25.9Z,1,REGULAR,substitution,in,[],1631099,,,1610612758,24,28,2024-12-06T01:31:49Z,1290000,False,,,0,,SUB in: K. Murray,[1631099],1610612758.0,SAC,,,,Murray,K. Murray,,,,,,,,,,,,,,,,,,,,,,,,,,
130,PT02M52.00S,2024-12-06T01:31:25.9Z,1,REGULAR,substitution,in,[],203109,,,1610612758,24,28,2024-12-06T01:31:49Z,1300000,False,,,0,,SUB in: J. Crowder,[203109],1610612758.0,SAC,,,,Crowder,J. Crowder,,,,,,,,,,,,,,,,,,,,,,,,,,
131,PT02M45.00S,2024-12-06T01:32:05.9Z,1,REGULAR,turnover,out-of-bounds,[],1631099,,,1610612758,24,28,2024-12-06T01:32:15Z,1310000,False,,,0,,K. Murray lost ball out-of-bounds TURNOVER (1 TO),[1631099],1610612758.0,SAC,lost ball,,,Murray,K. Murray,,,,,Mid-Range,8-16 Left,,,,,,,,,,,,,,,,1.0,,,,
133,PT02M30.00S,2024-12-06T01:32:25.2Z,1,REGULAR,turnover,bad pass,[],203935,,,1610612763,24,28,2024-12-06T01:32:29Z,1330000,False,,,0,,M. Smart bad pass TURNOVER (2 TO),"[203935, 203109]",1610612763.0,MEM,,,,Smart,M. Smart,,,,,In The Paint (Non-RA),0-8 Center,,,,,,,,,,,,,,,,2.0,Crowder,203109.0,,
134,PT02M30.00S,2024-12-06T01:32:25.2Z,1,REGULAR,steal,,[],203109,,,1610612758,24,28,2024-12-06T01:32:27Z,1340000,False,,,0,,J. Crowder STEAL (1 STL),[203109],1610612758.0,SAC,,,,Crowder,J. Crowder,,,,,In The Paint (Non-RA),0-8 Center,,,,,,,,,,,,,,,,,,,,
135,PT02M24.00S,2024-12-06T01:32:31.7Z,1,REGULAR,turnover,lost ball,[],1628989,,,1610612758,24,28,2024-12-06T01:32:35Z,1350000,False,,,0,,K. Huerter lost ball TURNOVER (1 TO),"[1628989, 1631222]",1610612758.0,SAC,,,,Huerter,K. Huerter,,,,,Mid-Range,8-16 Right,,,,,,,,,,,,,,,,1.0,LaRavia,1631222.0,,
136,PT02M24.00S,2024-12-06T01:32:31.7Z,1,REGULAR,steal,,[],1631222,,,1610612763,24,28,2024-12-06T01:32:33Z,1360000,False,,,0,,J. LaRavia STEAL (1 STL),[1631222],1610612763.0,MEM,,,,LaRavia,J. LaRavia,,,,,Mid-Range,8-16 Right,,,,,,,,,,,,,,,,,,,,
137,PT02M11.00S,2024-12-06T01:32:44.2Z,1,REGULAR,2pt,Jump Shot,"['pointsinthepaint', 'fromturnover']",1630590,11.251642575558476,45.588235294117645,1610612763,26,28,2024-12-06T01:32:48Z,1370000,False,22.0,53.0,1,left,S. Pippen Jr. driving floating Jump Shot (2 PTS),[1630590],1610612763.0,MEM,driving floating,,,Pippen Jr.,S. Pippen Jr.,,,,,In The Paint (Non-RA),0-8 Center,5.77,Made,2.0,,,,,,,,,,,,,,,,,
139,PT01M53.00S,2024-12-06T01:33:11.3Z,1,REGULAR,2pt,Layup,['pointsinthepaint'],1642403,91.27792378449409,45.34313725490196,1610612758,26,28,2024-12-06T01:33:15Z,1390000,False,-23.0,29.0,1,right,MISS I. Jones driving Layup,[1642403],1610612758.0,SAC,driving,,,Jones,I. Jones,,,,,Restricted Area,0-8 Center,3.76,Missed,,,,,,,,,,,,,,,,,,
140,PT01M50.00S,2024-12-06T01:33:14.3Z,1,REGULAR,rebound,defensive,[],1630643,,,1610612763,26,28,2024-12-06T01:33:15Z,1400000,False,,,0,,J. Huff REBOUND (Off:0 Def:1),[1630643],1610612763.0,MEM,,,,Huff,J. Huff,,,,,Restricted Area,0-8 Center,,,,,,,139.0,1.0,1.0,0.0,,,,,,,,,,
141,PT01M37.00S,2024-12-06T01:33:27.2Z,1,REGULAR,3pt,Jump Shot,[],1630583,6.652431011826544,94.6078431372549,1610612763,29,28,2024-12-06T01:33:30Z,1410000,False,-223.0,10.0,1,left,S. Aldama 3PT  (3 PTS) (J. Huff 1 AST),"[1630583, 1630643]",1610612763.0,MEM,,,,Aldama,S. Aldama,,,,,Left Corner 3,24+ Left,22.32,Made,3.0,J. Huff,1630643.0,1.0,,,,,,,,,,,,,,
143,PT01M20.00S,2024-12-06T01:33:43.2Z,1,REGULAR,2pt,Jump Shot,[],1628989,74.98357424441524,32.59803921568628,1610612758,29,30,2024-12-06T01:33:48Z,1430000,False,-87.0,183.0,1,right,K. Huerter 20' step back Jump Shot (2 PTS),[1628989],1610612758.0,SAC,step back,,,Huerter,K. Huerter,,,,,Mid-Range,16-24 Left Center,20.24,Made,2.0,,,,,,,,,,,,,,,,,
144,PT01M12.00S,2024-12-06T01:33:54.7Z,1,REGULAR,foul,personal,[],1629162,,,1610612763,29,30,2024-12-06T01:34:13Z,1440000,False,,,0,,J. McLaughlin personal FOUL (1 PF),"[1629162, 1630590]",1610612758.0,SAC,,,,McLaughlin,J. McLaughlin,,,,,In The Paint (Non-RA),8-16 Center,,,,,,,,,,,2003.0,1.0,0.0,Pippen Jr.,1630590.0,,,,,
146,PT01M12.00S,2024-12-06T01:34:13.6Z,1,REGULAR,substitution,out,[],1630643,,,1610612763,29,30,2024-12-06T01:34:16Z,1460000,False,,,0,,SUB out: J. Huff,[1630643],1610612763.0,MEM,,,,Huff,J. Huff,,,,,,,,,,,,,,,,,,,,,,,,,,
147,PT01M12.00S,2024-12-06T01:34:13.6Z,1,REGULAR,substitution,in,[],1628991,,,1610612763,29,30,2024-12-06T01:34:16Z,1470000,False,,,0,,SUB in: J. Jackson Jr.,[1628991],1610612763.0,MEM,,,,Jackson Jr.,J. Jackson Jr.,,,,,,,,,,,,,,,,,,,,,,,,,,
148,PT01M08.00S,2024-12-06T01:34:34.7Z,1,REGULAR,2pt,Jump Shot,['pointsinthepaint'],1630590,15.719448094612352,41.42156862745098,1610612763,29,30,2024-12-06T01:34:42Z,1480000,False,43.0,95.0,1,left,MISS S. Pippen Jr. 10' turnaround fadeaway Shot,[1630590],1610612763.0,MEM,turnaround fadeaway,,,Pippen Jr.,S. Pippen Jr.,,,,,In The Paint (Non-RA),8-16 Center,10.45,Missed,,,,,,,,,,,,,,,,,,
149,PT01M06.00S,2024-12-06T01:34:36.7Z,1,REGULAR,rebound,defensive,[],1631099,,,1610612758,29,30,2024-12-06T01:34:42Z,1490000,False,,,0,,K. Murray REBOUND (Off:0 Def:2),[1631099],1610612758.0,SAC,,,,Murray,K. Murray,,,,,In The Paint (Non-RA),8-16 Center,,,,,,,148.0,2.0,2.0,0.0,,,,,,,,,,
150,PT00M46.30S,2024-12-06T01:34:57.0Z,1,REGULAR,3pt,Jump Shot,[],1628989,65.52233902759527,61.029411764705884,1610612758,29,30,2024-12-06T01:35:02Z,1500000,False,55.0,272.0,1,right,MISS K. Huerter 27' pullup 3PT,[1628989],1610612758.0,SAC,pullup,,,Huerter,K. Huerter,,,,,Above the Break 3,24+ Center,27.71,Missed,,,,,,,,,,,,,,,,,,
151,PT00M42.80S,2024-12-06T01:35:00.5Z,1,REGULAR,rebound,defensive,[],203935,,,1610612763,29,30,2024-12-06T01:35:02Z,1510000,False,,,0,,M. Smart REBOUND (Off:0 Def:1),[203935],1610612763.0,MEM,,,,Smart,M. Smart,,,,,Above the Break 3,24+ Center,,,,,,,150.0,1.0,1.0,0.0,,,,,,,,,,
152,PT00M35.10S,2024-12-06T01:35:08.2Z,1,REGULAR,2pt,Hook,['pointsinthepaint'],1628991,11.251642575558476,45.588235294117645,1610612763,31,30,2024-12-06T01:35:15Z,1520000,False,22.0,53.0,1,left,J. Jackson Jr. driving Hook (4 PTS) (M. Smart 1 AST),"[1628991, 203935]",1610612763.0,MEM,driving,,,Jackson Jr.,J. Jackson Jr.,,,,,In The Paint (Non-RA),0-8 Center,5.77,Made,4.0,M. Smart,203935.0,1.0,,,,,,,,,,,,,,
154,PT00M14.10S,2024-12-06T01:35:34.4Z,1,REGULAR,2pt,Jump Shot,['pointsinthepaint'],1642403,90.88370565045992,53.67647058823529,1610612758,31,32,2024-12-06T01:35:40Z,1540000,False,18.0,33.0,1,right,I. Jones turnaround bank Jump Shot (5 PTS) (J. McLaughlin 1 AST),"[1642403, 1629162]",1610612758.0,SAC,turnaround bank,,,Jones,I. Jones,,,,,Restricted Area,0-8 Center,3.8,Made,5.0,J. McLaughlin,1629162.0,1.0,,,,,,,,,,,,,,
156,PT00M00.00S,2024-12-06T01:35:52.9Z,1,REGULAR,2pt,Jump Shot,[],203935,15.325229960578188,18.627450980392158,1610612763,33,32,2024-12-06T01:35:57Z,1560000,False,157.0,92.0,1,left,M. Smart 18' driving floating Jump Shot (8 PTS),[203935],1610612763.0,MEM,driving floating,,,Smart,M. Smart,,,,,Mid-Range,16-24 Right,18.17,Made,8.0,,,,,,,,,,,,,,,,,
158,PT00M00.00S,2024-12-06T01:36:08.6Z,1,REGULAR,period,end,[],0,,,1610612758,33,32,2024-12-06T01:36:08Z,1580000,False,,,0,,Period End,[],,,,,,,,,,,,,,,,,,,,,,,,,,,,,,,,,
159,PT12M00.00S,2024-12-06T01:37:28.9Z,2,REGULAR,substitution,out,['startperiod'],203935,,,1610612758,33,32,2024-12-06T01:38:34Z,1590000,False,,,0,,SUB out: M. Smart,[203935],1610612763.0,MEM,,,,Smart,M. Smart,,,,,,,,,,,,,,,,,,,,,,,,,,
160,PT12M00.00S,2024-12-06T01:37:28.9Z,2,REGULAR,substitution,out,['startperiod'],1629162,,,1610612758,33,32,2024-12-06T01:38:34Z,1600000,False,,,0,,SUB out: J. McLaughlin,[1629162],1610612758.0,SAC,,,,McLaughlin,J. McLaughlin,,,,,,,,,,,,,,,,,,,,,,,,,,
161,PT12M00.00S,2024-12-06T01:37:28.9Z,2,REGULAR,substitution,in,['startperiod'],1629630,,,1610612758,33,32,2024-12-06T01:38:34Z,1610000,False,,,0,,SUB in: J. Morant,[1629630],1610612763.0,MEM,,,,Morant,J. Morant,,,,,,,,,,,,,,,,,,,,,,,,,,
162,PT12M00.00S,2024-12-06T01:37:28.9Z,2,REGULAR,substitution,in,['startperiod'],1628368,,,1610612758,33,32,2024-12-06T01:38:34Z,1620000,False,,,0,,SUB in: D. Fox,[1628368],1610612758.0,SAC,,,,Fox,D. Fox,,,,,,,,,,,,,,,,,,,,,,,,,,
163,PT12M00.00S,2024-12-06T01:38:41.5Z,2,REGULAR,period,start,[],0,,,1610612758,33,32,2024-12-06T01:38:41Z,1630000,False,,,0,,Period Start,[],,,,,,,,,,,,,,,,,,,,,,,,,,,,,,,,,
164,PT11M47.00S,2024-12-06T01:38:54.0Z,2,REGULAR,2pt,Jump Shot,[],1628368,74.98357424441524,45.588235294117645,1610612758,33,32,2024-12-06T01:38:59Z,1640000,False,-22.0,183.0,1,right,MISS D. Fox 18' pullup Shot,[1628368],1610612758.0,SAC,pullup,,,Fox,D. Fox,,,,,Mid-Range,16-24 Center,18.4,Missed,,,,,,,,,,,,,,,,,,
165,PT11M45.00S,2024-12-06T01:38:56.0Z,2,REGULAR,rebound,defensive,[],1629630,,,1610612763,33,32,2024-12-06T01:38:59Z,1650000,False,,,0,,J. Morant REBOUND (Off:1 Def:1),[1629630],1610612763.0,MEM,,,,Morant,J. Morant,,,,,Mid-Range,16-24 Center,,,,,,,164.0,2.0,1.0,1.0,,,,,,,,,,
166,PT11M25.00S,2024-12-06T01:39:15.7Z,2,REGULAR,3pt,Jump Shot,[],1629630,39.10972404730618,30.637254901960787,1610612763,33,32,2024-12-06T01:39:20Z,1660000,False,97.0,315.0,1,left,MISS J. Morant 32' 3PT,[1629630],1610612763.0,MEM,,,,Morant,J. Morant,,,,,Above the Break 3,24+ Center,32.96,Missed,,,,,,,,,,,,,,,,,,
167,PT11M21.00S,2024-12-06T01:39:19.7Z,2,REGULAR,rebound,defensive,[],203109,,,1610612758,33,32,2024-12-06T01:39:20Z,1670000,False,,,0,,J. Crowder REBOUND (Off:0 Def:1),[203109],1610612758.0,SAC,,,,Crowder,J. Crowder,,,,,Above the Break 3,24+ Center,,,,,,,166.0,1.0,1.0,0.0,,,,,,,,,,
168,PT11M14.00S,2024-12-06T01:39:26.6Z,2,REGULAR,3pt,Jump Shot,[],203109,71.30420499342969,76.7156862745098,1610612758,33,32,2024-12-06T01:39:38Z,1680000,False,134.0,217.0,1,right,MISS J. Crowder 25' 3PT,[203109],1610612758.0,SAC,,,,Crowder,J. Crowder,,,,,Above the Break 3,24+ Right Center,25.5,Missed,,,,,,,,,,,,,,,,,,
169,PT11M09.00S,2024-12-06T01:39:31.6Z,2,REGULAR,rebound,defensive,[],1628991,,,1610612763,33,32,2024-12-06T01:39:32Z,1690000,False,,,0,,J. Jackson Jr. REBOUND (Off:0 Def:1),[1628991],1610612763.0,MEM,,,,Jackson Jr.,J. Jackson Jr.,,,,,Above the Break 3,24+ Right Center,,,,,,,168.0,1.0,1.0,0.0,,,,,,,,,,
170,PT11M00.00S,2024-12-06T01:39:40.4Z,2,REGULAR,3pt,Jump Shot,[],1629630,34.90473061760841,41.911764705882355,1610612763,33,32,2024-12-06T01:39:46Z,1700000,False,40.0,276.0,1,left,MISS J. Morant 27' 3PT,[1629630],1610612763.0,MEM,,,,Morant,J. Morant,,,,,Above the Break 3,24+ Center,27.85,Missed,,,,,,,,,,,,,,,,,,
171,PT10M55.00S,2024-12-06T01:39:45.4Z,2,REGULAR,rebound,defensive,[],1628368,,,1610612758,33,32,2024-12-06T01:39:46Z,1710000,False,,,0,,D. Fox REBOUND (Off:1 Def:2),[1628368],1610612758.0,SAC,,,,Fox,D. Fox,,,,,Above the Break 3,24+ Center,,,,,,,170.0,3.0,2.0,1.0,,,,,,,,,,
172,PT10M50.00S,2024-12-06T01:39:51.0Z,2,REGULAR,2pt,Layup,"['pointsinthepaint', 'fastbreak', 'defensivegoaltending']",1628368,91.5407358738502,45.34313725490196,1610612758,33,34,2024-12-06T01:40:01Z,1720000,False,-23.0,27.0,1,right,D. Fox running finger roll Layup (6 PTS),[1628368],1610612758.0,SAC,running finger roll,,,Fox,D. Fox,,,,,Restricted Area,0-8 Center,3.57,Made,6.0,,,,,,,,,,,,,,,,,
173,PT10M50.00S,2024-12-06T01:39:54.6Z,2,REGULAR,violation,defensive goaltending,[],1629630,,,1610612758,33,34,2024-12-06T01:40:01Z,1730000,False,,,0,,J. Morant defensive goaltending VIOLATION,[1629630],1610612763.0,MEM,,,,Morant,J. Morant,,,,,,,,,,,,,,,,,1628951.0,,,,,,,,,
174,PT10M42.00S,2024-12-06T01:40:06.5Z,2,REGULAR,foul,personal,['2freethrow'],1642403,,,1610612763,33,34,2024-12-06T01:40:17Z,1740000,False,,,0,,I. Jones shooting personal FOUL (1 PF) (Jackson Jr. 2 FT),"[1642403, 1628991]",1610612758.0,SAC,shooting,,,Jones,I. Jones,,,,,In The Paint (Non-RA),0-8 Center,,,,,,,,,,,1628951.0,1.0,0.0,Jackson Jr.,1628991.0,,,,,
176,PT10M42.00S,2024-12-06T01:40:36.4Z,2,REGULAR,freethrow,1 of 2,[],1628991,,,1610612763,34,34,2024-12-06T01:40:36Z,1760000,False,,,0,,J. Jackson Jr. Free Throw 1 of 2 (5 PTS),[1628991],1610612763.0,MEM,,,,Jackson Jr.,J. Jackson Jr.,,,,,,,,Made,5.0,,,,,,,,,,,,,,,,,
177,PT10M42.00S,2024-12-06T01:40:52.5Z,2,REGULAR,freethrow,2 of 2,[],1628991,,,1610612763,35,34,2024-12-06T01:40:52Z,1770000,False,,,0,,J. Jackson Jr. Free Throw 2 of 2 (6 PTS),[1628991],1610612763.0,MEM,,,,Jackson Jr.,J. Jackson Jr.,,,,,,,,Made,6.0,,,,,,,,,,,,,,,,,
178,PT10M29.00S,2024-12-06T01:41:06.5Z,2,REGULAR,3pt,Jump Shot,[],1631099,64.07687253613666,54.65686274509803,1610612758,35,34,2024-12-06T01:41:12Z,1780000,False,23.0,285.0,1,right,MISS K. Murray 28' 3PT,[1631099],1610612758.0,SAC,,,,Murray,K. Murray,,,,,Above the Break 3,24+ Center,28.62,Missed,,,,,,,,,,,,,,,,,,
179,PT10M24.00S,2024-12-06T01:41:11.5Z,2,REGULAR,rebound,defensive,[],1631222,,,1610612763,35,34,2024-12-06T01:41:12Z,1790000,False,,,0,,J. LaRavia REBOUND (Off:0 Def:2),[1631222],1610612763.0,MEM,,,,LaRavia,J. LaRavia,,,,,Above the Break 3,24+ Center,,,,,,,178.0,2.0,2.0,0.0,,,,,,,,,,
180,PT10M03.00S,2024-12-06T01:41:32.1Z,2,REGULAR,2pt,Jump Shot,['pointsinthepaint'],1630590,6.521024967148489,63.23529411764706,1610612763,35,34,2024-12-06T01:41:36Z,1800000,False,-66.0,9.0,1,left,MISS S. Pippen Jr. 6' fadeaway Shot,[1630590],1610612763.0,MEM,fadeaway,,,Pippen Jr.,S. Pippen Jr.,,,,,In The Paint (Non-RA),0-8 Center,6.68,Missed,,,,,,,,,,,,,,,,,,
182,PT10M00.00S,2024-12-06T01:41:35.1Z,2,REGULAR,rebound,defensive,[],203109,,,1610612758,35,34,2024-12-06T01:41:36Z,1820000,False,,,0,,J. Crowder REBOUND (Off:0 Def:2),[203109],1610612758.0,SAC,,,,Crowder,J. Crowder,,,,,In The Paint (Non-RA),0-8 Center,,,,,,,180.0,2.0,2.0,0.0,,,,,,,,,,
183,PT09M57.00S,2024-12-06T01:41:38.3Z,2,REGULAR,2pt,DUNK,"['fastbreak', 'pointsinthepaint']",1642403,92.72339027595268,53.92156862745098,1610612758,35,36,2024-12-06T01:44:05Z,1830000,False,20.0,16.0,1,right,I. Jones running alley-oop DUNK (7 PTS) (D. Fox 1 AST),"[1642403, 1628368]",1610612758.0,SAC,running alley-oop,,,Jones,I. Jones,,,,,Restricted Area,0-8 Center,2.52,Made,7.0,D. Fox,1628368.0,1.0,,,,,,,,,,,,,,
185,PT09M51.00S,2024-12-06T01:41:43.6Z,2,REGULAR,3pt,Jump Shot,[],1630583,27.020367936925098,15.441176470588236,1610612763,38,36,2024-12-06T01:45:03Z,1850000,False,173.0,201.0,1,left,S. Aldama 26' 3PT pullup (6 PTS) (J. Morant 5 AST),"[1630583, 1629630]",1610612763.0,MEM,pullup,,,Aldama,S. Aldama,,,,,Above the Break 3,24+ Right Center,26.54,Made,6.0,J. Morant,1629630.0,5.0,,,,,,,,,,,,,,
187,PT09M38.00S,2024-12-06T01:41:57.4Z,2,REGULAR,2pt,Layup,['pointsinthepaint'],1628989,92.46057818659659,45.34313725490196,1610612758,38,38,2024-12-06T01:42:01Z,1870000,False,-23.0,18.0,1,right,K. Huerter cutting finger roll Layup (4 PTS) (D. Fox 2 AST),"[1628989, 1628368]",1610612758.0,SAC,cutting finger roll,,,Huerter,K. Huerter,,,,,Restricted Area,0-8 Center,2.97,Made,4.0,D. Fox,1628368.0,2.0,,,,,,,,,,,,,,
189,PT09M26.00S,2024-12-06T01:42:11.2Z,2,REGULAR,foul,personal,[],1628989,,,1610612763,38,38,2024-12-06T01:42:18Z,1890000,False,,,0,,K. Huerter personal FOUL (1 PF),"[1628989, 1629630]",1610612758.0,SAC,,,,Huerter,K. Huerter,,,,,Left Corner 3,24+ Left,,,,,,,,,,,1204.0,1.0,0.0,Morant,1629630.0,,,,,
191,PT09M26.00S,2024-12-06T01:42:18.5Z,2,REGULAR,substitution,out,[],1630590,,,1610612763,38,38,2024-12-06T01:42:30Z,1910000,False,,,0,,SUB out: S. Pippen Jr.,[1630590],1610612763.0,MEM,,,,Pippen Jr.,S. Pippen Jr.,,,,,,,,,,,,,,,,,,,,,,,,,,
192,PT09M26.00S,2024-12-06T01:42:18.5Z,2,REGULAR,substitution,out,[],1642403,,,1610612763,38,38,2024-12-06T01:42:30Z,1920000,False,,,0,,SUB out: I. Jones,[1642403],1610612758.0,SAC,,,,Jones,I. Jones,,,,,,,,,,,,,,,,,,,,,,,,,,
193,PT09M26.00S,2024-12-06T01:42:18.5Z,2,REGULAR,substitution,out,[],203109,,,1610612763,38,38,2024-12-06T01:42:30Z,1930000,False,,,0,,SUB out: J. Crowder,[203109],1610612758.0,SAC,,,,Crowder,J. Crowder,,,,,,,,,,,,,,,,,,,,,,,,,,
194,PT09M26.00S,2024-12-06T01:42:18.5Z,2,REGULAR,substitution,in,[],1642377,,,1610612763,38,38,2024-12-06T01:42:30Z,1940000,False,,,0,,SUB in: J. Wells,[1642377],1610612763.0,MEM,,,,Wells,J. Wells,,,,,,,,,,,,,,,,,,,,,,,,,,
195,PT09M26.00S,2024-12-06T01:42:18.5Z,2,REGULAR,substitution,in,[],1627734,,,1610612763,38,38,2024-12-06T01:42:30Z,1950000,False,,,0,,SUB in: D. Sabonis,[1627734],1610612758.0,SAC,,,,Sabonis,D. Sabonis,,,,,,,,,,,,,,,,,,,,,,,,,,
196,PT09M26.00S,2024-12-06T01:42:18.5Z,2,REGULAR,substitution,in,[],1628370,,,1610612763,38,38,2024-12-06T01:42:30Z,1960000,False,,,0,,SUB in: M. Monk,[1628370],1610612758.0,SAC,,,,Monk,M. Monk,,,,,,,,,,,,,,,,,,,,,,,,,,
197,PT09M18.00S,2024-12-06T01:42:44.5Z,2,REGULAR,3pt,Jump Shot,[],1642377,26.757555847568987,82.59803921568627,1610612763,38,38,2024-12-06T01:42:49Z,1970000,False,-163.0,199.0,1,left,MISS J. Wells 25' 3PT,[1642377],1610612763.0,MEM,,,,Wells,J. Wells,,,,,Above the Break 3,24+ Left Center,25.72,Missed,,,,,,,,,,,,,,,,,,
198,PT09M15.00S,2024-12-06T01:42:47.5Z,2,REGULAR,rebound,defensive,['team'],0,,,1610612758,38,38,2024-12-06T01:42:49Z,1980000,False,,,0,,TEAM defensive REBOUND,[],1610612758.0,SAC,,,,,,,,,,Above the Break 3,24+ Left Center,,,,,,,197.0,,,,,,,,,,,,,
200,PT09M06.00S,2024-12-06T01:43:03.0Z,2,REGULAR,3pt,Jump Shot,[],1628370,75.90341655716163,12.990196078431374,1610612758,38,41,2024-12-06T01:43:08Z,2000000,False,-185.0,174.0,1,right,M. Monk 25' 3PT step back (8 PTS),[1628370],1610612758.0,SAC,step back,,,Monk,M. Monk,,,,,Above the Break 3,24+ Left Center,25.4,Made,8.0,,,,,,,,,,,,,,,,,
201,PT08M57.00S,2024-12-06T01:43:12.7Z,2,REGULAR,2pt,Jump Shot,['pointsinthepaint'],1629630,10.33180026281209,62.5,1610612763,38,41,2024-12-06T01:43:17Z,2010000,False,-62.0,45.0,1,left,MISS J. Morant 7' driving floating bank Shot,[1629630],1610612763.0,MEM,driving floating bank,,,Morant,J. Morant,,,,,In The Paint (Non-RA),0-8 Center,7.68,Missed,,,,,,,,,,,,,,,,,,
202,PT08M53.00S,2024-12-06T01:43:16.7Z,2,REGULAR,rebound,defensive,[],1627734,,,1610612758,38,41,2024-12-06T01:43:17Z,2020000,False,,,0,,D. Sabonis REBOUND (Off:1 Def:4),[1627734],1610612758.0,SAC,,,,Sabonis,D. Sabonis,,,,,In The Paint (Non-RA),0-8 Center,,,,,,,201.0,5.0,4.0,1.0,,,,,,,,,,
203,PT08M44.00S,2024-12-06T01:43:26.0Z,2,REGULAR,foul,personal,['2freethrow'],1628991,,,1610612758,38,41,2024-12-06T01:43:34Z,2030000,False,,,0,,J. Jackson Jr. shooting personal FOUL (1 PF) (Murray 2 FT),"[1628991, 1631099]",1610612763.0,MEM,shooting,,,Jackson Jr.,J. Jackson Jr.,,,,,Restricted Area,0-8 Center,,,,,,,,,,,1204.0,1.0,0.0,Murray,1631099.0,,,,,
205,PT08M44.00S,2024-12-06T01:43:51.1Z,2,REGULAR,freethrow,1 of 2,[],1631099,,,1610612758,38,42,2024-12-06T01:43:51Z,2050000,False,,,0,,K. Murray Free Throw 1 of 2 (1 PTS),[1631099],1610612758.0,SAC,,,,Murray,K. Murray,,,,,,,,Made,1.0,,,,,,,,,,,,,,,,,
206,PT08M44.00S,2024-12-06T01:43:52.0Z,2,REGULAR,substitution,out,[],1631222,,,1610612758,38,42,2024-12-06T01:43:54Z,2060000,False,,,0,,SUB out: J. LaRavia,[1631222],1610612763.0,MEM,,,,LaRavia,J. LaRavia,,,,,,,,,,,,,,,,,,,,,,,,,,
207,PT08M44.00S,2024-12-06T01:43:52.0Z,2,REGULAR,substitution,in,[],1630217,,,1610612758,38,42,2024-12-06T01:43:54Z,2070000,False,,,0,,SUB in: D. Bane,[1630217],1610612763.0,MEM,,,,Bane,D. Bane,,,,,,,,,,,,,,,,,,,,,,,,,,
208,PT08M44.00S,2024-12-06T01:44:07.6Z,2,REGULAR,freethrow,2 of 2,[],1631099,,,1610612758,38,43,2024-12-06T01:44:07Z,2080000,False,,,0,,K. Murray Free Throw 2 of 2 (2 PTS),[1631099],1610612758.0,SAC,,,,Murray,K. Murray,,,,,,,,Made,2.0,,,,,,,,,,,,,,,,,
209,PT08M26.00S,2024-12-06T01:44:30.1Z,2,REGULAR,turnover,traveling,[],1642377,,,1610612763,38,43,2024-12-06T01:44:34Z,2090000,False,,,0,,J. Wells traveling TURNOVER (2 TO),[1642377],1610612763.0,MEM,,,,Wells,J. Wells,,,,,In The Paint (Non-RA),0-8 Center,,,,,,,,,,,1628951.0,,,,,2.0,,,,
210,PT08M26.00S,2024-12-06T01:44:34.0Z,2,REGULAR,substitution,out,[],1628368,,,1610612758,38,43,2024-12-06T01:44:47Z,2100000,False,,,0,,SUB out: D. Fox,[1628368],1610612758.0,SAC,,,,Fox,D. Fox,,,,,,,,,,,,,,,,,,,,,,,,,,
211,PT08M26.00S,2024-12-06T01:44:34.0Z,2,REGULAR,substitution,in,[],201942,,,1610612758,38,43,2024-12-06T01:44:47Z,2110000,False,,,0,,SUB in: D. DeRozan,[201942],1610612758.0,SAC,,,,DeRozan,D. DeRozan,,,,,,,,,,,,,,,,,,,,,,,,,,
212,PT08M10.00S,2024-12-06T01:45:07.0Z,2,REGULAR,foul,offensive,[],1627734,,,1610612758,38,43,2024-12-06T01:45:13Z,2120000,False,,,0,,D. Sabonis offensive FOUL (1 PF),"[1627734, 1629630]",1610612758.0,SAC,,,,Sabonis,D. Sabonis,,,,,Above the Break 3,24+ Left Center,,,,,,,,,,,1204.0,1.0,0.0,Morant,1629630.0,,,,,
214,PT08M10.00S,2024-12-06T01:45:07.0Z,2,REGULAR,turnover,offensive foul,[],1627734,,,1610612758,38,43,2024-12-06T01:45:07Z,2140000,False,,,0,,D. Sabonis offensive foul TURNOVER (3 TO),[1627734],1610612758.0,SAC,,,,Sabonis,D. Sabonis,,,,,Above the Break 3,24+ Left Center,,,,,,,,,,,1204.0,,,,,3.0,,,,
215,PT08M10.00S,2024-12-06T01:45:13.3Z,2,REGULAR,substitution,out,[],1630583,,,1610612763,38,43,2024-12-06T01:45:15Z,2150000,False,,,0,,SUB out: S. Aldama,[1630583],1610612763.0,MEM,,,,Aldama,S. Aldama,,,,,,,,,,,,,,,,,,,,,,,,,,
216,PT08M10.00S,2024-12-06T01:45:13.3Z,2,REGULAR,substitution,in,[],1629634,,,1610612763,38,43,2024-12-06T01:45:15Z,2160000,False,,,0,,SUB in: B. Clarke,[1629634],1610612763.0,MEM,,,,Clarke,B. Clarke,,,,,,,,,,,,,,,,,,,,,,,,,,
217,PT07M54.00S,2024-12-06T01:45:41.4Z,2,REGULAR,2pt,Hook,"['pointsinthepaint', 'fromturnover']",1628991,7.5722733245729295,37.99019607843137,1610612763,40,43,2024-12-06T01:45:47Z,2170000,False,60.0,19.0,1,left,J. Jackson Jr. 6' driving Hook (8 PTS) (J. Morant 6 AST),"[1628991, 1629630]",1610612763.0,MEM,driving,,,Jackson Jr.,J. Jackson Jr.,,,,,In The Paint (Non-RA),0-8 Center,6.28,Made,8.0,J. Morant,1629630.0,6.0,,,,,,,,,,,,,,
219,PT07M41.00S,2024-12-06T01:45:53.8Z,2,REGULAR,3pt,Jump Shot,[],201942,93.51182654402102,4.166666666666666,1610612758,40,46,2024-12-06T01:45:58Z,2190000,False,-229.0,8.0,1,right,D. DeRozan 3PT  (9 PTS) (M. Monk 3 AST),"[201942, 1628370]",1610612758.0,SAC,,,,DeRozan,D. DeRozan,,,,,Left Corner 3,24+ Left,22.94,Made,9.0,M. Monk,1628370.0,3.0,,,,,,,,,,,,,,
242,PT07M35.00S,2024-12-06T01:46:02.4Z,2,REGULAR,turnover,lost ball,[],1628991,,,1610612763,40,46,2024-12-06T01:53:35Z,2225000,False,,,0,,J. Jackson Jr. lost ball TURNOVER (1 TO),"[1628991, 1628989]",1610612763.0,MEM,,,,Jackson Jr.,J. Jackson Jr.,,,,,In The Paint (Non-RA),0-8 Center,,,,,,,,,,,,,,,,1.0,Huerter,1628989.0,,
243,PT07M35.00S,2024-12-06T01:46:02.4Z,2,REGULAR,steal,,[],1628989,,,1610612758,40,46,2024-12-06T01:53:35Z,2237500,False,,,0,,K. Huerter STEAL (1 STL),[1628989],1610612758.0,SAC,,,,Huerter,K. Huerter,,,,,In The Paint (Non-RA),0-8 Center,,,,,,,,,,,,,,,,,,,,
225,PT07M24.00S,2024-12-06T01:46:11.0Z,2,REGULAR,3pt,Jump Shot,['fromturnover'],1631099,93.38042049934296,4.166666666666666,1610612758,40,49,2024-12-06T01:53:35Z,2250000,False,-229.0,10.0,1,right,K. Murray 3PT  (5 PTS) (D. Sabonis 4 AST),"[1631099, 1627734]",1610612758.0,SAC,,,,Murray,K. Murray,,,,,Left Corner 3,24+ Left,22.94,Made,5.0,D. Sabonis,1627734.0,4.0,,,,,,,,,,,,,,
227,PT07M24.00S,2024-12-06T01:46:24.2Z,2,REGULAR,timeout,full,"['team', 'mandatory']",0,,,1610612763,40,49,2024-12-06T01:46:24Z,2270000,False,,,0,,MEM Timeout,[],1610612763.0,MEM,,,,,,,,,,,,,,,,,,,,,,,,,,,,,,,
234,PT07M08.00S,2024-12-06T01:49:18.3Z,2,REGULAR,turnover,bad pass,[],1629630,,,1610612763,40,49,2024-12-06T01:49:21Z,2280000,False,,,0,,J. Morant bad pass TURNOVER (2 TO),"[1629630, 1631099]",1610612763.0,MEM,,,,Morant,J. Morant,,,,,In The Paint (Non-RA),0-8 Center,,,,,,,,,,,,,,,,2.0,Murray,1631099.0,,
235,PT07M08.00S,2024-12-06T01:49:18.3Z,2,REGULAR,steal,,[],1631099,,,1610612758,40,49,2024-12-06T01:49:20Z,2290000,False,,,0,,K. Murray STEAL (2 STL),[1631099],1610612758.0,SAC,,,,Murray,K. Murray,,,,,In The Paint (Non-RA),0-8 Center,,,,,,,,,,,,,,,,,,,,
236,PT06M58.00S,2024-12-06T01:49:28.8Z,2,REGULAR,foul,personal,['2freethrow'],1642377,,,1610612758,40,49,2024-12-06T01:50:01Z,2300000,False,,,0,,J. Wells shooting personal FOUL (1 PF) (DeRozan 2 FT),"[1642377, 201942]",1610612763.0,MEM,shooting,,,Wells,J. Wells,,,,,Mid-Range,8-16 Left,,,,,,,,,,,2003.0,1.0,0.0,DeRozan,201942.0,,,,,
238,PT06M58.00S,2024-12-06T01:50:01.8Z,2,REGULAR,freethrow,1 of 2,['fromturnover'],201942,,,1610612758,40,50,2024-12-06T01:50:01Z,2320000,False,,,0,,D. DeRozan Free Throw 1 of 2 (10 PTS),[201942],1610612758.0,SAC,,,,DeRozan,D. DeRozan,,,,,,,,Made,10.0,,,,,,,,,,,,,,,,,
239,PT06M58.00S,2024-12-06T01:50:15.4Z,2,REGULAR,freethrow,2 of 2,['fromturnover'],201942,,,1610612758,40,51,2024-12-06T01:50:15Z,2330000,False,,,0,,D. DeRozan Free Throw 2 of 2 (11 PTS),[201942],1610612758.0,SAC,,,,DeRozan,D. DeRozan,,,,,,,,Made,11.0,,,,,,,,,,,,,,,,,
244,PT06M46.00S,2024-12-06T01:55:55.7Z,2,REGULAR,2pt,Layup,['pointsinthepaint'],1630217,7.5722733245729295,44.85294117647059,1610612763,42,51,2024-12-06T02:03:39Z,2360000,False,26.0,19.0,1,left,D. Bane cutting Layup (5 PTS),[1630217],1610612763.0,MEM,cutting,,,Bane,D. Bane,,,,,Restricted Area,0-8 Center,3.18,Made,5.0,,,,,,,,,,,,,,,,,
246,PT06M30.00S,2024-12-06T01:56:11.8Z,2,REGULAR,2pt,Layup,['pointsinthepaint'],1628370,92.9862023653088,45.34313725490196,1610612758,42,51,2024-12-06T02:03:54Z,2380000,False,-23.0,13.0,1,right,MISS M. Monk cutting Layup,[1628370],1610612758.0,SAC,cutting,,,Monk,M. Monk,,,,,Restricted Area,0-8 Center,2.69,Missed,,,,,,,,,,,,,,,,,,
247,PT06M28.00S,2024-12-06T01:56:13.8Z,2,REGULAR,rebound,offensive,[],1627734,,,1610612758,42,51,2024-12-06T01:56:17Z,2390000,False,,,0,,D. Sabonis REBOUND (Off:2 Def:4),[1627734],1610612758.0,SAC,,,,Sabonis,D. Sabonis,,,,,Restricted Area,0-8 Center,,,,,,,246.0,6.0,4.0,2.0,,,,,,,,,,
248,PT06M27.00S,2024-12-06T01:56:14.8Z,2,REGULAR,2pt,Layup,"['pointsinthepaint', '2ndchance']",1627734,92.32917214191852,47.794117647058826,1610612758,42,53,2024-12-06T01:56:21Z,2400000,False,-11.0,20.0,1,right,D. Sabonis putback Layup (12 PTS),[1627734],1610612758.0,SAC,putback,,,Sabonis,D. Sabonis,,,,,Restricted Area,0-8 Center,2.25,Made,12.0,,,,,,,,,,,,,,,,,
249,PT06M11.00S,2024-12-06T01:56:30.6Z,2,REGULAR,2pt,Jump Shot,['pointsinthepaint'],1629634,12.697109067017081,48.529411764705884,1610612763,44,53,2024-12-06T01:56:34Z,2410000,False,7.0,67.0,1,left,B. Clarke 6' driving floating Jump Shot (2 PTS),[1629634],1610612763.0,MEM,driving floating,,,Clarke,B. Clarke,,,,,In The Paint (Non-RA),0-8 Center,6.73,Made,2.0,,,,,,,,,,,,,,,,,
250,PT05M59.00S,2024-12-06T01:56:42.0Z,2,REGULAR,2pt,Jump Shot,[],201942,87.86136662286465,74.50980392156863,1610612758,44,53,2024-12-06T01:56:46Z,2420000,False,123.0,62.0,1,right,MISS D. DeRozan 13' turnaround fadeaway Shot,[201942],1610612758.0,SAC,turnaround fadeaway,,,DeRozan,D. DeRozan,,,,,Mid-Range,8-16 Right,13.71,Missed,,,,,,,,,,,,,,,,,,
251,PT05M57.00S,2024-12-06T01:56:44.0Z,2,REGULAR,rebound,defensive,[],1629634,,,1610612763,44,53,2024-12-06T01:56:46Z,2430000,False,,,0,,B. Clarke REBOUND (Off:1 Def:1),[1629634],1610612763.0,MEM,,,,Clarke,B. Clarke,,,,,Mid-Range,8-16 Right,,,,,,,250.0,2.0,1.0,1.0,,,,,,,,,,
252,PT05M52.00S,2024-12-06T01:56:49.6Z,2,REGULAR,2pt,Layup,"['pointsinthepaint', 'fastbreak']",1630217,7.703679369250986,56.127450980392155,1610612763,44,53,2024-12-06T01:56:54Z,2440000,False,-31.0,20.0,1,left,MISS D. Bane running finger roll Layup,[1630217],1610612763.0,MEM,running finger roll,,,Bane,D. Bane,,,,,Restricted Area,0-8 Center,3.65,Missed,,,,,,,,,,,,,,,,,,
253,PT05M49.00S,2024-12-06T01:56:53.4Z,2,REGULAR,rebound,offensive,[],1629630,,,1610612763,44,53,2024-12-06T01:56:53Z,2450000,False,,,0,,J. Morant REBOUND (Off:2 Def:1),[1629630],1610612763.0,MEM,,,,Morant,J. Morant,,,,,Restricted Area,0-8 Center,,,,,,,252.0,3.0,1.0,2.0,,,,,,,,,,
254,PT05M48.00S,2024-12-06T01:56:54.0Z,2,REGULAR,3pt,Jump Shot,['2ndchance'],1628991,30.962549277266753,29.901960784313726,1610612763,44,53,2024-12-06T01:56:57Z,2460000,False,100.0,239.0,1,left,MISS J. Jackson Jr. 25' 3PT,[1628991],1610612763.0,MEM,,,,Jackson Jr.,J. Jackson Jr.,,,,,Above the Break 3,24+ Right Center,25.88,Missed,,,,,,,,,,,,,,,,,,
255,PT05M45.00S,2024-12-06T01:56:57.0Z,2,REGULAR,rebound,defensive,[],1631099,,,1610612758,44,53,2024-12-06T01:56:57Z,2470000,False,,,0,,K. Murray REBOUND (Off:0 Def:3),[1631099],1610612758.0,SAC,,,,Murray,K. Murray,,,,,Above the Break 3,24+ Right Center,,,,,,,254.0,3.0,3.0,0.0,,,,,,,,,,
256,PT05M37.00S,2024-12-06T01:57:05.1Z,2,REGULAR,3pt,Jump Shot,[],1628370,66.17936925098554,30.88235294117647,1610612758,44,53,2024-12-06T01:57:09Z,2480000,False,-96.0,265.0,1,right,MISS M. Monk 28' 3PT,[1628370],1610612758.0,SAC,,,,Monk,M. Monk,,,,,Above the Break 3,24+ Left Center,28.21,Missed,,,,,,,,,,,,,,,,,,
257,PT05M34.00S,2024-12-06T01:57:08.1Z,2,REGULAR,rebound,defensive,[],1630217,,,1610612763,44,53,2024-12-06T01:57:09Z,2490000,False,,,0,,D. Bane REBOUND (Off:0 Def:2),[1630217],1610612763.0,MEM,,,,Bane,D. Bane,,,,,Above the Break 3,24+ Left Center,,,,,,,256.0,2.0,2.0,0.0,,,,,,,,,,
258,PT05M25.00S,2024-12-06T01:57:17.2Z,2,REGULAR,2pt,Jump Shot,['pointsinthepaint'],1629630,19.004599211563733,47.30392156862745,1610612763,44,53,2024-12-06T01:57:22Z,2500000,False,13.0,126.0,1,left,MISS J. Morant 12' fadeaway Shot,[1629630],1610612763.0,MEM,fadeaway,,,Morant,J. Morant,,,,,In The Paint (Non-RA),8-16 Center,12.68,Missed,,,,,,,,,,,,,,,,,,
259,PT05M22.00S,2024-12-06T01:57:20.2Z,2,REGULAR,rebound,defensive,[],1631099,,,1610612758,44,53,2024-12-06T01:57:22Z,2510000,False,,,0,,K. Murray REBOUND (Off:0 Def:4),[1631099],1610612758.0,SAC,,,,Murray,K. Murray,,,,,In The Paint (Non-RA),8-16 Center,,,,,,,258.0,4.0,4.0,0.0,,,,,,,,,,
260,PT05M11.00S,2024-12-06T01:57:31.4Z,2,REGULAR,3pt,Jump Shot,[],1628370,68.67608409986859,34.31372549019608,1610612758,44,56,2024-12-06T01:57:36Z,2520000,False,-78.0,242.0,1,right,M. Monk 25' 3PT pullup (11 PTS),[1628370],1610612758.0,SAC,pullup,,,Monk,M. Monk,,,,,Above the Break 3,24+ Center,25.43,Made,11.0,,,,,,,,,,,,,,,,,
261,PT04M56.00S,2024-12-06T01:57:45.6Z,2,REGULAR,2pt,Jump Shot,['pointsinthepaint'],1628991,11.777266754270697,61.51960784313726,1610612763,44,56,2024-12-06T02:32:04Z,2530000,False,-58.0,58.0,1,left,MISS J. Jackson Jr. 8' driving floating Shot,[1628991],1610612763.0,MEM,driving floating,,,Jackson Jr.,J. Jackson Jr.,,,,,In The Paint (Non-RA),8-16 Left,8.19,Missed,,,,,,,,,,,,,,,,,,
262,PT04M53.00S,2024-12-06T01:57:48.6Z,2,REGULAR,rebound,defensive,[],1631099,,,1610612758,44,56,2024-12-06T01:57:50Z,2540000,False,,,0,,K. Murray REBOUND (Off:0 Def:5),[1631099],1610612758.0,SAC,,,,Murray,K. Murray,,,,,In The Paint (Non-RA),8-16 Left,,,,,,,261.0,5.0,5.0,0.0,,,,,,,,,,
264,PT04M43.00S,2024-12-06T01:58:00.4Z,2,REGULAR,substitution,out,[],1642377,,,1610612758,44,56,2024-12-06T01:58:16Z,2560000,False,,,0,,SUB out: J. Wells,[1642377],1610612763.0,MEM,,,,Wells,J. Wells,,,,,,,,,,,,,,,,,,,,,,,,,,
265,PT04M43.00S,2024-12-06T01:58:00.4Z,2,REGULAR,substitution,out,[],1629630,,,1610612758,44,56,2024-12-06T01:58:16Z,2570000,False,,,0,,SUB out: J. Morant,[1629630],1610612763.0,MEM,,,,Morant,J. Morant,,,,,,,,,,,,,,,,,,,,,,,,,,
266,PT04M43.00S,2024-12-06T01:58:00.4Z,2,REGULAR,substitution,out,[],1628991,,,1610612758,44,56,2024-12-06T01:58:16Z,2580000,False,,,0,,SUB out: J. Jackson Jr.,[1628991],1610612763.0,MEM,,,,Jackson Jr.,J. Jackson Jr.,,,,,,,,,,,,,,,,,,,,,,,,,,
267,PT04M43.00S,2024-12-06T01:58:00.4Z,2,REGULAR,substitution,out,[],1628989,,,1610612758,44,56,2024-12-06T01:58:16Z,2590000,False,,,0,,SUB out: K. Huerter,[1628989],1610612758.0,SAC,,,,Huerter,K. Huerter,,,,,,,,,,,,,,,,,,,,,,,,,,
268,PT04M43.00S,2024-12-06T01:58:00.4Z,2,REGULAR,substitution,in,[],203935,,,1610612758,44,56,2024-12-06T01:58:16Z,2600000,False,,,0,,SUB in: M. Smart,[203935],1610612763.0,MEM,,,,Smart,M. Smart,,,,,,,,,,,,,,,,,,,,,,,,,,
269,PT04M43.00S,2024-12-06T01:58:00.4Z,2,REGULAR,substitution,in,[],1630643,,,1610612758,44,56,2024-12-06T01:58:16Z,2610000,False,,,0,,SUB in: J. Huff,[1630643],1610612763.0,MEM,,,,Huff,J. Huff,,,,,,,,,,,,,,,,,,,,,,,,,,
270,PT04M43.00S,2024-12-06T01:58:00.4Z,2,REGULAR,substitution,in,[],1631222,,,1610612758,44,56,2024-12-06T01:58:16Z,2620000,False,,,0,,SUB in: J. LaRavia,[1631222],1610612763.0,MEM,,,,LaRavia,J. LaRavia,,,,,,,,,,,,,,,,,,,,,,,,,,
271,PT04M43.00S,2024-12-06T01:58:00.4Z,2,REGULAR,substitution,in,[],1628368,,,1610612758,44,56,2024-12-06T01:58:16Z,2630000,False,,,0,,SUB in: D. Fox,[1628368],1610612758.0,SAC,,,,Fox,D. Fox,,,,,,,,,,,,,,,,,,,,,,,,,,
272,PT04M43.00S,2024-12-06T01:58:00.4Z,2,REGULAR,substitution,out,[],1629634,,,1610612758,44,56,2024-12-06T01:58:24Z,2640000,False,,,0,,SUB out: B. Clarke,[1629634],1610612763.0,MEM,,,,Clarke,B. Clarke,,,,,,,,,,,,,,,,,,,,,,,,,,
273,PT04M43.00S,2024-12-06T01:58:00.4Z,2,REGULAR,substitution,in,[],1630583,,,1610612758,44,56,2024-12-06T01:58:24Z,2650000,False,,,0,,SUB in: S. Aldama,[1630583],1610612763.0,MEM,,,,Aldama,S. Aldama,,,,,,,,,,,,,,,,,,,,,,,,,,
274,PT04M38.00S,2024-12-06T01:58:42.8Z,2,REGULAR,3pt,Jump Shot,[],1631099,71.30420499342969,84.55882352941177,1610612758,44,56,2024-12-06T01:58:47Z,2660000,False,173.0,217.0,1,right,MISS K. Murray 27' 3PT,[1631099],1610612758.0,SAC,,,,Murray,K. Murray,,,,,Above the Break 3,24+ Right Center,27.76,Missed,,,,,,,,,,,,,,,,,,
275,PT04M34.00S,2024-12-06T01:58:46.8Z,2,REGULAR,rebound,defensive,[],1631222,,,1610612763,44,56,2024-12-06T01:58:47Z,2670000,False,,,0,,J. LaRavia REBOUND (Off:0 Def:3),[1631222],1610612763.0,MEM,,,,LaRavia,J. LaRavia,,,,,Above the Break 3,24+ Right Center,,,,,,,274.0,3.0,3.0,0.0,,,,,,,,,,
277,PT04M26.00S,2024-12-06T01:59:10.7Z,2,REGULAR,3pt,Jump Shot,[],1630643,25.312089356110377,80.63725490196079,1610612763,47,56,2024-12-06T01:59:14Z,2690000,False,-153.0,185.0,1,left,J. Huff 24' 3PT  (3 PTS) (D. Bane 1 AST),"[1630643, 1630217]",1610612763.0,MEM,,,,Huff,J. Huff,,,,,Above the Break 3,24+ Left Center,24.05,Made,3.0,D. Bane,1630217.0,1.0,,,,,,,,,,,,,,
279,PT04M07.00S,2024-12-06T01:59:29.4Z,2,REGULAR,2pt,Layup,['pointsinthepaint'],1627734,89.04402102496715,53.67647058823529,1610612758,47,56,2024-12-06T01:59:32Z,2710000,False,18.0,50.0,1,right,MISS D. Sabonis Layup - blocked,"[1627734, 1630643]",1610612758.0,SAC,,,,Sabonis,D. Sabonis,,,,,In The Paint (Non-RA),0-8 Center,5.37,Missed,,,,,,,,,,,,,,,,,Huff,1630643.0
280,PT04M07.00S,2024-12-06T01:59:29.4Z,2,REGULAR,block,,[],1630643,,,1610612758,47,56,2024-12-06T01:59:31Z,2720000,False,,,0,,J. Huff BLOCK (1 BLK),[1630643],1610612763.0,MEM,,,,Huff,J. Huff,,,,,In The Paint (Non-RA),0-8 Center,,,,,,,,,,,,,,,,,,,,
281,PT04M06.00S,2024-12-06T01:59:30.4Z,2,REGULAR,rebound,defensive,[],1630583,,,1610612763,47,56,2024-12-06T01:59:32Z,2730000,False,,,0,,S. Aldama REBOUND (Off:1 Def:1),[1630583],1610612763.0,MEM,,,,Aldama,S. Aldama,,,,,In The Paint (Non-RA),0-8 Center,,,,,,,279.0,2.0,1.0,1.0,,,,,,,,,,
282,PT03M56.00S,2024-12-06T01:59:41.4Z,2,REGULAR,3pt,Jump Shot,[],1630643,5.601182654402102,96.07843137254902,1610612763,47,56,2024-12-06T01:59:46Z,2740000,False,-230.0,0.0,1,left,MISS J. Huff 3PT,[1630643],1610612763.0,MEM,,,,Huff,J. Huff,,,,,Left Corner 3,24+ Left,23.04,Missed,,,,,,,,,,,,,,,,,,
283,PT03M52.00S,2024-12-06T01:59:45.4Z,2,REGULAR,rebound,defensive,[],1627734,,,1610612758,47,56,2024-12-06T01:59:46Z,2750000,False,,,0,,D. Sabonis REBOUND (Off:2 Def:5),[1627734],1610612758.0,SAC,,,,Sabonis,D. Sabonis,,,,,Left Corner 3,24+ Left,,,,,,,282.0,7.0,5.0,2.0,,,,,,,,,,
284,PT03M42.00S,2024-12-06T01:59:54.9Z,2,REGULAR,2pt,Jump Shot,[],201942,75.1149802890933,21.813725490196077,1610612758,47,56,2024-12-06T02:00:01Z,2760000,False,-141.0,181.0,1,right,MISS D. DeRozan 22' Jump Shot,[201942],1610612758.0,SAC,,,,DeRozan,D. DeRozan,,,,,Mid-Range,16-24 Left Center,22.97,Missed,,,,,,,,,,,,,,,,,,
285,PT03M41.00S,2024-12-06T01:59:55.9Z,2,REGULAR,rebound,offensive,['team'],0,,,1610612758,47,56,2024-12-06T02:00:01Z,2770000,False,,,0,,TEAM offensive REBOUND,[],1610612758.0,SAC,,,,,,,,,,Mid-Range,16-24 Left Center,,,,,,,284.0,,,,,,,,,,,,,
286,PT03M41.00S,2024-12-06T01:59:59.0Z,2,REGULAR,foul,personal,[],1630643,,,1610612758,47,56,2024-12-06T02:00:07Z,2780000,False,,,0,,J. Huff loose ball personal FOUL (1 PF),"[1630643, 1627734]",1610612763.0,MEM,loose ball,,,Huff,J. Huff,,,,,In The Paint (Non-RA),0-8 Center,,,,,,,,,,,2003.0,1.0,0.0,Sabonis,1627734.0,,,,,
288,PT03M31.00S,2024-12-06T02:00:28.1Z,2,REGULAR,2pt,Jump Shot,['2ndchance'],201942,84.70762155059133,23.52941176470588,1610612758,47,58,2024-12-06T02:00:32Z,2800000,False,-132.0,91.0,1,right,D. DeRozan 16' pullup Jump Shot (13 PTS),[201942],1610612758.0,SAC,pullup,,,DeRozan,D. DeRozan,,,,,Mid-Range,16-24 Left,16.08,Made,13.0,,,,,,,,,,,,,,,,,
289,PT03M20.00S,2024-12-06T02:00:38.4Z,2,REGULAR,3pt,Jump Shot,[],1630217,22.552562417871222,87.00980392156863,1610612763,47,58,2024-12-06T02:00:45Z,2810000,False,-185.0,159.0,1,left,MISS D. Bane 24' 3PT,[1630217],1610612763.0,MEM,,,,Bane,D. Bane,,,,,Above the Break 3,24+ Left Center,24.43,Missed,,,,,,,,,,,,,,,,,,
290,PT03M15.00S,2024-12-06T02:00:43.4Z,2,REGULAR,rebound,defensive,[],1627734,,,1610612758,47,58,2024-12-06T02:00:45Z,2820000,False,,,0,,D. Sabonis REBOUND (Off:2 Def:6),[1627734],1610612758.0,SAC,,,,Sabonis,D. Sabonis,,,,,Above the Break 3,24+ Left Center,,,,,,,289.0,8.0,6.0,2.0,,,,,,,,,,
291,PT03M07.00S,2024-12-06T02:00:51.6Z,2,REGULAR,turnover,bad pass,[],1628368,,,1610612758,47,58,2024-12-06T02:01:05Z,2830000,False,,,0,,D. Fox bad pass TURNOVER (1 TO),"[1628368, 203935]",1610612758.0,SAC,,,,Fox,D. Fox,,,,,Mid-Range,8-16 Left,,,,,,,,,,,,,,,,1.0,Smart,203935.0,,
294,PT03M07.00S,2024-12-06T02:00:51.6Z,2,REGULAR,steal,,[],203935,,,1610612763,47,58,2024-12-06T02:01:05Z,2835000,False,,,0,,M. Smart STEAL (1 STL),[203935],1610612763.0,MEM,,,,Smart,M. Smart,,,,,Mid-Range,8-16 Left,,,,,,,,,,,,,,,,,,,,
292,PT03M07.00S,2024-12-06T02:01:00.6Z,2,REGULAR,foul,personal,['1freethrow'],201942,,,1610612763,47,58,2024-12-06T02:01:25Z,2840000,False,,,0,,D. DeRozan transition take personal FOUL (2 PF) (Smart 1 FT),"[201942, 203935]",1610612758.0,SAC,transition take,,,DeRozan,D. DeRozan,,,,,Above the Break 3,24+ Left Center,,,,,,,,,,,1628951.0,2.0,0.0,Smart,203935.0,,,,,
295,PT03M07.00S,2024-12-06T02:01:56.4Z,2,REGULAR,freethrow,1 of 1,['fromturnover'],1630217,,,1610612763,48,58,2024-12-06T02:01:56Z,2860000,False,,,0,,D. Bane transition take Free Throw 1 of 1 (6 PTS),[1630217],1610612763.0,MEM,transition take,,,Bane,D. Bane,,,,,,,,Made,6.0,,,,,,,,,,,,,,,,,
296,PT02M54.00S,2024-12-06T02:02:23.0Z,2,REGULAR,2pt,Layup,"['pointsinthepaint', 'fromturnover']",1631222,9.411957950065702,52.69607843137255,1610612763,50,58,2024-12-06T02:02:26Z,2870000,False,-13.0,36.0,1,left,J. LaRavia Layup (2 PTS) (D. Bane 2 AST),"[1631222, 1630217]",1610612763.0,MEM,,,,LaRavia,J. LaRavia,,,,,Restricted Area,0-8 Center,3.84,Made,2.0,D. Bane,1630217.0,2.0,,,,,,,,,,,,,,
298,PT02M37.00S,2024-12-06T02:02:40.1Z,2,REGULAR,2pt,Jump Shot,[],1628370,91.5407358738502,27.696078431372552,1610612758,50,58,2024-12-06T02:02:44Z,2890000,False,-112.0,27.0,1,right,MISS M. Monk 11' driving floating Shot,[1628370],1610612758.0,SAC,driving floating,,,Monk,M. Monk,,,,,Mid-Range,8-16 Left,11.47,Missed,,,,,,,,,,,,,,,,,,
300,PT02M34.00S,2024-12-06T02:02:43.1Z,2,REGULAR,rebound,defensive,[],1630643,,,1610612763,50,58,2024-12-06T02:02:44Z,2910000,False,,,0,,J. Huff REBOUND (Off:0 Def:2),[1630643],1610612763.0,MEM,,,,Huff,J. Huff,,,,,Mid-Range,8-16 Left,,,,,,,298.0,2.0,2.0,0.0,,,,,,,,,,
301,PT02M30.00S,2024-12-06T02:02:48.1Z,2,REGULAR,3pt,Jump Shot,['fastbreak'],1631222,6.652431011826544,3.1862745098039214,1610612763,53,58,2024-12-06T02:02:52Z,2920000,False,234.0,10.0,1,left,J. LaRavia 3PT running (5 PTS) (M. Smart 2 AST),"[1631222, 203935]",1610612763.0,MEM,running,,,LaRavia,J. LaRavia,,,,,Right Corner 3,24+ Right,23.43,Made,5.0,M. Smart,203935.0,2.0,,,,,,,,,,,,,,
303,PT02M27.00S,2024-12-06T02:02:53.6Z,2,REGULAR,timeout,full,"['team', 'mandatory']",0,,,1610612758,53,58,2024-12-06T02:02:53Z,2940000,False,,,0,,SAC Timeout,[],1610612758.0,SAC,,,,,,,,,,,,,,,,,,,,,,,,,,,,,,,
304,PT02M05.00S,2024-12-06T02:06:12.2Z,2,REGULAR,foul,personal,['2freethrow'],1631222,,,1610612758,53,58,2024-12-06T02:06:28Z,2950000,False,,,0,,J. LaRavia shooting personal FOUL (1 PF) (Monk 2 FT),"[1631222, 1628370]",1610612763.0,MEM,shooting,,,LaRavia,J. LaRavia,,,,,Mid-Range,8-16 Right,,,,,,,,,,,1628951.0,1.0,0.0,Monk,1628370.0,,,,,
306,PT02M05.00S,2024-12-06T02:06:36.9Z,2,REGULAR,freethrow,1 of 2,[],1628370,,,1610612758,53,59,2024-12-06T02:06:36Z,2970000,False,,,0,,M. Monk Free Throw 1 of 2 (12 PTS),[1628370],1610612758.0,SAC,,,,Monk,M. Monk,,,,,,,,Made,12.0,,,,,,,,,,,,,,,,,
307,PT02M05.00S,2024-12-06T02:06:52.7Z,2,REGULAR,freethrow,2 of 2,[],1628370,,,1610612758,53,60,2024-12-06T02:06:52Z,2980000,False,,,0,,M. Monk Free Throw 2 of 2 (13 PTS),[1628370],1610612758.0,SAC,,,,Monk,M. Monk,,,,,,,,Made,13.0,,,,,,,,,,,,,,,,,
308,PT01M54.00S,2024-12-06T02:07:07.0Z,2,REGULAR,3pt,Jump Shot,[],1630643,31.488173455978973,45.09803921568628,1610612763,56,60,2024-12-06T02:07:11Z,2990000,False,25.0,243.0,1,left,J. Huff 24' 3PT  (6 PTS) (M. Smart 3 AST),"[1630643, 203935]",1610612763.0,MEM,,,,Huff,J. Huff,,,,,Above the Break 3,24+ Center,24.47,Made,6.0,M. Smart,203935.0,3.0,,,,,,,,,,,,,,
310,PT01M47.00S,2024-12-06T02:07:14.6Z,2,REGULAR,3pt,Jump Shot,[],1628368,71.17279894875165,19.11764705882353,1610612758,56,60,2024-12-06T02:07:19Z,3010000,False,-154.0,218.0,1,right,MISS D. Fox 26' pullup 3PT,[1628368],1610612758.0,SAC,pullup,,,Fox,D. Fox,,,,,Above the Break 3,24+ Left Center,26.75,Missed,,,,,,,,,,,,,,,,,,
311,PT01M42.00S,2024-12-06T02:07:18.3Z,2,REGULAR,rebound,offensive,[],1631099,,,1610612758,56,60,2024-12-06T02:07:18Z,3020000,False,,,0,,K. Murray REBOUND (Off:1 Def:5),[1631099],1610612758.0,SAC,,,,Murray,K. Murray,,,,,Above the Break 3,24+ Left Center,,,,,,,310.0,6.0,5.0,1.0,,,,,,,,,,
312,PT01M38.00S,2024-12-06T02:07:22.4Z,2,REGULAR,2pt,Hook,"['pointsinthepaint', '2ndchance']",1627734,89.43823915900131,44.85294117647059,1610612758,56,60,2024-12-06T02:07:26Z,3030000,False,-26.0,47.0,1,right,MISS D. Sabonis driving Hook,[1627734],1610612758.0,SAC,driving,,,Sabonis,D. Sabonis,,,,,In The Paint (Non-RA),0-8 Center,5.34,Missed,,,,,,,,,,,,,,,,,,
313,PT01M36.00S,2024-12-06T02:07:24.4Z,2,REGULAR,rebound,defensive,[],1630583,,,1610612763,56,60,2024-12-06T02:07:26Z,3040000,False,,,0,,S. Aldama REBOUND (Off:1 Def:2),[1630583],1610612763.0,MEM,,,,Aldama,S. Aldama,,,,,In The Paint (Non-RA),0-8 Center,,,,,,,312.0,3.0,2.0,1.0,,,,,,,,,,
314,PT01M27.00S,2024-12-06T02:07:34.6Z,2,REGULAR,2pt,DUNK,['pointsinthepaint'],1630643,6.1268068331143235,50.49019607843137,1610612763,58,60,2024-12-06T02:07:42Z,3050000,False,-2.0,5.0,1,left,J. Huff reverse DUNK (8 PTS) (D. Bane 3 AST),"[1630643, 1630217]",1610612763.0,MEM,reverse,,,Huff,J. Huff,,,,,Restricted Area,0-8 Center,0.57,Made,8.0,D. Bane,1630217.0,3.0,,,,,,,,,,,,,,
316,PT01M10.00S,2024-12-06T02:07:52.1Z,2,REGULAR,foul,personal,"['inpenalty', '2freethrow']",1630583,,,1610612758,58,60,2024-12-06T02:08:19Z,3070000,False,,,0,,S. Aldama personal FOUL (1 PF) (DeRozan 2 FT),"[1630583, 201942]",1610612763.0,MEM,,,,Aldama,S. Aldama,,,,,In The Paint (Non-RA),8-16 Center,,,,,,,,,,,1628951.0,1.0,0.0,DeRozan,201942.0,,,,,
318,PT01M10.00S,2024-12-06T02:08:24.6Z,2,REGULAR,freethrow,1 of 2,[],201942,,,1610612758,58,61,2024-12-06T02:08:24Z,3090000,False,,,0,,D. DeRozan Free Throw 1 of 2 (14 PTS),[201942],1610612758.0,SAC,,,,DeRozan,D. DeRozan,,,,,,,,Made,14.0,,,,,,,,,,,,,,,,,
319,PT01M10.00S,2024-12-06T02:08:40.8Z,2,REGULAR,freethrow,2 of 2,[],201942,,,1610612758,58,62,2024-12-06T02:08:40Z,3100000,False,,,0,,D. DeRozan Free Throw 2 of 2 (15 PTS),[201942],1610612758.0,SAC,,,,DeRozan,D. DeRozan,,,,,,,,Made,15.0,,,,,,,,,,,,,,,,,
320,PT00M47.70S,2024-12-06T02:09:04.5Z,2,REGULAR,3pt,Jump Shot,[],203935,27.54599211563732,75.49019607843137,1610612763,61,62,2024-12-06T02:09:09Z,3110000,False,-127.0,206.0,1,left,M. Smart 24' 3PT pullup (11 PTS),[203935],1610612763.0,MEM,pullup,,,Smart,M. Smart,,,,,Above the Break 3,24+ Left Center,24.26,Made,11.0,,,,,,,,,,,,,,,,,
321,PT00M34.50S,2024-12-06T02:09:21.0Z,2,REGULAR,3pt,Jump Shot,[],1628370,71.30420499342969,83.57843137254902,1610612758,61,62,2024-12-06T02:09:27Z,3120000,False,168.0,217.0,1,right,MISS M. Monk 27' 3PT,[1628370],1610612758.0,SAC,,,,Monk,M. Monk,,,,,Above the Break 3,24+ Right Center,27.45,Missed,,,,,,,,,,,,,,,,,,
322,PT00M28.90S,2024-12-06T02:09:26.6Z,2,REGULAR,rebound,offensive,[],1631099,,,1610612758,61,62,2024-12-06T02:09:27Z,3130000,False,,,0,,K. Murray REBOUND (Off:2 Def:5),[1631099],1610612758.0,SAC,,,,Murray,K. Murray,,,,,Above the Break 3,24+ Right Center,,,,,,,321.0,7.0,5.0,2.0,,,,,,,,,,
323,PT00M28.30S,2024-12-06T02:09:27.1Z,2,REGULAR,3pt,Jump Shot,['2ndchance'],1628368,70.12155059132719,28.431372549019606,1610612758,61,62,2024-12-06T02:09:31Z,3140000,False,-108.0,228.0,1,right,MISS D. Fox 25' pullup 3PT,[1628368],1610612758.0,SAC,pullup,,,Fox,D. Fox,,,,,Above the Break 3,24+ Left Center,25.26,Missed,,,,,,,,,,,,,,,,,,
324,PT00M25.10S,2024-12-06T02:09:30.3Z,2,REGULAR,rebound,defensive,[],203935,,,1610612763,61,62,2024-12-06T02:09:31Z,3150000,False,,,0,,M. Smart REBOUND (Off:0 Def:2),[203935],1610612763.0,MEM,,,,Smart,M. Smart,,,,,Above the Break 3,24+ Left Center,,,,,,,323.0,2.0,2.0,0.0,,,,,,,,,,
325,PT00M22.80S,2024-12-06T02:09:32.7Z,2,REGULAR,2pt,Layup,"['pointsinthepaint', 'fastbreak']",1630583,6.915243101182654,45.34313725490196,1610612763,63,62,2024-12-06T02:09:39Z,3160000,False,23.0,13.0,1,left,S. Aldama running finger roll Layup (8 PTS) (M. Smart 4 AST),"[1630583, 203935]",1610612763.0,MEM,running finger roll,,,Aldama,S. Aldama,,,,,Restricted Area,0-8 Center,2.64,Made,8.0,M. Smart,203935.0,4.0,,,,,,,,,,,,,,
327,PT00M04.80S,2024-12-06T02:09:54.9Z,2,REGULAR,2pt,Jump Shot,['pointsinthepaint'],1628368,87.72996057818659,45.34313725490196,1610612758,63,62,2024-12-06T02:10:01Z,3180000,False,-23.0,63.0,1,right,MISS D. Fox 6' turnaround Shot - blocked,"[1628368, 1630643]",1610612758.0,SAC,turnaround,,,Fox,D. Fox,,,,,In The Paint (Non-RA),0-8 Center,6.7,Missed,,,,,,,,,,,,,,,,,Huff,1630643.0
328,PT00M04.80S,2024-12-06T02:09:54.9Z,2,REGULAR,block,,[],1630643,,,1610612758,63,62,2024-12-06T02:09:57Z,3190000,False,,,0,,J. Huff BLOCK (2 BLK),[1630643],1610612763.0,MEM,,,,Huff,J. Huff,,,,,In The Paint (Non-RA),0-8 Center,,,,,,,,,,,,,,,,,,,,
329,PT00M02.60S,2024-12-06T02:09:57.1Z,2,REGULAR,rebound,defensive,['team'],0,,,1610612763,63,62,2024-12-06T02:10:01Z,3200000,False,,,0,,TEAM defensive REBOUND,[],1610612763.0,MEM,,,,,,,,,,In The Paint (Non-RA),0-8 Center,,,,,,,327.0,,,,,,,,,,,,,
331,PT00M00.00S,2024-12-06T02:10:12.6Z,2,REGULAR,period,end,[],0,,,1610612763,63,62,2024-12-06T02:10:12Z,3220000,False,,,0,,Period End,[],,,,,,,,,,,,,,,,,,,,,,,,,,,,,,,,,
332,PT12M00.00S,2024-12-06T02:23:37.0Z,3,REGULAR,substitution,out,['startperiod'],203935,,,1610612763,63,62,2024-12-06T02:25:06Z,3230000,False,,,0,,SUB out: M. Smart,[203935],1610612763.0,MEM,,,,Smart,M. Smart,,,,,,,,,,,,,,,,,,,,,,,,,,
333,PT12M00.00S,2024-12-06T02:23:37.0Z,3,REGULAR,substitution,out,['startperiod'],1630643,,,1610612763,63,62,2024-12-06T02:25:06Z,3240000,False,,,0,,SUB out: J. Huff,[1630643],1610612763.0,MEM,,,,Huff,J. Huff,,,,,,,,,,,,,,,,,,,,,,,,,,
334,PT12M00.00S,2024-12-06T02:23:37.0Z,3,REGULAR,substitution,out,['startperiod'],1631222,,,1610612763,63,62,2024-12-06T02:25:06Z,3250000,False,,,0,,SUB out: J. LaRavia,[1631222],1610612763.0,MEM,,,,LaRavia,J. LaRavia,,,,,,,,,,,,,,,,,,,,,,,,,,
335,PT12M00.00S,2024-12-06T02:23:37.0Z,3,REGULAR,substitution,out,['startperiod'],1630583,,,1610612763,63,62,2024-12-06T02:25:06Z,3260000,False,,,0,,SUB out: S. Aldama,[1630583],1610612763.0,MEM,,,,Aldama,S. Aldama,,,,,,,,,,,,,,,,,,,,,,,,,,
336,PT12M00.00S,2024-12-06T02:23:37.0Z,3,REGULAR,substitution,in,['startperiod'],1642377,,,1610612763,63,62,2024-12-06T02:25:06Z,3270000,False,,,0,,SUB in: J. Wells,[1642377],1610612763.0,MEM,,,,Wells,J. Wells,,,,,,,,,,,,,,,,,,,,,,,,,,
337,PT12M00.00S,2024-12-06T02:23:37.0Z,3,REGULAR,substitution,in,['startperiod'],1629630,,,1610612763,63,62,2024-12-06T02:25:06Z,3280000,False,,,0,,SUB in: J. Morant,[1629630],1610612763.0,MEM,,,,Morant,J. Morant,,,,,,,,,,,,,,,,,,,,,,,,,,
338,PT12M00.00S,2024-12-06T02:23:37.0Z,3,REGULAR,substitution,in,['startperiod'],1628991,,,1610612763,63,62,2024-12-06T02:25:06Z,3290000,False,,,0,,SUB in: J. Jackson Jr.,[1628991],1610612763.0,MEM,,,,Jackson Jr.,J. Jackson Jr.,,,,,,,,,,,,,,,,,,,,,,,,,,
339,PT12M00.00S,2024-12-06T02:23:37.0Z,3,REGULAR,substitution,in,['startperiod'],1629634,,,1610612763,63,62,2024-12-06T02:25:06Z,3300000,False,,,0,,SUB in: B. Clarke,[1629634],1610612763.0,MEM,,,,Clarke,B. Clarke,,,,,,,,,,,,,,,,,,,,,,,,,,
340,PT12M00.00S,2024-12-06T02:25:24.9Z,3,REGULAR,period,start,[],0,,,1610612758,63,62,2024-12-06T02:25:24Z,3310000,False,,,0,,Period Start,[],,,,,,,,,,,,,,,,,,,,,,,,,,,,,,,,,
341,PT11M36.00S,2024-12-06T02:25:48.5Z,3,REGULAR,3pt,Jump Shot,[],1631099,8.360709592641262,96.07843137254902,1610612758,63,62,2024-12-06T02:25:53Z,3320000,False,-230.0,26.0,1,left,MISS K. Murray 3PT,[1631099],1610612758.0,SAC,,,,Murray,K. Murray,,,,,Left Corner 3,24+ Left,23.19,Missed,,,,,,,,,,,,,,,,,,
342,PT11M31.00S,2024-12-06T02:25:53.5Z,3,REGULAR,rebound,defensive,[],1642377,,,1610612763,63,62,2024-12-06T02:25:53Z,3330000,False,,,0,,J. Wells REBOUND (Off:1 Def:2),[1642377],1610612763.0,MEM,,,,Wells,J. Wells,,,,,Left Corner 3,24+ Left,,,,,,,341.0,3.0,2.0,1.0,,,,,,,,,,
343,PT11M25.00S,2024-12-06T02:25:59.8Z,3,REGULAR,turnover,out-of-bounds,[],1628991,,,1610612763,63,62,2024-12-06T02:26:04Z,3340000,False,,,0,,J. Jackson Jr. bad pass out-of-bounds TURNOVER (2 TO),[1628991],1610612763.0,MEM,bad pass,,,Jackson Jr.,J. Jackson Jr.,,,,,Above the Break 3,24+ Left Center,,,,,,,,,,,1204.0,,,,,2.0,,,,
344,PT11M13.00S,2024-12-06T02:26:21.6Z,3,REGULAR,2pt,Layup,"['pointsinthepaint', 'fromturnover']",1628370,5.601182654402102,44.85294117647059,1610612758,63,64,2024-12-06T02:26:26Z,3350000,False,26.0,0.0,1,left,M. Monk driving reverse Layup (15 PTS) (D. Sabonis 5 AST),"[1628370, 1627734]",1610612758.0,SAC,driving reverse,,,Monk,M. Monk,,,,,Restricted Area,0-8 Center,2.57,Made,15.0,D. Sabonis,1627734.0,5.0,,,,,,,,,,,,,,
346,PT11M13.00S,2024-12-06T02:26:24.7Z,3,REGULAR,foul,personal,['1freethrow'],1628991,,,1610612758,63,64,2024-12-06T02:26:32Z,3370000,False,,,0,,J. Jackson Jr. shooting personal FOUL (2 PF) (Monk 1 FT),"[1628991, 1628370]",1610612763.0,MEM,shooting,,,Jackson Jr.,J. Jackson Jr.,,,,,Restricted Area,0-8 Center,,,,,,,,,,,1204.0,2.0,0.0,Monk,1628370.0,,,,,
348,PT11M13.00S,2024-12-06T02:26:49.3Z,3,REGULAR,freethrow,1 of 1,['fromturnover'],1628370,,,1610612758,63,65,2024-12-06T02:26:49Z,3390000,False,,,0,,M. Monk Free Throw 1 of 1 (16 PTS),[1628370],1610612758.0,SAC,,,,Monk,M. Monk,,,,,,,,Made,16.0,,,,,,,,,,,,,,,,,
349,PT11M05.00S,2024-12-06T02:27:00.0Z,3,REGULAR,2pt,Layup,['pointsinthepaint'],1630217,90.88370565045992,49.01960784313725,1610612763,65,65,2024-12-06T02:27:04Z,3400000,False,-5.0,33.0,1,right,D. Bane driving Layup (8 PTS) (J. Morant 7 AST),"[1630217, 1629630]",1610612763.0,MEM,driving,,,Bane,D. Bane,,,,,Restricted Area,0-8 Center,3.36,Made,8.0,J. Morant,1629630.0,7.0,,,,,,,,,,,,,,
351,PT11M05.00S,2024-12-06T02:27:02.8Z,3,REGULAR,foul,personal,['1freethrow'],201942,,,1610612763,65,65,2024-12-06T02:27:22Z,3420000,False,,,0,,D. DeRozan shooting personal FOUL (3 PF) (Bane 1 FT),"[201942, 1630217]",1610612758.0,SAC,shooting,,,DeRozan,D. DeRozan,,,,,Restricted Area,0-8 Center,,,,,,,,,,,2003.0,3.0,0.0,Bane,1630217.0,,,,,
353,PT11M05.00S,2024-12-06T02:27:23.4Z,3,REGULAR,freethrow,1 of 1,[],1630217,,,1610612763,66,65,2024-12-06T02:27:23Z,3440000,False,,,0,,D. Bane Free Throw 1 of 1 (9 PTS),[1630217],1610612763.0,MEM,,,,Bane,D. Bane,,,,,,,,Made,9.0,,,,,,,,,,,,,,,,,
354,PT10M46.00S,2024-12-06T02:27:43.1Z,3,REGULAR,2pt,Jump Shot,['pointsinthepaint'],1631099,14.4053876478318,52.450980392156865,1610612758,66,67,2024-12-06T02:27:48Z,3450000,False,-12.0,83.0,1,left,K. Murray 8' driving floating Jump Shot (7 PTS) (M. Monk 4 AST),"[1631099, 1628370]",1610612758.0,SAC,driving floating,,,Murray,K. Murray,,,,,In The Paint (Non-RA),8-16 Center,8.38,Made,7.0,M. Monk,1628370.0,4.0,,,,,,,,,,,,,,
356,PT10M34.00S,2024-12-06T02:27:58.4Z,3,REGULAR,foul,offensive,[],1629634,,,1610612763,66,67,2024-12-06T02:28:04Z,3470000,False,,,0,,B. Clarke offensive FOUL (2 PF),"[1629634, 1628368]",1610612763.0,MEM,,,,Clarke,B. Clarke,,,,,Mid-Range,16-24 Center,,,,,,,,,,,2003.0,2.0,0.0,Fox,1628368.0,,,,,
358,PT10M34.00S,2024-12-06T02:27:58.4Z,3,REGULAR,turnover,offensive foul,[],1629634,,,1610612763,66,67,2024-12-06T02:27:58Z,3490000,False,,,0,,B. Clarke offensive foul TURNOVER (1 TO),[1629634],1610612763.0,MEM,,,,Clarke,B. Clarke,,,,,Mid-Range,16-24 Center,,,,,,,,,,,2003.0,,,,,1.0,,,,
359,PT10M25.00S,2024-12-06T02:28:17.1Z,3,REGULAR,2pt,Jump Shot,"['pointsinthepaint', 'fromturnover']",1631099,12.040078843626807,46.81372549019608,1610612758,66,67,2024-12-06T02:28:22Z,3500000,False,16.0,61.0,1,left,MISS K. Murray 6' turnaround fadeaway Shot,[1631099],1610612758.0,SAC,turnaround fadeaway,,,Murray,K. Murray,,,,,In The Paint (Non-RA),0-8 Center,6.27,Missed,,,,,,,,,,,,,,,,,,
360,PT10M21.00S,2024-12-06T02:28:21.1Z,3,REGULAR,rebound,offensive,[],1627734,,,1610612758,66,67,2024-12-06T02:28:22Z,3510000,False,,,0,,D. Sabonis REBOUND (Off:3 Def:6),[1627734],1610612758.0,SAC,,,,Sabonis,D. Sabonis,,,,,In The Paint (Non-RA),0-8 Center,,,,,,,359.0,9.0,6.0,3.0,,,,,,,,,,
361,PT10M21.00S,2024-12-06T02:28:21.4Z,3,REGULAR,2pt,Layup,"['pointsinthepaint', 'fromturnover', '2ndchance']",1627734,5.590000152587891,50.0,1610612758,66,69,2024-12-06T02:28:21Z,3520000,False,0.0,0.0,1,left,D. Sabonis tip Layup (14 PTS),[1627734],1610612758.0,SAC,tip,,,Sabonis,D. Sabonis,,,,,Mid-Range,8-16 Left,0.0,Made,14.0,,,,,,,,,,,,,,,,,
362,PT10M11.00S,2024-12-06T02:28:34.9Z,3,REGULAR,foul,personal,['2freethrow'],1628370,,,1610612763,66,69,2024-12-06T02:32:03Z,3530000,False,,,0,,M. Monk shooting personal FOUL (3 PF) (Wells 2 FT),"[1628370, 1642377]",1610612758.0,SAC,shooting,,,Monk,M. Monk,,,,,In The Paint (Non-RA),0-8 Center,,,,,,,,,,,1628951.0,3.0,0.0,Wells,1642377.0,,,,,
365,PT10M11.00S,2024-12-06T02:28:47.6Z,3,REGULAR,timeout,full,"['team', 'mandatory']",0,,,1610612763,66,69,2024-12-06T02:31:58Z,3560000,False,,,0,,MEM Timeout,[],1610612763.0,MEM,,,,,,,,,,,,,,,,,,,,,,,,,,,,,,,
367,PT10M11.00S,2024-12-06T02:32:03.7Z,3,REGULAR,freethrow,1 of 2,[],1642377,,,1610612763,66,69,2024-12-06T02:32:03Z,3580000,False,,,0,,MISS J. Wells Free Throw 1 of 2,[1642377],1610612763.0,MEM,,,,Wells,J. Wells,,,,,,,,Missed,,,,,,,,,,,,,,,,,,
368,PT10M11.00S,2024-12-06T02:32:03.7Z,3,REGULAR,rebound,offensive,"['deadball', 'team']",0,,,1610612763,66,69,2024-12-06T02:32:03Z,3590000,False,,,0,,TEAM offensive REBOUND,[],1610612763.0,MEM,,,,,,,,,,,,,,,,,,367.0,,,,,,,,,,,,,
369,PT10M11.00S,2024-12-06T02:32:10.3Z,3,REGULAR,freethrow,2 of 2,[],1642377,,,1610612763,67,69,2024-12-06T02:32:10Z,3600000,False,,,0,,J. Wells Free Throw 2 of 2 (10 PTS),[1642377],1610612763.0,MEM,,,,Wells,J. Wells,,,,,,,,Made,10.0,,,,,,,,,,,,,,,,,
370,PT09M58.00S,2024-12-06T02:32:25.0Z,3,REGULAR,2pt,Jump Shot,[],201942,20.71287779237845,27.205882352941174,1610612758,67,71,2024-12-06T02:32:29Z,3610000,False,114.0,142.0,1,left,D. DeRozan 18' pullup Jump Shot (17 PTS) (D. Sabonis 6 AST),"[201942, 1627734]",1610612758.0,SAC,pullup,,,DeRozan,D. DeRozan,,,,,Mid-Range,16-24 Right Center,18.23,Made,17.0,D. Sabonis,1627734.0,6.0,,,,,,,,,,,,,,
372,PT09M50.00S,2024-12-06T02:32:34.0Z,3,REGULAR,foul,personal,['2freethrow'],1627734,,,1610612763,67,71,2024-12-06T02:32:42Z,3630000,False,,,0,,D. Sabonis shooting personal FOUL (2 PF) (Jackson Jr. 2 FT),"[1627734, 1628991]",1610612758.0,SAC,shooting,,,Sabonis,D. Sabonis,,,,,In The Paint (Non-RA),0-8 Center,,,,,,,,,,,1204.0,2.0,0.0,Jackson Jr.,1628991.0,,,,,
374,PT09M50.00S,2024-12-06T02:32:59.9Z,3,REGULAR,freethrow,1 of 2,[],1628991,,,1610612763,68,71,2024-12-06T02:32:59Z,3650000,False,,,0,,J. Jackson Jr. Free Throw 1 of 2 (9 PTS),[1628991],1610612763.0,MEM,,,,Jackson Jr.,J. Jackson Jr.,,,,,,,,Made,9.0,,,,,,,,,,,,,,,,,
375,PT09M50.00S,2024-12-06T02:33:14.4Z,3,REGULAR,freethrow,2 of 2,[],1628991,,,1610612763,69,71,2024-12-06T02:33:14Z,3660000,False,,,0,,J. Jackson Jr. Free Throw 2 of 2 (10 PTS),[1628991],1610612763.0,MEM,,,,Jackson Jr.,J. Jackson Jr.,,,,,,,,Made,10.0,,,,,,,,,,,,,,,,,
376,PT09M38.00S,2024-12-06T02:33:28.4Z,3,REGULAR,3pt,Jump Shot,[],1628368,26.62614980289093,79.90196078431373,1610612758,69,71,2024-12-06T02:33:33Z,3670000,False,-150.0,198.0,1,left,MISS D. Fox 24' 3PT,[1628368],1610612758.0,SAC,,,,Fox,D. Fox,,,,,Above the Break 3,24+ Left Center,24.79,Missed,,,,,,,,,,,,,,,,,,
377,PT09M35.00S,2024-12-06T02:33:31.4Z,3,REGULAR,rebound,defensive,[],1642377,,,1610612763,69,71,2024-12-06T02:33:33Z,3680000,False,,,0,,J. Wells REBOUND (Off:1 Def:3),[1642377],1610612763.0,MEM,,,,Wells,J. Wells,,,,,Above the Break 3,24+ Left Center,,,,,,,376.0,4.0,3.0,1.0,,,,,,,,,,
378,PT09M25.00S,2024-12-06T02:33:41.3Z,3,REGULAR,2pt,Layup,['pointsinthepaint'],1628991,89.43823915900131,42.8921568627451,1610612763,69,71,2024-12-06T02:33:45Z,3690000,False,-36.0,47.0,1,right,MISS J. Jackson Jr. driving Layup,[1628991],1610612763.0,MEM,driving,,,Jackson Jr.,J. Jackson Jr.,,,,,In The Paint (Non-RA),0-8 Center,5.87,Missed,,,,,,,,,,,,,,,,,,
379,PT09M23.00S,2024-12-06T02:33:43.3Z,3,REGULAR,rebound,defensive,[],1628368,,,1610612758,69,71,2024-12-06T02:33:45Z,3700000,False,,,0,,D. Fox REBOUND (Off:1 Def:3),[1628368],1610612758.0,SAC,,,,Fox,D. Fox,,,,,In The Paint (Non-RA),0-8 Center,,,,,,,378.0,4.0,3.0,1.0,,,,,,,,,,
380,PT09M17.00S,2024-12-06T02:33:48.9Z,3,REGULAR,2pt,Layup,"['pointsinthepaint', 'fastbreak']",1627734,5.995400788436268,46.568627450980394,1610612758,69,71,2024-12-06T02:33:55Z,3710000,False,17.0,4.0,1,left,MISS D. Sabonis running Layup - blocked,"[1627734, 1629630]",1610612758.0,SAC,running,,,Sabonis,D. Sabonis,,,,,Restricted Area,0-8 Center,1.76,Missed,,,,,,,,,,,,,,,,,Morant,1629630.0
381,PT09M17.00S,2024-12-06T02:33:48.9Z,3,REGULAR,block,,[],1629630,,,1610612758,69,71,2024-12-06T02:33:51Z,3720000,False,,,0,,J. Morant BLOCK (1 BLK),[1629630],1610612763.0,MEM,,,,Morant,J. Morant,,,,,Restricted Area,0-8 Center,,,,,,,,,,,,,,,,,,,,
382,PT09M14.00S,2024-12-06T02:33:51.9Z,3,REGULAR,rebound,defensive,[],1642377,,,1610612763,69,71,2024-12-06T02:33:55Z,3730000,False,,,0,,J. Wells REBOUND (Off:1 Def:4),[1642377],1610612763.0,MEM,,,,Wells,J. Wells,,,,,Restricted Area,0-8 Center,,,,,,,380.0,5.0,4.0,1.0,,,,,,,,,,
383,PT09M10.00S,2024-12-06T02:33:58.8Z,3,REGULAR,turnover,traveling,[],1630217,,,1610612763,69,71,2024-12-06T02:34:02Z,3740000,False,,,0,,D. Bane traveling TURNOVER (1 TO),[1630217],1610612763.0,MEM,,,,Bane,D. Bane,,,,,Above the Break 3,24+ Center,,,,,,,,,,,1204.0,,,,,1.0,,,,
384,PT08M48.00S,2024-12-06T02:34:32.6Z,3,REGULAR,3pt,Jump Shot,['fromturnover'],1628368,27.677398160315374,12.009803921568627,1610612758,69,71,2024-12-06T02:34:37Z,3750000,False,190.0,208.0,1,left,MISS D. Fox 28' pullup 3PT,[1628368],1610612758.0,SAC,pullup,,,Fox,D. Fox,,,,,Above the Break 3,24+ Right Center,28.15,Missed,,,,,,,,,,,,,,,,,,
385,PT08M44.00S,2024-12-06T02:34:36.6Z,3,REGULAR,rebound,defensive,[],1628991,,,1610612763,69,71,2024-12-06T02:34:37Z,3760000,False,,,0,,J. Jackson Jr. REBOUND (Off:0 Def:2),[1628991],1610612763.0,MEM,,,,Jackson Jr.,J. Jackson Jr.,,,,,Above the Break 3,24+ Right Center,,,,,,,384.0,2.0,2.0,0.0,,,,,,,,,,
386,PT08M34.00S,2024-12-06T02:34:46.7Z,3,REGULAR,turnover,lost ball,[],1630217,,,1610612763,69,71,2024-12-06T02:34:57Z,3770000,False,,,0,,D. Bane lost ball TURNOVER (2 TO),"[1630217, 201942]",1610612763.0,MEM,,,,Bane,D. Bane,,,,,Mid-Range,16-24 Right,,,,,,,,,,,,,,,,2.0,DeRozan,201942.0,,
387,PT08M34.00S,2024-12-06T02:34:46.7Z,3,REGULAR,steal,,[],201942,,,1610612758,69,71,2024-12-06T02:34:48Z,3780000,False,,,0,,D. DeRozan STEAL (1 STL),[201942],1610612758.0,SAC,,,,DeRozan,D. DeRozan,,,,,Mid-Range,16-24 Right,,,,,,,,,,,,,,,,,,,,
388,PT08M22.00S,2024-12-06T02:35:03.6Z,3,REGULAR,foul,personal,[],1628991,,,1610612758,69,71,2024-12-06T02:35:09Z,3790000,False,,,0,,J. Jackson Jr. personal FOUL (3 PF),"[1628991, 1628368]",1610612763.0,MEM,,,,Jackson Jr.,J. Jackson Jr.,,,,,In The Paint (Non-RA),8-16 Right,,,,,,,,,,,1628951.0,3.0,0.0,Fox,1628368.0,,,,,
390,PT08M22.00S,2024-12-06T02:35:26.7Z,3,REGULAR,foul,personal,[],1642377,,,1610612758,69,71,2024-12-06T02:35:32Z,3810000,False,,,0,,J. Wells personal FOUL (2 PF),"[1642377, 1628370]",1610612763.0,MEM,,,,Wells,J. Wells,,,,,Mid-Range,8-16 Left,,,,,,,,,,,2003.0,2.0,0.0,Monk,1628370.0,,,,,
392,PT08M16.00S,2024-12-06T02:35:46.7Z,3,REGULAR,3pt,Jump Shot,['fromturnover'],1627734,32.013797634691194,43.38235294117647,1610612758,69,74,2024-12-06T02:35:51Z,3830000,False,33.0,248.0,1,left,D. Sabonis 25' 3PT  (17 PTS) (M. Monk 5 AST),"[1627734, 1628370]",1610612758.0,SAC,,,,Sabonis,D. Sabonis,,,,,Above the Break 3,24+ Center,25.06,Made,17.0,M. Monk,1628370.0,5.0,,,,,,,,,,,,,,
394,PT07M53.00S,2024-12-06T02:36:11.1Z,3,REGULAR,foul,personal,[],1628368,,,1610612763,69,74,2024-12-06T02:36:17Z,3850000,False,,,0,,D. Fox personal FOUL (1 PF),"[1628368, 1628991]",1610612758.0,SAC,,,,Fox,D. Fox,,,,,In The Paint (Non-RA),8-16 Center,,,,,,,,,,,1628951.0,1.0,0.0,Jackson Jr.,1628991.0,,,,,
396,PT07M53.00S,2024-12-06T02:36:22.3Z,3,REGULAR,substitution,out,[],1642377,,,1610612763,69,74,2024-12-06T02:36:30Z,3870000,False,,,0,,SUB out: J. Wells,[1642377],1610612763.0,MEM,,,,Wells,J. Wells,,,,,,,,,,,,,,,,,,,,,,,,,,
397,PT07M53.00S,2024-12-06T02:36:22.3Z,3,REGULAR,substitution,out,[],1628991,,,1610612763,69,74,2024-12-06T02:36:30Z,3880000,False,,,0,,SUB out: J. Jackson Jr.,[1628991],1610612763.0,MEM,,,,Jackson Jr.,J. Jackson Jr.,,,,,,,,,,,,,,,,,,,,,,,,,,
398,PT07M53.00S,2024-12-06T02:36:22.3Z,3,REGULAR,substitution,out,[],1629634,,,1610612763,69,74,2024-12-06T02:36:30Z,3890000,False,,,0,,SUB out: B. Clarke,[1629634],1610612763.0,MEM,,,,Clarke,B. Clarke,,,,,,,,,,,,,,,,,,,,,,,,,,
399,PT07M53.00S,2024-12-06T02:36:22.3Z,3,REGULAR,substitution,in,[],1630583,,,1610612763,69,74,2024-12-06T02:36:30Z,3900000,False,,,0,,SUB in: S. Aldama,[1630583],1610612763.0,MEM,,,,Aldama,S. Aldama,,,,,,,,,,,,,,,,,,,,,,,,,,
400,PT07M53.00S,2024-12-06T02:36:22.3Z,3,REGULAR,substitution,in,[],1630643,,,1610612763,69,74,2024-12-06T02:36:30Z,3910000,False,,,0,,SUB in: J. Huff,[1630643],1610612763.0,MEM,,,,Huff,J. Huff,,,,,,,,,,,,,,,,,,,,,,,,,,
401,PT07M53.00S,2024-12-06T02:36:22.3Z,3,REGULAR,substitution,in,[],203935,,,1610612763,69,74,2024-12-06T02:36:30Z,3920000,False,,,0,,SUB in: M. Smart,[203935],1610612763.0,MEM,,,,Smart,M. Smart,,,,,,,,,,,,,,,,,,,,,,,,,,
402,PT07M43.00S,2024-12-06T02:36:46.8Z,3,REGULAR,turnover,lost ball,[],1630643,,,1610612763,69,74,2024-12-06T02:36:50Z,3930000,False,,,0,,J. Huff lost ball TURNOVER (1 TO),"[1630643, 1628368]",1610612763.0,MEM,,,,Huff,J. Huff,,,,,In The Paint (Non-RA),8-16 Left,,,,,,,,,,,,,,,,1.0,Fox,1628368.0,,
403,PT07M43.00S,2024-12-06T02:36:46.8Z,3,REGULAR,steal,,[],1628368,,,1610612758,69,74,2024-12-06T02:36:48Z,3940000,False,,,0,,D. Fox STEAL (1 STL),[1628368],1610612758.0,SAC,,,,Fox,D. Fox,,,,,In The Paint (Non-RA),8-16 Left,,,,,,,,,,,,,,,,,,,,
404,PT07M31.00S,2024-12-06T02:36:58.6Z,3,REGULAR,2pt,Jump Shot,"['pointsinthepaint', 'fromturnover']",1628368,19.267411300919843,59.068627450980394,1610612758,69,74,2024-12-06T02:37:02Z,3950000,False,-45.0,129.0,1,left,MISS D. Fox 13' pullup Shot,[1628368],1610612758.0,SAC,pullup,,,Fox,D. Fox,,,,,In The Paint (Non-RA),8-16 Center,13.63,Missed,,,,,,,,,,,,,,,,,,
405,PT07M28.00S,2024-12-06T02:37:01.6Z,3,REGULAR,rebound,offensive,[],1627734,,,1610612758,69,74,2024-12-06T02:37:02Z,3960000,False,,,0,,D. Sabonis REBOUND (Off:4 Def:6),[1627734],1610612758.0,SAC,,,,Sabonis,D. Sabonis,,,,,In The Paint (Non-RA),8-16 Center,,,,,,,404.0,10.0,6.0,4.0,,,,,,,,,,
406,PT07M20.00S,2024-12-06T02:37:10.3Z,3,REGULAR,3pt,Jump Shot,"['fromturnover', '2ndchance']",1631099,7.046649145860711,4.901960784313726,1610612758,69,74,2024-12-06T02:37:15Z,3970000,False,225.0,14.0,1,left,MISS K. Murray 3PT,[1631099],1610612758.0,SAC,,,,Murray,K. Murray,,,,,Right Corner 3,24+ Right,22.59,Missed,,,,,,,,,,,,,,,,,,
407,PT07M18.00S,2024-12-06T02:37:12.3Z,3,REGULAR,rebound,defensive,[],1630583,,,1610612763,69,74,2024-12-06T02:37:15Z,3980000,False,,,0,,S. Aldama REBOUND (Off:1 Def:3),[1630583],1610612763.0,MEM,,,,Aldama,S. Aldama,,,,,Right Corner 3,24+ Right,,,,,,,406.0,4.0,3.0,1.0,,,,,,,,,,
408,PT07M06.00S,2024-12-06T02:37:23.9Z,3,REGULAR,turnover,lost ball,[],203935,,,1610612763,69,74,2024-12-06T02:37:27Z,3990000,False,,,0,,M. Smart lost ball TURNOVER (3 TO),"[203935, 1628368]",1610612763.0,MEM,,,,Smart,M. Smart,,,,,In The Paint (Non-RA),0-8 Center,,,,,,,,,,,,,,,,3.0,Fox,1628368.0,,
409,PT07M06.00S,2024-12-06T02:37:23.9Z,3,REGULAR,steal,,[],1628368,,,1610612758,69,74,2024-12-06T02:37:25Z,4000000,False,,,0,,D. Fox STEAL (2 STL),[1628368],1610612758.0,SAC,,,,Fox,D. Fox,,,,,In The Paint (Non-RA),0-8 Center,,,,,,,,,,,,,,,,,,,,
410,PT07M03.00S,2024-12-06T02:37:30.7Z,3,REGULAR,turnover,out-of-bounds,[],1628368,,,1610612758,69,74,2024-12-06T02:37:35Z,4010000,False,,,0,,D. Fox bad pass out-of-bounds TURNOVER (2 TO),[1628368],1610612758.0,SAC,bad pass,,,Fox,D. Fox,,,,,Above the Break 3,24+ Center,,,,,,,,,,,1628951.0,,,,,2.0,,,,
411,PT06M59.00S,2024-12-06T02:37:43.9Z,3,REGULAR,foul,personal,"['inpenalty', '2freethrow']",1631099,,,1610612763,69,74,2024-12-06T02:38:09Z,4020000,False,,,0,,K. Murray shooting personal FOUL (1 PF) (Morant 2 FT),"[1631099, 1629630]",1610612758.0,SAC,shooting,,,Murray,K. Murray,,,,,Mid-Range,8-16 Left,,,,,,,,,,,1204.0,1.0,0.0,Morant,1629630.0,,,,,
413,PT06M59.00S,2024-12-06T02:38:10.9Z,3,REGULAR,freethrow,1 of 2,['fromturnover'],1629630,,,1610612763,70,74,2024-12-06T02:38:10Z,4040000,False,,,0,,J. Morant Free Throw 1 of 2 (5 PTS),[1629630],1610612763.0,MEM,,,,Morant,J. Morant,,,,,,,,Made,5.0,,,,,,,,,,,,,,,,,
414,PT06M59.00S,2024-12-06T02:38:11.4Z,3,REGULAR,substitution,out,[],1631099,,,1610612763,70,74,2024-12-06T02:38:20Z,4050000,False,,,0,,SUB out: K. Murray,[1631099],1610612758.0,SAC,,,,Murray,K. Murray,,,,,,,,,,,,,,,,,,,,,,,,,,
415,PT06M59.00S,2024-12-06T02:38:11.4Z,3,REGULAR,substitution,in,[],1631165,,,1610612763,70,74,2024-12-06T02:38:20Z,4060000,False,,,0,,SUB in: K. Ellis,[1631165],1610612758.0,SAC,,,,Ellis,K. Ellis,,,,,,,,,,,,,,,,,,,,,,,,,,
416,PT06M59.00S,2024-12-06T02:38:24.7Z,3,REGULAR,freethrow,2 of 2,['fromturnover'],1629630,,,1610612763,71,74,2024-12-06T02:38:24Z,4070000,False,,,0,,J. Morant Free Throw 2 of 2 (6 PTS),[1629630],1610612763.0,MEM,,,,Morant,J. Morant,,,,,,,,Made,6.0,,,,,,,,,,,,,,,,,
417,PT06M44.00S,2024-12-06T02:38:45.2Z,3,REGULAR,3pt,Jump Shot,[],1627734,31.225361366622867,28.921568627450984,1610612758,71,74,2024-12-06T02:38:49Z,4080000,False,105.0,241.0,1,left,MISS D. Sabonis 26' 3PT,[1627734],1610612758.0,SAC,,,,Sabonis,D. Sabonis,,,,,Above the Break 3,24+ Right Center,26.3,Missed,,,,,,,,,,,,,,,,,,
418,PT06M40.00S,2024-12-06T02:38:49.2Z,3,REGULAR,rebound,defensive,[],203935,,,1610612763,71,74,2024-12-06T02:38:49Z,4090000,False,,,0,,M. Smart REBOUND (Off:0 Def:3),[203935],1610612763.0,MEM,,,,Smart,M. Smart,,,,,Above the Break 3,24+ Right Center,,,,,,,417.0,3.0,3.0,0.0,,,,,,,,,,
419,PT06M33.00S,2024-12-06T02:38:58.4Z,3,REGULAR,turnover,traveling,[],1630217,,,1610612763,71,74,2024-12-06T02:39:02Z,4100000,False,,,0,,D. Bane traveling TURNOVER (3 TO),[1630217],1610612763.0,MEM,,,,Bane,D. Bane,,,,,In The Paint (Non-RA),0-8 Center,,,,,,,,,,,1628951.0,,,,,3.0,,,,
420,PT06M23.00S,2024-12-06T02:39:19.1Z,3,REGULAR,2pt,Jump Shot,"['pointsinthepaint', 'fromturnover']",1628368,15.193823915900131,46.32352941176471,1610612758,71,76,2024-12-06T02:39:24Z,4110000,False,18.0,90.0,1,left,D. Fox 9' fadeaway Jump Shot (8 PTS),[1628368],1610612758.0,SAC,fadeaway,,,Fox,D. Fox,,,,,In The Paint (Non-RA),8-16 Center,9.22,Made,8.0,,,,,,,,,,,,,,,,,
421,PT06M13.00S,2024-12-06T02:39:30.5Z,3,REGULAR,2pt,Layup,['pointsinthepaint'],1630583,88.51839684625493,57.107843137254896,1610612763,71,76,2024-12-06T02:39:34Z,4120000,False,36.0,55.0,1,right,MISS S. Aldama 6' driving Layup,[1630583],1610612763.0,MEM,driving,,,Aldama,S. Aldama,,,,,In The Paint (Non-RA),0-8 Center,6.58,Missed,,,,,,,,,,,,,,,,,,
422,PT06M11.00S,2024-12-06T02:39:32.5Z,3,REGULAR,rebound,defensive,[],1627734,,,1610612758,71,76,2024-12-06T02:39:34Z,4130000,False,,,0,,D. Sabonis REBOUND (Off:4 Def:7),[1627734],1610612758.0,SAC,,,,Sabonis,D. Sabonis,,,,,In The Paint (Non-RA),0-8 Center,,,,,,,421.0,11.0,7.0,4.0,,,,,,,,,,
424,PT06M08.00S,2024-12-06T02:39:39.1Z,3,REGULAR,substitution,out,[],1629630,,,1610612758,71,76,2024-12-06T02:39:41Z,4150000,False,,,0,,SUB out: J. Morant,[1629630],1610612763.0,MEM,,,,Morant,J. Morant,,,,,,,,,,,,,,,,,,,,,,,,,,
425,PT06M08.00S,2024-12-06T02:39:39.1Z,3,REGULAR,substitution,in,[],1630590,,,1610612758,71,76,2024-12-06T02:39:41Z,4160000,False,,,0,,SUB in: S. Pippen Jr.,[1630590],1610612763.0,MEM,,,,Pippen Jr.,S. Pippen Jr.,,,,,,,,,,,,,,,,,,,,,,,,,,
426,PT06M08.00S,2024-12-06T02:39:39.1Z,3,REGULAR,substitution,out,[],1628368,,,1610612758,71,76,2024-12-06T02:39:48Z,4170000,False,,,0,,SUB out: D. Fox,[1628368],1610612758.0,SAC,,,,Fox,D. Fox,,,,,,,,,,,,,,,,,,,,,,,,,,
427,PT06M08.00S,2024-12-06T02:39:39.1Z,3,REGULAR,substitution,in,[],1628989,,,1610612758,71,76,2024-12-06T02:39:48Z,4180000,False,,,0,,SUB in: K. Huerter,[1628989],1610612758.0,SAC,,,,Huerter,K. Huerter,,,,,,,,,,,,,,,,,,,,,,,,,,
428,PT06M00.00S,2024-12-06T02:40:13.9Z,3,REGULAR,foul,personal,['2freethrow'],1630643,,,1610612758,71,76,2024-12-06T02:40:22Z,4190000,False,,,0,,J. Huff shooting personal FOUL (2 PF) (DeRozan 2 FT),"[1630643, 201942]",1610612763.0,MEM,shooting,,,Huff,J. Huff,,,,,Restricted Area,0-8 Center,,,,,,,,,,,1628951.0,2.0,0.0,DeRozan,201942.0,,,,,
430,PT06M00.00S,2024-12-06T02:40:43.6Z,3,REGULAR,freethrow,1 of 2,[],201942,,,1610612758,71,77,2024-12-06T02:40:43Z,4210000,False,,,0,,D. DeRozan Free Throw 1 of 2 (18 PTS),[201942],1610612758.0,SAC,,,,DeRozan,D. DeRozan,,,,,,,,Made,18.0,,,,,,,,,,,,,,,,,
431,PT06M00.00S,2024-12-06T02:40:44.3Z,3,REGULAR,substitution,out,[],203935,,,1610612758,71,77,2024-12-06T02:40:49Z,4220000,False,,,0,,SUB out: M. Smart,[203935],1610612763.0,MEM,,,,Smart,M. Smart,,,,,,,,,,,,,,,,,,,,,,,,,,
432,PT06M00.00S,2024-12-06T02:40:44.3Z,3,REGULAR,substitution,out,[],1631165,,,1610612758,71,77,2024-12-06T02:40:49Z,4230000,False,,,0,,SUB out: K. Ellis,[1631165],1610612758.0,SAC,,,,Ellis,K. Ellis,,,,,,,,,,,,,,,,,,,,,,,,,,
433,PT06M00.00S,2024-12-06T02:40:44.3Z,3,REGULAR,substitution,in,[],1631222,,,1610612758,71,77,2024-12-06T02:40:49Z,4240000,False,,,0,,SUB in: J. LaRavia,[1631222],1610612763.0,MEM,,,,LaRavia,J. LaRavia,,,,,,,,,,,,,,,,,,,,,,,,,,
434,PT06M00.00S,2024-12-06T02:40:44.3Z,3,REGULAR,substitution,in,[],1642403,,,1610612758,71,77,2024-12-06T02:40:49Z,4250000,False,,,0,,SUB in: I. Jones,[1642403],1610612758.0,SAC,,,,Jones,I. Jones,,,,,,,,,,,,,,,,,,,,,,,,,,
435,PT06M00.00S,2024-12-06T02:41:05.7Z,3,REGULAR,freethrow,2 of 2,[],201942,,,1610612758,71,78,2024-12-06T02:41:05Z,4260000,False,,,0,,D. DeRozan Free Throw 2 of 2 (19 PTS),[201942],1610612758.0,SAC,,,,DeRozan,D. DeRozan,,,,,,,,Made,19.0,,,,,,,,,,,,,,,,,
436,PT05M49.00S,2024-12-06T02:41:19.6Z,3,REGULAR,2pt,Layup,['pointsinthepaint'],1631222,93.51182654402102,45.34313725490196,1610612763,73,78,2024-12-06T02:41:23Z,4270000,False,-23.0,8.0,1,right,J. LaRavia driving finger roll Layup (7 PTS) (S. Pippen Jr. 2 AST),"[1631222, 1630590]",1610612763.0,MEM,driving finger roll,,,LaRavia,J. LaRavia,,,,,Restricted Area,0-8 Center,2.48,Made,7.0,S. Pippen Jr.,1630590.0,2.0,,,,,,,,,,,,,,
438,PT05M35.00S,2024-12-06T02:41:33.0Z,3,REGULAR,turnover,lost ball,[],1642403,,,1610612758,73,78,2024-12-06T02:41:36Z,4290000,False,,,0,,I. Jones lost ball TURNOVER (1 TO),"[1642403, 1630583]",1610612758.0,SAC,,,,Jones,I. Jones,,,,,Mid-Range,8-16 Left,,,,,,,,,,,,,,,,1.0,Aldama,1630583.0,,
439,PT05M35.00S,2024-12-06T02:41:33.0Z,3,REGULAR,steal,,[],1630583,,,1610612763,73,78,2024-12-06T02:41:34Z,4300000,False,,,0,,S. Aldama STEAL (3 STL),[1630583],1610612763.0,MEM,,,,Aldama,S. Aldama,,,,,Mid-Range,8-16 Left,,,,,,,,,,,,,,,,,,,,
440,PT05M26.00S,2024-12-06T02:41:41.6Z,3,REGULAR,2pt,Jump Shot,['fromturnover'],1630583,93.9060446780552,72.79411764705883,1610612763,73,78,2024-12-06T02:41:45Z,4310000,False,114.0,5.0,1,right,MISS S. Aldama 11' fadeaway Shot,[1630583],1610612763.0,MEM,fadeaway,,,Aldama,S. Aldama,,,,,Mid-Range,8-16 Right,11.41,Missed,,,,,,,,,,,,,,,,,,
441,PT05M23.00S,2024-12-06T02:41:44.6Z,3,REGULAR,rebound,defensive,[],1627734,,,1610612758,73,78,2024-12-06T02:41:45Z,4320000,False,,,0,,D. Sabonis REBOUND (Off:4 Def:8),[1627734],1610612758.0,SAC,,,,Sabonis,D. Sabonis,,,,,Mid-Range,8-16 Right,,,,,,,440.0,12.0,8.0,4.0,,,,,,,,,,
442,PT05M14.00S,2024-12-06T02:41:54.1Z,3,REGULAR,3pt,Jump Shot,[],1628370,32.276609724047304,34.31372549019608,1610612758,73,78,2024-12-06T02:41:59Z,4330000,False,78.0,251.0,1,left,MISS M. Monk 26' pullup 3PT,[1628370],1610612758.0,SAC,pullup,,,Monk,M. Monk,,,,,Above the Break 3,24+ Center,26.29,Missed,,,,,,,,,,,,,,,,,,
443,PT05M10.00S,2024-12-06T02:41:58.1Z,3,REGULAR,rebound,defensive,[],1630217,,,1610612763,73,78,2024-12-06T02:41:59Z,4340000,False,,,0,,D. Bane REBOUND (Off:0 Def:3),[1630217],1610612763.0,MEM,,,,Bane,D. Bane,,,,,Above the Break 3,24+ Center,,,,,,,442.0,3.0,3.0,0.0,,,,,,,,,,
444,PT05M06.00S,2024-12-06T02:42:01.6Z,3,REGULAR,3pt,Jump Shot,['fastbreak'],1630217,67.23061760840999,21.07843137254902,1610612763,76,78,2024-12-06T02:42:06Z,4350000,False,-145.0,256.0,1,right,D. Bane 29' 3PT running pullup (12 PTS),[1630217],1610612763.0,MEM,running pullup,,,Bane,D. Bane,,,,,Above the Break 3,24+ Left Center,29.36,Made,12.0,,,,,,,,,,,,,,,,,
445,PT05M05.00S,2024-12-06T02:42:06.4Z,3,REGULAR,timeout,full,"['team', 'mandatory']",0,,,1610612758,76,78,2024-12-06T02:42:06Z,4360000,False,,,0,,SAC Timeout,[],1610612758.0,SAC,,,,,,,,,,,,,,,,,,,,,,,,,,,,,,,
446,PT04M47.00S,2024-12-06T02:45:13.6Z,3,REGULAR,3pt,Jump Shot,[],1628989,29.122864651773984,78.18627450980392,1610612758,76,78,2024-12-06T02:45:17Z,4370000,False,-141.0,221.0,1,left,MISS K. Huerter 26' 3PT,[1628989],1610612758.0,SAC,,,,Huerter,K. Huerter,,,,,Above the Break 3,24+ Left Center,26.23,Missed,,,,,,,,,,,,,,,,,,
447,PT04M43.00S,2024-12-06T02:45:17.6Z,3,REGULAR,rebound,defensive,[],1630643,,,1610612763,76,78,2024-12-06T02:45:17Z,4380000,False,,,0,,J. Huff REBOUND (Off:0 Def:3),[1630643],1610612763.0,MEM,,,,Huff,J. Huff,,,,,Above the Break 3,24+ Left Center,,,,,,,446.0,3.0,3.0,0.0,,,,,,,,,,
448,PT04M37.00S,2024-12-06T02:45:22.8Z,3,REGULAR,3pt,Jump Shot,[],1630643,73.53810775295663,16.176470588235293,1610612763,76,78,2024-12-06T02:45:27Z,4390000,False,-169.0,196.0,1,right,MISS J. Huff 25' 3PT,[1630643],1610612763.0,MEM,,,,Huff,J. Huff,,,,,Above the Break 3,24+ Left Center,25.9,Missed,,,,,,,,,,,,,,,,,,
449,PT04M35.00S,2024-12-06T02:45:26.3Z,3,REGULAR,rebound,offensive,[],1630217,,,1610612763,76,78,2024-12-06T02:45:26Z,4400000,False,,,0,,D. Bane REBOUND (Off:1 Def:3),[1630217],1610612763.0,MEM,,,,Bane,D. Bane,,,,,Above the Break 3,24+ Left Center,,,,,,,448.0,4.0,3.0,1.0,,,,,,,,,,
450,PT04M32.00S,2024-12-06T02:45:30.0Z,3,REGULAR,foul,personal,"['inpenalty', '2freethrow']",1628370,,,1610612763,76,78,2024-12-06T02:45:43Z,4410000,False,,,0,,M. Monk shooting personal FOUL (4 PF) (Huff 2 FT),"[1628370, 1630643]",1610612758.0,SAC,shooting,,,Monk,M. Monk,,,,,Restricted Area,0-8 Center,,,,,,,,,,,1204.0,4.0,0.0,Huff,1630643.0,,,,,
452,PT04M32.00S,2024-12-06T02:45:51.9Z,3,REGULAR,freethrow,1 of 2,['2ndchance'],1630643,,,1610612763,76,78,2024-12-06T02:45:51Z,4430000,False,,,0,,MISS J. Huff Free Throw 1 of 2,[1630643],1610612763.0,MEM,,,,Huff,J. Huff,,,,,,,,Missed,,,,,,,,,,,,,,,,,,
453,PT04M32.00S,2024-12-06T02:45:51.9Z,3,REGULAR,rebound,offensive,"['deadball', 'team']",0,,,1610612763,76,78,2024-12-06T02:45:51Z,4440000,False,,,0,,TEAM offensive REBOUND,[],1610612763.0,MEM,,,,,,,,,,,,,,,,,,452.0,,,,,,,,,,,,,
454,PT04M32.00S,2024-12-06T02:45:53.1Z,3,REGULAR,substitution,out,[],1628370,,,1610612763,76,78,2024-12-06T02:46:00Z,4450000,False,,,0,,SUB out: M. Monk,[1628370],1610612758.0,SAC,,,,Monk,M. Monk,,,,,,,,,,,,,,,,,,,,,,,,,,
455,PT04M32.00S,2024-12-06T02:45:53.1Z,3,REGULAR,substitution,out,[],1642403,,,1610612763,76,78,2024-12-06T02:46:00Z,4460000,False,,,0,,SUB out: I. Jones,[1642403],1610612758.0,SAC,,,,Jones,I. Jones,,,,,,,,,,,,,,,,,,,,,,,,,,
456,PT04M32.00S,2024-12-06T02:45:53.1Z,3,REGULAR,substitution,in,[],1628368,,,1610612763,76,78,2024-12-06T02:46:00Z,4470000,False,,,0,,SUB in: D. Fox,[1628368],1610612758.0,SAC,,,,Fox,D. Fox,,,,,,,,,,,,,,,,,,,,,,,,,,
457,PT04M32.00S,2024-12-06T02:45:53.1Z,3,REGULAR,substitution,in,[],1631099,,,1610612763,76,78,2024-12-06T02:46:00Z,4480000,False,,,0,,SUB in: K. Murray,[1631099],1610612758.0,SAC,,,,Murray,K. Murray,,,,,,,,,,,,,,,,,,,,,,,,,,
458,PT04M32.00S,2024-12-06T02:46:11.2Z,3,REGULAR,freethrow,2 of 2,['2ndchance'],1630643,,,1610612763,77,78,2024-12-06T02:46:11Z,4490000,False,,,0,,J. Huff Free Throw 2 of 2 (9 PTS),[1630643],1610612763.0,MEM,,,,Huff,J. Huff,,,,,,,,Made,9.0,,,,,,,,,,,,,,,,,
459,PT04M12.00S,2024-12-06T02:46:33.7Z,3,REGULAR,3pt,Jump Shot,[],1628368,22.158344283837057,11.519607843137255,1610612758,77,78,2024-12-06T02:46:37Z,4500000,False,192.0,156.0,1,left,MISS D. Fox 24' 3PT,[1628368],1610612758.0,SAC,,,,Fox,D. Fox,,,,,Above the Break 3,24+ Right Center,24.76,Missed,,,,,,,,,,,,,,,,,,
460,PT04M09.00S,2024-12-06T02:46:36.7Z,3,REGULAR,rebound,defensive,[],1631222,,,1610612763,77,78,2024-12-06T02:46:37Z,4510000,False,,,0,,J. LaRavia REBOUND (Off:0 Def:4),[1631222],1610612763.0,MEM,,,,LaRavia,J. LaRavia,,,,,Above the Break 3,24+ Right Center,,,,,,,459.0,4.0,4.0,0.0,,,,,,,,,,
461,PT04M02.00S,2024-12-06T02:46:44.3Z,3,REGULAR,3pt,Jump Shot,[],1630583,73.14388961892247,16.42156862745098,1610612763,80,78,2024-12-06T02:46:48Z,4520000,False,-168.0,200.0,1,right,S. Aldama 26' 3PT  (11 PTS) (D. Bane 4 AST),"[1630583, 1630217]",1610612763.0,MEM,,,,Aldama,S. Aldama,,,,,Above the Break 3,24+ Left Center,26.11,Made,11.0,D. Bane,1630217.0,4.0,,,,,,,,,,,,,,
463,PT03M47.00S,2024-12-06T02:46:58.1Z,3,REGULAR,2pt,Jump Shot,['pointsinthepaint'],201942,18.2161629434954,48.529411764705884,1610612758,80,78,2024-12-06T02:47:06Z,4540000,False,7.0,119.0,1,left,MISS D. DeRozan 11' pullup Shot,[201942],1610612758.0,SAC,pullup,,,DeRozan,D. DeRozan,,,,,In The Paint (Non-RA),8-16 Center,11.89,Missed,,,,,,,,,,,,,,,,,,
464,PT03M45.00S,2024-12-06T02:47:00.1Z,3,REGULAR,rebound,defensive,[],1630583,,,1610612763,80,78,2024-12-06T02:47:06Z,4550000,False,,,0,,S. Aldama REBOUND (Off:1 Def:4),[1630583],1610612763.0,MEM,,,,Aldama,S. Aldama,,,,,In The Paint (Non-RA),8-16 Center,,,,,,,463.0,5.0,4.0,1.0,,,,,,,,,,
465,PT03M37.00S,2024-12-06T02:47:09.2Z,3,REGULAR,3pt,Jump Shot,[],1630590,78.40013140604468,92.8921568627451,1610612763,80,78,2024-12-06T02:47:13Z,4560000,False,214.0,151.0,1,right,MISS S. Pippen Jr. 26' 3PT,[1630590],1610612763.0,MEM,,,,Pippen Jr.,S. Pippen Jr.,,,,,Above the Break 3,24+ Right Center,26.2,Missed,,,,,,,,,,,,,,,,,,
466,PT03M33.00S,2024-12-06T02:47:13.2Z,3,REGULAR,rebound,defensive,[],1628989,,,1610612758,80,78,2024-12-06T02:47:13Z,4570000,False,,,0,,K. Huerter REBOUND (Off:0 Def:2),[1628989],1610612758.0,SAC,,,,Huerter,K. Huerter,,,,,Above the Break 3,24+ Right Center,,,,,,,465.0,2.0,2.0,0.0,,,,,,,,,,
467,PT03M22.00S,2024-12-06T02:47:24.3Z,3,REGULAR,2pt,Jump Shot,['pointsinthepaint'],201942,11.514454664914586,38.48039215686275,1610612758,80,78,2024-12-06T02:47:29Z,4580000,False,58.0,56.0,1,left,MISS D. DeRozan 8' driving floating bank Shot,[201942],1610612758.0,SAC,driving floating bank,,,DeRozan,D. DeRozan,,,,,In The Paint (Non-RA),0-8 Center,8.01,Missed,,,,,,,,,,,,,,,,,,
468,PT03M17.00S,2024-12-06T02:47:29.3Z,3,REGULAR,rebound,defensive,[],1630583,,,1610612763,80,78,2024-12-06T02:47:29Z,4590000,False,,,0,,S. Aldama REBOUND (Off:1 Def:5),[1630583],1610612763.0,MEM,,,,Aldama,S. Aldama,,,,,In The Paint (Non-RA),0-8 Center,,,,,,,467.0,6.0,5.0,1.0,,,,,,,,,,
469,PT03M16.00S,2024-12-06T02:47:32.5Z,3,REGULAR,2pt,Layup,"['pointsinthepaint', 'fastbreak']",1630583,92.32917214191852,47.794117647058826,1610612763,82,78,2024-12-06T02:47:37Z,4600000,False,-11.0,20.0,1,right,S. Aldama running Layup (13 PTS) (S. Pippen Jr. 3 AST),"[1630583, 1630590]",1610612763.0,MEM,running,,,Aldama,S. Aldama,,,,,Restricted Area,0-8 Center,2.25,Made,13.0,S. Pippen Jr.,1630590.0,3.0,,,,,,,,,,,,,,
471,PT03M16.00S,2024-12-06T02:47:36.9Z,3,REGULAR,foul,personal,"['inpenalty', '1freethrow']",1628989,,,1610612763,82,78,2024-12-06T02:47:56Z,4620000,False,,,0,,K. Huerter shooting personal FOUL (2 PF) (Aldama 1 FT),"[1628989, 1630583]",1610612758.0,SAC,shooting,,,Huerter,K. Huerter,,,,,Restricted Area,0-8 Center,,,,,,,,,,,2003.0,2.0,0.0,Aldama,1630583.0,,,,,
473,PT03M16.00S,2024-12-06T02:47:49.1Z,3,REGULAR,substitution,out,[],1627734,,,1610612763,82,78,2024-12-06T02:47:54Z,4640000,False,,,0,,SUB out: D. Sabonis,[1627734],1610612758.0,SAC,,,,Sabonis,D. Sabonis,,,,,,,,,,,,,,,,,,,,,,,,,,
474,PT03M16.00S,2024-12-06T02:47:49.1Z,3,REGULAR,substitution,in,[],203109,,,1610612763,82,78,2024-12-06T02:47:54Z,4650000,False,,,0,,SUB in: J. Crowder,[203109],1610612758.0,SAC,,,,Crowder,J. Crowder,,,,,,,,,,,,,,,,,,,,,,,,,,
475,PT03M16.00S,2024-12-06T02:48:11.4Z,3,REGULAR,freethrow,1 of 1,['fastbreak'],1630583,,,1610612763,82,78,2024-12-06T02:48:13Z,4660000,False,,,0,,MISS S. Aldama Free Throw 1 of 1,[1630583],1610612763.0,MEM,,,,Aldama,S. Aldama,,,,,,,,Missed,,,,,,,,,,,,,,,,,,
476,PT03M14.00S,2024-12-06T02:48:13.4Z,3,REGULAR,rebound,defensive,[],1631099,,,1610612758,82,78,2024-12-06T02:48:13Z,4670000,False,,,0,,K. Murray REBOUND (Off:2 Def:6),[1631099],1610612758.0,SAC,,,,Murray,K. Murray,,,,,,,,,,,,,475.0,8.0,6.0,2.0,,,,,,,,,,
477,PT02M56.00S,2024-12-06T02:48:30.5Z,3,REGULAR,3pt,Jump Shot,[],1628989,32.670827858081466,44.11764705882353,1610612758,82,78,2024-12-06T02:48:34Z,4680000,False,29.0,255.0,1,left,MISS K. Huerter 25' 3PT,[1628989],1610612758.0,SAC,,,,Huerter,K. Huerter,,,,,Above the Break 3,24+ Center,25.63,Missed,,,,,,,,,,,,,,,,,,
478,PT02M52.00S,2024-12-06T02:48:34.5Z,3,REGULAR,rebound,defensive,[],1630643,,,1610612763,82,78,2024-12-06T02:48:34Z,4690000,False,,,0,,J. Huff REBOUND (Off:0 Def:4),[1630643],1610612763.0,MEM,,,,Huff,J. Huff,,,,,Above the Break 3,24+ Center,,,,,,,477.0,4.0,4.0,0.0,,,,,,,,,,
479,PT02M49.00S,2024-12-06T02:48:40.5Z,3,REGULAR,foul,personal,"['inpenalty', '2freethrow']",1628989,,,1610612763,82,78,2024-12-06T02:48:48Z,4700000,False,,,0,,K. Huerter shooting personal FOUL (3 PF) (Bane 2 FT),"[1628989, 1630217]",1610612758.0,SAC,shooting,,,Huerter,K. Huerter,,,,,In The Paint (Non-RA),8-16 Right,,,,,,,,,,,1628951.0,3.0,0.0,Bane,1630217.0,,,,,
481,PT02M49.00S,2024-12-06T02:49:05.1Z,3,REGULAR,freethrow,1 of 2,['fastbreak'],1630217,,,1610612763,83,78,2024-12-06T02:49:05Z,4720000,False,,,0,,D. Bane Free Throw 1 of 2 (13 PTS),[1630217],1610612763.0,MEM,,,,Bane,D. Bane,,,,,,,,Made,13.0,,,,,,,,,,,,,,,,,
482,PT02M49.00S,2024-12-06T02:49:05.6Z,3,REGULAR,substitution,out,[],201942,,,1610612763,83,78,2024-12-06T02:49:11Z,4730000,False,,,0,,SUB out: D. DeRozan,[201942],1610612758.0,SAC,,,,DeRozan,D. DeRozan,,,,,,,,,,,,,,,,,,,,,,,,,,
483,PT02M49.00S,2024-12-06T02:49:05.6Z,3,REGULAR,substitution,in,[],1642403,,,1610612763,83,78,2024-12-06T02:49:11Z,4740000,False,,,0,,SUB in: I. Jones,[1642403],1610612758.0,SAC,,,,Jones,I. Jones,,,,,,,,,,,,,,,,,,,,,,,,,,
484,PT02M49.00S,2024-12-06T02:49:27.1Z,3,REGULAR,freethrow,2 of 2,['fastbreak'],1630217,,,1610612763,84,78,2024-12-06T02:49:27Z,4750000,False,,,0,,D. Bane Free Throw 2 of 2 (14 PTS),[1630217],1610612763.0,MEM,,,,Bane,D. Bane,,,,,,,,Made,14.0,,,,,,,,,,,,,,,,,
485,PT02M37.00S,2024-12-06T02:49:40.3Z,3,REGULAR,turnover,bad pass,[],1628368,,,1610612758,84,78,2024-12-06T02:49:43Z,4760000,False,,,0,,D. Fox bad pass TURNOVER (3 TO),"[1628368, 1630217]",1610612758.0,SAC,,,,Fox,D. Fox,,,,,In The Paint (Non-RA),8-16 Left,,,,,,,,,,,,,,,,3.0,Bane,1630217.0,,
486,PT02M37.00S,2024-12-06T02:49:40.3Z,3,REGULAR,steal,,[],1630217,,,1610612763,84,78,2024-12-06T02:49:42Z,4770000,False,,,0,,D. Bane STEAL (1 STL),[1630217],1610612763.0,MEM,,,,Bane,D. Bane,,,,,In The Paint (Non-RA),8-16 Left,,,,,,,,,,,,,,,,,,,,
487,PT02M32.00S,2024-12-06T02:49:44.6Z,3,REGULAR,2pt,Layup,"['pointsinthepaint', 'fromturnover', 'fastbreak']",1630590,92.19776609724047,46.32352941176471,1610612763,86,78,2024-12-06T02:49:48Z,4780000,False,-18.0,21.0,1,right,S. Pippen Jr. running finger roll Layup (4 PTS) (D. Bane 5 AST),"[1630590, 1630217]",1610612763.0,MEM,running finger roll,,,Pippen Jr.,S. Pippen Jr.,,,,,Restricted Area,0-8 Center,2.78,Made,4.0,D. Bane,1630217.0,5.0,,,,,,,,,,,,,,
489,PT02M15.00S,2024-12-06T02:50:01.9Z,3,REGULAR,2pt,Hook,['pointsinthepaint'],1642403,9.674770039421814,46.81372549019608,1610612758,86,78,2024-12-06T02:50:06Z,4800000,False,16.0,38.0,1,left,MISS I. Jones turnaround Hook,[1642403],1610612758.0,SAC,turnaround,,,Jones,I. Jones,,,,,Restricted Area,0-8 Center,4.16,Missed,,,,,,,,,,,,,,,,,,
490,PT02M12.00S,2024-12-06T02:50:05.1Z,3,REGULAR,rebound,offensive,[],1642403,,,1610612758,86,78,2024-12-06T02:50:05Z,4810000,False,,,0,,I. Jones REBOUND (Off:1 Def:0),[1642403],1610612758.0,SAC,,,,Jones,I. Jones,,,,,Restricted Area,0-8 Center,,,,,,,489.0,1.0,0.0,1.0,,,,,,,,,,
491,PT02M10.00S,2024-12-06T02:50:06.6Z,3,REGULAR,3pt,Jump Shot,['2ndchance'],1628989,12.302890932982917,4.166666666666666,1610612758,86,78,2024-12-06T02:50:16Z,4820000,False,229.0,63.0,1,left,MISS K. Huerter 3PT,[1628989],1610612758.0,SAC,,,,Huerter,K. Huerter,,,,,Right Corner 3,24+ Right,23.77,Missed,,,,,,,,,,,,,,,,,,
492,PT02M06.00S,2024-12-06T02:50:10.6Z,3,REGULAR,rebound,offensive,['team'],0,,,1610612758,86,78,2024-12-06T02:50:16Z,4830000,False,,,0,,TEAM offensive REBOUND,[],1610612758.0,SAC,,,,,,,,,,Right Corner 3,24+ Right,,,,,,,491.0,,,,,,,,,,,,,
493,PT02M06.00S,2024-12-06T02:50:12.5Z,3,REGULAR,foul,personal,"['inpenalty', '2freethrow']",1630643,,,1610612758,86,78,2024-12-06T02:50:25Z,4840000,False,,,0,,J. Huff loose ball personal FOUL (3 PF) (Jones 2 FT),"[1630643, 1642403]",1610612763.0,MEM,loose ball,,,Huff,J. Huff,,,,,In The Paint (Non-RA),8-16 Right,,,,,,,,,,,1628951.0,3.0,0.0,Jones,1642403.0,,,,,
495,PT02M06.00S,2024-12-06T02:50:40.6Z,3,REGULAR,freethrow,1 of 2,['2ndchance'],1642403,,,1610612758,86,78,2024-12-06T02:51:12Z,4860000,False,,,0,,MISS I. Jones Free Throw 1 of 2,[1642403],1610612758.0,SAC,,,,Jones,I. Jones,,,,,,,,Missed,,,,,,,,,,,,,,,,,,
496,PT02M06.00S,2024-12-06T02:50:40.6Z,3,REGULAR,rebound,offensive,"['team', 'deadball']",0,,,1610612758,86,78,2024-12-06T02:51:12Z,4870000,False,,,0,,TEAM offensive REBOUND,[],1610612758.0,SAC,,,,,,,,,,,,,,,,,,495.0,,,,,,,,,,,,,
497,PT02M06.00S,2024-12-06T02:50:41.3Z,3,REGULAR,substitution,out,[],1630217,,,1610612758,86,78,2024-12-06T02:50:47Z,4880000,False,,,0,,SUB out: D. Bane,[1630217],1610612763.0,MEM,,,,Bane,D. Bane,,,,,,,,,,,,,,,,,,,,,,,,,,
498,PT02M06.00S,2024-12-06T02:50:41.3Z,3,REGULAR,substitution,in,[],1629630,,,1610612758,86,78,2024-12-06T02:50:47Z,4890000,False,,,0,,SUB in: J. Morant,[1629630],1610612763.0,MEM,,,,Morant,J. Morant,,,,,,,,,,,,,,,,,,,,,,,,,,
499,PT02M06.00S,2024-12-06T02:50:41.3Z,3,REGULAR,substitution,out,[],1630643,,,1610612758,86,78,2024-12-06T02:50:53Z,4900000,False,,,0,,SUB out: J. Huff,[1630643],1610612763.0,MEM,,,,Huff,J. Huff,,,,,,,,,,,,,,,,,,,,,,,,,,
500,PT02M06.00S,2024-12-06T02:50:41.3Z,3,REGULAR,substitution,in,[],203935,,,1610612758,86,78,2024-12-06T02:50:53Z,4910000,False,,,0,,SUB in: M. Smart,[203935],1610612763.0,MEM,,,,Smart,M. Smart,,,,,,,,,,,,,,,,,,,,,,,,,,
501,PT02M06.00S,2024-12-06T02:50:40.6Z,3,REGULAR,freethrow,2 of 2,['2ndchance'],1642403,,,1610612758,86,78,2024-12-06T02:51:12Z,4920000,False,,,0,,MISS I. Jones Free Throw 2 of 2,[1642403],1610612758.0,SAC,,,,Jones,I. Jones,,,,,,,,Missed,,,,,,,,,,,,,,,,,,
502,PT02M04.00S,2024-12-06T02:50:42.6Z,3,REGULAR,rebound,defensive,[],1630583,,,1610612763,86,78,2024-12-06T02:51:12Z,4930000,False,,,0,,S. Aldama REBOUND (Off:1 Def:6),[1630583],1610612763.0,MEM,,,,Aldama,S. Aldama,,,,,,,,,,,,,501.0,7.0,6.0,1.0,,,,,,,,,,
503,PT01M58.00S,2024-12-06T02:51:16.9Z,3,REGULAR,3pt,Jump Shot,[],1630590,90.62089356110381,97.30392156862744,1610612763,86,78,2024-12-06T02:57:24Z,4940000,False,237.0,36.0,1,right,MISS S. Pippen Jr. 3PT,[1630590],1610612763.0,MEM,,,,Pippen Jr.,S. Pippen Jr.,,,,,Right Corner 3,24+ Right,23.92,Missed,,,,,,,,,,,,,,,,,,
504,PT01M54.00S,2024-12-06T02:51:20.9Z,3,REGULAR,rebound,defensive,[],1628989,,,1610612758,86,78,2024-12-06T02:51:22Z,4950000,False,,,0,,K. Huerter REBOUND (Off:0 Def:3),[1628989],1610612758.0,SAC,,,,Huerter,K. Huerter,,,,,Right Corner 3,24+ Right,,,,,,,503.0,3.0,3.0,0.0,,,,,,,,,,
505,PT01M49.00S,2024-12-06T02:51:26.1Z,3,REGULAR,3pt,Jump Shot,[],203109,10.85742444152431,3.9215686274509802,1610612758,86,78,2024-12-06T02:51:41Z,4960000,False,230.0,50.0,1,left,MISS J. Crowder 3PT,[203109],1610612758.0,SAC,,,,Crowder,J. Crowder,,,,,Right Corner 3,24+ Right,23.57,Missed,,,,,,,,,,,,,,,,,,
506,PT01M45.00S,2024-12-06T02:51:29.8Z,3,REGULAR,rebound,offensive,[],1628989,,,1610612758,86,78,2024-12-06T02:51:29Z,4970000,False,,,0,,K. Huerter REBOUND (Off:1 Def:3),[1628989],1610612758.0,SAC,,,,Huerter,K. Huerter,,,,,Right Corner 3,24+ Right,,,,,,,505.0,4.0,3.0,1.0,,,,,,,,,,
507,PT01M43.00S,2024-12-06T02:51:31.7Z,3,REGULAR,2pt,Jump Shot,"['pointsinthepaint', '2ndchance']",203109,12.959921156373195,48.28431372549019,1610612758,86,78,2024-12-06T02:51:44Z,4980000,False,9.0,69.0,1,left,MISS J. Crowder 6' floating Shot,[203109],1610612758.0,SAC,floating,,,Crowder,J. Crowder,,,,,In The Paint (Non-RA),0-8 Center,6.98,Missed,,,,,,,,,,,,,,,,,,
508,PT01M41.00S,2024-12-06T02:51:33.7Z,3,REGULAR,rebound,offensive,[],1628989,,,1610612758,86,78,2024-12-06T02:51:44Z,4990000,False,,,0,,K. Huerter REBOUND (Off:2 Def:3),[1628989],1610612758.0,SAC,,,,Huerter,K. Huerter,,,,,In The Paint (Non-RA),0-8 Center,,,,,,,507.0,5.0,3.0,2.0,,,,,,,,,,
509,PT01M40.00S,2024-12-06T02:51:36.0Z,3,REGULAR,2pt,Layup,"['pointsinthepaint', '2ndchance']",1628989,7.703679369250986,55.63725490196079,1610612758,86,80,2024-12-06T02:51:47Z,5000000,False,-28.0,20.0,1,left,K. Huerter putback Layup (6 PTS),[1628989],1610612758.0,SAC,putback,,,Huerter,K. Huerter,,,,,Restricted Area,0-8 Center,3.45,Made,6.0,,,,,,,,,,,,,,,,,
510,PT01M25.00S,2024-12-06T02:51:49.9Z,3,REGULAR,turnover,lost ball,[],1631222,,,1610612763,86,80,2024-12-06T02:51:53Z,5010000,False,,,0,,J. LaRavia lost ball TURNOVER (1 TO),"[1631222, 1628368]",1610612763.0,MEM,,,,LaRavia,J. LaRavia,,,,,In The Paint (Non-RA),0-8 Center,,,,,,,,,,,,,,,,1.0,Fox,1628368.0,,
511,PT01M25.00S,2024-12-06T02:51:49.9Z,3,REGULAR,steal,,[],1628368,,,1610612758,86,80,2024-12-06T02:51:51Z,5020000,False,,,0,,D. Fox STEAL (3 STL),[1628368],1610612758.0,SAC,,,,Fox,D. Fox,,,,,In The Paint (Non-RA),0-8 Center,,,,,,,,,,,,,,,,,,,,
512,PT01M20.00S,2024-12-06T02:51:55.0Z,3,REGULAR,3pt,Jump Shot,"['fromturnover', 'fastbreak']",1628989,25.706307490144546,12.745098039215685,1610612758,86,80,2024-12-06T02:51:59Z,5030000,False,186.0,189.0,1,left,MISS K. Huerter 26' running 3PT,[1628989],1610612758.0,SAC,running,,,Huerter,K. Huerter,,,,,Above the Break 3,24+ Right Center,26.55,Missed,,,,,,,,,,,,,,,,,,
513,PT01M16.00S,2024-12-06T02:51:59.0Z,3,REGULAR,rebound,defensive,[],1630583,,,1610612763,86,80,2024-12-06T02:51:59Z,5040000,False,,,0,,S. Aldama REBOUND (Off:1 Def:7),[1630583],1610612763.0,MEM,,,,Aldama,S. Aldama,,,,,Above the Break 3,24+ Right Center,,,,,,,512.0,8.0,7.0,1.0,,,,,,,,,,
514,PT01M10.00S,2024-12-06T02:52:05.0Z,3,REGULAR,3pt,Jump Shot,[],1631222,90.75229960578186,4.6568627450980395,1610612763,86,80,2024-12-06T02:52:10Z,5050000,False,-227.0,34.0,1,right,MISS J. LaRavia 3PT,[1631222],1610612763.0,MEM,,,,LaRavia,J. LaRavia,,,,,Left Corner 3,24+ Left,22.93,Missed,,,,,,,,,,,,,,,,,,
515,PT01M05.00S,2024-12-06T02:52:10.0Z,3,REGULAR,rebound,defensive,[],1628368,,,1610612758,86,80,2024-12-06T02:52:10Z,5060000,False,,,0,,D. Fox REBOUND (Off:1 Def:4),[1628368],1610612758.0,SAC,,,,Fox,D. Fox,,,,,Left Corner 3,24+ Left,,,,,,,514.0,5.0,4.0,1.0,,,,,,,,,,
516,PT00M59.20S,2024-12-06T02:52:15.9Z,3,REGULAR,2pt,Jump Shot,['pointsinthepaint'],1628368,16.376478318002626,44.85294117647059,1610612758,86,82,2024-12-06T02:52:19Z,5070000,False,26.0,101.0,1,left,D. Fox 10' driving floating Jump Shot (10 PTS),[1628368],1610612758.0,SAC,driving floating,,,Fox,D. Fox,,,,,In The Paint (Non-RA),8-16 Center,10.46,Made,10.0,,,,,,,,,,,,,,,,,
517,PT00M53.70S,2024-12-06T02:52:24.4Z,3,REGULAR,2pt,Layup,['pointsinthepaint'],1630590,92.19776609724047,56.372549019607845,1610612763,86,82,2024-12-06T02:52:33Z,5080000,False,32.0,21.0,1,right,MISS S. Pippen Jr. driving Layup,[1630590],1610612763.0,MEM,driving,,,Pippen Jr.,S. Pippen Jr.,,,,,Restricted Area,0-8 Center,3.81,Missed,,,,,,,,,,,,,,,,,,
518,PT00M51.70S,2024-12-06T02:52:26.4Z,3,REGULAR,rebound,defensive,[],1642403,,,1610612758,86,82,2024-12-06T02:52:33Z,5090000,False,,,0,,I. Jones REBOUND (Off:1 Def:1),[1642403],1610612758.0,SAC,,,,Jones,I. Jones,,,,,Restricted Area,0-8 Center,,,,,,,517.0,2.0,1.0,1.0,,,,,,,,,,
519,PT00M45.10S,2024-12-06T02:52:33.9Z,3,REGULAR,2pt,Layup,['pointsinthepaint'],1628368,7.046649145860711,52.450980392156865,1610612758,86,84,2024-12-06T02:52:37Z,5100000,False,-12.0,14.0,1,left,D. Fox driving Layup (12 PTS),[1628368],1610612758.0,SAC,driving,,,Fox,D. Fox,,,,,Restricted Area,0-8 Center,1.84,Made,12.0,,,,,,,,,,,,,,,,,
520,PT00M28.70S,2024-12-06T02:52:54.1Z,3,REGULAR,violation,kicked ball,[],1628368,,,1610612763,86,84,2024-12-06T02:52:58Z,5110000,False,,,0,,D. Fox kicked ball VIOLATION,[1628368],1610612758.0,SAC,,,,Fox,D. Fox,,,,,,,,,,,,,,,,,2003.0,,,,,,,,,
521,PT00M28.70S,2024-12-06T02:52:55.6Z,3,REGULAR,substitution,out,[],1630590,,,1610612763,86,84,2024-12-06T02:53:02Z,5120000,False,,,0,,SUB out: S. Pippen Jr.,[1630590],1610612763.0,MEM,,,,Pippen Jr.,S. Pippen Jr.,,,,,,,,,,,,,,,,,,,,,,,,,,
522,PT00M28.70S,2024-12-06T02:52:55.6Z,3,REGULAR,substitution,out,[],1630583,,,1610612763,86,84,2024-12-06T02:53:02Z,5130000,False,,,0,,SUB out: S. Aldama,[1630583],1610612763.0,MEM,,,,Aldama,S. Aldama,,,,,,,,,,,,,,,,,,,,,,,,,,
523,PT00M28.70S,2024-12-06T02:52:55.6Z,3,REGULAR,substitution,in,[],1642377,,,1610612763,86,84,2024-12-06T02:53:02Z,5140000,False,,,0,,SUB in: J. Wells,[1642377],1610612763.0,MEM,,,,Wells,J. Wells,,,,,,,,,,,,,,,,,,,,,,,,,,
524,PT00M28.70S,2024-12-06T02:52:55.6Z,3,REGULAR,substitution,in,[],1629634,,,1610612763,86,84,2024-12-06T02:53:02Z,5150000,False,,,0,,SUB in: B. Clarke,[1629634],1610612763.0,MEM,,,,Clarke,B. Clarke,,,,,,,,,,,,,,,,,,,,,,,,,,
525,PT00M19.50S,2024-12-06T02:53:20.4Z,3,REGULAR,3pt,Jump Shot,[],1629630,69.33311432325887,67.15686274509804,1610612763,86,84,2024-12-06T02:53:24Z,5160000,False,86.0,236.0,1,right,MISS J. Morant 25' 3PT,[1629630],1610612763.0,MEM,,,,Morant,J. Morant,,,,,Above the Break 3,24+ Right Center,25.09,Missed,,,,,,,,,,,,,,,,,,
526,PT00M15.80S,2024-12-06T02:53:24.1Z,3,REGULAR,rebound,defensive,[],1628989,,,1610612758,86,84,2024-12-06T02:53:24Z,5170000,False,,,0,,K. Huerter REBOUND (Off:2 Def:4),[1628989],1610612758.0,SAC,,,,Huerter,K. Huerter,,,,,Above the Break 3,24+ Right Center,,,,,,,525.0,6.0,4.0,2.0,,,,,,,,,,
527,PT00M00.80S,2024-12-06T02:53:41.7Z,3,REGULAR,foul,personal,"['inpenalty', '3freethrow']",203935,,,1610612758,86,84,2024-12-06T02:53:59Z,5180000,False,,,0,,M. Smart shooting personal FOUL (1 PF) (Fox 3 FT),"[203935, 1628368]",1610612763.0,MEM,shooting,,,Smart,M. Smart,,,,,Above the Break 3,24+ Center,,,,,,,,,,,1628951.0,1.0,0.0,Fox,1628368.0,,,,,
529,PT00M00.80S,2024-12-06T02:54:13.7Z,3,REGULAR,freethrow,1 of 3,[],1628368,,,1610612758,86,84,2024-12-06T02:54:13Z,5200000,False,,,0,,MISS D. Fox Free Throw 1 of 3,[1628368],1610612758.0,SAC,,,,Fox,D. Fox,,,,,,,,Missed,,,,,,,,,,,,,,,,,,
530,PT00M00.80S,2024-12-06T02:54:13.7Z,3,REGULAR,rebound,offensive,"['deadball', 'team']",0,,,1610612758,86,84,2024-12-06T02:54:13Z,5210000,False,,,0,,TEAM offensive REBOUND,[],1610612758.0,SAC,,,,,,,,,,,,,,,,,,529.0,,,,,,,,,,,,,
531,PT00M00.80S,2024-12-06T02:54:31.7Z,3,REGULAR,freethrow,2 of 3,[],1628368,,,1610612758,86,85,2024-12-06T02:54:31Z,5220000,False,,,0,,D. Fox Free Throw 2 of 3 (13 PTS),[1628368],1610612758.0,SAC,,,,Fox,D. Fox,,,,,,,,Made,13.0,,,,,,,,,,,,,,,,,
532,PT00M00.80S,2024-12-06T02:54:50.8Z,3,REGULAR,freethrow,3 of 3,[],1628368,,,1610612758,86,86,2024-12-06T02:54:50Z,5230000,False,,,0,,D. Fox Free Throw 3 of 3 (14 PTS),[1628368],1610612758.0,SAC,,,,Fox,D. Fox,,,,,,,,Made,14.0,,,,,,,,,,,,,,,,,
533,PT00M00.00S,2024-12-06T02:54:54.8Z,3,REGULAR,3pt,Jump Shot,[],203935,39.635348226018394,12.745098039215685,1610612763,86,86,2024-12-06T02:57:09Z,5240000,False,-186.0,515.0,1,right,MISS M. Smart 54' 3PT,[203935],1610612763.0,MEM,,,,Smart,M. Smart,,,,,Above the Break 3,24+ Right Center,54.76,Missed,,,,,,,,,,,,,,,,,,
534,PT00M00.00S,2024-12-06T02:54:54.8Z,3,REGULAR,rebound,offensive,['team'],0,,,1610612763,86,86,2024-12-06T02:57:09Z,5250000,False,,,0,,TEAM offensive REBOUND,[],1610612763.0,MEM,,,,,,,,,,Above the Break 3,24+ Right Center,,,,,,,533.0,,,,,,,,,,,,,
535,PT00M00.00S,2024-12-06T02:54:59.0Z,3,REGULAR,period,end,[],0,,,1610612763,86,86,2024-12-06T02:54:59Z,5260000,False,,,0,,Period End,[],,,,,,,,,,,,,,,,,,,,,,,,,,,,,,,,,
536,PT12M00.00S,2024-12-06T02:57:11.7Z,4,REGULAR,substitution,out,['startperiod'],1629634,,,1610612763,86,86,2024-12-06T02:58:06Z,5270000,False,,,0,,SUB out: B. Clarke,[1629634],1610612763.0,MEM,,,,Clarke,B. Clarke,,,,,,,,,,,,,,,,,,,,,,,,,,
537,PT12M00.00S,2024-12-06T02:57:11.7Z,4,REGULAR,substitution,in,['startperiod'],1628991,,,1610612763,86,86,2024-12-06T02:58:06Z,5280000,False,,,0,,SUB in: J. Jackson Jr.,[1628991],1610612763.0,MEM,,,,Jackson Jr.,J. Jackson Jr.,,,,,,,,,,,,,,,,,,,,,,,,,,
538,PT12M00.00S,2024-12-06T02:58:27.6Z,4,REGULAR,period,start,[],0,,,1610612763,86,86,2024-12-06T02:58:27Z,5290000,False,,,0,,Period Start,[],,,,,,,,,,,,,,,,,,,,,,,,,,,,,,,,,
539,PT11M46.00S,2024-12-06T02:58:42.2Z,4,REGULAR,2pt,Hook,['pointsinthepaint'],1628991,89.56964520367937,47.794117647058826,1610612763,88,86,2024-12-06T02:58:45Z,5300000,False,-11.0,46.0,1,right,J. Jackson Jr. driving Hook (12 PTS),[1628991],1610612763.0,MEM,driving,,,Jackson Jr.,J. Jackson Jr.,,,,,In The Paint (Non-RA),0-8 Center,4.68,Made,12.0,,,,,,,,,,,,,,,,,
540,PT11M46.00S,2024-12-06T02:58:45.0Z,4,REGULAR,foul,personal,['1freethrow'],1642403,,,1610612763,88,86,2024-12-06T02:58:57Z,5310000,False,,,0,,I. Jones shooting personal FOUL (2 PF) (Jackson Jr. 1 FT),"[1642403, 1628991]",1610612758.0,SAC,shooting,,,Jones,I. Jones,,,,,In The Paint (Non-RA),0-8 Center,,,,,,,,,,,2003.0,2.0,0.0,Jackson Jr.,1628991.0,,,,,
542,PT11M46.00S,2024-12-06T02:59:05.3Z,4,REGULAR,freethrow,1 of 1,[],1628991,,,1610612763,89,86,2024-12-06T02:59:05Z,5330000,False,,,0,,J. Jackson Jr. Free Throw 1 of 1 (13 PTS),[1628991],1610612763.0,MEM,,,,Jackson Jr.,J. Jackson Jr.,,,,,,,,Made,13.0,,,,,,,,,,,,,,,,,
543,PT11M35.00S,2024-12-06T02:59:18.4Z,4,REGULAR,2pt,Jump Shot,[],1628368,15.719448094612352,33.82352941176471,1610612758,89,88,2024-12-06T02:59:23Z,5340000,False,81.0,95.0,1,left,D. Fox 12' fadeaway Jump Shot (16 PTS),[1628368],1610612758.0,SAC,fadeaway,,,Fox,D. Fox,,,,,Mid-Range,8-16 Right,12.5,Made,16.0,,,,,,,,,,,,,,,,,
544,PT11M14.00S,2024-12-06T02:59:39.2Z,4,REGULAR,2pt,Jump Shot,['pointsinthepaint'],1629630,84.05059132720105,43.38235294117647,1610612763,89,88,2024-12-06T02:59:44Z,5350000,False,-33.0,97.0,1,right,MISS J. Morant 10' driving floating Shot,[1629630],1610612763.0,MEM,driving floating,,,Morant,J. Morant,,,,,In The Paint (Non-RA),8-16 Center,10.29,Missed,,,,,,,,,,,,,,,,,,
545,PT11M10.00S,2024-12-06T02:59:43.2Z,4,REGULAR,rebound,defensive,[],1631099,,,1610612758,89,88,2024-12-06T02:59:44Z,5360000,False,,,0,,K. Murray REBOUND (Off:2 Def:7),[1631099],1610612758.0,SAC,,,,Murray,K. Murray,,,,,In The Paint (Non-RA),8-16 Center,,,,,,,544.0,9.0,7.0,2.0,,,,,,,,,,
546,PT10M54.00S,2024-12-06T02:59:59.8Z,4,REGULAR,2pt,Jump Shot,['pointsinthepaint'],1628368,15.193823915900131,50.49019607843137,1610612758,89,88,2024-12-06T03:00:03Z,5370000,False,-2.0,90.0,1,left,MISS D. Fox 9' driving floating Shot,[1628368],1610612758.0,SAC,driving floating,,,Fox,D. Fox,,,,,In The Paint (Non-RA),8-16 Center,9.03,Missed,,,,,,,,,,,,,,,,,,
547,PT10M52.00S,2024-12-06T03:00:01.8Z,4,REGULAR,rebound,defensive,[],1642377,,,1610612763,89,88,2024-12-06T03:00:03Z,5380000,False,,,0,,J. Wells REBOUND (Off:1 Def:5),[1642377],1610612763.0,MEM,,,,Wells,J. Wells,,,,,In The Paint (Non-RA),8-16 Center,,,,,,,546.0,6.0,5.0,1.0,,,,,,,,,,
548,PT10M43.00S,2024-12-06T03:00:10.2Z,4,REGULAR,turnover,lost ball,[],1642377,,,1610612763,89,88,2024-12-06T03:00:13Z,5390000,False,,,0,,J. Wells lost ball TURNOVER (3 TO),"[1642377, 1628368]",1610612763.0,MEM,,,,Wells,J. Wells,,,,,Above the Break 3,24+ Left Center,,,,,,,,,,,,,,,,3.0,Fox,1628368.0,,
549,PT10M43.00S,2024-12-06T03:00:10.2Z,4,REGULAR,steal,,[],1628368,,,1610612758,89,88,2024-12-06T03:00:11Z,5400000,False,,,0,,D. Fox STEAL (4 STL),[1628368],1610612758.0,SAC,,,,Fox,D. Fox,,,,,Above the Break 3,24+ Left Center,,,,,,,,,,,,,,,,,,,,
550,PT10M40.00S,2024-12-06T03:00:13.4Z,4,REGULAR,2pt,DUNK,"['pointsinthepaint', 'fromturnover', 'fastbreak']",1642403,5.863994743758213,50.98039215686274,1610612758,89,90,2024-12-06T03:00:18Z,5410000,False,-5.0,3.0,1,left,I. Jones running DUNK (9 PTS) (J. Crowder 1 AST),"[1642403, 203109]",1610612758.0,SAC,running,,,Jones,I. Jones,,,,,Restricted Area,0-8 Center,0.55,Made,9.0,J. Crowder,203109.0,1.0,,,,,,,,,,,,,,
552,PT10M33.00S,2024-12-06T03:00:23.6Z,4,REGULAR,turnover,lost ball,[],1642377,,,1610612763,89,90,2024-12-06T03:00:41Z,5430000,False,,,0,,J. Wells lost ball TURNOVER (4 TO),[1642377],1610612763.0,MEM,,,,Wells,J. Wells,,,,,Mid-Range,16-24 Left,,,,,,,,,,,,,,,,4.0,,,,
553,PT10M33.00S,2024-12-06T03:00:26.1Z,4,REGULAR,foul,personal,[],1642377,,,1610612758,89,90,2024-12-06T03:00:32Z,5440000,False,,,0,,J. Wells loose ball personal FOUL (3 PF),"[1642377, 1628368]",1610612763.0,MEM,loose ball,,,Wells,J. Wells,,,,,Mid-Range,16-24 Left,,,,,,,,,,,1628951.0,3.0,0.0,Fox,1628368.0,,,,,
555,PT10M16.00S,2024-12-06T03:00:55.8Z,4,REGULAR,2pt,Jump Shot,"['pointsinthepaint', 'fromturnover']",1628368,19.004599211563733,61.51960784313726,1610612758,89,90,2024-12-06T03:01:00Z,5460000,False,-58.0,126.0,1,left,MISS D. Fox 13' turnaround fadeaway Shot,[1628368],1610612758.0,SAC,turnaround fadeaway,,,Fox,D. Fox,,,,,In The Paint (Non-RA),8-16 Center,13.86,Missed,,,,,,,,,,,,,,,,,,
556,PT10M12.00S,2024-12-06T03:00:59.8Z,4,REGULAR,rebound,offensive,[],1631099,,,1610612758,89,90,2024-12-06T03:01:00Z,5470000,False,,,0,,K. Murray REBOUND (Off:3 Def:7),[1631099],1610612758.0,SAC,,,,Murray,K. Murray,,,,,In The Paint (Non-RA),8-16 Center,,,,,,,555.0,10.0,7.0,3.0,,,,,,,,,,
557,PT10M11.00S,2024-12-06T03:01:00.3Z,4,REGULAR,2pt,Jump Shot,"['pointsinthepaint', 'fromturnover', '2ndchance']",1631099,8.09789750328515,47.05882352941176,1610612758,89,92,2024-12-06T03:01:15Z,5480000,False,15.0,24.0,1,left,K. Murray floating Jump Shot (9 PTS),[1631099],1610612758.0,SAC,floating,,,Murray,K. Murray,,,,,Restricted Area,0-8 Center,2.78,Made,9.0,,,,,,,,,,,,,,,,,
558,PT10M11.00S,2024-12-06T03:01:04.9Z,4,REGULAR,timeout,full,"['team', 'mandatory']",0,,,1610612763,89,92,2024-12-06T03:01:04Z,5490000,False,,,0,,MEM Timeout,[],1610612763.0,MEM,,,,,,,,,,,,,,,,,,,,,,,,,,,,,,,
559,PT10M11.00S,2024-12-06T03:01:54.2Z,4,REGULAR,substitution,out,[],1642377,,,1610612763,89,92,2024-12-06T03:03:47Z,5500000,False,,,0,,SUB out: J. Wells,[1642377],1610612763.0,MEM,,,,Wells,J. Wells,,,,,,,,,,,,,,,,,,,,,,,,,,
560,PT10M11.00S,2024-12-06T03:01:54.2Z,4,REGULAR,substitution,in,[],1629634,,,1610612763,89,92,2024-12-06T03:03:47Z,5510000,False,,,0,,SUB in: B. Clarke,[1629634],1610612763.0,MEM,,,,Clarke,B. Clarke,,,,,,,,,,,,,,,,,,,,,,,,,,
561,PT09M58.00S,2024-12-06T03:04:06.3Z,4,REGULAR,2pt,Jump Shot,['pointsinthepaint'],1629630,91.14651773981603,41.911764705882355,1610612763,89,92,2024-12-06T03:04:10Z,5520000,False,-40.0,31.0,1,right,MISS J. Morant driving floating Shot - blocked,"[1629630, 1642403]",1610612763.0,MEM,driving floating,,,Morant,J. Morant,,,,,In The Paint (Non-RA),0-8 Center,5.07,Missed,,,,,,,,,,,,,,,,,Jones,1642403.0
562,PT09M58.00S,2024-12-06T03:04:06.3Z,4,REGULAR,block,,[],1642403,,,1610612763,89,92,2024-12-06T03:04:08Z,5530000,False,,,0,,I. Jones BLOCK (1 BLK),[1642403],1610612758.0,SAC,,,,Jones,I. Jones,,,,,In The Paint (Non-RA),0-8 Center,,,,,,,,,,,,,,,,,,,,
563,PT09M55.00S,2024-12-06T03:04:09.3Z,4,REGULAR,rebound,defensive,[],1642403,,,1610612758,89,92,2024-12-06T03:04:10Z,5540000,False,,,0,,I. Jones REBOUND (Off:1 Def:2),[1642403],1610612758.0,SAC,,,,Jones,I. Jones,,,,,In The Paint (Non-RA),0-8 Center,,,,,,,561.0,3.0,2.0,1.0,,,,,,,,,,
564,PT09M47.00S,2024-12-06T03:04:18.1Z,4,REGULAR,2pt,Layup,['pointsinthepaint'],1642403,7.835085413929041,49.50980392156863,1610612758,89,92,2024-12-06T03:04:23Z,5550000,False,2.0,21.0,1,left,MISS I. Jones Layup - blocked,"[1642403, 1629634]",1610612758.0,SAC,,,,Jones,I. Jones,,,,,Restricted Area,0-8 Center,2.12,Missed,,,,,,,,,,,,,,,,,Clarke,1629634.0
565,PT09M47.00S,2024-12-06T03:04:18.1Z,4,REGULAR,block,,[],1629634,,,1610612758,89,92,2024-12-06T03:04:20Z,5560000,False,,,0,,B. Clarke BLOCK (1 BLK),[1629634],1610612763.0,MEM,,,,Clarke,B. Clarke,,,,,Restricted Area,0-8 Center,,,,,,,,,,,,,,,,,,,,
566,PT09M47.00S,2024-12-06T03:04:18.1Z,4,REGULAR,rebound,offensive,['team'],0,,,1610612758,89,92,2024-12-06T03:04:23Z,5570000,False,,,0,,TEAM offensive REBOUND,[],1610612758.0,SAC,,,,,,,,,,Restricted Area,0-8 Center,,,,,,,564.0,,,,,,,,,,,,,
567,PT09M45.00S,2024-12-06T03:04:34.2Z,4,REGULAR,3pt,Jump Shot,['2ndchance'],1631099,27.151773981603156,81.37254901960785,1610612758,89,92,2024-12-06T03:04:37Z,5580000,False,-157.0,203.0,1,left,MISS K. Murray 25' 3PT,[1631099],1610612758.0,SAC,,,,Murray,K. Murray,,,,,Above the Break 3,24+ Left Center,25.63,Missed,,,,,,,,,,,,,,,,,,
568,PT09M42.00S,2024-12-06T03:04:37.2Z,4,REGULAR,rebound,defensive,[],1631222,,,1610612763,89,92,2024-12-06T03:04:37Z,5590000,False,,,0,,J. LaRavia REBOUND (Off:0 Def:5),[1631222],1610612763.0,MEM,,,,LaRavia,J. LaRavia,,,,,Above the Break 3,24+ Left Center,,,,,,,567.0,5.0,5.0,0.0,,,,,,,,,,
569,PT09M35.00S,2024-12-06T03:04:44.1Z,4,REGULAR,3pt,Jump Shot,[],203935,77.08607095926413,87.5,1610612763,89,92,2024-12-06T03:04:48Z,5600000,False,188.0,163.0,1,right,MISS M. Smart 24' pullup 3PT,[203935],1610612763.0,MEM,pullup,,,Smart,M. Smart,,,,,Above the Break 3,24+ Right Center,24.84,Missed,,,,,,,,,,,,,,,,,,
570,PT09M30.00S,2024-12-06T03:04:49.1Z,4,REGULAR,rebound,defensive,[],1631099,,,1610612758,89,92,2024-12-06T03:04:48Z,5610000,False,,,0,,K. Murray REBOUND (Off:3 Def:8),[1631099],1610612758.0,SAC,,,,Murray,K. Murray,,,,,Above the Break 3,24+ Right Center,,,,,,,569.0,11.0,8.0,3.0,,,,,,,,,,
571,PT09M23.00S,2024-12-06T03:04:55.7Z,4,REGULAR,2pt,Jump Shot,['pointsinthepaint'],1631099,15.719448094612352,53.431372549019606,1610612758,89,94,2024-12-06T03:05:00Z,5620000,False,-17.0,95.0,1,left,K. Murray 9' fadeaway Jump Shot (11 PTS),[1631099],1610612758.0,SAC,fadeaway,,,Murray,K. Murray,,,,,In The Paint (Non-RA),8-16 Center,9.68,Made,11.0,,,,,,,,,,,,,,,,,
572,PT09M11.00S,2024-12-06T03:05:07.9Z,4,REGULAR,3pt,Jump Shot,[],203935,74.45795006570303,84.06862745098039,1610612763,92,94,2024-12-06T03:05:12Z,5630000,False,170.0,188.0,1,right,M. Smart 25' 3PT  (14 PTS) (J. LaRavia 1 AST),"[203935, 1631222]",1610612763.0,MEM,,,,Smart,M. Smart,,,,,Above the Break 3,24+ Right Center,25.34,Made,14.0,J. LaRavia,1631222.0,1.0,,,,,,,,,,,,,,
574,PT08M51.00S,2024-12-06T03:05:27.7Z,4,REGULAR,3pt,Jump Shot,[],1628989,7.440867279894875,95.09803921568627,1610612758,92,94,2024-12-06T03:05:30Z,5650000,False,-225.0,17.0,1,left,MISS K. Huerter 3PT,[1628989],1610612758.0,SAC,,,,Huerter,K. Huerter,,,,,Left Corner 3,24+ Left,22.62,Missed,,,,,,,,,,,,,,,,,,
575,PT08M49.00S,2024-12-06T03:05:29.7Z,4,REGULAR,rebound,defensive,[],1629634,,,1610612763,92,94,2024-12-06T03:05:30Z,5660000,False,,,0,,B. Clarke REBOUND (Off:1 Def:2),[1629634],1610612763.0,MEM,,,,Clarke,B. Clarke,,,,,Left Corner 3,24+ Left,,,,,,,574.0,3.0,2.0,1.0,,,,,,,,,,
576,PT08M45.00S,2024-12-06T03:05:33.5Z,4,REGULAR,turnover,bad pass,[],203935,,,1610612763,92,94,2024-12-06T03:05:36Z,5670000,False,,,0,,M. Smart bad pass TURNOVER (4 TO),"[203935, 1628368]",1610612763.0,MEM,,,,Smart,M. Smart,,,,,Mid-Range,16-24 Left Center,,,,,,,,,,,,,,,,4.0,Fox,1628368.0,,
577,PT08M45.00S,2024-12-06T03:05:33.5Z,4,REGULAR,steal,,[],1628368,,,1610612758,92,94,2024-12-06T03:05:35Z,5680000,False,,,0,,D. Fox STEAL (5 STL),[1628368],1610612758.0,SAC,,,,Fox,D. Fox,,,,,Mid-Range,16-24 Left Center,,,,,,,,,,,,,,,,,,,,
578,PT08M42.00S,2024-12-06T03:05:36.9Z,4,REGULAR,turnover,bad pass,[],1628368,,,1610612758,92,94,2024-12-06T03:05:39Z,5690000,False,,,0,,D. Fox bad pass TURNOVER (4 TO),"[1628368, 203935]",1610612758.0,SAC,,,,Fox,D. Fox,,,,,Mid-Range,16-24 Right Center,,,,,,,,,,,,,,,,4.0,Smart,203935.0,,
579,PT08M42.00S,2024-12-06T03:05:36.9Z,4,REGULAR,steal,,[],203935,,,1610612763,92,94,2024-12-06T03:05:38Z,5700000,False,,,0,,M. Smart STEAL (2 STL),[203935],1610612763.0,MEM,,,,Smart,M. Smart,,,,,Mid-Range,16-24 Right Center,,,,,,,,,,,,,,,,,,,,
580,PT08M39.00S,2024-12-06T03:05:41.0Z,4,REGULAR,foul,personal,['2freethrow'],1642403,,,1610612763,92,94,2024-12-06T03:05:49Z,5710000,False,,,0,,I. Jones shooting personal FOUL (3 PF) (Morant 2 FT),"[1642403, 1629630]",1610612758.0,SAC,shooting,,,Jones,I. Jones,,,,,Restricted Area,0-8 Center,,,,,,,,,,,1628951.0,3.0,0.0,Morant,1629630.0,,,,,
582,PT08M39.00S,2024-12-06T03:06:05.3Z,4,REGULAR,freethrow,1 of 2,"['fromturnover', 'fastbreak']",1629630,,,1610612763,93,94,2024-12-06T03:06:05Z,5730000,False,,,0,,J. Morant Free Throw 1 of 2 (7 PTS),[1629630],1610612763.0,MEM,,,,Morant,J. Morant,,,,,,,,Made,7.0,,,,,,,,,,,,,,,,,
583,PT08M39.00S,2024-12-06T03:06:05.9Z,4,REGULAR,substitution,out,[],203935,,,1610612763,93,94,2024-12-06T03:06:20Z,5740000,False,,,0,,SUB out: M. Smart,[203935],1610612763.0,MEM,,,,Smart,M. Smart,,,,,,,,,,,,,,,,,,,,,,,,,,
584,PT08M39.00S,2024-12-06T03:06:05.9Z,4,REGULAR,substitution,out,[],1628368,,,1610612763,93,94,2024-12-06T03:06:20Z,5750000,False,,,0,,SUB out: D. Fox,[1628368],1610612758.0,SAC,,,,Fox,D. Fox,,,,,,,,,,,,,,,,,,,,,,,,,,
585,PT08M39.00S,2024-12-06T03:06:05.9Z,4,REGULAR,substitution,out,[],1631099,,,1610612763,93,94,2024-12-06T03:06:20Z,5760000,False,,,0,,SUB out: K. Murray,[1631099],1610612758.0,SAC,,,,Murray,K. Murray,,,,,,,,,,,,,,,,,,,,,,,,,,
586,PT08M39.00S,2024-12-06T03:06:05.9Z,4,REGULAR,substitution,out,[],1642403,,,1610612763,93,94,2024-12-06T03:06:20Z,5770000,False,,,0,,SUB out: I. Jones,[1642403],1610612758.0,SAC,,,,Jones,I. Jones,,,,,,,,,,,,,,,,,,,,,,,,,,
587,PT08M39.00S,2024-12-06T03:06:05.9Z,4,REGULAR,substitution,in,[],1630217,,,1610612763,93,94,2024-12-06T03:06:20Z,5780000,False,,,0,,SUB in: D. Bane,[1630217],1610612763.0,MEM,,,,Bane,D. Bane,,,,,,,,,,,,,,,,,,,,,,,,,,
588,PT08M39.00S,2024-12-06T03:06:05.9Z,4,REGULAR,substitution,in,[],1627734,,,1610612763,93,94,2024-12-06T03:06:20Z,5790000,False,,,0,,SUB in: D. Sabonis,[1627734],1610612758.0,SAC,,,,Sabonis,D. Sabonis,,,,,,,,,,,,,,,,,,,,,,,,,,
589,PT08M39.00S,2024-12-06T03:06:05.9Z,4,REGULAR,substitution,in,[],201942,,,1610612763,93,94,2024-12-06T03:06:20Z,5800000,False,,,0,,SUB in: D. DeRozan,[201942],1610612758.0,SAC,,,,DeRozan,D. DeRozan,,,,,,,,,,,,,,,,,,,,,,,,,,
590,PT08M39.00S,2024-12-06T03:06:05.9Z,4,REGULAR,substitution,in,[],1628370,,,1610612763,93,94,2024-12-06T03:06:20Z,5810000,False,,,0,,SUB in: M. Monk,[1628370],1610612758.0,SAC,,,,Monk,M. Monk,,,,,,,,,,,,,,,,,,,,,,,,,,
591,PT08M39.00S,2024-12-06T03:06:30.6Z,4,REGULAR,freethrow,2 of 2,"['fastbreak', 'fromturnover']",1629630,,,1610612763,94,94,2024-12-06T03:06:30Z,5820000,False,,,0,,J. Morant Free Throw 2 of 2 (8 PTS),[1629630],1610612763.0,MEM,,,,Morant,J. Morant,,,,,,,,Made,8.0,,,,,,,,,,,,,,,,,
592,PT08M24.00S,2024-12-06T03:06:47.5Z,4,REGULAR,2pt,Layup,['pointsinthepaint'],203109,12.434296977660972,59.80392156862745,1610612758,94,94,2024-12-06T03:06:51Z,5830000,False,-49.0,64.0,1,left,MISS J. Crowder 8' driving Layup - blocked,"[203109, 1629634]",1610612758.0,SAC,driving,,,Crowder,J. Crowder,,,,,In The Paint (Non-RA),8-16 Left,8.09,Missed,,,,,,,,,,,,,,,,,Clarke,1629634.0
593,PT08M24.00S,2024-12-06T03:06:47.5Z,4,REGULAR,block,,[],1629634,,,1610612758,94,94,2024-12-06T03:06:49Z,5840000,False,,,0,,B. Clarke BLOCK (2 BLK),[1629634],1610612763.0,MEM,,,,Clarke,B. Clarke,,,,,In The Paint (Non-RA),8-16 Left,,,,,,,,,,,,,,,,,,,,
594,PT08M21.00S,2024-12-06T03:06:50.5Z,4,REGULAR,rebound,offensive,[],203109,,,1610612758,94,94,2024-12-06T03:10:21Z,5850000,False,,,0,,J. Crowder REBOUND (Off:1 Def:2),[203109],1610612758.0,SAC,,,,Crowder,J. Crowder,,,,,In The Paint (Non-RA),8-16 Left,,,,,,,592.0,3.0,2.0,1.0,,,,,,,,,,
609,PT08M20.00S,2024-12-06T03:06:51.4Z,4,REGULAR,turnover,bad pass,[],203109,,,1610612758,94,94,2024-12-06T03:10:43Z,5855000,False,,,0,,J. Crowder bad pass TURNOVER (1 TO),"[203109, 1628991]",1610612758.0,SAC,,,,Crowder,J. Crowder,,,,,Restricted Area,0-8 Center,,,,,,,,,,,,,,,,1.0,Jackson Jr.,1628991.0,,
610,PT08M20.00S,2024-12-06T03:06:51.4Z,4,REGULAR,steal,,[],1628991,,,1610612763,94,94,2024-12-06T03:10:35Z,5857500,False,,,0,,J. Jackson Jr. STEAL (1 STL),[1628991],1610612763.0,MEM,,,,Jackson Jr.,J. Jackson Jr.,,,,,Restricted Area,0-8 Center,,,,,,,,,,,,,,,,,,,,
595,PT08M16.00S,2024-12-06T03:06:55.4Z,4,REGULAR,3pt,Jump Shot,"['fastbreak', 'fromturnover']",1629630,66.5735873850197,45.34313725490196,1610612763,94,94,2024-12-06T03:10:35Z,5860000,False,-23.0,262.0,1,right,MISS J. Morant 26' running 3PT,[1629630],1610612763.0,MEM,running,,,Morant,J. Morant,,,,,Above the Break 3,24+ Center,26.27,Missed,,,,,,,,,,,,,,,,,,
596,PT08M11.00S,2024-12-06T03:07:00.4Z,4,REGULAR,rebound,defensive,[],201942,,,1610612758,94,94,2024-12-06T03:07:00Z,5870000,False,,,0,,D. DeRozan REBOUND (Off:0 Def:1),[201942],1610612758.0,SAC,,,,DeRozan,D. DeRozan,,,,,Above the Break 3,24+ Center,,,,,,,595.0,1.0,1.0,0.0,,,,,,,,,,
598,PT08M07.00S,2024-12-06T03:07:16.2Z,4,REGULAR,substitution,out,[],203109,,,1610612758,94,94,2024-12-06T03:07:27Z,5890000,False,,,0,,SUB out: J. Crowder,[203109],1610612758.0,SAC,,,,Crowder,J. Crowder,,,,,,,,,,,,,,,,,,,,,,,,,,
599,PT08M07.00S,2024-12-06T03:07:16.2Z,4,REGULAR,substitution,in,[],1631165,,,1610612758,94,94,2024-12-06T03:07:27Z,5900000,False,,,0,,SUB in: K. Ellis,[1631165],1610612758.0,SAC,,,,Ellis,K. Ellis,,,,,,,,,,,,,,,,,,,,,,,,,,
600,PT08M07.00S,2024-12-06T03:07:28.1Z,4,REGULAR,foul,technical,['1freethrow'],1629630,,,1610612758,94,94,2024-12-06T03:07:43Z,5910000,False,,,0,,J. Morant technical FOUL (1 Tech),[1629630],1610612763.0,MEM,,,,Morant,J. Morant,,,,,,,,,,,,,,,,,1628951.0,1.0,1.0,,,,,,,
601,PT08M07.00S,2024-12-06T03:07:46.3Z,4,REGULAR,freethrow,1 of 1,[],201942,,,1610612758,94,95,2024-12-06T03:07:46Z,5920000,False,,,0,,D. DeRozan technical Free Throw 1 of 1 (20 PTS),[201942],1610612758.0,SAC,technical,,,DeRozan,D. DeRozan,,,,,,,,Made,20.0,,,,,,,,,,,,,,,,,
602,PT08M05.00S,2024-12-06T03:08:08.7Z,4,REGULAR,2pt,Jump Shot,[],201942,11.383048620236531,75.0,1610612758,94,95,2024-12-06T03:08:12Z,5930000,False,-125.0,55.0,1,left,MISS D. DeRozan 13' Jump Shot,[201942],1610612758.0,SAC,,,,DeRozan,D. DeRozan,,,,,Mid-Range,8-16 Left,13.64,Missed,,,,,,,,,,,,,,,,,,
603,PT08M03.00S,2024-12-06T03:08:11.7Z,4,REGULAR,rebound,offensive,[],201942,,,1610612758,94,95,2024-12-06T03:08:11Z,5940000,False,,,0,,D. DeRozan REBOUND (Off:1 Def:1),[201942],1610612758.0,SAC,,,,DeRozan,D. DeRozan,,,,,Mid-Range,8-16 Left,,,,,,,602.0,2.0,1.0,1.0,,,,,,,,,,
605,PT07M52.00S,2024-12-06T03:10:29.1Z,4,REGULAR,foul,personal,['2freethrow'],1631222,,,1610612758,94,95,2024-12-06T03:14:33Z,5960000,False,,,0,,J. LaRavia shooting personal FOUL (2 PF) (DeRozan 2 FT),"[1631222, 201942]",1610612763.0,MEM,shooting,,,LaRavia,J. LaRavia,,,,,Mid-Range,16-24 Left Center,,,,,,,,,,,2003.0,2.0,0.0,DeRozan,201942.0,,,,,
608,PT07M52.00S,2024-12-06T03:10:30.7Z,4,REGULAR,freethrow,1 of 2,['2ndchance'],201942,,,1610612758,94,96,2024-12-06T03:13:55Z,5990000,False,,,0,,D. DeRozan Free Throw 1 of 2 (21 PTS),[201942],1610612758.0,SAC,,,,DeRozan,D. DeRozan,,,,,,,,Made,21.0,,,,,,,,,,,,,,,,,
611,PT07M52.00S,2024-12-06T03:10:30.7Z,4,REGULAR,freethrow,2 of 2,['2ndchance'],201942,,,1610612758,94,97,2024-12-06T03:13:55Z,6000000,False,,,0,,D. DeRozan Free Throw 2 of 2 (22 PTS),[201942],1610612758.0,SAC,,,,DeRozan,D. DeRozan,,,,,,,,Made,22.0,,,,,,,,,,,,,,,,,
612,PT07M37.00S,2024-12-06T03:11:02.6Z,4,REGULAR,2pt,Layup,['pointsinthepaint'],1628991,93.11760840998686,46.32352941176471,1610612763,96,97,2024-12-06T03:11:06Z,6030000,False,-18.0,12.0,1,right,J. Jackson Jr. driving Layup (15 PTS) (D. Bane 6 AST),"[1628991, 1630217]",1610612763.0,MEM,driving,,,Jackson Jr.,J. Jackson Jr.,,,,,Restricted Area,0-8 Center,2.21,Made,15.0,D. Bane,1630217.0,6.0,,,,,,,,,,,,,,
614,PT07M15.00S,2024-12-06T03:11:24.6Z,4,REGULAR,2pt,Jump Shot,['pointsinthepaint'],201942,19.793035479632064,42.8921568627451,1610612758,96,97,2024-12-06T03:11:30Z,6050000,False,36.0,134.0,1,left,MISS D. DeRozan 13' turnaround fadeaway Shot,[201942],1610612758.0,SAC,turnaround fadeaway,,,DeRozan,D. DeRozan,,,,,In The Paint (Non-RA),8-16 Center,13.82,Missed,,,,,,,,,,,,,,,,,,
615,PT07M12.00S,2024-12-06T03:11:27.6Z,4,REGULAR,rebound,defensive,[],1631222,,,1610612763,96,97,2024-12-06T03:11:30Z,6060000,False,,,0,,J. LaRavia REBOUND (Off:0 Def:6),[1631222],1610612763.0,MEM,,,,LaRavia,J. LaRavia,,,,,In The Paint (Non-RA),8-16 Center,,,,,,,614.0,6.0,6.0,0.0,,,,,,,,,,
616,PT07M08.00S,2024-12-06T03:11:31.4Z,4,REGULAR,2pt,Layup,"['pointsinthepaint', 'fastbreak']",1629634,91.40932982917214,49.50980392156863,1610612763,98,97,2024-12-06T03:11:36Z,6070000,False,-2.0,28.0,1,right,B. Clarke running finger roll Layup (4 PTS) (J. LaRavia 2 AST),"[1629634, 1631222]",1610612763.0,MEM,running finger roll,,,Clarke,B. Clarke,,,,,Restricted Area,0-8 Center,2.84,Made,4.0,J. LaRavia,1631222.0,2.0,,,,,,,,,,,,,,
618,PT06M45.00S,2024-12-06T03:11:53.9Z,4,REGULAR,foul,personal,['2freethrow'],1629630,,,1610612758,98,97,2024-12-06T03:14:07Z,6090000,False,,,0,,J. Morant shooting personal FOUL (2 PF) (DeRozan 2 FT),"[1629630, 201942]",1610612763.0,MEM,shooting,,,Morant,J. Morant,,,,,Mid-Range,8-16 Right,,,,,,,,,,,1628951.0,2.0,1.0,DeRozan,201942.0,,,,,
620,PT06M45.00S,2024-12-06T03:12:18.0Z,4,REGULAR,foul,technical,['1freethrow'],1629630,,,1610612758,98,97,2024-12-06T03:12:24Z,6110000,False,,,0,,J. Morant technical FOUL (2 Tech),[1629630],1610612763.0,MEM,,,,Morant,J. Morant,,,,,,,,,,,,,,,,,1628951.0,2.0,2.0,,,,,,,
621,PT06M45.00S,2024-12-06T03:12:25.7Z,4,REGULAR,ejection,other,[],1629630,,,1610612758,98,97,2024-12-06T03:12:44Z,6120000,False,,,0,,Ejection J. Morant,[1629630],1610612763.0,MEM,,,,Morant,J. Morant,,,,,,,,,,,,,,,,,1628951.0,,,,,,,,,
622,PT06M45.00S,2024-12-06T03:13:09.4Z,4,REGULAR,freethrow,1 of 1,[],201942,,,1610612758,98,98,2024-12-06T03:13:09Z,6130000,False,,,0,,D. DeRozan technical Free Throw 1 of 1 (23 PTS),[201942],1610612758.0,SAC,technical,,,DeRozan,D. DeRozan,,,,,,,,Made,23.0,,,,,,,,,,,,,,,,,
623,PT06M45.00S,2024-12-06T03:13:12.1Z,4,REGULAR,substitution,out,[],1631222,,,1610612758,98,98,2024-12-06T03:13:27Z,6140000,False,,,0,,SUB out: J. LaRavia,[1631222],1610612763.0,MEM,,,,LaRavia,J. LaRavia,,,,,,,,,,,,,,,,,,,,,,,,,,
624,PT06M45.00S,2024-12-06T03:13:12.1Z,4,REGULAR,substitution,out,[],1629630,,,1610612758,98,98,2024-12-06T03:13:27Z,6150000,False,,,0,,SUB out: J. Morant,[1629630],1610612763.0,MEM,,,,Morant,J. Morant,,,,,,,,,,,,,,,,,,,,,,,,,,
625,PT06M45.00S,2024-12-06T03:13:12.1Z,4,REGULAR,substitution,out,[],1629634,,,1610612758,98,98,2024-12-06T03:13:27Z,6160000,False,,,0,,SUB out: B. Clarke,[1629634],1610612763.0,MEM,,,,Clarke,B. Clarke,,,,,,,,,,,,,,,,,,,,,,,,,,
626,PT06M45.00S,2024-12-06T03:13:12.1Z,4,REGULAR,substitution,in,[],1630590,,,1610612758,98,98,2024-12-06T03:13:27Z,6170000,False,,,0,,SUB in: S. Pippen Jr.,[1630590],1610612763.0,MEM,,,,Pippen Jr.,S. Pippen Jr.,,,,,,,,,,,,,,,,,,,,,,,,,,
627,PT06M45.00S,2024-12-06T03:13:12.1Z,4,REGULAR,substitution,in,[],1630583,,,1610612758,98,98,2024-12-06T03:13:27Z,6180000,False,,,0,,SUB in: S. Aldama,[1630583],1610612763.0,MEM,,,,Aldama,S. Aldama,,,,,,,,,,,,,,,,,,,,,,,,,,
628,PT06M45.00S,2024-12-06T03:13:12.1Z,4,REGULAR,substitution,in,[],203935,,,1610612758,98,98,2024-12-06T03:13:27Z,6190000,False,,,0,,SUB in: M. Smart,[203935],1610612763.0,MEM,,,,Smart,M. Smart,,,,,,,,,,,,,,,,,,,,,,,,,,
629,PT06M45.00S,2024-12-06T03:13:44.6Z,4,REGULAR,freethrow,1 of 2,[],201942,,,1610612758,98,99,2024-12-06T03:14:17Z,6200000,False,,,0,,D. DeRozan Free Throw 1 of 2 (24 PTS),[201942],1610612758.0,SAC,,,,DeRozan,D. DeRozan,,,,,,,,Made,24.0,,,,,,,,,,,,,,,,,
662,PT06M45.00S,2024-12-06T03:13:58.9Z,4,REGULAR,substitution,out,[],1628989,,,1610612758,98,99,2024-12-06T03:22:09Z,6225000,False,,,0,,SUB out: K. Huerter,[1628989],1610612758.0,SAC,,,,Huerter,K. Huerter,,,,,,,,,,,,,,,,,,,,,,,,,,
663,PT06M45.00S,2024-12-06T03:13:58.9Z,4,REGULAR,substitution,out,[],1631165,,,1610612758,98,99,2024-12-06T03:22:09Z,6237500,False,,,0,,SUB out: K. Ellis,[1631165],1610612758.0,SAC,,,,Ellis,K. Ellis,,,,,,,,,,,,,,,,,,,,,,,,,,
664,PT06M45.00S,2024-12-06T03:13:58.9Z,4,REGULAR,substitution,in,[],1628368,,,1610612758,98,99,2024-12-06T03:22:09Z,6243750,False,,,0,,SUB in: D. Fox,[1628368],1610612758.0,SAC,,,,Fox,D. Fox,,,,,,,,,,,,,,,,,,,,,,,,,,
665,PT06M45.00S,2024-12-06T03:13:58.9Z,4,REGULAR,substitution,in,[],1631099,,,1610612758,98,99,2024-12-06T03:22:09Z,6246875,False,,,0,,SUB in: K. Murray,[1631099],1610612758.0,SAC,,,,Murray,K. Murray,,,,,,,,,,,,,,,,,,,,,,,,,,
634,PT06M45.00S,2024-12-06T03:13:44.6Z,4,REGULAR,freethrow,2 of 2,[],201942,,,1610612758,98,99,2024-12-06T03:14:17Z,6250000,False,,,0,,MISS D. DeRozan Free Throw 2 of 2,[201942],1610612758.0,SAC,,,,DeRozan,D. DeRozan,,,,,,,,Missed,,,,,,,,,,,,,,,,,,
635,PT06M43.00S,2024-12-06T03:13:46.6Z,4,REGULAR,rebound,defensive,[],1630217,,,1610612763,98,99,2024-12-06T03:14:17Z,6260000,False,,,0,,D. Bane REBOUND (Off:1 Def:4),[1630217],1610612763.0,MEM,,,,Bane,D. Bane,,,,,,,,,,,,,634.0,5.0,4.0,1.0,,,,,,,,,,
658,PT06M31.00S,2024-12-06T03:14:13.3Z,4,REGULAR,turnover,lost ball,[],1628991,,,1610612763,98,99,2024-12-06T03:19:56Z,6275000,False,,,0,,J. Jackson Jr. lost ball TURNOVER (3 TO),[1628991],1610612763.0,MEM,,,,Jackson Jr.,J. Jackson Jr.,,,,,Above the Break 3,24+ Left Center,,,,,,,,,,,,,,,,3.0,,,,
638,PT06M31.00S,2024-12-06T03:14:41.4Z,4,REGULAR,timeout,full,"['team', 'mandatory']",0,,,1610612758,98,99,2024-12-06T03:19:56Z,6290000,False,,,0,,SAC Timeout,[],1610612758.0,SAC,,,,,,,,,,,,,,,,,,,,,,,,,,,,,,,
640,PT06M31.00S,2024-12-06T03:17:02.2Z,4,REGULAR,substitution,out,[],1628991,,,1610612758,98,99,2024-12-06T03:19:56Z,6310000,False,,,0,,SUB out: J. Jackson Jr.,[1628991],1610612763.0,MEM,,,,Jackson Jr.,J. Jackson Jr.,,,,,,,,,,,,,,,,,,,,,,,,,,
641,PT06M31.00S,2024-12-06T03:17:02.2Z,4,REGULAR,substitution,in,[],1630643,,,1610612758,98,99,2024-12-06T03:19:56Z,6320000,False,,,0,,SUB in: J. Huff,[1630643],1610612763.0,MEM,,,,Huff,J. Huff,,,,,,,,,,,,,,,,,,,,,,,,,,
642,PT06M15.00S,2024-12-06T03:17:44.9Z,4,REGULAR,2pt,Jump Shot,['fromturnover'],1628370,11.12023653088042,18.38235294117647,1610612758,98,101,2024-12-06T03:19:00Z,6330000,False,158.0,52.0,1,left,M. Monk 16' pullup Jump Shot (18 PTS) (D. Fox 3 AST),"[1628370, 1628368]",1610612758.0,SAC,pullup,,,Monk,M. Monk,,,,,Mid-Range,16-24 Right,16.64,Made,18.0,D. Fox,1628368.0,3.0,,,,,,,,,,,,,,
644,PT06M03.00S,2024-12-06T03:17:57.2Z,4,REGULAR,foul,personal,['2freethrow'],1631099,,,1610612763,98,101,2024-12-06T03:18:15Z,6350000,False,,,0,,K. Murray shooting personal FOUL (2 PF) (Smart 2 FT),"[1631099, 203935]",1610612758.0,SAC,shooting,,,Murray,K. Murray,,,,,Mid-Range,8-16 Right,,,,,,,,,,,2003.0,2.0,0.0,Smart,203935.0,,,,,
646,PT06M03.00S,2024-12-06T03:18:22.1Z,4,REGULAR,freethrow,1 of 2,[],203935,,,1610612763,98,101,2024-12-06T03:18:22Z,6370000,False,,,0,,MISS M. Smart Free Throw 1 of 2,[203935],1610612763.0,MEM,,,,Smart,M. Smart,,,,,,,,Missed,,,,,,,,,,,,,,,,,,
647,PT06M03.00S,2024-12-06T03:18:22.1Z,4,REGULAR,rebound,offensive,"['deadball', 'team']",0,,,1610612763,98,101,2024-12-06T03:18:22Z,6380000,False,,,0,,TEAM offensive REBOUND,[],1610612763.0,MEM,,,,,,,,,,,,,,,,,,646.0,,,,,,,,,,,,,
648,PT06M03.00S,2024-12-06T03:18:35.3Z,4,REGULAR,freethrow,2 of 2,[],203935,,,1610612763,99,101,2024-12-06T03:18:35Z,6390000,False,,,0,,M. Smart Free Throw 2 of 2 (15 PTS),[203935],1610612763.0,MEM,,,,Smart,M. Smart,,,,,,,,Made,15.0,,,,,,,,,,,,,,,,,
649,PT05M43.00S,2024-12-06T03:18:57.0Z,4,REGULAR,2pt,Jump Shot,[],1628370,18.347568988173457,19.362745098039216,1610612758,99,101,2024-12-06T03:19:04Z,6400000,False,153.0,120.0,1,left,MISS M. Monk 19' step back Shot,[1628370],1610612758.0,SAC,step back,,,Monk,M. Monk,,,,,Mid-Range,16-24 Right Center,19.46,Missed,,,,,,,,,,,,,,,,,,
650,PT05M40.00S,2024-12-06T03:18:59.9Z,4,REGULAR,rebound,defensive,[],1630590,,,1610612763,99,101,2024-12-06T03:18:59Z,6410000,False,,,0,,S. Pippen Jr. REBOUND (Off:0 Def:1),[1630590],1610612763.0,MEM,,,,Pippen Jr.,S. Pippen Jr.,,,,,Mid-Range,16-24 Right Center,,,,,,,649.0,1.0,1.0,0.0,,,,,,,,,,
652,PT05M18.00S,2024-12-06T03:19:22.1Z,4,REGULAR,3pt,Jump Shot,[],1630590,75.90341655716163,87.99019607843137,1610612763,99,101,2024-12-06T03:19:26Z,6420000,False,190.0,174.0,1,right,MISS S. Pippen Jr. 25' 3PT,[1630590],1610612763.0,MEM,,,,Pippen Jr.,S. Pippen Jr.,,,,,Above the Break 3,24+ Right Center,25.76,Missed,,,,,,,,,,,,,,,,,,
653,PT05M15.00S,2024-12-06T03:19:25.1Z,4,REGULAR,rebound,defensive,[],1627734,,,1610612758,99,101,2024-12-06T03:19:26Z,6430000,False,,,0,,D. Sabonis REBOUND (Off:4 Def:9),[1627734],1610612758.0,SAC,,,,Sabonis,D. Sabonis,,,,,Above the Break 3,24+ Right Center,,,,,,,652.0,13.0,9.0,4.0,,,,,,,,,,
654,PT05M07.00S,2024-12-06T03:19:33.1Z,4,REGULAR,2pt,Jump Shot,[],201942,12.040078843626807,69.36274509803921,1610612758,99,101,2024-12-06T03:19:37Z,6440000,False,-97.0,61.0,1,left,MISS D. DeRozan 11' turnaround fadeaway Shot,[201942],1610612758.0,SAC,turnaround fadeaway,,,DeRozan,D. DeRozan,,,,,Mid-Range,8-16 Left,11.43,Missed,,,,,,,,,,,,,,,,,,
655,PT05M04.00S,2024-12-06T03:19:36.1Z,4,REGULAR,rebound,defensive,[],1630217,,,1610612763,99,101,2024-12-06T03:19:37Z,6450000,False,,,0,,D. Bane REBOUND (Off:1 Def:5),[1630217],1610612763.0,MEM,,,,Bane,D. Bane,,,,,Mid-Range,8-16 Left,,,,,,,654.0,6.0,5.0,1.0,,,,,,,,,,
656,PT04M57.00S,2024-12-06T03:19:45.4Z,4,REGULAR,foul,offensive,[],1630590,,,1610612763,99,101,2024-12-06T03:21:54Z,6460000,False,,,0,,S. Pippen Jr. offensive FOUL (1 PF),"[1630590, 1631099]",1610612763.0,MEM,,,,Pippen Jr.,S. Pippen Jr.,,,,,Mid-Range,16-24 Right Center,,,,,,,,,,,2003.0,1.0,0.0,Murray,1631099.0,,,,,
661,PT04M57.00S,2024-12-06T03:19:45.4Z,4,REGULAR,turnover,offensive foul,[],1630590,,,1610612763,99,101,2024-12-06T03:19:45Z,6475000,False,,,0,,S. Pippen Jr. offensive foul TURNOVER (1 TO),[1630590],1610612763.0,MEM,,,,Pippen Jr.,S. Pippen Jr.,,,,,Mid-Range,16-24 Right Center,,,,,,,,,,,2003.0,,,,,1.0,,,,
659,PT04M57.00S,2024-12-06T03:20:02.5Z,4,REGULAR,timeout,full,['team'],0,,,1610612758,99,101,2024-12-06T03:23:48Z,6480000,False,,,0,,SAC Timeout,[],1610612758.0,SAC,,,,,,,,,,,,,,,,,,,,,,,,,,,,,,,
666,PT04M57.00S,2024-12-06T03:21:43.3Z,4,REGULAR,substitution,out,[],1630590,,,1610612758,99,101,2024-12-06T03:22:12Z,6500000,False,,,0,,SUB out: S. Pippen Jr.,[1630590],1610612763.0,MEM,,,,Pippen Jr.,S. Pippen Jr.,,,,,,,,,,,,,,,,,,,,,,,,,,
667,PT04M57.00S,2024-12-06T03:21:43.3Z,4,REGULAR,substitution,in,[],1631222,,,1610612758,99,101,2024-12-06T03:22:12Z,6510000,False,,,0,,SUB in: J. LaRavia,[1631222],1610612763.0,MEM,,,,LaRavia,J. LaRavia,,,,,,,,,,,,,,,,,,,,,,,,,,
668,PT04M44.00S,2024-12-06T03:22:39.6Z,4,REGULAR,2pt,Jump Shot,"['pointsinthepaint', 'fromturnover']",1628368,17.69053876478318,48.529411764705884,1610612758,99,101,2024-12-06T03:22:43Z,6520000,False,7.0,114.0,1,left,MISS D. Fox 11' driving floating Shot,[1628368],1610612758.0,SAC,driving floating,,,Fox,D. Fox,,,,,In The Paint (Non-RA),8-16 Center,11.4,Missed,,,,,,,,,,,,,,,,,,
669,PT04M41.00S,2024-12-06T03:22:42.6Z,4,REGULAR,rebound,defensive,[],1631222,,,1610612763,99,101,2024-12-06T03:22:43Z,6530000,False,,,0,,J. LaRavia REBOUND (Off:0 Def:7),[1631222],1610612763.0,MEM,,,,LaRavia,J. LaRavia,,,,,In The Paint (Non-RA),8-16 Center,,,,,,,668.0,7.0,7.0,0.0,,,,,,,,,,
670,PT04M37.00S,2024-12-06T03:22:49.1Z,4,REGULAR,foul,personal,['2freethrow'],201942,,,1610612763,99,101,2024-12-06T03:23:13Z,6540000,False,,,0,,D. DeRozan shooting personal FOUL (4 PF) (LaRavia 2 FT),"[201942, 1631222]",1610612758.0,SAC,shooting,,,DeRozan,D. DeRozan,,,,,In The Paint (Non-RA),8-16 Center,,,,,,,,,,,1628951.0,4.0,0.0,LaRavia,1631222.0,,,,,
672,PT04M37.00S,2024-12-06T03:23:13.6Z,4,REGULAR,freethrow,1 of 2,[],1631222,,,1610612763,100,101,2024-12-06T03:23:28Z,6560000,False,,,0,,J. LaRavia Free Throw 1 of 2 (8 PTS),[1631222],1610612763.0,MEM,,,,LaRavia,J. LaRavia,,,,,,,,Made,8.0,,,,,,,,,,,,,,,,,
673,PT04M37.00S,2024-12-06T03:23:13.6Z,4,REGULAR,freethrow,2 of 2,[],1631222,,,1610612763,100,101,2024-12-06T03:23:28Z,6570000,False,,,0,,MISS J. LaRavia Free Throw 2 of 2,[1631222],1610612763.0,MEM,,,,LaRavia,J. LaRavia,,,,,,,,Missed,,,,,,,,,,,,,,,,,,
674,PT04M35.00S,2024-12-06T03:23:15.6Z,4,REGULAR,rebound,offensive,[],1631222,,,1610612763,100,101,2024-12-06T03:23:28Z,6580000,False,,,0,,J. LaRavia REBOUND (Off:1 Def:7),[1631222],1610612763.0,MEM,,,,LaRavia,J. LaRavia,,,,,,,,,,,,,673.0,8.0,7.0,1.0,,,,,,,,,,
675,PT04M33.00S,2024-12-06T03:23:29.3Z,4,REGULAR,3pt,Jump Shot,['2ndchance'],203935,72.48685939553219,19.852941176470587,1610612763,100,101,2024-12-06T03:23:34Z,6590000,False,-151.0,206.0,1,right,MISS M. Smart 25' 3PT,[203935],1610612763.0,MEM,,,,Smart,M. Smart,,,,,Above the Break 3,24+ Left Center,25.53,Missed,,,,,,,,,,,,,,,,,,
676,PT04M29.00S,2024-12-06T03:23:33.3Z,4,REGULAR,rebound,offensive,[],1630217,,,1610612763,100,101,2024-12-06T03:23:34Z,6600000,False,,,0,,D. Bane REBOUND (Off:2 Def:5),[1630217],1610612763.0,MEM,,,,Bane,D. Bane,,,,,Above the Break 3,24+ Left Center,,,,,,,675.0,7.0,5.0,2.0,,,,,,,,,,
677,PT04M26.00S,2024-12-06T03:23:36.9Z,4,REGULAR,2pt,Layup,"['pointsinthepaint', '2ndchance']",1631222,92.72339027595268,54.166666666666664,1610612763,102,101,2024-12-06T03:23:44Z,6610000,False,21.0,16.0,1,right,J. LaRavia cutting Layup (10 PTS) (D. Bane 7 AST),"[1631222, 1630217]",1610612763.0,MEM,cutting,,,LaRavia,J. LaRavia,,,,,Restricted Area,0-8 Center,2.62,Made,10.0,D. Bane,1630217.0,7.0,,,,,,,,,,,,,,
679,PT04M13.00S,2024-12-06T03:23:49.0Z,4,REGULAR,2pt,Jump Shot,['pointsinthepaint'],201942,18.2161629434954,37.254901960784316,1610612758,102,101,2024-12-06T03:23:54Z,6630000,False,64.0,119.0,1,left,MISS D. DeRozan 13' turnaround Shot,[201942],1610612758.0,SAC,turnaround,,,DeRozan,D. DeRozan,,,,,In The Paint (Non-RA),8-16 Center,13.47,Missed,,,,,,,,,,,,,,,,,,
680,PT04M10.00S,2024-12-06T03:23:52.0Z,4,REGULAR,rebound,defensive,[],1630217,,,1610612763,102,101,2024-12-06T03:23:54Z,6640000,False,,,0,,D. Bane REBOUND (Off:2 Def:6),[1630217],1610612763.0,MEM,,,,Bane,D. Bane,,,,,In The Paint (Non-RA),8-16 Center,,,,,,,679.0,8.0,6.0,2.0,,,,,,,,,,
681,PT04M05.00S,2024-12-06T03:23:57.4Z,4,REGULAR,2pt,Jump Shot,['fastbreak'],1630217,71.04139290407359,34.31372549019608,1610612763,102,101,2024-12-06T03:24:21Z,6650000,False,-78.0,220.0,1,right,MISS D. Bane 23' running pullup Shot,[1630217],1610612763.0,MEM,running pullup,,,Bane,D. Bane,,,,,Mid-Range,16-24 Left Center,23.33,Missed,,,,,,,,,,,,,,,,,,
682,PT03M59.00S,2024-12-06T03:24:03.4Z,4,REGULAR,rebound,offensive,[],1630583,,,1610612763,102,101,2024-12-06T03:24:06Z,6660000,False,,,0,,S. Aldama REBOUND (Off:2 Def:7),[1630583],1610612763.0,MEM,,,,Aldama,S. Aldama,,,,,Mid-Range,16-24 Left Center,,,,,,,681.0,9.0,7.0,2.0,,,,,,,,,,
683,PT03M59.00S,2024-12-06T03:24:02.4Z,4,REGULAR,2pt,Layup,"['2ndchance', 'fastbreak', 'pointsinthepaint']",1630583,94.40999984741211,50.0,1610612763,104,101,2024-12-06T03:24:23Z,6670000,False,0.0,0.0,1,right,S. Aldama tip Layup (15 PTS),[1630583],1610612763.0,MEM,tip,,,Aldama,S. Aldama,,,,,Restricted Area,0-8 Center,0.0,Made,15.0,,,,,,,,,,,,,,,,,
684,PT03M50.00S,2024-12-06T03:24:11.6Z,4,REGULAR,2pt,Layup,['pointsinthepaint'],1628370,9.149145860709593,56.372549019607845,1610612758,104,103,2024-12-06T03:24:16Z,6680000,False,-32.0,34.0,1,left,M. Monk driving Layup (20 PTS) (K. Murray 1 AST),"[1628370, 1631099]",1610612758.0,SAC,driving,,,Monk,M. Monk,,,,,In The Paint (Non-RA),0-8 Center,4.63,Made,20.0,K. Murray,1631099.0,1.0,,,,,,,,,,,,,,
686,PT03M38.00S,2024-12-06T03:24:25.8Z,4,REGULAR,foul,personal,"['inpenalty', '2freethrow']",1628368,,,1610612763,104,103,2024-12-06T03:24:34Z,6700000,False,,,0,,D. Fox personal FOUL (2 PF) (LaRavia 2 FT),"[1628368, 1631222]",1610612758.0,SAC,,,,Fox,D. Fox,,,,,In The Paint (Non-RA),8-16 Left,,,,,,,,,,,2003.0,2.0,0.0,LaRavia,1631222.0,,,,,
688,PT03M38.00S,2024-12-06T03:24:49.4Z,4,REGULAR,freethrow,1 of 2,[],1631222,,,1610612763,105,103,2024-12-06T03:24:49Z,6720000,False,,,0,,J. LaRavia Free Throw 1 of 2 (11 PTS),[1631222],1610612763.0,MEM,,,,LaRavia,J. LaRavia,,,,,,,,Made,11.0,,,,,,,,,,,,,,,,,
689,PT03M38.00S,2024-12-06T03:25:04.3Z,4,REGULAR,freethrow,2 of 2,[],1631222,,,1610612763,106,103,2024-12-06T03:25:04Z,6730000,False,,,0,,J. LaRavia Free Throw 2 of 2 (12 PTS),[1631222],1610612763.0,MEM,,,,LaRavia,J. LaRavia,,,,,,,,Made,12.0,,,,,,,,,,,,,,,,,
690,PT03M23.00S,2024-12-06T03:25:21.0Z,4,REGULAR,2pt,Jump Shot,['pointsinthepaint'],1631099,16.770696452036795,46.568627450980394,1610612758,106,103,2024-12-06T03:27:25Z,6740000,False,17.0,105.0,1,left,MISS K. Murray 10' driving floating Shot,[1631099],1610612758.0,SAC,driving floating,,,Murray,K. Murray,,,,,In The Paint (Non-RA),8-16 Center,10.65,Missed,,,,,,,,,,,,,,,,,,
691,PT03M20.00S,2024-12-06T03:25:24.0Z,4,REGULAR,rebound,defensive,[],203935,,,1610612763,106,103,2024-12-06T03:25:25Z,6750000,False,,,0,,M. Smart REBOUND (Off:0 Def:4),[203935],1610612763.0,MEM,,,,Smart,M. Smart,,,,,In The Paint (Non-RA),8-16 Center,,,,,,,690.0,4.0,4.0,0.0,,,,,,,,,,
692,PT03M16.00S,2024-12-06T03:25:28.1Z,4,REGULAR,2pt,DUNK,"['pointsinthepaint', 'fastbreak']",1630643,93.24901445466492,50.98039215686274,1610612763,108,103,2024-12-06T03:25:33Z,6760000,False,5.0,11.0,1,right,J. Huff running DUNK (11 PTS) (M. Smart 5 AST),"[1630643, 203935]",1610612763.0,MEM,running,,,Huff,J. Huff,,,,,Restricted Area,0-8 Center,1.2,Made,11.0,M. Smart,203935.0,5.0,,,,,,,,,,,,,,
694,PT03M15.00S,2024-12-06T03:25:32.9Z,4,REGULAR,timeout,full,['team'],0,,,1610612758,108,103,2024-12-06T03:25:32Z,6780000,False,,,0,,SAC Timeout,[],1610612758.0,SAC,,,,,,,,,,,,,,,,,,,,,,,,,,,,,,,
695,PT03M00.00S,2024-12-06T03:27:17.0Z,4,REGULAR,foul,personal,['2freethrow'],1630643,,,1610612758,108,103,2024-12-06T03:27:23Z,6790000,False,,,0,,J. Huff shooting personal FOUL (4 PF) (DeRozan 2 FT),"[1630643, 201942]",1610612763.0,MEM,shooting,,,Huff,J. Huff,,,,,Restricted Area,0-8 Center,,,,,,,,,,,2003.0,4.0,0.0,DeRozan,201942.0,,,,,
697,PT03M00.00S,2024-12-06T03:27:46.7Z,4,REGULAR,freethrow,1 of 2,[],201942,,,1610612758,108,104,2024-12-06T03:27:46Z,6810000,False,,,0,,D. DeRozan Free Throw 1 of 2 (25 PTS),[201942],1610612758.0,SAC,,,,DeRozan,D. DeRozan,,,,,,,,Made,25.0,,,,,,,,,,,,,,,,,
698,PT03M00.00S,2024-12-06T03:28:02.5Z,4,REGULAR,freethrow,2 of 2,[],201942,,,1610612758,108,105,2024-12-06T03:28:02Z,6820000,False,,,0,,D. DeRozan Free Throw 2 of 2 (26 PTS),[201942],1610612758.0,SAC,,,,DeRozan,D. DeRozan,,,,,,,,Made,26.0,,,,,,,,,,,,,,,,,
699,PT02M47.00S,2024-12-06T03:28:17.8Z,4,REGULAR,2pt,Layup,['pointsinthepaint'],1630217,91.93495400788436,56.61764705882353,1610612763,110,105,2024-12-06T03:28:21Z,6830000,False,33.0,23.0,1,right,D. Bane driving finger roll Layup (16 PTS),[1630217],1610612763.0,MEM,driving finger roll,,,Bane,D. Bane,,,,,Restricted Area,0-8 Center,4.05,Made,16.0,,,,,,,,,,,,,,,,,
700,PT02M36.00S,2024-12-06T03:28:28.4Z,4,REGULAR,2pt,Jump Shot,['pointsinthepaint'],1628368,12.959921156373195,60.78431372549019,1610612758,110,105,2024-12-06T03:28:33Z,6840000,False,-54.0,69.0,1,left,MISS D. Fox 8' driving floating Shot,[1628368],1610612758.0,SAC,driving floating,,,Fox,D. Fox,,,,,In The Paint (Non-RA),8-16 Left,8.78,Missed,,,,,,,,,,,,,,,,,,
701,PT02M32.00S,2024-12-06T03:28:32.4Z,4,REGULAR,rebound,offensive,[],1628368,,,1610612758,110,105,2024-12-06T03:28:33Z,6850000,False,,,0,,D. Fox REBOUND (Off:2 Def:4),[1628368],1610612758.0,SAC,,,,Fox,D. Fox,,,,,In The Paint (Non-RA),8-16 Left,,,,,,,700.0,6.0,4.0,2.0,,,,,,,,,,
702,PT02M32.00S,2024-12-06T03:28:32.0Z,4,REGULAR,2pt,Layup,"['pointsinthepaint', '2ndchance']",1628368,5.590000152587891,50.0,1610612758,110,105,2024-12-06T03:28:32Z,6860000,False,0.0,0.0,1,left,MISS D. Fox tip Layup,[1628368],1610612758.0,SAC,tip,,,Fox,D. Fox,,,,,Mid-Range,8-16 Left,0.0,Missed,,,,,,,,,,,,,,,,,,
703,PT02M31.00S,2024-12-06T03:28:32.9Z,4,REGULAR,rebound,defensive,[],1630583,,,1610612763,110,105,2024-12-06T03:28:32Z,6870000,False,,,0,,S. Aldama REBOUND (Off:2 Def:8),[1630583],1610612763.0,MEM,,,,Aldama,S. Aldama,,,,,Mid-Range,8-16 Left,,,,,,,702.0,10.0,8.0,2.0,,,,,,,,,,
704,PT02M19.00S,2024-12-06T03:28:45.0Z,4,REGULAR,turnover,bad pass,[],1631222,,,1610612763,110,105,2024-12-06T03:28:49Z,6880000,False,,,0,,J. LaRavia bad pass TURNOVER (2 TO),"[1631222, 1628368]",1610612763.0,MEM,,,,LaRavia,J. LaRavia,,,,,In The Paint (Non-RA),0-8 Center,,,,,,,,,,,,,,,,2.0,Fox,1628368.0,,
705,PT02M19.00S,2024-12-06T03:28:45.0Z,4,REGULAR,steal,,[],1628368,,,1610612758,110,105,2024-12-06T03:28:47Z,6890000,False,,,0,,D. Fox STEAL (6 STL),[1628368],1610612758.0,SAC,,,,Fox,D. Fox,,,,,In The Paint (Non-RA),0-8 Center,,,,,,,,,,,,,,,,,,,,
706,PT02M13.00S,2024-12-06T03:28:51.1Z,4,REGULAR,3pt,Jump Shot,"['fromturnover', 'fastbreak']",1628370,6.521024967148489,95.34313725490196,1610612758,110,108,2024-12-06T03:28:56Z,6900000,False,-227.0,9.0,1,left,M. Monk 3PT running (23 PTS) (K. Murray 2 AST),"[1628370, 1631099]",1610612758.0,SAC,running,,,Monk,M. Monk,,,,,Left Corner 3,24+ Left,22.69,Made,23.0,K. Murray,1631099.0,2.0,,,,,,,,,,,,,,
708,PT01M43.00S,2024-12-06T03:29:25.0Z,4,REGULAR,2pt,Jump Shot,[],1630643,92.85479632063075,7.352941176470589,1610612763,110,108,2024-12-06T03:30:38Z,6920000,False,-213.0,15.0,1,right,MISS J. Huff 21' Jump Shot,[1630643],1610612763.0,MEM,,,,Huff,J. Huff,,,,,Mid-Range,16-24 Left,21.37,Missed,,,,,,,,,,,,,,,,,,
709,PT01M39.00S,2024-12-06T03:29:29.0Z,4,REGULAR,rebound,offensive,['team'],0,,,1610612763,110,108,2024-12-06T03:31:33Z,6930000,False,,,0,,TEAM offensive REBOUND,[],1610612763.0,MEM,,,,,,,,,,Mid-Range,16-24 Left,,,,,,,708.0,,,,,,,,,,,,,
711,PT01M39.00S,2024-12-06T03:29:37.1Z,4,REGULAR,timeout,full,['team'],0,,,1610612763,110,108,2024-12-06T03:31:33Z,6950000,False,,,0,,MEM Timeout,[],1610612763.0,MEM,,,,,,,,,,,,,,,,,,,,,,,,,,,,,,,
713,PT01M39.00S,2024-12-06T03:31:29.8Z,4,REGULAR,substitution,out,[],1630643,,,1610612763,110,108,2024-12-06T03:31:44Z,6970000,False,,,0,,SUB out: J. Huff,[1630643],1610612763.0,MEM,,,,Huff,J. Huff,,,,,,,,,,,,,,,,,,,,,,,,,,
714,PT01M39.00S,2024-12-06T03:31:29.8Z,4,REGULAR,substitution,in,[],1628991,,,1610612763,110,108,2024-12-06T03:31:44Z,6980000,False,,,0,,SUB in: J. Jackson Jr.,[1628991],1610612763.0,MEM,,,,Jackson Jr.,J. Jackson Jr.,,,,,,,,,,,,,,,,,,,,,,,,,,
715,PT01M33.00S,2024-12-06T03:31:57.6Z,4,REGULAR,2pt,Jump Shot,['2ndchance'],1630217,81.42247043363994,30.88235294117647,1610612763,112,108,2024-12-06T03:32:02Z,6990000,False,-96.0,122.0,1,right,D. Bane 15' pullup Jump Shot (18 PTS) (J. Jackson Jr. 2 AST),"[1630217, 1628991]",1610612763.0,MEM,pullup,,,Bane,D. Bane,,,,,Mid-Range,8-16 Left,15.51,Made,18.0,J. Jackson Jr.,1628991.0,2.0,,,,,,,,,,,,,,
717,PT01M22.00S,2024-12-06T03:32:11.0Z,4,REGULAR,2pt,Jump Shot,[],1628370,23.340998685939553,58.82352941176471,1610612758,112,108,2024-12-06T03:32:15Z,7010000,False,-44.0,167.0,1,left,MISS M. Monk 17' pullup Shot,[1628370],1610612758.0,SAC,pullup,,,Monk,M. Monk,,,,,Mid-Range,16-24 Center,17.26,Missed,,,,,,,,,,,,,,,,,,
718,PT01M18.00S,2024-12-06T03:32:15.0Z,4,REGULAR,rebound,defensive,['team'],0,,,1610612763,112,108,2024-12-06T03:32:23Z,7020000,False,,,0,,TEAM defensive REBOUND,[],1610612763.0,MEM,,,,,,,,,,Mid-Range,16-24 Center,,,,,,,717.0,,,,,,,,,,,,,
719,PT01M18.00S,2024-12-06T03:32:18.9Z,4,REGULAR,foul,personal,"['inpenalty', '2freethrow']",1627734,,,1610612763,112,108,2024-12-06T03:32:40Z,7030000,False,,,0,,D. Sabonis loose ball personal FOUL (3 PF) (Smart 2 FT),"[1627734, 203935]",1610612758.0,SAC,loose ball,,,Sabonis,D. Sabonis,,,,,In The Paint (Non-RA),0-8 Center,,,,,,,,,,,1628951.0,3.0,0.0,Smart,203935.0,,,,,
721,PT01M18.00S,2024-12-06T03:33:06.0Z,4,REGULAR,freethrow,1 of 2,[],203935,,,1610612763,112,108,2024-12-06T03:33:06Z,7050000,False,,,0,,MISS M. Smart Free Throw 1 of 2,[203935],1610612763.0,MEM,,,,Smart,M. Smart,,,,,,,,Missed,,,,,,,,,,,,,,,,,,
722,PT01M18.00S,2024-12-06T03:33:06.0Z,4,REGULAR,rebound,offensive,"['deadball', 'team']",0,,,1610612763,112,108,2024-12-06T03:33:06Z,7060000,False,,,0,,TEAM offensive REBOUND,[],1610612763.0,MEM,,,,,,,,,,,,,,,,,,721.0,,,,,,,,,,,,,
723,PT01M18.00S,2024-12-06T03:33:23.9Z,4,REGULAR,freethrow,2 of 2,[],203935,,,1610612763,113,108,2024-12-06T03:33:23Z,7070000,False,,,0,,M. Smart Free Throw 2 of 2 (16 PTS),[203935],1610612763.0,MEM,,,,Smart,M. Smart,,,,,,,,Made,16.0,,,,,,,,,,,,,,,,,
724,PT01M09.00S,2024-12-06T03:33:35.4Z,4,REGULAR,2pt,Jump Shot,['pointsinthepaint'],1628368,13.61695137976347,56.127450980392155,1610612758,113,110,2024-12-06T03:33:39Z,7080000,False,-31.0,75.0,1,left,D. Fox 8' driving floating Jump Shot (18 PTS),[1628368],1610612758.0,SAC,driving floating,,,Fox,D. Fox,,,,,In The Paint (Non-RA),8-16 Center,8.15,Made,18.0,,,,,,,,,,,,,,,,,
725,PT00M47.10S,2024-12-06T03:34:00.0Z,4,REGULAR,3pt,Jump Shot,[],203935,92.85479632063075,4.411764705882353,1610612763,113,110,2024-12-06T03:34:04Z,7090000,False,-228.0,15.0,1,right,MISS M. Smart 3PT,[203935],1610612763.0,MEM,,,,Smart,M. Smart,,,,,Left Corner 3,24+ Left,22.84,Missed,,,,,,,,,,,,,,,,,,
726,PT00M45.40S,2024-12-06T03:34:01.7Z,4,REGULAR,rebound,defensive,[],201942,,,1610612758,113,110,2024-12-06T03:34:04Z,7100000,False,,,0,,D. DeRozan REBOUND (Off:1 Def:2),[201942],1610612758.0,SAC,,,,DeRozan,D. DeRozan,,,,,Left Corner 3,24+ Left,,,,,,,725.0,3.0,2.0,1.0,,,,,,,,,,
727,PT00M33.00S,2024-12-06T03:34:41.6Z,4,REGULAR,jumpball,recovered,[],1630217,,,1610612758,113,110,2024-12-06T03:34:41Z,7110000,False,,,0,,Jump Ball J. Jackson Jr. vs. D. Sabonis: Tip to D. Bane,"[1630217, 1628991, 1627734]",1610612763.0,MEM,heldball,D. Bane,1630217.0,Bane,D. Bane,Jackson Jr.,1628991.0,Sabonis,1627734.0,,,,,,,,,,,,,,,,,,,,,,
730,PT00M33.00S,2024-12-06T03:34:41.6Z,4,REGULAR,turnover,bad pass,[],201942,,,1610612758,113,110,2024-12-06T03:34:54Z,7140000,False,,,0,,D. DeRozan bad pass TURNOVER (2 TO),"[201942, 1628991]",1610612758.0,SAC,,,,DeRozan,D. DeRozan,,,,,Restricted Area,0-8 Center,,,,,,,,,,,,,,,,2.0,Jackson Jr.,1628991.0,,
731,PT00M33.00S,2024-12-06T03:34:41.6Z,4,REGULAR,steal,,[],1628991,,,1610612763,113,110,2024-12-06T03:34:41Z,7150000,False,,,0,,J. Jackson Jr. STEAL (2 STL),[1628991],1610612763.0,MEM,,,,Jackson Jr.,J. Jackson Jr.,,,,,Restricted Area,0-8 Center,,,,,,,,,,,,,,,,,,,,
732,PT00M14.00S,2024-12-06T03:35:04.0Z,4,REGULAR,turnover,palming,[],1628991,,,1610612763,113,110,2024-12-06T03:35:10Z,7160000,False,,,0,,J. Jackson Jr. palming TURNOVER (4 TO),[1628991],1610612763.0,MEM,,,,Jackson Jr.,J. Jackson Jr.,,,,,In The Paint (Non-RA),0-8 Center,,,,,,,,,,,1628951.0,,,,,4.0,,,,
733,PT00M14.00S,2024-12-06T03:35:17.0Z,4,REGULAR,timeout,full,['team'],0,,,1610612758,113,110,2024-12-06T03:35:17Z,7170000,False,,,0,,SAC Timeout,[],1610612758.0,SAC,,,,,,,,,,,,,,,,,,,,,,,,,,,,,,,
734,PT00M14.00S,2024-12-06T03:36:10.1Z,4,REGULAR,substitution,out,[],1631099,,,1610612758,113,110,2024-12-06T03:36:39Z,7180000,False,,,0,,SUB out: K. Murray,[1631099],1610612758.0,SAC,,,,Murray,K. Murray,,,,,,,,,,,,,,,,,,,,,,,,,,
735,PT00M14.00S,2024-12-06T03:36:10.1Z,4,REGULAR,substitution,in,[],1628989,,,1610612758,113,110,2024-12-06T03:36:39Z,7190000,False,,,0,,SUB in: K. Huerter,[1628989],1610612758.0,SAC,,,,Huerter,K. Huerter,,,,,,,,,,,,,,,,,,,,,,,,,,
736,PT00M06.20S,2024-12-06T03:37:03.6Z,4,REGULAR,3pt,Jump Shot,['fromturnover'],1628370,30.962549277266753,68.38235294117648,1610612758,113,110,2024-12-06T03:37:11Z,7200000,False,-92.0,239.0,1,left,MISS M. Monk 25' pullup 3PT,[1628370],1610612758.0,SAC,pullup,,,Monk,M. Monk,,,,,Above the Break 3,24+ Left Center,25.56,Missed,,,,,,,,,,,,,,,,,,
737,PT00M03.70S,2024-12-06T03:37:09.5Z,4,REGULAR,rebound,defensive,['team'],0,,,1610612763,113,110,2024-12-06T03:37:09Z,7210000,False,,,0,,TEAM defensive REBOUND,[],1610612763.0,MEM,,,,,,,,,,Above the Break 3,24+ Left Center,,,,,,,736.0,,,,,,,,,,,,,
739,PT00M02.90S,2024-12-06T03:37:21.2Z,4,REGULAR,foul,personal,"['inpenalty', '2freethrow']",201942,,,1610612763,113,110,2024-12-06T03:37:29Z,7230000,False,,,0,,D. DeRozan take personal FOUL (5 PF) (Smart 2 FT),"[201942, 203935]",1610612758.0,SAC,take,,,DeRozan,D. DeRozan,,,,,Mid-Range,8-16 Left,,,,,,,,,,,1204.0,5.0,0.0,Smart,203935.0,,,,,
741,PT00M02.90S,2024-12-06T03:37:54.3Z,4,REGULAR,freethrow,1 of 2,[],203935,,,1610612763,114,110,2024-12-06T03:37:54Z,7250000,False,,,0,,M. Smart Free Throw 1 of 2 (17 PTS),[203935],1610612763.0,MEM,,,,Smart,M. Smart,,,,,,,,Made,17.0,,,,,,,,,,,,,,,,,
742,PT00M02.90S,2024-12-06T03:38:07.6Z,4,REGULAR,freethrow,2 of 2,[],203935,,,1610612763,115,110,2024-12-06T03:38:07Z,7260000,False,,,0,,M. Smart Free Throw 2 of 2 (18 PTS),[203935],1610612763.0,MEM,,,,Smart,M. Smart,,,,,,,,Made,18.0,,,,,,,,,,,,,,,,,
743,PT00M00.70S,2024-12-06T03:38:16.9Z,4,REGULAR,3pt,Jump Shot,[],1628370,38.05847568988173,15.441176470588236,1610612758,115,110,2024-12-06T03:38:22Z,7270000,False,173.0,305.0,1,left,MISS M. Monk 35' pullup 3PT,[1628370],1610612758.0,SAC,pullup,,,Monk,M. Monk,,,,,Above the Break 3,24+ Right Center,35.07,Missed,,,,,,,,,,,,,,,,,,
744,PT00M00.70S,2024-12-06T03:38:16.9Z,4,REGULAR,rebound,offensive,['team'],0,,,1610612758,115,110,2024-12-06T03:38:22Z,7280000,False,,,0,,TEAM offensive REBOUND,[],1610612758.0,SAC,,,,,,,,,,Above the Break 3,24+ Right Center,,,,,,,743.0,,,,,,,,,,,,,
745,PT00M00.00S,2024-12-06T03:38:20.9Z,4,REGULAR,period,end,[],0,,,1610612758,115,110,2024-12-06T03:38:20Z,7290000,False,,,0,,Period End,[],,,,,,,,,,,,,,,,,,,,,,,,,,,,,,,,,
746,PT00M00.00S,2024-12-06T03:38:23.3Z,4,REGULAR,game,end,[],0,,,0,115,110,2024-12-06T03:38:23Z,7300000,False,,,0,,Game End,[],,,,,,,,,,,,,,,,,,,,,,,,,,,,,,,,,
