actionNumber,clock,timeActual,period,periodType,actionType,subType,qualifiers,personId,x,y,possession,scoreHome,scoreAway,edited,orderNumber,isTargetScoreLastPeriod,xLegacy,yLegacy,isFieldGoal,side,description,personIdsFilter,teamId,teamTricode,descriptor,jumpBallRecoveredName,jumpBallWonPlayerName,jumpBallWonPersonId,jumpBallLostPlayerName,jumpBallLostPersonId,area,areaDetail,shotDistance,shotResult,pointsTotal,playerName,playerNameI,assistPlayerNameInitial,assistPersonId,assistTotal,shotActionNumber,reboundTotal,reboundDefensiveTotal,reboundOffensiveTotal,turnoverTotal,stealPlayerName,stealPersonId,officialId,foulPersonalTotal,foulTechnicalTotal,foulDrawnPlayerName,foulDrawnPersonId,blockPlayerName,blockPersonId
2,PT12M00.00S,2025-03-29T23:40:44.8Z,1,REGULAR,period,start,[],0,,,0,0,0,2025-03-29T23:40:44Z,20000,False,,,0,,Period Start,[],,,,,,,,,,,,,,,,,,,,,,,,,,,,,,,,
4,PT11M57.00S,2025-03-29T23:40:51.2Z,1,REGULAR,jumpball,recovered,[],0,,,1610612755,0,0,2025-03-29T23:40:51Z,40000,False,,,0,,Jump Ball A. Bona vs. K. Ware: Tip to Team (PHI),"[1641737, 1642276]",1610612755.0,PHI,startperiod,Team (PHI),Bona,1641737.0,Ware,1642276.0,,,,,,,,,,,,,,,,,,,,,,,,
8,PT11M48.00S,2025-03-29T23:41:12.8Z,1,REGULAR,2pt,DUNK,['pointsinthepaint'],1641737,5.995400788436268,52.20588235294118,1610612755,2,0,2025-03-29T23:41:17Z,80000,False,-11.0,4.0,1,left,A. Bona alley-oop DUNK (2 PTS) (J. Butler 1 AST),"[1641737, 1630215]",1610612755.0,PHI,alley-oop,,,,,,Restricted Area,0-8 Center,1.17,Made,2.0,Bona,A. Bona,J. Butler,1630215.0,1.0,,,,,,,,,,,,,,
10,PT11M26.00S,2025-03-29T23:41:34.2Z,1,REGULAR,2pt,Layup,['pointsinthepaint'],1641796,90.88370565045992,48.03921568627451,1610612748,2,0,2025-03-29T23:41:38Z,100000,False,-10.0,33.0,1,right,MISS P. Larsson driving finger roll Layup,[1641796],1610612748.0,MIA,driving finger roll,,,,,,Restricted Area,0-8 Center,3.46,Missed,,Larsson,P. Larsson,,,,,,,,,,,,,,,,,
11,PT11M24.00S,2025-03-29T23:41:36.6Z,1,REGULAR,rebound,defensive,[],1629656,,,1610612755,2,0,2025-03-29T23:41:36Z,110000,False,,,0,,Q. Grimes REBOUND (Off:0 Def:1),[1629656],1610612755.0,PHI,,,,,,,Restricted Area,0-8 Center,,,,Grimes,Q. Grimes,,,,10.0,1.0,1.0,0.0,,,,,,,,,,
12,PT11M20.00S,2025-03-29T23:41:40.2Z,1,REGULAR,3pt,Jump Shot,['fastbreak'],1642348,26.10052562417871,16.176470588235293,1610612755,2,0,2025-03-29T23:41:47Z,120000,False,169.0,193.0,1,left,MISS J. Edwards 25' running pullup 3PT,[1642348],1610612755.0,PHI,running pullup,,,,,,Above the Break 3,24+ Right Center,25.65,Missed,,Edwards,J. Edwards,,,,,,,,,,,,,,,,,
13,PT11M16.00S,2025-03-29T23:41:44.2Z,1,REGULAR,rebound,defensive,[],1628389,,,1610612748,2,0,2025-03-29T23:41:47Z,130000,False,,,0,,B. Adebayo REBOUND (Off:0 Def:1),[1628389],1610612748.0,MIA,,,,,,,Above the Break 3,24+ Right Center,,,,Adebayo,B. Adebayo,,,,12.0,1.0,1.0,0.0,,,,,,,,,,
14,PT11M12.00S,2025-03-29T23:41:48.4Z,1,REGULAR,turnover,lost ball,[],1629639,,,1610612748,2,0,2025-03-29T23:41:52Z,140000,False,,,0,,T. Herro lost ball TURNOVER (1 TO),"[1629639, 1642348]",1610612748.0,MIA,,,,,,,Mid-Range,16-24 Center,,,,Herro,T. Herro,,,,,,,,1.0,Edwards,1642348.0,,,,,,,
15,PT11M12.00S,2025-03-29T23:41:48.4Z,1,REGULAR,steal,,[],1642348,,,1610612755,2,0,2025-03-29T23:41:50Z,150000,False,,,0,,J. Edwards STEAL (1 STL),[1642348],1610612755.0,PHI,,,,,,,Mid-Range,16-24 Center,,,,Edwards,J. Edwards,,,,,,,,,,,,,,,,,
16,PT11M06.00S,2025-03-29T23:41:54.7Z,1,REGULAR,3pt,Jump Shot,"['fromturnover', 'fastbreak']",1630215,8.623521681997373,2.941176470588235,1610612755,5,0,2025-03-29T23:41:59Z,160000,False,235.0,29.0,1,left,J. Butler 3PT running (3 PTS) (J. Edwards 1 AST),"[1630215, 1642348]",1610612755.0,PHI,running,,,,,,Right Corner 3,24+ Right,23.7,Made,3.0,Butler,J. Butler,J. Edwards,1642348.0,1.0,,,,,,,,,,,,,,
18,PT10M43.00S,2025-03-29T23:42:17.9Z,1,REGULAR,2pt,Jump Shot,['pointsinthepaint'],1629639,91.80354796320631,52.20588235294118,1610612748,5,0,2025-03-29T23:42:24Z,180000,False,11.0,25.0,1,right,MISS T. Herro driving floating Shot,[1629639],1610612748.0,MIA,driving floating,,,,,,Restricted Area,0-8 Center,2.69,Missed,,Herro,T. Herro,,,,,,,,,,,,,,,,,
19,PT10M39.00S,2025-03-29T23:42:21.1Z,1,REGULAR,rebound,offensive,[],1642276,,,1610612748,5,0,2025-03-29T23:42:21Z,190000,False,,,0,,K. Ware REBOUND (Off:1 Def:0),[1642276],1610612748.0,MIA,,,,,,,Restricted Area,0-8 Center,,,,Ware,K. Ware,,,,18.0,1.0,0.0,1.0,,,,,,,,,,
20,PT10M39.00S,2025-03-29T23:42:21.1Z,1,REGULAR,2pt,Layup,"['pointsinthepaint', '2ndchance']",1642276,94.40999984741211,50.0,1610612748,5,2,2025-03-29T23:42:21Z,200000,False,0.0,0.0,1,right,K. Ware tip Layup (2 PTS),[1642276],1610612748.0,MIA,tip,,,,,,Mid-Range,8-16 Left,0.0,Made,2.0,Ware,K. Ware,,,,,,,,,,,,,,,,,
21,PT10M28.00S,2025-03-29T23:42:32.8Z,1,REGULAR,3pt,Jump Shot,[],1630215,26.62614980289093,78.92156862745098,1610612755,8,2,2025-03-29T23:42:37Z,210000,False,-145.0,198.0,1,left,J. Butler 24' 3PT pullup (6 PTS) (J. Edwards 2 AST),"[1630215, 1642348]",1610612755.0,PHI,pullup,,,,,,Above the Break 3,24+ Left Center,24.5,Made,6.0,Butler,J. Butler,J. Edwards,1642348.0,2.0,,,,,,,,,,,,,,
23,PT10M03.00S,2025-03-29T23:42:57.7Z,1,REGULAR,3pt,Jump Shot,[],1641796,86.67871222076215,96.32352941176471,1610612748,8,5,2025-03-29T23:43:01Z,230000,False,232.0,73.0,1,right,P. Larsson 24' 3PT  (3 PTS) (T. Herro 1 AST),"[1641796, 1629639]",1610612748.0,MIA,,,,,,,Right Corner 3,24+ Right,24.27,Made,3.0,Larsson,P. Larsson,T. Herro,1629639.0,1.0,,,,,,,,,,,,,,
27,PT09M53.00S,2025-03-29T23:43:35.3Z,1,REGULAR,foul,personal,[],202692,,,1610612755,8,5,2025-03-29T23:44:03Z,270000,False,,,0,,A. Burks personal FOUL (1 PF),"[202692, 1641737]",1610612748.0,MIA,,,,,,,In The Paint (Non-RA),8-16 Center,,,,Burks,A. Burks,,,,,,,,,,,202037.0,1.0,0.0,Bona,1641737.0,,
29,PT09M42.00S,2025-03-29T23:43:48.0Z,1,REGULAR,2pt,Layup,[],1630215,10.85742444152431,30.88235294117647,1610612755,8,5,2025-03-29T23:43:55Z,290000,False,96.0,50.0,1,left,MISS J. Butler 10' driving Layup,[1630215],1610612755.0,PHI,driving,,,,,,Mid-Range,8-16 Right,10.77,Missed,,Butler,J. Butler,,,,,,,,,,,,,,,,,
30,PT09M36.00S,2025-03-29T23:43:54.0Z,1,REGULAR,rebound,defensive,[],1642276,,,1610612748,8,5,2025-03-29T23:43:55Z,300000,False,,,0,,K. Ware REBOUND (Off:1 Def:1),[1642276],1610612748.0,MIA,,,,,,,Mid-Range,8-16 Right,,,,Ware,K. Ware,,,,29.0,2.0,1.0,1.0,,,,,,,,,,
33,PT09M27.00S,2025-03-29T23:44:02.4Z,1,REGULAR,3pt,Jump Shot,[],1629639,67.88764783180025,27.941176470588236,1610612748,8,8,2025-03-29T23:44:34Z,330000,False,-110.0,249.0,1,right,T. Herro 27' 3PT  (3 PTS) (P. Larsson 1 AST),"[1629639, 1641796]",1610612748.0,MIA,,,,,,,Above the Break 3,24+ Left Center,27.27,Made,3.0,Herro,T. Herro,P. Larsson,1641796.0,1.0,,,,,,,,,,,,,,
35,PT09M19.00S,2025-03-29T23:44:10.9Z,1,REGULAR,2pt,Layup,['pointsinthepaint'],1642348,7.835085413929041,54.90196078431373,1610612755,8,8,2025-03-29T23:44:14Z,350000,False,-25.0,21.0,1,left,MISS J. Edwards driving Layup,[1642348],1610612755.0,PHI,driving,,,,,,Restricted Area,0-8 Center,3.23,Missed,,Edwards,J. Edwards,,,,,,,,,,,,,,,,,
36,PT09M16.00S,2025-03-29T23:44:13.9Z,1,REGULAR,rebound,defensive,[],1642276,,,1610612748,8,8,2025-03-29T23:44:13Z,360000,False,,,0,,K. Ware REBOUND (Off:1 Def:2),[1642276],1610612748.0,MIA,,,,,,,Restricted Area,0-8 Center,,,,Ware,K. Ware,,,,35.0,3.0,2.0,1.0,,,,,,,,,,
37,PT09M10.00S,2025-03-29T23:44:23.5Z,1,REGULAR,foul,personal,['2freethrow'],1642348,,,1610612748,8,8,2025-03-29T23:44:35Z,370000,False,,,0,,J. Edwards shooting personal FOUL (1 PF) (Adebayo 2 FT),"[1642348, 1628389]",1610612755.0,PHI,shooting,,,,,,In The Paint (Non-RA),8-16 Center,,,,Edwards,J. Edwards,,,,,,,,,,,202901.0,1.0,0.0,Adebayo,1628389.0,,
39,PT09M10.00S,2025-03-29T23:44:49.0Z,1,REGULAR,freethrow,1 of 2,[],1628389,,,1610612748,8,9,2025-03-29T23:44:49Z,390000,False,,,0,,B. Adebayo Free Throw 1 of 2 (1 PTS),[1628389],1610612748.0,MIA,,,,,,,,,,Made,1.0,Adebayo,B. Adebayo,,,,,,,,,,,,,,,,,
40,PT09M10.00S,2025-03-29T23:45:07.6Z,1,REGULAR,freethrow,2 of 2,[],1628389,,,1610612748,8,10,2025-03-29T23:45:07Z,400000,False,,,0,,B. Adebayo Free Throw 2 of 2 (2 PTS),[1628389],1610612748.0,MIA,,,,,,,,,,Made,2.0,Adebayo,B. Adebayo,,,,,,,,,,,,,,,,,
41,PT08M58.00S,2025-03-29T23:45:21.3Z,1,REGULAR,2pt,Jump Shot,['pointsinthepaint'],1630215,12.565703022339028,55.14705882352941,1610612755,8,10,2025-03-29T23:45:29Z,410000,False,-26.0,66.0,1,left,MISS J. Butler 7' driving floating Shot,[1630215],1610612755.0,PHI,driving floating,,,,,,In The Paint (Non-RA),0-8 Center,7.05,Missed,,Butler,J. Butler,,,,,,,,,,,,,,,,,
42,PT08M57.00S,2025-03-29T23:45:22.3Z,1,REGULAR,rebound,defensive,['team'],0,,,1610612748,8,10,2025-03-29T23:45:29Z,420000,False,,,0,,TEAM defensive REBOUND,[],1610612748.0,MIA,,,,,,,In The Paint (Non-RA),0-8 Center,,,,,,,,,41.0,,,,,,,,,,,,,
43,PT08M57.00S,2025-03-29T23:45:27.9Z,1,REGULAR,foul,personal,[],1630215,,,1610612748,8,10,2025-03-29T23:45:37Z,430000,False,,,0,,J. Butler loose ball personal FOUL (1 PF),"[1630215, 1642276]",1610612755.0,PHI,loose ball,,,,,,In The Paint (Non-RA),8-16 Center,,,,Butler,J. Butler,,,,,,,,,,,202037.0,1.0,0.0,Ware,1642276.0,,
45,PT08M42.00S,2025-03-29T23:45:54.0Z,1,REGULAR,foul,personal,['2freethrow'],1629656,,,1610612748,8,10,2025-03-29T23:46:01Z,450000,False,,,0,,Q. Grimes shooting personal FOUL (1 PF) (Larsson 2 FT),"[1629656, 1641796]",1610612755.0,PHI,shooting,,,,,,Restricted Area,0-8 Center,,,,Grimes,Q. Grimes,,,,,,,,,,,202049.0,1.0,0.0,Larsson,1641796.0,,
47,PT08M42.00S,2025-03-29T23:46:19.9Z,1,REGULAR,freethrow,1 of 2,[],1641796,,,1610612748,8,10,2025-03-29T23:46:19Z,470000,False,,,0,,MISS P. Larsson Free Throw 1 of 2,[1641796],1610612748.0,MIA,,,,,,,,,,Missed,,Larsson,P. Larsson,,,,,,,,,,,,,,,,,
48,PT08M42.00S,2025-03-29T23:46:19.9Z,1,REGULAR,rebound,offensive,"['deadball', 'team']",0,,,1610612748,8,10,2025-03-29T23:46:19Z,480000,False,,,0,,TEAM offensive REBOUND,[],1610612748.0,MIA,,,,,,,,,,,,,,,,,47.0,,,,,,,,,,,,,
49,PT08M42.00S,2025-03-29T23:46:38.0Z,1,REGULAR,freethrow,2 of 2,[],1641796,,,1610612748,8,11,2025-03-29T23:46:38Z,490000,False,,,0,,P. Larsson Free Throw 2 of 2 (4 PTS),[1641796],1610612748.0,MIA,,,,,,,,,,Made,4.0,Larsson,P. Larsson,,,,,,,,,,,,,,,,,
50,PT08M25.00S,2025-03-29T23:46:56.1Z,1,REGULAR,3pt,Jump Shot,[],1629656,24.52365308804205,83.08823529411765,1610612755,11,11,2025-03-29T23:47:02Z,500000,False,-165.0,178.0,1,left,Q. Grimes 24' 3PT pullup (3 PTS) (A. Bona 1 AST),"[1629656, 1641737]",1610612755.0,PHI,pullup,,,,,,Above the Break 3,24+ Left Center,24.3,Made,3.0,Grimes,Q. Grimes,A. Bona,1641737.0,1.0,,,,,,,,,,,,,,
52,PT08M07.00S,2025-03-29T23:47:13.7Z,1,REGULAR,3pt,Jump Shot,[],202692,69.99014454664915,17.15686274509804,1610612748,11,11,2025-03-29T23:47:20Z,520000,False,-164.0,230.0,1,right,MISS A. Burks 28' 3PT,[202692],1610612748.0,MIA,,,,,,,Above the Break 3,24+ Left Center,28.23,Missed,,Burks,A. Burks,,,,,,,,,,,,,,,,,
53,PT08M03.00S,2025-03-29T23:47:17.7Z,1,REGULAR,rebound,offensive,[],1629639,,,1610612748,11,11,2025-03-29T23:47:20Z,530000,False,,,0,,T. Herro REBOUND (Off:1 Def:0),[1629639],1610612748.0,MIA,,,,,,,Above the Break 3,24+ Left Center,,,,Herro,T. Herro,,,,52.0,1.0,0.0,1.0,,,,,,,,,,
54,PT08M03.00S,2025-03-29T23:47:20.8Z,1,REGULAR,foul,personal,[],1627824,,,1610612748,11,11,2025-03-29T23:47:27Z,540000,False,,,0,,G. Yabusele personal FOUL (1 PF),"[1627824, 1628389]",1610612755.0,PHI,,,,,,,Restricted Area,0-8 Center,,,,Yabusele,G. Yabusele,,,,,,,,,,,202037.0,1.0,0.0,Adebayo,1628389.0,,
56,PT07M52.00S,2025-03-29T23:47:49.2Z,1,REGULAR,3pt,Jump Shot,['2ndchance'],1629639,65.52233902759527,52.20588235294118,1610612748,11,14,2025-03-29T23:47:54Z,560000,False,11.0,272.0,1,right,T. Herro 27' 3PT  (6 PTS) (B. Adebayo 1 AST),"[1629639, 1628389]",1610612748.0,MIA,,,,,,,Above the Break 3,24+ Center,27.18,Made,6.0,Herro,T. Herro,B. Adebayo,1628389.0,1.0,,,,,,,,,,,,,,
58,PT07M34.00S,2025-03-29T23:48:06.7Z,1,REGULAR,3pt,Jump Shot,[],1642348,24.917871222076215,81.61764705882352,1610612755,14,14,2025-03-29T23:48:10Z,580000,False,-158.0,182.0,1,left,J. Edwards 24' 3PT  (3 PTS) (J. Butler 2 AST),"[1642348, 1630215]",1610612755.0,PHI,,,,,,,Above the Break 3,24+ Left Center,24.09,Made,3.0,Edwards,J. Edwards,J. Butler,1630215.0,2.0,,,,,,,,,,,,,,
60,PT07M09.00S,2025-03-29T23:48:32.6Z,1,REGULAR,3pt,Jump Shot,[],202692,93.51182654402102,95.34313725490196,1610612748,14,17,2025-03-29T23:48:36Z,600000,False,227.0,8.0,1,right,A. Burks 3PT  (3 PTS) (T. Herro 2 AST),"[202692, 1629639]",1610612748.0,MIA,,,,,,,Right Corner 3,24+ Right,22.69,Made,3.0,Burks,A. Burks,T. Herro,1629639.0,2.0,,,,,,,,,,,,,,
62,PT06M44.00S,2025-03-29T23:48:59.9Z,1,REGULAR,foul,personal,['2freethrow'],1628389,,,1610612755,14,17,2025-03-29T23:49:19Z,620000,False,,,0,,B. Adebayo shooting personal FOUL (1 PF) (Butler 2 FT),"[1628389, 1630215]",1610612748.0,MIA,shooting,,,,,,Restricted Area,0-8 Center,,,,Adebayo,B. Adebayo,,,,,,,,,,,202037.0,1.0,0.0,Butler,1630215.0,,
64,PT06M44.00S,2025-03-29T23:49:24.3Z,1,REGULAR,timeout,full,"['team', 'mandatory']",0,,,1610612755,14,17,2025-03-29T23:49:24Z,640000,False,,,0,,PHI Timeout,[],1610612755.0,PHI,,,,,,,,,,,,,,,,,,,,,,,,,,,,,,
65,PT06M44.00S,2025-03-29T23:52:13.7Z,1,REGULAR,substitution,out,[],1642276,,,1610612755,14,17,2025-03-29T23:52:17Z,650000,False,,,0,,SUB out: K. Ware,[1642276],1610612748.0,MIA,,,,,,,,,,,,Ware,K. Ware,,,,,,,,,,,,,,,,,
66,PT06M44.00S,2025-03-29T23:52:13.7Z,1,REGULAR,substitution,in,[],1629312,,,1610612755,14,17,2025-03-29T23:52:17Z,660000,False,,,0,,SUB in: H. Highsmith,[1629312],1610612748.0,MIA,,,,,,,,,,,,Highsmith,H. Highsmith,,,,,,,,,,,,,,,,,
67,PT06M44.00S,2025-03-29T23:52:26.1Z,1,REGULAR,freethrow,1 of 2,[],1630215,,,1610612755,14,17,2025-03-29T23:52:57Z,670000,False,,,0,,MISS J. Butler Free Throw 1 of 2,[1630215],1610612755.0,PHI,,,,,,,,,,Missed,,Butler,J. Butler,,,,,,,,,,,,,,,,,
68,PT06M44.00S,2025-03-29T23:52:26.1Z,1,REGULAR,rebound,offensive,"['team', 'deadball']",0,,,1610612755,14,17,2025-03-29T23:52:57Z,680000,False,,,0,,TEAM offensive REBOUND,[],1610612755.0,PHI,,,,,,,,,,,,,,,,,67.0,,,,,,,,,,,,,
69,PT06M44.00S,2025-03-29T23:52:44.9Z,1,REGULAR,substitution,out,[],1641737,,,1610612755,14,17,2025-03-29T23:52:47Z,690000,False,,,0,,SUB out: A. Bona,[1641737],1610612755.0,PHI,,,,,,,,,,,,Bona,A. Bona,,,,,,,,,,,,,,,,,
70,PT06M44.00S,2025-03-29T23:52:44.9Z,1,REGULAR,substitution,in,[],1641741,,,1610612755,14,17,2025-03-29T23:52:47Z,700000,False,,,0,,SUB in: R. Council IV,[1641741],1610612755.0,PHI,,,,,,,,,,,,Council IV,R. Council IV,,,,,,,,,,,,,,,,,
71,PT06M44.00S,2025-03-29T23:52:26.1Z,1,REGULAR,freethrow,2 of 2,[],1630215,,,1610612755,14,17,2025-03-29T23:52:57Z,710000,False,,,0,,MISS J. Butler Free Throw 2 of 2,[1630215],1610612755.0,PHI,,,,,,,,,,Missed,,Butler,J. Butler,,,,,,,,,,,,,,,,,
72,PT06M42.00S,2025-03-29T23:52:28.1Z,1,REGULAR,rebound,defensive,[],1641796,,,1610612748,14,17,2025-03-29T23:52:57Z,720000,False,,,0,,P. Larsson REBOUND (Off:0 Def:1),[1641796],1610612748.0,MIA,,,,,,,,,,,,Larsson,P. Larsson,,,,71.0,1.0,1.0,0.0,,,,,,,,,,
73,PT06M29.00S,2025-03-29T23:53:10.2Z,1,REGULAR,3pt,Jump Shot,[],1629639,66.3107752956636,62.745098039215684,1610612748,14,17,2025-03-29T23:53:14Z,730000,False,64.0,264.0,1,right,MISS T. Herro 27' 3PT,[1629639],1610612748.0,MIA,,,,,,,Above the Break 3,24+ Center,27.18,Missed,,Herro,T. Herro,,,,,,,,,,,,,,,,,
74,PT06M26.00S,2025-03-29T23:53:13.2Z,1,REGULAR,rebound,offensive,[],1629312,,,1610612748,14,17,2025-03-29T23:53:14Z,740000,False,,,0,,H. Highsmith REBOUND (Off:1 Def:0),[1629312],1610612748.0,MIA,,,,,,,Above the Break 3,24+ Center,,,,Highsmith,H. Highsmith,,,,73.0,1.0,0.0,1.0,,,,,,,,,,
75,PT06M24.00S,2025-03-29T23:53:15.1Z,1,REGULAR,3pt,Jump Shot,['2ndchance'],202692,76.69185282522996,9.803921568627452,1610612748,14,20,2025-03-29T23:53:20Z,750000,False,-201.0,167.0,1,right,A. Burks 26' 3PT pullup (6 PTS) (H. Highsmith 1 AST),"[202692, 1629312]",1610612748.0,MIA,pullup,,,,,,Above the Break 3,24+ Left Center,26.11,Made,6.0,Burks,A. Burks,H. Highsmith,1629312.0,1.0,,,,,,,,,,,,,,
77,PT06M08.00S,2025-03-29T23:53:31.6Z,1,REGULAR,2pt,Layup,['pointsinthepaint'],1629656,4.681340341655716,50.73529411764706,1610612755,16,20,2025-03-29T23:53:35Z,770000,False,-4.0,-8.0,1,left,Q. Grimes cutting finger roll Layup (5 PTS) (J. Edwards 3 AST),"[1629656, 1642348]",1610612755.0,PHI,cutting finger roll,,,,,,Restricted Area,0-8 Center,0.93,Made,5.0,Grimes,Q. Grimes,J. Edwards,1642348.0,3.0,,,,,,,,,,,,,,
79,PT05M49.00S,2025-03-29T23:53:49.6Z,1,REGULAR,2pt,Layup,['pointsinthepaint'],1641796,91.67214191852825,52.20588235294118,1610612748,16,22,2025-03-29T23:53:59Z,790000,False,11.0,26.0,1,right,P. Larsson cutting Layup (6 PTS) (T. Herro 3 AST),"[1641796, 1629639]",1610612748.0,MIA,cutting,,,,,,Restricted Area,0-8 Center,2.8,Made,6.0,Larsson,P. Larsson,T. Herro,1629639.0,3.0,,,,,,,,,,,,,,
81,PT05M34.00S,2025-03-29T23:54:05.8Z,1,REGULAR,3pt,Jump Shot,[],1629656,24.26084099868594,12.009803921568627,1610612755,19,22,2025-03-29T23:54:09Z,810000,False,190.0,176.0,1,left,Q. Grimes 25' 3PT  (8 PTS) (R. Council IV 1 AST),"[1629656, 1641741]",1610612755.0,PHI,,,,,,,Above the Break 3,24+ Right Center,25.87,Made,8.0,Grimes,Q. Grimes,R. Council IV,1641741.0,1.0,,,,,,,,,,,,,,
83,PT05M34.00S,2025-03-29T23:54:09.8Z,1,REGULAR,foul,personal,['1freethrow'],1641796,,,1610612755,19,22,2025-03-29T23:54:16Z,830000,False,,,0,,P. Larsson shooting personal FOUL (1 PF) (Grimes 1 FT),"[1641796, 1629656]",1610612748.0,MIA,shooting,,,,,,Above the Break 3,24+ Right Center,,,,Larsson,P. Larsson,,,,,,,,,,,202037.0,1.0,0.0,Grimes,1629656.0,,
85,PT05M34.00S,2025-03-29T23:54:20.3Z,1,REGULAR,substitution,out,[],1629639,,,1610612755,19,22,2025-03-29T23:54:24Z,850000,False,,,0,,SUB out: T. Herro,[1629639],1610612748.0,MIA,,,,,,,,,,,,Herro,T. Herro,,,,,,,,,,,,,,,,,
86,PT05M34.00S,2025-03-29T23:54:20.3Z,1,REGULAR,substitution,in,[],1630558,,,1610612755,19,22,2025-03-29T23:54:24Z,860000,False,,,0,,SUB in: D. Mitchell,[1630558],1610612748.0,MIA,,,,,,,,,,,,Mitchell,D. Mitchell,,,,,,,,,,,,,,,,,
87,PT05M34.00S,2025-03-29T23:54:43.4Z,1,REGULAR,freethrow,1 of 1,[],1629656,,,1610612755,19,22,2025-03-29T23:54:45Z,870000,False,,,0,,MISS Q. Grimes Free Throw 1 of 1,[1629656],1610612755.0,PHI,,,,,,,,,,Missed,,Grimes,Q. Grimes,,,,,,,,,,,,,,,,,
88,PT05M31.00S,2025-03-29T23:54:46.4Z,1,REGULAR,rebound,defensive,[],1628389,,,1610612748,19,22,2025-03-29T23:54:45Z,880000,False,,,0,,B. Adebayo REBOUND (Off:0 Def:2),[1628389],1610612748.0,MIA,,,,,,,,,,,,Adebayo,B. Adebayo,,,,87.0,2.0,2.0,0.0,,,,,,,,,,
89,PT05M11.00S,2025-03-29T23:55:05.2Z,1,REGULAR,2pt,Jump Shot,[],1628389,78.9257555847569,33.57843137254902,1610612748,19,22,2025-03-29T23:55:09Z,890000,False,-82.0,146.0,1,right,MISS B. Adebayo 16' Jump Shot,[1628389],1610612748.0,MIA,,,,,,,Mid-Range,16-24 Left Center,16.72,Missed,,Adebayo,B. Adebayo,,,,,,,,,,,,,,,,,
90,PT05M07.00S,2025-03-29T23:55:09.2Z,1,REGULAR,rebound,defensive,[],1627824,,,1610612755,19,22,2025-03-29T23:55:09Z,900000,False,,,0,,G. Yabusele REBOUND (Off:0 Def:1),[1627824],1610612755.0,PHI,,,,,,,Mid-Range,16-24 Left Center,,,,Yabusele,G. Yabusele,,,,89.0,1.0,1.0,0.0,,,,,,,,,,
91,PT04M59.00S,2025-03-29T23:55:16.4Z,1,REGULAR,turnover,lost ball,[],1629656,,,1610612755,19,22,2025-03-29T23:55:21Z,910000,False,,,0,,Q. Grimes lost ball TURNOVER (1 TO),"[1629656, 1641796]",1610612755.0,PHI,,,,,,,Above the Break 3,24+ Right Center,,,,Grimes,Q. Grimes,,,,,,,,1.0,Larsson,1641796.0,,,,,,,
92,PT04M59.00S,2025-03-29T23:55:16.4Z,1,REGULAR,steal,,[],1641796,,,1610612748,19,22,2025-03-29T23:55:18Z,920000,False,,,0,,P. Larsson STEAL (1 STL),[1641796],1610612748.0,MIA,,,,,,,Above the Break 3,24+ Right Center,,,,Larsson,P. Larsson,,,,,,,,,,,,,,,,,
93,PT04M57.00S,2025-03-29T23:55:19.8Z,1,REGULAR,2pt,Layup,"['pointsinthepaint', 'fromturnover', 'fastbreak']",202692,93.11760840998686,50.73529411764706,1610612748,19,24,2025-03-29T23:55:25Z,930000,False,4.0,12.0,1,right,A. Burks running finger roll Layup (8 PTS) (D. Mitchell 1 AST),"[202692, 1630558]",1610612748.0,MIA,running finger roll,,,,,,Restricted Area,0-8 Center,1.27,Made,8.0,Burks,A. Burks,D. Mitchell,1630558.0,1.0,,,,,,,,,,,,,,
95,PT04M33.00S,2025-03-29T23:55:42.6Z,1,REGULAR,3pt,Jump Shot,[],1629656,23.47240473061761,87.74509803921569,1610612755,22,24,2025-03-29T23:55:46Z,950000,False,-189.0,168.0,1,left,Q. Grimes 25' 3PT  (11 PTS) (J. Butler 3 AST),"[1629656, 1630215]",1610612755.0,PHI,,,,,,,Above the Break 3,24+ Left Center,25.27,Made,11.0,Grimes,Q. Grimes,J. Butler,1630215.0,3.0,,,,,,,,,,,,,,
97,PT04M07.00S,2025-03-29T23:56:12.6Z,1,REGULAR,turnover,shot clock,['team'],0,,,1610612748,22,24,2025-03-29T23:56:35Z,970000,False,,,0,,MIA shot clock Team TURNOVER,[],1610612748.0,MIA,,,,,,,In The Paint (Non-RA),8-16 Center,,,,,,,,,,,,,,,,202049.0,,,,,,
98,PT04M07.00S,2025-03-29T23:56:18.5Z,1,REGULAR,substitution,out,[],1630215,,,1610612755,22,24,2025-03-29T23:56:27Z,980000,False,,,0,,SUB out: J. Butler,[1630215],1610612755.0,PHI,,,,,,,,,,,,Butler,J. Butler,,,,,,,,,,,,,,,,,
99,PT04M07.00S,2025-03-29T23:56:18.5Z,1,REGULAR,substitution,out,[],1627824,,,1610612755,22,24,2025-03-29T23:56:27Z,990000,False,,,0,,SUB out: G. Yabusele,[1627824],1610612755.0,PHI,,,,,,,,,,,,Yabusele,G. Yabusele,,,,,,,,,,,,,,,,,
100,PT04M07.00S,2025-03-29T23:56:18.5Z,1,REGULAR,substitution,out,[],202692,,,1610612755,22,24,2025-03-29T23:56:27Z,1000000,False,,,0,,SUB out: A. Burks,[202692],1610612748.0,MIA,,,,,,,,,,,,Burks,A. Burks,,,,,,,,,,,,,,,,,
101,PT04M07.00S,2025-03-29T23:56:18.5Z,1,REGULAR,substitution,in,[],1641737,,,1610612755,22,24,2025-03-29T23:56:27Z,1010000,False,,,0,,SUB in: A. Bona,[1641737],1610612755.0,PHI,,,,,,,,,,,,Bona,A. Bona,,,,,,,,,,,,,,,,,
102,PT04M07.00S,2025-03-29T23:56:18.5Z,1,REGULAR,substitution,in,[],1641720,,,1610612755,22,24,2025-03-29T23:56:27Z,1020000,False,,,0,,SUB in: J. Hood-Schifino,[1641720],1610612755.0,PHI,,,,,,,,,,,,Hood-Schifino,J. Hood-Schifino,,,,,,,,,,,,,,,,,
103,PT04M07.00S,2025-03-29T23:56:18.5Z,1,REGULAR,substitution,in,[],203937,,,1610612755,22,24,2025-03-29T23:56:27Z,1030000,False,,,0,,SUB in: K. Anderson,[203937],1610612748.0,MIA,,,,,,,,,,,,Anderson,K. Anderson,,,,,,,,,,,,,,,,,
104,PT03M49.00S,2025-03-29T23:56:54.0Z,1,REGULAR,2pt,Jump Shot,['fromturnover'],1629656,20.71287779237845,67.40196078431373,1610612755,22,24,2025-03-29T23:57:01Z,1040000,False,-87.0,142.0,1,left,MISS Q. Grimes 16' step back Shot,[1629656],1610612755.0,PHI,step back,,,,,,Mid-Range,16-24 Left Center,16.67,Missed,,Grimes,Q. Grimes,,,,,,,,,,,,,,,,,
105,PT03M44.00S,2025-03-29T23:56:59.0Z,1,REGULAR,rebound,defensive,[],1629312,,,1610612748,22,24,2025-03-29T23:57:01Z,1050000,False,,,0,,H. Highsmith REBOUND (Off:1 Def:1),[1629312],1610612748.0,MIA,,,,,,,Mid-Range,16-24 Left Center,,,,Highsmith,H. Highsmith,,,,104.0,2.0,1.0,1.0,,,,,,,,,,
106,PT03M31.00S,2025-03-29T23:57:16.1Z,1,REGULAR,foul,technical,['1freethrow'],1641720,,,1610612748,22,24,2025-03-29T23:57:24Z,1060000,False,,,0,,J. Hood-Schifino defensive-3-second technical FOUL (1 Tech),[1641720],1610612755.0,PHI,defensive-3-second,,,,,,In The Paint (Non-RA),0-8 Center,,,,Hood-Schifino,J. Hood-Schifino,,,,,,,,,,,202037.0,0.0,1.0,,,,
107,PT03M31.00S,2025-03-29T23:57:37.1Z,1,REGULAR,freethrow,1 of 1,[],1628389,,,1610612748,22,25,2025-03-29T23:57:37Z,1070000,False,,,0,,B. Adebayo technical Free Throw 1 of 1 (3 PTS),[1628389],1610612748.0,MIA,technical,,,,,,,,,Made,3.0,Adebayo,B. Adebayo,,,,,,,,,,,,,,,,,
108,PT03M21.00S,2025-03-29T23:57:58.6Z,1,REGULAR,3pt,Jump Shot,[],1628389,68.41327201051249,23.284313725490197,1610612748,22,28,2025-03-29T23:58:03Z,1080000,False,-134.0,244.0,1,right,B. Adebayo 27' 3PT  (6 PTS) (D. Mitchell 2 AST),"[1628389, 1630558]",1610612748.0,MIA,,,,,,,Above the Break 3,24+ Left Center,27.85,Made,6.0,Adebayo,B. Adebayo,D. Mitchell,1630558.0,2.0,,,,,,,,,,,,,,
110,PT03M07.00S,2025-03-29T23:58:13.0Z,1,REGULAR,turnover,lost ball,[],1642348,,,1610612755,22,28,2025-03-29T23:58:17Z,1100000,False,,,0,,J. Edwards lost ball TURNOVER (1 TO),"[1642348, 1629312]",1610612755.0,PHI,,,,,,,Mid-Range,8-16 Right,,,,Edwards,J. Edwards,,,,,,,,1.0,Highsmith,1629312.0,,,,,,,
111,PT03M07.00S,2025-03-29T23:58:13.0Z,1,REGULAR,steal,,[],1629312,,,1610612748,22,28,2025-03-29T23:58:15Z,1110000,False,,,0,,H. Highsmith STEAL (1 STL),[1629312],1610612748.0,MIA,,,,,,,Mid-Range,8-16 Right,,,,Highsmith,H. Highsmith,,,,,,,,,,,,,,,,,
112,PT03M01.00S,2025-03-29T23:58:18.3Z,1,REGULAR,turnover,bad pass,[],1630558,,,1610612748,22,28,2025-03-29T23:58:22Z,1120000,False,,,0,,D. Mitchell bad pass TURNOVER (1 TO),"[1630558, 1642348]",1610612748.0,MIA,,,,,,,In The Paint (Non-RA),8-16 Left,,,,Mitchell,D. Mitchell,,,,,,,,1.0,Edwards,1642348.0,,,,,,,
113,PT03M01.00S,2025-03-29T23:58:18.3Z,1,REGULAR,steal,,[],1642348,,,1610612755,22,28,2025-03-29T23:58:20Z,1130000,False,,,0,,J. Edwards STEAL (2 STL),[1642348],1610612755.0,PHI,,,,,,,In The Paint (Non-RA),8-16 Left,,,,Edwards,J. Edwards,,,,,,,,,,,,,,,,,
114,PT02M56.00S,2025-03-29T23:58:23.6Z,1,REGULAR,3pt,Jump Shot,"['fromturnover', 'fastbreak']",1641741,22.552562417871222,87.74509803921569,1610612755,22,28,2025-03-29T23:58:31Z,1140000,False,-189.0,159.0,1,left,MISS R. Council IV 24' running 3PT,[1641741],1610612755.0,PHI,running,,,,,,Above the Break 3,24+ Left Center,24.71,Missed,,Council IV,R. Council IV,,,,,,,,,,,,,,,,,
115,PT02M51.00S,2025-03-29T23:58:28.6Z,1,REGULAR,rebound,offensive,[],1629656,,,1610612755,22,28,2025-03-29T23:58:45Z,1150000,False,,,0,,Q. Grimes REBOUND (Off:1 Def:1),[1629656],1610612755.0,PHI,,,,,,,Above the Break 3,24+ Left Center,,,,Grimes,Q. Grimes,,,,114.0,2.0,1.0,1.0,,,,,,,,,,
116,PT02M50.00S,2025-03-29T23:58:45.2Z,1,REGULAR,timeout,full,"['team', 'mandatory']",0,,,1610612755,22,28,2025-03-29T23:58:45Z,1160000,False,,,0,,PHI Timeout,[],1610612755.0,PHI,,,,,,,,,,,,,,,,,,,,,,,,,,,,,,
117,PT02M48.00S,2025-03-30T00:01:36.9Z,1,REGULAR,turnover,bad pass,[],1641720,,,1610612755,22,28,2025-03-30T00:01:41Z,1170000,False,,,0,,J. Hood-Schifino bad pass TURNOVER (1 TO),"[1641720, 1629312]",1610612755.0,PHI,,,,,,,Above the Break 3,24+ Right Center,,,,Hood-Schifino,J. Hood-Schifino,,,,,,,,1.0,Highsmith,1629312.0,,,,,,,
118,PT02M48.00S,2025-03-30T00:01:36.9Z,1,REGULAR,steal,,[],1629312,,,1610612748,22,28,2025-03-30T00:01:39Z,1180000,False,,,0,,H. Highsmith STEAL (2 STL),[1629312],1610612748.0,MIA,,,,,,,Above the Break 3,24+ Right Center,,,,Highsmith,H. Highsmith,,,,,,,,,,,,,,,,,
119,PT02M45.00S,2025-03-30T00:01:40.7Z,1,REGULAR,2pt,Layup,"['pointsinthepaint', 'fromturnover', 'fastbreak']",1630558,92.9862023653088,50.73529411764706,1610612748,22,30,2025-03-30T00:01:45Z,1190000,False,4.0,13.0,1,right,D. Mitchell running Layup (2 PTS) (H. Highsmith 2 AST),"[1630558, 1629312]",1610612748.0,MIA,running,,,,,,Restricted Area,0-8 Center,1.39,Made,2.0,Mitchell,D. Mitchell,H. Highsmith,1629312.0,2.0,,,,,,,,,,,,,,
121,PT02M27.00S,2025-03-30T00:01:59.3Z,1,REGULAR,2pt,Layup,['pointsinthepaint'],1641737,6.915243101182654,46.32352941176471,1610612755,24,30,2025-03-30T00:02:02Z,1210000,False,18.0,13.0,1,left,A. Bona Layup (4 PTS) (Q. Grimes 1 AST),"[1641737, 1629656]",1610612755.0,PHI,,,,,,,Restricted Area,0-8 Center,2.22,Made,4.0,Bona,A. Bona,Q. Grimes,1629656.0,1.0,,,,,,,,,,,,,,
123,PT02M07.00S,2025-03-30T00:02:18.2Z,1,REGULAR,2pt,Jump Shot,['pointsinthepaint'],203937,91.27792378449409,63.725490196078425,1610612748,24,30,2025-03-30T00:02:22Z,1230000,False,69.0,29.0,1,right,MISS K. Anderson 7' turnaround Shot - blocked,"[203937, 1641737]",1610612748.0,MIA,turnaround,,,,,,In The Paint (Non-RA),0-8 Center,7.47,Missed,,Anderson,K. Anderson,,,,,,,,,,,,,,,,Bona,1641737.0
124,PT02M07.00S,2025-03-30T00:02:18.2Z,1,REGULAR,block,,[],1641737,,,1610612748,24,30,2025-03-30T00:02:20Z,1240000,False,,,0,,A. Bona BLOCK (1 BLK),[1641737],1610612755.0,PHI,,,,,,,In The Paint (Non-RA),0-8 Center,,,,Bona,A. Bona,,,,,,,,,,,,,,,,,
125,PT02M05.00S,2025-03-30T00:02:20.2Z,1,REGULAR,rebound,defensive,[],1641737,,,1610612755,24,30,2025-03-30T00:02:22Z,1250000,False,,,0,,A. Bona REBOUND (Off:0 Def:1),[1641737],1610612755.0,PHI,,,,,,,In The Paint (Non-RA),0-8 Center,,,,Bona,A. Bona,,,,123.0,1.0,1.0,0.0,,,,,,,,,,
126,PT02M00.00S,2025-03-30T00:02:29.0Z,1,REGULAR,foul,personal,[],203937,,,1610612755,24,30,2025-03-30T00:02:36Z,1260000,False,,,0,,K. Anderson personal FOUL (1 PF),"[203937, 1641741]",1610612748.0,MIA,,,,,,,In The Paint (Non-RA),0-8 Center,,,,Anderson,K. Anderson,,,,,,,,,,,202049.0,1.0,0.0,Council IV,1641741.0,,
128,PT02M00.00S,2025-03-30T00:02:36.9Z,1,REGULAR,substitution,out,[],1642348,,,1610612755,24,30,2025-03-30T00:02:50Z,1280000,False,,,0,,SUB out: J. Edwards,[1642348],1610612755.0,PHI,,,,,,,,,,,,Edwards,J. Edwards,,,,,,,,,,,,,,,,,
129,PT02M00.00S,2025-03-30T00:02:36.9Z,1,REGULAR,substitution,out,[],1641796,,,1610612755,24,30,2025-03-30T00:02:50Z,1290000,False,,,0,,SUB out: P. Larsson,[1641796],1610612748.0,MIA,,,,,,,,,,,,Larsson,P. Larsson,,,,,,,,,,,,,,,,,
130,PT02M00.00S,2025-03-30T00:02:36.9Z,1,REGULAR,substitution,out,[],1628389,,,1610612755,24,30,2025-03-30T00:02:50Z,1300000,False,,,0,,SUB out: B. Adebayo,[1628389],1610612748.0,MIA,,,,,,,,,,,,Adebayo,B. Adebayo,,,,,,,,,,,,,,,,,
131,PT02M00.00S,2025-03-30T00:02:36.9Z,1,REGULAR,substitution,in,[],1629022,,,1610612755,24,30,2025-03-30T00:02:50Z,1310000,False,,,0,,SUB in: L. Walker IV,[1629022],1610612755.0,PHI,,,,,,,,,,,,Walker IV,L. Walker IV,,,,,,,,,,,,,,,,,
132,PT02M00.00S,2025-03-30T00:02:36.9Z,1,REGULAR,substitution,in,[],1642276,,,1610612755,24,30,2025-03-30T00:02:50Z,1320000,False,,,0,,SUB in: K. Ware,[1642276],1610612748.0,MIA,,,,,,,,,,,,Ware,K. Ware,,,,,,,,,,,,,,,,,
133,PT02M00.00S,2025-03-30T00:02:36.9Z,1,REGULAR,substitution,in,[],1629639,,,1610612755,24,30,2025-03-30T00:02:50Z,1330000,False,,,0,,SUB in: T. Herro,[1629639],1610612748.0,MIA,,,,,,,,,,,,Herro,T. Herro,,,,,,,,,,,,,,,,,
134,PT01M50.00S,2025-03-30T00:03:03.9Z,1,REGULAR,3pt,Jump Shot,[],1641741,31.882391590013142,66.91176470588235,1610612755,24,30,2025-03-30T00:03:08Z,1340000,False,-85.0,247.0,1,left,MISS R. Council IV 26' 3PT,[1641741],1610612755.0,PHI,,,,,,,Above the Break 3,24+ Left Center,26.13,Missed,,Council IV,R. Council IV,,,,,,,,,,,,,,,,,
135,PT01M45.00S,2025-03-30T00:03:08.9Z,1,REGULAR,rebound,defensive,[],1642276,,,1610612748,24,30,2025-03-30T00:03:08Z,1350000,False,,,0,,K. Ware REBOUND (Off:1 Def:3),[1642276],1610612748.0,MIA,,,,,,,Above the Break 3,24+ Left Center,,,,Ware,K. Ware,,,,134.0,4.0,3.0,1.0,,,,,,,,,,
136,PT01M40.00S,2025-03-30T00:03:12.5Z,1,REGULAR,3pt,Jump Shot,['fastbreak'],1629639,65.52233902759527,29.65686274509804,1610612748,24,30,2025-03-30T00:03:19Z,1360000,False,-102.0,272.0,1,right,MISS T. Herro 29' running pullup 3PT,[1629639],1610612748.0,MIA,running pullup,,,,,,Above the Break 3,24+ Left Center,29.0,Missed,,Herro,T. Herro,,,,,,,,,,,,,,,,,
137,PT01M37.00S,2025-03-30T00:03:15.5Z,1,REGULAR,rebound,defensive,[],1641741,,,1610612755,24,30,2025-03-30T00:03:19Z,1370000,False,,,0,,R. Council IV REBOUND (Off:0 Def:1),[1641741],1610612755.0,PHI,,,,,,,Above the Break 3,24+ Left Center,,,,Council IV,R. Council IV,,,,136.0,1.0,1.0,0.0,,,,,,,,,,
138,PT01M23.00S,2025-03-30T00:03:30.6Z,1,REGULAR,turnover,bad pass,[],1629656,,,1610612755,24,30,2025-03-30T00:03:34Z,1380000,False,,,0,,Q. Grimes bad pass TURNOVER (2 TO),"[1629656, 203937]",1610612755.0,PHI,,,,,,,In The Paint (Non-RA),0-8 Center,,,,Grimes,Q. Grimes,,,,,,,,2.0,Anderson,203937.0,,,,,,,
139,PT01M23.00S,2025-03-30T00:03:30.6Z,1,REGULAR,steal,,[],203937,,,1610612748,24,30,2025-03-30T00:03:32Z,1390000,False,,,0,,K. Anderson STEAL (1 STL),[203937],1610612748.0,MIA,,,,,,,In The Paint (Non-RA),0-8 Center,,,,Anderson,K. Anderson,,,,,,,,,,,,,,,,,
140,PT01M18.00S,2025-03-30T00:03:35.5Z,1,REGULAR,3pt,Jump Shot,"['fromturnover', 'fastbreak']",1629312,71.17279894875165,19.362745098039216,1610612748,24,30,2025-03-30T00:03:45Z,1400000,False,-153.0,218.0,1,right,MISS H. Highsmith 26' running pullup 3PT,[1629312],1610612748.0,MIA,running pullup,,,,,,Above the Break 3,24+ Left Center,26.69,Missed,,Highsmith,H. Highsmith,,,,,,,,,,,,,,,,,
141,PT01M14.00S,2025-03-30T00:03:39.5Z,1,REGULAR,rebound,defensive,[],1641741,,,1610612755,24,30,2025-03-30T00:03:45Z,1410000,False,,,0,,R. Council IV REBOUND (Off:0 Def:2),[1641741],1610612755.0,PHI,,,,,,,Above the Break 3,24+ Left Center,,,,Council IV,R. Council IV,,,,140.0,2.0,2.0,0.0,,,,,,,,,,
142,PT01M11.00S,2025-03-30T00:03:44.8Z,1,REGULAR,2pt,Layup,"['pointsinthepaint', 'fastbreak']",1641741,4.418528252299605,48.03921568627451,1610612755,26,30,2025-03-30T00:03:53Z,1420000,False,10.0,-11.0,1,left,R. Council IV running finger roll Layup (2 PTS),[1641741],1610612755.0,PHI,running finger roll,,,,,,Restricted Area,0-8 Center,1.47,Made,2.0,Council IV,R. Council IV,,,,,,,,,,,,,,,,,
143,PT01M11.00S,2025-03-30T00:03:48.3Z,1,REGULAR,foul,personal,"['inpenalty', '1freethrow']",1629639,,,1610612755,26,30,2025-03-30T00:04:01Z,1430000,False,,,0,,T. Herro shooting personal FOUL (1 PF) (Council IV 1 FT),"[1629639, 1641741]",1610612748.0,MIA,shooting,,,,,,Restricted Area,0-8 Center,,,,Herro,T. Herro,,,,,,,,,,,202037.0,1.0,0.0,Council IV,1641741.0,,
145,PT01M11.00S,2025-03-30T00:04:17.2Z,1,REGULAR,freethrow,1 of 1,['fastbreak'],1641741,,,1610612755,27,30,2025-03-30T00:04:17Z,1450000,False,,,0,,R. Council IV Free Throw 1 of 1 (3 PTS),[1641741],1610612755.0,PHI,,,,,,,,,,Made,3.0,Council IV,R. Council IV,,,,,,,,,,,,,,,,,
146,PT01M00.00S,2025-03-30T00:04:29.7Z,1,REGULAR,turnover,bad pass,[],1630558,,,1610612748,27,30,2025-03-30T00:04:34Z,1460000,False,,,0,,D. Mitchell bad pass TURNOVER (2 TO),"[1630558, 1641737]",1610612748.0,MIA,,,,,,,Restricted Area,0-8 Center,,,,Mitchell,D. Mitchell,,,,,,,,2.0,Bona,1641737.0,,,,,,,
147,PT01M00.00S,2025-03-30T00:04:29.7Z,1,REGULAR,steal,,[],1641737,,,1610612755,27,30,2025-03-30T00:04:31Z,1470000,False,,,0,,A. Bona STEAL (1 STL),[1641737],1610612755.0,PHI,,,,,,,Restricted Area,0-8 Center,,,,Bona,A. Bona,,,,,,,,,,,,,,,,,
148,PT00M56.20S,2025-03-30T00:04:34.8Z,1,REGULAR,2pt,Layup,"['pointsinthepaint', 'fromturnover', 'fastbreak']",1641741,5.732588699080158,46.81372549019608,1610612755,29,30,2025-03-30T00:04:39Z,1480000,False,16.0,1.0,1,left,R. Council IV running Layup (5 PTS),[1641741],1610612755.0,PHI,running,,,,,,Restricted Area,0-8 Center,1.6,Made,5.0,Council IV,R. Council IV,,,,,,,,,,,,,,,,,
149,PT00M39.00S,2025-03-30T00:04:58.0Z,1,REGULAR,foul,personal,"['inpenalty', '2freethrow']",1629656,,,1610612748,29,30,2025-03-30T00:05:07Z,1490000,False,,,0,,Q. Grimes shooting personal FOUL (2 PF) (Herro 2 FT),"[1629656, 1629639]",1610612755.0,PHI,shooting,,,,,,In The Paint (Non-RA),8-16 Center,,,,Grimes,Q. Grimes,,,,,,,,,,,202037.0,2.0,0.0,Herro,1629639.0,,
151,PT00M39.00S,2025-03-30T00:05:25.1Z,1,REGULAR,freethrow,1 of 2,[],1629639,,,1610612748,29,31,2025-03-30T00:05:25Z,1510000,False,,,0,,T. Herro Free Throw 1 of 2 (7 PTS),[1629639],1610612748.0,MIA,,,,,,,,,,Made,7.0,Herro,T. Herro,,,,,,,,,,,,,,,,,
152,PT00M39.00S,2025-03-30T00:05:48.7Z,1,REGULAR,freethrow,2 of 2,[],1629639,,,1610612748,29,32,2025-03-30T00:05:48Z,1520000,False,,,0,,T. Herro Free Throw 2 of 2 (8 PTS),[1629639],1610612748.0,MIA,,,,,,,,,,Made,8.0,Herro,T. Herro,,,,,,,,,,,,,,,,,
154,PT00M23.60S,2025-03-30T00:06:20.0Z,1,REGULAR,3pt,Jump Shot,[],1629656,31.488173455978973,74.01960784313727,1610612755,29,32,2025-03-30T00:06:24Z,1540000,False,-120.0,243.0,1,left,MISS Q. Grimes 27' 3PT,[1629656],1610612755.0,PHI,,,,,,,Above the Break 3,24+ Left Center,27.15,Missed,,Grimes,Q. Grimes,,,,,,,,,,,,,,,,,
155,PT00M20.60S,2025-03-30T00:06:23.0Z,1,REGULAR,rebound,defensive,[],203937,,,1610612748,29,32,2025-03-30T00:06:23Z,1550000,False,,,0,,K. Anderson REBOUND (Off:0 Def:1),[203937],1610612748.0,MIA,,,,,,,Above the Break 3,24+ Left Center,,,,Anderson,K. Anderson,,,,154.0,1.0,1.0,0.0,,,,,,,,,,
156,PT00M04.30S,2025-03-30T00:06:39.3Z,1,REGULAR,3pt,Jump Shot,[],1630558,72.88107752956637,14.460784313725492,1610612748,29,32,2025-03-30T00:06:44Z,1560000,False,-178.0,202.0,1,right,MISS D. Mitchell 26' 3PT,[1630558],1610612748.0,MIA,,,,,,,Above the Break 3,24+ Left Center,26.93,Missed,,Mitchell,D. Mitchell,,,,,,,,,,,,,,,,,
157,PT00M01.70S,2025-03-30T00:06:44.3Z,1,REGULAR,rebound,offensive,[],1629639,,,1610612748,29,32,2025-03-30T00:06:44Z,1570000,False,,,0,,T. Herro REBOUND (Off:2 Def:0),[1629639],1610612748.0,MIA,,,,,,,Above the Break 3,24+ Left Center,,,,Herro,T. Herro,,,,156.0,2.0,0.0,2.0,,,,,,,,,,
158,PT00M01.70S,2025-03-30T00:06:44.3Z,1,REGULAR,2pt,Layup,"['pointsinthepaint', '2ndchance']",1629639,94.40999984741211,50.0,1610612748,29,34,2025-03-30T00:06:44Z,1580000,False,0.0,0.0,1,right,T. Herro tip Layup (10 PTS),[1629639],1610612748.0,MIA,tip,,,,,,Mid-Range,8-16 Left,0.0,Made,10.0,Herro,T. Herro,,,,,,,,,,,,,,,,,
159,PT00M00.20S,2025-03-30T00:06:50.6Z,1,REGULAR,3pt,Jump Shot,[],1641741,50.673455978975035,76.22549019607843,1610612755,29,34,2025-03-30T00:07:26Z,1590000,False,-131.0,424.0,1,left,MISS R. Council IV 44' pullup 3PT,[1641741],1610612755.0,PHI,pullup,,,,,,Above the Break 3,24+ Right Center,44.36,Missed,,Council IV,R. Council IV,,,,,,,,,,,,,,,,,
160,PT00M00.10S,2025-03-30T00:06:50.7Z,1,REGULAR,rebound,offensive,['team'],0,,,1610612755,29,34,2025-03-30T00:06:58Z,1600000,False,,,0,,TEAM offensive REBOUND,[],1610612755.0,PHI,,,,,,,Above the Break 3,24+ Right Center,,,,,,,,,159.0,,,,,,,,,,,,,
161,PT00M00.00S,2025-03-30T00:06:57.7Z,1,REGULAR,period,end,[],0,,,1610612755,29,34,2025-03-30T00:06:57Z,1610000,False,,,0,,Period End,[],,,,,,,,,,,,,,,,,,,,,,,,,,,,,,,,
162,PT12M00.00S,2025-03-30T00:08:05.2Z,2,REGULAR,substitution,out,['startperiod'],1629656,,,1610612755,29,34,2025-03-30T00:09:27Z,1620000,False,,,0,,SUB out: Q. Grimes,[1629656],1610612755.0,PHI,,,,,,,,,,,,Grimes,Q. Grimes,,,,,,,,,,,,,,,,,
163,PT12M00.00S,2025-03-30T00:08:05.2Z,2,REGULAR,substitution,out,['startperiod'],1641737,,,1610612755,29,34,2025-03-30T00:09:27Z,1630000,False,,,0,,SUB out: A. Bona,[1641737],1610612755.0,PHI,,,,,,,,,,,,Bona,A. Bona,,,,,,,,,,,,,,,,,
164,PT12M00.00S,2025-03-30T00:08:05.2Z,2,REGULAR,substitution,in,['startperiod'],1642348,,,1610612755,29,34,2025-03-30T00:09:27Z,1640000,False,,,0,,SUB in: J. Edwards,[1642348],1610612755.0,PHI,,,,,,,,,,,,Edwards,J. Edwards,,,,,,,,,,,,,,,,,
165,PT12M00.00S,2025-03-30T00:08:05.2Z,2,REGULAR,substitution,in,['startperiod'],1627824,,,1610612755,29,34,2025-03-30T00:09:27Z,1650000,False,,,0,,SUB in: G. Yabusele,[1627824],1610612755.0,PHI,,,,,,,,,,,,Yabusele,G. Yabusele,,,,,,,,,,,,,,,,,
166,PT12M00.00S,2025-03-30T00:09:36.5Z,2,REGULAR,period,start,[],0,,,1610612748,29,34,2025-03-30T00:09:36Z,1660000,False,,,0,,Period Start,[],,,,,,,,,,,,,,,,,,,,,,,,,,,,,,,,
167,PT11M48.00S,2025-03-30T00:09:52.2Z,2,REGULAR,foul,personal,[],1642348,,,1610612748,29,34,2025-03-30T00:09:57Z,1670000,False,,,0,,J. Edwards personal FOUL (2 PF),"[1642348, 1629639]",1610612755.0,PHI,,,,,,,In The Paint (Non-RA),8-16 Left,,,,Edwards,J. Edwards,,,,,,,,,,,202901.0,2.0,0.0,Herro,1629639.0,,
169,PT11M35.00S,2025-03-30T00:10:22.5Z,2,REGULAR,foul,personal,['2freethrow'],1641720,,,1610612748,29,34,2025-03-30T00:10:28Z,1690000,False,,,0,,J. Hood-Schifino shooting personal FOUL (1 PF) (Mitchell 2 FT),"[1641720, 1630558]",1610612755.0,PHI,shooting,,,,,,Restricted Area,0-8 Center,,,,Hood-Schifino,J. Hood-Schifino,,,,,,,,,,,202049.0,1.0,1.0,Mitchell,1630558.0,,
171,PT11M35.00S,2025-03-30T00:10:46.3Z,2,REGULAR,freethrow,1 of 2,[],1630558,,,1610612748,29,34,2025-03-30T00:10:46Z,1710000,False,,,0,,MISS D. Mitchell Free Throw 1 of 2,[1630558],1610612748.0,MIA,,,,,,,,,,Missed,,Mitchell,D. Mitchell,,,,,,,,,,,,,,,,,
172,PT11M35.00S,2025-03-30T00:10:46.3Z,2,REGULAR,rebound,offensive,"['deadball', 'team']",0,,,1610612748,29,34,2025-03-30T00:10:46Z,1720000,False,,,0,,TEAM offensive REBOUND,[],1610612748.0,MIA,,,,,,,,,,,,,,,,,171.0,,,,,,,,,,,,,
173,PT11M35.00S,2025-03-30T00:10:59.3Z,2,REGULAR,freethrow,2 of 2,[],1630558,,,1610612748,29,35,2025-03-30T00:10:59Z,1730000,False,,,0,,D. Mitchell Free Throw 2 of 2 (3 PTS),[1630558],1610612748.0,MIA,,,,,,,,,,Made,3.0,Mitchell,D. Mitchell,,,,,,,,,,,,,,,,,
174,PT11M22.00S,2025-03-30T00:11:14.3Z,2,REGULAR,2pt,Layup,['pointsinthepaint'],1641741,5.469776609724048,49.01960784313725,1610612755,31,35,2025-03-30T00:11:18Z,1740000,False,5.0,-1.0,1,left,R. Council IV driving Layup (7 PTS) (J. Hood-Schifino 1 AST),"[1641741, 1641720]",1610612755.0,PHI,driving,,,,,,Restricted Area,0-8 Center,0.5,Made,7.0,Council IV,R. Council IV,J. Hood-Schifino,1641720.0,1.0,,,,,,,,,,,,,,
176,PT11M02.00S,2025-03-30T00:11:33.6Z,2,REGULAR,2pt,Jump Shot,['pointsinthepaint'],1629639,84.97043363994744,50.49019607843137,1610612748,31,37,2025-03-30T00:11:38Z,1760000,False,2.0,89.0,1,right,T. Herro 8' driving floating Jump Shot (12 PTS) (D. Mitchell 3 AST),"[1629639, 1630558]",1610612748.0,MIA,driving floating,,,,,,In The Paint (Non-RA),8-16 Center,8.88,Made,12.0,Herro,T. Herro,D. Mitchell,1630558.0,3.0,,,,,,,,,,,,,,
178,PT10M41.00S,2025-03-30T00:11:54.5Z,2,REGULAR,turnover,bad pass,[],1641720,,,1610612755,31,37,2025-03-30T00:11:57Z,1780000,False,,,0,,J. Hood-Schifino bad pass TURNOVER (2 TO),"[1641720, 1642276]",1610612755.0,PHI,,,,,,,Above the Break 3,24+ Right Center,,,,Hood-Schifino,J. Hood-Schifino,,,,,,,,2.0,Ware,1642276.0,,,,,,,
179,PT10M41.00S,2025-03-30T00:11:54.5Z,2,REGULAR,steal,,[],1642276,,,1610612748,31,37,2025-03-30T00:11:56Z,1790000,False,,,0,,K. Ware STEAL (1 STL),[1642276],1610612748.0,MIA,,,,,,,Above the Break 3,24+ Right Center,,,,Ware,K. Ware,,,,,,,,,,,,,,,,,
180,PT10M18.00S,2025-03-30T00:12:17.4Z,2,REGULAR,3pt,Jump Shot,['fromturnover'],1630558,70.12155059132719,19.852941176470587,1610612748,31,37,2025-03-30T00:12:22Z,1800000,False,-151.0,228.0,1,right,MISS D. Mitchell 27' 3PT,[1630558],1610612748.0,MIA,,,,,,,Above the Break 3,24+ Left Center,27.36,Missed,,Mitchell,D. Mitchell,,,,,,,,,,,,,,,,,
181,PT10M15.00S,2025-03-30T00:12:20.4Z,2,REGULAR,rebound,offensive,[],1642276,,,1610612748,31,37,2025-03-30T00:12:22Z,1810000,False,,,0,,K. Ware REBOUND (Off:2 Def:3),[1642276],1610612748.0,MIA,,,,,,,Above the Break 3,24+ Left Center,,,,Ware,K. Ware,,,,180.0,5.0,3.0,2.0,,,,,,,,,,
182,PT10M13.00S,2025-03-30T00:12:22.6Z,2,REGULAR,2pt,Layup,"['pointsinthepaint', 'fromturnover', '2ndchance']",1629312,94.03745072273325,46.81372549019608,1610612748,31,39,2025-03-30T00:12:26Z,1820000,False,-16.0,4.0,1,right,H. Highsmith Layup (2 PTS) (K. Ware 1 AST),"[1629312, 1642276]",1610612748.0,MIA,,,,,,,Restricted Area,0-8 Center,1.63,Made,2.0,Highsmith,H. Highsmith,K. Ware,1642276.0,1.0,,,,,,,,,,,,,,
184,PT09M59.00S,2025-03-30T00:12:35.8Z,2,REGULAR,3pt,Jump Shot,[],1629022,27.151773981603156,12.5,1610612755,34,39,2025-03-30T00:12:39Z,1840000,False,188.0,203.0,1,left,L. Walker IV 27' 3PT  (3 PTS) (J. Hood-Schifino 2 AST),"[1629022, 1641720]",1610612755.0,PHI,,,,,,,Above the Break 3,24+ Right Center,27.61,Made,3.0,Walker IV,L. Walker IV,J. Hood-Schifino,1641720.0,2.0,,,,,,,,,,,,,,
186,PT09M49.00S,2025-03-30T00:12:51.1Z,2,REGULAR,2pt,Jump Shot,['pointsinthepaint'],1629639,89.56964520367937,50.98039215686274,1610612748,34,41,2025-03-30T00:13:11Z,1860000,False,5.0,46.0,1,right,T. Herro driving floating bank Jump Shot (14 PTS),[1629639],1610612748.0,MIA,driving floating bank,,,,,,In The Paint (Non-RA),0-8 Center,4.58,Made,14.0,Herro,T. Herro,,,,,,,,,,,,,,,,,
187,PT09M49.00S,2025-03-30T00:12:56.9Z,2,REGULAR,foul,personal,['1freethrow'],1627824,,,1610612748,34,41,2025-03-30T00:13:28Z,1870000,False,,,0,,G. Yabusele shooting personal FOUL (2 PF) (Herro 1 FT),"[1627824, 1629639]",1610612755.0,PHI,shooting,,,,,,In The Paint (Non-RA),0-8 Center,,,,Yabusele,G. Yabusele,,,,,,,,,,,202037.0,2.0,0.0,Herro,1629639.0,,
189,PT09M49.00S,2025-03-30T00:13:22.2Z,2,REGULAR,freethrow,1 of 1,[],1629639,,,1610612748,34,42,2025-03-30T00:13:31Z,1890000,False,,,0,,T. Herro Free Throw 1 of 1 (15 PTS),[1629639],1610612748.0,MIA,,,,,,,,,,Made,15.0,Herro,T. Herro,,,,,,,,,,,,,,,,,
191,PT09M26.00S,2025-03-30T00:14:09.1Z,2,REGULAR,2pt,Jump Shot,['pointsinthepaint'],1641741,16.63929040735874,56.127450980392155,1610612755,34,42,2025-03-30T00:14:13Z,1910000,False,-31.0,104.0,1,left,MISS R. Council IV 10' driving floating Shot,[1641741],1610612755.0,PHI,driving floating,,,,,,In The Paint (Non-RA),8-16 Center,10.83,Missed,,Council IV,R. Council IV,,,,,,,,,,,,,,,,,
192,PT09M22.00S,2025-03-30T00:14:13.1Z,2,REGULAR,rebound,defensive,[],1629312,,,1610612748,34,42,2025-03-30T00:14:13Z,1920000,False,,,0,,H. Highsmith REBOUND (Off:1 Def:2),[1629312],1610612748.0,MIA,,,,,,,In The Paint (Non-RA),8-16 Center,,,,Highsmith,H. Highsmith,,,,191.0,3.0,2.0,1.0,,,,,,,,,,
193,PT09M07.00S,2025-03-30T00:14:27.4Z,2,REGULAR,2pt,Jump Shot,['pointsinthepaint'],203937,87.07293035479631,53.431372549019606,1610612748,34,42,2025-03-30T00:14:34Z,1930000,False,17.0,69.0,1,right,MISS K. Anderson 7' driving floating Shot,[203937],1610612748.0,MIA,driving floating,,,,,,In The Paint (Non-RA),0-8 Center,7.11,Missed,,Anderson,K. Anderson,,,,,,,,,,,,,,,,,
194,PT09M04.00S,2025-03-30T00:14:30.4Z,2,REGULAR,rebound,offensive,[],1642276,,,1610612748,34,42,2025-03-30T00:15:34Z,1940000,False,,,0,,K. Ware REBOUND (Off:3 Def:3),[1642276],1610612748.0,MIA,,,,,,,In The Paint (Non-RA),0-8 Center,,,,Ware,K. Ware,,,,193.0,6.0,3.0,3.0,,,,,,,,,,
195,PT09M03.00S,2025-03-30T00:14:33.5Z,2,REGULAR,2pt,Layup,"['2ndchance', 'pointsinthepaint']",1642276,94.40999984741211,50.0,1610612748,34,44,2025-03-30T00:15:40Z,1950000,False,0.0,0.0,1,right,K. Ware putback Layup (4 PTS),[1642276],1610612748.0,MIA,putback,,,,,,Restricted Area,0-8 Center,0.0,Made,4.0,Ware,K. Ware,,,,,,,,,,,,,,,,,
196,PT08M53.00S,2025-03-30T00:14:42.1Z,2,REGULAR,3pt,Jump Shot,[],1629022,29.517082785808146,14.215686274509803,1610612755,34,44,2025-03-30T00:14:46Z,1960000,False,179.0,225.0,1,left,MISS L. Walker IV 28' pullup 3PT,[1629022],1610612755.0,PHI,pullup,,,,,,Above the Break 3,24+ Right Center,28.75,Missed,,Walker IV,L. Walker IV,,,,,,,,,,,,,,,,,
197,PT08M50.00S,2025-03-30T00:14:45.1Z,2,REGULAR,rebound,defensive,[],203937,,,1610612748,34,44,2025-03-30T00:21:36Z,1970000,False,,,0,,K. Anderson REBOUND (Off:0 Def:2),[203937],1610612748.0,MIA,,,,,,,Above the Break 3,24+ Right Center,,,,Anderson,K. Anderson,,,,196.0,2.0,2.0,0.0,,,,,,,,,,
198,PT08M44.00S,2025-03-30T00:14:49.9Z,2,REGULAR,2pt,Layup,"['pointsinthepaint', 'fastbreak']",203937,91.67214191852825,55.392156862745104,1610612748,34,44,2025-03-30T00:14:55Z,1980000,False,27.0,26.0,1,right,MISS K. Anderson running Layup,[203937],1610612748.0,MIA,running,,,,,,Restricted Area,0-8 Center,3.73,Missed,,Anderson,K. Anderson,,,,,,,,,,,,,,,,,
199,PT08M42.00S,2025-03-30T00:14:52.2Z,2,REGULAR,rebound,defensive,[],1641741,,,1610612755,34,44,2025-03-30T00:14:52Z,1990000,False,,,0,,R. Council IV REBOUND (Off:0 Def:3),[1641741],1610612755.0,PHI,,,,,,,Restricted Area,0-8 Center,,,,Council IV,R. Council IV,,,,198.0,3.0,3.0,0.0,,,,,,,,,,
203,PT08M41.00S,2025-03-30T00:15:03.8Z,2,REGULAR,substitution,out,[],1641720,,,1610612755,34,44,2025-03-30T00:17:50Z,2030000,False,,,0,,SUB out: J. Hood-Schifino,[1641720],1610612755.0,PHI,,,,,,,,,,,,Hood-Schifino,J. Hood-Schifino,,,,,,,,,,,,,,,,,
204,PT08M41.00S,2025-03-30T00:15:03.8Z,2,REGULAR,substitution,in,[],1630215,,,1610612755,34,44,2025-03-30T00:17:50Z,2040000,False,,,0,,SUB in: J. Butler,[1630215],1610612755.0,PHI,,,,,,,,,,,,Butler,J. Butler,,,,,,,,,,,,,,,,,
205,PT08M41.00S,2025-03-30T00:15:17.7Z,2,REGULAR,timeout,full,"['team', 'mandatory']",0,,,1610612755,34,44,2025-03-30T00:19:12Z,2050000,False,,,0,,PHI Timeout,[],1610612755.0,PHI,,,,,,,,,,,,,,,,,,,,,,,,,,,,,,
217,PT08M41.00S,2025-03-30T00:15:29.6Z,2,REGULAR,substitution,out,[],1627824,,,1610612755,34,44,2025-03-30T00:19:12Z,2055000,False,,,0,,SUB out: G. Yabusele,[1627824],1610612755.0,PHI,,,,,,,,,,,,Yabusele,G. Yabusele,,,,,,,,,,,,,,,,,
218,PT08M41.00S,2025-03-30T00:15:29.6Z,2,REGULAR,substitution,in,[],1641737,,,1610612755,34,44,2025-03-30T00:19:12Z,2057500,False,,,0,,SUB in: A. Bona,[1641737],1610612755.0,PHI,,,,,,,,,,,,Bona,A. Bona,,,,,,,,,,,,,,,,,
207,PT08M41.00S,2025-03-30T00:17:53.7Z,2,REGULAR,2pt,Layup,"['fastbreak', 'pointsinthepaint']",1641741,9.411957950065702,51.9607843137255,1610612755,36,44,2025-03-30T00:18:04Z,2070000,False,-10.0,36.0,1,left,R. Council IV running Layup (9 PTS),[1641741],1610612755.0,PHI,running,,,,,,Restricted Area,0-8 Center,3.73,Made,9.0,Council IV,R. Council IV,,,,,,,,,,,,,,,,,
208,PT08M41.00S,2025-03-30T00:18:01.1Z,2,REGULAR,foul,personal,['1freethrow'],1630558,,,1610612755,36,44,2025-03-30T00:18:07Z,2080000,False,,,0,,D. Mitchell shooting personal FOUL (1 PF) (Council IV 1 FT),"[1630558, 1641741]",1610612748.0,MIA,shooting,,,,,,Restricted Area,0-8 Center,,,,Mitchell,D. Mitchell,,,,,,,,,,,202049.0,1.0,0.0,Council IV,1641741.0,,
210,PT08M41.00S,2025-03-30T00:18:21.6Z,2,REGULAR,freethrow,1 of 1,['fastbreak'],1641741,,,1610612755,37,44,2025-03-30T00:18:21Z,2100000,False,,,0,,R. Council IV Free Throw 1 of 1 (10 PTS),[1641741],1610612755.0,PHI,,,,,,,,,,Made,10.0,Council IV,R. Council IV,,,,,,,,,,,,,,,,,
211,PT08M28.00S,2025-03-30T00:18:38.0Z,2,REGULAR,2pt,Layup,['pointsinthepaint'],203937,92.85479632063075,56.127450980392155,1610612748,37,44,2025-03-30T00:18:43Z,2110000,False,31.0,15.0,1,right,MISS K. Anderson driving Layup - blocked,"[203937, 1641737]",1610612748.0,MIA,driving,,,,,,Restricted Area,0-8 Center,3.39,Missed,,Anderson,K. Anderson,,,,,,,,,,,,,,,,Bona,1641737.0
212,PT08M28.00S,2025-03-30T00:18:38.0Z,2,REGULAR,block,,[],1641737,,,1610612748,37,44,2025-03-30T00:18:41Z,2120000,False,,,0,,A. Bona BLOCK (2 BLK),[1641737],1610612755.0,PHI,,,,,,,Restricted Area,0-8 Center,,,,Bona,A. Bona,,,,,,,,,,,,,,,,,
213,PT08M27.00S,2025-03-30T00:18:39.0Z,2,REGULAR,rebound,defensive,[],1641737,,,1610612755,37,44,2025-03-30T00:20:01Z,2130000,False,,,0,,A. Bona REBOUND (Off:0 Def:2),[1641737],1610612755.0,PHI,,,,,,,Restricted Area,0-8 Center,,,,Bona,A. Bona,,,,211.0,2.0,2.0,0.0,,,,,,,,,,
214,PT08M21.00S,2025-03-30T00:18:47.6Z,2,REGULAR,2pt,DUNK,['pointsinthepaint'],1641737,6.652431011826544,49.01960784313725,1610612755,39,44,2025-03-30T00:20:53Z,2140000,False,5.0,10.0,1,left,A. Bona DUNK (6 PTS) (R. Council IV 2 AST),"[1641737, 1641741]",1610612755.0,PHI,,,,,,,Restricted Area,0-8 Center,1.11,Made,6.0,Bona,A. Bona,R. Council IV,1641741.0,2.0,,,,,,,,,,,,,,
216,PT08M21.00S,2025-03-30T00:19:00.6Z,2,REGULAR,timeout,full,"['team', 'mandatory']",0,,,1610612748,39,44,2025-03-30T00:19:00Z,2160000,False,,,0,,MIA Timeout,[],1610612748.0,MIA,,,,,,,,,,,,,,,,,,,,,,,,,,,,,,
219,PT08M07.00S,2025-03-30T00:22:00.6Z,2,REGULAR,3pt,Jump Shot,[],1629312,88.78120893561103,2.941176470588235,1610612748,39,44,2025-03-30T00:22:08Z,2170000,False,-235.0,53.0,1,right,MISS H. Highsmith 24' 3PT,[1629312],1610612748.0,MIA,,,,,,,Left Corner 3,24+ Left,24.12,Missed,,Highsmith,H. Highsmith,,,,,,,,,,,,,,,,,
220,PT08M05.00S,2025-03-30T00:22:02.6Z,2,REGULAR,rebound,offensive,[],203937,,,1610612748,39,44,2025-03-30T00:24:06Z,2180000,False,,,0,,K. Anderson REBOUND (Off:1 Def:2),[203937],1610612748.0,MIA,,,,,,,Left Corner 3,24+ Left,,,,Anderson,K. Anderson,,,,219.0,3.0,2.0,1.0,,,,,,,,,,
221,PT08M05.00S,2025-03-30T00:22:07.9Z,2,REGULAR,2pt,Layup,"['2ndchance', 'pointsinthepaint']",203937,94.40999984741211,50.0,1610612748,39,44,2025-03-30T00:24:22Z,2190000,False,0.0,0.0,1,right,MISS K. Anderson tip Layup,[203937],1610612748.0,MIA,tip,,,,,,Restricted Area,0-8 Center,0.0,Missed,,Anderson,K. Anderson,,,,,,,,,,,,,,,,,
222,PT08M04.00S,2025-03-30T00:22:08.9Z,2,REGULAR,rebound,offensive,[],1642276,,,1610612748,39,44,2025-03-30T00:24:22Z,2200000,False,,,0,,K. Ware REBOUND (Off:4 Def:3),[1642276],1610612748.0,MIA,,,,,,,Restricted Area,0-8 Center,,,,Ware,K. Ware,,,,221.0,7.0,3.0,4.0,,,,,,,,,,
223,PT08M03.00S,2025-03-30T00:22:12.5Z,2,REGULAR,2pt,Layup,"['2ndchance', 'pointsinthepaint']",1642276,94.40999984741211,50.0,1610612748,39,46,2025-03-30T00:24:30Z,2210000,False,0.0,0.0,1,right,K. Ware tip Layup (6 PTS),[1642276],1610612748.0,MIA,tip,,,,,,Restricted Area,0-8 Center,0.0,Made,6.0,Ware,K. Ware,,,,,,,,,,,,,,,,,
224,PT07M46.00S,2025-03-30T00:22:23.7Z,2,REGULAR,turnover,out-of-bounds,[],1641737,,,1610612755,39,46,2025-03-30T00:22:28Z,2220000,False,,,0,,A. Bona lost ball out-of-bounds TURNOVER (1 TO),[1641737],1610612755.0,PHI,lost ball,,,,,,Restricted Area,0-8 Center,,,,Bona,A. Bona,,,,,,,,1.0,,,202901.0,,,,,,
225,PT07M24.00S,2025-03-30T00:22:48.7Z,2,REGULAR,3pt,Jump Shot,['fromturnover'],1642276,65.52233902759527,46.81372549019608,1610612748,39,49,2025-03-30T00:22:53Z,2230000,False,-16.0,272.0,1,right,K. Ware 27' 3PT  (9 PTS) (T. Herro 4 AST),"[1642276, 1629639]",1610612748.0,MIA,,,,,,,Above the Break 3,24+ Center,27.21,Made,9.0,Ware,K. Ware,T. Herro,1629639.0,4.0,,,,,,,,,,,,,,
227,PT07M12.00S,2025-03-30T00:23:01.7Z,2,REGULAR,2pt,Jump Shot,['pointsinthepaint'],1642348,13.61695137976347,50.73529411764706,1610612755,41,49,2025-03-30T00:23:08Z,2250000,False,-4.0,75.0,1,left,J. Edwards 7' pullup Jump Shot (5 PTS) (J. Butler 4 AST),"[1642348, 1630215]",1610612755.0,PHI,pullup,,,,,,In The Paint (Non-RA),0-8 Center,7.56,Made,5.0,Edwards,J. Edwards,J. Butler,1630215.0,4.0,,,,,,,,,,,,,,
229,PT06M48.00S,2025-03-30T00:23:25.0Z,2,REGULAR,turnover,bad pass,[],203937,,,1610612748,41,49,2025-03-30T00:23:29Z,2270000,False,,,0,,K. Anderson bad pass TURNOVER (1 TO),"[203937, 1630215]",1610612748.0,MIA,,,,,,,In The Paint (Non-RA),0-8 Center,,,,Anderson,K. Anderson,,,,,,,,1.0,Butler,1630215.0,,,,,,,
230,PT06M48.00S,2025-03-30T00:23:25.0Z,2,REGULAR,steal,,[],1630215,,,1610612755,41,49,2025-03-30T00:23:29Z,2280000,False,,,0,,J. Butler STEAL (1 STL),[1630215],1610612755.0,PHI,,,,,,,In The Paint (Non-RA),0-8 Center,,,,Butler,J. Butler,,,,,,,,,,,,,,,,,
231,PT06M36.00S,2025-03-30T00:23:37.0Z,2,REGULAR,2pt,Layup,"['pointsinthepaint', 'fromturnover']",1641737,7.966491458607096,47.05882352941176,1610612755,43,49,2025-03-30T00:23:40Z,2290000,False,15.0,22.0,1,left,A. Bona Layup (8 PTS),[1641737],1610612755.0,PHI,,,,,,,Restricted Area,0-8 Center,2.68,Made,8.0,Bona,A. Bona,,,,,,,,,,,,,,,,,
232,PT06M22.00S,2025-03-30T00:23:51.0Z,2,REGULAR,3pt,Jump Shot,[],1630558,94.56307490144546,3.9215686274509802,1610612748,43,49,2025-03-30T00:23:56Z,2300000,False,-230.0,-1.0,1,right,MISS D. Mitchell 3PT,[1630558],1610612748.0,MIA,,,,,,,Left Corner 3,24+ Left,23.04,Missed,,Mitchell,D. Mitchell,,,,,,,,,,,,,,,,,
233,PT06M19.00S,2025-03-30T00:23:53.6Z,2,REGULAR,rebound,defensive,[],1629022,,,1610612755,43,49,2025-03-30T00:23:53Z,2310000,False,,,0,,L. Walker IV REBOUND (Off:0 Def:1),[1629022],1610612755.0,PHI,,,,,,,Left Corner 3,24+ Left,,,,Walker IV,L. Walker IV,,,,232.0,1.0,1.0,0.0,,,,,,,,,,
234,PT06M15.00S,2025-03-30T00:23:57.3Z,2,REGULAR,2pt,Layup,"['pointsinthepaint', 'fastbreak']",1641741,5.863994743758213,47.794117647058826,1610612755,45,49,2025-03-30T00:24:02Z,2320000,False,11.0,3.0,1,left,R. Council IV running finger roll Layup (12 PTS) (L. Walker IV 1 AST),"[1641741, 1629022]",1610612755.0,PHI,running finger roll,,,,,,Restricted Area,0-8 Center,1.13,Made,12.0,Council IV,R. Council IV,L. Walker IV,1629022.0,1.0,,,,,,,,,,,,,,
237,PT06M00.00S,2025-03-30T00:24:18.7Z,2,REGULAR,substitution,out,[],1641741,,,1610612748,45,49,2025-03-30T00:24:38Z,2350000,False,,,0,,SUB out: R. Council IV,[1641741],1610612755.0,PHI,,,,,,,,,,,,Council IV,R. Council IV,,,,,,,,,,,,,,,,,
238,PT06M00.00S,2025-03-30T00:24:18.7Z,2,REGULAR,substitution,out,[],1642348,,,1610612748,45,49,2025-03-30T00:24:38Z,2360000,False,,,0,,SUB out: J. Edwards,[1642348],1610612755.0,PHI,,,,,,,,,,,,Edwards,J. Edwards,,,,,,,,,,,,,,,,,
239,PT06M00.00S,2025-03-30T00:24:18.7Z,2,REGULAR,substitution,out,[],1642276,,,1610612748,45,49,2025-03-30T00:24:38Z,2370000,False,,,0,,SUB out: K. Ware,[1642276],1610612748.0,MIA,,,,,,,,,,,,Ware,K. Ware,,,,,,,,,,,,,,,,,
240,PT06M00.00S,2025-03-30T00:24:18.7Z,2,REGULAR,substitution,out,[],203937,,,1610612748,45,49,2025-03-30T00:24:38Z,2380000,False,,,0,,SUB out: K. Anderson,[203937],1610612748.0,MIA,,,,,,,,,,,,Anderson,K. Anderson,,,,,,,,,,,,,,,,,
241,PT06M00.00S,2025-03-30T00:24:18.7Z,2,REGULAR,substitution,in,[],1629656,,,1610612748,45,49,2025-03-30T00:24:38Z,2390000,False,,,0,,SUB in: Q. Grimes,[1629656],1610612755.0,PHI,,,,,,,,,,,,Grimes,Q. Grimes,,,,,,,,,,,,,,,,,
242,PT06M00.00S,2025-03-30T00:24:18.7Z,2,REGULAR,substitution,in,[],1630542,,,1610612748,45,49,2025-03-30T00:24:38Z,2400000,False,,,0,,SUB in: M. Bagley,[1630542],1610612755.0,PHI,,,,,,,,,,,,Bagley,M. Bagley,,,,,,,,,,,,,,,,,
243,PT06M00.00S,2025-03-30T00:24:18.7Z,2,REGULAR,substitution,in,[],1641796,,,1610612748,45,49,2025-03-30T00:24:38Z,2410000,False,,,0,,SUB in: P. Larsson,[1641796],1610612748.0,MIA,,,,,,,,,,,,Larsson,P. Larsson,,,,,,,,,,,,,,,,,
244,PT06M00.00S,2025-03-30T00:24:18.7Z,2,REGULAR,substitution,in,[],1628389,,,1610612748,45,49,2025-03-30T00:24:38Z,2420000,False,,,0,,SUB in: B. Adebayo,[1628389],1610612748.0,MIA,,,,,,,,,,,,Adebayo,B. Adebayo,,,,,,,,,,,,,,,,,
245,PT05M50.00S,2025-03-30T00:24:52.8Z,2,REGULAR,2pt,Layup,['pointsinthepaint'],1641796,93.9060446780552,51.71568627450981,1610612748,45,49,2025-03-30T00:24:59Z,2430000,False,9.0,5.0,1,right,MISS P. Larsson driving Layup,[1641796],1610612748.0,MIA,driving,,,,,,Restricted Area,0-8 Center,0.98,Missed,,Larsson,P. Larsson,,,,,,,,,,,,,,,,,
246,PT05M48.00S,2025-03-30T00:24:54.8Z,2,REGULAR,rebound,defensive,[],1630542,,,1610612755,45,49,2025-03-30T00:24:59Z,2440000,False,,,0,,M. Bagley REBOUND (Off:0 Def:1),[1630542],1610612755.0,PHI,,,,,,,Restricted Area,0-8 Center,,,,Bagley,M. Bagley,,,,245.0,1.0,1.0,0.0,,,,,,,,,,
247,PT05M32.00S,2025-03-30T00:25:11.9Z,2,REGULAR,turnover,bad pass,[],1630215,,,1610612755,45,49,2025-03-30T00:25:16Z,2450000,False,,,0,,J. Butler bad pass TURNOVER (1 TO),"[1630215, 1630558]",1610612755.0,PHI,,,,,,,Mid-Range,8-16 Right,,,,Butler,J. Butler,,,,,,,,1.0,Mitchell,1630558.0,,,,,,,
248,PT05M32.00S,2025-03-30T00:25:11.9Z,2,REGULAR,steal,,[],1630558,,,1610612748,45,49,2025-03-30T00:25:14Z,2460000,False,,,0,,D. Mitchell STEAL (1 STL),[1630558],1610612748.0,MIA,,,,,,,Mid-Range,8-16 Right,,,,Mitchell,D. Mitchell,,,,,,,,,,,,,,,,,
249,PT05M21.00S,2025-03-30T00:25:22.1Z,2,REGULAR,3pt,Jump Shot,['fromturnover'],1629312,88.64980289093299,95.58823529411765,1610612748,45,52,2025-03-30T00:25:29Z,2470000,False,228.0,54.0,1,right,H. Highsmith 3PT  (5 PTS) (P. Larsson 2 AST),"[1629312, 1641796]",1610612748.0,MIA,,,,,,,Right Corner 3,24+ Right,23.43,Made,5.0,Highsmith,H. Highsmith,P. Larsson,1641796.0,2.0,,,,,,,,,,,,,,
251,PT05M08.00S,2025-03-30T00:25:34.7Z,2,REGULAR,2pt,DUNK,['pointsinthepaint'],1630542,6.258212877792378,47.05882352941176,1610612755,47,52,2025-03-30T00:25:38Z,2490000,False,15.0,6.0,1,left,M. Bagley cutting DUNK (2 PTS) (J. Butler 5 AST),"[1630542, 1630215]",1610612755.0,PHI,cutting,,,,,,Restricted Area,0-8 Center,1.6,Made,2.0,Bagley,M. Bagley,J. Butler,1630215.0,5.0,,,,,,,,,,,,,,
253,PT04M54.00S,2025-03-30T00:25:49.7Z,2,REGULAR,2pt,Layup,['pointsinthepaint'],1629639,93.77463863337714,45.83333333333333,1610612748,47,54,2025-03-30T00:25:53Z,2510000,False,-21.0,6.0,1,right,T. Herro driving Layup (17 PTS) (B. Adebayo 2 AST),"[1629639, 1628389]",1610612748.0,MIA,driving,,,,,,Restricted Area,0-8 Center,2.16,Made,17.0,Herro,T. Herro,B. Adebayo,1628389.0,2.0,,,,,,,,,,,,,,
255,PT04M33.00S,2025-03-30T00:26:09.9Z,2,REGULAR,3pt,Jump Shot,[],1629022,28.86005256241787,76.9607843137255,1610612755,47,54,2025-03-30T00:26:15Z,2530000,False,-135.0,219.0,1,left,MISS L. Walker IV 25' pullup 3PT,[1629022],1610612755.0,PHI,pullup,,,,,,Above the Break 3,24+ Left Center,25.7,Missed,,Walker IV,L. Walker IV,,,,,,,,,,,,,,,,,
256,PT04M30.00S,2025-03-30T00:26:12.9Z,2,REGULAR,rebound,defensive,[],1630558,,,1610612748,47,54,2025-03-30T00:26:15Z,2540000,False,,,0,,D. Mitchell REBOUND (Off:0 Def:1),[1630558],1610612748.0,MIA,,,,,,,Above the Break 3,24+ Left Center,,,,Mitchell,D. Mitchell,,,,255.0,1.0,1.0,0.0,,,,,,,,,,
257,PT04M26.00S,2025-03-30T00:26:16.9Z,2,REGULAR,turnover,bad pass,[],1630558,,,1610612748,47,54,2025-03-30T00:26:21Z,2550000,False,,,0,,D. Mitchell bad pass TURNOVER (3 TO),"[1630558, 1629022]",1610612748.0,MIA,,,,,,,Mid-Range,16-24 Right Center,,,,Mitchell,D. Mitchell,,,,,,,,3.0,Walker IV,1629022.0,,,,,,,
258,PT04M26.00S,2025-03-30T00:26:16.9Z,2,REGULAR,steal,,[],1629022,,,1610612755,47,54,2025-03-30T00:26:18Z,2560000,False,,,0,,L. Walker IV STEAL (1 STL),[1629022],1610612755.0,PHI,,,,,,,Mid-Range,16-24 Right Center,,,,Walker IV,L. Walker IV,,,,,,,,,,,,,,,,,
259,PT04M23.00S,2025-03-30T00:26:20.5Z,2,REGULAR,2pt,Layup,"['pointsinthepaint', 'fromturnover', 'fastbreak']",1629022,4.812746386333772,49.754901960784316,1610612755,49,54,2025-03-30T00:26:25Z,2570000,False,1.0,-7.0,1,left,L. Walker IV running finger roll Layup (5 PTS) (J. Butler 6 AST),"[1629022, 1630215]",1610612755.0,PHI,running finger roll,,,,,,Restricted Area,0-8 Center,0.74,Made,5.0,Walker IV,L. Walker IV,J. Butler,1630215.0,6.0,,,,,,,,,,,,,,
261,PT04M08.00S,2025-03-30T00:26:37.5Z,2,REGULAR,turnover,out-of-bounds,[],1628389,,,1610612748,49,54,2025-03-30T00:26:42Z,2590000,False,,,0,,B. Adebayo bad pass out-of-bounds TURNOVER (1 TO),[1628389],1610612748.0,MIA,bad pass,,,,,,In The Paint (Non-RA),0-8 Center,,,,Adebayo,B. Adebayo,,,,,,,,1.0,,,202049.0,,,,,,
262,PT04M08.00S,2025-03-30T00:26:42.6Z,2,REGULAR,substitution,out,[],1641737,,,1610612755,49,54,2025-03-30T00:26:48Z,2600000,False,,,0,,SUB out: A. Bona,[1641737],1610612755.0,PHI,,,,,,,,,,,,Bona,A. Bona,,,,,,,,,,,,,,,,,
263,PT04M08.00S,2025-03-30T00:26:42.6Z,2,REGULAR,substitution,out,[],1629639,,,1610612755,49,54,2025-03-30T00:26:48Z,2610000,False,,,0,,SUB out: T. Herro,[1629639],1610612748.0,MIA,,,,,,,,,,,,Herro,T. Herro,,,,,,,,,,,,,,,,,
264,PT04M08.00S,2025-03-30T00:26:42.6Z,2,REGULAR,substitution,in,[],1627824,,,1610612755,49,54,2025-03-30T00:26:48Z,2620000,False,,,0,,SUB in: G. Yabusele,[1627824],1610612755.0,PHI,,,,,,,,,,,,Yabusele,G. Yabusele,,,,,,,,,,,,,,,,,
265,PT04M08.00S,2025-03-30T00:26:42.6Z,2,REGULAR,substitution,in,[],1626179,,,1610612755,49,54,2025-03-30T00:26:48Z,2630000,False,,,0,,SUB in: T. Rozier,[1626179],1610612748.0,MIA,,,,,,,,,,,,Rozier,T. Rozier,,,,,,,,,,,,,,,,,
266,PT03M51.00S,2025-03-30T00:27:13.9Z,2,REGULAR,3pt,Jump Shot,['fromturnover'],1629656,20.71287779237845,89.70588235294117,1610612755,49,54,2025-03-30T00:27:19Z,2640000,False,-199.0,142.0,1,left,MISS Q. Grimes 24' 3PT,[1629656],1610612755.0,PHI,,,,,,,Above the Break 3,24+ Left Center,24.42,Missed,,Grimes,Q. Grimes,,,,,,,,,,,,,,,,,
267,PT03M49.00S,2025-03-30T00:27:15.9Z,2,REGULAR,rebound,defensive,['team'],0,,,1610612748,49,54,2025-03-30T00:27:19Z,2650000,False,,,0,,TEAM defensive REBOUND,[],1610612748.0,MIA,,,,,,,Above the Break 3,24+ Left Center,,,,,,,,,266.0,,,,,,,,,,,,,
269,PT03M40.00S,2025-03-30T00:27:33.9Z,2,REGULAR,2pt,Layup,['pointsinthepaint'],1628389,88.51839684625493,57.107843137254896,1610612748,49,54,2025-03-30T00:27:42Z,2670000,False,36.0,55.0,1,right,MISS B. Adebayo 6' driving Layup - blocked,"[1628389, 1627824]",1610612748.0,MIA,driving,,,,,,In The Paint (Non-RA),0-8 Center,6.58,Missed,,Adebayo,B. Adebayo,,,,,,,,,,,,,,,,Yabusele,1627824.0
270,PT03M40.00S,2025-03-30T00:27:33.9Z,2,REGULAR,block,,[],1627824,,,1610612748,49,54,2025-03-30T00:32:46Z,2680000,False,,,0,,G. Yabusele BLOCK (1 BLK),[1627824],1610612755.0,PHI,,,,,,,In The Paint (Non-RA),0-8 Center,,,,Yabusele,G. Yabusele,,,,,,,,,,,,,,,,,
271,PT03M35.00S,2025-03-30T00:27:38.9Z,2,REGULAR,rebound,defensive,[],1630542,,,1610612755,49,54,2025-03-30T00:32:46Z,2690000,False,,,0,,M. Bagley REBOUND (Off:0 Def:2),[1630542],1610612755.0,PHI,,,,,,,In The Paint (Non-RA),0-8 Center,,,,Bagley,M. Bagley,,,,269.0,2.0,2.0,0.0,,,,,,,,,,
272,PT03M35.00S,2025-03-30T00:27:44.8Z,2,REGULAR,2pt,Layup,"['pointsinthepaint', 'fastbreak']",1629656,8.754927726675426,47.549019607843135,1610612755,49,54,2025-03-30T00:27:52Z,2700000,False,12.0,30.0,1,left,MISS Q. Grimes running Layup - blocked,"[1629656, 1641796]",1610612755.0,PHI,running,,,,,,Restricted Area,0-8 Center,3.22,Missed,,Grimes,Q. Grimes,,,,,,,,,,,,,,,,Larsson,1641796.0
273,PT03M35.00S,2025-03-30T00:27:44.8Z,2,REGULAR,block,,[],1641796,,,1610612755,49,54,2025-03-30T00:27:48Z,2710000,False,,,0,,P. Larsson BLOCK (1 BLK),[1641796],1610612748.0,MIA,,,,,,,Restricted Area,0-8 Center,,,,Larsson,P. Larsson,,,,,,,,,,,,,,,,,
274,PT03M35.00S,2025-03-30T00:27:44.8Z,2,REGULAR,rebound,offensive,['team'],0,,,1610612755,49,54,2025-03-30T00:27:52Z,2720000,False,,,0,,TEAM offensive REBOUND,[],1610612755.0,PHI,,,,,,,Restricted Area,0-8 Center,,,,,,,,,272.0,,,,,,,,,,,,,
277,PT03M26.00S,2025-03-30T00:28:27.9Z,2,REGULAR,2pt,Layup,"['pointsinthepaint', '2ndchance']",1629656,8.492115637319317,45.34313725490196,1610612755,49,54,2025-03-30T00:28:31Z,2750000,False,23.0,27.0,1,left,MISS Q. Grimes driving Layup - blocked,"[1629656, 1641796]",1610612755.0,PHI,driving,,,,,,Restricted Area,0-8 Center,3.59,Missed,,Grimes,Q. Grimes,,,,,,,,,,,,,,,,Larsson,1641796.0
285,PT03M26.00S,2025-03-30T00:28:27.9Z,2,REGULAR,block,,[],1641796,,,1610612755,49,54,2025-03-30T00:29:22Z,2755000,False,,,0,,P. Larsson BLOCK (2 BLK),[1641796],1610612748.0,MIA,,,,,,,Restricted Area,0-8 Center,,,,Larsson,P. Larsson,,,,,,,,,,,,,,,,,
278,PT03M24.00S,2025-03-30T00:28:29.9Z,2,REGULAR,rebound,defensive,[],1629312,,,1610612748,49,54,2025-03-30T00:28:31Z,2760000,False,,,0,,H. Highsmith REBOUND (Off:1 Def:3),[1629312],1610612748.0,MIA,,,,,,,Restricted Area,0-8 Center,,,,Highsmith,H. Highsmith,,,,277.0,4.0,3.0,1.0,,,,,,,,,,
279,PT03M13.00S,2025-03-30T00:28:41.1Z,2,REGULAR,2pt,Jump Shot,[],1628389,89.30683311432325,16.911764705882355,1610612748,49,54,2025-03-30T00:28:47Z,2770000,False,-165.0,48.0,1,right,MISS B. Adebayo 17' fadeaway Shot,[1628389],1610612748.0,MIA,fadeaway,,,,,,Mid-Range,16-24 Left,17.22,Missed,,Adebayo,B. Adebayo,,,,,,,,,,,,,,,,,
280,PT03M09.00S,2025-03-30T00:28:45.1Z,2,REGULAR,rebound,defensive,[],1630542,,,1610612755,49,54,2025-03-30T00:28:47Z,2780000,False,,,0,,M. Bagley REBOUND (Off:0 Def:3),[1630542],1610612755.0,PHI,,,,,,,Mid-Range,16-24 Left,,,,Bagley,M. Bagley,,,,279.0,3.0,3.0,0.0,,,,,,,,,,
281,PT03M05.00S,2025-03-30T00:28:53.5Z,2,REGULAR,2pt,Jump Shot,"['pointsinthepaint', 'fastbreak']",1630215,12.959921156373195,48.77450980392157,1610612755,51,54,2025-03-30T00:29:03Z,2790000,False,6.0,69.0,1,left,J. Butler 6' driving floating Jump Shot (8 PTS),[1630215],1610612755.0,PHI,driving floating,,,,,,In The Paint (Non-RA),0-8 Center,6.96,Made,8.0,Butler,J. Butler,,,,,,,,,,,,,,,,,
282,PT03M05.00S,2025-03-30T00:28:57.0Z,2,REGULAR,foul,personal,['1freethrow'],1641796,,,1610612755,51,54,2025-03-30T00:29:11Z,2800000,False,,,0,,P. Larsson shooting personal FOUL (2 PF) (Butler 1 FT),"[1641796, 1630215]",1610612748.0,MIA,shooting,,,,,,In The Paint (Non-RA),0-8 Center,,,,Larsson,P. Larsson,,,,,,,,,,,202901.0,2.0,0.0,Butler,1630215.0,,
284,PT03M05.00S,2025-03-30T00:29:19.5Z,2,REGULAR,freethrow,1 of 1,['fastbreak'],1630215,,,1610612755,52,54,2025-03-30T00:29:19Z,2820000,False,,,0,,J. Butler Free Throw 1 of 1 (9 PTS),[1630215],1610612755.0,PHI,,,,,,,,,,Made,9.0,Butler,J. Butler,,,,,,,,,,,,,,,,,
286,PT02M52.00S,2025-03-30T00:29:33.1Z,2,REGULAR,2pt,Hook,['pointsinthepaint'],1628389,94.03745072273325,41.911764705882355,1610612748,52,54,2025-03-30T00:43:45Z,2830000,False,-40.0,4.0,1,right,MISS B. Adebayo driving Hook,[1628389],1610612748.0,MIA,driving,,,,,,Restricted Area,0-8 Center,4.06,Missed,,Adebayo,B. Adebayo,,,,,,,,,,,,,,,,,
287,PT02M50.00S,2025-03-30T00:29:35.1Z,2,REGULAR,rebound,defensive,[],1630215,,,1610612755,52,54,2025-03-30T00:29:42Z,2840000,False,,,0,,J. Butler REBOUND (Off:0 Def:1),[1630215],1610612755.0,PHI,,,,,,,Restricted Area,0-8 Center,,,,Butler,J. Butler,,,,286.0,1.0,1.0,0.0,,,,,,,,,,
288,PT02M45.00S,2025-03-30T00:29:44.5Z,2,REGULAR,turnover,out-of-bounds,[],1630542,,,1610612755,52,54,2025-03-30T00:29:49Z,2850000,False,,,0,,M. Bagley bad pass out-of-bounds TURNOVER (1 TO),[1630542],1610612755.0,PHI,bad pass,,,,,,In The Paint (Non-RA),8-16 Right,,,,Bagley,M. Bagley,,,,,,,,1.0,,,202049.0,,,,,,
289,PT02M45.00S,2025-03-30T00:29:48.1Z,2,REGULAR,substitution,out,[],1629022,,,1610612748,52,54,2025-03-30T00:29:50Z,2860000,False,,,0,,SUB out: L. Walker IV,[1629022],1610612755.0,PHI,,,,,,,,,,,,Walker IV,L. Walker IV,,,,,,,,,,,,,,,,,
290,PT02M45.00S,2025-03-30T00:29:48.1Z,2,REGULAR,substitution,in,[],1642348,,,1610612748,52,54,2025-03-30T00:29:50Z,2870000,False,,,0,,SUB in: J. Edwards,[1642348],1610612755.0,PHI,,,,,,,,,,,,Edwards,J. Edwards,,,,,,,,,,,,,,,,,
291,PT02M28.00S,2025-03-30T00:30:16.2Z,2,REGULAR,3pt,Jump Shot,['fromturnover'],1629312,77.87450722733246,6.372549019607843,1610612748,52,54,2025-03-30T00:30:21Z,2880000,False,-218.0,155.0,1,right,MISS H. Highsmith 26' 3PT,[1629312],1610612748.0,MIA,,,,,,,Above the Break 3,24+ Left Center,26.79,Missed,,Highsmith,H. Highsmith,,,,,,,,,,,,,,,,,
292,PT02M24.00S,2025-03-30T00:30:20.2Z,2,REGULAR,rebound,defensive,[],1630542,,,1610612755,52,54,2025-03-30T00:30:21Z,2890000,False,,,0,,M. Bagley REBOUND (Off:0 Def:4),[1630542],1610612755.0,PHI,,,,,,,Above the Break 3,24+ Left Center,,,,Bagley,M. Bagley,,,,291.0,4.0,4.0,0.0,,,,,,,,,,
293,PT02M15.00S,2025-03-30T00:30:29.2Z,2,REGULAR,3pt,Jump Shot,[],1627824,27.283180026281208,18.38235294117647,1610612755,52,54,2025-03-30T00:30:34Z,2900000,False,158.0,204.0,1,left,MISS G. Yabusele 25' 3PT,[1627824],1610612755.0,PHI,,,,,,,Above the Break 3,24+ Right Center,25.81,Missed,,Yabusele,G. Yabusele,,,,,,,,,,,,,,,,,
294,PT02M12.00S,2025-03-30T00:30:33.0Z,2,REGULAR,rebound,offensive,[],1642348,,,1610612755,52,54,2025-03-30T00:30:33Z,2910000,False,,,0,,J. Edwards REBOUND (Off:1 Def:0),[1642348],1610612755.0,PHI,,,,,,,Above the Break 3,24+ Right Center,,,,Edwards,J. Edwards,,,,293.0,1.0,0.0,1.0,,,,,,,,,,
295,PT02M06.00S,2025-03-30T00:30:38.1Z,2,REGULAR,3pt,Jump Shot,['2ndchance'],1630542,3.235873850197109,94.6078431372549,1610612755,52,54,2025-03-30T00:30:42Z,2920000,False,-223.0,-22.0,1,left,MISS M. Bagley 3PT,[1630542],1610612755.0,PHI,,,,,,,Left Corner 3,24+ Left,22.41,Missed,,Bagley,M. Bagley,,,,,,,,,,,,,,,,,
296,PT02M04.00S,2025-03-30T00:30:40.1Z,2,REGULAR,rebound,defensive,[],1629312,,,1610612748,52,54,2025-03-30T00:30:42Z,2930000,False,,,0,,H. Highsmith REBOUND (Off:1 Def:4),[1629312],1610612748.0,MIA,,,,,,,Left Corner 3,24+ Left,,,,Highsmith,H. Highsmith,,,,295.0,5.0,4.0,1.0,,,,,,,,,,
297,PT01M43.00S,2025-03-30T00:31:02.7Z,2,REGULAR,3pt,Jump Shot,[],1630558,66.17936925098554,55.14705882352941,1610612748,52,57,2025-03-30T00:31:08Z,2940000,False,26.0,265.0,1,right,D. Mitchell 26' 3PT step back (6 PTS) (T. Rozier 1 AST),"[1630558, 1626179]",1610612748.0,MIA,step back,,,,,,Above the Break 3,24+ Center,26.66,Made,6.0,Mitchell,D. Mitchell,T. Rozier,1626179.0,1.0,,,,,,,,,,,,,,
299,PT01M29.00S,2025-03-30T00:31:15.4Z,2,REGULAR,2pt,Jump Shot,['pointsinthepaint'],1630215,11.777266754270697,45.588235294117645,1610612755,52,57,2025-03-30T00:31:20Z,2960000,False,22.0,58.0,1,left,MISS J. Butler 6' driving floating Shot,[1630215],1610612755.0,PHI,driving floating,,,,,,In The Paint (Non-RA),0-8 Center,6.23,Missed,,Butler,J. Butler,,,,,,,,,,,,,,,,,
300,PT01M26.00S,2025-03-30T00:31:18.4Z,2,REGULAR,rebound,defensive,[],1628389,,,1610612748,52,57,2025-03-30T00:31:20Z,2970000,False,,,0,,B. Adebayo REBOUND (Off:0 Def:3),[1628389],1610612748.0,MIA,,,,,,,In The Paint (Non-RA),0-8 Center,,,,Adebayo,B. Adebayo,,,,299.0,3.0,3.0,0.0,,,,,,,,,,
301,PT01M20.00S,2025-03-30T00:31:24.6Z,2,REGULAR,3pt,Jump Shot,['fastbreak'],1626179,81.8166885676741,4.6568627450980395,1610612748,52,57,2025-03-30T00:31:31Z,2980000,False,-227.0,118.0,1,right,MISS T. Rozier 25' running 3PT,[1626179],1610612748.0,MIA,running,,,,,,Above the Break 3,24+ Left Center,25.58,Missed,,Rozier,T. Rozier,,,,,,,,,,,,,,,,,
302,PT01M17.00S,2025-03-30T00:31:27.7Z,2,REGULAR,rebound,offensive,[],1626179,,,1610612748,52,57,2025-03-30T00:31:27Z,2990000,False,,,0,,T. Rozier REBOUND (Off:1 Def:0),[1626179],1610612748.0,MIA,,,,,,,Above the Break 3,24+ Left Center,,,,Rozier,T. Rozier,,,,301.0,1.0,0.0,1.0,,,,,,,,,,
303,PT01M07.00S,2025-03-30T00:31:37.8Z,2,REGULAR,2pt,Layup,"['pointsinthepaint', '2ndchance']",1628389,93.24901445466492,37.99019607843137,1610612748,52,57,2025-03-30T00:31:42Z,3000000,False,-60.0,11.0,1,right,MISS B. Adebayo 6' alley-oop Layup,[1628389],1610612748.0,MIA,alley-oop,,,,,,In The Paint (Non-RA),0-8 Center,6.1,Missed,,Adebayo,B. Adebayo,,,,,,,,,,,,,,,,,
304,PT01M06.00S,2025-03-30T00:31:38.8Z,2,REGULAR,rebound,defensive,[],1627824,,,1610612755,52,57,2025-03-30T00:38:53Z,3010000,False,,,0,,G. Yabusele REBOUND (Off:0 Def:2),[1627824],1610612755.0,PHI,,,,,,,In The Paint (Non-RA),0-8 Center,,,,Yabusele,G. Yabusele,,,,303.0,2.0,2.0,0.0,,,,,,,,,,
305,PT01M02.00S,2025-03-30T00:31:45.2Z,2,REGULAR,foul,personal,['2freethrow'],1629312,,,1610612755,52,57,2025-03-30T00:31:53Z,3020000,False,,,0,,H. Highsmith shooting personal FOUL (1 PF) (Yabusele 2 FT),"[1629312, 1627824]",1610612748.0,MIA,shooting,,,,,,Restricted Area,0-8 Center,,,,Highsmith,H. Highsmith,,,,,,,,,,,202049.0,1.0,0.0,Yabusele,1627824.0,,
307,PT01M02.00S,2025-03-30T00:32:22.2Z,2,REGULAR,freethrow,1 of 2,['fastbreak'],1627824,,,1610612755,52,57,2025-03-30T00:32:53Z,3040000,False,,,0,,MISS G. Yabusele Free Throw 1 of 2,[1627824],1610612755.0,PHI,,,,,,,,,,Missed,,Yabusele,G. Yabusele,,,,,,,,,,,,,,,,,
308,PT01M02.00S,2025-03-30T00:32:22.2Z,2,REGULAR,rebound,offensive,"['team', 'deadball']",0,,,1610612755,52,57,2025-03-30T00:32:53Z,3050000,False,,,0,,TEAM offensive REBOUND,[],1610612755.0,PHI,,,,,,,,,,,,,,,,,307.0,,,,,,,,,,,,,
309,PT01M02.00S,2025-03-30T00:32:23.3Z,2,REGULAR,substitution,out,[],1629312,,,1610612755,52,57,2025-03-30T00:32:32Z,3060000,False,,,0,,SUB out: H. Highsmith,[1629312],1610612748.0,MIA,,,,,,,,,,,,Highsmith,H. Highsmith,,,,,,,,,,,,,,,,,
310,PT01M02.00S,2025-03-30T00:32:23.3Z,2,REGULAR,substitution,out,[],1630558,,,1610612755,52,57,2025-03-30T00:32:32Z,3070000,False,,,0,,SUB out: D. Mitchell,[1630558],1610612748.0,MIA,,,,,,,,,,,,Mitchell,D. Mitchell,,,,,,,,,,,,,,,,,
311,PT01M02.00S,2025-03-30T00:32:23.3Z,2,REGULAR,substitution,in,[],1642276,,,1610612755,52,57,2025-03-30T00:32:32Z,3080000,False,,,0,,SUB in: K. Ware,[1642276],1610612748.0,MIA,,,,,,,,,,,,Ware,K. Ware,,,,,,,,,,,,,,,,,
312,PT01M02.00S,2025-03-30T00:32:23.3Z,2,REGULAR,substitution,in,[],1629639,,,1610612755,52,57,2025-03-30T00:32:32Z,3090000,False,,,0,,SUB in: T. Herro,[1629639],1610612748.0,MIA,,,,,,,,,,,,Herro,T. Herro,,,,,,,,,,,,,,,,,
313,PT01M02.00S,2025-03-30T00:32:22.2Z,2,REGULAR,freethrow,2 of 2,['fastbreak'],1627824,,,1610612755,52,57,2025-03-30T00:32:53Z,3100000,False,,,0,,MISS G. Yabusele Free Throw 2 of 2,[1627824],1610612755.0,PHI,,,,,,,,,,Missed,,Yabusele,G. Yabusele,,,,,,,,,,,,,,,,,
314,PT00M59.20S,2025-03-30T00:32:25.0Z,2,REGULAR,rebound,defensive,[],1642276,,,1610612748,52,57,2025-03-30T00:32:53Z,3110000,False,,,0,,K. Ware REBOUND (Off:4 Def:4),[1642276],1610612748.0,MIA,,,,,,,,,,,,Ware,K. Ware,,,,313.0,8.0,4.0,4.0,,,,,,,,,,
315,PT00M51.00S,2025-03-30T00:33:02.4Z,2,REGULAR,2pt,Hook,['pointsinthepaint'],1642276,94.43166885676742,37.254901960784316,1610612748,52,59,2025-03-30T00:33:06Z,3120000,False,-64.0,0.0,1,right,K. Ware 6' turnaround Hook (11 PTS) (B. Adebayo 3 AST),"[1642276, 1628389]",1610612748.0,MIA,turnaround,,,,,,In The Paint (Non-RA),0-8 Center,6.37,Made,11.0,Ware,K. Ware,B. Adebayo,1628389.0,3.0,,,,,,,,,,,,,,
317,PT00M40.60S,2025-03-30T00:33:15.4Z,2,REGULAR,turnover,bad pass,[],1629656,,,1610612755,52,59,2025-03-30T00:33:19Z,3140000,False,,,0,,Q. Grimes bad pass TURNOVER (3 TO),"[1629656, 1641796]",1610612755.0,PHI,,,,,,,Above the Break 3,24+ Center,,,,Grimes,Q. Grimes,,,,,,,,3.0,Larsson,1641796.0,,,,,,,
318,PT00M40.60S,2025-03-30T00:33:15.4Z,2,REGULAR,steal,,[],1641796,,,1610612748,52,59,2025-03-30T00:33:17Z,3150000,False,,,0,,P. Larsson STEAL (2 STL),[1641796],1610612748.0,MIA,,,,,,,Above the Break 3,24+ Center,,,,Larsson,P. Larsson,,,,,,,,,,,,,,,,,
319,PT00M38.40S,2025-03-30T00:33:18.8Z,2,REGULAR,2pt,Layup,"['pointsinthepaint', 'fromturnover', 'fastbreak']",1641796,93.64323258869908,52.450980392156865,1610612748,52,61,2025-03-30T00:33:24Z,3160000,False,12.0,7.0,1,right,P. Larsson running finger roll Layup (8 PTS),[1641796],1610612748.0,MIA,running finger roll,,,,,,Restricted Area,0-8 Center,1.43,Made,8.0,Larsson,P. Larsson,,,,,,,,,,,,,,,,,
320,PT00M33.70S,2025-03-30T00:33:24.4Z,2,REGULAR,turnover,lost ball,[],1627824,,,1610612755,52,61,2025-03-30T00:33:28Z,3170000,False,,,0,,G. Yabusele lost ball TURNOVER (1 TO),"[1627824, 1641796]",1610612755.0,PHI,,,,,,,Restricted Area,0-8 Center,,,,Yabusele,G. Yabusele,,,,,,,,1.0,Larsson,1641796.0,,,,,,,
321,PT00M33.70S,2025-03-30T00:33:24.4Z,2,REGULAR,steal,,[],1641796,,,1610612748,52,61,2025-03-30T00:33:26Z,3180000,False,,,0,,P. Larsson STEAL (3 STL),[1641796],1610612748.0,MIA,,,,,,,Restricted Area,0-8 Center,,,,Larsson,P. Larsson,,,,,,,,,,,,,,,,,
322,PT00M23.70S,2025-03-30T00:33:34.5Z,2,REGULAR,2pt,Layup,"['pointsinthepaint', 'fromturnover']",1626179,91.40932982917214,55.14705882352941,1610612748,52,61,2025-03-30T00:33:39Z,3190000,False,26.0,28.0,1,right,MISS T. Rozier driving reverse Layup,[1626179],1610612748.0,MIA,driving reverse,,,,,,Restricted Area,0-8 Center,3.82,Missed,,Rozier,T. Rozier,,,,,,,,,,,,,,,,,
323,PT00M21.00S,2025-03-30T00:33:37.2Z,2,REGULAR,rebound,defensive,[],1630215,,,1610612755,52,61,2025-03-30T00:33:39Z,3200000,False,,,0,,J. Butler REBOUND (Off:0 Def:2),[1630215],1610612755.0,PHI,,,,,,,Restricted Area,0-8 Center,,,,Butler,J. Butler,,,,322.0,2.0,2.0,0.0,,,,,,,,,,
324,PT00M02.00S,2025-03-30T00:33:59.0Z,2,REGULAR,foul,personal,"['inpenalty', '2freethrow']",1642276,,,1610612755,52,61,2025-03-30T00:34:04Z,3210000,False,,,0,,K. Ware shooting personal FOUL (1 PF) (Yabusele 2 FT),"[1642276, 1627824]",1610612748.0,MIA,shooting,,,,,,Restricted Area,0-8 Center,,,,Ware,K. Ware,,,,,,,,,,,202037.0,1.0,0.0,Yabusele,1627824.0,,
326,PT00M02.00S,2025-03-30T00:34:35.5Z,2,REGULAR,freethrow,1 of 2,[],1627824,,,1610612755,52,61,2025-03-30T00:34:35Z,3230000,False,,,0,,MISS G. Yabusele Free Throw 1 of 2,[1627824],1610612755.0,PHI,,,,,,,,,,Missed,,Yabusele,G. Yabusele,,,,,,,,,,,,,,,,,
327,PT00M02.00S,2025-03-30T00:34:35.5Z,2,REGULAR,rebound,offensive,"['deadball', 'team']",0,,,1610612755,52,61,2025-03-30T00:34:35Z,3240000,False,,,0,,TEAM offensive REBOUND,[],1610612755.0,PHI,,,,,,,,,,,,,,,,,326.0,,,,,,,,,,,,,
328,PT00M02.00S,2025-03-30T00:34:57.0Z,2,REGULAR,freethrow,2 of 2,[],1627824,,,1610612755,53,61,2025-03-30T00:34:57Z,3250000,False,,,0,,G. Yabusele Free Throw 2 of 2 (1 PTS),[1627824],1610612755.0,PHI,,,,,,,,,,Made,1.0,Yabusele,G. Yabusele,,,,,,,,,,,,,,,,,
329,PT00M00.70S,2025-03-30T00:35:05.5Z,2,REGULAR,foul,personal,['2freethrow'],1630215,,,1610612748,53,61,2025-03-30T00:35:11Z,3260000,False,,,0,,J. Butler shooting personal FOUL (2 PF) (Adebayo 2 FT),"[1630215, 1628389]",1610612755.0,PHI,shooting,,,,,,Restricted Area,0-8 Center,,,,Butler,J. Butler,,,,,,,,,,,202049.0,2.0,0.0,Adebayo,1628389.0,,
331,PT00M00.70S,2025-03-30T00:35:34.2Z,2,REGULAR,freethrow,1 of 2,[],1628389,,,1610612748,53,62,2025-03-30T00:35:34Z,3280000,False,,,0,,B. Adebayo Free Throw 1 of 2 (7 PTS),[1628389],1610612748.0,MIA,,,,,,,,,,Made,7.0,Adebayo,B. Adebayo,,,,,,,,,,,,,,,,,
332,PT00M00.70S,2025-03-30T00:35:34.2Z,2,REGULAR,freethrow,2 of 2,[],1628389,,,1610612748,53,62,2025-03-30T00:35:56Z,3290000,False,,,0,,MISS B. Adebayo Free Throw 2 of 2,[1628389],1610612748.0,MIA,,,,,,,,,,Missed,,Adebayo,B. Adebayo,,,,,,,,,,,,,,,,,
333,PT00M00.70S,2025-03-30T00:35:34.2Z,2,REGULAR,rebound,offensive,[],1641796,,,1610612748,53,62,2025-03-30T00:35:56Z,3300000,False,,,0,,P. Larsson REBOUND (Off:1 Def:1),[1641796],1610612748.0,MIA,,,,,,,,,,,,Larsson,P. Larsson,,,,332.0,2.0,1.0,1.0,,,,,,,,,,
334,PT00M00.20S,2025-03-30T00:35:55.3Z,2,REGULAR,2pt,Layup,"['2ndchance', 'pointsinthepaint']",1641796,94.40999984741211,50.0,1610612748,53,62,2025-03-30T00:36:02Z,3310000,False,0.0,0.0,1,right,MISS P. Larsson tip Layup,[1641796],1610612748.0,MIA,tip,,,,,,Restricted Area,0-8 Center,0.0,Missed,,Larsson,P. Larsson,,,,,,,,,,,,,,,,,
335,PT00M00.10S,2025-03-30T00:35:55.4Z,2,REGULAR,rebound,offensive,['team'],0,,,1610612748,53,62,2025-03-30T00:36:02Z,3320000,False,,,0,,TEAM offensive REBOUND,[],1610612748.0,MIA,,,,,,,Restricted Area,0-8 Center,,,,,,,,,334.0,,,,,,,,,,,,,
336,PT00M00.00S,2025-03-30T00:36:04.6Z,2,REGULAR,period,end,[],0,,,1610612748,53,62,2025-03-30T00:36:04Z,3330000,False,,,0,,Period End,[],,,,,,,,,,,,,,,,,,,,,,,,,,,,,,,,
337,PT12M00.00S,2025-03-30T00:48:39.8Z,3,REGULAR,substitution,out,['startperiod'],1630542,,,1610612748,53,62,2025-03-30T00:51:13Z,3340000,False,,,0,,SUB out: M. Bagley,[1630542],1610612755.0,PHI,,,,,,,,,,,,Bagley,M. Bagley,,,,,,,,,,,,,,,,,
338,PT12M00.00S,2025-03-30T00:48:39.8Z,3,REGULAR,substitution,out,['startperiod'],1626179,,,1610612748,53,62,2025-03-30T00:51:13Z,3350000,False,,,0,,SUB out: T. Rozier,[1626179],1610612748.0,MIA,,,,,,,,,,,,Rozier,T. Rozier,,,,,,,,,,,,,,,,,
339,PT12M00.00S,2025-03-30T00:48:39.8Z,3,REGULAR,substitution,in,['startperiod'],1641737,,,1610612748,53,62,2025-03-30T00:51:13Z,3360000,False,,,0,,SUB in: A. Bona,[1641737],1610612755.0,PHI,,,,,,,,,,,,Bona,A. Bona,,,,,,,,,,,,,,,,,
340,PT12M00.00S,2025-03-30T00:48:39.8Z,3,REGULAR,substitution,in,['startperiod'],202692,,,1610612748,53,62,2025-03-30T00:51:13Z,3370000,False,,,0,,SUB in: A. Burks,[202692],1610612748.0,MIA,,,,,,,,,,,,Burks,A. Burks,,,,,,,,,,,,,,,,,
341,PT12M00.00S,2025-03-30T00:51:13.8Z,3,REGULAR,period,start,[],0,,,1610612748,53,62,2025-03-30T00:51:13Z,3380000,False,,,0,,Period Start,[],,,,,,,,,,,,,,,,,,,,,,,,,,,,,,,,
344,PT11M44.00S,2025-03-30T00:51:43.5Z,3,REGULAR,foul,personal,[],1642348,,,1610612748,53,62,2025-03-30T00:51:48Z,3410000,False,,,0,,J. Edwards personal FOUL (3 PF),"[1642348, 1629639]",1610612755.0,PHI,,,,,,,In The Paint (Non-RA),8-16 Center,,,,Edwards,J. Edwards,,,,,,,,,,,202037.0,3.0,0.0,Herro,1629639.0,,
346,PT11M33.00S,2025-03-30T00:52:00.9Z,3,REGULAR,2pt,Jump Shot,['pointsinthepaint'],1628389,17.0335085413929,48.529411764705884,1610612748,53,64,2025-03-30T00:52:06Z,3430000,False,7.0,108.0,1,left,B. Adebayo 10' pullup Jump Shot (9 PTS),[1628389],1610612748.0,MIA,pullup,,,,,,In The Paint (Non-RA),8-16 Center,10.79,Made,9.0,Adebayo,B. Adebayo,,,,,,,,,,,,,,,,,
347,PT11M14.00S,2025-03-30T00:52:18.9Z,3,REGULAR,2pt,Jump Shot,[],1642348,73.9323258869908,60.29411764705882,1610612755,55,64,2025-03-30T00:52:23Z,3440000,False,51.0,193.0,1,right,J. Edwards 19' pullup Jump Shot (7 PTS) (Q. Grimes 2 AST),"[1642348, 1629656]",1610612755.0,PHI,pullup,,,,,,Mid-Range,16-24 Center,19.93,Made,7.0,Edwards,J. Edwards,Q. Grimes,1629656.0,2.0,,,,,,,,,,,,,,
349,PT10M57.00S,2025-03-30T00:52:36.1Z,3,REGULAR,2pt,Jump Shot,['pointsinthepaint'],1628389,20.318659658344284,49.26470588235294,1610612748,55,64,2025-03-30T00:52:40Z,3460000,False,4.0,138.0,1,left,MISS B. Adebayo 13' fadeaway Shot,[1628389],1610612748.0,MIA,fadeaway,,,,,,In The Paint (Non-RA),8-16 Center,13.85,Missed,,Adebayo,B. Adebayo,,,,,,,,,,,,,,,,,
350,PT10M54.00S,2025-03-30T00:52:39.1Z,3,REGULAR,rebound,defensive,[],1641737,,,1610612755,55,64,2025-03-30T00:52:40Z,3470000,False,,,0,,A. Bona REBOUND (Off:0 Def:3),[1641737],1610612755.0,PHI,,,,,,,In The Paint (Non-RA),8-16 Center,,,,Bona,A. Bona,,,,349.0,3.0,3.0,0.0,,,,,,,,,,
351,PT10M35.00S,2025-03-30T00:52:58.2Z,3,REGULAR,2pt,Jump Shot,[],1630215,81.68528252299606,32.1078431372549,1610612755,57,64,2025-03-30T00:53:03Z,3480000,False,-89.0,120.0,1,right,J. Butler 14' fadeaway Jump Shot (11 PTS),[1630215],1610612755.0,PHI,fadeaway,,,,,,Mid-Range,8-16 Left,14.95,Made,11.0,Butler,J. Butler,,,,,,,,,,,,,,,,,
352,PT10M11.00S,2025-03-30T00:53:25.7Z,3,REGULAR,turnover,traveling,[],1641796,,,1610612748,57,64,2025-03-30T00:53:30Z,3490000,False,,,0,,P. Larsson traveling TURNOVER (1 TO),[1641796],1610612748.0,MIA,,,,,,,In The Paint (Non-RA),8-16 Center,,,,Larsson,P. Larsson,,,,,,,,1.0,,,202037.0,,,,,,
353,PT09M48.00S,2025-03-30T00:54:00.9Z,3,REGULAR,turnover,lost ball,[],1642348,,,1610612755,57,64,2025-03-30T00:54:08Z,3500000,False,,,0,,J. Edwards lost ball TURNOVER (2 TO),"[1642348, 202692]",1610612755.0,PHI,,,,,,,Mid-Range,16-24 Center,,,,Edwards,J. Edwards,,,,,,,,2.0,Burks,202692.0,,,,,,,
354,PT09M48.00S,2025-03-30T00:54:00.9Z,3,REGULAR,steal,,[],202692,,,1610612748,57,64,2025-03-30T00:54:04Z,3510000,False,,,0,,A. Burks STEAL (1 STL),[202692],1610612748.0,MIA,,,,,,,Mid-Range,16-24 Center,,,,Burks,A. Burks,,,,,,,,,,,,,,,,,
355,PT09M32.00S,2025-03-30T00:54:16.6Z,3,REGULAR,2pt,Jump Shot,"['pointsinthepaint', 'fromturnover']",1629639,10.988830486202366,44.85294117647059,1610612748,57,66,2025-03-30T00:54:22Z,3520000,False,26.0,51.0,1,left,T. Herro driving floating Jump Shot (19 PTS),[1629639],1610612748.0,MIA,driving floating,,,,,,In The Paint (Non-RA),0-8 Center,5.69,Made,19.0,Herro,T. Herro,,,,,,,,,,,,,,,,,
356,PT09M16.00S,2025-03-30T00:54:34.3Z,3,REGULAR,violation,kicked ball,[],1628389,,,1610612755,57,66,2025-03-30T00:54:41Z,3530000,False,,,0,,B. Adebayo kicked ball VIOLATION,[1628389],1610612748.0,MIA,,,,,,,,,,,,Adebayo,B. Adebayo,,,,,,,,,,,202049.0,,,,,,
357,PT09M01.00S,2025-03-30T00:55:05.8Z,3,REGULAR,2pt,DUNK,['pointsinthepaint'],1641737,92.59198423127464,49.01960784313725,1610612755,59,66,2025-03-30T00:55:10Z,3540000,False,-5.0,17.0,1,right,A. Bona DUNK (10 PTS) (G. Yabusele 1 AST),"[1641737, 1627824]",1610612755.0,PHI,,,,,,,Restricted Area,0-8 Center,1.78,Made,10.0,Bona,A. Bona,G. Yabusele,1627824.0,1.0,,,,,,,,,,,,,,
359,PT08M37.00S,2025-03-30T00:55:29.1Z,3,REGULAR,3pt,Jump Shot,[],202692,33.459264126149804,52.94117647058824,1610612748,59,66,2025-03-30T00:55:34Z,3560000,False,-15.0,262.0,1,left,MISS A. Burks 26' pullup 3PT,[202692],1610612748.0,MIA,pullup,,,,,,Above the Break 3,24+ Center,26.24,Missed,,Burks,A. Burks,,,,,,,,,,,,,,,,,
360,PT08M34.00S,2025-03-30T00:55:32.1Z,3,REGULAR,rebound,offensive,[],1641796,,,1610612748,59,66,2025-03-30T00:55:34Z,3570000,False,,,0,,P. Larsson REBOUND (Off:2 Def:1),[1641796],1610612748.0,MIA,,,,,,,Above the Break 3,24+ Center,,,,Larsson,P. Larsson,,,,359.0,3.0,1.0,2.0,,,,,,,,,,
361,PT08M25.00S,2025-03-30T00:55:40.8Z,3,REGULAR,2pt,Jump Shot,"['pointsinthepaint', '2ndchance']",1629639,15.193823915900131,50.49019607843137,1610612748,59,66,2025-03-30T00:55:47Z,3580000,False,-2.0,90.0,1,left,MISS T. Herro 9' driving floating Shot,[1629639],1610612748.0,MIA,driving floating,,,,,,In The Paint (Non-RA),8-16 Center,9.03,Missed,,Herro,T. Herro,,,,,,,,,,,,,,,,,
362,PT08M23.00S,2025-03-30T00:55:43.1Z,3,REGULAR,rebound,defensive,[],1641737,,,1610612755,59,66,2025-03-30T00:55:43Z,3590000,False,,,0,,A. Bona REBOUND (Off:0 Def:4),[1641737],1610612755.0,PHI,,,,,,,In The Paint (Non-RA),8-16 Center,,,,Bona,A. Bona,,,,361.0,4.0,4.0,0.0,,,,,,,,,,
363,PT08M22.00S,2025-03-30T00:55:44.6Z,3,REGULAR,turnover,bad pass,[],1641737,,,1610612755,59,66,2025-03-30T00:55:50Z,3600000,False,,,0,,A. Bona bad pass TURNOVER (2 TO),"[1641737, 1641796]",1610612755.0,PHI,,,,,,,Mid-Range,16-24 Center,,,,Bona,A. Bona,,,,,,,,2.0,Larsson,1641796.0,,,,,,,
364,PT08M22.00S,2025-03-30T00:55:44.6Z,3,REGULAR,steal,,[],1641796,,,1610612748,59,66,2025-03-30T00:55:47Z,3610000,False,,,0,,P. Larsson STEAL (4 STL),[1641796],1610612748.0,MIA,,,,,,,Mid-Range,16-24 Center,,,,Larsson,P. Larsson,,,,,,,,,,,,,,,,,
365,PT08M21.00S,2025-03-30T00:55:49.9Z,3,REGULAR,foul,personal,[],1642348,,,1610612748,59,66,2025-03-30T00:55:58Z,3620000,False,,,0,,J. Edwards personal FOUL (4 PF),"[1642348, 1641796]",1610612755.0,PHI,,,,,,,Restricted Area,0-8 Center,,,,Edwards,J. Edwards,,,,,,,,,,,202037.0,4.0,0.0,Larsson,1641796.0,,
367,PT08M14.00S,2025-03-30T00:56:16.9Z,3,REGULAR,2pt,Jump Shot,"['pointsinthepaint', 'fromturnover']",1628389,14.536793692509855,64.70588235294117,1610612748,59,66,2025-03-30T00:56:24Z,3640000,False,-74.0,84.0,1,left,MISS B. Adebayo 11' floating Shot,[1628389],1610612748.0,MIA,floating,,,,,,In The Paint (Non-RA),8-16 Left,11.17,Missed,,Adebayo,B. Adebayo,,,,,,,,,,,,,,,,,
368,PT08M12.00S,2025-03-30T00:56:18.9Z,3,REGULAR,rebound,defensive,[],1627824,,,1610612755,59,66,2025-03-30T00:56:24Z,3650000,False,,,0,,G. Yabusele REBOUND (Off:0 Def:3),[1627824],1610612755.0,PHI,,,,,,,In The Paint (Non-RA),8-16 Left,,,,Yabusele,G. Yabusele,,,,367.0,3.0,3.0,0.0,,,,,,,,,,
369,PT08M04.00S,2025-03-30T00:56:28.4Z,3,REGULAR,foul,personal,['2freethrow'],202692,,,1610612755,59,66,2025-03-30T00:56:36Z,3660000,False,,,0,,A. Burks shooting personal FOUL (2 PF) (Edwards 2 FT),"[202692, 1642348]",1610612748.0,MIA,shooting,,,,,,In The Paint (Non-RA),8-16 Center,,,,Burks,A. Burks,,,,,,,,,,,202049.0,2.0,0.0,Edwards,1642348.0,,
371,PT08M04.00S,2025-03-30T00:56:56.9Z,3,REGULAR,freethrow,1 of 2,[],1642348,,,1610612755,60,66,2025-03-30T00:56:56Z,3680000,False,,,0,,J. Edwards Free Throw 1 of 2 (8 PTS),[1642348],1610612755.0,PHI,,,,,,,,,,Made,8.0,Edwards,J. Edwards,,,,,,,,,,,,,,,,,
372,PT08M04.00S,2025-03-30T00:56:59.9Z,3,REGULAR,substitution,out,[],1630215,,,1610612755,60,66,2025-03-30T00:57:05Z,3690000,False,,,0,,SUB out: J. Butler,[1630215],1610612755.0,PHI,,,,,,,,,,,,Butler,J. Butler,,,,,,,,,,,,,,,,,
373,PT08M04.00S,2025-03-30T00:56:59.9Z,3,REGULAR,substitution,in,[],1641741,,,1610612755,60,66,2025-03-30T00:57:05Z,3700000,False,,,0,,SUB in: R. Council IV,[1641741],1610612755.0,PHI,,,,,,,,,,,,Council IV,R. Council IV,,,,,,,,,,,,,,,,,
374,PT08M04.00S,2025-03-30T00:56:56.9Z,3,REGULAR,freethrow,2 of 2,[],1642348,,,1610612755,60,66,2025-03-30T00:57:24Z,3710000,False,,,0,,MISS J. Edwards Free Throw 2 of 2,[1642348],1610612755.0,PHI,,,,,,,,,,Missed,,Edwards,J. Edwards,,,,,,,,,,,,,,,,,
375,PT08M01.00S,2025-03-30T00:56:59.9Z,3,REGULAR,rebound,defensive,[],1642276,,,1610612748,60,66,2025-03-30T00:57:24Z,3720000,False,,,0,,K. Ware REBOUND (Off:4 Def:5),[1642276],1610612748.0,MIA,,,,,,,,,,,,Ware,K. Ware,,,,374.0,9.0,5.0,4.0,,,,,,,,,,
376,PT07M50.00S,2025-03-30T00:57:33.9Z,3,REGULAR,3pt,Jump Shot,[],202692,6.783837056504599,94.6078431372549,1610612748,60,66,2025-03-30T00:57:40Z,3730000,False,-223.0,11.0,1,left,MISS A. Burks 3PT,[202692],1610612748.0,MIA,,,,,,,Left Corner 3,24+ Left,22.33,Missed,,Burks,A. Burks,,,,,,,,,,,,,,,,,
378,PT07M47.00S,2025-03-30T00:57:36.9Z,3,REGULAR,rebound,defensive,[],1629656,,,1610612755,60,66,2025-03-30T00:58:42Z,3750000,False,,,0,,Q. Grimes REBOUND (Off:1 Def:2),[1629656],1610612755.0,PHI,,,,,,,Left Corner 3,24+ Left,,,,Grimes,Q. Grimes,,,,376.0,3.0,2.0,1.0,,,,,,,,,,
379,PT07M38.00S,2025-03-30T00:57:47.5Z,3,REGULAR,2pt,Jump Shot,[],1629656,88.91261498028909,9.803921568627452,1610612755,62,66,2025-03-30T00:59:04Z,3760000,False,-201.0,52.0,1,right,Q. Grimes 20' pullup Jump Shot (13 PTS),[1629656],1610612755.0,PHI,pullup,,,,,,Mid-Range,16-24 Left,20.75,Made,13.0,Grimes,Q. Grimes,,,,,,,,,,,,,,,,,
380,PT07M22.00S,2025-03-30T00:58:01.2Z,3,REGULAR,3pt,Jump Shot,[],1629639,33.327858081471746,39.46078431372549,1610612748,62,69,2025-03-30T00:58:07Z,3770000,False,53.0,261.0,1,left,T. Herro 26' 3PT step back (22 PTS),[1629639],1610612748.0,MIA,step back,,,,,,Above the Break 3,24+ Center,26.61,Made,22.0,Herro,T. Herro,,,,,,,,,,,,,,,,,
381,PT07M00.00S,2025-03-30T00:58:23.4Z,3,REGULAR,2pt,Jump Shot,['pointsinthepaint'],1642348,86.67871222076215,57.59803921568627,1610612755,62,69,2025-03-30T00:58:30Z,3780000,False,38.0,73.0,1,right,MISS J. Edwards 8' driving floating Shot - blocked,"[1642348, 1642276]",1610612755.0,PHI,driving floating,,,,,,In The Paint (Non-RA),8-16 Center,8.2,Missed,,Edwards,J. Edwards,,,,,,,,,,,,,,,,Ware,1642276.0
382,PT07M00.00S,2025-03-30T00:58:23.4Z,3,REGULAR,block,,[],1642276,,,1610612755,62,69,2025-03-30T00:58:25Z,3790000,False,,,0,,K. Ware BLOCK (1 BLK),[1642276],1610612748.0,MIA,,,,,,,In The Paint (Non-RA),8-16 Center,,,,Ware,K. Ware,,,,,,,,,,,,,,,,,
383,PT06M55.00S,2025-03-30T00:58:28.4Z,3,REGULAR,rebound,defensive,[],1628389,,,1610612748,62,69,2025-03-30T00:58:30Z,3800000,False,,,0,,B. Adebayo REBOUND (Off:0 Def:4),[1628389],1610612748.0,MIA,,,,,,,In The Paint (Non-RA),8-16 Center,,,,Adebayo,B. Adebayo,,,,381.0,4.0,4.0,0.0,,,,,,,,,,
384,PT06M52.00S,2025-03-30T00:58:32.1Z,3,REGULAR,3pt,Jump Shot,['fastbreak'],202692,9.937582128777924,3.6764705882352944,1610612748,62,72,2025-03-30T01:00:38Z,3810000,False,232.0,41.0,1,left,A. Burks 3PT running pullup (11 PTS) (B. Adebayo 4 AST),"[202692, 1628389]",1610612748.0,MIA,running pullup,,,,,,Right Corner 3,24+ Right,23.52,Made,11.0,Burks,A. Burks,B. Adebayo,1628389.0,4.0,,,,,,,,,,,,,,
386,PT06M41.00S,2025-03-30T00:58:46.2Z,3,REGULAR,timeout,full,"['team', 'mandatory']",0,,,1610612755,62,72,2025-03-30T00:58:46Z,3830000,False,,,0,,PHI Timeout,[],1610612755.0,PHI,,,,,,,,,,,,,,,,,,,,,,,,,,,,,,
387,PT06M41.00S,2025-03-30T01:01:12.6Z,3,REGULAR,substitution,out,[],1642348,,,1610612755,62,72,2025-03-30T01:01:17Z,3840000,False,,,0,,SUB out: J. Edwards,[1642348],1610612755.0,PHI,,,,,,,,,,,,Edwards,J. Edwards,,,,,,,,,,,,,,,,,
388,PT06M41.00S,2025-03-30T01:01:12.6Z,3,REGULAR,substitution,in,[],1630215,,,1610612755,62,72,2025-03-30T01:01:17Z,3850000,False,,,0,,SUB in: J. Butler,[1630215],1610612755.0,PHI,,,,,,,,,,,,Butler,J. Butler,,,,,,,,,,,,,,,,,
389,PT06M29.00S,2025-03-30T01:01:56.3Z,3,REGULAR,2pt,Jump Shot,[],1629656,90.48948751642575,71.07843137254902,1610612755,64,72,2025-03-30T01:02:03Z,3860000,False,105.0,37.0,1,right,Q. Grimes 11' pullup Jump Shot (15 PTS) (J. Butler 7 AST),"[1629656, 1630215]",1610612755.0,PHI,pullup,,,,,,Mid-Range,8-16 Right,11.17,Made,15.0,Grimes,Q. Grimes,J. Butler,1630215.0,7.0,,,,,,,,,,,,,,
391,PT06M08.00S,2025-03-30T01:02:18.3Z,3,REGULAR,2pt,Layup,['pointsinthepaint'],1641796,12.565703022339028,47.05882352941176,1610612748,64,72,2025-03-30T01:02:28Z,3880000,False,15.0,66.0,1,left,MISS P. Larsson 6' driving finger roll Layup,[1641796],1610612748.0,MIA,driving finger roll,,,,,,In The Paint (Non-RA),0-8 Center,6.72,Missed,,Larsson,P. Larsson,,,,,,,,,,,,,,,,,
392,PT06M06.00S,2025-03-30T01:02:20.3Z,3,REGULAR,rebound,offensive,[],1641796,,,1610612748,64,72,2025-03-30T01:08:53Z,3890000,False,,,0,,P. Larsson REBOUND (Off:3 Def:1),[1641796],1610612748.0,MIA,,,,,,,In The Paint (Non-RA),0-8 Center,,,,Larsson,P. Larsson,,,,391.0,4.0,1.0,3.0,,,,,,,,,,
441,PT06M06.00S,2025-03-30T01:02:20.6Z,3,REGULAR,2pt,Layup,"['pointsinthepaint', '2ndchance']",1641796,6.438896189224707,47.6485906862745,1610612748,64,72,2025-03-30T01:09:34Z,3895000,False,12.0,8.0,1,left,MISS P. Larsson tip Layup,[1641796],1610612748.0,MIA,tip,,,,,,Restricted Area,0-8 Center,1.43,Missed,,Larsson,P. Larsson,,,,,,,,,,,,,,,,,
442,PT06M05.00S,2025-03-30T01:02:21.6Z,3,REGULAR,rebound,offensive,[],1628389,,,1610612748,64,72,2025-03-30T01:10:43Z,3897500,False,,,0,,B. Adebayo REBOUND (Off:1 Def:4),[1628389],1610612748.0,MIA,,,,,,,Restricted Area,0-8 Center,,,,Adebayo,B. Adebayo,,,,441.0,5.0,4.0,1.0,,,,,,,,,,
393,PT06M05.00S,2025-03-30T01:02:23.0Z,3,REGULAR,2pt,Layup,"['pointsinthepaint', '2ndchance']",1628389,5.590000152587891,50.0,1610612748,64,72,2025-03-30T01:09:34Z,3900000,False,0.0,0.0,1,left,MISS B. Adebayo tip Layup,[1628389],1610612748.0,MIA,tip,,,,,,Restricted Area,0-8 Center,0.0,Missed,,Adebayo,B. Adebayo,,,,,,,,,,,,,,,,,
394,PT06M04.00S,2025-03-30T01:02:24.0Z,3,REGULAR,rebound,offensive,[],1628389,,,1610612748,64,72,2025-03-30T01:05:21Z,3910000,False,,,0,,B. Adebayo REBOUND (Off:2 Def:4),[1628389],1610612748.0,MIA,,,,,,,Restricted Area,0-8 Center,,,,Adebayo,B. Adebayo,,,,393.0,6.0,4.0,2.0,,,,,,,,,,
395,PT06M04.00S,2025-03-30T01:02:24.6Z,3,REGULAR,2pt,Layup,"['2ndchance', 'pointsinthepaint']",1628389,5.590000152587891,50.0,1610612748,64,72,2025-03-30T01:06:05Z,3920000,False,0.0,0.0,1,left,MISS B. Adebayo tip Layup,[1628389],1610612748.0,MIA,tip,,,,,,Restricted Area,0-8 Center,0.0,Missed,,Adebayo,B. Adebayo,,,,,,,,,,,,,,,,,
396,PT06M02.00S,2025-03-30T01:02:26.6Z,3,REGULAR,rebound,defensive,[],1641737,,,1610612755,64,72,2025-03-30T01:06:05Z,3930000,False,,,0,,A. Bona REBOUND (Off:0 Def:5),[1641737],1610612755.0,PHI,,,,,,,Restricted Area,0-8 Center,,,,Bona,A. Bona,,,,395.0,5.0,5.0,0.0,,,,,,,,,,
397,PT05M51.00S,2025-03-30T01:02:34.3Z,3,REGULAR,2pt,Layup,['pointsinthepaint'],1630215,92.19776609724047,52.20588235294118,1610612755,64,72,2025-03-30T01:02:43Z,3940000,False,11.0,21.0,1,right,MISS J. Butler driving finger roll Layup - blocked,"[1630215, 1642276]",1610612755.0,PHI,driving finger roll,,,,,,Restricted Area,0-8 Center,2.35,Missed,,Butler,J. Butler,,,,,,,,,,,,,,,,Ware,1642276.0
398,PT05M51.00S,2025-03-30T01:02:34.3Z,3,REGULAR,block,,[],1642276,,,1610612755,64,72,2025-03-30T01:02:36Z,3950000,False,,,0,,K. Ware BLOCK (2 BLK),[1642276],1610612748.0,MIA,,,,,,,Restricted Area,0-8 Center,,,,Ware,K. Ware,,,,,,,,,,,,,,,,,
399,PT05M48.00S,2025-03-30T01:02:37.3Z,3,REGULAR,rebound,offensive,[],1627824,,,1610612755,64,72,2025-03-30T01:02:43Z,3960000,False,,,0,,G. Yabusele REBOUND (Off:1 Def:3),[1627824],1610612755.0,PHI,,,,,,,Restricted Area,0-8 Center,,,,Yabusele,G. Yabusele,,,,397.0,4.0,3.0,1.0,,,,,,,,,,
400,PT05M46.00S,2025-03-30T01:02:40.7Z,3,REGULAR,3pt,Jump Shot,['2ndchance'],1630215,91.27792378449409,3.9215686274509802,1610612755,67,72,2025-03-30T01:02:46Z,3970000,False,-230.0,29.0,1,right,J. Butler 3PT  (14 PTS) (R. Council IV 3 AST),"[1630215, 1641741]",1610612755.0,PHI,,,,,,,Left Corner 3,24+ Left,23.23,Made,14.0,Butler,J. Butler,R. Council IV,1641741.0,3.0,,,,,,,,,,,,,,
402,PT05M46.00S,2025-03-30T01:02:48.1Z,3,REGULAR,timeout,full,"['team', 'mandatory']",0,,,1610612748,67,72,2025-03-30T01:02:48Z,3990000,False,,,0,,MIA Timeout,[],1610612748.0,MIA,,,,,,,,,,,,,,,,,,,,,,,,,,,,,,
403,PT05M46.00S,2025-03-30T01:05:13.5Z,3,REGULAR,substitution,out,[],1642276,,,1610612748,67,72,2025-03-30T01:05:19Z,4000000,False,,,0,,SUB out: K. Ware,[1642276],1610612748.0,MIA,,,,,,,,,,,,Ware,K. Ware,,,,,,,,,,,,,,,,,
404,PT05M46.00S,2025-03-30T01:05:13.5Z,3,REGULAR,substitution,out,[],1629639,,,1610612748,67,72,2025-03-30T01:05:19Z,4010000,False,,,0,,SUB out: T. Herro,[1629639],1610612748.0,MIA,,,,,,,,,,,,Herro,T. Herro,,,,,,,,,,,,,,,,,
405,PT05M46.00S,2025-03-30T01:05:13.5Z,3,REGULAR,substitution,in,[],1630558,,,1610612748,67,72,2025-03-30T01:05:19Z,4020000,False,,,0,,SUB in: D. Mitchell,[1630558],1610612748.0,MIA,,,,,,,,,,,,Mitchell,D. Mitchell,,,,,,,,,,,,,,,,,
406,PT05M46.00S,2025-03-30T01:05:13.5Z,3,REGULAR,substitution,in,[],1629312,,,1610612748,67,72,2025-03-30T01:05:19Z,4030000,False,,,0,,SUB in: H. Highsmith,[1629312],1610612748.0,MIA,,,,,,,,,,,,Highsmith,H. Highsmith,,,,,,,,,,,,,,,,,
407,PT05M46.00S,2025-03-30T01:05:27.9Z,3,REGULAR,substitution,out,[],1627824,,,1610612748,67,72,2025-03-30T01:05:36Z,4040000,False,,,0,,SUB out: G. Yabusele,[1627824],1610612755.0,PHI,,,,,,,,,,,,Yabusele,G. Yabusele,,,,,,,,,,,,,,,,,
408,PT05M46.00S,2025-03-30T01:05:27.9Z,3,REGULAR,substitution,in,[],1630542,,,1610612748,67,72,2025-03-30T01:05:36Z,4050000,False,,,0,,SUB in: M. Bagley,[1630542],1610612755.0,PHI,,,,,,,,,,,,Bagley,M. Bagley,,,,,,,,,,,,,,,,,
409,PT05M27.00S,2025-03-30T01:06:01.5Z,3,REGULAR,3pt,Jump Shot,[],1629312,27.808804204993432,16.666666666666664,1610612748,67,72,2025-03-30T01:06:08Z,4060000,False,167.0,209.0,1,left,MISS H. Highsmith 26' 3PT,[1629312],1610612748.0,MIA,,,,,,,Above the Break 3,24+ Right Center,26.73,Missed,,Highsmith,H. Highsmith,,,,,,,,,,,,,,,,,
410,PT05M24.00S,2025-03-30T01:06:04.5Z,3,REGULAR,rebound,defensive,[],1629656,,,1610612755,67,72,2025-03-30T01:06:08Z,4070000,False,,,0,,Q. Grimes REBOUND (Off:1 Def:3),[1629656],1610612755.0,PHI,,,,,,,Above the Break 3,24+ Right Center,,,,Grimes,Q. Grimes,,,,409.0,4.0,3.0,1.0,,,,,,,,,,
411,PT05M06.00S,2025-03-30T01:06:23.2Z,3,REGULAR,2pt,Jump Shot,['pointsinthepaint'],1630215,81.02825229960578,46.81372549019608,1610612755,69,72,2025-03-30T01:06:28Z,4080000,False,-16.0,126.0,1,right,J. Butler 12' driving floating Jump Shot (16 PTS),[1630215],1610612755.0,PHI,driving floating,,,,,,In The Paint (Non-RA),8-16 Center,12.68,Made,16.0,Butler,J. Butler,,,,,,,,,,,,,,,,,
412,PT04M53.00S,2025-03-30T01:06:35.2Z,3,REGULAR,3pt,Jump Shot,[],1629312,4.28712220762155,95.09803921568627,1610612748,69,75,2025-03-30T01:06:39Z,4090000,False,-225.0,-12.0,1,left,H. Highsmith 3PT  (8 PTS) (P. Larsson 3 AST),"[1629312, 1641796]",1610612748.0,MIA,,,,,,,Left Corner 3,24+ Left,22.58,Made,8.0,Highsmith,H. Highsmith,P. Larsson,1641796.0,3.0,,,,,,,,,,,,,,
414,PT04M39.00S,2025-03-30T01:06:48.7Z,3,REGULAR,2pt,DUNK,['pointsinthepaint'],1641737,92.32917214191852,49.01960784313725,1610612755,69,75,2025-03-30T01:06:52Z,4110000,False,-5.0,20.0,1,right,MISS A. Bona alley-oop DUNK,[1641737],1610612755.0,PHI,alley-oop,,,,,,Restricted Area,0-8 Center,2.02,Missed,,Bona,A. Bona,,,,,,,,,,,,,,,,,
415,PT04M38.00S,2025-03-30T01:06:49.7Z,3,REGULAR,rebound,defensive,[],1641796,,,1610612748,69,75,2025-03-30T01:06:52Z,4120000,False,,,0,,P. Larsson REBOUND (Off:3 Def:2),[1641796],1610612748.0,MIA,,,,,,,Restricted Area,0-8 Center,,,,Larsson,P. Larsson,,,,414.0,5.0,2.0,3.0,,,,,,,,,,
416,PT04M35.00S,2025-03-30T01:06:53.7Z,3,REGULAR,2pt,DUNK,"['pointsinthepaint', 'fastbreak']",1629312,6.389618922470433,50.49019607843137,1610612748,69,77,2025-03-30T01:06:59Z,4130000,False,-2.0,8.0,1,left,H. Highsmith running alley-oop DUNK (10 PTS) (P. Larsson 4 AST),"[1629312, 1641796]",1610612748.0,MIA,running alley-oop,,,,,,Restricted Area,0-8 Center,0.8,Made,10.0,Highsmith,H. Highsmith,P. Larsson,1641796.0,4.0,,,,,,,,,,,,,,
418,PT04M26.00S,2025-03-30T01:07:01.9Z,3,REGULAR,2pt,Jump Shot,[],1629656,89.43823915900131,23.52941176470588,1610612755,69,77,2025-03-30T01:07:09Z,4150000,False,-132.0,47.0,1,right,MISS Q. Grimes 14' step back Shot,[1629656],1610612755.0,PHI,step back,,,,,,Mid-Range,8-16 Left,14.04,Missed,,Grimes,Q. Grimes,,,,,,,,,,,,,,,,,
419,PT04M23.00S,2025-03-30T01:07:04.9Z,3,REGULAR,rebound,offensive,[],1641737,,,1610612755,69,77,2025-03-30T01:12:57Z,4160000,False,,,0,,A. Bona REBOUND (Off:1 Def:5),[1641737],1610612755.0,PHI,,,,,,,Mid-Range,8-16 Left,,,,Bona,A. Bona,,,,418.0,6.0,5.0,1.0,,,,,,,,,,
420,PT04M22.00S,2025-03-30T01:07:07.6Z,3,REGULAR,2pt,Layup,"['2ndchance', 'pointsinthepaint']",1641737,94.40999984741211,50.0,1610612755,71,77,2025-03-30T01:13:06Z,4170000,False,0.0,0.0,1,right,A. Bona putback Layup (12 PTS),[1641737],1610612755.0,PHI,putback,,,,,,Restricted Area,0-8 Center,0.0,Made,12.0,Bona,A. Bona,,,,,,,,,,,,,,,,,
421,PT04M09.00S,2025-03-30T01:07:19.2Z,3,REGULAR,3pt,Jump Shot,[],202692,4.418528252299605,94.36274509803921,1610612748,71,80,2025-03-30T01:07:23Z,4180000,False,-222.0,-11.0,1,left,A. Burks 3PT  (14 PTS) (D. Mitchell 4 AST),"[202692, 1630558]",1610612748.0,MIA,,,,,,,Left Corner 3,24+ Left,22.21,Made,14.0,Burks,A. Burks,D. Mitchell,1630558.0,4.0,,,,,,,,,,,,,,
423,PT03M47.00S,2025-03-30T01:07:40.9Z,3,REGULAR,3pt,Jump Shot,[],1629656,68.15045992115637,32.84313725490196,1610612755,71,80,2025-03-30T01:07:47Z,4200000,False,-86.0,247.0,1,right,MISS Q. Grimes 26' pullup 3PT,[1629656],1610612755.0,PHI,pullup,,,,,,Above the Break 3,24+ Left Center,26.14,Missed,,Grimes,Q. Grimes,,,,,,,,,,,,,,,,,
424,PT03M46.00S,2025-03-30T01:07:41.9Z,3,REGULAR,rebound,defensive,['team'],0,,,1610612748,71,80,2025-03-30T01:07:47Z,4210000,False,,,0,,TEAM defensive REBOUND,[],1610612748.0,MIA,,,,,,,Above the Break 3,24+ Left Center,,,,,,,,,423.0,,,,,,,,,,,,,
426,PT03M46.00S,2025-03-30T01:07:48.1Z,3,REGULAR,substitution,out,[],1630215,,,1610612748,71,80,2025-03-30T01:07:53Z,4230000,False,,,0,,SUB out: J. Butler,[1630215],1610612755.0,PHI,,,,,,,,,,,,Butler,J. Butler,,,,,,,,,,,,,,,,,
427,PT03M46.00S,2025-03-30T01:07:48.1Z,3,REGULAR,substitution,in,[],1629022,,,1610612748,71,80,2025-03-30T01:07:53Z,4240000,False,,,0,,SUB in: L. Walker IV,[1629022],1610612755.0,PHI,,,,,,,,,,,,Walker IV,L. Walker IV,,,,,,,,,,,,,,,,,
428,PT03M35.00S,2025-03-30T01:08:09.2Z,3,REGULAR,3pt,Jump Shot,[],202692,4.28712220762155,94.6078431372549,1610612748,71,83,2025-03-30T01:08:14Z,4250000,False,-223.0,-12.0,1,left,A. Burks 3PT  (17 PTS) (D. Mitchell 5 AST),"[202692, 1630558]",1610612748.0,MIA,,,,,,,Left Corner 3,24+ Left,22.33,Made,17.0,Burks,A. Burks,D. Mitchell,1630558.0,5.0,,,,,,,,,,,,,,
430,PT03M20.00S,2025-03-30T01:08:24.1Z,3,REGULAR,2pt,Layup,['pointsinthepaint'],1641741,89.96386333771353,47.05882352941176,1610612755,71,83,2025-03-30T01:08:32Z,4270000,False,-15.0,42.0,1,right,MISS R. Council IV driving finger roll Layup,[1641741],1610612755.0,PHI,driving finger roll,,,,,,In The Paint (Non-RA),0-8 Center,4.43,Missed,,Council IV,R. Council IV,,,,,,,,,,,,,,,,,
431,PT03M15.00S,2025-03-30T01:08:28.6Z,3,REGULAR,rebound,offensive,[],1641737,,,1610612755,71,83,2025-03-30T01:08:28Z,4280000,False,,,0,,A. Bona REBOUND (Off:2 Def:5),[1641737],1610612755.0,PHI,,,,,,,In The Paint (Non-RA),0-8 Center,,,,Bona,A. Bona,,,,430.0,7.0,5.0,2.0,,,,,,,,,,
432,PT03M15.00S,2025-03-30T01:08:28.6Z,3,REGULAR,2pt,Layup,"['2ndchance', 'pointsinthepaint']",1641737,94.40999984741211,50.0,1610612755,73,83,2025-03-30T01:14:28Z,4290000,False,0.0,0.0,1,right,A. Bona putback Layup (14 PTS),[1641737],1610612755.0,PHI,putback,,,,,,Restricted Area,0-8 Center,0.0,Made,14.0,Bona,A. Bona,,,,,,,,,,,,,,,,,
433,PT03M03.00S,2025-03-30T01:08:40.7Z,3,REGULAR,2pt,Layup,['pointsinthepaint'],1628389,4.418528252299605,47.30392156862745,1610612748,73,85,2025-03-30T01:08:46Z,4300000,False,13.0,-11.0,1,left,B. Adebayo cutting finger roll Layup (11 PTS) (D. Mitchell 6 AST),"[1628389, 1630558]",1610612748.0,MIA,cutting finger roll,,,,,,Restricted Area,0-8 Center,1.74,Made,11.0,Adebayo,B. Adebayo,D. Mitchell,1630558.0,6.0,,,,,,,,,,,,,,
435,PT02M51.00S,2025-03-30T01:08:55.0Z,3,REGULAR,foul,offensive,[],1641737,,,1610612755,73,85,2025-03-30T01:09:02Z,4320000,False,,,0,,A. Bona offensive FOUL (1 PF),"[1641737, 1629312]",1610612755.0,PHI,,,,,,,Above the Break 3,24+ Left Center,,,,Bona,A. Bona,,,,,,,,,,,202049.0,1.0,0.0,Highsmith,1629312.0,,
437,PT02M51.00S,2025-03-30T01:08:55.0Z,3,REGULAR,turnover,offensive foul,[],1641737,,,1610612755,73,85,2025-03-30T01:08:55Z,4340000,False,,,0,,A. Bona offensive foul TURNOVER (3 TO),[1641737],1610612755.0,PHI,,,,,,,Above the Break 3,24+ Left Center,,,,Bona,A. Bona,,,,,,,,3.0,,,202049.0,,,,,,
438,PT02M51.00S,2025-03-30T01:09:14.2Z,3,REGULAR,substitution,out,[],1641737,,,1610612748,73,85,2025-03-30T01:09:17Z,4350000,False,,,0,,SUB out: A. Bona,[1641737],1610612755.0,PHI,,,,,,,,,,,,Bona,A. Bona,,,,,,,,,,,,,,,,,
439,PT02M51.00S,2025-03-30T01:09:14.2Z,3,REGULAR,substitution,in,[],1627824,,,1610612748,73,85,2025-03-30T01:09:17Z,4360000,False,,,0,,SUB in: G. Yabusele,[1627824],1610612755.0,PHI,,,,,,,,,,,,Yabusele,G. Yabusele,,,,,,,,,,,,,,,,,
443,PT02M36.00S,2025-03-30T01:09:41.9Z,3,REGULAR,3pt,Jump Shot,['fromturnover'],202692,11.777266754270697,2.450980392156863,1610612748,73,85,2025-03-30T01:09:49Z,4380000,False,238.0,58.0,1,left,MISS A. Burks 24' 3PT - blocked,"[202692, 1630542]",1610612748.0,MIA,,,,,,,Right Corner 3,24+ Right,24.47,Missed,,Burks,A. Burks,,,,,,,,,,,,,,,,Bagley,1630542.0
444,PT02M36.00S,2025-03-30T01:09:41.9Z,3,REGULAR,block,,[],1630542,,,1610612748,73,85,2025-03-30T01:09:45Z,4390000,False,,,0,,M. Bagley BLOCK (1 BLK),[1630542],1610612755.0,PHI,,,,,,,Right Corner 3,24+ Right,,,,Bagley,M. Bagley,,,,,,,,,,,,,,,,,
445,PT02M35.00S,2025-03-30T01:09:42.9Z,3,REGULAR,rebound,offensive,[],202692,,,1610612748,73,85,2025-03-30T01:09:49Z,4400000,False,,,0,,A. Burks REBOUND (Off:1 Def:0),[202692],1610612748.0,MIA,,,,,,,Right Corner 3,24+ Right,,,,Burks,A. Burks,,,,443.0,1.0,0.0,1.0,,,,,,,,,,
446,PT02M35.00S,2025-03-30T01:09:49.6Z,3,REGULAR,3pt,Jump Shot,"['fromturnover', '2ndchance']",202692,11.12023653088042,5.392156862745098,1610612748,73,85,2025-03-30T01:10:09Z,4410000,False,223.0,52.0,1,left,MISS A. Burks 3PT - blocked,"[202692, 1630542]",1610612748.0,MIA,,,,,,,Right Corner 3,24+ Right,22.9,Missed,,Burks,A. Burks,,,,,,,,,,,,,,,,Bagley,1630542.0
447,PT02M35.00S,2025-03-30T01:09:49.6Z,3,REGULAR,block,,[],1630542,,,1610612748,73,85,2025-03-30T01:09:52Z,4420000,False,,,0,,M. Bagley BLOCK (2 BLK),[1630542],1610612755.0,PHI,,,,,,,Right Corner 3,24+ Right,,,,Bagley,M. Bagley,,,,,,,,,,,,,,,,,
448,PT02M35.00S,2025-03-30T01:09:49.6Z,3,REGULAR,rebound,offensive,['team'],0,,,1610612748,73,85,2025-03-30T01:09:54Z,4430000,False,,,0,,TEAM offensive REBOUND,[],1610612748.0,MIA,,,,,,,Mid-Range,16-24 Right,,,,,,,,,446.0,,,,,,,,,,,,,
450,PT02M32.00S,2025-03-30T01:10:08.3Z,3,REGULAR,2pt,Layup,"['pointsinthepaint', 'fromturnover', '2ndchance']",1641796,7.835085413929041,45.83333333333333,1610612748,73,87,2025-03-30T01:10:12Z,4450000,False,21.0,21.0,1,left,P. Larsson Layup (10 PTS) (D. Mitchell 7 AST),"[1641796, 1630558]",1610612748.0,MIA,,,,,,,Restricted Area,0-8 Center,2.96,Made,10.0,Larsson,P. Larsson,D. Mitchell,1630558.0,7.0,,,,,,,,,,,,,,
452,PT02M32.00S,2025-03-30T01:10:10.8Z,3,REGULAR,foul,personal,['1freethrow'],1630542,,,1610612748,73,87,2025-03-30T01:10:17Z,4470000,False,,,0,,M. Bagley shooting personal FOUL (1 PF) (Larsson 1 FT),"[1630542, 1641796]",1610612755.0,PHI,shooting,,,,,,Restricted Area,0-8 Center,,,,Bagley,M. Bagley,,,,,,,,,,,202049.0,1.0,0.0,Larsson,1641796.0,,
454,PT02M32.00S,2025-03-30T01:10:35.2Z,3,REGULAR,freethrow,1 of 1,"['fromturnover', '2ndchance']",1641796,,,1610612748,73,88,2025-03-30T01:10:35Z,4490000,False,,,0,,P. Larsson Free Throw 1 of 1 (11 PTS),[1641796],1610612748.0,MIA,,,,,,,,,,Made,11.0,Larsson,P. Larsson,,,,,,,,,,,,,,,,,
455,PT02M12.00S,2025-03-30T01:10:56.2Z,3,REGULAR,2pt,Jump Shot,['pointsinthepaint'],1629022,80.76544021024968,39.705882352941174,1610612755,75,88,2025-03-30T01:11:01Z,4500000,False,-51.0,128.0,1,right,L. Walker IV 13' driving floating Jump Shot (7 PTS) (Q. Grimes 3 AST),"[1629022, 1629656]",1610612755.0,PHI,driving floating,,,,,,In The Paint (Non-RA),8-16 Center,13.83,Made,7.0,Walker IV,L. Walker IV,Q. Grimes,1629656.0,3.0,,,,,,,,,,,,,,
457,PT01M56.00S,2025-03-30T01:11:12.7Z,3,REGULAR,2pt,DUNK,['pointsinthepaint'],1628389,4.418528252299605,50.0,1610612748,75,90,2025-03-30T01:11:16Z,4520000,False,0.0,-11.0,1,left,B. Adebayo DUNK (13 PTS) (H. Highsmith 3 AST),"[1628389, 1629312]",1610612748.0,MIA,,,,,,,Restricted Area,0-8 Center,1.1,Made,13.0,Adebayo,B. Adebayo,H. Highsmith,1629312.0,3.0,,,,,,,,,,,,,,
459,PT01M39.00S,2025-03-30T01:11:28.9Z,3,REGULAR,3pt,Jump Shot,[],1641741,82.60512483574244,2.450980392156863,1610612755,75,90,2025-03-30T01:11:34Z,4540000,False,-238.0,111.0,1,right,MISS R. Council IV 26' 3PT,[1641741],1610612755.0,PHI,,,,,,,Above the Break 3,24+ Left Center,26.23,Missed,,Council IV,R. Council IV,,,,,,,,,,,,,,,,,
460,PT01M36.00S,2025-03-30T01:11:31.9Z,3,REGULAR,rebound,defensive,[],202692,,,1610612748,75,90,2025-03-30T01:11:34Z,4550000,False,,,0,,A. Burks REBOUND (Off:1 Def:1),[202692],1610612748.0,MIA,,,,,,,Above the Break 3,24+ Left Center,,,,Burks,A. Burks,,,,459.0,2.0,1.0,1.0,,,,,,,,,,
461,PT01M24.00S,2025-03-30T01:11:44.2Z,3,REGULAR,3pt,Jump Shot,[],202692,22.946780551905388,8.088235294117647,1610612748,75,90,2025-03-30T01:11:50Z,4560000,False,210.0,163.0,1,left,MISS A. Burks 26' step back 3PT,[202692],1610612748.0,MIA,step back,,,,,,Above the Break 3,24+ Right Center,26.56,Missed,,Burks,A. Burks,,,,,,,,,,,,,,,,,
462,PT01M21.00S,2025-03-30T01:11:47.2Z,3,REGULAR,rebound,defensive,[],1641741,,,1610612755,75,90,2025-03-30T01:11:50Z,4570000,False,,,0,,R. Council IV REBOUND (Off:0 Def:4),[1641741],1610612755.0,PHI,,,,,,,Above the Break 3,24+ Right Center,,,,Council IV,R. Council IV,,,,461.0,4.0,4.0,0.0,,,,,,,,,,
463,PT01M14.00S,2025-03-30T01:11:54.2Z,3,REGULAR,3pt,Jump Shot,[],1629656,70.77858081471747,15.931372549019606,1610612755,75,90,2025-03-30T01:12:04Z,4580000,False,-170.0,222.0,1,right,MISS Q. Grimes 28' 3PT,[1629656],1610612755.0,PHI,,,,,,,Above the Break 3,24+ Left Center,28.0,Missed,,Grimes,Q. Grimes,,,,,,,,,,,,,,,,,
464,PT01M11.00S,2025-03-30T01:11:57.2Z,3,REGULAR,rebound,defensive,[],1628389,,,1610612748,75,90,2025-03-30T01:12:04Z,4590000,False,,,0,,B. Adebayo REBOUND (Off:2 Def:5),[1628389],1610612748.0,MIA,,,,,,,Above the Break 3,24+ Left Center,,,,Adebayo,B. Adebayo,,,,463.0,7.0,5.0,2.0,,,,,,,,,,
465,PT00M58.60S,2025-03-30T01:12:11.2Z,3,REGULAR,3pt,Jump Shot,[],1628389,14.799605781865965,3.6764705882352944,1610612748,75,93,2025-03-30T01:12:15Z,4600000,False,232.0,87.0,1,left,B. Adebayo 24' 3PT  (16 PTS) (D. Mitchell 8 AST),"[1628389, 1630558]",1610612748.0,MIA,,,,,,,Right Corner 3,24+ Right,24.73,Made,16.0,Adebayo,B. Adebayo,D. Mitchell,1630558.0,8.0,,,,,,,,,,,,,,
467,PT00M44.90S,2025-03-30T01:12:28.3Z,3,REGULAR,2pt,Layup,['pointsinthepaint'],1629022,90.22667542706965,40.68627450980392,1610612755,75,93,2025-03-30T01:12:32Z,4620000,False,-47.0,39.0,1,right,MISS L. Walker IV 6' driving finger roll Layup,[1629022],1610612755.0,PHI,driving finger roll,,,,,,In The Paint (Non-RA),0-8 Center,6.1,Missed,,Walker IV,L. Walker IV,,,,,,,,,,,,,,,,,
468,PT00M42.80S,2025-03-30T01:12:30.4Z,3,REGULAR,rebound,defensive,[],202692,,,1610612748,75,93,2025-03-30T01:12:32Z,4630000,False,,,0,,A. Burks REBOUND (Off:1 Def:2),[202692],1610612748.0,MIA,,,,,,,In The Paint (Non-RA),0-8 Center,,,,Burks,A. Burks,,,,467.0,3.0,2.0,1.0,,,,,,,,,,
469,PT00M30.60S,2025-03-30T01:12:42.6Z,3,REGULAR,2pt,Layup,['pointsinthepaint'],1630558,8.09789750328515,50.98039215686274,1610612748,75,93,2025-03-30T01:12:46Z,4640000,False,-5.0,24.0,1,left,MISS D. Mitchell driving finger roll Layup,[1630558],1610612748.0,MIA,driving finger roll,,,,,,Restricted Area,0-8 Center,2.41,Missed,,Mitchell,D. Mitchell,,,,,,,,,,,,,,,,,
470,PT00M29.00S,2025-03-30T01:12:44.2Z,3,REGULAR,rebound,defensive,[],1641741,,,1610612755,75,93,2025-03-30T01:12:46Z,4650000,False,,,0,,R. Council IV REBOUND (Off:0 Def:5),[1641741],1610612755.0,PHI,,,,,,,Restricted Area,0-8 Center,,,,Council IV,R. Council IV,,,,469.0,5.0,5.0,0.0,,,,,,,,,,
471,PT00M09.70S,2025-03-30T01:13:03.5Z,3,REGULAR,3pt,Jump Shot,[],1629022,67.09921156373193,55.88235294117647,1610612755,75,93,2025-03-30T01:13:09Z,4660000,False,29.0,257.0,1,right,MISS L. Walker IV 25' step back 3PT,[1629022],1610612755.0,PHI,step back,,,,,,Above the Break 3,24+ Center,25.85,Missed,,Walker IV,L. Walker IV,,,,,,,,,,,,,,,,,
472,PT00M06.50S,2025-03-30T01:13:06.7Z,3,REGULAR,rebound,defensive,[],1641796,,,1610612748,75,93,2025-03-30T01:13:09Z,4670000,False,,,0,,P. Larsson REBOUND (Off:3 Def:3),[1641796],1610612748.0,MIA,,,,,,,Above the Break 3,24+ Center,,,,Larsson,P. Larsson,,,,471.0,6.0,3.0,3.0,,,,,,,,,,
473,PT00M00.20S,2025-03-30T01:13:13.0Z,3,REGULAR,3pt,Jump Shot,[],202692,27.414586070959263,20.833333333333336,1610612748,75,96,2025-03-30T01:13:18Z,4680000,False,146.0,205.0,1,left,A. Burks 25' 3PT  (20 PTS) (B. Adebayo 5 AST),"[202692, 1628389]",1610612748.0,MIA,,,,,,,Above the Break 3,24+ Right Center,25.17,Made,20.0,Burks,A. Burks,B. Adebayo,1628389.0,5.0,,,,,,,,,,,,,,
476,PT00M00.00S,2025-03-30T01:14:03.8Z,3,REGULAR,period,end,[],0,,,1610612755,75,96,2025-03-30T01:14:03Z,4710000,False,,,0,,Period End,[],,,,,,,,,,,,,,,,,,,,,,,,,,,,,,,,
477,PT12M00.00S,2025-03-30T01:14:06.9Z,4,REGULAR,substitution,out,['startperiod'],1629656,,,1610612755,75,96,2025-03-30T01:15:47Z,4720000,False,,,0,,SUB out: Q. Grimes,[1629656],1610612755.0,PHI,,,,,,,,,,,,Grimes,Q. Grimes,,,,,,,,,,,,,,,,,
478,PT12M00.00S,2025-03-30T01:14:06.9Z,4,REGULAR,substitution,out,['startperiod'],1641741,,,1610612755,75,96,2025-03-30T01:15:47Z,4730000,False,,,0,,SUB out: R. Council IV,[1641741],1610612755.0,PHI,,,,,,,,,,,,Council IV,R. Council IV,,,,,,,,,,,,,,,,,
479,PT12M00.00S,2025-03-30T01:14:06.9Z,4,REGULAR,substitution,out,['startperiod'],1630542,,,1610612755,75,96,2025-03-30T01:15:47Z,4740000,False,,,0,,SUB out: M. Bagley,[1630542],1610612755.0,PHI,,,,,,,,,,,,Bagley,M. Bagley,,,,,,,,,,,,,,,,,
480,PT12M00.00S,2025-03-30T01:14:06.9Z,4,REGULAR,substitution,out,['startperiod'],1641796,,,1610612755,75,96,2025-03-30T01:15:47Z,4750000,False,,,0,,SUB out: P. Larsson,[1641796],1610612748.0,MIA,,,,,,,,,,,,Larsson,P. Larsson,,,,,,,,,,,,,,,,,
481,PT12M00.00S,2025-03-30T01:14:06.9Z,4,REGULAR,substitution,out,['startperiod'],1628389,,,1610612755,75,96,2025-03-30T01:15:47Z,4760000,False,,,0,,SUB out: B. Adebayo,[1628389],1610612748.0,MIA,,,,,,,,,,,,Adebayo,B. Adebayo,,,,,,,,,,,,,,,,,
482,PT12M00.00S,2025-03-30T01:14:06.9Z,4,REGULAR,substitution,out,['startperiod'],202692,,,1610612755,75,96,2025-03-30T01:15:47Z,4770000,False,,,0,,SUB out: A. Burks,[202692],1610612748.0,MIA,,,,,,,,,,,,Burks,A. Burks,,,,,,,,,,,,,,,,,
483,PT12M00.00S,2025-03-30T01:14:06.9Z,4,REGULAR,substitution,in,['startperiod'],1630762,,,1610612755,75,96,2025-03-30T01:15:47Z,4780000,False,,,0,,SUB in: P. Wheeler,[1630762],1610612755.0,PHI,,,,,,,,,,,,Wheeler,P. Wheeler,,,,,,,,,,,,,,,,,
484,PT12M00.00S,2025-03-30T01:14:06.9Z,4,REGULAR,substitution,in,['startperiod'],1642348,,,1610612755,75,96,2025-03-30T01:15:47Z,4790000,False,,,0,,SUB in: J. Edwards,[1642348],1610612755.0,PHI,,,,,,,,,,,,Edwards,J. Edwards,,,,,,,,,,,,,,,,,
485,PT12M00.00S,2025-03-30T01:14:06.9Z,4,REGULAR,substitution,in,['startperiod'],1641720,,,1610612755,75,96,2025-03-30T01:15:47Z,4800000,False,,,0,,SUB in: J. Hood-Schifino,[1641720],1610612755.0,PHI,,,,,,,,,,,,Hood-Schifino,J. Hood-Schifino,,,,,,,,,,,,,,,,,
486,PT12M00.00S,2025-03-30T01:14:06.9Z,4,REGULAR,substitution,in,['startperiod'],203937,,,1610612755,75,96,2025-03-30T01:15:47Z,4810000,False,,,0,,SUB in: K. Anderson,[203937],1610612748.0,MIA,,,,,,,,,,,,Anderson,K. Anderson,,,,,,,,,,,,,,,,,
487,PT12M00.00S,2025-03-30T01:14:06.9Z,4,REGULAR,substitution,in,['startperiod'],1629639,,,1610612755,75,96,2025-03-30T01:15:47Z,4820000,False,,,0,,SUB in: T. Herro,[1629639],1610612748.0,MIA,,,,,,,,,,,,Herro,T. Herro,,,,,,,,,,,,,,,,,
488,PT12M00.00S,2025-03-30T01:14:06.9Z,4,REGULAR,substitution,in,['startperiod'],1642276,,,1610612755,75,96,2025-03-30T01:15:47Z,4830000,False,,,0,,SUB in: K. Ware,[1642276],1610612748.0,MIA,,,,,,,,,,,,Ware,K. Ware,,,,,,,,,,,,,,,,,
489,PT12M00.00S,2025-03-30T01:15:58.8Z,4,REGULAR,period,start,[],0,,,1610612755,75,96,2025-03-30T01:15:58Z,4840000,False,,,0,,Period Start,[],,,,,,,,,,,,,,,,,,,,,,,,,,,,,,,,
490,PT11M38.00S,2025-03-30T01:16:20.3Z,4,REGULAR,3pt,Jump Shot,[],1629022,70.38436268068331,18.38235294117647,1610612755,75,96,2025-03-30T01:16:26Z,4850000,False,-158.0,226.0,1,right,MISS L. Walker IV 27' 3PT,[1629022],1610612755.0,PHI,,,,,,,Above the Break 3,24+ Left Center,27.57,Missed,,Walker IV,L. Walker IV,,,,,,,,,,,,,,,,,
491,PT11M34.00S,2025-03-30T01:16:24.3Z,4,REGULAR,rebound,defensive,[],1642276,,,1610612748,75,96,2025-03-30T01:16:26Z,4860000,False,,,0,,K. Ware REBOUND (Off:4 Def:6),[1642276],1610612748.0,MIA,,,,,,,Above the Break 3,24+ Left Center,,,,Ware,K. Ware,,,,490.0,10.0,6.0,4.0,,,,,,,,,,
492,PT11M20.00S,2025-03-30T01:16:37.8Z,4,REGULAR,2pt,DUNK,['pointsinthepaint'],203937,5.075558475689881,49.50980392156863,1610612748,75,98,2025-03-30T01:19:05Z,4870000,False,2.0,-5.0,1,left,K. Anderson cutting DUNK (2 PTS) (T. Herro 5 AST),"[203937, 1629639]",1610612748.0,MIA,cutting,,,,,,Restricted Area,0-8 Center,0.54,Made,2.0,Anderson,K. Anderson,T. Herro,1629639.0,5.0,,,,,,,,,,,,,,
494,PT10M57.00S,2025-03-30T01:17:00.3Z,4,REGULAR,2pt,Jump Shot,[],1641720,72.48685939553219,57.35294117647059,1610612755,77,98,2025-03-30T01:17:05Z,4890000,False,37.0,206.0,1,right,J. Hood-Schifino 20' step back Jump Shot (2 PTS) (G. Yabusele 2 AST),"[1641720, 1627824]",1610612755.0,PHI,step back,,,,,,Mid-Range,16-24 Center,20.94,Made,2.0,Hood-Schifino,J. Hood-Schifino,G. Yabusele,1627824.0,2.0,,,,,,,,,,,,,,
496,PT10M33.00S,2025-03-30T01:17:25.0Z,4,REGULAR,2pt,Jump Shot,['pointsinthepaint'],1629639,12.040078843626807,40.68627450980392,1610612748,77,100,2025-03-30T01:17:29Z,4910000,False,47.0,61.0,1,left,T. Herro 7' driving floating bank Jump Shot (24 PTS),[1629639],1610612748.0,MIA,driving floating bank,,,,,,In The Paint (Non-RA),0-8 Center,7.65,Made,24.0,Herro,T. Herro,,,,,,,,,,,,,,,,,
498,PT10M13.00S,2025-03-30T01:17:47.9Z,4,REGULAR,turnover,out-of-bounds,[],1630762,,,1610612755,77,100,2025-03-30T01:17:55Z,4930000,False,,,0,,P. Wheeler lost ball out-of-bounds TURNOVER (1 TO),[1630762],1610612755.0,PHI,lost ball,,,,,,Mid-Range,8-16 Left,,,,Wheeler,P. Wheeler,,,,,,,,1.0,,,202901.0,,,,,,
499,PT10M01.00S,2025-03-30T01:18:04.7Z,4,REGULAR,3pt,Jump Shot,['fromturnover'],1630558,4.28712220762155,93.87254901960785,1610612748,77,100,2025-03-30T01:18:09Z,4940000,False,-219.0,-12.0,1,left,MISS D. Mitchell 3PT,[1630558],1610612748.0,MIA,,,,,,,Left Corner 3,24+ Left,21.97,Missed,,Mitchell,D. Mitchell,,,,,,,,,,,,,,,,,
500,PT09M57.00S,2025-03-30T01:18:08.7Z,4,REGULAR,rebound,defensive,[],1642348,,,1610612755,77,100,2025-03-30T01:18:09Z,4950000,False,,,0,,J. Edwards REBOUND (Off:1 Def:1),[1642348],1610612755.0,PHI,,,,,,,Left Corner 3,24+ Left,,,,Edwards,J. Edwards,,,,499.0,2.0,1.0,1.0,,,,,,,,,,
501,PT09M51.00S,2025-03-30T01:18:13.1Z,4,REGULAR,3pt,Jump Shot,['fastbreak'],1630762,86.94152431011827,94.6078431372549,1610612755,77,100,2025-03-30T01:21:32Z,4960000,False,223.0,70.0,1,right,MISS P. Wheeler running pullup 3PT,[1630762],1610612755.0,PHI,running pullup,,,,,,Right Corner 3,24+ Right,23.38,Missed,,Wheeler,P. Wheeler,,,,,,,,,,,,,,,,,
502,PT09M46.00S,2025-03-30T01:18:18.1Z,4,REGULAR,rebound,defensive,[],1642276,,,1610612748,77,100,2025-03-30T01:18:21Z,4970000,False,,,0,,K. Ware REBOUND (Off:4 Def:7),[1642276],1610612748.0,MIA,,,,,,,Right Corner 3,24+ Right,,,,Ware,K. Ware,,,,501.0,11.0,7.0,4.0,,,,,,,,,,
503,PT09M36.00S,2025-03-30T01:18:29.0Z,4,REGULAR,3pt,Jump Shot,[],1629639,31.09395532194481,69.36274509803921,1610612748,77,100,2025-03-30T01:22:31Z,4980000,False,-97.0,240.0,1,left,MISS T. Herro 25' step back 3PT,[1629639],1610612748.0,MIA,step back,,,,,,Above the Break 3,24+ Left Center,25.86,Missed,,Herro,T. Herro,,,,,,,,,,,,,,,,,
504,PT09M32.00S,2025-03-30T01:18:33.0Z,4,REGULAR,rebound,defensive,[],1627824,,,1610612755,77,100,2025-03-30T01:18:34Z,4990000,False,,,0,,G. Yabusele REBOUND (Off:1 Def:4),[1627824],1610612755.0,PHI,,,,,,,Above the Break 3,24+ Left Center,,,,Yabusele,G. Yabusele,,,,503.0,5.0,4.0,1.0,,,,,,,,,,
505,PT09M25.00S,2025-03-30T01:18:39.7Z,4,REGULAR,2pt,Jump Shot,[],1641720,74.72076215505913,63.48039215686274,1610612755,77,100,2025-03-30T01:18:45Z,5000000,False,67.0,185.0,1,right,MISS J. Hood-Schifino 19' pullup Shot,[1641720],1610612755.0,PHI,pullup,,,,,,Mid-Range,16-24 Right Center,19.7,Missed,,Hood-Schifino,J. Hood-Schifino,,,,,,,,,,,,,,,,,
506,PT09M22.00S,2025-03-30T01:18:42.7Z,4,REGULAR,rebound,defensive,[],1629312,,,1610612748,77,100,2025-03-30T01:18:45Z,5010000,False,,,0,,H. Highsmith REBOUND (Off:1 Def:5),[1629312],1610612748.0,MIA,,,,,,,Mid-Range,16-24 Right Center,,,,Highsmith,H. Highsmith,,,,505.0,6.0,5.0,1.0,,,,,,,,,,
509,PT09M01.00S,2025-03-30T01:19:35.9Z,4,REGULAR,2pt,Layup,['pointsinthepaint'],203937,6.915243101182654,49.50980392156863,1610612748,77,102,2025-03-30T01:19:41Z,5040000,False,2.0,13.0,1,left,K. Anderson driving Layup (4 PTS) (T. Herro 6 AST),"[203937, 1629639]",1610612748.0,MIA,driving,,,,,,Restricted Area,0-8 Center,1.27,Made,4.0,Anderson,K. Anderson,T. Herro,1629639.0,6.0,,,,,,,,,,,,,,
511,PT08M44.00S,2025-03-30T01:19:53.0Z,4,REGULAR,3pt,Jump Shot,[],1641720,66.17936925098554,60.049019607843135,1610612755,77,102,2025-03-30T01:19:56Z,5060000,False,50.0,265.0,1,right,MISS J. Hood-Schifino 27' step back 3PT,[1641720],1610612755.0,PHI,step back,,,,,,Above the Break 3,24+ Center,27.01,Missed,,Hood-Schifino,J. Hood-Schifino,,,,,,,,,,,,,,,,,
512,PT08M42.00S,2025-03-30T01:19:55.0Z,4,REGULAR,rebound,defensive,[],1642276,,,1610612748,77,102,2025-03-30T01:19:56Z,5070000,False,,,0,,K. Ware REBOUND (Off:4 Def:8),[1642276],1610612748.0,MIA,,,,,,,Above the Break 3,24+ Center,,,,Ware,K. Ware,,,,511.0,12.0,8.0,4.0,,,,,,,,,,
513,PT08M36.00S,2025-03-30T01:20:01.5Z,4,REGULAR,3pt,Jump Shot,[],203937,30.042706964520367,66.91176470588235,1610612748,77,102,2025-03-30T01:24:25Z,5080000,False,-85.0,230.0,1,left,MISS K. Anderson 24' 3PT,[203937],1610612748.0,MIA,,,,,,,Above the Break 3,24+ Left Center,24.5,Missed,,Anderson,K. Anderson,,,,,,,,,,,,,,,,,
514,PT08M33.00S,2025-03-30T01:20:04.5Z,4,REGULAR,rebound,defensive,[],1642348,,,1610612755,77,102,2025-03-30T01:20:09Z,5090000,False,,,0,,J. Edwards REBOUND (Off:1 Def:2),[1642348],1610612755.0,PHI,,,,,,,Above the Break 3,24+ Left Center,,,,Edwards,J. Edwards,,,,513.0,3.0,2.0,1.0,,,,,,,,,,
515,PT08M18.00S,2025-03-30T01:20:19.6Z,4,REGULAR,3pt,Jump Shot,[],1642348,74.98357424441524,85.5392156862745,1610612755,80,102,2025-03-30T01:20:28Z,5100000,False,178.0,183.0,1,right,J. Edwards 25' 3PT  (11 PTS) (L. Walker IV 2 AST),"[1642348, 1629022]",1610612755.0,PHI,,,,,,,Above the Break 3,24+ Right Center,25.49,Made,11.0,Edwards,J. Edwards,L. Walker IV,1629022.0,2.0,,,,,,,,,,,,,,
517,PT08M00.00S,2025-03-30T01:20:37.1Z,4,REGULAR,3pt,Jump Shot,[],1629639,32.40801576872536,52.69607843137255,1610612748,80,105,2025-03-30T01:20:41Z,5120000,False,-13.0,252.0,1,left,T. Herro 25' 3PT  (27 PTS) (K. Anderson 1 AST),"[1629639, 203937]",1610612748.0,MIA,,,,,,,Above the Break 3,24+ Center,25.25,Made,27.0,Herro,T. Herro,K. Anderson,203937.0,1.0,,,,,,,,,,,,,,
519,PT07M35.00S,2025-03-30T01:21:01.6Z,4,REGULAR,3pt,Jump Shot,[],1629022,77.34888304862024,90.68627450980392,1610612755,83,105,2025-03-30T01:21:06Z,5140000,False,203.0,160.0,1,right,L. Walker IV 25' 3PT  (10 PTS) (G. Yabusele 3 AST),"[1629022, 1627824]",1610612755.0,PHI,,,,,,,Above the Break 3,24+ Right Center,25.9,Made,10.0,Walker IV,L. Walker IV,G. Yabusele,1627824.0,3.0,,,,,,,,,,,,,,
542,PT07M07.00S,2025-03-30T01:21:22.4Z,4,REGULAR,turnover,shot clock,['team'],0,,,1610612748,83,105,2025-03-30T01:26:00Z,5160000,False,,,0,,MIA shot clock Team TURNOVER,[],1610612748.0,MIA,,,,,,,In The Paint (Non-RA),8-16 Center,,,,,,,,,,,,,,,,202037.0,,,,,,
522,PT06M54.00S,2025-03-30T01:21:43.3Z,4,REGULAR,2pt,Layup,"['pointsinthepaint', 'fromturnover']",1630762,91.14651773981603,46.07843137254902,1610612755,83,105,2025-03-30T01:26:00Z,5170000,False,-20.0,31.0,1,right,MISS P. Wheeler driving Layup,[1630762],1610612755.0,PHI,driving,,,,,,Restricted Area,0-8 Center,3.64,Missed,,Wheeler,P. Wheeler,,,,,,,,,,,,,,,,,
523,PT06M52.00S,2025-03-30T01:21:45.1Z,4,REGULAR,rebound,offensive,[],1630762,,,1610612755,83,105,2025-03-30T01:21:45Z,5180000,False,,,0,,P. Wheeler REBOUND (Off:1 Def:0),[1630762],1610612755.0,PHI,,,,,,,Restricted Area,0-8 Center,,,,Wheeler,P. Wheeler,,,,522.0,1.0,0.0,1.0,,,,,,,,,,
524,PT06M51.00S,2025-03-30T01:21:46.3Z,4,REGULAR,2pt,Layup,"['pointsinthepaint', '2ndchance', 'fromturnover']",1630762,91.40932982917214,53.18627450980392,1610612755,83,105,2025-03-30T01:26:00Z,5190000,False,16.0,28.0,1,right,MISS P. Wheeler Layup,[1630762],1610612755.0,PHI,,,,,,,Restricted Area,0-8 Center,3.25,Missed,,Wheeler,P. Wheeler,,,,,,,,,,,,,,,,,
525,PT06M49.00S,2025-03-30T01:21:48.3Z,4,REGULAR,rebound,defensive,[],1642276,,,1610612748,83,105,2025-03-30T01:21:52Z,5200000,False,,,0,,K. Ware REBOUND (Off:4 Def:9),[1642276],1610612748.0,MIA,,,,,,,Restricted Area,0-8 Center,,,,Ware,K. Ware,,,,524.0,13.0,9.0,4.0,,,,,,,,,,
526,PT06M43.00S,2025-03-30T01:21:54.1Z,4,REGULAR,turnover,bad pass,[],1629639,,,1610612748,83,105,2025-03-30T01:21:57Z,5210000,False,,,0,,T. Herro bad pass TURNOVER (2 TO),"[1629639, 1627824]",1610612748.0,MIA,,,,,,,In The Paint (Non-RA),8-16 Center,,,,Herro,T. Herro,,,,,,,,2.0,Yabusele,1627824.0,,,,,,,
527,PT06M43.00S,2025-03-30T01:21:54.1Z,4,REGULAR,steal,,[],1627824,,,1610612755,83,105,2025-03-30T01:21:56Z,5220000,False,,,0,,G. Yabusele STEAL (1 STL),[1627824],1610612755.0,PHI,,,,,,,In The Paint (Non-RA),8-16 Center,,,,Yabusele,G. Yabusele,,,,,,,,,,,,,,,,,
528,PT06M37.00S,2025-03-30T01:22:00.0Z,4,REGULAR,3pt,Jump Shot,"['fromturnover', 'fastbreak']",1642348,69.72733245729303,22.794117647058822,1610612755,83,105,2025-03-30T01:22:07Z,5230000,False,-136.0,232.0,1,right,MISS J. Edwards 26' running pullup 3PT,[1642348],1610612755.0,PHI,running pullup,,,,,,Above the Break 3,24+ Left Center,26.9,Missed,,Edwards,J. Edwards,,,,,,,,,,,,,,,,,
529,PT06M34.00S,2025-03-30T01:22:03.0Z,4,REGULAR,rebound,defensive,[],1642276,,,1610612748,83,105,2025-03-30T01:22:07Z,5240000,False,,,0,,K. Ware REBOUND (Off:4 Def:10),[1642276],1610612748.0,MIA,,,,,,,Above the Break 3,24+ Left Center,,,,Ware,K. Ware,,,,528.0,14.0,10.0,4.0,,,,,,,,,,
530,PT06M29.00S,2025-03-30T01:22:14.0Z,4,REGULAR,timeout,full,"['team', 'mandatory']",0,,,1610612748,83,105,2025-03-30T01:22:14Z,5250000,False,,,0,,MIA Timeout,[],1610612748.0,MIA,,,,,,,,,,,,,,,,,,,,,,,,,,,,,,
531,PT06M29.00S,2025-03-30T01:24:29.9Z,4,REGULAR,substitution,out,[],1629022,,,1610612748,83,105,2025-03-30T01:24:48Z,5260000,False,,,0,,SUB out: L. Walker IV,[1629022],1610612755.0,PHI,,,,,,,,,,,,Walker IV,L. Walker IV,,,,,,,,,,,,,,,,,
532,PT06M29.00S,2025-03-30T01:24:29.9Z,4,REGULAR,substitution,out,[],1627824,,,1610612748,83,105,2025-03-30T01:24:48Z,5270000,False,,,0,,SUB out: G. Yabusele,[1627824],1610612755.0,PHI,,,,,,,,,,,,Yabusele,G. Yabusele,,,,,,,,,,,,,,,,,
533,PT06M29.00S,2025-03-30T01:24:29.9Z,4,REGULAR,substitution,out,[],1630762,,,1610612748,83,105,2025-03-30T01:24:48Z,5280000,False,,,0,,SUB out: P. Wheeler,[1630762],1610612755.0,PHI,,,,,,,,,,,,Wheeler,P. Wheeler,,,,,,,,,,,,,,,,,
534,PT06M29.00S,2025-03-30T01:24:29.9Z,4,REGULAR,substitution,out,[],1641720,,,1610612748,83,105,2025-03-30T01:24:48Z,5290000,False,,,0,,SUB out: J. Hood-Schifino,[1641720],1610612755.0,PHI,,,,,,,,,,,,Hood-Schifino,J. Hood-Schifino,,,,,,,,,,,,,,,,,
535,PT06M29.00S,2025-03-30T01:24:29.9Z,4,REGULAR,substitution,in,[],1641737,,,1610612748,83,105,2025-03-30T01:24:48Z,5300000,False,,,0,,SUB in: A. Bona,[1641737],1610612755.0,PHI,,,,,,,,,,,,Bona,A. Bona,,,,,,,,,,,,,,,,,
536,PT06M29.00S,2025-03-30T01:24:29.9Z,4,REGULAR,substitution,in,[],1630542,,,1610612748,83,105,2025-03-30T01:24:48Z,5310000,False,,,0,,SUB in: M. Bagley,[1630542],1610612755.0,PHI,,,,,,,,,,,,Bagley,M. Bagley,,,,,,,,,,,,,,,,,
537,PT06M29.00S,2025-03-30T01:24:29.9Z,4,REGULAR,substitution,in,[],1641741,,,1610612748,83,105,2025-03-30T01:24:48Z,5320000,False,,,0,,SUB in: R. Council IV,[1641741],1610612755.0,PHI,,,,,,,,,,,,Council IV,R. Council IV,,,,,,,,,,,,,,,,,
538,PT06M29.00S,2025-03-30T01:24:29.9Z,4,REGULAR,substitution,in,[],1630215,,,1610612748,83,105,2025-03-30T01:24:48Z,5330000,False,,,0,,SUB in: J. Butler,[1630215],1610612755.0,PHI,,,,,,,,,,,,Butler,J. Butler,,,,,,,,,,,,,,,,,
539,PT06M17.00S,2025-03-30T01:25:30.3Z,4,REGULAR,3pt,Jump Shot,[],1629639,37.27003942181341,43.38235294117647,1610612748,83,108,2025-03-30T01:25:38Z,5340000,False,33.0,298.0,1,left,T. Herro 29' 3PT step back (30 PTS) (K. Anderson 2 AST),"[1629639, 203937]",1610612748.0,MIA,step back,,,,,,Above the Break 3,24+ Center,29.96,Made,30.0,Herro,T. Herro,K. Anderson,203937.0,2.0,,,,,,,,,,,,,,
541,PT06M00.00S,2025-03-30T01:25:50.0Z,4,REGULAR,turnover,out-of-bounds,[],1641741,,,1610612755,83,108,2025-03-30T01:25:58Z,5360000,False,,,0,,R. Council IV lost ball out-of-bounds TURNOVER (1 TO),[1641741],1610612755.0,PHI,lost ball,,,,,,Above the Break 3,24+ Right Center,,,,Council IV,R. Council IV,,,,,,,,1.0,,,202049.0,,,,,,
543,PT05M44.00S,2025-03-30T01:26:13.7Z,4,REGULAR,3pt,Jump Shot,['fromturnover'],1629639,19.004599211563733,4.901960784313726,1610612748,83,108,2025-03-30T01:26:19Z,5370000,False,225.0,126.0,1,left,MISS T. Herro 25' fadeaway 3PT,[1629639],1610612748.0,MIA,fadeaway,,,,,,Above the Break 3,24+ Right Center,25.84,Missed,,Herro,T. Herro,,,,,,,,,,,,,,,,,
544,PT05M41.00S,2025-03-30T01:26:16.7Z,4,REGULAR,rebound,defensive,[],1641741,,,1610612755,83,108,2025-03-30T01:26:19Z,5380000,False,,,0,,R. Council IV REBOUND (Off:0 Def:6),[1641741],1610612755.0,PHI,,,,,,,Above the Break 3,24+ Right Center,,,,Council IV,R. Council IV,,,,543.0,6.0,6.0,0.0,,,,,,,,,,
545,PT05M31.00S,2025-03-30T01:26:26.5Z,4,REGULAR,3pt,Jump Shot,[],1630215,88.12417871222075,2.941176470588235,1610612755,86,108,2025-03-30T01:26:31Z,5390000,False,-235.0,59.0,1,right,J. Butler 24' 3PT  (19 PTS) (R. Council IV 4 AST),"[1630215, 1641741]",1610612755.0,PHI,,,,,,,Left Corner 3,24+ Left,24.26,Made,19.0,Butler,J. Butler,R. Council IV,1641741.0,4.0,,,,,,,,,,,,,,
547,PT05M16.00S,2025-03-30T01:26:44.4Z,4,REGULAR,2pt,Layup,['pointsinthepaint'],1630558,8.886333771353483,49.26470588235294,1610612748,86,108,2025-03-30T01:26:55Z,5410000,False,4.0,31.0,1,left,MISS D. Mitchell driving Layup,[1630558],1610612748.0,MIA,driving,,,,,,Restricted Area,0-8 Center,3.12,Missed,,Mitchell,D. Mitchell,,,,,,,,,,,,,,,,,
548,PT05M16.00S,2025-03-30T01:26:44.4Z,4,REGULAR,rebound,defensive,['team'],0,,,1610612755,86,108,2025-03-30T01:26:55Z,5420000,False,,,0,,TEAM defensive REBOUND,[],1610612755.0,PHI,,,,,,,Restricted Area,0-8 Center,,,,,,,,,547.0,,,,,,,,,,,,,
551,PT05M01.00S,2025-03-30T01:27:17.4Z,4,REGULAR,3pt,Jump Shot,[],1642348,71.69842312746385,20.098039215686274,1610612755,89,108,2025-03-30T01:27:22Z,5450000,False,-150.0,214.0,1,right,J. Edwards 26' 3PT  (14 PTS) (J. Butler 8 AST),"[1642348, 1630215]",1610612755.0,PHI,,,,,,,Above the Break 3,24+ Left Center,26.06,Made,14.0,Edwards,J. Edwards,J. Butler,1630215.0,8.0,,,,,,,,,,,,,,
553,PT04M36.00S,2025-03-30T01:27:42.9Z,4,REGULAR,turnover,lost ball,[],1629312,,,1610612748,89,108,2025-03-30T01:27:46Z,5470000,False,,,0,,H. Highsmith lost ball TURNOVER (1 TO),"[1629312, 1630542]",1610612748.0,MIA,,,,,,,Mid-Range,8-16 Right,,,,Highsmith,H. Highsmith,,,,,,,,1.0,Bagley,1630542.0,,,,,,,
554,PT04M36.00S,2025-03-30T01:27:42.9Z,4,REGULAR,steal,,[],1630542,,,1610612755,89,108,2025-03-30T01:27:45Z,5480000,False,,,0,,M. Bagley STEAL (1 STL),[1630542],1610612755.0,PHI,,,,,,,Mid-Range,8-16 Right,,,,Bagley,M. Bagley,,,,,,,,,,,,,,,,,
556,PT04M35.00S,2025-03-30T01:27:51.2Z,4,REGULAR,foul,personal,[],1629312,,,1610612755,89,108,2025-03-30T01:27:57Z,5500000,False,,,0,,H. Highsmith personal FOUL (2 PF),"[1629312, 1630542]",1610612748.0,MIA,,,,,,,Above the Break 3,24+ Right Center,,,,Highsmith,H. Highsmith,,,,,,,,,,,202037.0,2.0,0.0,Bagley,1630542.0,,
558,PT04M19.00S,2025-03-30T01:28:20.6Z,4,REGULAR,2pt,DUNK,"['pointsinthepaint', 'fromturnover']",1641737,92.72339027595268,47.30392156862745,1610612755,91,108,2025-03-30T01:28:25Z,5520000,False,-13.0,16.0,1,right,A. Bona alley-oop DUNK (16 PTS) (J. Butler 9 AST),"[1641737, 1630215]",1610612755.0,PHI,alley-oop,,,,,,Restricted Area,0-8 Center,2.09,Made,16.0,Bona,A. Bona,J. Butler,1630215.0,9.0,,,,,,,,,,,,,,
560,PT04M02.00S,2025-03-30T01:28:38.0Z,4,REGULAR,foul,personal,[],1630215,,,1610612748,91,108,2025-03-30T01:28:42Z,5540000,False,,,0,,J. Butler personal FOUL (3 PF),"[1630215, 1630558]",1610612755.0,PHI,,,,,,,Mid-Range,8-16 Center,,,,Butler,J. Butler,,,,,,,,,,,202049.0,3.0,0.0,Mitchell,1630558.0,,
562,PT03M46.00S,2025-03-30T01:29:11.1Z,4,REGULAR,2pt,Hook,['pointsinthepaint'],203937,18.347568988173457,45.83333333333333,1610612748,91,108,2025-03-30T01:30:28Z,5560000,False,21.0,120.0,1,left,MISS K. Anderson 12' turnaround Hook - blocked,"[203937, 1641737]",1610612748.0,MIA,turnaround,,,,,,In The Paint (Non-RA),8-16 Center,12.18,Missed,,Anderson,K. Anderson,,,,,,,,,,,,,,,,Bona,1641737.0
563,PT03M46.00S,2025-03-30T01:29:11.1Z,4,REGULAR,block,,[],1641737,,,1610612748,91,108,2025-03-30T01:29:14Z,5570000,False,,,0,,A. Bona BLOCK (3 BLK),[1641737],1610612755.0,PHI,,,,,,,In The Paint (Non-RA),8-16 Center,,,,Bona,A. Bona,,,,,,,,,,,,,,,,,
564,PT03M42.00S,2025-03-30T01:29:15.1Z,4,REGULAR,rebound,offensive,[],203937,,,1610612748,91,108,2025-03-30T01:29:18Z,5580000,False,,,0,,K. Anderson REBOUND (Off:2 Def:2),[203937],1610612748.0,MIA,,,,,,,In The Paint (Non-RA),8-16 Center,,,,Anderson,K. Anderson,,,,562.0,4.0,2.0,2.0,,,,,,,,,,
565,PT03M42.00S,2025-03-30T01:29:15.5Z,4,REGULAR,2pt,Jump Shot,"['pointsinthepaint', '2ndchance']",203937,17.821944809461236,48.77450980392157,1610612748,91,110,2025-03-30T01:29:22Z,5590000,False,6.0,115.0,1,left,K. Anderson 11' fadeaway Jump Shot (6 PTS),[203937],1610612748.0,MIA,fadeaway,,,,,,In The Paint (Non-RA),8-16 Center,11.52,Made,6.0,Anderson,K. Anderson,,,,,,,,,,,,,,,,,
566,PT03M31.00S,2025-03-30T01:29:26.7Z,4,REGULAR,turnover,bad pass,[],1630215,,,1610612755,91,110,2025-03-30T01:29:30Z,5600000,False,,,0,,J. Butler bad pass TURNOVER (2 TO),"[1630215, 1630558]",1610612755.0,PHI,,,,,,,Above the Break 3,24+ Center,,,,Butler,J. Butler,,,,,,,,2.0,Mitchell,1630558.0,,,,,,,
567,PT03M31.00S,2025-03-30T01:29:26.7Z,4,REGULAR,steal,,[],1630558,,,1610612748,91,110,2025-03-30T01:29:28Z,5610000,False,,,0,,D. Mitchell STEAL (2 STL),[1630558],1610612748.0,MIA,,,,,,,Above the Break 3,24+ Center,,,,Mitchell,D. Mitchell,,,,,,,,,,,,,,,,,
568,PT03M21.00S,2025-03-30T01:29:37.3Z,4,REGULAR,3pt,Jump Shot,['fromturnover'],203937,29.77989487516426,66.17647058823529,1610612748,91,110,2025-03-30T01:29:42Z,5620000,False,-81.0,227.0,1,left,MISS K. Anderson 24' 3PT,[203937],1610612748.0,MIA,,,,,,,Above the Break 3,24+ Left Center,24.14,Missed,,Anderson,K. Anderson,,,,,,,,,,,,,,,,,
569,PT03M16.00S,2025-03-30T01:29:42.3Z,4,REGULAR,rebound,defensive,[],1630542,,,1610612755,91,110,2025-03-30T01:29:42Z,5630000,False,,,0,,M. Bagley REBOUND (Off:0 Def:5),[1630542],1610612755.0,PHI,,,,,,,Above the Break 3,24+ Left Center,,,,Bagley,M. Bagley,,,,568.0,5.0,5.0,0.0,,,,,,,,,,
570,PT03M14.00S,2025-03-30T01:29:44.6Z,4,REGULAR,foul,personal,[],1630558,,,1610612755,91,110,2025-03-30T01:29:50Z,5640000,False,,,0,,D. Mitchell personal FOUL (2 PF),"[1630558, 1641737]",1610612748.0,MIA,,,,,,,Mid-Range,16-24 Center,,,,Mitchell,D. Mitchell,,,,,,,,,,,202901.0,2.0,0.0,Bona,1641737.0,,
572,PT02M58.00S,2025-03-30T01:30:14.1Z,4,REGULAR,2pt,Jump Shot,['pointsinthepaint'],1641741,89.43823915900131,48.77450980392157,1610612755,91,110,2025-03-30T01:30:21Z,5660000,False,-6.0,47.0,1,right,MISS R. Council IV driving floating Shot,[1641741],1610612755.0,PHI,driving floating,,,,,,In The Paint (Non-RA),0-8 Center,4.72,Missed,,Council IV,R. Council IV,,,,,,,,,,,,,,,,,
573,PT02M55.00S,2025-03-30T01:30:16.9Z,4,REGULAR,rebound,defensive,[],1629639,,,1610612748,91,110,2025-03-30T01:30:16Z,5670000,False,,,0,,T. Herro REBOUND (Off:2 Def:1),[1629639],1610612748.0,MIA,,,,,,,In The Paint (Non-RA),0-8 Center,,,,Herro,T. Herro,,,,572.0,3.0,1.0,2.0,,,,,,,,,,
574,PT02M43.00S,2025-03-30T01:30:29.6Z,4,REGULAR,2pt,DUNK,['pointsinthepaint'],1642276,6.389618922470433,50.0,1610612748,91,112,2025-03-30T01:30:34Z,5680000,False,0.0,8.0,1,left,K. Ware cutting DUNK (13 PTS) (T. Herro 7 AST),"[1642276, 1629639]",1610612748.0,MIA,cutting,,,,,,Restricted Area,0-8 Center,0.76,Made,13.0,Ware,K. Ware,T. Herro,1629639.0,7.0,,,,,,,,,,,,,,
576,PT02M31.00S,2025-03-30T01:30:41.5Z,4,REGULAR,3pt,Jump Shot,[],1642348,66.70499342969777,64.4607843137255,1610612755,94,112,2025-03-30T01:30:46Z,5700000,False,72.0,260.0,1,right,J. Edwards 27' 3PT  (17 PTS) (J. Butler 10 AST),"[1642348, 1630215]",1610612755.0,PHI,,,,,,,Above the Break 3,24+ Center,27.03,Made,17.0,Edwards,J. Edwards,J. Butler,1630215.0,10.0,,,,,,,,,,,,,,
578,PT02M02.00S,2025-03-30T01:31:09.9Z,4,REGULAR,3pt,Jump Shot,[],1629312,31.61957950065703,24.754901960784316,1610612748,94,115,2025-03-30T01:31:15Z,5720000,False,126.0,245.0,1,left,H. Highsmith 27' 3PT  (13 PTS) (K. Ware 2 AST),"[1629312, 1642276]",1610612748.0,MIA,,,,,,,Above the Break 3,24+ Right Center,27.53,Made,13.0,Highsmith,H. Highsmith,K. Ware,1642276.0,2.0,,,,,,,,,,,,,,
580,PT02M00.00S,2025-03-30T01:31:19.3Z,4,REGULAR,timeout,full,"['team', 'mandatory']",0,,,1610612755,94,115,2025-03-30T01:31:19Z,5740000,False,,,0,,PHI Timeout,[],1610612755.0,PHI,,,,,,,,,,,,,,,,,,,,,,,,,,,,,,
581,PT02M00.00S,2025-03-30T01:32:54.7Z,4,REGULAR,substitution,out,[],1642276,,,1610612755,94,115,2025-03-30T01:33:48Z,5750000,False,,,0,,SUB out: K. Ware,[1642276],1610612748.0,MIA,,,,,,,,,,,,Ware,K. Ware,,,,,,,,,,,,,,,,,
582,PT02M00.00S,2025-03-30T01:32:54.7Z,4,REGULAR,substitution,out,[],1629639,,,1610612755,94,115,2025-03-30T01:33:48Z,5760000,False,,,0,,SUB out: T. Herro,[1629639],1610612748.0,MIA,,,,,,,,,,,,Herro,T. Herro,,,,,,,,,,,,,,,,,
583,PT02M00.00S,2025-03-30T01:32:54.7Z,4,REGULAR,substitution,out,[],203937,,,1610612755,94,115,2025-03-30T01:33:48Z,5770000,False,,,0,,SUB out: K. Anderson,[203937],1610612748.0,MIA,,,,,,,,,,,,Anderson,K. Anderson,,,,,,,,,,,,,,,,,
584,PT02M00.00S,2025-03-30T01:32:54.7Z,4,REGULAR,substitution,out,[],1629312,,,1610612755,94,115,2025-03-30T01:33:48Z,5780000,False,,,0,,SUB out: H. Highsmith,[1629312],1610612748.0,MIA,,,,,,,,,,,,Highsmith,H. Highsmith,,,,,,,,,,,,,,,,,
585,PT02M00.00S,2025-03-30T01:32:54.7Z,4,REGULAR,substitution,out,[],1630558,,,1610612755,94,115,2025-03-30T01:33:48Z,5790000,False,,,0,,SUB out: D. Mitchell,[1630558],1610612748.0,MIA,,,,,,,,,,,,Mitchell,D. Mitchell,,,,,,,,,,,,,,,,,
586,PT02M00.00S,2025-03-30T01:32:54.7Z,4,REGULAR,substitution,in,[],1630528,,,1610612755,94,115,2025-03-30T01:33:48Z,5800000,False,,,0,,SUB in: J. Christopher,[1630528],1610612748.0,MIA,,,,,,,,,,,,Christopher,J. Christopher,,,,,,,,,,,,,,,,,
587,PT02M00.00S,2025-03-30T01:32:54.7Z,4,REGULAR,substitution,in,[],1641815,,,1610612755,94,115,2025-03-30T01:33:48Z,5810000,False,,,0,,SUB in: I. Stevens,[1641815],1610612748.0,MIA,,,,,,,,,,,,Stevens,I. Stevens,,,,,,,,,,,,,,,,,
588,PT02M00.00S,2025-03-30T01:32:54.7Z,4,REGULAR,substitution,in,[],1641796,,,1610612755,94,115,2025-03-30T01:33:48Z,5820000,False,,,0,,SUB in: P. Larsson,[1641796],1610612748.0,MIA,,,,,,,,,,,,Larsson,P. Larsson,,,,,,,,,,,,,,,,,
589,PT02M00.00S,2025-03-30T01:32:54.7Z,4,REGULAR,substitution,in,[],1631170,,,1610612755,94,115,2025-03-30T01:33:48Z,5830000,False,,,0,,SUB in: J. Jaquez Jr.,[1631170],1610612748.0,MIA,,,,,,,,,,,,Jaquez Jr.,J. Jaquez Jr.,,,,,,,,,,,,,,,,,
590,PT02M00.00S,2025-03-30T01:32:54.7Z,4,REGULAR,substitution,in,[],1642352,,,1610612755,94,115,2025-03-30T01:33:48Z,5840000,False,,,0,,SUB in: K. Johnson,[1642352],1610612748.0,MIA,,,,,,,,,,,,Johnson,K. Johnson,,,,,,,,,,,,,,,,,
591,PT01M46.00S,2025-03-30T01:34:20.8Z,4,REGULAR,turnover,lost ball,[],1641741,,,1610612755,94,115,2025-03-30T01:34:24Z,5850000,False,,,0,,R. Council IV lost ball TURNOVER (2 TO),"[1641741, 1641815]",1610612755.0,PHI,,,,,,,Mid-Range,16-24 Center,,,,Council IV,R. Council IV,,,,,,,,2.0,Stevens,1641815.0,,,,,,,
592,PT01M46.00S,2025-03-30T01:34:20.8Z,4,REGULAR,steal,,[],1641815,,,1610612748,94,115,2025-03-30T01:34:23Z,5860000,False,,,0,,I. Stevens STEAL (1 STL),[1641815],1610612748.0,MIA,,,,,,,Mid-Range,16-24 Center,,,,Stevens,I. Stevens,,,,,,,,,,,,,,,,,
593,PT01M29.00S,2025-03-30T01:34:37.8Z,4,REGULAR,3pt,Jump Shot,['fromturnover'],1630528,29.77989487516426,25.0,1610612748,94,115,2025-03-30T01:34:43Z,5870000,False,125.0,227.0,1,left,MISS J. Christopher 25' 3PT,[1630528],1610612748.0,MIA,,,,,,,Above the Break 3,24+ Right Center,25.95,Missed,,Christopher,J. Christopher,,,,,,,,,,,,,,,,,
594,PT01M24.00S,2025-03-30T01:34:42.8Z,4,REGULAR,rebound,defensive,[],1641737,,,1610612755,94,115,2025-03-30T01:34:43Z,5880000,False,,,0,,A. Bona REBOUND (Off:2 Def:6),[1641737],1610612755.0,PHI,,,,,,,Above the Break 3,24+ Right Center,,,,Bona,A. Bona,,,,593.0,8.0,6.0,2.0,,,,,,,,,,
595,PT01M12.00S,2025-03-30T01:34:54.5Z,4,REGULAR,2pt,Jump Shot,[],1630215,74.72076215505913,35.049019607843135,1610612755,94,115,2025-03-30T01:35:00Z,5890000,False,-75.0,185.0,1,right,MISS J. Butler 19' step back Shot,[1630215],1610612755.0,PHI,step back,,,,,,Mid-Range,16-24 Left Center,19.96,Missed,,Butler,J. Butler,,,,,,,,,,,,,,,,,
596,PT01M09.00S,2025-03-30T01:34:57.5Z,4,REGULAR,rebound,defensive,[],1630528,,,1610612748,94,115,2025-03-30T01:35:00Z,5900000,False,,,0,,J. Christopher REBOUND (Off:0 Def:1),[1630528],1610612748.0,MIA,,,,,,,Mid-Range,16-24 Left Center,,,,Christopher,J. Christopher,,,,595.0,1.0,1.0,0.0,,,,,,,,,,
597,PT01M05.00S,2025-03-30T01:35:02.5Z,4,REGULAR,2pt,Layup,"['pointsinthepaint', 'fastbreak']",1641796,7.30946123521682,47.794117647058826,1610612748,94,115,2025-03-30T01:35:08Z,5910000,False,11.0,16.0,1,left,MISS P. Larsson running Layup - blocked,"[1641796, 1630542]",1610612748.0,MIA,running,,,,,,Restricted Area,0-8 Center,1.96,Missed,,Larsson,P. Larsson,,,,,,,,,,,,,,,,Bagley,1630542.0
598,PT01M05.00S,2025-03-30T01:35:02.5Z,4,REGULAR,block,,[],1630542,,,1610612748,94,115,2025-03-30T01:35:04Z,5920000,False,,,0,,M. Bagley BLOCK (3 BLK),[1630542],1610612755.0,PHI,,,,,,,Restricted Area,0-8 Center,,,,Bagley,M. Bagley,,,,,,,,,,,,,,,,,
599,PT01M02.00S,2025-03-30T01:35:05.5Z,4,REGULAR,rebound,defensive,[],1641737,,,1610612755,94,115,2025-03-30T01:35:08Z,5930000,False,,,0,,A. Bona REBOUND (Off:2 Def:7),[1641737],1610612755.0,PHI,,,,,,,Restricted Area,0-8 Center,,,,Bona,A. Bona,,,,597.0,9.0,7.0,2.0,,,,,,,,,,
600,PT00M58.50S,2025-03-30T01:35:10.6Z,4,REGULAR,turnover,out-of-bounds,[],1642348,,,1610612755,94,115,2025-03-30T01:35:16Z,5940000,False,,,0,,J. Edwards lost ball out-of-bounds TURNOVER (3 TO),[1642348],1610612755.0,PHI,lost ball,,,,,,In The Paint (Non-RA),8-16 Center,,,,Edwards,J. Edwards,,,,,,,,3.0,,,202049.0,,,,,,
601,PT00M49.50S,2025-03-30T01:35:28.4Z,4,REGULAR,3pt,Jump Shot,['fromturnover'],1641796,27.414586070959263,83.82352941176471,1610612748,94,118,2025-03-30T01:35:33Z,5950000,False,-169.0,205.0,1,left,P. Larsson 26' 3PT  (14 PTS) (J. Jaquez Jr. 1 AST),"[1641796, 1631170]",1610612748.0,MIA,,,,,,,Above the Break 3,24+ Left Center,26.59,Made,14.0,Larsson,P. Larsson,J. Jaquez Jr.,1631170.0,1.0,,,,,,,,,,,,,,
603,PT00M38.30S,2025-03-30T01:35:42.7Z,4,REGULAR,3pt,Jump Shot,[],1630542,68.80749014454665,72.54901960784314,1610612755,94,118,2025-03-30T01:35:58Z,5970000,False,113.0,241.0,1,right,MISS M. Bagley 26' step back 3PT,[1630542],1610612755.0,PHI,step back,,,,,,Above the Break 3,24+ Right Center,26.58,Missed,,Bagley,M. Bagley,,,,,,,,,,,,,,,,,
604,PT00M36.80S,2025-03-30T01:35:47.0Z,4,REGULAR,rebound,defensive,['team'],0,,,1610612748,94,118,2025-03-30T01:35:47Z,5980000,False,,,0,,TEAM defensive REBOUND,[],1610612748.0,MIA,,,,,,,Above the Break 3,24+ Right Center,,,,,,,,,603.0,,,,,,,,,,,,,
606,PT00M36.80S,2025-03-30T01:35:53.6Z,4,REGULAR,foul,personal,[],1641737,,,1610612748,94,118,2025-03-30T01:36:08Z,6000000,False,,,0,,A. Bona loose ball personal FOUL (2 PF),"[1641737, 1630528]",1610612755.0,PHI,loose ball,,,,,,In The Paint (Non-RA),8-16 Center,,,,Bona,A. Bona,,,,,,,,,,,202049.0,2.0,0.0,Christopher,1630528.0,,
608,PT00M36.80S,2025-03-30T01:36:12.7Z,4,REGULAR,substitution,out,[],1642348,,,1610612748,94,118,2025-03-30T01:36:17Z,6020000,False,,,0,,SUB out: J. Edwards,[1642348],1610612755.0,PHI,,,,,,,,,,,,Edwards,J. Edwards,,,,,,,,,,,,,,,,,
609,PT00M36.80S,2025-03-30T01:36:12.7Z,4,REGULAR,substitution,in,[],1630762,,,1610612748,94,118,2025-03-30T01:36:17Z,6030000,False,,,0,,SUB in: P. Wheeler,[1630762],1610612755.0,PHI,,,,,,,,,,,,Wheeler,P. Wheeler,,,,,,,,,,,,,,,,,
610,PT00M28.10S,2025-03-30T01:36:32.9Z,4,REGULAR,3pt,Jump Shot,[],1630528,31.488173455978973,57.84313725490197,1610612748,94,118,2025-03-30T01:36:38Z,6040000,False,-39.0,243.0,1,left,MISS J. Christopher 24' 3PT,[1630528],1610612748.0,MIA,,,,,,,Above the Break 3,24+ Center,24.66,Missed,,Christopher,J. Christopher,,,,,,,,,,,,,,,,,
611,PT00M24.80S,2025-03-30T01:36:36.2Z,4,REGULAR,rebound,defensive,[],1641737,,,1610612755,94,118,2025-03-30T01:36:38Z,6050000,False,,,0,,A. Bona REBOUND (Off:2 Def:8),[1641737],1610612755.0,PHI,,,,,,,Above the Break 3,24+ Center,,,,Bona,A. Bona,,,,610.0,10.0,8.0,2.0,,,,,,,,,,
612,PT00M16.40S,2025-03-30T01:36:45.6Z,4,REGULAR,foul,personal,['2freethrow'],1641796,,,1610612755,94,118,2025-03-30T01:36:59Z,6060000,False,,,0,,P. Larsson shooting personal FOUL (3 PF) (Council IV 2 FT),"[1641796, 1641741]",1610612748.0,MIA,shooting,,,,,,Mid-Range,8-16 Left,,,,Larsson,P. Larsson,,,,,,,,,,,202049.0,3.0,0.0,Council IV,1641741.0,,
614,PT00M16.40S,2025-03-30T01:37:11.7Z,4,REGULAR,freethrow,1 of 2,[],1641741,,,1610612755,95,118,2025-03-30T01:37:11Z,6080000,False,,,0,,R. Council IV Free Throw 1 of 2 (13 PTS),[1641741],1610612755.0,PHI,,,,,,,,,,Made,13.0,Council IV,R. Council IV,,,,,,,,,,,,,,,,,
615,PT00M16.40S,2025-03-30T01:37:11.7Z,4,REGULAR,freethrow,2 of 2,[],1641741,,,1610612755,95,118,2025-03-30T01:37:29Z,6090000,False,,,0,,MISS R. Council IV Free Throw 2 of 2,[1641741],1610612755.0,PHI,,,,,,,,,,Missed,,Council IV,R. Council IV,,,,,,,,,,,,,,,,,
616,PT00M12.80S,2025-03-30T01:37:15.3Z,4,REGULAR,rebound,defensive,[],1642352,,,1610612748,95,118,2025-03-30T01:37:29Z,6100000,False,,,0,,K. Johnson REBOUND (Off:0 Def:1),[1642352],1610612748.0,MIA,,,,,,,,,,,,Johnson,K. Johnson,,,,615.0,1.0,1.0,0.0,,,,,,,,,,
617,PT00M00.00S,2025-03-30T01:37:43.3Z,4,REGULAR,period,end,[],0,,,1610612748,95,118,2025-03-30T01:37:43Z,6110000,False,,,0,,Period End,[],,,,,,,,,,,,,,,,,,,,,,,,,,,,,,,,
618,PT00M00.00S,2025-03-30T01:37:50.3Z,4,REGULAR,game,end,[],0,,,0,95,118,2025-03-30T01:37:50Z,6120000,False,,,0,,Game End,[],,,,,,,,,,,,,,,,,,,,,,,,,,,,,,,,
