actionNumber,clock,timeActual,period,periodType,actionType,subType,qualifiers,personId,x,y,possession,scoreHome,scoreAway,edited,orderNumber,isTargetScoreLastPeriod,xLegacy,yLegacy,isFieldGoal,side,description,personIdsFilter,teamId,teamTricode,descriptor,jumpBallRecoveredName,jumpBallRecoverdPersonId,playerName,playerNameI,jumpBallWonPlayerName,jumpBallWonPersonId,jumpBallLostPlayerName,jumpBallLostPersonId,area,areaDetail,shotDistance,shotResult,shotActionNumber,reboundTotal,reboundDefensiveTotal,reboundOffensiveTotal,turnoverTotal,stealPlayerName,stealPersonId,pointsTotal,assistPlayerNameInitial,assistPersonId,assistTotal,officialId,foulPersonalTotal,foulTechnicalTotal,foulDrawnPlayerName,foulDrawnPersonId,blockPlayerName,blockPersonId
2,PT12M00.00S,2025-12-16T00:44:05.4Z,1,REGULAR,period,start,[],0,,,0,0,0,2025-12-16T00:44:05Z,20000,False,,,0,,Period Start,[],,,,,,,,,,,,,,,,,,,,,,,,,,,,,,,,,
4,PT11M55.00S,2025-12-16T00:44:08.8Z,1,REGULAR,jumpball,recovered,[],1630558,,,1610612748,0,0,2025-12-16T00:44:08Z,40000,False,,,0,,Jump Ball B. Adebayo vs. J. Poeltl: Tip to D. Mitchell,"[1630558, 1628389, 1627751]",1610612748.0,MIA,startperiod,D. Mitchell,1630558.0,Mitchell,D. Mitchell,Adebayo,1628389.0,Poeltl,1627751.0,,,,,,,,,,,,,,,,,,,,,,
7,PT11M38.00S,2025-12-16T00:44:25.2Z,1,REGULAR,2pt,Jump Shot,['pointsinthepaint'],1626181,83.13074901445466,37.99019607843137,1610612748,0,0,2025-12-16T00:44:30Z,70000,False,-60.0,106.0,1,right,MISS N. Powell 12' driving floating Shot,[1626181],1610612748.0,MIA,driving floating,,,Powell,N. Powell,,,,,In The Paint (Non-RA),8-16 Center,12.19,Missed,,,,,,,,,,,,,,,,,,
8,PT11M36.00S,2025-12-16T00:44:27.2Z,1,REGULAR,rebound,defensive,[],1630193,,,1610612761,0,0,2025-12-16T00:44:30Z,80000,False,,,0,,I. Quickley REBOUND (Off:0 Def:1),[1630193],1610612761.0,TOR,,,,Quickley,I. Quickley,,,,,In The Paint (Non-RA),8-16 Center,,,7.0,1.0,1.0,0.0,,,,,,,,,,,,,,
9,PT11M32.00S,2025-12-16T00:44:33.6Z,1,REGULAR,turnover,out-of-bounds,[],1627742,,,1610612761,0,0,2025-12-16T00:44:47Z,90000,False,,,0,,B. Ingram lost ball out-of-bounds TURNOVER (1 TO),[1627742],1610612761.0,TOR,lost ball,,,Ingram,B. Ingram,,,,,In The Paint (Non-RA),8-16 Left,,,,,,,1.0,,,,,,,,,,,,,
10,PT11M10.00S,2025-12-16T00:45:04.1Z,1,REGULAR,turnover,bad pass,[],1630558,,,1610612748,0,0,2025-12-16T00:49:28Z,100000,False,,,0,,D. Mitchell bad pass TURNOVER (1 TO),"[1630558, 1630534]",1610612748.0,MIA,,,,Mitchell,D. Mitchell,,,,,Mid-Range,16-24 Left Center,,,,,,,1.0,Agbaji,1630534.0,,,,,,,,,,,
11,PT11M10.00S,2025-12-16T00:45:04.1Z,1,REGULAR,steal,,[],1630534,,,1610612761,0,0,2025-12-16T00:49:16Z,110000,False,,,0,,O. Agbaji STEAL (1 STL),[1630534],1610612761.0,TOR,,,,Agbaji,O. Agbaji,,,,,Mid-Range,16-24 Left Center,,,,,,,,,,,,,,,,,,,,
12,PT11M04.00S,2025-12-16T00:45:09.8Z,1,REGULAR,3pt,Jump Shot,"['fromturnover', 'fastbreak']",1630193,4.418528252299605,2.696078431372549,1610612761,0,0,2025-12-16T00:45:15Z,120000,False,237.0,-11.0,1,left,MISS I. Quickley running 3PT,[1630193],1610612761.0,TOR,running,,,Quickley,I. Quickley,,,,,Right Corner 3,24+ Right,23.68,Missed,,,,,,,,,,,,,,,,,,
13,PT11M02.00S,2025-12-16T00:45:11.8Z,1,REGULAR,rebound,defensive,[],1630558,,,1610612748,0,0,2025-12-16T00:45:15Z,130000,False,,,0,,D. Mitchell REBOUND (Off:0 Def:1),[1630558],1610612748.0,MIA,,,,Mitchell,D. Mitchell,,,,,Right Corner 3,24+ Right,,,12.0,1.0,1.0,0.0,,,,,,,,,,,,,,
14,PT10M56.00S,2025-12-16T00:45:17.8Z,1,REGULAR,3pt,Jump Shot,['fastbreak'],203952,65.78515111695138,38.72549019607843,1610612748,3,0,2025-12-16T04:14:33Z,140000,False,-56.0,269.0,1,right,A. Wiggins 27' 3PT running (3 PTS) (D. Mitchell 1 AST),"[203952, 1630558]",1610612748.0,MIA,running,,,Wiggins,A. Wiggins,,,,,Above the Break 3,24+ Center,27.49,Made,,,,,,,,3.0,D. Mitchell,1630558.0,1.0,,,,,,,
16,PT10M43.00S,2025-12-16T00:45:30.8Z,1,REGULAR,turnover,bad pass,[],1630567,,,1610612761,3,0,2025-12-16T00:45:34Z,160000,False,,,0,,S. Barnes bad pass TURNOVER (1 TO),"[1630567, 203952]",1610612761.0,TOR,,,,Barnes,S. Barnes,,,,,In The Paint (Non-RA),8-16 Center,,,,,,,1.0,Wiggins,203952.0,,,,,,,,,,,
17,PT10M43.00S,2025-12-16T00:45:30.8Z,1,REGULAR,steal,,[],203952,,,1610612748,3,0,2025-12-16T00:45:33Z,170000,False,,,0,,A. Wiggins STEAL (1 STL),[203952],1610612748.0,MIA,,,,Wiggins,A. Wiggins,,,,,In The Paint (Non-RA),8-16 Center,,,,,,,,,,,,,,,,,,,,
18,PT10M30.00S,2025-12-16T00:45:43.4Z,1,REGULAR,3pt,Jump Shot,['fromturnover'],1628389,94.82588699080158,3.6764705882352944,1610612748,6,0,2025-12-16T00:45:48Z,180000,False,-232.0,-4.0,1,right,B. Adebayo 3PT  (3 PTS) (A. Wiggins 1 AST),"[1628389, 203952]",1610612748.0,MIA,,,,Adebayo,B. Adebayo,,,,,Left Corner 3,24+ Left,23.16,Made,,,,,,,,3.0,A. Wiggins,203952.0,1.0,,,,,,,
20,PT10M10.00S,2025-12-16T00:46:03.3Z,1,REGULAR,3pt,Jump Shot,[],1630567,6.521024967148489,2.450980392156863,1610612761,6,0,2025-12-16T00:46:11Z,200000,False,238.0,9.0,1,left,MISS S. Barnes 3PT,[1630567],1610612761.0,TOR,,,,Barnes,S. Barnes,,,,,Right Corner 3,24+ Right,23.79,Missed,,,,,,,,,,,,,,,,,,
21,PT10M08.00S,2025-12-16T00:46:05.3Z,1,REGULAR,rebound,defensive,['team'],0,,,1610612748,6,0,2025-12-16T00:46:11Z,210000,False,,,0,,TEAM defensive REBOUND,[],1610612748.0,MIA,,,,,,,,,,Right Corner 3,24+ Right,,,20.0,,,,,,,,,,,,,,,,,
23,PT09M57.00S,2025-12-16T00:46:26.3Z,1,REGULAR,2pt,Jump Shot,[],1626181,88.64980289093299,24.754901960784316,1610612748,6,0,2025-12-16T00:46:31Z,230000,False,-126.0,54.0,1,right,MISS N. Powell 13' step back Shot,[1626181],1610612748.0,MIA,step back,,,Powell,N. Powell,,,,,Mid-Range,8-16 Left,13.73,Missed,,,,,,,,,,,,,,,,,,
24,PT09M52.00S,2025-12-16T00:46:31.3Z,1,REGULAR,rebound,defensive,[],1627751,,,1610612761,6,0,2025-12-16T00:46:31Z,240000,False,,,0,,J. Poeltl REBOUND (Off:0 Def:1),[1627751],1610612761.0,TOR,,,,Poeltl,J. Poeltl,,,,,Mid-Range,8-16 Left,,,23.0,1.0,1.0,0.0,,,,,,,,,,,,,,
25,PT09M41.00S,2025-12-16T00:46:41.5Z,1,REGULAR,2pt,Jump Shot,[],1627742,17.69053876478318,70.34313725490196,1610612761,6,2,2025-12-16T00:46:49Z,250000,False,-102.0,114.0,1,left,B. Ingram 15' pullup Jump Shot (2 PTS) (J. Poeltl 1 AST),"[1627742, 1627751]",1610612761.0,TOR,pullup,,,Ingram,B. Ingram,,,,,Mid-Range,8-16 Left,15.26,Made,,,,,,,,2.0,J. Poeltl,1627751.0,1.0,,,,,,,
27,PT09M23.00S,2025-12-16T00:46:59.5Z,1,REGULAR,3pt,Jump Shot,[],1630558,68.41327201051249,60.5392156862745,1610612748,9,2,2025-12-16T00:47:05Z,270000,False,53.0,244.0,1,right,D. Mitchell 25' 3PT  (3 PTS) (B. Adebayo 1 AST),"[1630558, 1628389]",1610612748.0,MIA,,,,Mitchell,D. Mitchell,,,,,Above the Break 3,24+ Center,25.0,Made,,,,,,,,3.0,B. Adebayo,1628389.0,1.0,,,,,,,
29,PT08M57.00S,2025-12-16T00:47:25.9Z,1,REGULAR,3pt,Jump Shot,[],1630567,31.225361366622867,59.55882352941176,1610612761,9,2,2025-12-16T00:47:31Z,290000,False,-48.0,241.0,1,left,MISS S. Barnes 24' step back 3PT,[1630567],1610612761.0,TOR,step back,,,Barnes,S. Barnes,,,,,Above the Break 3,24+ Center,24.57,Missed,,,,,,,,,,,,,,,,,,
30,PT08M54.00S,2025-12-16T00:47:28.9Z,1,REGULAR,rebound,defensive,[],1628389,,,1610612748,9,2,2025-12-16T00:47:31Z,300000,False,,,0,,B. Adebayo REBOUND (Off:0 Def:1),[1628389],1610612748.0,MIA,,,,Adebayo,B. Adebayo,,,,,Above the Break 3,24+ Center,,,29.0,1.0,1.0,0.0,,,,,,,,,,,,,,
31,PT08M49.00S,2025-12-16T00:47:34.0Z,1,REGULAR,3pt,Jump Shot,['fastbreak'],1626181,67.88764783180025,66.17647058823529,1610612748,9,2,2025-12-16T00:50:50Z,310000,False,81.0,249.0,1,right,MISS N. Powell 26' running 3PT,[1626181],1610612748.0,MIA,running,,,Powell,N. Powell,,,,,Above the Break 3,24+ Center,26.22,Missed,,,,,,,,,,,,,,,,,,
32,PT08M44.00S,2025-12-16T00:47:39.0Z,1,REGULAR,rebound,defensive,[],1627751,,,1610612761,9,2,2025-12-16T00:47:41Z,320000,False,,,0,,J. Poeltl REBOUND (Off:0 Def:2),[1627751],1610612761.0,TOR,,,,Poeltl,J. Poeltl,,,,,Above the Break 3,24+ Center,,,31.0,2.0,2.0,0.0,,,,,,,,,,,,,,
33,PT08M39.00S,2025-12-16T00:47:42.9Z,1,REGULAR,3pt,Jump Shot,['fastbreak'],1630534,5.338370565045992,3.9215686274509802,1610612761,9,2,2025-12-16T00:47:48Z,330000,False,230.0,-2.0,1,left,MISS O. Agbaji running 3PT,[1630534],1610612761.0,TOR,running,,,Agbaji,O. Agbaji,,,,,Right Corner 3,24+ Right,23.04,Missed,,,,,,,,,,,,,,,,,,
34,PT08M35.00S,2025-12-16T00:47:46.9Z,1,REGULAR,rebound,defensive,[],1628389,,,1610612748,9,2,2025-12-16T00:47:48Z,340000,False,,,0,,B. Adebayo REBOUND (Off:0 Def:2),[1628389],1610612748.0,MIA,,,,Adebayo,B. Adebayo,,,,,Right Corner 3,24+ Right,,,33.0,2.0,2.0,0.0,,,,,,,,,,,,,,
35,PT08M25.00S,2025-12-16T00:48:00.3Z,1,REGULAR,turnover,out-of-bounds,[],1628389,,,1610612748,9,2,2025-12-16T00:48:04Z,350000,False,,,0,,B. Adebayo lost ball out-of-bounds TURNOVER (1 TO),[1628389],1610612748.0,MIA,lost ball,,,Adebayo,B. Adebayo,,,,,Left Corner 3,24+ Left,,,,,,,1.0,,,,,,,202026.0,,,,,,
36,PT08M12.00S,2025-12-16T00:48:18.4Z,1,REGULAR,turnover,bad pass,[],1627751,,,1610612761,9,2,2025-12-16T00:48:22Z,360000,False,,,0,,J. Poeltl bad pass TURNOVER (1 TO),"[1627751, 1628389]",1610612761.0,TOR,,,,Poeltl,J. Poeltl,,,,,Mid-Range,8-16 Left,,,,,,,1.0,Adebayo,1628389.0,,,,,,,,,,,
37,PT08M12.00S,2025-12-16T00:48:18.4Z,1,REGULAR,steal,,[],1628389,,,1610612748,9,2,2025-12-16T00:48:21Z,370000,False,,,0,,B. Adebayo STEAL (1 STL),[1628389],1610612748.0,MIA,,,,Adebayo,B. Adebayo,,,,,Mid-Range,8-16 Left,,,,,,,,,,,,,,,,,,,,
38,PT08M02.00S,2025-12-16T00:48:31.5Z,1,REGULAR,foul,personal,['2freethrow'],1627751,,,1610612748,9,2,2025-12-16T00:48:40Z,380000,False,,,0,,J. Poeltl shooting personal FOUL (1 PF) (Adebayo 2 FT),"[1627751, 1628389]",1610612761.0,TOR,shooting,,,Poeltl,J. Poeltl,,,,,Mid-Range,8-16 Right,,,,,,,,,,,,,,201246.0,1.0,0.0,Adebayo,1628389.0,,
40,PT08M02.00S,2025-12-16T00:49:01.1Z,1,REGULAR,freethrow,1 of 2,['fromturnover'],1628389,,,1610612748,9,2,2025-12-16T00:49:01Z,400000,False,,,0,,MISS B. Adebayo Free Throw 1 of 2,[1628389],1610612748.0,MIA,,,,Adebayo,B. Adebayo,,,,,,,,Missed,,,,,,,,,,,,,,,,,,
41,PT08M02.00S,2025-12-16T00:49:01.1Z,1,REGULAR,rebound,offensive,"['deadball', 'team']",0,,,1610612748,9,2,2025-12-16T00:49:01Z,410000,False,,,0,,TEAM offensive REBOUND,[],1610612748.0,MIA,,,,,,,,,,,,,,40.0,,,,,,,,,,,,,,,,,
42,PT08M02.00S,2025-12-16T00:49:19.5Z,1,REGULAR,freethrow,2 of 2,['fromturnover'],1628389,,,1610612748,10,2,2025-12-16T00:49:19Z,420000,False,,,0,,B. Adebayo Free Throw 2 of 2 (4 PTS),[1628389],1610612748.0,MIA,,,,Adebayo,B. Adebayo,,,,,,,,Made,,,,,,,,4.0,,,,,,,,,,
43,PT07M50.00S,2025-12-16T00:49:31.3Z,1,REGULAR,3pt,Jump Shot,[],1630193,26.231931668856767,83.57843137254902,1610612761,10,5,2025-12-16T00:49:37Z,430000,False,-168.0,194.0,1,left,I. Quickley 25' 3PT  (3 PTS) (O. Agbaji 1 AST),"[1630193, 1630534]",1610612761.0,TOR,,,,Quickley,I. Quickley,,,,,Above the Break 3,24+ Left Center,25.66,Made,,,,,,,,3.0,O. Agbaji,1630534.0,1.0,,,,,,,
46,PT07M35.00S,2025-12-16T00:49:59.4Z,1,REGULAR,3pt,Jump Shot,[],1628389,72.48685939553219,78.67647058823529,1610612748,10,5,2025-12-16T00:50:05Z,460000,False,143.0,206.0,1,right,MISS B. Adebayo 25' 3PT,[1628389],1610612748.0,MIA,,,,Adebayo,B. Adebayo,,,,,Above the Break 3,24+ Right Center,25.11,Missed,,,,,,,,,,,,,,,,,,
47,PT07M33.00S,2025-12-16T00:50:01.4Z,1,REGULAR,rebound,defensive,['team'],0,,,1610612761,10,5,2025-12-16T00:50:05Z,470000,False,,,0,,TEAM defensive REBOUND,[],1610612761.0,TOR,,,,,,,,,,Above the Break 3,24+ Right Center,,,46.0,,,,,,,,,,,,,,,,,
49,PT07M26.00S,2025-12-16T00:50:15.8Z,1,REGULAR,3pt,Jump Shot,[],1630193,34.37910643889619,52.450980392156865,1610612761,10,5,2025-12-16T00:53:11Z,490000,False,-12.0,271.0,1,left,MISS I. Quickley 27' 3PT,[1630193],1610612761.0,TOR,,,,Quickley,I. Quickley,,,,,Above the Break 3,24+ Center,27.1,Missed,,,,,,,,,,,,,,,,,,
50,PT07M23.00S,2025-12-16T00:50:18.8Z,1,REGULAR,rebound,defensive,[],1628389,,,1610612748,10,5,2025-12-16T00:50:23Z,500000,False,,,0,,B. Adebayo REBOUND (Off:0 Def:3),[1628389],1610612748.0,MIA,,,,Adebayo,B. Adebayo,,,,,Above the Break 3,24+ Center,,,49.0,3.0,3.0,0.0,,,,,,,,,,,,,,
51,PT07M15.00S,2025-12-16T00:50:29.4Z,1,REGULAR,foul,personal,[],1630534,,,1610612748,10,5,2025-12-16T00:50:52Z,510000,False,,,0,,O. Agbaji personal FOUL (1 PF),"[1630534, 1631323]",1610612761.0,TOR,,,,Agbaji,O. Agbaji,,,,,Restricted Area,0-8 Center,,,,,,,,,,,,,,201246.0,1.0,0.0,Fontecchio,1631323.0,,
55,PT07M11.00S,2025-12-16T00:51:07.5Z,1,REGULAR,foul,offensive,[],1631323,,,1610612748,10,5,2025-12-16T00:54:26Z,550000,False,,,0,,S. Fontecchio offensive FOUL (1 PF),"[1631323, 1630567]",1610612748.0,MIA,,,,Fontecchio,S. Fontecchio,,,,,Mid-Range,8-16 Left,,,,,,,,,,,,,,202026.0,1.0,0.0,Barnes,1630567.0,,
57,PT07M11.00S,2025-12-16T00:51:07.5Z,1,REGULAR,turnover,offensive foul,[],1631323,,,1610612748,10,5,2025-12-16T00:51:07Z,570000,False,,,0,,S. Fontecchio offensive foul TURNOVER (1 TO),[1631323],1610612748.0,MIA,,,,Fontecchio,S. Fontecchio,,,,,Mid-Range,8-16 Left,,,,,,,1.0,,,,,,,202026.0,,,,,,
58,PT07M11.00S,2025-12-16T00:51:17.7Z,1,REGULAR,timeout,full,"['team', 'mandatory']",0,,,1610612761,10,5,2025-12-16T00:51:17Z,580000,False,,,0,,TOR Timeout,[],1610612761.0,TOR,,,,,,,,,,,,,,,,,,,,,,,,,,,,,,,
59,PT07M11.00S,2025-12-16T00:53:30.7Z,1,REGULAR,substitution,out,[],1630567,,,1610612761,10,5,2025-12-16T00:53:47Z,590000,False,,,0,,SUB out: S. Barnes,[1630567],1610612761.0,TOR,,,,Barnes,S. Barnes,,,,,,,,,,,,,,,,,,,,,,,,,,
60,PT07M11.00S,2025-12-16T00:53:30.7Z,1,REGULAR,substitution,in,[],1642867,,,1610612761,10,5,2025-12-16T00:53:47Z,600000,False,,,0,,SUB in: C. Murray-Boyles,[1642867],1610612761.0,TOR,,,,Murray-Boyles,C. Murray-Boyles,,,,,,,,,,,,,,,,,,,,,,,,,,
61,PT06M59.00S,2025-12-16T00:54:11.6Z,1,REGULAR,2pt,Jump Shot,"['pointsinthepaint', 'fromturnover']",1627742,18.2161629434954,52.94117647058824,1610612761,10,5,2025-12-16T00:54:24Z,610000,False,-15.0,119.0,1,left,MISS B. Ingram 11' pullup Shot,[1627742],1610612761.0,TOR,pullup,,,Ingram,B. Ingram,,,,,In The Paint (Non-RA),8-16 Center,11.96,Missed,,,,,,,,,,,,,,,,,,
62,PT06M56.00S,2025-12-16T00:54:14.7Z,1,REGULAR,rebound,defensive,[],1628389,,,1610612748,10,5,2025-12-16T00:54:14Z,620000,False,,,0,,B. Adebayo REBOUND (Off:0 Def:4),[1628389],1610612748.0,MIA,,,,Adebayo,B. Adebayo,,,,,In The Paint (Non-RA),8-16 Center,,,61.0,4.0,4.0,0.0,,,,,,,,,,,,,,
63,PT06M42.00S,2025-12-16T00:54:28.7Z,1,REGULAR,2pt,Hook,['pointsinthepaint'],203952,84.57621550591328,46.568627450980394,1610612748,10,5,2025-12-16T00:54:53Z,630000,False,-17.0,92.0,1,right,MISS A. Wiggins 9' driving Hook,[203952],1610612748.0,MIA,driving,,,Wiggins,A. Wiggins,,,,,In The Paint (Non-RA),8-16 Center,9.41,Missed,,,,,,,,,,,,,,,,,,
64,PT06M40.00S,2025-12-16T00:54:30.7Z,1,REGULAR,rebound,defensive,[],1627751,,,1610612761,10,5,2025-12-16T00:54:34Z,640000,False,,,0,,J. Poeltl REBOUND (Off:0 Def:3),[1627751],1610612761.0,TOR,,,,Poeltl,J. Poeltl,,,,,In The Paint (Non-RA),8-16 Center,,,63.0,3.0,3.0,0.0,,,,,,,,,,,,,,
65,PT06M33.00S,2025-12-16T00:54:38.6Z,1,REGULAR,3pt,Jump Shot,[],1627742,12.828515111695138,95.34313725490196,1610612761,10,8,2025-12-16T00:54:44Z,650000,False,-227.0,68.0,1,left,B. Ingram 3PT  (5 PTS) (C. Murray-Boyles 1 AST),"[1627742, 1642867]",1610612761.0,TOR,,,,Ingram,B. Ingram,,,,,Left Corner 3,24+ Left,23.67,Made,,,,,,,,5.0,C. Murray-Boyles,1642867.0,1.0,,,,,,,
68,PT06M12.00S,2025-12-16T00:55:03.5Z,1,REGULAR,substitution,out,[],1626181,,,1610612748,10,8,2025-12-16T00:55:15Z,680000,False,,,0,,SUB out: N. Powell,[1626181],1610612748.0,MIA,,,,Powell,N. Powell,,,,,,,,,,,,,,,,,,,,,,,,,,
69,PT06M12.00S,2025-12-16T00:55:03.5Z,1,REGULAR,substitution,in,[],1631170,,,1610612748,10,8,2025-12-16T00:55:15Z,690000,False,,,0,,SUB in: J. Jaquez Jr.,[1631170],1610612748.0,MIA,,,,Jaquez Jr.,J. Jaquez Jr.,,,,,,,,,,,,,,,,,,,,,,,,,,
70,PT06M03.00S,2025-12-16T00:55:30.4Z,1,REGULAR,2pt,Jump Shot,[],1631170,81.42247043363994,16.666666666666664,1610612748,12,8,2025-12-16T00:55:37Z,700000,False,-167.0,122.0,1,right,J. Jaquez Jr. 20' fadeaway Jump Shot (2 PTS) (S. Fontecchio 1 AST),"[1631170, 1631323]",1610612748.0,MIA,fadeaway,,,Jaquez Jr.,J. Jaquez Jr.,,,,,Mid-Range,16-24 Left Center,20.66,Made,,,,,,,,2.0,S. Fontecchio,1631323.0,1.0,,,,,,,
72,PT05M42.00S,2025-12-16T00:55:51.5Z,1,REGULAR,2pt,Layup,['pointsinthepaint'],1630534,11.383048620236531,44.6078431372549,1610612761,12,8,2025-12-16T00:55:57Z,720000,False,27.0,55.0,1,left,MISS O. Agbaji 6' driving Layup - blocked,"[1630534, 1631323]",1610612761.0,TOR,driving,,,Agbaji,O. Agbaji,,,,,In The Paint (Non-RA),0-8 Center,6.08,Missed,,,,,,,,,,,,,,,,,Fontecchio,1631323.0
73,PT05M42.00S,2025-12-16T00:55:51.5Z,1,REGULAR,block,,[],1631323,,,1610612761,12,8,2025-12-16T00:55:55Z,730000,False,,,0,,S. Fontecchio BLOCK (1 BLK),[1631323],1610612748.0,MIA,,,,Fontecchio,S. Fontecchio,,,,,In The Paint (Non-RA),0-8 Center,,,,,,,,,,,,,,,,,,,,
74,PT05M38.00S,2025-12-16T00:55:55.5Z,1,REGULAR,rebound,defensive,[],1628389,,,1610612748,12,8,2025-12-16T00:55:57Z,740000,False,,,0,,B. Adebayo REBOUND (Off:0 Def:5),[1628389],1610612748.0,MIA,,,,Adebayo,B. Adebayo,,,,,In The Paint (Non-RA),0-8 Center,,,72.0,5.0,5.0,0.0,,,,,,,,,,,,,,
75,PT05M36.00S,2025-12-16T00:55:58.0Z,1,REGULAR,2pt,Jump Shot,['fastbreak'],1631170,91.14651773981603,67.64705882352942,1610612748,14,8,2025-12-16T00:56:35Z,750000,False,88.0,31.0,1,right,J. Jaquez Jr. 9' driving floating bank Jump Shot (4 PTS) (D. Mitchell 2 AST),"[1631170, 1630558]",1610612748.0,MIA,driving floating bank,,,Jaquez Jr.,J. Jaquez Jr.,,,,,Mid-Range,8-16 Right,9.34,Made,,,,,,,,4.0,D. Mitchell,1630558.0,2.0,,,,,,,
77,PT05M20.00S,2025-12-16T00:56:16.6Z,1,REGULAR,foul,personal,['2freethrow'],203952,,,1610612761,14,8,2025-12-16T00:56:35Z,770000,False,,,0,,A. Wiggins shooting personal FOUL (1 PF) (Ingram 2 FT),"[203952, 1627742]",1610612748.0,MIA,shooting,,,Wiggins,A. Wiggins,,,,,Mid-Range,8-16 Left,,,,,,,,,,,,,,201246.0,1.0,0.0,Ingram,1627742.0,,
79,PT05M20.00S,2025-12-16T00:56:46.1Z,1,REGULAR,freethrow,1 of 2,[],1627742,,,1610612761,14,9,2025-12-16T00:56:46Z,790000,False,,,0,,B. Ingram Free Throw 1 of 2 (6 PTS),[1627742],1610612761.0,TOR,,,,Ingram,B. Ingram,,,,,,,,Made,,,,,,,,6.0,,,,,,,,,,
80,PT05M20.00S,2025-12-16T00:56:47.3Z,1,REGULAR,substitution,out,[],1630193,,,1610612761,14,9,2025-12-16T00:56:56Z,800000,False,,,0,,SUB out: I. Quickley,[1630193],1610612761.0,TOR,,,,Quickley,I. Quickley,,,,,,,,,,,,,,,,,,,,,,,,,,
81,PT05M20.00S,2025-12-16T00:56:47.3Z,1,REGULAR,substitution,out,[],1627751,,,1610612761,14,9,2025-12-16T00:56:56Z,810000,False,,,0,,SUB out: J. Poeltl,[1627751],1610612761.0,TOR,,,,Poeltl,J. Poeltl,,,,,,,,,,,,,,,,,,,,,,,,,,
82,PT05M20.00S,2025-12-16T00:56:47.3Z,1,REGULAR,substitution,out,[],1630534,,,1610612761,14,9,2025-12-16T00:56:56Z,820000,False,,,0,,SUB out: O. Agbaji,[1630534],1610612761.0,TOR,,,,Agbaji,O. Agbaji,,,,,,,,,,,,,,,,,,,,,,,,,,
83,PT05M20.00S,2025-12-16T00:56:47.3Z,1,REGULAR,substitution,in,[],1642347,,,1610612761,14,9,2025-12-16T00:56:56Z,830000,False,,,0,,SUB in: J. Shead,[1642347],1610612761.0,TOR,,,,Shead,J. Shead,,,,,,,,,,,,,,,,,,,,,,,,,,
84,PT05M20.00S,2025-12-16T00:56:47.3Z,1,REGULAR,substitution,in,[],1630572,,,1610612761,14,9,2025-12-16T00:56:56Z,840000,False,,,0,,SUB in: S. Mamukelashvili,[1630572],1610612761.0,TOR,,,,Mamukelashvili,S. Mamukelashvili,,,,,,,,,,,,,,,,,,,,,,,,,,
85,PT05M20.00S,2025-12-16T00:56:47.3Z,1,REGULAR,substitution,in,[],1641711,,,1610612761,14,9,2025-12-16T00:56:56Z,850000,False,,,0,,SUB in: G. Dick,[1641711],1610612761.0,TOR,,,,Dick,G. Dick,,,,,,,,,,,,,,,,,,,,,,,,,,
86,PT05M20.00S,2025-12-16T00:57:06.9Z,1,REGULAR,freethrow,2 of 2,[],1627742,,,1610612761,14,10,2025-12-16T00:57:06Z,860000,False,,,0,,B. Ingram Free Throw 2 of 2 (7 PTS),[1627742],1610612761.0,TOR,,,,Ingram,B. Ingram,,,,,,,,Made,,,,,,,,7.0,,,,,,,,,,
87,PT05M01.00S,2025-12-16T00:57:27.3Z,1,REGULAR,3pt,Jump Shot,[],203952,70.25295663600527,76.47058823529412,1610612748,17,10,2025-12-16T00:57:31Z,870000,False,132.0,227.0,1,right,A. Wiggins 26' 3PT  (6 PTS) (J. Jaquez Jr. 1 AST),"[203952, 1631170]",1610612748.0,MIA,,,,Wiggins,A. Wiggins,,,,,Above the Break 3,24+ Right Center,26.29,Made,,,,,,,,6.0,J. Jaquez Jr.,1631170.0,1.0,,,,,,,
89,PT04M51.00S,2025-12-16T00:57:37.7Z,1,REGULAR,2pt,Layup,['pointsinthepaint'],1630572,4.812746386333772,53.67647058823529,1610612761,17,10,2025-12-16T00:57:44Z,890000,False,-18.0,-7.0,1,left,MISS S. Mamukelashvili cutting Layup,[1630572],1610612761.0,TOR,cutting,,,Mamukelashvili,S. Mamukelashvili,,,,,Restricted Area,0-8 Center,1.98,Missed,,,,,,,,,,,,,,,,,,
90,PT04M48.00S,2025-12-16T00:57:40.7Z,1,REGULAR,rebound,defensive,[],1628389,,,1610612748,17,10,2025-12-16T00:57:44Z,900000,False,,,0,,B. Adebayo REBOUND (Off:0 Def:6),[1628389],1610612748.0,MIA,,,,Adebayo,B. Adebayo,,,,,Restricted Area,0-8 Center,,,89.0,6.0,6.0,0.0,,,,,,,,,,,,,,
91,PT04M34.00S,2025-12-16T00:57:54.1Z,1,REGULAR,2pt,Jump Shot,['pointsinthepaint'],1630558,90.62089356110381,49.26470588235294,1610612748,17,10,2025-12-16T00:57:58Z,910000,False,-4.0,36.0,1,right,MISS D. Mitchell driving floating Shot,[1630558],1610612748.0,MIA,driving floating,,,Mitchell,D. Mitchell,,,,,Restricted Area,0-8 Center,3.59,Missed,,,,,,,,,,,,,,,,,,
92,PT04M31.00S,2025-12-16T00:57:57.1Z,1,REGULAR,rebound,defensive,[],1630572,,,1610612761,17,10,2025-12-16T00:57:58Z,920000,False,,,0,,S. Mamukelashvili REBOUND (Off:0 Def:1),[1630572],1610612761.0,TOR,,,,Mamukelashvili,S. Mamukelashvili,,,,,Restricted Area,0-8 Center,,,91.0,1.0,1.0,0.0,,,,,,,,,,,,,,
93,PT04M15.00S,2025-12-16T00:58:12.2Z,1,REGULAR,3pt,Jump Shot,[],1627742,32.40801576872536,56.61764705882353,1610612761,17,13,2025-12-16T00:58:18Z,930000,False,-33.0,252.0,1,left,B. Ingram 25' 3PT pullup (10 PTS),[1627742],1610612761.0,TOR,pullup,,,Ingram,B. Ingram,,,,,Above the Break 3,24+ Center,25.43,Made,,,,,,,,10.0,,,,,,,,,,
94,PT03M50.00S,2025-12-16T00:58:41.7Z,1,REGULAR,turnover,out-of-bounds,[],1631170,,,1610612748,17,13,2025-12-16T00:58:50Z,940000,False,,,0,,J. Jaquez Jr. lost ball out-of-bounds TURNOVER (1 TO),[1631170],1610612748.0,MIA,lost ball,,,Jaquez Jr.,J. Jaquez Jr.,,,,,In The Paint (Non-RA),8-16 Center,,,,,,,1.0,,,,,,,201246.0,,,,,,
95,PT03M50.00S,2025-12-16T00:58:49.0Z,1,REGULAR,substitution,out,[],1631323,,,1610612761,17,13,2025-12-16T00:59:09Z,950000,False,,,0,,SUB out: S. Fontecchio,[1631323],1610612748.0,MIA,,,,Fontecchio,S. Fontecchio,,,,,,,,,,,,,,,,,,,,,,,,,,
96,PT03M50.00S,2025-12-16T00:58:49.0Z,1,REGULAR,substitution,out,[],1628389,,,1610612761,17,13,2025-12-16T00:59:09Z,960000,False,,,0,,SUB out: B. Adebayo,[1628389],1610612748.0,MIA,,,,Adebayo,B. Adebayo,,,,,,,,,,,,,,,,,,,,,,,,,,
97,PT03M50.00S,2025-12-16T00:58:49.0Z,1,REGULAR,substitution,out,[],1630558,,,1610612761,17,13,2025-12-16T00:59:09Z,970000,False,,,0,,SUB out: D. Mitchell,[1630558],1610612748.0,MIA,,,,Mitchell,D. Mitchell,,,,,,,,,,,,,,,,,,,,,,,,,,
98,PT03M50.00S,2025-12-16T00:58:49.0Z,1,REGULAR,substitution,in,[],1630696,,,1610612761,17,13,2025-12-16T00:59:09Z,980000,False,,,0,,SUB in: D. Smith,[1630696],1610612748.0,MIA,,,,Smith,D. Smith,,,,,,,,,,,,,,,,,,,,,,,,,,
99,PT03M50.00S,2025-12-16T00:58:49.0Z,1,REGULAR,substitution,in,[],1642276,,,1610612761,17,13,2025-12-16T00:59:09Z,990000,False,,,0,,SUB in: K. Ware,[1642276],1610612748.0,MIA,,,,Ware,K. Ware,,,,,,,,,,,,,,,,,,,,,,,,,,
100,PT03M50.00S,2025-12-16T00:58:49.0Z,1,REGULAR,substitution,in,[],1631107,,,1610612761,17,13,2025-12-16T00:59:09Z,1000000,False,,,0,,SUB in: N. Jović,[1631107],1610612748.0,MIA,,,,Jović,N. Jović,,,,,,,,,,,,,,,,,,,,,,,,,,
101,PT03M40.00S,2025-12-16T00:59:15.7Z,1,REGULAR,turnover,bad pass,[],1642347,,,1610612761,17,13,2025-12-16T00:59:22Z,1010000,False,,,0,,J. Shead bad pass TURNOVER (1 TO),"[1642347, 1631170]",1610612761.0,TOR,,,,Shead,J. Shead,,,,,Above the Break 3,24+ Right Center,,,,,,,1.0,Jaquez Jr.,1631170.0,,,,,,,,,,,
102,PT03M40.00S,2025-12-16T00:59:15.7Z,1,REGULAR,steal,,[],1631170,,,1610612748,17,13,2025-12-16T00:59:18Z,1020000,False,,,0,,J. Jaquez Jr. STEAL (1 STL),[1631170],1610612748.0,MIA,,,,Jaquez Jr.,J. Jaquez Jr.,,,,,Above the Break 3,24+ Right Center,,,,,,,,,,,,,,,,,,,,
103,PT03M38.00S,2025-12-16T00:59:23.2Z,1,REGULAR,foul,personal,['2freethrow'],1642867,,,1610612748,17,13,2025-12-16T01:04:11Z,1030000,False,,,0,,C. Murray-Boyles shooting personal FOUL (1 PF) (Jović 2 FT),"[1642867, 1631107]",1610612761.0,TOR,shooting,,,Murray-Boyles,C. Murray-Boyles,,,,,Restricted Area,0-8 Center,,,,,,,,,,,,,,201246.0,1.0,0.0,Jović,1631107.0,,
126,PT03M38.00S,2025-12-16T00:59:26.9Z,1,REGULAR,substitution,out,[],1631107,,,1610612748,17,13,2025-12-16T01:06:04Z,1041250,False,,,0,,SUB out: N. Jović,[1631107],1610612748.0,MIA,,,,Jović,N. Jović,,,,,,,,,,,,,,,,,,,,,,,,,,
127,PT03M38.00S,2025-12-16T00:59:26.9Z,1,REGULAR,substitution,in,[],1642352,,,1610612748,17,13,2025-12-16T01:06:04Z,1041875,False,,,0,,SUB in: K. Johnson,[1642352],1610612748.0,MIA,,,,Johnson,K. Johnson,,,,,,,,,,,,,,,,,,,,,,,,,,
113,PT03M38.00S,2025-12-16T00:59:30.7Z,1,REGULAR,freethrow,1 of 2,"['fromturnover', 'fastbreak']",1642352,,,1610612748,18,13,2025-12-16T01:05:55Z,1042500,False,,,0,,K. Johnson Free Throw 1 of 2 (1 PTS),[1642352],1610612748.0,MIA,,,,Johnson,K. Johnson,,,,,,,,Made,,,,,,,,1.0,,,,,,,,,,
114,PT03M38.00S,2025-12-16T00:59:30.7Z,1,REGULAR,freethrow,2 of 2,"['fromturnover', 'fastbreak']",1642352,,,1610612748,19,13,2025-12-16T01:05:55Z,1043750,False,,,0,,K. Johnson Free Throw 2 of 2 (2 PTS),[1642352],1610612748.0,MIA,,,,Johnson,K. Johnson,,,,,,,,Made,,,,,,,,2.0,,,,,,,,,,
106,PT03M38.00S,2025-12-16T00:59:59.6Z,1,REGULAR,timeout,full,"['team', 'mandatory']",0,,,1610612761,19,13,2025-12-16T01:04:55Z,1060000,False,,,0,,MIA Timeout,[],1610612748.0,MIA,,,,,,,,,,,,,,,,,,,,,,,,,,,,,,,
110,PT03M38.00S,2025-12-16T01:04:30.9Z,1,REGULAR,substitution,out,[],203952,,,1610612761,19,13,2025-12-16T01:04:55Z,1080000,False,,,0,,SUB out: A. Wiggins,[203952],1610612748.0,MIA,,,,Wiggins,A. Wiggins,,,,,,,,,,,,,,,,,,,,,,,,,,
111,PT03M38.00S,2025-12-16T01:04:30.9Z,1,REGULAR,substitution,in,[],1626181,,,1610612761,19,13,2025-12-16T01:04:55Z,1090000,False,,,0,,SUB in: N. Powell,[1626181],1610612748.0,MIA,,,,Powell,N. Powell,,,,,,,,,,,,,,,,,,,,,,,,,,
112,PT03M23.00S,2025-12-16T01:04:46.2Z,1,REGULAR,2pt,Jump Shot,[],1627742,19.92444152431012,30.88235294117647,1610612761,19,15,2025-12-16T01:06:49Z,1100000,False,96.0,135.0,1,left,B. Ingram 16' turnaround fadeaway Jump Shot (12 PTS),[1627742],1610612761.0,TOR,turnaround fadeaway,,,Ingram,B. Ingram,,,,,Mid-Range,16-24 Right Center,16.53,Made,,,,,,,,12.0,,,,,,,,,,
115,PT03M14.00S,2025-12-16T01:04:56.6Z,1,REGULAR,turnover,out-of-bounds,[],1631170,,,1610612748,19,15,2025-12-16T01:09:45Z,1110000,False,,,0,,J. Jaquez Jr. lost ball out-of-bounds TURNOVER (2 TO),[1631170],1610612748.0,MIA,lost ball,,,Jaquez Jr.,J. Jaquez Jr.,,,,,Above the Break 3,24+ Left,,,,,,,2.0,,,,,,,202026.0,,,,,,
116,PT03M03.00S,2025-12-16T01:05:11.5Z,1,REGULAR,3pt,Jump Shot,['fromturnover'],1630572,31.882391590013142,46.568627450980394,1610612761,19,15,2025-12-16T01:05:18Z,1120000,False,17.0,247.0,1,left,MISS S. Mamukelashvili 24' 3PT,[1630572],1610612761.0,TOR,,,,Mamukelashvili,S. Mamukelashvili,,,,,Above the Break 3,24+ Center,24.78,Missed,,,,,,,,,,,,,,,,,,
117,PT02M58.00S,2025-12-16T01:05:16.2Z,1,REGULAR,rebound,offensive,[],1641711,,,1610612761,19,15,2025-12-16T01:05:16Z,1130000,False,,,0,,G. Dick REBOUND (Off:1 Def:0),[1641711],1610612761.0,TOR,,,,Dick,G. Dick,,,,,Above the Break 3,24+ Center,,,116.0,1.0,0.0,1.0,,,,,,,,,,,,,,
118,PT02M57.00S,2025-12-16T01:05:17.7Z,1,REGULAR,3pt,Jump Shot,"['fromturnover', '2ndchance']",1642347,26.231931668856767,13.23529411764706,1610612761,19,15,2025-12-16T01:05:25Z,1140000,False,184.0,194.0,1,left,MISS J. Shead 26' 3PT,[1642347],1610612761.0,TOR,,,,Shead,J. Shead,,,,,Above the Break 3,24+ Right Center,26.73,Missed,,,,,,,,,,,,,,,,,,
119,PT02M53.00S,2025-12-16T01:05:21.7Z,1,REGULAR,rebound,defensive,[],1642276,,,1610612748,19,15,2025-12-16T01:05:25Z,1150000,False,,,0,,K. Ware REBOUND (Off:0 Def:1),[1642276],1610612748.0,MIA,,,,Ware,K. Ware,,,,,Above the Break 3,24+ Right Center,,,118.0,1.0,1.0,0.0,,,,,,,,,,,,,,
120,PT02M45.00S,2025-12-16T01:05:29.4Z,1,REGULAR,turnover,lost ball,[],1626181,,,1610612748,19,15,2025-12-16T01:05:34Z,1160000,False,,,0,,N. Powell lost ball TURNOVER (1 TO),"[1626181, 1641711]",1610612748.0,MIA,,,,Powell,N. Powell,,,,,Mid-Range,8-16 Center,,,,,,,1.0,Dick,1641711.0,,,,,,,,,,,
121,PT02M45.00S,2025-12-16T01:05:29.4Z,1,REGULAR,steal,,[],1641711,,,1610612761,19,15,2025-12-16T01:05:31Z,1170000,False,,,0,,G. Dick STEAL (1 STL),[1641711],1610612761.0,TOR,,,,Dick,G. Dick,,,,,Mid-Range,8-16 Center,,,,,,,,,,,,,,,,,,,,
122,PT02M42.00S,2025-12-16T01:05:33.4Z,1,REGULAR,2pt,Layup,"['pointsinthepaint', 'fromturnover', 'fastbreak']",1641711,5.338370565045992,46.07843137254902,1610612761,19,17,2025-12-16T01:05:40Z,1180000,False,20.0,-2.0,1,left,G. Dick running Layup (2 PTS) (J. Shead 1 AST),"[1641711, 1642347]",1610612761.0,TOR,running,,,Dick,G. Dick,,,,,Restricted Area,0-8 Center,1.97,Made,,,,,,,,2.0,J. Shead,1642347.0,1.0,,,,,,,
124,PT02M42.00S,2025-12-16T01:05:42.2Z,1,REGULAR,foul,personal,['1freethrow'],1630696,,,1610612761,19,17,2025-12-16T01:05:52Z,1200000,False,,,0,,D. Smith shooting personal FOUL (1 PF) (Dick 1 FT),"[1630696, 1641711]",1610612748.0,MIA,shooting,,,Smith,D. Smith,,,,,Restricted Area,0-8 Center,,,,,,,,,,,,,,201246.0,1.0,0.0,Dick,1641711.0,,
128,PT02M42.00S,2025-12-16T01:06:05.7Z,1,REGULAR,freethrow,1 of 1,"['fromturnover', 'fastbreak']",1641711,,,1610612761,19,17,2025-12-16T01:06:08Z,1220000,False,,,0,,MISS G. Dick Free Throw 1 of 1,[1641711],1610612761.0,TOR,,,,Dick,G. Dick,,,,,,,,Missed,,,,,,,,,,,,,,,,,,
129,PT02M42.00S,2025-12-16T01:06:05.7Z,1,REGULAR,rebound,defensive,[],1642276,,,1610612748,19,17,2025-12-16T01:06:08Z,1230000,False,,,0,,K. Ware REBOUND (Off:0 Def:2),[1642276],1610612748.0,MIA,,,,Ware,K. Ware,,,,,,,,,128.0,2.0,2.0,0.0,,,,,,,,,,,,,,
130,PT02M29.00S,2025-12-16T01:06:18.3Z,1,REGULAR,3pt,Jump Shot,[],1631170,94.95729303547962,4.6568627450980395,1610612748,19,17,2025-12-16T01:06:23Z,1240000,False,-227.0,-5.0,1,right,MISS J. Jaquez Jr. 3PT,[1631170],1610612748.0,MIA,,,,Jaquez Jr.,J. Jaquez Jr.,,,,,Left Corner 3,24+ Left,22.68,Missed,,,,,,,,,,,,,,,,,,
131,PT02M25.00S,2025-12-16T01:06:22.3Z,1,REGULAR,rebound,offensive,[],1630696,,,1610612748,19,17,2025-12-16T01:06:23Z,1250000,False,,,0,,D. Smith REBOUND (Off:1 Def:0),[1630696],1610612748.0,MIA,,,,Smith,D. Smith,,,,,Left Corner 3,24+ Left,,,130.0,1.0,0.0,1.0,,,,,,,,,,,,,,
132,PT02M16.00S,2025-12-16T01:06:31.6Z,1,REGULAR,2pt,Hook,"['pointsinthepaint', '2ndchance']",1630696,93.77463863337714,61.029411764705884,1610612748,21,17,2025-12-16T01:12:48Z,1260000,False,55.0,6.0,1,right,D. Smith driving bank Hook (2 PTS) (N. Powell 1 AST),"[1630696, 1626181]",1610612748.0,MIA,driving bank,,,Smith,D. Smith,,,,,In The Paint (Non-RA),0-8 Center,5.54,Made,,,,,,,,2.0,N. Powell,1626181.0,1.0,,,,,,,
134,PT01M52.00S,2025-12-16T01:06:54.3Z,1,REGULAR,2pt,Jump Shot,['pointsinthepaint'],1641711,16.90210249671485,57.107843137254896,1610612761,21,17,2025-12-16T01:07:01Z,1280000,False,-36.0,106.0,1,left,MISS G. Dick 11' driving floating Shot,[1641711],1610612761.0,TOR,driving floating,,,Dick,G. Dick,,,,,In The Paint (Non-RA),8-16 Center,11.22,Missed,,,,,,,,,,,,,,,,,,
135,PT01M48.00S,2025-12-16T01:06:58.3Z,1,REGULAR,rebound,defensive,[],1642276,,,1610612748,21,17,2025-12-16T01:07:01Z,1290000,False,,,0,,K. Ware REBOUND (Off:0 Def:3),[1642276],1610612748.0,MIA,,,,Ware,K. Ware,,,,,In The Paint (Non-RA),8-16 Center,,,134.0,3.0,3.0,0.0,,,,,,,,,,,,,,
137,PT01M46.00S,2025-12-16T01:07:00.9Z,1,REGULAR,turnover,bad pass,[],1642276,,,1610612748,21,17,2025-12-16T01:07:06Z,1310000,False,,,0,,K. Ware bad pass TURNOVER (1 TO),"[1642276, 1641711]",1610612748.0,MIA,,,,Ware,K. Ware,,,,,In The Paint (Non-RA),8-16 Center,,,,,,,1.0,Dick,1641711.0,,,,,,,,,,,
138,PT01M46.00S,2025-12-16T01:07:00.9Z,1,REGULAR,steal,,[],1641711,,,1610612761,21,17,2025-12-16T01:07:04Z,1320000,False,,,0,,G. Dick STEAL (2 STL),[1641711],1610612761.0,TOR,,,,Dick,G. Dick,,,,,In The Paint (Non-RA),8-16 Center,,,,,,,,,,,,,,,,,,,,
139,PT01M40.00S,2025-12-16T01:07:06.5Z,1,REGULAR,3pt,Jump Shot,['fromturnover'],1630572,19.267411300919843,5.88235294117647,1610612761,21,20,2025-12-16T01:07:16Z,1330000,False,221.0,129.0,1,left,S. Mamukelashvili 25' 3PT  (3 PTS) (J. Shead 2 AST),"[1630572, 1642347]",1610612761.0,TOR,,,,Mamukelashvili,S. Mamukelashvili,,,,,Above the Break 3,24+ Right Center,25.53,Made,,,,,,,,3.0,J. Shead,1642347.0,2.0,,,,,,,
141,PT01M21.00S,2025-12-16T01:07:25.4Z,1,REGULAR,turnover,bad pass,[],1642276,,,1610612748,21,20,2025-12-16T01:07:33Z,1350000,False,,,0,,K. Ware bad pass TURNOVER (2 TO),"[1642276, 1630572]",1610612748.0,MIA,,,,Ware,K. Ware,,,,,In The Paint (Non-RA),8-16 Center,,,,,,,2.0,Mamukelashvili,1630572.0,,,,,,,,,,,
142,PT01M21.00S,2025-12-16T01:07:25.4Z,1,REGULAR,steal,,[],1630572,,,1610612761,21,20,2025-12-16T01:17:43Z,1360000,False,,,0,,S. Mamukelashvili STEAL (1 STL),[1630572],1610612761.0,TOR,,,,Mamukelashvili,S. Mamukelashvili,,,,,In The Paint (Non-RA),8-16 Center,,,,,,,,,,,,,,,,,,,,
143,PT01M10.00S,2025-12-16T01:07:37.0Z,1,REGULAR,2pt,Jump Shot,['fromturnover'],1627742,23.078186596583443,74.01960784313727,1610612761,21,20,2025-12-16T01:07:44Z,1370000,False,-120.0,164.0,1,left,MISS B. Ingram 20' step back Shot,[1627742],1610612761.0,TOR,step back,,,Ingram,B. Ingram,,,,,Mid-Range,16-24 Left Center,20.36,Missed,,,,,,,,,,,,,,,,,,
144,PT01M06.00S,2025-12-16T01:07:41.0Z,1,REGULAR,rebound,defensive,[],1642276,,,1610612748,21,20,2025-12-16T01:07:44Z,1380000,False,,,0,,K. Ware REBOUND (Off:0 Def:4),[1642276],1610612748.0,MIA,,,,Ware,K. Ware,,,,,Mid-Range,16-24 Left Center,,,143.0,4.0,4.0,0.0,,,,,,,,,,,,,,
145,PT00M55.40S,2025-12-16T01:07:53.9Z,1,REGULAR,foul,personal,['2freethrow'],1642867,,,1610612748,21,20,2025-12-16T01:08:08Z,1390000,False,,,0,,C. Murray-Boyles shooting personal FOUL (2 PF) (Powell 2 FT),"[1642867, 1626181]",1610612761.0,TOR,shooting,,,Murray-Boyles,C. Murray-Boyles,,,,,Mid-Range,16-24 Left Center,,,,,,,,,,,,,,1627964.0,2.0,0.0,Powell,1626181.0,,
147,PT00M55.40S,2025-12-16T01:08:39.2Z,1,REGULAR,freethrow,1 of 2,[],1626181,,,1610612748,22,20,2025-12-16T01:09:06Z,1410000,False,,,0,,N. Powell Free Throw 1 of 2 (1 PTS),[1626181],1610612748.0,MIA,,,,Powell,N. Powell,,,,,,,,Made,,,,,,,,1.0,,,,,,,,,,
148,PT00M55.40S,2025-12-16T01:08:40.6Z,1,REGULAR,substitution,out,[],1642867,,,1610612748,22,20,2025-12-16T01:08:43Z,1420000,False,,,0,,SUB out: C. Murray-Boyles,[1642867],1610612761.0,TOR,,,,Murray-Boyles,C. Murray-Boyles,,,,,,,,,,,,,,,,,,,,,,,,,,
149,PT00M55.40S,2025-12-16T01:08:40.6Z,1,REGULAR,substitution,in,[],1630567,,,1610612748,22,20,2025-12-16T01:08:43Z,1430000,False,,,0,,SUB in: S. Barnes,[1630567],1610612761.0,TOR,,,,Barnes,S. Barnes,,,,,,,,,,,,,,,,,,,,,,,,,,
150,PT00M55.40S,2025-12-16T01:08:39.2Z,1,REGULAR,freethrow,2 of 2,[],1626181,,,1610612748,22,20,2025-12-16T01:09:06Z,1440000,False,,,0,,MISS N. Powell Free Throw 2 of 2,[1626181],1610612748.0,MIA,,,,Powell,N. Powell,,,,,,,,Missed,,,,,,,,,,,,,,,,,,
151,PT00M53.70S,2025-12-16T01:08:40.9Z,1,REGULAR,rebound,defensive,[],1630572,,,1610612761,22,20,2025-12-16T01:09:06Z,1450000,False,,,0,,S. Mamukelashvili REBOUND (Off:0 Def:2),[1630572],1610612761.0,TOR,,,,Mamukelashvili,S. Mamukelashvili,,,,,,,,,150.0,2.0,2.0,0.0,,,,,,,,,,,,,,
152,PT00M42.40S,2025-12-16T01:09:15.0Z,1,REGULAR,3pt,Jump Shot,[],1630572,31.61957950065703,43.13725490196079,1610612761,22,20,2025-12-16T01:09:20Z,1460000,False,34.0,245.0,1,left,MISS S. Mamukelashvili 24' 3PT,[1630572],1610612761.0,TOR,,,,Mamukelashvili,S. Mamukelashvili,,,,,Above the Break 3,24+ Center,24.71,Missed,,,,,,,,,,,,,,,,,,
153,PT00M39.30S,2025-12-16T01:09:18.1Z,1,REGULAR,rebound,defensive,[],1631170,,,1610612748,22,20,2025-12-16T01:09:20Z,1470000,False,,,0,,J. Jaquez Jr. REBOUND (Off:0 Def:1),[1631170],1610612748.0,MIA,,,,Jaquez Jr.,J. Jaquez Jr.,,,,,Above the Break 3,24+ Center,,,152.0,1.0,1.0,0.0,,,,,,,,,,,,,,
154,PT00M24.30S,2025-12-16T01:09:33.1Z,1,REGULAR,3pt,Jump Shot,[],1642352,69.46452036793693,26.715686274509803,1610612748,22,20,2025-12-16T01:09:38Z,1480000,False,-116.0,235.0,1,right,MISS K. Johnson 26' 3PT,[1642352],1610612748.0,MIA,,,,Johnson,K. Johnson,,,,,Above the Break 3,24+ Left Center,26.18,Missed,,,,,,,,,,,,,,,,,,
155,PT00M20.80S,2025-12-16T01:09:36.8Z,1,REGULAR,rebound,defensive,[],1627742,,,1610612761,22,20,2025-12-16T01:09:36Z,1490000,False,,,0,,B. Ingram REBOUND (Off:0 Def:1),[1627742],1610612761.0,TOR,,,,Ingram,B. Ingram,,,,,Above the Break 3,24+ Left Center,,,154.0,1.0,1.0,0.0,,,,,,,,,,,,,,
156,PT00M01.00S,2025-12-16T01:09:56.5Z,1,REGULAR,3pt,Jump Shot,[],1641711,8.754927726675426,4.411764705882353,1610612761,22,23,2025-12-16T01:10:02Z,1500000,False,228.0,30.0,1,left,G. Dick 3PT  (5 PTS) (J. Shead 3 AST),"[1641711, 1642347]",1610612761.0,TOR,,,,Dick,G. Dick,,,,,Right Corner 3,24+ Right,22.98,Made,,,,,,,,5.0,J. Shead,1642347.0,3.0,,,,,,,
158,PT00M00.00S,2025-12-16T01:10:06.3Z,1,REGULAR,period,end,[],0,,,1610612748,22,23,2025-12-16T01:10:06Z,1520000,False,,,0,,Period End,[],,,,,,,,,,,,,,,,,,,,,,,,,,,,,,,,,
160,PT12M00.00S,2025-12-16T01:12:22.9Z,2,REGULAR,substitution,out,['startperiod'],1627742,,,1610612748,22,23,2025-12-16T01:12:49Z,1530000,False,,,0,,SUB out: B. Ingram,[1627742],1610612761.0,TOR,,,,Ingram,B. Ingram,,,,,,,,,,,,,,,,,,,,,,,,,,
161,PT12M00.00S,2025-12-16T01:12:22.9Z,2,REGULAR,substitution,out,['startperiod'],1642347,,,1610612748,22,23,2025-12-16T01:12:49Z,1540000,False,,,0,,SUB out: J. Shead,[1642347],1610612761.0,TOR,,,,Shead,J. Shead,,,,,,,,,,,,,,,,,,,,,,,,,,
162,PT12M00.00S,2025-12-16T01:12:22.9Z,2,REGULAR,substitution,out,['startperiod'],1630572,,,1610612748,22,23,2025-12-16T01:12:49Z,1550000,False,,,0,,SUB out: S. Mamukelashvili,[1630572],1610612761.0,TOR,,,,Mamukelashvili,S. Mamukelashvili,,,,,,,,,,,,,,,,,,,,,,,,,,
163,PT12M00.00S,2025-12-16T01:12:22.9Z,2,REGULAR,substitution,in,['startperiod'],1630193,,,1610612748,22,23,2025-12-16T01:12:49Z,1560000,False,,,0,,SUB in: I. Quickley,[1630193],1610612761.0,TOR,,,,Quickley,I. Quickley,,,,,,,,,,,,,,,,,,,,,,,,,,
164,PT12M00.00S,2025-12-16T01:12:22.9Z,2,REGULAR,substitution,in,['startperiod'],1627751,,,1610612748,22,23,2025-12-16T01:12:49Z,1570000,False,,,0,,SUB in: J. Poeltl,[1627751],1610612761.0,TOR,,,,Poeltl,J. Poeltl,,,,,,,,,,,,,,,,,,,,,,,,,,
165,PT12M00.00S,2025-12-16T01:12:22.9Z,2,REGULAR,substitution,in,['startperiod'],1642266,,,1610612748,22,23,2025-12-16T01:12:49Z,1580000,False,,,0,,SUB in: J. Walter,[1642266],1610612761.0,TOR,,,,Walter,J. Walter,,,,,,,,,,,,,,,,,,,,,,,,,,
166,PT12M00.00S,2025-12-16T01:12:48.9Z,2,REGULAR,period,start,[],0,,,1610612761,22,23,2025-12-16T01:12:50Z,1590000,False,,,0,,Period Start,[],,,,,,,,,,,,,,,,,,,,,,,,,,,,,,,,,
167,PT11M43.00S,2025-12-16T01:13:05.7Z,2,REGULAR,2pt,Jump Shot,['pointsinthepaint'],1630193,19.136005256241788,50.0,1610612761,22,25,2025-12-16T01:13:13Z,1600000,False,0.0,127.0,1,left,I. Quickley 12' driving floating Jump Shot (5 PTS) (J. Poeltl 2 AST),"[1630193, 1627751]",1610612761.0,TOR,driving floating,,,Quickley,I. Quickley,,,,,In The Paint (Non-RA),8-16 Center,12.74,Made,,,,,,,,5.0,J. Poeltl,1627751.0,2.0,,,,,,,
168,PT11M43.00S,2025-12-16T01:13:14.2Z,2,REGULAR,foul,personal,['1freethrow'],1630696,,,1610612761,22,25,2025-12-16T01:13:25Z,1610000,False,,,0,,D. Smith shooting personal FOUL (2 PF) (Quickley 1 FT),"[1630696, 1630193]",1610612748.0,MIA,shooting,,,Smith,D. Smith,,,,,In The Paint (Non-RA),8-16 Center,,,,,,,,,,,,,,201246.0,2.0,0.0,Quickley,1630193.0,,
170,PT11M43.00S,2025-12-16T01:13:34.1Z,2,REGULAR,freethrow,1 of 1,[],1630193,,,1610612761,22,25,2025-12-16T01:13:38Z,1630000,False,,,0,,MISS I. Quickley Free Throw 1 of 1,[1630193],1610612761.0,TOR,,,,Quickley,I. Quickley,,,,,,,,Missed,,,,,,,,,,,,,,,,,,
171,PT11M40.00S,2025-12-16T01:13:37.1Z,2,REGULAR,rebound,defensive,[],1642276,,,1610612748,22,25,2025-12-16T01:13:38Z,1640000,False,,,0,,K. Ware REBOUND (Off:0 Def:5),[1642276],1610612748.0,MIA,,,,Ware,K. Ware,,,,,,,,,170.0,5.0,5.0,0.0,,,,,,,,,,,,,,
173,PT11M27.00S,2025-12-16T01:13:49.0Z,2,REGULAR,2pt,DUNK,['pointsinthepaint'],1642276,93.38042049934296,48.28431372549019,1610612748,24,25,2025-12-16T01:13:53Z,1650000,False,-9.0,10.0,1,right,K. Ware cutting DUNK (2 PTS) (N. Powell 2 AST),"[1642276, 1626181]",1610612748.0,MIA,cutting,,,Ware,K. Ware,,,,,Restricted Area,0-8 Center,1.3,Made,,,,,,,,2.0,N. Powell,1626181.0,2.0,,,,,,,
175,PT11M19.00S,2025-12-16T01:13:56.9Z,2,REGULAR,turnover,bad pass,[],1630193,,,1610612761,24,25,2025-12-16T01:14:01Z,1670000,False,,,0,,I. Quickley bad pass TURNOVER (1 TO),"[1630193, 1642352]",1610612761.0,TOR,,,,Quickley,I. Quickley,,,,,In The Paint (Non-RA),8-16 Center,,,,,,,1.0,Johnson,1642352.0,,,,,,,,,,,
176,PT11M19.00S,2025-12-16T01:13:56.9Z,2,REGULAR,steal,,[],1642352,,,1610612748,24,25,2025-12-16T01:13:59Z,1680000,False,,,0,,K. Johnson STEAL (1 STL),[1642352],1610612748.0,MIA,,,,Johnson,K. Johnson,,,,,In The Paint (Non-RA),8-16 Center,,,,,,,,,,,,,,,,,,,,
177,PT11M12.00S,2025-12-16T01:14:04.3Z,2,REGULAR,3pt,Jump Shot,['fromturnover'],1626181,67.23061760840999,30.14705882352941,1610612748,27,25,2025-12-16T01:14:09Z,1690000,False,-99.0,256.0,1,right,N. Powell 27' 3PT  (4 PTS) (J. Jaquez Jr. 2 AST),"[1626181, 1631170]",1610612748.0,MIA,,,,Powell,N. Powell,,,,,Above the Break 3,24+ Left Center,27.41,Made,,,,,,,,4.0,J. Jaquez Jr.,1631170.0,2.0,,,,,,,
179,PT10M49.00S,2025-12-16T01:14:27.5Z,2,REGULAR,2pt,Layup,['pointsinthepaint'],1630567,12.302890932982917,43.627450980392155,1610612761,27,25,2025-12-16T01:22:06Z,1710000,False,32.0,63.0,1,left,MISS S. Barnes 7' driving finger roll Layup,[1630567],1610612761.0,TOR,driving finger roll,,,Barnes,S. Barnes,,,,,In The Paint (Non-RA),0-8 Center,7.07,Missed,,,,,,,,,,,,,,,,,,
180,PT10M48.00S,2025-12-16T01:14:28.5Z,2,REGULAR,rebound,offensive,[],1630567,,,1610612761,27,25,2025-12-16T01:22:06Z,1720000,False,,,0,,S. Barnes REBOUND (Off:1 Def:0),[1630567],1610612761.0,TOR,,,,Barnes,S. Barnes,,,,,In The Paint (Non-RA),0-8 Center,,,179.0,1.0,0.0,1.0,,,,,,,,,,,,,,
213,PT10M47.00S,2025-12-16T01:14:31.9Z,2,REGULAR,2pt,Layup,"['pointsinthepaint', '2ndchance']",1630567,8.229303547963205,46.32352941176471,1610612761,27,25,2025-12-16T01:22:23Z,1725000,False,18.0,25.0,1,left,MISS S. Barnes tip Layup,[1630567],1610612761.0,TOR,tip,,,Barnes,S. Barnes,,,,,Restricted Area,0-8 Center,3.1,Missed,,,,,,,,,,,,,,,,,,
214,PT10M46.00S,2025-12-16T01:14:32.9Z,2,REGULAR,rebound,defensive,[],1630696,,,1610612748,27,25,2025-12-16T01:22:23Z,1727500,False,,,0,,D. Smith REBOUND (Off:1 Def:1),[1630696],1610612748.0,MIA,,,,Smith,D. Smith,,,,,Restricted Area,0-8 Center,,,213.0,2.0,1.0,1.0,,,,,,,,,,,,,,
181,PT10M41.00S,2025-12-16T01:14:36.4Z,2,REGULAR,foul,personal,['3freethrow'],1641711,,,1610612748,27,25,2025-12-16T01:14:46Z,1730000,False,,,0,,G. Dick shooting personal FOUL (1 PF) (Powell 3 FT),"[1641711, 1626181]",1610612761.0,TOR,shooting,,,Dick,G. Dick,,,,,Above the Break 3,24+ Left Center,,,,,,,,,,,,,,1627964.0,1.0,0.0,Powell,1626181.0,,
183,PT10M41.00S,2025-12-16T01:15:02.0Z,2,REGULAR,freethrow,1 of 3,['fastbreak'],1626181,,,1610612748,27,25,2025-12-16T01:23:07Z,1750000,False,,,0,,MISS N. Powell Free Throw 1 of 3,[1626181],1610612748.0,MIA,,,,Powell,N. Powell,,,,,,,,Missed,,,,,,,,,,,,,,,,,,
184,PT10M41.00S,2025-12-16T01:15:02.0Z,2,REGULAR,rebound,offensive,"['team', 'deadball']",0,,,1610612748,27,25,2025-12-16T01:23:07Z,1760000,False,,,0,,TEAM offensive REBOUND,[],1610612748.0,MIA,,,,,,,,,,,,,,183.0,,,,,,,,,,,,,,,,,
185,PT10M41.00S,2025-12-16T01:15:02.0Z,2,REGULAR,freethrow,2 of 3,['fastbreak'],1626181,,,1610612748,28,25,2025-12-16T01:23:07Z,1770000,False,,,0,,N. Powell Free Throw 2 of 3 (5 PTS),[1626181],1610612748.0,MIA,,,,Powell,N. Powell,,,,,,,,Made,,,,,,,,5.0,,,,,,,,,,
186,PT10M41.00S,2025-12-16T01:15:02.0Z,2,REGULAR,freethrow,3 of 3,['fastbreak'],1626181,,,1610612748,29,25,2025-12-16T01:23:07Z,1780000,False,,,0,,N. Powell Free Throw 3 of 3 (6 PTS),[1626181],1610612748.0,MIA,,,,Powell,N. Powell,,,,,,,,Made,,,,,,,,6.0,,,,,,,,,,
187,PT10M26.00S,2025-12-16T01:15:50.7Z,2,REGULAR,turnover,lost ball,[],1627751,,,1610612761,29,25,2025-12-16T01:15:56Z,1790000,False,,,0,,J. Poeltl lost ball TURNOVER (2 TO),"[1627751, 1631170]",1610612761.0,TOR,,,,Poeltl,J. Poeltl,,,,,Restricted Area,0-8 Center,,,,,,,2.0,Jaquez Jr.,1631170.0,,,,,,,,,,,
188,PT10M26.00S,2025-12-16T01:15:50.7Z,2,REGULAR,steal,,[],1631170,,,1610612748,29,25,2025-12-16T01:15:52Z,1800000,False,,,0,,J. Jaquez Jr. STEAL (2 STL),[1631170],1610612748.0,MIA,,,,Jaquez Jr.,J. Jaquez Jr.,,,,,Restricted Area,0-8 Center,,,,,,,,,,,,,,,,,,,,
189,PT10M22.00S,2025-12-16T01:15:56.6Z,2,REGULAR,foul,offensive,[],1631170,,,1610612748,29,25,2025-12-16T01:16:05Z,1810000,False,,,0,,J. Jaquez Jr. charge offensive FOUL (1 PF),"[1631170, 1642266]",1610612748.0,MIA,charge,,,Jaquez Jr.,J. Jaquez Jr.,,,,,In The Paint (Non-RA),0-8 Center,,,,,,,,,,,,,,202026.0,1.0,0.0,Walter,1642266.0,,
191,PT10M22.00S,2025-12-16T01:15:56.6Z,2,REGULAR,turnover,offensive foul,[],1631170,,,1610612748,29,25,2025-12-16T01:15:56Z,1830000,False,,,0,,J. Jaquez Jr. offensive foul TURNOVER (3 TO),[1631170],1610612748.0,MIA,,,,Jaquez Jr.,J. Jaquez Jr.,,,,,In The Paint (Non-RA),0-8 Center,,,,,,,3.0,,,,,,,202026.0,,,,,,
192,PT10M10.00S,2025-12-16T01:16:20.5Z,2,REGULAR,3pt,Jump Shot,['fromturnover'],1642266,31.882391590013142,44.11764705882353,1610612761,29,25,2025-12-16T01:16:25Z,1840000,False,29.0,247.0,1,left,MISS J. Walter 24' 3PT,[1642266],1610612761.0,TOR,,,,Walter,J. Walter,,,,,Above the Break 3,24+ Center,24.89,Missed,,,,,,,,,,,,,,,,,,
193,PT10M06.00S,2025-12-16T01:16:24.5Z,2,REGULAR,rebound,defensive,[],1626181,,,1610612748,29,25,2025-12-16T01:16:25Z,1850000,False,,,0,,N. Powell REBOUND (Off:0 Def:1),[1626181],1610612748.0,MIA,,,,Powell,N. Powell,,,,,Above the Break 3,24+ Center,,,192.0,1.0,1.0,0.0,,,,,,,,,,,,,,
194,PT09M57.00S,2025-12-16T01:16:33.6Z,2,REGULAR,3pt,Jump Shot,[],1630696,94.69448094612353,96.07843137254902,1610612748,29,25,2025-12-16T01:16:38Z,1860000,False,230.0,-3.0,1,right,MISS D. Smith 3PT,[1630696],1610612748.0,MIA,,,,Smith,D. Smith,,,,,Right Corner 3,24+ Right,23.04,Missed,,,,,,,,,,,,,,,,,,
195,PT09M53.00S,2025-12-16T01:16:37.2Z,2,REGULAR,rebound,offensive,[],1642352,,,1610612748,29,25,2025-12-16T01:16:37Z,1870000,False,,,0,,K. Johnson REBOUND (Off:1 Def:0),[1642352],1610612748.0,MIA,,,,Johnson,K. Johnson,,,,,Right Corner 3,24+ Right,,,194.0,1.0,0.0,1.0,,,,,,,,,,,,,,
196,PT09M51.00S,2025-12-16T01:16:41.5Z,2,REGULAR,2pt,Jump Shot,['2ndchance'],1630696,86.94152431011827,67.40196078431373,1610612748,31,25,2025-12-16T01:16:48Z,1880000,False,87.0,70.0,1,right,D. Smith 11' driving floating Jump Shot (4 PTS),[1630696],1610612748.0,MIA,driving floating,,,Smith,D. Smith,,,,,Mid-Range,8-16 Right,11.18,Made,,,,,,,,4.0,,,,,,,,,,
197,PT09M51.00S,2025-12-16T01:16:46.4Z,2,REGULAR,foul,personal,['1freethrow'],1630193,,,1610612748,31,25,2025-12-16T01:17:06Z,1890000,False,,,0,,I. Quickley shooting personal FOUL (1 PF) (Smith 1 FT),"[1630193, 1630696]",1610612761.0,TOR,shooting,,,Quickley,I. Quickley,,,,,Mid-Range,8-16 Right,,,,,,,,,,,,,,201246.0,1.0,0.0,Smith,1630696.0,,
199,PT09M51.00S,2025-12-16T01:17:08.7Z,2,REGULAR,freethrow,1 of 1,['2ndchance'],1630696,,,1610612748,31,25,2025-12-16T01:17:15Z,1910000,False,,,0,,MISS D. Smith Free Throw 1 of 1,[1630696],1610612748.0,MIA,,,,Smith,D. Smith,,,,,,,,Missed,,,,,,,,,,,,,,,,,,
200,PT09M49.00S,2025-12-16T01:17:10.7Z,2,REGULAR,rebound,defensive,[],1630567,,,1610612761,31,25,2025-12-16T01:17:15Z,1920000,False,,,0,,S. Barnes REBOUND (Off:1 Def:1),[1630567],1610612761.0,TOR,,,,Barnes,S. Barnes,,,,,,,,,199.0,2.0,1.0,1.0,,,,,,,,,,,,,,
201,PT09M40.00S,2025-12-16T01:17:18.9Z,2,REGULAR,turnover,bad pass,[],1641711,,,1610612761,31,25,2025-12-16T01:17:23Z,1930000,False,,,0,,G. Dick bad pass TURNOVER (1 TO),"[1641711, 1642352]",1610612761.0,TOR,,,,Dick,G. Dick,,,,,In The Paint (Non-RA),0-8 Center,,,,,,,1.0,Johnson,1642352.0,,,,,,,,,,,
202,PT09M40.00S,2025-12-16T01:17:18.9Z,2,REGULAR,steal,,[],1642352,,,1610612748,31,25,2025-12-16T01:17:21Z,1940000,False,,,0,,K. Johnson STEAL (2 STL),[1642352],1610612748.0,MIA,,,,Johnson,K. Johnson,,,,,In The Paint (Non-RA),0-8 Center,,,,,,,,,,,,,,,,,,,,
203,PT09M26.00S,2025-12-16T01:17:38.9Z,2,REGULAR,foul,personal,[],1630567,,,1610612748,31,25,2025-12-16T01:18:20Z,1950000,False,,,0,,S. Barnes personal FOUL (1 PF),"[1630567, 1626181]",1610612761.0,TOR,,,,Barnes,S. Barnes,,,,,Above the Break 3,24+ Center,,,,,,,,,,,,,,202026.0,1.0,0.0,Powell,1626181.0,,
205,PT09M23.00S,2025-12-16T01:18:01.8Z,2,REGULAR,foul,personal,[],1642266,,,1610612748,31,25,2025-12-16T01:18:09Z,1970000,False,,,0,,J. Walter personal FOUL (1 PF),"[1642266, 1626181]",1610612761.0,TOR,,,,Walter,J. Walter,,,,,Mid-Range,16-24 Right Center,,,,,,,,,,,,,,1627964.0,1.0,0.0,Powell,1626181.0,,
207,PT09M14.00S,2025-12-16T01:18:34.3Z,2,REGULAR,3pt,Jump Shot,['fromturnover'],1626181,75.77201051248358,84.80392156862744,1610612748,34,25,2025-12-16T01:18:39Z,1990000,False,174.0,175.0,1,right,N. Powell 24' 3PT pullup (9 PTS) (D. Smith 1 AST),"[1626181, 1630696]",1610612748.0,MIA,pullup,,,Powell,N. Powell,,,,,Above the Break 3,24+ Right Center,24.69,Made,,,,,,,,9.0,D. Smith,1630696.0,1.0,,,,,,,
209,PT09M01.00S,2025-12-16T01:18:47.7Z,2,REGULAR,3pt,Jump Shot,[],1641711,27.283180026281208,18.137254901960784,1610612761,34,25,2025-12-16T01:18:55Z,2010000,False,159.0,204.0,1,left,MISS G. Dick 25' 3PT,[1641711],1610612761.0,TOR,,,,Dick,G. Dick,,,,,Above the Break 3,24+ Right Center,25.88,Missed,,,,,,,,,,,,,,,,,,
210,PT08M59.00S,2025-12-16T01:18:49.7Z,2,REGULAR,rebound,defensive,[],1642276,,,1610612748,34,25,2025-12-16T01:18:55Z,2020000,False,,,0,,K. Ware REBOUND (Off:0 Def:6),[1642276],1610612748.0,MIA,,,,Ware,K. Ware,,,,,Above the Break 3,24+ Right Center,,,209.0,6.0,6.0,0.0,,,,,,,,,,,,,,
211,PT08M48.00S,2025-12-16T01:19:01.4Z,2,REGULAR,2pt,Layup,[],1631170,93.51182654402102,68.87254901960785,1610612748,36,25,2025-12-16T01:19:07Z,2030000,False,94.0,8.0,1,right,J. Jaquez Jr. 9' driving Layup (6 PTS),[1631170],1610612748.0,MIA,driving,,,Jaquez Jr.,J. Jaquez Jr.,,,,,Mid-Range,8-16 Right,9.48,Made,,,,,,,,6.0,,,,,,,,,,
212,PT08M48.00S,2025-12-16T01:19:10.2Z,2,REGULAR,timeout,full,"['team', 'mandatory']",0,,,1610612761,36,25,2025-12-16T01:19:10Z,2040000,False,,,0,,TOR Timeout,[],1610612761.0,TOR,,,,,,,,,,,,,,,,,,,,,,,,,,,,,,,
215,PT08M48.00S,2025-12-16T01:21:39.4Z,2,REGULAR,substitution,out,[],1641711,,,1610612761,36,25,2025-12-16T01:22:04Z,2050000,False,,,0,,SUB out: G. Dick,[1641711],1610612761.0,TOR,,,,Dick,G. Dick,,,,,,,,,,,,,,,,,,,,,,,,,,
216,PT08M48.00S,2025-12-16T01:21:39.4Z,2,REGULAR,substitution,in,[],1642347,,,1610612761,36,25,2025-12-16T01:22:04Z,2060000,False,,,0,,SUB in: J. Shead,[1642347],1610612761.0,TOR,,,,Shead,J. Shead,,,,,,,,,,,,,,,,,,,,,,,,,,
217,PT08M37.00S,2025-12-16T01:22:12.2Z,2,REGULAR,3pt,Jump Shot,[],1630193,29.6484888304862,19.607843137254903,1610612761,36,28,2025-12-16T01:22:17Z,2070000,False,152.0,226.0,1,left,I. Quickley 27' 3PT pullup (8 PTS) (J. Shead 4 AST),"[1630193, 1642347]",1610612761.0,TOR,pullup,,,Quickley,I. Quickley,,,,,Above the Break 3,24+ Right Center,27.25,Made,,,,,,,,8.0,J. Shead,1642347.0,4.0,,,,,,,
218,PT08M19.00S,2025-12-16T01:22:30.0Z,2,REGULAR,3pt,Jump Shot,[],1642276,70.51576872536137,13.480392156862745,1610612748,36,28,2025-12-16T01:22:35Z,2080000,False,-183.0,225.0,1,right,MISS K. Ware 28' 3PT,[1642276],1610612748.0,MIA,,,,Ware,K. Ware,,,,,Above the Break 3,24+ Left Center,28.95,Missed,,,,,,,,,,,,,,,,,,
219,PT08M16.00S,2025-12-16T01:22:33.0Z,2,REGULAR,rebound,offensive,[],1630696,,,1610612748,36,28,2025-12-16T01:22:35Z,2090000,False,,,0,,D. Smith REBOUND (Off:2 Def:1),[1630696],1610612748.0,MIA,,,,Smith,D. Smith,,,,,Above the Break 3,24+ Left Center,,,218.0,3.0,1.0,2.0,,,,,,,,,,,,,,
220,PT08M14.00S,2025-12-16T01:22:37.1Z,2,REGULAR,foul,personal,"['inpenalty', '2freethrow']",1642266,,,1610612748,36,28,2025-12-16T01:22:59Z,2100000,False,,,0,,J. Walter shooting personal FOUL (2 PF) (Smith 2 FT),"[1642266, 1630696]",1610612761.0,TOR,shooting,,,Walter,J. Walter,,,,,In The Paint (Non-RA),0-8 Center,,,,,,,,,,,,,,201246.0,2.0,0.0,Smith,1630696.0,,
222,PT08M14.00S,2025-12-16T01:23:02.4Z,2,REGULAR,freethrow,1 of 2,['2ndchance'],1630696,,,1610612748,37,28,2025-12-16T01:23:02Z,2120000,False,,,0,,D. Smith Free Throw 1 of 2 (5 PTS),[1630696],1610612748.0,MIA,,,,Smith,D. Smith,,,,,,,,Made,,,,,,,,5.0,,,,,,,,,,
223,PT08M14.00S,2025-12-16T01:23:16.0Z,2,REGULAR,freethrow,2 of 2,['2ndchance'],1630696,,,1610612748,38,28,2025-12-16T01:23:16Z,2130000,False,,,0,,D. Smith Free Throw 2 of 2 (6 PTS),[1630696],1610612748.0,MIA,,,,Smith,D. Smith,,,,,,,,Made,,,,,,,,6.0,,,,,,,,,,
225,PT07M54.00S,2025-12-16T01:23:37.5Z,2,REGULAR,2pt,Jump Shot,['pointsinthepaint'],1630567,18.478975032851512,59.068627450980394,1610612761,38,30,2025-12-16T01:23:43Z,2140000,False,-45.0,121.0,1,left,S. Barnes 12' Jump Shot (2 PTS) (J. Shead 5 AST),"[1630567, 1642347]",1610612761.0,TOR,,,,Barnes,S. Barnes,,,,,In The Paint (Non-RA),8-16 Center,12.94,Made,,,,,,,,2.0,J. Shead,1642347.0,5.0,,,,,,,
227,PT07M44.00S,2025-12-16T01:23:47.5Z,2,REGULAR,2pt,Jump Shot,['pointsinthepaint'],1631170,89.96386333771353,44.6078431372549,1610612748,38,30,2025-12-16T01:27:39Z,2160000,False,-27.0,42.0,1,right,MISS J. Jaquez Jr. driving floating Shot - blocked,"[1631170, 1627751]",1610612748.0,MIA,driving floating,,,Jaquez Jr.,J. Jaquez Jr.,,,,,In The Paint (Non-RA),0-8 Center,4.98,Missed,,,,,,,,,,,,,,,,,Poeltl,1627751.0
228,PT07M44.00S,2025-12-16T01:23:47.5Z,2,REGULAR,block,,[],1627751,,,1610612748,38,30,2025-12-16T01:23:50Z,2170000,False,,,0,,J. Poeltl BLOCK (1 BLK),[1627751],1610612761.0,TOR,,,,Poeltl,J. Poeltl,,,,,In The Paint (Non-RA),0-8 Center,,,,,,,,,,,,,,,,,,,,
229,PT07M40.00S,2025-12-16T01:23:51.5Z,2,REGULAR,rebound,defensive,[],1642347,,,1610612761,38,30,2025-12-16T01:23:52Z,2180000,False,,,0,,J. Shead REBOUND (Off:0 Def:1),[1642347],1610612761.0,TOR,,,,Shead,J. Shead,,,,,In The Paint (Non-RA),0-8 Center,,,227.0,1.0,1.0,0.0,,,,,,,,,,,,,,
230,PT07M34.00S,2025-12-16T01:23:57.9Z,2,REGULAR,2pt,Layup,['pointsinthepaint'],1627751,5.075558475689881,51.9607843137255,1610612761,38,32,2025-12-16T01:24:02Z,2190000,False,-10.0,-5.0,1,left,J. Poeltl reverse Layup (2 PTS) (J. Shead 6 AST),"[1627751, 1642347]",1610612761.0,TOR,reverse,,,Poeltl,J. Poeltl,,,,,Restricted Area,0-8 Center,1.09,Made,,,,,,,,2.0,J. Shead,1642347.0,6.0,,,,,,,
238,PT07M08.00S,2025-12-16T01:24:10.9Z,2,REGULAR,turnover,lost ball,[],1626181,,,1610612748,38,32,2025-12-16T01:25:13Z,2205000,False,,,0,,N. Powell lost ball TURNOVER (2 TO),"[1626181, 1630567]",1610612748.0,MIA,,,,Powell,N. Powell,,,,,Above the Break 3,24+ Right Center,,,,,,,2.0,Barnes,1630567.0,,,,,,,,,,,
239,PT07M08.00S,2025-12-16T01:24:10.9Z,2,REGULAR,steal,,[],1630567,,,1610612761,38,32,2025-12-16T01:25:13Z,2207500,False,,,0,,S. Barnes STEAL (1 STL),[1630567],1610612761.0,TOR,,,,Barnes,S. Barnes,,,,,Above the Break 3,24+ Right Center,,,,,,,,,,,,,,,,,,,,
235,PT06M55.00S,2025-12-16T01:24:36.7Z,2,REGULAR,3pt,Jump Shot,['fromturnover'],1642347,28.465834428383708,22.794117647058822,1610612761,38,35,2025-12-16T01:25:17Z,2240000,False,136.0,215.0,1,left,J. Shead 25' 3PT  (3 PTS) (S. Barnes 1 AST),"[1642347, 1630567]",1610612761.0,TOR,,,,Shead,J. Shead,,,,,Above the Break 3,24+ Right Center,25.45,Made,,,,,,,,3.0,S. Barnes,1630567.0,1.0,,,,,,,
237,PT06M53.00S,2025-12-16T01:24:46.4Z,2,REGULAR,timeout,full,"['team', 'mandatory']",0,,,1610612748,38,35,2025-12-16T01:24:46Z,2260000,False,,,0,,MIA Timeout,[],1610612748.0,MIA,,,,,,,,,,,,,,,,,,,,,,,,,,,,,,,
240,PT06M53.00S,2025-12-16T01:27:00.2Z,2,REGULAR,substitution,out,[],1631170,,,1610612748,38,35,2025-12-16T01:27:17Z,2270000,False,,,0,,SUB out: J. Jaquez Jr.,[1631170],1610612748.0,MIA,,,,Jaquez Jr.,J. Jaquez Jr.,,,,,,,,,,,,,,,,,,,,,,,,,,
241,PT06M53.00S,2025-12-16T01:27:00.2Z,2,REGULAR,substitution,out,[],1630696,,,1610612748,38,35,2025-12-16T01:27:17Z,2280000,False,,,0,,SUB out: D. Smith,[1630696],1610612748.0,MIA,,,,Smith,D. Smith,,,,,,,,,,,,,,,,,,,,,,,,,,
242,PT06M53.00S,2025-12-16T01:27:00.2Z,2,REGULAR,substitution,out,[],1642352,,,1610612748,38,35,2025-12-16T01:27:17Z,2290000,False,,,0,,SUB out: K. Johnson,[1642352],1610612748.0,MIA,,,,Johnson,K. Johnson,,,,,,,,,,,,,,,,,,,,,,,,,,
243,PT06M53.00S,2025-12-16T01:27:00.2Z,2,REGULAR,substitution,out,[],1626181,,,1610612748,38,35,2025-12-16T01:27:17Z,2300000,False,,,0,,SUB out: N. Powell,[1626181],1610612748.0,MIA,,,,Powell,N. Powell,,,,,,,,,,,,,,,,,,,,,,,,,,
244,PT06M53.00S,2025-12-16T01:27:00.2Z,2,REGULAR,substitution,out,[],1630193,,,1610612748,38,35,2025-12-16T01:27:17Z,2310000,False,,,0,,SUB out: I. Quickley,[1630193],1610612761.0,TOR,,,,Quickley,I. Quickley,,,,,,,,,,,,,,,,,,,,,,,,,,
245,PT06M53.00S,2025-12-16T01:27:00.2Z,2,REGULAR,substitution,out,[],1627751,,,1610612748,38,35,2025-12-16T01:27:17Z,2320000,False,,,0,,SUB out: J. Poeltl,[1627751],1610612761.0,TOR,,,,Poeltl,J. Poeltl,,,,,,,,,,,,,,,,,,,,,,,,,,
246,PT06M53.00S,2025-12-16T01:27:00.2Z,2,REGULAR,substitution,in,[],1631323,,,1610612748,38,35,2025-12-16T01:27:17Z,2330000,False,,,0,,SUB in: S. Fontecchio,[1631323],1610612748.0,MIA,,,,Fontecchio,S. Fontecchio,,,,,,,,,,,,,,,,,,,,,,,,,,
247,PT06M53.00S,2025-12-16T01:27:00.2Z,2,REGULAR,substitution,in,[],203952,,,1610612748,38,35,2025-12-16T01:27:17Z,2340000,False,,,0,,SUB in: A. Wiggins,[203952],1610612748.0,MIA,,,,Wiggins,A. Wiggins,,,,,,,,,,,,,,,,,,,,,,,,,,
248,PT06M53.00S,2025-12-16T01:27:00.2Z,2,REGULAR,substitution,in,[],1630558,,,1610612748,38,35,2025-12-16T01:27:17Z,2350000,False,,,0,,SUB in: D. Mitchell,[1630558],1610612748.0,MIA,,,,Mitchell,D. Mitchell,,,,,,,,,,,,,,,,,,,,,,,,,,
249,PT06M53.00S,2025-12-16T01:27:00.2Z,2,REGULAR,substitution,in,[],1628389,,,1610612748,38,35,2025-12-16T01:27:17Z,2360000,False,,,0,,SUB in: B. Adebayo,[1628389],1610612748.0,MIA,,,,Adebayo,B. Adebayo,,,,,,,,,,,,,,,,,,,,,,,,,,
250,PT06M53.00S,2025-12-16T01:27:00.2Z,2,REGULAR,substitution,in,[],1630572,,,1610612748,38,35,2025-12-16T01:27:17Z,2370000,False,,,0,,SUB in: S. Mamukelashvili,[1630572],1610612761.0,TOR,,,,Mamukelashvili,S. Mamukelashvili,,,,,,,,,,,,,,,,,,,,,,,,,,
251,PT06M53.00S,2025-12-16T01:27:00.2Z,2,REGULAR,substitution,in,[],1627742,,,1610612748,38,35,2025-12-16T01:27:17Z,2380000,False,,,0,,SUB in: B. Ingram,[1627742],1610612761.0,TOR,,,,Ingram,B. Ingram,,,,,,,,,,,,,,,,,,,,,,,,,,
252,PT06M40.00S,2025-12-16T01:27:48.1Z,2,REGULAR,3pt,Jump Shot,[],1628389,68.54467805519053,58.08823529411765,1610612748,38,35,2025-12-16T01:27:54Z,2390000,False,40.0,243.0,1,right,MISS B. Adebayo 24' 3PT,[1628389],1610612748.0,MIA,,,,Adebayo,B. Adebayo,,,,,Above the Break 3,24+ Center,24.65,Missed,,,,,,,,,,,,,,,,,,
253,PT06M37.00S,2025-12-16T01:27:51.1Z,2,REGULAR,rebound,defensive,['team'],0,,,1610612761,38,35,2025-12-16T01:27:54Z,2400000,False,,,0,,TEAM defensive REBOUND,[],1610612761.0,TOR,,,,,,,,,,Above the Break 3,24+ Center,,,252.0,,,,,,,,,,,,,,,,,
255,PT06M24.00S,2025-12-16T01:28:06.4Z,2,REGULAR,2pt,Jump Shot,['pointsinthepaint'],1630567,11.12023653088042,64.70588235294117,1610612761,38,35,2025-12-16T01:28:11Z,2420000,False,-74.0,52.0,1,left,MISS S. Barnes 9' fadeaway Shot,[1630567],1610612761.0,TOR,fadeaway,,,Barnes,S. Barnes,,,,,In The Paint (Non-RA),8-16 Left,9.0,Missed,,,,,,,,,,,,,,,,,,
256,PT06M22.00S,2025-12-16T01:28:08.4Z,2,REGULAR,rebound,defensive,[],1642276,,,1610612748,38,35,2025-12-16T01:28:11Z,2430000,False,,,0,,K. Ware REBOUND (Off:0 Def:7),[1642276],1610612748.0,MIA,,,,Ware,K. Ware,,,,,In The Paint (Non-RA),8-16 Left,,,255.0,7.0,7.0,0.0,,,,,,,,,,,,,,
257,PT06M14.00S,2025-12-16T01:28:16.8Z,2,REGULAR,3pt,Jump Shot,[],1630558,67.23061760840999,45.09803921568628,1610612748,38,35,2025-12-16T01:28:36Z,2440000,False,-25.0,256.0,1,right,MISS D. Mitchell 25' pullup 3PT,[1630558],1610612748.0,MIA,pullup,,,Mitchell,D. Mitchell,,,,,Above the Break 3,24+ Center,25.67,Missed,,,,,,,,,,,,,,,,,,
258,PT06M11.00S,2025-12-16T01:28:19.8Z,2,REGULAR,rebound,defensive,[],1630567,,,1610612761,38,35,2025-12-16T01:28:21Z,2450000,False,,,0,,S. Barnes REBOUND (Off:1 Def:2),[1630567],1610612761.0,TOR,,,,Barnes,S. Barnes,,,,,Above the Break 3,24+ Center,,,257.0,3.0,2.0,1.0,,,,,,,,,,,,,,
259,PT06M04.00S,2025-12-16T01:28:27.3Z,2,REGULAR,3pt,Jump Shot,[],1627742,30.962549277266753,36.51960784313725,1610612761,38,38,2025-12-16T01:28:32Z,2460000,False,67.0,239.0,1,left,B. Ingram 24' 3PT  (15 PTS) (J. Walter 1 AST),"[1627742, 1642266]",1610612761.0,TOR,,,,Ingram,B. Ingram,,,,,Above the Break 3,24+ Center,24.78,Made,,,,,,,,15.0,J. Walter,1642266.0,1.0,,,,,,,
261,PT05M45.00S,2025-12-16T01:28:45.5Z,2,REGULAR,2pt,Jump Shot,[],203952,93.24901445466492,72.05882352941177,1610612748,38,38,2025-12-16T01:28:50Z,2480000,False,110.0,11.0,1,right,MISS A. Wiggins 11' step back Shot,[203952],1610612748.0,MIA,step back,,,Wiggins,A. Wiggins,,,,,Mid-Range,8-16 Right,11.08,Missed,,,,,,,,,,,,,,,,,,
262,PT05M43.00S,2025-12-16T01:28:47.5Z,2,REGULAR,rebound,offensive,[],1642276,,,1610612748,38,38,2025-12-16T01:28:50Z,2490000,False,,,0,,K. Ware REBOUND (Off:1 Def:7),[1642276],1610612748.0,MIA,,,,Ware,K. Ware,,,,,Mid-Range,8-16 Right,,,261.0,8.0,7.0,1.0,,,,,,,,,,,,,,
264,PT05M30.00S,2025-12-16T01:29:20.6Z,2,REGULAR,3pt,Jump Shot,['2ndchance'],1630558,69.99014454664915,27.205882352941174,1610612748,38,38,2025-12-16T01:29:29Z,2510000,False,-114.0,230.0,1,right,MISS D. Mitchell 25' pullup 3PT,[1630558],1610612748.0,MIA,pullup,,,Mitchell,D. Mitchell,,,,,Above the Break 3,24+ Left Center,25.63,Missed,,,,,,,,,,,,,,,,,,
265,PT05M25.00S,2025-12-16T01:29:25.5Z,2,REGULAR,rebound,defensive,[],1630567,,,1610612761,38,38,2025-12-16T01:29:25Z,2520000,False,,,0,,S. Barnes REBOUND (Off:1 Def:3),[1630567],1610612761.0,TOR,,,,Barnes,S. Barnes,,,,,Above the Break 3,24+ Left Center,,,264.0,4.0,3.0,1.0,,,,,,,,,,,,,,
266,PT05M19.00S,2025-12-16T01:29:31.8Z,2,REGULAR,3pt,Jump Shot,[],1630572,22.158344283837057,88.48039215686273,1610612761,38,38,2025-12-16T01:29:36Z,2530000,False,-192.0,156.0,1,left,MISS S. Mamukelashvili 24' 3PT,[1630572],1610612761.0,TOR,,,,Mamukelashvili,S. Mamukelashvili,,,,,Above the Break 3,24+ Left Center,24.76,Missed,,,,,,,,,,,,,,,,,,
267,PT05M15.00S,2025-12-16T01:29:35.8Z,2,REGULAR,rebound,defensive,[],1628389,,,1610612748,38,38,2025-12-16T01:29:36Z,2540000,False,,,0,,B. Adebayo REBOUND (Off:0 Def:7),[1628389],1610612748.0,MIA,,,,Adebayo,B. Adebayo,,,,,Above the Break 3,24+ Left Center,,,266.0,7.0,7.0,0.0,,,,,,,,,,,,,,
268,PT05M04.00S,2025-12-16T01:29:45.5Z,2,REGULAR,2pt,Hook,['pointsinthepaint'],1628389,86.02168199737189,50.0,1610612748,40,38,2025-12-16T01:29:50Z,2550000,False,0.0,79.0,1,right,B. Adebayo 7' Hook (6 PTS) (S. Fontecchio 2 AST),"[1628389, 1631323]",1610612748.0,MIA,,,,Adebayo,B. Adebayo,,,,,In The Paint (Non-RA),0-8 Center,7.89,Made,,,,,,,,6.0,S. Fontecchio,1631323.0,2.0,,,,,,,
270,PT04M53.00S,2025-12-16T01:29:59.3Z,2,REGULAR,foul,personal,[],1630558,,,1610612761,40,38,2025-12-16T01:30:09Z,2570000,False,,,0,,D. Mitchell personal FOUL (1 PF),"[1630558, 1642347]",1610612748.0,MIA,,,,Mitchell,D. Mitchell,,,,,Above the Break 3,24+ Center,,,,,,,,,,,,,,201246.0,1.0,0.0,Shead,1642347.0,,
272,PT04M53.00S,2025-12-16T01:30:07.8Z,2,REGULAR,substitution,out,[],1630567,,,1610612761,40,38,2025-12-16T01:30:17Z,2590000,False,,,0,,SUB out: S. Barnes,[1630567],1610612761.0,TOR,,,,Barnes,S. Barnes,,,,,,,,,,,,,,,,,,,,,,,,,,
273,PT04M53.00S,2025-12-16T01:30:07.8Z,2,REGULAR,substitution,out,[],1642266,,,1610612761,40,38,2025-12-16T01:30:17Z,2600000,False,,,0,,SUB out: J. Walter,[1642266],1610612761.0,TOR,,,,Walter,J. Walter,,,,,,,,,,,,,,,,,,,,,,,,,,
274,PT04M53.00S,2025-12-16T01:30:07.8Z,2,REGULAR,substitution,in,[],1642867,,,1610612761,40,38,2025-12-16T01:30:17Z,2610000,False,,,0,,SUB in: C. Murray-Boyles,[1642867],1610612761.0,TOR,,,,Murray-Boyles,C. Murray-Boyles,,,,,,,,,,,,,,,,,,,,,,,,,,
275,PT04M53.00S,2025-12-16T01:30:07.8Z,2,REGULAR,substitution,in,[],1630534,,,1610612761,40,38,2025-12-16T01:30:17Z,2620000,False,,,0,,SUB in: O. Agbaji,[1630534],1610612761.0,TOR,,,,Agbaji,O. Agbaji,,,,,,,,,,,,,,,,,,,,,,,,,,
276,PT04M46.00S,2025-12-16T01:30:37.7Z,2,REGULAR,3pt,Jump Shot,[],1642347,26.757555847568987,84.31372549019608,1610612761,40,38,2025-12-16T01:30:45Z,2630000,False,-172.0,199.0,1,left,MISS J. Shead 26' pullup 3PT,[1642347],1610612761.0,TOR,pullup,,,Shead,J. Shead,,,,,Above the Break 3,24+ Left Center,26.28,Missed,,,,,,,,,,,,,,,,,,
277,PT04M41.00S,2025-12-16T01:30:42.7Z,2,REGULAR,rebound,defensive,[],1642276,,,1610612748,40,38,2025-12-16T01:30:45Z,2640000,False,,,0,,K. Ware REBOUND (Off:1 Def:8),[1642276],1610612748.0,MIA,,,,Ware,K. Ware,,,,,Above the Break 3,24+ Left Center,,,276.0,9.0,8.0,1.0,,,,,,,,,,,,,,
278,PT04M31.00S,2025-12-16T01:30:52.1Z,2,REGULAR,2pt,Jump Shot,[],1628389,82.60512483574244,31.372549019607842,1610612748,40,38,2025-12-16T01:32:34Z,2650000,False,-93.0,111.0,1,right,MISS B. Adebayo 14' turnaround Shot,[1628389],1610612748.0,MIA,turnaround,,,Adebayo,B. Adebayo,,,,,Mid-Range,8-16 Left,14.49,Missed,,,,,,,,,,,,,,,,,,
279,PT04M28.00S,2025-12-16T01:30:55.1Z,2,REGULAR,rebound,defensive,[],1642867,,,1610612761,40,38,2025-12-16T01:30:58Z,2660000,False,,,0,,C. Murray-Boyles REBOUND (Off:0 Def:1),[1642867],1610612761.0,TOR,,,,Murray-Boyles,C. Murray-Boyles,,,,,Mid-Range,8-16 Left,,,278.0,1.0,1.0,0.0,,,,,,,,,,,,,,
280,PT04M20.00S,2025-12-16T01:31:06.1Z,2,REGULAR,foul,personal,[],1631323,,,1610612761,40,38,2025-12-16T01:31:22Z,2670000,False,,,0,,S. Fontecchio personal FOUL (2 PF),"[1631323, 1627742]",1610612748.0,MIA,,,,Fontecchio,S. Fontecchio,,,,,Mid-Range,16-24 Right,,,,,,,,,,,,,,1627964.0,2.0,0.0,Ingram,1627742.0,,
282,PT04M06.00S,2025-12-16T01:31:41.5Z,2,REGULAR,turnover,shot clock,['team'],0,,,1610612761,40,38,2025-12-16T01:31:54Z,2690000,False,,,0,,TOR shot clock Team TURNOVER,[],1610612761.0,TOR,,,,,,,,,,Above the Break 3,24+ Right Center,,,,,,,,,,,,,,201246.0,,,,,,
283,PT03M55.00S,2025-12-16T01:32:02.7Z,2,REGULAR,3pt,Jump Shot,['fromturnover'],1631323,75.77201051248358,10.049019607843137,1610612748,40,38,2025-12-16T01:32:06Z,2700000,False,-200.0,175.0,1,right,MISS S. Fontecchio 26' 3PT,[1631323],1610612748.0,MIA,,,,Fontecchio,S. Fontecchio,,,,,Above the Break 3,24+ Left Center,26.57,Missed,,,,,,,,,,,,,,,,,,
284,PT03M51.00S,2025-12-16T01:32:06.7Z,2,REGULAR,rebound,defensive,[],1627742,,,1610612761,40,38,2025-12-16T01:32:06Z,2710000,False,,,0,,B. Ingram REBOUND (Off:0 Def:2),[1627742],1610612761.0,TOR,,,,Ingram,B. Ingram,,,,,Above the Break 3,24+ Left Center,,,283.0,2.0,2.0,0.0,,,,,,,,,,,,,,
285,PT03M48.00S,2025-12-16T01:32:10.4Z,2,REGULAR,foul,personal,['3freethrow'],1628389,,,1610612761,40,38,2025-12-16T01:32:22Z,2720000,False,,,0,,B. Adebayo shooting personal FOUL (1 PF) (Ingram 3 FT),"[1628389, 1627742]",1610612748.0,MIA,shooting,,,Adebayo,B. Adebayo,,,,,Above the Break 3,24+ Center,,,,,,,,,,,,,,1627964.0,1.0,0.0,Ingram,1627742.0,,
287,PT03M48.00S,2025-12-16T01:32:41.7Z,2,REGULAR,freethrow,1 of 3,['fastbreak'],1627742,,,1610612761,40,39,2025-12-16T01:32:41Z,2740000,False,,,0,,B. Ingram Free Throw 1 of 3 (16 PTS),[1627742],1610612761.0,TOR,,,,Ingram,B. Ingram,,,,,,,,Made,,,,,,,,16.0,,,,,,,,,,
288,PT03M48.00S,2025-12-16T01:32:59.1Z,2,REGULAR,freethrow,2 of 3,['fastbreak'],1627742,,,1610612761,40,40,2025-12-16T01:32:59Z,2750000,False,,,0,,B. Ingram Free Throw 2 of 3 (17 PTS),[1627742],1610612761.0,TOR,,,,Ingram,B. Ingram,,,,,,,,Made,,,,,,,,17.0,,,,,,,,,,
289,PT03M48.00S,2025-12-16T01:33:00.7Z,2,REGULAR,substitution,out,[],1642347,,,1610612761,40,40,2025-12-16T01:33:08Z,2760000,False,,,0,,SUB out: J. Shead,[1642347],1610612761.0,TOR,,,,Shead,J. Shead,,,,,,,,,,,,,,,,,,,,,,,,,,
290,PT03M48.00S,2025-12-16T01:33:00.7Z,2,REGULAR,substitution,out,[],1630572,,,1610612761,40,40,2025-12-16T01:33:08Z,2770000,False,,,0,,SUB out: S. Mamukelashvili,[1630572],1610612761.0,TOR,,,,Mamukelashvili,S. Mamukelashvili,,,,,,,,,,,,,,,,,,,,,,,,,,
291,PT03M48.00S,2025-12-16T01:33:00.7Z,2,REGULAR,substitution,in,[],1630193,,,1610612761,40,40,2025-12-16T01:33:08Z,2780000,False,,,0,,SUB in: I. Quickley,[1630193],1610612761.0,TOR,,,,Quickley,I. Quickley,,,,,,,,,,,,,,,,,,,,,,,,,,
292,PT03M48.00S,2025-12-16T01:33:00.7Z,2,REGULAR,substitution,in,[],1627751,,,1610612761,40,40,2025-12-16T01:33:08Z,2790000,False,,,0,,SUB in: J. Poeltl,[1627751],1610612761.0,TOR,,,,Poeltl,J. Poeltl,,,,,,,,,,,,,,,,,,,,,,,,,,
293,PT03M48.00S,2025-12-16T01:33:23.4Z,2,REGULAR,freethrow,3 of 3,['fastbreak'],1627742,,,1610612761,40,41,2025-12-16T01:33:23Z,2800000,False,,,0,,B. Ingram Free Throw 3 of 3 (18 PTS),[1627742],1610612761.0,TOR,,,,Ingram,B. Ingram,,,,,,,,Made,,,,,,,,18.0,,,,,,,,,,
294,PT03M36.00S,2025-12-16T01:33:37.8Z,2,REGULAR,2pt,Jump Shot,[],1628389,88.38699080157687,19.607843137254903,1610612748,42,41,2025-12-16T01:35:14Z,2810000,False,-152.0,57.0,1,right,B. Adebayo 16' pullup Jump Shot (8 PTS) (A. Wiggins 2 AST),"[1628389, 203952]",1610612748.0,MIA,pullup,,,Adebayo,B. Adebayo,,,,,Mid-Range,16-24 Left,16.22,Made,,,,,,,,8.0,A. Wiggins,203952.0,2.0,,,,,,,
296,PT03M36.00S,2025-12-16T01:33:47.2Z,2,REGULAR,foul,personal,"['inpenalty', '1freethrow']",1642867,,,1610612748,42,41,2025-12-16T01:34:13Z,2830000,False,,,0,,C. Murray-Boyles shooting personal FOUL (3 PF) (Adebayo 1 FT),"[1642867, 1628389]",1610612761.0,TOR,shooting,,,Murray-Boyles,C. Murray-Boyles,,,,,Mid-Range,16-24 Left,,,,,,,,,,,,,,202026.0,3.0,0.0,Adebayo,1628389.0,,
298,PT03M36.00S,2025-12-16T01:34:00.3Z,2,REGULAR,substitution,out,[],1642276,,,1610612748,42,41,2025-12-16T01:34:11Z,2850000,False,,,0,,SUB out: K. Ware,[1642276],1610612748.0,MIA,,,,Ware,K. Ware,,,,,,,,,,,,,,,,,,,,,,,,,,
299,PT03M36.00S,2025-12-16T01:34:00.3Z,2,REGULAR,substitution,out,[],1642867,,,1610612748,42,41,2025-12-16T01:34:11Z,2860000,False,,,0,,SUB out: C. Murray-Boyles,[1642867],1610612761.0,TOR,,,,Murray-Boyles,C. Murray-Boyles,,,,,,,,,,,,,,,,,,,,,,,,,,
300,PT03M36.00S,2025-12-16T01:34:00.3Z,2,REGULAR,substitution,in,[],1631170,,,1610612748,42,41,2025-12-16T01:34:11Z,2870000,False,,,0,,SUB in: J. Jaquez Jr.,[1631170],1610612748.0,MIA,,,,Jaquez Jr.,J. Jaquez Jr.,,,,,,,,,,,,,,,,,,,,,,,,,,
301,PT03M36.00S,2025-12-16T01:34:00.3Z,2,REGULAR,substitution,in,[],1630567,,,1610612748,42,41,2025-12-16T01:34:11Z,2880000,False,,,0,,SUB in: S. Barnes,[1630567],1610612761.0,TOR,,,,Barnes,S. Barnes,,,,,,,,,,,,,,,,,,,,,,,,,,
302,PT03M36.00S,2025-12-16T01:34:15.0Z,2,REGULAR,freethrow,1 of 1,[],1628389,,,1610612748,43,41,2025-12-16T01:34:15Z,2890000,False,,,0,,B. Adebayo Free Throw 1 of 1 (9 PTS),[1628389],1610612748.0,MIA,,,,Adebayo,B. Adebayo,,,,,,,,Made,,,,,,,,9.0,,,,,,,,,,
303,PT03M17.00S,2025-12-16T01:34:34.9Z,2,REGULAR,3pt,Jump Shot,[],1630193,4.155716162943495,3.6764705882352944,1610612761,43,41,2025-12-16T01:34:40Z,2900000,False,232.0,-13.0,1,left,MISS I. Quickley 3PT,[1630193],1610612761.0,TOR,,,,Quickley,I. Quickley,,,,,Right Corner 3,24+ Right,23.2,Missed,,,,,,,,,,,,,,,,,,
304,PT03M14.00S,2025-12-16T01:34:37.9Z,2,REGULAR,rebound,defensive,[],1628389,,,1610612748,43,41,2025-12-16T01:34:40Z,2910000,False,,,0,,B. Adebayo REBOUND (Off:0 Def:8),[1628389],1610612748.0,MIA,,,,Adebayo,B. Adebayo,,,,,Right Corner 3,24+ Right,,,303.0,8.0,8.0,0.0,,,,,,,,,,,,,,
305,PT03M04.00S,2025-12-16T01:34:47.9Z,2,REGULAR,3pt,Jump Shot,[],203952,92.85479632063075,3.1862745098039214,1610612748,43,41,2025-12-16T01:34:52Z,2920000,False,-234.0,15.0,1,right,MISS A. Wiggins 3PT,[203952],1610612748.0,MIA,,,,Wiggins,A. Wiggins,,,,,Left Corner 3,24+ Left,23.46,Missed,,,,,,,,,,,,,,,,,,
306,PT03M01.00S,2025-12-16T01:34:50.9Z,2,REGULAR,rebound,defensive,[],1630567,,,1610612761,43,41,2025-12-16T01:34:52Z,2930000,False,,,0,,S. Barnes REBOUND (Off:1 Def:4),[1630567],1610612761.0,TOR,,,,Barnes,S. Barnes,,,,,Left Corner 3,24+ Left,,,305.0,5.0,4.0,1.0,,,,,,,,,,,,,,
307,PT02M52.00S,2025-12-16T01:35:00.6Z,2,REGULAR,turnover,bad pass,[],1627742,,,1610612761,43,41,2025-12-16T01:35:04Z,2940000,False,,,0,,B. Ingram bad pass TURNOVER (2 TO),"[1627742, 1630558]",1610612761.0,TOR,,,,Ingram,B. Ingram,,,,,Mid-Range,8-16 Right,,,,,,,2.0,Mitchell,1630558.0,,,,,,,,,,,
308,PT02M52.00S,2025-12-16T01:35:00.6Z,2,REGULAR,steal,,[],1630558,,,1610612748,43,41,2025-12-16T01:35:02Z,2950000,False,,,0,,D. Mitchell STEAL (1 STL),[1630558],1610612748.0,MIA,,,,Mitchell,D. Mitchell,,,,,Mid-Range,8-16 Right,,,,,,,,,,,,,,,,,,,,
309,PT02M42.00S,2025-12-16T01:35:10.4Z,2,REGULAR,3pt,Jump Shot,['fromturnover'],1631323,84.1819973718791,93.38235294117648,1610612748,43,41,2025-12-16T01:35:17Z,2960000,False,217.0,96.0,1,right,MISS S. Fontecchio 3PT,[1631323],1610612748.0,MIA,,,,Fontecchio,S. Fontecchio,,,,,Above the Break 3,24+ Right Center,23.73,Missed,,,,,,,,,,,,,,,,,,
310,PT02M36.00S,2025-12-16T01:35:16.4Z,2,REGULAR,rebound,offensive,[],203952,,,1610612748,43,41,2025-12-16T01:35:17Z,2970000,False,,,0,,A. Wiggins REBOUND (Off:1 Def:0),[203952],1610612748.0,MIA,,,,Wiggins,A. Wiggins,,,,,Above the Break 3,24+ Right Center,,,309.0,1.0,0.0,1.0,,,,,,,,,,,,,,
311,PT02M36.00S,2025-12-16T01:35:15.8Z,2,REGULAR,2pt,Layup,"['pointsinthepaint', 'fromturnover', '2ndchance']",203952,94.40999984741211,50.0,1610612748,43,41,2025-12-16T01:35:15Z,2980000,False,0.0,0.0,1,right,MISS A. Wiggins tip Layup,[203952],1610612748.0,MIA,tip,,,Wiggins,A. Wiggins,,,,,Mid-Range,8-16 Left,0.0,Missed,,,,,,,,,,,,,,,,,,
312,PT02M35.00S,2025-12-16T01:35:17.2Z,2,REGULAR,rebound,defensive,[],1627751,,,1610612761,43,41,2025-12-16T01:35:17Z,2990000,False,,,0,,J. Poeltl REBOUND (Off:0 Def:4),[1627751],1610612761.0,TOR,,,,Poeltl,J. Poeltl,,,,,Mid-Range,8-16 Left,,,311.0,4.0,4.0,0.0,,,,,,,,,,,,,,
313,PT02M31.00S,2025-12-16T01:35:21.9Z,2,REGULAR,2pt,Layup,['pointsinthepaint'],1627751,6.1268068331143235,54.166666666666664,1610612761,43,41,2025-12-16T01:35:33Z,3000000,False,-21.0,5.0,1,left,MISS J. Poeltl cutting Layup - blocked,"[1627751, 203952]",1610612761.0,TOR,cutting,,,Poeltl,J. Poeltl,,,,,Restricted Area,0-8 Center,2.14,Missed,,,,,,,,,,,,,,,,,Wiggins,203952.0
315,PT02M31.00S,2025-12-16T01:35:21.9Z,2,REGULAR,block,,[],203952,,,1610612761,43,41,2025-12-16T01:35:33Z,3005000,False,,,0,,A. Wiggins BLOCK (1 BLK),[203952],1610612748.0,MIA,,,,Wiggins,A. Wiggins,,,,,Restricted Area,0-8 Center,,,,,,,,,,,,,,,,,,,,
314,PT02M28.00S,2025-12-16T01:35:24.9Z,2,REGULAR,rebound,defensive,[],1628389,,,1610612748,43,41,2025-12-16T01:35:33Z,3010000,False,,,0,,B. Adebayo REBOUND (Off:0 Def:9),[1628389],1610612748.0,MIA,,,,Adebayo,B. Adebayo,,,,,Restricted Area,0-8 Center,,,313.0,9.0,9.0,0.0,,,,,,,,,,,,,,
316,PT02M14.00S,2025-12-16T01:35:41.9Z,2,REGULAR,turnover,out-of-bounds,[],203952,,,1610612748,43,41,2025-12-16T01:35:47Z,3020000,False,,,0,,A. Wiggins lost ball out-of-bounds TURNOVER (1 TO),[203952],1610612748.0,MIA,lost ball,,,Wiggins,A. Wiggins,,,,,In The Paint (Non-RA),8-16 Center,,,,,,,1.0,,,,,,,1627964.0,,,,,,
317,PT02M14.00S,2025-12-16T01:35:46.0Z,2,REGULAR,substitution,out,[],1631323,,,1610612761,43,41,2025-12-16T01:35:51Z,3030000,False,,,0,,SUB out: S. Fontecchio,[1631323],1610612748.0,MIA,,,,Fontecchio,S. Fontecchio,,,,,,,,,,,,,,,,,,,,,,,,,,
318,PT02M14.00S,2025-12-16T01:35:46.0Z,2,REGULAR,substitution,in,[],1626181,,,1610612761,43,41,2025-12-16T01:35:51Z,3040000,False,,,0,,SUB in: N. Powell,[1626181],1610612748.0,MIA,,,,Powell,N. Powell,,,,,,,,,,,,,,,,,,,,,,,,,,
319,PT01M50.00S,2025-12-16T01:36:20.4Z,2,REGULAR,2pt,Layup,"['pointsinthepaint', 'fromturnover']",1630534,10.463206307490145,45.34313725490196,1610612761,43,43,2025-12-16T01:36:28Z,3050000,False,23.0,46.0,1,left,O. Agbaji cutting Layup (2 PTS) (S. Barnes 2 AST),"[1630534, 1630567]",1610612761.0,TOR,cutting,,,Agbaji,O. Agbaji,,,,,In The Paint (Non-RA),0-8 Center,5.15,Made,,,,,,,,2.0,S. Barnes,1630567.0,2.0,,,,,,,
321,PT01M34.00S,2025-12-16T01:36:36.7Z,2,REGULAR,2pt,Layup,['pointsinthepaint'],1628389,91.93495400788436,46.81372549019608,1610612748,45,43,2025-12-16T01:36:40Z,3070000,False,-16.0,23.0,1,right,B. Adebayo driving Layup (11 PTS) (N. Powell 3 AST),"[1628389, 1626181]",1610612748.0,MIA,driving,,,Adebayo,B. Adebayo,,,,,Restricted Area,0-8 Center,2.82,Made,,,,,,,,11.0,N. Powell,1626181.0,3.0,,,,,,,
323,PT01M16.00S,2025-12-16T01:36:54.7Z,2,REGULAR,2pt,Jump Shot,[],1627742,7.178055190538765,30.637254901960787,1610612761,45,43,2025-12-16T01:37:28Z,3090000,False,97.0,15.0,1,left,MISS B. Ingram 9' step back Shot,[1627742],1610612761.0,TOR,step back,,,Ingram,B. Ingram,,,,,Mid-Range,8-16 Right,9.8,Missed,,,,,,,,,,,,,,,,,,
324,PT01M11.00S,2025-12-16T01:36:59.7Z,2,REGULAR,rebound,offensive,[],1627751,,,1610612761,45,43,2025-12-16T01:37:02Z,3100000,False,,,0,,J. Poeltl REBOUND (Off:1 Def:4),[1627751],1610612761.0,TOR,,,,Poeltl,J. Poeltl,,,,,Mid-Range,8-16 Right,,,323.0,5.0,4.0,1.0,,,,,,,,,,,,,,
325,PT01M11.00S,2025-12-16T01:36:59.3Z,2,REGULAR,2pt,Layup,"['pointsinthepaint', '2ndchance']",1627751,5.590000152587891,50.0,1610612761,45,43,2025-12-16T01:36:59Z,3110000,False,0.0,0.0,1,left,MISS J. Poeltl tip Layup,[1627751],1610612761.0,TOR,tip,,,Poeltl,J. Poeltl,,,,,Mid-Range,8-16 Left,0.0,Missed,,,,,,,,,,,,,,,,,,
326,PT01M09.00S,2025-12-16T01:37:01.0Z,2,REGULAR,rebound,defensive,[],1626181,,,1610612748,45,43,2025-12-16T01:37:01Z,3120000,False,,,0,,N. Powell REBOUND (Off:0 Def:2),[1626181],1610612748.0,MIA,,,,Powell,N. Powell,,,,,Mid-Range,8-16 Left,,,325.0,2.0,2.0,0.0,,,,,,,,,,,,,,
327,PT01M02.00S,2025-12-16T01:37:13.2Z,2,REGULAR,foul,personal,"['inpenalty', '2freethrow']",1627742,,,1610612748,45,43,2025-12-16T01:37:32Z,3130000,False,,,0,,B. Ingram personal FOUL (1 PF) (Adebayo 2 FT),"[1627742, 1628389]",1610612761.0,TOR,,,,Ingram,B. Ingram,,,,,Mid-Range,8-16 Left,,,,,,,,,,,,,,201246.0,1.0,0.0,Adebayo,1628389.0,,
329,PT01M02.00S,2025-12-16T01:37:46.8Z,2,REGULAR,freethrow,1 of 2,[],1628389,,,1610612748,46,43,2025-12-16T01:37:46Z,3150000,False,,,0,,B. Adebayo Free Throw 1 of 2 (12 PTS),[1628389],1610612748.0,MIA,,,,Adebayo,B. Adebayo,,,,,,,,Made,,,,,,,,12.0,,,,,,,,,,
330,PT01M02.00S,2025-12-16T01:38:04.8Z,2,REGULAR,freethrow,2 of 2,[],1628389,,,1610612748,47,43,2025-12-16T01:38:04Z,3160000,False,,,0,,B. Adebayo Free Throw 2 of 2 (13 PTS),[1628389],1610612748.0,MIA,,,,Adebayo,B. Adebayo,,,,,,,,Made,,,,,,,,13.0,,,,,,,,,,
331,PT00M50.10S,2025-12-16T01:38:19.3Z,2,REGULAR,3pt,Jump Shot,[],1630567,4.812746386333772,3.6764705882352944,1610612761,47,46,2025-12-16T01:38:25Z,3170000,False,232.0,-7.0,1,left,S. Barnes 3PT  (5 PTS) (O. Agbaji 2 AST),"[1630567, 1630534]",1610612761.0,TOR,,,,Barnes,S. Barnes,,,,,Right Corner 3,24+ Right,23.17,Made,,,,,,,,5.0,O. Agbaji,1630534.0,2.0,,,,,,,
333,PT00M44.50S,2025-12-16T01:38:30.0Z,2,REGULAR,2pt,Layup,['pointsinthepaint'],1626181,92.06636005256242,49.754901960784316,1610612748,49,46,2025-12-16T01:38:35Z,3190000,False,-1.0,22.0,1,right,N. Powell cutting Layup (11 PTS) (B. Adebayo 2 AST),"[1626181, 1628389]",1610612748.0,MIA,cutting,,,Powell,N. Powell,,,,,Restricted Area,0-8 Center,2.21,Made,,,,,,,,11.0,B. Adebayo,1628389.0,2.0,,,,,,,
335,PT00M36.70S,2025-12-16T01:38:53.0Z,2,REGULAR,turnover,out-of-bounds,[],1630193,,,1610612761,49,46,2025-12-16T01:39:00Z,3210000,False,,,0,,I. Quickley lost ball out-of-bounds TURNOVER (2 TO),[1630193],1610612761.0,TOR,lost ball,,,Quickley,I. Quickley,,,,,Restricted Area,0-8 Center,,,,,,,2.0,,,,,,,1627964.0,,,,,,
336,PT00M27.90S,2025-12-16T01:39:06.2Z,2,REGULAR,3pt,Jump Shot,['fromturnover'],1630558,70.12155059132719,71.56862745098039,1610612748,52,46,2025-12-16T01:39:11Z,3220000,False,108.0,228.0,1,right,D. Mitchell 25' 3PT step back (6 PTS),[1630558],1610612748.0,MIA,step back,,,Mitchell,D. Mitchell,,,,,Above the Break 3,24+ Right Center,25.26,Made,,,,,,,,6.0,,,,,,,,,,
337,PT00M06.90S,2025-12-16T01:39:31.7Z,2,REGULAR,3pt,Jump Shot,[],1627742,30.962549277266753,72.79411764705883,1610612761,52,46,2025-12-16T01:39:37Z,3230000,False,-114.0,239.0,1,left,MISS B. Ingram 26' pullup 3PT,[1627742],1610612761.0,TOR,pullup,,,Ingram,B. Ingram,,,,,Above the Break 3,24+ Left Center,26.43,Missed,,,,,,,,,,,,,,,,,,
338,PT00M03.10S,2025-12-16T01:39:35.5Z,2,REGULAR,rebound,offensive,[],1627751,,,1610612761,52,46,2025-12-16T01:39:37Z,3240000,False,,,0,,J. Poeltl REBOUND (Off:2 Def:4),[1627751],1610612761.0,TOR,,,,Poeltl,J. Poeltl,,,,,Above the Break 3,24+ Left Center,,,337.0,6.0,4.0,2.0,,,,,,,,,,,,,,
339,PT00M01.50S,2025-12-16T01:39:37.1Z,2,REGULAR,turnover,lost ball,[],1627751,,,1610612761,52,46,2025-12-16T01:39:43Z,3250000,False,,,0,,J. Poeltl lost ball TURNOVER (3 TO),"[1627751, 1631170]",1610612761.0,TOR,,,,Poeltl,J. Poeltl,,,,,In The Paint (Non-RA),8-16 Center,,,,,,,3.0,Jaquez Jr.,1631170.0,,,,,,,,,,,
340,PT00M01.50S,2025-12-16T01:39:37.1Z,2,REGULAR,steal,,[],1631170,,,1610612748,52,46,2025-12-16T01:39:40Z,3260000,False,,,0,,J. Jaquez Jr. STEAL (3 STL),[1631170],1610612748.0,MIA,,,,Jaquez Jr.,J. Jaquez Jr.,,,,,In The Paint (Non-RA),8-16 Center,,,,,,,,,,,,,,,,,,,,
341,PT00M00.60S,2025-12-16T01:39:48.6Z,2,REGULAR,heave,,['fromturnover'],0,,,1610612748,52,46,2025-12-16T01:46:28Z,3270000,False,,,0,,MIA Heave,[],1610612748.0,MIA,,,,,,,,,,Above the Break 3,24+ Center,42.88,,,,,,,,,,,,,,,,,,,
342,PT00M00.10S,2025-12-16T01:39:49.1Z,2,REGULAR,rebound,offensive,['team'],0,,,1610612748,52,46,2025-12-16T01:40:00Z,3280000,False,,,0,,TEAM offensive REBOUND,[],1610612748.0,MIA,,,,,,,,,,Above the Break 3,24+ Center,,,341.0,,,,,,,,,,,,,,,,,
343,PT00M00.00S,2025-12-16T01:40:04.9Z,2,REGULAR,period,end,[],0,,,1610612748,52,46,2025-12-16T01:40:04Z,3290000,False,,,0,,Period End,[],,,,,,,,,,,,,,,,,,,,,,,,,,,,,,,,,
344,PT12M00.00S,2025-12-16T01:54:27.9Z,3,REGULAR,substitution,out,['startperiod'],1631170,,,1610612748,52,46,2025-12-16T01:55:04Z,3300000,False,,,0,,SUB out: J. Jaquez Jr.,[1631170],1610612748.0,MIA,,,,Jaquez Jr.,J. Jaquez Jr.,,,,,,,,,,,,,,,,,,,,,,,,,,
345,PT12M00.00S,2025-12-16T01:54:27.9Z,3,REGULAR,substitution,in,['startperiod'],1631323,,,1610612748,52,46,2025-12-16T01:55:04Z,3310000,False,,,0,,SUB in: S. Fontecchio,[1631323],1610612748.0,MIA,,,,Fontecchio,S. Fontecchio,,,,,,,,,,,,,,,,,,,,,,,,,,
346,PT12M00.00S,2025-12-16T01:55:07.6Z,3,REGULAR,period,start,[],0,,,1610612761,52,46,2025-12-16T01:55:07Z,3320000,False,,,0,,Period Start,[],,,,,,,,,,,,,,,,,,,,,,,,,,,,,,,,,
347,PT11M37.00S,2025-12-16T01:55:29.6Z,3,REGULAR,2pt,Jump Shot,[],1627742,92.32917214191852,23.52941176470588,1610612761,52,46,2025-12-16T01:55:35Z,3330000,False,-132.0,20.0,1,right,MISS B. Ingram 13' turnaround fadeaway Shot,[1627742],1610612761.0,TOR,turnaround fadeaway,,,Ingram,B. Ingram,,,,,Mid-Range,8-16 Left,13.38,Missed,,,,,,,,,,,,,,,,,,
348,PT11M33.00S,2025-12-16T01:55:33.6Z,3,REGULAR,rebound,offensive,[],1630567,,,1610612761,52,46,2025-12-16T01:55:35Z,3340000,False,,,0,,S. Barnes REBOUND (Off:2 Def:4),[1630567],1610612761.0,TOR,,,,Barnes,S. Barnes,,,,,Mid-Range,8-16 Left,,,347.0,6.0,4.0,2.0,,,,,,,,,,,,,,
349,PT11M27.00S,2025-12-16T01:55:39.4Z,3,REGULAR,3pt,Jump Shot,['2ndchance'],1630193,66.96780551905388,40.931372549019606,1610612761,52,46,2025-12-16T01:55:48Z,3350000,False,-45.0,258.0,1,right,MISS I. Quickley 26' 3PT,[1630193],1610612761.0,TOR,,,,Quickley,I. Quickley,,,,,Above the Break 3,24+ Center,26.19,Missed,,,,,,,,,,,,,,,,,,
350,PT11M21.00S,2025-12-16T01:55:45.4Z,3,REGULAR,rebound,offensive,[],1630534,,,1610612761,52,46,2025-12-16T01:56:23Z,3360000,False,,,0,,O. Agbaji REBOUND (Off:1 Def:0),[1630534],1610612761.0,TOR,,,,Agbaji,O. Agbaji,,,,,Above the Break 3,24+ Center,,,349.0,1.0,0.0,1.0,,,,,,,,,,,,,,
351,PT11M19.00S,2025-12-16T01:55:47.9Z,3,REGULAR,3pt,Jump Shot,['2ndchance'],1630193,72.35545335085413,78.18627450980392,1610612761,52,49,2025-12-16T01:55:53Z,3370000,False,141.0,207.0,1,right,I. Quickley 25' 3PT  (11 PTS) (B. Ingram 1 AST),"[1630193, 1627742]",1610612761.0,TOR,,,,Quickley,I. Quickley,,,,,Above the Break 3,24+ Right Center,25.07,Made,,,,,,,,11.0,B. Ingram,1627742.0,1.0,,,,,,,
353,PT11M05.00S,2025-12-16T01:56:01.8Z,3,REGULAR,turnover,lost ball,[],1628389,,,1610612748,52,49,2025-12-16T01:56:11Z,3390000,False,,,0,,B. Adebayo lost ball TURNOVER (2 TO),"[1628389, 1630193]",1610612748.0,MIA,,,,Adebayo,B. Adebayo,,,,,Mid-Range,16-24 Center,,,,,,,2.0,Quickley,1630193.0,,,,,,,,,,,
354,PT11M05.00S,2025-12-16T01:56:01.8Z,3,REGULAR,steal,,[],1630193,,,1610612761,52,49,2025-12-16T01:56:05Z,3400000,False,,,0,,I. Quickley STEAL (1 STL),[1630193],1610612761.0,TOR,,,,Quickley,I. Quickley,,,,,Mid-Range,16-24 Center,,,,,,,,,,,,,,,,,,,,
367,PT11M04.00S,2025-12-16T01:56:05.0Z,3,REGULAR,foul,personal,[],1628389,,,1610612761,52,49,2025-12-16T01:58:37Z,3405000,False,,,0,,B. Adebayo personal FOUL (2 PF),"[1628389, 1630193]",1610612748.0,MIA,,,,Adebayo,B. Adebayo,,,,,Above the Break 3,24+ Left Center,,,,,,,,,,,,,,202026.0,2.0,0.0,Quickley,1630193.0,,
357,PT10M56.00S,2025-12-16T01:56:29.0Z,3,REGULAR,3pt,Jump Shot,['fromturnover'],1630534,88.78120893561103,2.2058823529411766,1610612761,52,52,2025-12-16T01:56:32Z,3430000,False,-239.0,53.0,1,right,O. Agbaji 24' 3PT  (5 PTS) (S. Barnes 3 AST),"[1630534, 1630567]",1610612761.0,TOR,,,,Agbaji,O. Agbaji,,,,,Left Corner 3,24+ Left,24.48,Made,,,,,,,,5.0,S. Barnes,1630567.0,3.0,,,,,,,
359,PT10M43.00S,2025-12-16T01:56:41.7Z,3,REGULAR,3pt,Jump Shot,[],1631323,23.603810775295663,83.82352941176471,1610612748,52,52,2025-12-16T01:56:48Z,3450000,False,-169.0,169.0,1,left,MISS S. Fontecchio 3PT,[1631323],1610612748.0,MIA,,,,Fontecchio,S. Fontecchio,,,,,Above the Break 3,24+ Left Center,23.94,Missed,,,,,,,,,,,,,,,,,,
360,PT10M38.00S,2025-12-16T01:56:46.7Z,3,REGULAR,rebound,defensive,[],1627751,,,1610612761,52,52,2025-12-16T01:56:48Z,3460000,False,,,0,,J. Poeltl REBOUND (Off:2 Def:5),[1627751],1610612761.0,TOR,,,,Poeltl,J. Poeltl,,,,,Above the Break 3,24+ Left Center,,,359.0,7.0,5.0,2.0,,,,,,,,,,,,,,
361,PT10M36.00S,2025-12-16T01:56:48.3Z,3,REGULAR,turnover,bad pass,[],1630193,,,1610612761,52,52,2025-12-16T01:56:52Z,3470000,False,,,0,,I. Quickley bad pass TURNOVER (3 TO),"[1630193, 203952]",1610612761.0,TOR,,,,Quickley,I. Quickley,,,,,Above the Break 3,24+ Right Center,,,,,,,3.0,Wiggins,203952.0,,,,,,,,,,,
362,PT10M36.00S,2025-12-16T01:56:48.3Z,3,REGULAR,steal,,[],203952,,,1610612748,52,52,2025-12-16T01:56:50Z,3480000,False,,,0,,A. Wiggins STEAL (2 STL),[203952],1610612748.0,MIA,,,,Wiggins,A. Wiggins,,,,,Above the Break 3,24+ Right Center,,,,,,,,,,,,,,,,,,,,
363,PT10M31.00S,2025-12-16T01:56:54.0Z,3,REGULAR,2pt,Layup,"['fastbreak', 'pointsinthepaint', 'fromturnover']",1628389,5.863994743758213,47.30392156862745,1610612748,54,52,2025-12-16T02:00:04Z,3490000,False,13.0,3.0,1,left,B. Adebayo running reverse Layup (15 PTS) (D. Mitchell 3 AST),"[1628389, 1630558]",1610612748.0,MIA,running reverse,,,Adebayo,B. Adebayo,,,,,Restricted Area,0-8 Center,1.37,Made,,,,,,,,15.0,D. Mitchell,1630558.0,3.0,,,,,,,
365,PT10M11.00S,2025-12-16T01:57:16.5Z,3,REGULAR,turnover,out-of-bounds,[],1627751,,,1610612761,54,52,2025-12-16T01:57:22Z,3510000,False,,,0,,J. Poeltl lost ball out-of-bounds TURNOVER (4 TO),[1627751],1610612761.0,TOR,lost ball,,,Poeltl,J. Poeltl,,,,,In The Paint (Non-RA),0-8 Center,,,,,,,4.0,,,,,,,1627964.0,,,,,,
366,PT09M54.00S,2025-12-16T01:57:42.4Z,3,REGULAR,foul,personal,['2freethrow'],1627751,,,1610612748,54,52,2025-12-16T01:57:56Z,3520000,False,,,0,,J. Poeltl shooting personal FOUL (2 PF) (Adebayo 2 FT),"[1627751, 1628389]",1610612761.0,TOR,shooting,,,Poeltl,J. Poeltl,,,,,In The Paint (Non-RA),8-16 Right,,,,,,,,,,,,,,202026.0,2.0,0.0,Adebayo,1628389.0,,
371,PT09M54.00S,2025-12-16T01:58:11.0Z,3,REGULAR,freethrow,1 of 2,['fromturnover'],1628389,,,1610612748,54,52,2025-12-16T01:58:11Z,3540000,False,,,0,,MISS B. Adebayo Free Throw 1 of 2,[1628389],1610612748.0,MIA,,,,Adebayo,B. Adebayo,,,,,,,,Missed,,,,,,,,,,,,,,,,,,
372,PT09M54.00S,2025-12-16T01:58:11.0Z,3,REGULAR,rebound,offensive,"['deadball', 'team']",0,,,1610612748,54,52,2025-12-16T01:58:11Z,3550000,False,,,0,,TEAM offensive REBOUND,[],1610612748.0,MIA,,,,,,,,,,,,,,371.0,,,,,,,,,,,,,,,,,
373,PT09M54.00S,2025-12-16T01:58:30.6Z,3,REGULAR,freethrow,2 of 2,['fromturnover'],1628389,,,1610612748,55,52,2025-12-16T01:58:30Z,3560000,False,,,0,,B. Adebayo Free Throw 2 of 2 (16 PTS),[1628389],1610612748.0,MIA,,,,Adebayo,B. Adebayo,,,,,,,,Made,,,,,,,,16.0,,,,,,,,,,
374,PT09M34.00S,2025-12-16T01:58:51.4Z,3,REGULAR,2pt,Jump Shot,['pointsinthepaint'],1627751,82.34231274638634,50.73529411764706,1610612761,55,54,2025-12-16T01:58:55Z,3570000,False,4.0,113.0,1,right,J. Poeltl 11' floating Jump Shot (4 PTS) (S. Barnes 4 AST),"[1627751, 1630567]",1610612761.0,TOR,floating,,,Poeltl,J. Poeltl,,,,,In The Paint (Non-RA),8-16 Center,11.36,Made,,,,,,,,4.0,S. Barnes,1630567.0,4.0,,,,,,,
376,PT09M20.00S,2025-12-16T01:59:04.7Z,3,REGULAR,3pt,Jump Shot,[],203952,32.670827858081466,64.4607843137255,1610612748,55,54,2025-12-16T01:59:09Z,3590000,False,-72.0,255.0,1,left,MISS A. Wiggins 26' 3PT,[203952],1610612748.0,MIA,,,,Wiggins,A. Wiggins,,,,,Above the Break 3,24+ Center,26.47,Missed,,,,,,,,,,,,,,,,,,
377,PT09M17.00S,2025-12-16T01:59:07.7Z,3,REGULAR,rebound,defensive,[],1630193,,,1610612761,55,54,2025-12-16T01:59:09Z,3600000,False,,,0,,I. Quickley REBOUND (Off:0 Def:2),[1630193],1610612761.0,TOR,,,,Quickley,I. Quickley,,,,,Above the Break 3,24+ Center,,,376.0,2.0,2.0,0.0,,,,,,,,,,,,,,
378,PT09M11.00S,2025-12-16T01:59:18.6Z,3,REGULAR,foul,offensive,[],1630567,,,1610612761,55,54,2025-12-16T01:59:31Z,3610000,False,,,0,,S. Barnes offensive FOUL (2 PF),"[1630567, 203952]",1610612761.0,TOR,,,,Barnes,S. Barnes,,,,,Above the Break 3,24+ Left Center,,,,,,,,,,,,,,202026.0,2.0,0.0,Wiggins,203952.0,,
380,PT09M11.00S,2025-12-16T01:59:18.6Z,3,REGULAR,turnover,offensive foul,[],1630567,,,1610612761,55,54,2025-12-16T01:59:18Z,3630000,False,,,0,,S. Barnes offensive foul TURNOVER (2 TO),[1630567],1610612761.0,TOR,,,,Barnes,S. Barnes,,,,,Above the Break 3,24+ Left Center,,,,,,,2.0,,,,,,,202026.0,,,,,,
381,PT09M03.00S,2025-12-16T01:59:40.6Z,3,REGULAR,2pt,Jump Shot,"['pointsinthepaint', 'fromturnover']",1630558,11.908672798948752,60.049019607843135,1610612748,57,54,2025-12-16T01:59:44Z,3640000,False,-50.0,59.0,1,left,D. Mitchell 7' driving floating Jump Shot (8 PTS),[1630558],1610612748.0,MIA,driving floating,,,Mitchell,D. Mitchell,,,,,In The Paint (Non-RA),0-8 Center,7.78,Made,,,,,,,,8.0,,,,,,,,,,
383,PT08M42.00S,2025-12-16T02:00:20.7Z,3,REGULAR,2pt,Jump Shot,['pointsinthepaint'],1627742,82.47371879106439,40.44117647058824,1610612761,57,54,2025-12-16T02:00:27Z,3660000,False,-48.0,112.0,1,right,MISS B. Ingram 12' turnaround Shot,[1627742],1610612761.0,TOR,turnaround,,,Ingram,B. Ingram,,,,,In The Paint (Non-RA),8-16 Center,12.2,Missed,,,,,,,,,,,,,,,,,,
384,PT08M38.00S,2025-12-16T02:00:24.7Z,3,REGULAR,rebound,defensive,[],1631323,,,1610612748,57,54,2025-12-16T02:00:27Z,3670000,False,,,0,,S. Fontecchio REBOUND (Off:0 Def:1),[1631323],1610612748.0,MIA,,,,Fontecchio,S. Fontecchio,,,,,In The Paint (Non-RA),8-16 Center,,,383.0,1.0,1.0,0.0,,,,,,,,,,,,,,
385,PT08M19.00S,2025-12-16T02:00:43.6Z,3,REGULAR,3pt,Jump Shot,[],1630558,32.276609724047304,48.03921568627451,1610612748,57,54,2025-12-16T02:00:49Z,3680000,False,10.0,251.0,1,left,MISS D. Mitchell 25' pullup 3PT,[1630558],1610612748.0,MIA,pullup,,,Mitchell,D. Mitchell,,,,,Above the Break 3,24+ Center,25.11,Missed,,,,,,,,,,,,,,,,,,
386,PT08M16.00S,2025-12-16T02:00:46.6Z,3,REGULAR,rebound,defensive,[],1630534,,,1610612761,57,54,2025-12-16T02:00:49Z,3690000,False,,,0,,O. Agbaji REBOUND (Off:1 Def:1),[1630534],1610612761.0,TOR,,,,Agbaji,O. Agbaji,,,,,Above the Break 3,24+ Center,,,385.0,2.0,1.0,1.0,,,,,,,,,,,,,,
387,PT08M14.00S,2025-12-16T02:00:52.3Z,3,REGULAR,foul,offensive,[],1630567,,,1610612761,57,54,2025-12-16T02:00:59Z,3700000,False,,,0,,S. Barnes charge offensive FOUL (3 PF),"[1630567, 1630558]",1610612761.0,TOR,charge,,,Barnes,S. Barnes,,,,,In The Paint (Non-RA),0-8 Center,,,,,,,,,,,,,,201246.0,3.0,0.0,Mitchell,1630558.0,,
389,PT08M14.00S,2025-12-16T02:00:52.3Z,3,REGULAR,turnover,offensive foul,[],1630567,,,1610612761,57,54,2025-12-16T02:00:52Z,3720000,False,,,0,,S. Barnes offensive foul TURNOVER (3 TO),[1630567],1610612761.0,TOR,,,,Barnes,S. Barnes,,,,,In The Paint (Non-RA),0-8 Center,,,,,,,3.0,,,,,,,201246.0,,,,,,
390,PT08M02.00S,2025-12-16T02:01:20.3Z,3,REGULAR,2pt,Layup,"['pointsinthepaint', 'fromturnover']",203952,5.995400788436268,56.372549019607845,1610612748,59,54,2025-12-16T02:01:24Z,3730000,False,-32.0,4.0,1,left,A. Wiggins driving Layup (8 PTS),[203952],1610612748.0,MIA,driving,,,Wiggins,A. Wiggins,,,,,Restricted Area,0-8 Center,3.21,Made,,,,,,,,8.0,,,,,,,,,,
391,PT08M02.00S,2025-12-16T02:01:27.3Z,3,REGULAR,timeout,full,"['team', 'mandatory']",0,,,1610612761,59,54,2025-12-16T02:01:27Z,3740000,False,,,0,,TOR Timeout,[],1610612761.0,TOR,,,,,,,,,,,,,,,,,,,,,,,,,,,,,,,
392,PT07M43.00S,2025-12-16T02:04:50.2Z,3,REGULAR,2pt,Layup,['pointsinthepaint'],1630567,90.22667542706965,55.88235294117647,1610612761,59,56,2025-12-16T02:05:11Z,3750000,False,29.0,39.0,1,right,S. Barnes driving Layup (7 PTS) (B. Ingram 2 AST),"[1630567, 1627742]",1610612761.0,TOR,driving,,,Barnes,S. Barnes,,,,,In The Paint (Non-RA),0-8 Center,4.92,Made,,,,,,,,7.0,B. Ingram,1627742.0,2.0,,,,,,,
395,PT07M17.00S,2025-12-16T02:05:32.3Z,3,REGULAR,3pt,Jump Shot,[],1626181,30.831143232588698,68.87254901960785,1610612748,59,56,2025-12-16T02:05:39Z,3780000,False,-94.0,237.0,1,left,MISS N. Powell 25' pullup 3PT,[1626181],1610612748.0,MIA,pullup,,,Powell,N. Powell,,,,,Above the Break 3,24+ Left Center,25.54,Missed,,,,,,,,,,,,,,,,,,
396,PT07M15.00S,2025-12-16T02:05:34.8Z,3,REGULAR,rebound,defensive,[],1627742,,,1610612761,59,56,2025-12-16T02:05:34Z,3790000,False,,,0,,B. Ingram REBOUND (Off:0 Def:3),[1627742],1610612761.0,TOR,,,,Ingram,B. Ingram,,,,,Above the Break 3,24+ Left Center,,,395.0,3.0,3.0,0.0,,,,,,,,,,,,,,
397,PT07M02.00S,2025-12-16T02:05:46.8Z,3,REGULAR,2pt,Jump Shot,['pointsinthepaint'],1630567,90.09526938239159,34.80392156862745,1610612761,59,58,2025-12-16T02:06:17Z,3800000,False,-76.0,41.0,1,right,S. Barnes 8' pullup bank Jump Shot (9 PTS),[1630567],1610612761.0,TOR,pullup bank,,,Barnes,S. Barnes,,,,,In The Paint (Non-RA),8-16 Left,8.62,Made,,,,,,,,9.0,,,,,,,,,,
398,PT06M36.00S,2025-12-16T02:06:12.6Z,3,REGULAR,2pt,Jump Shot,[],1628389,21.632720105124836,43.872549019607845,1610612748,59,58,2025-12-16T02:06:39Z,3810000,False,31.0,151.0,1,left,MISS B. Adebayo 15' turnaround fadeaway Shot,[1628389],1610612748.0,MIA,turnaround fadeaway,,,Adebayo,B. Adebayo,,,,,Mid-Range,8-16 Center,15.39,Missed,,,,,,,,,,,,,,,,,,
399,PT06M35.00S,2025-12-16T02:06:13.6Z,3,REGULAR,rebound,offensive,[],203952,,,1610612748,59,58,2025-12-16T02:06:20Z,3820000,False,,,0,,A. Wiggins REBOUND (Off:2 Def:0),[203952],1610612748.0,MIA,,,,Wiggins,A. Wiggins,,,,,Mid-Range,8-16 Center,,,398.0,2.0,0.0,2.0,,,,,,,,,,,,,,
400,PT06M35.00S,2025-12-16T02:06:19.5Z,3,REGULAR,2pt,Layup,"['pointsinthepaint', '2ndchance', 'defensivegoaltending']",203952,5.590000152587891,50.0,1610612748,61,58,2025-12-16T02:06:28Z,3830000,False,0.0,0.0,1,left,A. Wiggins tip Layup (10 PTS),[203952],1610612748.0,MIA,tip,,,Wiggins,A. Wiggins,,,,,Mid-Range,8-16 Left,0.0,Made,,,,,,,,10.0,,,,,,,,,,
401,PT06M35.00S,2025-12-16T02:06:22.8Z,3,REGULAR,violation,defensive goaltending,[],1627742,,,1610612748,61,58,2025-12-16T02:06:28Z,3840000,False,,,0,,B. Ingram defensive goaltending VIOLATION,[1627742],1610612761.0,TOR,,,,Ingram,B. Ingram,,,,,,,,,,,,,,,,,,,,202026.0,,,,,,
402,PT06M26.00S,2025-12-16T02:06:36.6Z,3,REGULAR,3pt,Jump Shot,[],1627742,73.53810775295663,82.1078431372549,1610612761,61,61,2025-12-16T02:06:41Z,3850000,False,161.0,196.0,1,right,B. Ingram 25' 3PT  (21 PTS) (I. Quickley 1 AST),"[1627742, 1630193]",1610612761.0,TOR,,,,Ingram,B. Ingram,,,,,Above the Break 3,24+ Right Center,25.35,Made,,,,,,,,21.0,I. Quickley,1630193.0,1.0,,,,,,,
404,PT06M13.00S,2025-12-16T02:06:50.9Z,3,REGULAR,foul,personal,['2freethrow'],1630193,,,1610612748,61,61,2025-12-16T02:07:06Z,3870000,False,,,0,,I. Quickley shooting personal FOUL (2 PF) (Powell 2 FT),"[1630193, 1626181]",1610612761.0,TOR,shooting,,,Quickley,I. Quickley,,,,,Restricted Area,0-8 Center,,,,,,,,,,,,,,1627964.0,2.0,0.0,Powell,1626181.0,,
406,PT06M13.00S,2025-12-16T02:07:19.1Z,3,REGULAR,freethrow,1 of 2,[],1626181,,,1610612748,62,61,2025-12-16T02:07:19Z,3890000,False,,,0,,N. Powell Free Throw 1 of 2 (12 PTS),[1626181],1610612748.0,MIA,,,,Powell,N. Powell,,,,,,,,Made,,,,,,,,12.0,,,,,,,,,,
407,PT06M13.00S,2025-12-16T02:07:20.2Z,3,REGULAR,substitution,out,[],1631323,,,1610612748,62,61,2025-12-16T02:07:25Z,3900000,False,,,0,,SUB out: S. Fontecchio,[1631323],1610612748.0,MIA,,,,Fontecchio,S. Fontecchio,,,,,,,,,,,,,,,,,,,,,,,,,,
408,PT06M13.00S,2025-12-16T02:07:20.2Z,3,REGULAR,substitution,in,[],1631170,,,1610612748,62,61,2025-12-16T02:07:25Z,3910000,False,,,0,,SUB in: J. Jaquez Jr.,[1631170],1610612748.0,MIA,,,,Jaquez Jr.,J. Jaquez Jr.,,,,,,,,,,,,,,,,,,,,,,,,,,
409,PT06M13.00S,2025-12-16T02:07:50.6Z,3,REGULAR,freethrow,2 of 2,[],1626181,,,1610612748,63,61,2025-12-16T02:07:50Z,3920000,False,,,0,,N. Powell Free Throw 2 of 2 (13 PTS),[1626181],1610612748.0,MIA,,,,Powell,N. Powell,,,,,,,,Made,,,,,,,,13.0,,,,,,,,,,
410,PT06M01.00S,2025-12-16T02:08:05.1Z,3,REGULAR,2pt,Jump Shot,[],1627742,81.2910643889619,68.62745098039215,1610612761,63,63,2025-12-16T02:08:10Z,3930000,False,93.0,123.0,1,right,B. Ingram 15' step back Jump Shot (23 PTS),[1627742],1610612761.0,TOR,step back,,,Ingram,B. Ingram,,,,,Mid-Range,8-16 Right,15.46,Made,,,,,,,,23.0,,,,,,,,,,
411,PT05M45.00S,2025-12-16T02:08:23.3Z,3,REGULAR,foul,personal,[],1630534,,,1610612748,63,63,2025-12-16T02:08:32Z,3940000,False,,,0,,O. Agbaji personal FOUL (2 PF),"[1630534, 1626181]",1610612761.0,TOR,,,,Agbaji,O. Agbaji,,,,,Mid-Range,8-16 Center,,,,,,,,,,,,,,201246.0,2.0,0.0,Powell,1626181.0,,
413,PT05M45.00S,2025-12-16T02:08:31.5Z,3,REGULAR,substitution,out,[],1626181,,,1610612748,63,63,2025-12-16T02:08:43Z,3960000,False,,,0,,SUB out: N. Powell,[1626181],1610612748.0,MIA,,,,Powell,N. Powell,,,,,,,,,,,,,,,,,,,,,,,,,,
414,PT05M45.00S,2025-12-16T02:08:31.5Z,3,REGULAR,substitution,out,[],1630567,,,1610612748,63,63,2025-12-16T02:08:43Z,3970000,False,,,0,,SUB out: S. Barnes,[1630567],1610612761.0,TOR,,,,Barnes,S. Barnes,,,,,,,,,,,,,,,,,,,,,,,,,,
415,PT05M45.00S,2025-12-16T02:08:31.5Z,3,REGULAR,substitution,out,[],1630193,,,1610612748,63,63,2025-12-16T02:08:43Z,3980000,False,,,0,,SUB out: I. Quickley,[1630193],1610612761.0,TOR,,,,Quickley,I. Quickley,,,,,,,,,,,,,,,,,,,,,,,,,,
416,PT05M45.00S,2025-12-16T02:08:31.5Z,3,REGULAR,substitution,out,[],1627751,,,1610612748,63,63,2025-12-16T02:08:43Z,3990000,False,,,0,,SUB out: J. Poeltl,[1627751],1610612761.0,TOR,,,,Poeltl,J. Poeltl,,,,,,,,,,,,,,,,,,,,,,,,,,
417,PT05M45.00S,2025-12-16T02:08:31.5Z,3,REGULAR,substitution,in,[],1631323,,,1610612748,63,63,2025-12-16T02:08:43Z,4000000,False,,,0,,SUB in: S. Fontecchio,[1631323],1610612748.0,MIA,,,,Fontecchio,S. Fontecchio,,,,,,,,,,,,,,,,,,,,,,,,,,
418,PT05M45.00S,2025-12-16T02:08:31.5Z,3,REGULAR,substitution,in,[],1642867,,,1610612748,63,63,2025-12-16T02:08:43Z,4010000,False,,,0,,SUB in: C. Murray-Boyles,[1642867],1610612761.0,TOR,,,,Murray-Boyles,C. Murray-Boyles,,,,,,,,,,,,,,,,,,,,,,,,,,
419,PT05M45.00S,2025-12-16T02:08:31.5Z,3,REGULAR,substitution,in,[],1642347,,,1610612748,63,63,2025-12-16T02:08:43Z,4020000,False,,,0,,SUB in: J. Shead,[1642347],1610612761.0,TOR,,,,Shead,J. Shead,,,,,,,,,,,,,,,,,,,,,,,,,,
420,PT05M45.00S,2025-12-16T02:08:31.5Z,3,REGULAR,substitution,in,[],1630572,,,1610612748,63,63,2025-12-16T02:08:43Z,4030000,False,,,0,,SUB in: S. Mamukelashvili,[1630572],1610612761.0,TOR,,,,Mamukelashvili,S. Mamukelashvili,,,,,,,,,,,,,,,,,,,,,,,,,,
421,PT05M34.00S,2025-12-16T02:08:59.0Z,3,REGULAR,2pt,Layup,['pointsinthepaint'],1630558,5.601182654402102,44.11764705882353,1610612748,65,63,2025-12-16T02:09:02Z,4040000,False,29.0,0.0,1,left,D. Mitchell driving Layup (10 PTS),[1630558],1610612748.0,MIA,driving,,,Mitchell,D. Mitchell,,,,,Restricted Area,0-8 Center,2.94,Made,,,,,,,,10.0,,,,,,,,,,
422,PT05M24.00S,2025-12-16T02:09:12.0Z,3,REGULAR,foul,personal,[],203952,,,1610612761,65,63,2025-12-16T02:09:20Z,4050000,False,,,0,,A. Wiggins personal FOUL (2 PF),"[203952, 1627742]",1610612748.0,MIA,,,,Wiggins,A. Wiggins,,,,,Mid-Range,16-24 Center,,,,,,,,,,,,,,1627964.0,2.0,0.0,Ingram,1627742.0,,
424,PT05M12.00S,2025-12-16T02:09:47.5Z,3,REGULAR,2pt,Jump Shot,['pointsinthepaint'],1627742,79.84559789750328,51.9607843137255,1610612761,65,63,2025-12-16T02:10:16Z,4070000,False,10.0,137.0,1,right,MISS B. Ingram 13' pullup Shot,[1627742],1610612761.0,TOR,pullup,,,Ingram,B. Ingram,,,,,In The Paint (Non-RA),8-16 Center,13.74,Missed,,,,,,,,,,,,,,,,,,
425,PT05M08.00S,2025-12-16T02:09:51.5Z,3,REGULAR,rebound,defensive,[],1631323,,,1610612748,65,63,2025-12-16T02:09:53Z,4080000,False,,,0,,S. Fontecchio REBOUND (Off:0 Def:2),[1631323],1610612748.0,MIA,,,,Fontecchio,S. Fontecchio,,,,,In The Paint (Non-RA),8-16 Center,,,424.0,2.0,2.0,0.0,,,,,,,,,,,,,,
426,PT04M55.00S,2025-12-16T02:10:04.3Z,3,REGULAR,2pt,DUNK,['pointsinthepaint'],1628389,5.995400788436268,52.450980392156865,1610612748,65,63,2025-12-16T02:10:10Z,4090000,False,-12.0,4.0,1,left,MISS B. Adebayo driving DUNK - blocked,"[1628389, 1642867]",1610612748.0,MIA,driving,,,Adebayo,B. Adebayo,,,,,Restricted Area,0-8 Center,1.29,Missed,,,,,,,,,,,,,,,,,Murray-Boyles,1642867.0
427,PT04M55.00S,2025-12-16T02:10:04.3Z,3,REGULAR,block,,[],1642867,,,1610612748,65,63,2025-12-16T02:10:06Z,4100000,False,,,0,,C. Murray-Boyles BLOCK (1 BLK),[1642867],1610612761.0,TOR,,,,Murray-Boyles,C. Murray-Boyles,,,,,Restricted Area,0-8 Center,,,,,,,,,,,,,,,,,,,,
428,PT04M50.00S,2025-12-16T02:10:09.3Z,3,REGULAR,rebound,defensive,[],1642347,,,1610612761,65,63,2025-12-16T02:10:10Z,4110000,False,,,0,,J. Shead REBOUND (Off:0 Def:2),[1642347],1610612761.0,TOR,,,,Shead,J. Shead,,,,,Restricted Area,0-8 Center,,,426.0,2.0,2.0,0.0,,,,,,,,,,,,,,
429,PT04M50.00S,2025-12-16T02:10:11.3Z,3,REGULAR,turnover,out-of-bounds,[],1630572,,,1610612761,65,63,2025-12-16T02:10:16Z,4120000,False,,,0,,S. Mamukelashvili lost ball out-of-bounds TURNOVER (1 TO),[1630572],1610612761.0,TOR,lost ball,,,Mamukelashvili,S. Mamukelashvili,,,,,Mid-Range,16-24 Center,,,,,,,1.0,,,,,,,201246.0,,,,,,
430,PT04M34.00S,2025-12-16T02:10:39.2Z,3,REGULAR,2pt,Layup,"['pointsinthepaint', 'fromturnover']",203952,5.995400788436268,46.81372549019608,1610612748,65,63,2025-12-16T02:10:43Z,4130000,False,16.0,4.0,1,left,MISS A. Wiggins driving Layup - blocked,"[203952, 1627742]",1610612748.0,MIA,driving,,,Wiggins,A. Wiggins,,,,,Restricted Area,0-8 Center,1.64,Missed,,,,,,,,,,,,,,,,,Ingram,1627742.0
436,PT04M34.00S,2025-12-16T02:10:39.2Z,3,REGULAR,block,,[],1627742,,,1610612748,65,63,2025-12-16T02:11:14Z,4135000,False,,,0,,B. Ingram BLOCK (1 BLK),[1627742],1610612761.0,TOR,,,,Ingram,B. Ingram,,,,,Restricted Area,0-8 Center,,,,,,,,,,,,,,,,,,,,
431,PT04M31.00S,2025-12-16T02:10:42.2Z,3,REGULAR,rebound,defensive,[],1627742,,,1610612761,65,63,2025-12-16T02:10:43Z,4140000,False,,,0,,B. Ingram REBOUND (Off:0 Def:4),[1627742],1610612761.0,TOR,,,,Ingram,B. Ingram,,,,,Restricted Area,0-8 Center,,,430.0,4.0,4.0,0.0,,,,,,,,,,,,,,
432,PT04M28.00S,2025-12-16T02:10:46.0Z,3,REGULAR,2pt,Layup,"['pointsinthepaint', 'fastbreak']",1630572,94.56307490144546,51.225490196078425,1610612761,65,65,2025-12-16T02:10:52Z,4150000,False,6.0,-1.0,1,right,S. Mamukelashvili running Layup (5 PTS) (C. Murray-Boyles 2 AST),"[1630572, 1642867]",1610612761.0,TOR,running,,,Mamukelashvili,S. Mamukelashvili,,,,,Restricted Area,0-8 Center,0.63,Made,,,,,,,,5.0,C. Murray-Boyles,1642867.0,2.0,,,,,,,
434,PT04M10.00S,2025-12-16T02:11:03.3Z,3,REGULAR,2pt,Layup,['pointsinthepaint'],1631323,8.623521681997373,45.34313725490196,1610612748,65,65,2025-12-16T02:11:09Z,4170000,False,23.0,29.0,1,left,MISS S. Fontecchio driving finger roll Layup,[1631323],1610612748.0,MIA,driving finger roll,,,Fontecchio,S. Fontecchio,,,,,Restricted Area,0-8 Center,3.69,Missed,,,,,,,,,,,,,,,,,,
435,PT04M05.00S,2025-12-16T02:11:08.2Z,3,REGULAR,rebound,defensive,[],1630534,,,1610612761,65,65,2025-12-16T02:11:08Z,4180000,False,,,0,,O. Agbaji REBOUND (Off:1 Def:2),[1630534],1610612761.0,TOR,,,,Agbaji,O. Agbaji,,,,,Restricted Area,0-8 Center,,,434.0,3.0,2.0,1.0,,,,,,,,,,,,,,
437,PT03M58.00S,2025-12-16T02:11:15.6Z,3,REGULAR,2pt,Layup,['pointsinthepaint'],1642347,93.38042049934296,44.85294117647059,1610612761,65,65,2025-12-16T02:17:49Z,4190000,False,-26.0,10.0,1,right,MISS J. Shead driving Layup - blocked,"[1642347, 1630558]",1610612761.0,TOR,driving,,,Shead,J. Shead,,,,,Restricted Area,0-8 Center,2.75,Missed,,,,,,,,,,,,,,,,,Mitchell,1630558.0
473,PT03M58.00S,2025-12-16T02:11:15.6Z,3,REGULAR,block,,[],1630558,,,1610612761,65,65,2025-12-16T02:17:22Z,4195000,False,,,0,,D. Mitchell BLOCK (1 BLK),[1630558],1610612748.0,MIA,,,,Mitchell,D. Mitchell,,,,,Restricted Area,0-8 Center,,,,,,,,,,,,,,,,,,,,
438,PT03M55.00S,2025-12-16T02:11:18.6Z,3,REGULAR,rebound,defensive,[],1631323,,,1610612748,65,65,2025-12-16T02:11:41Z,4200000,False,,,0,,S. Fontecchio REBOUND (Off:0 Def:3),[1631323],1610612748.0,MIA,,,,Fontecchio,S. Fontecchio,,,,,Restricted Area,0-8 Center,,,437.0,3.0,3.0,0.0,,,,,,,,,,,,,,
439,PT03M52.00S,2025-12-16T02:11:32.2Z,3,REGULAR,turnover,out-of-bounds,[],1631323,,,1610612748,65,65,2025-12-16T02:12:00Z,4210000,False,,,0,,S. Fontecchio bad pass out-of-bounds TURNOVER (2 TO),[1631323],1610612748.0,MIA,bad pass,,,Fontecchio,S. Fontecchio,,,,,Above the Break 3,24+ Right,,,,,,,2.0,,,,,,,1627964.0,,,,,,
440,PT03M52.00S,2025-12-16T02:11:42.5Z,3,REGULAR,substitution,out,[],1628389,,,1610612761,65,65,2025-12-16T02:11:56Z,4220000,False,,,0,,SUB out: B. Adebayo,[1628389],1610612748.0,MIA,,,,Adebayo,B. Adebayo,,,,,,,,,,,,,,,,,,,,,,,,,,
442,PT03M52.00S,2025-12-16T02:11:42.5Z,3,REGULAR,substitution,out,[],1630558,,,1610612761,65,65,2025-12-16T02:11:56Z,4240000,False,,,0,,SUB out: D. Mitchell,[1630558],1610612748.0,MIA,,,,Mitchell,D. Mitchell,,,,,,,,,,,,,,,,,,,,,,,,,,
443,PT03M52.00S,2025-12-16T02:11:42.5Z,3,REGULAR,substitution,out,[],1630534,,,1610612761,65,65,2025-12-16T02:11:56Z,4250000,False,,,0,,SUB out: O. Agbaji,[1630534],1610612761.0,TOR,,,,Agbaji,O. Agbaji,,,,,,,,,,,,,,,,,,,,,,,,,,
444,PT03M52.00S,2025-12-16T02:11:42.5Z,3,REGULAR,substitution,in,[],1630696,,,1610612761,65,65,2025-12-16T02:11:56Z,4260000,False,,,0,,SUB in: D. Smith,[1630696],1610612748.0,MIA,,,,Smith,D. Smith,,,,,,,,,,,,,,,,,,,,,,,,,,
446,PT03M52.00S,2025-12-16T02:11:42.5Z,3,REGULAR,substitution,in,[],1642276,,,1610612761,65,65,2025-12-16T02:11:56Z,4280000,False,,,0,,SUB in: K. Ware,[1642276],1610612748.0,MIA,,,,Ware,K. Ware,,,,,,,,,,,,,,,,,,,,,,,,,,
447,PT03M52.00S,2025-12-16T02:11:42.5Z,3,REGULAR,substitution,in,[],1641711,,,1610612761,65,65,2025-12-16T02:11:56Z,4290000,False,,,0,,SUB in: G. Dick,[1641711],1610612761.0,TOR,,,,Dick,G. Dick,,,,,,,,,,,,,,,,,,,,,,,,,,
448,PT03M42.00S,2025-12-16T02:12:12.3Z,3,REGULAR,2pt,Jump Shot,['fromturnover'],1627742,79.58278580814718,59.068627450980394,1610612761,65,65,2025-12-16T02:23:42Z,4300000,False,45.0,139.0,1,right,MISS B. Ingram 14' pullup Shot - blocked,"[1627742, 203952]",1610612761.0,TOR,pullup,,,Ingram,B. Ingram,,,,,Mid-Range,8-16 Center,14.66,Missed,,,,,,,,,,,,,,,,,Wiggins,203952.0
505,PT03M42.00S,2025-12-16T02:12:12.3Z,3,REGULAR,block,,[],203952,,,1610612761,65,65,2025-12-16T02:21:50Z,4305000,False,,,0,,A. Wiggins BLOCK (2 BLK),[203952],1610612748.0,MIA,,,,Wiggins,A. Wiggins,,,,,Mid-Range,8-16 Center,,,,,,,,,,,,,,,,,,,,
452,PT03M41.00S,2025-12-16T02:12:13.3Z,3,REGULAR,rebound,defensive,['team'],0,,,1610612748,65,65,2025-12-16T02:22:10Z,4310000,False,,,0,,TEAM defensive REBOUND,[],1610612748.0,MIA,,,,,,,,,,Mid-Range,8-16 Center,,,448.0,,,,,,,,,,,,,,,,,
449,PT03M41.00S,2025-12-16T02:12:45.0Z,3,REGULAR,jumpball,recovered,[],1630696,,,1610612748,65,65,2025-12-16T02:26:19Z,4320000,False,,,0,,Jump Ball A. Wiggins vs. B. Ingram: Tip to D. Smith,"[1630696, 203952, 1627742]",1610612748.0,MIA,heldball,D. Smith,1630696.0,Smith,D. Smith,Wiggins,203952.0,Ingram,1627742.0,,,,,,,,,,,,,,,,,,,,,,
453,PT03M30.00S,2025-12-16T02:12:49.4Z,3,REGULAR,3pt,Jump Shot,['fastbreak'],1631323,19.530223390275953,90.19607843137256,1610612748,68,65,2025-12-16T02:24:01Z,4350000,False,-201.0,131.0,1,left,S. Fontecchio 24' 3PT running (3 PTS) (J. Jaquez Jr. 3 AST),"[1631323, 1631170]",1610612748.0,MIA,running,,,Fontecchio,S. Fontecchio,,,,,Above the Break 3,24+ Left Center,24.0,Made,,,,,,,,3.0,J. Jaquez Jr.,1631170.0,3.0,,,,,,,
455,PT03M18.00S,2025-12-16T02:13:01.5Z,3,REGULAR,2pt,Layup,['pointsinthepaint'],1642867,92.46057818659659,43.872549019607845,1610612761,68,67,2025-12-16T02:13:06Z,4370000,False,-31.0,18.0,1,right,C. Murray-Boyles driving Layup (2 PTS) (B. Ingram 3 AST),"[1642867, 1627742]",1610612761.0,TOR,driving,,,Murray-Boyles,C. Murray-Boyles,,,,,Restricted Area,0-8 Center,3.57,Made,,,,,,,,2.0,B. Ingram,1627742.0,3.0,,,,,,,
457,PT03M07.00S,2025-12-16T02:13:12.4Z,3,REGULAR,turnover,lost ball,[],1631170,,,1610612748,68,67,2025-12-16T02:13:16Z,4390000,False,,,0,,J. Jaquez Jr. lost ball TURNOVER (4 TO),"[1631170, 1642867]",1610612748.0,MIA,,,,Jaquez Jr.,J. Jaquez Jr.,,,,,Mid-Range,8-16 Right,,,,,,,4.0,Murray-Boyles,1642867.0,,,,,,,,,,,
458,PT03M07.00S,2025-12-16T02:13:12.4Z,3,REGULAR,steal,,[],1642867,,,1610612761,68,67,2025-12-16T02:13:14Z,4400000,False,,,0,,C. Murray-Boyles STEAL (1 STL),[1642867],1610612761.0,TOR,,,,Murray-Boyles,C. Murray-Boyles,,,,,Mid-Range,8-16 Right,,,,,,,,,,,,,,,,,,,,
459,PT03M00.00S,2025-12-16T02:13:19.0Z,3,REGULAR,3pt,Jump Shot,"['fastbreak', 'fromturnover']",1641711,69.85873850197109,75.49019607843137,1610612761,68,67,2025-12-16T02:24:46Z,4410000,False,127.0,231.0,1,right,MISS G. Dick 26' running 3PT,[1641711],1610612761.0,TOR,running,,,Dick,G. Dick,,,,,Above the Break 3,24+ Right Center,26.37,Missed,,,,,,,,,,,,,,,,,,
460,PT02M57.00S,2025-12-16T02:13:22.0Z,3,REGULAR,rebound,offensive,[],1630572,,,1610612761,68,67,2025-12-16T02:24:46Z,4420000,False,,,0,,S. Mamukelashvili REBOUND (Off:1 Def:2),[1630572],1610612761.0,TOR,,,,Mamukelashvili,S. Mamukelashvili,,,,,Above the Break 3,24+ Right Center,,,459.0,3.0,2.0,1.0,,,,,,,,,,,,,,
461,PT02M54.00S,2025-12-16T02:13:26.1Z,3,REGULAR,3pt,Jump Shot,"['fromturnover', '2ndchance']",1641711,66.3107752956636,48.03921568627451,1610612761,68,70,2025-12-16T02:13:29Z,4430000,False,-10.0,264.0,1,right,G. Dick 26' 3PT  (8 PTS) (B. Ingram 4 AST),"[1641711, 1627742]",1610612761.0,TOR,,,,Dick,G. Dick,,,,,Above the Break 3,24+ Center,26.44,Made,,,,,,,,8.0,B. Ingram,1627742.0,4.0,,,,,,,
463,PT02M36.00S,2025-12-16T02:13:42.7Z,3,REGULAR,3pt,Jump Shot,[],203952,31.750985545335087,58.82352941176471,1610612748,68,70,2025-12-16T02:13:51Z,4450000,False,-44.0,246.0,1,left,MISS A. Wiggins 24' step back 3PT,[203952],1610612748.0,MIA,step back,,,Wiggins,A. Wiggins,,,,,Above the Break 3,24+ Center,24.99,Missed,,,,,,,,,,,,,,,,,,
464,PT02M32.00S,2025-12-16T02:13:46.7Z,3,REGULAR,rebound,defensive,[],1642347,,,1610612761,68,70,2025-12-16T02:13:51Z,4460000,False,,,0,,J. Shead REBOUND (Off:0 Def:3),[1642347],1610612761.0,TOR,,,,Shead,J. Shead,,,,,Above the Break 3,24+ Center,,,463.0,3.0,3.0,0.0,,,,,,,,,,,,,,
465,PT02M24.00S,2025-12-16T02:13:56.6Z,3,REGULAR,2pt,Layup,"['pointsinthepaint', 'defensivegoaltending']",1642867,94.69448094612353,54.41176470588235,1610612761,68,72,2025-12-16T02:14:24Z,4470000,False,22.0,-3.0,1,right,C. Murray-Boyles cutting Layup (4 PTS) (B. Ingram 5 AST),"[1642867, 1627742]",1610612761.0,TOR,cutting,,,Murray-Boyles,C. Murray-Boyles,,,,,Restricted Area,0-8 Center,2.23,Made,,,,,,,,4.0,B. Ingram,1627742.0,5.0,,,,,,,
467,PT02M24.00S,2025-12-16T02:14:06.1Z,3,REGULAR,violation,defensive goaltending,[],1631323,,,1610612761,68,72,2025-12-16T02:14:15Z,4490000,False,,,0,,S. Fontecchio defensive goaltending VIOLATION,[1631323],1610612748.0,MIA,,,,Fontecchio,S. Fontecchio,,,,,,,,,,,,,,,,,,,,202026.0,,,,,,
468,PT02M24.00S,2025-12-16T02:14:17.0Z,3,REGULAR,timeout,full,"['team', 'mandatory']",0,,,1610612748,68,72,2025-12-16T02:14:17Z,4500000,False,,,0,,MIA Timeout,[],1610612748.0,MIA,,,,,,,,,,,,,,,,,,,,,,,,,,,,,,,
469,PT02M24.00S,2025-12-16T02:16:39.6Z,3,REGULAR,substitution,out,[],203952,,,1610612748,68,72,2025-12-16T02:16:57Z,4510000,False,,,0,,SUB out: A. Wiggins,[203952],1610612748.0,MIA,,,,Wiggins,A. Wiggins,,,,,,,,,,,,,,,,,,,,,,,,,,
470,PT02M24.00S,2025-12-16T02:16:39.6Z,3,REGULAR,substitution,out,[],1631323,,,1610612748,68,72,2025-12-16T02:16:57Z,4520000,False,,,0,,SUB out: S. Fontecchio,[1631323],1610612748.0,MIA,,,,Fontecchio,S. Fontecchio,,,,,,,,,,,,,,,,,,,,,,,,,,
471,PT02M24.00S,2025-12-16T02:16:39.6Z,3,REGULAR,substitution,in,[],1642352,,,1610612748,68,72,2025-12-16T02:16:57Z,4530000,False,,,0,,SUB in: K. Johnson,[1642352],1610612748.0,MIA,,,,Johnson,K. Johnson,,,,,,,,,,,,,,,,,,,,,,,,,,
472,PT02M24.00S,2025-12-16T02:16:39.6Z,3,REGULAR,substitution,in,[],1626181,,,1610612748,68,72,2025-12-16T02:16:57Z,4540000,False,,,0,,SUB in: N. Powell,[1626181],1610612748.0,MIA,,,,Powell,N. Powell,,,,,,,,,,,,,,,,,,,,,,,,,,
474,PT02M06.00S,2025-12-16T02:17:27.0Z,3,REGULAR,2pt,DUNK,['pointsinthepaint'],1642276,6.1268068331143235,47.549019607843135,1610612748,70,72,2025-12-16T02:17:31Z,4550000,False,12.0,5.0,1,left,K. Ware alley-oop DUNK (4 PTS) (D. Smith 2 AST),"[1642276, 1630696]",1610612748.0,MIA,alley-oop,,,Ware,K. Ware,,,,,Restricted Area,0-8 Center,1.33,Made,,,,,,,,4.0,D. Smith,1630696.0,2.0,,,,,,,
476,PT01M44.00S,2025-12-16T02:17:49.1Z,3,REGULAR,2pt,Jump Shot,['pointsinthepaint'],1641711,83.39356110381078,50.73529411764706,1610612761,70,72,2025-12-16T02:17:57Z,4570000,False,4.0,104.0,1,right,MISS G. Dick 10' pullup Shot - blocked,"[1641711, 1642276]",1610612761.0,TOR,pullup,,,Dick,G. Dick,,,,,In The Paint (Non-RA),8-16 Center,10.37,Missed,,,,,,,,,,,,,,,,,Ware,1642276.0
477,PT01M44.00S,2025-12-16T02:17:49.1Z,3,REGULAR,block,,[],1642276,,,1610612761,70,72,2025-12-16T02:17:52Z,4580000,False,,,0,,K. Ware BLOCK (1 BLK),[1642276],1610612748.0,MIA,,,,Ware,K. Ware,,,,,In The Paint (Non-RA),8-16 Center,,,,,,,,,,,,,,,,,,,,
478,PT01M40.00S,2025-12-16T02:17:53.1Z,3,REGULAR,rebound,defensive,[],1642276,,,1610612748,70,72,2025-12-16T02:19:52Z,4590000,False,,,0,,K. Ware REBOUND (Off:1 Def:9),[1642276],1610612748.0,MIA,,,,Ware,K. Ware,,,,,In The Paint (Non-RA),8-16 Center,,,476.0,10.0,9.0,1.0,,,,,,,,,,,,,,
479,PT01M31.00S,2025-12-16T02:18:02.5Z,3,REGULAR,2pt,Jump Shot,['pointsinthepaint'],1630696,7.966491458607096,38.970588235294116,1610612748,70,72,2025-12-16T02:27:02Z,4600000,False,55.0,22.0,1,left,MISS D. Smith driving floating bank Shot,[1630696],1610612748.0,MIA,driving floating bank,,,Smith,D. Smith,,,,,In The Paint (Non-RA),0-8 Center,5.95,Missed,,,,,,,,,,,,,,,,,,
480,PT01M26.00S,2025-12-16T02:18:06.8Z,3,REGULAR,rebound,offensive,[],1642352,,,1610612748,70,72,2025-12-16T02:18:06Z,4610000,False,,,0,,K. Johnson REBOUND (Off:2 Def:0),[1642352],1610612748.0,MIA,,,,Johnson,K. Johnson,,,,,In The Paint (Non-RA),0-8 Center,,,479.0,2.0,0.0,2.0,,,,,,,,,,,,,,
481,PT01M26.00S,2025-12-16T02:18:06.8Z,3,REGULAR,2pt,Layup,"['pointsinthepaint', '2ndchance']",1642352,5.590000152587891,50.0,1610612748,72,72,2025-12-16T02:18:06Z,4620000,False,0.0,0.0,1,left,K. Johnson tip Layup (4 PTS),[1642352],1610612748.0,MIA,tip,,,Johnson,K. Johnson,,,,,Mid-Range,8-16 Left,0.0,Made,,,,,,,,4.0,,,,,,,,,,
482,PT01M18.00S,2025-12-16T02:18:14.6Z,3,REGULAR,3pt,Jump Shot,[],1641711,95.3515111695138,3.431372549019608,1610612761,72,72,2025-12-16T02:18:19Z,4630000,False,-233.0,-9.0,1,right,MISS G. Dick 3PT,[1641711],1610612761.0,TOR,,,,Dick,G. Dick,,,,,Left Corner 3,24+ Left,23.3,Missed,,,,,,,,,,,,,,,,,,
483,PT01M16.00S,2025-12-16T02:18:16.6Z,3,REGULAR,rebound,defensive,[],1642276,,,1610612748,72,72,2025-12-16T02:18:19Z,4640000,False,,,0,,K. Ware REBOUND (Off:1 Def:10),[1642276],1610612748.0,MIA,,,,Ware,K. Ware,,,,,Left Corner 3,24+ Left,,,482.0,11.0,10.0,1.0,,,,,,,,,,,,,,
484,PT01M06.00S,2025-12-16T02:18:27.7Z,3,REGULAR,2pt,Jump Shot,['pointsinthepaint'],1642276,14.14257555847569,38.72549019607843,1610612748,72,72,2025-12-16T02:18:32Z,4650000,False,56.0,80.0,1,left,MISS K. Ware 9' turnaround fadeaway Shot,[1642276],1610612748.0,MIA,turnaround fadeaway,,,Ware,K. Ware,,,,,In The Paint (Non-RA),8-16 Right,9.82,Missed,,,,,,,,,,,,,,,,,,
485,PT01M03.00S,2025-12-16T02:18:30.7Z,3,REGULAR,rebound,offensive,[],1631170,,,1610612748,72,72,2025-12-16T02:18:32Z,4660000,False,,,0,,J. Jaquez Jr. REBOUND (Off:1 Def:1),[1631170],1610612748.0,MIA,,,,Jaquez Jr.,J. Jaquez Jr.,,,,,In The Paint (Non-RA),8-16 Right,,,484.0,2.0,1.0,1.0,,,,,,,,,,,,,,
486,PT00M54.90S,2025-12-16T02:18:39.8Z,3,REGULAR,2pt,Layup,"['pointsinthepaint', '2ndchance']",1626181,6.389618922470433,58.82352941176471,1610612748,74,72,2025-12-16T02:18:44Z,4670000,False,-44.0,8.0,1,left,N. Powell driving finger roll Layup (15 PTS),[1626181],1610612748.0,MIA,driving finger roll,,,Powell,N. Powell,,,,,In The Paint (Non-RA),0-8 Center,4.48,Made,,,,,,,,15.0,,,,,,,,,,
487,PT00M41.90S,2025-12-16T02:18:54.5Z,3,REGULAR,turnover,lost ball,[],1642867,,,1610612761,74,72,2025-12-16T02:18:58Z,4680000,False,,,0,,C. Murray-Boyles lost ball TURNOVER (1 TO),"[1642867, 1630696]",1610612761.0,TOR,,,,Murray-Boyles,C. Murray-Boyles,,,,,Mid-Range,16-24 Right Center,,,,,,,1.0,Smith,1630696.0,,,,,,,,,,,
488,PT00M41.90S,2025-12-16T02:18:54.5Z,3,REGULAR,steal,,[],1630696,,,1610612748,74,72,2025-12-16T02:18:56Z,4690000,False,,,0,,D. Smith STEAL (1 STL),[1630696],1610612748.0,MIA,,,,Smith,D. Smith,,,,,Mid-Range,16-24 Right Center,,,,,,,,,,,,,,,,,,,,
489,PT00M36.30S,2025-12-16T02:18:59.9Z,3,REGULAR,3pt,Jump Shot,"['fromturnover', 'fastbreak']",1630696,31.35676741130092,32.84313725490196,1610612748,77,72,2025-12-16T02:19:07Z,4700000,False,86.0,242.0,1,left,D. Smith 25' 3PT running pullup (9 PTS),[1630696],1610612748.0,MIA,running pullup,,,Smith,D. Smith,,,,,Above the Break 3,24+ Right Center,25.7,Made,,,,,,,,9.0,,,,,,,,,,
490,PT00M35.70S,2025-12-16T02:19:09.7Z,3,REGULAR,timeout,full,['team'],0,,,1610612761,77,72,2025-12-16T02:19:09Z,4710000,False,,,0,,TOR Timeout,[],1610612761.0,TOR,,,,,,,,,,,,,,,,,,,,,,,,,,,,,,,
491,PT00M35.70S,2025-12-16T02:20:14.2Z,3,REGULAR,substitution,out,[],1627742,,,1610612761,77,72,2025-12-16T02:20:32Z,4720000,False,,,0,,SUB out: B. Ingram,[1627742],1610612761.0,TOR,,,,Ingram,B. Ingram,,,,,,,,,,,,,,,,,,,,,,,,,,
492,PT00M35.70S,2025-12-16T02:20:14.2Z,3,REGULAR,substitution,out,[],1642867,,,1610612761,77,72,2025-12-16T02:20:32Z,4730000,False,,,0,,SUB out: C. Murray-Boyles,[1642867],1610612761.0,TOR,,,,Murray-Boyles,C. Murray-Boyles,,,,,,,,,,,,,,,,,,,,,,,,,,
493,PT00M35.70S,2025-12-16T02:20:14.2Z,3,REGULAR,substitution,in,[],1630567,,,1610612761,77,72,2025-12-16T02:20:32Z,4740000,False,,,0,,SUB in: S. Barnes,[1630567],1610612761.0,TOR,,,,Barnes,S. Barnes,,,,,,,,,,,,,,,,,,,,,,,,,,
494,PT00M35.70S,2025-12-16T02:20:14.2Z,3,REGULAR,substitution,in,[],1630193,,,1610612761,77,72,2025-12-16T02:20:32Z,4750000,False,,,0,,SUB in: I. Quickley,[1630193],1610612761.0,TOR,,,,Quickley,I. Quickley,,,,,,,,,,,,,,,,,,,,,,,,,,
495,PT00M22.70S,2025-12-16T02:20:48.9Z,3,REGULAR,2pt,Layup,['pointsinthepaint'],1630567,94.43166885676742,47.549019607843135,1610612761,77,74,2025-12-16T02:29:16Z,4760000,False,-12.0,0.0,1,right,S. Barnes driving Layup (11 PTS) (J. Shead 7 AST),"[1630567, 1642347]",1610612761.0,TOR,driving,,,Barnes,S. Barnes,,,,,Restricted Area,0-8 Center,1.23,Made,,,,,,,,11.0,J. Shead,1642347.0,7.0,,,,,,,
497,PT00M06.30S,2025-12-16T02:21:08.2Z,3,REGULAR,foul,personal,[],1641711,,,1610612748,77,74,2025-12-16T02:21:14Z,4780000,False,,,0,,G. Dick personal FOUL (2 PF),"[1641711, 1631170]",1610612761.0,TOR,,,,Dick,G. Dick,,,,,Above the Break 3,24+ Center,,,,,,,,,,,,,,201246.0,2.0,0.0,Jaquez Jr.,1631170.0,,
499,PT00M06.30S,2025-12-16T02:21:16.4Z,3,REGULAR,substitution,out,[],1641711,,,1610612748,77,74,2025-12-16T02:21:30Z,4800000,False,,,0,,SUB out: G. Dick,[1641711],1610612761.0,TOR,,,,Dick,G. Dick,,,,,,,,,,,,,,,,,,,,,,,,,,
500,PT00M06.30S,2025-12-16T02:21:16.4Z,3,REGULAR,substitution,out,[],1630572,,,1610612748,77,74,2025-12-16T02:21:30Z,4810000,False,,,0,,SUB out: S. Mamukelashvili,[1630572],1610612761.0,TOR,,,,Mamukelashvili,S. Mamukelashvili,,,,,,,,,,,,,,,,,,,,,,,,,,
501,PT00M06.30S,2025-12-16T02:21:16.4Z,3,REGULAR,substitution,in,[],1630534,,,1610612748,77,74,2025-12-16T02:21:30Z,4820000,False,,,0,,SUB in: O. Agbaji,[1630534],1610612761.0,TOR,,,,Agbaji,O. Agbaji,,,,,,,,,,,,,,,,,,,,,,,,,,
502,PT00M06.30S,2025-12-16T02:21:16.4Z,3,REGULAR,substitution,in,[],1642867,,,1610612748,77,74,2025-12-16T02:21:30Z,4830000,False,,,0,,SUB in: C. Murray-Boyles,[1642867],1610612761.0,TOR,,,,Murray-Boyles,C. Murray-Boyles,,,,,,,,,,,,,,,,,,,,,,,,,,
503,PT00M06.30S,2025-12-16T02:21:33.2Z,3,REGULAR,substitution,out,[],1642352,,,1610612748,77,74,2025-12-16T02:21:38Z,4840000,False,,,0,,SUB out: K. Johnson,[1642352],1610612748.0,MIA,,,,Johnson,K. Johnson,,,,,,,,,,,,,,,,,,,,,,,,,,
504,PT00M06.30S,2025-12-16T02:21:33.2Z,3,REGULAR,substitution,in,[],1631323,,,1610612748,77,74,2025-12-16T02:21:38Z,4850000,False,,,0,,SUB in: S. Fontecchio,[1631323],1610612748.0,MIA,,,,Fontecchio,S. Fontecchio,,,,,,,,,,,,,,,,,,,,,,,,,,
506,PT00M02.10S,2025-12-16T02:21:53.9Z,3,REGULAR,2pt,Layup,['pointsinthepaint'],1642276,8.492115637319317,47.30392156862745,1610612748,77,74,2025-12-16T02:22:02Z,4860000,False,13.0,27.0,1,left,MISS K. Ware driving Layup - blocked,"[1642276, 1630567]",1610612748.0,MIA,driving,,,Ware,K. Ware,,,,,Restricted Area,0-8 Center,3.05,Missed,,,,,,,,,,,,,,,,,Barnes,1630567.0
507,PT00M02.10S,2025-12-16T02:21:53.9Z,3,REGULAR,block,,[],1630567,,,1610612748,77,74,2025-12-16T02:21:57Z,4870000,False,,,0,,S. Barnes BLOCK (1 BLK),[1630567],1610612761.0,TOR,,,,Barnes,S. Barnes,,,,,Restricted Area,0-8 Center,,,,,,,,,,,,,,,,,,,,
508,PT00M02.10S,2025-12-16T02:21:53.9Z,3,REGULAR,rebound,offensive,['team'],0,,,1610612748,77,74,2025-12-16T02:22:02Z,4880000,False,,,0,,TEAM offensive REBOUND,[],1610612748.0,MIA,,,,,,,,,,Restricted Area,0-8 Center,,,506.0,,,,,,,,,,,,,,,,,
510,PT00M00.30S,2025-12-16T02:22:23.6Z,3,REGULAR,3pt,Jump Shot,['2ndchance'],1642276,28.86005256241787,81.61764705882352,1610612748,77,74,2025-12-16T02:22:32Z,4900000,False,-158.0,219.0,1,left,MISS K. Ware 26' 3PT,[1642276],1610612748.0,MIA,,,,Ware,K. Ware,,,,,Above the Break 3,24+ Left Center,26.99,Missed,,,,,,,,,,,,,,,,,,
511,PT00M00.10S,2025-12-16T02:22:23.8Z,3,REGULAR,rebound,offensive,['team'],0,,,1610612748,77,74,2025-12-16T02:22:32Z,4910000,False,,,0,,TEAM offensive REBOUND,[],1610612748.0,MIA,,,,,,,,,,Above the Break 3,24+ Left Center,,,510.0,,,,,,,,,,,,,,,,,
512,PT00M00.00S,2025-12-16T02:22:33.3Z,3,REGULAR,period,end,[],0,,,1610612748,77,74,2025-12-16T02:22:33Z,4920000,False,,,0,,Period End,[],,,,,,,,,,,,,,,,,,,,,,,,,,,,,,,,,
513,PT12M00.00S,2025-12-16T02:23:32.8Z,4,REGULAR,substitution,out,['startperiod'],1631323,,,1610612748,77,74,2025-12-16T02:24:54Z,4930000,False,,,0,,SUB out: S. Fontecchio,[1631323],1610612748.0,MIA,,,,Fontecchio,S. Fontecchio,,,,,,,,,,,,,,,,,,,,,,,,,,
514,PT12M00.00S,2025-12-16T02:23:32.8Z,4,REGULAR,substitution,out,['startperiod'],1642867,,,1610612748,77,74,2025-12-16T02:24:54Z,4940000,False,,,0,,SUB out: C. Murray-Boyles,[1642867],1610612761.0,TOR,,,,Murray-Boyles,C. Murray-Boyles,,,,,,,,,,,,,,,,,,,,,,,,,,
515,PT12M00.00S,2025-12-16T02:23:32.8Z,4,REGULAR,substitution,out,['startperiod'],1642347,,,1610612748,77,74,2025-12-16T02:24:54Z,4950000,False,,,0,,SUB out: J. Shead,[1642347],1610612761.0,TOR,,,,Shead,J. Shead,,,,,,,,,,,,,,,,,,,,,,,,,,
516,PT12M00.00S,2025-12-16T02:23:32.8Z,4,REGULAR,substitution,out,['startperiod'],1630534,,,1610612748,77,74,2025-12-16T02:24:54Z,4960000,False,,,0,,SUB out: O. Agbaji,[1630534],1610612761.0,TOR,,,,Agbaji,O. Agbaji,,,,,,,,,,,,,,,,,,,,,,,,,,
517,PT12M00.00S,2025-12-16T02:23:32.8Z,4,REGULAR,substitution,in,['startperiod'],1642352,,,1610612748,77,74,2025-12-16T02:24:54Z,4970000,False,,,0,,SUB in: K. Johnson,[1642352],1610612748.0,MIA,,,,Johnson,K. Johnson,,,,,,,,,,,,,,,,,,,,,,,,,,
518,PT12M00.00S,2025-12-16T02:23:32.8Z,4,REGULAR,substitution,in,['startperiod'],1641711,,,1610612748,77,74,2025-12-16T02:24:54Z,4980000,False,,,0,,SUB in: G. Dick,[1641711],1610612761.0,TOR,,,,Dick,G. Dick,,,,,,,,,,,,,,,,,,,,,,,,,,
519,PT12M00.00S,2025-12-16T02:23:32.8Z,4,REGULAR,substitution,in,['startperiod'],1630572,,,1610612748,77,74,2025-12-16T02:24:54Z,4990000,False,,,0,,SUB in: S. Mamukelashvili,[1630572],1610612761.0,TOR,,,,Mamukelashvili,S. Mamukelashvili,,,,,,,,,,,,,,,,,,,,,,,,,,
520,PT12M00.00S,2025-12-16T02:23:32.8Z,4,REGULAR,substitution,in,['startperiod'],1642266,,,1610612748,77,74,2025-12-16T02:24:54Z,5000000,False,,,0,,SUB in: J. Walter,[1642266],1610612761.0,TOR,,,,Walter,J. Walter,,,,,,,,,,,,,,,,,,,,,,,,,,
521,PT12M00.00S,2025-12-16T02:25:02.2Z,4,REGULAR,period,start,[],0,,,1610612748,77,74,2025-12-16T02:25:02Z,5010000,False,,,0,,Period Start,[],,,,,,,,,,,,,,,,,,,,,,,,,,,,,,,,,
523,PT11M36.00S,2025-12-16T02:25:49.7Z,4,REGULAR,turnover,shot clock,['team'],0,,,1610612748,77,74,2025-12-16T02:25:56Z,5030000,False,,,0,,MIA shot clock Team TURNOVER,[],1610612748.0,MIA,,,,,,,,,,Above the Break 3,24+ Right Center,,,,,,,,,,,,,,1627964.0,,,,,,
524,PT11M26.00S,2025-12-16T02:26:02.7Z,4,REGULAR,3pt,Jump Shot,['fromturnover'],1642266,94.03745072273325,95.83333333333334,1610612761,77,74,2025-12-16T02:26:08Z,5040000,False,229.0,4.0,1,right,MISS J. Walter 3PT,[1642266],1610612761.0,TOR,,,,Walter,J. Walter,,,,,Right Corner 3,24+ Right,22.92,Missed,,,,,,,,,,,,,,,,,,
525,PT11M23.00S,2025-12-16T02:26:05.7Z,4,REGULAR,rebound,defensive,[],1631170,,,1610612748,77,74,2025-12-16T02:26:08Z,5050000,False,,,0,,J. Jaquez Jr. REBOUND (Off:1 Def:2),[1631170],1610612748.0,MIA,,,,Jaquez Jr.,J. Jaquez Jr.,,,,,Right Corner 3,24+ Right,,,524.0,3.0,2.0,1.0,,,,,,,,,,,,,,
526,PT11M17.00S,2025-12-16T02:26:11.4Z,4,REGULAR,2pt,Jump Shot,[],1631170,7.440867279894875,31.127450980392158,1610612748,77,74,2025-12-16T02:26:17Z,5060000,False,94.0,17.0,1,left,MISS J. Jaquez Jr. 9' driving floating Shot,[1631170],1610612748.0,MIA,driving floating,,,Jaquez Jr.,J. Jaquez Jr.,,,,,Mid-Range,8-16 Right,9.6,Missed,,,,,,,,,,,,,,,,,,
527,PT11M13.00S,2025-12-16T02:26:16.5Z,4,REGULAR,rebound,offensive,[],1642276,,,1610612748,77,74,2025-12-16T02:26:16Z,5070000,False,,,0,,K. Ware REBOUND (Off:2 Def:10),[1642276],1610612748.0,MIA,,,,Ware,K. Ware,,,,,Mid-Range,8-16 Right,,,526.0,12.0,10.0,2.0,,,,,,,,,,,,,,
528,PT11M13.00S,2025-12-16T02:26:16.5Z,4,REGULAR,2pt,DUNK,"['pointsinthepaint', '2ndchance']",1642276,5.590000152587891,50.0,1610612748,79,74,2025-12-16T02:26:16Z,5080000,False,0.0,0.0,1,left,K. Ware tip DUNK (6 PTS),[1642276],1610612748.0,MIA,tip,,,Ware,K. Ware,,,,,Mid-Range,8-16 Left,0.0,Made,,,,,,,,6.0,,,,,,,,,,
529,PT10M55.00S,2025-12-16T02:26:33.9Z,4,REGULAR,2pt,Layup,['pointsinthepaint'],1630193,91.93495400788436,49.50980392156863,1610612761,79,76,2025-12-16T02:26:38Z,5090000,False,-2.0,23.0,1,right,I. Quickley cutting Layup (13 PTS) (S. Barnes 5 AST),"[1630193, 1630567]",1610612761.0,TOR,cutting,,,Quickley,I. Quickley,,,,,Restricted Area,0-8 Center,2.34,Made,,,,,,,,13.0,S. Barnes,1630567.0,5.0,,,,,,,
531,PT10M42.00S,2025-12-16T02:26:46.7Z,4,REGULAR,2pt,Jump Shot,['pointsinthepaint'],1642352,4.681340341655716,41.66666666666667,1610612748,79,76,2025-12-16T02:32:30Z,5110000,False,42.0,-8.0,1,left,MISS K. Johnson driving floating Shot,[1642352],1610612748.0,MIA,driving floating,,,Johnson,K. Johnson,,,,,Restricted Area,0-8 Center,4.26,Missed,,,,,,,,,,,,,,,,,,
532,PT10M40.00S,2025-12-16T02:26:48.7Z,4,REGULAR,rebound,defensive,[],1630572,,,1610612761,79,76,2025-12-16T02:26:53Z,5120000,False,,,0,,S. Mamukelashvili REBOUND (Off:1 Def:3),[1630572],1610612761.0,TOR,,,,Mamukelashvili,S. Mamukelashvili,,,,,Restricted Area,0-8 Center,,,531.0,4.0,3.0,1.0,,,,,,,,,,,,,,
533,PT10M34.00S,2025-12-16T02:26:55.0Z,4,REGULAR,3pt,Jump Shot,[],1630572,67.88764783180025,35.78431372549019,1610612761,79,79,2025-12-16T02:27:00Z,5130000,False,-71.0,249.0,1,right,S. Mamukelashvili 25' 3PT  (8 PTS) (J. Walter 2 AST),"[1630572, 1642266]",1610612761.0,TOR,,,,Mamukelashvili,S. Mamukelashvili,,,,,Above the Break 3,24+ Center,25.93,Made,,,,,,,,8.0,J. Walter,1642266.0,2.0,,,,,,,
535,PT10M20.00S,2025-12-16T02:27:09.3Z,4,REGULAR,2pt,Hook,['pointsinthepaint'],1626181,10.85742444152431,50.73529411764706,1610612748,79,79,2025-12-16T02:27:12Z,5150000,False,-4.0,50.0,1,left,MISS N. Powell driving Hook,[1626181],1610612748.0,MIA,driving,,,Powell,N. Powell,,,,,In The Paint (Non-RA),0-8 Center,4.97,Missed,,,,,,,,,,,,,,,,,,
536,PT10M17.00S,2025-12-16T02:27:11.5Z,4,REGULAR,rebound,offensive,[],1642276,,,1610612748,79,79,2025-12-16T02:27:11Z,5160000,False,,,0,,K. Ware REBOUND (Off:3 Def:10),[1642276],1610612748.0,MIA,,,,Ware,K. Ware,,,,,In The Paint (Non-RA),0-8 Center,,,535.0,13.0,10.0,3.0,,,,,,,,,,,,,,
537,PT10M16.00S,2025-12-16T02:27:12.3Z,4,REGULAR,turnover,lost ball,[],1642276,,,1610612748,79,79,2025-12-16T02:27:15Z,5170000,False,,,0,,K. Ware lost ball TURNOVER (3 TO),"[1642276, 1630572]",1610612748.0,MIA,,,,Ware,K. Ware,,,,,Restricted Area,0-8 Center,,,,,,,3.0,Mamukelashvili,1630572.0,,,,,,,,,,,
538,PT10M16.00S,2025-12-16T02:27:12.3Z,4,REGULAR,steal,,[],1630572,,,1610612761,79,79,2025-12-16T02:37:55Z,5180000,False,,,0,,S. Mamukelashvili STEAL (2 STL),[1630572],1610612761.0,TOR,,,,Mamukelashvili,S. Mamukelashvili,,,,,Restricted Area,0-8 Center,,,,,,,,,,,,,,,,,,,,
539,PT10M11.00S,2025-12-16T02:27:18.1Z,4,REGULAR,2pt,Layup,"['pointsinthepaint', 'fromturnover', 'fastbreak']",1641711,94.56307490144546,45.588235294117645,1610612761,79,81,2025-12-16T02:27:25Z,5190000,False,-22.0,-1.0,1,right,G. Dick running Layup (10 PTS) (I. Quickley 2 AST),"[1641711, 1630193]",1610612761.0,TOR,running,,,Dick,G. Dick,,,,,Restricted Area,0-8 Center,2.21,Made,,,,,,,,10.0,I. Quickley,1630193.0,2.0,,,,,,,
541,PT09M59.00S,2025-12-16T02:27:29.1Z,4,REGULAR,3pt,Jump Shot,[],1626181,17.95335085413929,5.147058823529411,1610612748,79,81,2025-12-16T02:27:37Z,5210000,False,224.0,116.0,1,left,MISS N. Powell 25' 3PT,[1626181],1610612748.0,MIA,,,,Powell,N. Powell,,,,,Above the Break 3,24+ Right Center,25.27,Missed,,,,,,,,,,,,,,,,,,
542,PT09M56.00S,2025-12-16T02:27:32.1Z,4,REGULAR,rebound,defensive,[],1641711,,,1610612761,79,81,2025-12-16T02:27:37Z,5220000,False,,,0,,G. Dick REBOUND (Off:1 Def:1),[1641711],1610612761.0,TOR,,,,Dick,G. Dick,,,,,Above the Break 3,24+ Right Center,,,541.0,2.0,1.0,1.0,,,,,,,,,,,,,,
543,PT09M50.00S,2025-12-16T02:27:39.7Z,4,REGULAR,2pt,Layup,['pointsinthepaint'],1630193,93.11760840998686,52.94117647058824,1610612761,79,83,2025-12-16T02:27:44Z,5230000,False,15.0,12.0,1,right,I. Quickley driving finger roll Layup (15 PTS),[1630193],1610612761.0,TOR,driving finger roll,,,Quickley,I. Quickley,,,,,Restricted Area,0-8 Center,1.91,Made,,,,,,,,15.0,,,,,,,,,,
544,PT09M50.00S,2025-12-16T02:27:44.2Z,4,REGULAR,timeout,full,"['team', 'mandatory']",0,,,1610612748,79,83,2025-12-16T02:27:44Z,5240000,False,,,0,,MIA Timeout,[],1610612748.0,MIA,,,,,,,,,,,,,,,,,,,,,,,,,,,,,,,
545,PT09M50.00S,2025-12-16T02:29:56.5Z,4,REGULAR,substitution,out,[],1642352,,,1610612748,79,83,2025-12-16T02:30:22Z,5250000,False,,,0,,SUB out: K. Johnson,[1642352],1610612748.0,MIA,,,,Johnson,K. Johnson,,,,,,,,,,,,,,,,,,,,,,,,,,
546,PT09M50.00S,2025-12-16T02:29:56.5Z,4,REGULAR,substitution,in,[],1628389,,,1610612748,79,83,2025-12-16T02:30:22Z,5260000,False,,,0,,SUB in: B. Adebayo,[1628389],1610612748.0,MIA,,,,Adebayo,B. Adebayo,,,,,,,,,,,,,,,,,,,,,,,,,,
547,PT09M41.00S,2025-12-16T02:30:50.8Z,4,REGULAR,foul,personal,[],1630572,,,1610612748,79,83,2025-12-16T02:31:03Z,5270000,False,,,0,,S. Mamukelashvili personal FOUL (1 PF),"[1630572, 1642276]",1610612761.0,TOR,,,,Mamukelashvili,S. Mamukelashvili,,,,,Above the Break 3,24+ Center,,,,,,,,,,,,,,202026.0,1.0,0.0,Ware,1642276.0,,
549,PT09M33.00S,2025-12-16T02:31:14.4Z,4,REGULAR,2pt,Layup,['pointsinthepaint'],1630696,6.258212877792378,47.549019607843135,1610612748,81,83,2025-12-16T02:31:20Z,5290000,False,12.0,6.0,1,left,D. Smith driving Layup (11 PTS),[1630696],1610612748.0,MIA,driving,,,Smith,D. Smith,,,,,Restricted Area,0-8 Center,1.38,Made,,,,,,,,11.0,,,,,,,,,,
551,PT09M12.00S,2025-12-16T02:31:38.3Z,4,REGULAR,2pt,Jump Shot,['pointsinthepaint'],1630567,80.76544021024968,43.13725490196079,1610612761,81,83,2025-12-16T02:38:12Z,5310000,False,-34.0,128.0,1,right,MISS S. Barnes 13' Jump Shot,[1630567],1610612761.0,TOR,,,,Barnes,S. Barnes,,,,,In The Paint (Non-RA),8-16 Center,13.28,Missed,,,,,,,,,,,,,,,,,,
552,PT09M10.00S,2025-12-16T02:31:40.3Z,4,REGULAR,rebound,offensive,[],1630572,,,1610612761,81,83,2025-12-16T02:38:12Z,5320000,False,,,0,,S. Mamukelashvili REBOUND (Off:2 Def:3),[1630572],1610612761.0,TOR,,,,Mamukelashvili,S. Mamukelashvili,,,,,In The Paint (Non-RA),8-16 Center,,,551.0,5.0,3.0,2.0,,,,,,,,,,,,,,
585,PT09M10.00S,2025-12-16T02:31:42.4Z,4,REGULAR,2pt,Layup,"['pointsinthepaint', '2ndchance']",1630572,93.11760840998686,55.392156862745104,1610612761,81,83,2025-12-16T02:38:22Z,5325000,False,27.0,12.0,1,right,MISS S. Mamukelashvili tip Layup - blocked,"[1630572, 1642276]",1610612761.0,TOR,tip,,,Mamukelashvili,S. Mamukelashvili,,,,,Restricted Area,0-8 Center,2.96,Missed,,,,,,,,,,,,,,,,,Ware,1642276.0
586,PT09M10.00S,2025-12-16T02:31:42.4Z,4,REGULAR,block,,[],1642276,,,1610612761,81,83,2025-12-16T02:36:20Z,5327500,False,,,0,,K. Ware BLOCK (2 BLK),[1642276],1610612748.0,MIA,,,,Ware,K. Ware,,,,,Restricted Area,0-8 Center,,,,,,,,,,,,,,,,,,,,
587,PT09M09.00S,2025-12-16T02:31:43.4Z,4,REGULAR,rebound,offensive,['team'],0,,,1610612761,81,83,2025-12-16T02:40:47Z,5328750,False,,,0,,TEAM offensive REBOUND,[],1610612761.0,TOR,,,,,,,,,,Restricted Area,0-8 Center,,,585.0,,,,,,,,,,,,,,,,,
554,PT09M09.00S,2025-12-16T02:31:52.6Z,4,REGULAR,substitution,out,[],1641711,,,1610612761,81,83,2025-12-16T02:32:02Z,5340000,False,,,0,,SUB out: G. Dick,[1641711],1610612761.0,TOR,,,,Dick,G. Dick,,,,,,,,,,,,,,,,,,,,,,,,,,
555,PT09M09.00S,2025-12-16T02:31:52.6Z,4,REGULAR,substitution,in,[],1642347,,,1610612761,81,83,2025-12-16T02:32:02Z,5350000,False,,,0,,SUB in: J. Shead,[1642347],1610612761.0,TOR,,,,Shead,J. Shead,,,,,,,,,,,,,,,,,,,,,,,,,,
556,PT09M02.00S,2025-12-16T02:32:20.2Z,4,REGULAR,2pt,Layup,"['pointsinthepaint', '2ndchance']",1630572,94.03745072273325,50.73529411764706,1610612761,81,85,2025-12-16T02:36:20Z,5360000,False,4.0,4.0,1,right,S. Mamukelashvili driving Layup (10 PTS) (J. Shead 8 AST),"[1630572, 1642347]",1610612761.0,TOR,driving,,,Mamukelashvili,S. Mamukelashvili,,,,,Restricted Area,0-8 Center,0.51,Made,,,,,,,,10.0,J. Shead,1642347.0,8.0,,,,,,,
558,PT09M02.00S,2025-12-16T02:32:24.4Z,4,REGULAR,foul,personal,['1freethrow'],1642276,,,1610612761,81,85,2025-12-16T02:32:34Z,5380000,False,,,0,,K. Ware shooting personal FOUL (1 PF) (Mamukelashvili 1 FT),"[1642276, 1630572]",1610612748.0,MIA,shooting,,,Ware,K. Ware,,,,,Restricted Area,0-8 Center,,,,,,,,,,,,,,202026.0,1.0,0.0,Mamukelashvili,1630572.0,,
560,PT09M02.00S,2025-12-16T02:32:45.3Z,4,REGULAR,freethrow,1 of 1,['2ndchance'],1630572,,,1610612761,81,86,2025-12-16T02:36:20Z,5400000,False,,,0,,S. Mamukelashvili Free Throw 1 of 1 (11 PTS),[1630572],1610612761.0,TOR,,,,Mamukelashvili,S. Mamukelashvili,,,,,,,,Made,,,,,,,,11.0,,,,,,,,,,
561,PT08M48.00S,2025-12-16T02:33:00.1Z,4,REGULAR,2pt,Jump Shot,['pointsinthepaint'],1630696,16.113666228646515,41.911764705882355,1610612748,81,86,2025-12-16T02:33:09Z,5410000,False,40.0,99.0,1,left,MISS D. Smith 10' driving floating Shot,[1630696],1610612748.0,MIA,driving floating,,,Smith,D. Smith,,,,,In The Paint (Non-RA),8-16 Center,10.69,Missed,,,,,,,,,,,,,,,,,,
562,PT08M46.00S,2025-12-16T02:33:02.1Z,4,REGULAR,rebound,defensive,['team'],0,,,1610612761,81,86,2025-12-16T02:33:09Z,5420000,False,,,0,,TEAM defensive REBOUND,[],1610612761.0,TOR,,,,,,,,,,In The Paint (Non-RA),8-16 Center,,,561.0,,,,,,,,,,,,,,,,,
564,PT08M46.00S,2025-12-16T02:33:11.5Z,4,REGULAR,substitution,out,[],1642276,,,1610612761,81,86,2025-12-16T02:33:25Z,5440000,False,,,0,,SUB out: K. Ware,[1642276],1610612748.0,MIA,,,,Ware,K. Ware,,,,,,,,,,,,,,,,,,,,,,,,,,
565,PT08M46.00S,2025-12-16T02:33:11.5Z,4,REGULAR,substitution,in,[],1630558,,,1610612761,81,86,2025-12-16T02:33:25Z,5450000,False,,,0,,SUB in: D. Mitchell,[1630558],1610612748.0,MIA,,,,Mitchell,D. Mitchell,,,,,,,,,,,,,,,,,,,,,,,,,,
566,PT08M33.00S,2025-12-16T02:33:37.1Z,4,REGULAR,3pt,Jump Shot,[],1642347,72.88107752956637,79.16666666666666,1610612761,81,86,2025-12-16T02:33:43Z,5460000,False,146.0,202.0,1,right,MISS J. Shead 24' 3PT,[1642347],1610612761.0,TOR,,,,Shead,J. Shead,,,,,Above the Break 3,24+ Right Center,24.94,Missed,,,,,,,,,,,,,,,,,,
567,PT08M28.00S,2025-12-16T02:33:42.1Z,4,REGULAR,rebound,defensive,[],1630558,,,1610612748,81,86,2025-12-16T02:33:43Z,5470000,False,,,0,,D. Mitchell REBOUND (Off:0 Def:2),[1630558],1610612748.0,MIA,,,,Mitchell,D. Mitchell,,,,,Above the Break 3,24+ Right Center,,,566.0,2.0,2.0,0.0,,,,,,,,,,,,,,
568,PT08M27.00S,2025-12-16T02:33:47.6Z,4,REGULAR,foul,offensive,[],1631170,,,1610612748,81,86,2025-12-16T02:33:56Z,5480000,False,,,0,,J. Jaquez Jr. offensive FOUL (2 PF),"[1631170, 1642347]",1610612748.0,MIA,,,,Jaquez Jr.,J. Jaquez Jr.,,,,,In The Paint (Non-RA),0-8 Center,,,,,,,,,,,,,,202026.0,2.0,0.0,Shead,1642347.0,,
570,PT08M27.00S,2025-12-16T02:33:47.6Z,4,REGULAR,turnover,offensive foul,[],1631170,,,1610612748,81,86,2025-12-16T02:33:47Z,5500000,False,,,0,,J. Jaquez Jr. offensive foul TURNOVER (5 TO),[1631170],1610612748.0,MIA,,,,Jaquez Jr.,J. Jaquez Jr.,,,,,In The Paint (Non-RA),0-8 Center,,,,,,,5.0,,,,,,,202026.0,,,,,,
571,PT08M14.00S,2025-12-16T02:34:12.3Z,4,REGULAR,2pt,Jump Shot,"['pointsinthepaint', 'fromturnover']",1630567,80.76544021024968,50.0,1610612761,81,88,2025-12-16T02:34:17Z,5510000,False,0.0,128.0,1,right,S. Barnes 12' Jump Shot (13 PTS) (J. Shead 9 AST),"[1630567, 1642347]",1610612761.0,TOR,,,,Barnes,S. Barnes,,,,,In The Paint (Non-RA),8-16 Center,12.83,Made,,,,,,,,13.0,J. Shead,1642347.0,9.0,,,,,,,
573,PT08M01.00S,2025-12-16T02:34:26.1Z,4,REGULAR,2pt,Layup,['pointsinthepaint'],1626181,5.338370565045992,48.529411764705884,1610612748,81,88,2025-12-16T02:34:31Z,5530000,False,7.0,-2.0,1,left,MISS N. Powell driving reverse Layup,[1626181],1610612748.0,MIA,driving reverse,,,Powell,N. Powell,,,,,Restricted Area,0-8 Center,0.77,Missed,,,,,,,,,,,,,,,,,,
574,PT07M58.00S,2025-12-16T02:34:29.1Z,4,REGULAR,rebound,defensive,[],1630572,,,1610612761,81,88,2025-12-16T02:34:31Z,5540000,False,,,0,,S. Mamukelashvili REBOUND (Off:2 Def:4),[1630572],1610612761.0,TOR,,,,Mamukelashvili,S. Mamukelashvili,,,,,Restricted Area,0-8 Center,,,573.0,6.0,4.0,2.0,,,,,,,,,,,,,,
576,PT07M56.00S,2025-12-16T02:34:42.8Z,4,REGULAR,turnover,traveling,[],1630567,,,1610612761,81,88,2025-12-16T02:34:53Z,5560000,False,,,0,,S. Barnes traveling TURNOVER (4 TO),[1630567],1610612761.0,TOR,,,,Barnes,S. Barnes,,,,,Restricted Area,0-8 Center,,,,,,,4.0,,,,,,,1627964.0,,,,,,
577,PT07M42.00S,2025-12-16T02:35:01.6Z,4,REGULAR,2pt,Layup,"['pointsinthepaint', 'fromturnover']",1630558,6.652431011826544,53.92156862745098,1610612748,81,88,2025-12-16T02:35:10Z,5570000,False,-20.0,10.0,1,left,MISS D. Mitchell driving finger roll Layup - blocked,"[1630558, 1630567]",1610612748.0,MIA,driving finger roll,,,Mitchell,D. Mitchell,,,,,Restricted Area,0-8 Center,2.2,Missed,,,,,,,,,,,,,,,,,Barnes,1630567.0
578,PT07M42.00S,2025-12-16T02:35:01.6Z,4,REGULAR,block,,[],1630567,,,1610612748,81,88,2025-12-16T02:35:04Z,5580000,False,,,0,,S. Barnes BLOCK (2 BLK),[1630567],1610612761.0,TOR,,,,Barnes,S. Barnes,,,,,Restricted Area,0-8 Center,,,,,,,,,,,,,,,,,,,,
579,PT07M37.00S,2025-12-16T02:35:06.6Z,4,REGULAR,rebound,defensive,[],1630572,,,1610612761,81,88,2025-12-16T02:35:10Z,5590000,False,,,0,,S. Mamukelashvili REBOUND (Off:2 Def:5),[1630572],1610612761.0,TOR,,,,Mamukelashvili,S. Mamukelashvili,,,,,Restricted Area,0-8 Center,,,577.0,7.0,5.0,2.0,,,,,,,,,,,,,,
580,PT07M36.00S,2025-12-16T02:35:08.0Z,4,REGULAR,3pt,Jump Shot,['fastbreak'],1630193,68.01905387647832,36.029411764705884,1610612761,81,88,2025-12-16T02:43:24Z,5600000,False,-70.0,248.0,1,right,MISS I. Quickley 25' running pullup 3PT,[1630193],1610612761.0,TOR,running pullup,,,Quickley,I. Quickley,,,,,Above the Break 3,24+ Center,25.78,Missed,,,,,,,,,,,,,,,,,,
581,PT07M32.00S,2025-12-16T02:35:12.0Z,4,REGULAR,rebound,offensive,[],1630193,,,1610612761,81,88,2025-12-16T02:43:24Z,5610000,False,,,0,,I. Quickley REBOUND (Off:1 Def:2),[1630193],1610612761.0,TOR,,,,Quickley,I. Quickley,,,,,Above the Break 3,24+ Center,,,580.0,3.0,2.0,1.0,,,,,,,,,,,,,,
582,PT07M31.00S,2025-12-16T02:35:13.8Z,4,REGULAR,3pt,Jump Shot,['2ndchance'],1642347,83.39356110381078,3.1862745098039214,1610612761,81,91,2025-12-16T02:35:19Z,5620000,False,-234.0,104.0,1,right,J. Shead 25' 3PT  (6 PTS) (I. Quickley 3 AST),"[1642347, 1630193]",1610612761.0,TOR,,,,Shead,J. Shead,,,,,Above the Break 3,24+ Left Center,25.6,Made,,,,,,,,6.0,I. Quickley,1630193.0,3.0,,,,,,,
584,PT07M31.00S,2025-12-16T02:35:20.6Z,4,REGULAR,timeout,full,"['team', 'mandatory']",0,,,1610612748,81,91,2025-12-16T02:35:20Z,5640000,False,,,0,,MIA Timeout,[],1610612748.0,MIA,,,,,,,,,,,,,,,,,,,,,,,,,,,,,,,
588,PT07M31.00S,2025-12-16T02:37:47.7Z,4,REGULAR,substitution,out,[],1630696,,,1610612748,81,91,2025-12-16T02:38:09Z,5650000,False,,,0,,SUB out: D. Smith,[1630696],1610612748.0,MIA,,,,Smith,D. Smith,,,,,,,,,,,,,,,,,,,,,,,,,,
589,PT07M31.00S,2025-12-16T02:37:47.7Z,4,REGULAR,substitution,out,[],1626181,,,1610612748,81,91,2025-12-16T02:38:09Z,5660000,False,,,0,,SUB out: N. Powell,[1626181],1610612748.0,MIA,,,,Powell,N. Powell,,,,,,,,,,,,,,,,,,,,,,,,,,
590,PT07M31.00S,2025-12-16T02:37:47.7Z,4,REGULAR,substitution,out,[],1630567,,,1610612748,81,91,2025-12-16T02:38:09Z,5670000,False,,,0,,SUB out: S. Barnes,[1630567],1610612761.0,TOR,,,,Barnes,S. Barnes,,,,,,,,,,,,,,,,,,,,,,,,,,
591,PT07M31.00S,2025-12-16T02:37:47.7Z,4,REGULAR,substitution,out,[],1630572,,,1610612748,81,91,2025-12-16T02:38:09Z,5680000,False,,,0,,SUB out: S. Mamukelashvili,[1630572],1610612761.0,TOR,,,,Mamukelashvili,S. Mamukelashvili,,,,,,,,,,,,,,,,,,,,,,,,,,
592,PT07M31.00S,2025-12-16T02:37:47.7Z,4,REGULAR,substitution,in,[],1631323,,,1610612748,81,91,2025-12-16T02:38:09Z,5690000,False,,,0,,SUB in: S. Fontecchio,[1631323],1610612748.0,MIA,,,,Fontecchio,S. Fontecchio,,,,,,,,,,,,,,,,,,,,,,,,,,
593,PT07M31.00S,2025-12-16T02:37:47.7Z,4,REGULAR,substitution,in,[],203952,,,1610612748,81,91,2025-12-16T02:38:09Z,5700000,False,,,0,,SUB in: A. Wiggins,[203952],1610612748.0,MIA,,,,Wiggins,A. Wiggins,,,,,,,,,,,,,,,,,,,,,,,,,,
594,PT07M31.00S,2025-12-16T02:37:47.7Z,4,REGULAR,substitution,in,[],1627751,,,1610612748,81,91,2025-12-16T02:38:09Z,5710000,False,,,0,,SUB in: J. Poeltl,[1627751],1610612761.0,TOR,,,,Poeltl,J. Poeltl,,,,,,,,,,,,,,,,,,,,,,,,,,
595,PT07M31.00S,2025-12-16T02:37:47.7Z,4,REGULAR,substitution,in,[],1627742,,,1610612748,81,91,2025-12-16T02:38:09Z,5720000,False,,,0,,SUB in: B. Ingram,[1627742],1610612761.0,TOR,,,,Ingram,B. Ingram,,,,,,,,,,,,,,,,,,,,,,,,,,
596,PT07M21.00S,2025-12-16T02:38:24.1Z,4,REGULAR,2pt,Layup,['pointsinthepaint'],1631170,7.440867279894875,48.529411764705884,1610612748,83,91,2025-12-16T02:38:28Z,5730000,False,7.0,17.0,1,left,J. Jaquez Jr. driving finger roll Layup (8 PTS),[1631170],1610612748.0,MIA,driving finger roll,,,Jaquez Jr.,J. Jaquez Jr.,,,,,Restricted Area,0-8 Center,1.89,Made,,,,,,,,8.0,,,,,,,,,,
597,PT06M55.00S,2025-12-16T02:38:49.6Z,4,REGULAR,2pt,Hook,['pointsinthepaint'],1627751,91.27792378449409,58.333333333333336,1610612761,83,93,2025-12-16T02:38:54Z,5740000,False,42.0,29.0,1,right,J. Poeltl bank Hook (6 PTS) (J. Shead 10 AST),"[1627751, 1642347]",1610612761.0,TOR,bank,,,Poeltl,J. Poeltl,,,,,In The Paint (Non-RA),0-8 Center,5.11,Made,,,,,,,,6.0,J. Shead,1642347.0,10.0,,,,,,,
599,PT06M35.00S,2025-12-16T02:39:09.7Z,4,REGULAR,2pt,Jump Shot,['pointsinthepaint'],1631170,13.61695137976347,44.36274509803921,1610612748,85,93,2025-12-16T02:44:23Z,5760000,False,28.0,75.0,1,left,J. Jaquez Jr. 8' driving floating Jump Shot (10 PTS),[1631170],1610612748.0,MIA,driving floating,,,Jaquez Jr.,J. Jaquez Jr.,,,,,In The Paint (Non-RA),8-16 Center,8.06,Made,,,,,,,,10.0,,,,,,,,,,
600,PT06M25.00S,2025-12-16T02:39:23.0Z,4,REGULAR,foul,personal,[],203952,,,1610612761,85,93,2025-12-16T02:39:33Z,5770000,False,,,0,,A. Wiggins personal FOUL (3 PF),"[203952, 1627742]",1610612748.0,MIA,,,,Wiggins,A. Wiggins,,,,,Mid-Range,16-24 Right Center,,,,,,,,,,,,,,201246.0,3.0,0.0,Ingram,1627742.0,,
602,PT06M25.00S,2025-12-16T02:39:36.7Z,4,REGULAR,substitution,out,[],1642266,,,1610612761,85,93,2025-12-16T02:39:40Z,5790000,False,,,0,,SUB out: J. Walter,[1642266],1610612761.0,TOR,,,,Walter,J. Walter,,,,,,,,,,,,,,,,,,,,,,,,,,
603,PT06M25.00S,2025-12-16T02:39:36.7Z,4,REGULAR,substitution,in,[],1642867,,,1610612761,85,93,2025-12-16T02:39:40Z,5800000,False,,,0,,SUB in: C. Murray-Boyles,[1642867],1610612761.0,TOR,,,,Murray-Boyles,C. Murray-Boyles,,,,,,,,,,,,,,,,,,,,,,,,,,
604,PT06M16.00S,2025-12-16T02:39:52.1Z,4,REGULAR,2pt,Jump Shot,[],1627742,79.31997371879106,29.901960784313726,1610612761,85,95,2025-12-16T02:39:58Z,5810000,False,-100.0,142.0,1,right,B. Ingram 17' turnaround fadeaway Jump Shot (25 PTS),[1627742],1610612761.0,TOR,turnaround fadeaway,,,Ingram,B. Ingram,,,,,Mid-Range,16-24 Left Center,17.39,Made,,,,,,,,25.0,,,,,,,,,,
605,PT05M49.00S,2025-12-16T02:40:19.3Z,4,REGULAR,3pt,Jump Shot,[],1630558,27.020367936925098,77.69607843137256,1610612748,85,95,2025-12-16T02:40:24Z,5820000,False,-138.0,201.0,1,left,MISS D. Mitchell 24' 3PT,[1630558],1610612748.0,MIA,,,,Mitchell,D. Mitchell,,,,,Above the Break 3,24+ Left Center,24.45,Missed,,,,,,,,,,,,,,,,,,
606,PT05M45.00S,2025-12-16T02:40:23.3Z,4,REGULAR,rebound,defensive,[],1630193,,,1610612761,85,95,2025-12-16T02:40:24Z,5830000,False,,,0,,I. Quickley REBOUND (Off:1 Def:3),[1630193],1610612761.0,TOR,,,,Quickley,I. Quickley,,,,,Above the Break 3,24+ Left Center,,,605.0,4.0,3.0,1.0,,,,,,,,,,,,,,
616,PT05M29.00S,2025-12-16T02:40:29.4Z,4,REGULAR,turnover,lost ball,[],1627742,,,1610612761,85,95,2025-12-16T02:41:48Z,5835000,False,,,0,,B. Ingram lost ball TURNOVER (3 TO),"[1627742, 1630558]",1610612761.0,TOR,,,,Ingram,B. Ingram,,,,,In The Paint (Non-RA),8-16 Center,,,,,,,3.0,Mitchell,1630558.0,,,,,,,,,,,
617,PT05M29.00S,2025-12-16T02:40:29.4Z,4,REGULAR,steal,,[],1630558,,,1610612748,85,95,2025-12-16T02:41:48Z,5837500,False,,,0,,D. Mitchell STEAL (2 STL),[1630558],1610612748.0,MIA,,,,Mitchell,D. Mitchell,,,,,In The Paint (Non-RA),8-16 Center,,,,,,,,,,,,,,,,,,,,
610,PT05M26.00S,2025-12-16T02:40:43.6Z,4,REGULAR,2pt,Layup,"['pointsinthepaint', 'fastbreak', 'fromturnover']",1630558,5.863994743758213,50.73529411764706,1610612748,87,95,2025-12-16T02:41:51Z,5870000,False,-4.0,3.0,1,left,D. Mitchell running Layup (12 PTS),[1630558],1610612748.0,MIA,running,,,Mitchell,D. Mitchell,,,,,Restricted Area,0-8 Center,0.45,Made,,,,,,,,12.0,,,,,,,,,,
611,PT05M01.00S,2025-12-16T02:41:07.7Z,4,REGULAR,2pt,Jump Shot,[],1627742,84.83902759526939,87.25490196078431,1610612761,87,95,2025-12-16T02:41:13Z,5880000,False,186.0,90.0,1,right,MISS B. Ingram 20' pullup Shot,[1627742],1610612761.0,TOR,pullup,,,Ingram,B. Ingram,,,,,Mid-Range,16-24 Right,20.69,Missed,,,,,,,,,,,,,,,,,,
612,PT04M58.00S,2025-12-16T02:41:10.7Z,4,REGULAR,rebound,defensive,[],1631323,,,1610612748,87,95,2025-12-16T02:41:13Z,5890000,False,,,0,,S. Fontecchio REBOUND (Off:0 Def:4),[1631323],1610612748.0,MIA,,,,Fontecchio,S. Fontecchio,,,,,Mid-Range,16-24 Right,,,611.0,4.0,4.0,0.0,,,,,,,,,,,,,,
613,PT04M47.00S,2025-12-16T02:41:21.5Z,4,REGULAR,2pt,Jump Shot,[],203952,6.258212877792378,8.088235294117647,1610612748,87,95,2025-12-16T02:41:56Z,5900000,False,210.0,6.0,1,left,MISS A. Wiggins 20' Jump Shot,[203952],1610612748.0,MIA,,,,Wiggins,A. Wiggins,,,,,Mid-Range,16-24 Right,20.97,Missed,,,,,,,,,,,,,,,,,,
614,PT04M42.00S,2025-12-16T02:41:26.5Z,4,REGULAR,rebound,defensive,[],1642867,,,1610612761,87,95,2025-12-16T02:41:27Z,5910000,False,,,0,,C. Murray-Boyles REBOUND (Off:0 Def:2),[1642867],1610612761.0,TOR,,,,Murray-Boyles,C. Murray-Boyles,,,,,Right Corner 3,24+ Right,,,613.0,2.0,2.0,0.0,,,,,,,,,,,,,,
615,PT04M39.00S,2025-12-16T02:41:35.5Z,4,REGULAR,timeout,full,['team'],0,,,1610612761,87,95,2025-12-16T02:41:35Z,5920000,False,,,0,,TOR Timeout,[],1610612761.0,TOR,,,,,,,,,,,,,,,,,,,,,,,,,,,,,,,
618,PT04M39.00S,2025-12-16T02:42:42.3Z,4,REGULAR,substitution,out,[],1642867,,,1610612761,87,95,2025-12-16T02:42:56Z,5930000,False,,,0,,SUB out: C. Murray-Boyles,[1642867],1610612761.0,TOR,,,,Murray-Boyles,C. Murray-Boyles,,,,,,,,,,,,,,,,,,,,,,,,,,
619,PT04M39.00S,2025-12-16T02:42:42.3Z,4,REGULAR,substitution,in,[],1630567,,,1610612761,87,95,2025-12-16T02:42:56Z,5940000,False,,,0,,SUB in: S. Barnes,[1630567],1610612761.0,TOR,,,,Barnes,S. Barnes,,,,,,,,,,,,,,,,,,,,,,,,,,
620,PT04M24.00S,2025-12-16T02:43:30.8Z,4,REGULAR,3pt,Jump Shot,[],1630193,67.88764783180025,63.48039215686274,1610612761,87,95,2025-12-16T02:46:46Z,5950000,False,67.0,249.0,1,right,MISS I. Quickley 25' step back 3PT,[1630193],1610612761.0,TOR,step back,,,Quickley,I. Quickley,,,,,Above the Break 3,24+ Center,25.83,Missed,,,,,,,,,,,,,,,,,,
621,PT04M23.00S,2025-12-16T02:43:31.8Z,4,REGULAR,rebound,offensive,[],1630567,,,1610612761,87,95,2025-12-16T02:43:36Z,5960000,False,,,0,,S. Barnes REBOUND (Off:3 Def:4),[1630567],1610612761.0,TOR,,,,Barnes,S. Barnes,,,,,Above the Break 3,24+ Center,,,620.0,7.0,4.0,3.0,,,,,,,,,,,,,,
622,PT04M21.00S,2025-12-16T02:43:33.7Z,4,REGULAR,2pt,Layup,"['pointsinthepaint', '2ndchance']",1630567,92.9862023653088,50.0,1610612761,87,97,2025-12-16T02:43:42Z,5970000,False,0.0,13.0,1,right,S. Barnes putback Layup (15 PTS),[1630567],1610612761.0,TOR,putback,,,Barnes,S. Barnes,,,,,Restricted Area,0-8 Center,1.34,Made,,,,,,,,15.0,,,,,,,,,,
623,PT04M10.00S,2025-12-16T02:43:48.4Z,4,REGULAR,2pt,Layup,['pointsinthepaint'],1631170,11.251642575558476,38.48039215686275,1610612748,87,97,2025-12-16T02:44:08Z,5980000,False,58.0,53.0,1,left,MISS J. Jaquez Jr. 7' driving Layup - blocked,"[1631170, 1642347]",1610612748.0,MIA,driving,,,Jaquez Jr.,J. Jaquez Jr.,,,,,In The Paint (Non-RA),0-8 Center,7.85,Missed,,,,,,,,,,,,,,,,,Shead,1642347.0
624,PT04M10.00S,2025-12-16T02:43:48.4Z,4,REGULAR,block,,[],1642347,,,1610612748,87,97,2025-12-16T02:43:51Z,5990000,False,,,0,,J. Shead BLOCK (1 BLK),[1642347],1610612761.0,TOR,,,,Shead,J. Shead,,,,,In The Paint (Non-RA),0-8 Center,,,,,,,,,,,,,,,,,,,,
625,PT04M08.00S,2025-12-16T02:43:50.4Z,4,REGULAR,rebound,offensive,['team'],0,,,1610612748,87,97,2025-12-16T02:44:08Z,6000000,False,,,0,,TEAM offensive REBOUND,[],1610612748.0,MIA,,,,,,,,,,In The Paint (Non-RA),0-8 Center,,,623.0,,,,,,,,,,,,,,,,,
627,PT04M08.00S,2025-12-16T02:43:53.9Z,4,REGULAR,substitution,out,[],1631323,,,1610612748,87,97,2025-12-16T02:43:58Z,6020000,False,,,0,,SUB out: S. Fontecchio,[1631323],1610612748.0,MIA,,,,Fontecchio,S. Fontecchio,,,,,,,,,,,,,,,,,,,,,,,,,,
628,PT04M08.00S,2025-12-16T02:43:53.9Z,4,REGULAR,substitution,in,[],1626181,,,1610612748,87,97,2025-12-16T02:43:58Z,6030000,False,,,0,,SUB in: N. Powell,[1626181],1610612748.0,MIA,,,,Powell,N. Powell,,,,,,,,,,,,,,,,,,,,,,,,,,
629,PT04M05.00S,2025-12-16T02:44:14.3Z,4,REGULAR,turnover,bad pass,[],1630558,,,1610612748,87,97,2025-12-16T02:44:18Z,6040000,False,,,0,,D. Mitchell bad pass TURNOVER (2 TO),"[1630558, 1630567]",1610612748.0,MIA,,,,Mitchell,D. Mitchell,,,,,Mid-Range,16-24 Left Center,,,,,,,2.0,Barnes,1630567.0,,,,,,,,,,,
630,PT04M05.00S,2025-12-16T02:44:14.3Z,4,REGULAR,steal,,[],1630567,,,1610612761,87,97,2025-12-16T02:44:16Z,6050000,False,,,0,,S. Barnes STEAL (2 STL),[1630567],1610612761.0,TOR,,,,Barnes,S. Barnes,,,,,Mid-Range,16-24 Left Center,,,,,,,,,,,,,,,,,,,,
631,PT04M01.00S,2025-12-16T02:44:18.3Z,4,REGULAR,2pt,Layup,"['pointsinthepaint', 'fromturnover', 'fastbreak']",1642347,94.1688567674113,51.71568627450981,1610612761,87,97,2025-12-16T02:44:23Z,6060000,False,9.0,2.0,1,right,MISS J. Shead running Layup - blocked,"[1642347, 203952]",1610612761.0,TOR,running,,,Shead,J. Shead,,,,,Restricted Area,0-8 Center,0.89,Missed,,,,,,,,,,,,,,,,,Wiggins,203952.0
632,PT04M01.00S,2025-12-16T02:44:18.3Z,4,REGULAR,block,,[],203952,,,1610612761,87,97,2025-12-16T02:44:21Z,6070000,False,,,0,,A. Wiggins BLOCK (3 BLK),[203952],1610612748.0,MIA,,,,Wiggins,A. Wiggins,,,,,Restricted Area,0-8 Center,,,,,,,,,,,,,,,,,,,,
633,PT03M57.00S,2025-12-16T02:44:22.3Z,4,REGULAR,rebound,defensive,[],1631170,,,1610612748,87,97,2025-12-16T02:44:22Z,6080000,False,,,0,,J. Jaquez Jr. REBOUND (Off:1 Def:3),[1631170],1610612748.0,MIA,,,,Jaquez Jr.,J. Jaquez Jr.,,,,,Restricted Area,0-8 Center,,,631.0,4.0,3.0,1.0,,,,,,,,,,,,,,
634,PT03M51.00S,2025-12-16T02:44:29.2Z,4,REGULAR,2pt,Jump Shot,['pointsinthepaint'],1628389,5.863994743758213,51.225490196078425,1610612748,89,97,2025-12-16T02:44:34Z,6090000,False,-6.0,3.0,1,left,B. Adebayo driving floating Jump Shot (18 PTS) (N. Powell 4 AST),"[1628389, 1626181]",1610612748.0,MIA,driving floating,,,Adebayo,B. Adebayo,,,,,Restricted Area,0-8 Center,0.66,Made,,,,,,,,18.0,N. Powell,1626181.0,4.0,,,,,,,
636,PT03M35.00S,2025-12-16T02:44:44.2Z,4,REGULAR,3pt,Jump Shot,[],1627742,89.96386333771353,3.1862745098039214,1610612761,89,100,2025-12-16T02:44:49Z,6110000,False,-234.0,42.0,1,right,B. Ingram 3PT  (28 PTS) (I. Quickley 4 AST),"[1627742, 1630193]",1610612761.0,TOR,,,,Ingram,B. Ingram,,,,,Left Corner 3,24+ Left,23.78,Made,,,,,,,,28.0,I. Quickley,1630193.0,4.0,,,,,,,
638,PT03M23.00S,2025-12-16T02:44:58.1Z,4,REGULAR,2pt,Hook,['pointsinthepaint'],1628389,9.149145860709593,50.98039215686274,1610612748,91,100,2025-12-16T02:45:01Z,6130000,False,-5.0,34.0,1,left,B. Adebayo driving Hook (20 PTS) (J. Jaquez Jr. 4 AST),"[1628389, 1631170]",1610612748.0,MIA,driving,,,Adebayo,B. Adebayo,,,,,Restricted Area,0-8 Center,3.39,Made,,,,,,,,20.0,J. Jaquez Jr.,1631170.0,4.0,,,,,,,
640,PT03M23.00S,2025-12-16T02:45:00.9Z,4,REGULAR,foul,personal,['1freethrow'],1630567,,,1610612748,91,100,2025-12-16T02:45:09Z,6150000,False,,,0,,S. Barnes shooting personal FOUL (4 PF) (Adebayo 1 FT),"[1630567, 1628389]",1610612761.0,TOR,shooting,,,Barnes,S. Barnes,,,,,Restricted Area,0-8 Center,,,,,,,,,,,,,,202026.0,4.0,0.0,Adebayo,1628389.0,,
642,PT03M23.00S,2025-12-16T02:45:11.1Z,4,REGULAR,substitution,out,[],1631170,,,1610612748,91,100,2025-12-16T02:45:47Z,6170000,False,,,0,,SUB out: J. Jaquez Jr.,[1631170],1610612748.0,MIA,,,,Jaquez Jr.,J. Jaquez Jr.,,,,,,,,,,,,,,,,,,,,,,,,,,
643,PT03M23.00S,2025-12-16T02:45:11.1Z,4,REGULAR,substitution,out,[],1642347,,,1610612748,91,100,2025-12-16T02:45:47Z,6180000,False,,,0,,SUB out: J. Shead,[1642347],1610612761.0,TOR,,,,Shead,J. Shead,,,,,,,,,,,,,,,,,,,,,,,,,,
644,PT03M23.00S,2025-12-16T02:45:11.1Z,4,REGULAR,substitution,in,[],1630696,,,1610612748,91,100,2025-12-16T02:45:47Z,6190000,False,,,0,,SUB in: D. Smith,[1630696],1610612748.0,MIA,,,,Smith,D. Smith,,,,,,,,,,,,,,,,,,,,,,,,,,
645,PT03M23.00S,2025-12-16T02:45:11.1Z,4,REGULAR,substitution,in,[],1630534,,,1610612748,91,100,2025-12-16T02:45:47Z,6200000,False,,,0,,SUB in: O. Agbaji,[1630534],1610612761.0,TOR,,,,Agbaji,O. Agbaji,,,,,,,,,,,,,,,,,,,,,,,,,,
646,PT03M23.00S,2025-12-16T02:45:46.1Z,4,REGULAR,freethrow,1 of 1,[],1628389,,,1610612748,91,100,2025-12-16T02:45:48Z,6210000,False,,,0,,MISS B. Adebayo Free Throw 1 of 1,[1628389],1610612748.0,MIA,,,,Adebayo,B. Adebayo,,,,,,,,Missed,,,,,,,,,,,,,,,,,,
647,PT03M20.00S,2025-12-16T02:45:49.1Z,4,REGULAR,rebound,defensive,[],1630534,,,1610612761,91,100,2025-12-16T02:45:48Z,6220000,False,,,0,,O. Agbaji REBOUND (Off:1 Def:3),[1630534],1610612761.0,TOR,,,,Agbaji,O. Agbaji,,,,,,,,,646.0,4.0,3.0,1.0,,,,,,,,,,,,,,
648,PT03M12.00S,2025-12-16T02:45:55.9Z,4,REGULAR,3pt,Jump Shot,[],1630567,73.80091984231275,15.931372549019606,1610612761,91,100,2025-12-16T02:46:01Z,6230000,False,-170.0,194.0,1,right,MISS S. Barnes 25' 3PT,[1630567],1610612761.0,TOR,,,,Barnes,S. Barnes,,,,,Above the Break 3,24+ Left Center,25.8,Missed,,,,,,,,,,,,,,,,,,
649,PT03M09.00S,2025-12-16T02:45:58.9Z,4,REGULAR,rebound,defensive,[],1630558,,,1610612748,91,100,2025-12-16T02:46:01Z,6240000,False,,,0,,D. Mitchell REBOUND (Off:0 Def:3),[1630558],1610612748.0,MIA,,,,Mitchell,D. Mitchell,,,,,Above the Break 3,24+ Left Center,,,648.0,3.0,3.0,0.0,,,,,,,,,,,,,,
650,PT03M04.00S,2025-12-16T02:46:04.2Z,4,REGULAR,2pt,Jump Shot,[],1628389,11.12023653088042,70.83333333333334,1610612748,91,100,2025-12-16T02:46:12Z,6250000,False,-104.0,52.0,1,left,MISS B. Adebayo 11' fadeaway Shot,[1628389],1610612748.0,MIA,fadeaway,,,Adebayo,B. Adebayo,,,,,Mid-Range,8-16 Left,11.65,Missed,,,,,,,,,,,,,,,,,,
651,PT03M00.00S,2025-12-16T02:46:08.2Z,4,REGULAR,rebound,defensive,[],1630567,,,1610612761,91,100,2025-12-16T02:46:12Z,6260000,False,,,0,,S. Barnes REBOUND (Off:3 Def:5),[1630567],1610612761.0,TOR,,,,Barnes,S. Barnes,,,,,Mid-Range,8-16 Left,,,650.0,8.0,5.0,3.0,,,,,,,,,,,,,,
652,PT02M49.00S,2025-12-16T02:46:18.5Z,4,REGULAR,turnover,lost ball,[],1627742,,,1610612761,91,100,2025-12-16T02:46:22Z,6270000,False,,,0,,B. Ingram lost ball TURNOVER (4 TO),"[1627742, 1630696]",1610612761.0,TOR,,,,Ingram,B. Ingram,,,,,In The Paint (Non-RA),0-8 Center,,,,,,,4.0,Smith,1630696.0,,,,,,,,,,,
653,PT02M49.00S,2025-12-16T02:46:18.5Z,4,REGULAR,steal,,[],1630696,,,1610612748,91,100,2025-12-16T02:51:51Z,6280000,False,,,0,,D. Smith STEAL (2 STL),[1630696],1610612748.0,MIA,,,,Smith,D. Smith,,,,,In The Paint (Non-RA),0-8 Center,,,,,,,,,,,,,,,,,,,,
654,PT02M44.00S,2025-12-16T02:46:23.3Z,4,REGULAR,2pt,Layup,"['pointsinthepaint', 'fromturnover', 'fastbreak']",1630696,6.1268068331143235,53.18627450980392,1610612748,91,100,2025-12-16T02:46:28Z,6290000,False,-16.0,5.0,1,left,MISS D. Smith running Layup - blocked,"[1630696, 1630567]",1610612748.0,MIA,running,,,Smith,D. Smith,,,,,Restricted Area,0-8 Center,1.67,Missed,,,,,,,,,,,,,,,,,Barnes,1630567.0
655,PT02M44.00S,2025-12-16T02:46:23.3Z,4,REGULAR,block,,[],1630567,,,1610612748,91,100,2025-12-16T02:46:25Z,6300000,False,,,0,,S. Barnes BLOCK (3 BLK),[1630567],1610612761.0,TOR,,,,Barnes,S. Barnes,,,,,Restricted Area,0-8 Center,,,,,,,,,,,,,,,,,,,,
656,PT02M41.00S,2025-12-16T02:46:26.3Z,4,REGULAR,rebound,defensive,[],1627751,,,1610612761,91,100,2025-12-16T02:46:28Z,6310000,False,,,0,,J. Poeltl REBOUND (Off:2 Def:6),[1627751],1610612761.0,TOR,,,,Poeltl,J. Poeltl,,,,,Restricted Area,0-8 Center,,,654.0,8.0,6.0,2.0,,,,,,,,,,,,,,
657,PT02M22.00S,2025-12-16T02:46:46.5Z,4,REGULAR,3pt,Jump Shot,[],1627742,67.09921156373193,47.05882352941176,1610612761,91,100,2025-12-16T02:47:34Z,6320000,False,-15.0,257.0,1,right,MISS B. Ingram 25' turnaround fadeaway bank 3PT,[1627742],1610612761.0,TOR,turnaround fadeaway bank,,,Ingram,B. Ingram,,,,,Above the Break 3,24+ Center,25.72,Missed,,,,,,,,,,,,,,,,,,
658,PT02M21.00S,2025-12-16T02:46:47.5Z,4,REGULAR,rebound,offensive,['team'],0,,,1610612761,91,100,2025-12-16T02:47:34Z,6330000,False,,,0,,TEAM offensive REBOUND,[],1610612761.0,TOR,,,,,,,,,,Above the Break 3,24+ Center,,,657.0,,,,,,,,,,,,,,,,,
659,PT02M21.00S,2025-12-16T02:46:52.2Z,4,REGULAR,turnover,shot clock,['team'],0,,,1610612761,91,100,2025-12-16T02:47:08Z,6340000,False,,,0,,TOR shot clock Team TURNOVER,[],1610612761.0,TOR,,,,,,,,,,Above the Break 3,24+ Center,,,,,,,,,,,,,,1627964.0,,,,,,
660,PT02M10.00S,2025-12-16T02:47:18.2Z,4,REGULAR,2pt,Layup,"['pointsinthepaint', 'fromturnover']",1626181,7.440867279894875,42.8921568627451,1610612748,93,100,2025-12-16T02:47:23Z,6350000,False,36.0,17.0,1,left,N. Powell driving Layup (17 PTS) (D. Mitchell 4 AST),"[1626181, 1630558]",1610612748.0,MIA,driving,,,Powell,N. Powell,,,,,Restricted Area,0-8 Center,3.95,Made,,,,,,,,17.0,D. Mitchell,1630558.0,4.0,,,,,,,
662,PT02M03.00S,2025-12-16T02:47:34.0Z,4,REGULAR,violation,delay-of-game,['team'],0,,,1610612761,93,100,2025-12-16T02:47:37Z,6370000,False,,,0,,TEAM delay-of-game VIOLATION,[],1610612761.0,TOR,,,,,,,,,,,,,,,,,,,,,,,,,1627964.0,,,,,,
663,PT01M37.00S,2025-12-16T02:48:03.6Z,4,REGULAR,2pt,Jump Shot,[],1630567,84.83902759526939,27.941176470588236,1610612761,93,100,2025-12-16T02:55:16Z,6380000,False,-110.0,90.0,1,right,MISS S. Barnes 14' turnaround Shot,[1630567],1610612761.0,TOR,turnaround,,,Barnes,S. Barnes,,,,,Mid-Range,8-16 Left,14.24,Missed,,,,,,,,,,,,,,,,,,
664,PT01M33.00S,2025-12-16T02:48:07.6Z,4,REGULAR,rebound,defensive,[],1630558,,,1610612748,93,100,2025-12-16T02:55:16Z,6390000,False,,,0,,D. Mitchell REBOUND (Off:0 Def:4),[1630558],1610612748.0,MIA,,,,Mitchell,D. Mitchell,,,,,Mid-Range,8-16 Left,,,663.0,4.0,4.0,0.0,,,,,,,,,,,,,,
665,PT01M28.00S,2025-12-16T02:48:14.2Z,4,REGULAR,foul,personal,['3freethrow'],1630567,,,1610612748,93,100,2025-12-16T02:48:40Z,6400000,False,,,0,,S. Barnes shooting personal FOUL (5 PF) (Powell 3 FT),"[1630567, 1626181]",1610612761.0,TOR,shooting,,,Barnes,S. Barnes,,,,,Above the Break 3,24+ Center,,,,,,,,,,,,,,202026.0,5.0,0.0,Powell,1626181.0,,
667,PT01M28.00S,2025-12-16T02:48:48.3Z,4,REGULAR,freethrow,1 of 3,[],1626181,,,1610612748,94,100,2025-12-16T02:48:48Z,6420000,False,,,0,,N. Powell Free Throw 1 of 3 (18 PTS),[1626181],1610612748.0,MIA,,,,Powell,N. Powell,,,,,,,,Made,,,,,,,,18.0,,,,,,,,,,
668,PT01M28.00S,2025-12-16T02:49:06.8Z,4,REGULAR,freethrow,2 of 3,[],1626181,,,1610612748,95,100,2025-12-16T02:49:06Z,6430000,False,,,0,,N. Powell Free Throw 2 of 3 (19 PTS),[1626181],1610612748.0,MIA,,,,Powell,N. Powell,,,,,,,,Made,,,,,,,,19.0,,,,,,,,,,
669,PT01M28.00S,2025-12-16T02:49:07.5Z,4,REGULAR,substitution,out,[],1630534,,,1610612748,95,100,2025-12-16T02:49:11Z,6440000,False,,,0,,SUB out: O. Agbaji,[1630534],1610612761.0,TOR,,,,Agbaji,O. Agbaji,,,,,,,,,,,,,,,,,,,,,,,,,,
670,PT01M28.00S,2025-12-16T02:49:07.5Z,4,REGULAR,substitution,in,[],1642347,,,1610612748,95,100,2025-12-16T02:49:11Z,6450000,False,,,0,,SUB in: J. Shead,[1642347],1610612761.0,TOR,,,,Shead,J. Shead,,,,,,,,,,,,,,,,,,,,,,,,,,
671,PT01M28.00S,2025-12-16T02:49:32.1Z,4,REGULAR,freethrow,3 of 3,[],1626181,,,1610612748,96,100,2025-12-16T02:49:32Z,6460000,False,,,0,,N. Powell Free Throw 3 of 3 (20 PTS),[1626181],1610612748.0,MIA,,,,Powell,N. Powell,,,,,,,,Made,,,,,,,,20.0,,,,,,,,,,
672,PT01M09.00S,2025-12-16T02:49:53.2Z,4,REGULAR,2pt,Jump Shot,['pointsinthepaint'],1642347,87.59855453350855,53.67647058823529,1610612761,96,102,2025-12-16T02:49:56Z,6470000,False,18.0,64.0,1,right,J. Shead 6' driving floating Jump Shot (8 PTS),[1642347],1610612761.0,TOR,driving floating,,,Shead,J. Shead,,,,,In The Paint (Non-RA),0-8 Center,6.67,Made,,,,,,,,8.0,,,,,,,,,,
673,PT01M01.00S,2025-12-16T02:50:02.7Z,4,REGULAR,turnover,out-of-bounds,[],1626181,,,1610612748,96,102,2025-12-16T02:50:08Z,6480000,False,,,0,,N. Powell bad pass out-of-bounds TURNOVER (3 TO),[1626181],1610612748.0,MIA,bad pass,,,Powell,N. Powell,,,,,In The Paint (Non-RA),0-8 Center,,,,,,,3.0,,,,,,,201246.0,,,,,,
674,PT00M38.50S,2025-12-16T02:50:34.2Z,4,REGULAR,3pt,Jump Shot,['fromturnover'],1642347,65.78515111695138,63.970588235294116,1610612761,96,102,2025-12-16T02:56:49Z,6490000,False,70.0,269.0,1,right,MISS J. Shead 27' pullup 3PT,[1642347],1610612761.0,TOR,pullup,,,Shead,J. Shead,,,,,Above the Break 3,24+ Center,27.8,Missed,,,,,,,,,,,,,,,,,,
675,PT00M35.80S,2025-12-16T02:50:36.9Z,4,REGULAR,rebound,offensive,[],1630567,,,1610612761,96,102,2025-12-16T02:50:41Z,6500000,False,,,0,,S. Barnes REBOUND (Off:4 Def:5),[1630567],1610612761.0,TOR,,,,Barnes,S. Barnes,,,,,Above the Break 3,24+ Center,,,674.0,9.0,5.0,4.0,,,,,,,,,,,,,,
676,PT00M35.80S,2025-12-16T02:50:39.3Z,4,REGULAR,2pt,Layup,"['pointsinthepaint', 'fromturnover', '2ndchance']",1630567,91.5407358738502,48.03921568627451,1610612761,96,104,2025-12-16T02:50:44Z,6510000,False,-10.0,27.0,1,right,S. Barnes putback Layup (17 PTS),[1630567],1610612761.0,TOR,putback,,,Barnes,S. Barnes,,,,,Restricted Area,0-8 Center,2.87,Made,,,,,,,,17.0,,,,,,,,,,
677,PT00M35.80S,2025-12-16T02:50:45.6Z,4,REGULAR,foul,personal,['1freethrow'],1630558,,,1610612761,96,104,2025-12-16T02:51:10Z,6520000,False,,,0,,D. Mitchell shooting personal FOUL (2 PF) (Barnes 1 FT),"[1630558, 1630567]",1610612748.0,MIA,shooting,,,Mitchell,D. Mitchell,,,,,Restricted Area,0-8 Center,,,,,,,,,,,,,,1627964.0,2.0,0.0,Barnes,1630567.0,,
679,PT00M35.80S,2025-12-16T02:51:17.1Z,4,REGULAR,freethrow,1 of 1,"['fromturnover', '2ndchance']",1630567,,,1610612761,96,104,2025-12-16T02:51:20Z,6540000,False,,,0,,MISS S. Barnes Free Throw 1 of 1,[1630567],1610612761.0,TOR,,,,Barnes,S. Barnes,,,,,,,,Missed,,,,,,,,,,,,,,,,,,
680,PT00M35.50S,2025-12-16T02:51:17.4Z,4,REGULAR,rebound,defensive,[],1628389,,,1610612748,96,104,2025-12-16T02:51:20Z,6550000,False,,,0,,B. Adebayo REBOUND (Off:0 Def:10),[1628389],1610612748.0,MIA,,,,Adebayo,B. Adebayo,,,,,,,,,679.0,10.0,10.0,0.0,,,,,,,,,,,,,,
681,PT00M35.50S,2025-12-16T02:51:22.7Z,4,REGULAR,timeout,full,['team'],0,,,1610612748,96,104,2025-12-16T02:51:22Z,6560000,False,,,0,,MIA Timeout,[],1610612748.0,MIA,,,,,,,,,,,,,,,,,,,,,,,,,,,,,,,
682,PT00M35.50S,2025-12-16T02:52:27.7Z,4,REGULAR,substitution,out,[],1630696,,,1610612748,96,104,2025-12-16T02:52:38Z,6570000,False,,,0,,SUB out: D. Smith,[1630696],1610612748.0,MIA,,,,Smith,D. Smith,,,,,,,,,,,,,,,,,,,,,,,,,,
683,PT00M35.50S,2025-12-16T02:52:27.7Z,4,REGULAR,substitution,in,[],1631323,,,1610612748,96,104,2025-12-16T02:52:38Z,6580000,False,,,0,,SUB in: S. Fontecchio,[1631323],1610612748.0,MIA,,,,Fontecchio,S. Fontecchio,,,,,,,,,,,,,,,,,,,,,,,,,,
684,PT00M35.50S,2025-12-16T02:53:07.8Z,4,REGULAR,timeout,full,['team'],0,,,1610612748,96,104,2025-12-16T02:53:07Z,6590000,False,,,0,,MIA Timeout,[],1610612748.0,MIA,,,,,,,,,,,,,,,,,,,,,,,,,,,,,,,
685,PT00M33.70S,2025-12-16T02:54:49.6Z,4,REGULAR,3pt,Jump Shot,[],1626181,19.136005256241788,90.19607843137256,1610612748,96,104,2025-12-16T02:54:56Z,6600000,False,-201.0,127.0,1,left,MISS N. Powell 3PT,[1626181],1610612748.0,MIA,,,,Powell,N. Powell,,,,,Above the Break 3,24+ Left Center,23.8,Missed,,,,,,,,,,,,,,,,,,
686,PT00M30.60S,2025-12-16T02:54:52.8Z,4,REGULAR,rebound,offensive,[],1626181,,,1610612748,96,104,2025-12-16T02:54:52Z,6610000,False,,,0,,N. Powell REBOUND (Off:1 Def:2),[1626181],1610612748.0,MIA,,,,Powell,N. Powell,,,,,Above the Break 3,24+ Left Center,,,685.0,3.0,2.0,1.0,,,,,,,,,,,,,,
687,PT00M29.40S,2025-12-16T02:54:54.1Z,4,REGULAR,2pt,Jump Shot,"['pointsinthepaint', '2ndchance']",1626181,6.521024967148489,51.9607843137255,1610612748,96,104,2025-12-16T02:55:03Z,6620000,False,-10.0,9.0,1,left,MISS N. Powell floating Shot,[1626181],1610612748.0,MIA,floating,,,Powell,N. Powell,,,,,Restricted Area,0-8 Center,1.32,Missed,,,,,,,,,,,,,,,,,,
688,PT00M26.50S,2025-12-16T02:54:56.9Z,4,REGULAR,rebound,defensive,[],1627742,,,1610612761,96,104,2025-12-16T02:54:56Z,6630000,False,,,0,,B. Ingram REBOUND (Off:0 Def:5),[1627742],1610612761.0,TOR,,,,Ingram,B. Ingram,,,,,Restricted Area,0-8 Center,,,687.0,5.0,5.0,0.0,,,,,,,,,,,,,,
689,PT00M17.50S,2025-12-16T02:55:06.6Z,4,REGULAR,2pt,Layup,['pointsinthepaint'],1627751,94.03745072273325,52.20588235294118,1610612761,96,106,2025-12-16T02:55:10Z,6640000,False,11.0,4.0,1,right,J. Poeltl Layup (8 PTS) (S. Barnes 6 AST),"[1627751, 1630567]",1610612761.0,TOR,,,,Poeltl,J. Poeltl,,,,,Restricted Area,0-8 Center,1.15,Made,,,,,,,,8.0,S. Barnes,1630567.0,6.0,,,,,,,
691,PT00M09.40S,2025-12-16T02:55:16.6Z,4,REGULAR,3pt,Jump Shot,[],1626181,25.837713534822605,90.93137254901961,1610612748,96,106,2025-12-16T02:55:24Z,6660000,False,-205.0,190.0,1,left,MISS N. Powell 27' 3PT,[1626181],1610612748.0,MIA,,,,Powell,N. Powell,,,,,Above the Break 3,24+ Left Center,27.96,Missed,,,,,,,,,,,,,,,,,,
692,PT00M06.30S,2025-12-16T02:55:19.7Z,4,REGULAR,rebound,defensive,[],1630567,,,1610612761,96,106,2025-12-16T02:55:24Z,6670000,False,,,0,,S. Barnes REBOUND (Off:4 Def:6),[1630567],1610612761.0,TOR,,,,Barnes,S. Barnes,,,,,Above the Break 3,24+ Left Center,,,691.0,10.0,6.0,4.0,,,,,,,,,,,,,,
693,PT00M00.00S,2025-12-16T02:55:31.5Z,4,REGULAR,period,end,[],0,,,1610612761,96,106,2025-12-16T02:55:31Z,6680000,False,,,0,,Period End,[],,,,,,,,,,,,,,,,,,,,,,,,,,,,,,,,,
694,PT00M00.00S,2025-12-16T02:55:35.8Z,4,REGULAR,game,end,[],0,,,0,96,106,2025-12-16T02:55:35Z,6690000,False,,,0,,Game End,[],,,,,,,,,,,,,,,,,,,,,,,,,,,,,,,,,
