actionNumber,clock,timeActual,period,periodType,actionType,subType,qualifiers,personId,x,y,possession,scoreHome,scoreAway,edited,orderNumber,isTargetScoreLastPeriod,xLegacy,yLegacy,isFieldGoal,side,description,personIdsFilter,teamId,teamTricode,descriptor,jumpBallRecoveredName,jumpBallRecoverdPersonId,playerName,playerNameI,jumpBallWonPlayerName,jumpBallWonPersonId,jumpBallLostPlayerName,jumpBallLostPersonId,area,areaDetail,officialId,foulPersonalTotal,foulTechnicalTotal,foulDrawnPlayerName,foulDrawnPersonId,shotResult,pointsTotal,turnoverTotal,stealPlayerName,stealPersonId,shotDistance,assistPlayerNameInitial,assistPersonId,assistTotal,shotActionNumber,reboundTotal,reboundDefensiveTotal,reboundOffensiveTotal,blockPlayerName,blockPersonId
2,PT12M00.00S,2026-03-20T00:10:52.1Z,1,REGULAR,period,start,[],0,,,0,0,0,2026-03-20T00:10:52Z,20000,False,,,0,,Period Start,[],,,,,,,,,,,,,,,,,,,,,,,,,,,,,,,,,
4,PT11M56.00S,2026-03-20T00:10:54.9Z,1,REGULAR,jumpball,recovered,[],1630558,,,1610612748,0,0,2026-03-20T00:10:54Z,40000,False,,,0,,Jump Ball B. Adebayo vs. D. Ayton: Tip to D. Mitchell,"[1630558, 1628389, 1629028]",1610612748.0,MIA,startperiod,D. Mitchell,1630558.0,Mitchell,D. Mitchell,Adebayo,1628389.0,Ayton,1629028.0,,,,,,,,,,,,,,,,,,,,,,
7,PT11M38.00S,2026-03-20T00:11:15.1Z,1,REGULAR,foul,personal,['2freethrow'],1629028,,,1610612748,0,0,2026-03-20T00:11:26Z,70000,False,,,0,,D. Ayton shooting personal FOUL (1 PF) (Adebayo 2 FT),"[1629028, 1628389]",1610612747.0,LAL,shooting,,,Ayton,D. Ayton,,,,,In The Paint (Non-RA),8-16 Center,2002.0,1.0,0.0,Adebayo,1628389.0,,,,,,,,,,,,,,,
9,PT11M38.00S,2026-03-20T00:11:42.7Z,1,REGULAR,freethrow,1 of 2,[],1628389,,,1610612748,1,0,2026-03-20T00:11:42Z,90000,False,,,0,,B. Adebayo Free Throw 1 of 2 (1 PTS),[1628389],1610612748.0,MIA,,,,Adebayo,B. Adebayo,,,,,,,,,,,,Made,1.0,,,,,,,,,,,,,
10,PT11M38.00S,2026-03-20T00:11:58.8Z,1,REGULAR,freethrow,2 of 2,[],1628389,,,1610612748,2,0,2026-03-20T00:11:58Z,100000,False,,,0,,B. Adebayo Free Throw 2 of 2 (2 PTS),[1628389],1610612748.0,MIA,,,,Adebayo,B. Adebayo,,,,,,,,,,,,Made,2.0,,,,,,,,,,,,,
11,PT11M26.00S,2026-03-20T00:12:12.5Z,1,REGULAR,turnover,bad pass,[],203935,,,1610612747,2,0,2026-03-20T00:14:23Z,110000,False,,,0,,M. Smart bad pass TURNOVER (1 TO),"[203935, 1628389]",1610612747.0,LAL,,,,Smart,M. Smart,,,,,Above the Break 3,24+ Center,,,,,,,,1.0,Adebayo,1628389.0,,,,,,,,,,
12,PT11M26.00S,2026-03-20T00:12:12.5Z,1,REGULAR,steal,,[],1628389,,,1610612748,2,0,2026-03-20T00:12:14Z,120000,False,,,0,,B. Adebayo STEAL (1 STL),[1628389],1610612748.0,MIA,,,,Adebayo,B. Adebayo,,,,,Above the Break 3,24+ Center,,,,,,,,,,,,,,,,,,,,
13,PT11M19.00S,2026-03-20T00:12:19.1Z,1,REGULAR,3pt,Jump Shot,"['fromturnover', 'fastbreak']",1630558,27.151773981603156,18.137254901960784,1610612748,5,0,2026-03-20T00:14:44Z,130000,False,159.0,203.0,1,left,D. Mitchell 25' 3PT running (3 PTS) (T. Herro 1 AST),"[1630558, 1629639]",1610612748.0,MIA,running,,,Mitchell,D. Mitchell,,,,,Above the Break 3,24+ Right Center,,,,,,Made,3.0,,,,25.78,T. Herro,1629639.0,1.0,,,,,,
15,PT11M00.00S,2026-03-20T00:12:37.9Z,1,REGULAR,3pt,Jump Shot,[],1629029,66.83639947437582,25.0,1610612747,5,0,2026-03-20T00:12:43Z,150000,False,-125.0,259.0,1,right,MISS L. Dončić 28' 3PT,[1629029],1610612747.0,LAL,,,,Dončić,L. Dončić,,,,,Above the Break 3,24+ Left Center,,,,,,Missed,,,,,28.78,,,,,,,,,
16,PT10M57.00S,2026-03-20T00:12:40.9Z,1,REGULAR,rebound,defensive,[],1630558,,,1610612748,5,0,2026-03-20T00:12:43Z,160000,False,,,0,,D. Mitchell REBOUND (Off:0 Def:1),[1630558],1610612748.0,MIA,,,,Mitchell,D. Mitchell,,,,,Above the Break 3,24+ Left Center,,,,,,,,,,,,,,,15.0,1.0,1.0,0.0,,
17,PT10M51.00S,2026-03-20T00:12:46.7Z,1,REGULAR,2pt,Jump Shot,[],1628389,23.99802890932983,42.15686274509804,1610612748,5,0,2026-03-20T00:15:59Z,170000,False,39.0,173.0,1,left,MISS B. Adebayo 17' pullup Shot,[1628389],1610612748.0,MIA,pullup,,,Adebayo,B. Adebayo,,,,,Mid-Range,16-24 Center,,,,,,Missed,,,,,17.75,,,,,,,,,
18,PT10M49.00S,2026-03-20T00:12:48.7Z,1,REGULAR,rebound,defensive,[],1629028,,,1610612747,5,0,2026-03-20T00:12:52Z,180000,False,,,0,,D. Ayton REBOUND (Off:0 Def:1),[1629028],1610612747.0,LAL,,,,Ayton,D. Ayton,,,,,Mid-Range,16-24 Center,,,,,,,,,,,,,,,17.0,1.0,1.0,0.0,,
19,PT10M27.00S,2026-03-20T00:13:11.8Z,1,REGULAR,3pt,Jump Shot,[],1630559,70.12155059132719,73.2843137254902,1610612747,5,0,2026-03-20T00:13:45Z,190000,False,116.0,228.0,1,right,MISS A. Reaves 25' turnaround fadeaway bank 3PT,[1630559],1610612747.0,LAL,turnaround fadeaway bank,,,Reaves,A. Reaves,,,,,Above the Break 3,24+ Right Center,,,,,,Missed,,,,,25.64,,,,,,,,,
20,PT10M22.00S,2026-03-20T00:13:16.8Z,1,REGULAR,rebound,defensive,[],1629639,,,1610612748,5,0,2026-03-20T00:13:45Z,200000,False,,,0,,T. Herro REBOUND (Off:0 Def:1),[1629639],1610612748.0,MIA,,,,Herro,T. Herro,,,,,Above the Break 3,24+ Right Center,,,,,,,,,,,,,,,19.0,1.0,1.0,0.0,,
21,PT10M15.00S,2026-03-20T00:13:23.1Z,1,REGULAR,2pt,Layup,['pointsinthepaint'],1629639,4.944152431011826,45.588235294117645,1610612748,5,0,2026-03-20T00:13:31Z,210000,False,22.0,-6.0,1,left,MISS T. Herro driving Layup,[1629639],1610612748.0,MIA,driving,,,Herro,T. Herro,,,,,Restricted Area,0-8 Center,,,,,,Missed,,,,,2.29,,,,,,,,,
22,PT10M12.00S,2026-03-20T00:13:26.1Z,1,REGULAR,rebound,defensive,[],1630559,,,1610612747,5,0,2026-03-20T00:13:31Z,220000,False,,,0,,A. Reaves REBOUND (Off:0 Def:1),[1630559],1610612747.0,LAL,,,,Reaves,A. Reaves,,,,,Restricted Area,0-8 Center,,,,,,,,,,,,,,,21.0,1.0,1.0,0.0,,
23,PT10M06.00S,2026-03-20T00:13:31.9Z,1,REGULAR,3pt,Jump Shot,['fastbreak'],203935,72.61826544021025,81.37254901960785,1610612747,5,0,2026-03-20T00:18:00Z,230000,False,157.0,205.0,1,right,MISS M. Smart 25' running 3PT,[203935],1610612747.0,LAL,running,,,Smart,M. Smart,,,,,Above the Break 3,24+ Right Center,,,,,,Missed,,,,,25.81,,,,,,,,,
24,PT10M04.00S,2026-03-20T00:13:33.9Z,1,REGULAR,rebound,defensive,[],1631323,,,1610612748,5,0,2026-03-20T00:13:37Z,240000,False,,,0,,S. Fontecchio REBOUND (Off:0 Def:1),[1631323],1610612748.0,MIA,,,,Fontecchio,S. Fontecchio,,,,,Above the Break 3,24+ Right Center,,,,,,,,,,,,,,,23.0,1.0,1.0,0.0,,
25,PT09M58.00S,2026-03-20T00:13:39.7Z,1,REGULAR,2pt,Jump Shot,['pointsinthepaint'],1641796,6.389618922470433,43.13725490196079,1610612748,7,0,2026-03-20T00:13:48Z,250000,False,34.0,8.0,1,left,P. Larsson driving floating bank Jump Shot (2 PTS) (S. Fontecchio 1 AST),"[1641796, 1631323]",1610612748.0,MIA,driving floating bank,,,Larsson,P. Larsson,,,,,Restricted Area,0-8 Center,,,,,,Made,2.0,,,,3.51,S. Fontecchio,1631323.0,1.0,,,,,,
26,PT09M46.00S,2026-03-20T00:13:51.5Z,1,REGULAR,3pt,Jump Shot,[],1629029,71.04139290407359,13.970588235294118,1610612747,7,0,2026-03-20T00:14:03Z,260000,False,-180.0,220.0,1,right,MISS L. Dončić 28' step back 3PT,[1629029],1610612747.0,LAL,step back,,,Dončić,L. Dončić,,,,,Above the Break 3,24+ Left Center,,,,,,Missed,,,,,28.41,,,,,,,,,
27,PT09M43.00S,2026-03-20T00:13:54.5Z,1,REGULAR,rebound,defensive,[],1630558,,,1610612748,7,0,2026-03-20T00:14:03Z,270000,False,,,0,,D. Mitchell REBOUND (Off:0 Def:2),[1630558],1610612748.0,MIA,,,,Mitchell,D. Mitchell,,,,,Above the Break 3,24+ Left Center,,,,,,,,,,,,,,,26.0,2.0,2.0,0.0,,
28,PT09M40.00S,2026-03-20T00:13:58.6Z,1,REGULAR,2pt,Layup,"['pointsinthepaint', 'fastbreak']",1631323,6.783837056504599,52.450980392156865,1610612748,9,0,2026-03-20T00:14:08Z,280000,False,-12.0,11.0,1,left,S. Fontecchio running finger roll Layup (2 PTS) (B. Adebayo 1 AST),"[1631323, 1628389]",1610612748.0,MIA,running finger roll,,,Fontecchio,S. Fontecchio,,,,,Restricted Area,0-8 Center,,,,,,Made,2.0,,,,1.67,B. Adebayo,1628389.0,1.0,,,,,,
30,PT09M29.00S,2026-03-20T00:14:12.1Z,1,REGULAR,foul,personal,['2freethrow'],1629639,,,1610612747,9,0,2026-03-20T00:14:20Z,300000,False,,,0,,T. Herro shooting personal FOUL (1 PF) (Smart 2 FT),"[1629639, 203935]",1610612748.0,MIA,shooting,,,Herro,T. Herro,,,,,Restricted Area,0-8 Center,2002.0,1.0,0.0,Smart,203935.0,,,,,,,,,,,,,,,
32,PT09M29.00S,2026-03-20T00:14:36.6Z,1,REGULAR,freethrow,1 of 2,[],203935,,,1610612747,9,1,2026-03-20T00:14:36Z,320000,False,,,0,,M. Smart Free Throw 1 of 2 (1 PTS),[203935],1610612747.0,LAL,,,,Smart,M. Smart,,,,,,,,,,,,Made,1.0,,,,,,,,,,,,,
33,PT09M29.00S,2026-03-20T00:14:58.5Z,1,REGULAR,freethrow,2 of 2,[],203935,,,1610612747,9,2,2026-03-20T00:14:58Z,330000,False,,,0,,M. Smart Free Throw 2 of 2 (2 PTS),[203935],1610612747.0,LAL,,,,Smart,M. Smart,,,,,,,,,,,,Made,2.0,,,,,,,,,,,,,
34,PT09M17.00S,2026-03-20T00:15:10.9Z,1,REGULAR,3pt,Jump Shot,[],1631323,7.703679369250986,3.431372549019608,1610612748,12,2,2026-03-20T00:15:15Z,340000,False,233.0,20.0,1,left,S. Fontecchio 3PT  (5 PTS) (P. Larsson 1 AST),"[1631323, 1641796]",1610612748.0,MIA,,,,Fontecchio,S. Fontecchio,,,,,Right Corner 3,24+ Right,,,,,,Made,5.0,,,,23.36,P. Larsson,1641796.0,1.0,,,,,,
36,PT08M59.00S,2026-03-20T00:15:28.6Z,1,REGULAR,2pt,DUNK,['pointsinthepaint'],2544,92.9862023653088,51.71568627450981,1610612747,12,4,2026-03-20T00:15:42Z,360000,False,9.0,13.0,1,right,L. James cutting DUNK (2 PTS) (M. Smart 1 AST),"[2544, 203935]",1610612747.0,LAL,cutting,,,James,L. James,,,,,Restricted Area,0-8 Center,,,,,,Made,2.0,,,,1.59,M. Smart,203935.0,1.0,,,,,,
38,PT08M39.00S,2026-03-20T00:15:48.3Z,1,REGULAR,2pt,Jump Shot,['pointsinthepaint'],1629639,16.63929040735874,48.28431372549019,1610612748,14,4,2026-03-20T00:15:54Z,380000,False,9.0,104.0,1,left,T. Herro 10' driving floating Jump Shot (2 PTS) (D. Mitchell 1 AST),"[1629639, 1630558]",1610612748.0,MIA,driving floating,,,Herro,T. Herro,,,,,In The Paint (Non-RA),8-16 Center,,,,,,Made,2.0,,,,10.43,D. Mitchell,1630558.0,1.0,,,,,,
40,PT08M25.00S,2026-03-20T00:16:02.7Z,1,REGULAR,2pt,Layup,['pointsinthepaint'],203935,92.9862023653088,53.18627450980392,1610612747,14,4,2026-03-20T00:16:07Z,400000,False,16.0,13.0,1,right,MISS M. Smart driving Layup,[203935],1610612747.0,LAL,driving,,,Smart,M. Smart,,,,,Restricted Area,0-8 Center,,,,,,Missed,,,,,2.08,,,,,,,,,
41,PT08M24.00S,2026-03-20T00:16:03.7Z,1,REGULAR,rebound,defensive,[],1629639,,,1610612748,14,4,2026-03-20T00:16:07Z,410000,False,,,0,,T. Herro REBOUND (Off:0 Def:2),[1629639],1610612748.0,MIA,,,,Herro,T. Herro,,,,,Restricted Area,0-8 Center,,,,,,,,,,,,,,,40.0,2.0,2.0,0.0,,
42,PT08M21.00S,2026-03-20T00:16:07.7Z,1,REGULAR,3pt,Jump Shot,['fastbreak'],1629639,33.98488830486202,41.66666666666667,1610612748,14,4,2026-03-20T00:16:18Z,420000,False,42.0,267.0,1,left,MISS T. Herro 27' running pullup 3PT,[1629639],1610612748.0,MIA,running pullup,,,Herro,T. Herro,,,,,Above the Break 3,24+ Center,,,,,,Missed,,,,,27.02,,,,,,,,,
43,PT08M16.00S,2026-03-20T00:16:12.7Z,1,REGULAR,rebound,defensive,[],203935,,,1610612747,14,4,2026-03-20T00:16:18Z,430000,False,,,0,,M. Smart REBOUND (Off:0 Def:1),[203935],1610612747.0,LAL,,,,Smart,M. Smart,,,,,Above the Break 3,24+ Center,,,,,,,,,,,,,,,42.0,1.0,1.0,0.0,,
44,PT08M13.00S,2026-03-20T00:16:15.0Z,1,REGULAR,2pt,Layup,"['pointsinthepaint', 'fastbreak']",1629029,93.77463863337714,52.20588235294118,1610612747,14,6,2026-03-20T00:16:22Z,440000,False,11.0,6.0,1,right,L. Dončić running Layup (2 PTS) (M. Smart 2 AST),"[1629029, 203935]",1610612747.0,LAL,running,,,Dončić,L. Dončić,,,,,Restricted Area,0-8 Center,,,,,,Made,2.0,,,,1.25,M. Smart,203935.0,2.0,,,,,,
46,PT08M02.00S,2026-03-20T00:16:25.7Z,1,REGULAR,3pt,Jump Shot,[],1629639,32.14520367936925,13.480392156862745,1610612748,14,6,2026-03-20T00:16:31Z,460000,False,183.0,250.0,1,left,MISS T. Herro 30' 3PT,[1629639],1610612748.0,MIA,,,,Herro,T. Herro,,,,,Above the Break 3,24+ Right Center,,,,,,Missed,,,,,30.93,,,,,,,,,
47,PT07M58.00S,2026-03-20T00:16:29.7Z,1,REGULAR,rebound,defensive,[],1629029,,,1610612747,14,6,2026-03-20T00:16:31Z,470000,False,,,0,,L. Dončić REBOUND (Off:0 Def:1),[1629029],1610612747.0,LAL,,,,Dončić,L. Dončić,,,,,Above the Break 3,24+ Right Center,,,,,,,,,,,,,,,46.0,1.0,1.0,0.0,,
48,PT07M43.00S,2026-03-20T00:16:44.3Z,1,REGULAR,2pt,Jump Shot,['pointsinthepaint'],1629029,80.6340341655716,62.99019607843137,1610612747,14,6,2026-03-20T00:16:51Z,480000,False,65.0,130.0,1,right,MISS L. Dončić 14' fadeaway Shot,[1629029],1610612747.0,LAL,fadeaway,,,Dončić,L. Dončić,,,,,In The Paint (Non-RA),8-16 Center,,,,,,Missed,,,,,14.49,,,,,,,,,
49,PT07M40.00S,2026-03-20T00:16:47.3Z,1,REGULAR,rebound,offensive,[],1629028,,,1610612747,14,6,2026-03-20T00:16:51Z,490000,False,,,0,,D. Ayton REBOUND (Off:1 Def:1),[1629028],1610612747.0,LAL,,,,Ayton,D. Ayton,,,,,In The Paint (Non-RA),8-16 Center,,,,,,,,,,,,,,,48.0,2.0,1.0,1.0,,
50,PT07M39.00S,2026-03-20T00:16:49.2Z,1,REGULAR,2pt,Hook,"['pointsinthepaint', '2ndchance']",1629028,91.5407358738502,50.245098039215684,1610612747,14,8,2026-03-20T00:16:57Z,500000,False,1.0,27.0,1,right,D. Ayton turnaround Hook (2 PTS),[1629028],1610612747.0,LAL,turnaround,,,Ayton,D. Ayton,,,,,Restricted Area,0-8 Center,,,,,,Made,2.0,,,,2.7,,,,,,,,,
51,PT07M27.00S,2026-03-20T00:17:00.1Z,1,REGULAR,2pt,Jump Shot,['pointsinthepaint'],1641796,10.33180026281209,47.794117647058826,1610612748,16,8,2026-03-20T00:17:05Z,510000,False,11.0,45.0,1,left,P. Larsson driving floating Jump Shot (4 PTS) (S. Fontecchio 2 AST),"[1641796, 1631323]",1610612748.0,MIA,driving floating,,,Larsson,P. Larsson,,,,,In The Paint (Non-RA),0-8 Center,,,,,,Made,4.0,,,,4.59,S. Fontecchio,1631323.0,2.0,,,,,,
53,PT07M18.00S,2026-03-20T00:17:09.5Z,1,REGULAR,3pt,Jump Shot,[],203935,94.82588699080158,95.09803921568627,1610612747,16,8,2026-03-20T00:17:16Z,530000,False,225.0,-4.0,1,right,MISS M. Smart 3PT,[203935],1610612747.0,LAL,,,,Smart,M. Smart,,,,,Right Corner 3,24+ Right,,,,,,Missed,,,,,22.55,,,,,,,,,
54,PT07M13.00S,2026-03-20T00:17:14.6Z,1,REGULAR,rebound,offensive,[],1630559,,,1610612747,16,8,2026-03-20T00:17:14Z,540000,False,,,0,,A. Reaves REBOUND (Off:1 Def:1),[1630559],1610612747.0,LAL,,,,Reaves,A. Reaves,,,,,Right Corner 3,24+ Right,,,,,,,,,,,,,,,53.0,2.0,1.0,1.0,,
55,PT07M09.00S,2026-03-20T00:17:19.0Z,1,REGULAR,3pt,Jump Shot,['2ndchance'],1629029,67.49342969776609,31.127450980392158,1610612747,16,11,2026-03-20T00:17:27Z,550000,False,-94.0,253.0,1,right,L. Dončić 27' 3PT step back (5 PTS),[1629029],1610612747.0,LAL,step back,,,Dončić,L. Dončić,,,,,Above the Break 3,24+ Left Center,,,,,,Made,5.0,,,,27.01,,,,,,,,,
57,PT07M02.00S,2026-03-20T00:17:29.8Z,1,REGULAR,foul,personal,[],1629029,,,1610612748,16,11,2026-03-20T00:17:49Z,570000,False,,,0,,L. Dončić personal FOUL (1 PF),"[1629029, 1629639]",1610612747.0,LAL,,,,Dončić,L. Dončić,,,,,Mid-Range,8-16 Left,2002.0,1.0,0.0,Herro,1629639.0,,,,,,,,,,,,,,,
59,PT06M56.00S,2026-03-20T00:17:52.3Z,1,REGULAR,3pt,Jump Shot,[],1628389,14.931011826544022,2.696078431372549,1610612748,19,11,2026-03-20T00:18:05Z,590000,False,237.0,88.0,1,left,B. Adebayo 25' 3PT  (5 PTS) (P. Larsson 2 AST),"[1628389, 1641796]",1610612748.0,MIA,,,,Adebayo,B. Adebayo,,,,,Right Corner 3,24+ Right,,,,,,Made,5.0,,,,25.23,P. Larsson,1641796.0,2.0,,,,,,
61,PT06M40.00S,2026-03-20T00:18:08.1Z,1,REGULAR,3pt,Jump Shot,[],1629029,68.01905387647832,67.40196078431373,1610612747,19,14,2026-03-20T00:18:13Z,610000,False,87.0,248.0,1,right,L. Dončić 26' 3PT step back (8 PTS),[1629029],1610612747.0,LAL,step back,,,Dončić,L. Dončić,,,,,Above the Break 3,24+ Right Center,,,,,,Made,8.0,,,,26.29,,,,,,,,,
62,PT06M33.00S,2026-03-20T00:18:16.2Z,1,REGULAR,2pt,Layup,['pointsinthepaint'],1630558,6.258212877792378,50.73529411764706,1610612748,21,14,2026-03-20T00:18:22Z,620000,False,-4.0,6.0,1,left,D. Mitchell driving finger roll Layup (5 PTS),[1630558],1610612748.0,MIA,driving finger roll,,,Mitchell,D. Mitchell,,,,,Restricted Area,0-8 Center,,,,,,Made,5.0,,,,0.73,,,,,,,,,
63,PT06M23.00S,2026-03-20T00:18:25.4Z,1,REGULAR,2pt,Layup,['pointsinthepaint'],1630559,92.9862023653088,51.71568627450981,1610612747,21,16,2026-03-20T00:18:31Z,630000,False,9.0,13.0,1,right,A. Reaves driving finger roll Layup (2 PTS) (L. James 1 AST),"[1630559, 2544]",1610612747.0,LAL,driving finger roll,,,Reaves,A. Reaves,,,,,Restricted Area,0-8 Center,,,,,,Made,2.0,,,,1.59,L. James,2544.0,1.0,,,,,,
64,PT06M08.00S,2026-03-20T00:18:46.5Z,1,REGULAR,foul,personal,['2freethrow'],2544,,,1610612748,21,16,2026-03-20T00:18:53Z,640000,False,,,0,,L. James shooting personal FOUL (1 PF) (Adebayo 2 FT),"[2544, 1628389]",1610612747.0,LAL,shooting,,,James,L. James,,,,,In The Paint (Non-RA),0-8 Center,2004.0,1.0,0.0,Adebayo,1628389.0,,,,,,,,,,,,,,,
66,PT06M08.00S,2026-03-20T00:18:58.9Z,1,REGULAR,timeout,full,"['team', 'mandatory']",0,,,1610612748,21,16,2026-03-20T00:18:59Z,660000,False,,,0,,MIA Timeout,[],1610612748.0,MIA,,,,,,,,,,,,,,,,,,,,,,,,,,,,,,,
69,PT06M08.00S,2026-03-20T00:20:29.5Z,1,REGULAR,substitution,out,[],203935,,,1610612748,21,16,2026-03-20T00:22:10Z,665000,False,,,0,,SUB out: M. Smart,[203935],1610612747.0,LAL,,,,Smart,M. Smart,,,,,,,,,,,,,,,,,,,,,,,,,,
70,PT06M08.00S,2026-03-20T00:20:29.5Z,1,REGULAR,substitution,out,[],2544,,,1610612748,21,16,2026-03-20T00:22:10Z,667500,False,,,0,,SUB out: L. James,[2544],1610612747.0,LAL,,,,James,L. James,,,,,,,,,,,,,,,,,,,,,,,,,,
71,PT06M08.00S,2026-03-20T00:20:29.5Z,1,REGULAR,substitution,out,[],1629028,,,1610612748,21,16,2026-03-20T00:22:10Z,668750,False,,,0,,SUB out: D. Ayton,[1629028],1610612747.0,LAL,,,,Ayton,D. Ayton,,,,,,,,,,,,,,,,,,,,,,,,,,
72,PT06M08.00S,2026-03-20T00:20:29.5Z,1,REGULAR,substitution,in,[],1629060,,,1610612748,21,16,2026-03-20T00:22:10Z,669375,False,,,0,,SUB in: R. Hachimura,[1629060],1610612747.0,LAL,,,,Hachimura,R. Hachimura,,,,,,,,,,,,,,,,,,,,,,,,,,
73,PT06M08.00S,2026-03-20T00:20:29.5Z,1,REGULAR,substitution,in,[],1628379,,,1610612748,21,16,2026-03-20T00:22:10Z,669687,False,,,0,,SUB in: L. Kennard,[1628379],1610612747.0,LAL,,,,Kennard,L. Kennard,,,,,,,,,,,,,,,,,,,,,,,,,,
74,PT06M08.00S,2026-03-20T00:20:29.5Z,1,REGULAR,substitution,in,[],1629637,,,1610612748,21,16,2026-03-20T00:22:10Z,669843,False,,,0,,SUB in: J. Hayes,[1629637],1610612747.0,LAL,,,,Hayes,J. Hayes,,,,,,,,,,,,,,,,,,,,,,,,,,
75,PT06M08.00S,2026-03-20T00:22:13.8Z,1,REGULAR,freethrow,1 of 2,[],1628389,,,1610612748,22,16,2026-03-20T00:22:13Z,680000,False,,,0,,B. Adebayo Free Throw 1 of 2 (6 PTS),[1628389],1610612748.0,MIA,,,,Adebayo,B. Adebayo,,,,,,,,,,,,Made,6.0,,,,,,,,,,,,,
76,PT06M08.00S,2026-03-20T00:22:32.9Z,1,REGULAR,freethrow,2 of 2,[],1628389,,,1610612748,23,16,2026-03-20T00:22:32Z,690000,False,,,0,,B. Adebayo Free Throw 2 of 2 (7 PTS),[1628389],1610612748.0,MIA,,,,Adebayo,B. Adebayo,,,,,,,,,,,,Made,7.0,,,,,,,,,,,,,
77,PT05M51.00S,2026-03-20T00:22:56.5Z,1,REGULAR,foul,personal,['2freethrow'],1641796,,,1610612747,23,16,2026-03-20T00:23:10Z,700000,False,,,0,,P. Larsson shooting personal FOUL (1 PF) (Dončić 2 FT),"[1641796, 1629029]",1610612748.0,MIA,shooting,,,Larsson,P. Larsson,,,,,Mid-Range,8-16 Left,2004.0,1.0,0.0,Dončić,1629029.0,,,,,,,,,,,,,,,
79,PT05M51.00S,2026-03-20T00:23:29.2Z,1,REGULAR,freethrow,1 of 2,[],1629029,,,1610612747,23,17,2026-03-20T00:23:29Z,720000,False,,,0,,L. Dončić Free Throw 1 of 2 (9 PTS),[1629029],1610612747.0,LAL,,,,Dončić,L. Dončić,,,,,,,,,,,,Made,9.0,,,,,,,,,,,,,
80,PT05M51.00S,2026-03-20T00:23:30.1Z,1,REGULAR,substitution,out,[],1641796,,,1610612747,23,17,2026-03-20T00:23:39Z,730000,False,,,0,,SUB out: P. Larsson,[1641796],1610612748.0,MIA,,,,Larsson,P. Larsson,,,,,,,,,,,,,,,,,,,,,,,,,,
81,PT05M51.00S,2026-03-20T00:23:30.1Z,1,REGULAR,substitution,in,[],1626181,,,1610612747,23,17,2026-03-20T00:23:39Z,740000,False,,,0,,SUB in: N. Powell,[1626181],1610612748.0,MIA,,,,Powell,N. Powell,,,,,,,,,,,,,,,,,,,,,,,,,,
82,PT05M51.00S,2026-03-20T00:23:59.3Z,1,REGULAR,freethrow,2 of 2,[],1629029,,,1610612747,23,18,2026-03-20T00:23:59Z,750000,False,,,0,,L. Dončić Free Throw 2 of 2 (10 PTS),[1629029],1610612747.0,LAL,,,,Dončić,L. Dončić,,,,,,,,,,,,Made,10.0,,,,,,,,,,,,,
83,PT05M41.00S,2026-03-20T00:24:09.8Z,1,REGULAR,2pt,Layup,['pointsinthepaint'],1630558,5.469776609724048,47.794117647058826,1610612748,25,18,2026-03-20T00:24:14Z,760000,False,11.0,-1.0,1,left,D. Mitchell driving Layup (7 PTS),[1630558],1610612748.0,MIA,driving,,,Mitchell,D. Mitchell,,,,,Restricted Area,0-8 Center,,,,,,Made,7.0,,,,1.11,,,,,,,,,
84,PT05M25.00S,2026-03-20T00:24:33.7Z,1,REGULAR,foul,personal,[],1626181,,,1610612747,25,18,2026-03-20T00:24:44Z,770000,False,,,0,,N. Powell personal FOUL (1 PF),"[1626181, 1629637]",1610612748.0,MIA,,,,Powell,N. Powell,,,,,In The Paint (Non-RA),0-8 Center,200834.0,1.0,0.0,Hayes,1629637.0,,,,,,,,,,,,,,,
86,PT05M15.00S,2026-03-20T00:24:54.3Z,1,REGULAR,2pt,Jump Shot,[],1630559,91.27792378449409,70.58823529411765,1610612747,25,18,2026-03-20T00:25:02Z,790000,False,103.0,29.0,1,right,MISS A. Reaves 10' driving floating bank Shot,[1630559],1610612747.0,LAL,driving floating bank,,,Reaves,A. Reaves,,,,,Mid-Range,8-16 Right,,,,,,Missed,,,,,10.7,,,,,,,,,
87,PT05M11.00S,2026-03-20T00:24:58.3Z,1,REGULAR,rebound,defensive,[],1629639,,,1610612748,25,18,2026-03-20T00:25:02Z,800000,False,,,0,,T. Herro REBOUND (Off:0 Def:3),[1629639],1610612748.0,MIA,,,,Herro,T. Herro,,,,,Mid-Range,8-16 Right,,,,,,,,,,,,,,,86.0,3.0,3.0,0.0,,
88,PT05M09.00S,2026-03-20T00:25:00.6Z,1,REGULAR,2pt,Jump Shot,"['pointsinthepaint', 'fastbreak']",1628389,12.040078843626807,50.0,1610612748,27,18,2026-03-20T00:25:11Z,810000,False,0.0,61.0,1,left,B. Adebayo 6' running pullup Jump Shot (9 PTS) (T. Herro 2 AST),"[1628389, 1629639]",1610612748.0,MIA,running pullup,,,Adebayo,B. Adebayo,,,,,In The Paint (Non-RA),0-8 Center,,,,,,Made,9.0,,,,6.07,T. Herro,1629639.0,2.0,,,,,,
90,PT05M02.00S,2026-03-20T00:25:06.8Z,1,REGULAR,2pt,DUNK,['pointsinthepaint'],1629637,92.72339027595268,49.26470588235294,1610612747,27,20,2026-03-20T00:25:15Z,830000,False,-4.0,16.0,1,right,J. Hayes DUNK (2 PTS) (L. Dončić 1 AST),"[1629637, 1629029]",1610612747.0,LAL,,,,Hayes,J. Hayes,,,,,Restricted Area,0-8 Center,,,,,,Made,2.0,,,,1.63,L. Dončić,1629029.0,1.0,,,,,,
92,PT04M56.00S,2026-03-20T00:25:12.7Z,1,REGULAR,3pt,Jump Shot,[],1628389,35.167542706964525,43.13725490196079,1610612748,27,20,2026-03-20T00:30:15Z,850000,False,34.0,278.0,1,left,MISS B. Adebayo 28' 3PT,[1628389],1610612748.0,MIA,,,,Adebayo,B. Adebayo,,,,,Above the Break 3,24+ Center,,,,,,Missed,,,,,28.02,,,,,,,,,
93,PT04M51.00S,2026-03-20T00:25:17.7Z,1,REGULAR,rebound,offensive,[],1631323,,,1610612748,27,20,2026-03-20T00:25:17Z,860000,False,,,0,,S. Fontecchio REBOUND (Off:1 Def:1),[1631323],1610612748.0,MIA,,,,Fontecchio,S. Fontecchio,,,,,Above the Break 3,24+ Center,,,,,,,,,,,,,,,92.0,2.0,1.0,1.0,,
94,PT04M47.00S,2026-03-20T00:25:22.3Z,1,REGULAR,3pt,Jump Shot,['2ndchance'],1631323,5.995400788436268,3.1862745098039214,1610612748,27,20,2026-03-20T00:25:29Z,870000,False,234.0,4.0,1,left,MISS S. Fontecchio 3PT,[1631323],1610612748.0,MIA,,,,Fontecchio,S. Fontecchio,,,,,Right Corner 3,24+ Right,,,,,,Missed,,,,,23.41,,,,,,,,,
95,PT04M42.00S,2026-03-20T00:25:27.3Z,1,REGULAR,rebound,defensive,[],1629029,,,1610612747,27,20,2026-03-20T00:25:29Z,880000,False,,,0,,L. Dončić REBOUND (Off:0 Def:2),[1629029],1610612747.0,LAL,,,,Dončić,L. Dončić,,,,,Right Corner 3,24+ Right,,,,,,,,,,,,,,,94.0,2.0,2.0,0.0,,
96,PT04M39.00S,2026-03-20T00:25:30.0Z,1,REGULAR,3pt,Jump Shot,['fastbreak'],1629060,74.45795006570303,85.04901960784314,1610612747,27,20,2026-03-20T00:32:11Z,890000,False,175.0,188.0,1,right,MISS R. Hachimura 25' running 3PT,[1629060],1610612747.0,LAL,running,,,Hachimura,R. Hachimura,,,,,Above the Break 3,24+ Right Center,,,,,,Missed,,,,,25.67,,,,,,,,,
97,PT04M35.00S,2026-03-20T00:25:34.0Z,1,REGULAR,rebound,defensive,[],1629639,,,1610612748,27,20,2026-03-20T00:25:35Z,900000,False,,,0,,T. Herro REBOUND (Off:0 Def:4),[1629639],1610612748.0,MIA,,,,Herro,T. Herro,,,,,Above the Break 3,24+ Right Center,,,,,,,,,,,,,,,96.0,4.0,4.0,0.0,,
98,PT04M31.00S,2026-03-20T00:25:44.0Z,1,REGULAR,foul,personal,[],1629060,,,1610612748,27,20,2026-03-20T00:26:05Z,910000,False,,,0,,R. Hachimura personal FOUL (1 PF),"[1629060, 1626181]",1610612747.0,LAL,,,,Hachimura,R. Hachimura,,,,,Mid-Range,16-24 Left Center,200834.0,1.0,0.0,Powell,1626181.0,,,,,,,,,,,,,,,
100,PT04M31.00S,2026-03-20T00:25:55.1Z,1,REGULAR,substitution,out,[],1628389,,,1610612748,27,20,2026-03-20T00:25:58Z,930000,False,,,0,,SUB out: B. Adebayo,[1628389],1610612748.0,MIA,,,,Adebayo,B. Adebayo,,,,,,,,,,,,,,,,,,,,,,,,,,
101,PT04M31.00S,2026-03-20T00:25:55.1Z,1,REGULAR,substitution,in,[],1642276,,,1610612748,27,20,2026-03-20T00:25:58Z,940000,False,,,0,,SUB in: K. Ware,[1642276],1610612748.0,MIA,,,,Ware,K. Ware,,,,,,,,,,,,,,,,,,,,,,,,,,
102,PT04M31.00S,2026-03-20T00:25:55.1Z,1,REGULAR,substitution,out,[],1630558,,,1610612748,27,20,2026-03-20T00:26:06Z,950000,False,,,0,,SUB out: D. Mitchell,[1630558],1610612748.0,MIA,,,,Mitchell,D. Mitchell,,,,,,,,,,,,,,,,,,,,,,,,,,
103,PT04M31.00S,2026-03-20T00:25:55.1Z,1,REGULAR,substitution,in,[],1630696,,,1610612748,27,20,2026-03-20T00:26:06Z,960000,False,,,0,,SUB in: D. Smith,[1630696],1610612748.0,MIA,,,,Smith,D. Smith,,,,,,,,,,,,,,,,,,,,,,,,,,
104,PT04M22.00S,2026-03-20T00:26:33.4Z,1,REGULAR,2pt,Jump Shot,['pointsinthepaint'],1626181,14.011169513797633,53.67647058823529,1610612748,27,20,2026-03-20T00:26:37Z,970000,False,-18.0,79.0,1,left,MISS N. Powell 8' turnaround fadeaway Shot,[1626181],1610612748.0,MIA,turnaround fadeaway,,,Powell,N. Powell,,,,,In The Paint (Non-RA),8-16 Center,,,,,,Missed,,,,,8.13,,,,,,,,,
105,PT04M19.00S,2026-03-20T00:26:36.4Z,1,REGULAR,rebound,defensive,[],1628379,,,1610612747,27,20,2026-03-20T00:26:37Z,980000,False,,,0,,L. Kennard REBOUND (Off:0 Def:1),[1628379],1610612747.0,LAL,,,,Kennard,L. Kennard,,,,,In The Paint (Non-RA),8-16 Center,,,,,,,,,,,,,,,104.0,1.0,1.0,0.0,,
106,PT04M10.00S,2026-03-20T00:26:47.8Z,1,REGULAR,foul,personal,['2freethrow'],1631323,,,1610612747,27,20,2026-03-20T00:26:57Z,990000,False,,,0,,S. Fontecchio shooting personal FOUL (1 PF) (Hayes 2 FT),"[1631323, 1629637]",1610612748.0,MIA,shooting,,,Fontecchio,S. Fontecchio,,,,,Restricted Area,0-8 Center,200834.0,1.0,0.0,Hayes,1629637.0,,,,,,,,,,,,,,,
108,PT04M10.00S,2026-03-20T00:27:16.1Z,1,REGULAR,freethrow,1 of 2,[],1629637,,,1610612747,27,21,2026-03-20T00:27:16Z,1010000,False,,,0,,J. Hayes Free Throw 1 of 2 (3 PTS),[1629637],1610612747.0,LAL,,,,Hayes,J. Hayes,,,,,,,,,,,,Made,3.0,,,,,,,,,,,,,
109,PT04M10.00S,2026-03-20T00:27:32.3Z,1,REGULAR,freethrow,2 of 2,[],1629637,,,1610612747,27,22,2026-03-20T00:27:32Z,1020000,False,,,0,,J. Hayes Free Throw 2 of 2 (4 PTS),[1629637],1610612747.0,LAL,,,,Hayes,J. Hayes,,,,,,,,,,,,Made,4.0,,,,,,,,,,,,,
110,PT04M02.00S,2026-03-20T00:27:40.9Z,1,REGULAR,2pt,Jump Shot,['pointsinthepaint'],1629639,18.659658344283837,57.02742034313726,1610612748,29,22,2026-03-20T00:27:48Z,1030000,False,-35.0,123.0,1,left,T. Herro 12' driving floating Jump Shot (4 PTS) (D. Smith 1 AST),"[1629639, 1630696]",1610612748.0,MIA,driving floating,,,Herro,T. Herro,,,,,In The Paint (Non-RA),8-16 Center,,,,,,Made,4.0,,,,12.78,D. Smith,1630696.0,1.0,,,,,,
111,PT03M46.00S,2026-03-20T00:27:56.5Z,1,REGULAR,3pt,Jump Shot,[],1629060,78.66294349540078,89.2156862745098,1610612747,29,25,2026-03-20T00:28:08Z,1040000,False,196.0,148.0,1,right,R. Hachimura 24' 3PT  (3 PTS) (L. Dončić 2 AST),"[1629060, 1629029]",1610612747.0,LAL,,,,Hachimura,R. Hachimura,,,,,Above the Break 3,24+ Right Center,,,,,,Made,3.0,,,,24.57,L. Dončić,1629029.0,2.0,,,,,,
113,PT03M35.00S,2026-03-20T00:28:08.3Z,1,REGULAR,2pt,Layup,['pointsinthepaint'],1631323,6.652431011826544,43.38235294117647,1610612748,31,25,2026-03-20T00:28:12Z,1060000,False,33.0,10.0,1,left,S. Fontecchio driving finger roll Layup (7 PTS) (T. Herro 3 AST),"[1631323, 1629639]",1610612748.0,MIA,driving finger roll,,,Fontecchio,S. Fontecchio,,,,,Restricted Area,0-8 Center,,,,,,Made,7.0,,,,3.46,T. Herro,1629639.0,3.0,,,,,,
114,PT03M25.00S,2026-03-20T00:28:22.8Z,1,REGULAR,foul,personal,"['inpenalty', '2freethrow']",1630696,,,1610612747,31,25,2026-03-20T00:28:29Z,1070000,False,,,0,,D. Smith personal FOUL (1 PF) (Dončić 2 FT),"[1630696, 1629029]",1610612748.0,MIA,,,,Smith,D. Smith,,,,,Above the Break 3,24+ Center,200834.0,1.0,0.0,Dončić,1629029.0,,,,,,,,,,,,,,,
118,PT03M25.00S,2026-03-20T00:28:49.2Z,1,REGULAR,freethrow,1 of 2,[],1629029,,,1610612747,31,25,2026-03-20T00:28:49Z,1090000,False,,,0,,MISS L. Dončić Free Throw 1 of 2,[1629029],1610612747.0,LAL,,,,Dončić,L. Dončić,,,,,,,,,,,,Missed,,,,,,,,,,,,,,
119,PT03M25.00S,2026-03-20T00:28:49.2Z,1,REGULAR,rebound,offensive,"['deadball', 'team']",0,,,1610612747,31,25,2026-03-20T00:28:49Z,1100000,False,,,0,,TEAM offensive REBOUND,[],1610612747.0,LAL,,,,,,,,,,,,,,,,,,,,,,,,,,118.0,,,,,
120,PT03M25.00S,2026-03-20T00:29:10.9Z,1,REGULAR,freethrow,2 of 2,[],1629029,,,1610612747,31,26,2026-03-20T00:29:10Z,1110000,False,,,0,,L. Dončić Free Throw 2 of 2 (11 PTS),[1629029],1610612747.0,LAL,,,,Dončić,L. Dončić,,,,,,,,,,,,Made,11.0,,,,,,,,,,,,,
122,PT03M19.00S,2026-03-20T00:29:24.8Z,1,REGULAR,2pt,Layup,['pointsinthepaint'],1626181,13.797634691195796,44.408700980392155,1610612748,33,26,2026-03-20T00:30:41Z,1130000,False,28.0,77.0,1,left,N. Powell 8' driving finger roll Layup (2 PTS) (T. Herro 4 AST),"[1626181, 1629639]",1610612748.0,MIA,driving finger roll,,,Powell,N. Powell,,,,,In The Paint (Non-RA),8-16 Center,,,,,,Made,2.0,,,,8.21,T. Herro,1629639.0,4.0,,,,,,
124,PT03M19.00S,2026-03-20T00:29:56.9Z,1,REGULAR,timeout,full,"['team', 'mandatory']",0,,,1610612747,33,26,2026-03-20T00:29:56Z,1150000,False,,,0,,LAL Timeout,[],1610612747.0,LAL,,,,,,,,,,,,,,,,,,,,,,,,,,,,,,,
127,PT03M19.00S,2026-03-20T00:31:14.4Z,1,REGULAR,substitution,in,[],1642857,,,1610612747,33,26,2026-03-20T00:32:22Z,1180000,False,,,0,,SUB in: K. Jakučionis,[1642857],1610612748.0,MIA,,,,Jakučionis,K. Jakučionis,,,,,,,,,,,,,,,,,,,,,,,,,,
128,PT03M19.00S,2026-03-20T00:31:14.4Z,1,REGULAR,substitution,in,[],2544,,,1610612747,33,26,2026-03-20T00:32:22Z,1190000,False,,,0,,SUB in: L. James,[2544],1610612747.0,LAL,,,,James,L. James,,,,,,,,,,,,,,,,,,,,,,,,,,
129,PT03M19.00S,2026-03-20T00:31:14.4Z,1,REGULAR,substitution,out,[],1629639,,,1610612747,33,26,2026-03-20T00:32:36Z,1200000,False,,,0,,SUB out: T. Herro,[1629639],1610612748.0,MIA,,,,Herro,T. Herro,,,,,,,,,,,,,,,,,,,,,,,,,,
130,PT03M19.00S,2026-03-20T00:31:14.4Z,1,REGULAR,substitution,out,[],1630559,,,1610612747,33,26,2026-03-20T00:32:47Z,1210000,False,,,0,,SUB out: A. Reaves,[1630559],1610612747.0,LAL,,,,Reaves,A. Reaves,,,,,,,,,,,,,,,,,,,,,,,,,,
131,PT03M00.00S,2026-03-20T00:32:52.7Z,1,REGULAR,foul,personal,"['inpenalty', '2freethrow']",1630696,,,1610612747,33,26,2026-03-20T00:33:01Z,1220000,False,,,0,,D. Smith shooting personal FOUL (2 PF) (Dončić 2 FT),"[1630696, 1629029]",1610612748.0,MIA,shooting,,,Smith,D. Smith,,,,,In The Paint (Non-RA),0-8 Center,200834.0,2.0,0.0,Dončić,1629029.0,,,,,,,,,,,,,,,
133,PT03M00.00S,2026-03-20T00:33:14.3Z,1,REGULAR,freethrow,1 of 2,[],1629029,,,1610612747,33,27,2026-03-20T00:33:14Z,1240000,False,,,0,,L. Dončić Free Throw 1 of 2 (12 PTS),[1629029],1610612747.0,LAL,,,,Dončić,L. Dončić,,,,,,,,,,,,Made,12.0,,,,,,,,,,,,,
134,PT03M00.00S,2026-03-20T00:33:33.2Z,1,REGULAR,freethrow,2 of 2,[],1629029,,,1610612747,33,27,2026-03-20T00:33:33Z,1250000,False,,,0,,MISS L. Dončić Free Throw 2 of 2,[1629029],1610612747.0,LAL,,,,Dončić,L. Dončić,,,,,,,,,,,,Missed,,,,,,,,,,,,,,
135,PT02M58.00S,2026-03-20T00:33:34.5Z,1,REGULAR,rebound,defensive,[],1642276,,,1610612748,33,27,2026-03-20T00:33:34Z,1260000,False,,,0,,K. Ware REBOUND (Off:0 Def:1),[1642276],1610612748.0,MIA,,,,Ware,K. Ware,,,,,,,,,,,,,,,,,,,,,134.0,1.0,1.0,0.0,,
136,PT02M48.00S,2026-03-20T00:33:43.8Z,1,REGULAR,3pt,Jump Shot,[],1642857,20.71287779237845,6.61764705882353,1610612748,36,27,2026-03-20T00:33:49Z,1270000,False,217.0,142.0,1,left,K. Jakučionis 25' 3PT  (3 PTS) (D. Smith 2 AST),"[1642857, 1630696]",1610612748.0,MIA,,,,Jakučionis,K. Jakučionis,,,,,Above the Break 3,24+ Right Center,,,,,,Made,3.0,,,,25.94,D. Smith,1630696.0,2.0,,,,,,
138,PT02M31.00S,2026-03-20T00:34:00.8Z,1,REGULAR,2pt,Jump Shot,['pointsinthepaint'],1629060,92.46057818659659,36.029411764705884,1610612747,36,29,2026-03-20T00:34:09Z,1290000,False,-70.0,18.0,1,right,R. Hachimura 7' turnaround fadeaway Jump Shot (5 PTS) (L. James 2 AST),"[1629060, 2544]",1610612747.0,LAL,turnaround fadeaway,,,Hachimura,R. Hachimura,,,,,In The Paint (Non-RA),0-8 Center,,,,,,Made,5.0,,,,7.23,L. James,2544.0,2.0,,,,,,
140,PT02M15.00S,2026-03-20T00:34:16.3Z,1,REGULAR,3pt,Jump Shot,[],1631323,6.521024967148489,2.941176470588235,1610612748,36,29,2026-03-20T00:34:24Z,1310000,False,235.0,9.0,1,left,MISS S. Fontecchio fadeaway 3PT,[1631323],1610612748.0,MIA,fadeaway,,,Fontecchio,S. Fontecchio,,,,,Right Corner 3,24+ Right,,,,,,Missed,,,,,23.55,,,,,,,,,
141,PT02M12.00S,2026-03-20T00:34:19.3Z,1,REGULAR,rebound,offensive,[],1642276,,,1610612748,36,29,2026-03-20T00:34:24Z,1320000,False,,,0,,K. Ware REBOUND (Off:1 Def:1),[1642276],1610612748.0,MIA,,,,Ware,K. Ware,,,,,Right Corner 3,24+ Right,,,,,,,,,,,,,,,140.0,2.0,1.0,1.0,,
142,PT02M10.00S,2026-03-20T00:34:21.4Z,1,REGULAR,2pt,DUNK,"['pointsinthepaint', '2ndchance']",1642276,6.258212877792378,48.28431372549019,1610612748,38,29,2026-03-20T00:34:30Z,1330000,False,9.0,6.0,1,left,K. Ware putback DUNK (2 PTS),[1642276],1610612748.0,MIA,putback,,,Ware,K. Ware,,,,,Restricted Area,0-8 Center,,,,,,Made,2.0,,,,1.07,,,,,,,,,
143,PT01M44.00S,2026-03-20T00:34:48.0Z,1,REGULAR,2pt,Jump Shot,[],1629060,75.64060446780552,33.088235294117645,1610612747,38,29,2026-03-20T00:34:55Z,1340000,False,-85.0,176.0,1,right,MISS R. Hachimura 19' pullup Shot,[1629060],1610612747.0,LAL,pullup,,,Hachimura,R. Hachimura,,,,,Mid-Range,16-24 Left Center,,,,,,Missed,,,,,19.57,,,,,,,,,
144,PT01M38.00S,2026-03-20T00:34:54.0Z,1,REGULAR,rebound,offensive,[],1629637,,,1610612747,38,29,2026-03-20T00:34:55Z,1350000,False,,,0,,J. Hayes REBOUND (Off:1 Def:0),[1629637],1610612747.0,LAL,,,,Hayes,J. Hayes,,,,,Mid-Range,16-24 Left Center,,,,,,,,,,,,,,,143.0,1.0,0.0,1.0,,
145,PT01M38.00S,2026-03-20T00:34:53.9Z,1,REGULAR,2pt,Layup,"['pointsinthepaint', '2ndchance']",1629637,94.40999984741211,50.0,1610612747,38,29,2026-03-20T00:34:54Z,1360000,False,0.0,0.0,1,right,MISS J. Hayes tip Layup,[1629637],1610612747.0,LAL,tip,,,Hayes,J. Hayes,,,,,Mid-Range,8-16 Left,,,,,,Missed,,,,,0.0,,,,,,,,,
146,PT01M37.00S,2026-03-20T00:34:54.7Z,1,REGULAR,rebound,defensive,[],1642276,,,1610612748,38,29,2026-03-20T00:34:54Z,1370000,False,,,0,,K. Ware REBOUND (Off:1 Def:2),[1642276],1610612748.0,MIA,,,,Ware,K. Ware,,,,,Mid-Range,8-16 Left,,,,,,,,,,,,,,,145.0,3.0,2.0,1.0,,
147,PT01M35.00S,2026-03-20T00:34:56.9Z,1,REGULAR,turnover,bad pass,[],1631323,,,1610612748,38,29,2026-03-20T00:35:01Z,1380000,False,,,0,,S. Fontecchio bad pass TURNOVER (1 TO),"[1631323, 1629060]",1610612748.0,MIA,,,,Fontecchio,S. Fontecchio,,,,,In The Paint (Non-RA),8-16 Right,,,,,,,,1.0,Hachimura,1629060.0,,,,,,,,,,
148,PT01M35.00S,2026-03-20T00:34:56.9Z,1,REGULAR,steal,,[],1629060,,,1610612747,38,29,2026-03-20T00:34:58Z,1390000,False,,,0,,R. Hachimura STEAL (1 STL),[1629060],1610612747.0,LAL,,,,Hachimura,R. Hachimura,,,,,In The Paint (Non-RA),8-16 Right,,,,,,,,,,,,,,,,,,,,
149,PT01M33.00S,2026-03-20T00:35:05.0Z,1,REGULAR,turnover,out-of-bounds,[],2544,,,1610612747,38,29,2026-03-20T00:35:12Z,1400000,False,,,0,,L. James bad pass out-of-bounds TURNOVER (1 TO),[2544],1610612747.0,LAL,bad pass,,,James,L. James,,,,,In The Paint (Non-RA),0-8 Center,2004.0,,,,,,,1.0,,,,,,,,,,,,
150,PT01M33.00S,2026-03-20T00:35:10.2Z,1,REGULAR,substitution,out,[],1631323,,,1610612748,38,29,2026-03-20T00:35:14Z,1410000,False,,,0,,SUB out: S. Fontecchio,[1631323],1610612748.0,MIA,,,,Fontecchio,S. Fontecchio,,,,,,,,,,,,,,,,,,,,,,,,,,
151,PT01M33.00S,2026-03-20T00:35:10.2Z,1,REGULAR,substitution,in,[],1628389,,,1610612748,38,29,2026-03-20T00:35:14Z,1420000,False,,,0,,SUB in: B. Adebayo,[1628389],1610612748.0,MIA,,,,Adebayo,B. Adebayo,,,,,,,,,,,,,,,,,,,,,,,,,,
152,PT01M13.00S,2026-03-20T00:35:39.9Z,1,REGULAR,2pt,DUNK,"['pointsinthepaint', 'fromturnover']",1642276,6.258212877792378,50.73529411764706,1610612748,40,29,2026-03-20T00:35:44Z,1430000,False,-4.0,6.0,1,left,K. Ware alley-oop DUNK (4 PTS) (N. Powell 1 AST),"[1642276, 1626181]",1610612748.0,MIA,alley-oop,,,Ware,K. Ware,,,,,Restricted Area,0-8 Center,,,,,,Made,4.0,,,,0.73,N. Powell,1626181.0,1.0,,,,,,
154,PT01M00.00S,2026-03-20T00:35:52.4Z,1,REGULAR,3pt,Jump Shot,[],1629029,66.96780551905388,59.55882352941176,1610612747,40,29,2026-03-20T00:40:26Z,1450000,False,48.0,258.0,1,right,MISS L. Dončić 26' pullup 3PT,[1629029],1610612747.0,LAL,pullup,,,Dončić,L. Dončić,,,,,Above the Break 3,24+ Center,,,,,,Missed,,,,,26.24,,,,,,,,,
155,PT00M57.90S,2026-03-20T00:35:55.9Z,1,REGULAR,rebound,offensive,[],1628379,,,1610612747,40,29,2026-03-20T00:35:55Z,1460000,False,,,0,,L. Kennard REBOUND (Off:1 Def:1),[1628379],1610612747.0,LAL,,,,Kennard,L. Kennard,,,,,Above the Break 3,24+ Center,,,,,,,,,,,,,,,154.0,2.0,1.0,1.0,,
156,PT00M56.40S,2026-03-20T00:35:57.3Z,1,REGULAR,3pt,Jump Shot,['2ndchance'],1628379,96.27135348226018,94.85294117647058,1610612747,40,29,2026-03-20T00:40:48Z,1470000,False,224.0,-17.0,1,right,MISS L. Kennard pullup 3PT,[1628379],1610612747.0,LAL,pullup,,,Kennard,L. Kennard,,,,,Right Corner 3,24+ Right,,,,,,Missed,,,,,22.5,,,,,,,,,
157,PT00M52.90S,2026-03-20T00:36:00.8Z,1,REGULAR,rebound,defensive,[],1642857,,,1610612748,40,29,2026-03-20T00:36:02Z,1480000,False,,,0,,K. Jakučionis REBOUND (Off:0 Def:1),[1642857],1610612748.0,MIA,,,,Jakučionis,K. Jakučionis,,,,,Right Corner 3,24+ Right,,,,,,,,,,,,,,,156.0,1.0,1.0,0.0,,
158,PT00M49.60S,2026-03-20T00:36:05.2Z,1,REGULAR,2pt,DUNK,"['pointsinthepaint', 'fastbreak']",1642276,6.521024967148489,50.73529411764706,1610612748,42,29,2026-03-20T00:36:12Z,1490000,False,-4.0,9.0,1,left,K. Ware running alley-oop DUNK (6 PTS) (K. Jakučionis 1 AST),"[1642276, 1642857]",1610612748.0,MIA,running alley-oop,,,Ware,K. Ware,,,,,Restricted Area,0-8 Center,,,,,,Made,6.0,,,,0.95,K. Jakučionis,1642857.0,1.0,,,,,,
160,PT00M25.30S,2026-03-20T00:36:37.2Z,1,REGULAR,turnover,shot clock,['team'],0,,,1610612747,42,29,2026-03-20T00:36:45Z,1510000,False,,,0,,LAL shot clock Team TURNOVER,[],1610612747.0,LAL,,,,,,,,,,Mid-Range,8-16 Left,200834.0,,,,,,,,,,,,,,,,,,,
161,PT00M25.30S,2026-03-20T00:36:48.2Z,1,REGULAR,substitution,out,[],1629060,,,1610612748,42,29,2026-03-20T00:37:01Z,1520000,False,,,0,,SUB out: R. Hachimura,[1629060],1610612747.0,LAL,,,,Hachimura,R. Hachimura,,,,,,,,,,,,,,,,,,,,,,,,,,
162,PT00M25.30S,2026-03-20T00:36:48.2Z,1,REGULAR,substitution,in,[],1631222,,,1610612748,42,29,2026-03-20T00:37:01Z,1530000,False,,,0,,SUB in: J. LaRavia,[1631222],1610612747.0,LAL,,,,LaRavia,J. LaRavia,,,,,,,,,,,,,,,,,,,,,,,,,,
163,PT00M05.10S,2026-03-20T00:37:11.1Z,1,REGULAR,2pt,Jump Shot,"['pointsinthepaint', 'fromturnover']",1630696,12.697109067017081,49.754901960784316,1610612748,42,29,2026-03-20T00:42:03Z,1540000,False,1.0,67.0,1,left,MISS D. Smith 6' driving floating Shot,[1630696],1610612748.0,MIA,driving floating,,,Smith,D. Smith,,,,,In The Paint (Non-RA),0-8 Center,,,,,,Missed,,,,,6.69,,,,,,,,,
164,PT00M03.60S,2026-03-20T00:37:12.6Z,1,REGULAR,rebound,offensive,[],1642276,,,1610612748,42,29,2026-03-20T00:39:48Z,1550000,False,,,0,,K. Ware REBOUND (Off:2 Def:2),[1642276],1610612748.0,MIA,,,,Ware,K. Ware,,,,,In The Paint (Non-RA),0-8 Center,,,,,,,,,,,,,,,163.0,4.0,2.0,2.0,,
165,PT00M03.40S,2026-03-20T00:37:15.6Z,1,REGULAR,2pt,Layup,"['pointsinthepaint', 'fromturnover', '2ndchance']",1642276,5.590000152587891,50.0,1610612748,42,29,2026-03-20T00:39:21Z,1552500,False,0.0,0.0,1,left,MISS K. Ware tip Layup,[1642276],1610612748.0,MIA,tip,,,Ware,K. Ware,,,,,Restricted Area,0-8 Center,,,,,,Missed,,,,,0.0,,,,,,,,,
166,PT00M03.20S,2026-03-20T00:37:15.8Z,1,REGULAR,rebound,defensive,[],1629637,,,1610612747,42,29,2026-03-20T00:39:21Z,1553750,False,,,0,,J. Hayes REBOUND (Off:1 Def:1),[1629637],1610612747.0,LAL,,,,Hayes,J. Hayes,,,,,Restricted Area,0-8 Center,,,,,,,,,,,,,,,165.0,2.0,1.0,1.0,,
167,PT00M02.40S,2026-03-20T00:37:17.8Z,1,REGULAR,heave,,[],0,,,1610612747,42,29,2026-03-20T00:43:14Z,1555000,False,,,0,,LAL Heave,[],1610612747.0,LAL,,,,,,,,,,Above the Break 3,24+ Left Center,,,,,,,,,,,65.61,,,,,,,,,
168,PT00M00.10S,2026-03-20T00:37:20.1Z,1,REGULAR,rebound,offensive,[],1631222,,,1610612747,42,29,2026-03-20T00:49:29Z,1557500,False,,,0,,J. LaRavia REBOUND (Off:1 Def:0),[1631222],1610612747.0,LAL,,,,LaRavia,J. LaRavia,,,,,Above the Break 3,24+ Left Center,,,,,,,,,,,,,,,167.0,1.0,0.0,1.0,,
169,PT00M00.00S,2026-03-20T00:37:34.5Z,1,REGULAR,period,end,[],0,,,1610612747,42,29,2026-03-20T00:37:34Z,1600000,False,,,0,,Period End,[],,,,,,,,,,,,,,,,,,,,,,,,,,,,,,,,,
171,PT12M00.00S,2026-03-20T00:37:45.7Z,2,REGULAR,substitution,out,['startperiod'],1628379,,,1610612747,42,29,2026-03-20T00:40:04Z,1610000,False,,,0,,SUB out: L. Kennard,[1628379],1610612747.0,LAL,,,,Kennard,L. Kennard,,,,,,,,,,,,,,,,,,,,,,,,,,
172,PT12M00.00S,2026-03-20T00:37:45.7Z,2,REGULAR,substitution,out,['startperiod'],1629637,,,1610612747,42,29,2026-03-20T00:40:04Z,1620000,False,,,0,,SUB out: J. Hayes,[1629637],1610612747.0,LAL,,,,Hayes,J. Hayes,,,,,,,,,,,,,,,,,,,,,,,,,,
173,PT12M00.00S,2026-03-20T00:37:45.7Z,2,REGULAR,substitution,out,['startperiod'],1629029,,,1610612747,42,29,2026-03-20T00:40:04Z,1630000,False,,,0,,SUB out: L. Dončić,[1629029],1610612747.0,LAL,,,,Dončić,L. Dončić,,,,,,,,,,,,,,,,,,,,,,,,,,
174,PT12M00.00S,2026-03-20T00:37:45.7Z,2,REGULAR,substitution,in,['startperiod'],1630559,,,1610612747,42,29,2026-03-20T00:40:04Z,1640000,False,,,0,,SUB in: A. Reaves,[1630559],1610612747.0,LAL,,,,Reaves,A. Reaves,,,,,,,,,,,,,,,,,,,,,,,,,,
175,PT12M00.00S,2026-03-20T00:37:45.7Z,2,REGULAR,substitution,in,['startperiod'],203935,,,1610612747,42,29,2026-03-20T00:40:04Z,1650000,False,,,0,,SUB in: M. Smart,[203935],1610612747.0,LAL,,,,Smart,M. Smart,,,,,,,,,,,,,,,,,,,,,,,,,,
176,PT12M00.00S,2026-03-20T00:37:45.7Z,2,REGULAR,substitution,in,['startperiod'],1629028,,,1610612747,42,29,2026-03-20T00:40:04Z,1660000,False,,,0,,SUB in: D. Ayton,[1629028],1610612747.0,LAL,,,,Ayton,D. Ayton,,,,,,,,,,,,,,,,,,,,,,,,,,
177,PT12M00.00S,2026-03-20T00:40:11.1Z,2,REGULAR,period,start,[],0,,,1610612747,42,29,2026-03-20T00:40:11Z,1670000,False,,,0,,Period Start,[],,,,,,,,,,,,,,,,,,,,,,,,,,,,,,,,,
178,PT11M54.00S,2026-03-20T00:40:16.5Z,2,REGULAR,turnover,bad pass,[],203935,,,1610612747,42,29,2026-03-20T00:40:20Z,1680000,False,,,0,,M. Smart bad pass TURNOVER (2 TO),"[203935, 1642857]",1610612747.0,LAL,,,,Smart,M. Smart,,,,,Above the Break 3,24+ Center,,,,,,,,2.0,Jakučionis,1642857.0,,,,,,,,,,
179,PT11M54.00S,2026-03-20T00:40:16.5Z,2,REGULAR,steal,,[],1642857,,,1610612748,42,29,2026-03-20T00:40:18Z,1690000,False,,,0,,K. Jakučionis STEAL (1 STL),[1642857],1610612748.0,MIA,,,,Jakučionis,K. Jakučionis,,,,,Above the Break 3,24+ Center,,,,,,,,,,,,,,,,,,,,
180,PT11M50.00S,2026-03-20T00:40:19.7Z,2,REGULAR,2pt,Hook,"['pointsinthepaint', 'fromturnover']",1630696,6.652431011826544,50.49019607843137,1610612748,44,29,2026-03-20T00:40:51Z,1700000,False,-2.0,10.0,1,left,D. Smith Hook (2 PTS) (K. Jakučionis 2 AST),"[1630696, 1642857]",1610612748.0,MIA,,,,Smith,D. Smith,,,,,Restricted Area,0-8 Center,,,,,,Made,2.0,,,,1.03,K. Jakučionis,1642857.0,2.0,,,,,,
182,PT11M36.00S,2026-03-20T00:40:34.5Z,2,REGULAR,2pt,Jump Shot,[],2544,78.53153745072274,48.77450980392157,1610612747,44,31,2026-03-20T00:40:41Z,1720000,False,-6.0,149.0,1,right,L. James 14' turnaround Jump Shot (4 PTS) (M. Smart 3 AST),"[2544, 203935]",1610612747.0,LAL,turnaround,,,James,L. James,,,,,Mid-Range,8-16 Center,,,,,,Made,4.0,,,,14.94,M. Smart,203935.0,3.0,,,,,,
184,PT11M19.00S,2026-03-20T00:40:51.8Z,2,REGULAR,2pt,Jump Shot,['pointsinthepaint'],1626181,8.229303547963205,50.49019607843137,1610612748,46,31,2026-03-20T00:41:06Z,1740000,False,-2.0,25.0,1,left,N. Powell fadeaway Jump Shot (4 PTS),[1626181],1610612748.0,MIA,fadeaway,,,Powell,N. Powell,,,,,Restricted Area,0-8 Center,,,,,,Made,4.0,,,,2.5,,,,,,,,,
185,PT11M01.00S,2026-03-20T00:41:13.3Z,2,REGULAR,2pt,Layup,['pointsinthepaint'],2544,92.85479632063075,52.450980392156865,1610612747,46,33,2026-03-20T00:41:18Z,1750000,False,12.0,15.0,1,right,L. James cutting Layup (6 PTS) (A. Reaves 1 AST),"[2544, 1630559]",1610612747.0,LAL,cutting,,,James,L. James,,,,,Restricted Area,0-8 Center,,,,,,Made,6.0,,,,1.92,A. Reaves,1630559.0,1.0,,,,,,
187,PT11M01.00S,2026-03-20T00:41:17.5Z,2,REGULAR,foul,personal,['1freethrow'],1642276,,,1610612747,46,33,2026-03-20T00:41:25Z,1770000,False,,,0,,K. Ware shooting personal FOUL (1 PF) (James 1 FT),"[1642276, 2544]",1610612748.0,MIA,shooting,,,Ware,K. Ware,,,,,Restricted Area,0-8 Center,2002.0,1.0,0.0,James,2544.0,,,,,,,,,,,,,,,
189,PT11M01.00S,2026-03-20T00:41:39.9Z,2,REGULAR,freethrow,1 of 1,[],2544,,,1610612747,46,34,2026-03-20T00:41:39Z,1790000,False,,,0,,L. James Free Throw 1 of 1 (7 PTS),[2544],1610612747.0,LAL,,,,James,L. James,,,,,,,,,,,,Made,7.0,,,,,,,,,,,,,
190,PT10M45.00S,2026-03-20T00:41:57.0Z,2,REGULAR,2pt,Jump Shot,['pointsinthepaint'],1628389,14.4053876478318,49.50980392156863,1610612748,46,34,2026-03-20T00:47:52Z,1800000,False,2.0,83.0,1,left,MISS B. Adebayo 8' driving floating Shot,[1628389],1610612748.0,MIA,driving floating,,,Adebayo,B. Adebayo,,,,,In The Paint (Non-RA),8-16 Center,,,,,,Missed,,,,,8.29,,,,,,,,,
191,PT10M42.00S,2026-03-20T00:42:00.0Z,2,REGULAR,rebound,defensive,[],1629028,,,1610612747,46,34,2026-03-20T00:42:02Z,1810000,False,,,0,,D. Ayton REBOUND (Off:1 Def:2),[1629028],1610612747.0,LAL,,,,Ayton,D. Ayton,,,,,In The Paint (Non-RA),8-16 Center,,,,,,,,,,,,,,,190.0,3.0,2.0,1.0,,
192,PT10M33.00S,2026-03-20T00:42:11.4Z,2,REGULAR,turnover,out-of-bounds,[],1630559,,,1610612747,46,34,2026-03-20T00:42:17Z,1820000,False,,,0,,A. Reaves lost ball out-of-bounds TURNOVER (1 TO),[1630559],1610612747.0,LAL,lost ball,,,Reaves,A. Reaves,,,,,Above the Break 3,24+ Left Center,200834.0,,,,,,,1.0,,,,,,,,,,,,
193,PT10M10.00S,2026-03-20T00:42:41.4Z,2,REGULAR,3pt,Jump Shot,['fromturnover'],1626181,32.14520367936925,21.568627450980394,1610612748,46,34,2026-03-20T00:42:46Z,1830000,False,142.0,250.0,1,left,MISS N. Powell 28' pullup 3PT,[1626181],1610612748.0,MIA,pullup,,,Powell,N. Powell,,,,,Above the Break 3,24+ Right Center,,,,,,Missed,,,,,28.74,,,,,,,,,
194,PT10M06.00S,2026-03-20T00:42:45.4Z,2,REGULAR,rebound,offensive,[],1630696,,,1610612748,46,34,2026-03-20T00:42:46Z,1840000,False,,,0,,D. Smith REBOUND (Off:1 Def:0),[1630696],1610612748.0,MIA,,,,Smith,D. Smith,,,,,Above the Break 3,24+ Right Center,,,,,,,,,,,,,,,193.0,1.0,0.0,1.0,,
195,PT09M58.00S,2026-03-20T00:42:52.6Z,2,REGULAR,2pt,Hook,"['pointsinthepaint', 'fromturnover', '2ndchance']",1642276,10.988830486202366,43.13725490196079,1610612748,48,34,2026-03-20T00:42:56Z,1850000,False,34.0,51.0,1,left,K. Ware 6' turnaround Hook (8 PTS) (D. Smith 3 AST),"[1642276, 1630696]",1610612748.0,MIA,turnaround,,,Ware,K. Ware,,,,,In The Paint (Non-RA),0-8 Center,,,,,,Made,8.0,,,,6.13,D. Smith,1630696.0,3.0,,,,,,
197,PT09M33.00S,2026-03-20T00:43:17.4Z,2,REGULAR,3pt,Jump Shot,[],1631222,71.69842312746385,79.41176470588235,1610612747,48,37,2026-03-20T00:43:22Z,1870000,False,147.0,214.0,1,right,J. LaRavia 25' 3PT  (3 PTS) (L. James 3 AST),"[1631222, 2544]",1610612747.0,LAL,,,,LaRavia,J. LaRavia,,,,,Above the Break 3,24+ Right Center,,,,,,Made,3.0,,,,25.93,L. James,2544.0,3.0,,,,,,
199,PT09M27.00S,2026-03-20T00:43:29.0Z,2,REGULAR,foul,personal,[],1631222,,,1610612748,48,37,2026-03-20T00:43:42Z,1890000,False,,,0,,J. LaRavia personal FOUL (1 PF),"[1631222, 1628389]",1610612747.0,LAL,,,,LaRavia,J. LaRavia,,,,,Above the Break 3,24+ Left Center,2002.0,1.0,0.0,Adebayo,1628389.0,,,,,,,,,,,,,,,
201,PT09M14.00S,2026-03-20T00:43:53.2Z,2,REGULAR,2pt,Layup,['pointsinthepaint'],1626181,6.521024967148489,53.18627450980392,1610612748,50,37,2026-03-20T00:44:01Z,1910000,False,-16.0,9.0,1,left,N. Powell driving reverse Layup (6 PTS),[1626181],1610612748.0,MIA,driving reverse,,,Powell,N. Powell,,,,,Restricted Area,0-8 Center,,,,,,Made,6.0,,,,1.82,,,,,,,,,
202,PT08M52.00S,2026-03-20T00:44:18.1Z,2,REGULAR,foul,personal,['2freethrow'],1628389,,,1610612747,50,37,2026-03-20T00:44:28Z,1920000,False,,,0,,B. Adebayo shooting personal FOUL (1 PF) (Smart 2 FT),"[1628389, 203935]",1610612748.0,MIA,shooting,,,Adebayo,B. Adebayo,,,,,Restricted Area,0-8 Center,200834.0,1.0,0.0,Smart,203935.0,,,,,,,,,,,,,,,
204,PT08M52.00S,2026-03-20T00:44:46.0Z,2,REGULAR,freethrow,1 of 2,[],203935,,,1610612747,50,38,2026-03-20T00:45:07Z,1940000,False,,,0,,M. Smart Free Throw 1 of 2 (3 PTS),[203935],1610612747.0,LAL,,,,Smart,M. Smart,,,,,,,,,,,,Made,3.0,,,,,,,,,,,,,
205,PT08M52.00S,2026-03-20T00:44:46.0Z,2,REGULAR,freethrow,2 of 2,[],203935,,,1610612747,50,38,2026-03-20T00:45:07Z,1950000,False,,,0,,MISS M. Smart Free Throw 2 of 2,[203935],1610612747.0,LAL,,,,Smart,M. Smart,,,,,,,,,,,,Missed,,,,,,,,,,,,,,
206,PT08M48.00S,2026-03-20T00:44:50.0Z,2,REGULAR,rebound,defensive,[],1628389,,,1610612748,50,38,2026-03-20T00:45:07Z,1960000,False,,,0,,B. Adebayo REBOUND (Off:0 Def:1),[1628389],1610612748.0,MIA,,,,Adebayo,B. Adebayo,,,,,,,,,,,,,,,,,,,,,205.0,1.0,1.0,0.0,,
207,PT08M36.00S,2026-03-20T00:45:18.3Z,2,REGULAR,3pt,Jump Shot,[],1642857,31.35676741130092,28.921568627450984,1610612748,50,38,2026-03-20T00:45:24Z,1970000,False,105.0,242.0,1,left,MISS K. Jakučionis 26' step back 3PT,[1642857],1610612748.0,MIA,step back,,,Jakučionis,K. Jakučionis,,,,,Above the Break 3,24+ Right Center,,,,,,Missed,,,,,26.42,,,,,,,,,
208,PT08M33.00S,2026-03-20T00:45:21.3Z,2,REGULAR,rebound,defensive,[],2544,,,1610612747,50,38,2026-03-20T00:45:24Z,1980000,False,,,0,,L. James REBOUND (Off:0 Def:1),[2544],1610612747.0,LAL,,,,James,L. James,,,,,Above the Break 3,24+ Right Center,,,,,,,,,,,,,,,207.0,1.0,1.0,0.0,,
209,PT08M25.00S,2026-03-20T00:45:33.2Z,2,REGULAR,turnover,out-of-bounds,[],2544,,,1610612747,50,38,2026-03-20T00:53:33Z,1990000,False,,,0,,L. James bad pass out-of-bounds TURNOVER (2 TO),[2544],1610612747.0,LAL,bad pass,,,James,L. James,,,,,Mid-Range,8-16 Left,2002.0,,,,,,,2.0,,,,,,,,,,,,
210,PT08M13.00S,2026-03-20T00:45:51.5Z,2,REGULAR,3pt,Jump Shot,['fromturnover'],1626181,29.25427069645204,73.52941176470588,1610612748,50,38,2026-03-20T00:46:37Z,2000000,False,-118.0,222.0,1,left,MISS N. Powell 25' pullup 3PT,[1626181],1610612748.0,MIA,pullup,,,Powell,N. Powell,,,,,Above the Break 3,24+ Left Center,,,,,,Missed,,,,,25.17,,,,,,,,,
211,PT08M11.00S,2026-03-20T00:45:53.5Z,2,REGULAR,rebound,defensive,[],1631222,,,1610612747,50,38,2026-03-20T00:46:37Z,2010000,False,,,0,,J. LaRavia REBOUND (Off:1 Def:1),[1631222],1610612747.0,LAL,,,,LaRavia,J. LaRavia,,,,,Above the Break 3,24+ Left Center,,,,,,,,,,,,,,,210.0,2.0,1.0,1.0,,
212,PT08M06.00S,2026-03-20T00:46:03.3Z,2,REGULAR,foul,personal,[],1642857,,,1610612747,50,38,2026-03-20T00:46:46Z,2020000,False,,,0,,K. Jakučionis personal FOUL (1 PF),"[1642857, 203935]",1610612748.0,MIA,,,,Jakučionis,K. Jakučionis,,,,,Restricted Area,0-8 Center,2002.0,1.0,0.0,Smart,203935.0,,,,,,,,,,,,,,,
214,PT08M06.00S,2026-03-20T00:46:20.3Z,2,REGULAR,substitution,out,[],1642276,,,1610612747,50,38,2026-03-20T00:46:28Z,2040000,False,,,0,,SUB out: K. Ware,[1642276],1610612748.0,MIA,,,,Ware,K. Ware,,,,,,,,,,,,,,,,,,,,,,,,,,
215,PT08M06.00S,2026-03-20T00:46:20.3Z,2,REGULAR,substitution,in,[],1641796,,,1610612747,50,38,2026-03-20T00:46:28Z,2050000,False,,,0,,SUB in: P. Larsson,[1641796],1610612748.0,MIA,,,,Larsson,P. Larsson,,,,,,,,,,,,,,,,,,,,,,,,,,
217,PT07M54.00S,2026-03-20T00:47:01.1Z,2,REGULAR,2pt,Jump Shot,[],2544,87.59855453350855,68.38235294117648,1610612747,50,40,2026-03-20T00:47:05Z,2070000,False,92.0,64.0,1,right,L. James 11' turnaround fadeaway Jump Shot (9 PTS),[2544],1610612747.0,LAL,turnaround fadeaway,,,James,L. James,,,,,Mid-Range,8-16 Right,,,,,,Made,9.0,,,,11.2,,,,,,,,,
218,PT07M42.00S,2026-03-20T00:47:16.0Z,2,REGULAR,foul,personal,['2freethrow'],1631222,,,1610612748,50,40,2026-03-20T00:47:24Z,2080000,False,,,0,,J. LaRavia shooting personal FOUL (2 PF) (Adebayo 2 FT),"[1631222, 1628389]",1610612747.0,LAL,shooting,,,LaRavia,J. LaRavia,,,,,In The Paint (Non-RA),0-8 Center,2002.0,2.0,0.0,Adebayo,1628389.0,,,,,,,,,,,,,,,
220,PT07M42.00S,2026-03-20T00:47:49.8Z,2,REGULAR,freethrow,1 of 2,[],1628389,,,1610612748,50,40,2026-03-20T00:47:49Z,2100000,False,,,0,,MISS B. Adebayo Free Throw 1 of 2,[1628389],1610612748.0,MIA,,,,Adebayo,B. Adebayo,,,,,,,,,,,,Missed,,,,,,,,,,,,,,
221,PT07M42.00S,2026-03-20T00:47:49.8Z,2,REGULAR,rebound,offensive,"['deadball', 'team']",0,,,1610612748,50,40,2026-03-20T00:47:49Z,2110000,False,,,0,,TEAM offensive REBOUND,[],1610612748.0,MIA,,,,,,,,,,,,,,,,,,,,,,,,,,220.0,,,,,
222,PT07M42.00S,2026-03-20T00:47:51.0Z,2,REGULAR,substitution,out,[],1630696,,,1610612748,50,40,2026-03-20T00:47:59Z,2120000,False,,,0,,SUB out: D. Smith,[1630696],1610612748.0,MIA,,,,Smith,D. Smith,,,,,,,,,,,,,,,,,,,,,,,,,,
223,PT07M42.00S,2026-03-20T00:47:51.0Z,2,REGULAR,substitution,out,[],203935,,,1610612748,50,40,2026-03-20T00:47:59Z,2130000,False,,,0,,SUB out: M. Smart,[203935],1610612747.0,LAL,,,,Smart,M. Smart,,,,,,,,,,,,,,,,,,,,,,,,,,
224,PT07M42.00S,2026-03-20T00:47:51.0Z,2,REGULAR,substitution,in,[],1630558,,,1610612748,50,40,2026-03-20T00:47:59Z,2140000,False,,,0,,SUB in: D. Mitchell,[1630558],1610612748.0,MIA,,,,Mitchell,D. Mitchell,,,,,,,,,,,,,,,,,,,,,,,,,,
225,PT07M42.00S,2026-03-20T00:47:51.0Z,2,REGULAR,substitution,in,[],1629060,,,1610612748,50,40,2026-03-20T00:47:59Z,2150000,False,,,0,,SUB in: R. Hachimura,[1629060],1610612747.0,LAL,,,,Hachimura,R. Hachimura,,,,,,,,,,,,,,,,,,,,,,,,,,
226,PT07M42.00S,2026-03-20T00:48:14.8Z,2,REGULAR,freethrow,2 of 2,[],1628389,,,1610612748,51,40,2026-03-20T00:48:14Z,2160000,False,,,0,,B. Adebayo Free Throw 2 of 2 (10 PTS),[1628389],1610612748.0,MIA,,,,Adebayo,B. Adebayo,,,,,,,,,,,,Made,10.0,,,,,,,,,,,,,
227,PT07M22.00S,2026-03-20T00:48:43.7Z,2,REGULAR,foul,personal,['3freethrow'],1642857,,,1610612747,51,40,2026-03-20T00:48:53Z,2170000,False,,,0,,K. Jakučionis shooting personal FOUL (2 PF) (Reaves 3 FT),"[1642857, 1630559]",1610612748.0,MIA,shooting,,,Jakučionis,K. Jakučionis,,,,,Above the Break 3,24+ Right Center,200834.0,2.0,0.0,Reaves,1630559.0,,,,,,,,,,,,,,,
229,PT07M22.00S,2026-03-20T00:49:10.8Z,2,REGULAR,freethrow,1 of 3,[],1630559,,,1610612747,51,40,2026-03-20T00:49:10Z,2190000,False,,,0,,MISS A. Reaves Free Throw 1 of 3,[1630559],1610612747.0,LAL,,,,Reaves,A. Reaves,,,,,,,,,,,,Missed,,,,,,,,,,,,,,
230,PT07M22.00S,2026-03-20T00:49:10.8Z,2,REGULAR,rebound,offensive,"['deadball', 'team']",0,,,1610612747,51,40,2026-03-20T00:49:10Z,2200000,False,,,0,,TEAM offensive REBOUND,[],1610612747.0,LAL,,,,,,,,,,,,,,,,,,,,,,,,,,229.0,,,,,
231,PT07M22.00S,2026-03-20T00:49:28.6Z,2,REGULAR,freethrow,2 of 3,[],1630559,,,1610612747,51,41,2026-03-20T00:49:28Z,2210000,False,,,0,,A. Reaves Free Throw 2 of 3 (3 PTS),[1630559],1610612747.0,LAL,,,,Reaves,A. Reaves,,,,,,,,,,,,Made,3.0,,,,,,,,,,,,,
232,PT07M22.00S,2026-03-20T00:49:29.2Z,2,REGULAR,substitution,out,[],1642857,,,1610612747,51,41,2026-03-20T00:49:33Z,2220000,False,,,0,,SUB out: K. Jakučionis,[1642857],1610612748.0,MIA,,,,Jakučionis,K. Jakučionis,,,,,,,,,,,,,,,,,,,,,,,,,,
233,PT07M22.00S,2026-03-20T00:49:29.2Z,2,REGULAR,substitution,in,[],1629639,,,1610612747,51,41,2026-03-20T00:49:33Z,2230000,False,,,0,,SUB in: T. Herro,[1629639],1610612748.0,MIA,,,,Herro,T. Herro,,,,,,,,,,,,,,,,,,,,,,,,,,
234,PT07M22.00S,2026-03-20T00:49:50.9Z,2,REGULAR,freethrow,3 of 3,[],1630559,,,1610612747,51,42,2026-03-20T00:49:50Z,2240000,False,,,0,,A. Reaves Free Throw 3 of 3 (4 PTS),[1630559],1610612747.0,LAL,,,,Reaves,A. Reaves,,,,,,,,,,,,Made,4.0,,,,,,,,,,,,,
235,PT07M05.00S,2026-03-20T00:50:08.6Z,2,REGULAR,2pt,Jump Shot,['pointsinthepaint'],1641796,12.565703022339028,45.09803921568628,1610612748,51,42,2026-03-20T00:50:15Z,2250000,False,25.0,66.0,1,left,MISS P. Larsson 7' fadeaway Shot,[1641796],1610612748.0,MIA,fadeaway,,,Larsson,P. Larsson,,,,,In The Paint (Non-RA),0-8 Center,,,,,,Missed,,,,,7.0,,,,,,,,,
236,PT07M02.00S,2026-03-20T00:50:11.6Z,2,REGULAR,rebound,defensive,[],1631222,,,1610612747,51,42,2026-03-20T00:59:55Z,2260000,False,,,0,,J. LaRavia REBOUND (Off:1 Def:2),[1631222],1610612747.0,LAL,,,,LaRavia,J. LaRavia,,,,,In The Paint (Non-RA),0-8 Center,,,,,,,,,,,,,,,235.0,3.0,2.0,1.0,,
237,PT06M57.00S,2026-03-20T00:50:17.7Z,2,REGULAR,2pt,Hook,['pointsinthepaint'],1629028,90.88370565045992,50.98039215686274,1610612747,51,42,2026-03-20T00:59:29Z,2270000,False,5.0,33.0,1,right,MISS D. Ayton turnaround Hook,[1629028],1610612747.0,LAL,turnaround,,,Ayton,D. Ayton,,,,,Restricted Area,0-8 Center,,,,,,Missed,,,,,3.36,,,,,,,,,
238,PT06M53.00S,2026-03-20T00:50:21.7Z,2,REGULAR,rebound,defensive,[],1628389,,,1610612748,51,42,2026-03-20T00:50:25Z,2280000,False,,,0,,B. Adebayo REBOUND (Off:0 Def:2),[1628389],1610612748.0,MIA,,,,Adebayo,B. Adebayo,,,,,Restricted Area,0-8 Center,,,,,,,,,,,,,,,237.0,2.0,2.0,0.0,,
239,PT06M46.00S,2026-03-20T00:50:27.7Z,2,REGULAR,2pt,Jump Shot,['pointsinthepaint'],1630558,10.068988173455978,57.107843137254896,1610612748,53,42,2026-03-20T00:50:34Z,2290000,False,-36.0,42.0,1,left,D. Mitchell step back Jump Shot (9 PTS),[1630558],1610612748.0,MIA,step back,,,Mitchell,D. Mitchell,,,,,In The Paint (Non-RA),0-8 Center,,,,,,Made,9.0,,,,5.51,,,,,,,,,
240,PT06M20.00S,2026-03-20T00:50:53.2Z,2,REGULAR,3pt,Jump Shot,[],1630559,67.23061760840999,48.28431372549019,1610612747,53,42,2026-03-20T00:51:01Z,2300000,False,-9.0,256.0,1,right,MISS A. Reaves 25' step back 3PT,[1630559],1610612747.0,LAL,step back,,,Reaves,A. Reaves,,,,,Above the Break 3,24+ Center,,,,,,Missed,,,,,25.56,,,,,,,,,
241,PT06M14.00S,2026-03-20T00:50:59.0Z,2,REGULAR,rebound,defensive,[],1629639,,,1610612748,53,42,2026-03-20T00:50:59Z,2310000,False,,,0,,T. Herro REBOUND (Off:0 Def:5),[1629639],1610612748.0,MIA,,,,Herro,T. Herro,,,,,Above the Break 3,24+ Center,,,,,,,,,,,,,,,240.0,5.0,5.0,0.0,,
242,PT06M07.00S,2026-03-20T00:51:07.1Z,2,REGULAR,2pt,Jump Shot,['pointsinthepaint'],1629639,13.354139290407357,47.794117647058826,1610612748,53,42,2026-03-20T00:51:11Z,2320000,False,11.0,73.0,1,left,MISS T. Herro 7' pullup Shot - blocked,"[1629639, 1631222]",1610612748.0,MIA,pullup,,,Herro,T. Herro,,,,,In The Paint (Non-RA),0-8 Center,,,,,,Missed,,,,,7.38,,,,,,,,LaRavia,1631222.0
243,PT06M07.00S,2026-03-20T00:51:07.1Z,2,REGULAR,block,,[],1631222,,,1610612748,53,42,2026-03-20T00:51:09Z,2330000,False,,,0,,J. LaRavia BLOCK (1 BLK),[1631222],1610612747.0,LAL,,,,LaRavia,J. LaRavia,,,,,In The Paint (Non-RA),0-8 Center,,,,,,,,,,,,,,,,,,,,
244,PT06M03.00S,2026-03-20T00:51:11.1Z,2,REGULAR,rebound,defensive,[],1631222,,,1610612747,53,42,2026-03-20T01:02:02Z,2340000,False,,,0,,J. LaRavia REBOUND (Off:1 Def:3),[1631222],1610612747.0,LAL,,,,LaRavia,J. LaRavia,,,,,In The Paint (Non-RA),0-8 Center,,,,,,,,,,,,,,,242.0,4.0,3.0,1.0,,
330,PT06M02.00S,2026-03-20T00:51:22.7Z,2,REGULAR,turnover,out-of-bounds,[],1630559,,,1610612747,53,42,2026-03-20T01:08:11Z,2375000,False,,,0,,A. Reaves lost ball out-of-bounds TURNOVER (2 TO),[1630559],1610612747.0,LAL,lost ball,,,Reaves,A. Reaves,,,,,In The Paint (Non-RA),0-8 Center,2002.0,,,,,,,2.0,,,,,,,,,,,,
249,PT06M01.00S,2026-03-20T00:51:34.5Z,2,REGULAR,timeout,full,"['team', 'mandatory']",0,,,1610612748,53,42,2026-03-20T00:51:57Z,2390000,False,,,0,,MIA Timeout,[],1610612748.0,MIA,,,,,,,,,,,,,,,,,,,,,,,,,,,,,,,
250,PT06M01.00S,2026-03-20T00:52:47.8Z,2,REGULAR,substitution,out,[],1629028,,,1610612748,53,42,2026-03-20T00:54:05Z,2400000,False,,,0,,SUB out: D. Ayton,[1629028],1610612747.0,LAL,,,,Ayton,D. Ayton,,,,,,,,,,,,,,,,,,,,,,,,,,
251,PT06M01.00S,2026-03-20T00:52:47.8Z,2,REGULAR,substitution,out,[],1631222,,,1610612748,53,42,2026-03-20T00:54:05Z,2410000,False,,,0,,SUB out: J. LaRavia,[1631222],1610612747.0,LAL,,,,LaRavia,J. LaRavia,,,,,,,,,,,,,,,,,,,,,,,,,,
252,PT06M01.00S,2026-03-20T00:52:47.8Z,2,REGULAR,substitution,in,[],1629637,,,1610612748,53,42,2026-03-20T00:54:05Z,2420000,False,,,0,,SUB in: J. Hayes,[1629637],1610612747.0,LAL,,,,Hayes,J. Hayes,,,,,,,,,,,,,,,,,,,,,,,,,,
253,PT06M01.00S,2026-03-20T00:52:47.8Z,2,REGULAR,substitution,in,[],1629029,,,1610612748,53,42,2026-03-20T00:54:05Z,2430000,False,,,0,,SUB in: L. Dončić,[1629029],1610612747.0,LAL,,,,Dončić,L. Dončić,,,,,,,,,,,,,,,,,,,,,,,,,,
254,PT05M44.00S,2026-03-20T00:54:32.9Z,2,REGULAR,3pt,Jump Shot,['fromturnover'],1629639,34.773324572930356,44.11764705882353,1610612748,53,42,2026-03-20T01:07:42Z,2440000,False,29.0,274.0,1,left,MISS T. Herro 27' step back 3PT,[1629639],1610612748.0,MIA,step back,,,Herro,T. Herro,,,,,Above the Break 3,24+ Center,,,,,,Missed,,,,,27.6,,,,,,,,,
255,PT05M40.00S,2026-03-20T00:54:36.9Z,2,REGULAR,rebound,offensive,[],1628389,,,1610612748,53,42,2026-03-20T00:54:39Z,2450000,False,,,0,,B. Adebayo REBOUND (Off:1 Def:2),[1628389],1610612748.0,MIA,,,,Adebayo,B. Adebayo,,,,,Above the Break 3,24+ Center,,,,,,,,,,,,,,,254.0,3.0,2.0,1.0,,
256,PT05M38.00S,2026-03-20T00:54:38.1Z,2,REGULAR,2pt,DUNK,"['pointsinthepaint', '2ndchance', 'fromturnover']",1628389,6.258212877792378,47.549019607843135,1610612748,55,42,2026-03-20T01:07:42Z,2460000,False,12.0,6.0,1,left,B. Adebayo putback DUNK (12 PTS),[1628389],1610612748.0,MIA,putback,,,Adebayo,B. Adebayo,,,,,Restricted Area,0-8 Center,,,,,,Made,12.0,,,,1.38,,,,,,,,,
257,PT05M11.00S,2026-03-20T00:55:05.6Z,2,REGULAR,2pt,Jump Shot,['pointsinthepaint'],1630559,88.78120893561103,59.31372549019608,1610612747,55,42,2026-03-20T00:55:10Z,2470000,False,47.0,53.0,1,right,MISS A. Reaves 7' driving floating Shot,[1630559],1610612747.0,LAL,driving floating,,,Reaves,A. Reaves,,,,,In The Paint (Non-RA),0-8 Center,,,,,,Missed,,,,,7.06,,,,,,,,,
258,PT05M07.00S,2026-03-20T00:55:09.4Z,2,REGULAR,rebound,offensive,[],1629637,,,1610612747,55,42,2026-03-20T00:55:09Z,2480000,False,,,0,,J. Hayes REBOUND (Off:2 Def:1),[1629637],1610612747.0,LAL,,,,Hayes,J. Hayes,,,,,In The Paint (Non-RA),0-8 Center,,,,,,,,,,,,,,,257.0,3.0,1.0,2.0,,
259,PT05M07.00S,2026-03-20T00:55:09.4Z,2,REGULAR,2pt,Layup,"['2ndchance', 'pointsinthepaint']",1629637,94.40999984741211,50.0,1610612747,55,42,2026-03-20T00:55:14Z,2490000,False,0.0,0.0,1,right,MISS J. Hayes tip Layup,[1629637],1610612747.0,LAL,tip,,,Hayes,J. Hayes,,,,,Restricted Area,0-8 Center,,,,,,Missed,,,,,0.0,,,,,,,,,
260,PT05M07.00S,2026-03-20T00:55:09.4Z,2,REGULAR,rebound,offensive,[],1629637,,,1610612747,55,42,2026-03-20T00:55:14Z,2500000,False,,,0,,J. Hayes REBOUND (Off:3 Def:1),[1629637],1610612747.0,LAL,,,,Hayes,J. Hayes,,,,,Restricted Area,0-8 Center,,,,,,,,,,,,,,,259.0,4.0,1.0,3.0,,
261,PT05M06.00S,2026-03-20T00:55:10.6Z,2,REGULAR,2pt,Layup,"['pointsinthepaint', '2ndchance']",1629637,94.40999984741211,50.0,1610612747,55,42,2026-03-20T00:55:10Z,2510000,False,0.0,0.0,1,right,MISS J. Hayes tip Layup,[1629637],1610612747.0,LAL,tip,,,Hayes,J. Hayes,,,,,Mid-Range,8-16 Left,,,,,,Missed,,,,,0.0,,,,,,,,,
262,PT05M06.00S,2026-03-20T00:55:11.1Z,2,REGULAR,rebound,offensive,[],2544,,,1610612747,55,42,2026-03-20T00:55:11Z,2520000,False,,,0,,L. James REBOUND (Off:1 Def:1),[2544],1610612747.0,LAL,,,,James,L. James,,,,,Mid-Range,8-16 Left,,,,,,,,,,,,,,,261.0,2.0,1.0,1.0,,
263,PT05M04.00S,2026-03-20T00:55:12.1Z,2,REGULAR,2pt,Layup,"['pointsinthepaint', '2ndchance']",2544,92.46057818659659,50.0,1610612747,55,44,2026-03-20T00:55:17Z,2530000,False,0.0,18.0,1,right,L. James driving Layup (11 PTS),[2544],1610612747.0,LAL,driving,,,James,L. James,,,,,Restricted Area,0-8 Center,,,,,,Made,11.0,,,,1.84,,,,,,,,,
264,PT04M55.00S,2026-03-20T00:55:38.7Z,2,REGULAR,foul,personal,[],1629060,,,1610612748,55,44,2026-03-20T00:55:58Z,2540000,False,,,0,,R. Hachimura personal FOUL (2 PF),"[1629060, 1629639]",1610612747.0,LAL,,,,Hachimura,R. Hachimura,,,,,Above the Break 3,24+ Right Center,200834.0,2.0,0.0,Herro,1629639.0,,,,,,,,,,,,,,,
266,PT04M55.00S,2026-03-20T00:55:46.8Z,2,REGULAR,substitution,out,[],1628389,,,1610612748,55,44,2026-03-20T00:56:00Z,2560000,False,,,0,,SUB out: B. Adebayo,[1628389],1610612748.0,MIA,,,,Adebayo,B. Adebayo,,,,,,,,,,,,,,,,,,,,,,,,,,
267,PT04M55.00S,2026-03-20T00:55:46.8Z,2,REGULAR,substitution,out,[],1626181,,,1610612748,55,44,2026-03-20T00:56:00Z,2570000,False,,,0,,SUB out: N. Powell,[1626181],1610612748.0,MIA,,,,Powell,N. Powell,,,,,,,,,,,,,,,,,,,,,,,,,,
268,PT04M55.00S,2026-03-20T00:55:46.8Z,2,REGULAR,substitution,out,[],1630559,,,1610612748,55,44,2026-03-20T00:56:00Z,2580000,False,,,0,,SUB out: A. Reaves,[1630559],1610612747.0,LAL,,,,Reaves,A. Reaves,,,,,,,,,,,,,,,,,,,,,,,,,,
269,PT04M55.00S,2026-03-20T00:55:46.8Z,2,REGULAR,substitution,out,[],2544,,,1610612748,55,44,2026-03-20T00:56:00Z,2590000,False,,,0,,SUB out: L. James,[2544],1610612747.0,LAL,,,,James,L. James,,,,,,,,,,,,,,,,,,,,,,,,,,
270,PT04M55.00S,2026-03-20T00:55:46.8Z,2,REGULAR,substitution,in,[],1642276,,,1610612748,55,44,2026-03-20T00:56:00Z,2600000,False,,,0,,SUB in: K. Ware,[1642276],1610612748.0,MIA,,,,Ware,K. Ware,,,,,,,,,,,,,,,,,,,,,,,,,,
271,PT04M55.00S,2026-03-20T00:55:46.8Z,2,REGULAR,substitution,in,[],1631323,,,1610612748,55,44,2026-03-20T00:56:00Z,2610000,False,,,0,,SUB in: S. Fontecchio,[1631323],1610612748.0,MIA,,,,Fontecchio,S. Fontecchio,,,,,,,,,,,,,,,,,,,,,,,,,,
272,PT04M55.00S,2026-03-20T00:55:46.8Z,2,REGULAR,substitution,in,[],1628379,,,1610612748,55,44,2026-03-20T00:56:00Z,2620000,False,,,0,,SUB in: L. Kennard,[1628379],1610612747.0,LAL,,,,Kennard,L. Kennard,,,,,,,,,,,,,,,,,,,,,,,,,,
273,PT04M55.00S,2026-03-20T00:55:46.8Z,2,REGULAR,substitution,in,[],1631222,,,1610612748,55,44,2026-03-20T00:56:00Z,2630000,False,,,0,,SUB in: J. LaRavia,[1631222],1610612747.0,LAL,,,,LaRavia,J. LaRavia,,,,,,,,,,,,,,,,,,,,,,,,,,
274,PT04M47.00S,2026-03-20T00:56:02.4Z,2,REGULAR,2pt,Jump Shot,['pointsinthepaint'],1629639,12.565703022339028,50.0,1610612748,55,44,2026-03-20T00:56:12Z,2640000,False,0.0,66.0,1,left,MISS T. Herro 6' driving floating Shot,[1629639],1610612748.0,MIA,driving floating,,,Herro,T. Herro,,,,,In The Paint (Non-RA),0-8 Center,,,,,,Missed,,,,,6.56,,,,,,,,,
275,PT04M44.00S,2026-03-20T00:56:05.4Z,2,REGULAR,rebound,defensive,[],1629637,,,1610612747,55,44,2026-03-20T00:56:37Z,2650000,False,,,0,,J. Hayes REBOUND (Off:3 Def:2),[1629637],1610612747.0,LAL,,,,Hayes,J. Hayes,,,,,In The Paint (Non-RA),0-8 Center,,,,,,,,,,,,,,,274.0,5.0,2.0,3.0,,
276,PT04M39.00S,2026-03-20T00:56:09.0Z,2,REGULAR,2pt,Layup,"['fastbreak', 'pointsinthepaint']",1629029,93.11760840998686,44.85294117647059,1610612747,55,46,2026-03-20T00:57:45Z,2660000,False,-26.0,12.0,1,right,L. Dončić running finger roll Layup (14 PTS),[1629029],1610612747.0,LAL,running finger roll,,,Dončić,L. Dončić,,,,,Restricted Area,0-8 Center,,,,,,Made,14.0,,,,2.84,,,,,,,,,
277,PT04M25.00S,2026-03-20T00:56:26.3Z,2,REGULAR,foul,personal,['2freethrow'],1629060,,,1610612748,55,46,2026-03-20T00:56:46Z,2670000,False,,,0,,R. Hachimura shooting personal FOUL (3 PF) (Larsson 2 FT),"[1629060, 1641796]",1610612747.0,LAL,shooting,,,Hachimura,R. Hachimura,,,,,In The Paint (Non-RA),0-8 Center,2004.0,3.0,0.0,Larsson,1641796.0,,,,,,,,,,,,,,,
279,PT04M25.00S,2026-03-20T00:57:02.2Z,2,REGULAR,freethrow,1 of 2,[],1641796,,,1610612748,56,46,2026-03-20T00:57:02Z,2690000,False,,,0,,P. Larsson Free Throw 1 of 2 (5 PTS),[1641796],1610612748.0,MIA,,,,Larsson,P. Larsson,,,,,,,,,,,,Made,5.0,,,,,,,,,,,,,
280,PT04M25.00S,2026-03-20T00:57:26.0Z,2,REGULAR,freethrow,2 of 2,[],1641796,,,1610612748,57,46,2026-03-20T00:57:26Z,2700000,False,,,0,,P. Larsson Free Throw 2 of 2 (6 PTS),[1641796],1610612748.0,MIA,,,,Larsson,P. Larsson,,,,,,,,,,,,Made,6.0,,,,,,,,,,,,,
281,PT04M10.00S,2026-03-20T00:57:45.4Z,2,REGULAR,3pt,Jump Shot,[],1629029,70.64717477003943,10.784313725490197,1610612747,57,49,2026-03-20T00:57:52Z,2710000,False,-196.0,223.0,1,right,L. Dončić 29' 3PT  (17 PTS) (J. Hayes 1 AST),"[1629029, 1629637]",1610612747.0,LAL,,,,Dončić,L. Dončić,,,,,Above the Break 3,24+ Left Center,,,,,,Made,17.0,,,,29.73,J. Hayes,1629637.0,1.0,,,,,,
283,PT04M04.00S,2026-03-20T00:57:52.0Z,2,REGULAR,turnover,bad pass,[],1629639,,,1610612748,57,49,2026-03-20T01:00:28Z,2730000,False,,,0,,T. Herro bad pass TURNOVER (1 TO),"[1629639, 1629029]",1610612748.0,MIA,,,,Herro,T. Herro,,,,,Above the Break 3,24+ Right Center,,,,,,,,1.0,Dončić,1629029.0,,,,,,,,,,
284,PT04M04.00S,2026-03-20T00:57:52.0Z,2,REGULAR,steal,,[],1629029,,,1610612747,57,49,2026-03-20T00:57:55Z,2740000,False,,,0,,L. Dončić STEAL (1 STL),[1629029],1610612747.0,LAL,,,,Dončić,L. Dončić,,,,,Above the Break 3,24+ Right Center,,,,,,,,,,,,,,,,,,,,
285,PT04M00.00S,2026-03-20T00:57:56.4Z,2,REGULAR,turnover,lost ball,[],1629029,,,1610612747,57,49,2026-03-20T00:58:01Z,2750000,False,,,0,,L. Dončić lost ball TURNOVER (1 TO),"[1629029, 1630558]",1610612747.0,LAL,,,,Dončić,L. Dončić,,,,,Above the Break 3,24+ Left Center,,,,,,,,1.0,Mitchell,1630558.0,,,,,,,,,,
286,PT04M00.00S,2026-03-20T00:57:56.4Z,2,REGULAR,steal,,[],1630558,,,1610612748,57,49,2026-03-20T00:57:58Z,2760000,False,,,0,,D. Mitchell STEAL (1 STL),[1630558],1610612748.0,MIA,,,,Mitchell,D. Mitchell,,,,,Above the Break 3,24+ Left Center,,,,,,,,,,,,,,,,,,,,
287,PT03M59.00S,2026-03-20T00:58:03.8Z,2,REGULAR,2pt,Jump Shot,"['pointsinthepaint', 'fromturnover']",1641796,17.0335085413929,40.68627450980392,1610612748,57,49,2026-03-20T01:00:46Z,2770000,False,47.0,108.0,1,left,MISS P. Larsson 11' floating Shot - blocked,"[1641796, 1629637]",1610612748.0,MIA,floating,,,Larsson,P. Larsson,,,,,In The Paint (Non-RA),8-16 Center,,,,,,Missed,,,,,11.73,,,,,,,,Hayes,1629637.0
288,PT03M59.00S,2026-03-20T00:58:03.8Z,2,REGULAR,block,,[],1629637,,,1610612748,57,49,2026-03-20T00:58:07Z,2780000,False,,,0,,J. Hayes BLOCK (1 BLK),[1629637],1610612747.0,LAL,,,,Hayes,J. Hayes,,,,,In The Paint (Non-RA),8-16 Center,,,,,,,,,,,,,,,,,,,,
289,PT03M59.00S,2026-03-20T00:58:03.8Z,2,REGULAR,rebound,offensive,['team'],0,,,1610612748,57,49,2026-03-20T00:58:21Z,2790000,False,,,0,,TEAM offensive REBOUND,[],1610612748.0,MIA,,,,,,,,,,In The Paint (Non-RA),8-16 Center,,,,,,,,,,,,,,,287.0,,,,,
291,PT03M54.00S,2026-03-20T00:58:24.0Z,2,REGULAR,2pt,Layup,"['pointsinthepaint', 'fromturnover', '2ndchance']",1641796,6.258212877792378,45.34313725490196,1610612748,59,49,2026-03-20T01:10:19Z,2810000,False,23.0,6.0,1,left,P. Larsson driving Layup (8 PTS),[1641796],1610612748.0,MIA,driving,,,Larsson,P. Larsson,,,,,Restricted Area,0-8 Center,,,,,,Made,8.0,,,,2.41,,,,,,,,,
292,PT03M34.00S,2026-03-20T00:58:42.2Z,2,REGULAR,2pt,Jump Shot,['pointsinthepaint'],1629029,84.44480946123521,56.127450980392155,1610612747,59,49,2026-03-20T00:58:47Z,2820000,False,31.0,94.0,1,right,MISS L. Dončić 9' pullup Shot,[1629029],1610612747.0,LAL,pullup,,,Dončić,L. Dončić,,,,,In The Paint (Non-RA),8-16 Center,,,,,,Missed,,,,,9.86,,,,,,,,,
293,PT03M33.00S,2026-03-20T00:58:43.2Z,2,REGULAR,rebound,offensive,[],1631222,,,1610612747,59,49,2026-03-20T00:58:47Z,2830000,False,,,0,,J. LaRavia REBOUND (Off:2 Def:3),[1631222],1610612747.0,LAL,,,,LaRavia,J. LaRavia,,,,,In The Paint (Non-RA),8-16 Center,,,,,,,,,,,,,,,292.0,5.0,3.0,2.0,,
294,PT03M33.00S,2026-03-20T00:58:51.6Z,2,REGULAR,2pt,Layup,"['pointsinthepaint', '2ndchance', 'defensivegoaltending']",1631222,85.49605781865965,44.36274509803921,1610612747,59,51,2026-03-20T00:59:09Z,2840000,False,-28.0,84.0,1,right,J. LaRavia 8' putback Layup (5 PTS),[1631222],1610612747.0,LAL,putback,,,LaRavia,J. LaRavia,,,,,In The Paint (Non-RA),8-16 Center,,,,,,Made,5.0,,,,8.84,,,,,,,,,
296,PT03M33.00S,2026-03-20T00:58:57.9Z,2,REGULAR,violation,defensive goaltending,[],1642276,,,1610612747,59,51,2026-03-20T00:59:37Z,2860000,False,,,0,,K. Ware defensive goaltending VIOLATION,[1642276],1610612748.0,MIA,,,,Ware,K. Ware,,,,,,,2004.0,,,,,,,,,,,,,,,,,,,
297,PT03M21.00S,2026-03-20T00:59:05.3Z,2,REGULAR,3pt,Jump Shot,[],1629639,7.30946123521682,96.56862745098039,1610612748,59,51,2026-03-20T00:59:12Z,2870000,False,-233.0,16.0,1,left,MISS T. Herro 3PT,[1629639],1610612748.0,MIA,,,,Herro,T. Herro,,,,,Left Corner 3,24+ Left,,,,,,Missed,,,,,23.34,,,,,,,,,
298,PT03M18.00S,2026-03-20T00:59:08.3Z,2,REGULAR,rebound,defensive,[],1629060,,,1610612747,59,51,2026-03-20T00:59:12Z,2880000,False,,,0,,R. Hachimura REBOUND (Off:0 Def:1),[1629060],1610612747.0,LAL,,,,Hachimura,R. Hachimura,,,,,Left Corner 3,24+ Left,,,,,,,,,,,,,,,297.0,1.0,1.0,0.0,,
299,PT03M05.00S,2026-03-20T00:59:22.4Z,2,REGULAR,2pt,Jump Shot,[],1629060,88.51839684625493,17.401960784313726,1610612747,59,53,2026-03-20T01:11:50Z,2890000,False,-163.0,55.0,1,right,R. Hachimura 17' pullup Jump Shot (7 PTS) (L. Dončić 3 AST),"[1629060, 1629029]",1610612747.0,LAL,pullup,,,Hachimura,R. Hachimura,,,,,Mid-Range,16-24 Left,,,,,,Made,7.0,,,,17.22,L. Dončić,1629029.0,3.0,,,,,,
300,PT02M51.00S,2026-03-20T00:59:35.9Z,2,REGULAR,3pt,Jump Shot,[],1629639,21.369908015768726,93.13725490196079,1610612748,62,53,2026-03-20T00:59:41Z,2900000,False,-216.0,148.0,1,left,T. Herro 26' 3PT step back (7 PTS) (D. Mitchell 2 AST),"[1629639, 1630558]",1610612748.0,MIA,step back,,,Herro,T. Herro,,,,,Above the Break 3,24+ Left Center,,,,,,Made,7.0,,,,26.18,D. Mitchell,1630558.0,2.0,,,,,,
302,PT02M38.00S,2026-03-20T00:59:53.5Z,2,REGULAR,2pt,Layup,['pointsinthepaint'],1629029,92.59198423127464,47.05882352941176,1610612747,62,53,2026-03-20T01:00:14Z,2920000,False,-15.0,17.0,1,right,MISS L. Dončić driving Layup - blocked,"[1629029, 1630558]",1610612747.0,LAL,driving,,,Dončić,L. Dončić,,,,,Restricted Area,0-8 Center,,,,,,Missed,,,,,2.25,,,,,,,,Mitchell,1630558.0
303,PT02M38.00S,2026-03-20T00:59:53.5Z,2,REGULAR,block,,[],1630558,,,1610612747,62,53,2026-03-20T00:59:56Z,2930000,False,,,0,,D. Mitchell BLOCK (1 BLK),[1630558],1610612748.0,MIA,,,,Mitchell,D. Mitchell,,,,,Restricted Area,0-8 Center,,,,,,,,,,,,,,,,,,,,
304,PT02M37.00S,2026-03-20T00:59:54.5Z,2,REGULAR,rebound,offensive,['team'],0,,,1610612747,62,53,2026-03-20T01:00:14Z,2940000,False,,,0,,TEAM offensive REBOUND,[],1610612747.0,LAL,,,,,,,,,,Restricted Area,0-8 Center,,,,,,,,,,,,,,,302.0,,,,,
306,PT02M37.00S,2026-03-20T01:00:05.0Z,2,REGULAR,timeout,full,"['team', 'mandatory']",0,,,1610612747,62,53,2026-03-20T01:00:05Z,2960000,False,,,0,,LAL Timeout,[],1610612747.0,LAL,,,,,,,,,,,,,,,,,,,,,,,,,,,,,,,
307,PT02M37.00S,2026-03-20T01:00:17.2Z,2,REGULAR,substitution,out,[],1642276,,,1610612747,62,53,2026-03-20T01:02:58Z,2970000,False,,,0,,SUB out: K. Ware,[1642276],1610612748.0,MIA,,,,Ware,K. Ware,,,,,,,,,,,,,,,,,,,,,,,,,,
308,PT02M37.00S,2026-03-20T01:00:17.2Z,2,REGULAR,substitution,out,[],1631323,,,1610612747,62,53,2026-03-20T01:02:58Z,2980000,False,,,0,,SUB out: S. Fontecchio,[1631323],1610612748.0,MIA,,,,Fontecchio,S. Fontecchio,,,,,,,,,,,,,,,,,,,,,,,,,,
309,PT02M37.00S,2026-03-20T01:00:17.2Z,2,REGULAR,substitution,out,[],1628379,,,1610612747,62,53,2026-03-20T01:02:58Z,2990000,False,,,0,,SUB out: L. Kennard,[1628379],1610612747.0,LAL,,,,Kennard,L. Kennard,,,,,,,,,,,,,,,,,,,,,,,,,,
310,PT02M37.00S,2026-03-20T01:00:17.2Z,2,REGULAR,substitution,in,[],1628389,,,1610612747,62,53,2026-03-20T01:02:58Z,3000000,False,,,0,,SUB in: B. Adebayo,[1628389],1610612748.0,MIA,,,,Adebayo,B. Adebayo,,,,,,,,,,,,,,,,,,,,,,,,,,
311,PT02M37.00S,2026-03-20T01:00:17.2Z,2,REGULAR,substitution,in,[],1626181,,,1610612747,62,53,2026-03-20T01:02:58Z,3010000,False,,,0,,SUB in: N. Powell,[1626181],1610612748.0,MIA,,,,Powell,N. Powell,,,,,,,,,,,,,,,,,,,,,,,,,,
312,PT02M37.00S,2026-03-20T01:00:17.2Z,2,REGULAR,substitution,in,[],1630559,,,1610612747,62,53,2026-03-20T01:02:58Z,3020000,False,,,0,,SUB in: A. Reaves,[1630559],1610612747.0,LAL,,,,Reaves,A. Reaves,,,,,,,,,,,,,,,,,,,,,,,,,,
313,PT02M28.00S,2026-03-20T01:03:08.6Z,2,REGULAR,2pt,Jump Shot,"['pointsinthepaint', '2ndchance']",1629029,86.81011826544021,45.34313725490196,1610612747,62,55,2026-03-20T01:03:14Z,3030000,False,-23.0,71.0,1,right,L. Dončić 7' driving floating Jump Shot (19 PTS) (A. Reaves 2 AST),"[1629029, 1630559]",1610612747.0,LAL,driving floating,,,Dončić,L. Dončić,,,,,In The Paint (Non-RA),0-8 Center,,,,,,Made,19.0,,,,7.52,A. Reaves,1630559.0,2.0,,,,,,
315,PT02M08.00S,2026-03-20T01:03:29.0Z,2,REGULAR,turnover,out-of-bounds,[],1629639,,,1610612748,62,55,2026-03-20T01:26:11Z,3050000,False,,,0,,T. Herro bad pass out-of-bounds TURNOVER (2 TO),[1629639],1610612748.0,MIA,bad pass,,,Herro,T. Herro,,,,,Mid-Range,16-24 Right,200834.0,,,,,,,2.0,,,,,,,,,,,,
316,PT01M54.00S,2026-03-20T01:03:52.1Z,2,REGULAR,turnover,out-of-bounds,[],1629029,,,1610612747,62,55,2026-03-20T01:03:58Z,3060000,False,,,0,,L. Dončić bad pass out-of-bounds TURNOVER (2 TO),[1629029],1610612747.0,LAL,bad pass,,,Dončić,L. Dončić,,,,,Mid-Range,16-24 Right Center,2002.0,,,,,,,2.0,,,,,,,,,,,,
317,PT01M29.00S,2026-03-20T01:04:18.8Z,2,REGULAR,2pt,Jump Shot,['fromturnover'],1628389,4.28712220762155,33.82352941176471,1610612748,62,55,2026-03-20T01:04:22Z,3070000,False,81.0,-12.0,1,left,MISS B. Adebayo 8' turnaround fadeaway Shot,[1628389],1610612748.0,MIA,turnaround fadeaway,,,Adebayo,B. Adebayo,,,,,Mid-Range,0-8 Center,,,,,,Missed,,,,,8.18,,,,,,,,,
318,PT01M27.00S,2026-03-20T01:04:20.8Z,2,REGULAR,rebound,defensive,[],1629029,,,1610612747,62,55,2026-03-20T01:04:22Z,3080000,False,,,0,,L. Dončić REBOUND (Off:0 Def:3),[1629029],1610612747.0,LAL,,,,Dončić,L. Dončić,,,,,Mid-Range,0-8 Center,,,,,,,,,,,,,,,317.0,3.0,3.0,0.0,,
319,PT01M15.00S,2026-03-20T01:04:33.6Z,2,REGULAR,2pt,Layup,['pointsinthepaint'],1630559,92.9862023653088,46.568627450980394,1610612747,62,57,2026-03-20T01:04:40Z,3090000,False,-17.0,13.0,1,right,A. Reaves driving Layup (6 PTS),[1630559],1610612747.0,LAL,driving,,,Reaves,A. Reaves,,,,,Restricted Area,0-8 Center,,,,,,Made,6.0,,,,2.18,,,,,,,,,
320,PT01M00.00S,2026-03-20T01:04:48.1Z,2,REGULAR,2pt,Jump Shot,[],1629639,17.345597897503286,73.30729166666666,1610612748,62,57,2026-03-20T01:04:58Z,3100000,False,-117.0,111.0,1,left,MISS T. Herro 16' driving floating Shot,[1629639],1610612748.0,MIA,driving floating,,,Herro,T. Herro,,,,,Mid-Range,16-24 Left Center,,,,,,Missed,,,,,16.06,,,,,,,,,
321,PT00M59.00S,2026-03-20T01:04:49.1Z,2,REGULAR,rebound,defensive,[],1631222,,,1610612747,62,57,2026-03-20T01:04:51Z,3110000,False,,,0,,J. LaRavia REBOUND (Off:2 Def:4),[1631222],1610612747.0,LAL,,,,LaRavia,J. LaRavia,,,,,In The Paint (Non-RA),0-8 Center,,,,,,,,,,,,,,,320.0,6.0,4.0,2.0,,
322,PT00M47.20S,2026-03-20T01:05:02.2Z,2,REGULAR,3pt,Jump Shot,[],1629029,73.27529566360053,13.970588235294118,1610612747,62,57,2026-03-20T01:14:37Z,3120000,False,-180.0,199.0,1,right,MISS L. Dončić 26' 3PT,[1629029],1610612747.0,LAL,,,,Dončić,L. Dončić,,,,,Above the Break 3,24+ Left Center,,,,,,Missed,,,,,26.82,,,,,,,,,
323,PT00M44.20S,2026-03-20T01:05:05.2Z,2,REGULAR,rebound,defensive,[],1629639,,,1610612748,62,57,2026-03-20T01:14:37Z,3130000,False,,,0,,T. Herro REBOUND (Off:0 Def:6),[1629639],1610612748.0,MIA,,,,Herro,T. Herro,,,,,Above the Break 3,24+ Left Center,,,,,,,,,,,,,,,322.0,6.0,6.0,0.0,,
324,PT00M30.30S,2026-03-20T01:05:19.0Z,2,REGULAR,3pt,Jump Shot,[],1628389,5.995400788436268,3.6764705882352944,1610612748,65,57,2026-03-20T01:05:23Z,3140000,False,232.0,4.0,1,left,B. Adebayo 3PT  (15 PTS) (D. Mitchell 3 AST),"[1628389, 1630558]",1610612748.0,MIA,,,,Adebayo,B. Adebayo,,,,,Right Corner 3,24+ Right,,,,,,Made,15.0,,,,23.16,D. Mitchell,1630558.0,3.0,,,,,,
326,PT00M15.20S,2026-03-20T01:05:37.5Z,2,REGULAR,2pt,Jump Shot,['pointsinthepaint'],1629029,88.51839684625493,39.21568627450981,1610612747,65,59,2026-03-20T01:05:44Z,3160000,False,-54.0,55.0,1,right,L. Dončić 7' fadeaway Jump Shot (21 PTS),[1629029],1610612747.0,LAL,fadeaway,,,Dončić,L. Dončić,,,,,In The Paint (Non-RA),0-8 Center,,,,,,Made,21.0,,,,7.73,,,,,,,,,
327,PT00M00.80S,2026-03-20T01:05:58.6Z,2,REGULAR,2pt,Layup,['pointsinthepaint'],1629639,5.206964520367937,51.9607843137255,1610612748,65,59,2026-03-20T01:06:12Z,3170000,False,-10.0,-4.0,1,left,MISS T. Herro driving finger roll Layup,[1629639],1610612748.0,MIA,driving finger roll,,,Herro,T. Herro,,,,,Restricted Area,0-8 Center,,,,,,Missed,,,,,1.04,,,,,,,,,
328,PT00M00.20S,2026-03-20T01:05:59.2Z,2,REGULAR,rebound,defensive,[],1629029,,,1610612747,65,59,2026-03-20T01:06:12Z,3180000,False,,,0,,L. Dončić REBOUND (Off:0 Def:4),[1629029],1610612747.0,LAL,,,,Dončić,L. Dončić,,,,,Restricted Area,0-8 Center,,,,,,,,,,,,,,,327.0,4.0,4.0,0.0,,
329,PT00M00.00S,2026-03-20T01:06:06.0Z,2,REGULAR,period,end,[],0,,,1610612747,65,59,2026-03-20T01:06:06Z,3190000,False,,,0,,Period End,[],,,,,,,,,,,,,,,,,,,,,,,,,,,,,,,,,
331,PT12M00.00S,2026-03-20T01:20:39.8Z,3,REGULAR,substitution,out,['startperiod'],1626181,,,1610612747,65,59,2026-03-20T01:21:16Z,3200000,False,,,0,,SUB out: N. Powell,[1626181],1610612748.0,MIA,,,,Powell,N. Powell,,,,,,,,,,,,,,,,,,,,,,,,,,
332,PT12M00.00S,2026-03-20T01:20:39.8Z,3,REGULAR,substitution,out,['startperiod'],1629637,,,1610612747,65,59,2026-03-20T01:21:16Z,3210000,False,,,0,,SUB out: J. Hayes,[1629637],1610612747.0,LAL,,,,Hayes,J. Hayes,,,,,,,,,,,,,,,,,,,,,,,,,,
333,PT12M00.00S,2026-03-20T01:20:39.8Z,3,REGULAR,substitution,out,['startperiod'],1631222,,,1610612747,65,59,2026-03-20T01:21:16Z,3220000,False,,,0,,SUB out: J. LaRavia,[1631222],1610612747.0,LAL,,,,LaRavia,J. LaRavia,,,,,,,,,,,,,,,,,,,,,,,,,,
334,PT12M00.00S,2026-03-20T01:20:39.8Z,3,REGULAR,substitution,out,['startperiod'],1629060,,,1610612747,65,59,2026-03-20T01:21:16Z,3230000,False,,,0,,SUB out: R. Hachimura,[1629060],1610612747.0,LAL,,,,Hachimura,R. Hachimura,,,,,,,,,,,,,,,,,,,,,,,,,,
335,PT12M00.00S,2026-03-20T01:20:39.8Z,3,REGULAR,substitution,in,['startperiod'],1631323,,,1610612747,65,59,2026-03-20T01:21:16Z,3240000,False,,,0,,SUB in: S. Fontecchio,[1631323],1610612748.0,MIA,,,,Fontecchio,S. Fontecchio,,,,,,,,,,,,,,,,,,,,,,,,,,
336,PT12M00.00S,2026-03-20T01:20:39.8Z,3,REGULAR,substitution,in,['startperiod'],203935,,,1610612747,65,59,2026-03-20T01:21:16Z,3250000,False,,,0,,SUB in: M. Smart,[203935],1610612747.0,LAL,,,,Smart,M. Smart,,,,,,,,,,,,,,,,,,,,,,,,,,
337,PT12M00.00S,2026-03-20T01:20:39.8Z,3,REGULAR,substitution,in,['startperiod'],2544,,,1610612747,65,59,2026-03-20T01:21:16Z,3260000,False,,,0,,SUB in: L. James,[2544],1610612747.0,LAL,,,,James,L. James,,,,,,,,,,,,,,,,,,,,,,,,,,
338,PT12M00.00S,2026-03-20T01:20:39.8Z,3,REGULAR,substitution,in,['startperiod'],1629028,,,1610612747,65,59,2026-03-20T01:21:16Z,3270000,False,,,0,,SUB in: D. Ayton,[1629028],1610612747.0,LAL,,,,Ayton,D. Ayton,,,,,,,,,,,,,,,,,,,,,,,,,,
339,PT12M00.00S,2026-03-20T01:21:22.8Z,3,REGULAR,period,start,[],0,,,1610612747,65,59,2026-03-20T01:21:22Z,3280000,False,,,0,,Period Start,[],,,,,,,,,,,,,,,,,,,,,,,,,,,,,,,,,
340,PT11M55.00S,2026-03-20T01:21:26.7Z,3,REGULAR,2pt,Layup,['pointsinthepaint'],2544,6.1268068331143235,44.11764705882353,1610612747,65,61,2026-03-20T01:21:34Z,3290000,False,29.0,5.0,1,left,L. James driving finger roll Layup (13 PTS) (A. Reaves 3 AST),"[2544, 1630559]",1610612747.0,LAL,driving finger roll,,,James,L. James,,,,,Restricted Area,0-8 Center,,,,,,Made,13.0,,,,2.98,A. Reaves,1630559.0,3.0,,,,,,
342,PT11M40.00S,2026-03-20T01:21:41.6Z,3,REGULAR,3pt,Jump Shot,[],1641796,71.96123521681997,77.45098039215686,1610612748,65,61,2026-03-20T01:23:16Z,3310000,False,137.0,211.0,1,right,MISS P. Larsson 25' pullup 3PT,[1641796],1610612748.0,MIA,pullup,,,Larsson,P. Larsson,,,,,Above the Break 3,24+ Right Center,,,,,,Missed,,,,,25.18,,,,,,,,,
343,PT11M36.00S,2026-03-20T01:21:45.6Z,3,REGULAR,rebound,offensive,[],1630558,,,1610612748,65,61,2026-03-20T01:21:47Z,3320000,False,,,0,,D. Mitchell REBOUND (Off:1 Def:2),[1630558],1610612748.0,MIA,,,,Mitchell,D. Mitchell,,,,,Above the Break 3,24+ Right Center,,,,,,,,,,,,,,,342.0,3.0,2.0,1.0,,
344,PT11M24.00S,2026-03-20T01:21:57.0Z,3,REGULAR,3pt,Jump Shot,['2ndchance'],1628389,93.9060446780552,95.34313725490196,1610612748,65,61,2026-03-20T01:22:07Z,3330000,False,227.0,5.0,1,right,MISS B. Adebayo 3PT,[1628389],1610612748.0,MIA,,,,Adebayo,B. Adebayo,,,,,Right Corner 3,24+ Right,,,,,,Missed,,,,,22.68,,,,,,,,,
345,PT11M21.00S,2026-03-20T01:22:00.0Z,3,REGULAR,rebound,defensive,[],203935,,,1610612747,65,61,2026-03-20T01:22:07Z,3340000,False,,,0,,M. Smart REBOUND (Off:0 Def:2),[203935],1610612747.0,LAL,,,,Smart,M. Smart,,,,,Right Corner 3,24+ Right,,,,,,,,,,,,,,,344.0,2.0,2.0,0.0,,
346,PT11M09.00S,2026-03-20T01:22:13.3Z,3,REGULAR,3pt,Jump Shot,[],1630559,5.732588699080158,97.54901960784314,1610612747,65,61,2026-03-20T01:22:19Z,3350000,False,-238.0,1.0,1,left,MISS A. Reaves 3PT,[1630559],1610612747.0,LAL,,,,Reaves,A. Reaves,,,,,Left Corner 3,24+ Left,,,,,,Missed,,,,,23.77,,,,,,,,,
347,PT11M05.00S,2026-03-20T01:22:17.3Z,3,REGULAR,rebound,defensive,[],1629639,,,1610612748,65,61,2026-03-20T01:22:19Z,3360000,False,,,0,,T. Herro REBOUND (Off:0 Def:7),[1629639],1610612748.0,MIA,,,,Herro,T. Herro,,,,,Left Corner 3,24+ Left,,,,,,,,,,,,,,,346.0,7.0,7.0,0.0,,
348,PT10M56.00S,2026-03-20T01:22:25.8Z,3,REGULAR,turnover,bad pass,[],1629639,,,1610612748,65,61,2026-03-20T01:22:30Z,3370000,False,,,0,,T. Herro bad pass TURNOVER (3 TO),"[1629639, 1629029]",1610612748.0,MIA,,,,Herro,T. Herro,,,,,Above the Break 3,24+ Left Center,,,,,,,,3.0,Dončić,1629029.0,,,,,,,,,,
349,PT10M56.00S,2026-03-20T01:22:25.8Z,3,REGULAR,steal,,[],1629029,,,1610612747,65,61,2026-03-20T01:22:27Z,3380000,False,,,0,,L. Dončić STEAL (2 STL),[1629029],1610612747.0,LAL,,,,Dončić,L. Dončić,,,,,Above the Break 3,24+ Left Center,,,,,,,,,,,,,,,,,,,,
350,PT10M51.00S,2026-03-20T01:22:30.8Z,3,REGULAR,3pt,Jump Shot,"['fastbreak', 'fromturnover']",203935,25.57490144546649,81.61764705882352,1610612747,65,61,2026-03-20T01:25:10Z,3390000,False,-158.0,188.0,1,left,MISS M. Smart 24' running 3PT,[203935],1610612747.0,LAL,running,,,Smart,M. Smart,,,,,Above the Break 3,24+ Left Center,,,,,,Missed,,,,,24.56,,,,,,,,,
351,PT10M46.00S,2026-03-20T01:22:35.8Z,3,REGULAR,rebound,defensive,[],1628389,,,1610612748,65,61,2026-03-20T01:22:39Z,3400000,False,,,0,,B. Adebayo REBOUND (Off:1 Def:3),[1628389],1610612748.0,MIA,,,,Adebayo,B. Adebayo,,,,,Above the Break 3,24+ Left Center,,,,,,,,,,,,,,,350.0,4.0,3.0,1.0,,
352,PT10M42.00S,2026-03-20T01:22:40.6Z,3,REGULAR,3pt,Jump Shot,[],1629639,80.1084099868594,91.91176470588235,1610612748,65,61,2026-03-20T01:22:46Z,3410000,False,210.0,134.0,1,right,MISS T. Herro 24' step back 3PT,[1629639],1610612748.0,MIA,step back,,,Herro,T. Herro,,,,,Above the Break 3,24+ Right Center,,,,,,Missed,,,,,24.9,,,,,,,,,
353,PT10M38.00S,2026-03-20T01:22:44.6Z,3,REGULAR,rebound,defensive,[],1629029,,,1610612747,65,61,2026-03-20T01:22:46Z,3420000,False,,,0,,L. Dončić REBOUND (Off:0 Def:5),[1629029],1610612747.0,LAL,,,,Dončić,L. Dončić,,,,,Above the Break 3,24+ Right Center,,,,,,,,,,,,,,,352.0,5.0,5.0,0.0,,
354,PT10M32.00S,2026-03-20T01:22:50.6Z,3,REGULAR,3pt,Jump Shot,[],1629029,29.122864651773984,74.50980392156863,1610612747,65,64,2026-03-20T01:22:56Z,3430000,False,-123.0,221.0,1,left,L. Dončić 25' 3PT step back (24 PTS),[1629029],1610612747.0,LAL,step back,,,Dončić,L. Dončić,,,,,Above the Break 3,24+ Left Center,,,,,,Made,24.0,,,,25.29,,,,,,,,,
355,PT10M13.00S,2026-03-20T01:23:08.9Z,3,REGULAR,2pt,Layup,['pointsinthepaint'],1628389,91.40932982917214,50.245098039215684,1610612748,67,64,2026-03-20T01:23:12Z,3440000,False,1.0,28.0,1,right,B. Adebayo driving Layup (17 PTS) (T. Herro 5 AST),"[1628389, 1629639]",1610612748.0,MIA,driving,,,Adebayo,B. Adebayo,,,,,Restricted Area,0-8 Center,,,,,,Made,17.0,,,,2.83,T. Herro,1629639.0,5.0,,,,,,
356,PT09M59.00S,2026-03-20T01:23:23.7Z,3,REGULAR,2pt,Hook,['pointsinthepaint'],1629028,8.229303547963205,52.20588235294118,1610612747,67,66,2026-03-20T01:23:28Z,3450000,False,-11.0,25.0,1,left,D. Ayton turnaround Hook (4 PTS) (L. James 4 AST),"[1629028, 2544]",1610612747.0,LAL,turnaround,,,Ayton,D. Ayton,,,,,Restricted Area,0-8 Center,,,,,,Made,4.0,,,,2.72,L. James,2544.0,4.0,,,,,,
358,PT09M47.00S,2026-03-20T01:23:35.3Z,3,REGULAR,2pt,Jump Shot,['pointsinthepaint'],1628389,85.23324572930355,48.529411764705884,1610612748,69,66,2026-03-20T01:23:38Z,3470000,False,-7.0,86.0,1,right,B. Adebayo 8' pullup Jump Shot (19 PTS),[1628389],1610612748.0,MIA,pullup,,,Adebayo,B. Adebayo,,,,,In The Paint (Non-RA),8-16 Center,,,,,,Made,19.0,,,,8.66,,,,,,,,,
360,PT09M31.00S,2026-03-20T01:23:50.7Z,3,REGULAR,3pt,Jump Shot,[],1629029,25.312089356110377,83.82352941176471,1610612747,69,69,2026-03-20T01:23:57Z,3490000,False,-169.0,185.0,1,left,L. Dončić 25' 3PT step back (27 PTS),[1629029],1610612747.0,LAL,step back,,,Dončić,L. Dončić,,,,,Above the Break 3,24+ Left Center,,,,,,Made,27.0,,,,25.09,,,,,,,,,
361,PT09M21.00S,2026-03-20T01:24:01.0Z,3,REGULAR,2pt,Layup,['pointsinthepaint'],1630558,93.24901445466492,45.588235294117645,1610612748,71,69,2026-03-20T01:24:06Z,3500000,False,-22.0,11.0,1,right,D. Mitchell driving finger roll Layup (11 PTS),[1630558],1610612748.0,MIA,driving finger roll,,,Mitchell,D. Mitchell,,,,,Restricted Area,0-8 Center,,,,,,Made,11.0,,,,2.47,,,,,,,,,
362,PT09M05.00S,2026-03-20T01:24:16.0Z,3,REGULAR,3pt,Jump Shot,[],1629029,34.510512483574246,44.85294117647059,1610612747,71,72,2026-03-20T01:30:10Z,3510000,False,26.0,272.0,1,left,L. Dončić 27' 3PT pullup (30 PTS),[1629029],1610612747.0,LAL,pullup,,,Dončić,L. Dončić,,,,,Above the Break 3,24+ Center,,,,,,Made,30.0,,,,27.31,,,,,,,,,
363,PT08M56.00S,2026-03-20T01:24:25.3Z,3,REGULAR,turnover,bad pass,[],1630558,,,1610612748,71,72,2026-03-20T01:24:29Z,3520000,False,,,0,,D. Mitchell bad pass TURNOVER (1 TO),"[1630558, 1629029]",1610612748.0,MIA,,,,Mitchell,D. Mitchell,,,,,Mid-Range,16-24 Left Center,,,,,,,,1.0,Dončić,1629029.0,,,,,,,,,,
364,PT08M56.00S,2026-03-20T01:24:25.3Z,3,REGULAR,steal,,[],1629029,,,1610612747,71,72,2026-03-20T01:24:27Z,3530000,False,,,0,,L. Dončić STEAL (3 STL),[1629029],1610612747.0,LAL,,,,Dončić,L. Dončić,,,,,Mid-Range,16-24 Left Center,,,,,,,,,,,,,,,,,,,,
365,PT08M50.00S,2026-03-20T01:24:32.6Z,3,REGULAR,3pt,Jump Shot,"['fastbreak', 'fromturnover']",1629029,7.178055190538765,94.36274509803921,1610612747,71,72,2026-03-20T01:31:01Z,3540000,False,-222.0,15.0,1,left,MISS L. Dončić running pullup 3PT,[1629029],1610612747.0,LAL,running pullup,,,Dončić,L. Dončić,,,,,Left Corner 3,24+ Left,,,,,,Missed,,,,,22.23,,,,,,,,,
366,PT08M46.00S,2026-03-20T01:24:36.6Z,3,REGULAR,rebound,offensive,[],2544,,,1610612747,71,72,2026-03-20T01:24:57Z,3550000,False,,,0,,L. James REBOUND (Off:2 Def:1),[2544],1610612747.0,LAL,,,,James,L. James,,,,,Left Corner 3,24+ Left,,,,,,,,,,,,,,,365.0,3.0,1.0,2.0,,
367,PT08M44.00S,2026-03-20T01:24:37.2Z,3,REGULAR,3pt,Jump Shot,"['fromturnover', '2ndchance']",1630559,28.07161629434954,80.14705882352942,1610612747,71,72,2026-03-20T01:24:43Z,3560000,False,-151.0,211.0,1,left,MISS A. Reaves 25' pullup 3PT,[1630559],1610612747.0,LAL,pullup,,,Reaves,A. Reaves,,,,,Above the Break 3,24+ Left Center,,,,,,Missed,,,,,25.96,,,,,,,,,
368,PT08M44.00S,2026-03-20T01:24:37.2Z,3,REGULAR,rebound,defensive,[],1629639,,,1610612748,71,72,2026-03-20T01:24:43Z,3570000,False,,,0,,T. Herro REBOUND (Off:0 Def:8),[1629639],1610612748.0,MIA,,,,Herro,T. Herro,,,,,Above the Break 3,24+ Left Center,,,,,,,,,,,,,,,367.0,8.0,8.0,0.0,,
369,PT08M39.00S,2026-03-20T01:24:45.7Z,3,REGULAR,foul,personal,['2freethrow'],1630559,,,1610612748,71,72,2026-03-20T01:25:17Z,3580000,False,,,0,,A. Reaves shooting personal FOUL (1 PF) (Larsson 2 FT),"[1630559, 1641796]",1610612747.0,LAL,shooting,,,Reaves,A. Reaves,,,,,In The Paint (Non-RA),0-8 Center,200834.0,1.0,0.0,Larsson,1641796.0,,,,,,,,,,,,,,,
371,PT08M39.00S,2026-03-20T01:25:23.4Z,3,REGULAR,freethrow,1 of 2,['fastbreak'],1641796,,,1610612748,72,72,2026-03-20T01:33:06Z,3600000,False,,,0,,P. Larsson Free Throw 1 of 2 (9 PTS),[1641796],1610612748.0,MIA,,,,Larsson,P. Larsson,,,,,,,,,,,,Made,9.0,,,,,,,,,,,,,
372,PT08M39.00S,2026-03-20T01:25:23.4Z,3,REGULAR,freethrow,2 of 2,['fastbreak'],1641796,,,1610612748,73,72,2026-03-20T01:33:06Z,3610000,False,,,0,,P. Larsson Free Throw 2 of 2 (10 PTS),[1641796],1610612748.0,MIA,,,,Larsson,P. Larsson,,,,,,,,,,,,Made,10.0,,,,,,,,,,,,,
374,PT08M23.00S,2026-03-20T01:25:57.8Z,3,REGULAR,3pt,Jump Shot,[],203935,8.229303547963205,3.1862745098039214,1610612747,73,75,2026-03-20T01:26:15Z,3620000,False,234.0,25.0,1,left,M. Smart 3PT  (6 PTS) (L. James 5 AST),"[203935, 2544]",1610612747.0,LAL,,,,Smart,M. Smart,,,,,Right Corner 3,24+ Right,,,,,,Made,6.0,,,,23.54,L. James,2544.0,5.0,,,,,,
376,PT08M06.00S,2026-03-20T01:26:14.0Z,3,REGULAR,3pt,Jump Shot,[],1628389,94.30026281208936,1.715686274509804,1610612748,76,75,2026-03-20T01:26:18Z,3640000,False,-241.0,1.0,1,right,B. Adebayo 24' 3PT  (22 PTS) (D. Mitchell 4 AST),"[1628389, 1630558]",1610612748.0,MIA,,,,Adebayo,B. Adebayo,,,,,Left Corner 3,24+ Left,,,,,,Made,22.0,,,,24.14,D. Mitchell,1630558.0,4.0,,,,,,
378,PT07M48.00S,2026-03-20T01:26:33.1Z,3,REGULAR,2pt,Layup,['pointsinthepaint'],1629029,5.995400788436268,52.69607843137255,1610612747,76,77,2026-03-20T01:26:37Z,3660000,False,-13.0,4.0,1,left,L. Dončić driving finger roll Layup (32 PTS),[1629029],1610612747.0,LAL,driving finger roll,,,Dončić,L. Dončić,,,,,Restricted Area,0-8 Center,,,,,,Made,32.0,,,,1.41,,,,,,,,,
379,PT07M33.00S,2026-03-20T01:26:48.1Z,3,REGULAR,3pt,Jump Shot,[],1628389,81.15965834428384,96.07843137254902,1610612748,76,77,2026-03-20T01:27:59Z,3670000,False,230.0,125.0,1,right,MISS B. Adebayo 26' 3PT,[1628389],1610612748.0,MIA,,,,Adebayo,B. Adebayo,,,,,Above the Break 3,24+ Right Center,,,,,,Missed,,,,,26.19,,,,,,,,,
380,PT07M26.00S,2026-03-20T01:26:55.1Z,3,REGULAR,rebound,offensive,[],1631323,,,1610612748,76,77,2026-03-20T01:27:59Z,3680000,False,,,0,,S. Fontecchio REBOUND (Off:2 Def:1),[1631323],1610612748.0,MIA,,,,Fontecchio,S. Fontecchio,,,,,Above the Break 3,24+ Right Center,,,,,,,,,,,,,,,379.0,3.0,1.0,2.0,,
381,PT07M24.00S,2026-03-20T01:26:56.4Z,3,REGULAR,2pt,Layup,['2ndchance'],1631323,82.07950065703022,73.77450980392157,1610612748,76,77,2026-03-20T01:27:12Z,3690000,False,119.0,116.0,1,right,MISS S. Fontecchio 16' putback Layup,[1631323],1610612748.0,MIA,putback,,,Fontecchio,S. Fontecchio,,,,,Mid-Range,16-24 Right Center,,,,,,Missed,,,,,16.61,,,,,,,,,
382,PT07M20.00S,2026-03-20T01:27:00.4Z,3,REGULAR,rebound,defensive,[],2544,,,1610612747,76,77,2026-03-20T01:33:18Z,3700000,False,,,0,,L. James REBOUND (Off:2 Def:2),[2544],1610612747.0,LAL,,,,James,L. James,,,,,Mid-Range,16-24 Right Center,,,,,,,,,,,,,,,381.0,4.0,2.0,2.0,,
383,PT07M18.00S,2026-03-20T01:27:03.7Z,3,REGULAR,2pt,Layup,['pointsinthepaint'],1629028,6.652431011826544,51.71568627450981,1610612747,76,77,2026-03-20T01:36:00Z,3710000,False,-9.0,10.0,1,left,MISS D. Ayton alley-oop Layup,[1629028],1610612747.0,LAL,alley-oop,,,Ayton,D. Ayton,,,,,Restricted Area,0-8 Center,,,,,,Missed,,,,,1.32,,,,,,,,,
384,PT07M15.00S,2026-03-20T01:27:06.7Z,3,REGULAR,rebound,defensive,[],1628389,,,1610612748,76,77,2026-03-20T01:27:16Z,3720000,False,,,0,,B. Adebayo REBOUND (Off:1 Def:4),[1628389],1610612748.0,MIA,,,,Adebayo,B. Adebayo,,,,,Restricted Area,0-8 Center,,,,,,,,,,,,,,,383.0,5.0,4.0,1.0,,
385,PT07M11.00S,2026-03-20T01:27:10.1Z,3,REGULAR,2pt,Jump Shot,['fastbreak'],1641796,83.39356110381078,32.84313725490196,1610612748,76,77,2026-03-20T01:37:13Z,3730000,False,-86.0,104.0,1,right,MISS P. Larsson 13' running Shot,[1641796],1610612748.0,MIA,running,,,Larsson,P. Larsson,,,,,Mid-Range,8-16 Left,,,,,,Missed,,,,,13.45,,,,,,,,,
386,PT07M08.00S,2026-03-20T01:27:13.1Z,3,REGULAR,rebound,defensive,[],2544,,,1610612747,76,77,2026-03-20T01:33:27Z,3740000,False,,,0,,L. James REBOUND (Off:2 Def:3),[2544],1610612747.0,LAL,,,,James,L. James,,,,,Mid-Range,8-16 Left,,,,,,,,,,,,,,,385.0,5.0,3.0,2.0,,
387,PT07M04.00S,2026-03-20T01:27:17.2Z,3,REGULAR,2pt,Layup,['pointsinthepaint'],2544,6.258212877792378,52.20588235294118,1610612747,76,79,2026-03-20T01:27:23Z,3750000,False,-11.0,6.0,1,left,L. James Layup (15 PTS) (A. Reaves 4 AST),"[2544, 1630559]",1610612747.0,LAL,,,,James,L. James,,,,,Restricted Area,0-8 Center,,,,,,Made,15.0,,,,1.27,A. Reaves,1630559.0,4.0,,,,,,
389,PT06M52.00S,2026-03-20T01:27:37.7Z,3,REGULAR,foul,personal,['2freethrow'],1629028,,,1610612748,76,79,2026-03-20T01:28:04Z,3770000,False,,,0,,D. Ayton shooting personal FOUL (2 PF) (Adebayo 2 FT),"[1629028, 1628389]",1610612747.0,LAL,shooting,,,Ayton,D. Ayton,,,,,Mid-Range,16-24 Right,2002.0,2.0,0.0,Adebayo,1628389.0,,,,,,,,,,,,,,,
391,PT06M52.00S,2026-03-20T01:27:52.2Z,3,REGULAR,timeout,full,"['team', 'mandatory']",0,,,1610612748,76,79,2026-03-20T01:27:52Z,3790000,False,,,0,,MIA Timeout,[],1610612748.0,MIA,,,,,,,,,,,,,,,,,,,,,,,,,,,,,,,
393,PT06M52.00S,2026-03-20T01:30:57.1Z,3,REGULAR,freethrow,1 of 2,[],1628389,,,1610612748,76,79,2026-03-20T01:30:57Z,3800000,False,,,0,,MISS B. Adebayo Free Throw 1 of 2,[1628389],1610612748.0,MIA,,,,Adebayo,B. Adebayo,,,,,,,,,,,,Missed,,,,,,,,,,,,,,
394,PT06M52.00S,2026-03-20T01:30:57.1Z,3,REGULAR,rebound,offensive,"['deadball', 'team']",0,,,1610612748,76,79,2026-03-20T01:30:57Z,3810000,False,,,0,,TEAM offensive REBOUND,[],1610612748.0,MIA,,,,,,,,,,,,,,,,,,,,,,,,,,393.0,,,,,
395,PT06M52.00S,2026-03-20T01:31:13.7Z,3,REGULAR,freethrow,2 of 2,[],1628389,,,1610612748,77,79,2026-03-20T01:31:13Z,3820000,False,,,0,,B. Adebayo Free Throw 2 of 2 (23 PTS),[1628389],1610612748.0,MIA,,,,Adebayo,B. Adebayo,,,,,,,,,,,,Made,23.0,,,,,,,,,,,,,
396,PT06M29.00S,2026-03-20T01:31:36.9Z,3,REGULAR,3pt,Jump Shot,[],1630559,4.5499342969776615,96.56862745098039,1610612747,77,82,2026-03-20T01:31:43Z,3830000,False,-233.0,-10.0,1,left,A. Reaves 3PT  (9 PTS) (L. James 6 AST),"[1630559, 2544]",1610612747.0,LAL,,,,Reaves,A. Reaves,,,,,Left Corner 3,24+ Left,,,,,,Made,9.0,,,,23.3,L. James,2544.0,6.0,,,,,,
398,PT06M15.00S,2026-03-20T01:31:52.1Z,3,REGULAR,turnover,bad pass,[],1641796,,,1610612748,77,82,2026-03-20T01:31:58Z,3850000,False,,,0,,P. Larsson bad pass TURNOVER (1 TO),"[1641796, 203935]",1610612748.0,MIA,,,,Larsson,P. Larsson,,,,,In The Paint (Non-RA),8-16 Center,,,,,,,,1.0,Smart,203935.0,,,,,,,,,,
399,PT06M15.00S,2026-03-20T01:31:52.1Z,3,REGULAR,steal,,[],203935,,,1610612747,77,82,2026-03-20T01:31:54Z,3860000,False,,,0,,M. Smart STEAL (1 STL),[203935],1610612747.0,LAL,,,,Smart,M. Smart,,,,,In The Paint (Non-RA),8-16 Center,,,,,,,,,,,,,,,,,,,,
400,PT06M08.00S,2026-03-20T01:31:58.6Z,3,REGULAR,2pt,Layup,"['pointsinthepaint', 'fromturnover', 'fastbreak']",1629028,5.995400788436268,47.05882352941176,1610612747,77,84,2026-03-20T01:32:07Z,3870000,False,15.0,4.0,1,left,D. Ayton running Layup (6 PTS) (L. James 7 AST),"[1629028, 2544]",1610612747.0,LAL,running,,,Ayton,D. Ayton,,,,,Restricted Area,0-8 Center,,,,,,Made,6.0,,,,1.52,L. James,2544.0,7.0,,,,,,
402,PT06M08.00S,2026-03-20T01:32:21.7Z,3,REGULAR,violation,delay-of-game,['team'],0,,,1610612748,77,84,2026-03-20T01:32:38Z,3890000,False,,,0,,TEAM delay-of-game VIOLATION,[],1610612747.0,LAL,,,,,,,,,,,,2004.0,,,,,,,,,,,,,,,,,,,
403,PT05M52.00S,2026-03-20T01:32:27.5Z,3,REGULAR,3pt,Jump Shot,[],1630558,64.99671484888306,40.68627450980392,1610612748,77,84,2026-03-20T01:32:41Z,3900000,False,-47.0,277.0,1,right,MISS D. Mitchell 28' 3PT,[1630558],1610612748.0,MIA,,,,Mitchell,D. Mitchell,,,,,Above the Break 3,24+ Center,,,,,,Missed,,,,,28.04,,,,,,,,,
404,PT05M50.00S,2026-03-20T01:32:29.5Z,3,REGULAR,rebound,defensive,[],1629028,,,1610612747,77,84,2026-03-20T01:32:29Z,3910000,False,,,0,,D. Ayton REBOUND (Off:1 Def:3),[1629028],1610612747.0,LAL,,,,Ayton,D. Ayton,,,,,Above the Break 3,24+ Center,,,,,,,,,,,,,,,403.0,4.0,3.0,1.0,,
405,PT05M36.00S,2026-03-20T01:32:44.2Z,3,REGULAR,foul,personal,['3freethrow'],1631323,,,1610612747,77,84,2026-03-20T01:33:01Z,3920000,False,,,0,,S. Fontecchio shooting personal FOUL (2 PF) (Smart 3 FT),"[1631323, 203935]",1610612748.0,MIA,shooting,,,Fontecchio,S. Fontecchio,,,,,Left Corner 3,24+ Left,2004.0,2.0,0.0,Smart,203935.0,,,,,,,,,,,,,,,
407,PT05M36.00S,2026-03-20T01:33:20.8Z,3,REGULAR,freethrow,1 of 3,[],203935,,,1610612747,77,85,2026-03-20T01:33:20Z,3940000,False,,,0,,M. Smart Free Throw 1 of 3 (7 PTS),[203935],1610612747.0,LAL,,,,Smart,M. Smart,,,,,,,,,,,,Made,7.0,,,,,,,,,,,,,
408,PT05M36.00S,2026-03-20T01:33:39.0Z,3,REGULAR,freethrow,2 of 3,[],203935,,,1610612747,77,86,2026-03-20T01:33:39Z,3950000,False,,,0,,M. Smart Free Throw 2 of 3 (8 PTS),[203935],1610612747.0,LAL,,,,Smart,M. Smart,,,,,,,,,,,,Made,8.0,,,,,,,,,,,,,
409,PT05M36.00S,2026-03-20T01:33:41.4Z,3,REGULAR,substitution,out,[],1631323,,,1610612747,77,86,2026-03-20T01:33:46Z,3960000,False,,,0,,SUB out: S. Fontecchio,[1631323],1610612748.0,MIA,,,,Fontecchio,S. Fontecchio,,,,,,,,,,,,,,,,,,,,,,,,,,
410,PT05M36.00S,2026-03-20T01:33:41.4Z,3,REGULAR,substitution,in,[],1626181,,,1610612747,77,86,2026-03-20T01:33:46Z,3970000,False,,,0,,SUB in: N. Powell,[1626181],1610612748.0,MIA,,,,Powell,N. Powell,,,,,,,,,,,,,,,,,,,,,,,,,,
411,PT05M36.00S,2026-03-20T01:34:05.4Z,3,REGULAR,freethrow,3 of 3,[],203935,,,1610612747,77,87,2026-03-20T01:34:05Z,3980000,False,,,0,,M. Smart Free Throw 3 of 3 (9 PTS),[203935],1610612747.0,LAL,,,,Smart,M. Smart,,,,,,,,,,,,Made,9.0,,,,,,,,,,,,,
412,PT05M22.00S,2026-03-20T01:34:19.0Z,3,REGULAR,3pt,Jump Shot,[],1626181,83.26215505913272,95.83333333333334,1610612748,77,87,2026-03-20T01:34:25Z,3990000,False,229.0,105.0,1,right,MISS N. Powell 25' 3PT,[1626181],1610612748.0,MIA,,,,Powell,N. Powell,,,,,Above the Break 3,24+ Right Center,,,,,,Missed,,,,,25.2,,,,,,,,,
413,PT05M18.00S,2026-03-20T01:34:23.0Z,3,REGULAR,rebound,defensive,[],2544,,,1610612747,77,87,2026-03-20T01:34:25Z,4000000,False,,,0,,L. James REBOUND (Off:2 Def:4),[2544],1610612747.0,LAL,,,,James,L. James,,,,,Above the Break 3,24+ Right Center,,,,,,,,,,,,,,,412.0,6.0,4.0,2.0,,
414,PT05M09.00S,2026-03-20T01:34:36.0Z,3,REGULAR,foul,personal,['3freethrow'],1626181,,,1610612747,77,87,2026-03-20T01:34:47Z,4010000,False,,,0,,N. Powell shooting personal FOUL (2 PF) (Dončić 3 FT),"[1626181, 1629029]",1610612748.0,MIA,shooting,,,Powell,N. Powell,,,,,Above the Break 3,24+ Left Center,2004.0,2.0,0.0,Dončić,1629029.0,,,,,,,,,,,,,,,
416,PT05M09.00S,2026-03-20T01:35:13.3Z,3,REGULAR,freethrow,1 of 3,[],1629029,,,1610612747,77,88,2026-03-20T01:35:13Z,4030000,False,,,0,,L. Dončić Free Throw 1 of 3 (33 PTS),[1629029],1610612747.0,LAL,,,,Dončić,L. Dončić,,,,,,,,,,,,Made,33.0,,,,,,,,,,,,,
417,PT05M09.00S,2026-03-20T01:35:29.4Z,3,REGULAR,freethrow,2 of 3,[],1629029,,,1610612747,77,89,2026-03-20T01:35:29Z,4040000,False,,,0,,L. Dončić Free Throw 2 of 3 (34 PTS),[1629029],1610612747.0,LAL,,,,Dončić,L. Dončić,,,,,,,,,,,,Made,34.0,,,,,,,,,,,,,
418,PT05M09.00S,2026-03-20T01:35:51.4Z,3,REGULAR,freethrow,3 of 3,[],1629029,,,1610612747,77,90,2026-03-20T01:35:51Z,4050000,False,,,0,,L. Dončić Free Throw 3 of 3 (35 PTS),[1629029],1610612747.0,LAL,,,,Dončić,L. Dončić,,,,,,,,,,,,Made,35.0,,,,,,,,,,,,,
419,PT04M57.00S,2026-03-20T01:36:09.4Z,3,REGULAR,foul,offensive,[],1641796,,,1610612748,77,90,2026-03-20T01:36:18Z,4060000,False,,,0,,P. Larsson offensive FOUL (2 PF),"[1641796, 1629029]",1610612748.0,MIA,,,,Larsson,P. Larsson,,,,,Mid-Range,16-24 Right Center,2002.0,2.0,0.0,Dončić,1629029.0,,,,,,,,,,,,,,,
421,PT04M57.00S,2026-03-20T01:36:09.4Z,3,REGULAR,turnover,offensive foul,[],1641796,,,1610612748,77,90,2026-03-20T01:36:09Z,4080000,False,,,0,,P. Larsson offensive foul TURNOVER (2 TO),[1641796],1610612748.0,MIA,,,,Larsson,P. Larsson,,,,,Mid-Range,16-24 Right Center,2002.0,,,,,,,2.0,,,,,,,,,,,,
422,PT04M57.00S,2026-03-20T01:36:18.5Z,3,REGULAR,substitution,out,[],1628389,,,1610612747,77,90,2026-03-20T01:36:22Z,4090000,False,,,0,,SUB out: B. Adebayo,[1628389],1610612748.0,MIA,,,,Adebayo,B. Adebayo,,,,,,,,,,,,,,,,,,,,,,,,,,
423,PT04M57.00S,2026-03-20T01:36:18.5Z,3,REGULAR,substitution,in,[],1642276,,,1610612747,77,90,2026-03-20T01:36:22Z,4100000,False,,,0,,SUB in: K. Ware,[1642276],1610612748.0,MIA,,,,Ware,K. Ware,,,,,,,,,,,,,,,,,,,,,,,,,,
424,PT04M44.00S,2026-03-20T01:36:39.5Z,3,REGULAR,3pt,Jump Shot,['fromturnover'],1629029,8.754927726675426,95.83333333333334,1610612747,77,90,2026-03-20T01:36:44Z,4110000,False,-229.0,30.0,1,left,MISS L. Dončić fadeaway 3PT,[1629029],1610612747.0,LAL,fadeaway,,,Dončić,L. Dončić,,,,,Left Corner 3,24+ Left,,,,,,Missed,,,,,23.11,,,,,,,,,
425,PT04M42.00S,2026-03-20T01:36:41.5Z,3,REGULAR,rebound,defensive,[],1642276,,,1610612748,77,90,2026-03-20T01:36:44Z,4120000,False,,,0,,K. Ware REBOUND (Off:2 Def:3),[1642276],1610612748.0,MIA,,,,Ware,K. Ware,,,,,Left Corner 3,24+ Left,,,,,,,,,,,,,,,424.0,5.0,3.0,2.0,,
426,PT04M28.00S,2026-03-20T01:36:56.3Z,3,REGULAR,3pt,Jump Shot,[],1626181,76.95466491458606,7.8431372549019605,1610612748,77,90,2026-03-20T01:37:01Z,4130000,False,-211.0,164.0,1,right,MISS N. Powell 26' 3PT,[1626181],1610612748.0,MIA,,,,Powell,N. Powell,,,,,Above the Break 3,24+ Left Center,,,,,,Missed,,,,,26.71,,,,,,,,,
427,PT04M24.00S,2026-03-20T01:37:00.3Z,3,REGULAR,rebound,defensive,[],2544,,,1610612747,77,90,2026-03-20T01:37:01Z,4140000,False,,,0,,L. James REBOUND (Off:2 Def:5),[2544],1610612747.0,LAL,,,,James,L. James,,,,,Above the Break 3,24+ Left Center,,,,,,,,,,,,,,,426.0,7.0,5.0,2.0,,
428,PT04M09.00S,2026-03-20T01:37:23.6Z,3,REGULAR,foul,offensive,[],2544,,,1610612747,77,90,2026-03-20T01:37:51Z,4150000,False,,,0,,L. James offensive FOUL (2 PF),"[2544, 1641796]",1610612747.0,LAL,,,,James,L. James,,,,,In The Paint (Non-RA),0-8 Center,2002.0,2.0,0.0,Larsson,1641796.0,,,,,,,,,,,,,,,
430,PT04M09.00S,2026-03-20T01:37:23.6Z,3,REGULAR,turnover,offensive foul,[],2544,,,1610612747,77,90,2026-03-20T01:37:23Z,4170000,False,,,0,,L. James offensive foul TURNOVER (3 TO),[2544],1610612747.0,LAL,,,,James,L. James,,,,,In The Paint (Non-RA),0-8 Center,2002.0,,,,,,,3.0,,,,,,,,,,,,
431,PT04M09.00S,2026-03-20T01:37:31.9Z,3,REGULAR,substitution,out,[],1629028,,,1610612748,77,90,2026-03-20T01:37:40Z,4180000,False,,,0,,SUB out: D. Ayton,[1629028],1610612747.0,LAL,,,,Ayton,D. Ayton,,,,,,,,,,,,,,,,,,,,,,,,,,
432,PT04M09.00S,2026-03-20T01:37:31.9Z,3,REGULAR,substitution,out,[],203935,,,1610612748,77,90,2026-03-20T01:37:40Z,4190000,False,,,0,,SUB out: M. Smart,[203935],1610612747.0,LAL,,,,Smart,M. Smart,,,,,,,,,,,,,,,,,,,,,,,,,,
433,PT04M09.00S,2026-03-20T01:37:31.9Z,3,REGULAR,substitution,in,[],1629060,,,1610612748,77,90,2026-03-20T01:37:40Z,4200000,False,,,0,,SUB in: R. Hachimura,[1629060],1610612747.0,LAL,,,,Hachimura,R. Hachimura,,,,,,,,,,,,,,,,,,,,,,,,,,
434,PT04M09.00S,2026-03-20T01:37:31.9Z,3,REGULAR,substitution,in,[],1629637,,,1610612748,77,90,2026-03-20T01:37:40Z,4210000,False,,,0,,SUB in: J. Hayes,[1629637],1610612747.0,LAL,,,,Hayes,J. Hayes,,,,,,,,,,,,,,,,,,,,,,,,,,
435,PT03M56.00S,2026-03-20T01:37:52.5Z,3,REGULAR,3pt,Jump Shot,['fromturnover'],1642276,93.38042049934296,3.1862745098039214,1610612748,77,90,2026-03-20T01:37:58Z,4220000,False,-234.0,10.0,1,right,MISS K. Ware 3PT,[1642276],1610612748.0,MIA,,,,Ware,K. Ware,,,,,Left Corner 3,24+ Left,,,,,,Missed,,,,,23.43,,,,,,,,,
436,PT03M53.00S,2026-03-20T01:37:55.5Z,3,REGULAR,rebound,defensive,[],1629029,,,1610612747,77,90,2026-03-20T01:37:58Z,4230000,False,,,0,,L. Dončić REBOUND (Off:0 Def:6),[1629029],1610612747.0,LAL,,,,Dončić,L. Dončić,,,,,Left Corner 3,24+ Left,,,,,,,,,,,,,,,435.0,6.0,6.0,0.0,,
437,PT03M43.00S,2026-03-20T01:38:05.4Z,3,REGULAR,turnover,bad pass,[],1629060,,,1610612747,77,90,2026-03-20T01:38:10Z,4240000,False,,,0,,R. Hachimura bad pass TURNOVER (1 TO),"[1629060, 1626181]",1610612747.0,LAL,,,,Hachimura,R. Hachimura,,,,,Mid-Range,8-16 Left,,,,,,,,1.0,Powell,1626181.0,,,,,,,,,,
438,PT03M43.00S,2026-03-20T01:38:05.4Z,3,REGULAR,steal,,[],1626181,,,1610612748,77,90,2026-03-20T01:38:08Z,4250000,False,,,0,,N. Powell STEAL (1 STL),[1626181],1610612748.0,MIA,,,,Powell,N. Powell,,,,,Mid-Range,8-16 Left,,,,,,,,,,,,,,,,,,,,
439,PT03M36.00S,2026-03-20T01:38:12.2Z,3,REGULAR,2pt,Layup,"['pointsinthepaint', 'fromturnover', 'fastbreak']",1626181,92.85479632063075,45.34313725490196,1610612748,79,90,2026-03-20T01:38:26Z,4260000,False,-23.0,15.0,1,right,N. Powell running Layup (8 PTS) (P. Larsson 3 AST),"[1626181, 1641796]",1610612748.0,MIA,running,,,Powell,N. Powell,,,,,Restricted Area,0-8 Center,,,,,,Made,8.0,,,,2.75,P. Larsson,1641796.0,3.0,,,,,,
441,PT03M21.00S,2026-03-20T01:38:27.2Z,3,REGULAR,2pt,DUNK,['pointsinthepaint'],1629637,9.017739816031538,45.34313725490196,1610612747,79,92,2026-03-20T01:38:32Z,4280000,False,23.0,32.0,1,left,J. Hayes alley-oop DUNK (6 PTS) (L. James 8 AST),"[1629637, 2544]",1610612747.0,LAL,alley-oop,,,Hayes,J. Hayes,,,,,Restricted Area,0-8 Center,,,,,,Made,6.0,,,,3.98,L. James,2544.0,8.0,,,,,,
443,PT03M06.00S,2026-03-20T01:38:41.5Z,3,REGULAR,3pt,Jump Shot,[],1629639,65.78515111695138,46.32352941176471,1610612748,82,92,2026-03-20T01:38:47Z,4300000,False,-18.0,269.0,1,right,T. Herro 26' 3PT step back (10 PTS) (N. Powell 2 AST),"[1629639, 1626181]",1610612748.0,MIA,step back,,,Herro,T. Herro,,,,,Above the Break 3,24+ Center,,,,,,Made,10.0,,,,26.97,N. Powell,1626181.0,2.0,,,,,,
445,PT02M42.00S,2026-03-20T01:39:05.9Z,3,REGULAR,2pt,Jump Shot,[],1629029,20.18725361366623,29.166666666666668,1610612747,82,92,2026-03-20T01:39:14Z,4320000,False,104.0,137.0,1,left,MISS L. Dončić 17' fadeaway Shot,[1629029],1610612747.0,LAL,fadeaway,,,Dončić,L. Dončić,,,,,Mid-Range,16-24 Right Center,,,,,,Missed,,,,,17.24,,,,,,,,,
446,PT02M40.00S,2026-03-20T01:39:07.9Z,3,REGULAR,rebound,defensive,[],1642276,,,1610612748,82,92,2026-03-20T01:39:14Z,4330000,False,,,0,,K. Ware REBOUND (Off:2 Def:4),[1642276],1610612748.0,MIA,,,,Ware,K. Ware,,,,,Mid-Range,16-24 Right Center,,,,,,,,,,,,,,,445.0,6.0,4.0,2.0,,
447,PT02M31.00S,2026-03-20T01:39:17.3Z,3,REGULAR,3pt,Jump Shot,[],1641796,72.88107752956637,12.5,1610612748,82,92,2026-03-20T01:39:23Z,4340000,False,-188.0,202.0,1,right,MISS P. Larsson 27' 3PT,[1641796],1610612748.0,MIA,,,,Larsson,P. Larsson,,,,,Above the Break 3,24+ Left Center,,,,,,Missed,,,,,27.59,,,,,,,,,
448,PT02M28.00S,2026-03-20T01:39:20.3Z,3,REGULAR,rebound,defensive,[],1630559,,,1610612747,82,92,2026-03-20T01:39:23Z,4350000,False,,,0,,A. Reaves REBOUND (Off:1 Def:2),[1630559],1610612747.0,LAL,,,,Reaves,A. Reaves,,,,,Above the Break 3,24+ Left Center,,,,,,,,,,,,,,,447.0,3.0,2.0,1.0,,
449,PT02M24.00S,2026-03-20T01:39:30.8Z,3,REGULAR,timeout,full,"['team', 'mandatory']",0,,,1610612747,82,92,2026-03-20T01:39:30Z,4360000,False,,,0,,LAL Timeout,[],1610612747.0,LAL,,,,,,,,,,,,,,,,,,,,,,,,,,,,,,,
450,PT02M24.00S,2026-03-20T01:39:43.7Z,3,REGULAR,substitution,out,[],1629639,,,1610612747,82,92,2026-03-20T01:42:28Z,4370000,False,,,0,,SUB out: T. Herro,[1629639],1610612748.0,MIA,,,,Herro,T. Herro,,,,,,,,,,,,,,,,,,,,,,,,,,
451,PT02M24.00S,2026-03-20T01:39:43.7Z,3,REGULAR,substitution,out,[],1630558,,,1610612747,82,92,2026-03-20T01:42:28Z,4380000,False,,,0,,SUB out: D. Mitchell,[1630558],1610612748.0,MIA,,,,Mitchell,D. Mitchell,,,,,,,,,,,,,,,,,,,,,,,,,,
452,PT02M24.00S,2026-03-20T01:39:43.7Z,3,REGULAR,substitution,out,[],1630559,,,1610612747,82,92,2026-03-20T01:42:28Z,4390000,False,,,0,,SUB out: A. Reaves,[1630559],1610612747.0,LAL,,,,Reaves,A. Reaves,,,,,,,,,,,,,,,,,,,,,,,,,,
453,PT02M24.00S,2026-03-20T01:39:43.7Z,3,REGULAR,substitution,out,[],2544,,,1610612747,82,92,2026-03-20T01:42:28Z,4400000,False,,,0,,SUB out: L. James,[2544],1610612747.0,LAL,,,,James,L. James,,,,,,,,,,,,,,,,,,,,,,,,,,
454,PT02M24.00S,2026-03-20T01:39:43.7Z,3,REGULAR,substitution,in,[],1630696,,,1610612747,82,92,2026-03-20T01:42:28Z,4410000,False,,,0,,SUB in: D. Smith,[1630696],1610612748.0,MIA,,,,Smith,D. Smith,,,,,,,,,,,,,,,,,,,,,,,,,,
455,PT02M24.00S,2026-03-20T01:39:43.7Z,3,REGULAR,substitution,in,[],1642857,,,1610612747,82,92,2026-03-20T01:42:28Z,4420000,False,,,0,,SUB in: K. Jakučionis,[1642857],1610612748.0,MIA,,,,Jakučionis,K. Jakučionis,,,,,,,,,,,,,,,,,,,,,,,,,,
456,PT02M24.00S,2026-03-20T01:39:43.7Z,3,REGULAR,substitution,in,[],1628379,,,1610612747,82,92,2026-03-20T01:42:28Z,4430000,False,,,0,,SUB in: L. Kennard,[1628379],1610612747.0,LAL,,,,Kennard,L. Kennard,,,,,,,,,,,,,,,,,,,,,,,,,,
457,PT02M24.00S,2026-03-20T01:39:43.7Z,3,REGULAR,substitution,in,[],1631222,,,1610612747,82,92,2026-03-20T01:42:28Z,4440000,False,,,0,,SUB in: J. LaRavia,[1631222],1610612747.0,LAL,,,,LaRavia,J. LaRavia,,,,,,,,,,,,,,,,,,,,,,,,,,
458,PT02M15.00S,2026-03-20T01:42:45.2Z,3,REGULAR,2pt,Jump Shot,['pointsinthepaint'],1629029,12.434296977660972,41.17647058823529,1610612747,82,94,2026-03-20T01:43:23Z,4450000,False,44.0,64.0,1,left,L. Dončić 7' driving floating Jump Shot (37 PTS),[1629029],1610612747.0,LAL,driving floating,,,Dončić,L. Dončić,,,,,In The Paint (Non-RA),0-8 Center,,,,,,Made,37.0,,,,7.81,,,,,,,,,
459,PT01M59.00S,2026-03-20T01:43:00.0Z,3,REGULAR,2pt,Layup,['pointsinthepaint'],1642276,93.64323258869908,46.32352941176471,1610612748,84,94,2026-03-20T01:43:18Z,4460000,False,-18.0,7.0,1,right,K. Ware reverse Layup (10 PTS) (P. Larsson 4 AST),"[1642276, 1641796]",1610612748.0,MIA,reverse,,,Ware,K. Ware,,,,,Restricted Area,0-8 Center,,,,,,Made,10.0,,,,1.98,P. Larsson,1641796.0,4.0,,,,,,
461,PT01M37.00S,2026-03-20T01:43:26.3Z,3,REGULAR,violation,kicked ball,[],1630696,,,1610612747,84,94,2026-03-20T01:43:36Z,4480000,False,,,0,,D. Smith kicked ball VIOLATION,[1630696],1610612748.0,MIA,,,,Smith,D. Smith,,,,,,,2004.0,,,,,,,,,,,,,,,,,,,
462,PT01M25.00S,2026-03-20T01:43:51.9Z,3,REGULAR,2pt,Jump Shot,['pointsinthepaint'],1629637,16.245072273324574,50.98039215686274,1610612747,84,94,2026-03-20T01:43:57Z,4490000,False,-5.0,100.0,1,left,MISS J. Hayes 10' floating Shot,[1629637],1610612747.0,LAL,floating,,,Hayes,J. Hayes,,,,,In The Paint (Non-RA),8-16 Center,,,,,,Missed,,,,,10.03,,,,,,,,,
463,PT01M23.00S,2026-03-20T01:43:53.9Z,3,REGULAR,rebound,defensive,[],1642276,,,1610612748,84,94,2026-03-20T01:43:57Z,4500000,False,,,0,,K. Ware REBOUND (Off:2 Def:5),[1642276],1610612748.0,MIA,,,,Ware,K. Ware,,,,,In The Paint (Non-RA),8-16 Center,,,,,,,,,,,,,,,462.0,7.0,5.0,2.0,,
464,PT01M08.00S,2026-03-20T01:44:08.8Z,3,REGULAR,turnover,lost ball,[],1641796,,,1610612748,84,94,2026-03-20T01:44:12Z,4510000,False,,,0,,P. Larsson lost ball TURNOVER (3 TO),"[1641796, 1629029]",1610612748.0,MIA,,,,Larsson,P. Larsson,,,,,Mid-Range,8-16 Left,,,,,,,,3.0,Dončić,1629029.0,,,,,,,,,,
465,PT01M08.00S,2026-03-20T01:44:08.8Z,3,REGULAR,steal,,[],1629029,,,1610612747,84,94,2026-03-20T01:44:10Z,4520000,False,,,0,,L. Dončić STEAL (4 STL),[1629029],1610612747.0,LAL,,,,Dončić,L. Dončić,,,,,Mid-Range,8-16 Left,,,,,,,,,,,,,,,,,,,,
466,PT01M03.00S,2026-03-20T01:44:19.0Z,3,REGULAR,violation,kicked ball,[],1642276,,,1610612747,84,94,2026-03-20T01:44:24Z,4530000,False,,,0,,K. Ware kicked ball VIOLATION,[1642276],1610612748.0,MIA,,,,Ware,K. Ware,,,,,,,2004.0,,,,,,,,,,,,,,,,,,,
467,PT00M59.50S,2026-03-20T01:44:32.4Z,3,REGULAR,3pt,Jump Shot,['fromturnover'],1629029,31.61957950065703,33.088235294117645,1610612747,84,97,2026-03-20T01:44:37Z,4540000,False,85.0,245.0,1,left,L. Dončić 25' 3PT  (40 PTS) (J. LaRavia 1 AST),"[1629029, 1631222]",1610612747.0,LAL,,,,Dončić,L. Dončić,,,,,Above the Break 3,24+ Right Center,,,,,,Made,40.0,,,,25.89,J. LaRavia,1631222.0,1.0,,,,,,
468,PT00M52.30S,2026-03-20T01:44:43.8Z,3,REGULAR,2pt,Layup,['pointsinthepaint'],1642857,93.24901445466492,53.92156862745098,1610612748,86,97,2026-03-20T01:44:49Z,4550000,False,20.0,11.0,1,right,K. Jakučionis cutting Layup (5 PTS) (D. Smith 4 AST),"[1642857, 1630696]",1610612748.0,MIA,cutting,,,Jakučionis,K. Jakučionis,,,,,Restricted Area,0-8 Center,,,,,,Made,5.0,,,,2.25,D. Smith,1630696.0,4.0,,,,,,
470,PT00M37.30S,2026-03-20T01:45:01.5Z,3,REGULAR,2pt,Layup,['pointsinthepaint'],1629060,6.521024967148489,51.9607843137255,1610612747,86,97,2026-03-20T01:45:08Z,4570000,False,-10.0,9.0,1,left,MISS R. Hachimura Layup,[1629060],1610612747.0,LAL,,,,Hachimura,R. Hachimura,,,,,Restricted Area,0-8 Center,,,,,,Missed,,,,,1.32,,,,,,,,,
471,PT00M35.00S,2026-03-20T01:45:03.8Z,3,REGULAR,rebound,defensive,[],1626181,,,1610612748,86,97,2026-03-20T01:54:14Z,4580000,False,,,0,,N. Powell REBOUND (Off:0 Def:1),[1626181],1610612748.0,MIA,,,,Powell,N. Powell,,,,,Restricted Area,0-8 Center,,,,,,,,,,,,,,,470.0,1.0,1.0,0.0,,
472,PT00M31.90S,2026-03-20T01:45:09.5Z,3,REGULAR,foul,personal,[],1631222,,,1610612748,86,97,2026-03-20T01:45:36Z,4590000,False,,,0,,J. LaRavia personal FOUL (3 PF),"[1631222, 1626181]",1610612747.0,LAL,,,,LaRavia,J. LaRavia,,,,,Mid-Range,16-24 Left,200834.0,3.0,0.0,Powell,1626181.0,,,,,,,,,,,,,,,
475,PT00M22.80S,2026-03-20T01:45:38.6Z,3,REGULAR,3pt,Jump Shot,[],1642857,80.89684625492772,4.411764705882353,1610612748,86,97,2026-03-20T01:45:44Z,4610000,False,-228.0,127.0,1,right,MISS K. Jakučionis 26' 3PT,[1642857],1610612748.0,MIA,,,,Jakučionis,K. Jakučionis,,,,,Above the Break 3,24+ Left Center,,,,,,Missed,,,,,26.09,,,,,,,,,
476,PT00M19.90S,2026-03-20T01:45:41.5Z,3,REGULAR,rebound,offensive,[],1642276,,,1610612748,86,97,2026-03-20T01:45:44Z,4620000,False,,,0,,K. Ware REBOUND (Off:3 Def:5),[1642276],1610612748.0,MIA,,,,Ware,K. Ware,,,,,Above the Break 3,24+ Left Center,,,,,,,,,,,,,,,475.0,8.0,5.0,3.0,,
477,PT00M19.90S,2026-03-20T01:45:43.9Z,3,REGULAR,2pt,Jump Shot,"['pointsinthepaint', '2ndchance']",1642276,89.96386333771353,47.30392156862745,1610612748,88,97,2026-03-20T01:45:47Z,4630000,False,-13.0,42.0,1,right,K. Ware floating Jump Shot (12 PTS),[1642276],1610612748.0,MIA,floating,,,Ware,K. Ware,,,,,Restricted Area,0-8 Center,,,,,,Made,12.0,,,,4.39,,,,,,,,,
478,PT00M03.60S,2026-03-20T01:46:00.9Z,3,REGULAR,3pt,Jump Shot,[],1629029,34.37910643889619,54.65686274509803,1610612747,88,97,2026-03-20T01:46:07Z,4640000,False,-23.0,271.0,1,left,MISS L. Dončić 27' step back 3PT,[1629029],1610612747.0,LAL,step back,,,Dončić,L. Dončić,,,,,Above the Break 3,24+ Center,,,,,,Missed,,,,,27.17,,,,,,,,,
479,PT00M01.20S,2026-03-20T01:46:03.3Z,3,REGULAR,rebound,defensive,[],1630696,,,1610612748,88,97,2026-03-20T01:46:57Z,4650000,False,,,0,,D. Smith REBOUND (Off:1 Def:1),[1630696],1610612748.0,MIA,,,,Smith,D. Smith,,,,,Above the Break 3,24+ Center,,,,,,,,,,,,,,,478.0,2.0,1.0,1.0,,
480,PT00M00.70S,2026-03-20T01:46:07.2Z,3,REGULAR,heave,,[],0,,,1610612748,88,97,2026-03-20T01:49:13Z,4660000,False,,,0,,MIA Heave,[],1610612748.0,MIA,,,,,,,,,,Above the Break 3,24+ Center,,,,,,,,,,,49.21,,,,,,,,,
481,PT00M00.10S,2026-03-20T01:46:07.8Z,3,REGULAR,rebound,offensive,['team'],0,,,1610612748,88,97,2026-03-20T01:46:36Z,4670000,False,,,0,,TEAM offensive REBOUND,[],1610612748.0,MIA,,,,,,,,,,Above the Break 3,24+ Center,,,,,,,,,,,,,,,480.0,,,,,
482,PT00M00.00S,2026-03-20T01:46:14.9Z,3,REGULAR,period,end,[],0,,,1610612748,88,97,2026-03-20T01:46:14Z,4680000,False,,,0,,Period End,[],,,,,,,,,,,,,,,,,,,,,,,,,,,,,,,,,
483,PT12M00.00S,2026-03-20T01:46:28.0Z,4,REGULAR,substitution,out,['startperiod'],1641796,,,1610612748,88,97,2026-03-20T01:48:55Z,4690000,False,,,0,,SUB out: P. Larsson,[1641796],1610612748.0,MIA,,,,Larsson,P. Larsson,,,,,,,,,,,,,,,,,,,,,,,,,,
484,PT12M00.00S,2026-03-20T01:46:28.0Z,4,REGULAR,substitution,out,['startperiod'],1629060,,,1610612748,88,97,2026-03-20T01:48:55Z,4700000,False,,,0,,SUB out: R. Hachimura,[1629060],1610612747.0,LAL,,,,Hachimura,R. Hachimura,,,,,,,,,,,,,,,,,,,,,,,,,,
485,PT12M00.00S,2026-03-20T01:46:28.0Z,4,REGULAR,substitution,out,['startperiod'],1629029,,,1610612748,88,97,2026-03-20T01:48:55Z,4710000,False,,,0,,SUB out: L. Dončić,[1629029],1610612747.0,LAL,,,,Dončić,L. Dončić,,,,,,,,,,,,,,,,,,,,,,,,,,
486,PT12M00.00S,2026-03-20T01:46:28.0Z,4,REGULAR,substitution,in,['startperiod'],1628389,,,1610612748,88,97,2026-03-20T01:48:55Z,4720000,False,,,0,,SUB in: B. Adebayo,[1628389],1610612748.0,MIA,,,,Adebayo,B. Adebayo,,,,,,,,,,,,,,,,,,,,,,,,,,
487,PT12M00.00S,2026-03-20T01:46:28.0Z,4,REGULAR,substitution,in,['startperiod'],2544,,,1610612748,88,97,2026-03-20T01:48:55Z,4730000,False,,,0,,SUB in: L. James,[2544],1610612747.0,LAL,,,,James,L. James,,,,,,,,,,,,,,,,,,,,,,,,,,
488,PT12M00.00S,2026-03-20T01:46:28.0Z,4,REGULAR,substitution,in,['startperiod'],1630559,,,1610612748,88,97,2026-03-20T01:48:55Z,4740000,False,,,0,,SUB in: A. Reaves,[1630559],1610612747.0,LAL,,,,Reaves,A. Reaves,,,,,,,,,,,,,,,,,,,,,,,,,,
489,PT12M00.00S,2026-03-20T01:48:57.4Z,4,REGULAR,period,start,[],0,,,1610612748,88,97,2026-03-20T01:48:57Z,4750000,False,,,0,,Period Start,[],,,,,,,,,,,,,,,,,,,,,,,,,,,,,,,,,
490,PT11M35.00S,2026-03-20T01:49:22.0Z,4,REGULAR,3pt,Jump Shot,[],1626181,67.23061760840999,47.794117647058826,1610612748,91,97,2026-03-20T01:49:37Z,4760000,False,-11.0,256.0,1,right,N. Powell 25' 3PT  (11 PTS) (K. Ware 1 AST),"[1626181, 1642276]",1610612748.0,MIA,,,,Powell,N. Powell,,,,,Above the Break 3,24+ Center,,,,,,Made,11.0,,,,25.57,K. Ware,1642276.0,1.0,,,,,,
492,PT11M05.00S,2026-03-20T01:49:53.9Z,4,REGULAR,2pt,Jump Shot,['pointsinthepaint'],1631222,11.645860709592641,50.73529411764706,1610612747,91,97,2026-03-20T01:55:55Z,4780000,False,-4.0,57.0,1,left,MISS J. LaRavia driving floating Shot,[1631222],1610612747.0,LAL,driving floating,,,LaRavia,J. LaRavia,,,,,In The Paint (Non-RA),0-8 Center,,,,,,Missed,,,,,5.71,,,,,,,,,
493,PT11M04.00S,2026-03-20T01:49:54.9Z,4,REGULAR,rebound,defensive,[],1642276,,,1610612748,91,97,2026-03-20T01:51:27Z,4790000,False,,,0,,K. Ware REBOUND (Off:3 Def:6),[1642276],1610612748.0,MIA,,,,Ware,K. Ware,,,,,In The Paint (Non-RA),0-8 Center,,,,,,,,,,,,,,,492.0,9.0,6.0,3.0,,
494,PT10M51.00S,2026-03-20T01:50:05.4Z,4,REGULAR,2pt,Jump Shot,[],1626181,74.32654402102497,51.9607843137255,1610612748,91,97,2026-03-20T01:56:50Z,4800000,False,10.0,189.0,1,right,MISS N. Powell 18' pullup Shot - blocked,"[1626181, 1629637]",1610612748.0,MIA,pullup,,,Powell,N. Powell,,,,,Mid-Range,16-24 Center,,,,,,Missed,,,,,18.91,,,,,,,,Hayes,1629637.0
556,PT10M51.00S,2026-03-20T01:50:05.4Z,4,REGULAR,block,,[],1629637,,,1610612748,91,97,2026-03-20T02:00:14Z,4802500,False,,,0,,J. Hayes BLOCK (2 BLK),[1629637],1610612747.0,LAL,,,,Hayes,J. Hayes,,,,,Mid-Range,16-24 Center,,,,,,,,,,,,,,,,,,,,
501,PT10M51.00S,2026-03-20T01:50:05.4Z,4,REGULAR,rebound,offensive,[],1626181,,,1610612748,91,97,2026-03-20T02:00:14Z,4805000,False,,,0,,N. Powell REBOUND (Off:1 Def:1),[1626181],1610612748.0,MIA,,,,Powell,N. Powell,,,,,Mid-Range,16-24 Center,,,,,,,,,,,,,,,494.0,2.0,1.0,1.0,,
495,PT10M41.00S,2026-03-20T01:50:15.4Z,4,REGULAR,2pt,Jump Shot,"['pointsinthepaint', '2ndchance']",1630696,84.1819973718791,54.65686274509803,1610612748,91,97,2026-03-20T02:01:31Z,4810000,False,23.0,96.0,1,right,MISS D. Smith 9' driving floating bank Shot,[1630696],1610612748.0,MIA,driving floating bank,,,Smith,D. Smith,,,,,In The Paint (Non-RA),8-16 Center,,,,,,Missed,,,,,9.9,,,,,,,,,
496,PT10M40.00S,2026-03-20T01:50:16.4Z,4,REGULAR,rebound,defensive,[],1630559,,,1610612747,91,97,2026-03-20T02:00:36Z,4820000,False,,,0,,A. Reaves REBOUND (Off:1 Def:3),[1630559],1610612747.0,LAL,,,,Reaves,A. Reaves,,,,,In The Paint (Non-RA),8-16 Center,,,,,,,,,,,,,,,495.0,4.0,3.0,1.0,,
559,PT10M35.00S,2026-03-20T01:50:20.4Z,4,REGULAR,2pt,Layup,"['fastbreak', 'pointsinthepaint']",2544,9.149145860709593,56.372549019607845,1610612747,91,97,2026-03-20T02:18:01Z,4830000,False,-32.0,34.0,1,left,MISS L. James running Layup - blocked,"[2544, 1626181]",1610612747.0,LAL,running,,,James,L. James,,,,,In The Paint (Non-RA),0-8 Center,,,,,,Missed,,,,,4.63,,,,,,,,Powell,1626181.0
560,PT10M35.00S,2026-03-20T01:50:20.4Z,4,REGULAR,block,,[],1626181,,,1610612747,91,97,2026-03-20T02:02:12Z,4835000,False,,,0,,N. Powell BLOCK (1 BLK),[1626181],1610612748.0,MIA,,,,Powell,N. Powell,,,,,In The Paint (Non-RA),0-8 Center,,,,,,,,,,,,,,,,,,,,
561,PT10M34.00S,2026-03-20T01:50:21.4Z,4,REGULAR,rebound,defensive,[],1642857,,,1610612748,91,97,2026-03-20T02:02:12Z,4837500,False,,,0,,K. Jakučionis REBOUND (Off:0 Def:2),[1642857],1610612748.0,MIA,,,,Jakučionis,K. Jakučionis,,,,,In The Paint (Non-RA),0-8 Center,,,,,,,,,,,,,,,559.0,2.0,2.0,0.0,,
498,PT10M31.00S,2026-03-20T01:50:25.4Z,4,REGULAR,2pt,Layup,['pointsinthepaint'],1642276,89.17542706964521,48.03921568627451,1610612748,91,97,2026-03-20T02:00:36Z,4840000,False,-10.0,49.0,1,right,MISS K. Ware reverse Layup,[1642276],1610612748.0,MIA,reverse,,,Ware,K. Ware,,,,,In The Paint (Non-RA),0-8 Center,,,,,,Missed,,,,,5.03,,,,,,,,,
499,PT10M29.00S,2026-03-20T01:50:27.4Z,4,REGULAR,rebound,defensive,[],2544,,,1610612747,91,97,2026-03-20T01:50:35Z,4850000,False,,,0,,L. James REBOUND (Off:2 Def:6),[2544],1610612747.0,LAL,,,,James,L. James,,,,,In The Paint (Non-RA),0-8 Center,,,,,,,,,,,,,,,498.0,8.0,6.0,2.0,,
500,PT10M26.00S,2026-03-20T01:50:47.3Z,4,REGULAR,foul,personal,['2freethrow'],1630696,,,1610612747,91,97,2026-03-20T01:51:09Z,4860000,False,,,0,,D. Smith shooting personal FOUL (3 PF) (Reaves 2 FT),"[1630696, 1630559]",1610612748.0,MIA,shooting,,,Smith,D. Smith,,,,,Restricted Area,0-8 Center,2002.0,3.0,0.0,Reaves,1630559.0,,,,,,,,,,,,,,,
503,PT10M26.00S,2026-03-20T01:51:10.6Z,4,REGULAR,freethrow,1 of 2,[],1630559,,,1610612747,91,98,2026-03-20T01:51:10Z,4880000,False,,,0,,A. Reaves Free Throw 1 of 2 (10 PTS),[1630559],1610612747.0,LAL,,,,Reaves,A. Reaves,,,,,,,,,,,,Made,10.0,,,,,,,,,,,,,
504,PT10M26.00S,2026-03-20T01:51:10.6Z,4,REGULAR,freethrow,2 of 2,[],1630559,,,1610612747,91,98,2026-03-20T01:51:28Z,4890000,False,,,0,,MISS A. Reaves Free Throw 2 of 2,[1630559],1610612747.0,LAL,,,,Reaves,A. Reaves,,,,,,,,,,,,Missed,,,,,,,,,,,,,,
505,PT10M23.00S,2026-03-20T01:51:13.6Z,4,REGULAR,rebound,defensive,[],1628389,,,1610612748,91,98,2026-03-20T01:51:28Z,4900000,False,,,0,,B. Adebayo REBOUND (Off:1 Def:5),[1628389],1610612748.0,MIA,,,,Adebayo,B. Adebayo,,,,,,,,,,,,,,,,,,,,,504.0,6.0,5.0,1.0,,
506,PT10M21.00S,2026-03-20T01:51:27.5Z,4,REGULAR,foul,personal,[],1631222,,,1610612748,91,98,2026-03-20T01:51:48Z,4910000,False,,,0,,J. LaRavia personal FOUL (4 PF),"[1631222, 1642857]",1610612747.0,LAL,,,,LaRavia,J. LaRavia,,,,,Restricted Area,0-8 Center,2002.0,4.0,0.0,Jakučionis,1642857.0,,,,,,,,,,,,,,,
508,PT10M05.00S,2026-03-20T01:52:02.8Z,4,REGULAR,2pt,DUNK,['pointsinthepaint'],1642276,92.72339027595268,51.225490196078425,1610612748,93,98,2026-03-20T01:52:19Z,4930000,False,6.0,16.0,1,right,K. Ware cutting DUNK (14 PTS) (K. Jakučionis 3 AST),"[1642276, 1642857]",1610612748.0,MIA,cutting,,,Ware,K. Ware,,,,,Restricted Area,0-8 Center,,,,,,Made,14.0,,,,1.7,K. Jakučionis,1642857.0,3.0,,,,,,
510,PT09M43.00S,2026-03-20T01:52:29.0Z,4,REGULAR,2pt,Jump Shot,['pointsinthepaint'],1630559,11.645860709592641,59.55882352941176,1610612747,93,100,2026-03-20T01:52:41Z,4950000,False,-48.0,57.0,1,left,A. Reaves 7' pullup bank Jump Shot (12 PTS) (L. James 9 AST),"[1630559, 2544]",1610612747.0,LAL,pullup bank,,,Reaves,A. Reaves,,,,,In The Paint (Non-RA),0-8 Center,,,,,,Made,12.0,,,,7.44,L. James,2544.0,9.0,,,,,,
512,PT09M43.00S,2026-03-20T01:52:41.3Z,4,REGULAR,foul,personal,['1freethrow'],1630696,,,1610612747,93,100,2026-03-20T01:52:48Z,4970000,False,,,0,,D. Smith shooting personal FOUL (4 PF) (Reaves 1 FT),"[1630696, 1630559]",1610612748.0,MIA,shooting,,,Smith,D. Smith,,,,,In The Paint (Non-RA),0-8 Center,2002.0,4.0,0.0,Reaves,1630559.0,,,,,,,,,,,,,,,
514,PT09M43.00S,2026-03-20T01:53:08.9Z,4,REGULAR,freethrow,1 of 1,[],1630559,,,1610612747,93,100,2026-03-20T02:03:55Z,4990000,False,,,0,,MISS A. Reaves Free Throw 1 of 1,[1630559],1610612747.0,LAL,,,,Reaves,A. Reaves,,,,,,,,,,,,Missed,,,,,,,,,,,,,,
515,PT09M41.00S,2026-03-20T01:53:10.9Z,4,REGULAR,rebound,defensive,[],1628389,,,1610612748,93,100,2026-03-20T02:03:55Z,5000000,False,,,0,,B. Adebayo REBOUND (Off:1 Def:6),[1628389],1610612748.0,MIA,,,,Adebayo,B. Adebayo,,,,,,,,,,,,,,,,,,,,,514.0,7.0,6.0,1.0,,
516,PT09M30.00S,2026-03-20T01:53:14.8Z,4,REGULAR,3pt,Jump Shot,[],1642276,94.30026281208936,96.32352941176471,1610612748,93,100,2026-03-20T01:53:51Z,5010000,False,232.0,1.0,1,right,MISS K. Ware 3PT,[1642276],1610612748.0,MIA,,,,Ware,K. Ware,,,,,Right Corner 3,24+ Right,,,,,,Missed,,,,,23.16,,,,,,,,,
517,PT09M30.00S,2026-03-20T01:53:14.8Z,4,REGULAR,rebound,offensive,['team'],0,,,1610612748,93,100,2026-03-20T01:53:51Z,5020000,False,,,0,,TEAM offensive REBOUND,[],1610612748.0,MIA,,,,,,,,,,Right Corner 3,24+ Right,,,,,,,,,,,,,,,516.0,,,,,
518,PT09M30.00S,2026-03-20T01:53:27.5Z,4,REGULAR,foul,personal,[],1631222,,,1610612748,93,100,2026-03-20T01:53:34Z,5030000,False,,,0,,J. LaRavia loose ball personal FOUL (5 PF),"[1631222, 1642857]",1610612747.0,LAL,loose ball,,,LaRavia,J. LaRavia,,,,,In The Paint (Non-RA),0-8 Center,200834.0,5.0,0.0,Jakučionis,1642857.0,,,,,,,,,,,,,,,
573,PT09M30.00S,2026-03-20T01:53:41.1Z,4,REGULAR,substitution,out,[],1628379,,,1610612748,93,100,2026-03-20T02:06:01Z,5045000,False,,,0,,SUB out: L. Kennard,[1628379],1610612747.0,LAL,,,,Kennard,L. Kennard,,,,,,,,,,,,,,,,,,,,,,,,,,
574,PT09M30.00S,2026-03-20T01:53:41.1Z,4,REGULAR,substitution,out,[],1629637,,,1610612748,93,100,2026-03-20T02:06:01Z,5047500,False,,,0,,SUB out: J. Hayes,[1629637],1610612747.0,LAL,,,,Hayes,J. Hayes,,,,,,,,,,,,,,,,,,,,,,,,,,
575,PT09M30.00S,2026-03-20T01:53:41.1Z,4,REGULAR,substitution,in,[],203935,,,1610612748,93,100,2026-03-20T02:06:01Z,5048750,False,,,0,,SUB in: M. Smart,[203935],1610612747.0,LAL,,,,Smart,M. Smart,,,,,,,,,,,,,,,,,,,,,,,,,,
576,PT09M30.00S,2026-03-20T01:53:41.1Z,4,REGULAR,substitution,in,[],1629028,,,1610612748,93,100,2026-03-20T02:06:01Z,5049375,False,,,0,,SUB in: D. Ayton,[1629028],1610612747.0,LAL,,,,Ayton,D. Ayton,,,,,,,,,,,,,,,,,,,,,,,,,,
520,PT09M23.00S,2026-03-20T01:53:54.7Z,4,REGULAR,foul,personal,['3freethrow'],203935,,,1610612748,93,100,2026-03-20T01:54:19Z,5050000,False,,,0,,M. Smart shooting personal FOUL (1 PF) (Powell 3 FT),"[203935, 1626181]",1610612747.0,LAL,shooting,,,Smart,M. Smart,,,,,Above the Break 3,24+ Center,2002.0,1.0,0.0,Powell,1626181.0,,,,,,,,,,,,,,,
522,PT09M23.00S,2026-03-20T01:54:38.3Z,4,REGULAR,freethrow,1 of 3,['2ndchance'],1626181,,,1610612748,94,100,2026-03-20T01:54:38Z,5070000,False,,,0,,N. Powell Free Throw 1 of 3 (12 PTS),[1626181],1610612748.0,MIA,,,,Powell,N. Powell,,,,,,,,,,,,Made,12.0,,,,,,,,,,,,,
523,PT09M23.00S,2026-03-20T01:54:52.8Z,4,REGULAR,freethrow,2 of 3,['2ndchance'],1626181,,,1610612748,95,100,2026-03-20T01:54:52Z,5080000,False,,,0,,N. Powell Free Throw 2 of 3 (13 PTS),[1626181],1610612748.0,MIA,,,,Powell,N. Powell,,,,,,,,,,,,Made,13.0,,,,,,,,,,,,,
524,PT09M23.00S,2026-03-20T01:55:14.9Z,4,REGULAR,freethrow,3 of 3,['2ndchance'],1626181,,,1610612748,96,100,2026-03-20T01:55:14Z,5090000,False,,,0,,N. Powell Free Throw 3 of 3 (14 PTS),[1626181],1610612748.0,MIA,,,,Powell,N. Powell,,,,,,,,,,,,Made,14.0,,,,,,,,,,,,,
525,PT08M58.00S,2026-03-20T01:55:41.2Z,4,REGULAR,2pt,Jump Shot,[],203935,6.521024967148489,31.61764705882353,1610612747,96,102,2026-03-20T01:55:49Z,5100000,False,92.0,9.0,1,left,M. Smart 9' driving floating bank Jump Shot (11 PTS),[203935],1610612747.0,LAL,driving floating bank,,,Smart,M. Smart,,,,,Mid-Range,8-16 Right,,,,,,Made,11.0,,,,9.23,,,,,,,,,
526,PT08M47.00S,2026-03-20T01:55:52.1Z,4,REGULAR,3pt,Jump Shot,[],1628389,67.09921156373193,29.166666666666668,1610612748,96,102,2026-03-20T01:55:58Z,5110000,False,-104.0,257.0,1,right,MISS B. Adebayo 27' 3PT,[1628389],1610612748.0,MIA,,,,Adebayo,B. Adebayo,,,,,Above the Break 3,24+ Left Center,,,,,,Missed,,,,,27.71,,,,,,,,,
527,PT08M43.00S,2026-03-20T01:55:56.1Z,4,REGULAR,rebound,defensive,[],2544,,,1610612747,96,102,2026-03-20T01:55:58Z,5120000,False,,,0,,L. James REBOUND (Off:2 Def:7),[2544],1610612747.0,LAL,,,,James,L. James,,,,,Above the Break 3,24+ Left Center,,,,,,,,,,,,,,,526.0,9.0,7.0,2.0,,
528,PT08M22.00S,2026-03-20T01:56:26.1Z,4,REGULAR,turnover,shot clock,['team'],0,,,1610612747,96,102,2026-03-20T01:56:34Z,5130000,False,,,0,,LAL shot clock Team TURNOVER,[],1610612747.0,LAL,,,,,,,,,,Restricted Area,0-8 Center,200834.0,,,,,,,,,,,,,,,,,,,
529,PT08M02.00S,2026-03-20T01:56:56.3Z,4,REGULAR,2pt,Hook,"['pointsinthepaint', 'fromturnover']",1628389,92.59198423127464,51.71568627450981,1610612748,98,102,2026-03-20T01:57:00Z,5140000,False,9.0,17.0,1,right,B. Adebayo driving Hook (25 PTS),[1628389],1610612748.0,MIA,driving,,,Adebayo,B. Adebayo,,,,,Restricted Area,0-8 Center,,,,,,Made,25.0,,,,1.91,,,,,,,,,
530,PT07M52.00S,2026-03-20T01:57:06.7Z,4,REGULAR,3pt,Jump Shot,[],1630559,33.722076215505915,43.627450980392155,1610612747,98,105,2026-03-20T01:57:13Z,5150000,False,32.0,264.0,1,left,A. Reaves 26' 3PT pullup (15 PTS),[1630559],1610612747.0,LAL,pullup,,,Reaves,A. Reaves,,,,,Above the Break 3,24+ Center,,,,,,Made,15.0,,,,26.64,,,,,,,,,
531,PT07M37.00S,2026-03-20T01:57:22.0Z,4,REGULAR,2pt,Jump Shot,[],1628389,83.919185282523,28.431372549019606,1610612748,98,105,2026-03-20T01:57:28Z,5160000,False,-108.0,99.0,1,right,MISS B. Adebayo 14' driving floating bank Shot,[1628389],1610612748.0,MIA,driving floating bank,,,Adebayo,B. Adebayo,,,,,Mid-Range,8-16 Left,,,,,,Missed,,,,,14.62,,,,,,,,,
532,PT07M36.00S,2026-03-20T01:57:23.0Z,4,REGULAR,rebound,defensive,[],2544,,,1610612747,98,105,2026-03-20T02:02:41Z,5170000,False,,,0,,L. James REBOUND (Off:2 Def:8),[2544],1610612747.0,LAL,,,,James,L. James,,,,,Mid-Range,8-16 Left,,,,,,,,,,,,,,,531.0,10.0,8.0,2.0,,
533,PT07M35.00S,2026-03-20T01:57:30.4Z,4,REGULAR,foul,personal,['2freethrow'],1626181,,,1610612747,98,105,2026-03-20T01:57:39Z,5180000,False,,,0,,N. Powell shooting personal FOUL (3 PF) (James 2 FT),"[1626181, 2544]",1610612748.0,MIA,shooting,,,Powell,N. Powell,,,,,In The Paint (Non-RA),8-16 Center,2002.0,3.0,0.0,James,2544.0,,,,,,,,,,,,,,,
535,PT07M35.00S,2026-03-20T01:57:58.9Z,4,REGULAR,freethrow,1 of 2,['fastbreak'],2544,,,1610612747,98,105,2026-03-20T01:57:58Z,5200000,False,,,0,,MISS L. James Free Throw 1 of 2,[2544],1610612747.0,LAL,,,,James,L. James,,,,,,,,,,,,Missed,,,,,,,,,,,,,,
536,PT07M35.00S,2026-03-20T01:57:58.9Z,4,REGULAR,rebound,offensive,"['deadball', 'team']",0,,,1610612747,98,105,2026-03-20T01:57:58Z,5210000,False,,,0,,TEAM offensive REBOUND,[],1610612747.0,LAL,,,,,,,,,,,,,,,,,,,,,,,,,,535.0,,,,,
539,PT07M35.00S,2026-03-20T01:57:59.9Z,4,REGULAR,substitution,out,[],1631222,,,1610612747,98,105,2026-03-20T01:58:15Z,5240000,False,,,0,,SUB out: J. LaRavia,[1631222],1610612747.0,LAL,,,,LaRavia,J. LaRavia,,,,,,,,,,,,,,,,,,,,,,,,,,
540,PT07M35.00S,2026-03-20T01:57:59.9Z,4,REGULAR,substitution,in,[],1629029,,,1610612747,98,105,2026-03-20T01:58:15Z,5250000,False,,,0,,SUB in: L. Dončić,[1629029],1610612747.0,LAL,,,,Dončić,L. Dončić,,,,,,,,,,,,,,,,,,,,,,,,,,
544,PT07M35.00S,2026-03-20T01:57:59.9Z,4,REGULAR,substitution,out,[],1630696,,,1610612747,98,105,2026-03-20T01:58:34Z,5275000,False,,,0,,SUB out: D. Smith,[1630696],1610612748.0,MIA,,,,Smith,D. Smith,,,,,,,,,,,,,,,,,,,,,,,,,,
545,PT07M35.00S,2026-03-20T01:57:59.9Z,4,REGULAR,substitution,in,[],1630558,,,1610612747,98,105,2026-03-20T01:58:34Z,5277500,False,,,0,,SUB in: D. Mitchell,[1630558],1610612748.0,MIA,,,,Mitchell,D. Mitchell,,,,,,,,,,,,,,,,,,,,,,,,,,
543,PT07M35.00S,2026-03-20T01:58:19.3Z,4,REGULAR,freethrow,2 of 2,['fastbreak'],2544,,,1610612747,98,106,2026-03-20T01:58:19Z,5280000,False,,,0,,L. James Free Throw 2 of 2 (16 PTS),[2544],1610612747.0,LAL,,,,James,L. James,,,,,,,,,,,,Made,16.0,,,,,,,,,,,,,
546,PT07M17.00S,2026-03-20T01:58:36.3Z,4,REGULAR,2pt,Jump Shot,[],1628389,91.27792378449409,22.54901960784314,1610612748,100,106,2026-03-20T02:08:09Z,5290000,False,-137.0,29.0,1,right,B. Adebayo 14' pullup Jump Shot (27 PTS) (N. Powell 3 AST),"[1628389, 1626181]",1610612748.0,MIA,pullup,,,Adebayo,B. Adebayo,,,,,Mid-Range,8-16 Left,,,,,,Made,27.0,,,,14.04,N. Powell,1626181.0,3.0,,,,,,
547,PT07M04.00S,2026-03-20T01:58:51.9Z,4,REGULAR,foul,personal,['2freethrow'],1642857,,,1610612747,100,106,2026-03-20T01:59:06Z,5300000,False,,,0,,K. Jakučionis shooting personal FOUL (3 PF) (Dončić 2 FT),"[1642857, 1629029]",1610612748.0,MIA,shooting,,,Jakučionis,K. Jakučionis,,,,,Mid-Range,8-16 Right,200834.0,3.0,0.0,Dončić,1629029.0,,,,,,,,,,,,,,,
549,PT07M04.00S,2026-03-20T01:59:22.0Z,4,REGULAR,freethrow,1 of 2,[],1629029,,,1610612747,100,107,2026-03-20T01:59:22Z,5320000,False,,,0,,L. Dončić Free Throw 1 of 2 (41 PTS),[1629029],1610612747.0,LAL,,,,Dončić,L. Dončić,,,,,,,,,,,,Made,41.0,,,,,,,,,,,,,
550,PT07M04.00S,2026-03-20T01:59:22.8Z,4,REGULAR,substitution,out,[],1642276,,,1610612747,100,107,2026-03-20T01:59:46Z,5330000,False,,,0,,SUB out: K. Ware,[1642276],1610612748.0,MIA,,,,Ware,K. Ware,,,,,,,,,,,,,,,,,,,,,,,,,,
551,PT07M04.00S,2026-03-20T01:59:22.8Z,4,REGULAR,substitution,out,[],1642857,,,1610612747,100,107,2026-03-20T01:59:46Z,5340000,False,,,0,,SUB out: K. Jakučionis,[1642857],1610612748.0,MIA,,,,Jakučionis,K. Jakučionis,,,,,,,,,,,,,,,,,,,,,,,,,,
552,PT07M04.00S,2026-03-20T01:59:22.8Z,4,REGULAR,substitution,in,[],1629639,,,1610612747,100,107,2026-03-20T01:59:46Z,5350000,False,,,0,,SUB in: T. Herro,[1629639],1610612748.0,MIA,,,,Herro,T. Herro,,,,,,,,,,,,,,,,,,,,,,,,,,
553,PT07M04.00S,2026-03-20T01:59:22.8Z,4,REGULAR,substitution,in,[],1641796,,,1610612747,100,107,2026-03-20T01:59:46Z,5360000,False,,,0,,SUB in: P. Larsson,[1641796],1610612748.0,MIA,,,,Larsson,P. Larsson,,,,,,,,,,,,,,,,,,,,,,,,,,
554,PT07M04.00S,2026-03-20T01:59:58.5Z,4,REGULAR,freethrow,2 of 2,[],1629029,,,1610612747,100,108,2026-03-20T01:59:58Z,5370000,False,,,0,,L. Dončić Free Throw 2 of 2 (42 PTS),[1629029],1610612747.0,LAL,,,,Dončić,L. Dončić,,,,,,,,,,,,Made,42.0,,,,,,,,,,,,,
555,PT06M55.00S,2026-03-20T02:00:12.9Z,4,REGULAR,foul,personal,['2freethrow'],1629028,,,1610612748,100,108,2026-03-20T02:01:02Z,5380000,False,,,0,,D. Ayton shooting personal FOUL (3 PF) (Adebayo 2 FT),"[1629028, 1628389]",1610612747.0,LAL,shooting,,,Ayton,D. Ayton,,,,,In The Paint (Non-RA),0-8 Center,200834.0,3.0,0.0,Adebayo,1628389.0,,,,,,,,,,,,,,,
558,PT06M55.00S,2026-03-20T02:00:37.8Z,4,REGULAR,timeout,full,"['team', 'mandatory']",0,,,1610612748,100,108,2026-03-20T02:00:37Z,5400000,False,,,0,,MIA Timeout,[],1610612748.0,MIA,,,,,,,,,,,,,,,,,,,,,,,,,,,,,,,
562,PT06M55.00S,2026-03-20T02:03:34.2Z,4,REGULAR,freethrow,1 of 2,[],1628389,,,1610612748,101,108,2026-03-20T02:14:20Z,5410000,False,,,0,,B. Adebayo Free Throw 1 of 2 (28 PTS),[1628389],1610612748.0,MIA,,,,Adebayo,B. Adebayo,,,,,,,,,,,,Made,28.0,,,,,,,,,,,,,
563,PT06M55.00S,2026-03-20T02:03:34.2Z,4,REGULAR,freethrow,2 of 2,[],1628389,,,1610612748,101,108,2026-03-20T02:14:20Z,5420000,False,,,0,,MISS B. Adebayo Free Throw 2 of 2,[1628389],1610612748.0,MIA,,,,Adebayo,B. Adebayo,,,,,,,,,,,,Missed,,,,,,,,,,,,,,
564,PT06M53.00S,2026-03-20T02:03:36.2Z,4,REGULAR,rebound,defensive,[],2544,,,1610612747,101,108,2026-03-20T02:14:20Z,5430000,False,,,0,,L. James REBOUND (Off:2 Def:9),[2544],1610612747.0,LAL,,,,James,L. James,,,,,,,,,,,,,,,,,,,,,563.0,11.0,9.0,2.0,,
565,PT06M35.00S,2026-03-20T02:04:09.9Z,4,REGULAR,3pt,Jump Shot,[],1629029,29.6484888304862,73.0392156862745,1610612747,101,108,2026-03-20T02:09:42Z,5440000,False,-115.0,226.0,1,left,MISS L. Dončić 25' step back 3PT,[1629029],1610612747.0,LAL,step back,,,Dončić,L. Dončić,,,,,Above the Break 3,24+ Left Center,,,,,,Missed,,,,,25.38,,,,,,,,,
566,PT06M33.00S,2026-03-20T02:04:11.9Z,4,REGULAR,rebound,defensive,[],1628389,,,1610612748,101,108,2026-03-20T02:13:09Z,5450000,False,,,0,,B. Adebayo REBOUND (Off:1 Def:7),[1628389],1610612748.0,MIA,,,,Adebayo,B. Adebayo,,,,,Above the Break 3,24+ Left Center,,,,,,,,,,,,,,,565.0,8.0,7.0,1.0,,
571,PT06M28.00S,2026-03-20T02:04:45.6Z,4,REGULAR,timeout,full,"['team', 'mandatory']",0,,,1610612748,101,108,2026-03-20T02:11:34Z,5500000,False,,,0,,LAL Timeout,[],1610612747.0,LAL,,,,,,,,,,,,,,,,,,,,,,,,,,,,,,,
580,PT06M28.00S,2026-03-20T02:10:11.7Z,4,REGULAR,freethrow,1 of 2,['fastbreak'],1641796,,,1610612748,102,108,2026-03-20T02:10:43Z,5520000,False,,,0,,P. Larsson Free Throw 1 of 2 (11 PTS),[1641796],1610612748.0,MIA,,,,Larsson,P. Larsson,,,,,,,,,,,,Made,11.0,,,,,,,,,,,,,
581,PT06M28.00S,2026-03-20T02:10:11.7Z,4,REGULAR,freethrow,2 of 2,['fastbreak'],1641796,,,1610612748,102,108,2026-03-20T02:10:43Z,5530000,False,,,0,,MISS P. Larsson Free Throw 2 of 2,[1641796],1610612748.0,MIA,,,,Larsson,P. Larsson,,,,,,,,,,,,Missed,,,,,,,,,,,,,,
582,PT06M28.00S,2026-03-20T02:10:11.7Z,4,REGULAR,rebound,defensive,[],2544,,,1610612747,102,108,2026-03-20T02:12:05Z,5540000,False,,,0,,L. James REBOUND (Off:2 Def:10),[2544],1610612747.0,LAL,,,,James,L. James,,,,,,,,,,,,,,,,,,,,,581.0,12.0,10.0,2.0,,
578,PT06M28.00S,2026-03-20T02:10:22.7Z,4,REGULAR,foul,personal,"['inpenalty', '2freethrow']",1629028,,,1610612748,102,108,2026-03-20T02:35:16Z,5545000,False,,,0,,D. Ayton shooting personal FOUL (4 PF) (Larsson 2 FT),"[1629028, 1641796]",1610612747.0,LAL,shooting,,,Ayton,D. Ayton,,,,,In The Paint (Non-RA),0-8 Center,2004.0,4.0,0.0,Larsson,1641796.0,,,,,,,,,,,,,,,
583,PT06M10.00S,2026-03-20T02:10:26.4Z,4,REGULAR,foul,personal,"['inpenalty', '2freethrow']",1626181,,,1610612747,102,108,2026-03-20T02:10:50Z,5550000,False,,,0,,N. Powell shooting personal FOUL (4 PF) (Dončić 2 FT),"[1626181, 1629029]",1610612748.0,MIA,shooting,,,Powell,N. Powell,,,,,In The Paint (Non-RA),0-8 Center,200834.0,4.0,0.0,Dončić,1629029.0,,,,,,,,,,,,,,,
585,PT06M10.00S,2026-03-20T02:10:55.6Z,4,REGULAR,freethrow,1 of 2,[],1629029,,,1610612747,102,109,2026-03-20T02:10:55Z,5570000,False,,,0,,L. Dončić Free Throw 1 of 2 (43 PTS),[1629029],1610612747.0,LAL,,,,Dončić,L. Dončić,,,,,,,,,,,,Made,43.0,,,,,,,,,,,,,
586,PT06M10.00S,2026-03-20T02:11:18.8Z,4,REGULAR,freethrow,2 of 2,[],1629029,,,1610612747,102,109,2026-03-20T02:11:18Z,5580000,False,,,0,,MISS L. Dončić Free Throw 2 of 2,[1629029],1610612747.0,LAL,,,,Dončić,L. Dončić,,,,,,,,,,,,Missed,,,,,,,,,,,,,,
587,PT06M07.00S,2026-03-20T02:11:20.4Z,4,REGULAR,rebound,defensive,[],1628389,,,1610612748,102,109,2026-03-20T02:11:20Z,5590000,False,,,0,,B. Adebayo REBOUND (Off:1 Def:8),[1628389],1610612748.0,MIA,,,,Adebayo,B. Adebayo,,,,,,,,,,,,,,,,,,,,,586.0,9.0,8.0,1.0,,
588,PT05M54.00S,2026-03-20T02:11:33.4Z,4,REGULAR,3pt,Jump Shot,[],1630558,72.61826544021025,15.196078431372548,1610612748,102,109,2026-03-20T02:11:43Z,5600000,False,-174.0,205.0,1,right,MISS D. Mitchell 26' 3PT,[1630558],1610612748.0,MIA,,,,Mitchell,D. Mitchell,,,,,Above the Break 3,24+ Left Center,,,,,,Missed,,,,,26.88,,,,,,,,,
589,PT05M51.00S,2026-03-20T02:11:36.8Z,4,REGULAR,rebound,defensive,[],2544,,,1610612747,102,109,2026-03-20T02:11:36Z,5610000,False,,,0,,L. James REBOUND (Off:2 Def:11),[2544],1610612747.0,LAL,,,,James,L. James,,,,,Above the Break 3,24+ Left Center,,,,,,,,,,,,,,,588.0,13.0,11.0,2.0,,
590,PT05M39.00S,2026-03-20T02:11:52.1Z,4,REGULAR,foul,personal,"['inpenalty', '2freethrow']",1629639,,,1610612747,102,109,2026-03-20T02:11:57Z,5620000,False,,,0,,T. Herro shooting personal FOUL (2 PF) (Reaves 2 FT),"[1629639, 1630559]",1610612748.0,MIA,shooting,,,Herro,T. Herro,,,,,Restricted Area,0-8 Center,2002.0,2.0,0.0,Reaves,1630559.0,,,,,,,,,,,,,,,
592,PT05M39.00S,2026-03-20T02:12:18.2Z,4,REGULAR,freethrow,1 of 2,[],1630559,,,1610612747,102,110,2026-03-20T02:12:18Z,5640000,False,,,0,,A. Reaves Free Throw 1 of 2 (16 PTS),[1630559],1610612747.0,LAL,,,,Reaves,A. Reaves,,,,,,,,,,,,Made,16.0,,,,,,,,,,,,,
593,PT05M39.00S,2026-03-20T02:12:32.7Z,4,REGULAR,freethrow,2 of 2,[],1630559,,,1610612747,102,111,2026-03-20T02:12:32Z,5650000,False,,,0,,A. Reaves Free Throw 2 of 2 (17 PTS),[1630559],1610612747.0,LAL,,,,Reaves,A. Reaves,,,,,,,,,,,,Made,17.0,,,,,,,,,,,,,
594,PT05M30.00S,2026-03-20T02:12:42.6Z,4,REGULAR,3pt,Jump Shot,[],1629639,65.52233902759527,48.28431372549019,1610612748,105,111,2026-03-20T02:17:56Z,5660000,False,-9.0,272.0,1,right,T. Herro 27' 3PT  (13 PTS) (D. Mitchell 5 AST),"[1629639, 1630558]",1610612748.0,MIA,,,,Herro,T. Herro,,,,,Above the Break 3,24+ Center,,,,,,Made,13.0,,,,27.17,D. Mitchell,1630558.0,5.0,,,,,,
598,PT05M10.00S,2026-03-20T02:13:33.1Z,4,REGULAR,timeout,challenge,['team'],0,,,1610612747,105,111,2026-03-20T02:16:03Z,5700000,False,,,0,,MIA Timeout,[],1610612748.0,MIA,,,,,,,,,,,,,,,,,,,,,,,,,,,,,,,
608,PT05M10.00S,2026-03-20T02:15:04.7Z,4,REGULAR,foul,offensive,['inpenalty'],1629028,,,1610612747,105,111,2026-03-20T02:17:33Z,5715000,False,,,0,,D. Ayton offensive FOUL (5 PF),"[1629028, 1641796]",1610612747.0,LAL,,,,Ayton,D. Ayton,,,,,In The Paint (Non-RA),0-8 Center,2004.0,5.0,0.0,Larsson,1641796.0,,,,,,,,,,,,,,,
609,PT05M10.00S,2026-03-20T02:15:04.7Z,4,REGULAR,turnover,offensive foul,[],1629028,,,1610612747,105,111,2026-03-20T02:15:04Z,5717500,False,,,0,,D. Ayton offensive foul TURNOVER (1 TO),[1629028],1610612747.0,LAL,,,,Ayton,D. Ayton,,,,,In The Paint (Non-RA),0-8 Center,2004.0,,,,,,,1.0,,,,,,,,,,,,
600,PT05M04.00S,2026-03-20T02:16:31.3Z,4,REGULAR,foul,personal,"['inpenalty', '2freethrow']",203935,,,1610612748,105,111,2026-03-20T02:15:04Z,5720000,False,,,0,,M. Smart personal FOUL (2 PF) (Powell 2 FT),"[203935, 1626181]",1610612747.0,LAL,,,,Smart,M. Smart,,,,,Mid-Range,16-24 Left Center,2002.0,2.0,0.0,Powell,1626181.0,,,,,,,,,,,,,,,
603,PT05M04.00S,2026-03-20T02:16:57.4Z,4,REGULAR,freethrow,1 of 2,['fromturnover'],1626181,,,1610612748,106,111,2026-03-20T02:17:33Z,5750000,False,,,0,,N. Powell Free Throw 1 of 2 (15 PTS),[1626181],1610612748.0,MIA,,,,Powell,N. Powell,,,,,,,,,,,,Made,15.0,,,,,,,,,,,,,
604,PT05M04.00S,2026-03-20T02:17:16.5Z,4,REGULAR,freethrow,2 of 2,['fromturnover'],1626181,,,1610612748,107,111,2026-03-20T02:17:33Z,5760000,False,,,0,,N. Powell Free Throw 2 of 2 (16 PTS),[1626181],1610612748.0,MIA,,,,Powell,N. Powell,,,,,,,,,,,,Made,16.0,,,,,,,,,,,,,
605,PT04M55.00S,2026-03-20T02:17:26.0Z,4,REGULAR,3pt,Jump Shot,[],1630559,5.075558475689881,94.36274509803921,1610612747,107,111,2026-03-20T02:17:59Z,5770000,False,-222.0,-5.0,1,left,MISS A. Reaves 3PT,[1630559],1610612747.0,LAL,,,,Reaves,A. Reaves,,,,,Left Corner 3,24+ Left,,,,,,Missed,,,,,22.19,,,,,,,,,
606,PT04M55.00S,2026-03-20T02:17:26.0Z,4,REGULAR,rebound,offensive,[],2544,,,1610612747,107,111,2026-03-20T02:17:59Z,5780000,False,,,0,,L. James REBOUND (Off:3 Def:11),[2544],1610612747.0,LAL,,,,James,L. James,,,,,Left Corner 3,24+ Left,,,,,,,,,,,,,,,605.0,14.0,11.0,3.0,,
607,PT04M53.00S,2026-03-20T02:17:32.2Z,4,REGULAR,2pt,Layup,"['pointsinthepaint', '2ndchance']",2544,7.178055190538765,47.794117647058826,1610612747,107,111,2026-03-20T02:18:09Z,5790000,False,11.0,15.0,1,left,MISS L. James putback Layup,[2544],1610612747.0,LAL,putback,,,James,L. James,,,,,Restricted Area,0-8 Center,,,,,,Missed,,,,,1.86,,,,,,,,,
611,PT04M53.00S,2026-03-20T02:17:32.2Z,4,REGULAR,rebound,offensive,[],2544,,,1610612747,107,111,2026-03-20T02:18:09Z,5800000,False,,,0,,L. James REBOUND (Off:4 Def:11),[2544],1610612747.0,LAL,,,,James,L. James,,,,,Restricted Area,0-8 Center,,,,,,,,,,,,,,,607.0,15.0,11.0,4.0,,
612,PT04M53.00S,2026-03-20T02:17:38.7Z,4,REGULAR,foul,personal,"['inpenalty', '2freethrow']",1628389,,,1610612747,107,111,2026-03-20T02:17:47Z,5810000,False,,,0,,B. Adebayo shooting personal FOUL (2 PF) (James 2 FT),"[1628389, 2544]",1610612748.0,MIA,shooting,,,Adebayo,B. Adebayo,,,,,In The Paint (Non-RA),0-8 Center,200834.0,2.0,0.0,James,2544.0,,,,,,,,,,,,,,,
614,PT04M53.00S,2026-03-20T02:17:59.1Z,4,REGULAR,freethrow,1 of 2,['2ndchance'],2544,,,1610612747,107,111,2026-03-20T02:17:59Z,5830000,False,,,0,,MISS L. James Free Throw 1 of 2,[2544],1610612747.0,LAL,,,,James,L. James,,,,,,,,,,,,Missed,,,,,,,,,,,,,,
615,PT04M53.00S,2026-03-20T02:17:59.1Z,4,REGULAR,rebound,offensive,"['deadball', 'team']",0,,,1610612747,107,111,2026-03-20T02:17:59Z,5840000,False,,,0,,TEAM offensive REBOUND,[],1610612747.0,LAL,,,,,,,,,,,,,,,,,,,,,,,,,,614.0,,,,,
616,PT04M53.00S,2026-03-20T02:18:11.9Z,4,REGULAR,freethrow,2 of 2,['2ndchance'],2544,,,1610612747,107,112,2026-03-20T02:18:11Z,5850000,False,,,0,,L. James Free Throw 2 of 2 (17 PTS),[2544],1610612747.0,LAL,,,,James,L. James,,,,,,,,,,,,Made,17.0,,,,,,,,,,,,,
617,PT04M39.00S,2026-03-20T02:18:29.5Z,4,REGULAR,turnover,lost ball,[],1626181,,,1610612748,107,112,2026-03-20T02:18:33Z,5860000,False,,,0,,N. Powell lost ball TURNOVER (1 TO),"[1626181, 1629029]",1610612748.0,MIA,,,,Powell,N. Powell,,,,,In The Paint (Non-RA),8-16 Center,,,,,,,,1.0,Dončić,1629029.0,,,,,,,,,,
618,PT04M39.00S,2026-03-20T02:18:29.5Z,4,REGULAR,steal,,[],1629029,,,1610612747,107,112,2026-03-20T02:18:31Z,5870000,False,,,0,,L. Dončić STEAL (5 STL),[1629029],1610612747.0,LAL,,,,Dončić,L. Dončić,,,,,In The Paint (Non-RA),8-16 Center,,,,,,,,,,,,,,,,,,,,
619,PT04M31.00S,2026-03-20T02:18:37.1Z,4,REGULAR,2pt,Jump Shot,"['fastbreak', 'pointsinthepaint', 'fromturnover']",1629029,14.536793692509855,37.254901960784316,1610612747,107,114,2026-03-20T02:22:42Z,5880000,False,64.0,84.0,1,left,L. Dončić 10' running pullup Jump Shot (45 PTS),[1629029],1610612747.0,LAL,running pullup,,,Dončić,L. Dončić,,,,,In The Paint (Non-RA),8-16 Right,,,,,,Made,45.0,,,,10.55,,,,,,,,,
620,PT04M17.00S,2026-03-20T02:18:51.2Z,4,REGULAR,3pt,Jump Shot,[],1630558,93.64323258869908,2.696078431372549,1610612748,110,114,2026-03-20T02:18:56Z,5890000,False,-237.0,7.0,1,right,D. Mitchell 3PT pullup (14 PTS) (B. Adebayo 2 AST),"[1630558, 1628389]",1610612748.0,MIA,pullup,,,Mitchell,D. Mitchell,,,,,Left Corner 3,24+ Left,,,,,,Made,14.0,,,,23.66,B. Adebayo,1628389.0,2.0,,,,,,
622,PT03M54.00S,2026-03-20T02:19:16.5Z,4,REGULAR,2pt,Jump Shot,['pointsinthepaint'],1629029,7.5722733245729295,56.127450980392155,1610612747,110,116,2026-03-20T02:23:15Z,5910000,False,-31.0,19.0,1,left,L. Dončić driving floating Jump Shot (47 PTS),[1629029],1610612747.0,LAL,driving floating,,,Dončić,L. Dončić,,,,,Restricted Area,0-8 Center,,,,,,Made,47.0,,,,3.59,,,,,,,,,
623,PT03M54.00S,2026-03-20T02:19:33.1Z,4,REGULAR,foul,personal,"['inpenalty', '1freethrow']",1626181,,,1610612747,110,116,2026-03-20T02:19:37Z,5920000,False,,,0,,N. Powell shooting personal FOUL (5 PF) (Dončić 1 FT),"[1626181, 1629029]",1610612748.0,MIA,shooting,,,Powell,N. Powell,,,,,Restricted Area,0-8 Center,200834.0,5.0,0.0,Dončić,1629029.0,,,,,,,,,,,,,,,
625,PT03M54.00S,2026-03-20T02:19:52.1Z,4,REGULAR,freethrow,1 of 1,[],1629029,,,1610612747,110,117,2026-03-20T02:19:52Z,5940000,False,,,0,,L. Dončić Free Throw 1 of 1 (48 PTS),[1629029],1610612747.0,LAL,,,,Dončić,L. Dončić,,,,,,,,,,,,Made,48.0,,,,,,,,,,,,,
626,PT03M47.00S,2026-03-20T02:20:00.7Z,4,REGULAR,turnover,lost ball,[],1641796,,,1610612748,110,117,2026-03-20T02:20:05Z,5950000,False,,,0,,P. Larsson lost ball TURNOVER (4 TO),"[1641796, 203935]",1610612748.0,MIA,,,,Larsson,P. Larsson,,,,,Mid-Range,16-24 Center,,,,,,,,4.0,Smart,203935.0,,,,,,,,,,
627,PT03M47.00S,2026-03-20T02:20:00.7Z,4,REGULAR,steal,,[],203935,,,1610612747,110,117,2026-03-20T02:20:03Z,5960000,False,,,0,,M. Smart STEAL (2 STL),[203935],1610612747.0,LAL,,,,Smart,M. Smart,,,,,Mid-Range,16-24 Center,,,,,,,,,,,,,,,,,,,,
628,PT03M41.00S,2026-03-20T02:20:05.7Z,4,REGULAR,2pt,Layup,"['pointsinthepaint', 'fromturnover', 'fastbreak']",2544,6.1268068331143235,46.81372549019608,1610612747,110,117,2026-03-20T02:24:18Z,5970000,False,16.0,5.0,1,left,MISS L. James running Layup,[2544],1610612747.0,LAL,running,,,James,L. James,,,,,Restricted Area,0-8 Center,,,,,,Missed,,,,,1.67,,,,,,,,,
629,PT03M40.00S,2026-03-20T02:20:06.7Z,4,REGULAR,rebound,offensive,[],1629029,,,1610612747,110,117,2026-03-20T02:20:11Z,5980000,False,,,0,,L. Dončić REBOUND (Off:1 Def:6),[1629029],1610612747.0,LAL,,,,Dončić,L. Dončić,,,,,Restricted Area,0-8 Center,,,,,,,,,,,,,,,628.0,7.0,6.0,1.0,,
630,PT03M40.00S,2026-03-20T02:20:09.4Z,4,REGULAR,2pt,Layup,"['pointsinthepaint', 'fromturnover', '2ndchance']",1629029,6.521024967148489,48.77450980392157,1610612747,110,119,2026-03-20T02:20:15Z,5990000,False,6.0,9.0,1,left,L. Dončić putback Layup (50 PTS),[1629029],1610612747.0,LAL,putback,,,Dončić,L. Dončić,,,,,Restricted Area,0-8 Center,,,,,,Made,50.0,,,,1.07,,,,,,,,,
631,PT03M40.00S,2026-03-20T02:20:15.7Z,4,REGULAR,timeout,full,['team'],0,,,1610612748,110,119,2026-03-20T02:20:15Z,6000000,False,,,0,,MIA Timeout,[],1610612748.0,MIA,,,,,,,,,,,,,,,,,,,,,,,,,,,,,,,
632,PT03M28.00S,2026-03-20T02:22:01.6Z,4,REGULAR,2pt,Layup,['pointsinthepaint'],1626181,93.77463863337714,52.450980392156865,1610612748,112,119,2026-03-20T02:22:05Z,6010000,False,12.0,6.0,1,right,N. Powell driving Layup (18 PTS) (D. Mitchell 6 AST),"[1626181, 1630558]",1610612748.0,MIA,driving,,,Powell,N. Powell,,,,,Restricted Area,0-8 Center,,,,,,Made,18.0,,,,1.37,D. Mitchell,1630558.0,6.0,,,,,,
634,PT02M58.00S,2026-03-20T02:22:32.0Z,4,REGULAR,2pt,Jump Shot,['pointsinthepaint'],2544,8.886333771353483,49.50980392156863,1610612747,112,119,2026-03-20T02:22:37Z,6030000,False,2.0,31.0,1,left,MISS L. James driving bank Shot,[2544],1610612747.0,LAL,driving bank,,,James,L. James,,,,,Restricted Area,0-8 Center,,,,,,Missed,,,,,3.11,,,,,,,,,
635,PT02M58.00S,2026-03-20T02:22:32.0Z,4,REGULAR,rebound,defensive,['team'],0,,,1610612748,112,119,2026-03-20T02:22:37Z,6040000,False,,,0,,TEAM defensive REBOUND,[],1610612748.0,MIA,,,,,,,,,,Restricted Area,0-8 Center,,,,,,,,,,,,,,,634.0,,,,,
637,PT02M45.00S,2026-03-20T02:22:49.5Z,4,REGULAR,2pt,Jump Shot,['pointsinthepaint'],1629639,83.39356110381078,41.42156862745098,1610612748,114,119,2026-03-20T02:22:53Z,6060000,False,-43.0,104.0,1,right,T. Herro 11' turnaround fadeaway Jump Shot (15 PTS),[1629639],1610612748.0,MIA,turnaround fadeaway,,,Herro,T. Herro,,,,,In The Paint (Non-RA),8-16 Center,,,,,,Made,15.0,,,,11.21,,,,,,,,,
638,PT02M25.00S,2026-03-20T02:23:14.9Z,4,REGULAR,foul,personal,"['inpenalty', '2freethrow']",1628389,,,1610612747,114,119,2026-03-20T02:23:21Z,6070000,False,,,0,,B. Adebayo personal FOUL (3 PF) (Dončić 2 FT),"[1628389, 1629029]",1610612748.0,MIA,,,,Adebayo,B. Adebayo,,,,,Mid-Range,16-24 Left Center,2004.0,3.0,0.0,Dončić,1629029.0,,,,,,,,,,,,,,,
640,PT02M25.00S,2026-03-20T02:23:44.4Z,4,REGULAR,freethrow,1 of 2,[],1629029,,,1610612747,114,120,2026-03-20T02:23:44Z,6090000,False,,,0,,L. Dončić Free Throw 1 of 2 (51 PTS),[1629029],1610612747.0,LAL,,,,Dončić,L. Dončić,,,,,,,,,,,,Made,51.0,,,,,,,,,,,,,
641,PT02M25.00S,2026-03-20T02:24:04.5Z,4,REGULAR,freethrow,2 of 2,[],1629029,,,1610612747,114,121,2026-03-20T02:24:04Z,6100000,False,,,0,,L. Dončić Free Throw 2 of 2 (52 PTS),[1629029],1610612747.0,LAL,,,,Dončić,L. Dončić,,,,,,,,,,,,Made,52.0,,,,,,,,,,,,,
642,PT02M18.00S,2026-03-20T02:24:14.9Z,4,REGULAR,2pt,Jump Shot,['pointsinthepaint'],1629639,81.15965834428384,50.49019607843137,1610612748,116,121,2026-03-20T02:24:20Z,6110000,False,2.0,125.0,1,right,T. Herro 12' pullup Jump Shot (17 PTS),[1629639],1610612748.0,MIA,pullup,,,Herro,T. Herro,,,,,In The Paint (Non-RA),8-16 Center,,,,,,Made,17.0,,,,12.46,,,,,,,,,
643,PT02M18.00S,2026-03-20T02:24:24.3Z,4,REGULAR,foul,personal,"['inpenalty', '1freethrow']",1630559,,,1610612748,116,121,2026-03-20T02:24:30Z,6120000,False,,,0,,A. Reaves shooting personal FOUL (2 PF) (Herro 1 FT),"[1630559, 1629639]",1610612747.0,LAL,shooting,,,Reaves,A. Reaves,,,,,In The Paint (Non-RA),8-16 Center,200834.0,2.0,0.0,Herro,1629639.0,,,,,,,,,,,,,,,
645,PT02M18.00S,2026-03-20T02:24:47.6Z,4,REGULAR,freethrow,1 of 1,[],1629639,,,1610612748,117,121,2026-03-20T02:24:47Z,6140000,False,,,0,,T. Herro Free Throw 1 of 1 (18 PTS),[1629639],1610612748.0,MIA,,,,Herro,T. Herro,,,,,,,,,,,,Made,18.0,,,,,,,,,,,,,
646,PT01M59.00S,2026-03-20T02:25:08.0Z,4,REGULAR,3pt,Jump Shot,[],1629029,23.209592641261498,86.02941176470588,1610612747,117,124,2026-03-20T02:25:16Z,6150000,False,-180.0,166.0,1,left,L. Dončić 24' 3PT  (55 PTS) (L. James 10 AST),"[1629029, 2544]",1610612747.0,LAL,,,,Dončić,L. Dončić,,,,,Above the Break 3,24+ Left Center,,,,,,Made,55.0,,,,24.47,L. James,2544.0,10.0,,,,,,
648,PT01M52.00S,2026-03-20T02:25:16.7Z,4,REGULAR,2pt,Layup,['pointsinthepaint'],1630558,92.9862023653088,45.83333333333333,1610612748,119,124,2026-03-20T02:25:24Z,6170000,False,-21.0,13.0,1,right,D. Mitchell driving Layup (16 PTS),[1630558],1610612748.0,MIA,driving,,,Mitchell,D. Mitchell,,,,,Restricted Area,0-8 Center,,,,,,Made,16.0,,,,2.47,,,,,,,,,
649,PT01M37.00S,2026-03-20T02:25:38.3Z,4,REGULAR,2pt,Layup,['pointsinthepaint'],2544,7.046649145860711,51.225490196078425,1610612747,119,126,2026-03-20T02:25:44Z,6180000,False,-6.0,14.0,1,left,L. James driving Layup (19 PTS) (M. Smart 4 AST),"[2544, 203935]",1610612747.0,LAL,driving,,,James,L. James,,,,,Restricted Area,0-8 Center,,,,,,Made,19.0,,,,1.5,M. Smart,203935.0,4.0,,,,,,
651,PT01M27.00S,2026-03-20T02:25:49.2Z,4,REGULAR,2pt,Jump Shot,[],1628389,78.9257555847569,49.01960784313725,1610612748,119,126,2026-03-20T02:25:53Z,6200000,False,-5.0,146.0,1,right,MISS B. Adebayo 14' pullup Shot,[1628389],1610612748.0,MIA,pullup,,,Adebayo,B. Adebayo,,,,,Mid-Range,8-16 Center,,,,,,Missed,,,,,14.57,,,,,,,,,
652,PT01M24.00S,2026-03-20T02:25:52.4Z,4,REGULAR,rebound,offensive,[],1641796,,,1610612748,119,126,2026-03-20T02:25:52Z,6210000,False,,,0,,P. Larsson REBOUND (Off:1 Def:0),[1641796],1610612748.0,MIA,,,,Larsson,P. Larsson,,,,,Mid-Range,8-16 Center,,,,,,,,,,,,,,,651.0,1.0,0.0,1.0,,
653,PT01M23.00S,2026-03-20T02:25:55.0Z,4,REGULAR,2pt,Layup,"['pointsinthepaint', '2ndchance']",1626181,92.9862023653088,47.549019607843135,1610612748,121,126,2026-03-20T02:26:00Z,6220000,False,-12.0,13.0,1,right,N. Powell driving finger roll Layup (20 PTS) (P. Larsson 5 AST),"[1626181, 1641796]",1610612748.0,MIA,driving finger roll,,,Powell,N. Powell,,,,,Restricted Area,0-8 Center,,,,,,Made,20.0,,,,1.82,P. Larsson,1641796.0,5.0,,,,,,
655,PT01M01.00S,2026-03-20T02:26:19.6Z,4,REGULAR,3pt,Jump Shot,[],1629029,15.588042049934298,95.83333333333334,1610612747,121,129,2026-03-20T02:26:26Z,6240000,False,-229.0,94.0,1,left,L. Dončić 24' 3PT fadeaway (58 PTS),[1629029],1610612747.0,LAL,fadeaway,,,Dončić,L. Dončić,,,,,Above the Break 3,24+ Left,,,,,,Made,58.0,,,,24.77,,,,,,,,,
656,PT00M55.70S,2026-03-20T02:26:28.3Z,4,REGULAR,3pt,Jump Shot,[],1629639,70.51576872536137,21.07843137254902,1610612748,124,129,2026-03-20T02:34:55Z,6250000,False,-145.0,225.0,1,right,T. Herro 26' 3PT pullup (21 PTS),[1629639],1610612748.0,MIA,pullup,,,Herro,T. Herro,,,,,Above the Break 3,24+ Left Center,,,,,,Made,21.0,,,,26.72,,,,,,,,,
657,PT00M55.20S,2026-03-20T02:26:36.6Z,4,REGULAR,foul,personal,"['inpenalty', '1freethrow']",1630558,,,1610612747,124,129,2026-03-20T02:28:14Z,6260000,False,,,0,,D. Mitchell away-from-play personal FOUL (1 PF) (Dončić 1 FT),"[1630558, 1629029]",1610612748.0,MIA,away-from-play,,,Mitchell,D. Mitchell,,,,,Restricted Area,0-8 Center,2002.0,1.0,0.0,Dončić,1629029.0,,,,,,,,,,,,,,,
659,PT00M55.20S,2026-03-20T02:27:17.1Z,4,REGULAR,freethrow,1 of 1,[],1629029,,,1610612747,124,130,2026-03-20T02:27:33Z,6280000,False,,,0,,L. Dončić away-from-play Free Throw 1 of 1 (59 PTS),[1629029],1610612747.0,LAL,away-from-play,,,Dončić,L. Dončić,,,,,,,,,,,,Made,59.0,,,,,,,,,,,,,
661,PT00M37.80S,2026-03-20T02:28:14.1Z,4,REGULAR,foul,personal,"['inpenalty', '2freethrow']",1626181,,,1610612748,124,130,2026-03-20T02:28:22Z,6300000,False,,,0,,N. Powell personal FOUL (6 PF) (Reaves 2 FT),"[1626181, 1630559]",1610612748.0,MIA,,,,Powell,N. Powell,,,,,Above the Break 3,24+ Right Center,2004.0,6.0,0.0,Reaves,1630559.0,,,,,,,,,,,,,,,
663,PT00M37.80S,2026-03-20T02:29:00.1Z,4,REGULAR,timeout,full,['team'],0,,,1610612748,124,130,2026-03-20T02:29:00Z,6320000,False,,,0,,MIA Timeout,[],1610612748.0,MIA,,,,,,,,,,,,,,,,,,,,,,,,,,,,,,,
665,PT00M37.80S,2026-03-20T02:30:38.5Z,4,REGULAR,substitution,out,[],1626181,,,1610612748,124,130,2026-03-20T02:30:53Z,6340000,False,,,0,,SUB out: N. Powell,[1626181],1610612748.0,MIA,,,,Powell,N. Powell,,,,,,,,,,,,,,,,,,,,,,,,,,
666,PT00M37.80S,2026-03-20T02:30:38.5Z,4,REGULAR,substitution,in,[],1631323,,,1610612748,124,130,2026-03-20T02:30:53Z,6350000,False,,,0,,SUB in: S. Fontecchio,[1631323],1610612748.0,MIA,,,,Fontecchio,S. Fontecchio,,,,,,,,,,,,,,,,,,,,,,,,,,
667,PT00M37.80S,2026-03-20T02:30:55.5Z,4,REGULAR,freethrow,1 of 2,[],1630559,,,1610612747,124,130,2026-03-20T02:31:20Z,6360000,False,,,0,,MISS A. Reaves Free Throw 1 of 2,[1630559],1610612747.0,LAL,,,,Reaves,A. Reaves,,,,,,,,,,,,Missed,,,,,,,,,,,,,,
668,PT00M37.80S,2026-03-20T02:30:55.5Z,4,REGULAR,rebound,offensive,"['team', 'deadball']",0,,,1610612747,124,130,2026-03-20T02:31:20Z,6370000,False,,,0,,TEAM offensive REBOUND,[],1610612747.0,LAL,,,,,,,,,,,,,,,,,,,,,,,,,,667.0,,,,,
669,PT00M37.80S,2026-03-20T02:30:55.5Z,4,REGULAR,freethrow,2 of 2,[],1630559,,,1610612747,124,131,2026-03-20T02:31:20Z,6380000,False,,,0,,A. Reaves Free Throw 2 of 2 (18 PTS),[1630559],1610612747.0,LAL,,,,Reaves,A. Reaves,,,,,,,,,,,,Made,18.0,,,,,,,,,,,,,
670,PT00M30.70S,2026-03-20T02:31:21.3Z,4,REGULAR,turnover,out-of-bounds,[],1629639,,,1610612748,124,131,2026-03-20T02:31:37Z,6390000,False,,,0,,T. Herro bad pass out-of-bounds TURNOVER (4 TO),[1629639],1610612748.0,MIA,bad pass,,,Herro,T. Herro,,,,,Mid-Range,16-24 Left Center,2002.0,,,,,,,4.0,,,,,,,,,,,,
671,PT00M22.60S,2026-03-20T02:31:48.3Z,4,REGULAR,timeout,full,['team'],0,,,1610612747,124,131,2026-03-20T02:31:48Z,6400000,False,,,0,,LAL Timeout,[],1610612747.0,LAL,,,,,,,,,,,,,,,,,,,,,,,,,,,,,,,
672,PT00M22.60S,2026-03-20T02:32:03.2Z,4,REGULAR,substitution,out,[],1631323,,,1610612747,124,131,2026-03-20T02:33:16Z,6410000,False,,,0,,SUB out: S. Fontecchio,[1631323],1610612748.0,MIA,,,,Fontecchio,S. Fontecchio,,,,,,,,,,,,,,,,,,,,,,,,,,
673,PT00M22.60S,2026-03-20T02:32:03.2Z,4,REGULAR,substitution,out,[],1629028,,,1610612747,124,131,2026-03-20T02:33:16Z,6420000,False,,,0,,SUB out: D. Ayton,[1629028],1610612747.0,LAL,,,,Ayton,D. Ayton,,,,,,,,,,,,,,,,,,,,,,,,,,
674,PT00M22.60S,2026-03-20T02:32:03.2Z,4,REGULAR,substitution,in,[],1642857,,,1610612747,124,131,2026-03-20T02:33:16Z,6430000,False,,,0,,SUB in: K. Jakučionis,[1642857],1610612748.0,MIA,,,,Jakučionis,K. Jakučionis,,,,,,,,,,,,,,,,,,,,,,,,,,
675,PT00M22.60S,2026-03-20T02:32:03.2Z,4,REGULAR,substitution,in,[],1628379,,,1610612747,124,131,2026-03-20T02:33:16Z,6440000,False,,,0,,SUB in: L. Kennard,[1628379],1610612747.0,LAL,,,,Kennard,L. Kennard,,,,,,,,,,,,,,,,,,,,,,,,,,
676,PT00M20.80S,2026-03-20T02:33:27.5Z,4,REGULAR,foul,personal,"['inpenalty', '2freethrow']",1629639,,,1610612747,124,131,2026-03-20T02:33:53Z,6450000,False,,,0,,T. Herro take personal FOUL (3 PF) (Smart 2 FT),"[1629639, 203935]",1610612748.0,MIA,take,,,Herro,T. Herro,,,,,Mid-Range,8-16 Left,200834.0,3.0,0.0,Smart,203935.0,,,,,,,,,,,,,,,
678,PT00M20.80S,2026-03-20T02:33:58.3Z,4,REGULAR,freethrow,1 of 2,['fromturnover'],203935,,,1610612747,124,132,2026-03-20T02:33:58Z,6470000,False,,,0,,M. Smart Free Throw 1 of 2 (12 PTS),[203935],1610612747.0,LAL,,,,Smart,M. Smart,,,,,,,,,,,,Made,12.0,,,,,,,,,,,,,
679,PT00M20.80S,2026-03-20T02:34:03.4Z,4,REGULAR,substitution,out,[],1628379,,,1610612747,124,132,2026-03-20T02:34:09Z,6480000,False,,,0,,SUB out: L. Kennard,[1628379],1610612747.0,LAL,,,,Kennard,L. Kennard,,,,,,,,,,,,,,,,,,,,,,,,,,
680,PT00M20.80S,2026-03-20T02:34:03.4Z,4,REGULAR,substitution,in,[],1629028,,,1610612747,124,132,2026-03-20T02:34:09Z,6490000,False,,,0,,SUB in: D. Ayton,[1629028],1610612747.0,LAL,,,,Ayton,D. Ayton,,,,,,,,,,,,,,,,,,,,,,,,,,
681,PT00M20.80S,2026-03-20T02:34:22.6Z,4,REGULAR,freethrow,2 of 2,['fromturnover'],203935,,,1610612747,124,133,2026-03-20T02:34:22Z,6500000,False,,,0,,M. Smart Free Throw 2 of 2 (13 PTS),[203935],1610612747.0,LAL,,,,Smart,M. Smart,,,,,,,,,,,,Made,13.0,,,,,,,,,,,,,
682,PT00M15.60S,2026-03-20T02:34:31.5Z,4,REGULAR,2pt,Layup,['pointsinthepaint'],1642857,92.59198423127464,53.431372549019606,1610612748,126,133,2026-03-20T02:34:39Z,6510000,False,17.0,17.0,1,right,K. Jakučionis driving finger roll Layup (7 PTS),[1642857],1610612748.0,MIA,driving finger roll,,,Jakučionis,K. Jakučionis,,,,,Restricted Area,0-8 Center,,,,,,Made,7.0,,,,2.43,,,,,,,,,
683,PT00M14.80S,2026-03-20T02:34:41.9Z,4,REGULAR,foul,personal,"['inpenalty', '2freethrow']",1641796,,,1610612747,126,133,2026-03-20T02:34:57Z,6520000,False,,,0,,P. Larsson personal FOUL (3 PF) (Dončić 2 FT),"[1641796, 1629029]",1610612748.0,MIA,,,,Larsson,P. Larsson,,,,,Above the Break 3,24+ Center,2004.0,3.0,0.0,Dončić,1629029.0,,,,,,,,,,,,,,,
685,PT00M14.80S,2026-03-20T02:35:10.7Z,4,REGULAR,freethrow,1 of 2,[],1629029,,,1610612747,126,133,2026-03-20T02:35:10Z,6540000,False,,,0,,MISS L. Dončić Free Throw 1 of 2,[1629029],1610612747.0,LAL,,,,Dončić,L. Dončić,,,,,,,,,,,,Missed,,,,,,,,,,,,,,
686,PT00M14.80S,2026-03-20T02:35:10.7Z,4,REGULAR,rebound,offensive,"['deadball', 'team']",0,,,1610612747,126,133,2026-03-20T02:35:10Z,6550000,False,,,0,,TEAM offensive REBOUND,[],1610612747.0,LAL,,,,,,,,,,,,,,,,,,,,,,,,,,685.0,,,,,
687,PT00M14.80S,2026-03-20T02:35:30.5Z,4,REGULAR,freethrow,2 of 2,[],1629029,,,1610612747,126,134,2026-03-20T02:35:30Z,6560000,False,,,0,,L. Dončić Free Throw 2 of 2 (60 PTS),[1629029],1610612747.0,LAL,,,,Dončić,L. Dončić,,,,,,,,,,,,Made,60.0,,,,,,,,,,,,,
688,PT00M10.10S,2026-03-20T02:35:37.6Z,4,REGULAR,3pt,Jump Shot,[],1629639,69.20170827858082,72.79411764705883,1610612748,126,134,2026-03-20T02:35:42Z,6570000,False,114.0,237.0,1,right,MISS T. Herro 26' pullup 3PT,[1629639],1610612748.0,MIA,pullup,,,Herro,T. Herro,,,,,Above the Break 3,24+ Right Center,,,,,,Missed,,,,,26.3,,,,,,,,,
689,PT00M07.50S,2026-03-20T02:35:40.2Z,4,REGULAR,rebound,offensive,[],1628389,,,1610612748,126,134,2026-03-20T02:35:40Z,6580000,False,,,0,,B. Adebayo REBOUND (Off:2 Def:8),[1628389],1610612748.0,MIA,,,,Adebayo,B. Adebayo,,,,,Above the Break 3,24+ Right Center,,,,,,,,,,,,,,,688.0,10.0,8.0,2.0,,
690,PT00M05.80S,2026-03-20T02:35:41.9Z,4,REGULAR,3pt,Jump Shot,['2ndchance'],1630558,85.23324572930355,2.450980392156863,1610612748,126,134,2026-03-20T02:35:46Z,6590000,False,-238.0,86.0,1,right,MISS D. Mitchell 25' 3PT,[1630558],1610612748.0,MIA,,,,Mitchell,D. Mitchell,,,,,Left Corner 3,24+ Left,,,,,,Missed,,,,,25.29,,,,,,,,,
691,PT00M02.00S,2026-03-20T02:35:45.7Z,4,REGULAR,rebound,offensive,[],1641796,,,1610612748,126,134,2026-03-20T02:35:45Z,6600000,False,,,0,,P. Larsson REBOUND (Off:2 Def:0),[1641796],1610612748.0,MIA,,,,Larsson,P. Larsson,,,,,Left Corner 3,24+ Left,,,,,,,,,,,,,,,690.0,2.0,0.0,2.0,,
692,PT00M00.60S,2026-03-20T02:35:48.1Z,4,REGULAR,3pt,Jump Shot,['2ndchance'],1628389,69.20170827858082,22.30392156862745,1610612748,126,134,2026-03-20T02:36:00Z,6610000,False,-138.0,237.0,1,right,MISS B. Adebayo 27' 3PT,[1628389],1610612748.0,MIA,,,,Adebayo,B. Adebayo,,,,,Above the Break 3,24+ Left Center,,,,,,Missed,,,,,27.45,,,,,,,,,
693,PT00M00.20S,2026-03-20T02:35:48.5Z,4,REGULAR,rebound,defensive,[],1630559,,,1610612747,126,134,2026-03-20T02:36:00Z,6620000,False,,,0,,A. Reaves REBOUND (Off:1 Def:4),[1630559],1610612747.0,LAL,,,,Reaves,A. Reaves,,,,,Above the Break 3,24+ Left Center,,,,,,,,,,,,,,,692.0,5.0,4.0,1.0,,
694,PT00M00.00S,2026-03-20T02:36:00.0Z,4,REGULAR,period,end,[],0,,,1610612747,126,134,2026-03-20T02:36:00Z,6630000,False,,,0,,Period End,[],,,,,,,,,,,,,,,,,,,,,,,,,,,,,,,,,
695,PT00M00.00S,2026-03-20T02:36:07.9Z,4,REGULAR,game,end,[],0,,,0,126,134,2026-03-20T02:36:07Z,6640000,False,,,0,,Game End,[],,,,,,,,,,,,,,,,,,,,,,,,,,,,,,,,,
