actionNumber,clock,timeActual,period,periodType,actionType,subType,qualifiers,personId,x,y,possession,scoreHome,scoreAway,edited,orderNumber,isTargetScoreLastPeriod,xLegacy,yLegacy,isFieldGoal,side,description,personIdsFilter,teamId,teamTricode,descriptor,jumpBallRecoveredName,jumpBallRecoverdPersonId,playerName,playerNameI,jumpBallWonPlayerName,jumpBallWonPersonId,jumpBallLostPlayerName,jumpBallLostPersonId,area,areaDetail,shotDistance,shotResult,shotActionNumber,reboundTotal,reboundDefensiveTotal,reboundOffensiveTotal,pointsTotal,assistPlayerNameInitial,assistPersonId,assistTotal,turnoverTotal,blockPlayerName,blockPersonId,officialId,foulPersonalTotal,foulTechnicalTotal,foulDrawnPlayerName,foulDrawnPersonId,stealPlayerName,stealPersonId
2,PT12M00.00S,2025-12-23T02:42:56.0Z,1,REGULAR,period,start,[],0,,,0,0,0,2025-12-23T02:42:56Z,20000,False,,,0,,Period Start,[],,,,,,,,,,,,,,,,,,,,,,,,,,,,,,,,,
4,PT11M57.00S,2025-12-23T02:42:58.1Z,1,REGULAR,jumpball,recovered,[],1642907,,,1610612763,0,0,2025-12-23T02:42:58Z,40000,False,,,0,,Jump Ball J. Jackson Jr. vs. B. Carlson: Tip to C. Coward,"[1642907, 1628991, 1642382]",1610612763.0,MEM,startperiod,C. Coward,1642907.0,Coward,C. Coward,Jackson Jr.,1628991.0,Carlson,1642382.0,,,,,,,,,,,,,,,,,,,,,,
8,PT11M43.00S,2025-12-23T02:43:22.6Z,1,REGULAR,2pt,Jump Shot,['pointsinthepaint'],1628991,83.26215505913272,58.08823529411765,1610612763,0,0,2025-12-23T02:43:30Z,80000,False,40.0,105.0,1,right,MISS J. Jackson Jr. 11' driving floating Shot,[1628991],1610612763.0,MEM,driving floating,,,Jackson Jr.,J. Jackson Jr.,,,,,In The Paint (Non-RA),8-16 Center,11.23,Missed,,,,,,,,,,,,,,,,,,
9,PT11M37.00S,2025-12-23T02:43:28.6Z,1,REGULAR,rebound,defensive,[],1628983,,,1610612760,0,0,2025-12-23T02:43:30Z,90000,False,,,0,,S. Gilgeous-Alexander REBOUND (Off:0 Def:1),[1628983],1610612760.0,OKC,,,,Gilgeous-Alexander,S. Gilgeous-Alexander,,,,,In The Paint (Non-RA),8-16 Center,,,8.0,1.0,1.0,0.0,,,,,,,,,,,,,,
10,PT11M29.00S,2025-12-23T02:43:35.0Z,1,REGULAR,2pt,Layup,['pointsinthepaint'],1641717,4.02431011826544,52.69607843137255,1610612760,0,0,2025-12-23T02:43:41Z,100000,False,-13.0,-15.0,1,left,MISS C. Wallace driving finger roll Layup,[1641717],1610612760.0,OKC,driving finger roll,,,Wallace,C. Wallace,,,,,In The Paint (Non-RA),0-8 Center,2.0,Missed,,,,,,,,,,,,,,,,,,
11,PT11M27.00S,2025-12-23T02:43:37.0Z,1,REGULAR,rebound,defensive,[],1642907,,,1610612763,0,0,2025-12-23T02:43:41Z,110000,False,,,0,,C. Coward REBOUND (Off:0 Def:1),[1642907],1610612763.0,MEM,,,,Coward,C. Coward,,,,,In The Paint (Non-RA),0-8 Center,,,10.0,1.0,1.0,0.0,,,,,,,,,,,,,,
12,PT11M20.00S,2025-12-23T02:43:45.2Z,1,REGULAR,3pt,Jump Shot,[],1629111,93.51182654402102,96.32352941176471,1610612763,0,3,2025-12-23T02:43:49Z,120000,False,232.0,8.0,1,right,J. Landale 3PT  (3 PTS) (C. Spencer 1 AST),"[1629111, 1642285]",1610612763.0,MEM,,,,Landale,J. Landale,,,,,Right Corner 3,24+ Right,23.18,Made,,,,,3.0,C. Spencer,1642285.0,1.0,,,,,,,,,,
14,PT11M05.00S,2025-12-23T02:43:59.8Z,1,REGULAR,3pt,Jump Shot,[],1631114,5.601182654402102,94.6078431372549,1610612760,0,3,2025-12-23T02:44:04Z,140000,False,-223.0,0.0,1,left,MISS J. Williams 3PT,[1631114],1610612760.0,OKC,,,,Williams,J. Williams,,,,,Left Corner 3,24+ Left,22.3,Missed,,,,,,,,,,,,,,,,,,
15,PT11M02.00S,2025-12-23T02:44:02.8Z,1,REGULAR,rebound,defensive,[],1642377,,,1610612763,0,3,2025-12-23T02:44:04Z,150000,False,,,0,,J. Wells REBOUND (Off:0 Def:1),[1642377],1610612763.0,MEM,,,,Wells,J. Wells,,,,,Left Corner 3,24+ Left,,,14.0,1.0,1.0,0.0,,,,,,,,,,,,,,
16,PT10M47.00S,2025-12-23T02:44:17.9Z,1,REGULAR,3pt,Jump Shot,[],1642285,78.66294349540078,5.88235294117647,1610612763,0,3,2025-12-23T02:44:23Z,160000,False,-221.0,148.0,1,right,MISS C. Spencer 26' 3PT,[1642285],1610612763.0,MEM,,,,Spencer,C. Spencer,,,,,Above the Break 3,24+ Left Center,26.57,Missed,,,,,,,,,,,,,,,,,,
17,PT10M42.00S,2025-12-23T02:44:22.9Z,1,REGULAR,rebound,defensive,[],1628983,,,1610612760,0,3,2025-12-23T02:44:23Z,170000,False,,,0,,S. Gilgeous-Alexander REBOUND (Off:0 Def:2),[1628983],1610612760.0,OKC,,,,Gilgeous-Alexander,S. Gilgeous-Alexander,,,,,Above the Break 3,24+ Left Center,,,16.0,2.0,2.0,0.0,,,,,,,,,,,,,,
18,PT10M35.00S,2025-12-23T02:44:29.8Z,1,REGULAR,2pt,Jump Shot,['pointsinthepaint'],1628983,4.5499342969776615,59.31372549019608,1610612760,0,3,2025-12-23T02:46:01Z,180000,False,-47.0,-10.0,1,left,MISS S. Gilgeous-Alexander driving floating Shot,[1628983],1610612760.0,OKC,driving floating,,,Gilgeous-Alexander,S. Gilgeous-Alexander,,,,,In The Paint (Non-RA),0-8 Center,4.76,Missed,,,,,,,,,,,,,,,,,,
19,PT10M33.00S,2025-12-23T02:44:31.8Z,1,REGULAR,rebound,defensive,[],1629111,,,1610612763,0,3,2025-12-23T02:44:35Z,190000,False,,,0,,J. Landale REBOUND (Off:0 Def:1),[1629111],1610612763.0,MEM,,,,Landale,J. Landale,,,,,In The Paint (Non-RA),0-8 Center,,,18.0,1.0,1.0,0.0,,,,,,,,,,,,,,
21,PT10M19.00S,2025-12-23T02:45:02.2Z,1,REGULAR,2pt,Hook,['pointsinthepaint'],1628991,94.95729303547962,61.274509803921575,1610612763,0,5,2025-12-23T02:45:06Z,210000,False,56.0,-5.0,1,right,J. Jackson Jr. turnaround Hook (2 PTS) (C. Coward 1 AST),"[1628991, 1642907]",1610612763.0,MEM,turnaround,,,Jackson Jr.,J. Jackson Jr.,,,,,In The Paint (Non-RA),0-8 Center,5.66,Made,,,,,2.0,C. Coward,1642907.0,1.0,,,,,,,,,,
23,PT09M58.00S,2025-12-23T02:45:23.4Z,1,REGULAR,2pt,Layup,['pointsinthepaint'],1629652,8.229303547963205,39.46078431372549,1610612760,0,5,2025-12-23T02:45:30Z,230000,False,53.0,25.0,1,left,MISS L. Dort driving reverse Layup,[1629652],1610612760.0,OKC,driving reverse,,,Dort,L. Dort,,,,,In The Paint (Non-RA),0-8 Center,5.83,Missed,,,,,,,,,,,,,,,,,,
24,PT09M56.00S,2025-12-23T02:45:25.4Z,1,REGULAR,rebound,defensive,[],1628991,,,1610612763,0,5,2025-12-23T02:45:30Z,240000,False,,,0,,J. Jackson Jr. REBOUND (Off:0 Def:1),[1628991],1610612763.0,MEM,,,,Jackson Jr.,J. Jackson Jr.,,,,,In The Paint (Non-RA),0-8 Center,,,23.0,1.0,1.0,0.0,,,,,,,,,,,,,,
25,PT09M48.00S,2025-12-23T02:45:32.6Z,1,REGULAR,3pt,Jump Shot,[],1642377,78.66294349540078,5.392156862745098,1610612763,0,5,2025-12-23T02:45:36Z,250000,False,-223.0,148.0,1,right,MISS J. Wells 26' 3PT,[1642377],1610612763.0,MEM,,,,Wells,J. Wells,,,,,Above the Break 3,24+ Left Center,26.77,Missed,,,,,,,,,,,,,,,,,,
26,PT09M45.00S,2025-12-23T02:45:35.6Z,1,REGULAR,rebound,defensive,[],1641717,,,1610612760,0,5,2025-12-23T02:45:36Z,260000,False,,,0,,C. Wallace REBOUND (Off:0 Def:1),[1641717],1610612760.0,OKC,,,,Wallace,C. Wallace,,,,,Above the Break 3,24+ Left Center,,,25.0,1.0,1.0,0.0,,,,,,,,,,,,,,
27,PT09M38.00S,2025-12-23T02:45:43.3Z,1,REGULAR,3pt,Jump Shot,[],1642382,22.28975032851511,87.74509803921569,1610612760,3,5,2025-12-23T02:45:47Z,270000,False,-189.0,157.0,1,left,B. Carlson 24' 3PT  (3 PTS) (C. Wallace 1 AST),"[1642382, 1641717]",1610612760.0,OKC,,,,Carlson,B. Carlson,,,,,Above the Break 3,24+ Left Center,24.55,Made,,,,,3.0,C. Wallace,1641717.0,1.0,,,,,,,,,,
29,PT09M24.00S,2025-12-23T02:45:57.2Z,1,REGULAR,2pt,DUNK,['pointsinthepaint'],1629111,92.46057818659659,47.794117647058826,1610612763,3,7,2025-12-23T02:46:00Z,290000,False,-11.0,18.0,1,right,J. Landale cutting DUNK (5 PTS) (C. Spencer 2 AST),"[1629111, 1642285]",1610612763.0,MEM,cutting,,,Landale,J. Landale,,,,,Restricted Area,0-8 Center,2.14,Made,,,,,5.0,C. Spencer,1642285.0,2.0,,,,,,,,,,
31,PT09M12.00S,2025-12-23T02:46:08.8Z,1,REGULAR,2pt,Jump Shot,[],1631114,5.469776609724048,71.56862745098039,1610612760,3,7,2025-12-23T02:46:14Z,310000,False,-108.0,-1.0,1,left,MISS J. Williams 10' fadeaway Shot,[1631114],1610612760.0,OKC,fadeaway,,,Williams,J. Williams,,,,,Mid-Range,8-16 Left,10.78,Missed,,,,,,,,,,,,,,,,,,
32,PT09M10.00S,2025-12-23T02:46:10.8Z,1,REGULAR,rebound,defensive,[],1642285,,,1610612763,3,7,2025-12-23T02:46:14Z,320000,False,,,0,,C. Spencer REBOUND (Off:0 Def:1),[1642285],1610612763.0,MEM,,,,Spencer,C. Spencer,,,,,Mid-Range,8-16 Left,,,31.0,1.0,1.0,0.0,,,,,,,,,,,,,,
33,PT09M08.00S,2025-12-23T02:46:16.1Z,1,REGULAR,turnover,out-of-bounds,[],1642285,,,1610612763,3,7,2025-12-23T02:46:25Z,330000,False,,,0,,C. Spencer bad pass out-of-bounds TURNOVER (1 TO),[1642285],1610612763.0,MEM,bad pass,,,Spencer,C. Spencer,,,,,Above the Break 3,24+ Center,,,,,,,,,,,1.0,,,,,,,,,
34,PT08M54.00S,2025-12-23T02:46:32.7Z,1,REGULAR,2pt,Jump Shot,"['pointsinthepaint', 'fromturnover']",1641717,13.87976346911958,40.44117647058824,1610612760,3,7,2025-12-23T02:46:37Z,340000,False,48.0,78.0,1,left,MISS C. Wallace 9' driving floating Shot,[1641717],1610612760.0,OKC,driving floating,,,Wallace,C. Wallace,,,,,In The Paint (Non-RA),8-16 Center,9.15,Missed,,,,,,,,,,,,,,,,,,
35,PT08M50.00S,2025-12-23T02:46:36.7Z,1,REGULAR,rebound,defensive,[],1642907,,,1610612763,3,7,2025-12-23T02:46:37Z,350000,False,,,0,,C. Coward REBOUND (Off:0 Def:2),[1642907],1610612763.0,MEM,,,,Coward,C. Coward,,,,,In The Paint (Non-RA),8-16 Center,,,34.0,2.0,2.0,0.0,,,,,,,,,,,,,,
36,PT08M34.00S,2025-12-23T02:46:52.9Z,1,REGULAR,3pt,Jump Shot,[],1642907,85.3646517739816,4.166666666666666,1610612763,3,10,2025-12-23T02:46:56Z,360000,False,-229.0,85.0,1,right,C. Coward 24' 3PT  (3 PTS) (J. Landale 1 AST),"[1642907, 1629111]",1610612763.0,MEM,,,,Coward,C. Coward,,,,,Left Corner 3,24+ Left,24.45,Made,,,,,3.0,J. Landale,1629111.0,1.0,,,,,,,,,,
38,PT08M34.00S,2025-12-23T02:47:00.5Z,1,REGULAR,timeout,full,"['team', 'mandatory']",0,,,1610612760,3,10,2025-12-23T02:47:00Z,380000,False,,,0,,OKC Timeout,[],1610612760.0,OKC,,,,,,,,,,,,,,,,,,,,,,,,,,,,,,,
39,PT08M20.00S,2025-12-23T02:50:32.4Z,1,REGULAR,3pt,Jump Shot,[],1631114,7.5722733245729295,95.58823529411765,1610612760,6,10,2025-12-23T02:50:37Z,390000,False,-228.0,19.0,1,left,J. Williams 3PT  (3 PTS) (S. Gilgeous-Alexander 1 AST),"[1631114, 1628983]",1610612760.0,OKC,,,,Williams,J. Williams,,,,,Left Corner 3,24+ Left,22.87,Made,,,,,3.0,S. Gilgeous-Alexander,1628983.0,1.0,,,,,,,,,,
41,PT07M56.00S,2025-12-23T02:50:56.9Z,1,REGULAR,2pt,Layup,['pointsinthepaint'],1629111,90.62089356110381,50.49019607843137,1610612763,6,10,2025-12-23T02:51:01Z,410000,False,2.0,36.0,1,right,MISS J. Landale Layup - blocked,"[1629111, 1629652]",1610612763.0,MEM,,,,Landale,J. Landale,,,,,Restricted Area,0-8 Center,3.58,Missed,,,,,,,,,,Dort,1629652.0,,,,,,,
42,PT07M56.00S,2025-12-23T02:50:56.9Z,1,REGULAR,block,,[],1629652,,,1610612763,6,10,2025-12-23T02:50:59Z,420000,False,,,0,,L. Dort BLOCK (1 BLK),[1629652],1610612760.0,OKC,,,,Dort,L. Dort,,,,,Restricted Area,0-8 Center,,,,,,,,,,,,,,,,,,,,
43,PT07M53.00S,2025-12-23T02:50:59.9Z,1,REGULAR,rebound,defensive,[],1642382,,,1610612760,6,10,2025-12-23T02:51:01Z,430000,False,,,0,,B. Carlson REBOUND (Off:0 Def:1),[1642382],1610612760.0,OKC,,,,Carlson,B. Carlson,,,,,Restricted Area,0-8 Center,,,41.0,1.0,1.0,0.0,,,,,,,,,,,,,,
44,PT07M47.00S,2025-12-23T02:51:05.7Z,1,REGULAR,3pt,Jump Shot,[],1629652,17.296320630749015,93.62745098039215,1610612760,6,10,2025-12-23T02:51:09Z,440000,False,-218.0,110.0,1,left,MISS L. Dort 24' 3PT,[1629652],1610612760.0,OKC,,,,Dort,L. Dort,,,,,Above the Break 3,24+ Left Center,24.43,Missed,,,,,,,,,,,,,,,,,,
45,PT07M44.00S,2025-12-23T02:51:08.7Z,1,REGULAR,rebound,defensive,[],1629111,,,1610612763,6,10,2025-12-23T02:51:09Z,450000,False,,,0,,J. Landale REBOUND (Off:0 Def:2),[1629111],1610612763.0,MEM,,,,Landale,J. Landale,,,,,Above the Break 3,24+ Left Center,,,44.0,2.0,2.0,0.0,,,,,,,,,,,,,,
46,PT07M37.00S,2025-12-23T02:51:16.8Z,1,REGULAR,foul,personal,['2freethrow'],1629652,,,1610612763,6,10,2025-12-23T02:51:28Z,460000,False,,,0,,L. Dort shooting personal FOUL (1 PF) (Jackson Jr. 2 FT),"[1629652, 1628991]",1610612760.0,OKC,shooting,,,Dort,L. Dort,,,,,Mid-Range,8-16 Left,,,,,,,,,,,,,,204058.0,1.0,0.0,Jackson Jr.,1628991.0,,
48,PT07M37.00S,2025-12-23T02:51:40.6Z,1,REGULAR,freethrow,1 of 2,[],1628991,,,1610612763,6,11,2025-12-23T02:52:02Z,480000,False,,,0,,J. Jackson Jr. Free Throw 1 of 2 (3 PTS),[1628991],1610612763.0,MEM,,,,Jackson Jr.,J. Jackson Jr.,,,,,,,,Made,,,,,3.0,,,,,,,,,,,,,
49,PT07M37.00S,2025-12-23T02:51:41.4Z,1,REGULAR,substitution,out,[],1642907,,,1610612763,6,11,2025-12-23T02:51:48Z,490000,False,,,0,,SUB out: C. Coward,[1642907],1610612763.0,MEM,,,,Coward,C. Coward,,,,,,,,,,,,,,,,,,,,,,,,,,
50,PT07M37.00S,2025-12-23T02:51:41.4Z,1,REGULAR,substitution,in,[],203484,,,1610612763,6,11,2025-12-23T02:51:48Z,500000,False,,,0,,SUB in: K. Caldwell-Pope,[203484],1610612763.0,MEM,,,,Caldwell-Pope,K. Caldwell-Pope,,,,,,,,,,,,,,,,,,,,,,,,,,
51,PT07M37.00S,2025-12-23T02:51:40.6Z,1,REGULAR,freethrow,2 of 2,[],1628991,,,1610612763,6,11,2025-12-23T02:52:02Z,510000,False,,,0,,MISS J. Jackson Jr. Free Throw 2 of 2,[1628991],1610612763.0,MEM,,,,Jackson Jr.,J. Jackson Jr.,,,,,,,,Missed,,,,,,,,,,,,,,,,,,
52,PT07M35.00S,2025-12-23T02:51:42.6Z,1,REGULAR,rebound,defensive,[],1631114,,,1610612760,6,11,2025-12-23T02:52:02Z,520000,False,,,0,,J. Williams REBOUND (Off:0 Def:1),[1631114],1610612760.0,OKC,,,,Williams,J. Williams,,,,,,,,,51.0,1.0,1.0,0.0,,,,,,,,,,,,,,
53,PT07M23.00S,2025-12-23T02:52:14.0Z,1,REGULAR,3pt,Jump Shot,[],1641717,25.837713534822605,17.401960784313726,1610612760,9,11,2025-12-23T02:52:18Z,530000,False,163.0,190.0,1,left,C. Wallace 25' 3PT pullup (3 PTS) (B. Carlson 1 AST),"[1641717, 1642382]",1610612760.0,OKC,pullup,,,Wallace,C. Wallace,,,,,Above the Break 3,24+ Right Center,25.06,Made,,,,,3.0,B. Carlson,1642382.0,1.0,,,,,,,,,,
55,PT07M08.00S,2025-12-23T02:52:28.2Z,1,REGULAR,2pt,Layup,['pointsinthepaint'],1642377,92.46057818659659,54.65686274509803,1610612763,9,11,2025-12-23T02:53:51Z,550000,False,23.0,18.0,1,right,MISS J. Wells driving Layup - blocked,"[1642377, 1628983]",1610612763.0,MEM,driving,,,Wells,J. Wells,,,,,Restricted Area,0-8 Center,2.97,Missed,,,,,,,,,,Gilgeous-Alexander,1628983.0,,,,,,,
56,PT07M08.00S,2025-12-23T02:52:28.2Z,1,REGULAR,block,,[],1628983,,,1610612763,9,11,2025-12-23T02:52:30Z,560000,False,,,0,,S. Gilgeous-Alexander BLOCK (1 BLK),[1628983],1610612760.0,OKC,,,,Gilgeous-Alexander,S. Gilgeous-Alexander,,,,,Restricted Area,0-8 Center,,,,,,,,,,,,,,,,,,,,
57,PT07M06.00S,2025-12-23T02:52:30.2Z,1,REGULAR,rebound,defensive,[],1641717,,,1610612760,9,11,2025-12-23T02:52:35Z,570000,False,,,0,,C. Wallace REBOUND (Off:0 Def:2),[1641717],1610612760.0,OKC,,,,Wallace,C. Wallace,,,,,Restricted Area,0-8 Center,,,55.0,2.0,2.0,0.0,,,,,,,,,,,,,,
58,PT07M04.00S,2025-12-23T02:52:33.4Z,1,REGULAR,2pt,Jump Shot,"['pointsinthepaint', 'fastbreak']",1628983,16.770696452036795,44.6078431372549,1610612760,9,11,2025-12-23T02:52:41Z,580000,False,27.0,105.0,1,left,MISS S. Gilgeous-Alexander 10' running pullup Shot,[1628983],1610612760.0,OKC,running pullup,,,Gilgeous-Alexander,S. Gilgeous-Alexander,,,,,In The Paint (Non-RA),8-16 Center,10.85,Missed,,,,,,,,,,,,,,,,,,
59,PT07M04.00S,2025-12-23T02:52:33.4Z,1,REGULAR,rebound,defensive,[],1642285,,,1610612763,9,11,2025-12-23T02:52:41Z,590000,False,,,0,,C. Spencer REBOUND (Off:0 Def:2),[1642285],1610612763.0,MEM,,,,Spencer,C. Spencer,,,,,In The Paint (Non-RA),8-16 Center,,,58.0,2.0,2.0,0.0,,,,,,,,,,,,,,
60,PT06M57.00S,2025-12-23T02:52:40.2Z,1,REGULAR,3pt,Jump Shot,['fastbreak'],203484,78.13731931668858,10.784313725490197,1610612763,9,14,2025-12-23T02:52:46Z,600000,False,-196.0,153.0,1,right,K. Caldwell-Pope 24' 3PT running (3 PTS) (C. Spencer 3 AST),"[203484, 1642285]",1610612763.0,MEM,running,,,Caldwell-Pope,K. Caldwell-Pope,,,,,Above the Break 3,24+ Left Center,24.87,Made,,,,,3.0,C. Spencer,1642285.0,3.0,,,,,,,,,,
62,PT06M45.00S,2025-12-23T02:52:52.6Z,1,REGULAR,2pt,Jump Shot,['pointsinthepaint'],1628983,12.828515111695138,40.68627450980392,1610612760,11,14,2025-12-23T02:56:34Z,620000,False,47.0,68.0,1,left,S. Gilgeous-Alexander 8' driving floating Jump Shot (2 PTS),[1628983],1610612760.0,OKC,driving floating,,,Gilgeous-Alexander,S. Gilgeous-Alexander,,,,,In The Paint (Non-RA),8-16 Right,8.25,Made,,,,,2.0,,,,,,,,,,,,,
63,PT06M32.00S,2025-12-23T02:53:04.3Z,1,REGULAR,2pt,Jump Shot,[],1629111,79.58278580814718,60.5392156862745,1610612763,11,14,2025-12-23T02:53:09Z,630000,False,53.0,139.0,1,right,MISS J. Landale 14' Jump Shot,[1629111],1610612763.0,MEM,,,,Landale,J. Landale,,,,,Mid-Range,8-16 Center,14.9,Missed,,,,,,,,,,,,,,,,,,
64,PT06M30.00S,2025-12-23T02:53:06.3Z,1,REGULAR,rebound,defensive,[],1642382,,,1610612760,11,14,2025-12-23T02:53:09Z,640000,False,,,0,,B. Carlson REBOUND (Off:0 Def:2),[1642382],1610612760.0,OKC,,,,Carlson,B. Carlson,,,,,Mid-Range,8-16 Center,,,63.0,2.0,2.0,0.0,,,,,,,,,,,,,,
65,PT06M20.00S,2025-12-23T02:53:16.7Z,1,REGULAR,2pt,Jump Shot,['pointsinthepaint'],1631114,15.456636005256241,39.950980392156865,1610612760,13,14,2025-12-23T02:53:20Z,650000,False,50.0,93.0,1,left,J. Williams 10' step back Jump Shot (5 PTS),[1631114],1610612760.0,OKC,step back,,,Williams,J. Williams,,,,,In The Paint (Non-RA),8-16 Center,10.55,Made,,,,,5.0,,,,,,,,,,,,,
66,PT05M59.00S,2025-12-23T02:53:38.1Z,1,REGULAR,3pt,Jump Shot,[],1642377,67.88764783180025,65.93137254901961,1610612763,13,14,2025-12-23T02:53:42Z,660000,False,80.0,249.0,1,right,MISS J. Wells 26' 3PT,[1642377],1610612763.0,MEM,,,,Wells,J. Wells,,,,,Above the Break 3,24+ Center,26.18,Missed,,,,,,,,,,,,,,,,,,
67,PT05M56.00S,2025-12-23T02:53:41.1Z,1,REGULAR,rebound,defensive,[],1631114,,,1610612760,13,14,2025-12-23T02:53:42Z,670000,False,,,0,,J. Williams REBOUND (Off:0 Def:2),[1631114],1610612760.0,OKC,,,,Williams,J. Williams,,,,,Above the Break 3,24+ Center,,,66.0,2.0,2.0,0.0,,,,,,,,,,,,,,
68,PT05M47.00S,2025-12-23T02:53:50.2Z,1,REGULAR,2pt,Layup,['pointsinthepaint'],1628983,4.5499342969776615,52.69607843137255,1610612760,15,14,2025-12-23T02:58:14Z,680000,False,-13.0,-10.0,1,left,S. Gilgeous-Alexander driving reverse Layup (4 PTS),[1628983],1610612760.0,OKC,driving reverse,,,Gilgeous-Alexander,S. Gilgeous-Alexander,,,,,Restricted Area,0-8 Center,1.66,Made,,,,,4.0,,,,,,,,,,,,,
69,PT05M47.00S,2025-12-23T02:53:55.0Z,1,REGULAR,timeout,full,"['team', 'mandatory']",0,,,1610612763,15,14,2025-12-23T02:53:55Z,690000,False,,,0,,MEM Timeout,[],1610612763.0,MEM,,,,,,,,,,,,,,,,,,,,,,,,,,,,,,,
70,PT05M47.00S,2025-12-23T02:55:56.0Z,1,REGULAR,substitution,out,[],1642382,,,1610612763,15,14,2025-12-23T02:56:57Z,700000,False,,,0,,SUB out: B. Carlson,[1642382],1610612760.0,OKC,,,,Carlson,B. Carlson,,,,,,,,,,,,,,,,,,,,,,,,,,
71,PT05M47.00S,2025-12-23T02:55:56.0Z,1,REGULAR,substitution,out,[],1641717,,,1610612763,15,14,2025-12-23T02:56:57Z,710000,False,,,0,,SUB out: C. Wallace,[1641717],1610612760.0,OKC,,,,Wallace,C. Wallace,,,,,,,,,,,,,,,,,,,,,,,,,,
72,PT05M47.00S,2025-12-23T02:55:56.0Z,1,REGULAR,substitution,out,[],1628991,,,1610612763,15,14,2025-12-23T02:56:57Z,720000,False,,,0,,SUB out: J. Jackson Jr.,[1628991],1610612763.0,MEM,,,,Jackson Jr.,J. Jackson Jr.,,,,,,,,,,,,,,,,,,,,,,,,,,
73,PT05M47.00S,2025-12-23T02:55:56.0Z,1,REGULAR,substitution,out,[],1642285,,,1610612763,15,14,2025-12-23T02:56:57Z,730000,False,,,0,,SUB out: C. Spencer,[1642285],1610612763.0,MEM,,,,Spencer,C. Spencer,,,,,,,,,,,,,,,,,,,,,,,,,,
74,PT05M47.00S,2025-12-23T02:55:56.0Z,1,REGULAR,substitution,out,[],1629111,,,1610612763,15,14,2025-12-23T02:56:57Z,740000,False,,,0,,SUB out: J. Landale,[1629111],1610612763.0,MEM,,,,Landale,J. Landale,,,,,,,,,,,,,,,,,,,,,,,,,,
75,PT05M47.00S,2025-12-23T02:55:56.0Z,1,REGULAR,substitution,in,[],1629026,,,1610612763,15,14,2025-12-23T02:56:57Z,750000,False,,,0,,SUB in: K. Williams,[1629026],1610612760.0,OKC,,,,Williams,K. Williams,,,,,,,,,,,,,,,,,,,,,,,,,,
76,PT05M47.00S,2025-12-23T02:55:56.0Z,1,REGULAR,substitution,in,[],1630198,,,1610612763,15,14,2025-12-23T02:56:57Z,760000,False,,,0,,SUB in: I. Joe,[1630198],1610612760.0,OKC,,,,Joe,I. Joe,,,,,,,,,,,,,,,,,,,,,,,,,,
77,PT05M47.00S,2025-12-23T02:55:56.0Z,1,REGULAR,substitution,in,[],1641765,,,1610612763,15,14,2025-12-23T02:56:57Z,770000,False,,,0,,SUB in: O. Prosper,[1641765],1610612763.0,MEM,,,,Prosper,O. Prosper,,,,,,,,,,,,,,,,,,,,,,,,,,
78,PT05M47.00S,2025-12-23T02:55:56.0Z,1,REGULAR,substitution,in,[],1642942,,,1610612763,15,14,2025-12-23T02:56:57Z,780000,False,,,0,,SUB in: J. Mashack,[1642942],1610612763.0,MEM,,,,Mashack,J. Mashack,,,,,,,,,,,,,,,,,,,,,,,,,,
79,PT05M47.00S,2025-12-23T02:55:56.0Z,1,REGULAR,substitution,in,[],1630583,,,1610612763,15,14,2025-12-23T02:56:57Z,790000,False,,,0,,SUB in: S. Aldama,[1630583],1610612763.0,MEM,,,,Aldama,S. Aldama,,,,,,,,,,,,,,,,,,,,,,,,,,
80,PT05M26.00S,2025-12-23T02:57:46.4Z,1,REGULAR,foul,personal,['2freethrow'],1629026,,,1610612763,15,14,2025-12-23T02:57:58Z,800000,False,,,0,,K. Williams shooting personal FOUL (1 PF) (Wells 2 FT),"[1629026, 1642377]",1610612760.0,OKC,shooting,,,Williams,K. Williams,,,,,In The Paint (Non-RA),8-16 Left,,,,,,,,,,,,,,1628484.0,1.0,0.0,Wells,1642377.0,,
82,PT05M26.00S,2025-12-23T02:58:13.2Z,1,REGULAR,freethrow,1 of 2,[],1642377,,,1610612763,15,15,2025-12-23T02:58:13Z,820000,False,,,0,,J. Wells Free Throw 1 of 2 (1 PTS),[1642377],1610612763.0,MEM,,,,Wells,J. Wells,,,,,,,,Made,,,,,1.0,,,,,,,,,,,,,
83,PT05M26.00S,2025-12-23T02:58:28.6Z,1,REGULAR,freethrow,2 of 2,[],1642377,,,1610612763,15,16,2025-12-23T02:58:28Z,830000,False,,,0,,J. Wells Free Throw 2 of 2 (2 PTS),[1642377],1610612763.0,MEM,,,,Wells,J. Wells,,,,,,,,Made,,,,,2.0,,,,,,,,,,,,,
84,PT05M09.00S,2025-12-23T02:58:47.1Z,1,REGULAR,2pt,Jump Shot,[],1628983,20.844283837056505,63.23529411764706,1610612760,15,16,2025-12-23T02:59:42Z,840000,False,-66.0,143.0,1,left,MISS S. Gilgeous-Alexander 15' step back Shot,[1628983],1610612760.0,OKC,step back,,,Gilgeous-Alexander,S. Gilgeous-Alexander,,,,,Mid-Range,8-16 Center,15.79,Missed,,,,,,,,,,,,,,,,,,
85,PT05M04.00S,2025-12-23T02:58:52.1Z,1,REGULAR,rebound,defensive,[],1642942,,,1610612763,15,16,2025-12-23T02:58:55Z,850000,False,,,0,,J. Mashack REBOUND (Off:0 Def:1),[1642942],1610612763.0,MEM,,,,Mashack,J. Mashack,,,,,Mid-Range,8-16 Center,,,84.0,1.0,1.0,0.0,,,,,,,,,,,,,,
86,PT04M56.00S,2025-12-23T02:58:59.8Z,1,REGULAR,2pt,Layup,['pointsinthepaint'],1642377,93.64323258869908,54.166666666666664,1610612763,15,18,2025-12-23T03:01:01Z,860000,False,21.0,7.0,1,right,J. Wells driving Layup (4 PTS) (J. Mashack 1 AST),"[1642377, 1642942]",1610612763.0,MEM,driving,,,Wells,J. Wells,,,,,Restricted Area,0-8 Center,2.2,Made,,,,,4.0,J. Mashack,1642942.0,1.0,,,,,,,,,,
87,PT04M42.00S,2025-12-23T02:59:13.9Z,1,REGULAR,2pt,Layup,['pointsinthepaint'],1629652,5.469776609724048,47.30392156862745,1610612760,17,18,2025-12-23T02:59:18Z,870000,False,13.0,-1.0,1,left,L. Dort cutting Layup (2 PTS) (S. Gilgeous-Alexander 2 AST),"[1629652, 1628983]",1610612760.0,OKC,cutting,,,Dort,L. Dort,,,,,Restricted Area,0-8 Center,1.35,Made,,,,,2.0,S. Gilgeous-Alexander,1628983.0,2.0,,,,,,,,,,
89,PT04M32.00S,2025-12-23T02:59:22.6Z,1,REGULAR,3pt,Jump Shot,[],1642377,93.24901445466492,3.9215686274509802,1610612763,17,18,2025-12-23T02:59:30Z,890000,False,-230.0,11.0,1,right,MISS J. Wells 3PT,[1642377],1610612763.0,MEM,,,,Wells,J. Wells,,,,,Left Corner 3,24+ Left,23.07,Missed,,,,,,,,,,,,,,,,,,
90,PT04M30.00S,2025-12-23T02:59:24.6Z,1,REGULAR,rebound,defensive,['team'],0,,,1610612760,17,18,2025-12-23T02:59:30Z,900000,False,,,0,,TEAM defensive REBOUND,[],1610612760.0,OKC,,,,,,,,,,Left Corner 3,24+ Left,,,89.0,,,,,,,,,,,,,,,,,
92,PT04M30.00S,2025-12-23T02:59:30.1Z,1,REGULAR,substitution,out,[],1631114,,,1610612760,17,18,2025-12-23T02:59:34Z,920000,False,,,0,,SUB out: J. Williams,[1631114],1610612760.0,OKC,,,,Williams,J. Williams,,,,,,,,,,,,,,,,,,,,,,,,,,
93,PT04M30.00S,2025-12-23T02:59:30.1Z,1,REGULAR,substitution,in,[],1642964,,,1610612760,17,18,2025-12-23T02:59:34Z,930000,False,,,0,,SUB in: B. Barnhizer,[1642964],1610612760.0,OKC,,,,Barnhizer,B. Barnhizer,,,,,,,,,,,,,,,,,,,,,,,,,,
94,PT04M25.00S,2025-12-23T02:59:47.9Z,1,REGULAR,2pt,Layup,['pointsinthepaint'],1629026,4.681340341655716,49.50980392156863,1610612760,19,18,2025-12-23T03:05:19Z,940000,False,2.0,-8.0,1,left,K. Williams driving finger roll Layup (2 PTS) (S. Gilgeous-Alexander 3 AST),"[1629026, 1628983]",1610612760.0,OKC,driving finger roll,,,Williams,K. Williams,,,,,Restricted Area,0-8 Center,0.89,Made,,,,,2.0,S. Gilgeous-Alexander,1628983.0,3.0,,,,,,,,,,
96,PT04M12.00S,2025-12-23T03:00:05.8Z,1,REGULAR,foul,personal,['2freethrow'],1630198,,,1610612763,19,18,2025-12-23T03:00:10Z,960000,False,,,0,,I. Joe shooting personal FOUL (1 PF) (Caldwell-Pope 2 FT),"[1630198, 203484]",1610612760.0,OKC,shooting,,,Joe,I. Joe,,,,,In The Paint (Non-RA),0-8 Center,,,,,,,,,,,,,,204058.0,1.0,0.0,Caldwell-Pope,203484.0,,
98,PT04M12.00S,2025-12-23T03:00:28.8Z,1,REGULAR,freethrow,1 of 2,[],203484,,,1610612763,19,18,2025-12-23T03:00:28Z,980000,False,,,0,,MISS K. Caldwell-Pope Free Throw 1 of 2,[203484],1610612763.0,MEM,,,,Caldwell-Pope,K. Caldwell-Pope,,,,,,,,Missed,,,,,,,,,,,,,,,,,,
99,PT04M12.00S,2025-12-23T03:00:28.8Z,1,REGULAR,rebound,offensive,"['deadball', 'team']",0,,,1610612763,19,18,2025-12-23T03:00:28Z,990000,False,,,0,,TEAM offensive REBOUND,[],1610612763.0,MEM,,,,,,,,,,,,,,98.0,,,,,,,,,,,,,,,,,
100,PT04M12.00S,2025-12-23T03:00:29.7Z,1,REGULAR,substitution,out,[],1629652,,,1610612763,19,18,2025-12-23T03:00:33Z,1000000,False,,,0,,SUB out: L. Dort,[1629652],1610612760.0,OKC,,,,Dort,L. Dort,,,,,,,,,,,,,,,,,,,,,,,,,,
101,PT04M12.00S,2025-12-23T03:00:29.7Z,1,REGULAR,substitution,in,[],1642349,,,1610612763,19,18,2025-12-23T03:00:33Z,1010000,False,,,0,,SUB in: A. Mitchell,[1642349],1610612760.0,OKC,,,,Mitchell,A. Mitchell,,,,,,,,,,,,,,,,,,,,,,,,,,
102,PT04M12.00S,2025-12-23T03:00:46.7Z,1,REGULAR,freethrow,2 of 2,[],203484,,,1610612763,19,19,2025-12-23T03:00:46Z,1020000,False,,,0,,K. Caldwell-Pope Free Throw 2 of 2 (4 PTS),[203484],1610612763.0,MEM,,,,Caldwell-Pope,K. Caldwell-Pope,,,,,,,,Made,,,,,4.0,,,,,,,,,,,,,
103,PT03M56.00S,2025-12-23T03:01:02.8Z,1,REGULAR,2pt,Jump Shot,[],1628983,25.312089356110377,42.8921568627451,1610612760,19,19,2025-12-23T03:01:08Z,1030000,False,36.0,185.0,1,left,MISS S. Gilgeous-Alexander 18' step back Shot,[1628983],1610612760.0,OKC,step back,,,Gilgeous-Alexander,S. Gilgeous-Alexander,,,,,Mid-Range,16-24 Center,18.88,Missed,,,,,,,,,,,,,,,,,,
104,PT03M54.00S,2025-12-23T03:01:04.8Z,1,REGULAR,rebound,defensive,[],1642942,,,1610612763,19,19,2025-12-23T03:01:08Z,1040000,False,,,0,,J. Mashack REBOUND (Off:0 Def:2),[1642942],1610612763.0,MEM,,,,Mashack,J. Mashack,,,,,Mid-Range,16-24 Center,,,103.0,2.0,2.0,0.0,,,,,,,,,,,,,,
105,PT03M47.00S,2025-12-23T03:01:16.0Z,1,REGULAR,turnover,out-of-bounds,[],1642942,,,1610612763,19,19,2025-12-23T03:01:21Z,1050000,False,,,0,,J. Mashack bad pass out-of-bounds TURNOVER (1 TO),[1642942],1610612763.0,MEM,bad pass,,,Mashack,J. Mashack,,,,,In The Paint (Non-RA),8-16 Center,,,,,,,,,,,1.0,,,1628484.0,,,,,,
106,PT03M35.00S,2025-12-23T03:01:30.0Z,1,REGULAR,turnover,lost ball,[],1628983,,,1610612760,19,19,2025-12-23T03:01:35Z,1060000,False,,,0,,S. Gilgeous-Alexander lost ball TURNOVER (1 TO),"[1628983, 1642942]",1610612760.0,OKC,,,,Gilgeous-Alexander,S. Gilgeous-Alexander,,,,,In The Paint (Non-RA),0-8 Center,,,,,,,,,,,1.0,,,,,,,,Mashack,1642942.0
107,PT03M35.00S,2025-12-23T03:01:30.0Z,1,REGULAR,steal,,[],1642942,,,1610612763,19,19,2025-12-23T03:01:31Z,1070000,False,,,0,,J. Mashack STEAL (1 STL),[1642942],1610612763.0,MEM,,,,Mashack,J. Mashack,,,,,In The Paint (Non-RA),0-8 Center,,,,,,,,,,,,,,,,,,,,
108,PT03M31.00S,2025-12-23T03:01:33.6Z,1,REGULAR,turnover,bad pass,[],1642942,,,1610612763,19,19,2025-12-23T03:01:37Z,1080000,False,,,0,,J. Mashack bad pass TURNOVER (2 TO),"[1642942, 1642349]",1610612763.0,MEM,,,,Mashack,J. Mashack,,,,,Restricted Area,0-8 Center,,,,,,,,,,,2.0,,,,,,,,Mitchell,1642349.0
109,PT03M31.00S,2025-12-23T03:01:33.6Z,1,REGULAR,steal,,[],1642349,,,1610612760,19,19,2025-12-23T03:01:35Z,1090000,False,,,0,,A. Mitchell STEAL (1 STL),[1642349],1610612760.0,OKC,,,,Mitchell,A. Mitchell,,,,,Restricted Area,0-8 Center,,,,,,,,,,,,,,,,,,,,
110,PT03M27.00S,2025-12-23T03:01:38.5Z,1,REGULAR,2pt,DUNK,"['pointsinthepaint', 'fromturnover', 'fastbreak']",1628983,5.601182654402102,51.71568627450981,1610612760,21,19,2025-12-23T03:01:44Z,1100000,False,-9.0,0.0,1,left,S. Gilgeous-Alexander running alley-oop DUNK (6 PTS) (K. Williams 1 AST),"[1628983, 1629026]",1610612760.0,OKC,running alley-oop,,,Gilgeous-Alexander,S. Gilgeous-Alexander,,,,,Restricted Area,0-8 Center,0.86,Made,,,,,6.0,K. Williams,1629026.0,1.0,,,,,,,,,,
112,PT03M07.00S,2025-12-23T03:01:57.3Z,1,REGULAR,2pt,Jump Shot,['pointsinthepaint'],1630583,85.23324572930355,52.450980392156865,1610612763,21,19,2025-12-23T03:02:03Z,1120000,False,12.0,86.0,1,right,MISS S. Aldama 8' driving floating Shot,[1630583],1610612763.0,MEM,driving floating,,,Aldama,S. Aldama,,,,,In The Paint (Non-RA),8-16 Center,8.72,Missed,,,,,,,,,,,,,,,,,,
113,PT03M05.00S,2025-12-23T03:01:59.3Z,1,REGULAR,rebound,defensive,[],1642964,,,1610612760,21,19,2025-12-23T03:02:03Z,1130000,False,,,0,,B. Barnhizer REBOUND (Off:0 Def:1),[1642964],1610612760.0,OKC,,,,Barnhizer,B. Barnhizer,,,,,In The Paint (Non-RA),8-16 Center,,,112.0,1.0,1.0,0.0,,,,,,,,,,,,,,
202,PT02M54.00S,2025-12-23T03:02:03.9Z,1,REGULAR,turnover,lost ball,[],1642349,,,1610612760,21,19,2025-12-23T03:14:46Z,1135000,False,,,0,,A. Mitchell lost ball TURNOVER (1 TO),"[1642349, 1642377]",1610612760.0,OKC,,,,Mitchell,A. Mitchell,,,,,In The Paint (Non-RA),0-8 Center,,,,,,,,,,,1.0,,,,,,,,Wells,1642377.0
203,PT02M54.00S,2025-12-23T03:02:03.9Z,1,REGULAR,steal,,[],1642377,,,1610612763,21,19,2025-12-23T03:14:46Z,1137500,False,,,0,,J. Wells STEAL (1 STL),[1642377],1610612763.0,MEM,,,,Wells,J. Wells,,,,,In The Paint (Non-RA),0-8 Center,,,,,,,,,,,,,,,,,,,,
117,PT02M50.00S,2025-12-23T03:02:16.9Z,1,REGULAR,foul,offensive,[],1642377,,,1610612763,21,19,2025-12-23T03:02:25Z,1170000,False,,,0,,J. Wells charge offensive FOUL (1 PF),"[1642377, 1629026]",1610612763.0,MEM,charge,,,Wells,J. Wells,,,,,In The Paint (Non-RA),8-16 Left,,,,,,,,,,,,,,101284.0,1.0,0.0,Williams,1629026.0,,
119,PT02M50.00S,2025-12-23T03:02:16.9Z,1,REGULAR,turnover,offensive foul,[],1642377,,,1610612763,21,19,2025-12-23T03:02:16Z,1190000,False,,,0,,J. Wells offensive foul TURNOVER (1 TO),[1642377],1610612763.0,MEM,,,,Wells,J. Wells,,,,,In The Paint (Non-RA),8-16 Left,,,,,,,,,,,1.0,,,101284.0,,,,,,
120,PT02M50.00S,2025-12-23T03:02:23.7Z,1,REGULAR,substitution,out,[],1642377,,,1610612760,21,19,2025-12-23T03:02:40Z,1200000,False,,,0,,SUB out: J. Wells,[1642377],1610612763.0,MEM,,,,Wells,J. Wells,,,,,,,,,,,,,,,,,,,,,,,,,,
121,PT02M50.00S,2025-12-23T03:02:23.7Z,1,REGULAR,substitution,out,[],1642942,,,1610612760,21,19,2025-12-23T03:02:40Z,1210000,False,,,0,,SUB out: J. Mashack,[1642942],1610612763.0,MEM,,,,Mashack,J. Mashack,,,,,,,,,,,,,,,,,,,,,,,,,,
122,PT02M50.00S,2025-12-23T03:02:23.7Z,1,REGULAR,substitution,out,[],203484,,,1610612760,21,19,2025-12-23T03:02:40Z,1220000,False,,,0,,SUB out: K. Caldwell-Pope,[203484],1610612763.0,MEM,,,,Caldwell-Pope,K. Caldwell-Pope,,,,,,,,,,,,,,,,,,,,,,,,,,
123,PT02M50.00S,2025-12-23T03:02:23.7Z,1,REGULAR,substitution,in,[],1642907,,,1610612760,21,19,2025-12-23T03:02:40Z,1230000,False,,,0,,SUB in: C. Coward,[1642907],1610612763.0,MEM,,,,Coward,C. Coward,,,,,,,,,,,,,,,,,,,,,,,,,,
124,PT02M50.00S,2025-12-23T03:02:23.7Z,1,REGULAR,substitution,in,[],1642285,,,1610612760,21,19,2025-12-23T03:02:40Z,1240000,False,,,0,,SUB in: C. Spencer,[1642285],1610612763.0,MEM,,,,Spencer,C. Spencer,,,,,,,,,,,,,,,,,,,,,,,,,,
125,PT02M50.00S,2025-12-23T03:02:23.7Z,1,REGULAR,substitution,in,[],1628991,,,1610612760,21,19,2025-12-23T03:02:40Z,1250000,False,,,0,,SUB in: J. Jackson Jr.,[1628991],1610612763.0,MEM,,,,Jackson Jr.,J. Jackson Jr.,,,,,,,,,,,,,,,,,,,,,,,,,,
126,PT02M37.00S,2025-12-23T03:02:51.8Z,1,REGULAR,3pt,Jump Shot,['fromturnover'],1629026,32.802233902759525,38.23529411764706,1610612760,24,19,2025-12-23T03:02:56Z,1260000,False,59.0,256.0,1,left,K. Williams 26' 3PT  (5 PTS) (S. Gilgeous-Alexander 4 AST),"[1629026, 1628983]",1610612760.0,OKC,,,,Williams,K. Williams,,,,,Above the Break 3,24+ Center,26.25,Made,,,,,5.0,S. Gilgeous-Alexander,1628983.0,4.0,,,,,,,,,,
128,PT02M25.00S,2025-12-23T03:03:07.8Z,1,REGULAR,foul,personal,[],1629026,,,1610612763,24,19,2025-12-23T03:03:14Z,1280000,False,,,0,,K. Williams personal FOUL (2 PF),"[1629026, 1628991]",1610612760.0,OKC,,,,Williams,K. Williams,,,,,In The Paint (Non-RA),0-8 Center,,,,,,,,,,,,,,204058.0,2.0,0.0,Jackson Jr.,1628991.0,,
131,PT02M13.00S,2025-12-23T03:03:42.4Z,1,REGULAR,2pt,Layup,['pointsinthepaint'],1641765,92.06636005256242,45.34313725490196,1610612763,24,21,2025-12-23T03:14:18Z,1300000,False,-23.0,22.0,1,right,O. Prosper driving Layup (2 PTS) (C. Spencer 4 AST),"[1641765, 1642285]",1610612763.0,MEM,driving,,,Prosper,O. Prosper,,,,,Restricted Area,0-8 Center,3.21,Made,,,,,2.0,C. Spencer,1642285.0,4.0,,,,,,,,,,
133,PT01M56.00S,2025-12-23T03:03:58.9Z,1,REGULAR,2pt,Layup,['pointsinthepaint'],1629026,5.338370565045992,45.83333333333333,1610612760,24,21,2025-12-23T03:04:04Z,1320000,False,21.0,-2.0,1,left,MISS K. Williams driving Layup - blocked,"[1629026, 1628991]",1610612760.0,OKC,driving,,,Williams,K. Williams,,,,,Restricted Area,0-8 Center,2.09,Missed,,,,,,,,,,Jackson Jr.,1628991.0,,,,,,,
134,PT01M56.00S,2025-12-23T03:03:58.9Z,1,REGULAR,block,,[],1628991,,,1610612760,24,21,2025-12-23T03:04:01Z,1330000,False,,,0,,J. Jackson Jr. BLOCK (1 BLK),[1628991],1610612763.0,MEM,,,,Jackson Jr.,J. Jackson Jr.,,,,,Restricted Area,0-8 Center,,,,,,,,,,,,,,,,,,,,
135,PT01M53.00S,2025-12-23T03:04:01.9Z,1,REGULAR,rebound,defensive,[],1642285,,,1610612763,24,21,2025-12-23T03:04:04Z,1340000,False,,,0,,C. Spencer REBOUND (Off:0 Def:3),[1642285],1610612763.0,MEM,,,,Spencer,C. Spencer,,,,,Restricted Area,0-8 Center,,,133.0,3.0,3.0,0.0,,,,,,,,,,,,,,
136,PT01M49.00S,2025-12-23T03:04:06.1Z,1,REGULAR,3pt,Jump Shot,['fastbreak'],1641765,96.27135348226018,94.85294117647058,1610612763,24,21,2025-12-23T03:15:06Z,1350000,False,224.0,-17.0,1,right,MISS O. Prosper running 3PT,[1641765],1610612763.0,MEM,running,,,Prosper,O. Prosper,,,,,Right Corner 3,24+ Right,22.5,Missed,,,,,,,,,,,,,,,,,,
137,PT01M45.00S,2025-12-23T03:04:10.1Z,1,REGULAR,rebound,defensive,[],1630198,,,1610612760,24,21,2025-12-23T03:04:11Z,1360000,False,,,0,,I. Joe REBOUND (Off:0 Def:1),[1630198],1610612760.0,OKC,,,,Joe,I. Joe,,,,,Right Corner 3,24+ Right,,,136.0,1.0,1.0,0.0,,,,,,,,,,,,,,
138,PT01M38.00S,2025-12-23T03:04:17.0Z,1,REGULAR,2pt,Jump Shot,"['fastbreak', 'pointsinthepaint']",1642349,7.440867279894875,55.88235294117647,1610612760,24,21,2025-12-23T03:16:37Z,1370000,False,-29.0,17.0,1,left,MISS A. Mitchell driving bank Shot - blocked,"[1642349, 1642907]",1610612760.0,OKC,driving bank,,,Mitchell,A. Mitchell,,,,,Restricted Area,0-8 Center,3.42,Missed,,,,,,,,,,Coward,1642907.0,,,,,,,
139,PT01M38.00S,2025-12-23T03:04:17.0Z,1,REGULAR,block,,[],1642907,,,1610612760,24,21,2025-12-23T03:04:19Z,1380000,False,,,0,,C. Coward BLOCK (1 BLK),[1642907],1610612763.0,MEM,,,,Coward,C. Coward,,,,,Restricted Area,0-8 Center,,,,,,,,,,,,,,,,,,,,
140,PT01M35.00S,2025-12-23T03:04:20.0Z,1,REGULAR,rebound,defensive,[],1642907,,,1610612763,24,21,2025-12-23T03:04:22Z,1390000,False,,,0,,C. Coward REBOUND (Off:0 Def:3),[1642907],1610612763.0,MEM,,,,Coward,C. Coward,,,,,Restricted Area,0-8 Center,,,138.0,3.0,3.0,0.0,,,,,,,,,,,,,,
141,PT01M33.00S,2025-12-23T03:04:22.4Z,1,REGULAR,3pt,Jump Shot,['fastbreak'],1642285,79.58278580814718,5.88235294117647,1610612763,24,24,2025-12-23T03:04:28Z,1400000,False,-221.0,139.0,1,right,C. Spencer 26' 3PT running (3 PTS) (C. Coward 2 AST),"[1642285, 1642907]",1610612763.0,MEM,running,,,Spencer,C. Spencer,,,,,Above the Break 3,24+ Left Center,26.1,Made,,,,,3.0,C. Coward,1642907.0,2.0,,,,,,,,,,
143,PT01M23.00S,2025-12-23T03:04:35.5Z,1,REGULAR,foul,personal,['2freethrow'],1641765,,,1610612760,24,24,2025-12-23T03:04:45Z,1420000,False,,,0,,O. Prosper shooting personal FOUL (1 PF) (Gilgeous-Alexander 2 FT),"[1641765, 1628983]",1610612763.0,MEM,shooting,,,Prosper,O. Prosper,,,,,In The Paint (Non-RA),8-16 Center,,,,,,,,,,,,,,204058.0,1.0,0.0,Gilgeous-Alexander,1628983.0,,
145,PT01M23.00S,2025-12-23T03:05:04.1Z,1,REGULAR,freethrow,1 of 2,[],1628983,,,1610612760,25,24,2025-12-23T03:05:04Z,1440000,False,,,0,,S. Gilgeous-Alexander Free Throw 1 of 2 (7 PTS),[1628983],1610612760.0,OKC,,,,Gilgeous-Alexander,S. Gilgeous-Alexander,,,,,,,,Made,,,,,7.0,,,,,,,,,,,,,
146,PT01M23.00S,2025-12-23T03:05:25.1Z,1,REGULAR,freethrow,2 of 2,[],1628983,,,1610612760,26,24,2025-12-23T03:05:25Z,1450000,False,,,0,,S. Gilgeous-Alexander Free Throw 2 of 2 (8 PTS),[1628983],1610612760.0,OKC,,,,Gilgeous-Alexander,S. Gilgeous-Alexander,,,,,,,,Made,,,,,8.0,,,,,,,,,,,,,
147,PT01M07.00S,2025-12-23T03:05:42.0Z,1,REGULAR,2pt,Jump Shot,['pointsinthepaint'],1628991,92.46057818659659,63.970588235294116,1610612763,26,24,2025-12-23T03:05:48Z,1460000,False,70.0,18.0,1,right,MISS J. Jackson Jr. 7' driving bank Shot,[1628991],1610612763.0,MEM,driving bank,,,Jackson Jr.,J. Jackson Jr.,,,,,In The Paint (Non-RA),0-8 Center,7.23,Missed,,,,,,,,,,,,,,,,,,
148,PT01M06.00S,2025-12-23T03:05:43.0Z,1,REGULAR,rebound,defensive,[],1628983,,,1610612760,26,24,2025-12-23T03:05:48Z,1470000,False,,,0,,S. Gilgeous-Alexander REBOUND (Off:0 Def:3),[1628983],1610612760.0,OKC,,,,Gilgeous-Alexander,S. Gilgeous-Alexander,,,,,In The Paint (Non-RA),0-8 Center,,,147.0,3.0,3.0,0.0,,,,,,,,,,,,,,
149,PT00M54.50S,2025-12-23T03:05:55.4Z,1,REGULAR,2pt,Jump Shot,['pointsinthepaint'],1642349,13.091327201051248,51.470588235294116,1610612760,26,24,2025-12-23T03:17:39Z,1480000,False,-7.0,71.0,1,left,MISS A. Mitchell 7' driving floating Shot,[1642349],1610612760.0,OKC,driving floating,,,Mitchell,A. Mitchell,,,,,In The Paint (Non-RA),0-8 Center,7.1,Missed,,,,,,,,,,,,,,,,,,
150,PT00M52.40S,2025-12-23T03:05:57.5Z,1,REGULAR,rebound,defensive,[],1630583,,,1610612763,26,24,2025-12-23T03:06:01Z,1490000,False,,,0,,S. Aldama REBOUND (Off:0 Def:1),[1630583],1610612763.0,MEM,,,,Aldama,S. Aldama,,,,,In The Paint (Non-RA),0-8 Center,,,149.0,1.0,1.0,0.0,,,,,,,,,,,,,,
151,PT00M47.70S,2025-12-23T03:06:02.2Z,1,REGULAR,3pt,Jump Shot,['fastbreak'],1630583,67.23061760840999,35.049019607843135,1610612763,26,24,2025-12-23T03:18:06Z,1500000,False,-75.0,256.0,1,right,MISS S. Aldama 26' running 3PT,[1630583],1610612763.0,MEM,running,,,Aldama,S. Aldama,,,,,Above the Break 3,24+ Center,26.62,Missed,,,,,,,,,,,,,,,,,,
152,PT00M44.70S,2025-12-23T03:06:05.2Z,1,REGULAR,rebound,defensive,['team'],0,,,1610612760,26,24,2025-12-23T03:06:17Z,1510000,False,,,0,,TEAM defensive REBOUND,[],1610612760.0,OKC,,,,,,,,,,Above the Break 3,24+ Center,,,151.0,,,,,,,,,,,,,,,,,
153,PT00M44.70S,2025-12-23T03:06:08.9Z,1,REGULAR,foul,personal,"['inpenalty', '2freethrow']",1641765,,,1610612760,26,24,2025-12-23T03:06:44Z,1520000,False,,,0,,O. Prosper loose ball personal FOUL (2 PF) (Joe 2 FT),"[1641765, 1630198]",1610612763.0,MEM,loose ball,,,Prosper,O. Prosper,,,,,Restricted Area,0-8 Center,,,,,,,,,,,,,,204058.0,2.0,0.0,Joe,1630198.0,,
155,PT00M44.70S,2025-12-23T03:06:44.8Z,1,REGULAR,freethrow,1 of 2,[],1630198,,,1610612760,27,24,2025-12-23T03:06:44Z,1540000,False,,,0,,I. Joe Free Throw 1 of 2 (1 PTS),[1630198],1610612760.0,OKC,,,,Joe,I. Joe,,,,,,,,Made,,,,,1.0,,,,,,,,,,,,,
156,PT00M44.70S,2025-12-23T03:07:00.7Z,1,REGULAR,freethrow,2 of 2,[],1630198,,,1610612760,28,24,2025-12-23T03:07:00Z,1550000,False,,,0,,I. Joe Free Throw 2 of 2 (2 PTS),[1630198],1610612760.0,OKC,,,,Joe,I. Joe,,,,,,,,Made,,,,,2.0,,,,,,,,,,,,,
157,PT00M36.20S,2025-12-23T03:07:11.0Z,1,REGULAR,turnover,bad pass,[],1642285,,,1610612763,28,24,2025-12-23T03:07:16Z,1560000,False,,,0,,C. Spencer bad pass TURNOVER (2 TO),"[1642285, 1642349]",1610612763.0,MEM,,,,Spencer,C. Spencer,,,,,Above the Break 3,24+ Left Center,,,,,,,,,,,2.0,,,,,,,,Mitchell,1642349.0
158,PT00M36.20S,2025-12-23T03:07:11.0Z,1,REGULAR,steal,,[],1642349,,,1610612760,28,24,2025-12-23T03:07:12Z,1570000,False,,,0,,A. Mitchell STEAL (2 STL),[1642349],1610612760.0,OKC,,,,Mitchell,A. Mitchell,,,,,Above the Break 3,24+ Left Center,,,,,,,,,,,,,,,,,,,,
159,PT00M35.70S,2025-12-23T03:07:14.7Z,1,REGULAR,foul,personal,"['inpenalty', '2freethrow']",1641765,,,1610612760,28,24,2025-12-23T03:34:55Z,1580000,False,,,0,,O. Prosper personal FOUL (3 PF) (Mitchell 2 FT),"[1641765, 1642349]",1610612763.0,MEM,,,,Prosper,O. Prosper,,,,,Above the Break 3,24+ Right Center,,,,,,,,,,,,,,101284.0,3.0,0.0,Mitchell,1642349.0,,
161,PT00M35.70S,2025-12-23T03:07:42.3Z,1,REGULAR,freethrow,1 of 2,['fromturnover'],1642349,,,1610612760,28,24,2025-12-23T03:34:55Z,1605000,False,,,0,,MISS A. Mitchell Free Throw 1 of 2,[1642349],1610612760.0,OKC,,,,Mitchell,A. Mitchell,,,,,,,,Missed,,,,,,,,,,,,,,,,,,
162,PT00M35.70S,2025-12-23T03:07:42.3Z,1,REGULAR,rebound,offensive,"['team', 'deadball']",0,,,1610612760,28,24,2025-12-23T03:34:55Z,1612500,False,,,0,,TEAM offensive REBOUND,[],1610612760.0,OKC,,,,,,,,,,,,,,161.0,,,,,,,,,,,,,,,,,
165,PT00M35.70S,2025-12-23T03:07:42.3Z,1,REGULAR,freethrow,2 of 2,['fromturnover'],1642349,,,1610612760,29,24,2025-12-23T03:34:55Z,1616250,False,,,0,,A. Mitchell Free Throw 2 of 2 (1 PTS),[1642349],1610612760.0,OKC,,,,Mitchell,A. Mitchell,,,,,,,,Made,,,,,1.0,,,,,,,,,,,,,
163,PT00M35.70S,2025-12-23T03:07:45.0Z,1,REGULAR,substitution,out,[],1629026,,,1610612763,29,24,2025-12-23T03:34:37Z,1620000,False,,,0,,SUB out: K. Williams,[1629026],1610612760.0,OKC,,,,Williams,K. Williams,,,,,,,,,,,,,,,,,,,,,,,,,,
164,PT00M35.70S,2025-12-23T03:07:45.0Z,1,REGULAR,substitution,in,[],1642382,,,1610612763,29,24,2025-12-23T03:34:37Z,1630000,False,,,0,,SUB in: B. Carlson,[1642382],1610612760.0,OKC,,,,Carlson,B. Carlson,,,,,,,,,,,,,,,,,,,,,,,,,,
166,PT00M22.20S,2025-12-23T03:08:24.5Z,1,REGULAR,foul,personal,"['inpenalty', '3freethrow']",1642382,,,1610612763,29,24,2025-12-23T03:22:54Z,1635000,False,,,0,,B. Carlson shooting personal FOUL (1 PF) (Jackson Jr. 3 FT),"[1642382, 1628991]",1610612760.0,OKC,shooting,,,Carlson,B. Carlson,,,,,Above the Break 3,24+ Left Center,,,,,,,,,,,,,,101284.0,1.0,0.0,Jackson Jr.,1628991.0,,
168,PT00M22.20S,2025-12-23T03:08:55.3Z,1,REGULAR,freethrow,1 of 3,[],1628991,,,1610612763,29,25,2025-12-23T03:23:15Z,1638750,False,,,0,,J. Jackson Jr. Free Throw 1 of 3 (4 PTS),[1628991],1610612763.0,MEM,,,,Jackson Jr.,J. Jackson Jr.,,,,,,,,Made,,,,,4.0,,,,,,,,,,,,,
169,PT00M22.20S,2025-12-23T03:08:55.3Z,1,REGULAR,freethrow,2 of 3,[],1628991,,,1610612763,29,26,2025-12-23T03:23:15Z,1639375,False,,,0,,J. Jackson Jr. Free Throw 2 of 3 (5 PTS),[1628991],1610612763.0,MEM,,,,Jackson Jr.,J. Jackson Jr.,,,,,,,,Made,,,,,5.0,,,,,,,,,,,,,
174,PT00M22.20S,2025-12-23T03:08:55.3Z,1,REGULAR,freethrow,3 of 3,[],1628991,,,1610612763,29,26,2025-12-23T03:23:15Z,1639687,False,,,0,,MISS J. Jackson Jr. Free Throw 3 of 3,[1628991],1610612763.0,MEM,,,,Jackson Jr.,J. Jackson Jr.,,,,,,,,Missed,,,,,,,,,,,,,,,,,,
175,PT00M20.50S,2025-12-23T03:08:57.0Z,1,REGULAR,rebound,offensive,[],1630583,,,1610612763,29,26,2025-12-23T03:23:15Z,1639843,False,,,0,,S. Aldama REBOUND (Off:1 Def:1),[1630583],1610612763.0,MEM,,,,Aldama,S. Aldama,,,,,,,,,174.0,2.0,1.0,1.0,,,,,,,,,,,,,,
176,PT00M20.50S,2025-12-23T03:09:04.2Z,1,REGULAR,2pt,DUNK,"['pointsinthepaint', '2ndchance']",1630583,92.59198423127464,49.50980392156863,1610612763,29,28,2025-12-23T04:53:03Z,1664921,False,-2.0,17.0,1,right,S. Aldama putback DUNK (2 PTS),[1630583],1610612763.0,MEM,putback,,,Aldama,S. Aldama,,,,,Restricted Area,0-8 Center,1.73,Made,,,,,2.0,,,,,,,,,,,,,
170,PT00M20.50S,2025-12-23T03:09:05.9Z,1,REGULAR,substitution,out,[],1642964,,,1610612760,29,28,2025-12-23T04:07:47Z,1690000,False,,,0,,SUB out: B. Barnhizer,[1642964],1610612760.0,OKC,,,,Barnhizer,B. Barnhizer,,,,,,,,,,,,,,,,,,,,,,,,,,
171,PT00M20.50S,2025-12-23T03:09:05.9Z,1,REGULAR,substitution,out,[],1642285,,,1610612760,29,28,2025-12-23T04:07:47Z,1700000,False,,,0,,SUB out: C. Spencer,[1642285],1610612763.0,MEM,,,,Spencer,C. Spencer,,,,,,,,,,,,,,,,,,,,,,,,,,
172,PT00M20.50S,2025-12-23T03:09:05.9Z,1,REGULAR,substitution,in,[],1642959,,,1610612760,29,28,2025-12-23T04:07:47Z,1710000,False,,,0,,SUB in: C. Youngblood,[1642959],1610612760.0,OKC,,,,Youngblood,C. Youngblood,,,,,,,,,,,,,,,,,,,,,,,,,,
173,PT00M20.50S,2025-12-23T03:09:05.9Z,1,REGULAR,substitution,in,[],1642377,,,1610612760,29,28,2025-12-23T04:07:47Z,1720000,False,,,0,,SUB in: J. Wells,[1642377],1610612763.0,MEM,,,,Wells,J. Wells,,,,,,,,,,,,,,,,,,,,,,,,,,
177,PT00M02.40S,2025-12-23T03:09:57.4Z,1,REGULAR,2pt,Jump Shot,['pointsinthepaint'],1642349,7.30946123521682,37.745098039215684,1610612760,31,28,2025-12-23T03:10:59Z,1760000,False,61.0,16.0,1,left,A. Mitchell 6' driving floating Jump Shot (3 PTS),[1642349],1610612760.0,OKC,driving floating,,,Mitchell,A. Mitchell,,,,,In The Paint (Non-RA),0-8 Center,6.34,Made,,,,,3.0,,,,,,,,,,,,,
178,PT00M00.30S,2025-12-23T03:10:02.4Z,1,REGULAR,heave,,[],0,,,1610612763,31,28,2025-12-23T03:10:32Z,1770000,False,,,0,,MEM Heave,[],1610612763.0,MEM,,,,,,,,,,Above the Break 3,24+ Center,45.19,,,,,,,,,,,,,,,,,,,
179,PT00M00.10S,2025-12-23T03:10:02.6Z,1,REGULAR,rebound,offensive,['team'],0,,,1610612763,31,28,2025-12-23T03:10:32Z,1780000,False,,,0,,TEAM offensive REBOUND,[],1610612763.0,MEM,,,,,,,,,,Above the Break 3,24+ Center,,,178.0,,,,,,,,,,,,,,,,,
180,PT00M00.00S,2025-12-23T03:12:45.6Z,1,REGULAR,period,end,[],0,,,1610612763,31,28,2025-12-23T03:12:45Z,1790000,False,,,0,,Period End,[],,,,,,,,,,,,,,,,,,,,,,,,,,,,,,,,,
181,PT12M00.00S,2025-12-23T03:12:49.2Z,2,REGULAR,substitution,out,['startperiod'],1628983,,,1610612763,31,28,2025-12-23T03:13:28Z,1800000,False,,,0,,SUB out: S. Gilgeous-Alexander,[1628983],1610612760.0,OKC,,,,Gilgeous-Alexander,S. Gilgeous-Alexander,,,,,,,,,,,,,,,,,,,,,,,,,,
182,PT12M00.00S,2025-12-23T03:12:49.2Z,2,REGULAR,substitution,out,['startperiod'],1630198,,,1610612763,31,28,2025-12-23T03:13:28Z,1810000,False,,,0,,SUB out: I. Joe,[1630198],1610612760.0,OKC,,,,Joe,I. Joe,,,,,,,,,,,,,,,,,,,,,,,,,,
183,PT12M00.00S,2025-12-23T03:12:49.2Z,2,REGULAR,substitution,out,['startperiod'],1642959,,,1610612763,31,28,2025-12-23T03:13:28Z,1820000,False,,,0,,SUB out: C. Youngblood,[1642959],1610612760.0,OKC,,,,Youngblood,C. Youngblood,,,,,,,,,,,,,,,,,,,,,,,,,,
184,PT12M00.00S,2025-12-23T03:12:49.2Z,2,REGULAR,substitution,out,['startperiod'],1630583,,,1610612763,31,28,2025-12-23T03:13:28Z,1830000,False,,,0,,SUB out: S. Aldama,[1630583],1610612763.0,MEM,,,,Aldama,S. Aldama,,,,,,,,,,,,,,,,,,,,,,,,,,
185,PT12M00.00S,2025-12-23T03:12:49.2Z,2,REGULAR,substitution,out,['startperiod'],1641765,,,1610612763,31,28,2025-12-23T03:13:28Z,1840000,False,,,0,,SUB out: O. Prosper,[1641765],1610612763.0,MEM,,,,Prosper,O. Prosper,,,,,,,,,,,,,,,,,,,,,,,,,,
186,PT12M00.00S,2025-12-23T03:12:49.2Z,2,REGULAR,substitution,out,['startperiod'],1642377,,,1610612763,31,28,2025-12-23T03:13:28Z,1850000,False,,,0,,SUB out: J. Wells,[1642377],1610612763.0,MEM,,,,Wells,J. Wells,,,,,,,,,,,,,,,,,,,,,,,,,,
187,PT12M00.00S,2025-12-23T03:12:49.2Z,2,REGULAR,substitution,in,['startperiod'],1641717,,,1610612763,31,28,2025-12-23T03:13:28Z,1860000,False,,,0,,SUB in: C. Wallace,[1641717],1610612760.0,OKC,,,,Wallace,C. Wallace,,,,,,,,,,,,,,,,,,,,,,,,,,
188,PT12M00.00S,2025-12-23T03:12:49.2Z,2,REGULAR,substitution,in,['startperiod'],1629026,,,1610612763,31,28,2025-12-23T03:13:28Z,1870000,False,,,0,,SUB in: K. Williams,[1629026],1610612760.0,OKC,,,,Williams,K. Williams,,,,,,,,,,,,,,,,,,,,,,,,,,
189,PT12M00.00S,2025-12-23T03:12:49.2Z,2,REGULAR,substitution,in,['startperiod'],1631114,,,1610612763,31,28,2025-12-23T03:13:28Z,1880000,False,,,0,,SUB in: J. Williams,[1631114],1610612760.0,OKC,,,,Williams,J. Williams,,,,,,,,,,,,,,,,,,,,,,,,,,
190,PT12M00.00S,2025-12-23T03:12:49.2Z,2,REGULAR,substitution,in,['startperiod'],1629111,,,1610612763,31,28,2025-12-23T03:13:28Z,1890000,False,,,0,,SUB in: J. Landale,[1629111],1610612763.0,MEM,,,,Landale,J. Landale,,,,,,,,,,,,,,,,,,,,,,,,,,
191,PT12M00.00S,2025-12-23T03:12:49.2Z,2,REGULAR,substitution,in,['startperiod'],1642285,,,1610612763,31,28,2025-12-23T03:13:28Z,1900000,False,,,0,,SUB in: C. Spencer,[1642285],1610612763.0,MEM,,,,Spencer,C. Spencer,,,,,,,,,,,,,,,,,,,,,,,,,,
192,PT12M00.00S,2025-12-23T03:12:49.2Z,2,REGULAR,substitution,in,['startperiod'],1641713,,,1610612763,31,28,2025-12-23T03:13:28Z,1910000,False,,,0,,SUB in: G. Jackson,[1641713],1610612763.0,MEM,,,,Jackson,G. Jackson,,,,,,,,,,,,,,,,,,,,,,,,,,
193,PT12M00.00S,2025-12-23T03:13:41.1Z,2,REGULAR,period,start,[],0,,,1610612760,31,28,2025-12-23T03:13:41Z,1920000,False,,,0,,Period Start,[],,,,,,,,,,,,,,,,,,,,,,,,,,,,,,,,,
194,PT11M48.00S,2025-12-23T03:13:52.7Z,2,REGULAR,2pt,DUNK,['pointsinthepaint'],1642382,5.995400788436268,50.245098039215684,1610612760,33,28,2025-12-23T03:13:57Z,1930000,False,-1.0,4.0,1,left,B. Carlson alley-oop DUNK (5 PTS) (A. Mitchell 1 AST),"[1642382, 1642349]",1610612760.0,OKC,alley-oop,,,Carlson,B. Carlson,,,,,Restricted Area,0-8 Center,0.41,Made,,,,,5.0,A. Mitchell,1642349.0,1.0,,,,,,,,,,
196,PT11M35.00S,2025-12-23T03:14:04.3Z,2,REGULAR,3pt,Jump Shot,[],1629111,69.99014454664915,74.75490196078431,1610612763,33,31,2025-12-23T03:14:22Z,1950000,False,124.0,230.0,1,right,J. Landale 26' 3PT  (8 PTS) (C. Coward 3 AST),"[1629111, 1642907]",1610612763.0,MEM,,,,Landale,J. Landale,,,,,Above the Break 3,24+ Right Center,26.08,Made,,,,,8.0,C. Coward,1642907.0,3.0,,,,,,,,,,
197,PT11M22.00S,2025-12-23T03:14:17.8Z,2,REGULAR,3pt,Jump Shot,[],1641717,21.632720105124836,89.95098039215686,1610612760,33,31,2025-12-23T03:14:23Z,1960000,False,-200.0,151.0,1,left,MISS C. Wallace 25' 3PT,[1641717],1610612760.0,OKC,,,,Wallace,C. Wallace,,,,,Above the Break 3,24+ Left Center,25.03,Missed,,,,,,,,,,,,,,,,,,
198,PT11M22.00S,2025-12-23T03:14:17.8Z,2,REGULAR,rebound,defensive,[],1628991,,,1610612763,33,31,2025-12-23T03:14:23Z,1970000,False,,,0,,J. Jackson Jr. REBOUND (Off:0 Def:2),[1628991],1610612763.0,MEM,,,,Jackson Jr.,J. Jackson Jr.,,,,,Above the Break 3,24+ Left Center,,,197.0,2.0,2.0,0.0,,,,,,,,,,,,,,
199,PT11M06.00S,2025-12-23T03:14:34.4Z,2,REGULAR,turnover,bad pass,[],1642285,,,1610612763,33,31,2025-12-23T03:14:53Z,1980000,False,,,0,,C. Spencer bad pass TURNOVER (3 TO),"[1642285, 1629026]",1610612763.0,MEM,,,,Spencer,C. Spencer,,,,,Mid-Range,8-16 Right,,,,,,,,,,,3.0,,,,,,,,Williams,1629026.0
200,PT11M06.00S,2025-12-23T03:14:34.4Z,2,REGULAR,steal,,[],1629026,,,1610612760,33,31,2025-12-23T03:27:17Z,1990000,False,,,0,,K. Williams STEAL (1 STL),[1629026],1610612760.0,OKC,,,,Williams,K. Williams,,,,,Mid-Range,8-16 Right,,,,,,,,,,,,,,,,,,,,
201,PT10M58.00S,2025-12-23T03:14:41.6Z,2,REGULAR,2pt,Jump Shot,"['fastbreak', 'fromturnover']",1629026,24.655059132720105,40.44117647058824,1610612760,35,31,2025-12-23T03:26:31Z,2000000,False,48.0,179.0,1,left,K. Williams 18' running pullup Jump Shot (7 PTS),[1629026],1610612760.0,OKC,running pullup,,,Williams,K. Williams,,,,,Mid-Range,16-24 Center,18.56,Made,,,,,7.0,,,,,,,,,,,,,
204,PT10M40.00S,2025-12-23T03:14:59.5Z,2,REGULAR,3pt,Jump Shot,[],1641713,92.72339027595268,95.34313725490196,1610612763,35,34,2025-12-23T03:15:10Z,2010000,False,227.0,16.0,1,right,G. Jackson 3PT  (3 PTS) (C. Coward 4 AST),"[1641713, 1642907]",1610612763.0,MEM,,,,Jackson,G. Jackson,,,,,Right Corner 3,24+ Right,22.73,Made,,,,,3.0,C. Coward,1642907.0,4.0,,,,,,,,,,
206,PT10M30.00S,2025-12-23T03:15:12.7Z,2,REGULAR,foul,personal,['2freethrow'],1629111,,,1610612760,35,34,2025-12-23T03:15:21Z,2030000,False,,,0,,J. Landale shooting personal FOUL (1 PF) (Williams 2 FT),"[1629111, 1631114]",1610612763.0,MEM,shooting,,,Landale,J. Landale,,,,,In The Paint (Non-RA),0-8 Center,,,,,,,,,,,,,,101284.0,1.0,0.0,Williams,1631114.0,,
208,PT10M30.00S,2025-12-23T03:15:40.4Z,2,REGULAR,freethrow,1 of 2,[],1631114,,,1610612760,36,34,2025-12-23T03:15:40Z,2050000,False,,,0,,J. Williams Free Throw 1 of 2 (6 PTS),[1631114],1610612760.0,OKC,,,,Williams,J. Williams,,,,,,,,Made,,,,,6.0,,,,,,,,,,,,,
209,PT10M30.00S,2025-12-23T03:15:55.5Z,2,REGULAR,freethrow,2 of 2,[],1631114,,,1610612760,37,34,2025-12-23T03:15:55Z,2060000,False,,,0,,J. Williams Free Throw 2 of 2 (7 PTS),[1631114],1610612760.0,OKC,,,,Williams,J. Williams,,,,,,,,Made,,,,,7.0,,,,,,,,,,,,,
210,PT10M15.00S,2025-12-23T03:16:13.6Z,2,REGULAR,3pt,Jump Shot,[],1641713,94.82588699080158,4.411764705882353,1610612763,37,34,2025-12-23T03:16:17Z,2070000,False,-228.0,-4.0,1,right,MISS G. Jackson 3PT,[1641713],1610612763.0,MEM,,,,Jackson,G. Jackson,,,,,Left Corner 3,24+ Left,22.79,Missed,,,,,,,,,,,,,,,,,,
211,PT10M13.00S,2025-12-23T03:16:15.6Z,2,REGULAR,rebound,defensive,[],1642349,,,1610612760,37,34,2025-12-23T03:16:17Z,2080000,False,,,0,,A. Mitchell REBOUND (Off:0 Def:1),[1642349],1610612760.0,OKC,,,,Mitchell,A. Mitchell,,,,,Left Corner 3,24+ Left,,,210.0,1.0,1.0,0.0,,,,,,,,,,,,,,
212,PT10M02.00S,2025-12-23T03:16:26.8Z,2,REGULAR,turnover,bad pass,[],1631114,,,1610612760,37,34,2025-12-23T03:16:31Z,2090000,False,,,0,,J. Williams bad pass TURNOVER (1 TO),"[1631114, 1641713]",1610612760.0,OKC,,,,Williams,J. Williams,,,,,In The Paint (Non-RA),8-16 Left,,,,,,,,,,,1.0,,,,,,,,Jackson,1641713.0
213,PT10M02.00S,2025-12-23T03:16:26.8Z,2,REGULAR,steal,,[],1641713,,,1610612763,37,34,2025-12-23T03:16:28Z,2100000,False,,,0,,G. Jackson STEAL (1 STL),[1641713],1610612763.0,MEM,,,,Jackson,G. Jackson,,,,,In The Paint (Non-RA),8-16 Left,,,,,,,,,,,,,,,,,,,,
214,PT09M50.00S,2025-12-23T03:16:39.7Z,2,REGULAR,3pt,Jump Shot,['fromturnover'],1628991,73.01248357424441,85.5392156862745,1610612763,37,37,2025-12-23T03:16:43Z,2110000,False,178.0,201.0,1,right,J. Jackson Jr. 26' 3PT  (8 PTS) (J. Landale 2 AST),"[1628991, 1629111]",1610612763.0,MEM,,,,Jackson Jr.,J. Jackson Jr.,,,,,Above the Break 3,24+ Right Center,26.84,Made,,,,,8.0,J. Landale,1629111.0,2.0,,,,,,,,,,
216,PT09M27.00S,2025-12-23T03:17:00.8Z,2,REGULAR,3pt,Jump Shot,[],1629026,27.414586070959263,20.833333333333336,1610612760,37,37,2025-12-23T03:17:06Z,2130000,False,146.0,205.0,1,left,MISS K. Williams 25' 3PT,[1629026],1610612760.0,OKC,,,,Williams,K. Williams,,,,,Above the Break 3,24+ Right Center,25.17,Missed,,,,,,,,,,,,,,,,,,
217,PT09M26.00S,2025-12-23T03:17:01.8Z,2,REGULAR,rebound,offensive,[],1642349,,,1610612760,37,37,2025-12-23T03:17:06Z,2140000,False,,,0,,A. Mitchell REBOUND (Off:1 Def:1),[1642349],1610612760.0,OKC,,,,Mitchell,A. Mitchell,,,,,Above the Break 3,24+ Right Center,,,216.0,2.0,1.0,1.0,,,,,,,,,,,,,,
218,PT09M24.00S,2025-12-23T03:17:05.3Z,2,REGULAR,3pt,Jump Shot,['2ndchance'],1641717,28.33442838370565,73.77450980392157,1610612760,40,37,2025-12-23T03:17:10Z,2150000,False,-119.0,214.0,1,left,C. Wallace 24' 3PT  (6 PTS) (A. Mitchell 2 AST),"[1641717, 1642349]",1610612760.0,OKC,,,,Wallace,C. Wallace,,,,,Above the Break 3,24+ Left Center,24.46,Made,,,,,6.0,A. Mitchell,1642349.0,2.0,,,,,,,,,,
220,PT09M04.00S,2025-12-23T03:17:24.4Z,2,REGULAR,2pt,Jump Shot,['pointsinthepaint'],1642285,85.3646517739816,36.51960784313725,1610612763,40,37,2025-12-23T03:17:29Z,2170000,False,-67.0,85.0,1,right,MISS C. Spencer 10' pullup Shot,[1642285],1610612763.0,MEM,pullup,,,Spencer,C. Spencer,,,,,In The Paint (Non-RA),8-16 Left,10.86,Missed,,,,,,,,,,,,,,,,,,
221,PT09M01.00S,2025-12-23T03:17:27.4Z,2,REGULAR,rebound,offensive,[],1642907,,,1610612763,40,37,2025-12-23T03:17:29Z,2180000,False,,,0,,C. Coward REBOUND (Off:1 Def:3),[1642907],1610612763.0,MEM,,,,Coward,C. Coward,,,,,In The Paint (Non-RA),8-16 Left,,,220.0,4.0,3.0,1.0,,,,,,,,,,,,,,
222,PT09M01.00S,2025-12-23T03:17:27.8Z,2,REGULAR,2pt,Layup,"['pointsinthepaint', '2ndchance']",1642907,92.72339027595268,48.529411764705884,1610612763,40,39,2025-12-23T03:17:32Z,2190000,False,-7.0,16.0,1,right,C. Coward tip Layup (5 PTS),[1642907],1610612763.0,MEM,tip,,,Coward,C. Coward,,,,,Restricted Area,0-8 Center,1.75,Made,,,,,5.0,,,,,,,,,,,,,
223,PT08M52.00S,2025-12-23T03:17:38.5Z,2,REGULAR,2pt,Layup,['pointsinthepaint'],1631114,6.652431011826544,47.05882352941176,1610612760,40,39,2025-12-23T03:17:45Z,2200000,False,15.0,10.0,1,left,MISS J. Williams driving Layup - blocked,"[1631114, 1641713]",1610612760.0,OKC,driving,,,Williams,J. Williams,,,,,Restricted Area,0-8 Center,1.78,Missed,,,,,,,,,,Jackson,1641713.0,,,,,,,
224,PT08M52.00S,2025-12-23T03:17:38.5Z,2,REGULAR,block,,[],1641713,,,1610612760,40,39,2025-12-23T03:17:40Z,2210000,False,,,0,,G. Jackson BLOCK (1 BLK),[1641713],1610612763.0,MEM,,,,Jackson,G. Jackson,,,,,Restricted Area,0-8 Center,,,,,,,,,,,,,,,,,,,,
225,PT08M52.00S,2025-12-23T03:17:38.5Z,2,REGULAR,rebound,offensive,['team'],0,,,1610612760,40,39,2025-12-23T03:17:45Z,2220000,False,,,0,,TEAM offensive REBOUND,[],1610612760.0,OKC,,,,,,,,,,Restricted Area,0-8 Center,,,223.0,,,,,,,,,,,,,,,,,
227,PT08M52.00S,2025-12-23T03:17:46.8Z,2,REGULAR,substitution,out,[],1629026,,,1610612760,40,39,2025-12-23T03:17:50Z,2240000,False,,,0,,SUB out: K. Williams,[1629026],1610612760.0,OKC,,,,Williams,K. Williams,,,,,,,,,,,,,,,,,,,,,,,,,,
228,PT08M52.00S,2025-12-23T03:17:46.8Z,2,REGULAR,substitution,in,[],1630198,,,1610612760,40,39,2025-12-23T03:17:50Z,2250000,False,,,0,,SUB in: I. Joe,[1630198],1610612760.0,OKC,,,,Joe,I. Joe,,,,,,,,,,,,,,,,,,,,,,,,,,
229,PT08M43.00S,2025-12-23T03:18:10.3Z,2,REGULAR,3pt,Jump Shot,['2ndchance'],1642382,34.37910643889619,36.029411764705884,1610612760,40,39,2025-12-23T03:18:15Z,2260000,False,70.0,271.0,1,left,MISS B. Carlson 27' 3PT,[1642382],1610612760.0,OKC,,,,Carlson,B. Carlson,,,,,Above the Break 3,24+ Center,27.96,Missed,,,,,,,,,,,,,,,,,,
230,PT08M41.00S,2025-12-23T03:18:12.3Z,2,REGULAR,rebound,offensive,[],1631114,,,1610612760,40,39,2025-12-23T03:18:15Z,2270000,False,,,0,,J. Williams REBOUND (Off:1 Def:2),[1631114],1610612760.0,OKC,,,,Williams,J. Williams,,,,,Above the Break 3,24+ Center,,,229.0,3.0,2.0,1.0,,,,,,,,,,,,,,
231,PT08M39.00S,2025-12-23T03:18:15.1Z,2,REGULAR,3pt,Jump Shot,['2ndchance'],1630198,27.283180026281208,79.41176470588235,1610612760,40,39,2025-12-23T03:18:22Z,2280000,False,-147.0,204.0,1,left,MISS I. Joe 25' 3PT,[1630198],1610612760.0,OKC,,,,Joe,I. Joe,,,,,Above the Break 3,24+ Left Center,25.15,Missed,,,,,,,,,,,,,,,,,,
232,PT08M37.00S,2025-12-23T03:18:17.1Z,2,REGULAR,rebound,defensive,['team'],0,,,1610612763,40,39,2025-12-23T03:18:22Z,2290000,False,,,0,,TEAM defensive REBOUND,[],1610612763.0,MEM,,,,,,,,,,Above the Break 3,24+ Left Center,,,231.0,,,,,,,,,,,,,,,,,
233,PT08M37.00S,2025-12-23T03:18:21.3Z,2,REGULAR,foul,personal,[],1642349,,,1610612763,40,39,2025-12-23T03:18:37Z,2300000,False,,,0,,A. Mitchell loose ball personal FOUL (1 PF),"[1642349, 1628991]",1610612760.0,OKC,loose ball,,,Mitchell,A. Mitchell,,,,,Restricted Area,0-8 Center,,,,,,,,,,,,,,204058.0,1.0,0.0,Jackson Jr.,1628991.0,,
235,PT08M25.00S,2025-12-23T03:18:53.8Z,2,REGULAR,3pt,Jump Shot,[],1628991,69.46452036793693,73.77450980392157,1610612763,40,39,2025-12-23T03:19:01Z,2320000,False,119.0,235.0,1,right,MISS J. Jackson Jr. 26' 3PT,[1628991],1610612763.0,MEM,,,,Jackson Jr.,J. Jackson Jr.,,,,,Above the Break 3,24+ Right Center,26.29,Missed,,,,,,,,,,,,,,,,,,
236,PT08M20.00S,2025-12-23T03:18:58.8Z,2,REGULAR,rebound,defensive,[],1642349,,,1610612760,40,39,2025-12-23T03:19:01Z,2330000,False,,,0,,A. Mitchell REBOUND (Off:1 Def:2),[1642349],1610612760.0,OKC,,,,Mitchell,A. Mitchell,,,,,Above the Break 3,24+ Right Center,,,235.0,3.0,2.0,1.0,,,,,,,,,,,,,,
237,PT08M14.00S,2025-12-23T03:19:05.7Z,2,REGULAR,2pt,Layup,['pointsinthepaint'],1642349,4.155716162943495,59.068627450980394,1610612760,42,39,2025-12-23T03:31:57Z,2340000,False,-45.0,-13.0,1,left,A. Mitchell driving Layup (5 PTS),[1642349],1610612760.0,OKC,driving,,,Mitchell,A. Mitchell,,,,,In The Paint (Non-RA),0-8 Center,4.72,Made,,,,,5.0,,,,,,,,,,,,,
238,PT08M14.00S,2025-12-23T03:19:11.6Z,2,REGULAR,timeout,full,"['team', 'mandatory']",0,,,1610612763,42,39,2025-12-23T03:19:11Z,2350000,False,,,0,,MEM Timeout,[],1610612763.0,MEM,,,,,,,,,,,,,,,,,,,,,,,,,,,,,,,
239,PT08M05.00S,2025-12-23T03:23:05.6Z,2,REGULAR,turnover,8-second-violation,['team'],0,,,1610612763,42,39,2025-12-23T03:23:16Z,2360000,False,,,0,,MEM 8-second-violation Team TURNOVER,[],1610612763.0,MEM,,,,,,,,,,Above the Break 3,24+ Center,,,,,,,,,,,,,,204058.0,,,,,,
240,PT07M47.00S,2025-12-23T03:23:31.6Z,2,REGULAR,3pt,Jump Shot,['fromturnover'],1630198,25.04927726675427,13.970588235294118,1610612760,45,39,2025-12-23T03:23:36Z,2370000,False,180.0,183.0,1,left,I. Joe 25' 3PT  (5 PTS) (J. Williams 1 AST),"[1630198, 1631114]",1610612760.0,OKC,,,,Joe,I. Joe,,,,,Above the Break 3,24+ Right Center,25.68,Made,,,,,5.0,J. Williams,1631114.0,1.0,,,,,,,,,,
242,PT07M27.00S,2025-12-23T03:23:50.7Z,2,REGULAR,3pt,Jump Shot,[],1642907,80.3712220762155,5.392156862745098,1610612763,45,39,2025-12-23T03:23:57Z,2390000,False,-223.0,132.0,1,right,MISS C. Coward 25' 3PT,[1642907],1610612763.0,MEM,,,,Coward,C. Coward,,,,,Above the Break 3,24+ Left Center,25.91,Missed,,,,,,,,,,,,,,,,,,
243,PT07M24.00S,2025-12-23T03:23:53.7Z,2,REGULAR,rebound,offensive,[],1629111,,,1610612763,45,39,2025-12-23T03:23:57Z,2400000,False,,,0,,J. Landale REBOUND (Off:1 Def:2),[1629111],1610612763.0,MEM,,,,Landale,J. Landale,,,,,Above the Break 3,24+ Left Center,,,242.0,3.0,2.0,1.0,,,,,,,,,,,,,,
244,PT07M24.00S,2025-12-23T03:23:54.9Z,2,REGULAR,2pt,Layup,"['pointsinthepaint', '2ndchance']",1629111,92.32917214191852,54.166666666666664,1610612763,45,39,2025-12-23T03:23:59Z,2410000,False,21.0,20.0,1,right,MISS J. Landale putback Layup,[1629111],1610612763.0,MEM,putback,,,Landale,J. Landale,,,,,Restricted Area,0-8 Center,2.86,Missed,,,,,,,,,,,,,,,,,,
245,PT07M22.00S,2025-12-23T03:23:56.9Z,2,REGULAR,rebound,defensive,[],1642349,,,1610612760,45,39,2025-12-23T03:23:59Z,2420000,False,,,0,,A. Mitchell REBOUND (Off:1 Def:3),[1642349],1610612760.0,OKC,,,,Mitchell,A. Mitchell,,,,,Restricted Area,0-8 Center,,,244.0,4.0,3.0,1.0,,,,,,,,,,,,,,
246,PT07M17.00S,2025-12-23T03:24:01.6Z,2,REGULAR,3pt,Jump Shot,[],1642349,31.61957950065703,59.80392156862745,1610612760,45,39,2025-12-23T03:24:07Z,2430000,False,-49.0,245.0,1,left,MISS A. Mitchell 24' pullup 3PT,[1642349],1610612760.0,OKC,pullup,,,Mitchell,A. Mitchell,,,,,Above the Break 3,24+ Center,24.96,Missed,,,,,,,,,,,,,,,,,,
247,PT07M14.00S,2025-12-23T03:24:04.7Z,2,REGULAR,rebound,offensive,[],1642382,,,1610612760,45,39,2025-12-23T03:24:04Z,2440000,False,,,0,,B. Carlson REBOUND (Off:1 Def:2),[1642382],1610612760.0,OKC,,,,Carlson,B. Carlson,,,,,Above the Break 3,24+ Center,,,246.0,3.0,2.0,1.0,,,,,,,,,,,,,,
248,PT07M10.00S,2025-12-23T03:24:08.2Z,2,REGULAR,2pt,Jump Shot,"['pointsinthepaint', '2ndchance']",1631114,7.835085413929041,59.31372549019608,1610612760,47,39,2025-12-23T03:24:15Z,2450000,False,-47.0,21.0,1,left,J. Williams pullup Jump Shot (9 PTS) (B. Carlson 2 AST),"[1631114, 1642382]",1610612760.0,OKC,pullup,,,Williams,J. Williams,,,,,In The Paint (Non-RA),0-8 Center,5.12,Made,,,,,9.0,B. Carlson,1642382.0,2.0,,,,,,,,,,
250,PT06M56.00S,2025-12-23T03:24:22.4Z,2,REGULAR,2pt,Jump Shot,['pointsinthepaint'],1642907,88.12417871222075,50.73529411764706,1610612763,47,39,2025-12-23T03:37:29Z,2470000,False,4.0,59.0,1,right,MISS C. Coward driving floating Shot,[1642907],1610612763.0,MEM,driving floating,,,Coward,C. Coward,,,,,In The Paint (Non-RA),0-8 Center,5.92,Missed,,,,,,,,,,,,,,,,,,
251,PT06M53.00S,2025-12-23T03:24:25.4Z,2,REGULAR,rebound,defensive,[],1630198,,,1610612760,47,39,2025-12-23T03:43:47Z,2480000,False,,,0,,I. Joe REBOUND (Off:0 Def:2),[1630198],1610612760.0,OKC,,,,Joe,I. Joe,,,,,In The Paint (Non-RA),0-8 Center,,,250.0,2.0,2.0,0.0,,,,,,,,,,,,,,
252,PT06M47.00S,2025-12-23T03:24:32.3Z,2,REGULAR,2pt,Jump Shot,['pointsinthepaint'],1642349,6.652431011826544,60.29411764705882,1610612760,47,39,2025-12-23T03:24:37Z,2490000,False,-51.0,10.0,1,left,MISS A. Mitchell driving bank Shot,[1642349],1610612760.0,OKC,driving bank,,,Mitchell,A. Mitchell,,,,,In The Paint (Non-RA),0-8 Center,5.25,Missed,,,,,,,,,,,,,,,,,,
253,PT06M43.00S,2025-12-23T03:24:35.0Z,2,REGULAR,rebound,offensive,[],1631114,,,1610612760,47,39,2025-12-23T03:24:35Z,2500000,False,,,0,,J. Williams REBOUND (Off:2 Def:2),[1631114],1610612760.0,OKC,,,,Williams,J. Williams,,,,,In The Paint (Non-RA),0-8 Center,,,252.0,4.0,2.0,2.0,,,,,,,,,,,,,,
254,PT06M43.00S,2025-12-23T03:24:36.1Z,2,REGULAR,turnover,lost ball,[],1631114,,,1610612760,47,39,2025-12-23T03:24:40Z,2510000,False,,,0,,J. Williams lost ball TURNOVER (2 TO),"[1631114, 1628991]",1610612760.0,OKC,,,,Williams,J. Williams,,,,,Mid-Range,8-16 Right,,,,,,,,,,,2.0,,,,,,,,Jackson Jr.,1628991.0
255,PT06M43.00S,2025-12-23T03:24:36.1Z,2,REGULAR,steal,,[],1628991,,,1610612763,47,39,2025-12-23T03:24:37Z,2520000,False,,,0,,J. Jackson Jr. STEAL (1 STL),[1628991],1610612763.0,MEM,,,,Jackson Jr.,J. Jackson Jr.,,,,,Mid-Range,8-16 Right,,,,,,,,,,,,,,,,,,,,
256,PT06M38.00S,2025-12-23T03:24:42.3Z,2,REGULAR,foul,personal,[],1630198,,,1610612763,47,39,2025-12-23T03:24:49Z,2530000,False,,,0,,I. Joe personal FOUL (2 PF),"[1630198, 1642285]",1610612760.0,OKC,,,,Joe,I. Joe,,,,,Mid-Range,16-24 Left Center,,,,,,,,,,,,,,204058.0,2.0,0.0,Spencer,1642285.0,,
258,PT06M38.00S,2025-12-23T03:24:48.6Z,2,REGULAR,substitution,out,[],1631114,,,1610612763,47,39,2025-12-23T03:25:07Z,2550000,False,,,0,,SUB out: J. Williams,[1631114],1610612760.0,OKC,,,,Williams,J. Williams,,,,,,,,,,,,,,,,,,,,,,,,,,
259,PT06M38.00S,2025-12-23T03:24:48.6Z,2,REGULAR,substitution,out,[],1642382,,,1610612763,47,39,2025-12-23T03:25:07Z,2560000,False,,,0,,SUB out: B. Carlson,[1642382],1610612760.0,OKC,,,,Carlson,B. Carlson,,,,,,,,,,,,,,,,,,,,,,,,,,
260,PT06M38.00S,2025-12-23T03:24:48.6Z,2,REGULAR,substitution,out,[],1641717,,,1610612763,47,39,2025-12-23T03:25:07Z,2570000,False,,,0,,SUB out: C. Wallace,[1641717],1610612760.0,OKC,,,,Wallace,C. Wallace,,,,,,,,,,,,,,,,,,,,,,,,,,
261,PT06M38.00S,2025-12-23T03:24:48.6Z,2,REGULAR,substitution,out,[],1628991,,,1610612763,47,39,2025-12-23T03:25:07Z,2580000,False,,,0,,SUB out: J. Jackson Jr.,[1628991],1610612763.0,MEM,,,,Jackson Jr.,J. Jackson Jr.,,,,,,,,,,,,,,,,,,,,,,,,,,
262,PT06M38.00S,2025-12-23T03:24:48.6Z,2,REGULAR,substitution,out,[],1642907,,,1610612763,47,39,2025-12-23T03:25:07Z,2590000,False,,,0,,SUB out: C. Coward,[1642907],1610612763.0,MEM,,,,Coward,C. Coward,,,,,,,,,,,,,,,,,,,,,,,,,,
263,PT06M38.00S,2025-12-23T03:24:48.6Z,2,REGULAR,substitution,in,[],1629652,,,1610612763,47,39,2025-12-23T03:25:07Z,2600000,False,,,0,,SUB in: L. Dort,[1629652],1610612760.0,OKC,,,,Dort,L. Dort,,,,,,,,,,,,,,,,,,,,,,,,,,
264,PT06M38.00S,2025-12-23T03:24:48.6Z,2,REGULAR,substitution,in,[],1629026,,,1610612763,47,39,2025-12-23T03:25:07Z,2610000,False,,,0,,SUB in: K. Williams,[1629026],1610612760.0,OKC,,,,Williams,K. Williams,,,,,,,,,,,,,,,,,,,,,,,,,,
265,PT06M38.00S,2025-12-23T03:24:48.6Z,2,REGULAR,substitution,in,[],1642964,,,1610612763,47,39,2025-12-23T03:25:07Z,2620000,False,,,0,,SUB in: B. Barnhizer,[1642964],1610612760.0,OKC,,,,Barnhizer,B. Barnhizer,,,,,,,,,,,,,,,,,,,,,,,,,,
266,PT06M38.00S,2025-12-23T03:24:48.6Z,2,REGULAR,substitution,in,[],1630583,,,1610612763,47,39,2025-12-23T03:25:07Z,2630000,False,,,0,,SUB in: S. Aldama,[1630583],1610612763.0,MEM,,,,Aldama,S. Aldama,,,,,,,,,,,,,,,,,,,,,,,,,,
267,PT06M38.00S,2025-12-23T03:24:48.6Z,2,REGULAR,substitution,in,[],203484,,,1610612763,47,39,2025-12-23T03:25:07Z,2640000,False,,,0,,SUB in: K. Caldwell-Pope,[203484],1610612763.0,MEM,,,,Caldwell-Pope,K. Caldwell-Pope,,,,,,,,,,,,,,,,,,,,,,,,,,
268,PT06M35.00S,2025-12-23T03:25:24.8Z,2,REGULAR,foul,personal,[],1642349,,,1610612763,47,39,2025-12-23T03:25:31Z,2650000,False,,,0,,A. Mitchell personal FOUL (2 PF),"[1642349, 1630583]",1610612760.0,OKC,,,,Mitchell,A. Mitchell,,,,,Above the Break 3,24+ Right Center,,,,,,,,,,,,,,204058.0,2.0,0.0,Aldama,1630583.0,,
270,PT06M23.00S,2025-12-23T03:25:55.1Z,2,REGULAR,3pt,Jump Shot,['fromturnover'],203484,94.43166885676742,96.07843137254902,1610612763,47,42,2025-12-23T03:26:01Z,2670000,False,230.0,0.0,1,right,K. Caldwell-Pope 3PT  (7 PTS) (J. Landale 3 AST),"[203484, 1629111]",1610612763.0,MEM,,,,Caldwell-Pope,K. Caldwell-Pope,,,,,Right Corner 3,24+ Right,23.04,Made,,,,,7.0,J. Landale,1629111.0,3.0,,,,,,,,,,
272,PT06M07.00S,2025-12-23T03:26:12.0Z,2,REGULAR,2pt,Layup,['pointsinthepaint'],1629026,4.28712220762155,52.94117647058824,1610612760,49,42,2025-12-23T03:26:18Z,2690000,False,-15.0,-12.0,1,left,K. Williams driving Layup (9 PTS),[1629026],1610612760.0,OKC,driving,,,Williams,K. Williams,,,,,Restricted Area,0-8 Center,1.91,Made,,,,,9.0,,,,,,,,,,,,,
273,PT05M55.00S,2025-12-23T03:26:22.6Z,2,REGULAR,turnover,bad pass,[],1630583,,,1610612763,49,42,2025-12-23T03:26:36Z,2700000,False,,,0,,S. Aldama bad pass TURNOVER (1 TO),"[1630583, 1629026]",1610612763.0,MEM,,,,Aldama,S. Aldama,,,,,Mid-Range,8-16 Left,,,,,,,,,,,1.0,,,,,,,,Williams,1629026.0
274,PT05M55.00S,2025-12-23T03:26:22.6Z,2,REGULAR,steal,,[],1629026,,,1610612760,49,42,2025-12-23T03:26:24Z,2710000,False,,,0,,K. Williams STEAL (2 STL),[1629026],1610612760.0,OKC,,,,Williams,K. Williams,,,,,Mid-Range,8-16 Left,,,,,,,,,,,,,,,,,,,,
275,PT05M51.00S,2025-12-23T03:26:30.1Z,2,REGULAR,turnover,out-of-bounds,[],1630198,,,1610612760,49,42,2025-12-23T03:40:38Z,2720000,False,,,0,,I. Joe lost ball out-of-bounds TURNOVER (1 TO),[1630198],1610612760.0,OKC,lost ball,,,Joe,I. Joe,,,,,In The Paint (Non-RA),0-8 Center,,,,,,,,,,,1.0,,,204058.0,,,,,,
277,PT05M51.00S,2025-12-23T03:26:33.4Z,2,REGULAR,substitution,out,[],1641713,,,1610612763,49,42,2025-12-23T03:26:36Z,2730000,False,,,0,,SUB out: G. Jackson,[1641713],1610612763.0,MEM,,,,Jackson,G. Jackson,,,,,,,,,,,,,,,,,,,,,,,,,,
278,PT05M51.00S,2025-12-23T03:26:33.4Z,2,REGULAR,substitution,in,[],1642377,,,1610612763,49,42,2025-12-23T03:26:36Z,2740000,False,,,0,,SUB in: J. Wells,[1642377],1610612763.0,MEM,,,,Wells,J. Wells,,,,,,,,,,,,,,,,,,,,,,,,,,
279,PT05M37.00S,2025-12-23T03:26:56.4Z,2,REGULAR,3pt,Jump Shot,['fromturnover'],1629111,96.7969776609724,96.81372549019608,1610612763,49,42,2025-12-23T03:27:02Z,2750000,False,234.0,-22.0,1,right,MISS J. Landale 3PT,[1629111],1610612763.0,MEM,,,,Landale,J. Landale,,,,,Right Corner 3,24+ Right,23.52,Missed,,,,,,,,,,,,,,,,,,
280,PT05M31.00S,2025-12-23T03:27:02.4Z,2,REGULAR,rebound,offensive,[],203484,,,1610612763,49,42,2025-12-23T03:27:02Z,2760000,False,,,0,,K. Caldwell-Pope REBOUND (Off:1 Def:0),[203484],1610612763.0,MEM,,,,Caldwell-Pope,K. Caldwell-Pope,,,,,Right Corner 3,24+ Right,,,279.0,1.0,0.0,1.0,,,,,,,,,,,,,,
281,PT05M31.00S,2025-12-23T03:27:02.0Z,2,REGULAR,3pt,Jump Shot,"['fromturnover', '2ndchance']",1642285,65.39093298291722,37.745098039215684,1610612763,49,45,2025-12-23T03:27:06Z,2770000,False,-61.0,273.0,1,right,C. Spencer 27' 3PT  (6 PTS) (K. Caldwell-Pope 1 AST),"[1642285, 203484]",1610612763.0,MEM,,,,Spencer,C. Spencer,,,,,Above the Break 3,24+ Center,27.96,Made,,,,,6.0,K. Caldwell-Pope,203484.0,1.0,,,,,,,,,,
283,PT05M15.00S,2025-12-23T03:27:20.0Z,2,REGULAR,foul,personal,[],1629111,,,1610612760,49,45,2025-12-23T03:27:25Z,2790000,False,,,0,,J. Landale personal FOUL (2 PF),"[1629111, 1642349]",1610612763.0,MEM,,,,Landale,J. Landale,,,,,Above the Break 3,24+ Right Center,,,,,,,,,,,,,,101284.0,2.0,0.0,Mitchell,1642349.0,,
285,PT05M15.00S,2025-12-23T03:27:25.8Z,2,REGULAR,substitution,out,[],1642349,,,1610612760,49,45,2025-12-23T03:27:37Z,2810000,False,,,0,,SUB out: A. Mitchell,[1642349],1610612760.0,OKC,,,,Mitchell,A. Mitchell,,,,,,,,,,,,,,,,,,,,,,,,,,
286,PT05M15.00S,2025-12-23T03:27:25.8Z,2,REGULAR,substitution,out,[],1642285,,,1610612760,49,45,2025-12-23T03:27:37Z,2820000,False,,,0,,SUB out: C. Spencer,[1642285],1610612763.0,MEM,,,,Spencer,C. Spencer,,,,,,,,,,,,,,,,,,,,,,,,,,
287,PT05M15.00S,2025-12-23T03:27:25.8Z,2,REGULAR,substitution,out,[],1629111,,,1610612760,49,45,2025-12-23T03:27:37Z,2830000,False,,,0,,SUB out: J. Landale,[1629111],1610612763.0,MEM,,,,Landale,J. Landale,,,,,,,,,,,,,,,,,,,,,,,,,,
288,PT05M15.00S,2025-12-23T03:27:25.8Z,2,REGULAR,substitution,in,[],1628983,,,1610612760,49,45,2025-12-23T03:27:37Z,2840000,False,,,0,,SUB in: S. Gilgeous-Alexander,[1628983],1610612760.0,OKC,,,,Gilgeous-Alexander,S. Gilgeous-Alexander,,,,,,,,,,,,,,,,,,,,,,,,,,
289,PT05M15.00S,2025-12-23T03:27:25.8Z,2,REGULAR,substitution,in,[],1641765,,,1610612760,49,45,2025-12-23T03:27:37Z,2850000,False,,,0,,SUB in: O. Prosper,[1641765],1610612763.0,MEM,,,,Prosper,O. Prosper,,,,,,,,,,,,,,,,,,,,,,,,,,
290,PT05M15.00S,2025-12-23T03:27:25.8Z,2,REGULAR,substitution,in,[],1642942,,,1610612760,49,45,2025-12-23T03:27:37Z,2860000,False,,,0,,SUB in: J. Mashack,[1642942],1610612763.0,MEM,,,,Mashack,J. Mashack,,,,,,,,,,,,,,,,,,,,,,,,,,
291,PT05M09.00S,2025-12-23T03:27:45.2Z,2,REGULAR,3pt,Jump Shot,[],1628983,32.013797634691194,43.872549019607845,1610612760,52,45,2025-12-23T03:27:49Z,2870000,False,31.0,248.0,1,left,S. Gilgeous-Alexander 25' 3PT pullup (11 PTS),[1628983],1610612760.0,OKC,pullup,,,Gilgeous-Alexander,S. Gilgeous-Alexander,,,,,Above the Break 3,24+ Center,25.03,Made,,,,,11.0,,,,,,,,,,,,,
292,PT04M50.00S,2025-12-23T03:28:04.8Z,2,REGULAR,2pt,Jump Shot,[],1630583,92.85479632063075,72.79411764705883,1610612763,52,47,2025-12-23T03:28:10Z,2880000,False,114.0,15.0,1,right,S. Aldama 11' pullup Jump Shot (4 PTS) (J. Mashack 2 AST),"[1630583, 1642942]",1610612763.0,MEM,pullup,,,Aldama,S. Aldama,,,,,Mid-Range,8-16 Right,11.49,Made,,,,,4.0,J. Mashack,1642942.0,2.0,,,,,,,,,,
294,PT04M37.00S,2025-12-23T03:28:19.4Z,2,REGULAR,foul,personal,['2freethrow'],1642377,,,1610612760,52,47,2025-12-23T03:28:29Z,2900000,False,,,0,,J. Wells shooting personal FOUL (2 PF) (Gilgeous-Alexander 2 FT),"[1642377, 1628983]",1610612763.0,MEM,shooting,,,Wells,J. Wells,,,,,Restricted Area,0-8 Center,,,,,,,,,,,,,,204058.0,2.0,0.0,Gilgeous-Alexander,1628983.0,,
296,PT04M37.00S,2025-12-23T03:28:46.8Z,2,REGULAR,freethrow,1 of 2,[],1628983,,,1610612760,53,47,2025-12-23T03:28:46Z,2920000,False,,,0,,S. Gilgeous-Alexander Free Throw 1 of 2 (12 PTS),[1628983],1610612760.0,OKC,,,,Gilgeous-Alexander,S. Gilgeous-Alexander,,,,,,,,Made,,,,,12.0,,,,,,,,,,,,,
297,PT04M37.00S,2025-12-23T03:28:54.6Z,2,REGULAR,substitution,out,[],1630198,,,1610612760,53,47,2025-12-23T03:28:58Z,2930000,False,,,0,,SUB out: I. Joe,[1630198],1610612760.0,OKC,,,,Joe,I. Joe,,,,,,,,,,,,,,,,,,,,,,,,,,
298,PT04M37.00S,2025-12-23T03:28:54.6Z,2,REGULAR,substitution,in,[],1631114,,,1610612760,53,47,2025-12-23T03:28:58Z,2940000,False,,,0,,SUB in: J. Williams,[1631114],1610612760.0,OKC,,,,Williams,J. Williams,,,,,,,,,,,,,,,,,,,,,,,,,,
299,PT04M37.00S,2025-12-23T03:29:14.8Z,2,REGULAR,freethrow,2 of 2,[],1628983,,,1610612760,54,47,2025-12-23T03:29:14Z,2950000,False,,,0,,S. Gilgeous-Alexander Free Throw 2 of 2 (13 PTS),[1628983],1610612760.0,OKC,,,,Gilgeous-Alexander,S. Gilgeous-Alexander,,,,,,,,Made,,,,,13.0,,,,,,,,,,,,,
301,PT04M29.00S,2025-12-23T03:29:26.8Z,2,REGULAR,turnover,out-of-bounds,[],1642377,,,1610612763,54,47,2025-12-23T03:29:33Z,2960000,False,,,0,,J. Wells lost ball out-of-bounds TURNOVER (2 TO),[1642377],1610612763.0,MEM,lost ball,,,Wells,J. Wells,,,,,Above the Break 3,24+ Left Center,,,,,,,,,,,2.0,,,204058.0,,,,,,
302,PT04M09.00S,2025-12-23T03:29:50.1Z,2,REGULAR,3pt,Jump Shot,['fromturnover'],1629026,24.129434954007884,84.55882352941177,1610612760,54,47,2025-12-23T03:29:54Z,2970000,False,-173.0,174.0,1,left,MISS K. Williams 24' 3PT,[1629026],1610612760.0,OKC,,,,Williams,K. Williams,,,,,Above the Break 3,24+ Left Center,24.54,Missed,,,,,,,,,,,,,,,,,,
303,PT04M07.00S,2025-12-23T03:29:52.1Z,2,REGULAR,rebound,defensive,[],1641765,,,1610612763,54,47,2025-12-23T03:29:54Z,2980000,False,,,0,,O. Prosper REBOUND (Off:0 Def:1),[1641765],1610612763.0,MEM,,,,Prosper,O. Prosper,,,,,Above the Break 3,24+ Left Center,,,302.0,1.0,1.0,0.0,,,,,,,,,,,,,,
304,PT03M45.00S,2025-12-23T03:30:14.9Z,2,REGULAR,2pt,Jump Shot,[],1630583,95.6143232588699,29.166666666666668,1610612763,54,47,2025-12-23T03:47:29Z,2990000,False,-104.0,-11.0,1,right,MISS S. Aldama 10' driving floating Shot,[1630583],1610612763.0,MEM,driving floating,,,Aldama,S. Aldama,,,,,Mid-Range,8-16 Left,10.48,Missed,,,,,,,,,,,,,,,,,,
305,PT03M41.00S,2025-12-23T03:30:18.9Z,2,REGULAR,rebound,defensive,[],1629026,,,1610612760,54,47,2025-12-23T03:47:29Z,3000000,False,,,0,,K. Williams REBOUND (Off:0 Def:1),[1629026],1610612760.0,OKC,,,,Williams,K. Williams,,,,,Mid-Range,8-16 Left,,,304.0,1.0,1.0,0.0,,,,,,,,,,,,,,
306,PT03M29.00S,2025-12-23T03:30:30.7Z,2,REGULAR,3pt,Jump Shot,[],1629652,23.209592641261498,87.99019607843137,1610612760,57,47,2025-12-23T03:30:35Z,3010000,False,-190.0,166.0,1,left,L. Dort 25' 3PT  (5 PTS) (K. Williams 2 AST),"[1629652, 1629026]",1610612760.0,OKC,,,,Dort,L. Dort,,,,,Above the Break 3,24+ Left Center,25.21,Made,,,,,5.0,K. Williams,1629026.0,2.0,,,,,,,,,,
309,PT03M15.00S,2025-12-23T03:31:07.4Z,2,REGULAR,turnover,bad pass,[],203484,,,1610612763,57,47,2025-12-23T03:31:13Z,3040000,False,,,0,,K. Caldwell-Pope bad pass TURNOVER (1 TO),"[203484, 1629026]",1610612763.0,MEM,,,,Caldwell-Pope,K. Caldwell-Pope,,,,,Right Corner 3,24+ Right,,,,,,,,,,,1.0,,,,,,,,Williams,1629026.0
310,PT03M15.00S,2025-12-23T03:31:07.4Z,2,REGULAR,steal,,[],1629026,,,1610612760,57,47,2025-12-23T03:31:09Z,3050000,False,,,0,,K. Williams STEAL (3 STL),[1629026],1610612760.0,OKC,,,,Williams,K. Williams,,,,,Right Corner 3,24+ Right,,,,,,,,,,,,,,,,,,,,
311,PT03M12.00S,2025-12-23T03:31:10.5Z,2,REGULAR,2pt,DUNK,"['fastbreak', 'pointsinthepaint', 'fromturnover']",1631114,6.1268068331143235,49.50980392156863,1610612760,59,47,2025-12-23T03:31:19Z,3060000,False,2.0,5.0,1,left,J. Williams running DUNK (11 PTS) (K. Williams 3 AST),"[1631114, 1629026]",1610612760.0,OKC,running,,,Williams,J. Williams,,,,,Restricted Area,0-8 Center,0.57,Made,,,,,11.0,K. Williams,1629026.0,3.0,,,,,,,,,,
313,PT03M12.00S,2025-12-23T03:31:22.0Z,2,REGULAR,timeout,full,"['team', 'mandatory']",0,,,1610612763,59,47,2025-12-23T03:31:22Z,3080000,False,,,0,,MEM Timeout,[],1610612763.0,MEM,,,,,,,,,,,,,,,,,,,,,,,,,,,,,,,
314,PT03M12.00S,2025-12-23T03:34:05.1Z,2,REGULAR,substitution,out,[],1642942,,,1610612763,59,47,2025-12-23T03:34:18Z,3090000,False,,,0,,SUB out: J. Mashack,[1642942],1610612763.0,MEM,,,,Mashack,J. Mashack,,,,,,,,,,,,,,,,,,,,,,,,,,
315,PT03M12.00S,2025-12-23T03:34:05.1Z,2,REGULAR,substitution,out,[],1641765,,,1610612763,59,47,2025-12-23T03:34:18Z,3100000,False,,,0,,SUB out: O. Prosper,[1641765],1610612763.0,MEM,,,,Prosper,O. Prosper,,,,,,,,,,,,,,,,,,,,,,,,,,
316,PT03M12.00S,2025-12-23T03:34:05.1Z,2,REGULAR,substitution,in,[],1628991,,,1610612763,59,47,2025-12-23T03:34:18Z,3110000,False,,,0,,SUB in: J. Jackson Jr.,[1628991],1610612763.0,MEM,,,,Jackson Jr.,J. Jackson Jr.,,,,,,,,,,,,,,,,,,,,,,,,,,
317,PT03M12.00S,2025-12-23T03:34:05.1Z,2,REGULAR,substitution,in,[],1642285,,,1610612763,59,47,2025-12-23T03:34:18Z,3120000,False,,,0,,SUB in: C. Spencer,[1642285],1610612763.0,MEM,,,,Spencer,C. Spencer,,,,,,,,,,,,,,,,,,,,,,,,,,
318,PT02M54.00S,2025-12-23T03:34:58.0Z,2,REGULAR,turnover,bad pass,[],203484,,,1610612763,59,47,2025-12-23T03:35:06Z,3130000,False,,,0,,K. Caldwell-Pope bad pass TURNOVER (2 TO),"[203484, 1628983]",1610612763.0,MEM,,,,Caldwell-Pope,K. Caldwell-Pope,,,,,Mid-Range,16-24 Right,,,,,,,,,,,2.0,,,,,,,,Gilgeous-Alexander,1628983.0
319,PT02M54.00S,2025-12-23T03:34:58.0Z,2,REGULAR,steal,,[],1628983,,,1610612760,59,47,2025-12-23T03:34:59Z,3140000,False,,,0,,S. Gilgeous-Alexander STEAL (1 STL),[1628983],1610612760.0,OKC,,,,Gilgeous-Alexander,S. Gilgeous-Alexander,,,,,Mid-Range,16-24 Right,,,,,,,,,,,,,,,,,,,,
320,PT02M45.00S,2025-12-23T03:35:07.0Z,2,REGULAR,3pt,Jump Shot,['fromturnover'],1629652,34.11629434954008,32.59803921568628,1610612760,62,47,2025-12-23T03:35:11Z,3150000,False,87.0,268.0,1,left,L. Dort 28' 3PT  (8 PTS) (S. Gilgeous-Alexander 5 AST),"[1629652, 1628983]",1610612760.0,OKC,,,,Dort,L. Dort,,,,,Above the Break 3,24+ Center,28.2,Made,,,,,8.0,S. Gilgeous-Alexander,1628983.0,5.0,,,,,,,,,,
322,PT02M33.00S,2025-12-23T03:35:23.3Z,2,REGULAR,foul,personal,[],1628983,,,1610612763,62,47,2025-12-23T03:35:29Z,3170000,False,,,0,,S. Gilgeous-Alexander personal FOUL (1 PF),"[1628983, 1628991]",1610612760.0,OKC,,,,Gilgeous-Alexander,S. Gilgeous-Alexander,,,,,Mid-Range,8-16 Right,,,,,,,,,,,,,,1628484.0,1.0,0.0,Jackson Jr.,1628991.0,,
324,PT02M22.00S,2025-12-23T03:35:56.8Z,2,REGULAR,2pt,DUNK,['pointsinthepaint'],1642377,93.24901445466492,48.28431372549019,1610612763,62,47,2025-12-23T03:36:00Z,3190000,False,-9.0,11.0,1,right,MISS J. Wells driving DUNK,[1642377],1610612763.0,MEM,driving,,,Wells,J. Wells,,,,,Restricted Area,0-8 Center,1.4,Missed,,,,,,,,,,,,,,,,,,
325,PT02M20.00S,2025-12-23T03:35:58.8Z,2,REGULAR,rebound,defensive,[],1629652,,,1610612760,62,47,2025-12-23T03:36:00Z,3200000,False,,,0,,L. Dort REBOUND (Off:0 Def:1),[1629652],1610612760.0,OKC,,,,Dort,L. Dort,,,,,Restricted Area,0-8 Center,,,324.0,1.0,1.0,0.0,,,,,,,,,,,,,,
326,PT02M11.00S,2025-12-23T03:36:07.5Z,2,REGULAR,3pt,Jump Shot,[],1631114,31.882391590013142,64.95098039215686,1610612760,62,47,2025-12-23T03:36:16Z,3210000,False,-75.0,247.0,1,left,MISS J. Williams 25' step back 3PT,[1631114],1610612760.0,OKC,step back,,,Williams,J. Williams,,,,,Above the Break 3,24+ Center,25.83,Missed,,,,,,,,,,,,,,,,,,
327,PT02M09.00S,2025-12-23T03:36:09.5Z,2,REGULAR,rebound,defensive,['team'],0,,,1610612763,62,47,2025-12-23T03:36:16Z,3220000,False,,,0,,TEAM defensive REBOUND,[],1610612763.0,MEM,,,,,,,,,,Above the Break 3,24+ Center,,,326.0,,,,,,,,,,,,,,,,,
329,PT01M49.00S,2025-12-23T03:36:36.9Z,2,REGULAR,turnover,bad pass,[],203484,,,1610612763,62,47,2025-12-23T03:36:43Z,3240000,False,,,0,,K. Caldwell-Pope bad pass TURNOVER (3 TO),"[203484, 1629026]",1610612763.0,MEM,,,,Caldwell-Pope,K. Caldwell-Pope,,,,,Left Corner 3,24+ Left,,,,,,,,,,,3.0,,,,,,,,Williams,1629026.0
330,PT01M49.00S,2025-12-23T03:36:36.9Z,2,REGULAR,steal,,[],1629026,,,1610612760,62,47,2025-12-23T03:36:38Z,3250000,False,,,0,,K. Williams STEAL (4 STL),[1629026],1610612760.0,OKC,,,,Williams,K. Williams,,,,,Left Corner 3,24+ Left,,,,,,,,,,,,,,,,,,,,
331,PT01M42.00S,2025-12-23T03:36:43.0Z,2,REGULAR,2pt,Layup,"['fastbreak', 'pointsinthepaint', 'fromturnover']",1628983,4.5499342969776615,55.88235294117647,1610612760,64,47,2025-12-23T03:36:53Z,3260000,False,-29.0,-10.0,1,left,S. Gilgeous-Alexander running reverse Layup (15 PTS),[1628983],1610612760.0,OKC,running reverse,,,Gilgeous-Alexander,S. Gilgeous-Alexander,,,,,Restricted Area,0-8 Center,3.1,Made,,,,,15.0,,,,,,,,,,,,,
332,PT01M34.00S,2025-12-23T03:36:51.1Z,2,REGULAR,2pt,Layup,['pointsinthepaint'],1642377,91.93495400788436,49.26470588235294,1610612763,64,49,2025-12-23T03:36:55Z,3270000,False,-4.0,23.0,1,right,J. Wells cutting Layup (6 PTS),[1642377],1610612763.0,MEM,cutting,,,Wells,J. Wells,,,,,Restricted Area,0-8 Center,2.36,Made,,,,,6.0,,,,,,,,,,,,,
334,PT01M24.00S,2025-12-23T03:37:03.9Z,2,REGULAR,foul,personal,['2freethrow'],1630583,,,1610612760,64,49,2025-12-23T03:37:19Z,3290000,False,,,0,,S. Aldama shooting personal FOUL (1 PF) (Williams 2 FT),"[1630583, 1631114]",1610612763.0,MEM,shooting,,,Aldama,S. Aldama,,,,,In The Paint (Non-RA),8-16 Right,,,,,,,,,,,,,,204058.0,1.0,0.0,Williams,1631114.0,,
336,PT01M24.00S,2025-12-23T03:37:30.3Z,2,REGULAR,freethrow,1 of 2,[],1631114,,,1610612760,65,49,2025-12-23T03:37:53Z,3310000,False,,,0,,J. Williams Free Throw 1 of 2 (12 PTS),[1631114],1610612760.0,OKC,,,,Williams,J. Williams,,,,,,,,Made,,,,,12.0,,,,,,,,,,,,,
337,PT01M24.00S,2025-12-23T03:37:31.2Z,2,REGULAR,substitution,out,[],1629026,,,1610612760,65,49,2025-12-23T03:37:38Z,3320000,False,,,0,,SUB out: K. Williams,[1629026],1610612760.0,OKC,,,,Williams,K. Williams,,,,,,,,,,,,,,,,,,,,,,,,,,
338,PT01M24.00S,2025-12-23T03:37:31.2Z,2,REGULAR,substitution,out,[],203484,,,1610612760,65,49,2025-12-23T03:37:38Z,3330000,False,,,0,,SUB out: K. Caldwell-Pope,[203484],1610612763.0,MEM,,,,Caldwell-Pope,K. Caldwell-Pope,,,,,,,,,,,,,,,,,,,,,,,,,,
339,PT01M24.00S,2025-12-23T03:37:31.2Z,2,REGULAR,substitution,in,[],1641717,,,1610612760,65,49,2025-12-23T03:37:38Z,3340000,False,,,0,,SUB in: C. Wallace,[1641717],1610612760.0,OKC,,,,Wallace,C. Wallace,,,,,,,,,,,,,,,,,,,,,,,,,,
340,PT01M24.00S,2025-12-23T03:37:31.2Z,2,REGULAR,substitution,in,[],1642907,,,1610612760,65,49,2025-12-23T03:37:38Z,3350000,False,,,0,,SUB in: C. Coward,[1642907],1610612763.0,MEM,,,,Coward,C. Coward,,,,,,,,,,,,,,,,,,,,,,,,,,
341,PT01M24.00S,2025-12-23T03:37:30.3Z,2,REGULAR,freethrow,2 of 2,[],1631114,,,1610612760,65,49,2025-12-23T03:37:53Z,3360000,False,,,0,,MISS J. Williams Free Throw 2 of 2,[1631114],1610612760.0,OKC,,,,Williams,J. Williams,,,,,,,,Missed,,,,,,,,,,,,,,,,,,
342,PT01M22.00S,2025-12-23T03:37:32.3Z,2,REGULAR,rebound,defensive,[],1630583,,,1610612763,65,49,2025-12-23T03:37:53Z,3370000,False,,,0,,S. Aldama REBOUND (Off:1 Def:2),[1630583],1610612763.0,MEM,,,,Aldama,S. Aldama,,,,,,,,,341.0,3.0,2.0,1.0,,,,,,,,,,,,,,
343,PT01M02.00S,2025-12-23T03:38:11.4Z,2,REGULAR,2pt,Jump Shot,[],1642377,95.74572930354796,19.607843137254903,1610612763,65,51,2025-12-23T03:38:16Z,3380000,False,-152.0,-13.0,1,right,J. Wells 15' step back Jump Shot (8 PTS) (C. Spencer 5 AST),"[1642377, 1642285]",1610612763.0,MEM,step back,,,Wells,J. Wells,,,,,Mid-Range,8-16 Left,15.25,Made,,,,,8.0,C. Spencer,1642285.0,5.0,,,,,,,,,,
345,PT00M48.70S,2025-12-23T03:38:26.1Z,2,REGULAR,2pt,Jump Shot,['pointsinthepaint'],1628983,18.2161629434954,37.99019607843137,1610612760,67,51,2025-12-23T03:38:29Z,3400000,False,60.0,119.0,1,left,S. Gilgeous-Alexander 13' pullup Jump Shot (17 PTS),[1628983],1610612760.0,OKC,pullup,,,Gilgeous-Alexander,S. Gilgeous-Alexander,,,,,In The Paint (Non-RA),8-16 Center,13.3,Made,,,,,17.0,,,,,,,,,,,,,
347,PT00M33.00S,2025-12-23T03:39:14.3Z,2,REGULAR,2pt,Jump Shot,['pointsinthepaint'],1642377,84.1819973718791,64.2156862745098,1610612763,67,51,2025-12-23T03:39:19Z,3420000,False,71.0,96.0,1,right,MISS J. Wells 11' turnaround Shot,[1642377],1610612763.0,MEM,turnaround,,,Wells,J. Wells,,,,,In The Paint (Non-RA),8-16 Right,11.96,Missed,,,,,,,,,,,,,,,,,,
348,PT00M29.30S,2025-12-23T03:39:18.0Z,2,REGULAR,rebound,defensive,[],1642964,,,1610612760,67,51,2025-12-23T03:39:19Z,3430000,False,,,0,,B. Barnhizer REBOUND (Off:0 Def:2),[1642964],1610612760.0,OKC,,,,Barnhizer,B. Barnhizer,,,,,In The Paint (Non-RA),8-16 Right,,,347.0,2.0,2.0,0.0,,,,,,,,,,,,,,
349,PT00M23.70S,2025-12-23T03:39:23.7Z,2,REGULAR,3pt,Jump Shot,[],1642964,6.258212877792378,4.166666666666666,1610612760,67,51,2025-12-23T03:39:28Z,3440000,False,229.0,6.0,1,left,MISS B. Barnhizer 3PT,[1642964],1610612760.0,OKC,,,,Barnhizer,B. Barnhizer,,,,,Right Corner 3,24+ Right,22.93,Missed,,,,,,,,,,,,,,,,,,
350,PT00M20.20S,2025-12-23T03:39:27.2Z,2,REGULAR,rebound,defensive,[],1642907,,,1610612763,67,51,2025-12-23T03:39:27Z,3450000,False,,,0,,C. Coward REBOUND (Off:1 Def:4),[1642907],1610612763.0,MEM,,,,Coward,C. Coward,,,,,Right Corner 3,24+ Right,,,349.0,5.0,4.0,1.0,,,,,,,,,,,,,,
351,PT00M04.90S,2025-12-23T03:39:42.6Z,2,REGULAR,3pt,Jump Shot,[],1630583,92.46057818659659,95.34313725490196,1610612763,67,54,2025-12-23T03:39:48Z,3460000,False,227.0,18.0,1,right,S. Aldama 3PT pullup (7 PTS) (C. Coward 5 AST),"[1630583, 1642907]",1610612763.0,MEM,pullup,,,Aldama,S. Aldama,,,,,Right Corner 3,24+ Right,22.74,Made,,,,,7.0,C. Coward,1642907.0,5.0,,,,,,,,,,
353,PT00M00.70S,2025-12-23T03:39:53.7Z,2,REGULAR,3pt,Jump Shot,[],1631114,32.276609724047304,23.774509803921568,1610612760,67,54,2025-12-23T03:54:37Z,3480000,False,131.0,251.0,1,left,MISS J. Williams 28' pullup 3PT,[1631114],1610612760.0,OKC,pullup,,,Williams,J. Williams,,,,,Above the Break 3,24+ Right Center,28.31,Missed,,,,,,,,,,,,,,,,,,
354,PT00M00.70S,2025-12-23T03:39:53.7Z,2,REGULAR,rebound,offensive,['team'],0,,,1610612760,67,54,2025-12-23T03:40:02Z,3490000,False,,,0,,TEAM offensive REBOUND,[],1610612760.0,OKC,,,,,,,,,,Above the Break 3,24+ Right Center,,,353.0,,,,,,,,,,,,,,,,,
355,PT00M00.00S,2025-12-23T03:40:09.6Z,2,REGULAR,period,end,[],0,,,1610612760,67,54,2025-12-23T03:40:09Z,3500000,False,,,0,,Period End,[],,,,,,,,,,,,,,,,,,,,,,,,,,,,,,,,,
356,PT12M00.00S,2025-12-23T03:40:17.1Z,3,REGULAR,substitution,out,['startperiod'],1642964,,,1610612760,67,54,2025-12-23T03:54:58Z,3510000,False,,,0,,SUB out: B. Barnhizer,[1642964],1610612760.0,OKC,,,,Barnhizer,B. Barnhizer,,,,,,,,,,,,,,,,,,,,,,,,,,
357,PT12M00.00S,2025-12-23T03:40:17.1Z,3,REGULAR,substitution,out,['startperiod'],1630583,,,1610612760,67,54,2025-12-23T03:54:58Z,3520000,False,,,0,,SUB out: S. Aldama,[1630583],1610612763.0,MEM,,,,Aldama,S. Aldama,,,,,,,,,,,,,,,,,,,,,,,,,,
358,PT12M00.00S,2025-12-23T03:40:17.1Z,3,REGULAR,substitution,in,['startperiod'],1642382,,,1610612760,67,54,2025-12-23T03:54:58Z,3530000,False,,,0,,SUB in: B. Carlson,[1642382],1610612760.0,OKC,,,,Carlson,B. Carlson,,,,,,,,,,,,,,,,,,,,,,,,,,
359,PT12M00.00S,2025-12-23T03:40:17.1Z,3,REGULAR,substitution,in,['startperiod'],1629111,,,1610612760,67,54,2025-12-23T03:54:58Z,3540000,False,,,0,,SUB in: J. Landale,[1629111],1610612763.0,MEM,,,,Landale,J. Landale,,,,,,,,,,,,,,,,,,,,,,,,,,
360,PT12M00.00S,2025-12-23T03:55:07.3Z,3,REGULAR,period,start,[],0,,,1610612760,67,54,2025-12-23T03:55:07Z,3550000,False,,,0,,Period Start,[],,,,,,,,,,,,,,,,,,,,,,,,,,,,,,,,,
361,PT11M38.00S,2025-12-23T03:55:29.7Z,3,REGULAR,turnover,out-of-bounds,[],1642382,,,1610612760,67,54,2025-12-23T03:55:34Z,3560000,False,,,0,,B. Carlson lost ball out-of-bounds TURNOVER (1 TO),[1642382],1610612760.0,OKC,lost ball,,,Carlson,B. Carlson,,,,,In The Paint (Non-RA),0-8 Center,,,,,,,,,,,1.0,,,204058.0,,,,,,
362,PT11M24.00S,2025-12-23T03:55:56.1Z,3,REGULAR,3pt,Jump Shot,['fromturnover'],1642285,25.837713534822605,18.872549019607842,1610612763,67,54,2025-12-23T03:56:03Z,3570000,False,156.0,190.0,1,left,MISS C. Spencer 24' pullup 3PT,[1642285],1610612763.0,MEM,pullup,,,Spencer,C. Spencer,,,,,Above the Break 3,24+ Right Center,24.59,Missed,,,,,,,,,,,,,,,,,,
363,PT11M22.00S,2025-12-23T03:55:58.1Z,3,REGULAR,rebound,defensive,[],1631114,,,1610612760,67,54,2025-12-23T03:56:40Z,3580000,False,,,0,,J. Williams REBOUND (Off:2 Def:3),[1631114],1610612760.0,OKC,,,,Williams,J. Williams,,,,,Above the Break 3,24+ Right Center,,,362.0,5.0,3.0,2.0,,,,,,,,,,,,,,
364,PT11M19.00S,2025-12-23T03:56:06.4Z,3,REGULAR,turnover,out-of-bounds,[],1628983,,,1610612760,67,54,2025-12-23T03:58:34Z,3590000,False,,,0,,S. Gilgeous-Alexander bad pass out-of-bounds TURNOVER (2 TO),[1628983],1610612760.0,OKC,bad pass,,,Gilgeous-Alexander,S. Gilgeous-Alexander,,,,,Above the Break 3,24+ Left Center,,,,,,,,,,,2.0,,,204058.0,,,,,,
365,PT11M09.00S,2025-12-23T03:56:29.1Z,3,REGULAR,turnover,out-of-bounds,[],1642377,,,1610612763,67,54,2025-12-23T03:58:44Z,3600000,False,,,0,,J. Wells bad pass out-of-bounds TURNOVER (3 TO),[1642377],1610612763.0,MEM,bad pass,,,Wells,J. Wells,,,,,Mid-Range,8-16 Right,,,,,,,,,,,3.0,,,1628484.0,,,,,,
367,PT11M00.00S,2025-12-23T03:56:43.3Z,3,REGULAR,2pt,Layup,"['pointsinthepaint', 'fromturnover']",1631114,93.38042049934296,52.450980392156865,1610612760,67,54,2025-12-23T03:56:47Z,3620000,False,12.0,10.0,1,right,MISS J. Williams driving finger roll Layup,[1631114],1610612760.0,OKC,driving finger roll,,,Williams,J. Williams,,,,,Restricted Area,0-8 Center,1.57,Missed,,,,,,,,,,,,,,,,,,
368,PT10M57.00S,2025-12-23T03:56:46.3Z,3,REGULAR,rebound,defensive,[],1628991,,,1610612763,67,54,2025-12-23T03:56:47Z,3630000,False,,,0,,J. Jackson Jr. REBOUND (Off:0 Def:3),[1628991],1610612763.0,MEM,,,,Jackson Jr.,J. Jackson Jr.,,,,,Restricted Area,0-8 Center,,,367.0,3.0,3.0,0.0,,,,,,,,,,,,,,
369,PT10M53.00S,2025-12-23T03:56:53.2Z,3,REGULAR,foul,personal,['2freethrow'],1631114,,,1610612763,67,54,2025-12-23T03:56:59Z,3640000,False,,,0,,J. Williams shooting personal FOUL (1 PF) (Jackson Jr. 2 FT),"[1631114, 1628991]",1610612760.0,OKC,shooting,,,Williams,J. Williams,,,,,Restricted Area,0-8 Center,,,,,,,,,,,,,,204058.0,1.0,0.0,Jackson Jr.,1628991.0,,
371,PT10M53.00S,2025-12-23T03:57:13.5Z,3,REGULAR,freethrow,1 of 2,[],1628991,,,1610612763,67,55,2025-12-23T03:57:13Z,3660000,False,,,0,,J. Jackson Jr. Free Throw 1 of 2 (9 PTS),[1628991],1610612763.0,MEM,,,,Jackson Jr.,J. Jackson Jr.,,,,,,,,Made,,,,,9.0,,,,,,,,,,,,,
372,PT10M53.00S,2025-12-23T03:57:23.3Z,3,REGULAR,freethrow,2 of 2,[],1628991,,,1610612763,67,56,2025-12-23T03:57:23Z,3670000,False,,,0,,J. Jackson Jr. Free Throw 2 of 2 (10 PTS),[1628991],1610612763.0,MEM,,,,Jackson Jr.,J. Jackson Jr.,,,,,,,,Made,,,,,10.0,,,,,,,,,,,,,
373,PT10M33.00S,2025-12-23T03:57:44.0Z,3,REGULAR,3pt,Jump Shot,[],1629652,69.33311432325887,23.03921568627451,1610612760,67,56,2025-12-23T03:57:49Z,3680000,False,-135.0,236.0,1,right,MISS L. Dort 27' 3PT,[1629652],1610612760.0,OKC,,,,Dort,L. Dort,,,,,Above the Break 3,24+ Left Center,27.16,Missed,,,,,,,,,,,,,,,,,,
374,PT10M31.00S,2025-12-23T03:57:46.0Z,3,REGULAR,rebound,defensive,[],1629111,,,1610612763,67,56,2025-12-23T03:57:49Z,3690000,False,,,0,,J. Landale REBOUND (Off:1 Def:3),[1629111],1610612763.0,MEM,,,,Landale,J. Landale,,,,,Above the Break 3,24+ Left Center,,,373.0,4.0,3.0,1.0,,,,,,,,,,,,,,
375,PT10M10.00S,2025-12-23T03:58:06.8Z,3,REGULAR,turnover,bad pass,[],1642285,,,1610612763,67,56,2025-12-23T03:58:10Z,3700000,False,,,0,,C. Spencer bad pass TURNOVER (4 TO),"[1642285, 1629652]",1610612763.0,MEM,,,,Spencer,C. Spencer,,,,,In The Paint (Non-RA),0-8 Center,,,,,,,,,,,4.0,,,,,,,,Dort,1629652.0
376,PT10M10.00S,2025-12-23T03:58:06.8Z,3,REGULAR,steal,,[],1629652,,,1610612760,67,56,2025-12-23T03:58:09Z,3710000,False,,,0,,L. Dort STEAL (1 STL),[1629652],1610612760.0,OKC,,,,Dort,L. Dort,,,,,In The Paint (Non-RA),0-8 Center,,,,,,,,,,,,,,,,,,,,
377,PT10M00.00S,2025-12-23T03:58:16.9Z,3,REGULAR,3pt,Jump Shot,['fromturnover'],1642382,65.91655716162943,50.73529411764706,1610612760,67,56,2025-12-23T03:58:21Z,3720000,False,4.0,268.0,1,right,MISS B. Carlson 26' 3PT,[1642382],1610612760.0,OKC,,,,Carlson,B. Carlson,,,,,Above the Break 3,24+ Center,26.79,Missed,,,,,,,,,,,,,,,,,,
378,PT09M56.00S,2025-12-23T03:58:20.9Z,3,REGULAR,rebound,defensive,[],1642285,,,1610612763,67,56,2025-12-23T03:58:21Z,3730000,False,,,0,,C. Spencer REBOUND (Off:0 Def:4),[1642285],1610612763.0,MEM,,,,Spencer,C. Spencer,,,,,Above the Break 3,24+ Center,,,377.0,4.0,4.0,0.0,,,,,,,,,,,,,,
379,PT09M49.00S,2025-12-23T03:58:29.0Z,3,REGULAR,2pt,Jump Shot,['pointsinthepaint'],1628991,6.521024967148489,47.549019607843135,1610612763,67,56,2025-12-23T04:01:07Z,3740000,False,12.0,9.0,1,left,MISS J. Jackson Jr. floating Shot,[1628991],1610612763.0,MEM,floating,,,Jackson Jr.,J. Jackson Jr.,,,,,Restricted Area,0-8 Center,1.51,Missed,,,,,,,,,,,,,,,,,,
380,PT09M49.00S,2025-12-23T03:58:29.0Z,3,REGULAR,rebound,offensive,['team'],0,,,1610612763,67,56,2025-12-23T04:01:07Z,3750000,False,,,0,,TEAM offensive REBOUND,[],1610612763.0,MEM,,,,,,,,,,Restricted Area,0-8 Center,,,379.0,,,,,,,,,,,,,,,,,
381,PT09M49.00S,2025-12-23T03:58:40.1Z,3,REGULAR,foul,personal,[],1629652,,,1610612763,67,56,2025-12-23T03:58:44Z,3760000,False,,,0,,L. Dort loose ball personal FOUL (2 PF),"[1629652, 1629111]",1610612760.0,OKC,loose ball,,,Dort,L. Dort,,,,,Restricted Area,0-8 Center,,,,,,,,,,,,,,101284.0,2.0,0.0,Landale,1629111.0,,
383,PT09M38.00S,2025-12-23T03:59:14.5Z,3,REGULAR,2pt,Jump Shot,['2ndchance'],1642285,20.844283837056505,55.392156862745104,1610612763,67,56,2025-12-23T03:59:27Z,3780000,False,-27.0,143.0,1,left,MISS C. Spencer 14' step back Shot,[1642285],1610612763.0,MEM,step back,,,Spencer,C. Spencer,,,,,Mid-Range,8-16 Center,14.59,Missed,,,,,,,,,,,,,,,,,,
384,PT09M36.00S,2025-12-23T03:59:16.5Z,3,REGULAR,rebound,defensive,[],1628983,,,1610612760,67,56,2025-12-23T03:59:27Z,3790000,False,,,0,,S. Gilgeous-Alexander REBOUND (Off:0 Def:4),[1628983],1610612760.0,OKC,,,,Gilgeous-Alexander,S. Gilgeous-Alexander,,,,,Mid-Range,8-16 Center,,,383.0,4.0,4.0,0.0,,,,,,,,,,,,,,
385,PT09M30.00S,2025-12-23T03:59:24.1Z,3,REGULAR,foul,personal,[],1642377,,,1610612760,67,56,2025-12-23T03:59:29Z,3800000,False,,,0,,J. Wells personal FOUL (3 PF),"[1642377, 1628983]",1610612763.0,MEM,,,,Wells,J. Wells,,,,,Mid-Range,16-24 Left,,,,,,,,,,,,,,1628484.0,3.0,0.0,Gilgeous-Alexander,1628983.0,,
387,PT09M21.00S,2025-12-23T03:59:49.9Z,3,REGULAR,2pt,Jump Shot,[],1631114,92.32917214191852,22.30392156862745,1610612760,67,56,2025-12-23T03:59:55Z,3820000,False,-138.0,20.0,1,right,MISS J. Williams 13' fadeaway Shot,[1631114],1610612760.0,OKC,fadeaway,,,Williams,J. Williams,,,,,Mid-Range,8-16 Left,13.99,Missed,,,,,,,,,,,,,,,,,,
388,PT09M19.00S,2025-12-23T03:59:52.6Z,3,REGULAR,rebound,defensive,[],1629111,,,1610612763,67,56,2025-12-23T03:59:52Z,3830000,False,,,0,,J. Landale REBOUND (Off:1 Def:4),[1629111],1610612763.0,MEM,,,,Landale,J. Landale,,,,,Mid-Range,8-16 Left,,,387.0,5.0,4.0,1.0,,,,,,,,,,,,,,
389,PT09M06.00S,2025-12-23T04:00:05.4Z,3,REGULAR,3pt,Jump Shot,[],1629111,27.283180026281208,14.950980392156863,1610612763,67,56,2025-12-23T04:00:12Z,3840000,False,175.0,204.0,1,left,MISS J. Landale 26' 3PT,[1629111],1610612763.0,MEM,,,,Landale,J. Landale,,,,,Above the Break 3,24+ Right Center,26.89,Missed,,,,,,,,,,,,,,,,,,
390,PT09M03.00S,2025-12-23T04:00:08.2Z,3,REGULAR,rebound,defensive,[],1629652,,,1610612760,67,56,2025-12-23T04:00:08Z,3850000,False,,,0,,L. Dort REBOUND (Off:0 Def:2),[1629652],1610612760.0,OKC,,,,Dort,L. Dort,,,,,Above the Break 3,24+ Right Center,,,389.0,2.0,2.0,0.0,,,,,,,,,,,,,,
391,PT08M57.00S,2025-12-23T04:00:14.1Z,3,REGULAR,3pt,Jump Shot,['fastbreak'],1629652,69.59592641261499,23.03921568627451,1610612760,67,56,2025-12-23T04:02:44Z,3860000,False,-135.0,233.0,1,right,MISS L. Dort 26' running 3PT,[1629652],1610612760.0,OKC,running,,,Dort,L. Dort,,,,,Above the Break 3,24+ Left Center,26.94,Missed,,,,,,,,,,,,,,,,,,
392,PT08M54.00S,2025-12-23T04:00:17.1Z,3,REGULAR,rebound,defensive,[],1629111,,,1610612763,67,56,2025-12-23T04:00:19Z,3870000,False,,,0,,J. Landale REBOUND (Off:1 Def:5),[1629111],1610612763.0,MEM,,,,Landale,J. Landale,,,,,Above the Break 3,24+ Left Center,,,391.0,6.0,5.0,1.0,,,,,,,,,,,,,,
393,PT08M36.00S,2025-12-23T04:00:35.6Z,3,REGULAR,2pt,Jump Shot,[],1642377,25.443495400788436,65.93137254901961,1610612763,67,56,2025-12-23T04:00:41Z,3880000,False,-80.0,187.0,1,left,MISS J. Wells 20' pullup Shot,[1642377],1610612763.0,MEM,pullup,,,Wells,J. Wells,,,,,Mid-Range,16-24 Left Center,20.3,Missed,,,,,,,,,,,,,,,,,,
394,PT08M33.00S,2025-12-23T04:00:38.6Z,3,REGULAR,rebound,defensive,[],1628983,,,1610612760,67,56,2025-12-23T04:00:41Z,3890000,False,,,0,,S. Gilgeous-Alexander REBOUND (Off:0 Def:5),[1628983],1610612760.0,OKC,,,,Gilgeous-Alexander,S. Gilgeous-Alexander,,,,,Mid-Range,16-24 Left Center,,,393.0,5.0,5.0,0.0,,,,,,,,,,,,,,
395,PT08M25.00S,2025-12-23T04:00:46.4Z,3,REGULAR,3pt,Jump Shot,[],1641717,67.88764783180025,67.40196078431373,1610612760,67,56,2025-12-23T04:00:52Z,3900000,False,87.0,249.0,1,right,MISS C. Wallace 26' 3PT,[1641717],1610612760.0,OKC,,,,Wallace,C. Wallace,,,,,Above the Break 3,24+ Right Center,26.41,Missed,,,,,,,,,,,,,,,,,,
396,PT08M22.00S,2025-12-23T04:00:49.9Z,3,REGULAR,rebound,defensive,[],1642377,,,1610612763,67,56,2025-12-23T04:00:50Z,3910000,False,,,0,,J. Wells REBOUND (Off:0 Def:2),[1642377],1610612763.0,MEM,,,,Wells,J. Wells,,,,,Above the Break 3,24+ Right Center,,,395.0,2.0,2.0,0.0,,,,,,,,,,,,,,
397,PT08M15.00S,2025-12-23T04:00:56.7Z,3,REGULAR,turnover,bad pass,[],1642377,,,1610612763,67,56,2025-12-23T04:01:00Z,3920000,False,,,0,,J. Wells bad pass TURNOVER (4 TO),"[1642377, 1628983]",1610612763.0,MEM,,,,Wells,J. Wells,,,,,Mid-Range,16-24 Left Center,,,,,,,,,,,4.0,,,,,,,,Gilgeous-Alexander,1628983.0
398,PT08M15.00S,2025-12-23T04:00:56.7Z,3,REGULAR,steal,,[],1628983,,,1610612760,67,56,2025-12-23T04:00:58Z,3930000,False,,,0,,S. Gilgeous-Alexander STEAL (2 STL),[1628983],1610612760.0,OKC,,,,Gilgeous-Alexander,S. Gilgeous-Alexander,,,,,Mid-Range,16-24 Left Center,,,,,,,,,,,,,,,,,,,,
399,PT08M00.00S,2025-12-23T04:01:11.0Z,3,REGULAR,3pt,Jump Shot,['fromturnover'],1629652,68.01905387647832,22.794117647058822,1610612760,70,56,2025-12-23T04:01:16Z,3940000,False,-136.0,248.0,1,right,L. Dort 28' 3PT  (11 PTS) (J. Williams 2 AST),"[1629652, 1631114]",1610612760.0,OKC,,,,Dort,L. Dort,,,,,Above the Break 3,24+ Left Center,28.29,Made,,,,,11.0,J. Williams,1631114.0,2.0,,,,,,,,,,
401,PT07M42.00S,2025-12-23T04:01:29.3Z,3,REGULAR,2pt,Layup,['pointsinthepaint'],1628991,5.601182654402102,47.30392156862745,1610612763,70,56,2025-12-23T04:01:33Z,3960000,False,13.0,0.0,1,left,MISS J. Jackson Jr. Layup - blocked,"[1628991, 1629652]",1610612763.0,MEM,,,,Jackson Jr.,J. Jackson Jr.,,,,,Restricted Area,0-8 Center,1.35,Missed,,,,,,,,,,Dort,1629652.0,,,,,,,
402,PT07M42.00S,2025-12-23T04:01:29.3Z,3,REGULAR,block,,[],1629652,,,1610612763,70,56,2025-12-23T04:01:31Z,3970000,False,,,0,,L. Dort BLOCK (2 BLK),[1629652],1610612760.0,OKC,,,,Dort,L. Dort,,,,,Restricted Area,0-8 Center,,,,,,,,,,,,,,,,,,,,
403,PT07M40.00S,2025-12-23T04:01:31.3Z,3,REGULAR,rebound,defensive,[],1628983,,,1610612760,70,56,2025-12-23T04:01:33Z,3980000,False,,,0,,S. Gilgeous-Alexander REBOUND (Off:0 Def:6),[1628983],1610612760.0,OKC,,,,Gilgeous-Alexander,S. Gilgeous-Alexander,,,,,Restricted Area,0-8 Center,,,401.0,6.0,6.0,0.0,,,,,,,,,,,,,,
404,PT07M37.00S,2025-12-23T04:01:36.5Z,3,REGULAR,turnover,out-of-bounds,[],1628983,,,1610612760,70,56,2025-12-23T04:01:40Z,3990000,False,,,0,,S. Gilgeous-Alexander bad pass out-of-bounds TURNOVER (3 TO),[1628983],1610612760.0,OKC,bad pass,,,Gilgeous-Alexander,S. Gilgeous-Alexander,,,,,Mid-Range,8-16 Left,,,,,,,,,,,3.0,,,1628484.0,,,,,,
405,PT07M37.00S,2025-12-23T04:01:41.9Z,3,REGULAR,substitution,out,[],1628991,,,1610612763,70,56,2025-12-23T04:01:49Z,4000000,False,,,0,,SUB out: J. Jackson Jr.,[1628991],1610612763.0,MEM,,,,Jackson Jr.,J. Jackson Jr.,,,,,,,,,,,,,,,,,,,,,,,,,,
406,PT07M37.00S,2025-12-23T04:01:41.9Z,3,REGULAR,substitution,out,[],1642907,,,1610612763,70,56,2025-12-23T04:01:49Z,4010000,False,,,0,,SUB out: C. Coward,[1642907],1610612763.0,MEM,,,,Coward,C. Coward,,,,,,,,,,,,,,,,,,,,,,,,,,
407,PT07M37.00S,2025-12-23T04:01:41.9Z,3,REGULAR,substitution,in,[],1630583,,,1610612763,70,56,2025-12-23T04:01:49Z,4020000,False,,,0,,SUB in: S. Aldama,[1630583],1610612763.0,MEM,,,,Aldama,S. Aldama,,,,,,,,,,,,,,,,,,,,,,,,,,
408,PT07M37.00S,2025-12-23T04:01:41.9Z,3,REGULAR,substitution,in,[],203484,,,1610612763,70,56,2025-12-23T04:01:49Z,4030000,False,,,0,,SUB in: K. Caldwell-Pope,[203484],1610612763.0,MEM,,,,Caldwell-Pope,K. Caldwell-Pope,,,,,,,,,,,,,,,,,,,,,,,,,,
409,PT07M25.00S,2025-12-23T04:02:05.8Z,3,REGULAR,foul,personal,['2freethrow'],1628983,,,1610612763,70,56,2025-12-23T04:02:38Z,4040000,False,,,0,,S. Gilgeous-Alexander shooting personal FOUL (2 PF) (Landale 2 FT),"[1628983, 1629111]",1610612760.0,OKC,shooting,,,Gilgeous-Alexander,S. Gilgeous-Alexander,,,,,Restricted Area,0-8 Center,,,,,,,,,,,,,,1628484.0,2.0,0.0,Landale,1629111.0,,
411,PT07M25.00S,2025-12-23T04:02:38.8Z,3,REGULAR,freethrow,1 of 2,['fromturnover'],1629111,,,1610612763,70,56,2025-12-23T04:02:38Z,4060000,False,,,0,,MISS J. Landale Free Throw 1 of 2,[1629111],1610612763.0,MEM,,,,Landale,J. Landale,,,,,,,,Missed,,,,,,,,,,,,,,,,,,
412,PT07M25.00S,2025-12-23T04:02:38.8Z,3,REGULAR,rebound,offensive,"['deadball', 'team']",0,,,1610612763,70,56,2025-12-23T04:02:38Z,4070000,False,,,0,,TEAM offensive REBOUND,[],1610612763.0,MEM,,,,,,,,,,,,,,411.0,,,,,,,,,,,,,,,,,
413,PT07M25.00S,2025-12-23T04:02:50.2Z,3,REGULAR,freethrow,2 of 2,['fromturnover'],1629111,,,1610612763,70,57,2025-12-23T04:02:50Z,4080000,False,,,0,,J. Landale Free Throw 2 of 2 (9 PTS),[1629111],1610612763.0,MEM,,,,Landale,J. Landale,,,,,,,,Made,,,,,9.0,,,,,,,,,,,,,
414,PT07M18.00S,2025-12-23T04:02:57.8Z,3,REGULAR,3pt,Jump Shot,[],1642382,70.38436268068331,75.98039215686273,1610612760,70,57,2025-12-23T04:03:04Z,4090000,False,130.0,226.0,1,right,MISS B. Carlson 26' 3PT,[1642382],1610612760.0,OKC,,,,Carlson,B. Carlson,,,,,Above the Break 3,24+ Right Center,26.06,Missed,,,,,,,,,,,,,,,,,,
415,PT07M14.00S,2025-12-23T04:03:01.8Z,3,REGULAR,rebound,defensive,[],1630583,,,1610612763,70,57,2025-12-23T04:03:04Z,4100000,False,,,0,,S. Aldama REBOUND (Off:1 Def:3),[1630583],1610612763.0,MEM,,,,Aldama,S. Aldama,,,,,Above the Break 3,24+ Right Center,,,414.0,4.0,3.0,1.0,,,,,,,,,,,,,,
416,PT07M14.00S,2025-12-23T04:03:09.3Z,3,REGULAR,foul,personal,[],1629652,,,1610612763,70,57,2025-12-23T04:03:35Z,4110000,False,,,0,,L. Dort loose ball personal FOUL (3 PF),"[1629652, 1642285]",1610612760.0,OKC,loose ball,,,Dort,L. Dort,,,,,Above the Break 3,24+ Left Center,,,,,,,,,,,,,,204058.0,3.0,0.0,Spencer,1642285.0,,
418,PT07M00.00S,2025-12-23T04:03:42.1Z,3,REGULAR,3pt,Jump Shot,[],203484,21.107095926412615,91.42156862745098,1610612763,70,60,2025-12-23T04:03:46Z,4130000,False,-207.0,146.0,1,left,K. Caldwell-Pope 25' 3PT  (10 PTS) (C. Spencer 6 AST),"[203484, 1642285]",1610612763.0,MEM,,,,Caldwell-Pope,K. Caldwell-Pope,,,,,Above the Break 3,24+ Left Center,25.33,Made,,,,,10.0,C. Spencer,1642285.0,6.0,,,,,,,,,,
420,PT07M00.00S,2025-12-23T04:03:47.1Z,3,REGULAR,timeout,full,"['team', 'mandatory']",0,,,1610612760,70,60,2025-12-23T04:03:47Z,4150000,False,,,0,,OKC Timeout,[],1610612760.0,OKC,,,,,,,,,,,,,,,,,,,,,,,,,,,,,,,
421,PT06M42.00S,2025-12-23T04:07:26.8Z,3,REGULAR,2pt,Jump Shot,[],1628983,94.03745072273325,25.49019607843137,1610612760,70,60,2025-12-23T04:07:35Z,4160000,False,-123.0,4.0,1,right,MISS S. Gilgeous-Alexander 12' pullup Shot,[1628983],1610612760.0,OKC,pullup,,,Gilgeous-Alexander,S. Gilgeous-Alexander,,,,,Mid-Range,8-16 Left,12.25,Missed,,,,,,,,,,,,,,,,,,
422,PT06M39.00S,2025-12-23T04:07:29.8Z,3,REGULAR,rebound,defensive,[],1630583,,,1610612763,70,60,2025-12-23T04:07:35Z,4170000,False,,,0,,S. Aldama REBOUND (Off:1 Def:4),[1630583],1610612763.0,MEM,,,,Aldama,S. Aldama,,,,,Mid-Range,8-16 Left,,,421.0,5.0,4.0,1.0,,,,,,,,,,,,,,
423,PT06M32.00S,2025-12-23T04:07:36.4Z,3,REGULAR,2pt,Jump Shot,['pointsinthepaint'],1642285,11.645860709592641,60.5392156862745,1610612763,70,60,2025-12-23T04:07:41Z,4180000,False,-53.0,57.0,1,left,MISS C. Spencer 7' pullup Shot - blocked,"[1642285, 1629652]",1610612763.0,MEM,pullup,,,Spencer,C. Spencer,,,,,In The Paint (Non-RA),0-8 Center,7.76,Missed,,,,,,,,,,Dort,1629652.0,,,,,,,
424,PT06M32.00S,2025-12-23T04:07:36.4Z,3,REGULAR,block,,[],1629652,,,1610612763,70,60,2025-12-23T04:07:39Z,4190000,False,,,0,,L. Dort BLOCK (3 BLK),[1629652],1610612760.0,OKC,,,,Dort,L. Dort,,,,,In The Paint (Non-RA),0-8 Center,,,,,,,,,,,,,,,,,,,,
425,PT06M29.00S,2025-12-23T04:07:39.4Z,3,REGULAR,rebound,offensive,[],1629111,,,1610612763,70,60,2025-12-23T04:07:41Z,4200000,False,,,0,,J. Landale REBOUND (Off:2 Def:5),[1629111],1610612763.0,MEM,,,,Landale,J. Landale,,,,,In The Paint (Non-RA),0-8 Center,,,423.0,7.0,5.0,2.0,,,,,,,,,,,,,,
427,PT06M24.00S,2025-12-23T04:07:48.1Z,3,REGULAR,turnover,out-of-bounds,[],1630583,,,1610612763,70,60,2025-12-23T04:07:53Z,4220000,False,,,0,,S. Aldama bad pass out-of-bounds TURNOVER (2 TO),[1630583],1610612763.0,MEM,bad pass,,,Aldama,S. Aldama,,,,,Right Corner 3,24+ Right,,,,,,,,,,,2.0,,,101284.0,,,,,,
428,PT06M14.00S,2025-12-23T04:08:04.6Z,3,REGULAR,2pt,Jump Shot,['fromturnover'],1631114,92.59198423127464,25.49019607843137,1610612760,70,60,2025-12-23T04:08:10Z,4230000,False,-123.0,17.0,1,right,MISS J. Williams 12' pullup Shot,[1631114],1610612760.0,OKC,pullup,,,Williams,J. Williams,,,,,Mid-Range,8-16 Left,12.37,Missed,,,,,,,,,,,,,,,,,,
429,PT06M11.00S,2025-12-23T04:08:07.6Z,3,REGULAR,rebound,defensive,[],1629111,,,1610612763,70,60,2025-12-23T04:08:10Z,4240000,False,,,0,,J. Landale REBOUND (Off:2 Def:6),[1629111],1610612763.0,MEM,,,,Landale,J. Landale,,,,,Mid-Range,8-16 Left,,,428.0,8.0,6.0,2.0,,,,,,,,,,,,,,
430,PT05M57.00S,2025-12-23T04:08:21.3Z,3,REGULAR,3pt,Jump Shot,[],203484,23.866622864651774,9.068627450980392,1610612763,70,60,2025-12-23T04:08:30Z,4250000,False,205.0,172.0,1,left,MISS K. Caldwell-Pope 26' 3PT,[203484],1610612763.0,MEM,,,,Caldwell-Pope,K. Caldwell-Pope,,,,,Above the Break 3,24+ Right Center,26.72,Missed,,,,,,,,,,,,,,,,,,
431,PT05M54.00S,2025-12-23T04:08:24.3Z,3,REGULAR,rebound,offensive,[],1629111,,,1610612763,70,60,2025-12-23T04:08:30Z,4260000,False,,,0,,J. Landale REBOUND (Off:3 Def:6),[1629111],1610612763.0,MEM,,,,Landale,J. Landale,,,,,Above the Break 3,24+ Right Center,,,430.0,9.0,6.0,3.0,,,,,,,,,,,,,,
432,PT05M51.00S,2025-12-23T04:08:28.1Z,3,REGULAR,turnover,bad pass,[],1629111,,,1610612763,70,60,2025-12-23T04:08:31Z,4270000,False,,,0,,J. Landale bad pass TURNOVER (1 TO),"[1629111, 1629652]",1610612763.0,MEM,,,,Landale,J. Landale,,,,,Mid-Range,8-16 Right,,,,,,,,,,,1.0,,,,,,,,Dort,1629652.0
433,PT05M51.00S,2025-12-23T04:08:28.1Z,3,REGULAR,steal,,[],1629652,,,1610612760,70,60,2025-12-23T04:08:29Z,4280000,False,,,0,,L. Dort STEAL (2 STL),[1629652],1610612760.0,OKC,,,,Dort,L. Dort,,,,,Mid-Range,8-16 Right,,,,,,,,,,,,,,,,,,,,
434,PT05M44.00S,2025-12-23T04:08:36.0Z,3,REGULAR,foul,personal,['2freethrow'],1642377,,,1610612760,70,60,2025-12-23T04:08:42Z,4290000,False,,,0,,J. Wells shooting personal FOUL (4 PF) (Gilgeous-Alexander 2 FT),"[1642377, 1628983]",1610612763.0,MEM,shooting,,,Wells,J. Wells,,,,,Restricted Area,0-8 Center,,,,,,,,,,,,,,204058.0,4.0,0.0,Gilgeous-Alexander,1628983.0,,
436,PT05M44.00S,2025-12-23T04:08:59.1Z,3,REGULAR,freethrow,1 of 2,['fromturnover'],1628983,,,1610612760,71,60,2025-12-23T04:08:59Z,4310000,False,,,0,,S. Gilgeous-Alexander Free Throw 1 of 2 (18 PTS),[1628983],1610612760.0,OKC,,,,Gilgeous-Alexander,S. Gilgeous-Alexander,,,,,,,,Made,,,,,18.0,,,,,,,,,,,,,
437,PT05M44.00S,2025-12-23T04:08:59.7Z,3,REGULAR,substitution,out,[],1631114,,,1610612760,71,60,2025-12-23T04:09:10Z,4320000,False,,,0,,SUB out: J. Williams,[1631114],1610612760.0,OKC,,,,Williams,J. Williams,,,,,,,,,,,,,,,,,,,,,,,,,,
438,PT05M44.00S,2025-12-23T04:08:59.7Z,3,REGULAR,substitution,out,[],1641717,,,1610612760,71,60,2025-12-23T04:09:10Z,4330000,False,,,0,,SUB out: C. Wallace,[1641717],1610612760.0,OKC,,,,Wallace,C. Wallace,,,,,,,,,,,,,,,,,,,,,,,,,,
439,PT05M44.00S,2025-12-23T04:08:59.7Z,3,REGULAR,substitution,out,[],1642285,,,1610612760,71,60,2025-12-23T04:09:10Z,4340000,False,,,0,,SUB out: C. Spencer,[1642285],1610612763.0,MEM,,,,Spencer,C. Spencer,,,,,,,,,,,,,,,,,,,,,,,,,,
440,PT05M44.00S,2025-12-23T04:08:59.7Z,3,REGULAR,substitution,out,[],1629111,,,1610612760,71,60,2025-12-23T04:09:10Z,4350000,False,,,0,,SUB out: J. Landale,[1629111],1610612763.0,MEM,,,,Landale,J. Landale,,,,,,,,,,,,,,,,,,,,,,,,,,
441,PT05M44.00S,2025-12-23T04:08:59.7Z,3,REGULAR,substitution,in,[],1630198,,,1610612760,71,60,2025-12-23T04:09:10Z,4360000,False,,,0,,SUB in: I. Joe,[1630198],1610612760.0,OKC,,,,Joe,I. Joe,,,,,,,,,,,,,,,,,,,,,,,,,,
442,PT05M44.00S,2025-12-23T04:08:59.7Z,3,REGULAR,substitution,in,[],1642349,,,1610612760,71,60,2025-12-23T04:09:10Z,4370000,False,,,0,,SUB in: A. Mitchell,[1642349],1610612760.0,OKC,,,,Mitchell,A. Mitchell,,,,,,,,,,,,,,,,,,,,,,,,,,
443,PT05M44.00S,2025-12-23T04:08:59.7Z,3,REGULAR,substitution,in,[],1631132,,,1610612760,71,60,2025-12-23T04:09:10Z,4380000,False,,,0,,SUB in: C. Koloko,[1631132],1610612763.0,MEM,,,,Koloko,C. Koloko,,,,,,,,,,,,,,,,,,,,,,,,,,
444,PT05M44.00S,2025-12-23T04:08:59.7Z,3,REGULAR,substitution,in,[],1641765,,,1610612760,71,60,2025-12-23T04:09:10Z,4390000,False,,,0,,SUB in: O. Prosper,[1641765],1610612763.0,MEM,,,,Prosper,O. Prosper,,,,,,,,,,,,,,,,,,,,,,,,,,
445,PT05M44.00S,2025-12-23T04:09:24.4Z,3,REGULAR,freethrow,2 of 2,['fromturnover'],1628983,,,1610612760,72,60,2025-12-23T04:09:24Z,4400000,False,,,0,,S. Gilgeous-Alexander Free Throw 2 of 2 (19 PTS),[1628983],1610612760.0,OKC,,,,Gilgeous-Alexander,S. Gilgeous-Alexander,,,,,,,,Made,,,,,19.0,,,,,,,,,,,,,
446,PT05M33.00S,2025-12-23T04:09:37.9Z,3,REGULAR,2pt,Jump Shot,[],1630583,19.793035479632064,71.56862745098039,1610612763,72,60,2025-12-23T04:11:34Z,4410000,False,-108.0,134.0,1,left,MISS S. Aldama 17' pullup Shot,[1630583],1610612763.0,MEM,pullup,,,Aldama,S. Aldama,,,,,Mid-Range,16-24 Left Center,17.17,Missed,,,,,,,,,,,,,,,,,,
447,PT05M29.00S,2025-12-23T04:09:41.9Z,3,REGULAR,rebound,offensive,[],1642377,,,1610612763,72,60,2025-12-23T04:14:27Z,4420000,False,,,0,,J. Wells REBOUND (Off:1 Def:2),[1642377],1610612763.0,MEM,,,,Wells,J. Wells,,,,,Mid-Range,16-24 Left Center,,,446.0,3.0,2.0,1.0,,,,,,,,,,,,,,
448,PT05M18.00S,2025-12-23T04:09:54.6Z,3,REGULAR,2pt,Hook,"['pointsinthepaint', '2ndchance']",1642377,10.5946123521682,37.5,1610612763,72,60,2025-12-23T04:13:40Z,4430000,False,62.0,47.0,1,left,MISS J. Wells 7' driving bank Hook,[1642377],1610612763.0,MEM,driving bank,,,Wells,J. Wells,,,,,In The Paint (Non-RA),0-8 Center,7.83,Missed,,,,,,,,,,,,,,,,,,
449,PT05M17.00S,2025-12-23T04:09:55.6Z,3,REGULAR,rebound,offensive,['team'],0,,,1610612763,72,60,2025-12-23T04:10:16Z,4440000,False,,,0,,TEAM offensive REBOUND,[],1610612763.0,MEM,,,,,,,,,,In The Paint (Non-RA),0-8 Center,,,448.0,,,,,,,,,,,,,,,,,
450,PT05M17.00S,2025-12-23T04:10:03.5Z,3,REGULAR,turnover,shot clock,['team'],0,,,1610612763,72,60,2025-12-23T04:10:09Z,4450000,False,,,0,,MEM shot clock Team TURNOVER,[],1610612763.0,MEM,,,,,,,,,,Restricted Area,0-8 Center,,,,,,,,,,,,,,101284.0,,,,,,
451,PT05M02.00S,2025-12-23T04:10:20.1Z,3,REGULAR,2pt,Jump Shot,['fromturnover'],1628983,88.12417871222075,19.362745098039216,1610612760,72,60,2025-12-23T04:10:24Z,4460000,False,-153.0,59.0,1,right,MISS S. Gilgeous-Alexander 16' pullup Shot,[1628983],1610612760.0,OKC,pullup,,,Gilgeous-Alexander,S. Gilgeous-Alexander,,,,,Mid-Range,16-24 Left,16.42,Missed,,,,,,,,,,,,,,,,,,
452,PT04M59.00S,2025-12-23T04:10:23.1Z,3,REGULAR,rebound,defensive,[],1642377,,,1610612763,72,60,2025-12-23T04:10:24Z,4470000,False,,,0,,J. Wells REBOUND (Off:1 Def:3),[1642377],1610612763.0,MEM,,,,Wells,J. Wells,,,,,Mid-Range,16-24 Left,,,451.0,4.0,3.0,1.0,,,,,,,,,,,,,,
453,PT04M51.00S,2025-12-23T04:10:31.1Z,3,REGULAR,turnover,lost ball,[],1641765,,,1610612763,72,60,2025-12-23T04:10:38Z,4480000,False,,,0,,O. Prosper lost ball TURNOVER (1 TO),"[1641765, 1628983]",1610612763.0,MEM,,,,Prosper,O. Prosper,,,,,Mid-Range,16-24 Right,,,,,,,,,,,1.0,,,,,,,,Gilgeous-Alexander,1628983.0
454,PT04M51.00S,2025-12-23T04:10:31.1Z,3,REGULAR,steal,,[],1628983,,,1610612760,72,60,2025-12-23T04:10:32Z,4490000,False,,,0,,S. Gilgeous-Alexander STEAL (3 STL),[1628983],1610612760.0,OKC,,,,Gilgeous-Alexander,S. Gilgeous-Alexander,,,,,Mid-Range,16-24 Right,,,,,,,,,,,,,,,,,,,,
455,PT04M45.00S,2025-12-23T04:10:36.2Z,3,REGULAR,2pt,Layup,"['fastbreak', 'pointsinthepaint', 'fromturnover']",1628983,91.14651773981603,50.245098039215684,1610612760,72,60,2025-12-23T04:14:52Z,4500000,False,1.0,31.0,1,right,MISS S. Gilgeous-Alexander running reverse Layup,[1628983],1610612760.0,OKC,running reverse,,,Gilgeous-Alexander,S. Gilgeous-Alexander,,,,,Restricted Area,0-8 Center,3.07,Missed,,,,,,,,,,,,,,,,,,
456,PT04M43.00S,2025-12-23T04:10:38.2Z,3,REGULAR,rebound,offensive,[],1629652,,,1610612760,72,60,2025-12-23T04:10:46Z,4510000,False,,,0,,L. Dort REBOUND (Off:1 Def:2),[1629652],1610612760.0,OKC,,,,Dort,L. Dort,,,,,Restricted Area,0-8 Center,,,455.0,3.0,2.0,1.0,,,,,,,,,,,,,,
457,PT04M42.00S,2025-12-23T04:10:39.4Z,3,REGULAR,2pt,Layup,"['pointsinthepaint', 'fromturnover', '2ndchance']",1629652,91.93495400788436,52.20588235294118,1610612760,74,60,2025-12-23T04:10:48Z,4520000,False,11.0,23.0,1,right,L. Dort putback Layup (13 PTS),[1629652],1610612760.0,OKC,putback,,,Dort,L. Dort,,,,,Restricted Area,0-8 Center,2.58,Made,,,,,13.0,,,,,,,,,,,,,
458,PT04M39.00S,2025-12-23T04:10:44.6Z,3,REGULAR,3pt,Jump Shot,[],1630583,32.14520367936925,35.049019607843135,1610612763,74,60,2025-12-23T04:16:15Z,4530000,False,75.0,250.0,1,left,MISS S. Aldama 26' pullup 3PT,[1630583],1610612763.0,MEM,pullup,,,Aldama,S. Aldama,,,,,Above the Break 3,24+ Center,26.07,Missed,,,,,,,,,,,,,,,,,,
459,PT04M37.00S,2025-12-23T04:10:46.6Z,3,REGULAR,rebound,defensive,[],1629652,,,1610612760,74,60,2025-12-23T04:16:15Z,4540000,False,,,0,,L. Dort REBOUND (Off:1 Def:3),[1629652],1610612760.0,OKC,,,,Dort,L. Dort,,,,,Above the Break 3,24+ Center,,,458.0,4.0,3.0,1.0,,,,,,,,,,,,,,
460,PT04M26.00S,2025-12-23T04:10:54.6Z,3,REGULAR,3pt,Jump Shot,[],1630198,95.87713534822602,5.392156862745098,1610612760,74,60,2025-12-23T04:11:00Z,4550000,False,-223.0,-14.0,1,right,MISS I. Joe 3PT,[1630198],1610612760.0,OKC,,,,Joe,I. Joe,,,,,Left Corner 3,24+ Left,22.34,Missed,,,,,,,,,,,,,,,,,,
461,PT04M25.00S,2025-12-23T04:10:55.6Z,3,REGULAR,rebound,defensive,[],1630583,,,1610612763,74,60,2025-12-23T04:11:00Z,4560000,False,,,0,,S. Aldama REBOUND (Off:1 Def:5),[1630583],1610612763.0,MEM,,,,Aldama,S. Aldama,,,,,Left Corner 3,24+ Left,,,460.0,6.0,5.0,1.0,,,,,,,,,,,,,,
462,PT04M18.00S,2025-12-23T04:11:03.9Z,3,REGULAR,3pt,Jump Shot,[],1641765,1.7904073587385019,95.58823529411765,1610612763,74,63,2025-12-23T04:11:08Z,4570000,False,-228.0,-36.0,1,left,O. Prosper 3PT  (5 PTS) (K. Caldwell-Pope 2 AST),"[1641765, 203484]",1610612763.0,MEM,,,,Prosper,O. Prosper,,,,,Left Corner 3,24+ Left,23.07,Made,,,,,5.0,K. Caldwell-Pope,203484.0,2.0,,,,,,,,,,
464,PT03M52.00S,2025-12-23T04:11:28.7Z,3,REGULAR,3pt,Jump Shot,[],1630198,75.77201051248358,9.803921568627452,1610612760,74,63,2025-12-23T04:11:33Z,4590000,False,-201.0,175.0,1,right,MISS I. Joe 26' 3PT,[1630198],1610612760.0,OKC,,,,Joe,I. Joe,,,,,Above the Break 3,24+ Left Center,26.66,Missed,,,,,,,,,,,,,,,,,,
465,PT03M50.00S,2025-12-23T04:11:30.7Z,3,REGULAR,rebound,defensive,[],1630583,,,1610612763,74,63,2025-12-23T04:11:33Z,4600000,False,,,0,,S. Aldama REBOUND (Off:1 Def:6),[1630583],1610612763.0,MEM,,,,Aldama,S. Aldama,,,,,Above the Break 3,24+ Left Center,,,464.0,7.0,6.0,1.0,,,,,,,,,,,,,,
466,PT03M45.00S,2025-12-23T04:11:36.9Z,3,REGULAR,2pt,Jump Shot,"['fastbreak', 'pointsinthepaint']",1630583,11.383048620236531,41.17647058823529,1610612763,74,65,2025-12-23T04:17:13Z,4610000,False,44.0,55.0,1,left,S. Aldama 7' floating Jump Shot (9 PTS) (K. Caldwell-Pope 3 AST),"[1630583, 203484]",1610612763.0,MEM,floating,,,Aldama,S. Aldama,,,,,In The Paint (Non-RA),0-8 Center,7.01,Made,,,,,9.0,K. Caldwell-Pope,203484.0,3.0,,,,,,,,,,
468,PT03M45.00S,2025-12-23T04:11:43.3Z,3,REGULAR,timeout,full,"['team', 'mandatory']",0,,,1610612760,74,65,2025-12-23T04:11:43Z,4630000,False,,,0,,OKC Timeout,[],1610612760.0,OKC,,,,,,,,,,,,,,,,,,,,,,,,,,,,,,,
469,PT03M45.00S,2025-12-23T04:11:45.7Z,3,REGULAR,substitution,out,[],1628983,,,1610612760,74,65,2025-12-23T04:14:48Z,4640000,False,,,0,,SUB out: S. Gilgeous-Alexander,[1628983],1610612760.0,OKC,,,,Gilgeous-Alexander,S. Gilgeous-Alexander,,,,,,,,,,,,,,,,,,,,,,,,,,
470,PT03M45.00S,2025-12-23T04:11:45.7Z,3,REGULAR,substitution,out,[],1629652,,,1610612760,74,65,2025-12-23T04:14:48Z,4650000,False,,,0,,SUB out: L. Dort,[1629652],1610612760.0,OKC,,,,Dort,L. Dort,,,,,,,,,,,,,,,,,,,,,,,,,,
471,PT03M45.00S,2025-12-23T04:11:45.7Z,3,REGULAR,substitution,out,[],1642382,,,1610612760,74,65,2025-12-23T04:14:48Z,4660000,False,,,0,,SUB out: B. Carlson,[1642382],1610612760.0,OKC,,,,Carlson,B. Carlson,,,,,,,,,,,,,,,,,,,,,,,,,,
472,PT03M45.00S,2025-12-23T04:11:45.7Z,3,REGULAR,substitution,in,[],1642964,,,1610612760,74,65,2025-12-23T04:14:48Z,4670000,False,,,0,,SUB in: B. Barnhizer,[1642964],1610612760.0,OKC,,,,Barnhizer,B. Barnhizer,,,,,,,,,,,,,,,,,,,,,,,,,,
473,PT03M45.00S,2025-12-23T04:11:45.7Z,3,REGULAR,substitution,in,[],1629026,,,1610612760,74,65,2025-12-23T04:14:48Z,4680000,False,,,0,,SUB in: K. Williams,[1629026],1610612760.0,OKC,,,,Williams,K. Williams,,,,,,,,,,,,,,,,,,,,,,,,,,
474,PT03M45.00S,2025-12-23T04:11:45.7Z,3,REGULAR,substitution,in,[],1631114,,,1610612760,74,65,2025-12-23T04:14:48Z,4690000,False,,,0,,SUB in: J. Williams,[1631114],1610612760.0,OKC,,,,Williams,J. Williams,,,,,,,,,,,,,,,,,,,,,,,,,,
475,PT03M28.00S,2025-12-23T04:15:17.0Z,3,REGULAR,2pt,Jump Shot,['pointsinthepaint'],1642349,87.86136662286465,52.20588235294118,1610612760,74,65,2025-12-23T04:15:26Z,4700000,False,11.0,62.0,1,right,MISS A. Mitchell 6' driving floating Shot,[1642349],1610612760.0,OKC,driving floating,,,Mitchell,A. Mitchell,,,,,In The Paint (Non-RA),0-8 Center,6.26,Missed,,,,,,,,,,,,,,,,,,
476,PT03M26.00S,2025-12-23T04:15:19.0Z,3,REGULAR,rebound,offensive,[],1642349,,,1610612760,74,65,2025-12-23T04:15:26Z,4710000,False,,,0,,A. Mitchell REBOUND (Off:2 Def:3),[1642349],1610612760.0,OKC,,,,Mitchell,A. Mitchell,,,,,In The Paint (Non-RA),0-8 Center,,,475.0,5.0,3.0,2.0,,,,,,,,,,,,,,
477,PT03M26.00S,2025-12-23T04:15:20.3Z,3,REGULAR,2pt,Jump Shot,"['pointsinthepaint', '2ndchance']",1642349,91.93495400788436,50.98039215686274,1610612760,76,65,2025-12-23T04:17:48Z,4720000,False,5.0,23.0,1,right,A. Mitchell floating Jump Shot (7 PTS),[1642349],1610612760.0,OKC,floating,,,Mitchell,A. Mitchell,,,,,Restricted Area,0-8 Center,2.38,Made,,,,,7.0,,,,,,,,,,,,,
478,PT03M10.00S,2025-12-23T04:15:36.3Z,3,REGULAR,3pt,Jump Shot,[],1630583,10.5946123521682,95.34313725490196,1610612763,76,65,2025-12-23T04:15:45Z,4730000,False,-227.0,47.0,1,left,MISS S. Aldama 3PT,[1630583],1610612763.0,MEM,,,,Aldama,S. Aldama,,,,,Left Corner 3,24+ Left,23.15,Missed,,,,,,,,,,,,,,,,,,
479,PT03M06.00S,2025-12-23T04:15:40.3Z,3,REGULAR,rebound,defensive,[],1642349,,,1610612760,76,65,2025-12-23T04:19:17Z,4740000,False,,,0,,A. Mitchell REBOUND (Off:2 Def:4),[1642349],1610612760.0,OKC,,,,Mitchell,A. Mitchell,,,,,Left Corner 3,24+ Left,,,478.0,6.0,4.0,2.0,,,,,,,,,,,,,,
480,PT03M03.00S,2025-12-23T04:15:42.9Z,3,REGULAR,turnover,lost ball,[],1642349,,,1610612760,76,65,2025-12-23T04:15:48Z,4750000,False,,,0,,A. Mitchell lost ball TURNOVER (2 TO),"[1642349, 1642377]",1610612760.0,OKC,,,,Mitchell,A. Mitchell,,,,,Mid-Range,16-24 Center,,,,,,,,,,,2.0,,,,,,,,Wells,1642377.0
481,PT03M03.00S,2025-12-23T04:15:42.9Z,3,REGULAR,steal,,[],1642377,,,1610612763,76,65,2025-12-23T04:15:44Z,4760000,False,,,0,,J. Wells STEAL (2 STL),[1642377],1610612763.0,MEM,,,,Wells,J. Wells,,,,,Mid-Range,16-24 Center,,,,,,,,,,,,,,,,,,,,
482,PT02M58.00S,2025-12-23T04:15:48.5Z,3,REGULAR,3pt,Jump Shot,"['fromturnover', 'fastbreak']",1641765,1.3961892247043364,95.34313725490196,1610612763,76,68,2025-12-23T04:16:03Z,4770000,False,-227.0,-39.0,1,left,O. Prosper 3PT running (8 PTS) (C. Koloko 1 AST),"[1641765, 1631132]",1610612763.0,MEM,running,,,Prosper,O. Prosper,,,,,Left Corner 3,24+ Left,23.01,Made,,,,,8.0,C. Koloko,1631132.0,1.0,,,,,,,,,,
484,PT02M39.00S,2025-12-23T04:16:06.9Z,3,REGULAR,2pt,Layup,['pointsinthepaint'],1629026,92.59198423127464,46.81372549019608,1610612760,76,68,2025-12-23T04:20:13Z,4790000,False,-16.0,17.0,1,right,MISS K. Williams driving reverse Layup,[1629026],1610612760.0,OKC,driving reverse,,,Williams,K. Williams,,,,,Restricted Area,0-8 Center,2.33,Missed,,,,,,,,,,,,,,,,,,
485,PT02M38.00S,2025-12-23T04:16:07.9Z,3,REGULAR,rebound,offensive,[],1642349,,,1610612760,76,68,2025-12-23T04:20:13Z,4800000,False,,,0,,A. Mitchell REBOUND (Off:3 Def:4),[1642349],1610612760.0,OKC,,,,Mitchell,A. Mitchell,,,,,Restricted Area,0-8 Center,,,484.0,7.0,4.0,3.0,,,,,,,,,,,,,,
486,PT02M38.00S,2025-12-23T04:16:11.7Z,3,REGULAR,2pt,Layup,"['2ndchance', 'pointsinthepaint']",1642349,94.40999984741211,50.0,1610612760,78,68,2025-12-23T04:20:17Z,4810000,False,0.0,0.0,1,right,A. Mitchell tip Layup (9 PTS),[1642349],1610612760.0,OKC,tip,,,Mitchell,A. Mitchell,,,,,Restricted Area,0-8 Center,0.0,Made,,,,,9.0,,,,,,,,,,,,,
487,PT02M25.00S,2025-12-23T04:16:19.7Z,3,REGULAR,3pt,Jump Shot,[],203484,9.543363994743759,96.56862745098039,1610612763,78,71,2025-12-23T04:16:46Z,4820000,False,-233.0,37.0,1,left,K. Caldwell-Pope 3PT  (13 PTS) (S. Aldama 1 AST),"[203484, 1630583]",1610612763.0,MEM,,,,Caldwell-Pope,K. Caldwell-Pope,,,,,Left Corner 3,24+ Left,23.58,Made,,,,,13.0,S. Aldama,1630583.0,1.0,,,,,,,,,,
489,PT02M13.00S,2025-12-23T04:16:32.4Z,3,REGULAR,2pt,Jump Shot,[],1631114,73.40670170827858,50.0,1610612760,80,71,2025-12-23T04:16:42Z,4840000,False,0.0,197.0,1,right,J. Williams 19' step back Jump Shot (14 PTS),[1631114],1610612760.0,OKC,step back,,,Williams,J. Williams,,,,,Mid-Range,16-24 Center,19.75,Made,,,,,14.0,,,,,,,,,,,,,
490,PT01M59.00S,2025-12-23T04:16:45.6Z,3,REGULAR,2pt,Jump Shot,['pointsinthepaint'],1630583,7.835085413929041,53.67647058823529,1610612763,80,71,2025-12-23T04:16:52Z,4850000,False,-18.0,21.0,1,left,MISS S. Aldama driving bank Shot,[1630583],1610612763.0,MEM,driving bank,,,Aldama,S. Aldama,,,,,Restricted Area,0-8 Center,2.8,Missed,,,,,,,,,,,,,,,,,,
492,PT01M56.00S,2025-12-23T04:16:48.6Z,3,REGULAR,rebound,defensive,[],1642349,,,1610612760,80,71,2025-12-23T04:16:52Z,4870000,False,,,0,,A. Mitchell REBOUND (Off:3 Def:5),[1642349],1610612760.0,OKC,,,,Mitchell,A. Mitchell,,,,,Restricted Area,0-8 Center,,,490.0,8.0,5.0,3.0,,,,,,,,,,,,,,
493,PT01M39.00S,2025-12-23T04:17:06.0Z,3,REGULAR,2pt,Jump Shot,['pointsinthepaint'],1631114,88.12417871222075,63.725490196078425,1610612760,82,71,2025-12-23T04:17:10Z,4880000,False,69.0,59.0,1,right,J. Williams 9' step back Jump Shot (16 PTS),[1631114],1610612760.0,OKC,step back,,,Williams,J. Williams,,,,,In The Paint (Non-RA),8-16 Right,9.05,Made,,,,,16.0,,,,,,,,,,,,,
494,PT01M21.00S,2025-12-23T04:17:26.4Z,3,REGULAR,turnover,out-of-bounds,[],1641765,,,1610612763,82,71,2025-12-23T04:17:33Z,4890000,False,,,0,,O. Prosper bad pass out-of-bounds TURNOVER (2 TO),[1641765],1610612763.0,MEM,bad pass,,,Prosper,O. Prosper,,,,,Above the Break 3,24+ Left Center,,,,,,,,,,,2.0,,,101284.0,,,,,,
495,PT01M21.00S,2025-12-23T04:17:28.8Z,3,REGULAR,substitution,out,[],1642377,,,1610612760,82,71,2025-12-23T04:17:44Z,4900000,False,,,0,,SUB out: J. Wells,[1642377],1610612763.0,MEM,,,,Wells,J. Wells,,,,,,,,,,,,,,,,,,,,,,,,,,
496,PT01M21.00S,2025-12-23T04:17:28.8Z,3,REGULAR,substitution,out,[],203484,,,1610612760,82,71,2025-12-23T04:17:44Z,4910000,False,,,0,,SUB out: K. Caldwell-Pope,[203484],1610612763.0,MEM,,,,Caldwell-Pope,K. Caldwell-Pope,,,,,,,,,,,,,,,,,,,,,,,,,,
497,PT01M21.00S,2025-12-23T04:17:28.8Z,3,REGULAR,substitution,out,[],1641765,,,1610612760,82,71,2025-12-23T04:17:44Z,4920000,False,,,0,,SUB out: O. Prosper,[1641765],1610612763.0,MEM,,,,Prosper,O. Prosper,,,,,,,,,,,,,,,,,,,,,,,,,,
498,PT01M21.00S,2025-12-23T04:17:28.8Z,3,REGULAR,substitution,in,[],1642285,,,1610612760,82,71,2025-12-23T04:17:44Z,4930000,False,,,0,,SUB in: C. Spencer,[1642285],1610612763.0,MEM,,,,Spencer,C. Spencer,,,,,,,,,,,,,,,,,,,,,,,,,,
499,PT01M21.00S,2025-12-23T04:17:28.8Z,3,REGULAR,substitution,in,[],1642907,,,1610612760,82,71,2025-12-23T04:17:44Z,4940000,False,,,0,,SUB in: C. Coward,[1642907],1610612763.0,MEM,,,,Coward,C. Coward,,,,,,,,,,,,,,,,,,,,,,,,,,
500,PT01M21.00S,2025-12-23T04:17:28.8Z,3,REGULAR,substitution,in,[],1628991,,,1610612760,82,71,2025-12-23T04:17:44Z,4950000,False,,,0,,SUB in: J. Jackson Jr.,[1628991],1610612763.0,MEM,,,,Jackson Jr.,J. Jackson Jr.,,,,,,,,,,,,,,,,,,,,,,,,,,
501,PT01M07.00S,2025-12-23T04:18:01.5Z,3,REGULAR,turnover,out-of-bounds,[],1642349,,,1610612760,82,71,2025-12-23T04:18:10Z,4960000,False,,,0,,A. Mitchell bad pass out-of-bounds TURNOVER (3 TO),[1642349],1610612760.0,OKC,bad pass,,,Mitchell,A. Mitchell,,,,,In The Paint (Non-RA),0-8 Center,,,,,,,,,,,3.0,,,101284.0,,,,,,
502,PT00M50.30S,2025-12-23T04:18:21.8Z,3,REGULAR,3pt,Jump Shot,['fromturnover'],1630583,4.812746386333772,95.09803921568627,1610612763,82,71,2025-12-23T04:18:28Z,4970000,False,-225.0,-7.0,1,left,MISS S. Aldama 3PT,[1630583],1610612763.0,MEM,,,,Aldama,S. Aldama,,,,,Left Corner 3,24+ Left,22.56,Missed,,,,,,,,,,,,,,,,,,
503,PT00M47.20S,2025-12-23T04:18:24.9Z,3,REGULAR,rebound,defensive,[],1629026,,,1610612760,82,71,2025-12-23T04:18:28Z,4980000,False,,,0,,K. Williams REBOUND (Off:0 Def:2),[1629026],1610612760.0,OKC,,,,Williams,K. Williams,,,,,Left Corner 3,24+ Left,,,502.0,2.0,2.0,0.0,,,,,,,,,,,,,,
504,PT00M32.60S,2025-12-23T04:18:40.8Z,3,REGULAR,2pt,DUNK,['pointsinthepaint'],1631114,93.11760840998686,49.26470588235294,1610612760,84,71,2025-12-23T04:18:45Z,4990000,False,-4.0,12.0,1,right,J. Williams driving DUNK (18 PTS),[1631114],1610612760.0,OKC,driving,,,Williams,J. Williams,,,,,Restricted Area,0-8 Center,1.27,Made,,,,,18.0,,,,,,,,,,,,,
505,PT00M08.50S,2025-12-23T04:19:09.2Z,3,REGULAR,2pt,Jump Shot,['pointsinthepaint'],1642907,7.5722733245729295,37.745098039215684,1610612763,84,73,2025-12-23T04:19:21Z,5000000,False,61.0,19.0,1,left,C. Coward 6' driving bank Jump Shot (7 PTS),[1642907],1610612763.0,MEM,driving bank,,,Coward,C. Coward,,,,,In The Paint (Non-RA),0-8 Center,6.41,Made,,,,,7.0,,,,,,,,,,,,,
506,PT00M01.50S,2025-12-23T04:19:22.0Z,3,REGULAR,3pt,Jump Shot,[],1631114,72.22404730617609,17.15686274509804,1610612760,84,73,2025-12-23T04:19:29Z,5010000,False,-164.0,209.0,1,right,MISS J. Williams 26' step back 3PT,[1631114],1610612760.0,OKC,step back,,,Williams,J. Williams,,,,,Above the Break 3,24+ Left Center,26.55,Missed,,,,,,,,,,,,,,,,,,
507,PT00M01.50S,2025-12-23T04:19:22.0Z,3,REGULAR,rebound,defensive,[],1631132,,,1610612763,84,73,2025-12-23T04:19:29Z,5020000,False,,,0,,C. Koloko REBOUND (Off:0 Def:1),[1631132],1610612763.0,MEM,,,,Koloko,C. Koloko,,,,,Above the Break 3,24+ Left Center,,,506.0,1.0,1.0,0.0,,,,,,,,,,,,,,
508,PT00M00.00S,2025-12-23T04:19:40.5Z,3,REGULAR,period,end,[],0,,,1610612763,84,73,2025-12-23T04:19:40Z,5030000,False,,,0,,Period End,[],,,,,,,,,,,,,,,,,,,,,,,,,,,,,,,,,
509,PT12M00.00S,2025-12-23T04:19:50.4Z,4,REGULAR,substitution,out,['startperiod'],1631114,,,1610612763,84,73,2025-12-23T04:22:37Z,5040000,False,,,0,,SUB out: J. Williams,[1631114],1610612760.0,OKC,,,,Williams,J. Williams,,,,,,,,,,,,,,,,,,,,,,,,,,
510,PT12M00.00S,2025-12-23T04:19:50.4Z,4,REGULAR,substitution,out,['startperiod'],1630198,,,1610612763,84,73,2025-12-23T04:22:37Z,5050000,False,,,0,,SUB out: I. Joe,[1630198],1610612760.0,OKC,,,,Joe,I. Joe,,,,,,,,,,,,,,,,,,,,,,,,,,
511,PT12M00.00S,2025-12-23T04:19:50.4Z,4,REGULAR,substitution,out,['startperiod'],1642964,,,1610612763,84,73,2025-12-23T04:22:37Z,5060000,False,,,0,,SUB out: B. Barnhizer,[1642964],1610612760.0,OKC,,,,Barnhizer,B. Barnhizer,,,,,,,,,,,,,,,,,,,,,,,,,,
512,PT12M00.00S,2025-12-23T04:19:50.4Z,4,REGULAR,substitution,out,['startperiod'],1630583,,,1610612763,84,73,2025-12-23T04:22:37Z,5070000,False,,,0,,SUB out: S. Aldama,[1630583],1610612763.0,MEM,,,,Aldama,S. Aldama,,,,,,,,,,,,,,,,,,,,,,,,,,
513,PT12M00.00S,2025-12-23T04:19:50.4Z,4,REGULAR,substitution,out,['startperiod'],1631132,,,1610612763,84,73,2025-12-23T04:22:37Z,5080000,False,,,0,,SUB out: C. Koloko,[1631132],1610612763.0,MEM,,,,Koloko,C. Koloko,,,,,,,,,,,,,,,,,,,,,,,,,,
514,PT12M00.00S,2025-12-23T04:19:50.4Z,4,REGULAR,substitution,in,['startperiod'],1628983,,,1610612763,84,73,2025-12-23T04:22:37Z,5090000,False,,,0,,SUB in: S. Gilgeous-Alexander,[1628983],1610612760.0,OKC,,,,Gilgeous-Alexander,S. Gilgeous-Alexander,,,,,,,,,,,,,,,,,,,,,,,,,,
515,PT12M00.00S,2025-12-23T04:19:50.4Z,4,REGULAR,substitution,in,['startperiod'],1629652,,,1610612763,84,73,2025-12-23T04:22:37Z,5100000,False,,,0,,SUB in: L. Dort,[1629652],1610612760.0,OKC,,,,Dort,L. Dort,,,,,,,,,,,,,,,,,,,,,,,,,,
516,PT12M00.00S,2025-12-23T04:19:50.4Z,4,REGULAR,substitution,in,['startperiod'],1641717,,,1610612763,84,73,2025-12-23T04:22:37Z,5110000,False,,,0,,SUB in: C. Wallace,[1641717],1610612760.0,OKC,,,,Wallace,C. Wallace,,,,,,,,,,,,,,,,,,,,,,,,,,
517,PT12M00.00S,2025-12-23T04:19:50.4Z,4,REGULAR,substitution,in,['startperiod'],1641713,,,1610612763,84,73,2025-12-23T04:22:37Z,5120000,False,,,0,,SUB in: G. Jackson,[1641713],1610612763.0,MEM,,,,Jackson,G. Jackson,,,,,,,,,,,,,,,,,,,,,,,,,,
518,PT12M00.00S,2025-12-23T04:19:50.4Z,4,REGULAR,substitution,in,['startperiod'],1629111,,,1610612763,84,73,2025-12-23T04:22:37Z,5130000,False,,,0,,SUB in: J. Landale,[1629111],1610612763.0,MEM,,,,Landale,J. Landale,,,,,,,,,,,,,,,,,,,,,,,,,,
519,PT12M00.00S,2025-12-23T04:23:03.6Z,4,REGULAR,period,start,[],0,,,1610612763,84,73,2025-12-23T04:23:03Z,5140000,False,,,0,,Period Start,[],,,,,,,,,,,,,,,,,,,,,,,,,,,,,,,,,
520,PT11M46.00S,2025-12-23T04:23:17.2Z,4,REGULAR,2pt,Jump Shot,[],1642907,6.521024967148489,22.30392156862745,1610612763,84,73,2025-12-23T04:23:22Z,5150000,False,138.0,9.0,1,left,MISS C. Coward 13' pullup Shot,[1642907],1610612763.0,MEM,pullup,,,Coward,C. Coward,,,,,Mid-Range,8-16 Right,13.88,Missed,,,,,,,,,,,,,,,,,,
521,PT11M42.00S,2025-12-23T04:23:21.2Z,4,REGULAR,rebound,defensive,[],1628983,,,1610612760,84,73,2025-12-23T04:23:22Z,5160000,False,,,0,,S. Gilgeous-Alexander REBOUND (Off:0 Def:7),[1628983],1610612760.0,OKC,,,,Gilgeous-Alexander,S. Gilgeous-Alexander,,,,,Mid-Range,8-16 Right,,,520.0,7.0,7.0,0.0,,,,,,,,,,,,,,
522,PT11M34.00S,2025-12-23T04:23:28.0Z,4,REGULAR,2pt,Jump Shot,['pointsinthepaint'],1628983,79.71419185282524,38.23529411764706,1610612760,86,73,2025-12-23T04:23:32Z,5170000,False,-59.0,138.0,1,right,S. Gilgeous-Alexander 15' step back Jump Shot (21 PTS),[1628983],1610612760.0,OKC,step back,,,Gilgeous-Alexander,S. Gilgeous-Alexander,,,,,In The Paint (Non-RA),8-16 Center,15.02,Made,,,,,21.0,,,,,,,,,,,,,
523,PT11M16.00S,2025-12-23T04:23:47.1Z,4,REGULAR,turnover,lost ball,[],1629111,,,1610612763,86,73,2025-12-23T04:23:52Z,5180000,False,,,0,,J. Landale lost ball TURNOVER (2 TO),"[1629111, 1641717]",1610612763.0,MEM,,,,Landale,J. Landale,,,,,Restricted Area,0-8 Center,,,,,,,,,,,2.0,,,,,,,,Wallace,1641717.0
524,PT11M16.00S,2025-12-23T04:23:47.1Z,4,REGULAR,steal,,[],1641717,,,1610612760,86,73,2025-12-23T04:23:49Z,5190000,False,,,0,,C. Wallace STEAL (1 STL),[1641717],1610612760.0,OKC,,,,Wallace,C. Wallace,,,,,Restricted Area,0-8 Center,,,,,,,,,,,,,,,,,,,,
525,PT11M13.00S,2025-12-23T04:23:51.2Z,4,REGULAR,foul,personal,[],1642285,,,1610612760,86,73,2025-12-23T04:24:01Z,5200000,False,,,0,,C. Spencer personal FOUL (1 PF),"[1642285, 1641717]",1610612763.0,MEM,,,,Spencer,C. Spencer,,,,,Mid-Range,16-24 Right Center,,,,,,,,,,,,,,1628484.0,1.0,0.0,Wallace,1641717.0,,
527,PT11M02.00S,2025-12-23T04:24:25.5Z,4,REGULAR,2pt,Jump Shot,"['pointsinthepaint', 'fromturnover']",1642349,90.75229960578186,63.23529411764706,1610612760,88,73,2025-12-23T04:24:32Z,5220000,False,66.0,34.0,1,right,A. Mitchell 7' pullup Jump Shot (11 PTS),[1642349],1610612760.0,OKC,pullup,,,Mitchell,A. Mitchell,,,,,In The Paint (Non-RA),0-8 Center,7.46,Made,,,,,11.0,,,,,,,,,,,,,
528,PT10M48.00S,2025-12-23T04:24:41.7Z,4,REGULAR,turnover,bad pass,[],1641713,,,1610612763,88,73,2025-12-23T04:25:03Z,5230000,False,,,0,,G. Jackson bad pass TURNOVER (1 TO),"[1641713, 1629652]",1610612763.0,MEM,,,,Jackson,G. Jackson,,,,,Above the Break 3,24+ Center,,,,,,,,,,,1.0,,,,,,,,Dort,1629652.0
529,PT10M48.00S,2025-12-23T04:24:41.7Z,4,REGULAR,steal,,[],1629652,,,1610612760,88,73,2025-12-23T04:24:45Z,5240000,False,,,0,,L. Dort STEAL (3 STL),[1629652],1610612760.0,OKC,,,,Dort,L. Dort,,,,,Above the Break 3,24+ Center,,,,,,,,,,,,,,,,,,,,
530,PT10M48.00S,2025-12-23T04:24:46.0Z,4,REGULAR,foul,personal,[],1628991,,,1610612760,88,73,2025-12-23T04:24:48Z,5250000,False,,,0,,J. Jackson Jr. personal FOUL (1 PF),"[1628991, 1629652]",1610612763.0,MEM,,,,Jackson Jr.,J. Jackson Jr.,,,,,Above the Break 3,24+ Left Center,,,,,,,,,,,,,,204058.0,1.0,0.0,Dort,1629652.0,,
532,PT10M42.00S,2025-12-23T04:25:27.9Z,4,REGULAR,2pt,Layup,"['pointsinthepaint', 'fromturnover']",1642349,92.72339027595268,50.73529411764706,1610612760,90,73,2025-12-23T04:25:31Z,5270000,False,4.0,16.0,1,right,A. Mitchell driving finger roll Layup (13 PTS),[1642349],1610612760.0,OKC,driving finger roll,,,Mitchell,A. Mitchell,,,,,Restricted Area,0-8 Center,1.63,Made,,,,,13.0,,,,,,,,,,,,,
533,PT10M40.00S,2025-12-23T04:25:36.0Z,4,REGULAR,timeout,full,"['team', 'mandatory']",0,,,1610612763,90,73,2025-12-23T04:25:36Z,5280000,False,,,0,,MEM Timeout,[],1610612763.0,MEM,,,,,,,,,,,,,,,,,,,,,,,,,,,,,,,
534,PT10M23.00S,2025-12-23T04:29:09.0Z,4,REGULAR,2pt,Hook,['pointsinthepaint'],1629111,13.091327201051248,45.588235294117645,1610612763,90,75,2025-12-23T04:30:40Z,5290000,False,22.0,71.0,1,left,J. Landale 7' turnaround Hook (11 PTS),[1629111],1610612763.0,MEM,turnaround,,,Landale,J. Landale,,,,,In The Paint (Non-RA),0-8 Center,7.4,Made,,,,,11.0,,,,,,,,,,,,,
535,PT10M04.00S,2025-12-23T04:29:28.2Z,4,REGULAR,3pt,Jump Shot,[],1642349,69.33311432325887,26.47058823529412,1610612760,93,75,2025-12-23T04:29:32Z,5300000,False,-118.0,236.0,1,right,A. Mitchell 26' 3PT pullup (16 PTS),[1642349],1610612760.0,OKC,pullup,,,Mitchell,A. Mitchell,,,,,Above the Break 3,24+ Left Center,26.35,Made,,,,,16.0,,,,,,,,,,,,,
536,PT09M56.00S,2025-12-23T04:29:39.5Z,4,REGULAR,foul,personal,['2freethrow'],1642349,,,1610612763,93,75,2025-12-23T04:29:58Z,5310000,False,,,0,,A. Mitchell shooting personal FOUL (3 PF) (Coward 2 FT),"[1642349, 1642907]",1610612760.0,OKC,shooting,,,Mitchell,A. Mitchell,,,,,In The Paint (Non-RA),8-16 Right,,,,,,,,,,,,,,1628484.0,3.0,0.0,Coward,1642907.0,,
538,PT09M56.00S,2025-12-23T04:30:07.5Z,4,REGULAR,freethrow,1 of 2,[],1642907,,,1610612763,93,75,2025-12-23T04:30:26Z,5330000,False,,,0,,MISS C. Coward Free Throw 1 of 2,[1642907],1610612763.0,MEM,,,,Coward,C. Coward,,,,,,,,Missed,,,,,,,,,,,,,,,,,,
539,PT09M56.00S,2025-12-23T04:30:07.5Z,4,REGULAR,rebound,offensive,"['team', 'deadball']",0,,,1610612763,93,75,2025-12-23T04:30:26Z,5340000,False,,,0,,TEAM offensive REBOUND,[],1610612763.0,MEM,,,,,,,,,,,,,,538.0,,,,,,,,,,,,,,,,,
540,PT09M56.00S,2025-12-23T04:30:07.5Z,4,REGULAR,freethrow,2 of 2,[],1642907,,,1610612763,93,75,2025-12-23T04:30:26Z,5350000,False,,,0,,MISS C. Coward Free Throw 2 of 2,[1642907],1610612763.0,MEM,,,,Coward,C. Coward,,,,,,,,Missed,,,,,,,,,,,,,,,,,,
541,PT09M53.00S,2025-12-23T04:30:10.5Z,4,REGULAR,rebound,defensive,[],1642349,,,1610612760,93,75,2025-12-23T04:30:26Z,5360000,False,,,0,,A. Mitchell REBOUND (Off:3 Def:6),[1642349],1610612760.0,OKC,,,,Mitchell,A. Mitchell,,,,,,,,,540.0,9.0,6.0,3.0,,,,,,,,,,,,,,
542,PT09M42.00S,2025-12-23T04:30:37.6Z,4,REGULAR,3pt,Jump Shot,[],1628983,74.98357424441524,13.23529411764706,1610612760,93,75,2025-12-23T04:30:47Z,5370000,False,-184.0,183.0,1,right,MISS S. Gilgeous-Alexander 25' 3PT,[1628983],1610612760.0,OKC,,,,Gilgeous-Alexander,S. Gilgeous-Alexander,,,,,Above the Break 3,24+ Left Center,25.92,Missed,,,,,,,,,,,,,,,,,,
543,PT09M36.00S,2025-12-23T04:30:43.6Z,4,REGULAR,rebound,defensive,[],1642907,,,1610612763,93,75,2025-12-23T04:30:47Z,5380000,False,,,0,,C. Coward REBOUND (Off:1 Def:5),[1642907],1610612763.0,MEM,,,,Coward,C. Coward,,,,,Above the Break 3,24+ Left Center,,,542.0,6.0,5.0,1.0,,,,,,,,,,,,,,
544,PT09M34.00S,2025-12-23T04:30:45.2Z,4,REGULAR,2pt,Layup,"['pointsinthepaint', 'fastbreak']",1642907,6.1268068331143235,47.794117647058826,1610612763,93,75,2025-12-23T04:30:51Z,5390000,False,11.0,5.0,1,left,MISS C. Coward running Layup,[1642907],1610612763.0,MEM,running,,,Coward,C. Coward,,,,,Restricted Area,0-8 Center,1.21,Missed,,,,,,,,,,,,,,,,,,
545,PT09M34.00S,2025-12-23T04:30:45.2Z,4,REGULAR,rebound,offensive,[],1642285,,,1610612763,93,75,2025-12-23T04:30:51Z,5400000,False,,,0,,C. Spencer REBOUND (Off:1 Def:4),[1642285],1610612763.0,MEM,,,,Spencer,C. Spencer,,,,,Restricted Area,0-8 Center,,,544.0,5.0,4.0,1.0,,,,,,,,,,,,,,
546,PT09M19.00S,2025-12-23T04:31:00.2Z,4,REGULAR,2pt,Jump Shot,"['pointsinthepaint', '2ndchance']",1642285,8.886333771353483,51.470588235294116,1610612763,93,77,2025-12-23T04:31:05Z,5410000,False,-7.0,31.0,1,left,C. Spencer driving floating Jump Shot (8 PTS) (C. Coward 6 AST),"[1642285, 1642907]",1610612763.0,MEM,driving floating,,,Spencer,C. Spencer,,,,,Restricted Area,0-8 Center,3.19,Made,,,,,8.0,C. Coward,1642907.0,6.0,,,,,,,,,,
548,PT09M07.00S,2025-12-23T04:31:11.6Z,4,REGULAR,2pt,Jump Shot,['pointsinthepaint'],1628983,83.13074901445466,47.30392156862745,1610612760,93,77,2025-12-23T04:31:16Z,5430000,False,-13.0,106.0,1,right,MISS S. Gilgeous-Alexander 10' step back Shot,[1628983],1610612760.0,OKC,step back,,,Gilgeous-Alexander,S. Gilgeous-Alexander,,,,,In The Paint (Non-RA),8-16 Center,10.7,Missed,,,,,,,,,,,,,,,,,,
549,PT09M05.00S,2025-12-23T04:31:13.6Z,4,REGULAR,rebound,defensive,[],1629111,,,1610612763,93,77,2025-12-23T04:31:16Z,5440000,False,,,0,,J. Landale REBOUND (Off:3 Def:7),[1629111],1610612763.0,MEM,,,,Landale,J. Landale,,,,,In The Paint (Non-RA),8-16 Center,,,548.0,10.0,7.0,3.0,,,,,,,,,,,,,,
550,PT08M58.00S,2025-12-23T04:31:21.6Z,4,REGULAR,3pt,Jump Shot,[],1642285,27.808804204993432,77.45098039215686,1610612763,93,77,2025-12-23T04:33:43Z,5450000,False,-137.0,209.0,1,left,MISS C. Spencer 25' pullup 3PT,[1642285],1610612763.0,MEM,pullup,,,Spencer,C. Spencer,,,,,Above the Break 3,24+ Left Center,25.0,Missed,,,,,,,,,,,,,,,,,,
551,PT08M55.00S,2025-12-23T04:31:25.2Z,4,REGULAR,rebound,offensive,[],1642907,,,1610612763,93,77,2025-12-23T04:31:25Z,5460000,False,,,0,,C. Coward REBOUND (Off:2 Def:5),[1642907],1610612763.0,MEM,,,,Coward,C. Coward,,,,,Above the Break 3,24+ Left Center,,,550.0,7.0,5.0,2.0,,,,,,,,,,,,,,
552,PT08M55.00S,2025-12-23T04:31:25.9Z,4,REGULAR,foul,personal,['2freethrow'],1628983,,,1610612763,93,77,2025-12-23T04:31:33Z,5470000,False,,,0,,S. Gilgeous-Alexander shooting personal FOUL (3 PF) (Coward 2 FT),"[1628983, 1642907]",1610612760.0,OKC,shooting,,,Gilgeous-Alexander,S. Gilgeous-Alexander,,,,,Restricted Area,0-8 Center,,,,,,,,,,,,,,204058.0,3.0,0.0,Coward,1642907.0,,
554,PT08M55.00S,2025-12-23T04:31:50.8Z,4,REGULAR,freethrow,1 of 2,['2ndchance'],1642907,,,1610612763,93,78,2025-12-23T04:31:50Z,5490000,False,,,0,,C. Coward Free Throw 1 of 2 (8 PTS),[1642907],1610612763.0,MEM,,,,Coward,C. Coward,,,,,,,,Made,,,,,8.0,,,,,,,,,,,,,
555,PT08M55.00S,2025-12-23T04:31:57.4Z,4,REGULAR,substitution,out,[],1629026,,,1610612763,93,78,2025-12-23T04:32:06Z,5500000,False,,,0,,SUB out: K. Williams,[1629026],1610612760.0,OKC,,,,Williams,K. Williams,,,,,,,,,,,,,,,,,,,,,,,,,,
556,PT08M55.00S,2025-12-23T04:31:57.4Z,4,REGULAR,substitution,out,[],1629652,,,1610612763,93,78,2025-12-23T04:32:06Z,5510000,False,,,0,,SUB out: L. Dort,[1629652],1610612760.0,OKC,,,,Dort,L. Dort,,,,,,,,,,,,,,,,,,,,,,,,,,
557,PT08M55.00S,2025-12-23T04:31:57.4Z,4,REGULAR,substitution,in,[],1642382,,,1610612763,93,78,2025-12-23T04:32:06Z,5520000,False,,,0,,SUB in: B. Carlson,[1642382],1610612760.0,OKC,,,,Carlson,B. Carlson,,,,,,,,,,,,,,,,,,,,,,,,,,
558,PT08M55.00S,2025-12-23T04:31:57.4Z,4,REGULAR,substitution,in,[],1630198,,,1610612763,93,78,2025-12-23T04:32:06Z,5530000,False,,,0,,SUB in: I. Joe,[1630198],1610612760.0,OKC,,,,Joe,I. Joe,,,,,,,,,,,,,,,,,,,,,,,,,,
559,PT08M55.00S,2025-12-23T04:32:21.3Z,4,REGULAR,freethrow,2 of 2,['2ndchance'],1642907,,,1610612763,93,79,2025-12-23T04:32:21Z,5540000,False,,,0,,C. Coward Free Throw 2 of 2 (9 PTS),[1642907],1610612763.0,MEM,,,,Coward,C. Coward,,,,,,,,Made,,,,,9.0,,,,,,,,,,,,,
560,PT08M39.00S,2025-12-23T04:32:39.2Z,4,REGULAR,turnover,lost ball,[],1642382,,,1610612760,93,79,2025-12-23T04:32:44Z,5550000,False,,,0,,B. Carlson lost ball TURNOVER (2 TO),"[1642382, 1628991]",1610612760.0,OKC,,,,Carlson,B. Carlson,,,,,In The Paint (Non-RA),0-8 Center,,,,,,,,,,,2.0,,,,,,,,Jackson Jr.,1628991.0
561,PT08M39.00S,2025-12-23T04:32:39.2Z,4,REGULAR,steal,,[],1628991,,,1610612763,93,79,2025-12-23T04:32:41Z,5560000,False,,,0,,J. Jackson Jr. STEAL (2 STL),[1628991],1610612763.0,MEM,,,,Jackson Jr.,J. Jackson Jr.,,,,,In The Paint (Non-RA),0-8 Center,,,,,,,,,,,,,,,,,,,,
562,PT08M36.00S,2025-12-23T04:32:45.4Z,4,REGULAR,foul,personal,['2freethrow'],1630198,,,1610612763,93,79,2025-12-23T04:33:09Z,5570000,False,,,0,,I. Joe shooting personal FOUL (3 PF) (Coward 2 FT),"[1630198, 1642907]",1610612760.0,OKC,shooting,,,Joe,I. Joe,,,,,In The Paint (Non-RA),0-8 Center,,,,,,,,,,,,,,101284.0,3.0,0.0,Coward,1642907.0,,
564,PT08M36.00S,2025-12-23T04:33:16.2Z,4,REGULAR,freethrow,1 of 2,"['fromturnover', 'fastbreak']",1642907,,,1610612763,93,80,2025-12-23T04:36:11Z,5590000,False,,,0,,C. Coward Free Throw 1 of 2 (10 PTS),[1642907],1610612763.0,MEM,,,,Coward,C. Coward,,,,,,,,Made,,,,,10.0,,,,,,,,,,,,,
565,PT08M36.00S,2025-12-23T04:33:17.3Z,4,REGULAR,substitution,out,[],1641717,,,1610612763,93,80,2025-12-23T04:33:23Z,5600000,False,,,0,,SUB out: C. Wallace,[1641717],1610612760.0,OKC,,,,Wallace,C. Wallace,,,,,,,,,,,,,,,,,,,,,,,,,,
566,PT08M36.00S,2025-12-23T04:33:17.3Z,4,REGULAR,substitution,in,[],1631114,,,1610612763,93,80,2025-12-23T04:33:23Z,5610000,False,,,0,,SUB in: J. Williams,[1631114],1610612760.0,OKC,,,,Williams,J. Williams,,,,,,,,,,,,,,,,,,,,,,,,,,
567,PT08M36.00S,2025-12-23T04:33:16.2Z,4,REGULAR,freethrow,2 of 2,"['fromturnover', 'fastbreak']",1642907,,,1610612763,93,81,2025-12-23T04:36:11Z,5620000,False,,,0,,C. Coward Free Throw 2 of 2 (11 PTS),[1642907],1610612763.0,MEM,,,,Coward,C. Coward,,,,,,,,Made,,,,,11.0,,,,,,,,,,,,,
568,PT08M25.00S,2025-12-23T04:33:52.5Z,4,REGULAR,3pt,Jump Shot,[],1642349,67.49342969776609,61.51960784313726,1610612760,93,81,2025-12-23T04:33:57Z,5630000,False,58.0,253.0,1,right,MISS A. Mitchell 25' pullup 3PT,[1642349],1610612760.0,OKC,pullup,,,Mitchell,A. Mitchell,,,,,Above the Break 3,24+ Center,25.96,Missed,,,,,,,,,,,,,,,,,,
569,PT08M22.00S,2025-12-23T04:33:55.5Z,4,REGULAR,rebound,defensive,[],1641713,,,1610612763,93,81,2025-12-23T04:33:57Z,5640000,False,,,0,,G. Jackson REBOUND (Off:0 Def:1),[1641713],1610612763.0,MEM,,,,Jackson,G. Jackson,,,,,Above the Break 3,24+ Center,,,568.0,1.0,1.0,0.0,,,,,,,,,,,,,,
570,PT08M17.00S,2025-12-23T04:34:00.4Z,4,REGULAR,3pt,Jump Shot,['fastbreak'],1641713,33.722076215505915,50.73529411764706,1610612763,93,81,2025-12-23T04:37:41Z,5650000,False,-4.0,264.0,1,left,MISS G. Jackson 26' running pullup 3PT,[1641713],1610612763.0,MEM,running pullup,,,Jackson,G. Jackson,,,,,Above the Break 3,24+ Center,26.45,Missed,,,,,,,,,,,,,,,,,,
571,PT08M13.00S,2025-12-23T04:34:04.4Z,4,REGULAR,rebound,defensive,[],1631114,,,1610612760,93,81,2025-12-23T04:34:05Z,5660000,False,,,0,,J. Williams REBOUND (Off:2 Def:4),[1631114],1610612760.0,OKC,,,,Williams,J. Williams,,,,,Above the Break 3,24+ Center,,,570.0,6.0,4.0,2.0,,,,,,,,,,,,,,
572,PT08M07.00S,2025-12-23T04:34:10.1Z,4,REGULAR,3pt,Jump Shot,[],1628983,72.7496714848883,80.3921568627451,1610612760,96,81,2025-12-23T04:34:14Z,5670000,False,152.0,204.0,1,right,S. Gilgeous-Alexander 25' 3PT step back (24 PTS),[1628983],1610612760.0,OKC,step back,,,Gilgeous-Alexander,S. Gilgeous-Alexander,,,,,Above the Break 3,24+ Right Center,25.42,Made,,,,,24.0,,,,,,,,,,,,,
573,PT07M57.00S,2025-12-23T04:34:21.5Z,4,REGULAR,3pt,Jump Shot,[],1642907,27.020367936925098,18.137254901960784,1610612763,96,84,2025-12-23T04:40:15Z,5680000,False,159.0,201.0,1,left,C. Coward 25' 3PT pullup (14 PTS) (C. Spencer 7 AST),"[1642907, 1642285]",1610612763.0,MEM,pullup,,,Coward,C. Coward,,,,,Above the Break 3,24+ Right Center,25.69,Made,,,,,14.0,C. Spencer,1642285.0,7.0,,,,,,,,,,
575,PT07M57.00S,2025-12-23T04:34:45.8Z,4,REGULAR,foul,personal,['1freethrow'],1630198,,,1610612763,96,84,2025-12-23T04:40:57Z,5700000,False,,,0,,I. Joe personal FOUL (4 PF) (Jackson Jr. 1 FT),"[1630198, 1628991]",1610612760.0,OKC,,,,Joe,I. Joe,,,,,Mid-Range,16-24 Right,,,,,,,,,,,,,,101284.0,4.0,0.0,Jackson Jr.,1628991.0,,
579,PT07M57.00S,2025-12-23T04:36:43.1Z,4,REGULAR,timeout,full,"['team', 'mandatory']",0,,,1610612763,96,84,2025-12-23T04:36:43Z,5740000,False,,,0,,OKC Timeout,[],1610612760.0,OKC,,,,,,,,,,,,,,,,,,,,,,,,,,,,,,,
581,PT07M57.00S,2025-12-23T04:37:46.7Z,4,REGULAR,substitution,out,[],1642907,,,1610612763,96,84,2025-12-23T04:39:08Z,5760000,False,,,0,,SUB out: C. Coward,[1642907],1610612763.0,MEM,,,,Coward,C. Coward,,,,,,,,,,,,,,,,,,,,,,,,,,
582,PT07M57.00S,2025-12-23T04:37:46.7Z,4,REGULAR,substitution,in,[],203484,,,1610612763,96,84,2025-12-23T04:39:08Z,5770000,False,,,0,,SUB in: K. Caldwell-Pope,[203484],1610612763.0,MEM,,,,Caldwell-Pope,K. Caldwell-Pope,,,,,,,,,,,,,,,,,,,,,,,,,,
583,PT07M57.00S,2025-12-23T04:39:38.9Z,4,REGULAR,freethrow,1 of 1,[],1628991,,,1610612763,96,85,2025-12-23T04:41:46Z,5780000,False,,,0,,J. Jackson Jr. Free Throw 1 of 1 (11 PTS),[1628991],1610612763.0,MEM,,,,Jackson Jr.,J. Jackson Jr.,,,,,,,,Made,,,,,11.0,,,,,,,,,,,,,
584,PT07M45.00S,2025-12-23T04:39:52.0Z,4,REGULAR,3pt,Jump Shot,[],1630198,68.01905387647832,60.78431372549019,1610612760,96,85,2025-12-23T04:40:00Z,5790000,False,54.0,248.0,1,right,MISS I. Joe 25' 3PT,[1630198],1610612760.0,OKC,,,,Joe,I. Joe,,,,,Above the Break 3,24+ Center,25.39,Missed,,,,,,,,,,,,,,,,,,
585,PT07M40.00S,2025-12-23T04:39:57.0Z,4,REGULAR,rebound,defensive,[],203484,,,1610612763,96,85,2025-12-23T04:40:00Z,5800000,False,,,0,,K. Caldwell-Pope REBOUND (Off:1 Def:1),[203484],1610612763.0,MEM,,,,Caldwell-Pope,K. Caldwell-Pope,,,,,Above the Break 3,24+ Center,,,584.0,2.0,1.0,1.0,,,,,,,,,,,,,,
586,PT07M30.00S,2025-12-23T04:40:06.3Z,4,REGULAR,3pt,Jump Shot,[],1641713,12.828515111695138,3.431372549019608,1610612763,96,88,2025-12-23T04:40:10Z,5810000,False,233.0,68.0,1,left,G. Jackson 24' 3PT  (6 PTS) (J. Jackson Jr. 1 AST),"[1641713, 1628991]",1610612763.0,MEM,,,,Jackson,G. Jackson,,,,,Right Corner 3,24+ Right,24.26,Made,,,,,6.0,J. Jackson Jr.,1628991.0,1.0,,,,,,,,,,
588,PT07M17.00S,2025-12-23T04:40:19.4Z,4,REGULAR,3pt,Jump Shot,[],1642382,66.96780551905388,36.27450980392157,1610612760,99,88,2025-12-23T04:40:23Z,5830000,False,-69.0,258.0,1,right,B. Carlson 26' 3PT  (8 PTS) (S. Gilgeous-Alexander 6 AST),"[1642382, 1628983]",1610612760.0,OKC,,,,Carlson,B. Carlson,,,,,Above the Break 3,24+ Center,26.7,Made,,,,,8.0,S. Gilgeous-Alexander,1628983.0,6.0,,,,,,,,,,
590,PT07M02.00S,2025-12-23T04:40:34.1Z,4,REGULAR,3pt,Jump Shot,[],1642285,23.99802890932983,12.254901960784313,1610612763,99,91,2025-12-23T04:46:08Z,5850000,False,189.0,173.0,1,left,C. Spencer 25' 3PT step back (11 PTS) (K. Caldwell-Pope 4 AST),"[1642285, 203484]",1610612763.0,MEM,step back,,,Spencer,C. Spencer,,,,,Above the Break 3,24+ Right Center,25.61,Made,,,,,11.0,K. Caldwell-Pope,203484.0,4.0,,,,,,,,,,
591,PT06M42.00S,2025-12-23T04:40:54.8Z,4,REGULAR,2pt,Layup,['pointsinthepaint'],1631114,92.59198423127464,47.30392156862745,1610612760,101,91,2025-12-23T04:40:58Z,5860000,False,-13.0,17.0,1,right,J. Williams driving Layup (20 PTS) (I. Joe 1 AST),"[1631114, 1630198]",1610612760.0,OKC,driving,,,Williams,J. Williams,,,,,Restricted Area,0-8 Center,2.18,Made,,,,,20.0,I. Joe,1630198.0,1.0,,,,,,,,,,
593,PT06M29.00S,2025-12-23T04:41:11.3Z,4,REGULAR,foul,personal,"['inpenalty', '3freethrow']",1642349,,,1610612763,101,91,2025-12-23T04:41:20Z,5880000,False,,,0,,A. Mitchell shooting personal FOUL (4 PF) (Spencer 3 FT),"[1642349, 1642285]",1610612760.0,OKC,shooting,,,Mitchell,A. Mitchell,,,,,Above the Break 3,24+ Right Center,,,,,,,,,,,,,,1628484.0,4.0,0.0,Spencer,1642285.0,,
595,PT06M29.00S,2025-12-23T04:41:40.3Z,4,REGULAR,freethrow,1 of 3,[],1642285,,,1610612763,101,92,2025-12-23T04:41:40Z,5900000,False,,,0,,C. Spencer Free Throw 1 of 3 (12 PTS),[1642285],1610612763.0,MEM,,,,Spencer,C. Spencer,,,,,,,,Made,,,,,12.0,,,,,,,,,,,,,
596,PT06M29.00S,2025-12-23T04:42:03.9Z,4,REGULAR,freethrow,2 of 3,[],1642285,,,1610612763,101,93,2025-12-23T04:42:03Z,5910000,False,,,0,,C. Spencer Free Throw 2 of 3 (13 PTS),[1642285],1610612763.0,MEM,,,,Spencer,C. Spencer,,,,,,,,Made,,,,,13.0,,,,,,,,,,,,,
597,PT06M29.00S,2025-12-23T04:42:04.6Z,4,REGULAR,substitution,out,[],1630198,,,1610612763,101,93,2025-12-23T04:42:28Z,5920000,False,,,0,,SUB out: I. Joe,[1630198],1610612760.0,OKC,,,,Joe,I. Joe,,,,,,,,,,,,,,,,,,,,,,,,,,
598,PT06M29.00S,2025-12-23T04:42:04.6Z,4,REGULAR,substitution,out,[],1642349,,,1610612763,101,93,2025-12-23T04:42:28Z,5930000,False,,,0,,SUB out: A. Mitchell,[1642349],1610612760.0,OKC,,,,Mitchell,A. Mitchell,,,,,,,,,,,,,,,,,,,,,,,,,,
599,PT06M29.00S,2025-12-23T04:42:04.6Z,4,REGULAR,substitution,out,[],1628991,,,1610612763,101,93,2025-12-23T04:42:28Z,5940000,False,,,0,,SUB out: J. Jackson Jr.,[1628991],1610612763.0,MEM,,,,Jackson Jr.,J. Jackson Jr.,,,,,,,,,,,,,,,,,,,,,,,,,,
600,PT06M29.00S,2025-12-23T04:42:04.6Z,4,REGULAR,substitution,out,[],1629111,,,1610612763,101,93,2025-12-23T04:42:28Z,5950000,False,,,0,,SUB out: J. Landale,[1629111],1610612763.0,MEM,,,,Landale,J. Landale,,,,,,,,,,,,,,,,,,,,,,,,,,
601,PT06M29.00S,2025-12-23T04:42:04.6Z,4,REGULAR,substitution,out,[],1641713,,,1610612763,101,93,2025-12-23T04:42:28Z,5960000,False,,,0,,SUB out: G. Jackson,[1641713],1610612763.0,MEM,,,,Jackson,G. Jackson,,,,,,,,,,,,,,,,,,,,,,,,,,
602,PT06M29.00S,2025-12-23T04:42:04.6Z,4,REGULAR,substitution,in,[],1641717,,,1610612763,101,93,2025-12-23T04:42:28Z,5970000,False,,,0,,SUB in: C. Wallace,[1641717],1610612760.0,OKC,,,,Wallace,C. Wallace,,,,,,,,,,,,,,,,,,,,,,,,,,
603,PT06M29.00S,2025-12-23T04:42:04.6Z,4,REGULAR,substitution,in,[],1629652,,,1610612763,101,93,2025-12-23T04:42:28Z,5980000,False,,,0,,SUB in: L. Dort,[1629652],1610612760.0,OKC,,,,Dort,L. Dort,,,,,,,,,,,,,,,,,,,,,,,,,,
604,PT06M29.00S,2025-12-23T04:42:04.6Z,4,REGULAR,substitution,in,[],1642377,,,1610612763,101,93,2025-12-23T04:42:28Z,5990000,False,,,0,,SUB in: J. Wells,[1642377],1610612763.0,MEM,,,,Wells,J. Wells,,,,,,,,,,,,,,,,,,,,,,,,,,
605,PT06M29.00S,2025-12-23T04:42:04.6Z,4,REGULAR,substitution,in,[],1630583,,,1610612763,101,93,2025-12-23T04:42:28Z,6000000,False,,,0,,SUB in: S. Aldama,[1630583],1610612763.0,MEM,,,,Aldama,S. Aldama,,,,,,,,,,,,,,,,,,,,,,,,,,
606,PT06M29.00S,2025-12-23T04:42:04.6Z,4,REGULAR,substitution,in,[],1631132,,,1610612763,101,93,2025-12-23T04:42:28Z,6010000,False,,,0,,SUB in: C. Koloko,[1631132],1610612763.0,MEM,,,,Koloko,C. Koloko,,,,,,,,,,,,,,,,,,,,,,,,,,
607,PT06M29.00S,2025-12-23T04:42:35.7Z,4,REGULAR,freethrow,3 of 3,[],1642285,,,1610612763,101,94,2025-12-23T04:42:35Z,6020000,False,,,0,,C. Spencer Free Throw 3 of 3 (14 PTS),[1642285],1610612763.0,MEM,,,,Spencer,C. Spencer,,,,,,,,Made,,,,,14.0,,,,,,,,,,,,,
608,PT06M18.00S,2025-12-23T04:42:47.4Z,4,REGULAR,turnover,bad pass,[],1628983,,,1610612760,101,94,2025-12-23T04:42:52Z,6030000,False,,,0,,S. Gilgeous-Alexander bad pass TURNOVER (4 TO),"[1628983, 1642285]",1610612760.0,OKC,,,,Gilgeous-Alexander,S. Gilgeous-Alexander,,,,,Mid-Range,16-24 Center,,,,,,,,,,,4.0,,,,,,,,Spencer,1642285.0
609,PT06M18.00S,2025-12-23T04:42:47.4Z,4,REGULAR,steal,,[],1642285,,,1610612763,101,94,2025-12-23T04:42:49Z,6040000,False,,,0,,C. Spencer STEAL (1 STL),[1642285],1610612763.0,MEM,,,,Spencer,C. Spencer,,,,,Mid-Range,16-24 Center,,,,,,,,,,,,,,,,,,,,
610,PT06M13.00S,2025-12-23T04:42:52.3Z,4,REGULAR,3pt,Jump Shot,"['fromturnover', 'fastbreak']",1642377,25.837713534822605,16.176470588235293,1610612763,101,94,2025-12-23T04:46:46Z,6050000,False,169.0,190.0,1,left,MISS J. Wells 25' running 3PT,[1642377],1610612763.0,MEM,running,,,Wells,J. Wells,,,,,Above the Break 3,24+ Right Center,25.47,Missed,,,,,,,,,,,,,,,,,,
611,PT06M12.00S,2025-12-23T04:42:57.4Z,4,REGULAR,rebound,offensive,['team'],0,,,1610612763,101,94,2025-12-23T04:42:57Z,6060000,False,,,0,,TEAM offensive REBOUND,[],1610612763.0,MEM,,,,,,,,,,Above the Break 3,24+ Right Center,,,610.0,,,,,,,,,,,,,,,,,
613,PT06M12.00S,2025-12-23T04:42:59.2Z,4,REGULAR,substitution,out,[],1642285,,,1610612763,101,94,2025-12-23T04:43:02Z,6080000,False,,,0,,SUB out: C. Spencer,[1642285],1610612763.0,MEM,,,,Spencer,C. Spencer,,,,,,,,,,,,,,,,,,,,,,,,,,
614,PT06M12.00S,2025-12-23T04:42:59.2Z,4,REGULAR,substitution,in,[],1641765,,,1610612763,101,94,2025-12-23T04:43:02Z,6090000,False,,,0,,SUB in: O. Prosper,[1641765],1610612763.0,MEM,,,,Prosper,O. Prosper,,,,,,,,,,,,,,,,,,,,,,,,,,
615,PT06M02.00S,2025-12-23T04:43:25.6Z,4,REGULAR,2pt,Jump Shot,"['fromturnover', '2ndchance']",1630583,7.703679369250986,14.950980392156863,1610612763,101,94,2025-12-23T04:43:31Z,6100000,False,175.0,20.0,1,left,MISS S. Aldama 17' step back Shot,[1630583],1610612763.0,MEM,step back,,,Aldama,S. Aldama,,,,,Mid-Range,16-24 Right,17.63,Missed,,,,,,,,,,,,,,,,,,
616,PT05M58.00S,2025-12-23T04:43:29.6Z,4,REGULAR,rebound,defensive,[],1628983,,,1610612760,101,94,2025-12-23T04:43:31Z,6110000,False,,,0,,S. Gilgeous-Alexander REBOUND (Off:0 Def:8),[1628983],1610612760.0,OKC,,,,Gilgeous-Alexander,S. Gilgeous-Alexander,,,,,Mid-Range,16-24 Right,,,615.0,8.0,8.0,0.0,,,,,,,,,,,,,,
617,PT05M49.00S,2025-12-23T04:43:37.7Z,4,REGULAR,3pt,Jump Shot,[],1631114,75.3777923784494,11.76470588235294,1610612760,101,94,2025-12-23T04:43:42Z,6120000,False,-191.0,179.0,1,right,MISS J. Williams 26' 3PT,[1631114],1610612760.0,OKC,,,,Williams,J. Williams,,,,,Above the Break 3,24+ Left Center,26.18,Missed,,,,,,,,,,,,,,,,,,
618,PT05M46.00S,2025-12-23T04:43:40.7Z,4,REGULAR,rebound,defensive,[],203484,,,1610612763,101,94,2025-12-23T04:43:42Z,6130000,False,,,0,,K. Caldwell-Pope REBOUND (Off:1 Def:2),[203484],1610612763.0,MEM,,,,Caldwell-Pope,K. Caldwell-Pope,,,,,Above the Break 3,24+ Left Center,,,617.0,3.0,2.0,1.0,,,,,,,,,,,,,,
619,PT05M39.00S,2025-12-23T04:43:47.3Z,4,REGULAR,3pt,Jump Shot,[],203484,31.35676741130092,65.44117647058823,1610612763,101,97,2025-12-23T04:43:51Z,6140000,False,-77.0,242.0,1,left,K. Caldwell-Pope 25' 3PT pullup (16 PTS),[203484],1610612763.0,MEM,pullup,,,Caldwell-Pope,K. Caldwell-Pope,,,,,Above the Break 3,24+ Center,25.43,Made,,,,,16.0,,,,,,,,,,,,,
620,PT05M17.00S,2025-12-23T04:44:09.3Z,4,REGULAR,3pt,Jump Shot,[],1628983,66.5735873850197,64.70588235294117,1610612760,104,97,2025-12-23T04:44:13Z,6150000,False,74.0,262.0,1,right,S. Gilgeous-Alexander 27' 3PT step back (27 PTS),[1628983],1610612760.0,OKC,step back,,,Gilgeous-Alexander,S. Gilgeous-Alexander,,,,,Above the Break 3,24+ Center,27.18,Made,,,,,27.0,,,,,,,,,,,,,
621,PT04M57.00S,2025-12-23T04:44:29.6Z,4,REGULAR,3pt,Jump Shot,[],1642377,11.251642575558476,3.6764705882352944,1610612763,104,97,2025-12-23T04:44:34Z,6160000,False,232.0,53.0,1,left,MISS J. Wells 3PT,[1642377],1610612763.0,MEM,,,,Wells,J. Wells,,,,,Right Corner 3,24+ Right,23.77,Missed,,,,,,,,,,,,,,,,,,
622,PT04M55.00S,2025-12-23T04:44:31.6Z,4,REGULAR,rebound,defensive,[],1628983,,,1610612760,104,97,2025-12-23T04:44:34Z,6170000,False,,,0,,S. Gilgeous-Alexander REBOUND (Off:0 Def:9),[1628983],1610612760.0,OKC,,,,Gilgeous-Alexander,S. Gilgeous-Alexander,,,,,Right Corner 3,24+ Right,,,621.0,9.0,9.0,0.0,,,,,,,,,,,,,,
623,PT04M38.00S,2025-12-23T04:44:48.9Z,4,REGULAR,3pt,Jump Shot,[],1642382,95.0886990801577,95.58823529411765,1610612760,107,97,2025-12-23T04:44:53Z,6180000,False,228.0,-6.0,1,right,B. Carlson 3PT  (11 PTS) (S. Gilgeous-Alexander 7 AST),"[1642382, 1628983]",1610612760.0,OKC,,,,Carlson,B. Carlson,,,,,Right Corner 3,24+ Right,22.8,Made,,,,,11.0,S. Gilgeous-Alexander,1628983.0,7.0,,,,,,,,,,
625,PT04M37.00S,2025-12-23T04:44:57.6Z,4,REGULAR,timeout,full,['team'],0,,,1610612763,107,97,2025-12-23T04:46:51Z,6200000,False,,,0,,MEM Timeout,[],1610612763.0,MEM,,,,,,,,,,,,,,,,,,,,,,,,,,,,,,,
627,PT04M37.00S,2025-12-23T04:46:24.9Z,4,REGULAR,substitution,out,[],1642382,,,1610612763,107,97,2025-12-23T04:46:32Z,6210000,False,,,0,,SUB out: B. Carlson,[1642382],1610612760.0,OKC,,,,Carlson,B. Carlson,,,,,,,,,,,,,,,,,,,,,,,,,,
628,PT04M37.00S,2025-12-23T04:46:24.9Z,4,REGULAR,substitution,in,[],1629026,,,1610612763,107,97,2025-12-23T04:46:32Z,6220000,False,,,0,,SUB in: K. Williams,[1629026],1610612760.0,OKC,,,,Williams,K. Williams,,,,,,,,,,,,,,,,,,,,,,,,,,
629,PT04M19.00S,2025-12-23T04:46:45.2Z,4,REGULAR,2pt,Jump Shot,['pointsinthepaint'],1642377,19.530223390275953,37.254901960784316,1610612763,107,99,2025-12-23T04:46:52Z,6230000,False,64.0,131.0,1,left,J. Wells 14' pullup Jump Shot (10 PTS),[1642377],1610612763.0,MEM,pullup,,,Wells,J. Wells,,,,,In The Paint (Non-RA),8-16 Center,14.58,Made,,,,,10.0,,,,,,,,,,,,,
630,PT04M03.00S,2025-12-23T04:47:01.7Z,4,REGULAR,2pt,Layup,['pointsinthepaint'],1631114,91.14651773981603,48.529411764705884,1610612760,109,99,2025-12-23T04:47:05Z,6240000,False,-7.0,31.0,1,right,J. Williams driving finger roll Layup (22 PTS),[1631114],1610612760.0,OKC,driving finger roll,,,Williams,J. Williams,,,,,Restricted Area,0-8 Center,3.16,Made,,,,,22.0,,,,,,,,,,,,,
631,PT03M44.00S,2025-12-23T04:47:19.9Z,4,REGULAR,3pt,Jump Shot,[],1641765,6.521024967148489,4.901960784313726,1610612763,109,99,2025-12-23T04:47:25Z,6250000,False,225.0,9.0,1,left,MISS O. Prosper 3PT,[1641765],1610612763.0,MEM,,,,Prosper,O. Prosper,,,,,Right Corner 3,24+ Right,22.57,Missed,,,,,,,,,,,,,,,,,,
632,PT03M41.00S,2025-12-23T04:47:22.9Z,4,REGULAR,rebound,defensive,[],1629026,,,1610612760,109,99,2025-12-23T04:47:25Z,6260000,False,,,0,,K. Williams REBOUND (Off:0 Def:3),[1629026],1610612760.0,OKC,,,,Williams,K. Williams,,,,,Right Corner 3,24+ Right,,,631.0,3.0,3.0,0.0,,,,,,,,,,,,,,
633,PT03M33.00S,2025-12-23T04:47:44.5Z,4,REGULAR,foul,personal,[],1631132,,,1610612760,109,99,2025-12-23T04:47:49Z,6270000,False,,,0,,C. Koloko personal FOUL (1 PF),"[1631132, 1629026]",1610612763.0,MEM,,,,Koloko,C. Koloko,,,,,Above the Break 3,24+ Right Center,,,,,,,,,,,,,,204058.0,1.0,0.0,Williams,1629026.0,,
635,PT03M33.00S,2025-12-23T04:47:56.4Z,4,REGULAR,timeout,full,['team'],0,,,1610612760,109,99,2025-12-23T04:47:56Z,6290000,False,,,0,,MEM Timeout,[],1610612763.0,MEM,,,,,,,,,,,,,,,,,,,,,,,,,,,,,,,
637,PT03M33.00S,2025-12-23T04:50:00.5Z,4,REGULAR,substitution,out,[],203484,,,1610612760,109,99,2025-12-23T04:50:14Z,6310000,False,,,0,,SUB out: K. Caldwell-Pope,[203484],1610612763.0,MEM,,,,Caldwell-Pope,K. Caldwell-Pope,,,,,,,,,,,,,,,,,,,,,,,,,,
638,PT03M33.00S,2025-12-23T04:50:00.5Z,4,REGULAR,substitution,out,[],1631132,,,1610612760,109,99,2025-12-23T04:50:14Z,6320000,False,,,0,,SUB out: C. Koloko,[1631132],1610612763.0,MEM,,,,Koloko,C. Koloko,,,,,,,,,,,,,,,,,,,,,,,,,,
639,PT03M33.00S,2025-12-23T04:50:00.5Z,4,REGULAR,substitution,in,[],1628991,,,1610612760,109,99,2025-12-23T04:50:14Z,6330000,False,,,0,,SUB in: J. Jackson Jr.,[1628991],1610612763.0,MEM,,,,Jackson Jr.,J. Jackson Jr.,,,,,,,,,,,,,,,,,,,,,,,,,,
640,PT03M33.00S,2025-12-23T04:50:00.5Z,4,REGULAR,substitution,in,[],1642285,,,1610612760,109,99,2025-12-23T04:50:14Z,6340000,False,,,0,,SUB in: C. Spencer,[1642285],1610612763.0,MEM,,,,Spencer,C. Spencer,,,,,,,,,,,,,,,,,,,,,,,,,,
641,PT03M18.00S,2025-12-23T04:50:44.9Z,4,REGULAR,2pt,Jump Shot,[],1628983,74.85216819973719,49.50980392156863,1610612760,111,99,2025-12-23T04:50:54Z,6350000,False,-2.0,184.0,1,right,S. Gilgeous-Alexander 18' step back Jump Shot (29 PTS),[1628983],1610612760.0,OKC,step back,,,Gilgeous-Alexander,S. Gilgeous-Alexander,,,,,Mid-Range,16-24 Center,18.39,Made,,,,,29.0,,,,,,,,,,,,,
642,PT02M58.00S,2025-12-23T04:51:04.4Z,4,REGULAR,2pt,Hook,[],1628991,5.206964520367937,27.450980392156865,1610612763,111,99,2025-12-23T04:51:09Z,6360000,False,113.0,-4.0,1,left,MISS J. Jackson Jr. 11' turnaround Hook,[1628991],1610612763.0,MEM,turnaround,,,Jackson Jr.,J. Jackson Jr.,,,,,Mid-Range,8-16 Right,11.28,Missed,,,,,,,,,,,,,,,,,,
643,PT02M56.00S,2025-12-23T04:51:06.4Z,4,REGULAR,rebound,defensive,[],1628983,,,1610612760,111,99,2025-12-23T04:51:09Z,6370000,False,,,0,,S. Gilgeous-Alexander REBOUND (Off:0 Def:10),[1628983],1610612760.0,OKC,,,,Gilgeous-Alexander,S. Gilgeous-Alexander,,,,,Mid-Range,8-16 Right,,,642.0,10.0,10.0,0.0,,,,,,,,,,,,,,
644,PT02M46.00S,2025-12-23T04:51:18.3Z,4,REGULAR,2pt,Layup,['pointsinthepaint'],1628983,92.9862023653088,47.794117647058826,1610612760,113,99,2025-12-23T04:51:21Z,6380000,False,-11.0,13.0,1,right,S. Gilgeous-Alexander driving Layup (31 PTS),[1628983],1610612760.0,OKC,driving,,,Gilgeous-Alexander,S. Gilgeous-Alexander,,,,,Restricted Area,0-8 Center,1.73,Made,,,,,31.0,,,,,,,,,,,,,
645,PT02M25.00S,2025-12-23T04:51:38.1Z,4,REGULAR,2pt,Jump Shot,['pointsinthepaint'],1642285,10.85742444152431,51.470588235294116,1610612763,113,99,2025-12-23T04:52:12Z,6390000,False,-7.0,50.0,1,left,MISS C. Spencer driving floating Shot,[1642285],1610612763.0,MEM,driving floating,,,Spencer,C. Spencer,,,,,In The Paint (Non-RA),0-8 Center,5.01,Missed,,,,,,,,,,,,,,,,,,
646,PT02M23.00S,2025-12-23T04:51:40.1Z,4,REGULAR,rebound,defensive,[],1629026,,,1610612760,113,99,2025-12-23T04:51:42Z,6400000,False,,,0,,K. Williams REBOUND (Off:0 Def:4),[1629026],1610612760.0,OKC,,,,Williams,K. Williams,,,,,In The Paint (Non-RA),0-8 Center,,,645.0,4.0,4.0,0.0,,,,,,,,,,,,,,
647,PT02M08.00S,2025-12-23T04:51:55.3Z,4,REGULAR,turnover,bad pass,[],1628983,,,1610612760,113,99,2025-12-23T04:51:59Z,6410000,False,,,0,,S. Gilgeous-Alexander bad pass TURNOVER (5 TO),"[1628983, 1642377]",1610612760.0,OKC,,,,Gilgeous-Alexander,S. Gilgeous-Alexander,,,,,Mid-Range,16-24 Center,,,,,,,,,,,5.0,,,,,,,,Wells,1642377.0
648,PT02M08.00S,2025-12-23T04:51:55.3Z,4,REGULAR,steal,,[],1642377,,,1610612763,113,99,2025-12-23T04:51:57Z,6420000,False,,,0,,J. Wells STEAL (3 STL),[1642377],1610612763.0,MEM,,,,Wells,J. Wells,,,,,Mid-Range,16-24 Center,,,,,,,,,,,,,,,,,,,,
649,PT02M04.00S,2025-12-23T04:52:00.1Z,4,REGULAR,turnover,bad pass,[],1642377,,,1610612763,113,99,2025-12-23T04:52:05Z,6430000,False,,,0,,J. Wells bad pass TURNOVER (5 TO),"[1642377, 1628983]",1610612763.0,MEM,,,,Wells,J. Wells,,,,,Above the Break 3,24+ Right Center,,,,,,,,,,,5.0,,,,,,,,Gilgeous-Alexander,1628983.0
650,PT02M04.00S,2025-12-23T04:52:00.1Z,4,REGULAR,steal,,[],1628983,,,1610612760,113,99,2025-12-23T04:52:04Z,6440000,False,,,0,,S. Gilgeous-Alexander STEAL (4 STL),[1628983],1610612760.0,OKC,,,,Gilgeous-Alexander,S. Gilgeous-Alexander,,,,,Above the Break 3,24+ Right Center,,,,,,,,,,,,,,,,,,,,
651,PT01M52.00S,2025-12-23T04:52:12.0Z,4,REGULAR,2pt,Jump Shot,"['pointsinthepaint', 'fromturnover']",1631114,82.47371879106439,62.254901960784316,1610612760,115,99,2025-12-23T04:52:21Z,6450000,False,61.0,112.0,1,right,J. Williams 12' pullup Jump Shot (24 PTS) (S. Gilgeous-Alexander 8 AST),"[1631114, 1628983]",1610612760.0,OKC,pullup,,,Williams,J. Williams,,,,,In The Paint (Non-RA),8-16 Center,12.79,Made,,,,,24.0,S. Gilgeous-Alexander,1628983.0,8.0,,,,,,,,,,
653,PT01M51.00S,2025-12-23T04:52:21.4Z,4,REGULAR,timeout,full,['team'],0,,,1610612763,115,99,2025-12-23T04:52:21Z,6470000,False,,,0,,MEM Timeout,[],1610612763.0,MEM,,,,,,,,,,,,,,,,,,,,,,,,,,,,,,,
654,PT01M51.00S,2025-12-23T04:52:56.4Z,4,REGULAR,substitution,out,[],1628983,,,1610612763,115,99,2025-12-23T04:53:46Z,6480000,False,,,0,,SUB out: S. Gilgeous-Alexander,[1628983],1610612760.0,OKC,,,,Gilgeous-Alexander,S. Gilgeous-Alexander,,,,,,,,,,,,,,,,,,,,,,,,,,
655,PT01M51.00S,2025-12-23T04:52:56.4Z,4,REGULAR,substitution,out,[],1629652,,,1610612763,115,99,2025-12-23T04:53:46Z,6490000,False,,,0,,SUB out: L. Dort,[1629652],1610612760.0,OKC,,,,Dort,L. Dort,,,,,,,,,,,,,,,,,,,,,,,,,,
656,PT01M51.00S,2025-12-23T04:52:56.4Z,4,REGULAR,substitution,out,[],1631114,,,1610612763,115,99,2025-12-23T04:53:46Z,6500000,False,,,0,,SUB out: J. Williams,[1631114],1610612760.0,OKC,,,,Williams,J. Williams,,,,,,,,,,,,,,,,,,,,,,,,,,
657,PT01M51.00S,2025-12-23T04:52:56.4Z,4,REGULAR,substitution,out,[],1630583,,,1610612763,115,99,2025-12-23T04:53:46Z,6510000,False,,,0,,SUB out: S. Aldama,[1630583],1610612763.0,MEM,,,,Aldama,S. Aldama,,,,,,,,,,,,,,,,,,,,,,,,,,
658,PT01M51.00S,2025-12-23T04:52:56.4Z,4,REGULAR,substitution,out,[],1641765,,,1610612763,115,99,2025-12-23T04:53:46Z,6520000,False,,,0,,SUB out: O. Prosper,[1641765],1610612763.0,MEM,,,,Prosper,O. Prosper,,,,,,,,,,,,,,,,,,,,,,,,,,
659,PT01M51.00S,2025-12-23T04:52:56.4Z,4,REGULAR,substitution,in,[],1630198,,,1610612763,115,99,2025-12-23T04:53:46Z,6530000,False,,,0,,SUB in: I. Joe,[1630198],1610612760.0,OKC,,,,Joe,I. Joe,,,,,,,,,,,,,,,,,,,,,,,,,,
660,PT01M51.00S,2025-12-23T04:52:56.4Z,4,REGULAR,substitution,in,[],1642959,,,1610612763,115,99,2025-12-23T04:53:46Z,6540000,False,,,0,,SUB in: C. Youngblood,[1642959],1610612760.0,OKC,,,,Youngblood,C. Youngblood,,,,,,,,,,,,,,,,,,,,,,,,,,
661,PT01M51.00S,2025-12-23T04:52:56.4Z,4,REGULAR,substitution,in,[],1642964,,,1610612763,115,99,2025-12-23T04:53:46Z,6550000,False,,,0,,SUB in: B. Barnhizer,[1642964],1610612760.0,OKC,,,,Barnhizer,B. Barnhizer,,,,,,,,,,,,,,,,,,,,,,,,,,
662,PT01M51.00S,2025-12-23T04:52:56.4Z,4,REGULAR,substitution,in,[],1642907,,,1610612763,115,99,2025-12-23T04:53:46Z,6560000,False,,,0,,SUB in: C. Coward,[1642907],1610612763.0,MEM,,,,Coward,C. Coward,,,,,,,,,,,,,,,,,,,,,,,,,,
663,PT01M51.00S,2025-12-23T04:52:56.4Z,4,REGULAR,substitution,in,[],1629111,,,1610612763,115,99,2025-12-23T04:53:46Z,6570000,False,,,0,,SUB in: J. Landale,[1629111],1610612763.0,MEM,,,,Landale,J. Landale,,,,,,,,,,,,,,,,,,,,,,,,,,
664,PT01M44.00S,2025-12-23T04:53:59.3Z,4,REGULAR,2pt,DUNK,['pointsinthepaint'],1642377,6.1268068331143235,49.50980392156863,1610612763,115,101,2025-12-23T04:54:05Z,6580000,False,2.0,5.0,1,left,J. Wells driving DUNK (12 PTS) (C. Spencer 8 AST),"[1642377, 1642285]",1610612763.0,MEM,driving,,,Wells,J. Wells,,,,,Restricted Area,0-8 Center,0.57,Made,,,,,12.0,C. Spencer,1642285.0,8.0,,,,,,,,,,
666,PT01M36.00S,2025-12-23T04:54:12.1Z,4,REGULAR,2pt,Jump Shot,['pointsinthepaint'],1641717,89.96386333771353,62.745098039215684,1610612760,117,101,2025-12-23T04:54:18Z,6600000,False,64.0,42.0,1,right,C. Wallace 7' driving floating Jump Shot (8 PTS) (B. Barnhizer 1 AST),"[1641717, 1642964]",1610612760.0,OKC,driving floating,,,Wallace,C. Wallace,,,,,In The Paint (Non-RA),0-8 Center,7.62,Made,,,,,8.0,B. Barnhizer,1642964.0,1.0,,,,,,,,,,
668,PT01M25.00S,2025-12-23T04:54:24.8Z,4,REGULAR,3pt,Jump Shot,[],1642907,2.1846254927726676,96.07843137254902,1610612763,117,101,2025-12-23T04:54:29Z,6620000,False,-230.0,-32.0,1,left,MISS C. Coward 3PT,[1642907],1610612763.0,MEM,,,,Coward,C. Coward,,,,,Left Corner 3,24+ Left,23.26,Missed,,,,,,,,,,,,,,,,,,
669,PT01M21.00S,2025-12-23T04:54:28.8Z,4,REGULAR,rebound,defensive,[],1629026,,,1610612760,117,101,2025-12-23T04:54:29Z,6630000,False,,,0,,K. Williams REBOUND (Off:0 Def:5),[1629026],1610612760.0,OKC,,,,Williams,K. Williams,,,,,Left Corner 3,24+ Left,,,668.0,5.0,5.0,0.0,,,,,,,,,,,,,,
670,PT01M13.00S,2025-12-23T04:54:37.5Z,4,REGULAR,3pt,Jump Shot,[],1642959,95.87713534822602,95.58823529411765,1610612760,117,101,2025-12-23T04:56:24Z,6640000,False,228.0,-14.0,1,right,MISS C. Youngblood 3PT,[1642959],1610612760.0,OKC,,,,Youngblood,C. Youngblood,,,,,Right Corner 3,24+ Right,22.83,Missed,,,,,,,,,,,,,,,,,,
671,PT01M11.00S,2025-12-23T04:54:39.5Z,4,REGULAR,rebound,offensive,[],1629026,,,1610612760,117,101,2025-12-23T04:56:24Z,6650000,False,,,0,,K. Williams REBOUND (Off:1 Def:5),[1629026],1610612760.0,OKC,,,,Williams,K. Williams,,,,,Right Corner 3,24+ Right,,,670.0,6.0,5.0,1.0,,,,,,,,,,,,,,
672,PT01M11.00S,2025-12-23T04:54:44.6Z,4,REGULAR,2pt,DUNK,"['2ndchance', 'pointsinthepaint']",1629026,94.40999984741211,50.0,1610612760,119,101,2025-12-23T04:56:28Z,6660000,False,0.0,0.0,1,right,K. Williams tip DUNK (11 PTS),[1629026],1610612760.0,OKC,tip,,,Williams,K. Williams,,,,,Restricted Area,0-8 Center,0.0,Made,,,,,11.0,,,,,,,,,,,,,
673,PT01M00.00S,2025-12-23T04:54:53.2Z,4,REGULAR,3pt,Jump Shot,[],1642377,6.389618922470433,96.32352941176471,1610612763,119,101,2025-12-23T04:54:59Z,6670000,False,-232.0,8.0,1,left,MISS J. Wells 3PT,[1642377],1610612763.0,MEM,,,,Wells,J. Wells,,,,,Left Corner 3,24+ Left,23.17,Missed,,,,,,,,,,,,,,,,,,
674,PT00M57.90S,2025-12-23T04:54:56.9Z,4,REGULAR,rebound,offensive,[],1642907,,,1610612763,119,101,2025-12-23T04:54:56Z,6680000,False,,,0,,C. Coward REBOUND (Off:3 Def:5),[1642907],1610612763.0,MEM,,,,Coward,C. Coward,,,,,Left Corner 3,24+ Left,,,673.0,8.0,5.0,3.0,,,,,,,,,,,,,,
675,PT00M57.90S,2025-12-23T04:54:57.5Z,4,REGULAR,2pt,Layup,"['pointsinthepaint', '2ndchance']",1642907,5.732588699080158,49.50980392156863,1610612763,119,103,2025-12-23T04:55:02Z,6690000,False,2.0,1.0,1,left,C. Coward putback Layup (16 PTS),[1642907],1610612763.0,MEM,putback,,,Coward,C. Coward,,,,,Restricted Area,0-8 Center,0.29,Made,,,,,16.0,,,,,,,,,,,,,
676,PT00M50.20S,2025-12-23T04:55:12.2Z,4,REGULAR,foul,personal,[],1628991,,,1610612760,119,103,2025-12-23T04:57:20Z,6700000,False,,,0,,J. Jackson Jr. take personal FOUL (2 PF),"[1628991, 1641717]",1610612763.0,MEM,take,,,Jackson Jr.,J. Jackson Jr.,,,,,Mid-Range,8-16 Right,,,,,,,,,,,,,,1628484.0,2.0,0.0,Wallace,1641717.0,,
678,PT00M50.20S,2025-12-23T04:55:26.0Z,4,REGULAR,substitution,out,[],1628991,,,1610612760,119,103,2025-12-23T04:55:40Z,6720000,False,,,0,,SUB out: J. Jackson Jr.,[1628991],1610612763.0,MEM,,,,Jackson Jr.,J. Jackson Jr.,,,,,,,,,,,,,,,,,,,,,,,,,,
679,PT00M50.20S,2025-12-23T04:55:26.0Z,4,REGULAR,substitution,out,[],1642285,,,1610612760,119,103,2025-12-23T04:55:40Z,6730000,False,,,0,,SUB out: C. Spencer,[1642285],1610612763.0,MEM,,,,Spencer,C. Spencer,,,,,,,,,,,,,,,,,,,,,,,,,,
680,PT00M50.20S,2025-12-23T04:55:26.0Z,4,REGULAR,substitution,out,[],1642907,,,1610612760,119,103,2025-12-23T04:55:40Z,6740000,False,,,0,,SUB out: C. Coward,[1642907],1610612763.0,MEM,,,,Coward,C. Coward,,,,,,,,,,,,,,,,,,,,,,,,,,
681,PT00M50.20S,2025-12-23T04:55:26.0Z,4,REGULAR,substitution,out,[],1629111,,,1610612760,119,103,2025-12-23T04:55:40Z,6750000,False,,,0,,SUB out: J. Landale,[1629111],1610612763.0,MEM,,,,Landale,J. Landale,,,,,,,,,,,,,,,,,,,,,,,,,,
682,PT00M50.20S,2025-12-23T04:55:26.0Z,4,REGULAR,substitution,in,[],1631132,,,1610612760,119,103,2025-12-23T04:55:40Z,6760000,False,,,0,,SUB in: C. Koloko,[1631132],1610612763.0,MEM,,,,Koloko,C. Koloko,,,,,,,,,,,,,,,,,,,,,,,,,,
683,PT00M50.20S,2025-12-23T04:55:26.0Z,4,REGULAR,substitution,in,[],1641765,,,1610612760,119,103,2025-12-23T04:55:40Z,6770000,False,,,0,,SUB in: O. Prosper,[1641765],1610612763.0,MEM,,,,Prosper,O. Prosper,,,,,,,,,,,,,,,,,,,,,,,,,,
684,PT00M50.20S,2025-12-23T04:55:26.0Z,4,REGULAR,substitution,in,[],1642942,,,1610612760,119,103,2025-12-23T04:55:40Z,6780000,False,,,0,,SUB in: J. Mashack,[1642942],1610612763.0,MEM,,,,Mashack,J. Mashack,,,,,,,,,,,,,,,,,,,,,,,,,,
685,PT00M50.20S,2025-12-23T04:55:26.0Z,4,REGULAR,substitution,in,[],1641713,,,1610612760,119,103,2025-12-23T04:55:40Z,6790000,False,,,0,,SUB in: G. Jackson,[1641713],1610612763.0,MEM,,,,Jackson,G. Jackson,,,,,,,,,,,,,,,,,,,,,,,,,,
686,PT00M40.60S,2025-12-23T04:55:53.6Z,4,REGULAR,2pt,Layup,['pointsinthepaint'],1642964,92.19776609724047,38.23529411764706,1610612760,119,103,2025-12-23T04:56:01Z,6800000,False,-59.0,21.0,1,right,MISS B. Barnhizer 6' driving Layup - blocked,"[1642964, 1642377]",1610612760.0,OKC,driving,,,Barnhizer,B. Barnhizer,,,,,In The Paint (Non-RA),0-8 Center,6.24,Missed,,,,,,,,,,Wells,1642377.0,,,,,,,
687,PT00M40.60S,2025-12-23T04:55:53.6Z,4,REGULAR,block,,[],1642377,,,1610612760,119,103,2025-12-23T04:55:55Z,6810000,False,,,0,,J. Wells BLOCK (1 BLK),[1642377],1610612763.0,MEM,,,,Wells,J. Wells,,,,,In The Paint (Non-RA),0-8 Center,,,,,,,,,,,,,,,,,,,,
688,PT00M35.50S,2025-12-23T04:55:58.7Z,4,REGULAR,rebound,offensive,[],1641717,,,1610612760,119,103,2025-12-23T04:56:01Z,6820000,False,,,0,,C. Wallace REBOUND (Off:1 Def:2),[1641717],1610612760.0,OKC,,,,Wallace,C. Wallace,,,,,In The Paint (Non-RA),0-8 Center,,,686.0,3.0,2.0,1.0,,,,,,,,,,,,,,
689,PT00M35.10S,2025-12-23T04:55:59.2Z,4,REGULAR,2pt,Layup,"['pointsinthepaint', '2ndchance']",1641717,91.27792378449409,48.529411764705884,1610612760,119,103,2025-12-23T04:58:44Z,6830000,False,-7.0,29.0,1,right,MISS C. Wallace putback Layup - blocked,"[1641717, 1631132]",1610612760.0,OKC,putback,,,Wallace,C. Wallace,,,,,Restricted Area,0-8 Center,3.04,Missed,,,,,,,,,,Koloko,1631132.0,,,,,,,
690,PT00M35.10S,2025-12-23T04:55:59.2Z,4,REGULAR,block,,[],1631132,,,1610612760,119,103,2025-12-23T04:56:01Z,6840000,False,,,0,,C. Koloko BLOCK (1 BLK),[1631132],1610612763.0,MEM,,,,Koloko,C. Koloko,,,,,Restricted Area,0-8 Center,,,,,,,,,,,,,,,,,,,,
691,PT00M35.10S,2025-12-23T04:55:59.2Z,4,REGULAR,rebound,defensive,[],1641713,,,1610612763,119,103,2025-12-23T04:56:06Z,6850000,False,,,0,,G. Jackson REBOUND (Off:0 Def:2),[1641713],1610612763.0,MEM,,,,Jackson,G. Jackson,,,,,Restricted Area,0-8 Center,,,689.0,2.0,2.0,0.0,,,,,,,,,,,,,,
693,PT00M14.50S,2025-12-23T04:56:40.3Z,4,REGULAR,2pt,Jump Shot,[],1641713,20.581471747700395,56.372549019607845,1610612763,119,103,2025-12-23T04:59:26Z,6870000,False,-32.0,141.0,1,left,MISS G. Jackson 14' pullup Shot,[1641713],1610612763.0,MEM,pullup,,,Jackson,G. Jackson,,,,,Mid-Range,8-16 Center,14.46,Missed,,,,,,,,,,,,,,,,,,
694,PT00M12.20S,2025-12-23T04:56:42.6Z,4,REGULAR,rebound,defensive,[],1642964,,,1610612760,119,103,2025-12-23T04:56:44Z,6880000,False,,,0,,B. Barnhizer REBOUND (Off:0 Def:3),[1642964],1610612760.0,OKC,,,,Barnhizer,B. Barnhizer,,,,,Mid-Range,8-16 Center,,,693.0,3.0,3.0,0.0,,,,,,,,,,,,,,
695,PT00M00.00S,2025-12-23T04:57:04.1Z,4,REGULAR,period,end,[],0,,,1610612760,119,103,2025-12-23T04:57:04Z,6890000,False,,,0,,Period End,[],,,,,,,,,,,,,,,,,,,,,,,,,,,,,,,,,
696,PT00M00.00S,2025-12-23T04:57:06.7Z,4,REGULAR,game,end,[],0,,,0,119,103,2025-12-23T04:57:06Z,6900000,False,,,0,,Game End,[],,,,,,,,,,,,,,,,,,,,,,,,,,,,,,,,,
