actionNumber,clock,timeActual,period,periodType,actionType,subType,qualifiers,personId,x,y,possession,scoreHome,scoreAway,edited,orderNumber,isTargetScoreLastPeriod,xLegacy,yLegacy,isFieldGoal,side,description,personIdsFilter,teamId,teamTricode,descriptor,jumpBallRecoveredName,jumpBallRecoverdPersonId,playerName,playerNameI,jumpBallWonPlayerName,jumpBallWonPersonId,jumpBallLostPlayerName,jumpBallLostPersonId,area,areaDetail,shotDistance,shotResult,shotActionNumber,reboundTotal,reboundDefensiveTotal,reboundOffensiveTotal,officialId,turnoverTotal,pointsTotal,stealPlayerName,stealPersonId,assistPlayerNameInitial,assistPersonId,assistTotal,foulPersonalTotal,foulTechnicalTotal,foulDrawnPlayerName,foulDrawnPersonId,blockPlayerName,blockPersonId
2,PT12M00.00S,2024-11-23T01:11:08.1Z,1,REGULAR,period,start,[],0,,,0,0,0,2024-11-23T01:11:08Z,20000,False,,,0,,Period Start,[],,,,,,,,,,,,,,,,,,,,,,,,,,,,,,,,,
4,PT11M56.00S,2024-11-23T01:11:11.0Z,1,REGULAR,jumpball,recovered,[],1631101,,,1610612757,0,0,2024-11-23T01:11:11Z,40000,False,,,0,,Jump Ball D. Clingan vs. A. Sengun: Tip to S. Sharpe,"[1631101, 1642270, 1630578]",1610612757.0,POR,startperiod,S. Sharpe,1631101.0,Sharpe,S. Sharpe,Clingan,1642270.0,Sengun,1630578.0,,,,,,,,,,,,,,,,,,,,,,
7,PT11M42.00S,2024-11-23T01:11:24.6Z,1,REGULAR,3pt,Jump Shot,[],1641739,23.603810775295663,12.5,1610612757,0,0,2024-11-23T01:11:29Z,70000,False,188.0,169.0,1,left,MISS T. Camara 25' 3PT,[1641739],1610612757.0,POR,,,,Camara,T. Camara,,,,,Above the Break 3,24+ Right Center,25.27,Missed,,,,,,,,,,,,,,,,,,
8,PT11M40.00S,2024-11-23T01:11:26.6Z,1,REGULAR,rebound,defensive,[],1628415,,,1610612745,0,0,2024-11-23T01:11:29Z,80000,False,,,0,,D. Brooks REBOUND (Off:0 Def:1),[1628415],1610612745.0,HOU,,,,Brooks,D. Brooks,,,,,Above the Break 3,24+ Right Center,,,7.0,1.0,1.0,0.0,,,,,,,,,,,,,,
9,PT11M30.00S,2024-11-23T01:11:37.9Z,1,REGULAR,turnover,out-of-bounds,[],1630578,,,1610612745,0,0,2024-11-23T01:11:54Z,90000,False,,,0,,A. Sengun bad pass out-of-bounds TURNOVER (1 TO),[1630578],1610612745.0,HOU,bad pass,,,Sengun,A. Sengun,,,,,Above the Break 3,24+ Left Center,,,,,,,202901.0,1.0,,,,,,,,,,,,
10,PT11M11.00S,2024-11-23T01:12:10.0Z,1,REGULAR,2pt,Layup,"['pointsinthepaint', 'fromturnover']",1642270,7.835085413929041,53.92156862745098,1610612757,0,0,2024-11-23T01:12:43Z,100000,False,-20.0,21.0,1,left,MISS D. Clingan Layup,[1642270],1610612757.0,POR,,,,Clingan,D. Clingan,,,,,Restricted Area,0-8 Center,2.88,Missed,,,,,,,,,,,,,,,,,,
11,PT11M09.00S,2024-11-23T01:12:12.0Z,1,REGULAR,rebound,offensive,[],1642270,,,1610612757,0,0,2024-11-23T01:12:15Z,110000,False,,,0,,D. Clingan REBOUND (Off:1 Def:0),[1642270],1610612757.0,POR,,,,Clingan,D. Clingan,,,,,Restricted Area,0-8 Center,,,10.0,1.0,0.0,1.0,,,,,,,,,,,,,,
12,PT11M04.00S,2024-11-23T01:12:17.5Z,1,REGULAR,3pt,Jump Shot,"['fromturnover', '2ndchance']",1631101,32.40801576872536,73.2843137254902,1610612757,0,3,2024-11-23T01:12:23Z,120000,False,-116.0,252.0,1,left,S. Sharpe 27' 3PT step back (3 PTS),[1631101],1610612757.0,POR,step back,,,Sharpe,S. Sharpe,,,,,Above the Break 3,24+ Left Center,27.77,Made,,,,,,,3.0,,,,,,,,,,,
13,PT10M44.00S,2024-11-23T01:12:36.7Z,1,REGULAR,turnover,bad pass,[],1630578,,,1610612745,0,3,2024-11-23T01:12:40Z,130000,False,,,0,,A. Sengun bad pass TURNOVER (2 TO),"[1630578, 1629014]",1610612745.0,HOU,,,,Sengun,A. Sengun,,,,,In The Paint (Non-RA),0-8 Center,,,,,,,,2.0,,Simons,1629014.0,,,,,,,,,
14,PT10M44.00S,2024-11-23T01:12:36.7Z,1,REGULAR,steal,,[],1629014,,,1610612757,0,3,2024-11-23T01:12:38Z,140000,False,,,0,,A. Simons STEAL (1 STL),[1629014],1610612757.0,POR,,,,Simons,A. Simons,,,,,In The Paint (Non-RA),0-8 Center,,,,,,,,,,,,,,,,,,,,
15,PT10M29.00S,2024-11-23T01:12:51.7Z,1,REGULAR,3pt,Jump Shot,['fromturnover'],203924,25.706307490144546,14.460784313725492,1610612757,0,3,2024-11-23T01:12:56Z,150000,False,178.0,189.0,1,left,MISS J. Grant 25' 3PT,[203924],1610612757.0,POR,,,,Grant,J. Grant,,,,,Above the Break 3,24+ Right Center,25.95,Missed,,,,,,,,,,,,,,,,,,
16,PT10M27.00S,2024-11-23T01:12:53.7Z,1,REGULAR,rebound,defensive,[],1631095,,,1610612745,0,3,2024-11-23T01:12:56Z,160000,False,,,0,,J. Smith Jr. REBOUND (Off:0 Def:1),[1631095],1610612745.0,HOU,,,,Smith Jr.,J. Smith Jr.,,,,,Above the Break 3,24+ Right Center,,,15.0,1.0,1.0,0.0,,,,,,,,,,,,,,
17,PT10M18.00S,2024-11-23T01:13:02.8Z,1,REGULAR,3pt,Jump Shot,[],1630578,66.96780551905388,63.48039215686274,1610612745,0,3,2024-11-23T01:13:09Z,170000,False,67.0,258.0,1,right,MISS A. Sengun 26' 3PT,[1630578],1610612745.0,HOU,,,,Sengun,A. Sengun,,,,,Above the Break 3,24+ Center,26.67,Missed,,,,,,,,,,,,,,,,,,
18,PT10M17.00S,2024-11-23T01:13:03.8Z,1,REGULAR,rebound,defensive,['team'],0,,,1610612757,0,3,2024-11-23T01:13:09Z,180000,False,,,0,,TEAM defensive REBOUND,[],1610612757.0,POR,,,,,,,,,,Above the Break 3,24+ Center,,,17.0,,,,,,,,,,,,,,,,,
20,PT10M05.00S,2024-11-23T01:13:23.2Z,1,REGULAR,turnover,lost ball,[],1629014,,,1610612757,0,3,2024-11-23T01:13:27Z,200000,False,,,0,,A. Simons lost ball TURNOVER (1 TO),"[1629014, 1630578]",1610612757.0,POR,,,,Simons,A. Simons,,,,,In The Paint (Non-RA),0-8 Center,,,,,,,,1.0,,Sengun,1630578.0,,,,,,,,,
21,PT10M05.00S,2024-11-23T01:13:23.2Z,1,REGULAR,steal,,[],1630578,,,1610612745,0,3,2024-11-23T01:14:47Z,210000,False,,,0,,A. Sengun STEAL (1 STL),[1630578],1610612745.0,HOU,,,,Sengun,A. Sengun,,,,,In The Paint (Non-RA),0-8 Center,,,,,,,,,,,,,,,,,,,,
22,PT09M58.00S,2024-11-23T01:13:29.7Z,1,REGULAR,turnover,lost ball,[],1628415,,,1610612745,0,3,2024-11-23T01:13:33Z,220000,False,,,0,,D. Brooks lost ball TURNOVER (1 TO),"[1628415, 1641739]",1610612745.0,HOU,,,,Brooks,D. Brooks,,,,,Mid-Range,8-16 Left,,,,,,,,1.0,,Camara,1641739.0,,,,,,,,,
23,PT09M58.00S,2024-11-23T01:13:29.7Z,1,REGULAR,steal,,[],1641739,,,1610612757,0,3,2024-11-23T01:13:31Z,230000,False,,,0,,T. Camara STEAL (1 STL),[1641739],1610612757.0,POR,,,,Camara,T. Camara,,,,,Mid-Range,8-16 Left,,,,,,,,,,,,,,,,,,,,
24,PT09M45.00S,2024-11-23T01:13:42.5Z,1,REGULAR,3pt,Jump Shot,['fromturnover'],1642270,32.40801576872536,40.68627450980392,1610612757,0,6,2024-11-23T01:13:47Z,240000,False,47.0,252.0,1,left,D. Clingan 25' 3PT  (3 PTS) (J. Grant 1 AST),"[1642270, 203924]",1610612757.0,POR,,,,Clingan,D. Clingan,,,,,Above the Break 3,24+ Center,25.64,Made,,,,,,,3.0,,,J. Grant,203924.0,1.0,,,,,,
26,PT09M20.00S,2024-11-23T01:14:08.1Z,1,REGULAR,3pt,Jump Shot,[],1631095,68.67608409986859,28.676470588235293,1610612745,0,6,2024-11-23T01:14:11Z,260000,False,-107.0,242.0,1,right,MISS J. Smith Jr. 26' 3PT,[1631095],1610612745.0,HOU,,,,Smith Jr.,J. Smith Jr.,,,,,Above the Break 3,24+ Left Center,26.43,Missed,,,,,,,,,,,,,,,,,,
27,PT09M18.00S,2024-11-23T01:14:10.1Z,1,REGULAR,rebound,defensive,[],1642270,,,1610612757,0,6,2024-11-23T01:14:11Z,270000,False,,,0,,D. Clingan REBOUND (Off:1 Def:1),[1642270],1610612757.0,POR,,,,Clingan,D. Clingan,,,,,Above the Break 3,24+ Left Center,,,26.0,2.0,1.0,1.0,,,,,,,,,,,,,,
28,PT09M09.00S,2024-11-23T01:14:19.0Z,1,REGULAR,2pt,DUNK,['pointsinthepaint'],1642270,5.863994743758213,45.83333333333333,1610612757,0,8,2024-11-23T01:14:24Z,280000,False,21.0,3.0,1,left,D. Clingan alley-oop DUNK (5 PTS) (J. Grant 2 AST),"[1642270, 203924]",1610612757.0,POR,alley-oop,,,Clingan,D. Clingan,,,,,Restricted Area,0-8 Center,2.1,Made,,,,,,,5.0,,,J. Grant,203924.0,2.0,,,,,,
30,PT08M58.00S,2024-11-23T01:14:32.4Z,1,REGULAR,foul,personal,[],1641739,,,1610612745,0,8,2024-11-23T01:14:42Z,300000,False,,,0,,T. Camara personal FOUL (1 PF),"[1641739, 1630578]",1610612757.0,POR,,,,Camara,T. Camara,,,,,In The Paint (Non-RA),8-16 Center,,,,,,,203591.0,,,,,,,,1.0,0.0,Sengun,1630578.0,,
34,PT08M46.00S,2024-11-23T01:15:05.1Z,1,REGULAR,3pt,Jump Shot,[],1630224,72.48685939553219,15.686274509803921,1610612745,0,8,2024-11-23T01:20:18Z,340000,False,-172.0,206.0,1,right,MISS J. Green 26' 3PT,[1630224],1610612745.0,HOU,,,,Green,J. Green,,,,,Above the Break 3,24+ Left Center,26.82,Missed,,,,,,,,,,,,,,,,,,
35,PT08M44.00S,2024-11-23T01:15:07.1Z,1,REGULAR,rebound,offensive,['team'],0,,,1610612745,0,8,2024-11-23T01:15:16Z,350000,False,,,0,,TEAM offensive REBOUND,[],1610612745.0,HOU,,,,,,,,,,Above the Break 3,24+ Left Center,,,34.0,,,,,,,,,,,,,,,,,
37,PT08M42.00S,2024-11-23T01:15:23.7Z,1,REGULAR,3pt,Jump Shot,['2ndchance'],1630224,92.32917214191852,4.901960784313726,1610612745,0,8,2024-11-23T01:15:29Z,370000,False,-225.0,20.0,1,right,MISS J. Green 3PT,[1630224],1610612745.0,HOU,,,,Green,J. Green,,,,,Left Corner 3,24+ Left,22.64,Missed,,,,,,,,,,,,,,,,,,
38,PT08M39.00S,2024-11-23T01:15:27.1Z,1,REGULAR,rebound,offensive,[],1628415,,,1610612745,0,8,2024-11-23T01:15:27Z,380000,False,,,0,,D. Brooks REBOUND (Off:1 Def:1),[1628415],1610612745.0,HOU,,,,Brooks,D. Brooks,,,,,Left Corner 3,24+ Left,,,37.0,2.0,1.0,1.0,,,,,,,,,,,,,,
39,PT08M38.00S,2024-11-23T01:15:28.8Z,1,REGULAR,foul,personal,['2freethrow'],1642270,,,1610612745,0,8,2024-11-23T01:15:41Z,390000,False,,,0,,D. Clingan shooting personal FOUL (1 PF) (Brooks 2 FT),"[1642270, 1628415]",1610612757.0,POR,shooting,,,Clingan,D. Clingan,,,,,In The Paint (Non-RA),0-8 Center,,,,,,,1626302.0,,,,,,,,1.0,0.0,Brooks,1628415.0,,
41,PT08M38.00S,2024-11-23T01:15:52.5Z,1,REGULAR,freethrow,1 of 2,['2ndchance'],1628415,,,1610612745,0,8,2024-11-23T01:15:52Z,410000,False,,,0,,MISS D. Brooks Free Throw 1 of 2,[1628415],1610612745.0,HOU,,,,Brooks,D. Brooks,,,,,,,,Missed,,,,,,,,,,,,,,,,,,
42,PT08M38.00S,2024-11-23T01:15:52.5Z,1,REGULAR,rebound,offensive,"['deadball', 'team']",0,,,1610612745,0,8,2024-11-23T01:15:52Z,420000,False,,,0,,TEAM offensive REBOUND,[],1610612745.0,HOU,,,,,,,,,,,,,,41.0,,,,,,,,,,,,,,,,,
43,PT08M38.00S,2024-11-23T01:16:03.2Z,1,REGULAR,freethrow,2 of 2,['2ndchance'],1628415,,,1610612745,1,8,2024-11-23T01:16:03Z,430000,False,,,0,,D. Brooks Free Throw 2 of 2 (1 PTS),[1628415],1610612745.0,HOU,,,,Brooks,D. Brooks,,,,,,,,Made,,,,,,,1.0,,,,,,,,,,,
44,PT08M26.00S,2024-11-23T01:16:17.7Z,1,REGULAR,3pt,Jump Shot,[],1631101,30.56833114323259,29.65686274509804,1610612757,1,8,2024-11-23T01:16:24Z,440000,False,102.0,235.0,1,left,MISS S. Sharpe 25' step back 3PT,[1631101],1610612757.0,POR,step back,,,Sharpe,S. Sharpe,,,,,Above the Break 3,24+ Right Center,25.59,Missed,,,,,,,,,,,,,,,,,,
45,PT08M24.00S,2024-11-23T01:16:19.7Z,1,REGULAR,rebound,offensive,['team'],0,,,1610612757,1,8,2024-11-23T01:16:24Z,450000,False,,,0,,TEAM offensive REBOUND,[],1610612757.0,POR,,,,,,,,,,Above the Break 3,24+ Right Center,,,44.0,,,,,,,,,,,,,,,,,
47,PT08M09.00S,2024-11-23T01:16:55.0Z,1,REGULAR,turnover,shot clock,['team'],0,,,1610612757,1,8,2024-11-23T01:17:01Z,470000,False,,,0,,POR shot clock Team TURNOVER,[],1610612757.0,POR,,,,,,,,,,Above the Break 3,24+ Right Center,,,,,,,203591.0,,,,,,,,,,,,,
48,PT07M52.00S,2024-11-23T01:17:24.0Z,1,REGULAR,3pt,Jump Shot,['fromturnover'],1628415,84.70762155059133,3.1862745098039214,1610612745,4,8,2024-11-23T01:17:27Z,480000,False,-234.0,91.0,1,right,D. Brooks 25' 3PT  (4 PTS) (F. VanVleet 1 AST),"[1628415, 1627832]",1610612745.0,HOU,,,,Brooks,D. Brooks,,,,,Above the Break 3,24+ Left,25.12,Made,,,,,,,4.0,,,F. VanVleet,1627832.0,1.0,,,,,,
50,PT07M49.00S,2024-11-23T01:17:36.3Z,1,REGULAR,violation,delay-of-game,['team'],0,,,1610612757,4,8,2024-11-23T01:18:47Z,500000,False,,,0,,TEAM delay-of-game VIOLATION,[],1610612745.0,HOU,,,,,,,,,,,,,,,,,,203591.0,,,,,,,,,,,,,
51,PT07M36.00S,2024-11-23T01:17:48.0Z,1,REGULAR,turnover,out-of-bounds,[],1629014,,,1610612757,4,8,2024-11-23T01:17:57Z,510000,False,,,0,,A. Simons bad pass out-of-bounds TURNOVER (2 TO),[1629014],1610612757.0,POR,bad pass,,,Simons,A. Simons,,,,,Right Corner 3,24+ Right,,,,,,,1626302.0,2.0,,,,,,,,,,,,
53,PT07M21.00S,2024-11-23T01:18:30.2Z,1,REGULAR,2pt,Layup,"['pointsinthepaint', 'fromturnover', 'defensivegoaltending']",1630578,91.93495400788436,53.431372549019606,1610612745,6,8,2024-11-23T01:21:28Z,530000,False,17.0,23.0,1,right,A. Sengun driving Layup (2 PTS) (D. Brooks 1 AST),"[1630578, 1628415]",1610612745.0,HOU,driving,,,Sengun,A. Sengun,,,,,Restricted Area,0-8 Center,2.9,Made,,,,,,,2.0,,,D. Brooks,1628415.0,1.0,,,,,,
74,PT07M21.00S,2024-11-23T01:18:31.2Z,1,REGULAR,violation,defensive goaltending,[],203924,,,1610612745,6,8,2024-11-23T01:21:28Z,535000,False,,,0,,J. Grant defensive goaltending VIOLATION,[203924],1610612757.0,POR,,,,Grant,J. Grant,,,,,,,,,,,,,,,,,,,,,,,,,,
54,PT07M21.00S,2024-11-23T01:18:32.2Z,1,REGULAR,foul,personal,['1freethrow'],1642270,,,1610612745,6,8,2024-11-23T01:18:54Z,540000,False,,,0,,D. Clingan shooting personal FOUL (2 PF) (Sengun 1 FT),"[1642270, 1630578]",1610612757.0,POR,shooting,,,Clingan,D. Clingan,,,,,Restricted Area,0-8 Center,,,,,,,202901.0,,,,,,,,2.0,0.0,Sengun,1630578.0,,
56,PT07M21.00S,2024-11-23T01:18:42.5Z,1,REGULAR,substitution,out,[],1642270,,,1610612745,6,8,2024-11-23T01:18:48Z,560000,False,,,0,,SUB out: D. Clingan,[1642270],1610612757.0,POR,,,,Clingan,D. Clingan,,,,,,,,,,,,,,,,,,,,,,,,,,
57,PT07M21.00S,2024-11-23T01:18:42.5Z,1,REGULAR,substitution,out,[],1631101,,,1610612745,6,8,2024-11-23T01:18:48Z,570000,False,,,0,,SUB out: S. Sharpe,[1631101],1610612757.0,POR,,,,Sharpe,S. Sharpe,,,,,,,,,,,,,,,,,,,,,,,,,,
58,PT07M21.00S,2024-11-23T01:18:42.5Z,1,REGULAR,substitution,in,[],1630166,,,1610612745,6,8,2024-11-23T01:18:48Z,580000,False,,,0,,SUB in: D. Avdija,[1630166],1610612757.0,POR,,,,Avdija,D. Avdija,,,,,,,,,,,,,,,,,,,,,,,,,,
59,PT07M21.00S,2024-11-23T01:18:42.5Z,1,REGULAR,substitution,in,[],1629057,,,1610612745,6,8,2024-11-23T01:18:48Z,590000,False,,,0,,SUB in: R. Williams III,[1629057],1610612757.0,POR,,,,Williams III,R. Williams III,,,,,,,,,,,,,,,,,,,,,,,,,,
60,PT07M21.00S,2024-11-23T01:18:59.2Z,1,REGULAR,freethrow,1 of 1,['fromturnover'],1630578,,,1610612745,6,8,2024-11-23T01:18:59Z,600000,False,,,0,,MISS A. Sengun Free Throw 1 of 1,[1630578],1610612745.0,HOU,,,,Sengun,A. Sengun,,,,,,,,Missed,,,,,,,,,,,,,,,,,,
61,PT07M19.00S,2024-11-23T01:19:00.3Z,1,REGULAR,rebound,defensive,[],1629057,,,1610612757,6,8,2024-11-23T01:19:00Z,610000,False,,,0,,R. Williams III REBOUND (Off:0 Def:1),[1629057],1610612757.0,POR,,,,Williams III,R. Williams III,,,,,,,,,60.0,1.0,1.0,0.0,,,,,,,,,,,,,,
62,PT07M01.00S,2024-11-23T01:19:18.1Z,1,REGULAR,2pt,Jump Shot,['pointsinthepaint'],203924,9.280551905387648,39.21568627450981,1610612757,6,10,2024-11-23T01:19:27Z,620000,False,54.0,35.0,1,left,J. Grant 6' turnaround fadeaway Jump Shot (2 PTS),[203924],1610612757.0,POR,turnaround fadeaway,,,Grant,J. Grant,,,,,In The Paint (Non-RA),0-8 Center,6.41,Made,,,,,,,2.0,,,,,,,,,,,
63,PT06M52.00S,2024-11-23T01:19:26.5Z,1,REGULAR,3pt,Jump Shot,[],1630224,87.99277266754271,98.0392156862745,1610612745,9,10,2024-11-23T01:25:26Z,630000,False,240.0,60.0,1,right,J. Green 24' 3PT step back (3 PTS),[1630224],1610612745.0,HOU,step back,,,Green,J. Green,,,,,Right Corner 3,24+ Right,24.77,Made,,,,,,,3.0,,,,,,,,,,,
64,PT06M43.00S,2024-11-23T01:19:36.0Z,1,REGULAR,3pt,Jump Shot,[],1641739,4.418528252299605,96.07843137254902,1610612757,9,10,2024-11-23T01:19:41Z,640000,False,-230.0,-11.0,1,left,MISS T. Camara 3PT,[1641739],1610612757.0,POR,,,,Camara,T. Camara,,,,,Left Corner 3,24+ Left,23.07,Missed,,,,,,,,,,,,,,,,,,
65,PT06M41.00S,2024-11-23T01:19:38.0Z,1,REGULAR,rebound,defensive,[],1627832,,,1610612745,9,10,2024-11-23T01:19:41Z,650000,False,,,0,,F. VanVleet REBOUND (Off:0 Def:1),[1627832],1610612745.0,HOU,,,,VanVleet,F. VanVleet,,,,,Left Corner 3,24+ Left,,,64.0,1.0,1.0,0.0,,,,,,,,,,,,,,
66,PT06M34.00S,2024-11-23T01:19:45.3Z,1,REGULAR,2pt,Layup,['pointsinthepaint'],1627832,92.85479632063075,44.36274509803921,1610612745,9,10,2024-11-23T01:19:49Z,660000,False,-28.0,15.0,1,right,MISS F. VanVleet driving Layup - blocked,"[1627832, 203924]",1610612745.0,HOU,driving,,,VanVleet,F. VanVleet,,,,,Restricted Area,0-8 Center,3.18,Missed,,,,,,,,,,,,,,,,,Grant,203924.0
67,PT06M34.00S,2024-11-23T01:19:45.3Z,1,REGULAR,block,,[],203924,,,1610612745,9,10,2024-11-23T01:19:47Z,670000,False,,,0,,J. Grant BLOCK (1 BLK),[203924],1610612757.0,POR,,,,Grant,J. Grant,,,,,Restricted Area,0-8 Center,,,,,,,,,,,,,,,,,,,,
68,PT06M31.00S,2024-11-23T01:19:48.3Z,1,REGULAR,rebound,defensive,[],1641739,,,1610612757,9,10,2024-11-23T01:19:49Z,680000,False,,,0,,T. Camara REBOUND (Off:0 Def:1),[1641739],1610612757.0,POR,,,,Camara,T. Camara,,,,,Restricted Area,0-8 Center,,,66.0,1.0,1.0,0.0,,,,,,,,,,,,,,
69,PT06M27.00S,2024-11-23T01:19:51.2Z,1,REGULAR,3pt,Jump Shot,['fastbreak'],1629014,6.1268068331143235,96.07843137254902,1610612757,9,10,2024-11-23T01:20:02Z,690000,False,-230.0,5.0,1,left,MISS A. Simons running 3PT,[1629014],1610612757.0,POR,running,,,Simons,A. Simons,,,,,Left Corner 3,24+ Left,23.05,Missed,,,,,,,,,,,,,,,,,,
70,PT06M25.00S,2024-11-23T01:19:53.2Z,1,REGULAR,rebound,defensive,[],1630578,,,1610612745,9,10,2024-11-23T01:19:55Z,700000,False,,,0,,A. Sengun REBOUND (Off:0 Def:1),[1630578],1610612745.0,HOU,,,,Sengun,A. Sengun,,,,,Left Corner 3,24+ Left,,,69.0,1.0,1.0,0.0,,,,,,,,,,,,,,
71,PT06M19.00S,2024-11-23T01:20:01.6Z,1,REGULAR,foul,personal,[],1641739,,,1610612745,9,10,2024-11-23T01:20:09Z,710000,False,,,0,,T. Camara personal FOUL (2 PF),"[1641739, 1630578]",1610612757.0,POR,,,,Camara,T. Camara,,,,,Restricted Area,0-8 Center,,,,,,,203591.0,,,,,,,,2.0,0.0,Sengun,1630578.0,,
73,PT06M19.00S,2024-11-23T01:20:11.7Z,1,REGULAR,timeout,full,"['team', 'mandatory']",0,,,1610612745,9,10,2024-11-23T01:20:11Z,730000,False,,,0,,HOU Timeout,[],1610612745.0,HOU,,,,,,,,,,,,,,,,,,,,,,,,,,,,,,,
75,PT06M13.00S,2024-11-23T01:23:10.9Z,1,REGULAR,2pt,Jump Shot,['pointsinthepaint'],1628415,84.31340341655716,54.166666666666664,1610612745,9,10,2024-11-23T01:23:16Z,740000,False,21.0,95.0,1,right,MISS D. Brooks 9' turnaround fadeaway Shot,[1628415],1610612745.0,HOU,turnaround fadeaway,,,Brooks,D. Brooks,,,,,In The Paint (Non-RA),8-16 Center,9.73,Missed,,,,,,,,,,,,,,,,,,
76,PT06M10.00S,2024-11-23T01:23:13.9Z,1,REGULAR,rebound,defensive,[],1630166,,,1610612757,9,10,2024-11-23T01:23:16Z,750000,False,,,0,,D. Avdija REBOUND (Off:0 Def:1),[1630166],1610612757.0,POR,,,,Avdija,D. Avdija,,,,,In The Paint (Non-RA),8-16 Center,,,75.0,1.0,1.0,0.0,,,,,,,,,,,,,,
77,PT05M58.00S,2024-11-23T01:23:26.0Z,1,REGULAR,2pt,Jump Shot,[],1630166,13.748357424441524,26.225490196078432,1610612757,9,10,2024-11-23T01:23:33Z,760000,False,119.0,77.0,1,left,MISS D. Avdija 14' pullup Shot,[1630166],1610612757.0,POR,pullup,,,Avdija,D. Avdija,,,,,Mid-Range,8-16 Right,14.15,Missed,,,,,,,,,,,,,,,,,,
78,PT05M55.00S,2024-11-23T01:23:29.0Z,1,REGULAR,rebound,defensive,['team'],0,,,1610612745,9,10,2024-11-23T01:23:33Z,770000,False,,,0,,TEAM defensive REBOUND,[],1610612745.0,HOU,,,,,,,,,,Mid-Range,8-16 Right,,,77.0,,,,,,,,,,,,,,,,,
80,PT05M35.00S,2024-11-23T01:23:57.1Z,1,REGULAR,2pt,Layup,['pointsinthepaint'],1630578,91.27792378449409,52.94117647058824,1610612745,9,10,2024-11-23T01:27:06Z,790000,False,15.0,29.0,1,right,MISS A. Sengun driving Layup,[1630578],1610612745.0,HOU,driving,,,Sengun,A. Sengun,,,,,Restricted Area,0-8 Center,3.3,Missed,,,,,,,,,,,,,,,,,,
81,PT05M33.00S,2024-11-23T01:23:59.1Z,1,REGULAR,rebound,defensive,[],1630166,,,1610612757,9,10,2024-11-23T01:24:02Z,800000,False,,,0,,D. Avdija REBOUND (Off:0 Def:2),[1630166],1610612757.0,POR,,,,Avdija,D. Avdija,,,,,Restricted Area,0-8 Center,,,80.0,2.0,2.0,0.0,,,,,,,,,,,,,,
82,PT05M24.00S,2024-11-23T01:24:07.9Z,1,REGULAR,3pt,Jump Shot,[],1641739,21.632720105124836,91.91176470588235,1610612757,9,10,2024-11-23T01:24:12Z,810000,False,-210.0,151.0,1,left,MISS T. Camara 25' 3PT,[1641739],1610612757.0,POR,,,,Camara,T. Camara,,,,,Above the Break 3,24+ Left Center,25.82,Missed,,,,,,,,,,,,,,,,,,
83,PT05M21.00S,2024-11-23T01:24:10.9Z,1,REGULAR,rebound,defensive,[],1630578,,,1610612745,9,10,2024-11-23T01:24:12Z,820000,False,,,0,,A. Sengun REBOUND (Off:0 Def:2),[1630578],1610612745.0,HOU,,,,Sengun,A. Sengun,,,,,Above the Break 3,24+ Left Center,,,82.0,2.0,2.0,0.0,,,,,,,,,,,,,,
84,PT05M03.00S,2024-11-23T01:24:28.6Z,1,REGULAR,3pt,Jump Shot,[],1628415,69.72733245729303,78.67647058823529,1610612745,9,10,2024-11-23T01:24:31Z,830000,False,143.0,232.0,1,right,MISS D. Brooks 27' 3PT,[1628415],1610612745.0,HOU,,,,Brooks,D. Brooks,,,,,Above the Break 3,24+ Right Center,27.28,Missed,,,,,,,,,,,,,,,,,,
85,PT05M02.00S,2024-11-23T01:24:29.6Z,1,REGULAR,rebound,defensive,[],1629014,,,1610612757,9,10,2024-11-23T01:24:31Z,840000,False,,,0,,A. Simons REBOUND (Off:0 Def:1),[1629014],1610612757.0,POR,,,,Simons,A. Simons,,,,,Above the Break 3,24+ Right Center,,,84.0,1.0,1.0,0.0,,,,,,,,,,,,,,
86,PT04M54.00S,2024-11-23T01:24:38.8Z,1,REGULAR,turnover,bad pass,[],203924,,,1610612757,9,10,2024-11-23T01:24:44Z,850000,False,,,0,,J. Grant bad pass TURNOVER (1 TO),"[203924, 1627832]",1610612757.0,POR,,,,Grant,J. Grant,,,,,Restricted Area,0-8 Center,,,,,,,,1.0,,VanVleet,1627832.0,,,,,,,,,
87,PT04M54.00S,2024-11-23T01:24:38.8Z,1,REGULAR,steal,,[],1627832,,,1610612745,9,10,2024-11-23T01:24:41Z,860000,False,,,0,,F. VanVleet STEAL (1 STL),[1627832],1610612745.0,HOU,,,,VanVleet,F. VanVleet,,,,,Restricted Area,0-8 Center,,,,,,,,,,,,,,,,,,,,
88,PT04M48.00S,2024-11-23T01:24:44.4Z,1,REGULAR,2pt,Layup,"['pointsinthepaint', 'fromturnover', 'fastbreak']",1630224,90.88370565045992,55.88235294117647,1610612745,9,10,2024-11-23T01:24:57Z,870000,False,29.0,33.0,1,right,MISS J. Green running Layup - blocked,"[1630224, 1641739]",1610612745.0,HOU,running,,,Green,J. Green,,,,,In The Paint (Non-RA),0-8 Center,4.43,Missed,,,,,,,,,,,,,,,,,Camara,1641739.0
89,PT04M48.00S,2024-11-23T01:24:44.4Z,1,REGULAR,block,,[],1641739,,,1610612745,9,10,2024-11-23T01:24:50Z,880000,False,,,0,,T. Camara BLOCK (1 BLK),[1641739],1610612757.0,POR,,,,Camara,T. Camara,,,,,In The Paint (Non-RA),0-8 Center,,,,,,,,,,,,,,,,,,,,
90,PT04M48.00S,2024-11-23T01:24:44.4Z,1,REGULAR,rebound,offensive,['team'],0,,,1610612745,9,10,2024-11-23T01:24:57Z,890000,False,,,0,,TEAM offensive REBOUND,[],1610612745.0,HOU,,,,,,,,,,In The Paint (Non-RA),0-8 Center,,,88.0,,,,,,,,,,,,,,,,,
92,PT04M48.00S,2024-11-23T01:24:52.7Z,1,REGULAR,substitution,out,[],1630224,,,1610612745,9,10,2024-11-23T01:25:08Z,910000,False,,,0,,SUB out: J. Green,[1630224],1610612745.0,HOU,,,,Green,J. Green,,,,,,,,,,,,,,,,,,,,,,,,,,
93,PT04M48.00S,2024-11-23T01:24:52.7Z,1,REGULAR,substitution,out,[],1631095,,,1610612745,9,10,2024-11-23T01:25:08Z,920000,False,,,0,,SUB out: J. Smith Jr.,[1631095],1610612745.0,HOU,,,,Smith Jr.,J. Smith Jr.,,,,,,,,,,,,,,,,,,,,,,,,,,
94,PT04M48.00S,2024-11-23T01:24:52.7Z,1,REGULAR,substitution,out,[],1629014,,,1610612745,9,10,2024-11-23T01:25:08Z,930000,False,,,0,,SUB out: A. Simons,[1629014],1610612757.0,POR,,,,Simons,A. Simons,,,,,,,,,,,,,,,,,,,,,,,,,,
95,PT04M48.00S,2024-11-23T01:24:52.7Z,1,REGULAR,substitution,out,[],1641739,,,1610612745,9,10,2024-11-23T01:25:08Z,940000,False,,,0,,SUB out: T. Camara,[1641739],1610612757.0,POR,,,,Camara,T. Camara,,,,,,,,,,,,,,,,,,,,,,,,,,
96,PT04M48.00S,2024-11-23T01:24:52.7Z,1,REGULAR,substitution,in,[],1641708,,,1610612745,9,10,2024-11-23T01:25:08Z,950000,False,,,0,,SUB in: A. Thompson,[1641708],1610612745.0,HOU,,,,Thompson,A. Thompson,,,,,,,,,,,,,,,,,,,,,,,,,,
97,PT04M48.00S,2024-11-23T01:24:52.7Z,1,REGULAR,substitution,in,[],1631106,,,1610612745,9,10,2024-11-23T01:25:08Z,960000,False,,,0,,SUB in: T. Eason,[1631106],1610612745.0,HOU,,,,Eason,T. Eason,,,,,,,,,,,,,,,,,,,,,,,,,,
98,PT04M48.00S,2024-11-23T01:24:52.7Z,1,REGULAR,substitution,in,[],1630625,,,1610612745,9,10,2024-11-23T01:25:08Z,970000,False,,,0,,SUB in: D. Banton,[1630625],1610612757.0,POR,,,,Banton,D. Banton,,,,,,,,,,,,,,,,,,,,,,,,,,
99,PT04M48.00S,2024-11-23T01:24:52.7Z,1,REGULAR,substitution,in,[],1631200,,,1610612745,9,10,2024-11-23T01:25:08Z,980000,False,,,0,,SUB in: K. Murray,[1631200],1610612757.0,POR,,,,Murray,K. Murray,,,,,,,,,,,,,,,,,,,,,,,,,,
100,PT04M36.00S,2024-11-23T01:25:21.1Z,1,REGULAR,2pt,Layup,"['pointsinthepaint', 'fromturnover', '2ndchance']",1628415,92.59198423127464,55.88235294117647,1610612745,11,10,2024-11-23T01:25:27Z,990000,False,29.0,17.0,1,right,D. Brooks driving Layup (6 PTS),[1628415],1610612745.0,HOU,driving,,,Brooks,D. Brooks,,,,,Restricted Area,0-8 Center,3.4,Made,,,,,,,6.0,,,,,,,,,,,
102,PT04M26.00S,2024-11-23T01:25:40.9Z,1,REGULAR,turnover,traveling,[],1630166,,,1610612757,11,10,2024-11-23T01:26:00Z,1010000,False,,,0,,D. Avdija traveling TURNOVER (1 TO),[1630166],1610612757.0,POR,,,,Avdija,D. Avdija,,,,,Restricted Area,0-8 Center,,,,,,,202901.0,1.0,,,,,,,,,,,,
103,PT04M23.00S,2024-11-23T01:25:56.2Z,1,REGULAR,2pt,Layup,"['pointsinthepaint', 'fromturnover']",1628415,91.5407358738502,52.94117647058824,1610612745,11,10,2024-11-23T01:26:05Z,1020000,False,15.0,27.0,1,right,MISS D. Brooks driving Layup - blocked,"[1628415, 1629057]",1610612745.0,HOU,driving,,,Brooks,D. Brooks,,,,,Restricted Area,0-8 Center,3.07,Missed,,,,,,,,,,,,,,,,,Williams III,1629057.0
104,PT04M23.00S,2024-11-23T01:25:56.2Z,1,REGULAR,block,,[],1629057,,,1610612745,11,10,2024-11-23T01:25:58Z,1030000,False,,,0,,R. Williams III BLOCK (1 BLK),[1629057],1610612757.0,POR,,,,Williams III,R. Williams III,,,,,Restricted Area,0-8 Center,,,,,,,,,,,,,,,,,,,,
105,PT04M23.00S,2024-11-23T01:25:56.2Z,1,REGULAR,rebound,offensive,['team'],0,,,1610612745,11,10,2024-11-23T01:26:05Z,1040000,False,,,0,,TEAM offensive REBOUND,[],1610612745.0,HOU,,,,,,,,,,Restricted Area,0-8 Center,,,103.0,,,,,,,,,,,,,,,,,
107,PT04M10.00S,2024-11-23T01:26:15.5Z,1,REGULAR,3pt,Jump Shot,"['fromturnover', '2ndchance']",1628415,91.5407358738502,96.81372549019608,1610612745,11,10,2024-11-23T01:26:24Z,1060000,False,234.0,27.0,1,right,MISS D. Brooks 3PT,[1628415],1610612745.0,HOU,,,,Brooks,D. Brooks,,,,,Right Corner 3,24+ Right,23.57,Missed,,,,,,,,,,,,,,,,,,
108,PT04M08.00S,2024-11-23T01:26:17.5Z,1,REGULAR,rebound,offensive,[],1641708,,,1610612745,11,10,2024-11-23T01:26:24Z,1070000,False,,,0,,A. Thompson REBOUND (Off:1 Def:0),[1641708],1610612745.0,HOU,,,,Thompson,A. Thompson,,,,,Right Corner 3,24+ Right,,,107.0,1.0,0.0,1.0,,,,,,,,,,,,,,
109,PT04M08.00S,2024-11-23T01:26:21.4Z,1,REGULAR,foul,personal,"['inpenalty', '2freethrow']",1629057,,,1610612745,11,10,2024-11-23T01:26:36Z,1080000,False,,,0,,R. Williams III shooting personal FOUL (1 PF) (Thompson 2 FT),"[1629057, 1641708]",1610612757.0,POR,shooting,,,Williams III,R. Williams III,,,,,In The Paint (Non-RA),0-8 Center,,,,,,,1626302.0,,,,,,,,1.0,0.0,Thompson,1641708.0,,
111,PT04M08.00S,2024-11-23T01:26:45.4Z,1,REGULAR,freethrow,1 of 2,"['fromturnover', '2ndchance']",1641708,,,1610612745,12,10,2024-11-23T01:26:45Z,1100000,False,,,0,,A. Thompson Free Throw 1 of 2 (1 PTS),[1641708],1610612745.0,HOU,,,,Thompson,A. Thompson,,,,,,,,Made,,,,,,,1.0,,,,,,,,,,,
112,PT04M08.00S,2024-11-23T01:27:01.7Z,1,REGULAR,freethrow,2 of 2,"['fromturnover', '2ndchance']",1641708,,,1610612745,13,10,2024-11-23T01:27:01Z,1110000,False,,,0,,A. Thompson Free Throw 2 of 2 (2 PTS),[1641708],1610612745.0,HOU,,,,Thompson,A. Thompson,,,,,,,,Made,,,,,,,2.0,,,,,,,,,,,
114,PT03M52.00S,2024-11-23T01:27:18.9Z,1,REGULAR,3pt,Jump Shot,[],1631200,7.046649145860711,3.6764705882352944,1610612757,13,13,2024-11-23T01:27:23Z,1120000,False,232.0,14.0,1,left,K. Murray 3PT  (3 PTS) (J. Grant 3 AST),"[1631200, 203924]",1610612757.0,POR,,,,Murray,K. Murray,,,,,Right Corner 3,24+ Right,23.2,Made,,,,,,,3.0,,,J. Grant,203924.0,3.0,,,,,,
116,PT03M44.00S,2024-11-23T01:27:27.7Z,1,REGULAR,2pt,Layup,['pointsinthepaint'],1641708,91.67214191852825,53.92156862745098,1610612745,15,13,2024-11-23T01:27:32Z,1140000,False,20.0,26.0,1,right,A. Thompson driving Layup (4 PTS) (F. VanVleet 2 AST),"[1641708, 1627832]",1610612745.0,HOU,driving,,,Thompson,A. Thompson,,,,,Restricted Area,0-8 Center,3.24,Made,,,,,,,4.0,,,F. VanVleet,1627832.0,2.0,,,,,,
118,PT03M21.00S,2024-11-23T01:27:50.0Z,1,REGULAR,3pt,Jump Shot,[],1631200,30.56833114323259,74.26470588235294,1610612757,15,13,2024-11-23T01:27:53Z,1160000,False,-121.0,235.0,1,left,MISS K. Murray 26' 3PT,[1631200],1610612757.0,POR,,,,Murray,K. Murray,,,,,Above the Break 3,24+ Left Center,26.43,Missed,,,,,,,,,,,,,,,,,,
119,PT03M19.00S,2024-11-23T01:27:52.0Z,1,REGULAR,rebound,defensive,[],1630578,,,1610612745,15,13,2024-11-23T01:27:53Z,1170000,False,,,0,,A. Sengun REBOUND (Off:0 Def:3),[1630578],1610612745.0,HOU,,,,Sengun,A. Sengun,,,,,Above the Break 3,24+ Left Center,,,118.0,3.0,3.0,0.0,,,,,,,,,,,,,,
120,PT03M15.00S,2024-11-23T01:27:58.3Z,1,REGULAR,foul,personal,"['inpenalty', '2freethrow']",1630625,,,1610612745,15,13,2024-11-23T01:28:09Z,1180000,False,,,0,,D. Banton shooting personal FOUL (1 PF) (VanVleet 2 FT),"[1630625, 1627832]",1610612757.0,POR,shooting,,,Banton,D. Banton,,,,,Restricted Area,0-8 Center,,,,,,,203591.0,,,,,,,,1.0,0.0,VanVleet,1627832.0,,
122,PT03M15.00S,2024-11-23T01:28:23.8Z,1,REGULAR,freethrow,1 of 2,['fastbreak'],1627832,,,1610612745,16,13,2024-11-23T01:28:23Z,1200000,False,,,0,,F. VanVleet Free Throw 1 of 2 (1 PTS),[1627832],1610612745.0,HOU,,,,VanVleet,F. VanVleet,,,,,,,,Made,,,,,,,1.0,,,,,,,,,,,
123,PT03M15.00S,2024-11-23T01:28:25.3Z,1,REGULAR,substitution,out,[],1630578,,,1610612745,16,13,2024-11-23T01:28:28Z,1210000,False,,,0,,SUB out: A. Sengun,[1630578],1610612745.0,HOU,,,,Sengun,A. Sengun,,,,,,,,,,,,,,,,,,,,,,,,,,
124,PT03M15.00S,2024-11-23T01:28:25.3Z,1,REGULAR,substitution,in,[],203500,,,1610612745,16,13,2024-11-23T01:28:28Z,1220000,False,,,0,,SUB in: S. Adams,[203500],1610612745.0,HOU,,,,Adams,S. Adams,,,,,,,,,,,,,,,,,,,,,,,,,,
125,PT03M15.00S,2024-11-23T01:28:40.2Z,1,REGULAR,freethrow,2 of 2,['fastbreak'],1627832,,,1610612745,17,13,2024-11-23T01:28:40Z,1230000,False,,,0,,F. VanVleet Free Throw 2 of 2 (2 PTS),[1627832],1610612745.0,HOU,,,,VanVleet,F. VanVleet,,,,,,,,Made,,,,,,,2.0,,,,,,,,,,,
126,PT02M59.00S,2024-11-23T01:28:58.1Z,1,REGULAR,3pt,Jump Shot,[],203924,24.392247043363994,13.725490196078432,1610612757,17,16,2024-11-23T01:29:01Z,1240000,False,181.0,177.0,1,left,J. Grant 25' 3PT  (5 PTS) (D. Banton 1 AST),"[203924, 1630625]",1610612757.0,POR,,,,Grant,J. Grant,,,,,Above the Break 3,24+ Right Center,25.33,Made,,,,,,,5.0,,,D. Banton,1630625.0,1.0,,,,,,
128,PT02M49.00S,2024-11-23T01:29:07.4Z,1,REGULAR,2pt,Jump Shot,['pointsinthepaint'],1641708,86.41590013140605,38.48039215686275,1610612745,17,16,2024-11-23T01:29:12Z,1260000,False,-58.0,75.0,1,right,MISS A. Thompson 9' driving floating Shot,[1641708],1610612745.0,HOU,driving floating,,,Thompson,A. Thompson,,,,,In The Paint (Non-RA),8-16 Left,9.47,Missed,,,,,,,,,,,,,,,,,,
129,PT02M47.00S,2024-11-23T01:29:09.4Z,1,REGULAR,rebound,defensive,[],1629057,,,1610612757,17,16,2024-11-23T01:29:12Z,1270000,False,,,0,,R. Williams III REBOUND (Off:0 Def:2),[1629057],1610612757.0,POR,,,,Williams III,R. Williams III,,,,,In The Paint (Non-RA),8-16 Left,,,128.0,2.0,2.0,0.0,,,,,,,,,,,,,,
130,PT02M39.00S,2024-11-23T01:29:18.0Z,1,REGULAR,2pt,Layup,['pointsinthepaint'],1629057,8.360709592641262,46.568627450980394,1610612757,17,16,2024-11-23T01:29:23Z,1280000,False,17.0,26.0,1,left,MISS R. Williams III alley-oop Layup,[1629057],1610612757.0,POR,alley-oop,,,Williams III,R. Williams III,,,,,Restricted Area,0-8 Center,3.13,Missed,,,,,,,,,,,,,,,,,,
131,PT02M38.00S,2024-11-23T01:29:19.0Z,1,REGULAR,rebound,defensive,[],1641708,,,1610612745,17,16,2024-11-23T01:29:23Z,1290000,False,,,0,,A. Thompson REBOUND (Off:1 Def:1),[1641708],1610612745.0,HOU,,,,Thompson,A. Thompson,,,,,Restricted Area,0-8 Center,,,130.0,2.0,1.0,1.0,,,,,,,,,,,,,,
132,PT02M33.00S,2024-11-23T01:29:23.8Z,1,REGULAR,3pt,Jump Shot,['fastbreak'],1631106,74.98357424441524,14.950980392156863,1610612745,20,16,2024-11-23T01:29:35Z,1300000,False,-175.0,183.0,1,right,T. Eason 25' 3PT running (3 PTS) (A. Thompson 1 AST),"[1631106, 1641708]",1610612745.0,HOU,running,,,Eason,T. Eason,,,,,Above the Break 3,24+ Left Center,25.31,Made,,,,,,,3.0,,,A. Thompson,1641708.0,1.0,,,,,,
134,PT02M14.00S,2024-11-23T01:29:43.7Z,1,REGULAR,foul,personal,['2freethrow'],203500,,,1610612757,20,16,2024-11-23T01:32:43Z,1320000,False,,,0,,S. Adams shooting personal FOUL (1 PF) (Banton 2 FT),"[203500, 1630625]",1610612745.0,HOU,shooting,,,Adams,S. Adams,,,,,Restricted Area,0-8 Center,,,,,,,203591.0,,,,,,,,1.0,0.0,Banton,1630625.0,,
136,PT02M14.00S,2024-11-23T01:29:58.0Z,1,REGULAR,timeout,full,"['team', 'mandatory']",0,,,1610612757,20,16,2024-11-23T01:29:58Z,1340000,False,,,0,,POR Timeout,[],1610612757.0,POR,,,,,,,,,,,,,,,,,,,,,,,,,,,,,,,
137,PT02M14.00S,2024-11-23T01:32:16.3Z,1,REGULAR,substitution,out,[],1627832,,,1610612757,20,16,2024-11-23T01:32:40Z,1350000,False,,,0,,SUB out: F. VanVleet,[1627832],1610612745.0,HOU,,,,VanVleet,F. VanVleet,,,,,,,,,,,,,,,,,,,,,,,,,,
138,PT02M14.00S,2024-11-23T01:32:16.3Z,1,REGULAR,substitution,out,[],1628415,,,1610612757,20,16,2024-11-23T01:32:40Z,1360000,False,,,0,,SUB out: D. Brooks,[1628415],1610612745.0,HOU,,,,Brooks,D. Brooks,,,,,,,,,,,,,,,,,,,,,,,,,,
139,PT02M14.00S,2024-11-23T01:32:16.3Z,1,REGULAR,substitution,out,[],203924,,,1610612757,20,16,2024-11-23T01:32:40Z,1370000,False,,,0,,SUB out: J. Grant,[203924],1610612757.0,POR,,,,Grant,J. Grant,,,,,,,,,,,,,,,,,,,,,,,,,,
140,PT02M14.00S,2024-11-23T01:32:16.3Z,1,REGULAR,substitution,out,[],1629057,,,1610612757,20,16,2024-11-23T01:32:40Z,1380000,False,,,0,,SUB out: R. Williams III,[1629057],1610612757.0,POR,,,,Williams III,R. Williams III,,,,,,,,,,,,,,,,,,,,,,,,,,
141,PT02M14.00S,2024-11-23T01:32:16.3Z,1,REGULAR,substitution,in,[],1630224,,,1610612757,20,16,2024-11-23T01:32:40Z,1390000,False,,,0,,SUB in: J. Green,[1630224],1610612745.0,HOU,,,,Green,J. Green,,,,,,,,,,,,,,,,,,,,,,,,,,
142,PT02M14.00S,2024-11-23T01:32:16.3Z,1,REGULAR,substitution,in,[],1642263,,,1610612757,20,16,2024-11-23T01:32:40Z,1400000,False,,,0,,SUB in: R. Sheppard,[1642263],1610612745.0,HOU,,,,Sheppard,R. Sheppard,,,,,,,,,,,,,,,,,,,,,,,,,,
143,PT02M14.00S,2024-11-23T01:32:16.3Z,1,REGULAR,substitution,in,[],1631101,,,1610612757,20,16,2024-11-23T01:32:40Z,1410000,False,,,0,,SUB in: S. Sharpe,[1631101],1610612757.0,POR,,,,Sharpe,S. Sharpe,,,,,,,,,,,,,,,,,,,,,,,,,,
144,PT02M14.00S,2024-11-23T01:32:16.3Z,1,REGULAR,substitution,in,[],1642270,,,1610612757,20,16,2024-11-23T01:32:40Z,1420000,False,,,0,,SUB in: D. Clingan,[1642270],1610612757.0,POR,,,,Clingan,D. Clingan,,,,,,,,,,,,,,,,,,,,,,,,,,
145,PT02M14.00S,2024-11-23T01:33:05.8Z,1,REGULAR,freethrow,1 of 2,[],1630625,,,1610612757,20,16,2024-11-23T01:33:05Z,1430000,False,,,0,,MISS D. Banton Free Throw 1 of 2,[1630625],1610612757.0,POR,,,,Banton,D. Banton,,,,,,,,Missed,,,,,,,,,,,,,,,,,,
146,PT02M14.00S,2024-11-23T01:33:05.8Z,1,REGULAR,rebound,offensive,"['deadball', 'team']",0,,,1610612757,20,16,2024-11-23T01:33:05Z,1440000,False,,,0,,TEAM offensive REBOUND,[],1610612757.0,POR,,,,,,,,,,,,,,145.0,,,,,,,,,,,,,,,,,
147,PT02M14.00S,2024-11-23T01:33:20.3Z,1,REGULAR,freethrow,2 of 2,[],1630625,,,1610612757,20,17,2024-11-23T01:33:20Z,1450000,False,,,0,,D. Banton Free Throw 2 of 2 (1 PTS),[1630625],1610612757.0,POR,,,,Banton,D. Banton,,,,,,,,Made,,,,,,,1.0,,,,,,,,,,,
148,PT02M00.00S,2024-11-23T01:33:35.9Z,1,REGULAR,3pt,Jump Shot,[],1630224,72.35545335085413,12.5,1610612745,23,17,2024-11-23T01:33:39Z,1460000,False,-188.0,207.0,1,right,J. Green 27' 3PT  (6 PTS) (S. Adams 1 AST),"[1630224, 203500]",1610612745.0,HOU,,,,Green,J. Green,,,,,Above the Break 3,24+ Left Center,27.96,Made,,,,,,,6.0,,,S. Adams,203500.0,1.0,,,,,,
150,PT01M39.00S,2024-11-23T01:33:55.8Z,1,REGULAR,3pt,Jump Shot,[],1630625,24.26084099868594,12.5,1610612757,23,17,2024-11-23T01:34:06Z,1480000,False,188.0,176.0,1,left,MISS D. Banton 25' 3PT,[1630625],1610612757.0,POR,,,,Banton,D. Banton,,,,,Above the Break 3,24+ Right Center,25.69,Missed,,,,,,,,,,,,,,,,,,
151,PT01M36.00S,2024-11-23T01:33:58.8Z,1,REGULAR,rebound,offensive,[],1642270,,,1610612757,23,17,2024-11-23T01:34:06Z,1490000,False,,,0,,D. Clingan REBOUND (Off:2 Def:1),[1642270],1610612757.0,POR,,,,Clingan,D. Clingan,,,,,Above the Break 3,24+ Right Center,,,150.0,3.0,1.0,2.0,,,,,,,,,,,,,,
152,PT01M33.00S,2024-11-23T01:34:02.5Z,1,REGULAR,2pt,DUNK,"['pointsinthepaint', '2ndchance']",1631200,6.521024967148489,53.92156862745098,1610612757,23,19,2024-11-23T01:36:44Z,1500000,False,-20.0,9.0,1,left,K. Murray DUNK (5 PTS) (D. Banton 2 AST),"[1631200, 1630625]",1610612757.0,POR,,,,Murray,K. Murray,,,,,Restricted Area,0-8 Center,2.15,Made,,,,,,,5.0,,,D. Banton,1630625.0,2.0,,,,,,
154,PT01M25.00S,2024-11-23T01:34:14.9Z,1,REGULAR,turnover,bad pass,[],203500,,,1610612745,23,19,2024-11-23T01:34:22Z,1520000,False,,,0,,S. Adams bad pass TURNOVER (1 TO),"[203500, 1630625]",1610612745.0,HOU,,,,Adams,S. Adams,,,,,Mid-Range,8-16 Right,,,,,,,,1.0,,Banton,1630625.0,,,,,,,,,
155,PT01M25.00S,2024-11-23T01:34:14.9Z,1,REGULAR,steal,,[],1630625,,,1610612757,23,19,2024-11-23T01:34:18Z,1530000,False,,,0,,D. Banton STEAL (1 STL),[1630625],1610612757.0,POR,,,,Banton,D. Banton,,,,,Mid-Range,8-16 Right,,,,,,,,,,,,,,,,,,,,
157,PT01M19.00S,2024-11-23T01:34:38.0Z,1,REGULAR,2pt,Jump Shot,['fromturnover'],1631101,5.338370565045992,76.47058823529412,1610612757,23,19,2024-11-23T01:36:04Z,1550000,False,-132.0,-2.0,1,left,MISS S. Sharpe 13' fadeaway Shot,[1631101],1610612757.0,POR,fadeaway,,,Sharpe,S. Sharpe,,,,,Mid-Range,8-16 Left,13.24,Missed,,,,,,,,,,,,,,,,,,
158,PT01M16.00S,2024-11-23T01:34:41.0Z,1,REGULAR,rebound,defensive,[],1641708,,,1610612745,23,19,2024-11-23T01:34:43Z,1560000,False,,,0,,A. Thompson REBOUND (Off:1 Def:2),[1641708],1610612745.0,HOU,,,,Thompson,A. Thompson,,,,,Mid-Range,8-16 Left,,,157.0,3.0,2.0,1.0,,,,,,,,,,,,,,
159,PT01M01.00S,2024-11-23T01:34:56.0Z,1,REGULAR,3pt,Jump Shot,[],1630224,66.44218134034165,39.21568627450981,1610612745,26,19,2024-11-23T01:34:59Z,1570000,False,-54.0,263.0,1,right,J. Green 26' 3PT  (9 PTS) (S. Adams 2 AST),"[1630224, 203500]",1610612745.0,HOU,,,,Green,J. Green,,,,,Above the Break 3,24+ Center,26.84,Made,,,,,,,9.0,,,S. Adams,203500.0,2.0,,,,,,
161,PT00M53.40S,2024-11-23T01:35:05.4Z,1,REGULAR,2pt,Jump Shot,['pointsinthepaint'],1630625,10.33180026281209,35.049019607843135,1610612757,26,19,2024-11-23T01:35:11Z,1590000,False,75.0,45.0,1,left,MISS D. Banton 8' driving floating Shot,[1630625],1610612757.0,POR,driving floating,,,Banton,D. Banton,,,,,In The Paint (Non-RA),8-16 Right,8.71,Missed,,,,,,,,,,,,,,,,,,
162,PT00M52.90S,2024-11-23T01:35:05.9Z,1,REGULAR,rebound,defensive,['team'],0,,,1610612745,26,19,2024-11-23T01:35:11Z,1600000,False,,,0,,TEAM defensive REBOUND,[],1610612745.0,HOU,,,,,,,,,,In The Paint (Non-RA),8-16 Right,,,161.0,,,,,,,,,,,,,,,,,
164,PT00M40.60S,2024-11-23T01:35:27.5Z,1,REGULAR,2pt,Layup,['pointsinthepaint'],1641708,92.72339027595268,53.92156862745098,1610612745,28,19,2024-11-23T01:35:36Z,1620000,False,20.0,16.0,1,right,A. Thompson driving Layup (6 PTS),[1641708],1610612745.0,HOU,driving,,,Thompson,A. Thompson,,,,,Restricted Area,0-8 Center,2.52,Made,,,,,,,6.0,,,,,,,,,,,
165,PT00M40.60S,2024-11-23T01:35:29.9Z,1,REGULAR,foul,personal,"['inpenalty', '1freethrow']",1642270,,,1610612745,28,19,2024-11-23T01:35:54Z,1630000,False,,,0,,D. Clingan shooting personal FOUL (3 PF) (Thompson 1 FT),"[1642270, 1641708]",1610612757.0,POR,shooting,,,Clingan,D. Clingan,,,,,Restricted Area,0-8 Center,,,,,,,203591.0,,,,,,,,3.0,0.0,Thompson,1641708.0,,
167,PT00M40.60S,2024-11-23T01:36:09.1Z,1,REGULAR,freethrow,1 of 1,[],1641708,,,1610612745,28,19,2024-11-23T01:36:20Z,1650000,False,,,0,,MISS A. Thompson Free Throw 1 of 1,[1641708],1610612745.0,HOU,,,,Thompson,A. Thompson,,,,,,,,Missed,,,,,,,,,,,,,,,,,,
168,PT00M39.50S,2024-11-23T01:36:10.2Z,1,REGULAR,rebound,defensive,[],1631200,,,1610612757,28,19,2024-11-23T01:40:01Z,1660000,False,,,0,,K. Murray REBOUND (Off:0 Def:1),[1631200],1610612757.0,POR,,,,Murray,K. Murray,,,,,,,,,167.0,1.0,1.0,0.0,,,,,,,,,,,,,,
169,PT00M35.20S,2024-11-23T01:36:15.1Z,1,REGULAR,foul,personal,['2freethrow'],1641708,,,1610612757,28,19,2024-11-23T01:36:31Z,1670000,False,,,0,,A. Thompson shooting personal FOUL (1 PF) (Murray 2 FT),"[1641708, 1631200]",1610612745.0,HOU,shooting,,,Thompson,A. Thompson,,,,,Restricted Area,0-8 Center,,,,,,,202901.0,,,,,,,,1.0,0.0,Murray,1631200.0,,
171,PT00M35.20S,2024-11-23T01:36:41.3Z,1,REGULAR,freethrow,1 of 2,['fastbreak'],1631200,,,1610612757,28,19,2024-11-23T01:36:41Z,1690000,False,,,0,,MISS K. Murray Free Throw 1 of 2,[1631200],1610612757.0,POR,,,,Murray,K. Murray,,,,,,,,Missed,,,,,,,,,,,,,,,,,,
172,PT00M35.20S,2024-11-23T01:36:41.3Z,1,REGULAR,rebound,offensive,"['deadball', 'team']",0,,,1610612757,28,19,2024-11-23T01:36:41Z,1700000,False,,,0,,TEAM offensive REBOUND,[],1610612757.0,POR,,,,,,,,,,,,,,171.0,,,,,,,,,,,,,,,,,
173,PT00M35.20S,2024-11-23T01:36:42.8Z,1,REGULAR,substitution,out,[],1642270,,,1610612757,28,19,2024-11-23T01:36:50Z,1710000,False,,,0,,SUB out: D. Clingan,[1642270],1610612757.0,POR,,,,Clingan,D. Clingan,,,,,,,,,,,,,,,,,,,,,,,,,,
174,PT00M35.20S,2024-11-23T01:36:42.8Z,1,REGULAR,substitution,in,[],1629057,,,1610612757,28,19,2024-11-23T01:36:50Z,1720000,False,,,0,,SUB in: R. Williams III,[1629057],1610612757.0,POR,,,,Williams III,R. Williams III,,,,,,,,,,,,,,,,,,,,,,,,,,
175,PT00M35.20S,2024-11-23T01:36:59.8Z,1,REGULAR,freethrow,2 of 2,['fastbreak'],1631200,,,1610612757,28,20,2024-11-23T01:36:59Z,1730000,False,,,0,,K. Murray Free Throw 2 of 2 (6 PTS),[1631200],1610612757.0,POR,,,,Murray,K. Murray,,,,,,,,Made,,,,,,,6.0,,,,,,,,,,,
176,PT00M17.40S,2024-11-23T01:37:19.7Z,1,REGULAR,3pt,Jump Shot,[],1642263,74.98357424441524,12.009803921568627,1610612745,31,20,2024-11-23T01:37:23Z,1740000,False,-190.0,183.0,1,right,R. Sheppard 26' 3PT  (3 PTS) (A. Thompson 2 AST),"[1642263, 1641708]",1610612745.0,HOU,,,,Sheppard,R. Sheppard,,,,,Above the Break 3,24+ Left Center,26.36,Made,,,,,,,3.0,,,A. Thompson,1641708.0,2.0,,,,,,
178,PT00M02.10S,2024-11-23T01:37:37.7Z,1,REGULAR,2pt,Layup,['pointsinthepaint'],1630625,6.783837056504599,55.63725490196079,1610612757,31,20,2024-11-23T01:37:43Z,1760000,False,-28.0,11.0,1,left,MISS D. Banton driving Layup,[1630625],1610612757.0,POR,driving,,,Banton,D. Banton,,,,,Restricted Area,0-8 Center,3.04,Missed,,,,,,,,,,,,,,,,,,
179,PT00M02.10S,2024-11-23T01:37:37.7Z,1,REGULAR,rebound,defensive,[],1631106,,,1610612745,31,20,2024-11-23T01:37:43Z,1770000,False,,,0,,T. Eason REBOUND (Off:0 Def:1),[1631106],1610612745.0,HOU,,,,Eason,T. Eason,,,,,Restricted Area,0-8 Center,,,178.0,1.0,1.0,0.0,,,,,,,,,,,,,,
180,PT00M00.00S,2024-11-23T01:37:53.7Z,1,REGULAR,period,end,[],0,,,1610612745,31,20,2024-11-23T01:37:53Z,1780000,False,,,0,,Period End,[],,,,,,,,,,,,,,,,,,,,,,,,,,,,,,,,,
181,PT12M00.00S,2024-11-23T01:40:24.3Z,2,REGULAR,period,start,[],0,,,1610612745,31,20,2024-11-23T01:40:24Z,1790000,False,,,0,,Period Start,[],,,,,,,,,,,,,,,,,,,,,,,,,,,,,,,,,
182,PT11M43.00S,2024-11-23T01:40:40.0Z,2,REGULAR,2pt,DUNK,['pointsinthepaint'],1630224,91.93495400788436,52.20588235294118,1610612745,33,20,2024-11-23T01:40:44Z,1800000,False,11.0,23.0,1,right,J. Green driving DUNK (11 PTS) (S. Adams 3 AST),"[1630224, 203500]",1610612745.0,HOU,driving,,,Green,J. Green,,,,,Restricted Area,0-8 Center,2.58,Made,,,,,,,11.0,,,S. Adams,203500.0,3.0,,,,,,
184,PT11M27.00S,2024-11-23T01:40:56.2Z,2,REGULAR,turnover,bad pass,[],1630166,,,1610612757,33,20,2024-11-23T01:41:01Z,1820000,False,,,0,,D. Avdija bad pass TURNOVER (2 TO),"[1630166, 1631106]",1610612757.0,POR,,,,Avdija,D. Avdija,,,,,In The Paint (Non-RA),8-16 Right,,,,,,,,2.0,,Eason,1631106.0,,,,,,,,,
185,PT11M27.00S,2024-11-23T01:40:56.2Z,2,REGULAR,steal,,[],1631106,,,1610612745,33,20,2024-11-23T01:40:58Z,1830000,False,,,0,,T. Eason STEAL (1 STL),[1631106],1610612745.0,HOU,,,,Eason,T. Eason,,,,,In The Paint (Non-RA),8-16 Right,,,,,,,,,,,,,,,,,,,,
186,PT11M18.00S,2024-11-23T01:41:07.3Z,2,REGULAR,foul,personal,['2freethrow'],1631101,,,1610612745,33,20,2024-11-23T01:41:17Z,1840000,False,,,0,,S. Sharpe shooting personal FOUL (1 PF) (Eason 2 FT),"[1631101, 1631106]",1610612757.0,POR,shooting,,,Sharpe,S. Sharpe,,,,,Restricted Area,0-8 Center,,,,,,,202901.0,,,,,,,,1.0,0.0,Eason,1631106.0,,
188,PT11M18.00S,2024-11-23T01:41:31.5Z,2,REGULAR,freethrow,1 of 2,['fromturnover'],1631106,,,1610612745,34,20,2024-11-23T01:41:31Z,1860000,False,,,0,,T. Eason Free Throw 1 of 2 (4 PTS),[1631106],1610612745.0,HOU,,,,Eason,T. Eason,,,,,,,,Made,,,,,,,4.0,,,,,,,,,,,
189,PT11M18.00S,2024-11-23T01:41:32.0Z,2,REGULAR,substitution,out,[],1631101,,,1610612745,34,20,2024-11-23T01:41:38Z,1870000,False,,,0,,SUB out: S. Sharpe,[1631101],1610612757.0,POR,,,,Sharpe,S. Sharpe,,,,,,,,,,,,,,,,,,,,,,,,,,
190,PT11M18.00S,2024-11-23T01:41:32.0Z,2,REGULAR,substitution,in,[],1629014,,,1610612745,34,20,2024-11-23T01:41:38Z,1880000,False,,,0,,SUB in: A. Simons,[1629014],1610612757.0,POR,,,,Simons,A. Simons,,,,,,,,,,,,,,,,,,,,,,,,,,
191,PT11M18.00S,2024-11-23T01:41:42.7Z,2,REGULAR,substitution,out,[],1630625,,,1610612745,34,20,2024-11-23T01:41:46Z,1890000,False,,,0,,SUB out: D. Banton,[1630625],1610612757.0,POR,,,,Banton,D. Banton,,,,,,,,,,,,,,,,,,,,,,,,,,
192,PT11M18.00S,2024-11-23T01:41:42.7Z,2,REGULAR,substitution,in,[],1641739,,,1610612745,34,20,2024-11-23T01:41:46Z,1900000,False,,,0,,SUB in: T. Camara,[1641739],1610612757.0,POR,,,,Camara,T. Camara,,,,,,,,,,,,,,,,,,,,,,,,,,
193,PT11M18.00S,2024-11-23T01:41:55.9Z,2,REGULAR,freethrow,2 of 2,['fromturnover'],1631106,,,1610612745,35,20,2024-11-23T01:41:55Z,1910000,False,,,0,,T. Eason Free Throw 2 of 2 (5 PTS),[1631106],1610612745.0,HOU,,,,Eason,T. Eason,,,,,,,,Made,,,,,,,5.0,,,,,,,,,,,
194,PT11M04.00S,2024-11-23T01:42:14.8Z,2,REGULAR,2pt,Jump Shot,['pointsinthepaint'],1629014,12.565703022339028,58.333333333333336,1610612757,35,20,2024-11-23T01:43:00Z,1920000,False,-42.0,66.0,1,left,MISS A. Simons 7' driving floating Shot - blocked,"[1629014, 1641708]",1610612757.0,POR,driving floating,,,Simons,A. Simons,,,,,In The Paint (Non-RA),0-8 Center,7.77,Missed,,,,,,,,,,,,,,,,,Thompson,1641708.0
195,PT11M04.00S,2024-11-23T01:42:14.8Z,2,REGULAR,block,,[],1641708,,,1610612757,35,20,2024-11-23T01:42:16Z,1930000,False,,,0,,A. Thompson BLOCK (1 BLK),[1641708],1610612745.0,HOU,,,,Thompson,A. Thompson,,,,,In The Paint (Non-RA),0-8 Center,,,,,,,,,,,,,,,,,,,,
196,PT11M00.00S,2024-11-23T01:42:18.8Z,2,REGULAR,rebound,defensive,[],1631106,,,1610612745,35,20,2024-11-23T01:42:19Z,1940000,False,,,0,,T. Eason REBOUND (Off:0 Def:2),[1631106],1610612745.0,HOU,,,,Eason,T. Eason,,,,,In The Paint (Non-RA),0-8 Center,,,194.0,2.0,2.0,0.0,,,,,,,,,,,,,,
197,PT10M58.00S,2024-11-23T01:42:19.8Z,2,REGULAR,2pt,DUNK,"['pointsinthepaint', 'fastbreak']",1631106,91.14651773981603,54.90196078431373,1610612745,37,20,2024-11-23T01:42:25Z,1950000,False,25.0,31.0,1,right,T. Eason running DUNK (7 PTS),[1631106],1610612745.0,HOU,running,,,Eason,T. Eason,,,,,Restricted Area,0-8 Center,3.93,Made,,,,,,,7.0,,,,,,,,,,,
198,PT10M46.00S,2024-11-23T01:42:31.9Z,2,REGULAR,2pt,Jump Shot,['pointsinthepaint'],1630166,10.5946123521682,51.9607843137255,1610612757,37,22,2024-11-23T01:42:37Z,1960000,False,-10.0,47.0,1,left,D. Avdija driving floating Jump Shot (2 PTS),[1630166],1610612757.0,POR,driving floating,,,Avdija,D. Avdija,,,,,In The Paint (Non-RA),0-8 Center,4.81,Made,,,,,,,2.0,,,,,,,,,,,
199,PT10M28.00S,2024-11-23T01:42:49.5Z,2,REGULAR,3pt,Jump Shot,[],1630224,65.25952693823915,54.41176470588235,1610612745,37,22,2024-11-23T01:42:53Z,1970000,False,22.0,274.0,1,right,MISS J. Green 27' 3PT,[1630224],1610612745.0,HOU,,,,Green,J. Green,,,,,Above the Break 3,24+ Center,27.5,Missed,,,,,,,,,,,,,,,,,,
200,PT10M28.00S,2024-11-23T01:42:49.5Z,2,REGULAR,rebound,defensive,['team'],0,,,1610612757,37,22,2024-11-23T01:42:53Z,1980000,False,,,0,,TEAM defensive REBOUND,[],1610612757.0,POR,,,,,,,,,,Above the Break 3,24+ Center,,,199.0,,,,,,,,,,,,,,,,,
202,PT10M06.00S,2024-11-23T01:43:19.2Z,2,REGULAR,2pt,Jump Shot,[],1630166,7.046649145860711,32.59803921568628,1610612757,37,22,2024-11-23T01:43:31Z,2000000,False,87.0,14.0,1,left,MISS D. Avdija 8' driving floating Shot,[1630166],1610612757.0,POR,driving floating,,,Avdija,D. Avdija,,,,,Mid-Range,8-16 Right,8.81,Missed,,,,,,,,,,,,,,,,,,
203,PT10M05.00S,2024-11-23T01:43:20.2Z,2,REGULAR,rebound,offensive,['team'],0,,,1610612757,37,22,2024-11-23T01:43:31Z,2010000,False,,,0,,TEAM offensive REBOUND,[],1610612757.0,POR,,,,,,,,,,Mid-Range,8-16 Right,,,202.0,,,,,,,,,,,,,,,,,
205,PT09M58.00S,2024-11-23T01:43:51.9Z,2,REGULAR,3pt,Jump Shot,['2ndchance'],1641739,6.1268068331143235,3.6764705882352944,1610612757,37,22,2024-11-23T01:43:58Z,2030000,False,232.0,5.0,1,left,MISS T. Camara 3PT,[1641739],1610612757.0,POR,,,,Camara,T. Camara,,,,,Right Corner 3,24+ Right,23.17,Missed,,,,,,,,,,,,,,,,,,
206,PT09M53.00S,2024-11-23T01:43:56.9Z,2,REGULAR,rebound,offensive,[],1630166,,,1610612757,37,22,2024-11-23T01:43:58Z,2040000,False,,,0,,D. Avdija REBOUND (Off:1 Def:2),[1630166],1610612757.0,POR,,,,Avdija,D. Avdija,,,,,Right Corner 3,24+ Right,,,205.0,3.0,2.0,1.0,,,,,,,,,,,,,,
207,PT09M53.00S,2024-11-23T01:43:55.8Z,2,REGULAR,2pt,Layup,"['pointsinthepaint', '2ndchance']",1630166,7.440867279894875,45.34313725490196,1610612757,37,24,2024-11-23T01:51:44Z,2050000,False,23.0,17.0,1,left,D. Avdija tip Layup (4 PTS),[1630166],1610612757.0,POR,tip,,,Avdija,D. Avdija,,,,,Restricted Area,0-8 Center,2.91,Made,,,,,,,4.0,,,,,,,,,,,
208,PT09M42.00S,2024-11-23T01:44:06.8Z,2,REGULAR,3pt,Jump Shot,[],1630224,69.99014454664915,74.50980392156863,1610612745,37,24,2024-11-23T01:44:10Z,2060000,False,123.0,230.0,1,right,MISS J. Green 26' pullup 3PT,[1630224],1610612745.0,HOU,pullup,,,Green,J. Green,,,,,Above the Break 3,24+ Right Center,26.02,Missed,,,,,,,,,,,,,,,,,,
209,PT09M39.00S,2024-11-23T01:44:09.8Z,2,REGULAR,rebound,defensive,[],1630166,,,1610612757,37,24,2024-11-23T01:44:10Z,2070000,False,,,0,,D. Avdija REBOUND (Off:1 Def:3),[1630166],1610612757.0,POR,,,,Avdija,D. Avdija,,,,,Above the Break 3,24+ Right Center,,,208.0,4.0,3.0,1.0,,,,,,,,,,,,,,
210,PT09M33.00S,2024-11-23T01:44:16.0Z,2,REGULAR,2pt,Layup,['pointsinthepaint'],1629057,6.652431011826544,45.588235294117645,1610612757,37,26,2024-11-23T01:44:26Z,2080000,False,22.0,10.0,1,left,R. Williams III alley-oop Layup (2 PTS) (D. Avdija 1 AST),"[1629057, 1630166]",1610612757.0,POR,alley-oop,,,Williams III,R. Williams III,,,,,Restricted Area,0-8 Center,2.43,Made,,,,,,,2.0,,,D. Avdija,1630166.0,1.0,,,,,,
212,PT09M20.00S,2024-11-23T01:44:37.8Z,2,REGULAR,timeout,full,"['team', 'mandatory']",0,,,1610612745,37,26,2024-11-23T01:44:37Z,2100000,False,,,0,,HOU Timeout,[],1610612745.0,HOU,,,,,,,,,,,,,,,,,,,,,,,,,,,,,,,
213,PT09M09.00S,2024-11-23T01:47:40.1Z,2,REGULAR,2pt,Jump Shot,[],1630224,84.70762155059133,71.81372549019608,1610612745,39,26,2024-11-23T01:47:44Z,2110000,False,109.0,91.0,1,right,J. Green 14' pullup Jump Shot (13 PTS),[1630224],1610612745.0,HOU,pullup,,,Green,J. Green,,,,,Mid-Range,8-16 Right,14.22,Made,,,,,,,13.0,,,,,,,,,,,
215,PT08M52.00S,2024-11-23T01:47:56.8Z,2,REGULAR,turnover,bad pass,[],1630166,,,1610612757,39,26,2024-11-23T01:48:00Z,2130000,False,,,0,,D. Avdija bad pass TURNOVER (3 TO),"[1630166, 1630224]",1610612757.0,POR,,,,Avdija,D. Avdija,,,,,In The Paint (Non-RA),0-8 Center,,,,,,,,3.0,,Green,1630224.0,,,,,,,,,
216,PT08M52.00S,2024-11-23T01:47:56.8Z,2,REGULAR,steal,,[],1630224,,,1610612745,39,26,2024-11-23T01:47:59Z,2140000,False,,,0,,J. Green STEAL (1 STL),[1630224],1610612745.0,HOU,,,,Green,J. Green,,,,,In The Paint (Non-RA),0-8 Center,,,,,,,,,,,,,,,,,,,,
217,PT08M37.00S,2024-11-23T01:48:12.8Z,2,REGULAR,foul,personal,['3freethrow'],1630166,,,1610612745,39,26,2024-11-23T01:55:51Z,2150000,False,,,0,,D. Avdija shooting personal FOUL (1 PF) (Eason 3 FT),"[1630166, 1631106]",1610612757.0,POR,shooting,,,Avdija,D. Avdija,,,,,Right Corner 3,24+ Right,,,,,,,203591.0,,,,,,,,1.0,0.0,Eason,1631106.0,,
219,PT08M37.00S,2024-11-23T01:48:49.3Z,2,REGULAR,freethrow,1 of 3,['fromturnover'],1631106,,,1610612745,40,26,2024-11-23T01:55:59Z,2170000,False,,,0,,T. Eason Free Throw 1 of 3 (8 PTS),[1631106],1610612745.0,HOU,,,,Eason,T. Eason,,,,,,,,Made,,,,,,,8.0,,,,,,,,,,,
220,PT08M37.00S,2024-11-23T01:48:49.3Z,2,REGULAR,freethrow,2 of 3,['fromturnover'],1631106,,,1610612745,41,26,2024-11-23T01:55:59Z,2180000,False,,,0,,T. Eason Free Throw 2 of 3 (9 PTS),[1631106],1610612745.0,HOU,,,,Eason,T. Eason,,,,,,,,Made,,,,,,,9.0,,,,,,,,,,,
227,PT08M37.00S,2024-11-23T01:48:49.3Z,2,REGULAR,freethrow,3 of 3,['fromturnover'],1631106,,,1610612745,42,26,2024-11-23T01:55:59Z,2250000,False,,,0,,T. Eason Free Throw 3 of 3 (10 PTS),[1631106],1610612745.0,HOU,,,,Eason,T. Eason,,,,,,,,Made,,,,,,,10.0,,,,,,,,,,,
221,PT08M37.00S,2024-11-23T01:49:03.1Z,2,REGULAR,substitution,out,[],1630224,,,1610612757,42,26,2024-11-23T01:56:09Z,2255000,False,,,0,,SUB out: J. Green,[1630224],1610612745.0,HOU,,,,Green,J. Green,,,,,,,,,,,,,,,,,,,,,,,,,,
222,PT08M37.00S,2024-11-23T01:49:03.1Z,2,REGULAR,substitution,out,[],1642263,,,1610612757,42,26,2024-11-23T01:56:09Z,2257500,False,,,0,,SUB out: R. Sheppard,[1642263],1610612745.0,HOU,,,,Sheppard,R. Sheppard,,,,,,,,,,,,,,,,,,,,,,,,,,
223,PT08M37.00S,2024-11-23T01:49:03.1Z,2,REGULAR,substitution,out,[],1631200,,,1610612757,42,26,2024-11-23T01:56:09Z,2258750,False,,,0,,SUB out: K. Murray,[1631200],1610612757.0,POR,,,,Murray,K. Murray,,,,,,,,,,,,,,,,,,,,,,,,,,
224,PT08M37.00S,2024-11-23T01:49:03.1Z,2,REGULAR,substitution,in,[],1627832,,,1610612757,42,26,2024-11-23T01:56:09Z,2259375,False,,,0,,SUB in: F. VanVleet,[1627832],1610612745.0,HOU,,,,VanVleet,F. VanVleet,,,,,,,,,,,,,,,,,,,,,,,,,,
225,PT08M37.00S,2024-11-23T01:49:03.1Z,2,REGULAR,substitution,in,[],1631095,,,1610612757,42,26,2024-11-23T01:56:09Z,2259687,False,,,0,,SUB in: J. Smith Jr.,[1631095],1610612745.0,HOU,,,,Smith Jr.,J. Smith Jr.,,,,,,,,,,,,,,,,,,,,,,,,,,
226,PT08M37.00S,2024-11-23T01:49:03.1Z,2,REGULAR,substitution,in,[],203924,,,1610612757,42,26,2024-11-23T01:56:09Z,2259843,False,,,0,,SUB in: J. Grant,[203924],1610612757.0,POR,,,,Grant,J. Grant,,,,,,,,,,,,,,,,,,,,,,,,,,
228,PT08M27.00S,2024-11-23T01:49:37.0Z,2,REGULAR,3pt,Jump Shot,[],1629014,28.465834428383708,27.696078431372552,1610612757,42,26,2024-11-23T01:49:42Z,2260000,False,112.0,215.0,1,left,MISS A. Simons 24' pullup 3PT,[1629014],1610612757.0,POR,pullup,,,Simons,A. Simons,,,,,Above the Break 3,24+ Right Center,24.23,Missed,,,,,,,,,,,,,,,,,,
229,PT08M22.00S,2024-11-23T01:49:42.0Z,2,REGULAR,rebound,defensive,[],1631106,,,1610612745,42,26,2024-11-23T01:49:42Z,2270000,False,,,0,,T. Eason REBOUND (Off:0 Def:3),[1631106],1610612745.0,HOU,,,,Eason,T. Eason,,,,,Above the Break 3,24+ Right Center,,,228.0,3.0,3.0,0.0,,,,,,,,,,,,,,
230,PT08M19.00S,2024-11-23T01:49:44.0Z,2,REGULAR,2pt,Layup,"['pointsinthepaint', 'fastbreak']",1631106,91.80354796320631,51.470588235294116,1610612745,42,26,2024-11-23T01:49:52Z,2280000,False,7.0,25.0,1,right,MISS T. Eason running Layup - blocked,"[1631106, 1629057]",1610612745.0,HOU,running,,,Eason,T. Eason,,,,,Restricted Area,0-8 Center,2.56,Missed,,,,,,,,,,,,,,,,,Williams III,1629057.0
231,PT08M19.00S,2024-11-23T01:49:44.0Z,2,REGULAR,block,,[],1629057,,,1610612745,42,26,2024-11-23T01:49:46Z,2290000,False,,,0,,R. Williams III BLOCK (2 BLK),[1629057],1610612757.0,POR,,,,Williams III,R. Williams III,,,,,Restricted Area,0-8 Center,,,,,,,,,,,,,,,,,,,,
232,PT08M19.00S,2024-11-23T01:49:44.0Z,2,REGULAR,rebound,offensive,['team'],0,,,1610612745,42,26,2024-11-23T01:49:52Z,2300000,False,,,0,,TEAM offensive REBOUND,[],1610612745.0,HOU,,,,,,,,,,Restricted Area,0-8 Center,,,230.0,,,,,,,,,,,,,,,,,
234,PT08M19.00S,2024-11-23T01:49:51.8Z,2,REGULAR,substitution,out,[],203500,,,1610612745,42,26,2024-11-23T01:49:55Z,2320000,False,,,0,,SUB out: S. Adams,[203500],1610612745.0,HOU,,,,Adams,S. Adams,,,,,,,,,,,,,,,,,,,,,,,,,,
235,PT08M19.00S,2024-11-23T01:49:51.8Z,2,REGULAR,substitution,in,[],1630578,,,1610612745,42,26,2024-11-23T01:49:55Z,2330000,False,,,0,,SUB in: A. Sengun,[1630578],1610612745.0,HOU,,,,Sengun,A. Sengun,,,,,,,,,,,,,,,,,,,,,,,,,,
237,PT08M07.00S,2024-11-23T01:50:34.0Z,2,REGULAR,3pt,Jump Shot,['2ndchance'],1627832,68.9388961892247,66.91176470588235,1610612745,42,26,2024-11-23T01:50:40Z,2350000,False,85.0,239.0,1,right,MISS F. VanVleet 25' pullup 3PT - blocked,"[1627832, 1629057]",1610612745.0,HOU,pullup,,,VanVleet,F. VanVleet,,,,,Above the Break 3,24+ Right Center,25.4,Missed,,,,,,,,,,,,,,,,,Williams III,1629057.0
238,PT08M07.00S,2024-11-23T01:50:34.0Z,2,REGULAR,block,,[],1629057,,,1610612745,42,26,2024-11-23T01:50:36Z,2360000,False,,,0,,R. Williams III BLOCK (3 BLK),[1629057],1610612757.0,POR,,,,Williams III,R. Williams III,,,,,Above the Break 3,24+ Right Center,,,,,,,,,,,,,,,,,,,,
239,PT08M04.00S,2024-11-23T01:50:37.0Z,2,REGULAR,rebound,defensive,[],1629057,,,1610612757,42,26,2024-11-23T01:50:40Z,2370000,False,,,0,,R. Williams III REBOUND (Off:0 Def:3),[1629057],1610612757.0,POR,,,,Williams III,R. Williams III,,,,,Above the Break 3,24+ Right Center,,,237.0,3.0,3.0,0.0,,,,,,,,,,,,,,
240,PT08M04.00S,2024-11-23T01:50:38.8Z,2,REGULAR,foul,personal,['2freethrow'],1627832,,,1610612757,42,26,2024-11-23T01:51:21Z,2380000,False,,,0,,F. VanVleet shooting personal FOUL (1 PF) (Williams III 2 FT),"[1627832, 1629057]",1610612745.0,HOU,shooting,,,VanVleet,F. VanVleet,,,,,In The Paint (Non-RA),0-8 Center,,,,,,,203591.0,,,,,,,,1.0,0.0,Williams III,1629057.0,,
243,PT08M04.00S,2024-11-23T01:53:16.7Z,2,REGULAR,freethrow,1 of 2,['fastbreak'],1629057,,,1610612757,42,26,2024-11-23T01:53:16Z,2410000,False,,,0,,MISS R. Williams III Free Throw 1 of 2,[1629057],1610612757.0,POR,,,,Williams III,R. Williams III,,,,,,,,Missed,,,,,,,,,,,,,,,,,,
244,PT08M04.00S,2024-11-23T01:53:16.7Z,2,REGULAR,rebound,offensive,"['deadball', 'team']",0,,,1610612757,42,26,2024-11-23T01:53:16Z,2420000,False,,,0,,TEAM offensive REBOUND,[],1610612757.0,POR,,,,,,,,,,,,,,243.0,,,,,,,,,,,,,,,,,
245,PT08M04.00S,2024-11-23T01:53:37.8Z,2,REGULAR,freethrow,2 of 2,['fastbreak'],1629057,,,1610612757,42,27,2024-11-23T01:53:37Z,2430000,False,,,0,,R. Williams III Free Throw 2 of 2 (3 PTS),[1629057],1610612757.0,POR,,,,Williams III,R. Williams III,,,,,,,,Made,,,,,,,3.0,,,,,,,,,,,
246,PT07M44.00S,2024-11-23T01:54:00.3Z,2,REGULAR,3pt,Jump Shot,[],1631095,69.33311432325887,76.9607843137255,1610612745,45,27,2024-11-23T01:54:05Z,2440000,False,135.0,236.0,1,right,J. Smith Jr. 27' 3PT  (3 PTS) (F. VanVleet 3 AST),"[1631095, 1627832]",1610612745.0,HOU,,,,Smith Jr.,J. Smith Jr.,,,,,Above the Break 3,24+ Right Center,27.16,Made,,,,,,,3.0,,,F. VanVleet,1627832.0,3.0,,,,,,
248,PT07M27.00S,2024-11-23T01:54:16.5Z,2,REGULAR,3pt,Jump Shot,[],1630166,22.815374507227332,89.95098039215686,1610612757,45,30,2024-11-23T01:54:24Z,2460000,False,-200.0,162.0,1,left,D. Avdija 25' 3PT  (7 PTS) (J. Grant 4 AST),"[1630166, 203924]",1610612757.0,POR,,,,Avdija,D. Avdija,,,,,Above the Break 3,24+ Left Center,25.72,Made,,,,,,,7.0,,,J. Grant,203924.0,4.0,,,,,,
251,PT07M12.00S,2024-11-23T01:54:39.1Z,2,REGULAR,substitution,out,[],1629014,,,1610612745,45,30,2024-11-23T01:54:49Z,2490000,False,,,0,,SUB out: A. Simons,[1629014],1610612757.0,POR,,,,Simons,A. Simons,,,,,,,,,,,,,,,,,,,,,,,,,,
252,PT07M12.00S,2024-11-23T01:54:39.1Z,2,REGULAR,substitution,out,[],1630166,,,1610612745,45,30,2024-11-23T01:54:49Z,2500000,False,,,0,,SUB out: D. Avdija,[1630166],1610612757.0,POR,,,,Avdija,D. Avdija,,,,,,,,,,,,,,,,,,,,,,,,,,
253,PT07M12.00S,2024-11-23T01:54:39.1Z,2,REGULAR,substitution,in,[],1630625,,,1610612745,45,30,2024-11-23T01:54:49Z,2510000,False,,,0,,SUB in: D. Banton,[1630625],1610612757.0,POR,,,,Banton,D. Banton,,,,,,,,,,,,,,,,,,,,,,,,,,
254,PT07M12.00S,2024-11-23T01:54:39.1Z,2,REGULAR,substitution,in,[],1631101,,,1610612745,45,30,2024-11-23T01:54:49Z,2520000,False,,,0,,SUB in: S. Sharpe,[1631101],1610612757.0,POR,,,,Sharpe,S. Sharpe,,,,,,,,,,,,,,,,,,,,,,,,,,
255,PT07M07.00S,2024-11-23T01:55:03.3Z,2,REGULAR,foul,personal,[],1629057,,,1610612745,45,30,2024-11-23T01:55:11Z,2530000,False,,,0,,R. Williams III personal FOUL (2 PF),"[1629057, 1630578]",1610612757.0,POR,,,,Williams III,R. Williams III,,,,,In The Paint (Non-RA),0-8 Center,,,,,,,1626302.0,,,,,,,,2.0,0.0,Sengun,1630578.0,,
258,PT07M00.00S,2024-11-23T01:55:40.3Z,2,REGULAR,2pt,DUNK,['pointsinthepaint'],1630578,90.62089356110381,51.470588235294116,1610612745,47,30,2024-11-23T01:55:44Z,2560000,False,7.0,36.0,1,right,A. Sengun driving DUNK (4 PTS),[1630578],1610612745.0,HOU,driving,,,Sengun,A. Sengun,,,,,Restricted Area,0-8 Center,3.65,Made,,,,,,,4.0,,,,,,,,,,,
259,PT06M38.00S,2024-11-23T01:56:02.9Z,2,REGULAR,2pt,Layup,['pointsinthepaint'],1641739,6.521024967148489,46.07843137254902,1610612757,47,32,2024-11-23T01:56:10Z,2570000,False,20.0,9.0,1,left,T. Camara driving finger roll Layup (2 PTS) (S. Sharpe 1 AST),"[1641739, 1631101]",1610612757.0,POR,driving finger roll,,,Camara,T. Camara,,,,,Restricted Area,0-8 Center,2.15,Made,,,,,,,2.0,,,S. Sharpe,1631101.0,1.0,,,,,,
260,PT06M23.00S,2024-11-23T01:56:17.5Z,2,REGULAR,3pt,Jump Shot,[],1631106,94.30026281208936,3.1862745098039214,1610612745,47,32,2024-11-23T01:56:20Z,2580000,False,-234.0,1.0,1,right,MISS T. Eason 3PT,[1631106],1610612745.0,HOU,,,,Eason,T. Eason,,,,,Left Corner 3,24+ Left,23.41,Missed,,,,,,,,,,,,,,,,,,
261,PT06M21.00S,2024-11-23T01:56:19.5Z,2,REGULAR,rebound,defensive,[],1641739,,,1610612757,47,32,2024-11-23T01:56:20Z,2590000,False,,,0,,T. Camara REBOUND (Off:0 Def:2),[1641739],1610612757.0,POR,,,,Camara,T. Camara,,,,,Left Corner 3,24+ Left,,,260.0,2.0,2.0,0.0,,,,,,,,,,,,,,
262,PT06M14.00S,2024-11-23T01:56:26.6Z,2,REGULAR,3pt,Jump Shot,[],1641739,30.831143232588698,66.66666666666666,1610612757,47,35,2024-11-23T01:56:34Z,2600000,False,-83.0,237.0,1,left,T. Camara 25' 3PT pullup bank (5 PTS),[1641739],1610612757.0,POR,pullup bank,,,Camara,T. Camara,,,,,Above the Break 3,24+ Left Center,25.15,Made,,,,,,,5.0,,,,,,,,,,,
263,PT05M52.00S,2024-11-23T01:56:48.8Z,2,REGULAR,2pt,Layup,['pointsinthepaint'],1631095,89.30683311432325,44.85294117647059,1610612745,47,35,2024-11-23T01:56:57Z,2610000,False,-26.0,48.0,1,right,MISS J. Smith Jr. driving Layup - blocked,"[1631095, 1629057]",1610612745.0,HOU,driving,,,Smith Jr.,J. Smith Jr.,,,,,In The Paint (Non-RA),0-8 Center,5.44,Missed,,,,,,,,,,,,,,,,,Williams III,1629057.0
306,PT05M52.00S,2024-11-23T01:56:48.8Z,2,REGULAR,block,,[],1629057,,,1610612745,47,35,2024-11-23T02:02:59Z,2615000,False,,,0,,R. Williams III BLOCK (4 BLK),[1629057],1610612757.0,POR,,,,Williams III,R. Williams III,,,,,In The Paint (Non-RA),0-8 Center,,,,,,,,,,,,,,,,,,,,
264,PT05M49.00S,2024-11-23T01:56:51.8Z,2,REGULAR,rebound,offensive,[],1641708,,,1610612745,47,35,2024-11-23T01:56:57Z,2620000,False,,,0,,A. Thompson REBOUND (Off:2 Def:2),[1641708],1610612745.0,HOU,,,,Thompson,A. Thompson,,,,,In The Paint (Non-RA),0-8 Center,,,263.0,4.0,2.0,2.0,,,,,,,,,,,,,,
265,PT05M48.00S,2024-11-23T01:56:52.5Z,2,REGULAR,2pt,Layup,"['pointsinthepaint', '2ndchance']",1641708,91.27792378449409,45.588235294117645,1610612745,49,35,2024-11-23T01:57:00Z,2630000,False,-22.0,29.0,1,right,A. Thompson tip Layup (8 PTS),[1641708],1610612745.0,HOU,tip,,,Thompson,A. Thompson,,,,,Restricted Area,0-8 Center,3.69,Made,,,,,,,8.0,,,,,,,,,,,
266,PT05M39.00S,2024-11-23T01:57:07.8Z,2,REGULAR,foul,personal,[],1631095,,,1610612757,49,35,2024-11-23T01:57:14Z,2640000,False,,,0,,J. Smith Jr. personal FOUL (1 PF),"[1631095, 1631101]",1610612745.0,HOU,,,,Smith Jr.,J. Smith Jr.,,,,,Mid-Range,16-24 Right Center,,,,,,,202901.0,,,,,,,,1.0,0.0,Sharpe,1631101.0,,
268,PT05M39.00S,2024-11-23T01:57:13.8Z,2,REGULAR,substitution,out,[],1631106,,,1610612757,49,35,2024-11-23T01:57:22Z,2660000,False,,,0,,SUB out: T. Eason,[1631106],1610612745.0,HOU,,,,Eason,T. Eason,,,,,,,,,,,,,,,,,,,,,,,,,,
269,PT05M39.00S,2024-11-23T01:57:13.8Z,2,REGULAR,substitution,out,[],1629057,,,1610612757,49,35,2024-11-23T01:57:22Z,2670000,False,,,0,,SUB out: R. Williams III,[1629057],1610612757.0,POR,,,,Williams III,R. Williams III,,,,,,,,,,,,,,,,,,,,,,,,,,
270,PT05M39.00S,2024-11-23T01:57:13.8Z,2,REGULAR,substitution,in,[],1628415,,,1610612757,49,35,2024-11-23T01:57:22Z,2680000,False,,,0,,SUB in: D. Brooks,[1628415],1610612745.0,HOU,,,,Brooks,D. Brooks,,,,,,,,,,,,,,,,,,,,,,,,,,
271,PT05M39.00S,2024-11-23T01:57:13.8Z,2,REGULAR,substitution,in,[],1641871,,,1610612757,49,35,2024-11-23T01:57:22Z,2690000,False,,,0,,SUB in: D. Reath,[1641871],1610612757.0,POR,,,,Reath,D. Reath,,,,,,,,,,,,,,,,,,,,,,,,,,
272,PT05M32.00S,2024-11-23T01:57:33.2Z,2,REGULAR,3pt,Jump Shot,[],1630625,33.98488830486202,63.970588235294116,1610612757,49,35,2024-11-23T01:57:37Z,2700000,False,-70.0,267.0,1,left,MISS D. Banton 27' 3PT,[1630625],1610612757.0,POR,,,,Banton,D. Banton,,,,,Above the Break 3,24+ Center,27.6,Missed,,,,,,,,,,,,,,,,,,
273,PT05M31.00S,2024-11-23T01:57:36.1Z,2,REGULAR,rebound,defensive,['team'],0,,,1610612745,49,35,2024-11-23T01:57:36Z,2710000,False,,,0,,TEAM defensive REBOUND,[],1610612745.0,HOU,,,,,,,,,,Above the Break 3,24+ Center,,,272.0,,,,,,,,,,,,,,,,,
275,PT05M17.00S,2024-11-23T01:57:52.7Z,2,REGULAR,2pt,Jump Shot,[],1631095,77.21747700394218,41.17647058823529,1610612745,49,35,2024-11-23T01:57:57Z,2730000,False,-44.0,162.0,1,right,MISS J. Smith Jr. 16' pullup Shot,[1631095],1610612745.0,HOU,pullup,,,Smith Jr.,J. Smith Jr.,,,,,Mid-Range,16-24 Center,16.76,Missed,,,,,,,,,,,,,,,,,,
276,PT05M15.00S,2024-11-23T01:57:54.7Z,2,REGULAR,rebound,defensive,[],1630625,,,1610612757,49,35,2024-11-23T01:57:57Z,2740000,False,,,0,,D. Banton REBOUND (Off:0 Def:1),[1630625],1610612757.0,POR,,,,Banton,D. Banton,,,,,Mid-Range,16-24 Center,,,275.0,1.0,1.0,0.0,,,,,,,,,,,,,,
277,PT05M09.00S,2024-11-23T01:58:02.1Z,2,REGULAR,turnover,out-of-bounds,[],1630625,,,1610612757,49,35,2024-11-23T02:04:00Z,2750000,False,,,0,,D. Banton bad pass out-of-bounds TURNOVER (1 TO),[1630625],1610612757.0,POR,bad pass,,,Banton,D. Banton,,,,,Above the Break 3,24+ Left Center,,,,,,,1626302.0,1.0,,,,,,,,,,,,
278,PT04M54.00S,2024-11-23T01:58:26.9Z,2,REGULAR,turnover,traveling,[],1628415,,,1610612745,49,35,2024-11-23T01:58:32Z,2760000,False,,,0,,D. Brooks traveling TURNOVER (2 TO),[1628415],1610612745.0,HOU,,,,Brooks,D. Brooks,,,,,In The Paint (Non-RA),8-16 Right,,,,,,,203591.0,2.0,,,,,,,,,,,,
279,PT04M54.00S,2024-11-23T01:58:30.2Z,2,REGULAR,substitution,out,[],1630625,,,1610612757,49,35,2024-11-23T01:58:40Z,2770000,False,,,0,,SUB out: D. Banton,[1630625],1610612757.0,POR,,,,Banton,D. Banton,,,,,,,,,,,,,,,,,,,,,,,,,,
280,PT04M54.00S,2024-11-23T01:58:30.2Z,2,REGULAR,substitution,in,[],1630166,,,1610612757,49,35,2024-11-23T01:58:40Z,2780000,False,,,0,,SUB in: D. Avdija,[1630166],1610612757.0,POR,,,,Avdija,D. Avdija,,,,,,,,,,,,,,,,,,,,,,,,,,
282,PT04M40.00S,2024-11-23T01:58:56.7Z,2,REGULAR,2pt,Layup,"['pointsinthepaint', 'fromturnover']",1631101,6.258212877792378,54.166666666666664,1610612757,49,35,2024-11-23T01:59:03Z,2790000,False,-21.0,6.0,1,left,MISS S. Sharpe driving Layup,[1631101],1610612757.0,POR,driving,,,Sharpe,S. Sharpe,,,,,Restricted Area,0-8 Center,2.17,Missed,,,,,,,,,,,,,,,,,,
283,PT04M37.00S,2024-11-23T01:58:59.7Z,2,REGULAR,rebound,offensive,[],1641871,,,1610612757,49,35,2024-11-23T01:59:03Z,2800000,False,,,0,,D. Reath REBOUND (Off:1 Def:0),[1641871],1610612757.0,POR,,,,Reath,D. Reath,,,,,Restricted Area,0-8 Center,,,282.0,1.0,0.0,1.0,,,,,,,,,,,,,,
284,PT04M35.00S,2024-11-23T01:59:01.4Z,2,REGULAR,2pt,Layup,"['pointsinthepaint', 'fromturnover', '2ndchance']",1641871,5.732588699080158,53.92156862745098,1610612757,49,37,2024-11-23T01:59:06Z,2810000,False,-20.0,1.0,1,left,D. Reath putback Layup (2 PTS),[1641871],1610612757.0,POR,putback,,,Reath,D. Reath,,,,,Restricted Area,0-8 Center,1.96,Made,,,,,,,2.0,,,,,,,,,,,
285,PT04M23.00S,2024-11-23T01:59:14.2Z,2,REGULAR,2pt,Hook,['pointsinthepaint'],1630578,89.83245729303549,45.34313725490196,1610612745,51,37,2024-11-23T01:59:18Z,2820000,False,-23.0,43.0,1,right,A. Sengun turnaround Hook (6 PTS),[1630578],1610612745.0,HOU,turnaround,,,Sengun,A. Sengun,,,,,In The Paint (Non-RA),0-8 Center,4.9,Made,,,,,,,6.0,,,,,,,,,,,
286,PT04M15.00S,2024-11-23T01:59:26.0Z,2,REGULAR,foul,personal,[],1628415,,,1610612757,51,37,2024-11-23T01:59:35Z,2830000,False,,,0,,D. Brooks personal FOUL (1 PF),"[1628415, 1631101]",1610612745.0,HOU,,,,Brooks,D. Brooks,,,,,In The Paint (Non-RA),8-16 Center,,,,,,,202901.0,,,,,,,,1.0,0.0,Sharpe,1631101.0,,
288,PT04M15.00S,2024-11-23T01:59:41.8Z,2,REGULAR,substitution,out,[],1641708,,,1610612757,51,37,2024-11-23T01:59:50Z,2850000,False,,,0,,SUB out: A. Thompson,[1641708],1610612745.0,HOU,,,,Thompson,A. Thompson,,,,,,,,,,,,,,,,,,,,,,,,,,
289,PT04M15.00S,2024-11-23T01:59:41.8Z,2,REGULAR,substitution,in,[],1630224,,,1610612757,51,37,2024-11-23T01:59:50Z,2860000,False,,,0,,SUB in: J. Green,[1630224],1610612745.0,HOU,,,,Green,J. Green,,,,,,,,,,,,,,,,,,,,,,,,,,
290,PT04M10.00S,2024-11-23T02:00:00.4Z,2,REGULAR,2pt,Layup,['pointsinthepaint'],1631101,6.389618922470433,54.65686274509803,1610612757,51,39,2024-11-23T02:00:05Z,2870000,False,-23.0,8.0,1,left,S. Sharpe driving Layup (5 PTS),[1631101],1610612757.0,POR,driving,,,Sharpe,S. Sharpe,,,,,Restricted Area,0-8 Center,2.45,Made,,,,,,,5.0,,,,,,,,,,,
291,PT04M10.00S,2024-11-23T02:00:03.2Z,2,REGULAR,foul,personal,['1freethrow'],1630578,,,1610612757,51,39,2024-11-23T02:00:11Z,2880000,False,,,0,,A. Sengun shooting personal FOUL (1 PF) (Sharpe 1 FT),"[1630578, 1631101]",1610612745.0,HOU,shooting,,,Sengun,A. Sengun,,,,,Restricted Area,0-8 Center,,,,,,,203591.0,,,,,,,,1.0,0.0,Sharpe,1631101.0,,
293,PT04M10.00S,2024-11-23T02:00:28.5Z,2,REGULAR,freethrow,1 of 1,[],1631101,,,1610612757,51,40,2024-11-23T02:00:28Z,2900000,False,,,0,,S. Sharpe Free Throw 1 of 1 (6 PTS),[1631101],1610612757.0,POR,,,,Sharpe,S. Sharpe,,,,,,,,Made,,,,,,,6.0,,,,,,,,,,,
294,PT03M47.00S,2024-11-23T02:00:53.5Z,2,REGULAR,2pt,Layup,['pointsinthepaint'],1630578,91.27792378449409,44.11764705882353,1610612745,53,40,2024-11-23T02:00:57Z,2910000,False,-29.0,29.0,1,right,A. Sengun cutting Layup (8 PTS) (F. VanVleet 4 AST),"[1630578, 1627832]",1610612745.0,HOU,cutting,,,Sengun,A. Sengun,,,,,Restricted Area,0-8 Center,4.16,Made,,,,,,,8.0,,,F. VanVleet,1627832.0,4.0,,,,,,
296,PT03M32.00S,2024-11-23T02:01:08.2Z,2,REGULAR,3pt,Jump Shot,[],203924,12.959921156373195,97.79411764705883,1610612757,53,40,2024-11-23T02:01:12Z,2930000,False,-239.0,69.0,1,left,MISS J. Grant 24' 3PT,[203924],1610612757.0,POR,,,,Grant,J. Grant,,,,,Left Corner 3,24+ Left,24.88,Missed,,,,,,,,,,,,,,,,,,
297,PT03M31.00S,2024-11-23T02:01:09.2Z,2,REGULAR,rebound,defensive,[],1630578,,,1610612745,53,40,2024-11-23T02:01:12Z,2940000,False,,,0,,A. Sengun REBOUND (Off:0 Def:4),[1630578],1610612745.0,HOU,,,,Sengun,A. Sengun,,,,,Left Corner 3,24+ Left,,,296.0,4.0,4.0,0.0,,,,,,,,,,,,,,
298,PT03M14.00S,2024-11-23T02:01:26.9Z,2,REGULAR,2pt,Jump Shot,[],1630224,76.5604467805519,78.92156862745098,1610612745,55,40,2024-11-23T02:01:31Z,2950000,False,145.0,168.0,1,right,J. Green 22' step back Jump Shot (15 PTS),[1630224],1610612745.0,HOU,step back,,,Green,J. Green,,,,,Mid-Range,16-24 Right Center,22.15,Made,,,,,,,15.0,,,,,,,,,,,
299,PT02M57.00S,2024-11-23T02:01:44.0Z,2,REGULAR,2pt,Layup,['pointsinthepaint'],1631101,5.601182654402102,56.61764705882353,1610612757,55,40,2024-11-23T02:01:48Z,2960000,False,-33.0,0.0,1,left,MISS S. Sharpe driving Layup,[1631101],1610612757.0,POR,driving,,,Sharpe,S. Sharpe,,,,,Restricted Area,0-8 Center,3.31,Missed,,,,,,,,,,,,,,,,,,
300,PT02M54.00S,2024-11-23T02:01:47.0Z,2,REGULAR,rebound,defensive,[],1628415,,,1610612745,55,40,2024-11-23T02:10:27Z,2970000,False,,,0,,D. Brooks REBOUND (Off:1 Def:2),[1628415],1610612745.0,HOU,,,,Brooks,D. Brooks,,,,,Restricted Area,0-8 Center,,,299.0,3.0,2.0,1.0,,,,,,,,,,,,,,
303,PT02M48.00S,2024-11-23T02:01:56.0Z,2,REGULAR,foul,personal,[],1630166,,,1610612745,55,40,2024-11-23T02:02:09Z,3000000,False,,,0,,D. Avdija personal FOUL (2 PF),"[1630166, 1630224]",1610612757.0,POR,,,,Avdija,D. Avdija,,,,,Mid-Range,16-24 Center,,,,,,,1626302.0,,,,,,,,2.0,0.0,Green,1630224.0,,
305,PT02M48.00S,2024-11-23T02:02:26.5Z,2,REGULAR,timeout,full,"['team', 'mandatory']",0,,,1610612745,55,40,2024-11-23T02:02:26Z,3020000,False,,,0,,POR Timeout,[],1610612757.0,POR,,,,,,,,,,,,,,,,,,,,,,,,,,,,,,,
307,PT02M48.00S,2024-11-23T02:04:23.1Z,2,REGULAR,substitution,out,[],1630166,,,1610612745,55,40,2024-11-23T02:04:44Z,3030000,False,,,0,,SUB out: D. Avdija,[1630166],1610612757.0,POR,,,,Avdija,D. Avdija,,,,,,,,,,,,,,,,,,,,,,,,,,
308,PT02M48.00S,2024-11-23T02:04:23.1Z,2,REGULAR,substitution,in,[],1629014,,,1610612745,55,40,2024-11-23T02:04:44Z,3040000,False,,,0,,SUB in: A. Simons,[1629014],1610612757.0,POR,,,,Simons,A. Simons,,,,,,,,,,,,,,,,,,,,,,,,,,
309,PT02M39.00S,2024-11-23T02:05:04.5Z,2,REGULAR,turnover,bad pass,[],1630578,,,1610612745,55,40,2024-11-23T02:05:10Z,3050000,False,,,0,,A. Sengun bad pass TURNOVER (3 TO),"[1630578, 1631101]",1610612745.0,HOU,,,,Sengun,A. Sengun,,,,,In The Paint (Non-RA),0-8 Center,,,,,,,,3.0,,Sharpe,1631101.0,,,,,,,,,
310,PT02M39.00S,2024-11-23T02:05:04.5Z,2,REGULAR,steal,,[],1631101,,,1610612757,55,40,2024-11-23T02:05:06Z,3060000,False,,,0,,S. Sharpe STEAL (1 STL),[1631101],1610612757.0,POR,,,,Sharpe,S. Sharpe,,,,,In The Paint (Non-RA),0-8 Center,,,,,,,,,,,,,,,,,,,,
311,PT02M31.00S,2024-11-23T02:05:13.0Z,2,REGULAR,3pt,Jump Shot,['fromturnover'],1641871,16.113666228646515,4.166666666666666,1610612757,55,40,2024-11-23T02:05:27Z,3070000,False,229.0,99.0,1,left,MISS D. Reath 24' 3PT,[1641871],1610612757.0,POR,,,,Reath,D. Reath,,,,,Above the Break 3,24+ Right Center,24.97,Missed,,,,,,,,,,,,,,,,,,
312,PT02M28.00S,2024-11-23T02:05:15.5Z,2,REGULAR,rebound,offensive,[],1631101,,,1610612757,55,40,2024-11-23T02:05:15Z,3080000,False,,,0,,S. Sharpe REBOUND (Off:1 Def:0),[1631101],1610612757.0,POR,,,,Sharpe,S. Sharpe,,,,,Above the Break 3,24+ Right Center,,,311.0,1.0,0.0,1.0,,,,,,,,,,,,,,
313,PT02M24.00S,2024-11-23T02:05:22.4Z,2,REGULAR,foul,personal,"['inpenalty', '2freethrow']",1630224,,,1610612757,55,40,2024-11-23T02:05:31Z,3090000,False,,,0,,J. Green personal FOUL (1 PF) (Sharpe 2 FT),"[1630224, 1631101]",1610612745.0,HOU,,,,Green,J. Green,,,,,Mid-Range,8-16 Left,,,,,,,1626302.0,,,,,,,,1.0,0.0,Sharpe,1631101.0,,
315,PT02M24.00S,2024-11-23T02:05:50.2Z,2,REGULAR,freethrow,1 of 2,"['fromturnover', '2ndchance']",1631101,,,1610612757,55,41,2024-11-23T02:05:50Z,3110000,False,,,0,,S. Sharpe Free Throw 1 of 2 (7 PTS),[1631101],1610612757.0,POR,,,,Sharpe,S. Sharpe,,,,,,,,Made,,,,,,,7.0,,,,,,,,,,,
316,PT02M24.00S,2024-11-23T02:06:07.9Z,2,REGULAR,freethrow,2 of 2,"['fromturnover', '2ndchance']",1631101,,,1610612757,55,42,2024-11-23T02:06:07Z,3120000,False,,,0,,S. Sharpe Free Throw 2 of 2 (8 PTS),[1631101],1610612757.0,POR,,,,Sharpe,S. Sharpe,,,,,,,,Made,,,,,,,8.0,,,,,,,,,,,
317,PT02M09.00S,2024-11-23T02:06:26.8Z,2,REGULAR,foul,personal,"['inpenalty', '2freethrow']",203924,,,1610612745,55,42,2024-11-23T02:06:38Z,3130000,False,,,0,,J. Grant shooting personal FOUL (1 PF) (Brooks 2 FT),"[203924, 1628415]",1610612757.0,POR,shooting,,,Grant,J. Grant,,,,,In The Paint (Non-RA),0-8 Center,,,,,,,1626302.0,,,,,,,,1.0,0.0,Brooks,1628415.0,,
319,PT02M09.00S,2024-11-23T02:06:46.6Z,2,REGULAR,freethrow,1 of 2,[],1628415,,,1610612745,56,42,2024-11-23T02:07:08Z,3150000,False,,,0,,D. Brooks Free Throw 1 of 2 (7 PTS),[1628415],1610612745.0,HOU,,,,Brooks,D. Brooks,,,,,,,,Made,,,,,,,7.0,,,,,,,,,,,
320,PT02M09.00S,2024-11-23T02:06:48.9Z,2,REGULAR,substitution,out,[],1631095,,,1610612745,56,42,2024-11-23T02:06:57Z,3160000,False,,,0,,SUB out: J. Smith Jr.,[1631095],1610612745.0,HOU,,,,Smith Jr.,J. Smith Jr.,,,,,,,,,,,,,,,,,,,,,,,,,,
321,PT02M09.00S,2024-11-23T02:06:48.9Z,2,REGULAR,substitution,in,[],1631106,,,1610612745,56,42,2024-11-23T02:06:57Z,3170000,False,,,0,,SUB in: T. Eason,[1631106],1610612745.0,HOU,,,,Eason,T. Eason,,,,,,,,,,,,,,,,,,,,,,,,,,
322,PT02M09.00S,2024-11-23T02:06:46.6Z,2,REGULAR,freethrow,2 of 2,[],1628415,,,1610612745,56,42,2024-11-23T02:07:08Z,3180000,False,,,0,,MISS D. Brooks Free Throw 2 of 2,[1628415],1610612745.0,HOU,,,,Brooks,D. Brooks,,,,,,,,Missed,,,,,,,,,,,,,,,,,,
323,PT02M07.00S,2024-11-23T02:06:48.6Z,2,REGULAR,rebound,defensive,[],203924,,,1610612757,56,42,2024-11-23T02:07:08Z,3190000,False,,,0,,J. Grant REBOUND (Off:0 Def:1),[203924],1610612757.0,POR,,,,Grant,J. Grant,,,,,,,,,322.0,1.0,1.0,0.0,,,,,,,,,,,,,,
324,PT01M56.00S,2024-11-23T02:07:18.2Z,2,REGULAR,3pt,Jump Shot,[],1631101,32.276609724047304,66.66666666666666,1610612757,56,42,2024-11-23T02:07:25Z,3200000,False,-83.0,251.0,1,left,MISS S. Sharpe 26' pullup 3PT,[1631101],1610612757.0,POR,pullup,,,Sharpe,S. Sharpe,,,,,Above the Break 3,24+ Left Center,26.44,Missed,,,,,,,,,,,,,,,,,,
325,PT01M53.00S,2024-11-23T02:07:21.2Z,2,REGULAR,rebound,offensive,['team'],0,,,1610612757,56,42,2024-11-23T02:07:43Z,3210000,False,,,0,,TEAM offensive REBOUND,[],1610612757.0,POR,,,,,,,,,,Above the Break 3,24+ Left Center,,,324.0,,,,,,,,,,,,,,,,,
327,PT01M46.00S,2024-11-23T02:08:03.7Z,2,REGULAR,2pt,Layup,"['pointsinthepaint', '2ndchance']",1641739,6.652431011826544,50.245098039215684,1610612757,56,42,2024-11-23T02:08:08Z,3230000,False,-1.0,10.0,1,left,MISS T. Camara driving Layup,[1641739],1610612757.0,POR,driving,,,Camara,T. Camara,,,,,Restricted Area,0-8 Center,1.01,Missed,,,,,,,,,,,,,,,,,,
328,PT01M43.00S,2024-11-23T02:08:06.7Z,2,REGULAR,rebound,defensive,[],1631106,,,1610612745,56,42,2024-11-23T02:08:08Z,3240000,False,,,0,,T. Eason REBOUND (Off:0 Def:4),[1631106],1610612745.0,HOU,,,,Eason,T. Eason,,,,,Restricted Area,0-8 Center,,,327.0,4.0,4.0,0.0,,,,,,,,,,,,,,
329,PT01M40.00S,2024-11-23T02:08:09.6Z,2,REGULAR,2pt,Layup,"['pointsinthepaint', 'fastbreak']",1631106,92.06636005256242,53.431372549019606,1610612745,58,42,2024-11-23T02:08:16Z,3250000,False,17.0,22.0,1,right,T. Eason running Layup (12 PTS),[1631106],1610612745.0,HOU,running,,,Eason,T. Eason,,,,,Restricted Area,0-8 Center,2.8,Made,,,,,,,12.0,,,,,,,,,,,
330,PT01M30.00S,2024-11-23T02:08:21.5Z,2,REGULAR,2pt,Layup,['pointsinthepaint'],1629014,7.703679369250986,48.28431372549019,1610612757,58,44,2024-11-23T02:08:36Z,3260000,False,9.0,20.0,1,left,A. Simons driving Layup (2 PTS) (T. Camara 1 AST),"[1629014, 1641739]",1610612757.0,POR,driving,,,Simons,A. Simons,,,,,Restricted Area,0-8 Center,2.17,Made,,,,,,,2.0,,,T. Camara,1641739.0,1.0,,,,,,
331,PT01M30.00S,2024-11-23T02:08:31.7Z,2,REGULAR,foul,personal,"['inpenalty', '1freethrow']",1628415,,,1610612757,58,44,2024-11-23T02:08:39Z,3270000,False,,,0,,D. Brooks shooting personal FOUL (2 PF) (Simons 1 FT),"[1628415, 1629014]",1610612745.0,HOU,shooting,,,Brooks,D. Brooks,,,,,Restricted Area,0-8 Center,,,,,,,202901.0,,,,,,,,2.0,0.0,Simons,1629014.0,,
333,PT01M30.00S,2024-11-23T02:08:47.1Z,2,REGULAR,freethrow,1 of 1,[],1629014,,,1610612757,58,45,2024-11-23T02:08:47Z,3290000,False,,,0,,A. Simons Free Throw 1 of 1 (3 PTS),[1629014],1610612757.0,POR,,,,Simons,A. Simons,,,,,,,,Made,,,,,,,3.0,,,,,,,,,,,
334,PT01M16.00S,2024-11-23T02:09:04.2Z,2,REGULAR,2pt,Layup,['pointsinthepaint'],1628415,90.3580814717477,49.754901960784316,1610612745,60,45,2024-11-23T02:09:09Z,3300000,False,-1.0,38.0,1,right,D. Brooks driving finger roll Layup (9 PTS) (A. Sengun 1 AST),"[1628415, 1630578]",1610612745.0,HOU,driving finger roll,,,Brooks,D. Brooks,,,,,Restricted Area,0-8 Center,3.81,Made,,,,,,,9.0,,,A. Sengun,1630578.0,1.0,,,,,,
336,PT01M03.00S,2024-11-23T02:09:17.2Z,2,REGULAR,2pt,Layup,['pointsinthepaint'],1641739,7.5722733245729295,48.03921568627451,1610612757,60,45,2024-11-23T02:09:21Z,3320000,False,10.0,19.0,1,left,MISS T. Camara driving Layup,[1641739],1610612757.0,POR,driving,,,Camara,T. Camara,,,,,Restricted Area,0-8 Center,2.11,Missed,,,,,,,,,,,,,,,,,,
337,PT01M01.00S,2024-11-23T02:09:19.2Z,2,REGULAR,rebound,defensive,[],1628415,,,1610612745,60,45,2024-11-23T02:09:21Z,3330000,False,,,0,,D. Brooks REBOUND (Off:1 Def:3),[1628415],1610612745.0,HOU,,,,Brooks,D. Brooks,,,,,Restricted Area,0-8 Center,,,336.0,4.0,3.0,1.0,,,,,,,,,,,,,,
338,PT00M53.30S,2024-11-23T02:09:27.6Z,2,REGULAR,3pt,Jump Shot,[],1628415,66.3107752956636,65.68627450980392,1610612745,63,45,2024-11-23T02:09:31Z,3340000,False,78.0,264.0,1,right,D. Brooks 27' 3PT  (12 PTS) (A. Sengun 2 AST),"[1628415, 1630578]",1610612745.0,HOU,,,,Brooks,D. Brooks,,,,,Above the Break 3,24+ Center,27.56,Made,,,,,,,12.0,,,A. Sengun,1630578.0,2.0,,,,,,
340,PT00M33.40S,2024-11-23T02:09:51.6Z,2,REGULAR,2pt,Jump Shot,[],1629014,9.543363994743759,69.85294117647058,1610612757,63,45,2024-11-23T02:10:02Z,3360000,False,-99.0,37.0,1,left,MISS A. Simons 10' fadeaway Shot,[1629014],1610612757.0,POR,fadeaway,,,Simons,A. Simons,,,,,Mid-Range,8-16 Left,10.6,Missed,,,,,,,,,,,,,,,,,,
341,PT00M31.80S,2024-11-23T02:09:53.2Z,2,REGULAR,rebound,defensive,[],1630578,,,1610612745,63,45,2024-11-23T02:10:02Z,3370000,False,,,0,,A. Sengun REBOUND (Off:0 Def:5),[1630578],1610612745.0,HOU,,,,Sengun,A. Sengun,,,,,Mid-Range,8-16 Left,,,340.0,5.0,5.0,0.0,,,,,,,,,,,,,,
342,PT00M28.60S,2024-11-23T02:09:56.9Z,2,REGULAR,foul,personal,"['inpenalty', '2freethrow']",1641871,,,1610612745,63,45,2024-11-23T02:10:06Z,3380000,False,,,0,,D. Reath shooting personal FOUL (1 PF) (Green 2 FT),"[1641871, 1630224]",1610612757.0,POR,shooting,,,Reath,D. Reath,,,,,Restricted Area,0-8 Center,,,,,,,1626302.0,,,,,,,,1.0,0.0,Green,1630224.0,,
344,PT00M28.60S,2024-11-23T02:10:20.5Z,2,REGULAR,freethrow,1 of 2,['fastbreak'],1630224,,,1610612745,64,45,2024-11-23T02:10:20Z,3400000,False,,,0,,J. Green Free Throw 1 of 2 (16 PTS),[1630224],1610612745.0,HOU,,,,Green,J. Green,,,,,,,,Made,,,,,,,16.0,,,,,,,,,,,
345,PT00M28.60S,2024-11-23T02:10:22.5Z,2,REGULAR,substitution,out,[],1630578,,,1610612745,64,45,2024-11-23T02:10:39Z,3410000,False,,,0,,SUB out: A. Sengun,[1630578],1610612745.0,HOU,,,,Sengun,A. Sengun,,,,,,,,,,,,,,,,,,,,,,,,,,
346,PT00M28.60S,2024-11-23T02:10:22.5Z,2,REGULAR,substitution,out,[],1641871,,,1610612745,64,45,2024-11-23T02:10:39Z,3420000,False,,,0,,SUB out: D. Reath,[1641871],1610612757.0,POR,,,,Reath,D. Reath,,,,,,,,,,,,,,,,,,,,,,,,,,
347,PT00M28.60S,2024-11-23T02:10:22.5Z,2,REGULAR,substitution,in,[],1641708,,,1610612745,64,45,2024-11-23T02:10:39Z,3430000,False,,,0,,SUB in: A. Thompson,[1641708],1610612745.0,HOU,,,,Thompson,A. Thompson,,,,,,,,,,,,,,,,,,,,,,,,,,
348,PT00M28.60S,2024-11-23T02:10:22.5Z,2,REGULAR,substitution,in,[],1630166,,,1610612745,64,45,2024-11-23T02:10:39Z,3440000,False,,,0,,SUB in: D. Avdija,[1630166],1610612757.0,POR,,,,Avdija,D. Avdija,,,,,,,,,,,,,,,,,,,,,,,,,,
349,PT00M28.60S,2024-11-23T02:10:43.9Z,2,REGULAR,freethrow,2 of 2,['fastbreak'],1630224,,,1610612745,65,45,2024-11-23T02:10:43Z,3450000,False,,,0,,J. Green Free Throw 2 of 2 (17 PTS),[1630224],1610612745.0,HOU,,,,Green,J. Green,,,,,,,,Made,,,,,,,17.0,,,,,,,,,,,
350,PT00M09.80S,2024-11-23T02:11:06.1Z,2,REGULAR,turnover,bad pass,[],1629014,,,1610612757,65,45,2024-11-23T02:11:18Z,3460000,False,,,0,,A. Simons bad pass TURNOVER (3 TO),"[1629014, 1627832]",1610612757.0,POR,,,,Simons,A. Simons,,,,,Mid-Range,16-24 Right Center,,,,,,,,3.0,,VanVleet,1627832.0,,,,,,,,,
351,PT00M09.80S,2024-11-23T02:11:06.1Z,2,REGULAR,steal,,[],1627832,,,1610612745,65,45,2024-11-23T02:11:07Z,3470000,False,,,0,,F. VanVleet STEAL (2 STL),[1627832],1610612745.0,HOU,,,,VanVleet,F. VanVleet,,,,,Mid-Range,16-24 Right Center,,,,,,,,,,,,,,,,,,,,
352,PT00M03.90S,2024-11-23T02:11:11.9Z,2,REGULAR,3pt,Jump Shot,"['fromturnover', 'fastbreak']",1631106,86.41590013140605,95.09803921568627,1610612745,65,45,2024-11-23T02:15:31Z,3480000,False,225.0,75.0,1,right,MISS T. Eason running 3PT,[1631106],1610612745.0,HOU,running,,,Eason,T. Eason,,,,,Right Corner 3,24+ Right,23.77,Missed,,,,,,,,,,,,,,,,,,
353,PT00M00.60S,2024-11-23T02:11:15.2Z,2,REGULAR,rebound,offensive,[],1630224,,,1610612745,65,45,2024-11-23T02:11:15Z,3490000,False,,,0,,J. Green REBOUND (Off:1 Def:0),[1630224],1610612745.0,HOU,,,,Green,J. Green,,,,,Right Corner 3,24+ Right,,,352.0,1.0,0.0,1.0,,,,,,,,,,,,,,
354,PT00M00.20S,2024-11-23T02:11:16.8Z,2,REGULAR,3pt,Jump Shot,"['fromturnover', '2ndchance']",1630224,65.65374507227332,31.372549019607842,1610612745,65,45,2024-11-23T02:15:57Z,3500000,False,-93.0,270.0,1,right,MISS J. Green 28' 3PT,[1630224],1610612745.0,HOU,,,,Green,J. Green,,,,,Above the Break 3,24+ Left Center,28.6,Missed,,,,,,,,,,,,,,,,,,
355,PT00M00.10S,2024-11-23T02:11:16.9Z,2,REGULAR,rebound,offensive,['team'],0,,,1610612745,65,45,2024-11-23T02:11:38Z,3510000,False,,,0,,TEAM offensive REBOUND,[],1610612745.0,HOU,,,,,,,,,,Above the Break 3,24+ Left Center,,,354.0,,,,,,,,,,,,,,,,,
356,PT00M00.00S,2024-11-23T02:11:40.5Z,2,REGULAR,period,end,[],0,,,1610612745,65,45,2024-11-23T02:11:40Z,3520000,False,,,0,,Period End,[],,,,,,,,,,,,,,,,,,,,,,,,,,,,,,,,,
357,PT12M00.00S,2024-11-23T02:26:14.0Z,3,REGULAR,substitution,out,['startperiod'],1631106,,,1610612745,65,45,2024-11-23T02:26:25Z,3530000,False,,,0,,SUB out: T. Eason,[1631106],1610612745.0,HOU,,,,Eason,T. Eason,,,,,,,,,,,,,,,,,,,,,,,,,,
358,PT12M00.00S,2024-11-23T02:26:14.0Z,3,REGULAR,substitution,out,['startperiod'],1641708,,,1610612745,65,45,2024-11-23T02:26:25Z,3540000,False,,,0,,SUB out: A. Thompson,[1641708],1610612745.0,HOU,,,,Thompson,A. Thompson,,,,,,,,,,,,,,,,,,,,,,,,,,
359,PT12M00.00S,2024-11-23T02:26:14.0Z,3,REGULAR,substitution,out,['startperiod'],1630166,,,1610612745,65,45,2024-11-23T02:26:25Z,3550000,False,,,0,,SUB out: D. Avdija,[1630166],1610612757.0,POR,,,,Avdija,D. Avdija,,,,,,,,,,,,,,,,,,,,,,,,,,
360,PT12M00.00S,2024-11-23T02:26:14.0Z,3,REGULAR,substitution,in,['startperiod'],1631095,,,1610612745,65,45,2024-11-23T02:26:25Z,3560000,False,,,0,,SUB in: J. Smith Jr.,[1631095],1610612745.0,HOU,,,,Smith Jr.,J. Smith Jr.,,,,,,,,,,,,,,,,,,,,,,,,,,
361,PT12M00.00S,2024-11-23T02:26:14.0Z,3,REGULAR,substitution,in,['startperiod'],1630578,,,1610612745,65,45,2024-11-23T02:26:25Z,3570000,False,,,0,,SUB in: A. Sengun,[1630578],1610612745.0,HOU,,,,Sengun,A. Sengun,,,,,,,,,,,,,,,,,,,,,,,,,,
362,PT12M00.00S,2024-11-23T02:26:14.0Z,3,REGULAR,substitution,in,['startperiod'],1642270,,,1610612745,65,45,2024-11-23T02:26:25Z,3580000,False,,,0,,SUB in: D. Clingan,[1642270],1610612757.0,POR,,,,Clingan,D. Clingan,,,,,,,,,,,,,,,,,,,,,,,,,,
363,PT12M00.00S,2024-11-23T02:26:31.6Z,3,REGULAR,period,start,[],0,,,1610612745,65,45,2024-11-23T02:26:31Z,3590000,False,,,0,,Period Start,[],,,,,,,,,,,,,,,,,,,,,,,,,,,,,,,,,
364,PT11M37.00S,2024-11-23T02:26:53.2Z,3,REGULAR,turnover,bad pass,[],1627832,,,1610612745,65,45,2024-11-23T02:26:56Z,3600000,False,,,0,,F. VanVleet bad pass TURNOVER (1 TO),"[1627832, 1631101]",1610612745.0,HOU,,,,VanVleet,F. VanVleet,,,,,In The Paint (Non-RA),8-16 Center,,,,,,,,1.0,,Sharpe,1631101.0,,,,,,,,,
365,PT11M37.00S,2024-11-23T02:26:53.2Z,3,REGULAR,steal,,[],1631101,,,1610612757,65,45,2024-11-23T02:26:54Z,3610000,False,,,0,,S. Sharpe STEAL (2 STL),[1631101],1610612757.0,POR,,,,Sharpe,S. Sharpe,,,,,In The Paint (Non-RA),8-16 Center,,,,,,,,,,,,,,,,,,,,
366,PT11M31.00S,2024-11-23T02:26:59.3Z,3,REGULAR,2pt,Jump Shot,"['fastbreak', 'pointsinthepaint', 'fromturnover']",1631101,85.3646517739816,36.76470588235294,1610612757,65,45,2024-11-23T02:34:02Z,3620000,False,-66.0,85.0,1,right,MISS S. Sharpe 10' running pullup Shot,[1631101],1610612757.0,POR,running pullup,,,Sharpe,S. Sharpe,,,,,In The Paint (Non-RA),8-16 Left,10.78,Missed,,,,,,,,,,,,,,,,,,
367,PT11M29.00S,2024-11-23T02:27:01.3Z,3,REGULAR,rebound,defensive,[],1627832,,,1610612745,65,45,2024-11-23T02:27:10Z,3630000,False,,,0,,F. VanVleet REBOUND (Off:0 Def:2),[1627832],1610612745.0,HOU,,,,VanVleet,F. VanVleet,,,,,In The Paint (Non-RA),8-16 Left,,,366.0,2.0,2.0,0.0,,,,,,,,,,,,,,
368,PT11M25.00S,2024-11-23T02:27:05.2Z,3,REGULAR,2pt,Layup,"['pointsinthepaint', 'fastbreak']",1631095,7.835085413929041,42.8921568627451,1610612745,67,45,2024-11-23T02:27:15Z,3640000,False,36.0,21.0,1,left,J. Smith Jr. running Layup (5 PTS) (F. VanVleet 5 AST),"[1631095, 1627832]",1610612745.0,HOU,running,,,Smith Jr.,J. Smith Jr.,,,,,Restricted Area,0-8 Center,4.13,Made,,,,,,,5.0,,,F. VanVleet,1627832.0,5.0,,,,,,
370,PT11M08.00S,2024-11-23T02:27:22.6Z,3,REGULAR,2pt,DUNK,['pointsinthepaint'],1642270,92.32917214191852,54.166666666666664,1610612757,67,47,2024-11-23T02:27:27Z,3660000,False,21.0,20.0,1,right,D. Clingan cutting DUNK (7 PTS) (T. Camara 2 AST),"[1642270, 1641739]",1610612757.0,POR,cutting,,,Clingan,D. Clingan,,,,,Restricted Area,0-8 Center,2.86,Made,,,,,,,7.0,,,T. Camara,1641739.0,2.0,,,,,,
372,PT10M55.00S,2024-11-23T02:27:35.1Z,3,REGULAR,2pt,Layup,['pointsinthepaint'],1630224,6.389618922470433,48.77450980392157,1610612745,67,47,2024-11-23T02:30:30Z,3680000,False,6.0,8.0,1,left,MISS J. Green driving Layup,[1630224],1610612745.0,HOU,driving,,,Green,J. Green,,,,,Restricted Area,0-8 Center,0.97,Missed,,,,,,,,,,,,,,,,,,
373,PT10M53.00S,2024-11-23T02:27:37.7Z,3,REGULAR,rebound,offensive,[],1630578,,,1610612745,67,47,2024-11-23T02:27:37Z,3690000,False,,,0,,A. Sengun REBOUND (Off:1 Def:5),[1630578],1610612745.0,HOU,,,,Sengun,A. Sengun,,,,,Restricted Area,0-8 Center,,,372.0,6.0,5.0,1.0,,,,,,,,,,,,,,
374,PT10M52.00S,2024-11-23T02:27:38.5Z,3,REGULAR,2pt,Layup,"['pointsinthepaint', '2ndchance']",1630578,6.783837056504599,49.01960784313725,1610612745,69,47,2024-11-23T02:30:52Z,3700000,False,5.0,11.0,1,left,A. Sengun putback Layup (10 PTS),[1630578],1610612745.0,HOU,putback,,,Sengun,A. Sengun,,,,,Restricted Area,0-8 Center,1.23,Made,,,,,,,10.0,,,,,,,,,,,
376,PT10M43.00S,2024-11-23T02:27:46.8Z,3,REGULAR,3pt,Jump Shot,[],1629014,74.32654402102497,85.29411764705883,1610612757,69,50,2024-11-23T02:27:53Z,3710000,False,176.0,189.0,1,right,A. Simons 25' 3PT  (6 PTS) (D. Clingan 1 AST),"[1629014, 1642270]",1610612757.0,POR,,,,Simons,A. Simons,,,,,Above the Break 3,24+ Right Center,25.85,Made,,,,,,,6.0,,,D. Clingan,1642270.0,1.0,,,,,,
378,PT10M26.00S,2024-11-23T02:28:04.2Z,3,REGULAR,2pt,Layup,['pointsinthepaint'],1630578,5.338370565045992,53.431372549019606,1610612745,69,50,2024-11-23T02:28:09Z,3730000,False,-17.0,-2.0,1,left,MISS A. Sengun driving Layup - blocked,"[1630578, 1642270]",1610612745.0,HOU,driving,,,Sengun,A. Sengun,,,,,Restricted Area,0-8 Center,1.74,Missed,,,,,,,,,,,,,,,,,Clingan,1642270.0
379,PT10M26.00S,2024-11-23T02:28:04.2Z,3,REGULAR,block,,[],1642270,,,1610612745,69,50,2024-11-23T02:28:06Z,3740000,False,,,0,,D. Clingan BLOCK (1 BLK),[1642270],1610612757.0,POR,,,,Clingan,D. Clingan,,,,,Restricted Area,0-8 Center,,,,,,,,,,,,,,,,,,,,
380,PT10M24.00S,2024-11-23T02:28:06.2Z,3,REGULAR,rebound,defensive,[],1641739,,,1610612757,69,50,2024-11-23T02:28:09Z,3750000,False,,,0,,T. Camara REBOUND (Off:0 Def:3),[1641739],1610612757.0,POR,,,,Camara,T. Camara,,,,,Restricted Area,0-8 Center,,,378.0,3.0,3.0,0.0,,,,,,,,,,,,,,
381,PT10M22.00S,2024-11-23T02:28:10.3Z,3,REGULAR,foul,personal,[],1631095,,,1610612757,69,50,2024-11-23T02:28:15Z,3760000,False,,,0,,J. Smith Jr. personal FOUL (2 PF),"[1631095, 1631101]",1610612745.0,HOU,,,,Smith Jr.,J. Smith Jr.,,,,,In The Paint (Non-RA),0-8 Center,,,,,,,202901.0,,,,,,,,2.0,0.0,Sharpe,1631101.0,,
383,PT10M13.00S,2024-11-23T02:28:41.4Z,3,REGULAR,2pt,Hook,['pointsinthepaint'],1641739,92.46057818659659,55.14705882352941,1610612757,69,50,2024-11-23T02:28:46Z,3780000,False,26.0,18.0,1,right,MISS T. Camara driving Hook,[1641739],1610612757.0,POR,driving,,,Camara,T. Camara,,,,,Restricted Area,0-8 Center,3.16,Missed,,,,,,,,,,,,,,,,,,
384,PT10M11.00S,2024-11-23T02:28:43.4Z,3,REGULAR,rebound,defensive,[],1630578,,,1610612745,69,50,2024-11-23T02:28:46Z,3790000,False,,,0,,A. Sengun REBOUND (Off:1 Def:6),[1630578],1610612745.0,HOU,,,,Sengun,A. Sengun,,,,,Restricted Area,0-8 Center,,,383.0,7.0,6.0,1.0,,,,,,,,,,,,,,
385,PT10M07.00S,2024-11-23T02:28:48.0Z,3,REGULAR,3pt,Jump Shot,['fastbreak'],1631095,31.09395532194481,32.35294117647059,1610612745,69,50,2024-11-23T02:33:02Z,3800000,False,88.0,240.0,1,left,MISS J. Smith Jr. 25' running pullup 3PT,[1631095],1610612745.0,HOU,running pullup,,,Smith Jr.,J. Smith Jr.,,,,,Above the Break 3,24+ Right Center,25.55,Missed,,,,,,,,,,,,,,,,,,
386,PT10M04.00S,2024-11-23T02:28:51.0Z,3,REGULAR,rebound,defensive,[],203924,,,1610612757,69,50,2024-11-23T02:28:54Z,3810000,False,,,0,,J. Grant REBOUND (Off:0 Def:2),[203924],1610612757.0,POR,,,,Grant,J. Grant,,,,,Above the Break 3,24+ Right Center,,,385.0,2.0,2.0,0.0,,,,,,,,,,,,,,
387,PT10M00.00S,2024-11-23T02:28:54.7Z,3,REGULAR,2pt,Layup,"['pointsinthepaint', 'fastbreak']",203924,92.9862023653088,53.92156862745098,1610612757,69,50,2024-11-23T02:34:45Z,3820000,False,20.0,13.0,1,right,MISS J. Grant running Layup,[203924],1610612757.0,POR,running,,,Grant,J. Grant,,,,,Restricted Area,0-8 Center,2.37,Missed,,,,,,,,,,,,,,,,,,
388,PT09M59.00S,2024-11-23T02:28:55.7Z,3,REGULAR,rebound,defensive,[],1631095,,,1610612745,69,50,2024-11-23T02:29:12Z,3830000,False,,,0,,J. Smith Jr. REBOUND (Off:0 Def:2),[1631095],1610612745.0,HOU,,,,Smith Jr.,J. Smith Jr.,,,,,Restricted Area,0-8 Center,,,387.0,2.0,2.0,0.0,,,,,,,,,,,,,,
389,PT09M48.00S,2024-11-23T02:29:07.3Z,3,REGULAR,3pt,Jump Shot,[],1628415,28.597240473061763,75.73529411764706,1610612745,72,50,2024-11-23T02:29:16Z,3840000,False,-129.0,216.0,1,left,D. Brooks 25' 3PT pullup (15 PTS) (F. VanVleet 6 AST),"[1628415, 1627832]",1610612745.0,HOU,pullup,,,Brooks,D. Brooks,,,,,Above the Break 3,24+ Left Center,25.17,Made,,,,,,,15.0,,,F. VanVleet,1627832.0,6.0,,,,,,
391,PT09M28.00S,2024-11-23T02:29:26.2Z,3,REGULAR,3pt,Jump Shot,[],1641739,67.36202365308804,65.44117647058823,1610612757,72,50,2024-11-23T02:29:32Z,3860000,False,77.0,254.0,1,right,MISS T. Camara 26' 3PT,[1641739],1610612757.0,POR,,,,Camara,T. Camara,,,,,Above the Break 3,24+ Center,26.58,Missed,,,,,,,,,,,,,,,,,,
392,PT09M26.00S,2024-11-23T02:29:28.2Z,3,REGULAR,rebound,offensive,['team'],0,,,1610612757,72,50,2024-11-23T02:29:32Z,3870000,False,,,0,,TEAM offensive REBOUND,[],1610612757.0,POR,,,,,,,,,,Above the Break 3,24+ Center,,,391.0,,,,,,,,,,,,,,,,,
394,PT09M21.00S,2024-11-23T02:29:55.2Z,3,REGULAR,3pt,Jump Shot,['2ndchance'],1641739,69.85873850197109,76.7156862745098,1610612757,72,50,2024-11-23T02:29:58Z,3890000,False,134.0,231.0,1,right,MISS T. Camara 26' 3PT,[1641739],1610612757.0,POR,,,,Camara,T. Camara,,,,,Above the Break 3,24+ Right Center,26.67,Missed,,,,,,,,,,,,,,,,,,
395,PT09M19.00S,2024-11-23T02:29:57.2Z,3,REGULAR,rebound,defensive,[],1630224,,,1610612745,72,50,2024-11-23T02:29:58Z,3900000,False,,,0,,J. Green REBOUND (Off:1 Def:1),[1630224],1610612745.0,HOU,,,,Green,J. Green,,,,,Above the Break 3,24+ Right Center,,,394.0,2.0,1.0,1.0,,,,,,,,,,,,,,
396,PT09M09.00S,2024-11-23T02:30:07.6Z,3,REGULAR,2pt,Jump Shot,['pointsinthepaint'],1631095,12.171484888304862,38.23529411764706,1610612745,72,50,2024-11-23T02:37:04Z,3910000,False,59.0,62.0,1,left,MISS J. Smith Jr. 8' Jump Shot,[1631095],1610612745.0,HOU,,,,Smith Jr.,J. Smith Jr.,,,,,In The Paint (Non-RA),8-16 Right,8.54,Missed,,,,,,,,,,,,,,,,,,
397,PT09M06.00S,2024-11-23T02:30:10.6Z,3,REGULAR,rebound,defensive,[],203924,,,1610612757,72,50,2024-11-23T02:30:11Z,3920000,False,,,0,,J. Grant REBOUND (Off:0 Def:3),[203924],1610612757.0,POR,,,,Grant,J. Grant,,,,,In The Paint (Non-RA),8-16 Right,,,396.0,3.0,3.0,0.0,,,,,,,,,,,,,,
398,PT09M00.00S,2024-11-23T02:30:16.0Z,3,REGULAR,3pt,Jump Shot,[],203924,68.9388961892247,75.98039215686273,1610612757,72,50,2024-11-23T02:30:35Z,3930000,False,130.0,239.0,1,right,MISS J. Grant 27' 3PT,[203924],1610612757.0,POR,,,,Grant,J. Grant,,,,,Above the Break 3,24+ Right Center,27.25,Missed,,,,,,,,,,,,,,,,,,
399,PT08M57.00S,2024-11-23T02:30:19.0Z,3,REGULAR,rebound,defensive,['team'],0,,,1610612745,72,50,2024-11-23T02:30:35Z,3940000,False,,,0,,TEAM defensive REBOUND,[],1610612745.0,HOU,,,,,,,,,,Above the Break 3,24+ Right Center,,,398.0,,,,,,,,,,,,,,,,,
400,PT08M57.00S,2024-11-23T02:30:22.3Z,3,REGULAR,foul,personal,[],1642270,,,1610612745,72,50,2024-11-23T02:30:43Z,3950000,False,,,0,,D. Clingan loose ball personal FOUL (4 PF),"[1642270, 1631095]",1610612757.0,POR,loose ball,,,Clingan,D. Clingan,,,,,In The Paint (Non-RA),0-8 Center,,,,,,,1626302.0,,,,,,,,4.0,0.0,Smith Jr.,1631095.0,,
402,PT08M45.00S,2024-11-23T02:30:48.9Z,3,REGULAR,3pt,Jump Shot,[],1628415,32.14520367936925,49.01960784313725,1610612745,75,50,2024-11-23T02:38:06Z,3970000,False,5.0,250.0,1,left,D. Brooks 24' 3PT step back (18 PTS) (F. VanVleet 7 AST),"[1628415, 1627832]",1610612745.0,HOU,step back,,,Brooks,D. Brooks,,,,,Above the Break 3,24+ Center,24.97,Made,,,,,,,18.0,,,F. VanVleet,1627832.0,7.0,,,,,,
404,PT08M43.00S,2024-11-23T02:30:56.8Z,3,REGULAR,timeout,full,"['team', 'mandatory']",0,,,1610612757,75,50,2024-11-23T02:30:56Z,3990000,False,,,0,,POR Timeout,[],1610612757.0,POR,,,,,,,,,,,,,,,,,,,,,,,,,,,,,,,
405,PT08M43.00S,2024-11-23T02:33:28.4Z,3,REGULAR,substitution,out,[],1642270,,,1610612757,75,50,2024-11-23T02:33:41Z,4000000,False,,,0,,SUB out: D. Clingan,[1642270],1610612757.0,POR,,,,Clingan,D. Clingan,,,,,,,,,,,,,,,,,,,,,,,,,,
406,PT08M43.00S,2024-11-23T02:33:28.4Z,3,REGULAR,substitution,in,[],1630166,,,1610612757,75,50,2024-11-23T02:33:41Z,4010000,False,,,0,,SUB in: D. Avdija,[1630166],1610612757.0,POR,,,,Avdija,D. Avdija,,,,,,,,,,,,,,,,,,,,,,,,,,
407,PT08M30.00S,2024-11-23T02:34:00.2Z,3,REGULAR,turnover,out-of-bounds,[],1629014,,,1610612757,75,50,2024-11-23T02:34:08Z,4020000,False,,,0,,A. Simons bad pass out-of-bounds TURNOVER (4 TO),[1629014],1610612757.0,POR,bad pass,,,Simons,A. Simons,,,,,Right Corner 3,24+ Right,,,,,,,1626302.0,4.0,,,,,,,,,,,,
408,PT08M09.00S,2024-11-23T02:34:24.0Z,3,REGULAR,2pt,Jump Shot,['fromturnover'],1628415,5.601182654402102,75.49019607843137,1610612745,77,50,2024-11-23T02:34:31Z,4030000,False,-127.0,0.0,1,left,D. Brooks 12' pullup Jump Shot (20 PTS),[1628415],1610612745.0,HOU,pullup,,,Brooks,D. Brooks,,,,,Mid-Range,8-16 Left,12.75,Made,,,,,,,20.0,,,,,,,,,,,
409,PT07M57.00S,2024-11-23T02:34:38.1Z,3,REGULAR,foul,personal,['2freethrow'],1631095,,,1610612757,77,50,2024-11-23T02:34:51Z,4040000,False,,,0,,J. Smith Jr. shooting personal FOUL (3 PF) (Simons 2 FT),"[1631095, 1629014]",1610612745.0,HOU,shooting,,,Smith Jr.,J. Smith Jr.,,,,,Restricted Area,0-8 Center,,,,,,,203591.0,,,,,,,,3.0,0.0,Simons,1629014.0,,
411,PT07M57.00S,2024-11-23T02:35:04.4Z,3,REGULAR,freethrow,1 of 2,[],1629014,,,1610612757,77,51,2024-11-23T02:35:04Z,4060000,False,,,0,,A. Simons Free Throw 1 of 2 (7 PTS),[1629014],1610612757.0,POR,,,,Simons,A. Simons,,,,,,,,Made,,,,,,,7.0,,,,,,,,,,,
412,PT07M57.00S,2024-11-23T02:35:18.4Z,3,REGULAR,freethrow,2 of 2,[],1629014,,,1610612757,77,52,2024-11-23T02:35:18Z,4070000,False,,,0,,A. Simons Free Throw 2 of 2 (8 PTS),[1629014],1610612757.0,POR,,,,Simons,A. Simons,,,,,,,,Made,,,,,,,8.0,,,,,,,,,,,
413,PT07M45.00S,2024-11-23T02:35:31.3Z,3,REGULAR,2pt,DUNK,['pointsinthepaint'],1630578,6.521024967148489,51.9607843137255,1610612745,79,52,2024-11-23T02:35:36Z,4080000,False,-10.0,9.0,1,left,A. Sengun driving DUNK (12 PTS) (F. VanVleet 8 AST),"[1630578, 1627832]",1610612745.0,HOU,driving,,,Sengun,A. Sengun,,,,,Restricted Area,0-8 Center,1.32,Made,,,,,,,12.0,,,F. VanVleet,1627832.0,8.0,,,,,,
415,PT07M39.00S,2024-11-23T02:35:39.7Z,3,REGULAR,foul,personal,[],1627832,,,1610612757,79,52,2024-11-23T02:35:49Z,4100000,False,,,0,,F. VanVleet personal FOUL (2 PF),"[1627832, 1629014]",1610612745.0,HOU,,,,VanVleet,F. VanVleet,,,,,Mid-Range,16-24 Left Center,,,,,,,202901.0,,,,,,,,2.0,0.0,Simons,1629014.0,,
417,PT07M34.00S,2024-11-23T02:36:12.8Z,3,REGULAR,foul,personal,['2freethrow'],1628415,,,1610612757,79,52,2024-11-23T02:36:27Z,4120000,False,,,0,,D. Brooks shooting personal FOUL (3 PF) (Sharpe 2 FT),"[1628415, 1631101]",1610612745.0,HOU,shooting,,,Brooks,D. Brooks,,,,,Restricted Area,0-8 Center,,,,,,,203591.0,,,,,,,,3.0,0.0,Sharpe,1631101.0,,
419,PT07M34.00S,2024-11-23T02:36:37.2Z,3,REGULAR,freethrow,1 of 2,[],1631101,,,1610612757,79,53,2024-11-23T02:36:37Z,4140000,False,,,0,,S. Sharpe Free Throw 1 of 2 (9 PTS),[1631101],1610612757.0,POR,,,,Sharpe,S. Sharpe,,,,,,,,Made,,,,,,,9.0,,,,,,,,,,,
420,PT07M34.00S,2024-11-23T02:36:57.4Z,3,REGULAR,freethrow,2 of 2,[],1631101,,,1610612757,79,54,2024-11-23T02:36:57Z,4150000,False,,,0,,S. Sharpe Free Throw 2 of 2 (10 PTS),[1631101],1610612757.0,POR,,,,Sharpe,S. Sharpe,,,,,,,,Made,,,,,,,10.0,,,,,,,,,,,
421,PT07M19.00S,2024-11-23T02:37:15.1Z,3,REGULAR,2pt,Jump Shot,['pointsinthepaint'],1630224,12.697109067017081,37.745098039215684,1610612745,79,54,2024-11-23T02:37:21Z,4160000,False,61.0,67.0,1,left,MISS J. Green 9' turnaround fadeaway Shot,[1630224],1610612745.0,HOU,turnaround fadeaway,,,Green,J. Green,,,,,In The Paint (Non-RA),8-16 Right,9.07,Missed,,,,,,,,,,,,,,,,,,
422,PT07M16.00S,2024-11-23T02:37:18.1Z,3,REGULAR,rebound,defensive,[],1629014,,,1610612757,79,54,2024-11-23T02:37:21Z,4170000,False,,,0,,A. Simons REBOUND (Off:0 Def:2),[1629014],1610612757.0,POR,,,,Simons,A. Simons,,,,,In The Paint (Non-RA),8-16 Right,,,421.0,2.0,2.0,0.0,,,,,,,,,,,,,,
423,PT07M09.00S,2024-11-23T02:37:23.8Z,3,REGULAR,3pt,Jump Shot,[],1641739,92.85479632063075,96.56862745098039,1610612757,79,57,2024-11-23T02:37:28Z,4180000,False,233.0,15.0,1,right,T. Camara 3PT  (8 PTS) (J. Grant 5 AST),"[1641739, 203924]",1610612757.0,POR,,,,Camara,T. Camara,,,,,Right Corner 3,24+ Right,23.33,Made,,,,,,,8.0,,,J. Grant,203924.0,5.0,,,,,,
425,PT06M52.00S,2024-11-23T02:37:40.8Z,3,REGULAR,2pt,Layup,['pointsinthepaint'],1630578,7.178055190538765,44.6078431372549,1610612745,79,57,2024-11-23T02:37:45Z,4200000,False,27.0,15.0,1,left,MISS A. Sengun driving Layup,[1630578],1610612745.0,HOU,driving,,,Sengun,A. Sengun,,,,,Restricted Area,0-8 Center,3.09,Missed,,,,,,,,,,,,,,,,,,
427,PT06M49.00S,2024-11-23T02:37:43.8Z,3,REGULAR,rebound,defensive,[],1630166,,,1610612757,79,57,2024-11-23T02:41:01Z,4220000,False,,,0,,D. Avdija REBOUND (Off:1 Def:4),[1630166],1610612757.0,POR,,,,Avdija,D. Avdija,,,,,Restricted Area,0-8 Center,,,425.0,5.0,4.0,1.0,,,,,,,,,,,,,,
428,PT06M46.00S,2024-11-23T02:37:49.2Z,3,REGULAR,2pt,Layup,"['fastbreak', 'pointsinthepaint']",1631101,91.40932982917214,50.73529411764706,1610612757,79,59,2024-11-23T02:44:08Z,4230000,False,4.0,28.0,1,right,S. Sharpe running Layup (12 PTS),[1631101],1610612757.0,POR,running,,,Sharpe,S. Sharpe,,,,,Restricted Area,0-8 Center,2.85,Made,,,,,,,12.0,,,,,,,,,,,
429,PT06M46.00S,2024-11-23T02:37:55.3Z,3,REGULAR,foul,personal,"['inpenalty', '1freethrow']",1630578,,,1610612757,79,59,2024-11-23T02:40:53Z,4240000,False,,,0,,A. Sengun shooting personal FOUL (2 PF) (Sharpe 1 FT),"[1630578, 1631101]",1610612745.0,HOU,shooting,,,Sengun,A. Sengun,,,,,Restricted Area,0-8 Center,,,,,,,1626302.0,,,,,,,,2.0,0.0,Sharpe,1631101.0,,
431,PT06M46.00S,2024-11-23T02:38:07.6Z,3,REGULAR,timeout,full,"['team', 'mandatory']",0,,,1610612757,79,59,2024-11-23T02:38:07Z,4260000,False,,,0,,HOU Timeout,[],1610612745.0,HOU,,,,,,,,,,,,,,,,,,,,,,,,,,,,,,,
432,PT06M46.00S,2024-11-23T02:41:09.3Z,3,REGULAR,freethrow,1 of 1,['fastbreak'],1631101,,,1610612757,79,60,2024-11-23T02:41:09Z,4270000,False,,,0,,S. Sharpe Free Throw 1 of 1 (13 PTS),[1631101],1610612757.0,POR,,,,Sharpe,S. Sharpe,,,,,,,,Made,,,,,,,13.0,,,,,,,,,,,
434,PT06M29.00S,2024-11-23T02:41:39.5Z,3,REGULAR,violation,kicked ball,[],1629014,,,1610612745,79,60,2024-11-23T02:42:14Z,4290000,False,,,0,,A. Simons kicked ball VIOLATION,[1629014],1610612757.0,POR,,,,Simons,A. Simons,,,,,,,,,,,,,1626302.0,,,,,,,,,,,,,
435,PT06M21.00S,2024-11-23T02:41:58.7Z,3,REGULAR,turnover,out-of-bounds,[],1630224,,,1610612745,79,60,2024-11-23T02:42:04Z,4300000,False,,,0,,J. Green bad pass out-of-bounds TURNOVER (1 TO),[1630224],1610612745.0,HOU,bad pass,,,Green,J. Green,,,,,In The Paint (Non-RA),8-16 Right,,,,,,,1626302.0,1.0,,,,,,,,,,,,
436,PT06M05.00S,2024-11-23T02:42:24.1Z,3,REGULAR,3pt,Jump Shot,['fromturnover'],1641739,68.28186596583443,30.14705882352941,1610612757,79,63,2024-11-23T02:42:27Z,4310000,False,-99.0,246.0,1,right,T. Camara 26' 3PT  (11 PTS) (S. Sharpe 2 AST),"[1641739, 1631101]",1610612757.0,POR,,,,Camara,T. Camara,,,,,Above the Break 3,24+ Left Center,26.5,Made,,,,,,,11.0,,,S. Sharpe,1631101.0,2.0,,,,,,
438,PT05M44.00S,2024-11-23T02:42:45.0Z,3,REGULAR,2pt,Hook,['pointsinthepaint'],1630578,4.418528252299605,37.745098039215684,1610612745,79,63,2024-11-23T02:45:46Z,4330000,False,61.0,-11.0,1,left,MISS A. Sengun 6' turnaround Hook,[1630578],1610612745.0,HOU,turnaround,,,Sengun,A. Sengun,,,,,In The Paint (Non-RA),0-8 Center,6.23,Missed,,,,,,,,,,,,,,,,,,
439,PT05M43.00S,2024-11-23T02:42:46.0Z,3,REGULAR,rebound,offensive,[],1630578,,,1610612745,79,63,2024-11-23T02:45:46Z,4340000,False,,,0,,A. Sengun REBOUND (Off:2 Def:6),[1630578],1610612745.0,HOU,,,,Sengun,A. Sengun,,,,,In The Paint (Non-RA),0-8 Center,,,438.0,8.0,6.0,2.0,,,,,,,,,,,,,,
440,PT05M43.00S,2024-11-23T02:42:48.9Z,3,REGULAR,2pt,Layup,"['2ndchance', 'pointsinthepaint']",1630578,5.590000152587891,50.0,1610612745,79,63,2024-11-23T02:46:12Z,4350000,False,0.0,0.0,1,left,MISS A. Sengun tip Layup,[1630578],1610612745.0,HOU,tip,,,Sengun,A. Sengun,,,,,Restricted Area,0-8 Center,0.0,Missed,,,,,,,,,,,,,,,,,,
441,PT05M42.00S,2024-11-23T02:42:49.9Z,3,REGULAR,rebound,offensive,[],1628415,,,1610612745,79,63,2024-11-23T03:29:36Z,4360000,False,,,0,,D. Brooks REBOUND (Off:2 Def:3),[1628415],1610612745.0,HOU,,,,Brooks,D. Brooks,,,,,Restricted Area,0-8 Center,,,440.0,5.0,3.0,2.0,,,,,,,,,,,,,,
442,PT05M38.00S,2024-11-23T02:42:52.3Z,3,REGULAR,2pt,Layup,"['pointsinthepaint', '2ndchance']",1628415,5.601182654402102,51.9607843137255,1610612745,79,63,2024-11-23T03:29:43Z,4370000,False,-10.0,0.0,1,left,MISS D. Brooks putback Layup,[1628415],1610612745.0,HOU,putback,,,Brooks,D. Brooks,,,,,Restricted Area,0-8 Center,0.98,Missed,,,,,,,,,,,,,,,,,,
443,PT05M38.00S,2024-11-23T02:42:52.3Z,3,REGULAR,rebound,offensive,[],1628415,,,1610612745,79,63,2024-11-23T03:08:28Z,4380000,False,,,0,,D. Brooks REBOUND (Off:3 Def:3),[1628415],1610612745.0,HOU,,,,Brooks,D. Brooks,,,,,Restricted Area,0-8 Center,,,442.0,6.0,3.0,3.0,,,,,,,,,,,,,,
444,PT05M37.00S,2024-11-23T02:42:56.5Z,3,REGULAR,2pt,Layup,"['2ndchance', 'pointsinthepaint']",1628415,5.590000152587891,50.0,1610612745,81,63,2024-11-23T03:08:37Z,4390000,False,0.0,0.0,1,left,D. Brooks tip Layup (22 PTS),[1628415],1610612745.0,HOU,tip,,,Brooks,D. Brooks,,,,,Restricted Area,0-8 Center,0.0,Made,,,,,,,22.0,,,,,,,,,,,
445,PT05M25.00S,2024-11-23T02:43:05.9Z,3,REGULAR,2pt,Layup,['pointsinthepaint'],1630166,91.01511169513797,55.392156862745104,1610612757,81,65,2024-11-23T02:43:10Z,4400000,False,27.0,32.0,1,right,D. Avdija driving Layup (9 PTS) (T. Camara 3 AST),"[1630166, 1641739]",1610612757.0,POR,driving,,,Avdija,D. Avdija,,,,,Restricted Area,0-8 Center,4.19,Made,,,,,,,9.0,,,T. Camara,1641739.0,3.0,,,,,,
446,PT05M25.00S,2024-11-23T02:43:09.3Z,3,REGULAR,foul,personal,"['inpenalty', '1freethrow']",1630224,,,1610612757,81,65,2024-11-23T02:43:36Z,4410000,False,,,0,,J. Green shooting personal FOUL (2 PF) (Avdija 1 FT),"[1630224, 1630166]",1610612745.0,HOU,shooting,,,Green,J. Green,,,,,In The Paint (Non-RA),0-8 Center,,,,,,,202901.0,,,,,,,,2.0,0.0,Avdija,1630166.0,,
448,PT05M25.00S,2024-11-23T02:43:18.6Z,3,REGULAR,substitution,out,[],1630224,,,1610612757,81,65,2024-11-23T02:43:29Z,4430000,False,,,0,,SUB out: J. Green,[1630224],1610612745.0,HOU,,,,Green,J. Green,,,,,,,,,,,,,,,,,,,,,,,,,,
449,PT05M25.00S,2024-11-23T02:43:18.6Z,3,REGULAR,substitution,out,[],1631095,,,1610612757,81,65,2024-11-23T02:43:29Z,4440000,False,,,0,,SUB out: J. Smith Jr.,[1631095],1610612745.0,HOU,,,,Smith Jr.,J. Smith Jr.,,,,,,,,,,,,,,,,,,,,,,,,,,
450,PT05M25.00S,2024-11-23T02:43:18.6Z,3,REGULAR,substitution,in,[],1641708,,,1610612757,81,65,2024-11-23T02:43:29Z,4450000,False,,,0,,SUB in: A. Thompson,[1641708],1610612745.0,HOU,,,,Thompson,A. Thompson,,,,,,,,,,,,,,,,,,,,,,,,,,
451,PT05M25.00S,2024-11-23T02:43:18.6Z,3,REGULAR,substitution,in,[],1631106,,,1610612757,81,65,2024-11-23T02:43:29Z,4460000,False,,,0,,SUB in: T. Eason,[1631106],1610612745.0,HOU,,,,Eason,T. Eason,,,,,,,,,,,,,,,,,,,,,,,,,,
452,PT05M25.00S,2024-11-23T02:43:38.4Z,3,REGULAR,freethrow,1 of 1,[],1630166,,,1610612757,81,66,2024-11-23T02:43:38Z,4470000,False,,,0,,D. Avdija Free Throw 1 of 1 (10 PTS),[1630166],1610612757.0,POR,,,,Avdija,D. Avdija,,,,,,,,Made,,,,,,,10.0,,,,,,,,,,,
453,PT05M20.00S,2024-11-23T02:43:48.9Z,3,REGULAR,foul,personal,[],1629014,,,1610612745,81,66,2024-11-23T02:43:57Z,4480000,False,,,0,,A. Simons personal FOUL (1 PF),"[1629014, 1628415]",1610612757.0,POR,,,,Simons,A. Simons,,,,,Above the Break 3,24+ Center,,,,,,,1626302.0,,,,,,,,1.0,0.0,Brooks,1628415.0,,
455,PT05M02.00S,2024-11-23T02:44:29.0Z,3,REGULAR,3pt,Jump Shot,[],1628415,22.683968462549277,89.70588235294117,1610612745,84,66,2024-11-23T02:44:33Z,4500000,False,-199.0,161.0,1,left,D. Brooks 25' 3PT  (25 PTS) (T. Eason 1 AST),"[1628415, 1631106]",1610612745.0,HOU,,,,Brooks,D. Brooks,,,,,Above the Break 3,24+ Left Center,25.54,Made,,,,,,,25.0,,,T. Eason,1631106.0,1.0,,,,,,
457,PT04M49.00S,2024-11-23T02:44:41.7Z,3,REGULAR,2pt,Jump Shot,['pointsinthepaint'],1629014,90.75229960578186,56.372549019607845,1610612757,84,66,2024-11-23T02:48:15Z,4520000,False,32.0,34.0,1,right,MISS A. Simons driving floating bank Shot,[1629014],1610612757.0,POR,driving floating bank,,,Simons,A. Simons,,,,,In The Paint (Non-RA),0-8 Center,4.69,Missed,,,,,,,,,,,,,,,,,,
458,PT04M46.00S,2024-11-23T02:44:44.7Z,3,REGULAR,rebound,defensive,[],1631106,,,1610612745,84,66,2024-11-23T02:44:46Z,4530000,False,,,0,,T. Eason REBOUND (Off:0 Def:5),[1631106],1610612745.0,HOU,,,,Eason,T. Eason,,,,,In The Paint (Non-RA),0-8 Center,,,457.0,5.0,5.0,0.0,,,,,,,,,,,,,,
459,PT04M38.00S,2024-11-23T02:44:52.0Z,3,REGULAR,2pt,DUNK,['pointsinthepaint'],1630578,5.995400788436268,49.754901960784316,1610612745,86,66,2024-11-23T02:44:55Z,4540000,False,1.0,4.0,1,left,A. Sengun DUNK (14 PTS) (T. Eason 2 AST),"[1630578, 1631106]",1610612745.0,HOU,,,,Sengun,A. Sengun,,,,,Restricted Area,0-8 Center,0.41,Made,,,,,,,14.0,,,T. Eason,1631106.0,2.0,,,,,,
461,PT04M38.00S,2024-11-23T02:44:59.9Z,3,REGULAR,timeout,full,['team'],0,,,1610612757,86,66,2024-11-23T02:44:59Z,4560000,False,,,0,,POR Timeout,[],1610612757.0,POR,,,,,,,,,,,,,,,,,,,,,,,,,,,,,,,
462,PT04M38.00S,2024-11-23T02:46:04.1Z,3,REGULAR,substitution,out,[],1629014,,,1610612757,86,66,2024-11-23T02:46:19Z,4570000,False,,,0,,SUB out: A. Simons,[1629014],1610612757.0,POR,,,,Simons,A. Simons,,,,,,,,,,,,,,,,,,,,,,,,,,
463,PT04M38.00S,2024-11-23T02:46:04.1Z,3,REGULAR,substitution,out,[],1641739,,,1610612757,86,66,2024-11-23T02:46:19Z,4580000,False,,,0,,SUB out: T. Camara,[1641739],1610612757.0,POR,,,,Camara,T. Camara,,,,,,,,,,,,,,,,,,,,,,,,,,
464,PT04M38.00S,2024-11-23T02:46:04.1Z,3,REGULAR,substitution,in,[],1630625,,,1610612757,86,66,2024-11-23T02:46:19Z,4590000,False,,,0,,SUB in: D. Banton,[1630625],1610612757.0,POR,,,,Banton,D. Banton,,,,,,,,,,,,,,,,,,,,,,,,,,
465,PT04M38.00S,2024-11-23T02:46:04.1Z,3,REGULAR,substitution,in,[],1629057,,,1610612757,86,66,2024-11-23T02:46:19Z,4600000,False,,,0,,SUB in: R. Williams III,[1629057],1610612757.0,POR,,,,Williams III,R. Williams III,,,,,,,,,,,,,,,,,,,,,,,,,,
466,PT04M19.00S,2024-11-23T02:46:48.6Z,3,REGULAR,turnover,bad pass,[],1630166,,,1610612757,86,66,2024-11-23T02:46:55Z,4610000,False,,,0,,D. Avdija bad pass TURNOVER (4 TO),"[1630166, 1641708]",1610612757.0,POR,,,,Avdija,D. Avdija,,,,,In The Paint (Non-RA),8-16 Left,,,,,,,,4.0,,Thompson,1641708.0,,,,,,,,,
467,PT04M19.00S,2024-11-23T02:46:48.6Z,3,REGULAR,steal,,[],1641708,,,1610612745,86,66,2024-11-23T02:46:50Z,4620000,False,,,0,,A. Thompson STEAL (1 STL),[1641708],1610612745.0,HOU,,,,Thompson,A. Thompson,,,,,In The Paint (Non-RA),8-16 Left,,,,,,,,,,,,,,,,,,,,
468,PT04M17.00S,2024-11-23T02:46:53.8Z,3,REGULAR,foul,personal,['2freethrow'],1630166,,,1610612745,86,66,2024-11-23T02:47:04Z,4630000,False,,,0,,D. Avdija shooting personal FOUL (3 PF) (Thompson 2 FT),"[1630166, 1641708]",1610612757.0,POR,shooting,,,Avdija,D. Avdija,,,,,In The Paint (Non-RA),0-8 Center,,,,,,,203591.0,,,,,,,,3.0,0.0,Thompson,1641708.0,,
470,PT04M17.00S,2024-11-23T02:47:20.7Z,3,REGULAR,freethrow,1 of 2,"['fromturnover', 'fastbreak']",1641708,,,1610612745,86,66,2024-11-23T02:47:20Z,4650000,False,,,0,,MISS A. Thompson Free Throw 1 of 2,[1641708],1610612745.0,HOU,,,,Thompson,A. Thompson,,,,,,,,Missed,,,,,,,,,,,,,,,,,,
471,PT04M17.00S,2024-11-23T02:47:20.7Z,3,REGULAR,rebound,offensive,"['deadball', 'team']",0,,,1610612745,86,66,2024-11-23T02:47:20Z,4660000,False,,,0,,TEAM offensive REBOUND,[],1610612745.0,HOU,,,,,,,,,,,,,,470.0,,,,,,,,,,,,,,,,,
472,PT04M17.00S,2024-11-23T02:47:20.7Z,3,REGULAR,freethrow,2 of 2,"['fastbreak', 'fromturnover']",1641708,,,1610612745,86,66,2024-11-23T02:47:44Z,4670000,False,,,0,,MISS A. Thompson Free Throw 2 of 2,[1641708],1610612745.0,HOU,,,,Thompson,A. Thompson,,,,,,,,Missed,,,,,,,,,,,,,,,,,,
473,PT04M17.00S,2024-11-23T02:47:20.7Z,3,REGULAR,rebound,offensive,[],1641708,,,1610612745,86,66,2024-11-23T02:47:51Z,4680000,False,,,0,,A. Thompson REBOUND (Off:3 Def:2),[1641708],1610612745.0,HOU,,,,Thompson,A. Thompson,,,,,,,,,472.0,5.0,2.0,3.0,,,,,,,,,,,,,,
474,PT04M11.00S,2024-11-23T02:47:44.9Z,3,REGULAR,3pt,Jump Shot,"['fromturnover', '2ndchance']",1628415,31.225361366622867,32.59803921568628,1610612745,89,66,2024-11-23T02:47:53Z,4690000,False,87.0,241.0,1,left,D. Brooks 25' 3PT  (28 PTS) (A. Sengun 3 AST),"[1628415, 1630578]",1610612745.0,HOU,,,,Brooks,D. Brooks,,,,,Above the Break 3,24+ Right Center,25.62,Made,,,,,,,28.0,,,A. Sengun,1630578.0,3.0,,,,,,
476,PT03M44.00S,2024-11-23T02:48:12.6Z,3,REGULAR,2pt,Layup,['pointsinthepaint'],1630166,91.67214191852825,54.41176470588235,1610612757,89,66,2024-11-23T02:50:45Z,4710000,False,22.0,26.0,1,right,MISS D. Avdija driving Layup,[1630166],1610612757.0,POR,driving,,,Avdija,D. Avdija,,,,,Restricted Area,0-8 Center,3.4,Missed,,,,,,,,,,,,,,,,,,
477,PT03M39.00S,2024-11-23T02:48:17.6Z,3,REGULAR,rebound,offensive,[],1629057,,,1610612757,89,66,2024-11-23T02:48:19Z,4720000,False,,,0,,R. Williams III REBOUND (Off:1 Def:3),[1629057],1610612757.0,POR,,,,Williams III,R. Williams III,,,,,Restricted Area,0-8 Center,,,476.0,4.0,3.0,1.0,,,,,,,,,,,,,,
478,PT03M39.00S,2024-11-23T02:48:17.3Z,3,REGULAR,2pt,Layup,"['2ndchance', 'pointsinthepaint']",1629057,94.40999984741211,50.0,1610612757,89,68,2024-11-23T02:48:29Z,4730000,False,0.0,0.0,1,right,R. Williams III tip Layup (5 PTS),[1629057],1610612757.0,POR,tip,,,Williams III,R. Williams III,,,,,Restricted Area,0-8 Center,0.0,Made,,,,,,,5.0,,,,,,,,,,,
479,PT03M31.00S,2024-11-23T02:48:45.5Z,3,REGULAR,foul,personal,['2freethrow'],1630625,,,1610612745,89,68,2024-11-23T02:48:50Z,4740000,False,,,0,,D. Banton shooting personal FOUL (2 PF) (Thompson 2 FT),"[1630625, 1641708]",1610612757.0,POR,shooting,,,Banton,D. Banton,,,,,Restricted Area,0-8 Center,,,,,,,202901.0,,,,,,,,2.0,0.0,Thompson,1641708.0,,
481,PT03M31.00S,2024-11-23T02:48:58.6Z,3,REGULAR,freethrow,1 of 2,[],1641708,,,1610612745,90,68,2024-11-23T02:48:58Z,4760000,False,,,0,,A. Thompson Free Throw 1 of 2 (9 PTS),[1641708],1610612745.0,HOU,,,,Thompson,A. Thompson,,,,,,,,Made,,,,,,,9.0,,,,,,,,,,,
482,PT03M31.00S,2024-11-23T02:49:02.6Z,3,REGULAR,substitution,out,[],1630578,,,1610612745,90,68,2024-11-23T02:49:13Z,4770000,False,,,0,,SUB out: A. Sengun,[1630578],1610612745.0,HOU,,,,Sengun,A. Sengun,,,,,,,,,,,,,,,,,,,,,,,,,,
483,PT03M31.00S,2024-11-23T02:49:02.6Z,3,REGULAR,substitution,out,[],203924,,,1610612745,90,68,2024-11-23T02:49:13Z,4780000,False,,,0,,SUB out: J. Grant,[203924],1610612757.0,POR,,,,Grant,J. Grant,,,,,,,,,,,,,,,,,,,,,,,,,,
484,PT03M31.00S,2024-11-23T02:49:02.6Z,3,REGULAR,substitution,out,[],1631101,,,1610612745,90,68,2024-11-23T02:49:13Z,4790000,False,,,0,,SUB out: S. Sharpe,[1631101],1610612757.0,POR,,,,Sharpe,S. Sharpe,,,,,,,,,,,,,,,,,,,,,,,,,,
485,PT03M31.00S,2024-11-23T02:49:02.6Z,3,REGULAR,substitution,in,[],203500,,,1610612745,90,68,2024-11-23T02:49:13Z,4800000,False,,,0,,SUB in: S. Adams,[203500],1610612745.0,HOU,,,,Adams,S. Adams,,,,,,,,,,,,,,,,,,,,,,,,,,
486,PT03M31.00S,2024-11-23T02:49:02.6Z,3,REGULAR,substitution,in,[],1641712,,,1610612745,90,68,2024-11-23T02:49:13Z,4810000,False,,,0,,SUB in: R. Rupert,[1641712],1610612757.0,POR,,,,Rupert,R. Rupert,,,,,,,,,,,,,,,,,,,,,,,,,,
487,PT03M31.00S,2024-11-23T02:49:02.6Z,3,REGULAR,substitution,in,[],1631200,,,1610612745,90,68,2024-11-23T02:49:13Z,4820000,False,,,0,,SUB in: K. Murray,[1631200],1610612757.0,POR,,,,Murray,K. Murray,,,,,,,,,,,,,,,,,,,,,,,,,,
488,PT03M31.00S,2024-11-23T02:49:22.1Z,3,REGULAR,freethrow,2 of 2,[],1641708,,,1610612745,91,68,2024-11-23T02:49:22Z,4830000,False,,,0,,A. Thompson Free Throw 2 of 2 (10 PTS),[1641708],1610612745.0,HOU,,,,Thompson,A. Thompson,,,,,,,,Made,,,,,,,10.0,,,,,,,,,,,
490,PT03M18.00S,2024-11-23T02:49:40.4Z,3,REGULAR,turnover,lost ball,[],1630625,,,1610612757,91,68,2024-11-23T02:49:49Z,4840000,False,,,0,,D. Banton lost ball TURNOVER (2 TO),"[1630625, 1641708]",1610612757.0,POR,,,,Banton,D. Banton,,,,,Above the Break 3,24+ Center,,,,,,,,2.0,,Thompson,1641708.0,,,,,,,,,
491,PT03M18.00S,2024-11-23T02:49:40.4Z,3,REGULAR,steal,,[],1641708,,,1610612745,91,68,2024-11-23T02:49:42Z,4850000,False,,,0,,A. Thompson STEAL (2 STL),[1641708],1610612745.0,HOU,,,,Thompson,A. Thompson,,,,,Above the Break 3,24+ Center,,,,,,,,,,,,,,,,,,,,
492,PT03M11.00S,2024-11-23T02:49:46.9Z,3,REGULAR,2pt,Layup,"['fastbreak', 'pointsinthepaint', 'fromturnover']",1631106,6.521024967148489,50.0,1610612745,93,68,2024-11-23T02:52:35Z,4860000,False,0.0,9.0,1,left,T. Eason running Layup (14 PTS) (A. Thompson 3 AST),"[1631106, 1641708]",1610612745.0,HOU,running,,,Eason,T. Eason,,,,,Restricted Area,0-8 Center,0.88,Made,,,,,,,14.0,,,A. Thompson,1641708.0,3.0,,,,,,
494,PT02M50.00S,2024-11-23T02:50:10.9Z,3,REGULAR,foul,personal,"['inpenalty', '2freethrow']",1627832,,,1610612757,93,68,2024-11-23T02:50:36Z,4880000,False,,,0,,F. VanVleet shooting personal FOUL (3 PF) (Avdija 2 FT),"[1627832, 1630166]",1610612745.0,HOU,shooting,,,VanVleet,F. VanVleet,,,,,Mid-Range,8-16 Right,,,,,,,202901.0,,,,,,,,3.0,0.0,Avdija,1630166.0,,
496,PT02M50.00S,2024-11-23T02:50:44.6Z,3,REGULAR,freethrow,1 of 2,[],1630166,,,1610612757,93,69,2024-11-23T02:51:04Z,4900000,False,,,0,,D. Avdija Free Throw 1 of 2 (11 PTS),[1630166],1610612757.0,POR,,,,Avdija,D. Avdija,,,,,,,,Made,,,,,,,11.0,,,,,,,,,,,
497,PT02M50.00S,2024-11-23T02:50:45.2Z,3,REGULAR,substitution,out,[],1627832,,,1610612757,93,69,2024-11-23T02:50:59Z,4910000,False,,,0,,SUB out: F. VanVleet,[1627832],1610612745.0,HOU,,,,VanVleet,F. VanVleet,,,,,,,,,,,,,,,,,,,,,,,,,,
498,PT02M50.00S,2024-11-23T02:50:45.2Z,3,REGULAR,substitution,out,[],1628415,,,1610612757,93,69,2024-11-23T02:50:59Z,4920000,False,,,0,,SUB out: D. Brooks,[1628415],1610612745.0,HOU,,,,Brooks,D. Brooks,,,,,,,,,,,,,,,,,,,,,,,,,,
499,PT02M50.00S,2024-11-23T02:50:45.2Z,3,REGULAR,substitution,in,[],1630224,,,1610612757,93,69,2024-11-23T02:50:59Z,4930000,False,,,0,,SUB in: J. Green,[1630224],1610612745.0,HOU,,,,Green,J. Green,,,,,,,,,,,,,,,,,,,,,,,,,,
500,PT02M50.00S,2024-11-23T02:50:45.2Z,3,REGULAR,substitution,in,[],1642263,,,1610612757,93,69,2024-11-23T02:50:59Z,4940000,False,,,0,,SUB in: R. Sheppard,[1642263],1610612745.0,HOU,,,,Sheppard,R. Sheppard,,,,,,,,,,,,,,,,,,,,,,,,,,
501,PT02M50.00S,2024-11-23T02:50:44.6Z,3,REGULAR,freethrow,2 of 2,[],1630166,,,1610612757,93,69,2024-11-23T02:51:04Z,4950000,False,,,0,,MISS D. Avdija Free Throw 2 of 2,[1630166],1610612757.0,POR,,,,Avdija,D. Avdija,,,,,,,,Missed,,,,,,,,,,,,,,,,,,
502,PT02M47.00S,2024-11-23T02:50:47.6Z,3,REGULAR,rebound,defensive,[],1641708,,,1610612745,93,69,2024-11-23T02:51:04Z,4960000,False,,,0,,A. Thompson REBOUND (Off:3 Def:3),[1641708],1610612745.0,HOU,,,,Thompson,A. Thompson,,,,,,,,,501.0,6.0,3.0,3.0,,,,,,,,,,,,,,
503,PT02M40.00S,2024-11-23T02:51:10.0Z,3,REGULAR,3pt,Jump Shot,[],1631106,28.465834428383708,22.30392156862745,1610612745,93,69,2024-11-23T02:51:16Z,4970000,False,138.0,215.0,1,left,MISS T. Eason 25' 3PT,[1631106],1610612745.0,HOU,,,,Eason,T. Eason,,,,,Above the Break 3,24+ Right Center,25.58,Missed,,,,,,,,,,,,,,,,,,
504,PT02M37.00S,2024-11-23T02:51:13.0Z,3,REGULAR,rebound,defensive,[],1630166,,,1610612757,93,69,2024-11-23T02:51:16Z,4980000,False,,,0,,D. Avdija REBOUND (Off:1 Def:5),[1630166],1610612757.0,POR,,,,Avdija,D. Avdija,,,,,Above the Break 3,24+ Right Center,,,503.0,6.0,5.0,1.0,,,,,,,,,,,,,,
505,PT02M29.00S,2024-11-23T02:51:20.7Z,3,REGULAR,3pt,Jump Shot,[],1630625,69.85873850197109,21.568627450980394,1610612757,93,69,2024-11-23T02:51:39Z,4990000,False,-142.0,231.0,1,right,MISS D. Banton 27' 3PT,[1630625],1610612757.0,POR,,,,Banton,D. Banton,,,,,Above the Break 3,24+ Left Center,27.11,Missed,,,,,,,,,,,,,,,,,,
506,PT02M28.00S,2024-11-23T02:51:21.7Z,3,REGULAR,rebound,defensive,[],1630224,,,1610612745,93,69,2024-11-23T02:51:39Z,5000000,False,,,0,,J. Green REBOUND (Off:1 Def:2),[1630224],1610612745.0,HOU,,,,Green,J. Green,,,,,Above the Break 3,24+ Left Center,,,505.0,3.0,2.0,1.0,,,,,,,,,,,,,,
507,PT02M17.00S,2024-11-23T02:51:33.5Z,3,REGULAR,3pt,Jump Shot,[],1630224,25.837713534822605,18.137254901960784,1610612745,93,69,2024-11-23T02:54:33Z,5010000,False,159.0,190.0,1,left,MISS J. Green 24' pullup 3PT,[1630224],1610612745.0,HOU,pullup,,,Green,J. Green,,,,,Above the Break 3,24+ Right Center,24.83,Missed,,,,,,,,,,,,,,,,,,
508,PT02M13.00S,2024-11-23T02:51:37.5Z,3,REGULAR,rebound,offensive,[],1641708,,,1610612745,93,69,2024-11-23T02:51:40Z,5020000,False,,,0,,A. Thompson REBOUND (Off:4 Def:3),[1641708],1610612745.0,HOU,,,,Thompson,A. Thompson,,,,,Above the Break 3,24+ Right Center,,,507.0,7.0,3.0,4.0,,,,,,,,,,,,,,
509,PT02M06.00S,2024-11-23T02:51:44.9Z,3,REGULAR,2pt,Layup,"['pointsinthepaint', '2ndchance']",1641708,7.178055190538765,51.9607843137255,1610612745,93,69,2024-11-23T02:51:49Z,5030000,False,-10.0,15.0,1,left,MISS A. Thompson driving Layup,[1641708],1610612745.0,HOU,driving,,,Thompson,A. Thompson,,,,,Restricted Area,0-8 Center,1.79,Missed,,,,,,,,,,,,,,,,,,
510,PT02M04.00S,2024-11-23T02:51:46.9Z,3,REGULAR,rebound,defensive,[],1630625,,,1610612757,93,69,2024-11-23T02:51:49Z,5040000,False,,,0,,D. Banton REBOUND (Off:0 Def:2),[1630625],1610612757.0,POR,,,,Banton,D. Banton,,,,,Restricted Area,0-8 Center,,,509.0,2.0,2.0,0.0,,,,,,,,,,,,,,
511,PT01M58.00S,2024-11-23T02:51:52.7Z,3,REGULAR,2pt,Layup,"['fastbreak', 'pointsinthepaint']",1629057,92.72339027595268,47.05882352941176,1610612757,93,69,2024-11-23T03:03:19Z,5050000,False,-15.0,16.0,1,right,MISS R. Williams III running Layup,[1629057],1610612757.0,POR,running,,,Williams III,R. Williams III,,,,,Restricted Area,0-8 Center,2.17,Missed,,,,,,,,,,,,,,,,,,
512,PT01M57.00S,2024-11-23T02:51:53.7Z,3,REGULAR,rebound,defensive,['team'],0,,,1610612745,93,69,2024-11-23T02:58:53Z,5060000,False,,,0,,TEAM defensive REBOUND,[],1610612745.0,HOU,,,,,,,,,,Restricted Area,0-8 Center,,,511.0,,,,,,,,,,,,,,,,,
513,PT01M57.00S,2024-11-23T02:51:58.9Z,3,REGULAR,foul,personal,"['inpenalty', '2freethrow']",1641712,,,1610612745,93,69,2024-11-23T02:58:53Z,5070000,False,,,0,,R. Rupert loose ball personal FOUL (1 PF) (Adams 2 FT),"[1641712, 203500]",1610612757.0,POR,loose ball,,,Rupert,R. Rupert,,,,,Restricted Area,0-8 Center,,,,,,,203591.0,,,,,,,,1.0,0.0,Adams,203500.0,,
516,PT01M57.00S,2024-11-23T02:52:36.1Z,3,REGULAR,freethrow,1 of 2,[],203500,,,1610612745,94,69,2024-11-23T02:52:36Z,5100000,False,,,0,,S. Adams Free Throw 1 of 2 (1 PTS),[203500],1610612745.0,HOU,,,,Adams,S. Adams,,,,,,,,Made,,,,,,,1.0,,,,,,,,,,,
517,PT01M57.00S,2024-11-23T02:52:36.1Z,3,REGULAR,freethrow,2 of 2,[],203500,,,1610612745,94,69,2024-11-23T02:52:48Z,5110000,False,,,0,,MISS S. Adams Free Throw 2 of 2,[203500],1610612745.0,HOU,,,,Adams,S. Adams,,,,,,,,Missed,,,,,,,,,,,,,,,,,,
518,PT01M55.00S,2024-11-23T02:52:38.1Z,3,REGULAR,rebound,defensive,[],1629057,,,1610612757,94,69,2024-11-23T02:52:48Z,5120000,False,,,0,,R. Williams III REBOUND (Off:1 Def:4),[1629057],1610612757.0,POR,,,,Williams III,R. Williams III,,,,,,,,,517.0,5.0,4.0,1.0,,,,,,,,,,,,,,
519,PT01M49.00S,2024-11-23T02:52:56.2Z,3,REGULAR,foul,personal,"['inpenalty', '2freethrow']",1631106,,,1610612757,94,69,2024-11-23T02:53:15Z,5130000,False,,,0,,T. Eason shooting personal FOUL (1 PF) (Avdija 2 FT),"[1631106, 1630166]",1610612745.0,HOU,shooting,,,Eason,T. Eason,,,,,Restricted Area,0-8 Center,,,,,,,203591.0,,,,,,,,1.0,0.0,Avdija,1630166.0,,
521,PT01M49.00S,2024-11-23T02:53:22.8Z,3,REGULAR,freethrow,1 of 2,[],1630166,,,1610612757,94,70,2024-11-23T02:53:22Z,5150000,False,,,0,,D. Avdija Free Throw 1 of 2 (12 PTS),[1630166],1610612757.0,POR,,,,Avdija,D. Avdija,,,,,,,,Made,,,,,,,12.0,,,,,,,,,,,
522,PT01M49.00S,2024-11-23T02:53:44.3Z,3,REGULAR,freethrow,2 of 2,[],1630166,,,1610612757,94,71,2024-11-23T02:53:44Z,5160000,False,,,0,,D. Avdija Free Throw 2 of 2 (13 PTS),[1630166],1610612757.0,POR,,,,Avdija,D. Avdija,,,,,,,,Made,,,,,,,13.0,,,,,,,,,,,
523,PT01M41.00S,2024-11-23T02:53:56.0Z,3,REGULAR,turnover,out-of-bounds,[],1641708,,,1610612745,94,71,2024-11-23T02:54:01Z,5170000,False,,,0,,A. Thompson bad pass out-of-bounds TURNOVER (1 TO),[1641708],1610612745.0,HOU,bad pass,,,Thompson,A. Thompson,,,,,Mid-Range,8-16 Left,,,,,,,203591.0,1.0,,,,,,,,,,,,
524,PT01M34.00S,2024-11-23T02:54:08.8Z,3,REGULAR,2pt,Layup,"['pointsinthepaint', 'fromturnover']",1630625,92.85479632063075,55.88235294117647,1610612757,94,71,2024-11-23T02:54:13Z,5180000,False,29.0,15.0,1,right,MISS D. Banton driving Layup,[1630625],1610612757.0,POR,driving,,,Banton,D. Banton,,,,,Restricted Area,0-8 Center,3.29,Missed,,,,,,,,,,,,,,,,,,
525,PT01M30.00S,2024-11-23T02:54:12.8Z,3,REGULAR,rebound,offensive,[],1629057,,,1610612757,94,71,2024-11-23T02:54:13Z,5190000,False,,,0,,R. Williams III REBOUND (Off:2 Def:4),[1629057],1610612757.0,POR,,,,Williams III,R. Williams III,,,,,Restricted Area,0-8 Center,,,524.0,6.0,4.0,2.0,,,,,,,,,,,,,,
526,PT01M30.00S,2024-11-23T02:54:12.2Z,3,REGULAR,2pt,Layup,"['pointsinthepaint', 'fromturnover', '2ndchance']",1629057,94.40999984741211,50.0,1610612757,94,73,2024-11-23T02:54:12Z,5200000,False,0.0,0.0,1,right,R. Williams III tip Layup (7 PTS),[1629057],1610612757.0,POR,tip,,,Williams III,R. Williams III,,,,,Mid-Range,8-16 Left,0.0,Made,,,,,,,7.0,,,,,,,,,,,
527,PT01M17.00S,2024-11-23T02:54:25.6Z,3,REGULAR,3pt,Jump Shot,[],1631106,31.488173455978973,39.21568627450981,1610612745,94,73,2024-11-23T02:54:30Z,5210000,False,54.0,243.0,1,left,MISS T. Eason 24' 3PT,[1631106],1610612745.0,HOU,,,,Eason,T. Eason,,,,,Above the Break 3,24+ Center,24.94,Missed,,,,,,,,,,,,,,,,,,
528,PT01M15.00S,2024-11-23T02:54:27.6Z,3,REGULAR,rebound,defensive,[],1631200,,,1610612757,94,73,2024-11-23T02:54:30Z,5220000,False,,,0,,K. Murray REBOUND (Off:0 Def:2),[1631200],1610612757.0,POR,,,,Murray,K. Murray,,,,,Above the Break 3,24+ Center,,,527.0,2.0,2.0,0.0,,,,,,,,,,,,,,
529,PT01M08.00S,2024-11-23T02:54:34.2Z,3,REGULAR,3pt,Jump Shot,[],1630166,69.46452036793693,25.735294117647058,1610612757,94,73,2024-11-23T02:54:41Z,5230000,False,-121.0,235.0,1,right,MISS D. Avdija 26' 3PT,[1630166],1610612757.0,POR,,,,Avdija,D. Avdija,,,,,Above the Break 3,24+ Left Center,26.4,Missed,,,,,,,,,,,,,,,,,,
530,PT01M05.00S,2024-11-23T02:54:37.2Z,3,REGULAR,rebound,defensive,[],1631106,,,1610612745,94,73,2024-11-23T02:54:41Z,5240000,False,,,0,,T. Eason REBOUND (Off:0 Def:6),[1631106],1610612745.0,HOU,,,,Eason,T. Eason,,,,,Above the Break 3,24+ Left Center,,,529.0,6.0,6.0,0.0,,,,,,,,,,,,,,
531,PT00M52.40S,2024-11-23T02:54:50.5Z,3,REGULAR,turnover,lost ball,[],1630224,,,1610612745,94,73,2024-11-23T02:54:55Z,5250000,False,,,0,,J. Green lost ball TURNOVER (2 TO),"[1630224, 1629057]",1610612745.0,HOU,,,,Green,J. Green,,,,,In The Paint (Non-RA),0-8 Center,,,,,,,,2.0,,Williams III,1629057.0,,,,,,,,,
532,PT00M52.40S,2024-11-23T02:54:50.5Z,3,REGULAR,steal,,[],1629057,,,1610612757,94,73,2024-11-23T03:07:04Z,5260000,False,,,0,,R. Williams III STEAL (1 STL),[1629057],1610612757.0,POR,,,,Williams III,R. Williams III,,,,,In The Paint (Non-RA),0-8 Center,,,,,,,,,,,,,,,,,,,,
533,PT00M47.70S,2024-11-23T02:54:56.2Z,3,REGULAR,turnover,bad pass,[],1631200,,,1610612757,94,73,2024-11-23T02:55:00Z,5270000,False,,,0,,K. Murray bad pass TURNOVER (1 TO),"[1631200, 1641708]",1610612757.0,POR,,,,Murray,K. Murray,,,,,Mid-Range,16-24 Left,,,,,,,,1.0,,Thompson,1641708.0,,,,,,,,,
534,PT00M47.70S,2024-11-23T02:54:56.2Z,3,REGULAR,steal,,[],1641708,,,1610612745,94,73,2024-11-23T02:54:57Z,5280000,False,,,0,,A. Thompson STEAL (3 STL),[1641708],1610612745.0,HOU,,,,Thompson,A. Thompson,,,,,Mid-Range,16-24 Left,,,,,,,,,,,,,,,,,,,,
535,PT00M33.70S,2024-11-23T02:55:10.2Z,3,REGULAR,3pt,Jump Shot,['fromturnover'],1642263,27.020367936925098,19.852941176470587,1610612745,94,73,2024-11-23T02:55:13Z,5290000,False,151.0,201.0,1,left,MISS R. Sheppard 25' pullup 3PT,[1642263],1610612745.0,HOU,pullup,,,Sheppard,R. Sheppard,,,,,Above the Break 3,24+ Right Center,25.16,Missed,,,,,,,,,,,,,,,,,,
536,PT00M31.10S,2024-11-23T02:55:12.8Z,3,REGULAR,rebound,defensive,[],1631200,,,1610612757,94,73,2024-11-23T02:55:13Z,5300000,False,,,0,,K. Murray REBOUND (Off:0 Def:3),[1631200],1610612757.0,POR,,,,Murray,K. Murray,,,,,Above the Break 3,24+ Right Center,,,535.0,3.0,3.0,0.0,,,,,,,,,,,,,,
537,PT00M25.10S,2024-11-23T02:55:19.7Z,3,REGULAR,2pt,Layup,['pointsinthepaint'],1641712,92.9862023653088,39.950980392156865,1610612757,94,73,2024-11-23T03:13:20Z,5310000,False,-50.0,13.0,1,right,MISS R. Rupert driving Layup - blocked,"[1641712, 1642263]",1610612757.0,POR,driving,,,Rupert,R. Rupert,,,,,In The Paint (Non-RA),0-8 Center,5.2,Missed,,,,,,,,,,,,,,,,,Sheppard,1642263.0
538,PT00M25.10S,2024-11-23T02:55:19.7Z,3,REGULAR,block,,[],1642263,,,1610612757,94,73,2024-11-23T02:55:22Z,5320000,False,,,0,,R. Sheppard BLOCK (1 BLK),[1642263],1610612745.0,HOU,,,,Sheppard,R. Sheppard,,,,,In The Paint (Non-RA),0-8 Center,,,,,,,,,,,,,,,,,,,,
539,PT00M24.10S,2024-11-23T02:55:20.7Z,3,REGULAR,rebound,offensive,[],1641712,,,1610612757,94,73,2024-11-23T03:13:20Z,5330000,False,,,0,,R. Rupert REBOUND (Off:1 Def:0),[1641712],1610612757.0,POR,,,,Rupert,R. Rupert,,,,,In The Paint (Non-RA),0-8 Center,,,537.0,1.0,0.0,1.0,,,,,,,,,,,,,,
662,PT00M23.60S,2024-11-23T02:55:22.4Z,3,REGULAR,turnover,lost ball,[],1641712,,,1610612757,94,73,2024-11-23T03:12:33Z,5335000,False,,,0,,R. Rupert lost ball TURNOVER (1 TO),"[1641712, 1642263]",1610612757.0,POR,,,,Rupert,R. Rupert,,,,,Mid-Range,8-16 Left,,,,,,,,1.0,,Sheppard,1642263.0,,,,,,,,,
663,PT00M23.60S,2024-11-23T02:55:22.4Z,3,REGULAR,steal,,[],1642263,,,1610612745,94,73,2024-11-23T03:12:33Z,5337500,False,,,0,,R. Sheppard STEAL (1 STL),[1642263],1610612745.0,HOU,,,,Sheppard,R. Sheppard,,,,,Mid-Range,8-16 Left,,,,,,,,,,,,,,,,,,,,
540,PT00M19.20S,2024-11-23T02:55:25.1Z,3,REGULAR,2pt,DUNK,"['fastbreak', 'pointsinthepaint', 'fromturnover']",1631106,6.783837056504599,50.98039215686274,1610612745,96,73,2024-11-23T03:13:40Z,5340000,False,-5.0,11.0,1,left,T. Eason running DUNK (16 PTS) (R. Sheppard 1 AST),"[1631106, 1642263]",1610612745.0,HOU,running,,,Eason,T. Eason,,,,,Restricted Area,0-8 Center,1.23,Made,,,,,,,16.0,,,R. Sheppard,1642263.0,1.0,,,,,,
542,PT00M02.40S,2024-11-23T02:55:49.1Z,3,REGULAR,3pt,Jump Shot,[],1630166,66.96780551905388,66.17647058823529,1610612757,96,73,2024-11-23T02:55:59Z,5360000,False,81.0,258.0,1,right,MISS D. Avdija 27' 3PT,[1630166],1610612757.0,POR,,,,Avdija,D. Avdija,,,,,Above the Break 3,24+ Center,27.04,Missed,,,,,,,,,,,,,,,,,,
543,PT00M02.40S,2024-11-23T02:55:49.1Z,3,REGULAR,rebound,offensive,['team'],0,,,1610612757,96,73,2024-11-23T02:55:59Z,5370000,False,,,0,,TEAM offensive REBOUND,[],1610612757.0,POR,,,,,,,,,,Above the Break 3,24+ Center,,,542.0,,,,,,,,,,,,,,,,,
544,PT00M00.00S,2024-11-23T02:56:01.3Z,3,REGULAR,period,end,[],0,,,1610612757,96,73,2024-11-23T02:56:01Z,5380000,False,,,0,,Period End,[],,,,,,,,,,,,,,,,,,,,,,,,,,,,,,,,,
545,PT12M00.00S,2024-11-23T02:58:02.6Z,4,REGULAR,substitution,out,['startperiod'],1630625,,,1610612757,96,73,2024-11-23T02:58:32Z,5390000,False,,,0,,SUB out: D. Banton,[1630625],1610612757.0,POR,,,,Banton,D. Banton,,,,,,,,,,,,,,,,,,,,,,,,,,
546,PT12M00.00S,2024-11-23T02:58:02.6Z,4,REGULAR,substitution,out,['startperiod'],1630166,,,1610612757,96,73,2024-11-23T02:58:32Z,5400000,False,,,0,,SUB out: D. Avdija,[1630166],1610612757.0,POR,,,,Avdija,D. Avdija,,,,,,,,,,,,,,,,,,,,,,,,,,
547,PT12M00.00S,2024-11-23T02:58:02.6Z,4,REGULAR,substitution,out,['startperiod'],1629057,,,1610612757,96,73,2024-11-23T02:58:32Z,5410000,False,,,0,,SUB out: R. Williams III,[1629057],1610612757.0,POR,,,,Williams III,R. Williams III,,,,,,,,,,,,,,,,,,,,,,,,,,
548,PT12M00.00S,2024-11-23T02:58:02.6Z,4,REGULAR,substitution,in,['startperiod'],1642270,,,1610612757,96,73,2024-11-23T02:58:32Z,5420000,False,,,0,,SUB in: D. Clingan,[1642270],1610612757.0,POR,,,,Clingan,D. Clingan,,,,,,,,,,,,,,,,,,,,,,,,,,
549,PT12M00.00S,2024-11-23T02:58:02.6Z,4,REGULAR,substitution,in,['startperiod'],1631133,,,1610612757,96,73,2024-11-23T02:58:32Z,5430000,False,,,0,,SUB in: J. Walker,[1631133],1610612757.0,POR,,,,Walker,J. Walker,,,,,,,,,,,,,,,,,,,,,,,,,,
550,PT12M00.00S,2024-11-23T02:58:02.6Z,4,REGULAR,substitution,in,['startperiod'],1631386,,,1610612757,96,73,2024-11-23T02:58:32Z,5440000,False,,,0,,SUB in: T. Moore,[1631386],1610612757.0,POR,,,,Moore,T. Moore,,,,,,,,,,,,,,,,,,,,,,,,,,
551,PT12M00.00S,2024-11-23T02:58:38.3Z,4,REGULAR,period,start,[],0,,,1610612757,96,73,2024-11-23T02:58:38Z,5450000,False,,,0,,Period Start,[],,,,,,,,,,,,,,,,,,,,,,,,,,,,,,,,,
552,PT11M46.00S,2024-11-23T02:58:52.2Z,4,REGULAR,turnover,lost ball,[],1631133,,,1610612757,96,73,2024-11-23T02:58:58Z,5460000,False,,,0,,J. Walker lost ball TURNOVER (1 TO),"[1631133, 1631106]",1610612757.0,POR,,,,Walker,J. Walker,,,,,Mid-Range,16-24 Right Center,,,,,,,,1.0,,Eason,1631106.0,,,,,,,,,
553,PT11M46.00S,2024-11-23T02:58:52.2Z,4,REGULAR,steal,,[],1631106,,,1610612745,96,73,2024-11-23T02:58:54Z,5470000,False,,,0,,T. Eason STEAL (2 STL),[1631106],1610612745.0,HOU,,,,Eason,T. Eason,,,,,Mid-Range,16-24 Right Center,,,,,,,,,,,,,,,,,,,,
554,PT11M41.00S,2024-11-23T02:58:56.2Z,4,REGULAR,2pt,DUNK,"['pointsinthepaint', 'fromturnover', 'fastbreak']",1631106,6.915243101182654,44.6078431372549,1610612745,98,73,2024-11-23T02:59:10Z,5480000,False,27.0,13.0,1,left,T. Eason running DUNK (18 PTS),[1631106],1610612745.0,HOU,running,,,Eason,T. Eason,,,,,Restricted Area,0-8 Center,2.98,Made,,,,,,,18.0,,,,,,,,,,,
555,PT11M34.00S,2024-11-23T02:59:02.9Z,4,REGULAR,3pt,Jump Shot,[],1641712,75.24638633377135,12.254901960784313,1610612757,98,73,2024-11-23T02:59:15Z,5490000,False,-189.0,180.0,1,right,MISS R. Rupert 26' 3PT,[1641712],1610612757.0,POR,,,,Rupert,R. Rupert,,,,,Above the Break 3,24+ Left Center,26.09,Missed,,,,,,,,,,,,,,,,,,
556,PT11M34.00S,2024-11-23T02:59:02.9Z,4,REGULAR,rebound,offensive,[],1631386,,,1610612757,98,73,2024-11-23T02:59:15Z,5500000,False,,,0,,T. Moore REBOUND (Off:1 Def:0),[1631386],1610612757.0,POR,,,,Moore,T. Moore,,,,,Above the Break 3,24+ Left Center,,,555.0,1.0,0.0,1.0,,,,,,,,,,,,,,
557,PT11M24.00S,2024-11-23T02:59:13.2Z,4,REGULAR,2pt,Jump Shot,"['pointsinthepaint', '2ndchance']",1631386,85.10183968462549,52.20588235294118,1610612757,98,73,2024-11-23T03:06:30Z,5510000,False,11.0,88.0,1,right,MISS T. Moore 8' driving floating Shot - blocked,"[1631386, 1642263]",1610612757.0,POR,driving floating,,,Moore,T. Moore,,,,,In The Paint (Non-RA),8-16 Center,8.82,Missed,,,,,,,,,,,,,,,,,Sheppard,1642263.0
558,PT11M24.00S,2024-11-23T02:59:13.2Z,4,REGULAR,block,,[],1642263,,,1610612757,98,73,2024-11-23T02:59:15Z,5520000,False,,,0,,R. Sheppard BLOCK (2 BLK),[1642263],1610612745.0,HOU,,,,Sheppard,R. Sheppard,,,,,In The Paint (Non-RA),8-16 Center,,,,,,,,,,,,,,,,,,,,
559,PT11M24.00S,2024-11-23T02:59:13.2Z,4,REGULAR,rebound,defensive,[],1630224,,,1610612745,98,73,2024-11-23T02:59:20Z,5530000,False,,,0,,J. Green REBOUND (Off:1 Def:3),[1630224],1610612745.0,HOU,,,,Green,J. Green,,,,,In The Paint (Non-RA),8-16 Center,,,557.0,4.0,3.0,1.0,,,,,,,,,,,,,,
560,PT11M20.00S,2024-11-23T02:59:17.6Z,4,REGULAR,2pt,DUNK,"['pointsinthepaint', 'fastbreak']",1631106,6.258212877792378,50.245098039215684,1610612745,100,73,2024-11-23T02:59:24Z,5540000,False,-1.0,6.0,1,left,T. Eason running DUNK (20 PTS) (J. Green 1 AST),"[1631106, 1630224]",1610612745.0,HOU,running,,,Eason,T. Eason,,,,,Restricted Area,0-8 Center,0.64,Made,,,,,,,20.0,,,J. Green,1630224.0,1.0,,,,,,
562,PT11M01.00S,2024-11-23T02:59:35.8Z,4,REGULAR,2pt,Layup,['pointsinthepaint'],1631386,91.27792378449409,58.08823529411765,1610612757,100,73,2024-11-23T02:59:42Z,5560000,False,40.0,29.0,1,right,MISS T. Moore driving Layup,[1631386],1610612757.0,POR,driving,,,Moore,T. Moore,,,,,In The Paint (Non-RA),0-8 Center,5.0,Missed,,,,,,,,,,,,,,,,,,
563,PT10M59.00S,2024-11-23T02:59:37.8Z,4,REGULAR,rebound,offensive,[],1642270,,,1610612757,100,73,2024-11-23T03:14:18Z,5570000,False,,,0,,D. Clingan REBOUND (Off:3 Def:1),[1642270],1610612757.0,POR,,,,Clingan,D. Clingan,,,,,In The Paint (Non-RA),0-8 Center,,,562.0,4.0,1.0,3.0,,,,,,,,,,,,,,
566,PT10M59.00S,2024-11-23T02:59:43.5Z,4,REGULAR,2pt,Layup,"['2ndchance', 'pointsinthepaint']",1642270,94.40999984741211,50.0,1610612757,100,75,2024-11-23T03:14:13Z,5600000,False,0.0,0.0,1,right,D. Clingan tip Layup (9 PTS),[1642270],1610612757.0,POR,tip,,,Clingan,D. Clingan,,,,,Restricted Area,0-8 Center,0.0,Made,,,,,,,9.0,,,,,,,,,,,
567,PT10M34.00S,2024-11-23T03:00:03.3Z,4,REGULAR,3pt,Jump Shot,[],1630224,32.670827858081466,39.46078431372549,1610612745,100,75,2024-11-23T03:00:10Z,5610000,False,53.0,255.0,1,left,MISS J. Green 26' step back 3PT,[1630224],1610612745.0,HOU,step back,,,Green,J. Green,,,,,Above the Break 3,24+ Center,26.0,Missed,,,,,,,,,,,,,,,,,,
568,PT10M30.00S,2024-11-23T03:00:07.0Z,4,REGULAR,rebound,defensive,[],1642270,,,1610612757,100,75,2024-11-23T03:00:07Z,5620000,False,,,0,,D. Clingan REBOUND (Off:3 Def:2),[1642270],1610612757.0,POR,,,,Clingan,D. Clingan,,,,,Above the Break 3,24+ Center,,,567.0,5.0,2.0,3.0,,,,,,,,,,,,,,
569,PT10M23.00S,2024-11-23T03:00:13.8Z,4,REGULAR,3pt,Jump Shot,[],1631386,66.3107752956636,35.049019607843135,1610612757,100,75,2024-11-23T03:09:11Z,5630000,False,-75.0,264.0,1,right,MISS T. Moore 27' pullup 3PT,[1631386],1610612757.0,POR,pullup,,,Moore,T. Moore,,,,,Above the Break 3,24+ Center,27.46,Missed,,,,,,,,,,,,,,,,,,
570,PT10M20.00S,2024-11-23T03:00:16.8Z,4,REGULAR,rebound,defensive,[],203500,,,1610612745,100,75,2024-11-23T03:00:20Z,5640000,False,,,0,,S. Adams REBOUND (Off:0 Def:1),[203500],1610612745.0,HOU,,,,Adams,S. Adams,,,,,Above the Break 3,24+ Center,,,569.0,1.0,1.0,0.0,,,,,,,,,,,,,,
571,PT10M19.00S,2024-11-23T03:00:18.1Z,4,REGULAR,turnover,bad pass,[],203500,,,1610612745,100,75,2024-11-23T03:00:22Z,5650000,False,,,0,,S. Adams bad pass TURNOVER (2 TO),"[203500, 1631386]",1610612745.0,HOU,,,,Adams,S. Adams,,,,,Mid-Range,16-24 Right Center,,,,,,,,2.0,,Moore,1631386.0,,,,,,,,,
572,PT10M19.00S,2024-11-23T03:00:18.1Z,4,REGULAR,steal,,[],1631386,,,1610612757,100,75,2024-11-23T03:00:20Z,5660000,False,,,0,,T. Moore STEAL (1 STL),[1631386],1610612757.0,POR,,,,Moore,T. Moore,,,,,Mid-Range,16-24 Right Center,,,,,,,,,,,,,,,,,,,,
573,PT10M12.00S,2024-11-23T03:00:30.5Z,4,REGULAR,turnover,out-of-bounds,[],1641712,,,1610612757,100,75,2024-11-23T03:00:43Z,5670000,False,,,0,,R. Rupert lost ball out-of-bounds TURNOVER (2 TO),[1641712],1610612757.0,POR,lost ball,,,Rupert,R. Rupert,,,,,Mid-Range,8-16 Left,,,,,,,1626302.0,2.0,,,,,,,,,,,,
574,PT09M56.00S,2024-11-23T03:00:52.7Z,4,REGULAR,2pt,Layup,"['pointsinthepaint', 'fromturnover']",1631106,6.521024967148489,53.67647058823529,1610612745,100,75,2024-11-23T03:01:00Z,5680000,False,-18.0,9.0,1,left,MISS T. Eason driving reverse Layup,[1631106],1610612745.0,HOU,driving reverse,,,Eason,T. Eason,,,,,Restricted Area,0-8 Center,2.04,Missed,,,,,,,,,,,,,,,,,,
575,PT09M54.00S,2024-11-23T03:00:54.7Z,4,REGULAR,rebound,offensive,[],1631106,,,1610612745,100,75,2024-11-23T03:01:00Z,5690000,False,,,0,,T. Eason REBOUND (Off:1 Def:6),[1631106],1610612745.0,HOU,,,,Eason,T. Eason,,,,,Restricted Area,0-8 Center,,,574.0,7.0,6.0,1.0,,,,,,,,,,,,,,
576,PT09M45.00S,2024-11-23T03:01:03.4Z,4,REGULAR,turnover,bad pass,[],203500,,,1610612745,100,75,2024-11-23T03:01:06Z,5700000,False,,,0,,S. Adams bad pass TURNOVER (3 TO),"[203500, 1631386]",1610612745.0,HOU,,,,Adams,S. Adams,,,,,In The Paint (Non-RA),0-8 Center,,,,,,,,3.0,,Moore,1631386.0,,,,,,,,,
577,PT09M45.00S,2024-11-23T03:01:03.4Z,4,REGULAR,steal,,[],1631386,,,1610612757,100,75,2024-11-23T03:01:05Z,5710000,False,,,0,,T. Moore STEAL (2 STL),[1631386],1610612757.0,POR,,,,Moore,T. Moore,,,,,In The Paint (Non-RA),0-8 Center,,,,,,,,,,,,,,,,,,,,
578,PT09M39.00S,2024-11-23T03:01:09.9Z,4,REGULAR,2pt,Layup,"['fastbreak', 'pointsinthepaint', 'fromturnover']",1631133,91.80354796320631,55.14705882352941,1610612757,100,75,2024-11-23T03:10:34Z,5720000,False,26.0,25.0,1,right,MISS J. Walker running Layup,[1631133],1610612757.0,POR,running,,,Walker,J. Walker,,,,,Restricted Area,0-8 Center,3.55,Missed,,,,,,,,,,,,,,,,,,
579,PT09M37.00S,2024-11-23T03:01:11.9Z,4,REGULAR,rebound,defensive,[],1631106,,,1610612745,100,75,2024-11-23T03:01:14Z,5730000,False,,,0,,T. Eason REBOUND (Off:1 Def:7),[1631106],1610612745.0,HOU,,,,Eason,T. Eason,,,,,Restricted Area,0-8 Center,,,578.0,8.0,7.0,1.0,,,,,,,,,,,,,,
580,PT09M30.00S,2024-11-23T03:01:19.2Z,4,REGULAR,2pt,Hook,['pointsinthepaint'],1631106,7.30946123521682,50.98039215686274,1610612745,102,75,2024-11-23T03:11:00Z,5740000,False,-5.0,16.0,1,left,T. Eason Hook (22 PTS),[1631106],1610612745.0,HOU,,,,Eason,T. Eason,,,,,Restricted Area,0-8 Center,1.69,Made,,,,,,,22.0,,,,,,,,,,,
581,PT09M09.00S,2024-11-23T03:01:39.6Z,4,REGULAR,3pt,Jump Shot,[],1642270,66.44218134034165,34.55882352941176,1610612757,102,75,2024-11-23T03:14:53Z,5750000,False,-77.0,263.0,1,right,MISS D. Clingan 27' pullup 3PT,[1642270],1610612757.0,POR,pullup,,,Clingan,D. Clingan,,,,,Above the Break 3,24+ Center,27.4,Missed,,,,,,,,,,,,,,,,,,
582,PT09M07.00S,2024-11-23T03:01:41.6Z,4,REGULAR,rebound,defensive,[],1630224,,,1610612745,102,75,2024-11-23T03:01:43Z,5760000,False,,,0,,J. Green REBOUND (Off:1 Def:4),[1630224],1610612745.0,HOU,,,,Green,J. Green,,,,,Above the Break 3,24+ Center,,,581.0,5.0,4.0,1.0,,,,,,,,,,,,,,
583,PT08M51.00S,2024-11-23T03:01:58.4Z,4,REGULAR,2pt,Jump Shot,[],1630224,4.944152431011826,20.588235294117645,1610612745,102,75,2024-11-23T03:02:07Z,5770000,False,147.0,-6.0,1,left,MISS J. Green 14' fadeaway Shot,[1630224],1610612745.0,HOU,fadeaway,,,Green,J. Green,,,,,Mid-Range,8-16 Right,14.72,Missed,,,,,,,,,,,,,,,,,,
584,PT08M49.00S,2024-11-23T03:02:00.4Z,4,REGULAR,rebound,defensive,['team'],0,,,1610612757,102,75,2024-11-23T03:02:07Z,5780000,False,,,0,,TEAM defensive REBOUND,[],1610612757.0,POR,,,,,,,,,,Mid-Range,8-16 Right,,,583.0,,,,,,,,,,,,,,,,,
586,PT08M49.00S,2024-11-23T03:02:03.8Z,4,REGULAR,substitution,out,[],1630224,,,1610612757,102,75,2024-11-23T03:02:17Z,5800000,False,,,0,,SUB out: J. Green,[1630224],1610612745.0,HOU,,,,Green,J. Green,,,,,,,,,,,,,,,,,,,,,,,,,,
587,PT08M49.00S,2024-11-23T03:02:03.8Z,4,REGULAR,substitution,out,[],1631106,,,1610612757,102,75,2024-11-23T03:02:17Z,5810000,False,,,0,,SUB out: T. Eason,[1631106],1610612745.0,HOU,,,,Eason,T. Eason,,,,,,,,,,,,,,,,,,,,,,,,,,
588,PT08M49.00S,2024-11-23T03:02:03.8Z,4,REGULAR,substitution,in,[],1628988,,,1610612757,102,75,2024-11-23T03:02:17Z,5820000,False,,,0,,SUB in: A. Holiday,[1628988],1610612745.0,HOU,,,,Holiday,A. Holiday,,,,,,,,,,,,,,,,,,,,,,,,,,
589,PT08M49.00S,2024-11-23T03:02:03.8Z,4,REGULAR,substitution,in,[],1630256,,,1610612757,102,75,2024-11-23T03:02:17Z,5830000,False,,,0,,SUB in: J. Tate,[1630256],1610612745.0,HOU,,,,Tate,J. Tate,,,,,,,,,,,,,,,,,,,,,,,,,,
590,PT08M38.00S,2024-11-23T03:02:28.8Z,4,REGULAR,2pt,Jump Shot,['pointsinthepaint'],1641712,85.10183968462549,55.14705882352941,1610612757,102,75,2024-11-23T03:24:45Z,5840000,False,26.0,88.0,1,right,MISS R. Rupert 9' driving floating Shot - blocked,"[1641712, 1641708]",1610612757.0,POR,driving floating,,,Rupert,R. Rupert,,,,,In The Paint (Non-RA),8-16 Center,9.12,Missed,,,,,,,,,,,,,,,,,Thompson,1641708.0
591,PT08M38.00S,2024-11-23T03:02:28.8Z,4,REGULAR,block,,[],1641708,,,1610612757,102,75,2024-11-23T03:02:30Z,5850000,False,,,0,,A. Thompson BLOCK (2 BLK),[1641708],1610612745.0,HOU,,,,Thompson,A. Thompson,,,,,In The Paint (Non-RA),8-16 Center,,,,,,,,,,,,,,,,,,,,
592,PT08M36.00S,2024-11-23T03:02:30.8Z,4,REGULAR,rebound,defensive,[],1641708,,,1610612745,102,75,2024-11-23T03:02:32Z,5860000,False,,,0,,A. Thompson REBOUND (Off:4 Def:4),[1641708],1610612745.0,HOU,,,,Thompson,A. Thompson,,,,,In The Paint (Non-RA),8-16 Center,,,590.0,8.0,4.0,4.0,,,,,,,,,,,,,,
593,PT08M33.00S,2024-11-23T03:02:33.9Z,4,REGULAR,2pt,Layup,"['pointsinthepaint', 'fastbreak']",1641708,3.235873850197109,57.59803921568627,1610612745,102,75,2024-11-23T03:02:39Z,5870000,False,-38.0,-22.0,1,left,MISS A. Thompson running Layup - blocked,"[1641708, 1642270]",1610612745.0,HOU,running,,,Thompson,A. Thompson,,,,,In The Paint (Non-RA),0-8 Center,4.4,Missed,,,,,,,,,,,,,,,,,Clingan,1642270.0
594,PT08M33.00S,2024-11-23T03:02:33.9Z,4,REGULAR,block,,[],1642270,,,1610612745,102,75,2024-11-23T03:02:35Z,5880000,False,,,0,,D. Clingan BLOCK (2 BLK),[1642270],1610612757.0,POR,,,,Clingan,D. Clingan,,,,,In The Paint (Non-RA),0-8 Center,,,,,,,,,,,,,,,,,,,,
595,PT08M33.00S,2024-11-23T03:02:33.9Z,4,REGULAR,rebound,offensive,['team'],0,,,1610612745,102,75,2024-11-23T03:02:39Z,5890000,False,,,0,,TEAM offensive REBOUND,[],1610612745.0,HOU,,,,,,,,,,In The Paint (Non-RA),0-8 Center,,,593.0,,,,,,,,,,,,,,,,,
597,PT08M32.00S,2024-11-23T03:02:58.4Z,4,REGULAR,turnover,out-of-bounds,[],1641708,,,1610612745,102,75,2024-11-23T03:03:03Z,5910000,False,,,0,,A. Thompson bad pass out-of-bounds TURNOVER (2 TO),[1641708],1610612745.0,HOU,bad pass,,,Thompson,A. Thompson,,,,,Above the Break 3,24+ Left Center,,,,,,,1626302.0,2.0,,,,,,,,,,,,
598,PT08M26.00S,2024-11-23T03:03:06.8Z,4,REGULAR,3pt,Jump Shot,['fromturnover'],1631200,69.99014454664915,78.92156862745098,1610612757,102,75,2024-11-23T03:24:28Z,5920000,False,145.0,230.0,1,right,MISS K. Murray 27' pullup 3PT,[1631200],1610612757.0,POR,pullup,,,Murray,K. Murray,,,,,Above the Break 3,24+ Right Center,27.13,Missed,,,,,,,,,,,,,,,,,,
599,PT08M22.00S,2024-11-23T03:03:10.8Z,4,REGULAR,rebound,offensive,[],1641712,,,1610612757,102,75,2024-11-23T03:03:11Z,5930000,False,,,0,,R. Rupert REBOUND (Off:2 Def:0),[1641712],1610612757.0,POR,,,,Rupert,R. Rupert,,,,,Above the Break 3,24+ Right Center,,,598.0,2.0,0.0,2.0,,,,,,,,,,,,,,
600,PT08M19.00S,2024-11-23T03:03:12.5Z,4,REGULAR,3pt,Jump Shot,"['fromturnover', '2ndchance']",1631386,66.70499342969777,33.33333333333333,1610612757,102,78,2024-11-23T03:03:15Z,5940000,False,-83.0,260.0,1,right,T. Moore 27' 3PT  (3 PTS) (J. Walker 1 AST),"[1631386, 1631133]",1610612757.0,POR,,,,Moore,T. Moore,,,,,Above the Break 3,24+ Center,27.35,Made,,,,,,,3.0,,,J. Walker,1631133.0,1.0,,,,,,
602,PT08M03.00S,2024-11-23T03:03:29.5Z,4,REGULAR,3pt,Jump Shot,[],1642263,4.812746386333772,97.79411764705883,1610612745,102,78,2024-11-23T03:03:34Z,5960000,False,-239.0,-7.0,1,left,MISS R. Sheppard 3PT,[1642263],1610612745.0,HOU,,,,Sheppard,R. Sheppard,,,,,Left Corner 3,24+ Left,23.91,Missed,,,,,,,,,,,,,,,,,,
603,PT07M58.00S,2024-11-23T03:03:34.5Z,4,REGULAR,rebound,defensive,[],1631133,,,1610612757,102,78,2024-11-23T03:23:10Z,5970000,False,,,0,,J. Walker REBOUND (Off:0 Def:1),[1631133],1610612757.0,POR,,,,Walker,J. Walker,,,,,Left Corner 3,24+ Left,,,602.0,1.0,1.0,0.0,,,,,,,,,,,,,,
606,PT07M49.00S,2024-11-23T03:03:42.4Z,4,REGULAR,3pt,Jump Shot,[],1642270,69.20170827858082,74.26470588235294,1610612757,102,78,2024-11-23T03:03:51Z,6000000,False,121.0,237.0,1,right,MISS D. Clingan 26' 3PT,[1642270],1610612757.0,POR,,,,Clingan,D. Clingan,,,,,Above the Break 3,24+ Right Center,26.62,Missed,,,,,,,,,,,,,,,,,,
607,PT07M46.00S,2024-11-23T03:03:45.4Z,4,REGULAR,rebound,defensive,[],1641708,,,1610612745,102,78,2024-11-23T03:03:51Z,6010000,False,,,0,,A. Thompson REBOUND (Off:4 Def:5),[1641708],1610612745.0,HOU,,,,Thompson,A. Thompson,,,,,Above the Break 3,24+ Right Center,,,606.0,9.0,5.0,4.0,,,,,,,,,,,,,,
608,PT07M40.00S,2024-11-23T03:03:51.4Z,4,REGULAR,3pt,Jump Shot,['fastbreak'],1628988,24.129434954007884,88.72549019607843,1610612745,105,78,2024-11-23T03:22:34Z,6020000,False,-194.0,174.0,1,left,A. Holiday 26' 3PT running (3 PTS) (A. Thompson 4 AST),"[1628988, 1641708]",1610612745.0,HOU,running,,,Holiday,A. Holiday,,,,,Above the Break 3,24+ Left Center,26.05,Made,,,,,,,3.0,,,A. Thompson,1641708.0,4.0,,,,,,
610,PT07M28.00S,2024-11-23T03:04:06.3Z,4,REGULAR,foul,personal,['2freethrow'],1642263,,,1610612757,105,78,2024-11-23T03:04:21Z,6040000,False,,,0,,R. Sheppard shooting personal FOUL (1 PF) (Moore 2 FT),"[1642263, 1631386]",1610612745.0,HOU,shooting,,,Sheppard,R. Sheppard,,,,,In The Paint (Non-RA),0-8 Center,,,,,,,202901.0,,,,,,,,1.0,0.0,Moore,1631386.0,,
612,PT07M28.00S,2024-11-23T03:04:31.8Z,4,REGULAR,freethrow,1 of 2,[],1631386,,,1610612757,105,79,2024-11-23T03:04:56Z,6060000,False,,,0,,T. Moore Free Throw 1 of 2 (4 PTS),[1631386],1610612757.0,POR,,,,Moore,T. Moore,,,,,,,,Made,,,,,,,4.0,,,,,,,,,,,
613,PT07M28.00S,2024-11-23T03:04:32.4Z,4,REGULAR,substitution,out,[],203500,,,1610612757,105,79,2024-11-23T03:04:36Z,6070000,False,,,0,,SUB out: S. Adams,[203500],1610612745.0,HOU,,,,Adams,S. Adams,,,,,,,,,,,,,,,,,,,,,,,,,,
614,PT07M28.00S,2024-11-23T03:04:32.4Z,4,REGULAR,substitution,in,[],201145,,,1610612757,105,79,2024-11-23T03:04:36Z,6080000,False,,,0,,SUB in: J. Green,[201145],1610612745.0,HOU,,,,Green,J. Green,,,,,,,,,,,,,,,,,,,,,,,,,,
615,PT07M28.00S,2024-11-23T03:04:31.8Z,4,REGULAR,freethrow,2 of 2,[],1631386,,,1610612757,105,79,2024-11-23T03:04:56Z,6090000,False,,,0,,MISS T. Moore Free Throw 2 of 2,[1631386],1610612757.0,POR,,,,Moore,T. Moore,,,,,,,,Missed,,,,,,,,,,,,,,,,,,
616,PT07M26.00S,2024-11-23T03:04:33.8Z,4,REGULAR,rebound,defensive,[],1641708,,,1610612745,105,79,2024-11-23T03:04:56Z,6100000,False,,,0,,A. Thompson REBOUND (Off:4 Def:6),[1641708],1610612745.0,HOU,,,,Thompson,A. Thompson,,,,,,,,,615.0,10.0,6.0,4.0,,,,,,,,,,,,,,
617,PT07M19.00S,2024-11-23T03:05:04.0Z,4,REGULAR,2pt,Layup,['pointsinthepaint'],1641708,6.1268068331143235,54.41176470588235,1610612745,105,79,2024-11-23T03:05:08Z,6110000,False,-22.0,5.0,1,left,MISS A. Thompson driving reverse Layup,[1641708],1610612745.0,HOU,driving reverse,,,Thompson,A. Thompson,,,,,Restricted Area,0-8 Center,2.27,Missed,,,,,,,,,,,,,,,,,,
618,PT07M16.00S,2024-11-23T03:05:07.0Z,4,REGULAR,rebound,offensive,[],1641708,,,1610612745,105,79,2024-11-23T03:05:08Z,6120000,False,,,0,,A. Thompson REBOUND (Off:5 Def:6),[1641708],1610612745.0,HOU,,,,Thompson,A. Thompson,,,,,Restricted Area,0-8 Center,,,617.0,11.0,6.0,5.0,,,,,,,,,,,,,,
619,PT07M16.00S,2024-11-23T03:05:06.2Z,4,REGULAR,2pt,Layup,"['2ndchance', 'pointsinthepaint']",1641708,5.590000152587891,50.0,1610612745,105,79,2024-11-23T03:05:22Z,6130000,False,0.0,0.0,1,left,MISS A. Thompson tip Layup,[1641708],1610612745.0,HOU,tip,,,Thompson,A. Thompson,,,,,Restricted Area,0-8 Center,0.0,Missed,,,,,,,,,,,,,,,,,,
620,PT07M16.00S,2024-11-23T03:05:06.2Z,4,REGULAR,rebound,defensive,[],1642270,,,1610612757,105,79,2024-11-23T03:05:39Z,6140000,False,,,0,,D. Clingan REBOUND (Off:3 Def:3),[1642270],1610612757.0,POR,,,,Clingan,D. Clingan,,,,,Restricted Area,0-8 Center,,,619.0,6.0,3.0,3.0,,,,,,,,,,,,,,
621,PT07M15.00S,2024-11-23T03:05:23.9Z,4,REGULAR,turnover,lost ball,[],1642270,,,1610612757,105,79,2024-11-23T03:05:44Z,6150000,False,,,0,,D. Clingan lost ball TURNOVER (1 TO),"[1642270, 1630256]",1610612757.0,POR,,,,Clingan,D. Clingan,,,,,In The Paint (Non-RA),0-8 Center,,,,,,,,1.0,,Tate,1630256.0,,,,,,,,,
622,PT07M15.00S,2024-11-23T03:05:23.9Z,4,REGULAR,steal,,[],1630256,,,1610612745,105,79,2024-11-23T03:05:26Z,6160000,False,,,0,,J. Tate STEAL (1 STL),[1630256],1610612745.0,HOU,,,,Tate,J. Tate,,,,,In The Paint (Non-RA),0-8 Center,,,,,,,,,,,,,,,,,,,,
623,PT07M15.00S,2024-11-23T03:05:38.7Z,4,REGULAR,foul,offensive,[],1641708,,,1610612745,105,79,2024-11-23T03:05:54Z,6170000,False,,,0,,A. Thompson offensive FOUL (2 PF),"[1641708, 1642270]",1610612745.0,HOU,,,,Thompson,A. Thompson,,,,,In The Paint (Non-RA),0-8 Center,,,,,,,203591.0,,,,,,,,2.0,0.0,Clingan,1642270.0,,
625,PT07M15.00S,2024-11-23T03:05:38.7Z,4,REGULAR,turnover,offensive foul,[],1641708,,,1610612745,105,79,2024-11-23T03:05:38Z,6190000,False,,,0,,A. Thompson offensive foul TURNOVER (3 TO),[1641708],1610612745.0,HOU,,,,Thompson,A. Thompson,,,,,In The Paint (Non-RA),0-8 Center,,,,,,,203591.0,3.0,,,,,,,,,,,,
626,PT07M08.00S,2024-11-23T03:05:54.2Z,4,REGULAR,3pt,Jump Shot,['fromturnover'],1641712,72.09264126149803,20.588235294117645,1610612757,105,79,2024-11-23T03:25:08Z,6200000,False,-147.0,210.0,1,right,MISS R. Rupert 25' pullup 3PT,[1641712],1610612757.0,POR,pullup,,,Rupert,R. Rupert,,,,,Above the Break 3,24+ Left Center,25.62,Missed,,,,,,,,,,,,,,,,,,
627,PT07M06.00S,2024-11-23T03:05:56.2Z,4,REGULAR,rebound,defensive,[],1630256,,,1610612745,105,79,2024-11-23T03:05:58Z,6210000,False,,,0,,J. Tate REBOUND (Off:0 Def:1),[1630256],1610612745.0,HOU,,,,Tate,J. Tate,,,,,Above the Break 3,24+ Left Center,,,626.0,1.0,1.0,0.0,,,,,,,,,,,,,,
628,PT06M53.00S,2024-11-23T03:06:09.2Z,4,REGULAR,3pt,Jump Shot,[],1628988,24.655059132720105,85.04901960784314,1610612745,105,79,2024-11-23T03:22:55Z,6220000,False,-175.0,179.0,1,left,MISS A. Holiday 25' pullup 3PT,[1628988],1610612745.0,HOU,pullup,,,Holiday,A. Holiday,,,,,Above the Break 3,24+ Left Center,25.07,Missed,,,,,,,,,,,,,,,,,,
629,PT06M50.00S,2024-11-23T03:06:12.2Z,4,REGULAR,rebound,defensive,[],1642270,,,1610612757,105,79,2024-11-23T03:06:12Z,6230000,False,,,0,,D. Clingan REBOUND (Off:3 Def:4),[1642270],1610612757.0,POR,,,,Clingan,D. Clingan,,,,,Above the Break 3,24+ Left Center,,,628.0,7.0,4.0,3.0,,,,,,,,,,,,,,
630,PT06M47.00S,2024-11-23T03:06:14.8Z,4,REGULAR,turnover,bad pass,[],1642270,,,1610612757,105,79,2024-11-23T03:06:21Z,6240000,False,,,0,,D. Clingan bad pass TURNOVER (2 TO),"[1642270, 1642263]",1610612757.0,POR,,,,Clingan,D. Clingan,,,,,Above the Break 3,24+ Center,,,,,,,,2.0,,Sheppard,1642263.0,,,,,,,,,
631,PT06M47.00S,2024-11-23T03:06:14.8Z,4,REGULAR,steal,,[],1642263,,,1610612745,105,79,2024-11-23T03:06:17Z,6250000,False,,,0,,R. Sheppard STEAL (2 STL),[1642263],1610612745.0,HOU,,,,Sheppard,R. Sheppard,,,,,Above the Break 3,24+ Center,,,,,,,,,,,,,,,,,,,,
632,PT06M31.00S,2024-11-23T03:06:30.4Z,4,REGULAR,2pt,Layup,"['pointsinthepaint', 'fromturnover']",1642263,4.418528252299605,44.6078431372549,1610612745,105,79,2024-11-23T03:06:40Z,6260000,False,27.0,-11.0,1,left,MISS R. Sheppard driving reverse Layup,[1642263],1610612745.0,HOU,driving reverse,,,Sheppard,R. Sheppard,,,,,Restricted Area,0-8 Center,2.92,Missed,,,,,,,,,,,,,,,,,,
633,PT06M30.00S,2024-11-23T03:06:31.4Z,4,REGULAR,rebound,defensive,['team'],0,,,1610612757,105,79,2024-11-23T03:06:40Z,6270000,False,,,0,,TEAM defensive REBOUND,[],1610612757.0,POR,,,,,,,,,,Restricted Area,0-8 Center,,,632.0,,,,,,,,,,,,,,,,,
634,PT06M30.00S,2024-11-23T03:06:39.6Z,4,REGULAR,foul,personal,[],1630256,,,1610612757,105,79,2024-11-23T03:06:51Z,6280000,False,,,0,,J. Tate loose ball personal FOUL (1 PF),"[1630256, 1631133]",1610612745.0,HOU,loose ball,,,Tate,J. Tate,,,,,Above the Break 3,24+ Left Center,,,,,,,202901.0,,,,,,,,1.0,0.0,Walker,1631133.0,,
679,PT06M30.00S,2024-11-23T03:07:39.5Z,4,REGULAR,timeout,full,"['team', 'mandatory']",0,,,1610612757,105,79,2024-11-23T03:15:43Z,6295000,False,,,0,,HOU Timeout,[],1610612745.0,HOU,,,,,,,,,,,,,,,,,,,,,,,,,,,,,,,
636,PT06M30.00S,2024-11-23T03:08:39.5Z,4,REGULAR,substitution,out,[],1641708,,,1610612757,105,79,2024-11-23T03:09:19Z,6300000,False,,,0,,SUB out: A. Thompson,[1641708],1610612745.0,HOU,,,,Thompson,A. Thompson,,,,,,,,,,,,,,,,,,,,,,,,,,
637,PT06M30.00S,2024-11-23T03:08:39.5Z,4,REGULAR,substitution,out,[],1642270,,,1610612757,105,79,2024-11-23T03:09:19Z,6310000,False,,,0,,SUB out: D. Clingan,[1642270],1610612757.0,POR,,,,Clingan,D. Clingan,,,,,,,,,,,,,,,,,,,,,,,,,,
638,PT06M30.00S,2024-11-23T03:08:39.5Z,4,REGULAR,substitution,in,[],1629111,,,1610612757,105,79,2024-11-23T03:09:19Z,6320000,False,,,0,,SUB in: J. Landale,[1629111],1610612745.0,HOU,,,,Landale,J. Landale,,,,,,,,,,,,,,,,,,,,,,,,,,
639,PT06M30.00S,2024-11-23T03:08:39.5Z,4,REGULAR,substitution,in,[],1641871,,,1610612757,105,79,2024-11-23T03:09:19Z,6330000,False,,,0,,SUB in: D. Reath,[1641871],1610612757.0,POR,,,,Reath,D. Reath,,,,,,,,,,,,,,,,,,,,,,,,,,
640,PT06M18.00S,2024-11-23T03:09:43.9Z,4,REGULAR,3pt,Jump Shot,[],1641871,66.96780551905388,59.55882352941176,1610612757,105,79,2024-11-23T03:09:47Z,6340000,False,48.0,258.0,1,right,MISS D. Reath 26' 3PT,[1641871],1610612757.0,POR,,,,Reath,D. Reath,,,,,Above the Break 3,24+ Center,26.24,Missed,,,,,,,,,,,,,,,,,,
641,PT06M16.00S,2024-11-23T03:09:45.9Z,4,REGULAR,rebound,defensive,[],201145,,,1610612745,105,79,2024-11-23T03:09:47Z,6350000,False,,,0,,J. Green REBOUND (Off:0 Def:1),[201145],1610612745.0,HOU,,,,Green,J. Green,,,,,Above the Break 3,24+ Center,,,640.0,1.0,1.0,0.0,,,,,,,,,,,,,,
643,PT05M55.00S,2024-11-23T03:10:21.1Z,4,REGULAR,2pt,Jump Shot,['pointsinthepaint'],1642263,17.95335085413929,51.470588235294116,1610612745,105,79,2024-11-23T03:10:26Z,6370000,False,-7.0,116.0,1,left,MISS R. Sheppard 11' pullup Shot,[1642263],1610612745.0,HOU,pullup,,,Sheppard,R. Sheppard,,,,,In The Paint (Non-RA),8-16 Center,11.65,Missed,,,,,,,,,,,,,,,,,,
644,PT05M51.00S,2024-11-23T03:10:25.1Z,4,REGULAR,rebound,defensive,[],1631386,,,1610612757,105,79,2024-11-23T03:10:26Z,6380000,False,,,0,,T. Moore REBOUND (Off:1 Def:1),[1631386],1610612757.0,POR,,,,Moore,T. Moore,,,,,In The Paint (Non-RA),8-16 Center,,,643.0,2.0,1.0,1.0,,,,,,,,,,,,,,
645,PT05M37.00S,2024-11-23T03:10:39.1Z,4,REGULAR,turnover,bad pass,[],1631133,,,1610612757,105,79,2024-11-23T03:10:42Z,6390000,False,,,0,,J. Walker bad pass TURNOVER (2 TO),"[1631133, 1642263]",1610612757.0,POR,,,,Walker,J. Walker,,,,,Mid-Range,8-16 Left,,,,,,,,2.0,,Sheppard,1642263.0,,,,,,,,,
646,PT05M37.00S,2024-11-23T03:10:39.1Z,4,REGULAR,steal,,[],1642263,,,1610612745,105,79,2024-11-23T03:10:40Z,6400000,False,,,0,,R. Sheppard STEAL (3 STL),[1642263],1610612745.0,HOU,,,,Sheppard,R. Sheppard,,,,,Mid-Range,8-16 Left,,,,,,,,,,,,,,,,,,,,
647,PT05M32.00S,2024-11-23T03:10:43.5Z,4,REGULAR,2pt,DUNK,"['pointsinthepaint', 'fromturnover', 'fastbreak']",201145,5.863994743758213,51.225490196078425,1610612745,107,79,2024-11-23T03:10:51Z,6410000,False,-6.0,3.0,1,left,J. Green running DUNK (2 PTS) (R. Sheppard 2 AST),"[201145, 1642263]",1610612745.0,HOU,running,,,Green,J. Green,,,,,Restricted Area,0-8 Center,0.66,Made,,,,,,,2.0,,,R. Sheppard,1642263.0,2.0,,,,,,
649,PT05M11.00S,2024-11-23T03:11:04.9Z,4,REGULAR,2pt,Jump Shot,[],1631386,85.75886990801577,70.83333333333334,1610612757,107,79,2024-11-23T03:11:10Z,6430000,False,104.0,81.0,1,right,MISS T. Moore 13' pullup Shot,[1631386],1610612757.0,POR,pullup,,,Moore,T. Moore,,,,,Mid-Range,8-16 Right,13.22,Missed,,,,,,,,,,,,,,,,,,
650,PT05M07.00S,2024-11-23T03:11:08.9Z,4,REGULAR,rebound,offensive,[],1631386,,,1610612757,107,79,2024-11-23T03:11:10Z,6440000,False,,,0,,T. Moore REBOUND (Off:2 Def:1),[1631386],1610612757.0,POR,,,,Moore,T. Moore,,,,,Mid-Range,8-16 Right,,,649.0,3.0,1.0,2.0,,,,,,,,,,,,,,
651,PT05M03.00S,2024-11-23T03:11:12.7Z,4,REGULAR,3pt,Jump Shot,['2ndchance'],1631133,67.09921156373193,64.2156862745098,1610612757,107,79,2024-11-23T03:11:20Z,6450000,False,71.0,257.0,1,right,MISS J. Walker 26' 3PT,[1631133],1610612757.0,POR,,,,Walker,J. Walker,,,,,Above the Break 3,24+ Center,26.65,Missed,,,,,,,,,,,,,,,,,,
652,PT04M58.00S,2024-11-23T03:11:17.7Z,4,REGULAR,rebound,offensive,[],1631200,,,1610612757,107,79,2024-11-23T03:11:20Z,6460000,False,,,0,,K. Murray REBOUND (Off:1 Def:3),[1631200],1610612757.0,POR,,,,Murray,K. Murray,,,,,Above the Break 3,24+ Center,,,651.0,4.0,3.0,1.0,,,,,,,,,,,,,,
653,PT04M57.00S,2024-11-23T03:11:19.9Z,4,REGULAR,2pt,Layup,"['pointsinthepaint', '2ndchance']",1631200,90.88370565045992,46.81372549019608,1610612757,107,81,2024-11-23T03:11:27Z,6470000,False,-16.0,33.0,1,right,K. Murray putback Layup (8 PTS),[1631200],1610612757.0,POR,putback,,,Murray,K. Murray,,,,,Restricted Area,0-8 Center,3.68,Made,,,,,,,8.0,,,,,,,,,,,
654,PT04M49.00S,2024-11-23T03:11:30.7Z,4,REGULAR,foul,personal,[],1641712,,,1610612745,107,81,2024-11-23T03:11:36Z,6480000,False,,,0,,R. Rupert personal FOUL (2 PF),"[1641712, 1628988]",1610612757.0,POR,,,,Rupert,R. Rupert,,,,,Above the Break 3,24+ Right Center,,,,,,,203591.0,,,,,,,,2.0,0.0,Holiday,1628988.0,,
656,PT04M38.00S,2024-11-23T03:11:53.9Z,4,REGULAR,2pt,Layup,['pointsinthepaint'],1642263,7.835085413929041,50.245098039215684,1610612745,107,81,2024-11-23T03:16:46Z,6500000,False,-1.0,21.0,1,left,MISS R. Sheppard driving Layup,[1642263],1610612745.0,HOU,driving,,,Sheppard,R. Sheppard,,,,,Restricted Area,0-8 Center,2.11,Missed,,,,,,,,,,,,,,,,,,
657,PT04M36.00S,2024-11-23T03:11:55.9Z,4,REGULAR,rebound,defensive,[],1631133,,,1610612757,107,81,2024-11-23T03:11:57Z,6510000,False,,,0,,J. Walker REBOUND (Off:0 Def:2),[1631133],1610612757.0,POR,,,,Walker,J. Walker,,,,,Restricted Area,0-8 Center,,,656.0,2.0,2.0,0.0,,,,,,,,,,,,,,
658,PT04M30.00S,2024-11-23T03:12:01.0Z,4,REGULAR,2pt,Layup,"['fastbreak', 'pointsinthepaint']",1631200,93.11760840998686,47.05882352941176,1610612757,107,83,2024-11-23T03:12:13Z,6520000,False,-15.0,12.0,1,right,K. Murray running Layup (10 PTS) (J. Walker 2 AST),"[1631200, 1631133]",1610612757.0,POR,running,,,Murray,K. Murray,,,,,Restricted Area,0-8 Center,1.91,Made,,,,,,,10.0,,,J. Walker,1631133.0,2.0,,,,,,
660,PT04M18.00S,2024-11-23T03:12:13.8Z,4,REGULAR,2pt,DUNK,['pointsinthepaint'],1629111,5.732588699080158,49.754901960784316,1610612745,109,83,2024-11-23T03:12:18Z,6540000,False,1.0,1.0,1,left,J. Landale DUNK (2 PTS) (A. Holiday 1 AST),"[1629111, 1628988]",1610612745.0,HOU,,,,Landale,J. Landale,,,,,Restricted Area,0-8 Center,0.18,Made,,,,,,,2.0,,,A. Holiday,1628988.0,1.0,,,,,,
664,PT03M59.00S,2024-11-23T03:12:35.8Z,4,REGULAR,turnover,out-of-bounds,[],1631386,,,1610612757,109,83,2024-11-23T03:12:40Z,6560000,False,,,0,,T. Moore bad pass out-of-bounds TURNOVER (1 TO),[1631386],1610612757.0,POR,bad pass,,,Moore,T. Moore,,,,,In The Paint (Non-RA),0-8 Center,,,,,,,203591.0,1.0,,,,,,,,,,,,
665,PT03M59.00S,2024-11-23T03:12:39.4Z,4,REGULAR,substitution,out,[],1642263,,,1610612745,109,83,2024-11-23T03:12:44Z,6570000,False,,,0,,SUB out: R. Sheppard,[1642263],1610612745.0,HOU,,,,Sheppard,R. Sheppard,,,,,,,,,,,,,,,,,,,,,,,,,,
666,PT03M59.00S,2024-11-23T03:12:39.4Z,4,REGULAR,substitution,in,[],1629098,,,1610612745,109,83,2024-11-23T03:12:44Z,6580000,False,,,0,,SUB in: J. McVeigh,[1629098],1610612745.0,HOU,,,,McVeigh,J. McVeigh,,,,,,,,,,,,,,,,,,,,,,,,,,
667,PT03M44.00S,2024-11-23T03:12:59.6Z,4,REGULAR,3pt,Jump Shot,['fromturnover'],1628988,34.510512483574246,76.22549019607843,1610612745,109,83,2024-11-23T03:13:03Z,6590000,False,-131.0,272.0,1,left,MISS A. Holiday 30' pullup 3PT,[1628988],1610612745.0,HOU,pullup,,,Holiday,A. Holiday,,,,,Above the Break 3,24+ Left Center,30.19,Missed,,,,,,,,,,,,,,,,,,
668,PT03M41.00S,2024-11-23T03:13:02.6Z,4,REGULAR,rebound,defensive,[],1631386,,,1610612757,109,83,2024-11-23T03:13:03Z,6600000,False,,,0,,T. Moore REBOUND (Off:2 Def:2),[1631386],1610612757.0,POR,,,,Moore,T. Moore,,,,,Above the Break 3,24+ Left Center,,,667.0,4.0,2.0,2.0,,,,,,,,,,,,,,
669,PT03M25.00S,2024-11-23T03:13:17.8Z,4,REGULAR,3pt,Jump Shot,[],1641712,72.22404730617609,87.5,1610612757,109,86,2024-11-23T03:13:21Z,6610000,False,188.0,209.0,1,right,R. Rupert 28' 3PT  (3 PTS) (T. Moore 1 AST),"[1641712, 1631386]",1610612757.0,POR,,,,Rupert,R. Rupert,,,,,Above the Break 3,24+ Right Center,28.05,Made,,,,,,,3.0,,,T. Moore,1631386.0,1.0,,,,,,
671,PT03M11.00S,2024-11-23T03:13:32.0Z,4,REGULAR,3pt,Jump Shot,[],1629098,3.892904073587385,97.54901960784314,1610612745,109,86,2024-11-23T03:13:37Z,6630000,False,-238.0,-16.0,1,left,MISS J. McVeigh 3PT,[1629098],1610612745.0,HOU,,,,McVeigh,J. McVeigh,,,,,Left Corner 3,24+ Left,23.82,Missed,,,,,,,,,,,,,,,,,,
672,PT03M08.00S,2024-11-23T03:13:35.0Z,4,REGULAR,rebound,defensive,[],1641871,,,1610612757,109,86,2024-11-23T03:13:37Z,6640000,False,,,0,,D. Reath REBOUND (Off:1 Def:1),[1641871],1610612757.0,POR,,,,Reath,D. Reath,,,,,Left Corner 3,24+ Left,,,671.0,2.0,1.0,1.0,,,,,,,,,,,,,,
673,PT03M01.00S,2024-11-23T03:13:42.4Z,4,REGULAR,3pt,Jump Shot,[],1641712,68.01905387647832,29.166666666666668,1610612757,109,86,2024-11-23T03:13:46Z,6650000,False,-104.0,248.0,1,right,MISS R. Rupert 26' pullup 3PT,[1641712],1610612757.0,POR,pullup,,,Rupert,R. Rupert,,,,,Above the Break 3,24+ Left Center,26.91,Missed,,,,,,,,,,,,,,,,,,
674,PT02M58.00S,2024-11-23T03:13:45.4Z,4,REGULAR,rebound,defensive,[],1629111,,,1610612745,109,86,2024-11-23T03:13:46Z,6660000,False,,,0,,J. Landale REBOUND (Off:0 Def:1),[1629111],1610612745.0,HOU,,,,Landale,J. Landale,,,,,Above the Break 3,24+ Left Center,,,673.0,1.0,1.0,0.0,,,,,,,,,,,,,,
675,PT02M54.00S,2024-11-23T03:13:52.3Z,4,REGULAR,foul,offensive,[],1630256,,,1610612745,109,86,2024-11-23T03:14:04Z,6670000,False,,,0,,J. Tate charge offensive FOUL (2 PF),"[1630256, 1641712]",1610612745.0,HOU,charge,,,Tate,J. Tate,,,,,Mid-Range,8-16 Right,,,,,,,1626302.0,,,,,,,,2.0,0.0,Rupert,1641712.0,,
677,PT02M54.00S,2024-11-23T03:13:52.3Z,4,REGULAR,turnover,offensive foul,[],1630256,,,1610612745,109,86,2024-11-23T03:13:52Z,6690000,False,,,0,,J. Tate offensive foul TURNOVER (1 TO),[1630256],1610612745.0,HOU,,,,Tate,J. Tate,,,,,Mid-Range,8-16 Right,,,,,,,1626302.0,1.0,,,,,,,,,,,,
678,PT02M54.00S,2024-11-23T03:14:16.9Z,4,REGULAR,timeout,full,"['team', 'mandatory']",0,,,1610612757,109,86,2024-11-23T03:14:16Z,6700000,False,,,0,,POR Timeout,[],1610612757.0,POR,,,,,,,,,,,,,,,,,,,,,,,,,,,,,,,
680,PT02M40.00S,2024-11-23T03:17:07.2Z,4,REGULAR,2pt,Layup,"['pointsinthepaint', 'fromturnover']",1631386,91.67214191852825,37.5,1610612757,109,86,2024-11-23T03:17:12Z,6710000,False,-62.0,26.0,1,right,MISS T. Moore 6' driving Layup,[1631386],1610612757.0,POR,driving,,,Moore,T. Moore,,,,,In The Paint (Non-RA),0-8 Center,6.76,Missed,,,,,,,,,,,,,,,,,,
681,PT02M36.00S,2024-11-23T03:17:11.2Z,4,REGULAR,rebound,defensive,[],1629098,,,1610612745,109,86,2024-11-23T03:17:12Z,6720000,False,,,0,,J. McVeigh REBOUND (Off:0 Def:1),[1629098],1610612745.0,HOU,,,,McVeigh,J. McVeigh,,,,,In The Paint (Non-RA),0-8 Center,,,680.0,1.0,1.0,0.0,,,,,,,,,,,,,,
682,PT02M23.00S,2024-11-23T03:17:26.5Z,4,REGULAR,turnover,traveling,[],1630256,,,1610612745,109,86,2024-11-23T03:17:30Z,6730000,False,,,0,,J. Tate traveling TURNOVER (2 TO),[1630256],1610612745.0,HOU,,,,Tate,J. Tate,,,,,In The Paint (Non-RA),8-16 Center,,,,,,,202901.0,2.0,,,,,,,,,,,,
683,PT02M11.00S,2024-11-23T03:17:48.7Z,4,REGULAR,2pt,Layup,"['pointsinthepaint', 'fromturnover']",1631200,89.30683311432325,44.36274509803921,1610612757,109,86,2024-11-23T03:17:55Z,6740000,False,-28.0,48.0,1,right,MISS K. Murray driving Layup - blocked,"[1631200, 1629111]",1610612757.0,POR,driving,,,Murray,K. Murray,,,,,In The Paint (Non-RA),0-8 Center,5.57,Missed,,,,,,,,,,,,,,,,,Landale,1629111.0
684,PT02M11.00S,2024-11-23T03:17:48.7Z,4,REGULAR,block,,[],1629111,,,1610612757,109,86,2024-11-23T03:17:50Z,6750000,False,,,0,,J. Landale BLOCK (1 BLK),[1629111],1610612745.0,HOU,,,,Landale,J. Landale,,,,,In The Paint (Non-RA),0-8 Center,,,,,,,,,,,,,,,,,,,,
685,PT02M11.00S,2024-11-23T03:17:48.7Z,4,REGULAR,rebound,offensive,['team'],0,,,1610612757,109,86,2024-11-23T03:17:55Z,6760000,False,,,0,,TEAM offensive REBOUND,[],1610612757.0,POR,,,,,,,,,,In The Paint (Non-RA),0-8 Center,,,683.0,,,,,,,,,,,,,,,,,
687,PT02M02.00S,2024-11-23T03:18:09.2Z,4,REGULAR,2pt,Layup,"['pointsinthepaint', 'fromturnover', '2ndchance']",1631133,90.22667542706965,51.9607843137255,1610612757,109,86,2024-11-23T03:18:15Z,6780000,False,10.0,39.0,1,right,MISS J. Walker driving Layup,[1631133],1610612757.0,POR,driving,,,Walker,J. Walker,,,,,Restricted Area,0-8 Center,4.06,Missed,,,,,,,,,,,,,,,,,,
688,PT02M00.00S,2024-11-23T03:18:11.2Z,4,REGULAR,rebound,defensive,[],1630256,,,1610612745,109,86,2024-11-23T03:18:15Z,6790000,False,,,0,,J. Tate REBOUND (Off:0 Def:2),[1630256],1610612745.0,HOU,,,,Tate,J. Tate,,,,,Restricted Area,0-8 Center,,,687.0,2.0,2.0,0.0,,,,,,,,,,,,,,
689,PT01M43.00S,2024-11-23T03:18:29.2Z,4,REGULAR,2pt,Jump Shot,['pointsinthepaint'],201145,11.12023653088042,63.970588235294116,1610612745,109,86,2024-11-23T03:18:34Z,6800000,False,-70.0,52.0,1,left,MISS J. Green 8' turnaround fadeaway Shot,[201145],1610612745.0,HOU,turnaround fadeaway,,,Green,J. Green,,,,,In The Paint (Non-RA),8-16 Left,8.71,Missed,,,,,,,,,,,,,,,,,,
690,PT01M38.00S,2024-11-23T03:18:34.2Z,4,REGULAR,rebound,defensive,[],1641712,,,1610612757,109,86,2024-11-23T03:18:34Z,6810000,False,,,0,,R. Rupert REBOUND (Off:2 Def:1),[1641712],1610612757.0,POR,,,,Rupert,R. Rupert,,,,,In The Paint (Non-RA),8-16 Left,,,689.0,3.0,1.0,2.0,,,,,,,,,,,,,,
691,PT01M26.00S,2024-11-23T03:18:45.2Z,4,REGULAR,2pt,Jump Shot,[],1641712,93.16688567674113,73.55238970588235,1610612757,109,88,2024-11-23T03:18:54Z,6820000,False,118.0,12.0,1,right,R. Rupert 11' fadeaway Jump Shot (5 PTS),[1641712],1610612757.0,POR,fadeaway,,,Rupert,R. Rupert,,,,,Mid-Range,8-16 Right,11.84,Made,,,,,,,5.0,,,,,,,,,,,
692,PT01M17.00S,2024-11-23T03:18:57.2Z,4,REGULAR,turnover,bad pass,[],1630256,,,1610612745,109,88,2024-11-23T03:19:00Z,6830000,False,,,0,,J. Tate bad pass TURNOVER (3 TO),"[1630256, 1631133]",1610612745.0,HOU,,,,Tate,J. Tate,,,,,Mid-Range,16-24 Left Center,,,,,,,,3.0,,Walker,1631133.0,,,,,,,,,
693,PT01M17.00S,2024-11-23T03:18:57.2Z,4,REGULAR,steal,,[],1631133,,,1610612757,109,88,2024-11-23T03:18:59Z,6840000,False,,,0,,J. Walker STEAL (1 STL),[1631133],1610612757.0,POR,,,,Walker,J. Walker,,,,,Mid-Range,16-24 Left Center,,,,,,,,,,,,,,,,,,,,
694,PT01M05.00S,2024-11-23T03:19:09.2Z,4,REGULAR,3pt,Jump Shot,['fromturnover'],1631200,79.31997371879106,8.57843137254902,1610612757,109,88,2024-11-23T03:19:13Z,6850000,False,-207.0,142.0,1,right,MISS K. Murray 25' 3PT,[1631200],1610612757.0,POR,,,,Murray,K. Murray,,,,,Above the Break 3,24+ Left Center,25.1,Missed,,,,,,,,,,,,,,,,,,
695,PT01M02.00S,2024-11-23T03:19:12.2Z,4,REGULAR,rebound,defensive,[],1630256,,,1610612745,109,88,2024-11-23T03:19:13Z,6860000,False,,,0,,J. Tate REBOUND (Off:0 Def:3),[1630256],1610612745.0,HOU,,,,Tate,J. Tate,,,,,Above the Break 3,24+ Left Center,,,694.0,3.0,3.0,0.0,,,,,,,,,,,,,,
696,PT00M48.90S,2024-11-23T03:19:25.0Z,4,REGULAR,3pt,Jump Shot,[],1628988,17.821944809461236,96.07843137254902,1610612745,109,88,2024-11-23T03:19:30Z,6870000,False,-230.0,115.0,1,left,MISS A. Holiday 25' 3PT,[1628988],1610612745.0,HOU,,,,Holiday,A. Holiday,,,,,Above the Break 3,24+ Left Center,25.75,Missed,,,,,,,,,,,,,,,,,,
697,PT00M47.00S,2024-11-23T03:19:26.9Z,4,REGULAR,rebound,offensive,['team'],0,,,1610612745,109,88,2024-11-23T03:19:30Z,6880000,False,,,0,,TEAM offensive REBOUND,[],1610612745.0,HOU,,,,,,,,,,Above the Break 3,24+ Left Center,,,696.0,,,,,,,,,,,,,,,,,
699,PT00M45.50S,2024-11-23T03:19:43.4Z,4,REGULAR,3pt,Jump Shot,['2ndchance'],1628988,19.267411300919843,6.862745098039216,1610612745,109,88,2024-11-23T03:19:48Z,6900000,False,216.0,129.0,1,left,MISS A. Holiday 25' 3PT,[1628988],1610612745.0,HOU,,,,Holiday,A. Holiday,,,,,Above the Break 3,24+ Right Center,25.11,Missed,,,,,,,,,,,,,,,,,,
700,PT00M40.70S,2024-11-23T03:19:48.2Z,4,REGULAR,rebound,offensive,[],1629098,,,1610612745,109,88,2024-11-23T03:20:02Z,6910000,False,,,0,,J. McVeigh REBOUND (Off:1 Def:1),[1629098],1610612745.0,HOU,,,,McVeigh,J. McVeigh,,,,,Above the Break 3,24+ Right Center,,,699.0,2.0,1.0,1.0,,,,,,,,,,,,,,
701,PT00M39.30S,2024-11-23T03:19:50.1Z,4,REGULAR,3pt,Jump Shot,['2ndchance'],201145,26.62614980289093,84.06862745098039,1610612745,112,88,2024-11-23T03:19:58Z,6920000,False,-170.0,198.0,1,left,J. Green 26' 3PT  (5 PTS) (J. McVeigh 1 AST),"[201145, 1629098]",1610612745.0,HOU,,,,Green,J. Green,,,,,Above the Break 3,24+ Left Center,26.1,Made,,,,,,,5.0,,,J. McVeigh,1629098.0,1.0,,,,,,
702,PT00M20.60S,2024-11-23T03:20:11.9Z,4,REGULAR,3pt,Jump Shot,[],1631386,63.81406044678055,42.8921568627451,1610612757,112,88,2024-11-23T03:20:15Z,6930000,False,-36.0,288.0,1,right,MISS T. Moore 28' 3PT,[1631386],1610612757.0,POR,,,,Moore,T. Moore,,,,,Above the Break 3,24+ Center,28.98,Missed,,,,,,,,,,,,,,,,,,
703,PT00M18.00S,2024-11-23T03:20:14.5Z,4,REGULAR,rebound,defensive,[],1630256,,,1610612745,112,88,2024-11-23T03:20:14Z,6940000,False,,,0,,J. Tate REBOUND (Off:0 Def:4),[1630256],1610612745.0,HOU,,,,Tate,J. Tate,,,,,Above the Break 3,24+ Center,,,702.0,4.0,4.0,0.0,,,,,,,,,,,,,,
704,PT00M10.50S,2024-11-23T03:20:21.9Z,4,REGULAR,3pt,Jump Shot,[],1629098,6.258212877792378,3.9215686274509802,1610612745,115,88,2024-11-23T03:20:25Z,6950000,False,230.0,6.0,1,left,J. McVeigh 3PT  (3 PTS) (A. Holiday 2 AST),"[1629098, 1628988]",1610612745.0,HOU,,,,McVeigh,J. McVeigh,,,,,Right Corner 3,24+ Right,23.05,Made,,,,,,,3.0,,,A. Holiday,1628988.0,2.0,,,,,,
706,PT00M05.00S,2024-11-23T03:20:30.2Z,4,REGULAR,turnover,lost ball,[],1641712,,,1610612757,115,88,2024-11-23T03:20:35Z,6970000,False,,,0,,R. Rupert lost ball TURNOVER (3 TO),"[1641712, 1630256]",1610612757.0,POR,,,,Rupert,R. Rupert,,,,,Mid-Range,16-24 Left Center,,,,,,,,3.0,,Tate,1630256.0,,,,,,,,,
707,PT00M05.00S,2024-11-23T03:20:30.2Z,4,REGULAR,steal,,[],1630256,,,1610612745,115,88,2024-11-23T03:20:31Z,6980000,False,,,0,,J. Tate STEAL (2 STL),[1630256],1610612745.0,HOU,,,,Tate,J. Tate,,,,,Mid-Range,16-24 Left Center,,,,,,,,,,,,,,,,,,,,
708,PT00M01.10S,2024-11-23T03:20:35.6Z,4,REGULAR,foul,personal,['2freethrow'],1641871,,,1610612745,115,88,2024-11-23T03:21:01Z,6990000,False,,,0,,D. Reath shooting personal FOUL (2 PF) (Tate 2 FT),"[1641871, 1630256]",1610612757.0,POR,shooting,,,Reath,D. Reath,,,,,Restricted Area,0-8 Center,,,,,,,1626302.0,,,,,,,,2.0,0.0,Tate,1630256.0,,
710,PT00M01.10S,2024-11-23T03:21:09.2Z,4,REGULAR,freethrow,1 of 2,['fromturnover'],1630256,,,1610612745,115,88,2024-11-23T03:21:09Z,7010000,False,,,0,,MISS J. Tate Free Throw 1 of 2,[1630256],1610612745.0,HOU,,,,Tate,J. Tate,,,,,,,,Missed,,,,,,,,,,,,,,,,,,
711,PT00M01.10S,2024-11-23T03:21:09.2Z,4,REGULAR,rebound,offensive,"['deadball', 'team']",0,,,1610612745,115,88,2024-11-23T03:21:09Z,7020000,False,,,0,,TEAM offensive REBOUND,[],1610612745.0,HOU,,,,,,,,,,,,,,710.0,,,,,,,,,,,,,,,,,
712,PT00M01.10S,2024-11-23T03:21:22.5Z,4,REGULAR,freethrow,2 of 2,['fromturnover'],1630256,,,1610612745,116,88,2024-11-23T03:21:22Z,7030000,False,,,0,,J. Tate Free Throw 2 of 2 (1 PTS),[1630256],1610612745.0,HOU,,,,Tate,J. Tate,,,,,,,,Made,,,,,,,1.0,,,,,,,,,,,
714,PT00M00.20S,2024-11-23T03:21:29.6Z,4,REGULAR,3pt,Jump Shot,[],1631386,21.76412614980289,88.23529411764706,1610612757,116,88,2024-11-23T03:21:44Z,7040000,False,191.0,683.0,1,right,MISS T. Moore 70' 3PT,[1631386],1610612757.0,POR,,,,Moore,T. Moore,,,,,Above the Break 3,24+ Left Center,70.92,Missed,,,,,,,,,,,,,,,,,,
715,PT00M00.10S,2024-11-23T03:21:29.7Z,4,REGULAR,rebound,offensive,['team'],0,,,1610612757,116,88,2024-11-23T03:21:44Z,7050000,False,,,0,,TEAM offensive REBOUND,[],1610612757.0,POR,,,,,,,,,,Above the Break 3,24+ Left Center,,,714.0,,,,,,,,,,,,,,,,,
716,PT00M00.00S,2024-11-23T03:21:36.6Z,4,REGULAR,period,end,[],0,,,1610612757,116,88,2024-11-23T03:21:36Z,7060000,False,,,0,,Period End,[],,,,,,,,,,,,,,,,,,,,,,,,,,,,,,,,,
717,PT00M00.00S,2024-11-23T03:21:48.5Z,4,REGULAR,game,end,[],0,,,0,116,88,2024-11-23T03:21:48Z,7070000,False,,,0,,Game End,[],,,,,,,,,,,,,,,,,,,,,,,,,,,,,,,,,
