actionNumber,clock,timeActual,period,periodType,actionType,subType,qualifiers,personId,x,y,possession,scoreHome,scoreAway,edited,orderNumber,isTargetScoreLastPeriod,xLegacy,yLegacy,isFieldGoal,side,description,personIdsFilter,teamId,teamTricode,descriptor,jumpBallRecoveredName,jumpBallRecoverdPersonId,playerName,playerNameI,jumpBallWonPlayerName,jumpBallWonPersonId,jumpBallLostPlayerName,jumpBallLostPersonId,area,areaDetail,shotDistance,shotResult,pointsTotal,assistPlayerNameInitial,assistPersonId,assistTotal,shotActionNumber,reboundTotal,reboundDefensiveTotal,reboundOffensiveTotal,turnoverTotal,stealPlayerName,stealPersonId,officialId,foulPersonalTotal,foulTechnicalTotal,foulDrawnPlayerName,foulDrawnPersonId,blockPlayerName,blockPersonId
2,PT12M00.00S,2024-03-15T23:40:57.2Z,1,REGULAR,period,start,[],0,,,0,0,0,2024-03-15T23:40:57Z,20000,False,,,0,,Period Start,[],,,,,,,,,,,,,,,,,,,,,,,,,,,,,,,,,
4,PT11M56.00S,2024-03-15T23:40:59.9Z,1,REGULAR,jumpball,recovered,[],1630591,,,1610612753,0,0,2024-03-15T23:40:59Z,40000,False,,,0,,Jump Ball W. Carter Jr. vs. K. Olynyk: Tip to J. Suggs,"[1630591, 1628976, 203482]",1610612753.0,ORL,startperiod,J. Suggs,1630591.0,Suggs,J. Suggs,Carter Jr.,1628976.0,Olynyk,203482.0,,,,,,,,,,,,,,,,,,,,,,
7,PT11M41.00S,2024-03-15T23:41:14.5Z,1,REGULAR,3pt,Jump Shot,[],1630591,31.09395532194481,67.64705882352942,1610612753,0,3,2024-03-15T23:41:19Z,70000,False,-88.0,240.0,1,left,J. Suggs 25' 3PT  (3 PTS) (P. Banchero 1 AST),"[1630591, 1631094]",1610612753.0,ORL,,,,Suggs,J. Suggs,,,,,Above the Break 3,24+ Left Center,25.55,Made,3.0,P. Banchero,1631094.0,1.0,,,,,,,,,,,,,,
9,PT11M24.00S,2024-03-15T23:41:32.0Z,1,REGULAR,3pt,Jump Shot,[],1629018,66.83639947437582,44.11764705882353,1610612761,3,3,2024-03-15T23:41:36Z,90000,False,-29.0,259.0,1,right,G. Trent Jr. 26' 3PT  (3 PTS) (I. Quickley 1 AST),"[1629018, 1630193]",1610612761.0,TOR,,,,Trent Jr.,G. Trent Jr.,,,,,Above the Break 3,24+ Center,26.09,Made,3.0,I. Quickley,1630193.0,1.0,,,,,,,,,,,,,,
11,PT11M06.00S,2024-03-15T23:41:51.0Z,1,REGULAR,2pt,Jump Shot,['pointsinthepaint'],1630532,8.492115637319317,45.588235294117645,1610612753,3,5,2024-03-15T23:41:56Z,110000,False,22.0,27.0,1,left,F. Wagner driving floating bank Jump Shot (2 PTS),[1630532],1610612753.0,ORL,driving floating bank,,,Wagner,F. Wagner,,,,,Restricted Area,0-8 Center,3.51,Made,2.0,,,,,,,,,,,,,,,,,
12,PT10M49.00S,2024-03-15T23:42:06.4Z,1,REGULAR,2pt,Jump Shot,['pointsinthepaint'],203482,89.43823915900131,38.72549019607843,1610612761,3,5,2024-03-15T23:42:11Z,120000,False,-56.0,47.0,1,right,MISS K. Olynyk 7' driving floating Shot,[203482],1610612761.0,TOR,driving floating,,,Olynyk,K. Olynyk,,,,,In The Paint (Non-RA),0-8 Center,7.33,Missed,,,,,,,,,,,,,,,,,,
13,PT10M48.00S,2024-03-15T23:42:07.4Z,1,REGULAR,rebound,defensive,[],1631094,,,1610612753,3,5,2024-03-15T23:42:11Z,130000,False,,,0,,P. Banchero REBOUND (Off:0 Def:1),[1631094],1610612753.0,ORL,,,,Banchero,P. Banchero,,,,,In The Paint (Non-RA),0-8 Center,,,,,,,12.0,1.0,1.0,0.0,,,,,,,,,,
14,PT10M43.00S,2024-03-15T23:42:12.6Z,1,REGULAR,turnover,bad pass,[],1631094,,,1610612753,3,5,2024-03-15T23:42:16Z,140000,False,,,0,,P. Banchero bad pass TURNOVER (1 TO),"[1631094, 1630193]",1610612753.0,ORL,,,,Banchero,P. Banchero,,,,,Above the Break 3,24+ Center,,,,,,,,,,,1.0,Quickley,1630193.0,,,,,,,
15,PT10M43.00S,2024-03-15T23:42:12.6Z,1,REGULAR,steal,,[],1630193,,,1610612761,3,5,2024-03-15T23:42:14Z,150000,False,,,0,,I. Quickley STEAL (1 STL),[1630193],1610612761.0,TOR,,,,Quickley,I. Quickley,,,,,Above the Break 3,24+ Center,,,,,,,,,,,,,,,,,,,,
16,PT10M35.00S,2024-03-15T23:42:21.0Z,1,REGULAR,2pt,Jump Shot,"['pointsinthepaint', 'fromturnover']",1629018,81.553876478318,38.48039215686275,1610612761,3,5,2024-03-15T23:42:26Z,160000,False,-58.0,121.0,1,right,MISS G. Trent Jr. 13' step back Shot,[1629018],1610612761.0,TOR,step back,,,Trent Jr.,G. Trent Jr.,,,,,In The Paint (Non-RA),8-16 Center,13.39,Missed,,,,,,,,,,,,,,,,,,
17,PT10M32.00S,2024-03-15T23:42:24.0Z,1,REGULAR,rebound,defensive,[],1630591,,,1610612753,3,5,2024-03-15T23:42:26Z,170000,False,,,0,,J. Suggs REBOUND (Off:0 Def:1),[1630591],1610612753.0,ORL,,,,Suggs,J. Suggs,,,,,In The Paint (Non-RA),8-16 Center,,,,,,,16.0,1.0,1.0,0.0,,,,,,,,,,
18,PT10M29.00S,2024-03-15T23:42:27.0Z,1,REGULAR,3pt,Jump Shot,['fastbreak'],203914,17.559132720105126,93.87254901960785,1610612753,3,8,2024-03-15T23:45:32Z,180000,False,-219.0,113.0,1,left,G. Harris 24' 3PT running (3 PTS) (J. Suggs 1 AST),"[203914, 1630591]",1610612753.0,ORL,running,,,Harris,G. Harris,,,,,Above the Break 3,24+ Left Center,24.66,Made,3.0,J. Suggs,1630591.0,1.0,,,,,,,,,,,,,,
20,PT10M13.00S,2024-03-15T23:42:42.9Z,1,REGULAR,turnover,bad pass,[],1630193,,,1610612761,3,8,2024-03-15T23:42:46Z,200000,False,,,0,,I. Quickley bad pass TURNOVER (1 TO),"[1630193, 1631094]",1610612761.0,TOR,,,,Quickley,I. Quickley,,,,,Above the Break 3,24+ Right Center,,,,,,,,,,,1.0,Banchero,1631094.0,,,,,,,
21,PT10M13.00S,2024-03-15T23:42:42.9Z,1,REGULAR,steal,,[],1631094,,,1610612753,3,8,2024-03-15T23:42:44Z,210000,False,,,0,,P. Banchero STEAL (1 STL),[1631094],1610612753.0,ORL,,,,Banchero,P. Banchero,,,,,Above the Break 3,24+ Right Center,,,,,,,,,,,,,,,,,,,,
22,PT10M11.00S,2024-03-15T23:42:45.7Z,1,REGULAR,2pt,DUNK,"['pointsinthepaint', 'fromturnover', 'fastbreak']",1631094,5.995400788436268,50.73529411764706,1610612753,3,10,2024-03-15T23:42:52Z,220000,False,-4.0,4.0,1,left,P. Banchero running DUNK (2 PTS),[1631094],1610612753.0,ORL,running,,,Banchero,P. Banchero,,,,,Restricted Area,0-8 Center,0.54,Made,2.0,,,,,,,,,,,,,,,,,
23,PT10M10.00S,2024-03-15T23:42:50.5Z,1,REGULAR,timeout,full,"['team', 'mandatory']",0,,,1610612761,3,10,2024-03-15T23:42:50Z,230000,False,,,0,,TOR Timeout,[],1610612761.0,TOR,,,,,,,,,,,,,,,,,,,,,,,,,,,,,,,
25,PT09M57.00S,2024-03-15T23:46:06.8Z,1,REGULAR,foul,personal,['2freethrow'],1631094,,,1610612761,3,10,2024-03-15T23:46:14Z,250000,False,,,0,,P. Banchero shooting personal FOUL (1 PF) (Dick 2 FT),"[1631094, 1641711]",1610612753.0,ORL,shooting,,,Banchero,P. Banchero,,,,,In The Paint (Non-RA),0-8 Center,,,,,,,,,,,,,,202007.0,1.0,0.0,Dick,1641711.0,,
27,PT09M57.00S,2024-03-15T23:46:34.5Z,1,REGULAR,freethrow,1 of 2,[],1641711,,,1610612761,4,10,2024-03-15T23:46:34Z,270000,False,,,0,,G. Dick Free Throw 1 of 2 (1 PTS),[1641711],1610612761.0,TOR,,,,Dick,G. Dick,,,,,,,,Made,1.0,,,,,,,,,,,,,,,,,
28,PT09M57.00S,2024-03-15T23:46:47.9Z,1,REGULAR,freethrow,2 of 2,[],1641711,,,1610612761,5,10,2024-03-15T23:46:47Z,280000,False,,,0,,G. Dick Free Throw 2 of 2 (2 PTS),[1641711],1610612761.0,TOR,,,,Dick,G. Dick,,,,,,,,Made,2.0,,,,,,,,,,,,,,,,,
29,PT09M47.00S,2024-03-15T23:47:01.1Z,1,REGULAR,foul,personal,[],1629018,,,1610612753,5,10,2024-03-15T23:47:14Z,290000,False,,,0,,G. Trent Jr. personal FOUL (1 PF),"[1629018, 1630532]",1610612761.0,TOR,,,,Trent Jr.,G. Trent Jr.,,,,,In The Paint (Non-RA),8-16 Right,,,,,,,,,,,,,,202007.0,1.0,0.0,Wagner,1630532.0,,
31,PT09M42.00S,2024-03-15T23:47:21.9Z,1,REGULAR,foul,personal,[],203482,,,1610612753,5,10,2024-03-15T23:47:43Z,310000,False,,,0,,K. Olynyk personal FOUL (1 PF),"[203482, 1628976]",1610612761.0,TOR,,,,Olynyk,K. Olynyk,,,,,Restricted Area,0-8 Center,,,,,,,,,,,,,,2004.0,1.0,0.0,Carter Jr.,1628976.0,,
33,PT09M34.00S,2024-03-15T23:47:51.5Z,1,REGULAR,2pt,DUNK,['pointsinthepaint'],1630532,7.046649145860711,49.26470588235294,1610612753,5,12,2024-03-15T23:47:55Z,330000,False,4.0,14.0,1,left,F. Wagner driving DUNK (4 PTS),[1630532],1610612753.0,ORL,driving,,,Wagner,F. Wagner,,,,,Restricted Area,0-8 Center,1.42,Made,4.0,,,,,,,,,,,,,,,,,
34,PT09M20.00S,2024-03-15T23:48:07.1Z,1,REGULAR,foul,personal,['2freethrow'],1628976,,,1610612761,5,12,2024-03-15T23:48:15Z,340000,False,,,0,,W. Carter Jr. shooting personal FOUL (1 PF) (Olynyk 2 FT),"[1628976, 203482]",1610612753.0,ORL,shooting,,,Carter Jr.,W. Carter Jr.,,,,,Restricted Area,0-8 Center,,,,,,,,,,,,,,1629178.0,1.0,0.0,Olynyk,203482.0,,
36,PT09M20.00S,2024-03-15T23:48:29.5Z,1,REGULAR,freethrow,1 of 2,[],203482,,,1610612761,5,12,2024-03-15T23:48:43Z,360000,False,,,0,,MISS K. Olynyk Free Throw 1 of 2,[203482],1610612761.0,TOR,,,,Olynyk,K. Olynyk,,,,,,,,Missed,,,,,,,,,,,,,,,,,,
37,PT09M20.00S,2024-03-15T23:48:29.5Z,1,REGULAR,rebound,offensive,"['team', 'deadball']",0,,,1610612761,5,12,2024-03-15T23:48:43Z,370000,False,,,0,,TEAM offensive REBOUND,[],1610612761.0,TOR,,,,,,,,,,,,,,,,,,36.0,,,,,,,,,,,,,
38,PT09M20.00S,2024-03-15T23:48:29.5Z,1,REGULAR,freethrow,2 of 2,[],203482,,,1610612761,5,12,2024-03-15T23:48:43Z,380000,False,,,0,,MISS K. Olynyk Free Throw 2 of 2,[203482],1610612761.0,TOR,,,,Olynyk,K. Olynyk,,,,,,,,Missed,,,,,,,,,,,,,,,,,,
39,PT09M18.00S,2024-03-15T23:48:31.5Z,1,REGULAR,rebound,defensive,[],1630532,,,1610612753,5,12,2024-03-15T23:48:43Z,390000,False,,,0,,F. Wagner REBOUND (Off:0 Def:1),[1630532],1610612753.0,ORL,,,,Wagner,F. Wagner,,,,,,,,,,,,,38.0,1.0,1.0,0.0,,,,,,,,,,
40,PT09M06.00S,2024-03-15T23:48:54.0Z,1,REGULAR,3pt,Jump Shot,[],1628976,30.305519053876477,29.411764705882355,1610612753,5,12,2024-03-15T23:48:59Z,400000,False,103.0,232.0,1,left,MISS W. Carter Jr. 25' bank 3PT,[1628976],1610612753.0,ORL,bank,,,Carter Jr.,W. Carter Jr.,,,,,Above the Break 3,24+ Right Center,25.42,Missed,,,,,,,,,,,,,,,,,,
41,PT09M03.00S,2024-03-15T23:48:57.0Z,1,REGULAR,rebound,defensive,[],1629018,,,1610612761,5,12,2024-03-15T23:48:59Z,410000,False,,,0,,G. Trent Jr. REBOUND (Off:0 Def:1),[1629018],1610612761.0,TOR,,,,Trent Jr.,G. Trent Jr.,,,,,Above the Break 3,24+ Right Center,,,,,,,40.0,1.0,1.0,0.0,,,,,,,,,,
42,PT08M45.00S,2024-03-15T23:49:15.5Z,1,REGULAR,2pt,Hook,['pointsinthepaint'],203482,88.64980289093299,38.72549019607843,1610612761,5,12,2024-03-15T23:49:20Z,420000,False,-56.0,54.0,1,right,MISS K. Olynyk 7' turnaround Hook,[203482],1610612761.0,TOR,turnaround,,,Olynyk,K. Olynyk,,,,,In The Paint (Non-RA),0-8 Center,7.82,Missed,,,,,,,,,,,,,,,,,,
43,PT08M41.00S,2024-03-15T23:49:19.5Z,1,REGULAR,rebound,defensive,[],1630532,,,1610612753,5,12,2024-03-15T23:49:20Z,430000,False,,,0,,F. Wagner REBOUND (Off:0 Def:2),[1630532],1610612753.0,ORL,,,,Wagner,F. Wagner,,,,,In The Paint (Non-RA),0-8 Center,,,,,,,42.0,2.0,2.0,0.0,,,,,,,,,,
44,PT08M30.00S,2024-03-15T23:49:31.2Z,1,REGULAR,2pt,Layup,['pointsinthepaint'],1630532,5.995400788436268,47.30392156862745,1610612753,5,14,2024-03-15T23:49:35Z,440000,False,13.0,4.0,1,left,F. Wagner driving Layup (6 PTS) (W. Carter Jr. 1 AST),"[1630532, 1628976]",1610612753.0,ORL,driving,,,Wagner,F. Wagner,,,,,Restricted Area,0-8 Center,1.41,Made,6.0,W. Carter Jr.,1628976.0,1.0,,,,,,,,,,,,,,
46,PT08M16.00S,2024-03-15T23:49:45.1Z,1,REGULAR,2pt,Layup,['pointsinthepaint'],1641711,94.1688567674113,54.41176470588235,1610612761,5,14,2024-03-15T23:50:58Z,460000,False,22.0,2.0,1,right,MISS G. Dick driving Layup,[1641711],1610612761.0,TOR,driving,,,Dick,G. Dick,,,,,Restricted Area,0-8 Center,2.22,Missed,,,,,,,,,,,,,,,,,,
47,PT08M12.00S,2024-03-15T23:49:49.1Z,1,REGULAR,rebound,defensive,[],1631094,,,1610612753,5,14,2024-03-15T23:50:58Z,470000,False,,,0,,P. Banchero REBOUND (Off:0 Def:2),[1631094],1610612753.0,ORL,,,,Banchero,P. Banchero,,,,,Restricted Area,0-8 Center,,,,,,,46.0,2.0,2.0,0.0,,,,,,,,,,
48,PT08M07.00S,2024-03-15T23:49:52.9Z,1,REGULAR,2pt,Layup,"['pointsinthepaint', 'fastbreak']",1631094,5.863994743758213,49.50980392156863,1610612753,5,14,2024-03-15T23:50:00Z,480000,False,2.0,3.0,1,left,MISS P. Banchero running reverse Layup,[1631094],1610612753.0,ORL,running reverse,,,Banchero,P. Banchero,,,,,Restricted Area,0-8 Center,0.36,Missed,,,,,,,,,,,,,,,,,,
49,PT08M05.00S,2024-03-15T23:49:54.9Z,1,REGULAR,rebound,defensive,[],1641711,,,1610612761,5,14,2024-03-15T23:50:00Z,490000,False,,,0,,G. Dick REBOUND (Off:0 Def:1),[1641711],1610612761.0,TOR,,,,Dick,G. Dick,,,,,Restricted Area,0-8 Center,,,,,,,48.0,1.0,1.0,0.0,,,,,,,,,,
50,PT08M01.00S,2024-03-15T23:49:59.4Z,1,REGULAR,2pt,DUNK,"['pointsinthepaint', 'fastbreak']",1630534,93.38042049934296,49.754901960784316,1610612761,7,14,2024-03-15T23:50:06Z,500000,False,-1.0,10.0,1,right,O. Agbaji running alley-oop DUNK (2 PTS) (G. Dick 1 AST),"[1630534, 1641711]",1610612761.0,TOR,running alley-oop,,,Agbaji,O. Agbaji,,,,,Restricted Area,0-8 Center,0.98,Made,2.0,G. Dick,1641711.0,1.0,,,,,,,,,,,,,,
52,PT07M49.00S,2024-03-15T23:50:11.8Z,1,REGULAR,turnover,bad pass,[],1630532,,,1610612753,7,14,2024-03-15T23:50:16Z,520000,False,,,0,,F. Wagner bad pass TURNOVER (1 TO),"[1630532, 203482]",1610612753.0,ORL,,,,Wagner,F. Wagner,,,,,Above the Break 3,24+ Left Center,,,,,,,,,,,1.0,Olynyk,203482.0,,,,,,,
53,PT07M49.00S,2024-03-15T23:50:11.8Z,1,REGULAR,steal,,[],203482,,,1610612761,7,14,2024-03-15T23:50:14Z,530000,False,,,0,,K. Olynyk STEAL (1 STL),[203482],1610612761.0,TOR,,,,Olynyk,K. Olynyk,,,,,Above the Break 3,24+ Left Center,,,,,,,,,,,,,,,,,,,,
54,PT07M44.00S,2024-03-15T23:50:16.2Z,1,REGULAR,3pt,Jump Shot,"['fromturnover', 'fastbreak']",1630193,66.83639947437582,67.8921568627451,1610612761,10,14,2024-03-15T23:50:23Z,540000,False,89.0,259.0,1,right,I. Quickley 27' 3PT running pullup (3 PTS),[1630193],1610612761.0,TOR,running pullup,,,Quickley,I. Quickley,,,,,Above the Break 3,24+ Right Center,27.42,Made,3.0,,,,,,,,,,,,,,,,,
55,PT07M21.00S,2024-03-15T23:50:40.0Z,1,REGULAR,2pt,Jump Shot,['pointsinthepaint'],203914,13.091327201051248,41.17647058823529,1610612753,10,14,2024-03-15T23:50:46Z,550000,False,44.0,71.0,1,left,MISS G. Harris 8' driving floating Shot - blocked,"[203914, 1641711]",1610612753.0,ORL,driving floating,,,Harris,G. Harris,,,,,In The Paint (Non-RA),8-16 Center,8.32,Missed,,,,,,,,,,,,,,,,,Dick,1641711.0
56,PT07M21.00S,2024-03-15T23:50:40.0Z,1,REGULAR,block,,[],1641711,,,1610612753,10,14,2024-03-15T23:50:42Z,560000,False,,,0,,G. Dick BLOCK (1 BLK),[1641711],1610612761.0,TOR,,,,Dick,G. Dick,,,,,In The Paint (Non-RA),8-16 Center,,,,,,,,,,,,,,,,,,,,
57,PT07M17.00S,2024-03-15T23:50:44.0Z,1,REGULAR,rebound,defensive,[],1629018,,,1610612761,10,14,2024-03-15T23:50:46Z,570000,False,,,0,,G. Trent Jr. REBOUND (Off:0 Def:2),[1629018],1610612761.0,TOR,,,,Trent Jr.,G. Trent Jr.,,,,,In The Paint (Non-RA),8-16 Center,,,,,,,55.0,2.0,2.0,0.0,,,,,,,,,,
58,PT07M14.00S,2024-03-15T23:50:47.0Z,1,REGULAR,3pt,Jump Shot,['fastbreak'],1630193,69.33311432325887,70.58823529411765,1610612761,10,14,2024-03-15T23:53:43Z,580000,False,103.0,236.0,1,right,MISS I. Quickley 25' running 3PT,[1630193],1610612761.0,TOR,running,,,Quickley,I. Quickley,,,,,Above the Break 3,24+ Right Center,25.73,Missed,,,,,,,,,,,,,,,,,,
59,PT07M11.00S,2024-03-15T23:50:50.0Z,1,REGULAR,rebound,defensive,['team'],0,,,1610612753,10,14,2024-03-15T23:50:53Z,590000,False,,,0,,TEAM defensive REBOUND,[],1610612753.0,ORL,,,,,,,,,,Above the Break 3,24+ Right Center,,,,,,,58.0,,,,,,,,,,,,,
61,PT06M59.00S,2024-03-15T23:51:11.4Z,1,REGULAR,3pt,Jump Shot,[],1628976,31.225361366622867,67.64705882352942,1610612753,10,17,2024-03-15T23:51:15Z,610000,False,-88.0,241.0,1,left,W. Carter Jr. 25' 3PT  (3 PTS) (P. Banchero 2 AST),"[1628976, 1631094]",1610612753.0,ORL,,,,Carter Jr.,W. Carter Jr.,,,,,Above the Break 3,24+ Left Center,25.66,Made,3.0,P. Banchero,1631094.0,2.0,,,,,,,,,,,,,,
63,PT06M47.00S,2024-03-15T23:51:24.1Z,1,REGULAR,3pt,Jump Shot,[],1629018,67.49342969776609,43.13725490196079,1610612761,10,17,2024-03-15T23:51:28Z,630000,False,-34.0,253.0,1,right,MISS G. Trent Jr. 25' 3PT,[1629018],1610612761.0,TOR,,,,Trent Jr.,G. Trent Jr.,,,,,Above the Break 3,24+ Center,25.54,Missed,,,,,,,,,,,,,,,,,,
64,PT06M43.00S,2024-03-15T23:51:28.1Z,1,REGULAR,rebound,defensive,[],1631094,,,1610612753,10,17,2024-03-15T23:51:28Z,640000,False,,,0,,P. Banchero REBOUND (Off:0 Def:3),[1631094],1610612753.0,ORL,,,,Banchero,P. Banchero,,,,,Above the Break 3,24+ Center,,,,,,,63.0,3.0,3.0,0.0,,,,,,,,,,
65,PT06M39.00S,2024-03-15T23:51:31.3Z,1,REGULAR,3pt,Jump Shot,['fastbreak'],1630591,24.917871222076215,13.23529411764706,1610612753,10,17,2024-03-15T23:55:08Z,650000,False,184.0,182.0,1,left,MISS J. Suggs 25' running 3PT,[1630591],1610612753.0,ORL,running,,,Suggs,J. Suggs,,,,,Above the Break 3,24+ Right Center,25.85,Missed,,,,,,,,,,,,,,,,,,
66,PT06M38.00S,2024-03-15T23:51:32.3Z,1,REGULAR,rebound,defensive,[],1630193,,,1610612761,10,17,2024-03-15T23:55:08Z,660000,False,,,0,,I. Quickley REBOUND (Off:0 Def:1),[1630193],1610612761.0,TOR,,,,Quickley,I. Quickley,,,,,Above the Break 3,24+ Right Center,,,,,,,65.0,1.0,1.0,0.0,,,,,,,,,,
67,PT06M38.00S,2024-03-15T23:51:37.3Z,1,REGULAR,foul,personal,[],1630532,,,1610612761,10,17,2024-03-15T23:51:44Z,670000,False,,,0,,F. Wagner personal FOUL (1 PF),"[1630532, 1630193]",1610612753.0,ORL,,,,Wagner,F. Wagner,,,,,In The Paint (Non-RA),0-8 Center,,,,,,,,,,,,,,1629178.0,1.0,0.0,Quickley,1630193.0,,
69,PT06M38.00S,2024-03-15T23:51:52.9Z,1,REGULAR,substitution,out,[],1630532,,,1610612761,10,17,2024-03-15T23:51:58Z,690000,False,,,0,,SUB out: F. Wagner,[1630532],1610612753.0,ORL,,,,Wagner,F. Wagner,,,,,,,,,,,,,,,,,,,,,,,,,,
70,PT06M38.00S,2024-03-15T23:51:52.9Z,1,REGULAR,substitution,in,[],1628365,,,1610612761,10,17,2024-03-15T23:51:58Z,700000,False,,,0,,SUB in: M. Fultz,[1628365],1610612753.0,ORL,,,,Fultz,M. Fultz,,,,,,,,,,,,,,,,,,,,,,,,,,
71,PT06M22.00S,2024-03-15T23:52:27.2Z,1,REGULAR,2pt,Jump Shot,[],203482,93.77463863337714,16.666666666666664,1610612761,12,17,2024-03-15T23:52:31Z,710000,False,-167.0,6.0,1,right,K. Olynyk 16' Jump Shot (2 PTS) (I. Quickley 2 AST),"[203482, 1630193]",1610612761.0,TOR,,,,Olynyk,K. Olynyk,,,,,Mid-Range,16-24 Left,16.68,Made,2.0,I. Quickley,1630193.0,2.0,,,,,,,,,,,,,,
73,PT05M58.00S,2024-03-15T23:52:50.3Z,1,REGULAR,2pt,Jump Shot,[],1628365,9.411957950065702,75.0,1610612753,12,17,2024-03-15T23:56:35Z,730000,False,-125.0,36.0,1,left,MISS M. Fultz 13' pullup Shot,[1628365],1610612753.0,ORL,pullup,,,Fultz,M. Fultz,,,,,Mid-Range,8-16 Left,13.01,Missed,,,,,,,,,,,,,,,,,,
74,PT05M56.00S,2024-03-15T23:52:52.3Z,1,REGULAR,rebound,defensive,[],203482,,,1610612761,12,17,2024-03-15T23:52:56Z,740000,False,,,0,,K. Olynyk REBOUND (Off:0 Def:1),[203482],1610612761.0,TOR,,,,Olynyk,K. Olynyk,,,,,Mid-Range,8-16 Left,,,,,,,73.0,1.0,1.0,0.0,,,,,,,,,,
75,PT05M39.00S,2024-03-15T23:53:10.3Z,1,REGULAR,3pt,Jump Shot,[],1629018,66.83639947437582,44.11764705882353,1610612761,15,17,2024-03-15T23:53:14Z,750000,False,-29.0,259.0,1,right,G. Trent Jr. 26' 3PT  (6 PTS) (I. Quickley 3 AST),"[1629018, 1630193]",1610612761.0,TOR,,,,Trent Jr.,G. Trent Jr.,,,,,Above the Break 3,24+ Center,26.09,Made,6.0,I. Quickley,1630193.0,3.0,,,,,,,,,,,,,,
77,PT05M24.00S,2024-03-15T23:53:24.7Z,1,REGULAR,3pt,Jump Shot,[],1631094,33.722076215505915,41.911764705882355,1610612753,15,17,2024-03-15T23:53:34Z,770000,False,40.0,264.0,1,left,MISS P. Banchero 26' step back 3PT,[1631094],1610612753.0,ORL,step back,,,Banchero,P. Banchero,,,,,Above the Break 3,24+ Center,26.76,Missed,,,,,,,,,,,,,,,,,,
78,PT05M18.00S,2024-03-15T23:53:31.8Z,1,REGULAR,rebound,offensive,[],1628976,,,1610612753,15,17,2024-03-15T23:53:31Z,780000,False,,,0,,W. Carter Jr. REBOUND (Off:1 Def:0),[1628976],1610612753.0,ORL,,,,Carter Jr.,W. Carter Jr.,,,,,Above the Break 3,24+ Center,,,,,,,77.0,1.0,0.0,1.0,,,,,,,,,,
79,PT05M15.00S,2024-03-15T23:53:34.0Z,1,REGULAR,3pt,Jump Shot,['2ndchance'],203914,21.76412614980289,90.44117647058823,1610612753,15,17,2024-03-15T23:53:43Z,790000,False,-202.0,152.0,1,left,MISS G. Harris 25' 3PT,[203914],1610612753.0,ORL,,,,Harris,G. Harris,,,,,Above the Break 3,24+ Left Center,25.3,Missed,,,,,,,,,,,,,,,,,,
80,PT05M14.00S,2024-03-15T23:53:35.0Z,1,REGULAR,rebound,defensive,['team'],0,,,1610612761,15,17,2024-03-15T23:53:43Z,800000,False,,,0,,TEAM defensive REBOUND,[],1610612761.0,TOR,,,,,,,,,,Above the Break 3,24+ Left Center,,,,,,,79.0,,,,,,,,,,,,,
81,PT05M14.00S,2024-03-15T23:53:42.4Z,1,REGULAR,foul,personal,[],1630591,,,1610612761,15,17,2024-03-15T23:54:10Z,810000,False,,,0,,J. Suggs loose ball personal FOUL (1 PF),"[1630591, 1629018]",1610612753.0,ORL,loose ball,,,Suggs,J. Suggs,,,,,In The Paint (Non-RA),0-8 Center,,,,,,,,,,,,,,2004.0,1.0,0.0,Trent Jr.,1629018.0,,
83,PT05M14.00S,2024-03-15T23:53:58.3Z,1,REGULAR,substitution,out,[],1641711,,,1610612761,15,17,2024-03-15T23:54:09Z,830000,False,,,0,,SUB out: G. Dick,[1641711],1610612761.0,TOR,,,,Dick,G. Dick,,,,,,,,,,,,,,,,,,,,,,,,,,
84,PT05M14.00S,2024-03-15T23:53:58.3Z,1,REGULAR,substitution,out,[],1630193,,,1610612761,15,17,2024-03-15T23:54:09Z,840000,False,,,0,,SUB out: I. Quickley,[1630193],1610612761.0,TOR,,,,Quickley,I. Quickley,,,,,,,,,,,,,,,,,,,,,,,,,,
85,PT05M14.00S,2024-03-15T23:53:58.3Z,1,REGULAR,substitution,out,[],1628976,,,1610612761,15,17,2024-03-15T23:54:09Z,850000,False,,,0,,SUB out: W. Carter Jr.,[1628976],1610612753.0,ORL,,,,Carter Jr.,W. Carter Jr.,,,,,,,,,,,,,,,,,,,,,,,,,,
86,PT05M14.00S,2024-03-15T23:53:58.3Z,1,REGULAR,substitution,in,[],1628971,,,1610612761,15,17,2024-03-15T23:54:09Z,860000,False,,,0,,SUB in: B. Brown,[1628971],1610612761.0,TOR,,,,Brown,B. Brown,,,,,,,,,,,,,,,,,,,,,,,,,,
87,PT05M14.00S,2024-03-15T23:53:58.3Z,1,REGULAR,substitution,in,[],1630186,,,1610612761,15,17,2024-03-15T23:54:09Z,870000,False,,,0,,SUB in: J. Ramsey,[1630186],1610612761.0,TOR,,,,Ramsey,J. Ramsey,,,,,,,,,,,,,,,,,,,,,,,,,,
88,PT05M14.00S,2024-03-15T23:53:58.3Z,1,REGULAR,substitution,in,[],1628371,,,1610612761,15,17,2024-03-15T23:54:09Z,880000,False,,,0,,SUB in: J. Isaac,[1628371],1610612753.0,ORL,,,,Isaac,J. Isaac,,,,,,,,,,,,,,,,,,,,,,,,,,
89,PT04M57.00S,2024-03-15T23:54:32.0Z,1,REGULAR,2pt,Jump Shot,['pointsinthepaint'],1630534,81.68528252299606,60.049019607843135,1610612761,15,17,2024-03-15T23:54:35Z,890000,False,50.0,120.0,1,right,MISS O. Agbaji 12' pullup Shot,[1630534],1610612761.0,TOR,pullup,,,Agbaji,O. Agbaji,,,,,In The Paint (Non-RA),8-16 Center,12.98,Missed,,,,,,,,,,,,,,,,,,
90,PT04M54.00S,2024-03-15T23:54:35.0Z,1,REGULAR,rebound,defensive,[],1628371,,,1610612753,15,17,2024-03-15T23:54:35Z,900000,False,,,0,,J. Isaac REBOUND (Off:0 Def:1),[1628371],1610612753.0,ORL,,,,Isaac,J. Isaac,,,,,In The Paint (Non-RA),8-16 Center,,,,,,,89.0,1.0,1.0,0.0,,,,,,,,,,
91,PT04M39.00S,2024-03-15T23:54:52.7Z,1,REGULAR,2pt,Layup,['pointsinthepaint'],1630591,8.623521681997373,41.17647058823529,1610612753,15,19,2024-03-15T23:55:00Z,910000,False,44.0,29.0,1,left,J. Suggs driving finger roll Layup (5 PTS),[1630591],1610612753.0,ORL,driving finger roll,,,Suggs,J. Suggs,,,,,In The Paint (Non-RA),0-8 Center,5.26,Made,5.0,,,,,,,,,,,,,,,,,
92,PT04M39.00S,2024-03-15T23:54:55.4Z,1,REGULAR,foul,personal,['1freethrow'],1630186,,,1610612753,15,19,2024-03-15T23:55:03Z,920000,False,,,0,,J. Ramsey shooting personal FOUL (1 PF) (Suggs 1 FT),"[1630186, 1630591]",1610612761.0,TOR,shooting,,,Ramsey,J. Ramsey,,,,,In The Paint (Non-RA),0-8 Center,,,,,,,,,,,,,,202007.0,1.0,0.0,Suggs,1630591.0,,
94,PT04M39.00S,2024-03-15T23:55:16.7Z,1,REGULAR,substitution,out,[],203482,,,1610612753,15,19,2024-03-15T23:55:23Z,940000,False,,,0,,SUB out: K. Olynyk,[203482],1610612761.0,TOR,,,,Olynyk,K. Olynyk,,,,,,,,,,,,,,,,,,,,,,,,,,
95,PT04M39.00S,2024-03-15T23:55:16.7Z,1,REGULAR,substitution,in,[],1629007,,,1610612753,15,19,2024-03-15T23:55:23Z,950000,False,,,0,,SUB in: J. Porter,[1629007],1610612761.0,TOR,,,,Porter,J. Porter,,,,,,,,,,,,,,,,,,,,,,,,,,
96,PT04M39.00S,2024-03-15T23:55:42.1Z,1,REGULAR,freethrow,1 of 1,[],1630591,,,1610612753,15,19,2024-03-15T23:55:44Z,960000,False,,,0,,MISS J. Suggs Free Throw 1 of 1,[1630591],1610612753.0,ORL,,,,Suggs,J. Suggs,,,,,,,,Missed,,,,,,,,,,,,,,,,,,
97,PT04M37.00S,2024-03-15T23:55:44.1Z,1,REGULAR,rebound,defensive,[],1630534,,,1610612761,15,19,2024-03-15T23:55:44Z,970000,False,,,0,,O. Agbaji REBOUND (Off:0 Def:1),[1630534],1610612761.0,TOR,,,,Agbaji,O. Agbaji,,,,,,,,,,,,,96.0,1.0,1.0,0.0,,,,,,,,,,
98,PT04M21.00S,2024-03-15T23:55:59.6Z,1,REGULAR,foul,personal,"['inpenalty', '2freethrow']",1628365,,,1610612761,15,19,2024-03-15T23:56:09Z,980000,False,,,0,,M. Fultz shooting personal FOUL (1 PF) (Trent Jr. 2 FT),"[1628365, 1629018]",1610612753.0,ORL,shooting,,,Fultz,M. Fultz,,,,,In The Paint (Non-RA),8-16 Center,,,,,,,,,,,,,,2004.0,1.0,0.0,Trent Jr.,1629018.0,,
100,PT04M21.00S,2024-03-15T23:56:29.1Z,1,REGULAR,freethrow,1 of 2,[],1629018,,,1610612761,16,19,2024-03-15T23:56:29Z,1000000,False,,,0,,G. Trent Jr. Free Throw 1 of 2 (7 PTS),[1629018],1610612761.0,TOR,,,,Trent Jr.,G. Trent Jr.,,,,,,,,Made,7.0,,,,,,,,,,,,,,,,,
101,PT04M21.00S,2024-03-15T23:56:47.1Z,1,REGULAR,freethrow,2 of 2,[],1629018,,,1610612761,17,19,2024-03-15T23:56:47Z,1010000,False,,,0,,G. Trent Jr. Free Throw 2 of 2 (8 PTS),[1629018],1610612761.0,TOR,,,,Trent Jr.,G. Trent Jr.,,,,,,,,Made,8.0,,,,,,,,,,,,,,,,,
102,PT04M00.00S,2024-03-15T23:57:08.8Z,1,REGULAR,3pt,Jump Shot,[],1628371,5.075558475689881,95.58823529411765,1610612753,17,22,2024-03-15T23:57:13Z,1020000,False,-228.0,-5.0,1,left,J. Isaac 3PT  (3 PTS) (M. Fultz 1 AST),"[1628371, 1628365]",1610612753.0,ORL,,,,Isaac,J. Isaac,,,,,Left Corner 3,24+ Left,22.8,Made,3.0,M. Fultz,1628365.0,1.0,,,,,,,,,,,,,,
104,PT03M38.00S,2024-03-15T23:57:31.6Z,1,REGULAR,turnover,bad pass,[],1629007,,,1610612761,17,22,2024-03-15T23:57:35Z,1040000,False,,,0,,J. Porter bad pass TURNOVER (1 TO),"[1629007, 1630591]",1610612761.0,TOR,,,,Porter,J. Porter,,,,,Mid-Range,16-24 Left Center,,,,,,,,,,,1.0,Suggs,1630591.0,,,,,,,
105,PT03M38.00S,2024-03-15T23:57:31.6Z,1,REGULAR,steal,,[],1630591,,,1610612753,17,22,2024-03-15T23:57:34Z,1050000,False,,,0,,J. Suggs STEAL (1 STL),[1630591],1610612753.0,ORL,,,,Suggs,J. Suggs,,,,,Mid-Range,16-24 Left Center,,,,,,,,,,,,,,,,,,,,
106,PT03M33.00S,2024-03-15T23:57:36.5Z,1,REGULAR,2pt,Layup,"['pointsinthepaint', 'fromturnover', 'fastbreak']",1631094,6.783837056504599,46.07843137254902,1610612753,17,22,2024-03-15T23:57:42Z,1060000,False,20.0,11.0,1,left,MISS P. Banchero running finger roll Layup,[1631094],1610612753.0,ORL,running finger roll,,,Banchero,P. Banchero,,,,,Restricted Area,0-8 Center,2.26,Missed,,,,,,,,,,,,,,,,,,
107,PT03M31.00S,2024-03-15T23:57:38.5Z,1,REGULAR,rebound,defensive,[],1628971,,,1610612761,17,22,2024-03-15T23:58:07Z,1070000,False,,,0,,B. Brown REBOUND (Off:0 Def:1),[1628971],1610612761.0,TOR,,,,Brown,B. Brown,,,,,Restricted Area,0-8 Center,,,,,,,106.0,1.0,1.0,0.0,,,,,,,,,,
108,PT03M31.00S,2024-03-15T23:57:41.5Z,1,REGULAR,turnover,out-of-bounds,[],1628971,,,1610612761,17,22,2024-03-15T23:57:53Z,1080000,False,,,0,,B. Brown bad pass out-of-bounds TURNOVER (1 TO),[1628971],1610612761.0,TOR,bad pass,,,Brown,B. Brown,,,,,Mid-Range,16-24 Center,,,,,,,,,,,1.0,,,202007.0,,,,,,
109,PT03M31.00S,2024-03-15T23:57:45.4Z,1,REGULAR,substitution,out,[],1629018,,,1610612753,17,22,2024-03-15T23:57:52Z,1090000,False,,,0,,SUB out: G. Trent Jr.,[1629018],1610612761.0,TOR,,,,Trent Jr.,G. Trent Jr.,,,,,,,,,,,,,,,,,,,,,,,,,,
110,PT03M31.00S,2024-03-15T23:57:45.4Z,1,REGULAR,substitution,in,[],1629670,,,1610612753,17,22,2024-03-15T23:57:52Z,1100000,False,,,0,,SUB in: J. Nwora,[1629670],1610612761.0,TOR,,,,Nwora,J. Nwora,,,,,,,,,,,,,,,,,,,,,,,,,,
111,PT03M22.00S,2024-03-15T23:58:08.7Z,1,REGULAR,3pt,Jump Shot,['fromturnover'],1630591,5.206964520367937,95.58823529411765,1610612753,17,22,2024-03-15T23:58:17Z,1110000,False,-228.0,-4.0,1,left,MISS J. Suggs 3PT,[1630591],1610612753.0,ORL,,,,Suggs,J. Suggs,,,,,Left Corner 3,24+ Left,22.79,Missed,,,,,,,,,,,,,,,,,,
112,PT03M19.00S,2024-03-15T23:58:11.7Z,1,REGULAR,rebound,defensive,['team'],0,,,1610612761,17,22,2024-03-15T23:58:17Z,1120000,False,,,0,,TEAM defensive REBOUND,[],1610612761.0,TOR,,,,,,,,,,Left Corner 3,24+ Left,,,,,,,111.0,,,,,,,,,,,,,
114,PT03M09.00S,2024-03-15T23:58:41.2Z,1,REGULAR,foul,personal,"['inpenalty', '2freethrow']",203914,,,1610612761,17,22,2024-03-15T23:58:53Z,1140000,False,,,0,,G. Harris shooting personal FOUL (1 PF) (Ramsey 2 FT),"[203914, 1630186]",1610612753.0,ORL,shooting,,,Harris,G. Harris,,,,,Restricted Area,0-8 Center,,,,,,,,,,,,,,2004.0,1.0,0.0,Ramsey,1630186.0,,
116,PT03M09.00S,2024-03-15T23:59:03.4Z,1,REGULAR,freethrow,1 of 2,[],1630186,,,1610612761,18,22,2024-03-15T23:59:03Z,1160000,False,,,0,,J. Ramsey Free Throw 1 of 2 (1 PTS),[1630186],1610612761.0,TOR,,,,Ramsey,J. Ramsey,,,,,,,,Made,1.0,,,,,,,,,,,,,,,,,
117,PT03M09.00S,2024-03-15T23:59:05.6Z,1,REGULAR,substitution,out,[],1630591,,,1610612761,18,22,2024-03-15T23:59:08Z,1170000,False,,,0,,SUB out: J. Suggs,[1630591],1610612753.0,ORL,,,,Suggs,J. Suggs,,,,,,,,,,,,,,,,,,,,,,,,,,
118,PT03M09.00S,2024-03-15T23:59:05.6Z,1,REGULAR,substitution,in,[],1630175,,,1610612761,18,22,2024-03-15T23:59:08Z,1180000,False,,,0,,SUB in: C. Anthony,[1630175],1610612753.0,ORL,,,,Anthony,C. Anthony,,,,,,,,,,,,,,,,,,,,,,,,,,
119,PT03M09.00S,2024-03-15T23:59:23.3Z,1,REGULAR,freethrow,2 of 2,[],1630186,,,1610612761,19,22,2024-03-15T23:59:23Z,1190000,False,,,0,,J. Ramsey Free Throw 2 of 2 (2 PTS),[1630186],1610612761.0,TOR,,,,Ramsey,J. Ramsey,,,,,,,,Made,2.0,,,,,,,,,,,,,,,,,
120,PT02M51.00S,2024-03-15T23:59:41.9Z,1,REGULAR,turnover,lost ball,[],1630175,,,1610612753,19,22,2024-03-15T23:59:45Z,1200000,False,,,0,,C. Anthony lost ball TURNOVER (1 TO),"[1630175, 1628971]",1610612753.0,ORL,,,,Anthony,C. Anthony,,,,,Above the Break 3,24+ Right Center,,,,,,,,,,,1.0,Brown,1628971.0,,,,,,,
121,PT02M51.00S,2024-03-15T23:59:41.9Z,1,REGULAR,steal,,[],1628971,,,1610612761,19,22,2024-03-15T23:59:44Z,1210000,False,,,0,,B. Brown STEAL (1 STL),[1628971],1610612761.0,TOR,,,,Brown,B. Brown,,,,,Above the Break 3,24+ Right Center,,,,,,,,,,,,,,,,,,,,
122,PT02M45.00S,2024-03-15T23:59:47.9Z,1,REGULAR,3pt,Jump Shot,"['fastbreak', 'fromturnover']",1630186,76.2976346911958,13.23529411764706,1610612761,22,22,2024-03-16T00:00:05Z,1220000,False,-184.0,170.0,1,right,J. Ramsey 25' 3PT bank (5 PTS) (J. Porter 1 AST),"[1630186, 1629007]",1610612761.0,TOR,bank,,,Ramsey,J. Ramsey,,,,,Above the Break 3,24+ Left Center,25.06,Made,5.0,J. Porter,1629007.0,1.0,,,,,,,,,,,,,,
124,PT02M24.00S,2024-03-16T00:00:09.2Z,1,REGULAR,2pt,Jump Shot,['pointsinthepaint'],1631094,15.193823915900131,37.745098039215684,1610612753,22,22,2024-03-16T00:00:13Z,1240000,False,61.0,90.0,1,left,MISS P. Banchero 10' turnaround fadeaway Shot,[1631094],1610612753.0,ORL,turnaround fadeaway,,,Banchero,P. Banchero,,,,,In The Paint (Non-RA),8-16 Right,10.91,Missed,,,,,,,,,,,,,,,,,,
125,PT02M21.00S,2024-03-16T00:00:12.2Z,1,REGULAR,rebound,defensive,[],1629670,,,1610612761,22,22,2024-03-16T00:00:13Z,1250000,False,,,0,,J. Nwora REBOUND (Off:0 Def:1),[1629670],1610612761.0,TOR,,,,Nwora,J. Nwora,,,,,In The Paint (Non-RA),8-16 Right,,,,,,,124.0,1.0,1.0,0.0,,,,,,,,,,
126,PT02M11.00S,2024-03-16T00:00:22.0Z,1,REGULAR,3pt,Jump Shot,[],1629670,94.43166885676742,96.56862745098039,1610612761,22,22,2024-03-16T00:00:26Z,1260000,False,233.0,0.0,1,right,MISS J. Nwora 3PT,[1629670],1610612761.0,TOR,,,,Nwora,J. Nwora,,,,,Right Corner 3,24+ Right,23.28,Missed,,,,,,,,,,,,,,,,,,
127,PT02M09.00S,2024-03-16T00:00:24.0Z,1,REGULAR,rebound,defensive,[],1631094,,,1610612753,22,22,2024-03-16T00:00:26Z,1270000,False,,,0,,P. Banchero REBOUND (Off:0 Def:4),[1631094],1610612753.0,ORL,,,,Banchero,P. Banchero,,,,,Right Corner 3,24+ Right,,,,,,,126.0,4.0,4.0,0.0,,,,,,,,,,
128,PT01M55.00S,2024-03-16T00:00:38.5Z,1,REGULAR,turnover,lost ball,[],1631094,,,1610612753,22,22,2024-03-16T00:00:42Z,1280000,False,,,0,,P. Banchero lost ball TURNOVER (2 TO),"[1631094, 1630186]",1610612753.0,ORL,,,,Banchero,P. Banchero,,,,,Mid-Range,8-16 Right,,,,,,,,,,,2.0,Ramsey,1630186.0,,,,,,,
129,PT01M55.00S,2024-03-16T00:00:38.5Z,1,REGULAR,steal,,[],1630186,,,1610612761,22,22,2024-03-16T00:00:40Z,1290000,False,,,0,,J. Ramsey STEAL (1 STL),[1630186],1610612761.0,TOR,,,,Ramsey,J. Ramsey,,,,,Mid-Range,8-16 Right,,,,,,,,,,,,,,,,,,,,
130,PT01M50.00S,2024-03-16T00:00:43.8Z,1,REGULAR,3pt,Jump Shot,"['fromturnover', 'fastbreak']",1630534,94.56307490144546,97.05882352941177,1610612761,22,22,2024-03-16T00:00:50Z,1300000,False,235.0,-1.0,1,right,MISS O. Agbaji running 3PT,[1630534],1610612761.0,TOR,running,,,Agbaji,O. Agbaji,,,,,Right Corner 3,24+ Right,23.53,Missed,,,,,,,,,,,,,,,,,,
131,PT01M46.00S,2024-03-16T00:00:47.8Z,1,REGULAR,rebound,defensive,[],1628371,,,1610612753,22,22,2024-03-16T00:00:50Z,1310000,False,,,0,,J. Isaac REBOUND (Off:0 Def:2),[1628371],1610612753.0,ORL,,,,Isaac,J. Isaac,,,,,Right Corner 3,24+ Right,,,,,,,130.0,2.0,2.0,0.0,,,,,,,,,,
132,PT01M29.00S,2024-03-16T00:01:03.6Z,1,REGULAR,3pt,Jump Shot,[],1628371,32.53942181340342,41.66666666666667,1610612753,22,22,2024-03-16T00:01:08Z,1320000,False,42.0,253.0,1,left,MISS J. Isaac 25' bank 3PT,[1628371],1610612753.0,ORL,bank,,,Isaac,J. Isaac,,,,,Above the Break 3,24+ Center,25.68,Missed,,,,,,,,,,,,,,,,,,
133,PT01M26.00S,2024-03-16T00:01:06.6Z,1,REGULAR,rebound,defensive,[],1628971,,,1610612761,22,22,2024-03-16T00:01:08Z,1330000,False,,,0,,B. Brown REBOUND (Off:0 Def:2),[1628971],1610612761.0,TOR,,,,Brown,B. Brown,,,,,Above the Break 3,24+ Center,,,,,,,132.0,2.0,2.0,0.0,,,,,,,,,,
134,PT01M20.00S,2024-03-16T00:01:13.6Z,1,REGULAR,2pt,Jump Shot,"['fastbreak', 'pointsinthepaint']",1628971,88.51839684625493,60.29411764705882,1610612761,22,22,2024-03-16T00:01:24Z,1340000,False,51.0,55.0,1,right,MISS B. Brown 7' driving floating Shot,[1628971],1610612761.0,TOR,driving floating,,,Brown,B. Brown,,,,,In The Paint (Non-RA),0-8 Center,7.56,Missed,,,,,,,,,,,,,,,,,,
135,PT01M18.00S,2024-03-16T00:01:15.6Z,1,REGULAR,rebound,defensive,[],1630175,,,1610612753,22,22,2024-03-16T00:01:20Z,1350000,False,,,0,,C. Anthony REBOUND (Off:0 Def:1),[1630175],1610612753.0,ORL,,,,Anthony,C. Anthony,,,,,In The Paint (Non-RA),0-8 Center,,,,,,,134.0,1.0,1.0,0.0,,,,,,,,,,
136,PT01M04.00S,2024-03-16T00:01:29.6Z,1,REGULAR,3pt,Jump Shot,[],203914,32.14520367936925,75.73529411764706,1610612753,22,22,2024-03-16T00:01:33Z,1360000,False,-129.0,250.0,1,left,MISS G. Harris 28' 3PT,[203914],1610612753.0,ORL,,,,Harris,G. Harris,,,,,Above the Break 3,24+ Left Center,28.09,Missed,,,,,,,,,,,,,,,,,,
137,PT01M00.00S,2024-03-16T00:01:33.6Z,1,REGULAR,rebound,defensive,[],1629670,,,1610612761,22,22,2024-03-16T00:01:33Z,1370000,False,,,0,,J. Nwora REBOUND (Off:0 Def:2),[1629670],1610612761.0,TOR,,,,Nwora,J. Nwora,,,,,Above the Break 3,24+ Left Center,,,,,,,136.0,2.0,2.0,0.0,,,,,,,,,,
138,PT00M52.30S,2024-03-16T00:01:41.1Z,1,REGULAR,3pt,Jump Shot,[],1629007,74.45795006570303,14.705882352941178,1610612761,22,22,2024-03-16T00:01:45Z,1380000,False,-176.0,188.0,1,right,MISS J. Porter 25' 3PT,[1629007],1610612761.0,TOR,,,,Porter,J. Porter,,,,,Above the Break 3,24+ Left Center,25.76,Missed,,,,,,,,,,,,,,,,,,
139,PT00M50.50S,2024-03-16T00:01:44.0Z,1,REGULAR,rebound,offensive,[],1630534,,,1610612761,22,22,2024-03-16T00:01:44Z,1390000,False,,,0,,O. Agbaji REBOUND (Off:1 Def:1),[1630534],1610612761.0,TOR,,,,Agbaji,O. Agbaji,,,,,Above the Break 3,24+ Left Center,,,,,,,138.0,2.0,1.0,1.0,,,,,,,,,,
140,PT00M49.40S,2024-03-16T00:01:45.7Z,1,REGULAR,2pt,Layup,"['pointsinthepaint', '2ndchance']",1630534,94.56307490144546,49.754901960784316,1610612761,24,22,2024-03-16T00:01:50Z,1400000,False,-1.0,-1.0,1,right,O. Agbaji driving Layup (4 PTS),[1630534],1610612761.0,TOR,driving,,,Agbaji,O. Agbaji,,,,,Restricted Area,0-8 Center,0.18,Made,4.0,,,,,,,,,,,,,,,,,
141,PT00M30.00S,2024-03-16T00:02:09.7Z,1,REGULAR,2pt,Jump Shot,['pointsinthepaint'],1630175,17.427726675427067,40.44117647058824,1610612753,24,24,2024-03-16T00:02:14Z,1410000,False,48.0,111.0,1,left,C. Anthony 12' turnaround fadeaway Jump Shot (2 PTS),[1630175],1610612753.0,ORL,turnaround fadeaway,,,Anthony,C. Anthony,,,,,In The Paint (Non-RA),8-16 Center,12.11,Made,2.0,,,,,,,,,,,,,,,,,
142,PT00M09.30S,2024-03-16T00:02:37.3Z,1,REGULAR,2pt,Layup,['pointsinthepaint'],1629670,90.88370565045992,45.83333333333333,1610612761,26,24,2024-03-16T00:02:41Z,1420000,False,-21.0,33.0,1,right,J. Nwora cutting Layup (2 PTS) (B. Brown 1 AST),"[1629670, 1628971]",1610612761.0,TOR,cutting,,,Nwora,J. Nwora,,,,,Restricted Area,0-8 Center,3.92,Made,2.0,B. Brown,1628971.0,1.0,,,,,,,,,,,,,,
144,PT00M09.30S,2024-03-16T00:02:41.4Z,1,REGULAR,foul,personal,"['inpenalty', '1freethrow']",1628371,,,1610612761,26,24,2024-03-16T00:05:42Z,1440000,False,,,0,,J. Isaac shooting personal FOUL (1 PF) (Nwora 1 FT),"[1628371, 1629670]",1610612753.0,ORL,shooting,,,Isaac,J. Isaac,,,,,Restricted Area,0-8 Center,,,,,,,,,,,,,,1629178.0,1.0,0.0,Nwora,1629670.0,,
146,PT00M09.30S,2024-03-16T00:02:52.8Z,1,REGULAR,timeout,full,"['team', 'mandatory']",0,,,1610612761,26,24,2024-03-16T00:03:17Z,1460000,False,,,0,,ORL Timeout,[],1610612753.0,ORL,,,,,,,,,,,,,,,,,,,,,,,,,,,,,,,
147,PT00M09.30S,2024-03-16T00:05:48.0Z,1,REGULAR,freethrow,1 of 1,[],1629670,,,1610612761,27,24,2024-03-16T00:05:48Z,1470000,False,,,0,,J. Nwora Free Throw 1 of 1 (3 PTS),[1629670],1610612761.0,TOR,,,,Nwora,J. Nwora,,,,,,,,Made,3.0,,,,,,,,,,,,,,,,,
148,PT00M03.80S,2024-03-16T00:05:59.7Z,1,REGULAR,foul,personal,[],1630534,,,1610612753,27,24,2024-03-16T00:06:08Z,1480000,False,,,0,,O. Agbaji personal FOUL (1 PF),"[1630534, 1631094]",1610612761.0,TOR,,,,Agbaji,O. Agbaji,,,,,Above the Break 3,24+ Center,,,,,,,,,,,,,,202007.0,1.0,0.0,Banchero,1631094.0,,
150,PT00M00.60S,2024-03-16T00:06:23.9Z,1,REGULAR,2pt,Jump Shot,[],1631094,13.222733245729303,69.36274509803921,1610612753,27,24,2024-03-16T00:07:11Z,1500000,False,-97.0,72.0,1,left,MISS P. Banchero 12' pullup Shot,[1631094],1610612753.0,ORL,pullup,,,Banchero,P. Banchero,,,,,Mid-Range,8-16 Left,12.05,Missed,,,,,,,,,,,,,,,,,,
151,PT00M00.10S,2024-03-16T00:06:24.4Z,1,REGULAR,rebound,offensive,['team'],0,,,1610612753,27,24,2024-03-16T00:07:11Z,1510000,False,,,0,,TEAM offensive REBOUND,[],1610612753.0,ORL,,,,,,,,,,Mid-Range,8-16 Left,,,,,,,150.0,,,,,,,,,,,,,
152,PT00M00.00S,2024-03-16T00:06:29.1Z,1,REGULAR,period,end,[],0,,,1610612753,27,24,2024-03-16T00:06:29Z,1520000,False,,,0,,Period End,[],,,,,,,,,,,,,,,,,,,,,,,,,,,,,,,,,
153,PT12M00.00S,2024-03-16T00:07:14.5Z,2,REGULAR,substitution,out,['startperiod'],1630534,,,1610612753,27,24,2024-03-16T00:09:00Z,1530000,False,,,0,,SUB out: O. Agbaji,[1630534],1610612761.0,TOR,,,,Agbaji,O. Agbaji,,,,,,,,,,,,,,,,,,,,,,,,,,
154,PT12M00.00S,2024-03-16T00:07:14.5Z,2,REGULAR,substitution,out,['startperiod'],1631094,,,1610612753,27,24,2024-03-16T00:09:00Z,1540000,False,,,0,,SUB out: P. Banchero,[1631094],1610612753.0,ORL,,,,Banchero,P. Banchero,,,,,,,,,,,,,,,,,,,,,,,,,,
155,PT12M00.00S,2024-03-16T00:07:14.5Z,2,REGULAR,substitution,out,['startperiod'],203914,,,1610612753,27,24,2024-03-16T00:09:00Z,1550000,False,,,0,,SUB out: G. Harris,[203914],1610612753.0,ORL,,,,Harris,G. Harris,,,,,,,,,,,,,,,,,,,,,,,,,,
156,PT12M00.00S,2024-03-16T00:07:14.5Z,2,REGULAR,substitution,out,['startperiod'],1628365,,,1610612753,27,24,2024-03-16T00:09:00Z,1560000,False,,,0,,SUB out: M. Fultz,[1628365],1610612753.0,ORL,,,,Fultz,M. Fultz,,,,,,,,,,,,,,,,,,,,,,,,,,
157,PT12M00.00S,2024-03-16T00:07:14.5Z,2,REGULAR,substitution,in,['startperiod'],1630193,,,1610612753,27,24,2024-03-16T00:09:00Z,1570000,False,,,0,,SUB in: I. Quickley,[1630193],1610612761.0,TOR,,,,Quickley,I. Quickley,,,,,,,,,,,,,,,,,,,,,,,,,,
158,PT12M00.00S,2024-03-16T00:07:14.5Z,2,REGULAR,substitution,in,['startperiod'],204060,,,1610612753,27,24,2024-03-16T00:09:00Z,1580000,False,,,0,,SUB in: J. Ingles,[204060],1610612753.0,ORL,,,,Ingles,J. Ingles,,,,,,,,,,,,,,,,,,,,,,,,,,
159,PT12M00.00S,2024-03-16T00:07:14.5Z,2,REGULAR,substitution,in,['startperiod'],1629021,,,1610612753,27,24,2024-03-16T00:09:00Z,1590000,False,,,0,,SUB in: M. Wagner,[1629021],1610612753.0,ORL,,,,Wagner,M. Wagner,,,,,,,,,,,,,,,,,,,,,,,,,,
160,PT12M00.00S,2024-03-16T00:07:14.5Z,2,REGULAR,substitution,in,['startperiod'],1630532,,,1610612753,27,24,2024-03-16T00:09:00Z,1600000,False,,,0,,SUB in: F. Wagner,[1630532],1610612753.0,ORL,,,,Wagner,F. Wagner,,,,,,,,,,,,,,,,,,,,,,,,,,
161,PT12M00.00S,2024-03-16T00:09:22.7Z,2,REGULAR,period,start,[],0,,,1610612761,27,24,2024-03-16T00:09:22Z,1610000,False,,,0,,Period Start,[],,,,,,,,,,,,,,,,,,,,,,,,,,,,,,,,,
162,PT11M44.00S,2024-03-16T00:09:38.2Z,2,REGULAR,2pt,Jump Shot,['pointsinthepaint'],1630193,82.21090670170827,55.88235294117647,1610612761,27,24,2024-03-16T00:09:42Z,1620000,False,29.0,115.0,1,right,MISS I. Quickley 11' step back Shot,[1630193],1610612761.0,TOR,step back,,,Quickley,I. Quickley,,,,,In The Paint (Non-RA),8-16 Center,11.84,Missed,,,,,,,,,,,,,,,,,,
163,PT11M40.00S,2024-03-16T00:09:42.2Z,2,REGULAR,rebound,defensive,[],1629021,,,1610612753,27,24,2024-03-16T00:09:42Z,1630000,False,,,0,,M. Wagner REBOUND (Off:0 Def:1),[1629021],1610612753.0,ORL,,,,Wagner,M. Wagner,,,,,In The Paint (Non-RA),8-16 Center,,,,,,,162.0,1.0,1.0,0.0,,,,,,,,,,
164,PT11M28.00S,2024-03-16T00:09:54.4Z,2,REGULAR,2pt,Layup,['pointsinthepaint'],1629021,7.440867279894875,40.68627450980392,1610612753,27,26,2024-03-16T00:09:59Z,1640000,False,47.0,17.0,1,left,M. Wagner driving finger roll Layup (2 PTS),[1629021],1610612753.0,ORL,driving finger roll,,,Wagner,M. Wagner,,,,,In The Paint (Non-RA),0-8 Center,4.97,Made,2.0,,,,,,,,,,,,,,,,,
165,PT11M09.00S,2024-03-16T00:10:12.2Z,2,REGULAR,3pt,Jump Shot,[],1629007,71.30420499342969,20.588235294117645,1610612761,27,26,2024-03-16T00:10:17Z,1650000,False,-147.0,217.0,1,right,MISS J. Porter 26' 3PT,[1629007],1610612761.0,TOR,,,,Porter,J. Porter,,,,,Above the Break 3,24+ Left Center,26.23,Missed,,,,,,,,,,,,,,,,,,
166,PT11M06.00S,2024-03-16T00:10:15.2Z,2,REGULAR,rebound,defensive,[],1628371,,,1610612753,27,26,2024-03-16T00:10:17Z,1660000,False,,,0,,J. Isaac REBOUND (Off:0 Def:3),[1628371],1610612753.0,ORL,,,,Isaac,J. Isaac,,,,,Above the Break 3,24+ Left Center,,,,,,,165.0,3.0,3.0,0.0,,,,,,,,,,
167,PT10M56.00S,2024-03-16T00:10:25.6Z,2,REGULAR,3pt,Jump Shot,[],1628371,4.28712220762155,95.83333333333334,1610612753,27,26,2024-03-16T00:10:30Z,1670000,False,-229.0,-12.0,1,left,MISS J. Isaac 3PT,[1628371],1610612753.0,ORL,,,,Isaac,J. Isaac,,,,,Left Corner 3,24+ Left,22.95,Missed,,,,,,,,,,,,,,,,,,
168,PT10M53.00S,2024-03-16T00:10:28.6Z,2,REGULAR,rebound,defensive,[],1629670,,,1610612761,27,26,2024-03-16T00:10:30Z,1680000,False,,,0,,J. Nwora REBOUND (Off:0 Def:3),[1629670],1610612761.0,TOR,,,,Nwora,J. Nwora,,,,,Left Corner 3,24+ Left,,,,,,,167.0,3.0,3.0,0.0,,,,,,,,,,
169,PT10M48.00S,2024-03-16T00:10:33.2Z,2,REGULAR,3pt,Jump Shot,['fastbreak'],1629670,69.46452036793693,25.0,1610612761,30,26,2024-03-16T00:12:57Z,1690000,False,-125.0,235.0,1,right,J. Nwora 26' 3PT running pullup (6 PTS),[1629670],1610612761.0,TOR,running pullup,,,Nwora,J. Nwora,,,,,Above the Break 3,24+ Left Center,26.57,Made,6.0,,,,,,,,,,,,,,,,,
170,PT10M34.00S,2024-03-16T00:10:47.6Z,2,REGULAR,turnover,lost ball,[],1629021,,,1610612753,30,26,2024-03-16T00:10:52Z,1700000,False,,,0,,M. Wagner lost ball TURNOVER (1 TO),"[1629021, 1630193]",1610612753.0,ORL,,,,Wagner,M. Wagner,,,,,Above the Break 3,24+ Left Center,,,,,,,,,,,1.0,Quickley,1630193.0,,,,,,,
171,PT10M34.00S,2024-03-16T00:10:47.6Z,2,REGULAR,steal,,[],1630193,,,1610612761,30,26,2024-03-16T00:10:50Z,1710000,False,,,0,,I. Quickley STEAL (2 STL),[1630193],1610612761.0,TOR,,,,Quickley,I. Quickley,,,,,Above the Break 3,24+ Left Center,,,,,,,,,,,,,,,,,,,,
172,PT10M29.00S,2024-03-16T00:10:52.1Z,2,REGULAR,2pt,Layup,"['pointsinthepaint', 'fromturnover', 'fastbreak']",1630193,93.77463863337714,49.50980392156863,1610612761,32,26,2024-03-16T00:10:58Z,1720000,False,-2.0,6.0,1,right,I. Quickley running reverse Layup (5 PTS),[1630193],1610612761.0,TOR,running reverse,,,Quickley,I. Quickley,,,,,Restricted Area,0-8 Center,0.65,Made,5.0,,,,,,,,,,,,,,,,,
173,PT10M11.00S,2024-03-16T00:11:10.0Z,2,REGULAR,2pt,Jump Shot,[],1630175,9.411957950065702,29.411764705882355,1610612753,32,26,2024-03-16T00:11:16Z,1730000,False,103.0,36.0,1,left,MISS C. Anthony 10' pullup bank Shot,[1630175],1610612753.0,ORL,pullup bank,,,Anthony,C. Anthony,,,,,Mid-Range,8-16 Right,10.9,Missed,,,,,,,,,,,,,,,,,,
174,PT10M08.00S,2024-03-16T00:11:13.0Z,2,REGULAR,rebound,defensive,[],1630186,,,1610612761,32,26,2024-03-16T00:11:16Z,1740000,False,,,0,,J. Ramsey REBOUND (Off:0 Def:1),[1630186],1610612761.0,TOR,,,,Ramsey,J. Ramsey,,,,,Mid-Range,8-16 Right,,,,,,,173.0,1.0,1.0,0.0,,,,,,,,,,
175,PT10M04.00S,2024-03-16T00:11:19.9Z,2,REGULAR,foul,personal,['2freethrow'],1630175,,,1610612761,32,26,2024-03-16T00:11:36Z,1750000,False,,,0,,C. Anthony shooting personal FOUL (1 PF) (Quickley 2 FT),"[1630175, 1630193]",1610612753.0,ORL,shooting,,,Anthony,C. Anthony,,,,,Mid-Range,8-16 Left,,,,,,,,,,,,,,2004.0,1.0,0.0,Quickley,1630193.0,,
177,PT10M04.00S,2024-03-16T00:11:44.6Z,2,REGULAR,freethrow,1 of 2,['fastbreak'],1630193,,,1610612761,33,26,2024-03-16T00:11:44Z,1770000,False,,,0,,I. Quickley Free Throw 1 of 2 (6 PTS),[1630193],1610612761.0,TOR,,,,Quickley,I. Quickley,,,,,,,,Made,6.0,,,,,,,,,,,,,,,,,
178,PT10M04.00S,2024-03-16T00:12:06.0Z,2,REGULAR,freethrow,2 of 2,['fastbreak'],1630193,,,1610612761,34,26,2024-03-16T00:12:06Z,1780000,False,,,0,,I. Quickley Free Throw 2 of 2 (7 PTS),[1630193],1610612761.0,TOR,,,,Quickley,I. Quickley,,,,,,,,Made,7.0,,,,,,,,,,,,,,,,,
179,PT09M45.00S,2024-03-16T00:12:25.8Z,2,REGULAR,2pt,Layup,['pointsinthepaint'],1630532,10.068988173455978,41.911764705882355,1610612753,34,26,2024-03-16T00:16:08Z,1790000,False,40.0,42.0,1,left,MISS F. Wagner driving Layup - blocked,"[1630532, 1629007]",1610612753.0,ORL,driving,,,Wagner,F. Wagner,,,,,In The Paint (Non-RA),0-8 Center,5.83,Missed,,,,,,,,,,,,,,,,,Porter,1629007.0
180,PT09M45.00S,2024-03-16T00:12:25.8Z,2,REGULAR,block,,[],1629007,,,1610612753,34,26,2024-03-16T00:12:28Z,1800000,False,,,0,,J. Porter BLOCK (1 BLK),[1629007],1610612761.0,TOR,,,,Porter,J. Porter,,,,,In The Paint (Non-RA),0-8 Center,,,,,,,,,,,,,,,,,,,,
181,PT09M41.00S,2024-03-16T00:12:29.8Z,2,REGULAR,rebound,defensive,[],1630186,,,1610612761,34,26,2024-03-16T00:12:30Z,1810000,False,,,0,,J. Ramsey REBOUND (Off:0 Def:2),[1630186],1610612761.0,TOR,,,,Ramsey,J. Ramsey,,,,,In The Paint (Non-RA),0-8 Center,,,,,,,179.0,2.0,2.0,0.0,,,,,,,,,,
182,PT09M40.00S,2024-03-16T00:12:30.9Z,2,REGULAR,2pt,Layup,"['pointsinthepaint', 'fastbreak']",1629670,93.77463863337714,53.67647058823529,1610612761,34,26,2024-03-16T00:12:37Z,1820000,False,18.0,6.0,1,right,MISS J. Nwora running reverse Layup - blocked,"[1629670, 1628371]",1610612761.0,TOR,running reverse,,,Nwora,J. Nwora,,,,,Restricted Area,0-8 Center,1.94,Missed,,,,,,,,,,,,,,,,,Isaac,1628371.0
183,PT09M40.00S,2024-03-16T00:12:30.9Z,2,REGULAR,block,,[],1628371,,,1610612761,34,26,2024-03-16T00:12:33Z,1830000,False,,,0,,J. Isaac BLOCK (1 BLK),[1628371],1610612753.0,ORL,,,,Isaac,J. Isaac,,,,,Restricted Area,0-8 Center,,,,,,,,,,,,,,,,,,,,
184,PT09M37.00S,2024-03-16T00:12:33.9Z,2,REGULAR,rebound,defensive,[],1628371,,,1610612753,34,26,2024-03-16T00:12:37Z,1840000,False,,,0,,J. Isaac REBOUND (Off:0 Def:4),[1628371],1610612753.0,ORL,,,,Isaac,J. Isaac,,,,,Restricted Area,0-8 Center,,,,,,,182.0,4.0,4.0,0.0,,,,,,,,,,
185,PT09M30.00S,2024-03-16T00:12:40.9Z,2,REGULAR,2pt,Layup,['pointsinthepaint'],1630532,8.623521681997373,55.63725490196079,1610612753,34,28,2024-03-16T00:12:45Z,1850000,False,-28.0,29.0,1,left,F. Wagner driving finger roll Layup (8 PTS),[1630532],1610612753.0,ORL,driving finger roll,,,Wagner,F. Wagner,,,,,Restricted Area,0-8 Center,4.02,Made,8.0,,,,,,,,,,,,,,,,,
186,PT09M13.00S,2024-03-16T00:12:57.1Z,2,REGULAR,3pt,Jump Shot,[],1628971,71.43561103810775,22.058823529411764,1610612761,37,28,2024-03-16T00:13:01Z,1860000,False,-140.0,216.0,1,right,B. Brown 25' 3PT  (3 PTS) (I. Quickley 4 AST),"[1628971, 1630193]",1610612761.0,TOR,,,,Brown,B. Brown,,,,,Above the Break 3,24+ Left Center,25.72,Made,3.0,I. Quickley,1630193.0,4.0,,,,,,,,,,,,,,
188,PT09M04.00S,2024-03-16T00:13:11.5Z,2,REGULAR,foul,personal,[],1628971,,,1610612753,37,28,2024-03-16T00:13:22Z,1880000,False,,,0,,B. Brown personal FOUL (1 PF),"[1628971, 1630532]",1610612761.0,TOR,,,,Brown,B. Brown,,,,,Mid-Range,16-24 Left,,,,,,,,,,,,,,202007.0,1.0,0.0,Wagner,1630532.0,,
190,PT09M04.00S,2024-03-16T00:13:20.0Z,2,REGULAR,substitution,out,[],1629670,,,1610612753,37,28,2024-03-16T00:13:22Z,1900000,False,,,0,,SUB out: J. Nwora,[1629670],1610612761.0,TOR,,,,Nwora,J. Nwora,,,,,,,,,,,,,,,,,,,,,,,,,,
191,PT09M04.00S,2024-03-16T00:13:20.0Z,2,REGULAR,substitution,in,[],1641711,,,1610612753,37,28,2024-03-16T00:13:22Z,1910000,False,,,0,,SUB in: G. Dick,[1641711],1610612761.0,TOR,,,,Dick,G. Dick,,,,,,,,,,,,,,,,,,,,,,,,,,
192,PT09M01.00S,2024-03-16T00:13:39.2Z,2,REGULAR,foul,personal,['2freethrow'],1641711,,,1610612753,37,28,2024-03-16T00:13:47Z,1920000,False,,,0,,G. Dick shooting personal FOUL (1 PF) (Wagner 2 FT),"[1641711, 1630532]",1610612761.0,TOR,shooting,,,Dick,G. Dick,,,,,Restricted Area,0-8 Center,,,,,,,,,,,,,,1629178.0,1.0,0.0,Wagner,1630532.0,,
194,PT09M01.00S,2024-03-16T00:14:07.4Z,2,REGULAR,freethrow,1 of 2,[],1630532,,,1610612753,37,29,2024-03-16T00:14:07Z,1940000,False,,,0,,F. Wagner Free Throw 1 of 2 (9 PTS),[1630532],1610612753.0,ORL,,,,Wagner,F. Wagner,,,,,,,,Made,9.0,,,,,,,,,,,,,,,,,
195,PT09M01.00S,2024-03-16T00:14:24.5Z,2,REGULAR,freethrow,2 of 2,[],1630532,,,1610612753,37,30,2024-03-16T00:14:24Z,1950000,False,,,0,,F. Wagner Free Throw 2 of 2 (10 PTS),[1630532],1610612753.0,ORL,,,,Wagner,F. Wagner,,,,,,,,Made,10.0,,,,,,,,,,,,,,,,,
196,PT08M38.00S,2024-03-16T00:14:49.1Z,2,REGULAR,3pt,Jump Shot,[],1630186,76.42904073587385,88.72549019607843,1610612761,37,30,2024-03-16T00:14:53Z,1960000,False,194.0,169.0,1,right,MISS J. Ramsey 25' 3PT,[1630186],1610612761.0,TOR,,,,Ramsey,J. Ramsey,,,,,Above the Break 3,24+ Right Center,25.71,Missed,,,,,,,,,,,,,,,,,,
197,PT08M34.00S,2024-03-16T00:14:53.1Z,2,REGULAR,rebound,defensive,[],1630532,,,1610612753,37,30,2024-03-16T00:14:53Z,1970000,False,,,0,,F. Wagner REBOUND (Off:0 Def:3),[1630532],1610612753.0,ORL,,,,Wagner,F. Wagner,,,,,Above the Break 3,24+ Right Center,,,,,,,196.0,3.0,3.0,0.0,,,,,,,,,,
198,PT08M20.00S,2024-03-16T00:15:07.0Z,2,REGULAR,3pt,Jump Shot,[],1628371,4.681340341655716,96.32352941176471,1610612753,37,33,2024-03-16T00:15:11Z,1980000,False,-232.0,-8.0,1,left,J. Isaac 3PT  (6 PTS) (J. Ingles 1 AST),"[1628371, 204060]",1610612753.0,ORL,,,,Isaac,J. Isaac,,,,,Left Corner 3,24+ Left,23.18,Made,6.0,J. Ingles,204060.0,1.0,,,,,,,,,,,,,,
200,PT07M53.00S,2024-03-16T00:15:34.0Z,2,REGULAR,2pt,Jump Shot,['pointsinthepaint'],1629007,81.68528252299606,56.372549019607845,1610612761,37,33,2024-03-16T00:15:37Z,2000000,False,32.0,120.0,1,right,MISS J. Porter 12' turnaround fadeaway Shot,[1629007],1610612761.0,TOR,turnaround fadeaway,,,Porter,J. Porter,,,,,In The Paint (Non-RA),8-16 Center,12.39,Missed,,,,,,,,,,,,,,,,,,
201,PT07M51.00S,2024-03-16T00:15:36.0Z,2,REGULAR,rebound,defensive,[],1630532,,,1610612753,37,33,2024-03-16T00:15:37Z,2010000,False,,,0,,F. Wagner REBOUND (Off:0 Def:4),[1630532],1610612753.0,ORL,,,,Wagner,F. Wagner,,,,,In The Paint (Non-RA),8-16 Center,,,,,,,200.0,4.0,4.0,0.0,,,,,,,,,,
202,PT07M41.00S,2024-03-16T00:15:46.5Z,2,REGULAR,2pt,Layup,['pointsinthepaint'],1630175,5.863994743758213,44.85294117647059,1610612753,37,35,2024-03-16T00:15:51Z,2020000,False,26.0,3.0,1,left,C. Anthony driving finger roll Layup (4 PTS),[1630175],1610612753.0,ORL,driving finger roll,,,Anthony,C. Anthony,,,,,Restricted Area,0-8 Center,2.58,Made,4.0,,,,,,,,,,,,,,,,,
203,PT07M16.00S,2024-03-16T00:16:10.7Z,2,REGULAR,2pt,Layup,['pointsinthepaint'],1628971,89.30683311432325,58.57843137254902,1610612761,37,35,2024-03-16T00:16:15Z,2030000,False,43.0,48.0,1,right,MISS B. Brown 6' driving finger roll Layup,[1628971],1610612761.0,TOR,driving finger roll,,,Brown,B. Brown,,,,,In The Paint (Non-RA),0-8 Center,6.44,Missed,,,,,,,,,,,,,,,,,,
204,PT07M13.00S,2024-03-16T00:16:13.7Z,2,REGULAR,rebound,defensive,[],1630532,,,1610612753,37,35,2024-03-16T00:16:15Z,2040000,False,,,0,,F. Wagner REBOUND (Off:0 Def:5),[1630532],1610612753.0,ORL,,,,Wagner,F. Wagner,,,,,In The Paint (Non-RA),0-8 Center,,,,,,,203.0,5.0,5.0,0.0,,,,,,,,,,
205,PT07M04.00S,2024-03-16T00:16:22.9Z,2,REGULAR,turnover,bad pass,[],204060,,,1610612753,37,35,2024-03-16T00:16:26Z,2050000,False,,,0,,J. Ingles bad pass TURNOVER (1 TO),"[204060, 1629007]",1610612753.0,ORL,,,,Ingles,J. Ingles,,,,,Above the Break 3,24+ Right Center,,,,,,,,,,,1.0,Porter,1629007.0,,,,,,,
206,PT07M04.00S,2024-03-16T00:16:22.9Z,2,REGULAR,steal,,[],1629007,,,1610612761,37,35,2024-03-16T00:16:24Z,2060000,False,,,0,,J. Porter STEAL (1 STL),[1629007],1610612761.0,TOR,,,,Porter,J. Porter,,,,,Above the Break 3,24+ Right Center,,,,,,,,,,,,,,,,,,,,
207,PT06M57.00S,2024-03-16T00:16:29.4Z,2,REGULAR,2pt,Layup,"['pointsinthepaint', 'fromturnover', 'fastbreak']",1630186,93.77463863337714,51.225490196078425,1610612761,39,35,2024-03-16T00:16:34Z,2070000,False,6.0,6.0,1,right,J. Ramsey running Layup (7 PTS) (I. Quickley 5 AST),"[1630186, 1630193]",1610612761.0,TOR,running,,,Ramsey,J. Ramsey,,,,,Restricted Area,0-8 Center,0.86,Made,7.0,I. Quickley,1630193.0,5.0,,,,,,,,,,,,,,
209,PT06M52.00S,2024-03-16T00:16:38.7Z,2,REGULAR,timeout,full,"['team', 'mandatory']",0,,,1610612753,39,35,2024-03-16T00:16:38Z,2090000,False,,,0,,ORL Timeout,[],1610612753.0,ORL,,,,,,,,,,,,,,,,,,,,,,,,,,,,,,,
210,PT06M52.00S,2024-03-16T00:16:39.9Z,2,REGULAR,substitution,out,[],1630193,,,1610612753,39,35,2024-03-16T00:19:20Z,2100000,False,,,0,,SUB out: I. Quickley,[1630193],1610612761.0,TOR,,,,Quickley,I. Quickley,,,,,,,,,,,,,,,,,,,,,,,,,,
211,PT06M52.00S,2024-03-16T00:16:39.9Z,2,REGULAR,substitution,out,[],1630186,,,1610612753,39,35,2024-03-16T00:19:20Z,2110000,False,,,0,,SUB out: J. Ramsey,[1630186],1610612761.0,TOR,,,,Ramsey,J. Ramsey,,,,,,,,,,,,,,,,,,,,,,,,,,
212,PT06M52.00S,2024-03-16T00:16:39.9Z,2,REGULAR,substitution,out,[],1629007,,,1610612753,39,35,2024-03-16T00:19:20Z,2120000,False,,,0,,SUB out: J. Porter,[1629007],1610612761.0,TOR,,,,Porter,J. Porter,,,,,,,,,,,,,,,,,,,,,,,,,,
213,PT06M52.00S,2024-03-16T00:16:39.9Z,2,REGULAR,substitution,out,[],1628371,,,1610612753,39,35,2024-03-16T00:19:20Z,2130000,False,,,0,,SUB out: J. Isaac,[1628371],1610612753.0,ORL,,,,Isaac,J. Isaac,,,,,,,,,,,,,,,,,,,,,,,,,,
214,PT06M52.00S,2024-03-16T00:16:39.9Z,2,REGULAR,substitution,in,[],1630534,,,1610612753,39,35,2024-03-16T00:19:20Z,2140000,False,,,0,,SUB in: O. Agbaji,[1630534],1610612761.0,TOR,,,,Agbaji,O. Agbaji,,,,,,,,,,,,,,,,,,,,,,,,,,
215,PT06M52.00S,2024-03-16T00:16:39.9Z,2,REGULAR,substitution,in,[],1629018,,,1610612753,39,35,2024-03-16T00:19:20Z,2150000,False,,,0,,SUB in: G. Trent Jr.,[1629018],1610612761.0,TOR,,,,Trent Jr.,G. Trent Jr.,,,,,,,,,,,,,,,,,,,,,,,,,,
216,PT06M52.00S,2024-03-16T00:16:39.9Z,2,REGULAR,substitution,in,[],203482,,,1610612753,39,35,2024-03-16T00:19:20Z,2160000,False,,,0,,SUB in: K. Olynyk,[203482],1610612761.0,TOR,,,,Olynyk,K. Olynyk,,,,,,,,,,,,,,,,,,,,,,,,,,
217,PT06M52.00S,2024-03-16T00:16:39.9Z,2,REGULAR,substitution,in,[],1628976,,,1610612753,39,35,2024-03-16T00:19:20Z,2170000,False,,,0,,SUB in: W. Carter Jr.,[1628976],1610612753.0,ORL,,,,Carter Jr.,W. Carter Jr.,,,,,,,,,,,,,,,,,,,,,,,,,,
218,PT06M47.00S,2024-03-16T00:19:46.2Z,2,REGULAR,foul,personal,['2freethrow'],1641711,,,1610612753,39,35,2024-03-16T00:19:53Z,2180000,False,,,0,,G. Dick shooting personal FOUL (2 PF) (Ingles 2 FT),"[1641711, 204060]",1610612761.0,TOR,shooting,,,Dick,G. Dick,,,,,Restricted Area,0-8 Center,,,,,,,,,,,,,,1629178.0,2.0,0.0,Ingles,204060.0,,
220,PT06M47.00S,2024-03-16T00:20:13.0Z,2,REGULAR,freethrow,1 of 2,[],204060,,,1610612753,39,36,2024-03-16T00:20:13Z,2200000,False,,,0,,J. Ingles Free Throw 1 of 2 (1 PTS),[204060],1610612753.0,ORL,,,,Ingles,J. Ingles,,,,,,,,Made,1.0,,,,,,,,,,,,,,,,,
221,PT06M47.00S,2024-03-16T00:20:30.9Z,2,REGULAR,freethrow,2 of 2,[],204060,,,1610612753,39,37,2024-03-16T00:20:30Z,2210000,False,,,0,,J. Ingles Free Throw 2 of 2 (2 PTS),[204060],1610612753.0,ORL,,,,Ingles,J. Ingles,,,,,,,,Made,2.0,,,,,,,,,,,,,,,,,
222,PT06M32.00S,2024-03-16T00:20:46.4Z,2,REGULAR,2pt,Layup,['pointsinthepaint'],1641711,93.51182654402102,49.01960784313725,1610612761,41,37,2024-03-16T00:20:52Z,2220000,False,-5.0,8.0,1,right,G. Dick driving reverse Layup (4 PTS) (B. Brown 2 AST),"[1641711, 1628971]",1610612761.0,TOR,driving reverse,,,Dick,G. Dick,,,,,Restricted Area,0-8 Center,0.98,Made,4.0,B. Brown,1628971.0,2.0,,,,,,,,,,,,,,
224,PT06M15.00S,2024-03-16T00:21:02.7Z,2,REGULAR,3pt,Jump Shot,[],1629021,4.5499342969776615,96.32352941176471,1610612753,41,37,2024-03-16T00:21:08Z,2240000,False,-232.0,-10.0,1,left,MISS M. Wagner 3PT,[1629021],1610612753.0,ORL,,,,Wagner,M. Wagner,,,,,Left Corner 3,24+ Left,23.18,Missed,,,,,,,,,,,,,,,,,,
225,PT06M12.00S,2024-03-16T00:21:05.7Z,2,REGULAR,rebound,offensive,[],1628976,,,1610612753,41,37,2024-03-16T00:22:35Z,2250000,False,,,0,,W. Carter Jr. REBOUND (Off:2 Def:0),[1628976],1610612753.0,ORL,,,,Carter Jr.,W. Carter Jr.,,,,,Left Corner 3,24+ Left,,,,,,,224.0,2.0,0.0,2.0,,,,,,,,,,
226,PT06M11.00S,2024-03-16T00:21:07.2Z,2,REGULAR,3pt,Jump Shot,['2ndchance'],1630175,30.831143232588698,69.85294117647058,1610612753,41,40,2024-03-16T00:21:11Z,2260000,False,-99.0,237.0,1,left,C. Anthony 25' 3PT  (7 PTS) (W. Carter Jr. 2 AST),"[1630175, 1628976]",1610612753.0,ORL,,,,Anthony,C. Anthony,,,,,Above the Break 3,24+ Left Center,25.72,Made,7.0,W. Carter Jr.,1628976.0,2.0,,,,,,,,,,,,,,
227,PT05M53.00S,2024-03-16T00:21:25.1Z,2,REGULAR,3pt,Jump Shot,[],1641711,67.7562417871222,21.568627450980394,1610612761,41,40,2024-03-16T00:21:29Z,2270000,False,-142.0,251.0,1,right,MISS G. Dick 28' 3PT,[1641711],1610612761.0,TOR,,,,Dick,G. Dick,,,,,Above the Break 3,24+ Left Center,28.81,Missed,,,,,,,,,,,,,,,,,,
228,PT05M50.00S,2024-03-16T00:21:28.1Z,2,REGULAR,rebound,defensive,[],1629021,,,1610612753,41,40,2024-03-16T00:21:29Z,2280000,False,,,0,,M. Wagner REBOUND (Off:0 Def:2),[1629021],1610612753.0,ORL,,,,Wagner,M. Wagner,,,,,Above the Break 3,24+ Left Center,,,,,,,227.0,2.0,2.0,0.0,,,,,,,,,,
229,PT05M38.00S,2024-03-16T00:21:40.2Z,2,REGULAR,3pt,Jump Shot,[],1630532,4.5499342969776615,96.56862745098039,1610612753,41,40,2024-03-16T00:21:44Z,2290000,False,-233.0,-10.0,1,left,MISS F. Wagner 3PT,[1630532],1610612753.0,ORL,,,,Wagner,F. Wagner,,,,,Left Corner 3,24+ Left,23.3,Missed,,,,,,,,,,,,,,,,,,
230,PT05M35.00S,2024-03-16T00:21:43.2Z,2,REGULAR,rebound,defensive,[],1630534,,,1610612761,41,40,2024-03-16T00:21:44Z,2300000,False,,,0,,O. Agbaji REBOUND (Off:1 Def:2),[1630534],1610612761.0,TOR,,,,Agbaji,O. Agbaji,,,,,Left Corner 3,24+ Left,,,,,,,229.0,3.0,2.0,1.0,,,,,,,,,,
231,PT05M32.00S,2024-03-16T00:21:45.7Z,2,REGULAR,turnover,bad pass,[],1630534,,,1610612761,41,40,2024-03-16T00:21:49Z,2310000,False,,,0,,O. Agbaji bad pass TURNOVER (1 TO),"[1630534, 1630532]",1610612761.0,TOR,,,,Agbaji,O. Agbaji,,,,,Mid-Range,8-16 Right,,,,,,,,,,,1.0,Wagner,1630532.0,,,,,,,
232,PT05M32.00S,2024-03-16T00:21:45.7Z,2,REGULAR,steal,,[],1630532,,,1610612753,41,40,2024-03-16T00:21:47Z,2320000,False,,,0,,F. Wagner STEAL (1 STL),[1630532],1610612753.0,ORL,,,,Wagner,F. Wagner,,,,,Mid-Range,8-16 Right,,,,,,,,,,,,,,,,,,,,
233,PT05M30.00S,2024-03-16T00:21:48.8Z,2,REGULAR,2pt,Layup,"['pointsinthepaint', 'fromturnover']",1630532,7.046649145860711,48.77450980392157,1610612753,41,42,2024-03-16T00:22:11Z,2330000,False,6.0,14.0,1,left,F. Wagner driving Layup (12 PTS),[1630532],1610612753.0,ORL,driving,,,Wagner,F. Wagner,,,,,Restricted Area,0-8 Center,1.5,Made,12.0,,,,,,,,,,,,,,,,,
234,PT05M30.00S,2024-03-16T00:21:55.9Z,2,REGULAR,timeout,full,"['team', 'mandatory']",0,,,1610612761,41,42,2024-03-16T00:21:55Z,2340000,False,,,0,,TOR Timeout,[],1610612761.0,TOR,,,,,,,,,,,,,,,,,,,,,,,,,,,,,,,
236,PT05M30.00S,2024-03-16T00:21:57.0Z,2,REGULAR,substitution,out,[],1628971,,,1610612761,41,42,2024-03-16T00:24:34Z,2350000,False,,,0,,SUB out: B. Brown,[1628971],1610612761.0,TOR,,,,Brown,B. Brown,,,,,,,,,,,,,,,,,,,,,,,,,,
237,PT05M30.00S,2024-03-16T00:21:57.0Z,2,REGULAR,substitution,out,[],204060,,,1610612761,41,42,2024-03-16T00:24:34Z,2360000,False,,,0,,SUB out: J. Ingles,[204060],1610612753.0,ORL,,,,Ingles,J. Ingles,,,,,,,,,,,,,,,,,,,,,,,,,,
238,PT05M30.00S,2024-03-16T00:21:57.0Z,2,REGULAR,substitution,out,[],1629021,,,1610612761,41,42,2024-03-16T00:24:34Z,2370000,False,,,0,,SUB out: M. Wagner,[1629021],1610612753.0,ORL,,,,Wagner,M. Wagner,,,,,,,,,,,,,,,,,,,,,,,,,,
239,PT05M30.00S,2024-03-16T00:21:57.0Z,2,REGULAR,substitution,in,[],1630193,,,1610612761,41,42,2024-03-16T00:24:34Z,2380000,False,,,0,,SUB in: I. Quickley,[1630193],1610612761.0,TOR,,,,Quickley,I. Quickley,,,,,,,,,,,,,,,,,,,,,,,,,,
240,PT05M30.00S,2024-03-16T00:21:57.0Z,2,REGULAR,substitution,in,[],1630591,,,1610612761,41,42,2024-03-16T00:24:34Z,2390000,False,,,0,,SUB in: J. Suggs,[1630591],1610612753.0,ORL,,,,Suggs,J. Suggs,,,,,,,,,,,,,,,,,,,,,,,,,,
241,PT05M30.00S,2024-03-16T00:21:57.0Z,2,REGULAR,substitution,in,[],1631094,,,1610612761,41,42,2024-03-16T00:24:34Z,2400000,False,,,0,,SUB in: P. Banchero,[1631094],1610612753.0,ORL,,,,Banchero,P. Banchero,,,,,,,,,,,,,,,,,,,,,,,,,,
242,PT05M14.00S,2024-03-16T00:25:01.1Z,2,REGULAR,3pt,Jump Shot,[],1630534,74.32654402102497,85.29411764705883,1610612761,41,42,2024-03-16T00:25:05Z,2410000,False,176.0,189.0,1,right,MISS O. Agbaji 25' 3PT,[1630534],1610612761.0,TOR,,,,Agbaji,O. Agbaji,,,,,Above the Break 3,24+ Right Center,25.85,Missed,,,,,,,,,,,,,,,,,,
243,PT05M10.00S,2024-03-16T00:25:05.1Z,2,REGULAR,rebound,defensive,[],1630532,,,1610612753,41,42,2024-03-16T00:25:05Z,2420000,False,,,0,,F. Wagner REBOUND (Off:0 Def:6),[1630532],1610612753.0,ORL,,,,Wagner,F. Wagner,,,,,Above the Break 3,24+ Right Center,,,,,,,242.0,6.0,6.0,0.0,,,,,,,,,,
244,PT04M55.00S,2024-03-16T00:25:19.5Z,2,REGULAR,2pt,Layup,['pointsinthepaint'],1628976,5.601182654402102,45.09803921568628,1610612753,41,42,2024-03-16T00:25:24Z,2430000,False,25.0,0.0,1,left,MISS W. Carter Jr. driving reverse Layup,[1628976],1610612753.0,ORL,driving reverse,,,Carter Jr.,W. Carter Jr.,,,,,Restricted Area,0-8 Center,2.45,Missed,,,,,,,,,,,,,,,,,,
245,PT04M53.00S,2024-03-16T00:25:21.5Z,2,REGULAR,rebound,defensive,[],203482,,,1610612761,41,42,2024-03-16T00:25:24Z,2440000,False,,,0,,K. Olynyk REBOUND (Off:0 Def:2),[203482],1610612761.0,TOR,,,,Olynyk,K. Olynyk,,,,,Restricted Area,0-8 Center,,,,,,,244.0,2.0,2.0,0.0,,,,,,,,,,
246,PT04M51.00S,2024-03-16T00:25:26.9Z,2,REGULAR,turnover,out-of-bounds,[],1630193,,,1610612761,41,42,2024-03-16T00:25:32Z,2450000,False,,,0,,I. Quickley bad pass out-of-bounds TURNOVER (2 TO),[1630193],1610612761.0,TOR,bad pass,,,Quickley,I. Quickley,,,,,Mid-Range,16-24 Right Center,,,,,,,,,,,2.0,,,202007.0,,,,,,
247,PT04M40.00S,2024-03-16T00:25:43.8Z,2,REGULAR,foul,offensive,[],1628976,,,1610612753,41,42,2024-03-16T00:25:55Z,2460000,False,,,0,,W. Carter Jr. offensive FOUL (2 PF),"[1628976, 203482]",1610612753.0,ORL,,,,Carter Jr.,W. Carter Jr.,,,,,Mid-Range,8-16 Left,,,,,,,,,,,,,,1629178.0,2.0,0.0,Olynyk,203482.0,,
249,PT04M40.00S,2024-03-16T00:25:43.8Z,2,REGULAR,turnover,offensive foul,[],1628976,,,1610612753,41,42,2024-03-16T00:25:43Z,2480000,False,,,0,,W. Carter Jr. offensive foul TURNOVER (1 TO),[1628976],1610612753.0,ORL,,,,Carter Jr.,W. Carter Jr.,,,,,Mid-Range,8-16 Left,,,,,,,,,,,1.0,,,1629178.0,,,,,,
250,PT04M26.00S,2024-03-16T00:26:13.2Z,2,REGULAR,2pt,Jump Shot,['fromturnover'],1629018,86.81011826544021,15.196078431372548,1610612761,41,42,2024-03-16T00:26:19Z,2490000,False,-174.0,71.0,1,right,MISS G. Trent Jr. 18' step back Shot,[1629018],1610612761.0,TOR,step back,,,Trent Jr.,G. Trent Jr.,,,,,Mid-Range,16-24 Left,18.81,Missed,,,,,,,,,,,,,,,,,,
251,PT04M22.00S,2024-03-16T00:26:17.2Z,2,REGULAR,rebound,offensive,[],1630534,,,1610612761,41,42,2024-03-16T00:26:19Z,2500000,False,,,0,,O. Agbaji REBOUND (Off:2 Def:2),[1630534],1610612761.0,TOR,,,,Agbaji,O. Agbaji,,,,,Mid-Range,16-24 Left,,,,,,,250.0,4.0,2.0,2.0,,,,,,,,,,
252,PT04M19.00S,2024-03-16T00:26:23.0Z,2,REGULAR,2pt,Layup,"['pointsinthepaint', 'fromturnover', '2ndchance']",1629018,92.06636005256242,53.67647058823529,1610612761,43,42,2024-03-16T00:28:19Z,2510000,False,18.0,22.0,1,right,G. Trent Jr. driving Layup (10 PTS) (K. Olynyk 1 AST),"[1629018, 203482]",1610612761.0,TOR,driving,,,Trent Jr.,G. Trent Jr.,,,,,Restricted Area,0-8 Center,2.88,Made,10.0,K. Olynyk,203482.0,1.0,,,,,,,,,,,,,,
254,PT04M19.00S,2024-03-16T00:26:25.5Z,2,REGULAR,foul,personal,['1freethrow'],1630591,,,1610612761,43,42,2024-03-16T00:26:36Z,2530000,False,,,0,,J. Suggs shooting personal FOUL (2 PF) (Trent Jr. 1 FT),"[1630591, 1629018]",1610612753.0,ORL,shooting,,,Suggs,J. Suggs,,,,,Restricted Area,0-8 Center,,,,,,,,,,,,,,202007.0,2.0,0.0,Trent Jr.,1629018.0,,
256,PT04M19.00S,2024-03-16T00:26:52.8Z,2,REGULAR,freethrow,1 of 1,"['fromturnover', '2ndchance']",1629018,,,1610612761,44,42,2024-03-16T00:26:52Z,2550000,False,,,0,,G. Trent Jr. Free Throw 1 of 1 (11 PTS),[1629018],1610612761.0,TOR,,,,Trent Jr.,G. Trent Jr.,,,,,,,,Made,11.0,,,,,,,,,,,,,,,,,
257,PT04M01.00S,2024-03-16T00:27:13.2Z,2,REGULAR,foul,personal,[],203482,,,1610612753,44,42,2024-03-16T00:27:21Z,2560000,False,,,0,,K. Olynyk personal FOUL (2 PF),"[203482, 1628976]",1610612761.0,TOR,,,,Olynyk,K. Olynyk,,,,,Mid-Range,16-24 Right,,,,,,,,,,,,,,1629178.0,2.0,0.0,Carter Jr.,1628976.0,,
259,PT04M01.00S,2024-03-16T00:27:22.4Z,2,REGULAR,substitution,out,[],1630175,,,1610612753,44,42,2024-03-16T00:27:27Z,2580000,False,,,0,,SUB out: C. Anthony,[1630175],1610612753.0,ORL,,,,Anthony,C. Anthony,,,,,,,,,,,,,,,,,,,,,,,,,,
260,PT04M01.00S,2024-03-16T00:27:22.4Z,2,REGULAR,substitution,in,[],203914,,,1610612753,44,42,2024-03-16T00:27:27Z,2590000,False,,,0,,SUB in: G. Harris,[203914],1610612753.0,ORL,,,,Harris,G. Harris,,,,,,,,,,,,,,,,,,,,,,,,,,
261,PT03M55.00S,2024-03-16T00:27:44.1Z,2,REGULAR,2pt,Layup,['pointsinthepaint'],1628976,6.652431011826544,51.71568627450981,1610612753,44,44,2024-03-16T00:27:48Z,2600000,False,-9.0,10.0,1,left,W. Carter Jr. cutting Layup (5 PTS) (P. Banchero 3 AST),"[1628976, 1631094]",1610612753.0,ORL,cutting,,,Carter Jr.,W. Carter Jr.,,,,,Restricted Area,0-8 Center,1.32,Made,5.0,P. Banchero,1631094.0,3.0,,,,,,,,,,,,,,
263,PT03M55.00S,2024-03-16T00:27:48.7Z,2,REGULAR,foul,personal,"['inpenalty', '1freethrow']",1641711,,,1610612753,44,44,2024-03-16T00:27:59Z,2620000,False,,,0,,G. Dick shooting personal FOUL (3 PF) (Carter Jr. 1 FT),"[1641711, 1628976]",1610612761.0,TOR,shooting,,,Dick,G. Dick,,,,,Restricted Area,0-8 Center,,,,,,,,,,,,,,2004.0,3.0,0.0,Carter Jr.,1628976.0,,
265,PT03M55.00S,2024-03-16T00:28:12.0Z,2,REGULAR,freethrow,1 of 1,[],1628976,,,1610612753,44,44,2024-03-16T00:28:14Z,2640000,False,,,0,,MISS W. Carter Jr. Free Throw 1 of 1,[1628976],1610612753.0,ORL,,,,Carter Jr.,W. Carter Jr.,,,,,,,,Missed,,,,,,,,,,,,,,,,,,
266,PT03M53.00S,2024-03-16T00:28:14.0Z,2,REGULAR,rebound,defensive,[],203482,,,1610612761,44,44,2024-03-16T00:28:14Z,2650000,False,,,0,,K. Olynyk REBOUND (Off:0 Def:3),[203482],1610612761.0,TOR,,,,Olynyk,K. Olynyk,,,,,,,,,,,,,265.0,3.0,3.0,0.0,,,,,,,,,,
267,PT03M35.00S,2024-03-16T00:28:32.2Z,2,REGULAR,turnover,out-of-bounds,[],203482,,,1610612761,44,44,2024-03-16T00:28:37Z,2660000,False,,,0,,K. Olynyk bad pass out-of-bounds TURNOVER (1 TO),[203482],1610612761.0,TOR,bad pass,,,Olynyk,K. Olynyk,,,,,Above the Break 3,24+ Left Center,,,,,,,,,,,1.0,,,1629178.0,,,,,,
268,PT03M23.00S,2024-03-16T00:29:00.4Z,2,REGULAR,2pt,Layup,"['pointsinthepaint', 'fromturnover']",1631094,8.229303547963205,39.705882352941174,1610612753,44,46,2024-03-16T00:29:05Z,2670000,False,51.0,25.0,1,left,P. Banchero driving Layup (4 PTS) (F. Wagner 1 AST),"[1631094, 1630532]",1610612753.0,ORL,driving,,,Banchero,P. Banchero,,,,,In The Paint (Non-RA),0-8 Center,5.72,Made,4.0,F. Wagner,1630532.0,1.0,,,,,,,,,,,,,,
270,PT02M57.00S,2024-03-16T00:29:26.6Z,2,REGULAR,3pt,Jump Shot,[],203482,67.36202365308804,49.50980392156863,1610612761,44,46,2024-03-16T00:31:13Z,2690000,False,-2.0,254.0,1,right,MISS K. Olynyk 25' pullup 3PT,[203482],1610612761.0,TOR,pullup,,,Olynyk,K. Olynyk,,,,,Above the Break 3,24+ Center,25.43,Missed,,,,,,,,,,,,,,,,,,
271,PT02M53.00S,2024-03-16T00:29:30.6Z,2,REGULAR,rebound,offensive,[],1641711,,,1610612761,44,46,2024-03-16T00:29:32Z,2700000,False,,,0,,G. Dick REBOUND (Off:1 Def:1),[1641711],1610612761.0,TOR,,,,Dick,G. Dick,,,,,Above the Break 3,24+ Center,,,,,,,270.0,2.0,1.0,1.0,,,,,,,,,,
272,PT02M40.00S,2024-03-16T00:29:44.4Z,2,REGULAR,foul,personal,['2freethrow'],1631094,,,1610612761,44,46,2024-03-16T00:33:54Z,2715000,False,,,0,,P. Banchero shooting personal FOUL (2 PF) (Quickley 2 FT),"[1631094, 1630193]",1610612753.0,ORL,shooting,,,Banchero,P. Banchero,,,,,Mid-Range,8-16 Center,,,,,,,,,,,,,,202007.0,2.0,0.0,Quickley,1630193.0,,
275,PT02M40.00S,2024-03-16T00:31:21.9Z,2,REGULAR,substitution,out,[],1641711,,,1610612761,44,46,2024-03-16T00:31:39Z,2740000,False,,,0,,SUB out: G. Dick,[1641711],1610612761.0,TOR,,,,Dick,G. Dick,,,,,,,,,,,,,,,,,,,,,,,,,,
276,PT02M40.00S,2024-03-16T00:31:21.9Z,2,REGULAR,substitution,in,[],1629670,,,1610612761,44,46,2024-03-16T00:31:39Z,2750000,False,,,0,,SUB in: J. Nwora,[1629670],1610612761.0,TOR,,,,Nwora,J. Nwora,,,,,,,,,,,,,,,,,,,,,,,,,,
277,PT02M40.00S,2024-03-16T00:32:07.0Z,2,REGULAR,freethrow,1 of 2,['2ndchance'],1630193,,,1610612761,44,46,2024-03-16T00:32:34Z,2760000,False,,,0,,MISS I. Quickley Free Throw 1 of 2,[1630193],1610612761.0,TOR,,,,Quickley,I. Quickley,,,,,,,,Missed,,,,,,,,,,,,,,,,,,
278,PT02M40.00S,2024-03-16T00:32:07.0Z,2,REGULAR,rebound,offensive,"['team', 'deadball']",0,,,1610612761,44,46,2024-03-16T00:32:34Z,2770000,False,,,0,,TEAM offensive REBOUND,[],1610612761.0,TOR,,,,,,,,,,,,,,,,,,277.0,,,,,,,,,,,,,
279,PT02M40.00S,2024-03-16T00:32:07.0Z,2,REGULAR,freethrow,2 of 2,['2ndchance'],1630193,,,1610612761,45,46,2024-03-16T00:32:34Z,2780000,False,,,0,,I. Quickley Free Throw 2 of 2 (8 PTS),[1630193],1610612761.0,TOR,,,,Quickley,I. Quickley,,,,,,,,Made,8.0,,,,,,,,,,,,,,,,,
280,PT02M22.00S,2024-03-16T00:32:48.9Z,2,REGULAR,2pt,Layup,['pointsinthepaint'],1631094,6.1268068331143235,43.872549019607845,1610612753,45,46,2024-03-16T00:32:53Z,2790000,False,31.0,5.0,1,left,MISS P. Banchero driving Layup - blocked,"[1631094, 1629670]",1610612753.0,ORL,driving,,,Banchero,P. Banchero,,,,,Restricted Area,0-8 Center,3.1,Missed,,,,,,,,,,,,,,,,,Nwora,1629670.0
281,PT02M22.00S,2024-03-16T00:32:48.9Z,2,REGULAR,block,,[],1629670,,,1610612753,45,46,2024-03-16T00:32:51Z,2800000,False,,,0,,J. Nwora BLOCK (1 BLK),[1629670],1610612761.0,TOR,,,,Nwora,J. Nwora,,,,,Restricted Area,0-8 Center,,,,,,,,,,,,,,,,,,,,
282,PT02M19.00S,2024-03-16T00:32:51.9Z,2,REGULAR,rebound,defensive,[],1630193,,,1610612761,45,46,2024-03-16T00:32:53Z,2810000,False,,,0,,I. Quickley REBOUND (Off:0 Def:2),[1630193],1610612761.0,TOR,,,,Quickley,I. Quickley,,,,,Restricted Area,0-8 Center,,,,,,,280.0,2.0,2.0,0.0,,,,,,,,,,
283,PT02M01.00S,2024-03-16T00:33:10.3Z,2,REGULAR,turnover,lost ball,[],1629670,,,1610612761,45,46,2024-03-16T00:33:14Z,2820000,False,,,0,,J. Nwora lost ball TURNOVER (1 TO),"[1629670, 1630591]",1610612761.0,TOR,,,,Nwora,J. Nwora,,,,,Mid-Range,8-16 Right,,,,,,,,,,,1.0,Suggs,1630591.0,,,,,,,
284,PT02M01.00S,2024-03-16T00:33:10.3Z,2,REGULAR,steal,,[],1630591,,,1610612753,45,46,2024-03-16T00:33:12Z,2830000,False,,,0,,J. Suggs STEAL (2 STL),[1630591],1610612753.0,ORL,,,,Suggs,J. Suggs,,,,,Mid-Range,8-16 Right,,,,,,,,,,,,,,,,,,,,
285,PT01M58.00S,2024-03-16T00:33:15.5Z,2,REGULAR,foul,personal,"['inpenalty', '2freethrow']",1629018,,,1610612753,45,46,2024-03-16T00:33:22Z,2840000,False,,,0,,G. Trent Jr. shooting personal FOUL (2 PF) (Wagner 2 FT),"[1629018, 1630532]",1610612761.0,TOR,shooting,,,Trent Jr.,G. Trent Jr.,,,,,In The Paint (Non-RA),0-8 Center,,,,,,,,,,,,,,202007.0,2.0,0.0,Wagner,1630532.0,,
287,PT01M58.00S,2024-03-16T00:33:48.2Z,2,REGULAR,freethrow,1 of 2,"['fromturnover', 'fastbreak']",1630532,,,1610612753,45,47,2024-03-16T00:33:48Z,2860000,False,,,0,,F. Wagner Free Throw 1 of 2 (13 PTS),[1630532],1610612753.0,ORL,,,,Wagner,F. Wagner,,,,,,,,Made,13.0,,,,,,,,,,,,,,,,,
288,PT01M58.00S,2024-03-16T00:34:03.0Z,2,REGULAR,freethrow,2 of 2,"['fastbreak', 'fromturnover']",1630532,,,1610612753,45,48,2024-03-16T00:34:03Z,2870000,False,,,0,,F. Wagner Free Throw 2 of 2 (14 PTS),[1630532],1610612753.0,ORL,,,,Wagner,F. Wagner,,,,,,,,Made,14.0,,,,,,,,,,,,,,,,,
289,PT01M35.00S,2024-03-16T00:34:28.2Z,2,REGULAR,2pt,Jump Shot,[],1629018,73.01248357424441,45.34313725490196,1610612761,45,48,2024-03-16T00:34:33Z,2880000,False,-23.0,201.0,1,right,MISS G. Trent Jr. 20' step back Shot,[1629018],1610612761.0,TOR,step back,,,Trent Jr.,G. Trent Jr.,,,,,Mid-Range,16-24 Center,20.25,Missed,,,,,,,,,,,,,,,,,,
290,PT01M31.00S,2024-03-16T00:34:32.2Z,2,REGULAR,rebound,defensive,[],1631094,,,1610612753,45,48,2024-03-16T00:34:33Z,2890000,False,,,0,,P. Banchero REBOUND (Off:0 Def:5),[1631094],1610612753.0,ORL,,,,Banchero,P. Banchero,,,,,Mid-Range,16-24 Center,,,,,,,289.0,5.0,5.0,0.0,,,,,,,,,,
291,PT01M23.00S,2024-03-16T00:34:39.7Z,2,REGULAR,3pt,Jump Shot,[],203914,32.14520367936925,48.28431372549019,1610612753,45,48,2024-03-16T00:36:01Z,2900000,False,9.0,250.0,1,left,MISS G. Harris 24' step back 3PT,[203914],1610612753.0,ORL,step back,,,Harris,G. Harris,,,,,Above the Break 3,24+ Center,24.98,Missed,,,,,,,,,,,,,,,,,,
292,PT01M20.00S,2024-03-16T00:34:42.7Z,2,REGULAR,rebound,defensive,[],1629018,,,1610612761,45,48,2024-03-16T00:34:44Z,2910000,False,,,0,,G. Trent Jr. REBOUND (Off:0 Def:3),[1629018],1610612761.0,TOR,,,,Trent Jr.,G. Trent Jr.,,,,,Above the Break 3,24+ Center,,,,,,,291.0,3.0,3.0,0.0,,,,,,,,,,
293,PT01M15.00S,2024-03-16T00:34:47.9Z,2,REGULAR,3pt,Jump Shot,['fastbreak'],1629018,66.3107752956636,45.34313725490196,1610612761,48,48,2024-03-16T00:34:55Z,2920000,False,-23.0,264.0,1,right,G. Trent Jr. 26' 3PT running (14 PTS) (I. Quickley 6 AST),"[1629018, 1630193]",1610612761.0,TOR,running,,,Trent Jr.,G. Trent Jr.,,,,,Above the Break 3,24+ Center,26.52,Made,14.0,I. Quickley,1630193.0,6.0,,,,,,,,,,,,,,
295,PT00M49.80S,2024-03-16T00:35:16.0Z,2,REGULAR,turnover,traveling,[],1631094,,,1610612753,48,48,2024-03-16T00:35:27Z,2940000,False,,,0,,P. Banchero traveling TURNOVER (3 TO),[1631094],1610612753.0,ORL,,,,Banchero,P. Banchero,,,,,Mid-Range,8-16 Right,,,,,,,,,,,3.0,,,1629178.0,,,,,,
296,PT00M49.80S,2024-03-16T00:35:23.6Z,2,REGULAR,substitution,out,[],203482,,,1610612761,48,48,2024-03-16T00:35:33Z,2950000,False,,,0,,SUB out: K. Olynyk,[203482],1610612761.0,TOR,,,,Olynyk,K. Olynyk,,,,,,,,,,,,,,,,,,,,,,,,,,
297,PT00M49.80S,2024-03-16T00:35:23.6Z,2,REGULAR,substitution,in,[],1629007,,,1610612761,48,48,2024-03-16T00:35:33Z,2960000,False,,,0,,SUB in: J. Porter,[1629007],1610612761.0,TOR,,,,Porter,J. Porter,,,,,,,,,,,,,,,,,,,,,,,,,,
298,PT00M34.50S,2024-03-16T00:35:59.4Z,2,REGULAR,turnover,out-of-bounds,[],1629670,,,1610612761,48,48,2024-03-16T00:36:05Z,2970000,False,,,0,,J. Nwora step out-of-bounds TURNOVER (2 TO),[1629670],1610612761.0,TOR,step,,,Nwora,J. Nwora,,,,,Left Corner 3,24+ Left,,,,,,,,,,,2.0,,,2004.0,,,,,,
299,PT00M34.50S,2024-03-16T00:36:07.2Z,2,REGULAR,substitution,out,[],1629018,,,1610612753,48,48,2024-03-16T00:36:10Z,2980000,False,,,0,,SUB out: G. Trent Jr.,[1629018],1610612761.0,TOR,,,,Trent Jr.,G. Trent Jr.,,,,,,,,,,,,,,,,,,,,,,,,,,
300,PT00M34.50S,2024-03-16T00:36:07.2Z,2,REGULAR,substitution,in,[],1630186,,,1610612753,48,48,2024-03-16T00:36:10Z,2990000,False,,,0,,SUB in: J. Ramsey,[1630186],1610612761.0,TOR,,,,Ramsey,J. Ramsey,,,,,,,,,,,,,,,,,,,,,,,,,,
301,PT00M25.80S,2024-03-16T00:36:25.0Z,2,REGULAR,foul,personal,"['inpenalty', '2freethrow']",1629007,,,1610612753,48,48,2024-03-16T00:36:35Z,3000000,False,,,0,,J. Porter shooting personal FOUL (1 PF) (Banchero 2 FT),"[1629007, 1631094]",1610612761.0,TOR,shooting,,,Porter,J. Porter,,,,,In The Paint (Non-RA),0-8 Center,,,,,,,,,,,,,,2004.0,1.0,0.0,Banchero,1631094.0,,
303,PT00M25.80S,2024-03-16T00:36:50.3Z,2,REGULAR,freethrow,1 of 2,['fromturnover'],1631094,,,1610612753,48,49,2024-03-16T00:36:50Z,3020000,False,,,0,,P. Banchero Free Throw 1 of 2 (5 PTS),[1631094],1610612753.0,ORL,,,,Banchero,P. Banchero,,,,,,,,Made,5.0,,,,,,,,,,,,,,,,,
304,PT00M25.80S,2024-03-16T00:36:51.1Z,2,REGULAR,substitution,out,[],1630534,,,1610612753,48,49,2024-03-16T00:36:56Z,3030000,False,,,0,,SUB out: O. Agbaji,[1630534],1610612761.0,TOR,,,,Agbaji,O. Agbaji,,,,,,,,,,,,,,,,,,,,,,,,,,
305,PT00M25.80S,2024-03-16T00:36:51.1Z,2,REGULAR,substitution,out,[],1630186,,,1610612753,48,49,2024-03-16T00:36:56Z,3040000,False,,,0,,SUB out: J. Ramsey,[1630186],1610612761.0,TOR,,,,Ramsey,J. Ramsey,,,,,,,,,,,,,,,,,,,,,,,,,,
306,PT00M25.80S,2024-03-16T00:36:51.1Z,2,REGULAR,substitution,in,[],1629018,,,1610612753,48,49,2024-03-16T00:36:56Z,3050000,False,,,0,,SUB in: G. Trent Jr.,[1629018],1610612761.0,TOR,,,,Trent Jr.,G. Trent Jr.,,,,,,,,,,,,,,,,,,,,,,,,,,
307,PT00M25.80S,2024-03-16T00:36:51.1Z,2,REGULAR,substitution,in,[],203482,,,1610612753,48,49,2024-03-16T00:36:56Z,3060000,False,,,0,,SUB in: K. Olynyk,[203482],1610612761.0,TOR,,,,Olynyk,K. Olynyk,,,,,,,,,,,,,,,,,,,,,,,,,,
308,PT00M25.80S,2024-03-16T00:36:51.1Z,2,REGULAR,substitution,out,[],1628976,,,1610612753,48,49,2024-03-16T00:37:05Z,3070000,False,,,0,,SUB out: W. Carter Jr.,[1628976],1610612753.0,ORL,,,,Carter Jr.,W. Carter Jr.,,,,,,,,,,,,,,,,,,,,,,,,,,
309,PT00M25.80S,2024-03-16T00:36:51.1Z,2,REGULAR,substitution,in,[],1628371,,,1610612753,48,49,2024-03-16T00:37:05Z,3080000,False,,,0,,SUB in: J. Isaac,[1628371],1610612753.0,ORL,,,,Isaac,J. Isaac,,,,,,,,,,,,,,,,,,,,,,,,,,
310,PT00M25.80S,2024-03-16T00:36:51.1Z,2,REGULAR,substitution,out,[],1630591,,,1610612753,48,49,2024-03-16T00:37:14Z,3090000,False,,,0,,SUB out: J. Suggs,[1630591],1610612753.0,ORL,,,,Suggs,J. Suggs,,,,,,,,,,,,,,,,,,,,,,,,,,
311,PT00M25.80S,2024-03-16T00:36:51.1Z,2,REGULAR,substitution,in,[],1628365,,,1610612753,48,49,2024-03-16T00:37:14Z,3100000,False,,,0,,SUB in: M. Fultz,[1628365],1610612753.0,ORL,,,,Fultz,M. Fultz,,,,,,,,,,,,,,,,,,,,,,,,,,
312,PT00M25.80S,2024-03-16T00:37:24.4Z,2,REGULAR,freethrow,2 of 2,['fromturnover'],1631094,,,1610612753,48,50,2024-03-16T00:37:24Z,3110000,False,,,0,,P. Banchero Free Throw 2 of 2 (6 PTS),[1631094],1610612753.0,ORL,,,,Banchero,P. Banchero,,,,,,,,Made,6.0,,,,,,,,,,,,,,,,,
313,PT00M05.00S,2024-03-16T00:37:46.5Z,2,REGULAR,2pt,Layup,['pointsinthepaint'],1630193,90.62089356110381,59.068627450980394,1610612761,48,50,2024-03-16T00:40:45Z,3120000,False,45.0,36.0,1,right,MISS I. Quickley driving finger roll Layup,[1630193],1610612761.0,TOR,driving finger roll,,,Quickley,I. Quickley,,,,,In The Paint (Non-RA),0-8 Center,5.77,Missed,,,,,,,,,,,,,,,,,,
314,PT00M03.20S,2024-03-16T00:37:48.3Z,2,REGULAR,rebound,defensive,[],1628371,,,1610612753,48,50,2024-03-16T00:37:48Z,3130000,False,,,0,,J. Isaac REBOUND (Off:0 Def:5),[1628371],1610612753.0,ORL,,,,Isaac,J. Isaac,,,,,In The Paint (Non-RA),0-8 Center,,,,,,,313.0,5.0,5.0,0.0,,,,,,,,,,
315,PT00M00.30S,2024-03-16T00:37:52.7Z,2,REGULAR,2pt,Layup,['pointsinthepaint'],1628365,6.258212877792378,52.94117647058824,1610612753,48,50,2024-03-16T00:38:21Z,3140000,False,-15.0,6.0,1,left,MISS M. Fultz running finger roll Layup,[1628365],1610612753.0,ORL,running finger roll,,,Fultz,M. Fultz,,,,,Restricted Area,0-8 Center,1.6,Missed,,,,,,,,,,,,,,,,,,
316,PT00M00.10S,2024-03-16T00:37:52.9Z,2,REGULAR,rebound,offensive,['team'],0,,,1610612753,48,50,2024-03-16T00:38:21Z,3150000,False,,,0,,TEAM offensive REBOUND,[],1610612753.0,ORL,,,,,,,,,,Restricted Area,0-8 Center,,,,,,,315.0,,,,,,,,,,,,,
317,PT00M00.00S,2024-03-16T00:37:59.2Z,2,REGULAR,period,end,[],0,,,1610612753,48,50,2024-03-16T00:37:59Z,3160000,False,,,0,,Period End,[],,,,,,,,,,,,,,,,,,,,,,,,,,,,,,,,,
318,PT12M00.00S,2024-03-16T00:52:45.9Z,3,REGULAR,substitution,out,['startperiod'],1629670,,,1610612753,48,50,2024-03-16T00:53:04Z,3170000,False,,,0,,SUB out: J. Nwora,[1629670],1610612761.0,TOR,,,,Nwora,J. Nwora,,,,,,,,,,,,,,,,,,,,,,,,,,
319,PT12M00.00S,2024-03-16T00:52:45.9Z,3,REGULAR,substitution,out,['startperiod'],1629007,,,1610612753,48,50,2024-03-16T00:53:04Z,3180000,False,,,0,,SUB out: J. Porter,[1629007],1610612761.0,TOR,,,,Porter,J. Porter,,,,,,,,,,,,,,,,,,,,,,,,,,
320,PT12M00.00S,2024-03-16T00:52:45.9Z,3,REGULAR,substitution,out,['startperiod'],1628371,,,1610612753,48,50,2024-03-16T00:53:04Z,3190000,False,,,0,,SUB out: J. Isaac,[1628371],1610612753.0,ORL,,,,Isaac,J. Isaac,,,,,,,,,,,,,,,,,,,,,,,,,,
321,PT12M00.00S,2024-03-16T00:52:45.9Z,3,REGULAR,substitution,out,['startperiod'],1628365,,,1610612753,48,50,2024-03-16T00:53:04Z,3200000,False,,,0,,SUB out: M. Fultz,[1628365],1610612753.0,ORL,,,,Fultz,M. Fultz,,,,,,,,,,,,,,,,,,,,,,,,,,
322,PT12M00.00S,2024-03-16T00:52:45.9Z,3,REGULAR,substitution,in,['startperiod'],1641711,,,1610612753,48,50,2024-03-16T00:53:04Z,3210000,False,,,0,,SUB in: G. Dick,[1641711],1610612761.0,TOR,,,,Dick,G. Dick,,,,,,,,,,,,,,,,,,,,,,,,,,
323,PT12M00.00S,2024-03-16T00:52:45.9Z,3,REGULAR,substitution,in,['startperiod'],1630534,,,1610612753,48,50,2024-03-16T00:53:04Z,3220000,False,,,0,,SUB in: O. Agbaji,[1630534],1610612761.0,TOR,,,,Agbaji,O. Agbaji,,,,,,,,,,,,,,,,,,,,,,,,,,
324,PT12M00.00S,2024-03-16T00:52:45.9Z,3,REGULAR,substitution,in,['startperiod'],1630591,,,1610612753,48,50,2024-03-16T00:53:04Z,3230000,False,,,0,,SUB in: J. Suggs,[1630591],1610612753.0,ORL,,,,Suggs,J. Suggs,,,,,,,,,,,,,,,,,,,,,,,,,,
325,PT12M00.00S,2024-03-16T00:52:45.9Z,3,REGULAR,substitution,in,['startperiod'],1628976,,,1610612753,48,50,2024-03-16T00:53:04Z,3240000,False,,,0,,SUB in: W. Carter Jr.,[1628976],1610612753.0,ORL,,,,Carter Jr.,W. Carter Jr.,,,,,,,,,,,,,,,,,,,,,,,,,,
326,PT12M00.00S,2024-03-16T00:53:28.8Z,3,REGULAR,period,start,[],0,,,1610612761,48,50,2024-03-16T00:53:28Z,3250000,False,,,0,,Period Start,[],,,,,,,,,,,,,,,,,,,,,,,,,,,,,,,,,
327,PT11M48.00S,2024-03-16T00:53:41.7Z,3,REGULAR,foul,personal,['2freethrow'],203914,,,1610612761,48,50,2024-03-16T00:54:18Z,3260000,False,,,0,,G. Harris shooting personal FOUL (2 PF) (Quickley 2 FT),"[203914, 1630193]",1610612753.0,ORL,shooting,,,Harris,G. Harris,,,,,Restricted Area,0-8 Center,,,,,,,,,,,,,,2004.0,2.0,0.0,Quickley,1630193.0,,
329,PT11M48.00S,2024-03-16T00:54:19.6Z,3,REGULAR,freethrow,1 of 2,[],1630193,,,1610612761,48,50,2024-03-16T00:54:36Z,3280000,False,,,0,,MISS I. Quickley Free Throw 1 of 2,[1630193],1610612761.0,TOR,,,,Quickley,I. Quickley,,,,,,,,Missed,,,,,,,,,,,,,,,,,,
330,PT11M48.00S,2024-03-16T00:54:19.6Z,3,REGULAR,rebound,offensive,"['team', 'deadball']",0,,,1610612761,48,50,2024-03-16T00:54:36Z,3290000,False,,,0,,TEAM offensive REBOUND,[],1610612761.0,TOR,,,,,,,,,,,,,,,,,,329.0,,,,,,,,,,,,,
331,PT11M48.00S,2024-03-16T00:54:19.6Z,3,REGULAR,freethrow,2 of 2,[],1630193,,,1610612761,48,50,2024-03-16T00:54:36Z,3300000,False,,,0,,MISS I. Quickley Free Throw 2 of 2,[1630193],1610612761.0,TOR,,,,Quickley,I. Quickley,,,,,,,,Missed,,,,,,,,,,,,,,,,,,
332,PT11M45.00S,2024-03-16T00:54:22.6Z,3,REGULAR,rebound,defensive,[],1628976,,,1610612753,48,50,2024-03-16T00:54:36Z,3310000,False,,,0,,W. Carter Jr. REBOUND (Off:2 Def:1),[1628976],1610612753.0,ORL,,,,Carter Jr.,W. Carter Jr.,,,,,,,,,,,,,331.0,3.0,1.0,2.0,,,,,,,,,,
333,PT11M29.00S,2024-03-16T00:54:51.5Z,3,REGULAR,3pt,Jump Shot,[],1628976,94.56307490144546,2.696078431372549,1610612753,48,50,2024-03-16T00:54:56Z,3320000,False,-237.0,-1.0,1,right,MISS W. Carter Jr. 3PT,[1628976],1610612753.0,ORL,,,,Carter Jr.,W. Carter Jr.,,,,,Left Corner 3,24+ Left,23.65,Missed,,,,,,,,,,,,,,,,,,
334,PT11M25.00S,2024-03-16T00:54:55.5Z,3,REGULAR,rebound,defensive,[],1630193,,,1610612761,48,50,2024-03-16T00:54:56Z,3330000,False,,,0,,I. Quickley REBOUND (Off:0 Def:3),[1630193],1610612761.0,TOR,,,,Quickley,I. Quickley,,,,,Left Corner 3,24+ Left,,,,,,,333.0,3.0,3.0,0.0,,,,,,,,,,
335,PT11M17.00S,2024-03-16T00:55:03.1Z,3,REGULAR,2pt,Layup,['pointsinthepaint'],1641711,5.469776609724048,53.67647058823529,1610612761,48,50,2024-03-16T00:55:06Z,3340000,False,-18.0,-1.0,1,left,MISS G. Dick Layup,[1641711],1610612761.0,TOR,,,,Dick,G. Dick,,,,,Restricted Area,0-8 Center,1.84,Missed,,,,,,,,,,,,,,,,,,
336,PT11M15.00S,2024-03-16T00:55:05.1Z,3,REGULAR,rebound,defensive,[],203914,,,1610612753,48,50,2024-03-16T00:55:06Z,3350000,False,,,0,,G. Harris REBOUND (Off:0 Def:1),[203914],1610612753.0,ORL,,,,Harris,G. Harris,,,,,Restricted Area,0-8 Center,,,,,,,335.0,1.0,1.0,0.0,,,,,,,,,,
337,PT11M12.00S,2024-03-16T00:55:13.1Z,3,REGULAR,foul,personal,[],1629018,,,1610612753,48,50,2024-03-16T00:55:27Z,3360000,False,,,0,,G. Trent Jr. personal FOUL (3 PF),"[1629018, 1631094]",1610612761.0,TOR,,,,Trent Jr.,G. Trent Jr.,,,,,In The Paint (Non-RA),8-16 Center,,,,,,,,,,,,,,2004.0,3.0,0.0,Banchero,1631094.0,,
340,PT11M03.00S,2024-03-16T00:56:49.6Z,3,REGULAR,2pt,Layup,['pointsinthepaint'],1630532,92.59198423127464,46.07843137254902,1610612753,48,50,2024-03-16T00:56:55Z,3390000,False,-20.0,17.0,1,right,MISS F. Wagner driving finger roll Layup,[1630532],1610612753.0,ORL,driving finger roll,,,Wagner,F. Wagner,,,,,Restricted Area,0-8 Center,2.6,Missed,,,,,,,,,,,,,,,,,,
341,PT10M57.00S,2024-03-16T00:56:55.6Z,3,REGULAR,rebound,offensive,[],1631094,,,1610612753,48,50,2024-03-16T00:56:55Z,3400000,False,,,0,,P. Banchero REBOUND (Off:1 Def:5),[1631094],1610612753.0,ORL,,,,Banchero,P. Banchero,,,,,Restricted Area,0-8 Center,,,,,,,340.0,6.0,5.0,1.0,,,,,,,,,,
342,PT10M57.00S,2024-03-16T00:56:54.7Z,3,REGULAR,2pt,DUNK,"['pointsinthepaint', '2ndchance']",1631094,94.40999984741211,50.0,1610612753,48,52,2024-03-16T00:56:54Z,3410000,False,0.0,0.0,1,right,P. Banchero putback DUNK (8 PTS),[1631094],1610612753.0,ORL,putback,,,Banchero,P. Banchero,,,,,Mid-Range,8-16 Left,0.0,Made,8.0,,,,,,,,,,,,,,,,,
343,PT10M43.00S,2024-03-16T00:57:09.0Z,3,REGULAR,3pt,Jump Shot,[],1629018,26.888961892247043,8.823529411764707,1610612761,51,52,2024-03-16T00:57:13Z,3420000,False,206.0,200.0,1,left,G. Trent Jr. 28' 3PT  (17 PTS) (I. Quickley 7 AST),"[1629018, 1630193]",1610612761.0,TOR,,,,Trent Jr.,G. Trent Jr.,,,,,Above the Break 3,24+ Right Center,28.73,Made,17.0,I. Quickley,1630193.0,7.0,,,,,,,,,,,,,,
345,PT10M30.00S,2024-03-16T00:57:22.3Z,3,REGULAR,3pt,Jump Shot,[],203914,93.64323258869908,96.56862745098039,1610612753,51,55,2024-03-16T00:57:26Z,3440000,False,233.0,7.0,1,right,G. Harris 3PT step back (6 PTS) (P. Banchero 4 AST),"[203914, 1631094]",1610612753.0,ORL,step back,,,Harris,G. Harris,,,,,Right Corner 3,24+ Right,23.29,Made,6.0,P. Banchero,1631094.0,4.0,,,,,,,,,,,,,,
347,PT10M21.00S,2024-03-16T00:57:30.6Z,3,REGULAR,2pt,Jump Shot,[],1630193,28.203022339027594,43.872549019607845,1610612761,51,55,2024-03-16T00:57:35Z,3460000,False,31.0,213.0,1,left,MISS I. Quickley 21' pullup Shot,[1630193],1610612761.0,TOR,pullup,,,Quickley,I. Quickley,,,,,Mid-Range,16-24 Center,21.48,Missed,,,,,,,,,,,,,,,,,,
348,PT10M19.00S,2024-03-16T00:57:32.6Z,3,REGULAR,rebound,defensive,[],1628976,,,1610612753,51,55,2024-03-16T00:57:35Z,3470000,False,,,0,,W. Carter Jr. REBOUND (Off:2 Def:2),[1628976],1610612753.0,ORL,,,,Carter Jr.,W. Carter Jr.,,,,,Mid-Range,16-24 Center,,,,,,,347.0,4.0,2.0,2.0,,,,,,,,,,
349,PT10M05.00S,2024-03-16T00:57:49.2Z,3,REGULAR,2pt,Layup,['pointsinthepaint'],1628976,94.30026281208936,43.13725490196079,1610612753,51,57,2024-03-16T00:57:54Z,3480000,False,-34.0,1.0,1,right,W. Carter Jr. driving Layup (7 PTS) (J. Suggs 2 AST),"[1628976, 1630591]",1610612753.0,ORL,driving,,,Carter Jr.,W. Carter Jr.,,,,,Restricted Area,0-8 Center,3.43,Made,7.0,J. Suggs,1630591.0,2.0,,,,,,,,,,,,,,
351,PT10M05.00S,2024-03-16T00:57:52.0Z,3,REGULAR,foul,personal,['1freethrow'],1630193,,,1610612753,51,57,2024-03-16T00:58:02Z,3500000,False,,,0,,I. Quickley shooting personal FOUL (1 PF) (Carter Jr. 1 FT),"[1630193, 1628976]",1610612761.0,TOR,shooting,,,Quickley,I. Quickley,,,,,Restricted Area,0-8 Center,,,,,,,,,,,,,,2004.0,1.0,0.0,Carter Jr.,1628976.0,,
353,PT10M05.00S,2024-03-16T00:58:26.8Z,3,REGULAR,freethrow,1 of 1,[],1628976,,,1610612753,51,58,2024-03-16T00:58:26Z,3520000,False,,,0,,W. Carter Jr. Free Throw 1 of 1 (8 PTS),[1628976],1610612753.0,ORL,,,,Carter Jr.,W. Carter Jr.,,,,,,,,Made,8.0,,,,,,,,,,,,,,,,,
354,PT09M49.00S,2024-03-16T00:58:44.3Z,3,REGULAR,2pt,Layup,['pointsinthepaint'],203482,6.652431011826544,49.50980392156863,1610612761,53,58,2024-03-16T00:58:49Z,3530000,False,2.0,10.0,1,left,K. Olynyk cutting Layup (4 PTS) (I. Quickley 8 AST),"[203482, 1630193]",1610612761.0,TOR,cutting,,,Olynyk,K. Olynyk,,,,,Restricted Area,0-8 Center,1.03,Made,4.0,I. Quickley,1630193.0,8.0,,,,,,,,,,,,,,
356,PT09M38.00S,2024-03-16T00:58:56.6Z,3,REGULAR,foul,personal,[],203482,,,1610612753,53,58,2024-03-16T00:59:14Z,3550000,False,,,0,,K. Olynyk personal FOUL (3 PF),"[203482, 1630591]",1610612761.0,TOR,,,,Olynyk,K. Olynyk,,,,,Mid-Range,16-24 Right,,,,,,,,,,,,,,202007.0,3.0,0.0,Suggs,1630591.0,,
359,PT09M32.00S,2024-03-16T01:00:15.9Z,3,REGULAR,foul,personal,['2freethrow'],203482,,,1610612753,53,58,2024-03-16T01:00:27Z,3580000,False,,,0,,K. Olynyk shooting personal FOUL (4 PF) (Wagner 2 FT),"[203482, 1630532]",1610612761.0,TOR,shooting,,,Olynyk,K. Olynyk,,,,,In The Paint (Non-RA),0-8 Center,,,,,,,,,,,,,,1629178.0,4.0,0.0,Wagner,1630532.0,,
361,PT09M32.00S,2024-03-16T01:00:47.6Z,3,REGULAR,freethrow,1 of 2,[],1630532,,,1610612753,53,58,2024-03-16T01:00:47Z,3600000,False,,,0,,MISS F. Wagner Free Throw 1 of 2,[1630532],1610612753.0,ORL,,,,Wagner,F. Wagner,,,,,,,,Missed,,,,,,,,,,,,,,,,,,
362,PT09M32.00S,2024-03-16T01:00:47.6Z,3,REGULAR,rebound,offensive,"['deadball', 'team']",0,,,1610612753,53,58,2024-03-16T01:00:47Z,3610000,False,,,0,,TEAM offensive REBOUND,[],1610612753.0,ORL,,,,,,,,,,,,,,,,,,361.0,,,,,,,,,,,,,
363,PT09M32.00S,2024-03-16T01:00:48.7Z,3,REGULAR,substitution,out,[],203482,,,1610612753,53,58,2024-03-16T01:00:52Z,3620000,False,,,0,,SUB out: K. Olynyk,[203482],1610612761.0,TOR,,,,Olynyk,K. Olynyk,,,,,,,,,,,,,,,,,,,,,,,,,,
364,PT09M32.00S,2024-03-16T01:00:48.7Z,3,REGULAR,substitution,in,[],1629007,,,1610612753,53,58,2024-03-16T01:00:52Z,3630000,False,,,0,,SUB in: J. Porter,[1629007],1610612761.0,TOR,,,,Porter,J. Porter,,,,,,,,,,,,,,,,,,,,,,,,,,
365,PT09M32.00S,2024-03-16T01:01:09.7Z,3,REGULAR,freethrow,2 of 2,[],1630532,,,1610612753,53,59,2024-03-16T01:01:09Z,3640000,False,,,0,,F. Wagner Free Throw 2 of 2 (15 PTS),[1630532],1610612753.0,ORL,,,,Wagner,F. Wagner,,,,,,,,Made,15.0,,,,,,,,,,,,,,,,,
366,PT09M16.00S,2024-03-16T01:01:25.7Z,3,REGULAR,3pt,Jump Shot,[],1629018,29.517082785808146,75.98039215686273,1610612761,53,59,2024-03-16T01:01:29Z,3650000,False,-130.0,225.0,1,left,MISS G. Trent Jr. 25' 3PT,[1629018],1610612761.0,TOR,,,,Trent Jr.,G. Trent Jr.,,,,,Above the Break 3,24+ Left Center,25.98,Missed,,,,,,,,,,,,,,,,,,
367,PT09M14.00S,2024-03-16T01:01:27.7Z,3,REGULAR,rebound,defensive,[],1628976,,,1610612753,53,59,2024-03-16T01:01:29Z,3660000,False,,,0,,W. Carter Jr. REBOUND (Off:2 Def:3),[1628976],1610612753.0,ORL,,,,Carter Jr.,W. Carter Jr.,,,,,Above the Break 3,24+ Left Center,,,,,,,366.0,5.0,3.0,2.0,,,,,,,,,,
368,PT09M08.00S,2024-03-16T01:01:33.9Z,3,REGULAR,2pt,Layup,"['pointsinthepaint', 'fastbreak']",1630532,89.43823915900131,43.627450980392155,1610612753,53,61,2024-03-16T01:01:45Z,3670000,False,-32.0,47.0,1,right,F. Wagner running finger roll Layup (17 PTS) (W. Carter Jr. 3 AST),"[1630532, 1628976]",1610612753.0,ORL,running finger roll,,,Wagner,F. Wagner,,,,,In The Paint (Non-RA),0-8 Center,5.66,Made,17.0,W. Carter Jr.,1628976.0,3.0,,,,,,,,,,,,,,
370,PT09M08.00S,2024-03-16T01:01:38.0Z,3,REGULAR,timeout,full,"['team', 'mandatory']",0,,,1610612761,53,61,2024-03-16T01:01:38Z,3690000,False,,,0,,TOR Timeout,[],1610612761.0,TOR,,,,,,,,,,,,,,,,,,,,,,,,,,,,,,,
371,PT09M08.00S,2024-03-16T01:01:38.9Z,3,REGULAR,substitution,out,[],1641711,,,1610612761,53,61,2024-03-16T01:04:25Z,3700000,False,,,0,,SUB out: G. Dick,[1641711],1610612761.0,TOR,,,,Dick,G. Dick,,,,,,,,,,,,,,,,,,,,,,,,,,
372,PT09M08.00S,2024-03-16T01:01:38.9Z,3,REGULAR,substitution,in,[],1629670,,,1610612761,53,61,2024-03-16T01:04:25Z,3710000,False,,,0,,SUB in: J. Nwora,[1629670],1610612761.0,TOR,,,,Nwora,J. Nwora,,,,,,,,,,,,,,,,,,,,,,,,,,
373,PT08M52.00S,2024-03-16T01:04:45.9Z,3,REGULAR,2pt,DUNK,['pointsinthepaint'],1630534,9.149145860709593,50.245098039215684,1610612761,53,61,2024-03-16T01:04:52Z,3720000,False,-1.0,34.0,1,left,MISS O. Agbaji alley-oop DUNK - blocked,"[1630534, 203914]",1610612761.0,TOR,alley-oop,,,Agbaji,O. Agbaji,,,,,Restricted Area,0-8 Center,3.35,Missed,,,,,,,,,,,,,,,,,Harris,203914.0
474,PT08M52.00S,2024-03-16T01:04:45.9Z,3,REGULAR,block,,[],203914,,,1610612761,53,61,2024-03-16T01:25:11Z,3725000,False,,,0,,G. Harris BLOCK (1 BLK),[203914],1610612753.0,ORL,,,,Harris,G. Harris,,,,,Restricted Area,0-8 Center,,,,,,,,,,,,,,,,,,,,
374,PT08M50.00S,2024-03-16T01:04:47.9Z,3,REGULAR,rebound,defensive,[],1628976,,,1610612753,53,61,2024-03-16T01:05:17Z,3730000,False,,,0,,W. Carter Jr. REBOUND (Off:2 Def:4),[1628976],1610612753.0,ORL,,,,Carter Jr.,W. Carter Jr.,,,,,Restricted Area,0-8 Center,,,,,,,373.0,6.0,4.0,2.0,,,,,,,,,,
375,PT08M48.00S,2024-03-16T01:04:50.2Z,3,REGULAR,2pt,DUNK,"['pointsinthepaint', 'fastbreak']",1630591,94.56307490144546,49.26470588235294,1610612753,53,63,2024-03-16T01:04:56Z,3740000,False,-4.0,-1.0,1,right,J. Suggs running alley-oop DUNK (7 PTS) (F. Wagner 2 AST),"[1630591, 1630532]",1610612753.0,ORL,running alley-oop,,,Suggs,J. Suggs,,,,,Restricted Area,0-8 Center,0.4,Made,7.0,F. Wagner,1630532.0,2.0,,,,,,,,,,,,,,
377,PT08M39.00S,2024-03-16T01:04:58.8Z,3,REGULAR,2pt,Jump Shot,['pointsinthepaint'],1630193,9.543363994743759,37.99019607843137,1610612761,55,63,2024-03-16T01:05:10Z,3760000,False,60.0,37.0,1,left,I. Quickley 7' driving floating bank Jump Shot (10 PTS),[1630193],1610612761.0,TOR,driving floating bank,,,Quickley,I. Quickley,,,,,In The Paint (Non-RA),0-8 Center,7.06,Made,10.0,,,,,,,,,,,,,,,,,
378,PT08M20.00S,2024-03-16T01:05:19.5Z,3,REGULAR,foul,personal,"['inpenalty', '2freethrow']",1630534,,,1610612753,55,63,2024-03-16T01:05:26Z,3770000,False,,,0,,O. Agbaji personal FOUL (2 PF) (Banchero 2 FT),"[1630534, 1631094]",1610612761.0,TOR,,,,Agbaji,O. Agbaji,,,,,Mid-Range,8-16 Right,,,,,,,,,,,,,,1629178.0,2.0,0.0,Banchero,1631094.0,,
380,PT08M20.00S,2024-03-16T01:06:00.4Z,3,REGULAR,freethrow,1 of 2,[],1631094,,,1610612753,55,64,2024-03-16T01:06:00Z,3790000,False,,,0,,P. Banchero Free Throw 1 of 2 (9 PTS),[1631094],1610612753.0,ORL,,,,Banchero,P. Banchero,,,,,,,,Made,9.0,,,,,,,,,,,,,,,,,
381,PT08M20.00S,2024-03-16T01:06:17.8Z,3,REGULAR,freethrow,2 of 2,[],1631094,,,1610612753,55,65,2024-03-16T01:06:17Z,3800000,False,,,0,,P. Banchero Free Throw 2 of 2 (10 PTS),[1631094],1610612753.0,ORL,,,,Banchero,P. Banchero,,,,,,,,Made,10.0,,,,,,,,,,,,,,,,,
382,PT08M04.00S,2024-03-16T01:06:34.4Z,3,REGULAR,2pt,Jump Shot,['pointsinthepaint'],1629018,14.668199737187912,38.72549019607843,1610612761,57,65,2024-03-16T01:06:41Z,3810000,False,56.0,85.0,1,left,G. Trent Jr. 10' turnaround Jump Shot (19 PTS),[1629018],1610612761.0,TOR,turnaround,,,Trent Jr.,G. Trent Jr.,,,,,In The Paint (Non-RA),8-16 Right,10.23,Made,19.0,,,,,,,,,,,,,,,,,
383,PT07M37.00S,2024-03-16T01:07:01.0Z,3,REGULAR,3pt,Jump Shot,[],1630591,95.22010512483574,4.411764705882353,1610612753,57,65,2024-03-16T01:07:11Z,3820000,False,-228.0,-8.0,1,right,MISS J. Suggs step back 3PT,[1630591],1610612753.0,ORL,step back,,,Suggs,J. Suggs,,,,,Left Corner 3,24+ Left,22.8,Missed,,,,,,,,,,,,,,,,,,
385,PT07M33.00S,2024-03-16T01:07:05.0Z,3,REGULAR,rebound,defensive,[],1629018,,,1610612761,57,65,2024-03-16T01:07:11Z,3840000,False,,,0,,G. Trent Jr. REBOUND (Off:0 Def:4),[1629018],1610612761.0,TOR,,,,Trent Jr.,G. Trent Jr.,,,,,Left Corner 3,24+ Left,,,,,,,383.0,4.0,4.0,0.0,,,,,,,,,,
386,PT07M18.00S,2024-03-16T01:07:20.3Z,3,REGULAR,2pt,Jump Shot,[],1629018,22.552562417871222,48.529411764705884,1610612761,59,65,2024-03-16T01:07:25Z,3850000,False,7.0,159.0,1,left,G. Trent Jr. 15' pullup Jump Shot (21 PTS),[1629018],1610612761.0,TOR,pullup,,,Trent Jr.,G. Trent Jr.,,,,,Mid-Range,8-16 Center,15.97,Made,21.0,,,,,,,,,,,,,,,,,
387,PT07M04.00S,2024-03-16T01:07:34.8Z,3,REGULAR,turnover,bad pass,[],1630532,,,1610612753,59,65,2024-03-16T01:07:38Z,3860000,False,,,0,,F. Wagner bad pass TURNOVER (2 TO),"[1630532, 1629007]",1610612753.0,ORL,,,,Wagner,F. Wagner,,,,,Mid-Range,16-24 Center,,,,,,,,,,,2.0,Porter,1629007.0,,,,,,,
388,PT07M04.00S,2024-03-16T01:07:34.8Z,3,REGULAR,steal,,[],1629007,,,1610612761,59,65,2024-03-16T01:07:36Z,3870000,False,,,0,,J. Porter STEAL (2 STL),[1629007],1610612761.0,TOR,,,,Porter,J. Porter,,,,,Mid-Range,16-24 Center,,,,,,,,,,,,,,,,,,,,
389,PT06M57.00S,2024-03-16T01:07:41.6Z,3,REGULAR,3pt,Jump Shot,"['fromturnover', 'fastbreak']",1630534,5.995400788436268,3.6764705882352944,1610612761,59,65,2024-03-16T01:07:47Z,3880000,False,232.0,4.0,1,left,MISS O. Agbaji running 3PT,[1630534],1610612761.0,TOR,running,,,Agbaji,O. Agbaji,,,,,Right Corner 3,24+ Right,23.16,Missed,,,,,,,,,,,,,,,,,,
390,PT06M53.00S,2024-03-16T01:07:45.6Z,3,REGULAR,rebound,defensive,[],1631094,,,1610612753,59,65,2024-03-16T01:07:47Z,3890000,False,,,0,,P. Banchero REBOUND (Off:1 Def:6),[1631094],1610612753.0,ORL,,,,Banchero,P. Banchero,,,,,Right Corner 3,24+ Right,,,,,,,389.0,7.0,6.0,1.0,,,,,,,,,,
391,PT06M41.00S,2024-03-16T01:07:57.2Z,3,REGULAR,2pt,Layup,['pointsinthepaint'],203914,92.9862023653088,53.67647058823529,1610612753,59,65,2024-03-16T01:08:03Z,3900000,False,18.0,13.0,1,right,MISS G. Harris reverse Layup,[203914],1610612753.0,ORL,reverse,,,Harris,G. Harris,,,,,Restricted Area,0-8 Center,2.28,Missed,,,,,,,,,,,,,,,,,,
392,PT06M39.00S,2024-03-16T01:07:59.2Z,3,REGULAR,rebound,defensive,[],1629670,,,1610612761,59,65,2024-03-16T01:08:03Z,3910000,False,,,0,,J. Nwora REBOUND (Off:0 Def:4),[1629670],1610612761.0,TOR,,,,Nwora,J. Nwora,,,,,Restricted Area,0-8 Center,,,,,,,391.0,4.0,4.0,0.0,,,,,,,,,,
393,PT06M31.00S,2024-03-16T01:08:07.3Z,3,REGULAR,3pt,Jump Shot,[],1629018,23.340998685939553,85.29411764705883,1610612761,59,65,2024-03-16T01:08:11Z,3920000,False,-176.0,167.0,1,left,MISS G. Trent Jr. 24' 3PT,[1629018],1610612761.0,TOR,,,,Trent Jr.,G. Trent Jr.,,,,,Above the Break 3,24+ Left Center,24.29,Missed,,,,,,,,,,,,,,,,,,
394,PT06M28.00S,2024-03-16T01:08:10.3Z,3,REGULAR,rebound,defensive,[],1628976,,,1610612753,59,65,2024-03-16T01:08:11Z,3930000,False,,,0,,W. Carter Jr. REBOUND (Off:2 Def:5),[1628976],1610612753.0,ORL,,,,Carter Jr.,W. Carter Jr.,,,,,Above the Break 3,24+ Left Center,,,,,,,393.0,7.0,5.0,2.0,,,,,,,,,,
395,PT06M07.00S,2024-03-16T01:08:31.6Z,3,REGULAR,turnover,bad pass,[],1630532,,,1610612753,59,65,2024-03-16T01:08:35Z,3940000,False,,,0,,F. Wagner bad pass TURNOVER (3 TO),"[1630532, 1629670]",1610612753.0,ORL,,,,Wagner,F. Wagner,,,,,In The Paint (Non-RA),0-8 Center,,,,,,,,,,,3.0,Nwora,1629670.0,,,,,,,
396,PT06M07.00S,2024-03-16T01:08:31.6Z,3,REGULAR,steal,,[],1629670,,,1610612761,59,65,2024-03-16T01:08:33Z,3950000,False,,,0,,J. Nwora STEAL (1 STL),[1629670],1610612761.0,TOR,,,,Nwora,J. Nwora,,,,,In The Paint (Non-RA),0-8 Center,,,,,,,,,,,,,,,,,,,,
397,PT06M03.00S,2024-03-16T01:08:36.2Z,3,REGULAR,2pt,DUNK,"['pointsinthepaint', 'fromturnover', 'fastbreak']",1630534,6.258212877792378,49.26470588235294,1610612761,61,65,2024-03-16T01:08:41Z,3960000,False,4.0,6.0,1,left,O. Agbaji running DUNK (6 PTS),[1630534],1610612761.0,TOR,running,,,Agbaji,O. Agbaji,,,,,Restricted Area,0-8 Center,0.73,Made,6.0,,,,,,,,,,,,,,,,,
398,PT06M02.00S,2024-03-16T01:08:43.3Z,3,REGULAR,timeout,full,"['team', 'mandatory']",0,,,1610612753,61,65,2024-03-16T01:08:43Z,3970000,False,,,0,,ORL Timeout,[],1610612753.0,ORL,,,,,,,,,,,,,,,,,,,,,,,,,,,,,,,
399,PT06M02.00S,2024-03-16T01:09:52.1Z,3,REGULAR,substitution,out,[],1630193,,,1610612753,61,65,2024-03-16T01:11:18Z,3980000,False,,,0,,SUB out: I. Quickley,[1630193],1610612761.0,TOR,,,,Quickley,I. Quickley,,,,,,,,,,,,,,,,,,,,,,,,,,
400,PT06M02.00S,2024-03-16T01:09:52.1Z,3,REGULAR,substitution,out,[],1630532,,,1610612753,61,65,2024-03-16T01:11:18Z,3990000,False,,,0,,SUB out: F. Wagner,[1630532],1610612753.0,ORL,,,,Wagner,F. Wagner,,,,,,,,,,,,,,,,,,,,,,,,,,
401,PT06M02.00S,2024-03-16T01:09:52.1Z,3,REGULAR,substitution,in,[],1628971,,,1610612753,61,65,2024-03-16T01:11:18Z,4000000,False,,,0,,SUB in: B. Brown,[1628971],1610612761.0,TOR,,,,Brown,B. Brown,,,,,,,,,,,,,,,,,,,,,,,,,,
402,PT06M02.00S,2024-03-16T01:09:52.1Z,3,REGULAR,substitution,in,[],1628365,,,1610612753,61,65,2024-03-16T01:11:18Z,4010000,False,,,0,,SUB in: M. Fultz,[1628365],1610612753.0,ORL,,,,Fultz,M. Fultz,,,,,,,,,,,,,,,,,,,,,,,,,,
403,PT05M40.00S,2024-03-16T01:12:01.8Z,3,REGULAR,2pt,Jump Shot,['pointsinthepaint'],1628365,82.9993429697766,45.83333333333333,1610612753,61,67,2024-03-16T01:12:07Z,4020000,False,-21.0,107.0,1,right,M. Fultz 10' fadeaway Jump Shot (2 PTS),[1628365],1610612753.0,ORL,fadeaway,,,Fultz,M. Fultz,,,,,In The Paint (Non-RA),8-16 Center,10.93,Made,2.0,,,,,,,,,,,,,,,,,
404,PT05M24.00S,2024-03-16T01:12:22.3Z,3,REGULAR,foul,personal,[],203914,,,1610612761,61,67,2024-03-16T01:12:29Z,4030000,False,,,0,,G. Harris personal FOUL (3 PF),"[203914, 1629670]",1610612753.0,ORL,,,,Harris,G. Harris,,,,,In The Paint (Non-RA),0-8 Center,,,,,,,,,,,,,,1629178.0,3.0,0.0,Nwora,1629670.0,,
406,PT05M14.00S,2024-03-16T01:12:49.2Z,3,REGULAR,2pt,Layup,['pointsinthepaint'],1629670,9.149145860709593,44.11764705882353,1610612761,63,67,2024-03-16T01:15:10Z,4050000,False,29.0,34.0,1,left,J. Nwora cutting Layup (8 PTS) (J. Porter 2 AST),"[1629670, 1629007]",1610612761.0,TOR,cutting,,,Nwora,J. Nwora,,,,,In The Paint (Non-RA),0-8 Center,4.46,Made,8.0,J. Porter,1629007.0,2.0,,,,,,,,,,,,,,
408,PT05M01.00S,2024-03-16T01:13:02.7Z,3,REGULAR,2pt,Jump Shot,['pointsinthepaint'],1631094,86.5473061760841,45.83333333333333,1610612753,63,67,2024-03-16T01:13:11Z,4070000,False,-21.0,74.0,1,right,MISS P. Banchero 7' driving floating Shot,[1631094],1610612753.0,ORL,driving floating,,,Banchero,P. Banchero,,,,,In The Paint (Non-RA),0-8 Center,7.69,Missed,,,,,,,,,,,,,,,,,,
409,PT04M57.00S,2024-03-16T01:13:06.7Z,3,REGULAR,rebound,offensive,[],1631094,,,1610612753,63,67,2024-03-16T01:13:11Z,4080000,False,,,0,,P. Banchero REBOUND (Off:2 Def:6),[1631094],1610612753.0,ORL,,,,Banchero,P. Banchero,,,,,In The Paint (Non-RA),0-8 Center,,,,,,,408.0,8.0,6.0,2.0,,,,,,,,,,
410,PT04M57.00S,2024-03-16T01:13:05.8Z,3,REGULAR,2pt,DUNK,"['2ndchance', 'pointsinthepaint']",1631094,94.40999984741211,50.0,1610612753,63,67,2024-03-16T01:33:22Z,4090000,False,0.0,0.0,1,right,MISS P. Banchero tip DUNK - blocked,"[1631094, 1629007]",1610612753.0,ORL,tip,,,Banchero,P. Banchero,,,,,Restricted Area,0-8 Center,0.0,Missed,,,,,,,,,,,,,,,,,Porter,1629007.0
495,PT04M57.00S,2024-03-16T01:13:05.8Z,3,REGULAR,block,,[],1629007,,,1610612753,63,67,2024-03-16T01:33:22Z,4095000,False,,,0,,J. Porter BLOCK (2 BLK),[1629007],1610612761.0,TOR,,,,Porter,J. Porter,,,,,Restricted Area,0-8 Center,,,,,,,,,,,,,,,,,,,,
411,PT04M56.00S,2024-03-16T01:13:06.8Z,3,REGULAR,rebound,defensive,[],1628971,,,1610612761,63,67,2024-03-16T01:13:06Z,4100000,False,,,0,,B. Brown REBOUND (Off:0 Def:3),[1628971],1610612761.0,TOR,,,,Brown,B. Brown,,,,,Mid-Range,8-16 Left,,,,,,,410.0,3.0,3.0,0.0,,,,,,,,,,
412,PT04M54.00S,2024-03-16T01:13:09.2Z,3,REGULAR,3pt,Jump Shot,['fastbreak'],1629670,7.046649145860711,2.941176470588235,1610612761,66,67,2024-03-16T01:13:16Z,4110000,False,235.0,14.0,1,left,J. Nwora 3PT running (11 PTS) (B. Brown 3 AST),"[1629670, 1628971]",1610612761.0,TOR,running,,,Nwora,J. Nwora,,,,,Right Corner 3,24+ Right,23.57,Made,11.0,B. Brown,1628971.0,3.0,,,,,,,,,,,,,,
414,PT04M34.00S,2024-03-16T01:13:29.3Z,3,REGULAR,3pt,Jump Shot,[],1628976,72.48685939553219,17.647058823529413,1610612753,66,67,2024-03-16T01:13:36Z,4130000,False,-162.0,206.0,1,right,MISS W. Carter Jr. 26' 3PT,[1628976],1610612753.0,ORL,,,,Carter Jr.,W. Carter Jr.,,,,,Above the Break 3,24+ Left Center,26.2,Missed,,,,,,,,,,,,,,,,,,
415,PT04M29.00S,2024-03-16T01:13:34.3Z,3,REGULAR,rebound,defensive,[],1629670,,,1610612761,66,67,2024-03-16T01:13:36Z,4140000,False,,,0,,J. Nwora REBOUND (Off:0 Def:5),[1629670],1610612761.0,TOR,,,,Nwora,J. Nwora,,,,,Above the Break 3,24+ Left Center,,,,,,,414.0,5.0,5.0,0.0,,,,,,,,,,
416,PT04M26.00S,2024-03-16T01:13:37.4Z,3,REGULAR,3pt,Jump Shot,['fastbreak'],1629670,31.35676741130092,67.40196078431373,1610612761,69,67,2024-03-16T01:13:55Z,4150000,False,-87.0,242.0,1,left,J. Nwora 25' 3PT running pullup (14 PTS),[1629670],1610612761.0,TOR,running pullup,,,Nwora,J. Nwora,,,,,Above the Break 3,24+ Left Center,25.74,Made,14.0,,,,,,,,,,,,,,,,,
417,PT04M06.00S,2024-03-16T01:13:56.7Z,3,REGULAR,3pt,Jump Shot,[],1631094,70.77858081471747,20.588235294117645,1610612753,69,70,2024-03-16T01:14:01Z,4160000,False,-147.0,222.0,1,right,P. Banchero 26' 3PT pullup (13 PTS),[1631094],1610612753.0,ORL,pullup,,,Banchero,P. Banchero,,,,,Above the Break 3,24+ Left Center,26.65,Made,13.0,,,,,,,,,,,,,,,,,
419,PT03M47.00S,2024-03-16T01:14:15.6Z,3,REGULAR,3pt,Jump Shot,[],1629670,26.888961892247043,82.1078431372549,1610612761,69,70,2024-03-16T01:14:21Z,4180000,False,-161.0,200.0,1,left,MISS J. Nwora 25' pullup 3PT,[1629670],1610612761.0,TOR,pullup,,,Nwora,J. Nwora,,,,,Above the Break 3,24+ Left Center,25.67,Missed,,,,,,,,,,,,,,,,,,
420,PT03M47.00S,2024-03-16T01:14:15.6Z,3,REGULAR,rebound,defensive,['team'],0,,,1610612753,69,70,2024-03-16T01:14:21Z,4190000,False,,,0,,TEAM defensive REBOUND,[],1610612753.0,ORL,,,,,,,,,,Above the Break 3,24+ Left Center,,,,,,,419.0,,,,,,,,,,,,,
422,PT03M47.00S,2024-03-16T01:14:21.1Z,3,REGULAR,substitution,out,[],1628976,,,1610612753,69,70,2024-03-16T01:14:25Z,4210000,False,,,0,,SUB out: W. Carter Jr.,[1628976],1610612753.0,ORL,,,,Carter Jr.,W. Carter Jr.,,,,,,,,,,,,,,,,,,,,,,,,,,
423,PT03M47.00S,2024-03-16T01:14:21.1Z,3,REGULAR,substitution,in,[],1628371,,,1610612753,69,70,2024-03-16T01:14:25Z,4220000,False,,,0,,SUB in: J. Isaac,[1628371],1610612753.0,ORL,,,,Isaac,J. Isaac,,,,,,,,,,,,,,,,,,,,,,,,,,
424,PT03M31.00S,2024-03-16T01:14:45.9Z,3,REGULAR,3pt,Jump Shot,[],1630591,95.0886990801577,95.09803921568627,1610612753,69,73,2024-03-16T01:14:51Z,4230000,False,225.0,-6.0,1,right,J. Suggs 3PT  (10 PTS) (P. Banchero 5 AST),"[1630591, 1631094]",1610612753.0,ORL,,,,Suggs,J. Suggs,,,,,Right Corner 3,24+ Right,22.56,Made,10.0,P. Banchero,1631094.0,5.0,,,,,,,,,,,,,,
426,PT03M14.00S,2024-03-16T01:15:07.2Z,3,REGULAR,foul,offensive,['inpenalty'],1630534,,,1610612761,69,73,2024-03-16T01:16:22Z,4250000,False,,,0,,O. Agbaji charge offensive FOUL (3 PF),"[1630534, 1630591]",1610612761.0,TOR,charge,,,Agbaji,O. Agbaji,,,,,In The Paint (Non-RA),0-8 Center,,,,,,,,,,,,,,202007.0,3.0,0.0,Suggs,1630591.0,,
428,PT03M14.00S,2024-03-16T01:15:07.2Z,3,REGULAR,turnover,offensive foul,[],1630534,,,1610612761,69,73,2024-03-16T01:15:07Z,4270000,False,,,0,,O. Agbaji offensive foul TURNOVER (2 TO),[1630534],1610612761.0,TOR,,,,Agbaji,O. Agbaji,,,,,In The Paint (Non-RA),0-8 Center,,,,,,,,,,,2.0,,,202007.0,,,,,,
429,PT03M14.00S,2024-03-16T01:15:17.7Z,3,REGULAR,substitution,out,[],1629018,,,1610612753,69,73,2024-03-16T01:15:27Z,4280000,False,,,0,,SUB out: G. Trent Jr.,[1629018],1610612761.0,TOR,,,,Trent Jr.,G. Trent Jr.,,,,,,,,,,,,,,,,,,,,,,,,,,
430,PT03M14.00S,2024-03-16T01:15:17.7Z,3,REGULAR,substitution,in,[],1630193,,,1610612753,69,73,2024-03-16T01:15:27Z,4290000,False,,,0,,SUB in: I. Quickley,[1630193],1610612761.0,TOR,,,,Quickley,I. Quickley,,,,,,,,,,,,,,,,,,,,,,,,,,
431,PT03M00.00S,2024-03-16T01:15:44.7Z,3,REGULAR,foul,personal,"['inpenalty', '2freethrow']",1630534,,,1610612753,69,73,2024-03-16T01:15:53Z,4300000,False,,,0,,O. Agbaji personal FOUL (4 PF) (Banchero 2 FT),"[1630534, 1631094]",1610612761.0,TOR,,,,Agbaji,O. Agbaji,,,,,Mid-Range,8-16 Left,,,,,,,,,,,,,,2004.0,4.0,0.0,Banchero,1631094.0,,
433,PT03M00.00S,2024-03-16T01:16:17.2Z,3,REGULAR,freethrow,1 of 2,['fromturnover'],1631094,,,1610612753,69,74,2024-03-16T01:16:17Z,4320000,False,,,0,,P. Banchero Free Throw 1 of 2 (14 PTS),[1631094],1610612753.0,ORL,,,,Banchero,P. Banchero,,,,,,,,Made,14.0,,,,,,,,,,,,,,,,,
434,PT03M00.00S,2024-03-16T01:16:18.5Z,3,REGULAR,substitution,out,[],1630534,,,1610612753,69,74,2024-03-16T01:16:25Z,4330000,False,,,0,,SUB out: O. Agbaji,[1630534],1610612761.0,TOR,,,,Agbaji,O. Agbaji,,,,,,,,,,,,,,,,,,,,,,,,,,
435,PT03M00.00S,2024-03-16T01:16:18.5Z,3,REGULAR,substitution,out,[],203914,,,1610612753,69,74,2024-03-16T01:16:25Z,4340000,False,,,0,,SUB out: G. Harris,[203914],1610612753.0,ORL,,,,Harris,G. Harris,,,,,,,,,,,,,,,,,,,,,,,,,,
436,PT03M00.00S,2024-03-16T01:16:18.5Z,3,REGULAR,substitution,in,[],1641711,,,1610612753,69,74,2024-03-16T01:16:25Z,4350000,False,,,0,,SUB in: G. Dick,[1641711],1610612761.0,TOR,,,,Dick,G. Dick,,,,,,,,,,,,,,,,,,,,,,,,,,
437,PT03M00.00S,2024-03-16T01:16:18.5Z,3,REGULAR,substitution,in,[],204060,,,1610612753,69,74,2024-03-16T01:16:25Z,4360000,False,,,0,,SUB in: J. Ingles,[204060],1610612753.0,ORL,,,,Ingles,J. Ingles,,,,,,,,,,,,,,,,,,,,,,,,,,
438,PT03M00.00S,2024-03-16T01:16:42.0Z,3,REGULAR,freethrow,2 of 2,['fromturnover'],1631094,,,1610612753,69,75,2024-03-16T01:16:42Z,4370000,False,,,0,,P. Banchero Free Throw 2 of 2 (15 PTS),[1631094],1610612753.0,ORL,,,,Banchero,P. Banchero,,,,,,,,Made,15.0,,,,,,,,,,,,,,,,,
439,PT02M41.00S,2024-03-16T01:17:01.9Z,3,REGULAR,turnover,bad pass,[],1629670,,,1610612761,69,75,2024-03-16T01:18:57Z,4380000,False,,,0,,J. Nwora bad pass TURNOVER (3 TO),"[1629670, 1630591]",1610612761.0,TOR,,,,Nwora,J. Nwora,,,,,Mid-Range,8-16 Center,,,,,,,,,,,3.0,Suggs,1630591.0,,,,,,,
440,PT02M41.00S,2024-03-16T01:17:01.9Z,3,REGULAR,steal,,[],1630591,,,1610612753,69,75,2024-03-16T01:17:04Z,4390000,False,,,0,,J. Suggs STEAL (3 STL),[1630591],1610612753.0,ORL,,,,Suggs,J. Suggs,,,,,Mid-Range,8-16 Center,,,,,,,,,,,,,,,,,,,,
441,PT02M34.00S,2024-03-16T01:17:09.0Z,3,REGULAR,turnover,lost ball,[],1631094,,,1610612753,69,75,2024-03-16T01:17:13Z,4400000,False,,,0,,P. Banchero lost ball TURNOVER (4 TO),"[1631094, 1629670]",1610612753.0,ORL,,,,Banchero,P. Banchero,,,,,Above the Break 3,24+ Right Center,,,,,,,,,,,4.0,Nwora,1629670.0,,,,,,,
442,PT02M34.00S,2024-03-16T01:17:09.0Z,3,REGULAR,steal,,[],1629670,,,1610612761,69,75,2024-03-16T01:37:03Z,4410000,False,,,0,,J. Nwora STEAL (2 STL),[1629670],1610612761.0,TOR,,,,Nwora,J. Nwora,,,,,Above the Break 3,24+ Right Center,,,,,,,,,,,,,,,,,,,,
443,PT02M32.00S,2024-03-16T01:17:15.0Z,3,REGULAR,turnover,out-of-bounds,[],1629670,,,1610612761,69,75,2024-03-16T01:17:22Z,4420000,False,,,0,,J. Nwora bad pass out-of-bounds TURNOVER (4 TO),[1629670],1610612761.0,TOR,bad pass,,,Nwora,J. Nwora,,,,,Mid-Range,16-24 Center,,,,,,,,,,,4.0,,,202007.0,,,,,,
444,PT02M22.00S,2024-03-16T01:17:51.9Z,3,REGULAR,2pt,DUNK,"['pointsinthepaint', 'fromturnover']",1631094,93.51182654402102,49.754901960784316,1610612753,69,77,2024-03-16T01:17:58Z,4430000,False,-1.0,8.0,1,right,P. Banchero driving DUNK (17 PTS) (J. Ingles 2 AST),"[1631094, 204060]",1610612753.0,ORL,driving,,,Banchero,P. Banchero,,,,,Restricted Area,0-8 Center,0.86,Made,17.0,J. Ingles,204060.0,2.0,,,,,,,,,,,,,,
446,PT02M07.00S,2024-03-16T01:18:07.3Z,3,REGULAR,2pt,Jump Shot,[],1641711,6.1268068331143235,28.186274509803923,1610612761,69,77,2024-03-16T01:28:56Z,4450000,False,109.0,5.0,1,left,MISS G. Dick 10' floating Shot,[1641711],1610612761.0,TOR,floating,,,Dick,G. Dick,,,,,Mid-Range,8-16 Right,10.92,Missed,,,,,,,,,,,,,,,,,,
447,PT02M05.00S,2024-03-16T01:18:09.3Z,3,REGULAR,rebound,defensive,[],1631094,,,1610612753,69,77,2024-03-16T01:18:12Z,4460000,False,,,0,,P. Banchero REBOUND (Off:2 Def:7),[1631094],1610612753.0,ORL,,,,Banchero,P. Banchero,,,,,Mid-Range,8-16 Right,,,,,,,446.0,9.0,7.0,2.0,,,,,,,,,,
448,PT01M55.00S,2024-03-16T01:18:20.0Z,3,REGULAR,2pt,Layup,['pointsinthepaint'],1628365,94.1688567674113,48.03921568627451,1610612753,69,79,2024-03-16T01:18:25Z,4470000,False,-10.0,2.0,1,right,M. Fultz reverse Layup (4 PTS) (P. Banchero 6 AST),"[1628365, 1631094]",1610612753.0,ORL,reverse,,,Fultz,M. Fultz,,,,,Restricted Area,0-8 Center,1.01,Made,4.0,P. Banchero,1631094.0,6.0,,,,,,,,,,,,,,
450,PT01M55.00S,2024-03-16T01:18:24.6Z,3,REGULAR,timeout,full,['team'],0,,,1610612761,69,79,2024-03-16T01:18:24Z,4490000,False,,,0,,TOR Timeout,[],1610612761.0,TOR,,,,,,,,,,,,,,,,,,,,,,,,,,,,,,,
451,PT01M55.00S,2024-03-16T01:18:28.5Z,3,REGULAR,substitution,out,[],1629670,,,1610612761,69,79,2024-03-16T01:19:45Z,4500000,False,,,0,,SUB out: J. Nwora,[1629670],1610612761.0,TOR,,,,Nwora,J. Nwora,,,,,,,,,,,,,,,,,,,,,,,,,,
452,PT01M55.00S,2024-03-16T01:18:28.5Z,3,REGULAR,substitution,out,[],1630591,,,1610612761,69,79,2024-03-16T01:19:45Z,4510000,False,,,0,,SUB out: J. Suggs,[1630591],1610612753.0,ORL,,,,Suggs,J. Suggs,,,,,,,,,,,,,,,,,,,,,,,,,,
453,PT01M55.00S,2024-03-16T01:18:28.5Z,3,REGULAR,substitution,in,[],1630186,,,1610612761,69,79,2024-03-16T01:19:45Z,4520000,False,,,0,,SUB in: J. Ramsey,[1630186],1610612761.0,TOR,,,,Ramsey,J. Ramsey,,,,,,,,,,,,,,,,,,,,,,,,,,
454,PT01M55.00S,2024-03-16T01:18:28.5Z,3,REGULAR,substitution,in,[],1630175,,,1610612761,69,79,2024-03-16T01:19:45Z,4530000,False,,,0,,SUB in: C. Anthony,[1630175],1610612753.0,ORL,,,,Anthony,C. Anthony,,,,,,,,,,,,,,,,,,,,,,,,,,
455,PT01M39.00S,2024-03-16T01:20:05.0Z,3,REGULAR,3pt,Jump Shot,[],1641711,24.917871222076215,11.27450980392157,1610612761,69,79,2024-03-16T01:20:11Z,4540000,False,194.0,182.0,1,left,MISS G. Dick 26' 3PT,[1641711],1610612761.0,TOR,,,,Dick,G. Dick,,,,,Above the Break 3,24+ Right Center,26.55,Missed,,,,,,,,,,,,,,,,,,
456,PT01M36.00S,2024-03-16T01:20:08.0Z,3,REGULAR,rebound,defensive,[],1630175,,,1610612753,69,79,2024-03-16T01:20:11Z,4550000,False,,,0,,C. Anthony REBOUND (Off:0 Def:2),[1630175],1610612753.0,ORL,,,,Anthony,C. Anthony,,,,,Above the Break 3,24+ Right Center,,,,,,,455.0,2.0,2.0,0.0,,,,,,,,,,
457,PT01M19.00S,2024-03-16T01:20:31.2Z,3,REGULAR,foul,personal,"['inpenalty', '2freethrow']",1630193,,,1610612753,69,79,2024-03-16T01:20:44Z,4560000,False,,,0,,I. Quickley personal FOUL (2 PF) (Anthony 2 FT),"[1630193, 1630175]",1610612761.0,TOR,,,,Quickley,I. Quickley,,,,,Mid-Range,16-24 Right Center,,,,,,,,,,,,,,2004.0,2.0,0.0,Anthony,1630175.0,,
459,PT01M19.00S,2024-03-16T01:20:56.2Z,3,REGULAR,freethrow,1 of 2,[],1630175,,,1610612753,69,80,2024-03-16T01:20:56Z,4580000,False,,,0,,C. Anthony Free Throw 1 of 2 (8 PTS),[1630175],1610612753.0,ORL,,,,Anthony,C. Anthony,,,,,,,,Made,8.0,,,,,,,,,,,,,,,,,
460,PT01M19.00S,2024-03-16T01:21:10.2Z,3,REGULAR,freethrow,2 of 2,[],1630175,,,1610612753,69,81,2024-03-16T01:21:10Z,4590000,False,,,0,,C. Anthony Free Throw 2 of 2 (9 PTS),[1630175],1610612753.0,ORL,,,,Anthony,C. Anthony,,,,,,,,Made,9.0,,,,,,,,,,,,,,,,,
461,PT00M57.70S,2024-03-16T01:21:33.0Z,3,REGULAR,2pt,Jump Shot,[],1628971,6.915243101182654,89.95098039215686,1610612761,71,81,2024-03-16T01:21:46Z,4600000,False,-200.0,13.0,1,left,B. Brown 20' Jump Shot (5 PTS) (J. Porter 3 AST),"[1628971, 1629007]",1610612761.0,TOR,,,,Brown,B. Brown,,,,,Mid-Range,16-24 Left,20.02,Made,5.0,J. Porter,1629007.0,3.0,,,,,,,,,,,,,,
463,PT00M44.90S,2024-03-16T01:21:49.8Z,3,REGULAR,3pt,Jump Shot,[],204060,71.82982917214193,20.34313725490196,1610612753,71,84,2024-03-16T01:21:55Z,4620000,False,-148.0,212.0,1,right,J. Ingles 25' 3PT  (5 PTS) (P. Banchero 7 AST),"[204060, 1631094]",1610612753.0,ORL,,,,Ingles,J. Ingles,,,,,Above the Break 3,24+ Left Center,25.9,Made,5.0,P. Banchero,1631094.0,7.0,,,,,,,,,,,,,,
465,PT00M35.50S,2024-03-16T01:22:03.1Z,3,REGULAR,3pt,Jump Shot,[],1628971,25.443495400788436,14.950980392156863,1610612761,71,84,2024-03-16T01:22:07Z,4640000,False,175.0,187.0,1,left,MISS B. Brown 25' pullup 3PT,[1628971],1610612761.0,TOR,pullup,,,Brown,B. Brown,,,,,Above the Break 3,24+ Right Center,25.6,Missed,,,,,,,,,,,,,,,,,,
466,PT00M32.70S,2024-03-16T01:22:05.9Z,3,REGULAR,rebound,defensive,[],204060,,,1610612753,71,84,2024-03-16T01:22:07Z,4650000,False,,,0,,J. Ingles REBOUND (Off:0 Def:1),[204060],1610612753.0,ORL,,,,Ingles,J. Ingles,,,,,Above the Break 3,24+ Right Center,,,,,,,465.0,1.0,1.0,0.0,,,,,,,,,,
467,PT00M14.10S,2024-03-16T01:22:24.5Z,3,REGULAR,turnover,bad pass,[],1631094,,,1610612753,71,84,2024-03-16T01:22:29Z,4660000,False,,,0,,P. Banchero bad pass TURNOVER (5 TO),"[1631094, 1629007]",1610612753.0,ORL,,,,Banchero,P. Banchero,,,,,Mid-Range,16-24 Center,,,,,,,,,,,5.0,Porter,1629007.0,,,,,,,
468,PT00M14.10S,2024-03-16T01:22:24.5Z,3,REGULAR,steal,,[],1629007,,,1610612761,71,84,2024-03-16T01:22:26Z,4670000,False,,,0,,J. Porter STEAL (3 STL),[1629007],1610612761.0,TOR,,,,Porter,J. Porter,,,,,Mid-Range,16-24 Center,,,,,,,,,,,,,,,,,,,,
469,PT00M11.00S,2024-03-16T01:22:28.7Z,3,REGULAR,2pt,Layup,"['pointsinthepaint', 'fromturnover', 'fastbreak', 'defensivegoaltending']",1641711,5.995400788436268,47.30392156862745,1610612761,73,84,2024-03-16T01:22:43Z,4680000,False,13.0,4.0,1,left,G. Dick running Layup (6 PTS) (J. Porter 4 AST),"[1641711, 1629007]",1610612761.0,TOR,running,,,Dick,G. Dick,,,,,Restricted Area,0-8 Center,1.41,Made,6.0,J. Porter,1629007.0,4.0,,,,,,,,,,,,,,
471,PT00M11.00S,2024-03-16T01:22:34.1Z,3,REGULAR,violation,defensive goaltending,[],1628371,,,1610612761,73,84,2024-03-16T01:22:43Z,4700000,False,,,0,,J. Isaac defensive goaltending VIOLATION,[1628371],1610612753.0,ORL,,,,Isaac,J. Isaac,,,,,,,,,,,,,,,,,,,,1629178.0,,,,,,
472,PT00M11.00S,2024-03-16T01:22:51.4Z,3,REGULAR,timeout,full,['team'],0,,,1610612753,73,84,2024-03-16T01:22:51Z,4710000,False,,,0,,ORL Timeout,[],1610612753.0,ORL,,,,,,,,,,,,,,,,,,,,,,,,,,,,,,,
475,PT00M00.30S,2024-03-16T01:26:56.8Z,3,REGULAR,3pt,Jump Shot,[],1630175,63.15703022339028,60.5392156862745,1610612753,73,84,2024-03-16T01:27:08Z,4730000,False,53.0,294.0,1,right,MISS C. Anthony 29' pullup 3PT,[1630175],1610612753.0,ORL,pullup,,,Anthony,C. Anthony,,,,,Above the Break 3,24+ Center,29.85,Missed,,,,,,,,,,,,,,,,,,
476,PT00M00.10S,2024-03-16T01:26:57.0Z,3,REGULAR,rebound,offensive,['team'],0,,,1610612753,73,84,2024-03-16T01:27:08Z,4740000,False,,,0,,TEAM offensive REBOUND,[],1610612753.0,ORL,,,,,,,,,,Above the Break 3,24+ Center,,,,,,,475.0,,,,,,,,,,,,,
477,PT00M00.00S,2024-03-16T01:27:01.2Z,3,REGULAR,period,end,[],0,,,1610612753,73,84,2024-03-16T01:27:01Z,4750000,False,,,0,,Period End,[],,,,,,,,,,,,,,,,,,,,,,,,,,,,,,,,,
478,PT12M00.00S,2024-03-16T01:28:11.4Z,4,REGULAR,substitution,out,['startperiod'],1631094,,,1610612753,73,84,2024-03-16T01:29:21Z,4760000,False,,,0,,SUB out: P. Banchero,[1631094],1610612753.0,ORL,,,,Banchero,P. Banchero,,,,,,,,,,,,,,,,,,,,,,,,,,
479,PT12M00.00S,2024-03-16T01:28:11.4Z,4,REGULAR,substitution,in,['startperiod'],1629021,,,1610612753,73,84,2024-03-16T01:29:21Z,4770000,False,,,0,,SUB in: M. Wagner,[1629021],1610612753.0,ORL,,,,Wagner,M. Wagner,,,,,,,,,,,,,,,,,,,,,,,,,,
480,PT12M00.00S,2024-03-16T01:29:38.0Z,4,REGULAR,period,start,[],0,,,1610612753,73,84,2024-03-16T01:29:38Z,4780000,False,,,0,,Period Start,[],,,,,,,,,,,,,,,,,,,,,,,,,,,,,,,,,
481,PT11M51.00S,2024-03-16T01:29:49.3Z,4,REGULAR,foul,personal,[],1630186,,,1610612753,73,84,2024-03-16T01:30:02Z,4790000,False,,,0,,J. Ramsey personal FOUL (2 PF),"[1630186, 1630175]",1610612761.0,TOR,,,,Ramsey,J. Ramsey,,,,,Above the Break 3,24+ Center,,,,,,,,,,,,,,1629178.0,2.0,0.0,Anthony,1630175.0,,
483,PT11M44.00S,2024-03-16T01:30:12.0Z,4,REGULAR,3pt,Jump Shot,[],1629021,95.22010512483574,95.34313725490196,1610612753,73,87,2024-03-16T01:30:16Z,4810000,False,227.0,-8.0,1,right,M. Wagner 3PT  (5 PTS) (M. Fultz 2 AST),"[1629021, 1628365]",1610612753.0,ORL,,,,Wagner,M. Wagner,,,,,Right Corner 3,24+ Right,22.68,Made,5.0,M. Fultz,1628365.0,2.0,,,,,,,,,,,,,,
485,PT11M32.00S,2024-03-16T01:30:27.0Z,4,REGULAR,foul,offensive,[],1628971,,,1610612761,73,87,2024-03-16T01:30:34Z,4830000,False,,,0,,B. Brown off-the-ball offensive FOUL (2 PF),"[1628971, 1628365]",1610612761.0,TOR,off-the-ball,,,Brown,B. Brown,,,,,Above the Break 3,24+ Center,,,,,,,,,,,,,,2004.0,2.0,0.0,Fultz,1628365.0,,
487,PT11M32.00S,2024-03-16T01:30:27.0Z,4,REGULAR,turnover,offensive foul,[],1628971,,,1610612761,73,87,2024-03-16T01:30:27Z,4850000,False,,,0,,B. Brown offensive foul TURNOVER (2 TO),[1628971],1610612761.0,TOR,,,,Brown,B. Brown,,,,,Above the Break 3,24+ Center,,,,,,,,,,,2.0,,,2004.0,,,,,,
488,PT11M20.00S,2024-03-16T01:30:50.0Z,4,REGULAR,2pt,Layup,"['pointsinthepaint', 'fromturnover']",1628365,90.3580814717477,57.84313725490197,1610612753,73,89,2024-03-16T01:37:37Z,4860000,False,39.0,38.0,1,right,M. Fultz driving Layup (6 PTS) (J. Ingles 3 AST),"[1628365, 204060]",1610612753.0,ORL,driving,,,Fultz,M. Fultz,,,,,In The Paint (Non-RA),0-8 Center,5.47,Made,6.0,J. Ingles,204060.0,3.0,,,,,,,,,,,,,,
490,PT11M10.00S,2024-03-16T01:30:59.7Z,4,REGULAR,2pt,DUNK,['pointsinthepaint'],1630186,6.389618922470433,49.01960784313725,1610612761,75,89,2024-03-16T01:31:04Z,4880000,False,5.0,8.0,1,left,J. Ramsey cutting DUNK (9 PTS) (I. Quickley 9 AST),"[1630186, 1630193]",1610612761.0,TOR,cutting,,,Ramsey,J. Ramsey,,,,,Restricted Area,0-8 Center,0.9,Made,9.0,I. Quickley,1630193.0,9.0,,,,,,,,,,,,,,
492,PT10M56.00S,2024-03-16T01:31:14.6Z,4,REGULAR,2pt,Layup,['pointsinthepaint'],1628371,92.9862023653088,43.38235294117647,1610612753,75,91,2024-03-16T01:33:05Z,4900000,False,-33.0,13.0,1,right,J. Isaac cutting finger roll Layup (8 PTS) (J. Ingles 4 AST),"[1628371, 204060]",1610612753.0,ORL,cutting finger roll,,,Isaac,J. Isaac,,,,,Restricted Area,0-8 Center,3.57,Made,8.0,J. Ingles,204060.0,4.0,,,,,,,,,,,,,,
494,PT10M56.00S,2024-03-16T01:31:19.7Z,4,REGULAR,timeout,full,"['team', 'mandatory']",0,,,1610612761,75,91,2024-03-16T01:31:19Z,4920000,False,,,0,,TOR Timeout,[],1610612761.0,TOR,,,,,,,,,,,,,,,,,,,,,,,,,,,,,,,
496,PT10M56.00S,2024-03-16T01:31:23.0Z,4,REGULAR,substitution,out,[],1641711,,,1610612761,75,91,2024-03-16T01:33:52Z,4930000,False,,,0,,SUB out: G. Dick,[1641711],1610612761.0,TOR,,,,Dick,G. Dick,,,,,,,,,,,,,,,,,,,,,,,,,,
497,PT10M56.00S,2024-03-16T01:31:23.0Z,4,REGULAR,substitution,in,[],203482,,,1610612761,75,91,2024-03-16T01:33:52Z,4940000,False,,,0,,SUB in: K. Olynyk,[203482],1610612761.0,TOR,,,,Olynyk,K. Olynyk,,,,,,,,,,,,,,,,,,,,,,,,,,
499,PT10M33.00S,2024-03-16T01:34:41.5Z,4,REGULAR,2pt,Jump Shot,['pointsinthepaint'],1630193,10.988830486202366,42.8921568627451,1610612761,75,91,2024-03-16T01:39:21Z,4960000,False,36.0,51.0,1,left,MISS I. Quickley 6' driving floating Shot - blocked,"[1630193, 1628365]",1610612761.0,TOR,driving floating,,,Quickley,I. Quickley,,,,,In The Paint (Non-RA),0-8 Center,6.2,Missed,,,,,,,,,,,,,,,,,Fultz,1628365.0
500,PT10M33.00S,2024-03-16T01:34:41.5Z,4,REGULAR,block,,[],1628365,,,1610612761,75,91,2024-03-16T01:34:44Z,4970000,False,,,0,,M. Fultz BLOCK (1 BLK),[1628365],1610612753.0,ORL,,,,Fultz,M. Fultz,,,,,In The Paint (Non-RA),0-8 Center,,,,,,,,,,,,,,,,,,,,
501,PT10M32.00S,2024-03-16T01:34:42.5Z,4,REGULAR,rebound,offensive,[],1630186,,,1610612761,75,91,2024-03-16T01:35:12Z,4980000,False,,,0,,J. Ramsey REBOUND (Off:1 Def:2),[1630186],1610612761.0,TOR,,,,Ramsey,J. Ramsey,,,,,In The Paint (Non-RA),0-8 Center,,,,,,,499.0,3.0,2.0,1.0,,,,,,,,,,
502,PT10M32.00S,2024-03-16T01:34:46.8Z,4,REGULAR,2pt,Layup,"['pointsinthepaint', '2ndchance']",1630186,6.783837056504599,37.99019607843137,1610612761,75,91,2024-03-16T01:39:47Z,4990000,False,60.0,11.0,1,left,MISS J. Ramsey 6' putback Layup - blocked,"[1630186, 1628371]",1610612761.0,TOR,putback,,,Ramsey,J. Ramsey,,,,,In The Paint (Non-RA),0-8 Center,6.11,Missed,,,,,,,,,,,,,,,,,Isaac,1628371.0
503,PT10M32.00S,2024-03-16T01:34:46.8Z,4,REGULAR,block,,[],1628371,,,1610612761,75,91,2024-03-16T01:34:49Z,5000000,False,,,0,,J. Isaac BLOCK (2 BLK),[1628371],1610612753.0,ORL,,,,Isaac,J. Isaac,,,,,In The Paint (Non-RA),0-8 Center,,,,,,,,,,,,,,,,,,,,
504,PT10M32.00S,2024-03-16T01:34:46.8Z,4,REGULAR,rebound,offensive,['team'],0,,,1610612761,75,91,2024-03-16T01:35:21Z,5010000,False,,,0,,TEAM offensive REBOUND,[],1610612761.0,TOR,,,,,,,,,,In The Paint (Non-RA),0-8 Center,,,,,,,502.0,,,,,,,,,,,,,
505,PT10M32.00S,2024-03-16T01:34:51.1Z,4,REGULAR,turnover,shot clock,['team'],0,,,1610612761,75,91,2024-03-16T01:35:01Z,5020000,False,,,0,,TOR shot clock Team TURNOVER,[],1610612761.0,TOR,,,,,,,,,,In The Paint (Non-RA),0-8 Center,,,,,,,,,,,,,,202007.0,,,,,,
506,PT10M13.00S,2024-03-16T01:35:15.9Z,4,REGULAR,2pt,Jump Shot,['fromturnover'],1628365,88.64980289093299,77.45098039215686,1610612753,75,91,2024-03-16T01:35:24Z,5030000,False,137.0,54.0,1,right,MISS M. Fultz 14' pullup Shot,[1628365],1610612753.0,ORL,pullup,,,Fultz,M. Fultz,,,,,Mid-Range,8-16 Right,14.76,Missed,,,,,,,,,,,,,,,,,,
507,PT10M11.00S,2024-03-16T01:35:17.9Z,4,REGULAR,rebound,defensive,[],1630186,,,1610612761,75,91,2024-03-16T01:35:24Z,5040000,False,,,0,,J. Ramsey REBOUND (Off:1 Def:3),[1630186],1610612761.0,TOR,,,,Ramsey,J. Ramsey,,,,,Mid-Range,8-16 Right,,,,,,,506.0,4.0,3.0,1.0,,,,,,,,,,
509,PT09M56.00S,2024-03-16T01:35:41.9Z,4,REGULAR,turnover,bad pass,[],203482,,,1610612761,75,91,2024-03-16T01:35:47Z,5060000,False,,,0,,K. Olynyk bad pass TURNOVER (2 TO),"[203482, 1629021]",1610612761.0,TOR,,,,Olynyk,K. Olynyk,,,,,Mid-Range,16-24 Right Center,,,,,,,,,,,2.0,Wagner,1629021.0,,,,,,,
510,PT09M56.00S,2024-03-16T01:35:41.9Z,4,REGULAR,steal,,[],1629021,,,1610612753,75,91,2024-03-16T01:35:45Z,5070000,False,,,0,,M. Wagner STEAL (1 STL),[1629021],1610612753.0,ORL,,,,Wagner,M. Wagner,,,,,Mid-Range,16-24 Right Center,,,,,,,,,,,,,,,,,,,,
511,PT09M52.00S,2024-03-16T01:35:46.9Z,4,REGULAR,2pt,Layup,"['pointsinthepaint', 'fromturnover', 'fastbreak']",1628371,93.77463863337714,49.01960784313725,1610612753,75,93,2024-03-16T01:35:52Z,5080000,False,-5.0,6.0,1,right,J. Isaac running Layup (10 PTS),[1628371],1610612753.0,ORL,running,,,Isaac,J. Isaac,,,,,Restricted Area,0-8 Center,0.77,Made,10.0,,,,,,,,,,,,,,,,,
512,PT09M39.00S,2024-03-16T01:35:58.7Z,4,REGULAR,3pt,Jump Shot,[],1630193,28.991458607095925,13.725490196078432,1610612761,75,93,2024-03-16T01:36:03Z,5090000,False,181.0,220.0,1,left,MISS I. Quickley 28' pullup 3PT,[1630193],1610612761.0,TOR,pullup,,,Quickley,I. Quickley,,,,,Above the Break 3,24+ Right Center,28.51,Missed,,,,,,,,,,,,,,,,,,
513,PT09M37.00S,2024-03-16T01:36:00.7Z,4,REGULAR,rebound,defensive,[],1628371,,,1610612753,75,93,2024-03-16T01:36:03Z,5100000,False,,,0,,J. Isaac REBOUND (Off:0 Def:6),[1628371],1610612753.0,ORL,,,,Isaac,J. Isaac,,,,,Above the Break 3,24+ Right Center,,,,,,,512.0,6.0,6.0,0.0,,,,,,,,,,
514,PT09M18.00S,2024-03-16T01:36:19.8Z,4,REGULAR,2pt,Jump Shot,[],1628371,93.77463863337714,89.95098039215686,1610612753,75,93,2024-03-16T01:36:24Z,5110000,False,200.0,6.0,1,right,MISS J. Isaac 19' Jump Shot,[1628371],1610612753.0,ORL,,,,Isaac,J. Isaac,,,,,Mid-Range,16-24 Right,19.99,Missed,,,,,,,,,,,,,,,,,,
515,PT09M16.00S,2024-03-16T01:36:21.8Z,4,REGULAR,rebound,offensive,[],1630175,,,1610612753,75,93,2024-03-16T01:36:24Z,5120000,False,,,0,,C. Anthony REBOUND (Off:1 Def:2),[1630175],1610612753.0,ORL,,,,Anthony,C. Anthony,,,,,Mid-Range,16-24 Right,,,,,,,514.0,3.0,2.0,1.0,,,,,,,,,,
516,PT09M10.00S,2024-03-16T01:36:28.5Z,4,REGULAR,2pt,Layup,"['pointsinthepaint', '2ndchance']",1628365,93.77463863337714,52.450980392156865,1610612753,75,93,2024-03-16T01:36:34Z,5130000,False,12.0,6.0,1,right,MISS M. Fultz driving reverse Layup,[1628365],1610612753.0,ORL,driving reverse,,,Fultz,M. Fultz,,,,,Restricted Area,0-8 Center,1.37,Missed,,,,,,,,,,,,,,,,,,
517,PT09M07.00S,2024-03-16T01:36:31.5Z,4,REGULAR,rebound,defensive,[],1629007,,,1610612761,75,93,2024-03-16T01:50:08Z,5140000,False,,,0,,J. Porter REBOUND (Off:0 Def:1),[1629007],1610612761.0,TOR,,,,Porter,J. Porter,,,,,Restricted Area,0-8 Center,,,,,,,516.0,1.0,1.0,0.0,,,,,,,,,,
518,PT09M03.00S,2024-03-16T01:36:35.7Z,4,REGULAR,2pt,Layup,"['pointsinthepaint', 'fastbreak']",1628971,6.783837056504599,50.49019607843137,1610612761,77,93,2024-03-16T01:36:41Z,5150000,False,-2.0,11.0,1,left,B. Brown running reverse Layup (7 PTS),[1628971],1610612761.0,TOR,running reverse,,,Brown,B. Brown,,,,,Restricted Area,0-8 Center,1.16,Made,7.0,,,,,,,,,,,,,,,,,
519,PT08M42.00S,2024-03-16T01:36:56.4Z,4,REGULAR,3pt,Jump Shot,[],1630175,68.41327201051249,16.666666666666664,1610612753,77,96,2024-03-16T01:37:03Z,5160000,False,-167.0,244.0,1,right,C. Anthony 29' 3PT step back (12 PTS),[1630175],1610612753.0,ORL,step back,,,Anthony,C. Anthony,,,,,Above the Break 3,24+ Left Center,29.58,Made,12.0,,,,,,,,,,,,,,,,,
520,PT08M22.00S,2024-03-16T01:37:15.9Z,4,REGULAR,2pt,Jump Shot,[],203482,6.783837056504599,28.431372549019606,1610612761,77,96,2024-03-16T01:37:20Z,5170000,False,108.0,11.0,1,left,MISS K. Olynyk 10' driving floating Shot,[203482],1610612761.0,TOR,driving floating,,,Olynyk,K. Olynyk,,,,,Mid-Range,8-16 Right,10.84,Missed,,,,,,,,,,,,,,,,,,
521,PT08M19.00S,2024-03-16T01:37:19.2Z,4,REGULAR,rebound,offensive,[],1629007,,,1610612761,77,96,2024-03-16T01:37:19Z,5180000,False,,,0,,J. Porter REBOUND (Off:1 Def:1),[1629007],1610612761.0,TOR,,,,Porter,J. Porter,,,,,Mid-Range,8-16 Right,,,,,,,520.0,2.0,1.0,1.0,,,,,,,,,,
522,PT08M17.00S,2024-03-16T01:37:21.5Z,4,REGULAR,3pt,Jump Shot,['2ndchance'],1628971,33.722076215505915,69.36274509803921,1610612761,80,96,2024-03-16T01:37:25Z,5190000,False,-97.0,264.0,1,left,B. Brown 28' 3PT  (10 PTS) (I. Quickley 10 AST),"[1628971, 1630193]",1610612761.0,TOR,,,,Brown,B. Brown,,,,,Above the Break 3,24+ Left Center,28.17,Made,10.0,I. Quickley,1630193.0,10.0,,,,,,,,,,,,,,
524,PT07M56.00S,2024-03-16T01:37:54.9Z,4,REGULAR,2pt,Jump Shot,[],1628365,93.64323258869908,78.18627450980392,1610612753,80,96,2024-03-16T01:45:19Z,5210000,False,141.0,7.0,1,right,MISS M. Fultz 14' step back Shot,[1628365],1610612753.0,ORL,step back,,,Fultz,M. Fultz,,,,,Mid-Range,8-16 Right,14.11,Missed,,,,,,,,,,,,,,,,,,
525,PT07M54.00S,2024-03-16T01:37:56.9Z,4,REGULAR,rebound,defensive,[],1628971,,,1610612761,80,96,2024-03-16T01:41:46Z,5220000,False,,,0,,B. Brown REBOUND (Off:0 Def:4),[1628971],1610612761.0,TOR,,,,Brown,B. Brown,,,,,Mid-Range,8-16 Right,,,,,,,524.0,4.0,4.0,0.0,,,,,,,,,,
526,PT07M39.00S,2024-03-16T01:38:01.9Z,4,REGULAR,foul,personal,['2freethrow'],204060,,,1610612761,80,96,2024-03-16T01:38:10Z,5230000,False,,,0,,J. Ingles shooting personal FOUL (1 PF) (Ramsey 2 FT),"[204060, 1630186]",1610612753.0,ORL,shooting,,,Ingles,J. Ingles,,,,,Restricted Area,0-8 Center,,,,,,,,,,,,,,202007.0,1.0,0.0,Ramsey,1630186.0,,
528,PT07M39.00S,2024-03-16T01:38:24.6Z,4,REGULAR,freethrow,1 of 2,['fastbreak'],1630186,,,1610612761,81,96,2024-03-16T01:38:54Z,5250000,False,,,0,,J. Ramsey Free Throw 1 of 2 (10 PTS),[1630186],1610612761.0,TOR,,,,Ramsey,J. Ramsey,,,,,,,,Made,10.0,,,,,,,,,,,,,,,,,
529,PT07M39.00S,2024-03-16T01:38:25.5Z,4,REGULAR,substitution,out,[],1630193,,,1610612761,81,96,2024-03-16T01:38:47Z,5260000,False,,,0,,SUB out: I. Quickley,[1630193],1610612761.0,TOR,,,,Quickley,I. Quickley,,,,,,,,,,,,,,,,,,,,,,,,,,
530,PT07M39.00S,2024-03-16T01:38:25.5Z,4,REGULAR,substitution,out,[],1628365,,,1610612761,81,96,2024-03-16T01:38:47Z,5270000,False,,,0,,SUB out: M. Fultz,[1628365],1610612753.0,ORL,,,,Fultz,M. Fultz,,,,,,,,,,,,,,,,,,,,,,,,,,
531,PT07M39.00S,2024-03-16T01:38:25.5Z,4,REGULAR,substitution,in,[],1629018,,,1610612761,81,96,2024-03-16T01:38:47Z,5280000,False,,,0,,SUB in: G. Trent Jr.,[1629018],1610612761.0,TOR,,,,Trent Jr.,G. Trent Jr.,,,,,,,,,,,,,,,,,,,,,,,,,,
532,PT07M39.00S,2024-03-16T01:38:25.5Z,4,REGULAR,substitution,in,[],1630532,,,1610612761,81,96,2024-03-16T01:38:47Z,5290000,False,,,0,,SUB in: F. Wagner,[1630532],1610612753.0,ORL,,,,Wagner,F. Wagner,,,,,,,,,,,,,,,,,,,,,,,,,,
533,PT07M39.00S,2024-03-16T01:38:24.6Z,4,REGULAR,freethrow,2 of 2,['fastbreak'],1630186,,,1610612761,81,96,2024-03-16T01:38:54Z,5300000,False,,,0,,MISS J. Ramsey Free Throw 2 of 2,[1630186],1610612761.0,TOR,,,,Ramsey,J. Ramsey,,,,,,,,Missed,,,,,,,,,,,,,,,,,,
534,PT07M29.00S,2024-03-16T01:38:34.6Z,4,REGULAR,rebound,defensive,[],1629021,,,1610612753,81,96,2024-03-16T01:38:54Z,5310000,False,,,0,,M. Wagner REBOUND (Off:0 Def:3),[1629021],1610612753.0,ORL,,,,Wagner,M. Wagner,,,,,,,,,,,,,533.0,3.0,3.0,0.0,,,,,,,,,,
535,PT07M25.00S,2024-03-16T01:38:54.4Z,4,REGULAR,2pt,DUNK,['pointsinthepaint'],1629021,94.82588699080158,50.49019607843137,1610612753,81,98,2024-03-16T01:39:01Z,5320000,False,2.0,-4.0,1,right,M. Wagner cutting DUNK (7 PTS) (J. Ingles 5 AST),"[1629021, 204060]",1610612753.0,ORL,cutting,,,Wagner,M. Wagner,,,,,Restricted Area,0-8 Center,0.46,Made,7.0,J. Ingles,204060.0,5.0,,,,,,,,,,,,,,
537,PT07M14.00S,2024-03-16T01:39:04.8Z,4,REGULAR,2pt,Layup,['pointsinthepaint'],1628971,7.046649145860711,46.568627450980394,1610612761,83,98,2024-03-16T01:39:10Z,5340000,False,17.0,14.0,1,left,B. Brown driving Layup (12 PTS),[1628971],1610612761.0,TOR,driving,,,Brown,B. Brown,,,,,Restricted Area,0-8 Center,2.2,Made,12.0,,,,,,,,,,,,,,,,,
538,PT06M51.00S,2024-03-16T01:39:26.9Z,4,REGULAR,3pt,Jump Shot,[],204060,95.87713534822602,3.1862745098039214,1610612753,83,98,2024-03-16T01:39:32Z,5350000,False,-234.0,-14.0,1,right,MISS J. Ingles 3PT,[204060],1610612753.0,ORL,,,,Ingles,J. Ingles,,,,,Left Corner 3,24+ Left,23.45,Missed,,,,,,,,,,,,,,,,,,
539,PT06M48.00S,2024-03-16T01:39:29.9Z,4,REGULAR,rebound,defensive,[],1629007,,,1610612761,83,98,2024-03-16T01:39:32Z,5360000,False,,,0,,J. Porter REBOUND (Off:1 Def:2),[1629007],1610612761.0,TOR,,,,Porter,J. Porter,,,,,Left Corner 3,24+ Left,,,,,,,538.0,3.0,2.0,1.0,,,,,,,,,,
540,PT06M42.00S,2024-03-16T01:39:36.0Z,4,REGULAR,3pt,Jump Shot,[],1629018,5.601182654402102,2.941176470588235,1610612761,86,98,2024-03-16T01:39:43Z,5370000,False,235.0,0.0,1,left,G. Trent Jr. 3PT  (24 PTS) (K. Olynyk 2 AST),"[1629018, 203482]",1610612761.0,TOR,,,,Trent Jr.,G. Trent Jr.,,,,,Right Corner 3,24+ Right,23.53,Made,24.0,K. Olynyk,203482.0,2.0,,,,,,,,,,,,,,
542,PT06M19.00S,2024-03-16T01:39:58.8Z,4,REGULAR,2pt,Layup,['pointsinthepaint'],1629021,90.75229960578186,57.35294117647059,1610612753,86,98,2024-03-16T01:48:10Z,5390000,False,37.0,34.0,1,right,MISS M. Wagner cutting Layup,[1629021],1610612753.0,ORL,cutting,,,Wagner,M. Wagner,,,,,In The Paint (Non-RA),0-8 Center,5.04,Missed,,,,,,,,,,,,,,,,,,
543,PT06M17.00S,2024-03-16T01:40:00.8Z,4,REGULAR,rebound,defensive,[],1630186,,,1610612761,86,98,2024-03-16T01:40:03Z,5400000,False,,,0,,J. Ramsey REBOUND (Off:1 Def:4),[1630186],1610612761.0,TOR,,,,Ramsey,J. Ramsey,,,,,In The Paint (Non-RA),0-8 Center,,,,,,,542.0,5.0,4.0,1.0,,,,,,,,,,
544,PT06M13.00S,2024-03-16T01:40:05.2Z,4,REGULAR,3pt,Jump Shot,['fastbreak'],1629018,24.52365308804205,85.7843137254902,1610612761,89,98,2024-03-16T01:40:12Z,5410000,False,-179.0,178.0,1,left,G. Trent Jr. 25' 3PT running pullup (27 PTS) (J. Ramsey 1 AST),"[1629018, 1630186]",1610612761.0,TOR,running pullup,,,Trent Jr.,G. Trent Jr.,,,,,Above the Break 3,24+ Left Center,25.24,Made,27.0,J. Ramsey,1630186.0,1.0,,,,,,,,,,,,,,
546,PT06M13.00S,2024-03-16T01:40:12.2Z,4,REGULAR,timeout,full,"['team', 'mandatory']",0,,,1610612753,89,98,2024-03-16T01:40:12Z,5430000,False,,,0,,ORL Timeout,[],1610612753.0,ORL,,,,,,,,,,,,,,,,,,,,,,,,,,,,,,,
547,PT06M13.00S,2024-03-16T01:42:16.1Z,4,REGULAR,substitution,out,[],1630186,,,1610612753,89,98,2024-03-16T01:42:55Z,5440000,False,,,0,,SUB out: J. Ramsey,[1630186],1610612761.0,TOR,,,,Ramsey,J. Ramsey,,,,,,,,,,,,,,,,,,,,,,,,,,
548,PT06M13.00S,2024-03-16T01:42:16.1Z,4,REGULAR,substitution,out,[],1629007,,,1610612753,89,98,2024-03-16T01:42:55Z,5450000,False,,,0,,SUB out: J. Porter,[1629007],1610612761.0,TOR,,,,Porter,J. Porter,,,,,,,,,,,,,,,,,,,,,,,,,,
549,PT06M13.00S,2024-03-16T01:42:16.1Z,4,REGULAR,substitution,out,[],1628371,,,1610612753,89,98,2024-03-16T01:42:55Z,5460000,False,,,0,,SUB out: J. Isaac,[1628371],1610612753.0,ORL,,,,Isaac,J. Isaac,,,,,,,,,,,,,,,,,,,,,,,,,,
550,PT06M13.00S,2024-03-16T01:42:16.1Z,4,REGULAR,substitution,out,[],204060,,,1610612753,89,98,2024-03-16T01:42:55Z,5470000,False,,,0,,SUB out: J. Ingles,[204060],1610612753.0,ORL,,,,Ingles,J. Ingles,,,,,,,,,,,,,,,,,,,,,,,,,,
551,PT06M13.00S,2024-03-16T01:42:16.1Z,4,REGULAR,substitution,out,[],1629021,,,1610612753,89,98,2024-03-16T01:42:55Z,5480000,False,,,0,,SUB out: M. Wagner,[1629021],1610612753.0,ORL,,,,Wagner,M. Wagner,,,,,,,,,,,,,,,,,,,,,,,,,,
552,PT06M13.00S,2024-03-16T01:42:16.1Z,4,REGULAR,substitution,in,[],1641711,,,1610612753,89,98,2024-03-16T01:42:55Z,5490000,False,,,0,,SUB in: G. Dick,[1641711],1610612761.0,TOR,,,,Dick,G. Dick,,,,,,,,,,,,,,,,,,,,,,,,,,
553,PT06M13.00S,2024-03-16T01:42:16.1Z,4,REGULAR,substitution,in,[],1630534,,,1610612753,89,98,2024-03-16T01:42:55Z,5500000,False,,,0,,SUB in: O. Agbaji,[1630534],1610612761.0,TOR,,,,Agbaji,O. Agbaji,,,,,,,,,,,,,,,,,,,,,,,,,,
554,PT06M13.00S,2024-03-16T01:42:16.1Z,4,REGULAR,substitution,in,[],1631094,,,1610612753,89,98,2024-03-16T01:42:55Z,5510000,False,,,0,,SUB in: P. Banchero,[1631094],1610612753.0,ORL,,,,Banchero,P. Banchero,,,,,,,,,,,,,,,,,,,,,,,,,,
555,PT06M13.00S,2024-03-16T01:42:16.1Z,4,REGULAR,substitution,in,[],1630591,,,1610612753,89,98,2024-03-16T01:42:55Z,5520000,False,,,0,,SUB in: J. Suggs,[1630591],1610612753.0,ORL,,,,Suggs,J. Suggs,,,,,,,,,,,,,,,,,,,,,,,,,,
556,PT06M13.00S,2024-03-16T01:42:16.1Z,4,REGULAR,substitution,in,[],1628976,,,1610612753,89,98,2024-03-16T01:42:55Z,5530000,False,,,0,,SUB in: W. Carter Jr.,[1628976],1610612753.0,ORL,,,,Carter Jr.,W. Carter Jr.,,,,,,,,,,,,,,,,,,,,,,,,,,
557,PT06M02.00S,2024-03-16T01:43:21.8Z,4,REGULAR,turnover,3-second-violation,[],1631094,,,1610612753,89,98,2024-03-16T01:43:32Z,5540000,False,,,0,,P. Banchero 3-second-violation TURNOVER (6 TO),[1631094],1610612753.0,ORL,,,,Banchero,P. Banchero,,,,,In The Paint (Non-RA),8-16 Center,,,,,,,,,,,6.0,,,2004.0,,,,,,
558,PT05M48.00S,2024-03-16T01:43:47.1Z,4,REGULAR,2pt,Layup,"['pointsinthepaint', 'fromturnover']",1641711,7.046649145860711,49.50980392156863,1610612761,91,98,2024-03-16T01:43:57Z,5550000,False,2.0,14.0,1,left,G. Dick reverse Layup (8 PTS) (B. Brown 4 AST),"[1641711, 1628971]",1610612761.0,TOR,reverse,,,Dick,G. Dick,,,,,Restricted Area,0-8 Center,1.39,Made,8.0,B. Brown,1628971.0,4.0,,,,,,,,,,,,,,
560,PT05M39.00S,2024-03-16T01:43:58.4Z,4,REGULAR,2pt,Layup,['pointsinthepaint'],1630591,93.9060446780552,49.50980392156863,1610612753,91,100,2024-03-16T01:44:04Z,5570000,False,-2.0,5.0,1,right,J. Suggs driving finger roll Layup (12 PTS),[1630591],1610612753.0,ORL,driving finger roll,,,Suggs,J. Suggs,,,,,Restricted Area,0-8 Center,0.54,Made,12.0,,,,,,,,,,,,,,,,,
561,PT05M39.00S,2024-03-16T01:44:02.2Z,4,REGULAR,foul,personal,['1freethrow'],203482,,,1610612753,91,100,2024-03-16T01:44:11Z,5580000,False,,,0,,K. Olynyk shooting personal FOUL (5 PF) (Suggs 1 FT),"[203482, 1630591]",1610612761.0,TOR,shooting,,,Olynyk,K. Olynyk,,,,,Restricted Area,0-8 Center,,,,,,,,,,,,,,1629178.0,5.0,0.0,Suggs,1630591.0,,
563,PT05M39.00S,2024-03-16T01:44:35.3Z,4,REGULAR,freethrow,1 of 1,[],1630591,,,1610612753,91,101,2024-03-16T01:44:35Z,5600000,False,,,0,,J. Suggs Free Throw 1 of 1 (13 PTS),[1630591],1610612753.0,ORL,,,,Suggs,J. Suggs,,,,,,,,Made,13.0,,,,,,,,,,,,,,,,,
564,PT05M29.00S,2024-03-16T01:44:47.3Z,4,REGULAR,2pt,Layup,['pointsinthepaint'],203482,6.258212877792378,49.754901960784316,1610612761,93,101,2024-03-16T01:44:53Z,5610000,False,1.0,6.0,1,left,K. Olynyk driving reverse Layup (6 PTS),[203482],1610612761.0,TOR,driving reverse,,,Olynyk,K. Olynyk,,,,,Restricted Area,0-8 Center,0.64,Made,6.0,,,,,,,,,,,,,,,,,
565,PT05M02.00S,2024-03-16T01:45:13.0Z,4,REGULAR,3pt,Jump Shot,[],1630591,70.38436268068331,11.029411764705882,1610612753,93,104,2024-03-16T01:45:19Z,5620000,False,-195.0,226.0,1,right,J. Suggs 29' 3PT  (16 PTS) (P. Banchero 8 AST),"[1630591, 1631094]",1610612753.0,ORL,,,,Suggs,J. Suggs,,,,,Above the Break 3,24+ Left Center,29.84,Made,16.0,P. Banchero,1631094.0,8.0,,,,,,,,,,,,,,
567,PT04M52.00S,2024-03-16T01:45:23.1Z,4,REGULAR,3pt,Jump Shot,[],1641711,20.18725361366623,5.637254901960785,1610612761,93,104,2024-03-16T01:45:29Z,5640000,False,222.0,137.0,1,left,MISS G. Dick 26' 3PT,[1641711],1610612761.0,TOR,,,,Dick,G. Dick,,,,,Above the Break 3,24+ Right Center,26.09,Missed,,,,,,,,,,,,,,,,,,
568,PT04M51.00S,2024-03-16T01:45:24.1Z,4,REGULAR,rebound,defensive,['team'],0,,,1610612753,93,104,2024-03-16T01:45:29Z,5650000,False,,,0,,TEAM defensive REBOUND,[],1610612753.0,ORL,,,,,,,,,,Above the Break 3,24+ Right Center,,,,,,,567.0,,,,,,,,,,,,,
570,PT04M39.00S,2024-03-16T01:45:53.3Z,4,REGULAR,2pt,Layup,['pointsinthepaint'],1631094,91.67214191852825,57.84313725490197,1610612753,93,104,2024-03-16T01:45:57Z,5670000,False,39.0,26.0,1,right,MISS P. Banchero driving finger roll Layup,[1631094],1610612753.0,ORL,driving finger roll,,,Banchero,P. Banchero,,,,,In The Paint (Non-RA),0-8 Center,4.69,Missed,,,,,,,,,,,,,,,,,,
571,PT04M37.00S,2024-03-16T01:45:55.3Z,4,REGULAR,rebound,defensive,[],203482,,,1610612761,93,104,2024-03-16T01:45:57Z,5680000,False,,,0,,K. Olynyk REBOUND (Off:0 Def:4),[203482],1610612761.0,TOR,,,,Olynyk,K. Olynyk,,,,,In The Paint (Non-RA),0-8 Center,,,,,,,570.0,4.0,4.0,0.0,,,,,,,,,,
572,PT04M31.00S,2024-03-16T01:46:01.8Z,4,REGULAR,3pt,Jump Shot,[],1629018,27.283180026281208,12.745098039215685,1610612761,96,104,2024-03-16T01:46:06Z,5690000,False,186.0,204.0,1,left,G. Trent Jr. 27' 3PT  (30 PTS) (K. Olynyk 3 AST),"[1629018, 203482]",1610612761.0,TOR,,,,Trent Jr.,G. Trent Jr.,,,,,Above the Break 3,24+ Right Center,27.63,Made,30.0,K. Olynyk,203482.0,3.0,,,,,,,,,,,,,,
574,PT04M10.00S,2024-03-16T01:46:23.4Z,4,REGULAR,2pt,Layup,['pointsinthepaint'],1628976,94.1688567674113,54.166666666666664,1610612753,96,106,2024-03-16T01:54:21Z,5710000,False,21.0,2.0,1,right,W. Carter Jr. driving reverse Layup (10 PTS) (J. Suggs 3 AST),"[1628976, 1630591]",1610612753.0,ORL,driving reverse,,,Carter Jr.,W. Carter Jr.,,,,,Restricted Area,0-8 Center,2.09,Made,10.0,J. Suggs,1630591.0,3.0,,,,,,,,,,,,,,
576,PT03M51.00S,2024-03-16T01:46:42.9Z,4,REGULAR,turnover,bad pass,[],1641711,,,1610612761,96,106,2024-03-16T01:46:48Z,5730000,False,,,0,,G. Dick bad pass TURNOVER (1 TO),"[1641711, 1630532]",1610612761.0,TOR,,,,Dick,G. Dick,,,,,In The Paint (Non-RA),0-8 Center,,,,,,,,,,,1.0,Wagner,1630532.0,,,,,,,
577,PT03M51.00S,2024-03-16T01:46:42.9Z,4,REGULAR,steal,,[],1630532,,,1610612753,96,106,2024-03-16T01:46:45Z,5740000,False,,,0,,F. Wagner STEAL (2 STL),[1630532],1610612753.0,ORL,,,,Wagner,F. Wagner,,,,,In The Paint (Non-RA),0-8 Center,,,,,,,,,,,,,,,,,,,,
578,PT03M37.00S,2024-03-16T01:46:56.8Z,4,REGULAR,3pt,Jump Shot,['fromturnover'],1628976,77.08607095926413,11.27450980392157,1610612753,96,109,2024-03-16T01:47:01Z,5750000,False,-194.0,163.0,1,right,W. Carter Jr. 25' 3PT  (13 PTS) (F. Wagner 3 AST),"[1628976, 1630532]",1610612753.0,ORL,,,,Carter Jr.,W. Carter Jr.,,,,,Above the Break 3,24+ Left Center,25.3,Made,13.0,F. Wagner,1630532.0,3.0,,,,,,,,,,,,,,
580,PT03M35.00S,2024-03-16T01:47:03.7Z,4,REGULAR,timeout,full,['team'],0,,,1610612761,96,109,2024-03-16T01:47:03Z,5770000,False,,,0,,TOR Timeout,[],1610612761.0,TOR,,,,,,,,,,,,,,,,,,,,,,,,,,,,,,,
581,PT03M35.00S,2024-03-16T01:47:05.9Z,4,REGULAR,substitution,out,[],1641711,,,1610612761,96,109,2024-03-16T01:48:19Z,5780000,False,,,0,,SUB out: G. Dick,[1641711],1610612761.0,TOR,,,,Dick,G. Dick,,,,,,,,,,,,,,,,,,,,,,,,,,
582,PT03M35.00S,2024-03-16T01:47:05.9Z,4,REGULAR,substitution,in,[],1630193,,,1610612761,96,109,2024-03-16T01:48:19Z,5790000,False,,,0,,SUB in: I. Quickley,[1630193],1610612761.0,TOR,,,,Quickley,I. Quickley,,,,,,,,,,,,,,,,,,,,,,,,,,
583,PT03M18.00S,2024-03-16T01:48:49.4Z,4,REGULAR,turnover,traveling,[],203482,,,1610612761,96,109,2024-03-16T01:48:54Z,5800000,False,,,0,,K. Olynyk traveling TURNOVER (3 TO),[203482],1610612761.0,TOR,,,,Olynyk,K. Olynyk,,,,,In The Paint (Non-RA),8-16 Right,,,,,,,,,,,3.0,,,2004.0,,,,,,
584,PT03M01.00S,2024-03-16T01:49:18.1Z,4,REGULAR,2pt,Jump Shot,"['pointsinthepaint', 'fromturnover']",1630175,85.62746386333771,49.50980392156863,1610612753,96,109,2024-03-16T01:49:46Z,5810000,False,-2.0,83.0,1,right,MISS C. Anthony 8' driving floating Shot,[1630175],1610612753.0,ORL,driving floating,,,Anthony,C. Anthony,,,,,In The Paint (Non-RA),8-16 Center,8.26,Missed,,,,,,,,,,,,,,,,,,
585,PT02M59.00S,2024-03-16T01:49:20.1Z,4,REGULAR,rebound,offensive,[],1630532,,,1610612753,96,109,2024-03-16T01:49:46Z,5820000,False,,,0,,F. Wagner REBOUND (Off:1 Def:6),[1630532],1610612753.0,ORL,,,,Wagner,F. Wagner,,,,,In The Paint (Non-RA),8-16 Center,,,,,,,584.0,7.0,6.0,1.0,,,,,,,,,,
586,PT02M59.00S,2024-03-16T01:49:22.3Z,4,REGULAR,foul,personal,['2freethrow'],1630193,,,1610612753,96,109,2024-03-16T01:49:29Z,5830000,False,,,0,,I. Quickley shooting personal FOUL (3 PF) (Wagner 2 FT),"[1630193, 1630532]",1610612761.0,TOR,shooting,,,Quickley,I. Quickley,,,,,Restricted Area,0-8 Center,,,,,,,,,,,,,,202007.0,3.0,0.0,Wagner,1630532.0,,
588,PT02M59.00S,2024-03-16T01:49:46.5Z,4,REGULAR,freethrow,1 of 2,"['fromturnover', '2ndchance']",1630532,,,1610612753,96,110,2024-03-16T01:49:46Z,5850000,False,,,0,,F. Wagner Free Throw 1 of 2 (18 PTS),[1630532],1610612753.0,ORL,,,,Wagner,F. Wagner,,,,,,,,Made,18.0,,,,,,,,,,,,,,,,,
589,PT02M59.00S,2024-03-16T01:50:04.3Z,4,REGULAR,substitution,out,[],1630175,,,1610612753,96,110,2024-03-16T01:50:07Z,5860000,False,,,0,,SUB out: C. Anthony,[1630175],1610612753.0,ORL,,,,Anthony,C. Anthony,,,,,,,,,,,,,,,,,,,,,,,,,,
590,PT02M59.00S,2024-03-16T01:50:04.3Z,4,REGULAR,substitution,in,[],1631216,,,1610612753,96,110,2024-03-16T01:50:07Z,5870000,False,,,0,,SUB in: C. Houstan,[1631216],1610612753.0,ORL,,,,Houstan,C. Houstan,,,,,,,,,,,,,,,,,,,,,,,,,,
591,PT02M59.00S,2024-03-16T01:50:22.6Z,4,REGULAR,freethrow,2 of 2,"['fromturnover', '2ndchance']",1630532,,,1610612753,96,111,2024-03-16T01:50:22Z,5880000,False,,,0,,F. Wagner Free Throw 2 of 2 (19 PTS),[1630532],1610612753.0,ORL,,,,Wagner,F. Wagner,,,,,,,,Made,19.0,,,,,,,,,,,,,,,,,
592,PT02M38.00S,2024-03-16T01:50:45.8Z,4,REGULAR,2pt,Layup,['pointsinthepaint'],1630534,6.652431011826544,56.372549019607845,1610612761,98,111,2024-03-16T01:50:50Z,5890000,False,-32.0,10.0,1,left,O. Agbaji driving finger roll Layup (8 PTS) (B. Brown 5 AST),"[1630534, 1628971]",1610612761.0,TOR,driving finger roll,,,Agbaji,O. Agbaji,,,,,Restricted Area,0-8 Center,3.34,Made,8.0,B. Brown,1628971.0,5.0,,,,,,,,,,,,,,
594,PT02M12.00S,2024-03-16T01:51:11.4Z,4,REGULAR,2pt,DUNK,['pointsinthepaint'],1628976,93.11760840998686,51.225490196078425,1610612753,98,113,2024-03-16T01:57:50Z,5910000,False,6.0,12.0,1,right,W. Carter Jr. cutting DUNK (15 PTS) (F. Wagner 4 AST),"[1628976, 1630532]",1610612753.0,ORL,cutting,,,Carter Jr.,W. Carter Jr.,,,,,Restricted Area,0-8 Center,1.36,Made,15.0,F. Wagner,1630532.0,4.0,,,,,,,,,,,,,,
596,PT02M02.00S,2024-03-16T01:51:23.6Z,4,REGULAR,2pt,Layup,['pointsinthepaint'],203482,6.652431011826544,44.36274509803921,1610612761,98,113,2024-03-16T01:58:26Z,5930000,False,28.0,10.0,1,left,MISS K. Olynyk driving Layup,[203482],1610612761.0,TOR,driving,,,Olynyk,K. Olynyk,,,,,Restricted Area,0-8 Center,2.99,Missed,,,,,,,,,,,,,,,,,,
597,PT02M01.00S,2024-03-16T01:51:24.6Z,4,REGULAR,rebound,offensive,[],203482,,,1610612761,98,113,2024-03-16T01:58:26Z,5940000,False,,,0,,K. Olynyk REBOUND (Off:1 Def:4),[203482],1610612761.0,TOR,,,,Olynyk,K. Olynyk,,,,,Restricted Area,0-8 Center,,,,,,,596.0,5.0,4.0,1.0,,,,,,,,,,
598,PT02M00.00S,2024-03-16T01:51:26.7Z,4,REGULAR,2pt,Layup,"['pointsinthepaint', '2ndchance']",203482,5.590000152587891,50.0,1610612761,100,113,2024-03-16T01:51:26Z,5950000,False,0.0,0.0,1,left,K. Olynyk tip Layup (8 PTS),[203482],1610612761.0,TOR,tip,,,Olynyk,K. Olynyk,,,,,Mid-Range,8-16 Left,0.0,Made,8.0,,,,,,,,,,,,,,,,,
599,PT01M50.00S,2024-03-16T01:51:38.2Z,4,REGULAR,turnover,lost ball,[],1630532,,,1610612753,100,113,2024-03-16T01:51:44Z,5960000,False,,,0,,F. Wagner lost ball TURNOVER (4 TO),"[1630532, 1629018]",1610612753.0,ORL,,,,Wagner,F. Wagner,,,,,Above the Break 3,24+ Center,,,,,,,,,,,4.0,Trent Jr.,1629018.0,,,,,,,
600,PT01M50.00S,2024-03-16T01:51:38.2Z,4,REGULAR,steal,,[],1629018,,,1610612761,100,113,2024-03-16T01:51:40Z,5970000,False,,,0,,G. Trent Jr. STEAL (1 STL),[1629018],1610612761.0,TOR,,,,Trent Jr.,G. Trent Jr.,,,,,Above the Break 3,24+ Center,,,,,,,,,,,,,,,,,,,,
601,PT01M47.00S,2024-03-16T01:51:42.2Z,4,REGULAR,foul,personal,['2freethrow'],1630532,,,1610612761,100,113,2024-03-16T01:51:50Z,5980000,False,,,0,,F. Wagner shooting personal FOUL (2 PF) (Trent Jr. 2 FT),"[1630532, 1629018]",1610612753.0,ORL,shooting,,,Wagner,F. Wagner,,,,,Restricted Area,0-8 Center,,,,,,,,,,,,,,1629178.0,2.0,0.0,Trent Jr.,1629018.0,,
603,PT01M47.00S,2024-03-16T01:52:17.1Z,4,REGULAR,freethrow,1 of 2,"['fromturnover', 'fastbreak']",1629018,,,1610612761,100,113,2024-03-16T01:52:17Z,6000000,False,,,0,,MISS G. Trent Jr. Free Throw 1 of 2,[1629018],1610612761.0,TOR,,,,Trent Jr.,G. Trent Jr.,,,,,,,,Missed,,,,,,,,,,,,,,,,,,
604,PT01M47.00S,2024-03-16T01:52:17.1Z,4,REGULAR,rebound,offensive,"['deadball', 'team']",0,,,1610612761,100,113,2024-03-16T01:52:17Z,6010000,False,,,0,,TEAM offensive REBOUND,[],1610612761.0,TOR,,,,,,,,,,,,,,,,,,603.0,,,,,,,,,,,,,
605,PT01M47.00S,2024-03-16T01:52:34.5Z,4,REGULAR,freethrow,2 of 2,"['fastbreak', 'fromturnover']",1629018,,,1610612761,101,113,2024-03-16T01:52:34Z,6020000,False,,,0,,G. Trent Jr. Free Throw 2 of 2 (31 PTS),[1629018],1610612761.0,TOR,,,,Trent Jr.,G. Trent Jr.,,,,,,,,Made,31.0,,,,,,,,,,,,,,,,,
606,PT01M36.00S,2024-03-16T01:52:48.4Z,4,REGULAR,2pt,Jump Shot,['pointsinthepaint'],1631094,86.81011826544021,49.01960784313725,1610612753,101,113,2024-03-16T01:59:39Z,6030000,False,-5.0,71.0,1,right,MISS P. Banchero 7' driving floating Shot,[1631094],1610612753.0,ORL,driving floating,,,Banchero,P. Banchero,,,,,In The Paint (Non-RA),0-8 Center,7.17,Missed,,,,,,,,,,,,,,,,,,
607,PT01M33.00S,2024-03-16T01:52:51.4Z,4,REGULAR,rebound,defensive,[],203482,,,1610612761,101,113,2024-03-16T01:52:53Z,6040000,False,,,0,,K. Olynyk REBOUND (Off:1 Def:5),[203482],1610612761.0,TOR,,,,Olynyk,K. Olynyk,,,,,In The Paint (Non-RA),0-8 Center,,,,,,,606.0,6.0,5.0,1.0,,,,,,,,,,
608,PT01M15.00S,2024-03-16T01:53:08.2Z,4,REGULAR,3pt,Jump Shot,[],1629018,34.641918528252305,49.50980392156863,1610612761,101,113,2024-03-16T01:53:13Z,6050000,False,2.0,273.0,1,left,MISS G. Trent Jr. 27' pullup 3PT,[1629018],1610612761.0,TOR,pullup,,,Trent Jr.,G. Trent Jr.,,,,,Above the Break 3,24+ Center,27.31,Missed,,,,,,,,,,,,,,,,,,
609,PT01M14.00S,2024-03-16T01:53:09.2Z,4,REGULAR,rebound,offensive,[],203482,,,1610612761,101,113,2024-03-16T02:01:11Z,6060000,False,,,0,,K. Olynyk REBOUND (Off:2 Def:5),[203482],1610612761.0,TOR,,,,Olynyk,K. Olynyk,,,,,Above the Break 3,24+ Center,,,,,,,608.0,7.0,5.0,2.0,,,,,,,,,,
610,PT01M14.00S,2024-03-16T01:53:12.5Z,4,REGULAR,2pt,Layup,"['pointsinthepaint', '2ndchance']",203482,6.652431011826544,45.83333333333333,1610612761,101,113,2024-03-16T02:01:27Z,6070000,False,21.0,10.0,1,left,MISS K. Olynyk putback Layup,[203482],1610612761.0,TOR,putback,,,Olynyk,K. Olynyk,,,,,Restricted Area,0-8 Center,2.31,Missed,,,,,,,,,,,,,,,,,,
611,PT01M13.00S,2024-03-16T01:53:13.5Z,4,REGULAR,rebound,offensive,[],203482,,,1610612761,101,113,2024-03-16T02:01:27Z,6080000,False,,,0,,K. Olynyk REBOUND (Off:3 Def:5),[203482],1610612761.0,TOR,,,,Olynyk,K. Olynyk,,,,,Restricted Area,0-8 Center,,,,,,,610.0,8.0,5.0,3.0,,,,,,,,,,
612,PT01M13.00S,2024-03-16T01:53:15.7Z,4,REGULAR,2pt,Layup,"['2ndchance', 'pointsinthepaint']",203482,5.590000152587891,50.0,1610612761,101,113,2024-03-16T02:01:38Z,6090000,False,0.0,0.0,1,left,MISS K. Olynyk tip Layup,[203482],1610612761.0,TOR,tip,,,Olynyk,K. Olynyk,,,,,Restricted Area,0-8 Center,0.0,Missed,,,,,,,,,,,,,,,,,,
613,PT01M12.00S,2024-03-16T01:53:16.7Z,4,REGULAR,rebound,offensive,[],203482,,,1610612761,101,113,2024-03-16T02:01:38Z,6100000,False,,,0,,K. Olynyk REBOUND (Off:4 Def:5),[203482],1610612761.0,TOR,,,,Olynyk,K. Olynyk,,,,,Restricted Area,0-8 Center,,,,,,,612.0,9.0,5.0,4.0,,,,,,,,,,
614,PT01M12.00S,2024-03-16T01:53:17.5Z,4,REGULAR,2pt,Layup,"['pointsinthepaint', '2ndchance']",203482,5.590000152587891,50.0,1610612761,103,113,2024-03-16T01:53:17Z,6110000,False,0.0,0.0,1,left,K. Olynyk tip Layup (10 PTS),[203482],1610612761.0,TOR,tip,,,Olynyk,K. Olynyk,,,,,Mid-Range,8-16 Left,0.0,Made,10.0,,,,,,,,,,,,,,,,,
615,PT00M55.50S,2024-03-16T01:53:36.7Z,4,REGULAR,foul,personal,[],203482,,,1610612753,103,113,2024-03-16T01:53:46Z,6120000,False,,,0,,K. Olynyk personal FOUL (6 PF),"[203482, 1628976]",1610612761.0,TOR,,,,Olynyk,K. Olynyk,,,,,Mid-Range,8-16 Right,,,,,,,,,,,,,,1629178.0,6.0,0.0,Carter Jr.,1628976.0,,
617,PT00M55.50S,2024-03-16T01:53:57.1Z,4,REGULAR,substitution,out,[],203482,,,1610612753,103,113,2024-03-16T01:54:00Z,6140000,False,,,0,,SUB out: K. Olynyk,[203482],1610612761.0,TOR,,,,Olynyk,K. Olynyk,,,,,,,,,,,,,,,,,,,,,,,,,,
618,PT00M55.50S,2024-03-16T01:53:57.1Z,4,REGULAR,substitution,in,[],1629007,,,1610612753,103,113,2024-03-16T01:54:00Z,6150000,False,,,0,,SUB in: J. Porter,[1629007],1610612761.0,TOR,,,,Porter,J. Porter,,,,,,,,,,,,,,,,,,,,,,,,,,
619,PT00M47.70S,2024-03-16T01:54:23.4Z,4,REGULAR,3pt,Jump Shot,[],1631216,73.9323258869908,82.84313725490196,1610612753,103,113,2024-03-16T01:54:27Z,6160000,False,164.0,193.0,1,right,MISS C. Houstan 25' 3PT,[1631216],1610612753.0,ORL,,,,Houstan,C. Houstan,,,,,Above the Break 3,24+ Right Center,25.3,Missed,,,,,,,,,,,,,,,,,,
620,PT00M44.70S,2024-03-16T01:54:26.4Z,4,REGULAR,rebound,defensive,[],1629007,,,1610612761,103,113,2024-03-16T01:54:27Z,6170000,False,,,0,,J. Porter REBOUND (Off:1 Def:3),[1629007],1610612761.0,TOR,,,,Porter,J. Porter,,,,,Above the Break 3,24+ Right Center,,,,,,,619.0,4.0,3.0,1.0,,,,,,,,,,
621,PT00M38.10S,2024-03-16T01:54:33.0Z,4,REGULAR,3pt,Jump Shot,[],1629007,34.11629434954008,41.17647058823529,1610612761,103,113,2024-03-16T01:54:38Z,6180000,False,44.0,268.0,1,left,MISS J. Porter 27' 3PT,[1629007],1610612761.0,TOR,,,,Porter,J. Porter,,,,,Above the Break 3,24+ Center,27.18,Missed,,,,,,,,,,,,,,,,,,
622,PT00M34.50S,2024-03-16T01:54:36.6Z,4,REGULAR,rebound,defensive,[],1628976,,,1610612753,103,113,2024-03-16T01:54:38Z,6190000,False,,,0,,W. Carter Jr. REBOUND (Off:2 Def:6),[1628976],1610612753.0,ORL,,,,Carter Jr.,W. Carter Jr.,,,,,Above the Break 3,24+ Center,,,,,,,621.0,8.0,6.0,2.0,,,,,,,,,,
623,PT00M12.30S,2024-03-16T01:55:03.2Z,4,REGULAR,turnover,shot clock,['team'],0,,,1610612753,103,113,2024-03-16T01:55:08Z,6200000,False,,,0,,ORL shot clock Team TURNOVER,[],1610612753.0,ORL,,,,,,,,,,Above the Break 3,24+ Right Center,,,,,,,,,,,,,,1629178.0,,,,,,
624,PT00M00.00S,2024-03-16T01:55:24.8Z,4,REGULAR,period,end,[],0,,,1610612761,103,113,2024-03-16T01:55:24Z,6210000,False,,,0,,Period End,[],,,,,,,,,,,,,,,,,,,,,,,,,,,,,,,,,
625,PT00M00.00S,2024-03-16T01:56:45.8Z,4,REGULAR,game,end,[],0,,,0,103,113,2024-03-16T01:56:45Z,6220000,False,,,0,,Game End,[],,,,,,,,,,,,,,,,,,,,,,,,,,,,,,,,,
