actionNumber,clock,timeActual,period,periodType,actionType,subType,qualifiers,personId,x,y,possession,scoreHome,scoreAway,edited,orderNumber,xLegacy,yLegacy,isFieldGoal,side,description,personIdsFilter,teamId,teamTricode,descriptor,jumpBallRecoveredName,jumpBallRecoverdPersonId,playerName,playerNameI,jumpBallWonPlayerName,jumpBallWonPersonId,jumpBallLostPlayerName,jumpBallLostPersonId,turnoverTotal,stealPlayerName,stealPersonId,shotDistance,shotResult,pointsTotal,shotActionNumber,reboundTotal,reboundDefensiveTotal,reboundOffensiveTotal,officialId,foulPersonalTotal,foulTechnicalTotal,foulDrawnPlayerName,foulDrawnPersonId,blockPlayerName,blockPersonId,assistPlayerNameInitial,assistPersonId,assistTotal,value
2,PT12M00.00S,2022-03-21T23:15:45.6Z,1,REGULAR,period,start,[],0,,,0,0,0,2022-03-21T23:15:45Z,20000,,,0,,Period Start,[],,,,,,,,,,,,,,,,,,,,,,,,,,,,,,,,
4,PT11M54.00S,2022-03-21T23:15:50.2Z,1,REGULAR,jumpball,recovered,[],1630314,,,1610612757,0,0,2022-03-21T23:15:50Z,40000,,,0,,Jump Ball D. Eubanks vs. M. Bagley III: Tip to B. Williams,"[1630314, 1629234, 1628963]",1610612757.0,POR,startperiod,B. Williams,1630314.0,Williams,B. Williams,Eubanks,1629234.0,Bagley III,1628963.0,,,,,,,,,,,,,,,,,,,,,
7,PT11M47.00S,2022-03-21T23:15:57.7Z,1,REGULAR,turnover,bad pass,[],1630570,,,1610612757,0,0,2022-03-21T23:16:04Z,70000,,,0,,T. Watford bad pass TURNOVER (1 TO),"[1630570, 1630595]",1610612757.0,POR,,,,Watford,T. Watford,,,,,1.0,Cunningham,1630595.0,,,,,,,,,,,,,,,,,,
8,PT11M47.00S,2022-03-21T23:15:57.7Z,1,REGULAR,steal,,[],1630595,,,1610612765,0,0,2022-03-21T23:16:00Z,80000,,,0,,C. Cunningham STEAL (1 STL),[1630595],1610612765.0,DET,,,,Cunningham,C. Cunningham,,,,,,,,,,,,,,,,,,,,,,,,,
9,PT11M43.00S,2022-03-21T23:16:01.8Z,1,REGULAR,2pt,Layup,"['pointsinthepaint', 'fromturnover', 'fastbreak']",1630595,7.408015768725363,45.833333333333336,1610612765,2,0,2022-03-21T23:16:10Z,90000,21.0,17.0,1,left,C. Cunningham running Layup (2 PTS),[1630595],1610612765.0,DET,running,,,Cunningham,C. Cunningham,,,,,,,,2.69,Made,2.0,,,,,,,,,,,,,,,
10,PT11M20.00S,2022-03-21T23:16:25.1Z,1,REGULAR,2pt,Layup,['pointsinthepaint'],1629604,91.11366622864652,45.09803921568627,1610612757,2,0,2022-03-21T23:16:31Z,100000,-25.0,31.0,1,right,MISS C. Elleby cutting Layup,[1629604],1610612757.0,POR,cutting,,,Elleby,C. Elleby,,,,,,,,3.95,Missed,,,,,,,,,,,,,,,,
11,PT11M17.00S,2022-03-21T23:16:28.1Z,1,REGULAR,rebound,offensive,[],1629604,,,1610612757,2,0,2022-03-21T23:16:31Z,110000,,,0,,C. Elleby REBOUND (Off:1 Def:0),[1629604],1610612757.0,POR,,,,Elleby,C. Elleby,,,,,,,,,,,10.0,1.0,0.0,1.0,,,,,,,,,,,
12,PT11M15.00S,2022-03-21T23:16:28.6Z,1,REGULAR,2pt,Layup,"['pointsinthepaint', '2ndchance']",1629604,93.47897503285151,50.98039215686275,1610612757,2,2,2022-03-21T23:16:56Z,120000,5.0,9.0,1,right,C. Elleby putback Layup (2 PTS),[1629604],1610612757.0,POR,putback,,,Elleby,C. Elleby,,,,,,,,1.01,Made,2.0,,,,,,,,,,,,,,,
13,PT10M58.00S,2022-03-21T23:16:47.3Z,1,REGULAR,2pt,Hook,['pointsinthepaint'],1628963,8.327858081471746,59.31372549019608,1610612765,4,2,2022-03-21T23:17:38Z,130000,-47.0,26.0,1,left,M. Bagley III driving Hook (2 PTS),[1628963],1610612765.0,DET,driving,,,Bagley III,M. Bagley III,,,,,,,,5.33,Made,2.0,,,,,,,,,,,,,,,
14,PT10M41.00S,2022-03-21T23:17:03.6Z,1,REGULAR,2pt,Layup,['pointsinthepaint'],1626159,90.8508541392904,57.59803921568628,1610612757,4,4,2022-03-21T23:17:08Z,140000,38.0,34.0,1,right,J. Winslow driving Layup (2 PTS),[1626159],1610612757.0,POR,driving,,,Winslow,J. Winslow,,,,,,,,5.07,Made,2.0,,,,,,,,,,,,,,,
15,PT10M29.00S,2022-03-21T23:17:15.4Z,1,REGULAR,3pt,Jump Shot,[],1630180,22.339027595269386,9.78094362745098,1610612765,4,4,2022-03-21T23:17:22Z,150000,201.0,157.0,1,left,MISS S. Bey 25' 3PT,[1630180],1610612765.0,DET,,,,Bey,S. Bey,,,,,,,,25.54,Missed,,,,,,,,,,,,,,,,
16,PT10M23.00S,2022-03-21T23:17:21.4Z,1,REGULAR,rebound,offensive,[],1630191,,,1610612765,4,4,2022-03-21T23:17:22Z,160000,,,0,,I. Stewart REBOUND (Off:1 Def:0),[1630191],1610612765.0,DET,,,,Stewart,I. Stewart,,,,,,,,,,,15.0,1.0,0.0,1.0,,,,,,,,,,,
17,PT10M23.00S,2022-03-21T23:17:21.1Z,1,REGULAR,2pt,Layup,"['pointsinthepaint', '2ndchance']",1630191,5.590000152587891,50.0,1610612765,6,4,2022-03-21T23:17:21Z,170000,0.0,0.0,1,left,I. Stewart tip Layup (2 PTS),[1630191],1610612765.0,DET,tip,,,Stewart,I. Stewart,,,,,,,,0.0,Made,2.0,,,,,,,,,,,,,,,
18,PT10M12.00S,2022-03-21T23:17:32.2Z,1,REGULAR,2pt,Hook,[],1629234,94.66162943495401,67.64705882352942,1610612757,6,4,2022-03-21T23:17:38Z,180000,88.0,-2.0,1,right,MISS D. Eubanks 8' turnaround Hook,[1629234],1610612757.0,POR,turnaround,,,Eubanks,D. Eubanks,,,,,,,,8.82,Missed,,,,,,,,,,,,,,,,
19,PT10M10.00S,2022-03-21T23:17:34.2Z,1,REGULAR,rebound,defensive,[],1630165,,,1610612765,6,4,2022-03-21T23:17:42Z,190000,,,0,,K. Hayes REBOUND (Off:0 Def:1),[1630165],1610612765.0,DET,,,,Hayes,K. Hayes,,,,,,,,,,,18.0,1.0,1.0,0.0,,,,,,,,,,,
63,PT10M04.00S,2022-03-21T23:17:36.5Z,1,REGULAR,turnover,lost ball,[],1630595,,,1610612765,6,4,2022-03-21T23:25:42Z,200000,,,0,,C. Cunningham lost ball TURNOVER (1 TO),"[1630595, 1629604]",1610612765.0,DET,,,,Cunningham,C. Cunningham,,,,,1.0,Elleby,1629604.0,,,,,,,,,,,,,,,,,,
64,PT10M04.00S,2022-03-21T23:17:36.5Z,1,REGULAR,steal,,[],1629604,,,1610612757,6,4,2022-03-21T23:25:42Z,205000,,,0,,C. Elleby STEAL (1 STL),[1629604],1610612757.0,POR,,,,Elleby,C. Elleby,,,,,,,,,,,,,,,,,,,,,,,,,
24,PT10M01.00S,2022-03-21T23:17:49.6Z,1,REGULAR,foul,personal,['2freethrow'],1630165,,,1610612757,6,4,2022-03-21T23:18:04Z,240000,,,0,,K. Hayes shooting personal FOUL (1 PF) (Williams 2 FT),"[1630165, 1630314]",1610612765.0,DET,shooting,,,Hayes,K. Hayes,,,,,,,,,,,,,,,1627964.0,1.0,0.0,Williams,1630314.0,,,,,,
26,PT10M01.00S,2022-03-21T23:18:20.5Z,1,REGULAR,freethrow,1 of 2,['fromturnover'],1630314,,,1610612757,6,5,2022-03-21T23:25:45Z,260000,,,0,,B. Williams Free Throw 1 of 2 (1 PTS),[1630314],1610612757.0,POR,,,,Williams,B. Williams,,,,,,,,,Made,1.0,,,,,,,,,,,,,,,
27,PT10M01.00S,2022-03-21T23:18:40.3Z,1,REGULAR,freethrow,2 of 2,['fromturnover'],1630314,,,1610612757,6,6,2022-03-21T23:25:45Z,270000,,,0,,B. Williams Free Throw 2 of 2 (2 PTS),[1630314],1610612757.0,POR,,,,Williams,B. Williams,,,,,,,,,Made,2.0,,,,,,,,,,,,,,,
28,PT09M40.00S,2022-03-21T23:19:03.5Z,1,REGULAR,2pt,Jump Shot,[],1630165,4.77989487516426,29.90196078431373,1610612765,6,6,2022-03-21T23:19:12Z,280000,100.0,-8.0,1,left,MISS K. Hayes 10' Jump Shot - blocked,"[1630165, 1629234]",1610612765.0,DET,,,,Hayes,K. Hayes,,,,,,,,10.08,Missed,,,,,,,,,,,Eubanks,1629234.0,,,,
29,PT09M40.00S,2022-03-21T23:19:03.5Z,1,REGULAR,block,,[],1629234,,,1610612765,6,6,2022-03-21T23:27:00Z,290000,,,0,,D. Eubanks BLOCK (1 BLK),[1629234],1610612757.0,POR,,,,Eubanks,D. Eubanks,,,,,,,,,,,,,,,,,,,,,,,,,
30,PT09M40.00S,2022-03-21T23:19:03.5Z,1,REGULAR,rebound,offensive,['team'],0,,,1610612765,6,6,2022-03-21T23:19:12Z,300000,,,0,,TEAM offensive REBOUND,[],1610612765.0,DET,,,,,,,,,,,,,,,,28.0,,,,,,,,,,,,,,
31,PT09M40.00S,2022-03-21T23:19:09.4Z,1,REGULAR,stoppage,out-of-bounds,[],0,,,1610612765,6,6,2022-03-21T23:19:09Z,310000,,,0,,,[],,,,,,,,,,,,,,,,,,,,,,,,,,,,,,,,
32,PT09M37.00S,2022-03-21T23:19:24.0Z,1,REGULAR,3pt,Jump Shot,['2ndchance'],1630180,34.477660972404735,70.09803921568627,1610612765,9,6,2022-03-21T23:19:28Z,320000,-100.0,272.0,1,left,S. Bey 28' 3PT  (3 PTS) (K. Hayes 1 AST),"[1630180, 1630165]",1610612765.0,DET,,,,Bey,S. Bey,,,,,,,,28.96,Made,3.0,,,,,,,,,,,,K. Hayes,1630165.0,1.0,
34,PT09M20.00S,2022-03-21T23:19:41.9Z,1,REGULAR,2pt,DUNK,['pointsinthepaint'],1629234,91.90210249671485,52.94117647058824,1610612757,9,8,2022-03-21T23:23:47Z,340000,15.0,24.0,1,right,D. Eubanks DUNK (2 PTS) (B. Williams 1 AST),"[1629234, 1630314]",1610612757.0,POR,,,,Eubanks,D. Eubanks,,,,,,,,2.78,Made,2.0,,,,,,,,,,,,B. Williams,1630314.0,1.0,
36,PT09M01.00S,2022-03-21T23:20:00.1Z,1,REGULAR,3pt,Jump Shot,[],1630191,7.276609724047319,96.81372549019608,1610612765,9,8,2022-03-21T23:20:50Z,360000,-234.0,16.0,1,left,MISS I. Stewart 3PT,[1630191],1610612765.0,DET,,,,Stewart,I. Stewart,,,,,,,,23.46,Missed,,,,,,,,,,,,,,,,
37,PT09M01.00S,2022-03-21T23:20:00.1Z,1,REGULAR,rebound,defensive,[],1629604,,,1610612757,9,8,2022-03-21T23:20:50Z,370000,,,0,,C. Elleby REBOUND (Off:1 Def:1),[1629604],1610612757.0,POR,,,,Elleby,C. Elleby,,,,,,,,,,,36.0,2.0,1.0,1.0,,,,,,,,,,,
38,PT08M50.00S,2022-03-21T23:20:11.6Z,1,REGULAR,2pt,Layup,['pointsinthepaint'],1626159,90.45663600525624,39.70588235294118,1610612757,9,10,2022-03-21T23:25:18Z,380000,-51.0,37.0,1,right,J. Winslow 6' driving Layup (4 PTS) (B. Williams 2 AST),"[1626159, 1630314]",1610612757.0,POR,driving,,,Winslow,J. Winslow,,,,,,,,6.35,Made,4.0,,,,,,,,,,,,B. Williams,1630314.0,2.0,
40,PT08M31.00S,2022-03-21T23:20:30.3Z,1,REGULAR,turnover,lost ball,[],1630180,,,1610612765,9,10,2022-03-21T23:21:20Z,400000,,,0,,S. Bey lost ball TURNOVER (1 TO),"[1630180, 1630570]",1610612765.0,DET,,,,Bey,S. Bey,,,,,1.0,Watford,1630570.0,,,,,,,,,,,,,,,,,,
41,PT08M31.00S,2022-03-21T23:20:30.3Z,1,REGULAR,steal,,[],1630570,,,1610612757,9,10,2022-03-21T23:20:32Z,410000,,,0,,T. Watford STEAL (1 STL),[1630570],1610612757.0,POR,,,,Watford,T. Watford,,,,,,,,,,,,,,,,,,,,,,,,,
42,PT08M28.00S,2022-03-21T23:20:33.9Z,1,REGULAR,2pt,Layup,"['fastbreak', 'pointsinthepaint', 'fromturnover']",1630570,91.77069645203679,52.450980392156865,1610612757,9,12,2022-03-21T23:25:59Z,420000,12.0,25.0,1,right,T. Watford running Layup (2 PTS),[1630570],1610612757.0,POR,running,,,Watford,T. Watford,,,,,,,,2.78,Made,2.0,,,,,,,,,,,,,,,
43,PT08M22.00S,2022-03-21T23:20:48.2Z,1,REGULAR,violation,delay-of-game,['team'],0,,,1610612765,9,12,2022-03-21T23:21:38Z,430000,,,0,,TEAM delay-of-game VIOLATION,[],1610612757.0,POR,,,,,,,,,,,,,,,,,,,,201638.0,,,,,,,,,,
44,PT08M11.00S,2022-03-21T23:20:59.1Z,1,REGULAR,2pt,Layup,['pointsinthepaint'],1630595,9.247700394218143,42.892156862745104,1610612765,9,12,2022-03-21T23:21:43Z,440000,36.0,34.0,1,left,MISS C. Cunningham driving Layup - blocked,"[1630595, 1629604]",1610612765.0,DET,driving,,,Cunningham,C. Cunningham,,,,,,,,4.94,Missed,,,,,,,,,,,Elleby,1629604.0,,,,
45,PT08M11.00S,2022-03-21T23:20:59.1Z,1,REGULAR,block,,[],1629604,,,1610612765,9,12,2022-03-21T23:21:02Z,450000,,,0,,C. Elleby BLOCK (1 BLK),[1629604],1610612757.0,POR,,,,Elleby,C. Elleby,,,,,,,,,,,,,,,,,,,,,,,,,
46,PT08M07.00S,2022-03-21T23:21:03.1Z,1,REGULAR,rebound,defensive,[],1629604,,,1610612757,9,12,2022-03-21T23:30:04Z,460000,,,0,,C. Elleby REBOUND (Off:1 Def:2),[1629604],1610612757.0,POR,,,,Elleby,C. Elleby,,,,,,,,,,,44.0,3.0,2.0,1.0,,,,,,,,,,,
47,PT08M07.00S,2022-03-21T23:21:05.6Z,1,REGULAR,2pt,Layup,"['fastbreak', 'pointsinthepaint']",1630314,90.71944809461235,46.07843137254902,1610612757,9,14,2022-03-21T23:27:53Z,470000,-20.0,35.0,1,right,B. Williams running Layup (4 PTS),[1630314],1610612757.0,POR,running,,,Williams,B. Williams,,,,,,,,3.99,Made,4.0,,,,,,,,,,,,,,,
48,PT08M07.00S,2022-03-21T23:21:10.2Z,1,REGULAR,foul,personal,['1freethrow'],1630165,,,1610612757,9,14,2022-03-21T23:21:22Z,480000,,,0,,K. Hayes shooting personal FOUL (2 PF) (Williams 1 FT),"[1630165, 1630314]",1610612765.0,DET,shooting,,,Hayes,K. Hayes,,,,,,,,,,,,,,,201638.0,2.0,0.0,Williams,1630314.0,,,,,,
50,PT08M07.00S,2022-03-21T23:21:27.2Z,1,REGULAR,substitution,out,[],1630165,,,1610612757,9,14,2022-03-21T23:21:43Z,500000,,,0,,SUB out: K. Hayes,[1630165],1610612765.0,DET,,,,Hayes,K. Hayes,,,,,,,,,,,,,,,,,,,,,,,,,
51,PT08M07.00S,2022-03-21T23:21:27.2Z,1,REGULAR,substitution,in,[],1630240,,,1610612757,9,14,2022-03-21T23:21:43Z,510000,,,0,,SUB in: S. Lee,[1630240],1610612765.0,DET,,,,Lee,S. Lee,,,,,,,,,,,,,,,,,,,,,,,,,
52,PT08M07.00S,2022-03-21T23:21:47.1Z,1,REGULAR,freethrow,1 of 1,[],1630314,,,1610612757,9,15,2022-03-21T23:21:47Z,520000,,,0,,B. Williams Free Throw 1 of 1 (5 PTS),[1630314],1610612757.0,POR,,,,Williams,B. Williams,,,,,,,,,Made,5.0,,,,,,,,,,,,,,,
53,PT07M47.00S,2022-03-21T23:22:06.3Z,1,REGULAR,3pt,Jump Shot,[],1630180,7.276609724047319,94.6078431372549,1610612765,9,15,2022-03-21T23:22:12Z,530000,-223.0,16.0,1,left,MISS S. Bey 3PT,[1630180],1610612765.0,DET,,,,Bey,S. Bey,,,,,,,,22.36,Missed,,,,,,,,,,,,,,,,
54,PT07M43.00S,2022-03-21T23:22:10.9Z,1,REGULAR,rebound,offensive,[],1630191,,,1610612765,9,15,2022-03-21T23:22:10Z,540000,,,0,,I. Stewart REBOUND (Off:2 Def:0),[1630191],1610612765.0,DET,,,,Stewart,I. Stewart,,,,,,,,,,,53.0,2.0,0.0,2.0,,,,,,,,,,,
55,PT07M37.00S,2022-03-21T23:22:16.9Z,1,REGULAR,2pt,Layup,"['pointsinthepaint', '2ndchance']",1628963,8.196452036793687,62.00980392156863,1610612765,9,15,2022-03-21T23:22:21Z,550000,-60.0,25.0,1,left,MISS M. Bagley III 6' Layup,[1628963],1610612765.0,DET,,,,Bagley III,M. Bagley III,,,,,,,,6.48,Missed,,,,,,,,,,,,,,,,
57,PT07M34.00S,2022-03-21T23:22:19.9Z,1,REGULAR,rebound,defensive,[],1630314,,,1610612757,9,15,2022-03-21T23:22:21Z,570000,,,0,,B. Williams REBOUND (Off:0 Def:1),[1630314],1610612757.0,POR,,,,Williams,B. Williams,,,,,,,,,,,55.0,1.0,1.0,0.0,,,,,,,,,,,
58,PT07M33.00S,2022-03-21T23:22:21.5Z,1,REGULAR,2pt,Layup,"['pointsinthepaint', 'fastbreak']",1630314,93.2161629434954,50.0,1610612757,9,17,2022-03-21T23:22:27Z,580000,0.0,11.0,1,right,B. Williams running Layup (7 PTS) (J. Winslow 1 AST),"[1630314, 1626159]",1610612757.0,POR,running,,,Williams,B. Williams,,,,,,,,1.13,Made,7.0,,,,,,,,,,,,J. Winslow,1626159.0,1.0,
60,PT07M33.00S,2022-03-21T23:22:34.6Z,1,REGULAR,timeout,full,"['team', 'mandatory']",0,,,1610612765,9,17,2022-03-21T23:22:34Z,600000,,,0,,DET Timeout,[],1610612765.0,DET,,,,,,,,,,,,,,,,,,,,,,,,,,,,,,
61,PT07M11.00S,2022-03-21T23:25:36.4Z,1,REGULAR,3pt,Jump Shot,[],1630595,28.827201051248352,79.65686274509804,1610612765,9,17,2022-03-21T23:25:50Z,610000,-148.0,218.0,1,left,MISS C. Cunningham 26' 3PT,[1630595],1610612765.0,DET,,,,Cunningham,C. Cunningham,,,,,,,,26.41,Missed,,,,,,,,,,,,,,,,
62,PT07M09.00S,2022-03-21T23:25:39.0Z,1,REGULAR,rebound,defensive,[],1629604,,,1610612757,9,17,2022-03-21T23:25:39Z,620000,,,0,,C. Elleby REBOUND (Off:1 Def:3),[1629604],1610612757.0,POR,,,,Elleby,C. Elleby,,,,,,,,,,,61.0,4.0,3.0,1.0,,,,,,,,,,,
65,PT06M57.00S,2022-03-21T23:25:50.1Z,1,REGULAR,2pt,Jump Shot,[],1629234,84.54336399474376,66.17647058823529,1610612757,9,19,2022-03-21T23:25:55Z,630000,81.0,93.0,1,right,D. Eubanks 12' floating Jump Shot (4 PTS) (C. Elleby 1 AST),"[1629234, 1629604]",1610612757.0,POR,floating,,,Eubanks,D. Eubanks,,,,,,,,12.31,Made,4.0,,,,,,,,,,,,C. Elleby,1629604.0,1.0,
67,PT06M49.00S,2022-03-21T23:26:00.9Z,1,REGULAR,foul,personal,['2freethrow'],1626159,,,1610612765,9,19,2022-03-21T23:26:24Z,650000,,,0,,J. Winslow shooting personal FOUL (1 PF) (Cunningham 2 FT),"[1626159, 1630595]",1610612757.0,POR,shooting,,,Winslow,J. Winslow,,,,,,,,,,,,,,,201638.0,1.0,0.0,Cunningham,1630595.0,,,,,,
69,PT06M49.00S,2022-03-21T23:26:30.1Z,1,REGULAR,freethrow,1 of 2,[],1630595,,,1610612765,9,19,2022-03-21T23:26:30Z,670000,,,0,,MISS C. Cunningham Free Throw 1 of 2,[1630595],1610612765.0,DET,,,,Cunningham,C. Cunningham,,,,,,,,,Missed,,,,,,,,,,,,,,,,
70,PT06M49.00S,2022-03-21T23:26:30.1Z,1,REGULAR,rebound,offensive,"['deadball', 'team']",0,,,1610612765,9,19,2022-03-21T23:26:30Z,680000,,,0,,TEAM offensive REBOUND,[],1610612765.0,DET,,,,,,,,,,,,,,,,69.0,,,,,,,,,,,,,,
71,PT06M49.00S,2022-03-21T23:26:47.9Z,1,REGULAR,freethrow,2 of 2,[],1630595,,,1610612765,10,19,2022-03-21T23:26:48Z,690000,,,0,,C. Cunningham Free Throw 2 of 2 (3 PTS),[1630595],1610612765.0,DET,,,,Cunningham,C. Cunningham,,,,,,,,,Made,3.0,,,,,,,,,,,,,,,
72,PT06M37.00S,2022-03-21T23:27:06.3Z,1,REGULAR,foul,personal,[],1630595,,,1610612757,10,19,2022-03-21T23:27:21Z,700000,,,0,,C. Cunningham personal FOUL (1 PF),"[1630595, 1629234]",1610612765.0,DET,,,,Cunningham,C. Cunningham,,,,,,,,,,,,,,,201638.0,1.0,0.0,Eubanks,1629234.0,,,,,,
74,PT06M29.00S,2022-03-21T23:27:35.0Z,1,REGULAR,turnover,lost ball,[],1630314,,,1610612757,10,19,2022-03-21T23:27:39Z,720000,,,0,,B. Williams lost ball TURNOVER (1 TO),"[1630314, 1630240]",1610612757.0,POR,,,,Williams,B. Williams,,,,,1.0,Lee,1630240.0,,,,,,,,,,,,,,,,,,
75,PT06M29.00S,2022-03-21T23:27:35.0Z,1,REGULAR,steal,,[],1630240,,,1610612765,10,19,2022-03-21T23:27:37Z,730000,,,0,,S. Lee STEAL (1 STL),[1630240],1610612765.0,DET,,,,Lee,S. Lee,,,,,,,,,,,,,,,,,,,,,,,,,
76,PT06M08.00S,2022-03-21T23:27:58.5Z,1,REGULAR,foul,personal,['2freethrow'],1629604,,,1610612765,10,19,2022-03-21T23:28:22Z,740000,,,0,,C. Elleby shooting personal FOUL (1 PF) (Bey 2 FT),"[1629604, 1630180]",1610612757.0,POR,shooting,,,Elleby,C. Elleby,,,,,,,,,,,,,,,201638.0,1.0,0.0,Bey,1630180.0,,,,,,
78,PT06M08.00S,2022-03-21T23:28:23.8Z,1,REGULAR,freethrow,1 of 2,['fromturnover'],1630180,,,1610612765,11,19,2022-03-21T23:28:23Z,760000,,,0,,S. Bey Free Throw 1 of 2 (4 PTS),[1630180],1610612765.0,DET,,,,Bey,S. Bey,,,,,,,,,Made,4.0,,,,,,,,,,,,,,,
79,PT06M08.00S,2022-03-21T23:28:36.0Z,1,REGULAR,freethrow,2 of 2,['fromturnover'],1630180,,,1610612765,12,19,2022-03-21T23:28:36Z,770000,,,0,,S. Bey Free Throw 2 of 2 (5 PTS),[1630180],1610612765.0,DET,,,,Bey,S. Bey,,,,,,,,,Made,5.0,,,,,,,,,,,,,,,
80,PT05M58.00S,2022-03-21T23:28:53.1Z,1,REGULAR,foul,personal,[],1630240,,,1610612757,12,19,2022-03-21T23:29:12Z,780000,,,0,,S. Lee personal FOUL (1 PF),"[1630240, 1630314]",1610612765.0,DET,,,,Lee,S. Lee,,,,,,,,,,,,,,,204059.0,1.0,0.0,Williams,1630314.0,,,,,,
82,PT05M52.00S,2022-03-21T23:29:15.7Z,1,REGULAR,2pt,Jump Shot,[],1630314,82.17805519053877,70.09803921568627,1610612757,12,19,2022-03-21T23:29:20Z,800000,100.0,115.0,1,right,MISS B. Williams 15' pullup Shot,[1630314],1610612757.0,POR,pullup,,,Williams,B. Williams,,,,,,,,15.27,Missed,,,,,,,,,,,,,,,,
83,PT05M47.00S,2022-03-21T23:29:20.7Z,1,REGULAR,rebound,defensive,[],1630191,,,1610612765,12,19,2022-03-21T23:29:20Z,810000,,,0,,I. Stewart REBOUND (Off:2 Def:1),[1630191],1610612765.0,DET,,,,Stewart,I. Stewart,,,,,,,,,,,82.0,3.0,1.0,2.0,,,,,,,,,,,
84,PT05M38.00S,2022-03-21T23:29:29.8Z,1,REGULAR,2pt,Layup,['pointsinthepaint'],1630595,9.247700394218143,41.91176470588235,1610612765,14,19,2022-03-21T23:29:35Z,820000,40.0,34.0,1,left,C. Cunningham driving Layup (5 PTS),[1630595],1610612765.0,DET,driving,,,Cunningham,C. Cunningham,,,,,,,,5.31,Made,5.0,,,,,,,,,,,,,,,
85,PT05M21.00S,2022-03-21T23:29:46.1Z,1,REGULAR,2pt,Jump Shot,[],1626159,78.23587385019711,29.65686274509804,1610612757,14,19,2022-03-21T23:30:08Z,830000,-102.0,152.0,1,right,MISS J. Winslow 18' Jump Shot,[1626159],1610612757.0,POR,,,,Winslow,J. Winslow,,,,,,,,18.3,Missed,,,,,,,,,,,,,,,,
86,PT05M18.00S,2022-03-21T23:29:48.9Z,1,REGULAR,rebound,offensive,[],1629604,,,1610612757,14,19,2022-03-21T23:29:48Z,840000,,,0,,C. Elleby REBOUND (Off:2 Def:3),[1629604],1610612757.0,POR,,,,Elleby,C. Elleby,,,,,,,,,,,85.0,5.0,3.0,2.0,,,,,,,,,,,
87,PT05M16.00S,2022-03-21T23:29:52.1Z,1,REGULAR,2pt,Jump Shot,"['pointsinthepaint', '2ndchance']",1626159,89.6681997371879,50.98039215686275,1610612757,14,19,2022-03-21T23:30:12Z,850000,5.0,45.0,1,right,MISS J. Winslow driving floating Shot,[1626159],1610612757.0,POR,driving floating,,,Winslow,J. Winslow,,,,,,,,4.49,Missed,,,,,,,,,,,,,,,,
88,PT05M13.00S,2022-03-21T23:29:55.1Z,1,REGULAR,rebound,defensive,[],1630191,,,1610612765,14,19,2022-03-21T23:30:12Z,860000,,,0,,I. Stewart REBOUND (Off:2 Def:2),[1630191],1610612765.0,DET,,,,Stewart,I. Stewart,,,,,,,,,,,87.0,4.0,2.0,2.0,,,,,,,,,,,
89,PT05M09.00S,2022-03-21T23:29:59.0Z,1,REGULAR,2pt,Layup,"['fastbreak', 'pointsinthepaint']",1630240,8.327858081471746,54.411764705882355,1610612765,14,19,2022-03-21T23:34:38Z,870000,-22.0,26.0,1,left,MISS S. Lee cutting Layup - blocked,"[1630240, 1626159]",1610612765.0,DET,cutting,,,Lee,S. Lee,,,,,,,,3.4,Missed,,,,,,,,,,,Winslow,1626159.0,,,,
90,PT05M09.00S,2022-03-21T23:29:59.0Z,1,REGULAR,block,,[],1626159,,,1610612765,14,19,2022-03-21T23:30:01Z,880000,,,0,,J. Winslow BLOCK (1 BLK),[1626159],1610612757.0,POR,,,,Winslow,J. Winslow,,,,,,,,,,,,,,,,,,,,,,,,,
91,PT05M05.00S,2022-03-21T23:30:03.0Z,1,REGULAR,rebound,defensive,[],1629604,,,1610612757,14,19,2022-03-21T23:30:17Z,890000,,,0,,C. Elleby REBOUND (Off:2 Def:4),[1629604],1610612757.0,POR,,,,Elleby,C. Elleby,,,,,,,,,,,89.0,6.0,4.0,2.0,,,,,,,,,,,
92,PT05M02.00S,2022-03-21T23:30:06.6Z,1,REGULAR,foul,personal,"['inpenalty', '2freethrow']",1630595,,,1610612757,14,19,2022-03-21T23:30:21Z,900000,,,0,,C. Cunningham shooting personal FOUL (2 PF) (Elleby 2 FT),"[1630595, 1629604]",1610612765.0,DET,shooting,,,Cunningham,C. Cunningham,,,,,,,,,,,,,,,1627964.0,2.0,0.0,Elleby,1629604.0,,,,,,
94,PT05M02.00S,2022-03-21T23:30:34.1Z,1,REGULAR,freethrow,1 of 2,[],1629604,,,1610612757,14,19,2022-03-21T23:30:34Z,920000,,,0,,MISS C. Elleby Free Throw 1 of 2,[1629604],1610612757.0,POR,,,,Elleby,C. Elleby,,,,,,,,,Missed,,,,,,,,,,,,,,,,
95,PT05M02.00S,2022-03-21T23:30:34.1Z,1,REGULAR,rebound,offensive,"['deadball', 'team']",0,,,1610612757,14,19,2022-03-21T23:30:34Z,930000,,,0,,TEAM offensive REBOUND,[],1610612757.0,POR,,,,,,,,,,,,,,,,94.0,,,,,,,,,,,,,,
96,PT05M02.00S,2022-03-21T23:30:35.4Z,1,REGULAR,substitution,out,[],1630595,,,1610612757,14,19,2022-03-21T23:31:00Z,940000,,,0,,SUB out: C. Cunningham,[1630595],1610612765.0,DET,,,,Cunningham,C. Cunningham,,,,,,,,,,,,,,,,,,,,,,,,,
97,PT05M02.00S,2022-03-21T23:30:35.4Z,1,REGULAR,substitution,out,[],1629234,,,1610612757,14,19,2022-03-21T23:31:00Z,950000,,,0,,SUB out: D. Eubanks,[1629234],1610612757.0,POR,,,,Eubanks,D. Eubanks,,,,,,,,,,,,,,,,,,,,,,,,,
98,PT05M02.00S,2022-03-21T23:30:35.4Z,1,REGULAR,substitution,out,[],1626159,,,1610612757,14,19,2022-03-21T23:31:00Z,960000,,,0,,SUB out: J. Winslow,[1626159],1610612757.0,POR,,,,Winslow,J. Winslow,,,,,,,,,,,,,,,,,,,,,,,,,
99,PT05M02.00S,2022-03-21T23:30:35.4Z,1,REGULAR,substitution,in,[],1630587,,,1610612757,14,19,2022-03-21T23:31:00Z,970000,,,0,,SUB in: I. Livers,[1630587],1610612765.0,DET,,,,Livers,I. Livers,,,,,,,,,,,,,,,,,,,,,,,,,
100,PT05M02.00S,2022-03-21T23:30:35.4Z,1,REGULAR,substitution,in,[],1630535,,,1610612757,14,19,2022-03-21T23:31:00Z,980000,,,0,,SUB in: G. Brown III,[1630535],1610612757.0,POR,,,,Brown III,G. Brown III,,,,,,,,,,,,,,,,,,,,,,,,,
101,PT05M02.00S,2022-03-21T23:30:35.4Z,1,REGULAR,substitution,in,[],203463,,,1610612757,14,19,2022-03-21T23:31:00Z,990000,,,0,,SUB in: B. McLemore,[203463],1610612757.0,POR,,,,McLemore,B. McLemore,,,,,,,,,,,,,,,,,,,,,,,,,
102,PT05M02.00S,2022-03-21T23:31:02.6Z,1,REGULAR,freethrow,2 of 2,[],1629604,,,1610612757,14,19,2022-03-21T23:31:02Z,1000000,,,0,,MISS C. Elleby Free Throw 2 of 2,[1629604],1610612757.0,POR,,,,Elleby,C. Elleby,,,,,,,,,Missed,,,,,,,,,,,,,,,,
103,PT04M58.00S,2022-03-21T23:31:04.8Z,1,REGULAR,rebound,defensive,[],1630180,,,1610612765,14,19,2022-03-21T23:31:04Z,1010000,,,0,,S. Bey REBOUND (Off:0 Def:1),[1630180],1610612765.0,DET,,,,Bey,S. Bey,,,,,,,,,,,102.0,1.0,1.0,0.0,,,,,,,,,,,
104,PT04M41.00S,2022-03-21T23:31:22.3Z,1,REGULAR,3pt,Jump Shot,[],1630587,6.356767411300922,95.09803921568627,1610612765,14,19,2022-03-21T23:31:44Z,1020000,-225.0,7.0,1,left,MISS I. Livers 3PT,[1630587],1610612765.0,DET,,,,Livers,I. Livers,,,,,,,,22.56,Missed,,,,,,,,,,,,,,,,
105,PT04M40.00S,2022-03-21T23:31:23.3Z,1,REGULAR,rebound,offensive,['team'],0,,,1610612765,14,19,2022-03-21T23:31:44Z,1030000,,,0,,TEAM offensive REBOUND,[],1610612765.0,DET,,,,,,,,,,,,,,,,104.0,,,,,,,,,,,,,,
106,PT04M40.00S,2022-03-21T23:31:51.0Z,1,REGULAR,stoppage,out-of-bounds,[],0,,,1610612765,14,19,2022-03-21T23:31:51Z,1040000,,,0,,,[],,,,,,,,,,,,,,,,,,,,,,,,,,,,,,,,
107,PT04M38.00S,2022-03-21T23:31:59.8Z,1,REGULAR,2pt,Jump Shot,['2ndchance'],1630180,5.962549277266746,13.480392156862735,1610612765,14,19,2022-03-21T23:36:11Z,1050000,183.0,4.0,1,left,MISS S. Bey 18' Jump Shot,[1630180],1610612765.0,DET,,,,Bey,S. Bey,,,,,,,,18.26,Missed,,,,,,,,,,,,,,,,
108,PT04M38.00S,2022-03-21T23:31:59.8Z,1,REGULAR,rebound,offensive,['team'],0,,,1610612765,14,19,2022-03-21T23:36:11Z,1060000,,,0,,TEAM offensive REBOUND,[],1610612765.0,DET,,,,,,,,,,,,,,,,107.0,,,,,,,,,,,,,,
109,PT04M38.00S,2022-03-21T23:32:06.1Z,1,REGULAR,turnover,shot clock,['team'],0,,,1610612765,14,19,2022-03-21T23:32:23Z,1070000,,,0,,DET shot clock Team TURNOVER,[],1610612765.0,DET,,,,,,,,,,,,,,,,,,,,201638.0,,,,,,,,,,
110,PT04M25.00S,2022-03-21T23:32:28.4Z,1,REGULAR,2pt,Layup,"['pointsinthepaint', 'fromturnover']",1629604,92.42772667542707,46.07843137254902,1610612757,14,21,2022-03-21T23:36:41Z,1080000,-20.0,19.0,1,right,C. Elleby cutting Layup (4 PTS) (T. Watford 1 AST),"[1629604, 1630570]",1610612757.0,POR,cutting,,,Elleby,C. Elleby,,,,,,,,2.71,Made,4.0,,,,,,,,,,,,T. Watford,1630570.0,1.0,
112,PT04M09.00S,2022-03-21T23:32:48.7Z,1,REGULAR,stoppage,out-of-bounds,[],0,,,1610612765,14,21,2022-03-21T23:32:48Z,1100000,,,0,,,[],,,,,,,,,,,,,,,,,,,,,,,,,,,,,,,,
113,PT04M05.00S,2022-03-21T23:33:11.5Z,1,REGULAR,foul,personal,['2freethrow'],1630535,,,1610612765,14,21,2022-03-21T23:33:22Z,1110000,,,0,,G. Brown III shooting personal FOUL (1 PF) (Bagley III 2 FT),"[1630535, 1628963]",1610612757.0,POR,shooting,,,Brown III,G. Brown III,,,,,,,,,,,,,,,1627964.0,1.0,0.0,Bagley III,1628963.0,,,,,,
115,PT04M05.00S,2022-03-21T23:33:46.7Z,1,REGULAR,freethrow,1 of 2,[],1628963,,,1610612765,15,21,2022-03-21T23:33:46Z,1130000,,,0,,M. Bagley III Free Throw 1 of 2 (3 PTS),[1628963],1610612765.0,DET,,,,Bagley III,M. Bagley III,,,,,,,,,Made,3.0,,,,,,,,,,,,,,,
116,PT04M05.00S,2022-03-21T23:33:47.6Z,1,REGULAR,substitution,out,[],1630314,,,1610612765,15,21,2022-03-21T23:33:52Z,1140000,,,0,,SUB out: B. Williams,[1630314],1610612757.0,POR,,,,Williams,B. Williams,,,,,,,,,,,,,,,,,,,,,,,,,
117,PT04M05.00S,2022-03-21T23:33:47.6Z,1,REGULAR,substitution,in,[],1627739,,,1610612765,15,21,2022-03-21T23:33:52Z,1150000,,,0,,SUB in: K. Dunn,[1627739],1610612757.0,POR,,,,Dunn,K. Dunn,,,,,,,,,,,,,,,,,,,,,,,,,
118,PT04M05.00S,2022-03-21T23:34:11.6Z,1,REGULAR,freethrow,2 of 2,[],1628963,,,1610612765,16,21,2022-03-21T23:34:11Z,1160000,,,0,,M. Bagley III Free Throw 2 of 2 (4 PTS),[1628963],1610612765.0,DET,,,,Bagley III,M. Bagley III,,,,,,,,,Made,4.0,,,,,,,,,,,,,,,
119,PT03M52.00S,2022-03-21T23:34:24.3Z,1,REGULAR,2pt,Layup,['pointsinthepaint'],1630570,92.0335085413929,56.372549019607845,1610612757,16,21,2022-03-21T23:34:28Z,1170000,32.0,22.0,1,right,MISS T. Watford Layup,[1630570],1610612757.0,POR,,,,Watford,T. Watford,,,,,,,,3.9,Missed,,,,,,,,,,,,,,,,
120,PT03M49.00S,2022-03-21T23:34:27.3Z,1,REGULAR,rebound,defensive,[],1628963,,,1610612765,16,21,2022-03-21T23:34:28Z,1180000,,,0,,M. Bagley III REBOUND (Off:0 Def:1),[1628963],1610612765.0,DET,,,,Bagley III,M. Bagley III,,,,,,,,,,,119.0,1.0,1.0,0.0,,,,,,,,,,,
121,PT03M45.00S,2022-03-21T23:34:31.4Z,1,REGULAR,2pt,Layup,"['fastbreak', 'pointsinthepaint']",1630240,14.241130091984232,63.23529411764706,1610612765,16,21,2022-03-21T23:38:19Z,1190000,-66.0,81.0,1,left,MISS S. Lee 10' running Layup - blocked,"[1630240, 1627739]",1610612765.0,DET,running,,,Lee,S. Lee,,,,,,,,10.49,Missed,,,,,,,,,,,Dunn,1627739.0,,,,
122,PT03M45.00S,2022-03-21T23:34:31.4Z,1,REGULAR,block,,[],1627739,,,1610612765,16,21,2022-03-21T23:34:34Z,1200000,,,0,,K. Dunn BLOCK (1 BLK),[1627739],1610612757.0,POR,,,,Dunn,K. Dunn,,,,,,,,,,,,,,,,,,,,,,,,,
123,PT03M43.00S,2022-03-21T23:34:33.4Z,1,REGULAR,rebound,defensive,[],203463,,,1610612757,16,21,2022-03-21T23:34:47Z,1210000,,,0,,B. McLemore REBOUND (Off:0 Def:1),[203463],1610612757.0,POR,,,,McLemore,B. McLemore,,,,,,,,,,,121.0,1.0,1.0,0.0,,,,,,,,,,,
124,PT03M41.00S,2022-03-21T23:34:36.9Z,1,REGULAR,2pt,Layup,"['fastbreak', 'pointsinthepaint']",1630570,91.11366622864652,46.32352941176471,1610612757,16,21,2022-03-21T23:38:50Z,1220000,-18.0,31.0,1,right,MISS T. Watford running Layup,[1630570],1610612757.0,POR,running,,,Watford,T. Watford,,,,,,,,3.6,Missed,,,,,,,,,,,,,,,,
125,PT03M35.00S,2022-03-21T23:34:42.9Z,1,REGULAR,rebound,offensive,[],1630535,,,1610612757,16,21,2022-03-21T23:34:42Z,1230000,,,0,,G. Brown III REBOUND (Off:1 Def:0),[1630535],1610612757.0,POR,,,,Brown III,G. Brown III,,,,,,,,,,,124.0,1.0,0.0,1.0,,,,,,,,,,,
126,PT03M33.00S,2022-03-21T23:34:44.6Z,1,REGULAR,3pt,Jump Shot,['2ndchance'],203463,76.47831800262813,8.800551470588232,1610612757,16,21,2022-03-21T23:40:24Z,1240000,-206.0,169.0,1,right,MISS B. McLemore 26' 3PT,[203463],1610612757.0,POR,,,,McLemore,B. McLemore,,,,,,,,26.62,Missed,,,,,,,,,,,,,,,,
127,PT03M29.00S,2022-03-21T23:34:48.6Z,1,REGULAR,rebound,defensive,[],1630180,,,1610612765,16,21,2022-03-21T23:40:24Z,1250000,,,0,,S. Bey REBOUND (Off:0 Def:2),[1630180],1610612765.0,DET,,,,Bey,S. Bey,,,,,,,,,,,126.0,2.0,2.0,0.0,,,,,,,,,,,
128,PT03M29.00S,2022-03-21T23:34:55.4Z,1,REGULAR,foul,personal,['2freethrow'],203463,,,1610612765,16,21,2022-03-21T23:35:15Z,1260000,,,0,,B. McLemore shooting personal FOUL (1 PF) (Bey 2 FT),"[203463, 1630180]",1610612757.0,POR,shooting,,,McLemore,B. McLemore,,,,,,,,,,,,,,,201638.0,1.0,0.0,Bey,1630180.0,,,,,,
130,PT03M29.00S,2022-03-21T23:35:17.5Z,1,REGULAR,freethrow,1 of 2,[],1630180,,,1610612765,17,21,2022-03-21T23:35:17Z,1280000,,,0,,S. Bey Free Throw 1 of 2 (6 PTS),[1630180],1610612765.0,DET,,,,Bey,S. Bey,,,,,,,,,Made,6.0,,,,,,,,,,,,,,,
131,PT03M29.00S,2022-03-21T23:35:18.6Z,1,REGULAR,substitution,out,[],1630191,,,1610612765,17,21,2022-03-21T23:35:29Z,1290000,,,0,,SUB out: I. Stewart,[1630191],1610612765.0,DET,,,,Stewart,I. Stewart,,,,,,,,,,,,,,,,,,,,,,,,,
132,PT03M29.00S,2022-03-21T23:35:18.6Z,1,REGULAR,substitution,out,[],1629604,,,1610612765,17,21,2022-03-21T23:35:29Z,1300000,,,0,,SUB out: C. Elleby,[1629604],1610612757.0,POR,,,,Elleby,C. Elleby,,,,,,,,,,,,,,,,,,,,,,,,,
133,PT03M29.00S,2022-03-21T23:35:18.6Z,1,REGULAR,substitution,in,[],1630568,,,1610612765,17,21,2022-03-21T23:35:29Z,1310000,,,0,,SUB in: L. Garza,[1630568],1610612765.0,DET,,,,Garza,L. Garza,,,,,,,,,,,,,,,,,,,,,,,,,
134,PT03M29.00S,2022-03-21T23:35:18.6Z,1,REGULAR,substitution,in,[],1630553,,,1610612765,17,21,2022-03-21T23:35:29Z,1320000,,,0,,SUB in: K. Johnson,[1630553],1610612757.0,POR,,,,Johnson,K. Johnson,,,,,,,,,,,,,,,,,,,,,,,,,
135,PT03M29.00S,2022-03-21T23:35:34.1Z,1,REGULAR,freethrow,2 of 2,[],1630180,,,1610612765,18,21,2022-03-21T23:35:34Z,1330000,,,0,,S. Bey Free Throw 2 of 2 (7 PTS),[1630180],1610612765.0,DET,,,,Bey,S. Bey,,,,,,,,,Made,7.0,,,,,,,,,,,,,,,
136,PT03M18.00S,2022-03-21T23:35:49.8Z,1,REGULAR,foul,personal,"['inpenalty', '2freethrow']",1630240,,,1610612757,18,21,2022-03-21T23:36:07Z,1340000,,,0,,S. Lee shooting personal FOUL (2 PF) (Brown III 2 FT),"[1630240, 1630535]",1610612765.0,DET,shooting,,,Lee,S. Lee,,,,,,,,,,,,,,,1627964.0,2.0,0.0,Brown III,1630535.0,,,,,,
138,PT03M18.00S,2022-03-21T23:36:17.2Z,1,REGULAR,freethrow,1 of 2,[],1630535,,,1610612757,18,21,2022-03-21T23:36:35Z,1360000,,,0,,MISS G. Brown III Free Throw 1 of 2,[1630535],1610612757.0,POR,,,,Brown III,G. Brown III,,,,,,,,,Missed,,,,,,,,,,,,,,,,
139,PT03M18.00S,2022-03-21T23:36:17.2Z,1,REGULAR,rebound,offensive,"['team', 'deadball']",0,,,1610612757,18,21,2022-03-21T23:36:35Z,1370000,,,0,,TEAM offensive REBOUND,[],1610612757.0,POR,,,,,,,,,,,,,,,,138.0,,,,,,,,,,,,,,
140,PT03M18.00S,2022-03-21T23:36:17.2Z,1,REGULAR,freethrow,2 of 2,[],1630535,,,1610612757,18,21,2022-03-21T23:36:35Z,1380000,,,0,,MISS G. Brown III Free Throw 2 of 2,[1630535],1610612757.0,POR,,,,Brown III,G. Brown III,,,,,,,,,Missed,,,,,,,,,,,,,,,,
141,PT03M15.00S,2022-03-21T23:36:20.2Z,1,REGULAR,rebound,defensive,[],1628963,,,1610612765,18,21,2022-03-21T23:36:35Z,1390000,,,0,,M. Bagley III REBOUND (Off:0 Def:2),[1628963],1610612765.0,DET,,,,Bagley III,M. Bagley III,,,,,,,,,,,140.0,2.0,2.0,0.0,,,,,,,,,,,
143,PT02M59.00S,2022-03-21T23:37:08.3Z,1,REGULAR,foul,technical,['1freethrow'],1630535,,,1610612765,18,21,2022-03-21T23:40:02Z,1410000,,,0,,G. Brown III defensive-3-second technical FOUL (1 Tech),[1630535],1610612757.0,POR,defensive-3-second,,,Brown III,G. Brown III,,,,,,,,,,,,,,,1627964.0,1.0,1.0,,,,,,,,
144,PT02M59.00S,2022-03-21T23:37:42.7Z,1,REGULAR,timeout,full,"['team', 'mandatory']",0,,,1610612765,18,21,2022-03-21T23:37:42Z,1420000,,,0,,POR Timeout,[],1610612757.0,POR,,,,,,,,,,,,,,,,,,,,,,,,,,,,,,
145,PT02M59.00S,2022-03-21T23:38:21.8Z,1,REGULAR,substitution,out,[],1630570,,,1610612765,18,21,2022-03-21T23:40:00Z,1430000,,,0,,SUB out: T. Watford,[1630570],1610612757.0,POR,,,,Watford,T. Watford,,,,,,,,,,,,,,,,,,,,,,,,,
146,PT02M59.00S,2022-03-21T23:38:21.8Z,1,REGULAR,substitution,in,[],1629234,,,1610612765,18,21,2022-03-21T23:40:00Z,1440000,,,0,,SUB in: D. Eubanks,[1629234],1610612757.0,POR,,,,Eubanks,D. Eubanks,,,,,,,,,,,,,,,,,,,,,,,,,
147,PT02M59.00S,2022-03-21T23:40:04.2Z,1,REGULAR,freethrow,1 of 1,[],1630587,,,1610612765,19,21,2022-03-21T23:40:04Z,1450000,,,0,,I. Livers technical Free Throw 1 of 1 (1 PTS),[1630587],1610612765.0,DET,technical,,,Livers,I. Livers,,,,,,,,,Made,1.0,,,,,,,,,,,,,,,
148,PT02M49.00S,2022-03-21T23:40:20.3Z,1,REGULAR,3pt,Jump Shot,[],1630587,8.196452036793687,96.07843137254902,1610612765,19,21,2022-03-21T23:40:28Z,1460000,-230.0,25.0,1,left,MISS I. Livers 3PT,[1630587],1610612765.0,DET,,,,Livers,I. Livers,,,,,,,,23.17,Missed,,,,,,,,,,,,,,,,
149,PT02M46.00S,2022-03-21T23:40:23.1Z,1,REGULAR,rebound,offensive,[],1630180,,,1610612765,19,21,2022-03-21T23:40:23Z,1470000,,,0,,S. Bey REBOUND (Off:1 Def:2),[1630180],1610612765.0,DET,,,,Bey,S. Bey,,,,,,,,,,,148.0,3.0,2.0,1.0,,,,,,,,,,,
150,PT02M34.00S,2022-03-21T23:40:34.5Z,1,REGULAR,3pt,Jump Shot,['2ndchance'],1630180,27.38173455978975,17.64705882352942,1610612765,19,21,2022-03-21T23:40:40Z,1480000,162.0,205.0,1,left,MISS S. Bey 26' 3PT,[1630180],1610612765.0,DET,,,,Bey,S. Bey,,,,,,,,26.11,Missed,,,,,,,,,,,,,,,,
151,PT02M29.00S,2022-03-21T23:40:39.5Z,1,REGULAR,rebound,defensive,[],1629234,,,1610612757,19,21,2022-03-21T23:40:40Z,1490000,,,0,,D. Eubanks REBOUND (Off:0 Def:1),[1629234],1610612757.0,POR,,,,Eubanks,D. Eubanks,,,,,,,,,,,150.0,1.0,1.0,0.0,,,,,,,,,,,
152,PT02M09.00S,2022-03-21T23:40:59.4Z,1,REGULAR,2pt,Jump Shot,[],1627739,74.95072273324573,62.745098039215684,1610612757,19,21,2022-03-21T23:41:03Z,1500000,64.0,183.0,1,right,MISS K. Dunn 19' pullup Shot,[1627739],1610612757.0,POR,pullup,,,Dunn,K. Dunn,,,,,,,,19.38,Missed,,,,,,,,,,,,,,,,
153,PT02M07.00S,2022-03-21T23:41:01.4Z,1,REGULAR,rebound,offensive,[],1629234,,,1610612757,19,21,2022-03-21T23:41:03Z,1510000,,,0,,D. Eubanks REBOUND (Off:1 Def:1),[1629234],1610612757.0,POR,,,,Eubanks,D. Eubanks,,,,,,,,,,,152.0,2.0,1.0,1.0,,,,,,,,,,,
154,PT02M01.00S,2022-03-21T23:41:08.3Z,1,REGULAR,2pt,Layup,"['pointsinthepaint', '2ndchance']",1630535,92.29632063074901,48.774509803921575,1610612757,19,23,2022-03-21T23:41:13Z,1520000,-6.0,20.0,1,right,G. Brown III driving Layup (2 PTS),[1630535],1610612757.0,POR,driving,,,Brown III,G. Brown III,,,,,,,,2.08,Made,2.0,,,,,,,,,,,,,,,
155,PT01M39.00S,2022-03-21T23:41:29.4Z,1,REGULAR,2pt,Layup,['pointsinthepaint'],1630240,11.613009198423129,48.529411764705884,1610612765,19,23,2022-03-21T23:41:33Z,1530000,7.0,57.0,1,left,MISS S. Lee cutting Layup - blocked,"[1630240, 203463]",1610612765.0,DET,cutting,,,Lee,S. Lee,,,,,,,,5.72,Missed,,,,,,,,,,,McLemore,203463.0,,,,
156,PT01M39.00S,2022-03-21T23:41:29.4Z,1,REGULAR,block,,[],203463,,,1610612765,19,23,2022-03-21T23:41:31Z,1540000,,,0,,B. McLemore BLOCK (1 BLK),[203463],1610612757.0,POR,,,,McLemore,B. McLemore,,,,,,,,,,,,,,,,,,,,,,,,,
157,PT01M36.00S,2022-03-21T23:41:32.4Z,1,REGULAR,rebound,defensive,[],1630553,,,1610612757,19,23,2022-03-21T23:41:33Z,1550000,,,0,,K. Johnson REBOUND (Off:0 Def:1),[1630553],1610612757.0,POR,,,,Johnson,K. Johnson,,,,,,,,,,,155.0,1.0,1.0,0.0,,,,,,,,,,,
158,PT01M36.00S,2022-03-21T23:41:34.4Z,1,REGULAR,foul,personal,"['inpenalty', '2freethrow']",1630587,,,1610612757,19,23,2022-03-21T23:41:53Z,1560000,,,0,,I. Livers shooting personal FOUL (1 PF) (Brown III 2 FT),"[1630587, 1630535]",1610612765.0,DET,shooting,,,Livers,I. Livers,,,,,,,,,,,,,,,201638.0,1.0,0.0,Brown III,1630535.0,,,,,,
160,PT01M36.00S,2022-03-21T23:42:23.6Z,1,REGULAR,freethrow,1 of 2,[],1630535,,,1610612757,19,24,2022-03-21T23:42:23Z,1580000,,,0,,G. Brown III Free Throw 1 of 2 (3 PTS),[1630535],1610612757.0,POR,,,,Brown III,G. Brown III,,,,,,,,,Made,3.0,,,,,,,,,,,,,,,
161,PT01M36.00S,2022-03-21T23:42:24.4Z,1,REGULAR,substitution,out,[],1628963,,,1610612757,19,24,2022-03-21T23:42:31Z,1590000,,,0,,SUB out: M. Bagley III,[1628963],1610612765.0,DET,,,,Bagley III,M. Bagley III,,,,,,,,,,,,,,,,,,,,,,,,,
162,PT01M36.00S,2022-03-21T23:42:24.4Z,1,REGULAR,substitution,in,[],1630691,,,1610612757,19,24,2022-03-21T23:42:31Z,1600000,,,0,,SUB in: J. Pickett,[1630691],1610612765.0,DET,,,,Pickett,J. Pickett,,,,,,,,,,,,,,,,,,,,,,,,,
163,PT01M36.00S,2022-03-21T23:42:42.2Z,1,REGULAR,freethrow,2 of 2,[],1630535,,,1610612757,19,25,2022-03-21T23:42:42Z,1610000,,,0,,G. Brown III Free Throw 2 of 2 (4 PTS),[1630535],1610612757.0,POR,,,,Brown III,G. Brown III,,,,,,,,,Made,4.0,,,,,,,,,,,,,,,
164,PT01M20.00S,2022-03-21T23:43:00.9Z,1,REGULAR,3pt,Jump Shot,[],1630691,5.962549277266746,2.941176470588232,1610612765,19,25,2022-03-21T23:43:31Z,1620000,235.0,4.0,1,left,MISS J. Pickett 3PT,[1630691],1610612765.0,DET,,,,Pickett,J. Pickett,,,,,,,,23.53,Missed,,,,,,,,,,,,,,,,
165,PT01M19.00S,2022-03-21T23:43:01.9Z,1,REGULAR,rebound,offensive,['team'],0,,,1610612765,19,25,2022-03-21T23:43:31Z,1630000,,,0,,TEAM offensive REBOUND,[],1610612765.0,DET,,,,,,,,,,,,,,,,164.0,,,,,,,,,,,,,,
166,PT01M19.00S,2022-03-21T23:43:12.5Z,1,REGULAR,foul,personal,"['inpenalty', '2freethrow']",1630535,,,1610612765,19,25,2022-03-21T23:43:24Z,1640000,,,0,,G. Brown III loose ball personal FOUL (2 PF) (Garza 2 FT),"[1630535, 1630568]",1610612757.0,POR,loose ball,,,Brown III,G. Brown III,,,,,,,,,,,,,,,1627964.0,2.0,1.0,Garza,1630568.0,,,,,,
168,PT01M19.00S,2022-03-21T23:43:35.1Z,1,REGULAR,freethrow,1 of 2,['2ndchance'],1630568,,,1610612765,19,25,2022-03-21T23:43:35Z,1660000,,,0,,MISS L. Garza Free Throw 1 of 2,[1630568],1610612765.0,DET,,,,Garza,L. Garza,,,,,,,,,Missed,,,,,,,,,,,,,,,,
169,PT01M19.00S,2022-03-21T23:43:35.1Z,1,REGULAR,rebound,offensive,"['deadball', 'team']",0,,,1610612765,19,25,2022-03-21T23:43:35Z,1670000,,,0,,TEAM offensive REBOUND,[],1610612765.0,DET,,,,,,,,,,,,,,,,168.0,,,,,,,,,,,,,,
170,PT01M19.00S,2022-03-21T23:43:55.1Z,1,REGULAR,freethrow,2 of 2,['2ndchance'],1630568,,,1610612765,20,25,2022-03-21T23:43:55Z,1680000,,,0,,L. Garza Free Throw 2 of 2 (1 PTS),[1630568],1610612765.0,DET,,,,Garza,L. Garza,,,,,,,,,Made,1.0,,,,,,,,,,,,,,,
171,PT01M10.00S,2022-03-21T23:44:05.3Z,1,REGULAR,2pt,DUNK,['pointsinthepaint'],203463,92.16491458607096,48.0392156862745,1610612757,20,27,2022-03-21T23:44:18Z,1690000,-10.0,21.0,1,right,B. McLemore reverse DUNK (2 PTS) (K. Dunn 1 AST),"[203463, 1627739]",1610612757.0,POR,reverse,,,McLemore,B. McLemore,,,,,,,,2.33,Made,2.0,,,,,,,,,,,,K. Dunn,1627739.0,1.0,
173,PT00M45.80S,2022-03-21T23:44:31.9Z,1,REGULAR,2pt,Jump Shot,[],1630180,28.70195466491458,36.986825980392155,1610612765,20,27,2022-03-21T23:50:03Z,1710000,65.0,217.0,1,left,MISS S. Bey 22' Jump Shot,[1630180],1610612765.0,DET,,,,Bey,S. Bey,,,,,,,,22.68,Missed,,,,,,,,,,,,,,,,
174,PT00M44.90S,2022-03-21T23:44:32.8Z,1,REGULAR,rebound,offensive,['team'],0,,,1610612765,20,27,2022-03-21T23:45:57Z,1720000,,,0,,TEAM offensive REBOUND,[],1610612765.0,DET,,,,,,,,,,,,,,,,173.0,,,,,,,,,,,,,,
175,PT00M44.90S,2022-03-21T23:44:40.0Z,1,REGULAR,turnover,shot clock,['team'],0,,,1610612765,20,27,2022-03-21T23:45:37Z,1730000,,,0,,DET shot clock Team TURNOVER,[],1610612765.0,DET,,,,,,,,,,,,,,,,,,,,1627964.0,,,,,,,,,,
176,PT00M24.90S,2022-03-21T23:45:09.8Z,1,REGULAR,foul,personal,"['inpenalty', '2freethrow']",1630568,,,1610612757,20,27,2022-03-21T23:45:24Z,1740000,,,0,,L. Garza shooting personal FOUL (1 PF) (Eubanks 2 FT),"[1630568, 1629234]",1610612765.0,DET,shooting,,,Garza,L. Garza,,,,,,,,,,,,,,,204059.0,1.0,0.0,Eubanks,1629234.0,,,,,,
178,PT00M24.90S,2022-03-21T23:45:39.0Z,1,REGULAR,freethrow,1 of 2,['fromturnover'],1629234,,,1610612757,20,28,2022-03-21T23:45:39Z,1760000,,,0,,D. Eubanks Free Throw 1 of 2 (5 PTS),[1629234],1610612757.0,POR,,,,Eubanks,D. Eubanks,,,,,,,,,Made,5.0,,,,,,,,,,,,,,,
179,PT00M24.90S,2022-03-21T23:45:55.6Z,1,REGULAR,freethrow,2 of 2,['fromturnover'],1629234,,,1610612757,20,29,2022-03-21T23:45:55Z,1770000,,,0,,D. Eubanks Free Throw 2 of 2 (6 PTS),[1629234],1610612757.0,POR,,,,Eubanks,D. Eubanks,,,,,,,,,Made,6.0,,,,,,,,,,,,,,,
180,PT00M17.50S,2022-03-21T23:46:11.1Z,1,REGULAR,foul,personal,"['inpenalty', '2freethrow']",1630535,,,1610612765,20,29,2022-03-21T23:46:22Z,1780000,,,0,,G. Brown III personal FOUL (3 PF) (Garza 2 FT),"[1630535, 1630568]",1610612757.0,POR,,,,Brown III,G. Brown III,,,,,,,,,,,,,,,204059.0,3.0,1.0,Garza,1630568.0,,,,,,
182,PT00M17.50S,2022-03-21T23:46:38.3Z,1,REGULAR,freethrow,1 of 2,[],1630568,,,1610612765,21,29,2022-03-21T23:46:38Z,1800000,,,0,,L. Garza Free Throw 1 of 2 (2 PTS),[1630568],1610612765.0,DET,,,,Garza,L. Garza,,,,,,,,,Made,2.0,,,,,,,,,,,,,,,
183,PT00M17.50S,2022-03-21T23:46:39.4Z,1,REGULAR,substitution,out,[],1630535,,,1610612765,21,29,2022-03-21T23:46:46Z,1810000,,,0,,SUB out: G. Brown III,[1630535],1610612757.0,POR,,,,Brown III,G. Brown III,,,,,,,,,,,,,,,,,,,,,,,,,
184,PT00M17.50S,2022-03-21T23:46:39.4Z,1,REGULAR,substitution,in,[],1629604,,,1610612765,21,29,2022-03-21T23:46:46Z,1820000,,,0,,SUB in: C. Elleby,[1629604],1610612757.0,POR,,,,Elleby,C. Elleby,,,,,,,,,,,,,,,,,,,,,,,,,
185,PT00M17.50S,2022-03-21T23:47:01.5Z,1,REGULAR,freethrow,2 of 2,[],1630568,,,1610612765,22,29,2022-03-21T23:47:01Z,1830000,,,0,,L. Garza Free Throw 2 of 2 (3 PTS),[1630568],1610612765.0,DET,,,,Garza,L. Garza,,,,,,,,,Made,3.0,,,,,,,,,,,,,,,
186,PT00M04.00S,2022-03-21T23:47:20.3Z,1,REGULAR,stoppage,out-of-bounds,[],0,,,1610612757,22,29,2022-03-21T23:47:20Z,1840000,,,0,,,[],,,,,,,,,,,,,,,,,,,,,,,,,,,,,,,,
187,PT00M00.10S,2022-03-21T23:47:35.9Z,1,REGULAR,2pt,Jump Shot,['pointsinthepaint'],1627739,86.38304862023654,58.82352941176471,1610612757,22,29,2022-03-21T23:48:07Z,1850000,44.0,75.0,1,right,MISS K. Dunn 8' turnaround Shot,[1627739],1610612757.0,POR,turnaround,,,Dunn,K. Dunn,,,,,,,,8.74,Missed,,,,,,,,,,,,,,,,
188,PT00M00.10S,2022-03-21T23:47:35.9Z,1,REGULAR,rebound,offensive,['team'],0,,,1610612757,22,29,2022-03-21T23:48:07Z,1860000,,,0,,TEAM offensive REBOUND,[],1610612757.0,POR,,,,,,,,,,,,,,,,187.0,,,,,,,,,,,,,,
189,PT00M00.00S,2022-03-21T23:47:43.7Z,1,REGULAR,period,end,[],0,,,1610612757,22,29,2022-03-21T23:47:43Z,1870000,,,0,,Period End,[],,,,,,,,,,,,,,,,,,,,,,,,,,,,,,,,
190,PT12M00.00S,2022-03-21T23:49:13.9Z,2,REGULAR,substitution,out,['startperiod'],1630180,,,1610612757,22,29,2022-03-21T23:50:23Z,1880000,,,0,,SUB out: S. Bey,[1630180],1610612765.0,DET,,,,Bey,S. Bey,,,,,,,,,,,,,,,,,,,,,,,,,
191,PT12M00.00S,2022-03-21T23:49:13.9Z,2,REGULAR,substitution,in,['startperiod'],1630595,,,1610612757,22,29,2022-03-21T23:50:23Z,1890000,,,0,,SUB in: C. Cunningham,[1630595],1610612765.0,DET,,,,Cunningham,C. Cunningham,,,,,,,,,,,,,,,,,,,,,,,,,
192,PT12M00.00S,2022-03-21T23:50:23.2Z,2,REGULAR,period,start,[],0,,,1610612765,22,29,2022-03-21T23:50:24Z,1900000,,,0,,Period Start,[],,,,,,,,,,,,,,,,,,,,,,,,,,,,,,,,
193,PT11M43.00S,2022-03-21T23:50:39.7Z,2,REGULAR,3pt,Jump Shot,[],1630691,22.651116951379763,90.93137254901961,1610612765,22,29,2022-03-21T23:50:46Z,1910000,-205.0,160.0,1,left,MISS J. Pickett 26' 3PT,[1630691],1610612765.0,DET,,,,Pickett,J. Pickett,,,,,,,,26.01,Missed,,,,,,,,,,,,,,,,
194,PT11M39.00S,2022-03-21T23:50:43.7Z,2,REGULAR,rebound,defensive,[],1629604,,,1610612757,22,29,2022-03-21T23:50:46Z,1920000,,,0,,C. Elleby REBOUND (Off:2 Def:5),[1629604],1610612757.0,POR,,,,Elleby,C. Elleby,,,,,,,,,,,193.0,7.0,5.0,2.0,,,,,,,,,,,
196,PT11M22.00S,2022-03-21T23:51:00.4Z,2,REGULAR,3pt,Jump Shot,[],203463,67.56323915900131,50.83486519607843,1610612757,22,32,2022-03-21T23:51:08Z,1940000,4.0,252.0,1,right,B. McLemore 25' 3PT  (5 PTS) (K. Dunn 2 AST),"[203463, 1627739]",1610612757.0,POR,,,,McLemore,B. McLemore,,,,,,,,25.24,Made,5.0,,,,,,,,,,,,K. Dunn,1627739.0,2.0,
198,PT10M57.00S,2022-03-21T23:51:25.4Z,2,REGULAR,2pt,Layup,['pointsinthepaint'],1630240,7.670827858081481,44.36274509803921,1610612765,24,32,2022-03-21T23:51:30Z,1960000,28.0,20.0,1,left,S. Lee cutting Layup (2 PTS) (C. Cunningham 1 AST),"[1630240, 1630595]",1610612765.0,DET,cutting,,,Lee,S. Lee,,,,,,,,3.43,Made,2.0,,,,,,,,,,,,C. Cunningham,1630595.0,1.0,
200,PT10M48.00S,2022-03-21T23:51:33.5Z,2,REGULAR,3pt,Jump Shot,[],1630553,98.07818659658345,5.392156862745097,1610612757,24,32,2022-03-21T23:51:38Z,1980000,-223.0,-34.0,1,right,MISS K. Johnson 3PT,[1630553],1610612757.0,POR,,,,Johnson,K. Johnson,,,,,,,,22.56,Missed,,,,,,,,,,,,,,,,
201,PT10M45.00S,2022-03-21T23:51:36.5Z,2,REGULAR,rebound,defensive,[],1630587,,,1610612765,24,32,2022-03-21T23:51:38Z,1990000,,,0,,I. Livers REBOUND (Off:0 Def:1),[1630587],1610612765.0,DET,,,,Livers,I. Livers,,,,,,,,,,,200.0,1.0,1.0,0.0,,,,,,,,,,,
202,PT10M38.00S,2022-03-21T23:51:43.6Z,2,REGULAR,2pt,Jump Shot,[],1630595,22.519710906701704,21.813725490196077,1610612765,24,32,2022-03-21T23:51:49Z,2000000,141.0,159.0,1,left,MISS C. Cunningham 21' Jump Shot,[1630595],1610612765.0,DET,,,,Cunningham,C. Cunningham,,,,,,,,21.26,Missed,,,,,,,,,,,,,,,,
203,PT10M36.00S,2022-03-21T23:51:46.3Z,2,REGULAR,rebound,offensive,[],1630691,,,1610612765,24,32,2022-03-21T23:51:46Z,2010000,,,0,,J. Pickett REBOUND (Off:1 Def:0),[1630691],1610612765.0,DET,,,,Pickett,J. Pickett,,,,,,,,,,,202.0,1.0,0.0,1.0,,,,,,,,,,,
204,PT10M34.00S,2022-03-21T23:51:48.1Z,2,REGULAR,3pt,Jump Shot,['2ndchance'],1630568,24.753613666228645,12.990196078431367,1610612765,24,32,2022-03-21T23:51:54Z,2020000,185.0,180.0,1,left,MISS L. Garza 25' 3PT,[1630568],1610612765.0,DET,,,,Garza,L. Garza,,,,,,,,25.83,Missed,,,,,,,,,,,,,,,,
205,PT10M30.00S,2022-03-21T23:51:52.1Z,2,REGULAR,rebound,defensive,[],203463,,,1610612757,24,32,2022-03-21T23:51:54Z,2030000,,,0,,B. McLemore REBOUND (Off:0 Def:2),[203463],1610612757.0,POR,,,,McLemore,B. McLemore,,,,,,,,,,,204.0,2.0,2.0,0.0,,,,,,,,,,,
206,PT10M25.00S,2022-03-21T23:51:57.3Z,2,REGULAR,3pt,Jump Shot,[],1629604,85.9395532194481,4.388786764705884,1610612757,24,35,2022-03-21T23:52:16Z,2040000,-228.0,80.0,1,right,C. Elleby 24' 3PT  (7 PTS) (K. Dunn 3 AST),"[1629604, 1627739]",1610612757.0,POR,,,,Elleby,C. Elleby,,,,,,,,24.16,Made,7.0,,,,,,,,,,,,K. Dunn,1627739.0,3.0,
208,PT10M08.00S,2022-03-21T23:52:16.8Z,2,REGULAR,2pt,Layup,['pointsinthepaint'],1630568,9.116294349540084,48.0392156862745,1610612765,26,35,2022-03-21T23:52:22Z,2060000,10.0,33.0,1,left,L. Garza cutting Layup (5 PTS) (S. Lee 1 AST),"[1630568, 1630240]",1610612765.0,DET,cutting,,,Garza,L. Garza,,,,,,,,3.46,Made,5.0,,,,,,,,,,,,S. Lee,1630240.0,1.0,
210,PT10M08.00S,2022-03-21T23:52:21.4Z,2,REGULAR,foul,personal,['1freethrow'],1630553,,,1610612765,26,35,2022-03-21T23:52:36Z,2080000,,,0,,K. Johnson shooting personal FOUL (1 PF) (Garza 1 FT),"[1630553, 1630568]",1610612757.0,POR,shooting,,,Johnson,K. Johnson,,,,,,,,,,,,,,,1627964.0,1.0,0.0,Garza,1630568.0,,,,,,
212,PT10M08.00S,2022-03-21T23:52:37.2Z,2,REGULAR,substitution,out,[],1630240,,,1610612765,26,35,2022-03-21T23:52:57Z,2100000,,,0,,SUB out: S. Lee,[1630240],1610612765.0,DET,,,,Lee,S. Lee,,,,,,,,,,,,,,,,,,,,,,,,,
213,PT10M08.00S,2022-03-21T23:52:37.2Z,2,REGULAR,substitution,in,[],1630165,,,1610612765,26,35,2022-03-21T23:52:57Z,2110000,,,0,,SUB in: K. Hayes,[1630165],1610612765.0,DET,,,,Hayes,K. Hayes,,,,,,,,,,,,,,,,,,,,,,,,,
214,PT10M08.00S,2022-03-21T23:52:55.5Z,2,REGULAR,freethrow,1 of 1,[],1630568,,,1610612765,26,35,2022-03-21T23:52:55Z,2120000,,,0,,MISS L. Garza Free Throw 1 of 1,[1630568],1610612765.0,DET,,,,Garza,L. Garza,,,,,,,,,Missed,,,,,,,,,,,,,,,,
215,PT10M04.00S,2022-03-21T23:52:57.3Z,2,REGULAR,rebound,defensive,[],1629234,,,1610612757,26,35,2022-03-21T23:52:57Z,2130000,,,0,,D. Eubanks REBOUND (Off:1 Def:2),[1629234],1610612757.0,POR,,,,Eubanks,D. Eubanks,,,,,,,,,,,214.0,3.0,2.0,1.0,,,,,,,,,,,
216,PT09M58.00S,2022-03-21T23:53:03.4Z,2,REGULAR,2pt,Layup,['pointsinthepaint'],1627739,91.37647831800263,46.07843137254902,1610612757,26,35,2022-03-21T23:53:10Z,2140000,-20.0,29.0,1,right,MISS K. Dunn driving finger roll Layup,[1627739],1610612757.0,POR,driving finger roll,,,Dunn,K. Dunn,,,,,,,,3.47,Missed,,,,,,,,,,,,,,,,
217,PT09M55.00S,2022-03-21T23:53:06.4Z,2,REGULAR,rebound,defensive,[],1630691,,,1610612765,26,35,2022-03-21T23:53:10Z,2150000,,,0,,J. Pickett REBOUND (Off:1 Def:1),[1630691],1610612765.0,DET,,,,Pickett,J. Pickett,,,,,,,,,,,216.0,2.0,1.0,1.0,,,,,,,,,,,
218,PT09M50.00S,2022-03-21T23:53:10.6Z,2,REGULAR,3pt,Jump Shot,['fastbreak'],1630165,7.276609724047319,5.392156862745097,1610612765,26,35,2022-03-21T23:57:12Z,2160000,223.0,16.0,1,left,MISS K. Hayes running 3PT,[1630165],1610612765.0,DET,running,,,Hayes,K. Hayes,,,,,,,,22.36,Missed,,,,,,,,,,,,,,,,
219,PT09M47.00S,2022-03-21T23:53:13.6Z,2,REGULAR,rebound,defensive,[],1630553,,,1610612757,26,35,2022-03-21T23:53:16Z,2170000,,,0,,K. Johnson REBOUND (Off:0 Def:2),[1630553],1610612757.0,POR,,,,Johnson,K. Johnson,,,,,,,,,,,218.0,2.0,2.0,0.0,,,,,,,,,,,
220,PT09M33.00S,2022-03-21T23:53:27.9Z,2,REGULAR,3pt,Jump Shot,[],203463,77.31603153745073,90.93137254901961,1610612757,26,38,2022-03-21T23:53:38Z,2180000,205.0,161.0,1,right,B. McLemore 26' 3PT  (8 PTS) (D. Eubanks 1 AST),"[203463, 1629234]",1610612757.0,POR,,,,McLemore,B. McLemore,,,,,,,,26.02,Made,8.0,,,,,,,,,,,,D. Eubanks,1629234.0,1.0,
222,PT09M16.00S,2022-03-21T23:53:44.6Z,2,REGULAR,turnover,lost ball,[],1630587,,,1610612765,26,38,2022-03-21T23:53:48Z,2200000,,,0,,I. Livers lost ball TURNOVER (1 TO),"[1630587, 1630553]",1610612765.0,DET,,,,Livers,I. Livers,,,,,1.0,Johnson,1630553.0,,,,,,,,,,,,,,,,,,
223,PT09M16.00S,2022-03-21T23:53:44.6Z,2,REGULAR,steal,,[],1630553,,,1610612757,26,38,2022-03-21T23:53:46Z,2210000,,,0,,K. Johnson STEAL (1 STL),[1630553],1610612757.0,POR,,,,Johnson,K. Johnson,,,,,,,,,,,,,,,,,,,,,,,,,
224,PT09M12.00S,2022-03-21T23:53:49.5Z,2,REGULAR,2pt,Layup,"['pointsinthepaint', 'fromturnover', 'fastbreak']",203463,93.61038107752957,52.69607843137255,1610612757,26,40,2022-03-21T23:53:55Z,2220000,13.0,8.0,1,right,B. McLemore running Layup (10 PTS) (K. Johnson 1 AST),"[203463, 1630553]",1610612757.0,POR,running,,,McLemore,B. McLemore,,,,,,,,1.55,Made,10.0,,,,,,,,,,,,K. Johnson,1630553.0,1.0,
226,PT09M12.00S,2022-03-21T23:53:55.8Z,2,REGULAR,timeout,full,"['team', 'mandatory']",0,,,1610612765,26,40,2022-03-21T23:53:55Z,2240000,,,0,,DET Timeout,[],1610612765.0,DET,,,,,,,,,,,,,,,,,,,,,,,,,,,,,,
227,PT09M12.00S,2022-03-21T23:53:58.4Z,2,REGULAR,substitution,out,[],1630568,,,1610612765,26,40,2022-03-21T23:56:31Z,2250000,,,0,,SUB out: L. Garza,[1630568],1610612765.0,DET,,,,Garza,L. Garza,,,,,,,,,,,,,,,,,,,,,,,,,
228,PT09M12.00S,2022-03-21T23:53:58.4Z,2,REGULAR,substitution,in,[],1630191,,,1610612765,26,40,2022-03-21T23:56:31Z,2260000,,,0,,SUB in: I. Stewart,[1630191],1610612765.0,DET,,,,Stewart,I. Stewart,,,,,,,,,,,,,,,,,,,,,,,,,
229,PT09M00.00S,2022-03-21T23:56:56.9Z,2,REGULAR,turnover,out-of-bounds,[],1630165,,,1610612765,26,40,2022-03-21T23:57:04Z,2270000,,,0,,K. Hayes bad pass out-of-bounds TURNOVER (1 TO),[1630165],1610612765.0,DET,bad pass,,,Hayes,K. Hayes,,,,,1.0,,,,,,,,,,204059.0,,,,,,,,,,
230,PT08M45.00S,2022-03-21T23:57:21.2Z,2,REGULAR,2pt,Layup,"['pointsinthepaint', 'fromturnover']",1627739,91.50788436268068,52.94117647058824,1610612757,26,42,2022-03-21T23:57:32Z,2280000,15.0,27.0,1,right,K. Dunn driving finger roll Layup (2 PTS),[1627739],1610612757.0,POR,driving finger roll,,,Dunn,K. Dunn,,,,,,,,3.1,Made,2.0,,,,,,,,,,,,,,,
231,PT08M45.00S,2022-03-21T23:57:27.3Z,2,REGULAR,foul,personal,['1freethrow'],1630691,,,1610612757,26,42,2022-03-21T23:57:40Z,2290000,,,0,,J. Pickett shooting personal FOUL (1 PF) (Dunn 1 FT),"[1630691, 1627739]",1610612765.0,DET,shooting,,,Pickett,J. Pickett,,,,,,,,,,,,,,,1627964.0,1.0,0.0,Dunn,1627739.0,,,,,,
233,PT08M45.00S,2022-03-21T23:57:51.0Z,2,REGULAR,freethrow,1 of 1,['fromturnover'],1627739,,,1610612757,26,43,2022-03-21T23:57:51Z,2310000,,,0,,K. Dunn Free Throw 1 of 1 (3 PTS),[1627739],1610612757.0,POR,,,,Dunn,K. Dunn,,,,,,,,,Made,3.0,,,,,,,,,,,,,,,
234,PT08M28.00S,2022-03-21T23:58:07.9Z,2,REGULAR,2pt,DUNK,['pointsinthepaint'],1630691,6.8823915900131425,44.11764705882353,1610612765,28,43,2022-03-21T23:58:17Z,2320000,29.0,12.0,1,left,J. Pickett alley-oop DUNK (2 PTS) (C. Cunningham 2 AST),"[1630691, 1630595]",1610612765.0,DET,alley-oop,,,Pickett,J. Pickett,,,,,,,,3.18,Made,2.0,,,,,,,,,,,,C. Cunningham,1630595.0,2.0,
236,PT08M16.00S,2022-03-21T23:58:22.4Z,2,REGULAR,foul,personal,['2freethrow'],1630691,,,1610612757,28,43,2022-03-21T23:58:36Z,2340000,,,0,,J. Pickett shooting personal FOUL (2 PF) (Elleby 2 FT),"[1630691, 1629604]",1610612765.0,DET,shooting,,,Pickett,J. Pickett,,,,,,,,,,,,,,,201638.0,2.0,0.0,Elleby,1629604.0,,,,,,
238,PT08M16.00S,2022-03-21T23:58:49.1Z,2,REGULAR,freethrow,1 of 2,[],1629604,,,1610612757,28,44,2022-03-21T23:58:49Z,2360000,,,0,,C. Elleby Free Throw 1 of 2 (8 PTS),[1629604],1610612757.0,POR,,,,Elleby,C. Elleby,,,,,,,,,Made,8.0,,,,,,,,,,,,,,,
239,PT08M16.00S,2022-03-21T23:59:04.7Z,2,REGULAR,freethrow,2 of 2,[],1629604,,,1610612757,28,44,2022-03-21T23:59:04Z,2370000,,,0,,MISS C. Elleby Free Throw 2 of 2,[1629604],1610612757.0,POR,,,,Elleby,C. Elleby,,,,,,,,,Missed,,,,,,,,,,,,,,,,
240,PT08M13.00S,2022-03-21T23:59:06.1Z,2,REGULAR,rebound,defensive,[],1630191,,,1610612765,28,44,2022-03-21T23:59:06Z,2380000,,,0,,I. Stewart REBOUND (Off:2 Def:3),[1630191],1610612765.0,DET,,,,Stewart,I. Stewart,,,,,,,,,,,239.0,5.0,3.0,2.0,,,,,,,,,,,
241,PT07M58.00S,2022-03-21T23:59:20.6Z,2,REGULAR,2pt,Layup,['pointsinthepaint'],1630595,8.853482260183966,50.73529411764706,1610612765,30,44,2022-03-21T23:59:28Z,2390000,-4.0,31.0,1,left,C. Cunningham driving Layup (7 PTS) (K. Hayes 2 AST),"[1630595, 1630165]",1610612765.0,DET,driving,,,Cunningham,C. Cunningham,,,,,,,,3.09,Made,7.0,,,,,,,,,,,,K. Hayes,1630165.0,2.0,
243,PT07M47.00S,2022-03-21T23:59:33.6Z,2,REGULAR,foul,personal,['2freethrow'],1630691,,,1610612757,30,44,2022-03-21T23:59:49Z,2410000,,,0,,J. Pickett shooting personal FOUL (3 PF) (Elleby 2 FT),"[1630691, 1629604]",1610612765.0,DET,shooting,,,Pickett,J. Pickett,,,,,,,,,,,,,,,1627964.0,3.0,0.0,Elleby,1629604.0,,,,,,
245,PT07M47.00S,2022-03-22T00:00:04.0Z,2,REGULAR,freethrow,1 of 2,[],1629604,,,1610612757,30,45,2022-03-22T00:00:04Z,2430000,,,0,,C. Elleby Free Throw 1 of 2 (9 PTS),[1629604],1610612757.0,POR,,,,Elleby,C. Elleby,,,,,,,,,Made,9.0,,,,,,,,,,,,,,,
246,PT07M47.00S,2022-03-22T00:00:06.2Z,2,REGULAR,substitution,out,[],1630691,,,1610612757,30,45,2022-03-22T00:00:13Z,2440000,,,0,,SUB out: J. Pickett,[1630691],1610612765.0,DET,,,,Pickett,J. Pickett,,,,,,,,,,,,,,,,,,,,,,,,,
247,PT07M47.00S,2022-03-22T00:00:06.2Z,2,REGULAR,substitution,in,[],1630180,,,1610612757,30,45,2022-03-22T00:00:13Z,2450000,,,0,,SUB in: S. Bey,[1630180],1610612765.0,DET,,,,Bey,S. Bey,,,,,,,,,,,,,,,,,,,,,,,,,
248,PT07M47.00S,2022-03-22T00:00:30.5Z,2,REGULAR,freethrow,2 of 2,[],1629604,,,1610612757,30,46,2022-03-22T00:00:30Z,2460000,,,0,,C. Elleby Free Throw 2 of 2 (10 PTS),[1629604],1610612757.0,POR,,,,Elleby,C. Elleby,,,,,,,,,Made,10.0,,,,,,,,,,,,,,,
249,PT07M38.00S,2022-03-22T00:00:41.0Z,2,REGULAR,turnover,lost ball,[],1630165,,,1610612765,30,46,2022-03-22T00:00:48Z,2470000,,,0,,K. Hayes lost ball TURNOVER (2 TO),"[1630165, 1630553]",1610612765.0,DET,,,,Hayes,K. Hayes,,,,,2.0,Johnson,1630553.0,,,,,,,,,,,,,,,,,,
250,PT07M38.00S,2022-03-22T00:00:41.0Z,2,REGULAR,steal,,[],1630553,,,1610612757,30,46,2022-03-22T00:02:01Z,2480000,,,0,,K. Johnson STEAL (2 STL),[1630553],1610612757.0,POR,,,,Johnson,K. Johnson,,,,,,,,,,,,,,,,,,,,,,,,,
251,PT07M29.00S,2022-03-22T00:00:49.7Z,2,REGULAR,3pt,Jump Shot,['fromturnover'],203463,79.54993429697765,91.91176470588235,1610612757,30,46,2022-03-22T00:03:06Z,2490000,210.0,140.0,1,right,MISS B. McLemore 25' step back 3PT,[203463],1610612757.0,POR,step back,,,McLemore,B. McLemore,,,,,,,,25.19,Missed,,,,,,,,,,,,,,,,
252,PT07M25.00S,2022-03-22T00:00:53.7Z,2,REGULAR,rebound,defensive,[],1630587,,,1610612765,30,46,2022-03-22T00:00:55Z,2500000,,,0,,I. Livers REBOUND (Off:0 Def:2),[1630587],1610612765.0,DET,,,,Livers,I. Livers,,,,,,,,,,,251.0,2.0,2.0,0.0,,,,,,,,,,,
253,PT07M09.00S,2022-03-22T00:01:10.1Z,2,REGULAR,2pt,Jump Shot,[],1630165,24.6222076215506,32.59803921568627,1610612765,30,46,2022-03-22T00:04:43Z,2510000,87.0,179.0,1,left,MISS K. Hayes 19' step back Shot,[1630165],1610612765.0,DET,step back,,,Hayes,K. Hayes,,,,,,,,19.89,Missed,,,,,,,,,,,,,,,,
254,PT07M04.00S,2022-03-22T00:01:15.1Z,2,REGULAR,rebound,defensive,[],1627739,,,1610612757,30,46,2022-03-22T00:01:19Z,2520000,,,0,,K. Dunn REBOUND (Off:0 Def:1),[1627739],1610612757.0,POR,,,,Dunn,K. Dunn,,,,,,,,,,,253.0,1.0,1.0,0.0,,,,,,,,,,,
255,PT06M57.00S,2022-03-22T00:01:20.5Z,2,REGULAR,3pt,Jump Shot,[],1629234,68.11760840998686,41.666666666666664,1610612757,30,46,2022-03-22T00:01:25Z,2530000,-42.0,247.0,1,right,MISS D. Eubanks 25' 3PT,[1629234],1610612757.0,POR,,,,Eubanks,D. Eubanks,,,,,,,,25.07,Missed,,,,,,,,,,,,,,,,
256,PT06M54.00S,2022-03-22T00:01:23.5Z,2,REGULAR,rebound,defensive,[],1630165,,,1610612765,30,46,2022-03-22T00:01:25Z,2540000,,,0,,K. Hayes REBOUND (Off:0 Def:2),[1630165],1610612765.0,DET,,,,Hayes,K. Hayes,,,,,,,,,,,255.0,2.0,2.0,0.0,,,,,,,,,,,
257,PT06M49.00S,2022-03-22T00:01:29.6Z,2,REGULAR,2pt,DUNK,"['pointsinthepaint', 'fastbreak']",1630595,8.984888304862025,52.94117647058824,1610612765,32,46,2022-03-22T00:01:37Z,2550000,-15.0,32.0,1,left,C. Cunningham driving DUNK (9 PTS),[1630595],1610612765.0,DET,driving,,,Cunningham,C. Cunningham,,,,,,,,3.52,Made,9.0,,,,,,,,,,,,,,,
258,PT06M32.00S,2022-03-22T00:01:46.1Z,2,REGULAR,3pt,Jump Shot,[],203463,67.9862023653088,38.48039215686274,1610612757,32,49,2022-03-22T00:01:54Z,2560000,-58.0,248.0,1,right,B. McLemore 25' 3PT  (13 PTS) (K. Dunn 4 AST),"[203463, 1627739]",1610612757.0,POR,,,,McLemore,B. McLemore,,,,,,,,25.5,Made,13.0,,,,,,,,,,,,K. Dunn,1627739.0,4.0,
260,PT06M20.00S,2022-03-22T00:01:57.5Z,2,REGULAR,2pt,Layup,['pointsinthepaint'],1630595,8.065045992115643,52.205882352941174,1610612765,34,49,2022-03-22T00:02:48Z,2580000,-11.0,23.0,1,left,C. Cunningham driving finger roll Layup (11 PTS),[1630595],1610612765.0,DET,driving finger roll,,,Cunningham,C. Cunningham,,,,,,,,2.58,Made,11.0,,,,,,,,,,,,,,,
261,PT06M12.00S,2022-03-22T00:02:13.4Z,2,REGULAR,timeout,full,"['team', 'mandatory']",0,,,1610612757,34,49,2022-03-22T00:02:13Z,2590000,,,0,,POR Timeout,[],1610612757.0,POR,,,,,,,,,,,,,,,,,,,,,,,,,,,,,,
262,PT06M12.00S,2022-03-22T00:02:16.5Z,2,REGULAR,substitution,out,[],1630587,,,1610612757,34,49,2022-03-22T00:04:58Z,2600000,,,0,,SUB out: I. Livers,[1630587],1610612765.0,DET,,,,Livers,I. Livers,,,,,,,,,,,,,,,,,,,,,,,,,
263,PT06M12.00S,2022-03-22T00:02:16.5Z,2,REGULAR,substitution,out,[],1630553,,,1610612757,34,49,2022-03-22T00:04:58Z,2610000,,,0,,SUB out: K. Johnson,[1630553],1610612757.0,POR,,,,Johnson,K. Johnson,,,,,,,,,,,,,,,,,,,,,,,,,
264,PT06M12.00S,2022-03-22T00:02:16.5Z,2,REGULAR,substitution,out,[],1629604,,,1610612757,34,49,2022-03-22T00:04:58Z,2620000,,,0,,SUB out: C. Elleby,[1629604],1610612757.0,POR,,,,Elleby,C. Elleby,,,,,,,,,,,,,,,,,,,,,,,,,
265,PT06M12.00S,2022-03-22T00:02:16.5Z,2,REGULAR,substitution,out,[],1627739,,,1610612757,34,49,2022-03-22T00:04:58Z,2630000,,,0,,SUB out: K. Dunn,[1627739],1610612757.0,POR,,,,Dunn,K. Dunn,,,,,,,,,,,,,,,,,,,,,,,,,
266,PT06M12.00S,2022-03-22T00:02:16.5Z,2,REGULAR,substitution,out,[],1629234,,,1610612757,34,49,2022-03-22T00:04:58Z,2640000,,,0,,SUB out: D. Eubanks,[1629234],1610612757.0,POR,,,,Eubanks,D. Eubanks,,,,,,,,,,,,,,,,,,,,,,,,,
267,PT06M12.00S,2022-03-22T00:02:16.5Z,2,REGULAR,substitution,in,[],1628963,,,1610612757,34,49,2022-03-22T00:04:58Z,2650000,,,0,,SUB in: M. Bagley III,[1628963],1610612765.0,DET,,,,Bagley III,M. Bagley III,,,,,,,,,,,,,,,,,,,,,,,,,
268,PT06M12.00S,2022-03-22T00:02:16.5Z,2,REGULAR,substitution,in,[],1630190,,,1610612757,34,49,2022-03-22T00:04:58Z,2660000,,,0,,SUB in: E. Hughes,[1630190],1610612757.0,POR,,,,Hughes,E. Hughes,,,,,,,,,,,,,,,,,,,,,,,,,
269,PT06M12.00S,2022-03-22T00:02:16.5Z,2,REGULAR,substitution,in,[],1630314,,,1610612757,34,49,2022-03-22T00:04:58Z,2670000,,,0,,SUB in: B. Williams,[1630314],1610612757.0,POR,,,,Williams,B. Williams,,,,,,,,,,,,,,,,,,,,,,,,,
270,PT06M12.00S,2022-03-22T00:02:16.5Z,2,REGULAR,substitution,in,[],1626159,,,1610612757,34,49,2022-03-22T00:04:58Z,2680000,,,0,,SUB in: J. Winslow,[1626159],1610612757.0,POR,,,,Winslow,J. Winslow,,,,,,,,,,,,,,,,,,,,,,,,,
271,PT06M12.00S,2022-03-22T00:02:16.5Z,2,REGULAR,substitution,in,[],1630570,,,1610612757,34,49,2022-03-22T00:04:58Z,2690000,,,0,,SUB in: T. Watford,[1630570],1610612757.0,POR,,,,Watford,T. Watford,,,,,,,,,,,,,,,,,,,,,,,,,
272,PT06M01.00S,2022-03-22T00:05:18.6Z,2,REGULAR,2pt,Hook,['pointsinthepaint'],1630570,88.74835742444152,56.127450980392155,1610612757,34,49,2022-03-22T00:05:24Z,2700000,31.0,53.0,1,right,MISS T. Watford 6' Hook - blocked,"[1630570, 1630191]",1610612757.0,POR,,,,Watford,T. Watford,,,,,,,,6.15,Missed,,,,,,,,,,,Stewart,1630191.0,,,,
273,PT06M01.00S,2022-03-22T00:05:18.6Z,2,REGULAR,block,,[],1630191,,,1610612757,34,49,2022-03-22T00:05:21Z,2710000,,,0,,I. Stewart BLOCK (1 BLK),[1630191],1610612765.0,DET,,,,Stewart,I. Stewart,,,,,,,,,,,,,,,,,,,,,,,,,
274,PT05M58.00S,2022-03-22T00:05:21.6Z,2,REGULAR,rebound,defensive,[],1630191,,,1610612765,34,49,2022-03-22T00:05:24Z,2720000,,,0,,I. Stewart REBOUND (Off:2 Def:4),[1630191],1610612765.0,DET,,,,Stewart,I. Stewart,,,,,,,,,,,272.0,6.0,4.0,2.0,,,,,,,,,,,
275,PT05M49.00S,2022-03-22T00:05:30.1Z,2,REGULAR,2pt,Layup,['pointsinthepaint'],1630595,8.853482260183966,43.13725490196079,1610612765,34,49,2022-03-22T00:05:36Z,2730000,34.0,31.0,1,left,MISS C. Cunningham driving Layup,[1630595],1610612765.0,DET,driving,,,Cunningham,C. Cunningham,,,,,,,,4.6,Missed,,,,,,,,,,,,,,,,
276,PT05M44.00S,2022-03-22T00:05:35.1Z,2,REGULAR,rebound,offensive,[],1630191,,,1610612765,34,49,2022-03-22T00:05:36Z,2740000,,,0,,I. Stewart REBOUND (Off:3 Def:4),[1630191],1610612765.0,DET,,,,Stewart,I. Stewart,,,,,,,,,,,275.0,7.0,4.0,3.0,,,,,,,,,,,
277,PT05M44.00S,2022-03-22T00:05:35.7Z,2,REGULAR,2pt,Layup,"['pointsinthepaint', '2ndchance']",1630191,5.590000152587891,50.0,1610612765,34,49,2022-03-22T00:05:35Z,2750000,0.0,0.0,1,left,MISS I. Stewart tip Layup,[1630191],1610612765.0,DET,tip,,,Stewart,I. Stewart,,,,,,,,0.0,Missed,,,,,,,,,,,,,,,,
278,PT05M43.00S,2022-03-22T00:05:36.4Z,2,REGULAR,rebound,defensive,[],203463,,,1610612757,34,49,2022-03-22T00:05:36Z,2760000,,,0,,B. McLemore REBOUND (Off:0 Def:3),[203463],1610612757.0,POR,,,,McLemore,B. McLemore,,,,,,,,,,,277.0,3.0,3.0,0.0,,,,,,,,,,,
279,PT05M39.00S,2022-03-22T00:05:41.0Z,2,REGULAR,2pt,Jump Shot,[],1630190,90.98226018396846,69.6078431372549,1610612757,34,51,2022-03-22T00:07:26Z,2770000,98.0,32.0,1,right,E. Hughes 10' driving floating Jump Shot (2 PTS),[1630190],1610612757.0,POR,driving floating,,,Hughes,E. Hughes,,,,,,,,10.32,Made,2.0,,,,,,,,,,,,,,,
280,PT05M27.00S,2022-03-22T00:05:52.3Z,2,REGULAR,3pt,Jump Shot,[],1630180,5.962549277266746,4.656862745098039,1610612765,37,51,2022-03-22T00:05:57Z,2780000,227.0,4.0,1,left,S. Bey 3PT  (10 PTS) (C. Cunningham 3 AST),"[1630180, 1630595]",1610612765.0,DET,,,,Bey,S. Bey,,,,,,,,22.67,Made,10.0,,,,,,,,,,,,C. Cunningham,1630595.0,3.0,
282,PT05M08.00S,2022-03-22T00:06:20.3Z,2,REGULAR,stoppage,out-of-bounds,[],0,,,1610612757,37,51,2022-03-22T00:06:20Z,2800000,,,0,,,[],,,,,,,,,,,,,,,,,,,,,,,,,,,,,,,,
283,PT05M02.00S,2022-03-22T00:06:33.7Z,2,REGULAR,2pt,Jump Shot,['pointsinthepaint'],203463,90.71944809461235,43.627450980392155,1610612757,37,51,2022-03-22T00:06:40Z,2810000,-32.0,35.0,1,right,MISS B. McLemore driving floating Shot,[203463],1610612757.0,POR,driving floating,,,McLemore,B. McLemore,,,,,,,,4.71,Missed,,,,,,,,,,,,,,,,
284,PT05M00.00S,2022-03-22T00:06:35.7Z,2,REGULAR,rebound,defensive,[],1630191,,,1610612765,37,51,2022-03-22T00:06:40Z,2820000,,,0,,I. Stewart REBOUND (Off:3 Def:5),[1630191],1610612765.0,DET,,,,Stewart,I. Stewart,,,,,,,,,,,283.0,8.0,5.0,3.0,,,,,,,,,,,
285,PT04M52.00S,2022-03-22T00:06:44.5Z,2,REGULAR,3pt,Jump Shot,[],1630165,10.561760840998687,94.6078431372549,1610612765,37,51,2022-03-22T00:06:49Z,2830000,-223.0,47.0,1,left,MISS K. Hayes 3PT,[1630165],1610612765.0,DET,,,,Hayes,K. Hayes,,,,,,,,22.79,Missed,,,,,,,,,,,,,,,,
286,PT04M48.00S,2022-03-22T00:06:48.5Z,2,REGULAR,rebound,defensive,[],1630570,,,1610612757,37,51,2022-03-22T00:06:49Z,2840000,,,0,,T. Watford REBOUND (Off:0 Def:1),[1630570],1610612757.0,POR,,,,Watford,T. Watford,,,,,,,,,,,285.0,1.0,1.0,0.0,,,,,,,,,,,
287,PT04M44.00S,2022-03-22T00:06:54.1Z,2,REGULAR,foul,personal,['2freethrow'],1630191,,,1610612757,37,51,2022-03-22T00:07:10Z,2850000,,,0,,I. Stewart shooting personal FOUL (1 PF) (Watford 2 FT),"[1630191, 1630570]",1610612765.0,DET,shooting,,,Stewart,I. Stewart,,,,,,,,,,,,,,,204059.0,1.0,0.0,Watford,1630570.0,,,,,,
289,PT04M44.00S,2022-03-22T00:07:21.6Z,2,REGULAR,freethrow,1 of 2,[],1630570,,,1610612757,37,52,2022-03-22T00:07:21Z,2870000,,,0,,T. Watford Free Throw 1 of 2 (3 PTS),[1630570],1610612757.0,POR,,,,Watford,T. Watford,,,,,,,,,Made,3.0,,,,,,,,,,,,,,,
290,PT04M44.00S,2022-03-22T00:07:32.8Z,2,REGULAR,freethrow,2 of 2,[],1630570,,,1610612757,37,53,2022-03-22T00:07:32Z,2880000,,,0,,T. Watford Free Throw 2 of 2 (4 PTS),[1630570],1610612757.0,POR,,,,Watford,T. Watford,,,,,,,,,Made,4.0,,,,,,,,,,,,,,,
291,PT04M44.00S,2022-03-22T00:07:43.5Z,2,REGULAR,foul,personal,['1freethrow'],203463,,,1610612765,37,53,2022-03-22T00:10:43Z,2890000,,,0,,B. McLemore away-from-play personal FOUL (2 PF) (Hayes 1 FT),"[203463, 1630165]",1610612757.0,POR,away-from-play,,,McLemore,B. McLemore,,,,,,,,,,,,,,,1627964.0,2.0,0.0,Hayes,1630165.0,,,,,,
297,PT04M44.00S,2022-03-22T00:08:06.3Z,2,REGULAR,freethrow,1 of 1,[],1630595,,,1610612765,38,53,2022-03-22T00:10:32Z,2905000,,,0,,C. Cunningham away-from-play Free Throw 1 of 1 (12 PTS),[1630595],1610612765.0,DET,away-from-play,,,Cunningham,C. Cunningham,,,,,,,,,Made,12.0,,,,,,,,,,,,,,,
293,PT04M34.00S,2022-03-22T00:08:29.2Z,2,REGULAR,3pt,Jump Shot,[],1630595,24.885019710906704,88.48039215686275,1610612765,38,53,2022-03-22T00:10:15Z,2910000,-192.0,181.0,1,left,MISS C. Cunningham 26' 3PT,[1630595],1610612765.0,DET,,,,Cunningham,C. Cunningham,,,,,,,,26.44,Missed,,,,,,,,,,,,,,,,
294,PT04M34.00S,2022-03-22T00:08:34.0Z,2,REGULAR,rebound,offensive,['team'],0,,,1610612765,38,53,2022-03-22T00:08:33Z,2920000,,,0,,TEAM offensive REBOUND,[],1610612765.0,DET,,,,,,,,,,,,,,,,293.0,,,,,,,,,,,,,,
295,PT04M34.00S,2022-03-22T00:08:37.4Z,2,REGULAR,foul,personal,[],1630570,,,1610612765,38,53,2022-03-22T00:08:42Z,2930000,,,0,,T. Watford personal FOUL (1 PF),"[1630570, 1630191]",1610612757.0,POR,,,,Watford,T. Watford,,,,,,,,,,,,,,,204059.0,1.0,0.0,Stewart,1630191.0,,,,,,
298,PT04M22.00S,2022-03-22T00:09:13.7Z,2,REGULAR,stoppage,out-of-bounds,[],0,,,1610612765,38,53,2022-03-22T00:09:13Z,2950000,,,0,,,[],,,,,,,,,,,,,,,,,,,,,,,,,,,,,,,,
299,PT04M19.00S,2022-03-22T00:09:29.3Z,2,REGULAR,2pt,Layup,"['pointsinthepaint', '2ndchance']",1630595,8.065045992115643,44.607843137254896,1610612765,40,53,2022-03-22T00:10:18Z,2960000,27.0,23.0,1,left,C. Cunningham Layup (14 PTS) (K. Hayes 3 AST),"[1630595, 1630165]",1610612765.0,DET,,,,Cunningham,C. Cunningham,,,,,,,,3.57,Made,14.0,,,,,,,,,,,,K. Hayes,1630165.0,3.0,
301,PT04M06.00S,2022-03-22T00:09:42.2Z,2,REGULAR,3pt,Jump Shot,[],1626159,88.61695137976346,96.32352941176471,1610612757,40,53,2022-03-22T00:10:20Z,2980000,232.0,55.0,1,right,MISS J. Winslow 3PT,[1626159],1610612757.0,POR,,,,Winslow,J. Winslow,,,,,,,,23.79,Missed,,,,,,,,,,,,,,,,
302,PT04M06.00S,2022-03-22T00:09:42.2Z,2,REGULAR,rebound,defensive,[],1630180,,,1610612765,40,53,2022-03-22T00:10:20Z,2990000,,,0,,S. Bey REBOUND (Off:1 Def:3),[1630180],1610612765.0,DET,,,,Bey,S. Bey,,,,,,,,,,,301.0,4.0,3.0,1.0,,,,,,,,,,,
303,PT03M47.00S,2022-03-22T00:10:00.9Z,2,REGULAR,3pt,Jump Shot,[],1630180,8.459264126149804,96.56862745098039,1610612765,40,53,2022-03-22T00:10:23Z,3000000,-233.0,27.0,1,left,MISS S. Bey 3PT,[1630180],1610612765.0,DET,,,,Bey,S. Bey,,,,,,,,23.44,Missed,,,,,,,,,,,,,,,,
304,PT03M43.00S,2022-03-22T00:10:04.9Z,2,REGULAR,rebound,defensive,[],1626159,,,1610612757,40,53,2022-03-22T00:10:23Z,3010000,,,0,,J. Winslow REBOUND (Off:0 Def:1),[1626159],1610612757.0,POR,,,,Winslow,J. Winslow,,,,,,,,,,,303.0,1.0,1.0,0.0,,,,,,,,,,,
305,PT03M38.00S,2022-03-22T00:10:10.1Z,2,REGULAR,3pt,Jump Shot,[],203463,65.88370565045992,32.59803921568627,1610612757,40,56,2022-03-22T00:10:29Z,3020000,-87.0,268.0,1,right,B. McLemore 28' 3PT  (16 PTS) (J. Winslow 2 AST),"[203463, 1626159]",1610612757.0,POR,,,,McLemore,B. McLemore,,,,,,,,28.2,Made,16.0,,,,,,,,,,,,J. Winslow,1626159.0,2.0,
307,PT03M24.00S,2022-03-22T00:10:25.4Z,2,REGULAR,2pt,Layup,['pointsinthepaint'],1630595,7.013797634691201,42.15686274509803,1610612765,42,56,2022-03-22T00:10:33Z,3040000,39.0,13.0,1,left,C. Cunningham cutting Layup (16 PTS) (K. Hayes 4 AST),"[1630595, 1630165]",1610612765.0,DET,cutting,,,Cunningham,C. Cunningham,,,,,,,,4.14,Made,16.0,,,,,,,,,,,,K. Hayes,1630165.0,4.0,
309,PT03M11.00S,2022-03-22T00:10:37.4Z,2,REGULAR,3pt,Jump Shot,[],203463,91.90210249671485,95.58823529411765,1610612757,42,56,2022-03-22T00:10:52Z,3060000,228.0,24.0,1,right,MISS B. McLemore 3PT,[203463],1610612757.0,POR,,,,McLemore,B. McLemore,,,,,,,,22.91,Missed,,,,,,,,,,,,,,,,
310,PT03M07.00S,2022-03-22T00:10:41.3Z,2,REGULAR,rebound,defensive,[],1630191,,,1610612765,42,56,2022-03-22T00:10:41Z,3070000,,,0,,I. Stewart REBOUND (Off:3 Def:6),[1630191],1610612765.0,DET,,,,Stewart,I. Stewart,,,,,,,,,,,309.0,9.0,6.0,3.0,,,,,,,,,,,
311,PT02M53.00S,2022-03-22T00:10:55.8Z,2,REGULAR,2pt,Jump Shot,['pointsinthepaint'],1630165,11.087385019710908,44.11764705882353,1610612765,42,56,2022-03-22T00:13:42Z,3080000,29.0,52.0,1,left,MISS K. Hayes driving floating Shot,[1630165],1610612765.0,DET,driving floating,,,Hayes,K. Hayes,,,,,,,,5.95,Missed,,,,,,,,,,,,,,,,
312,PT02M48.00S,2022-03-22T00:11:00.8Z,2,REGULAR,rebound,offensive,[],1628963,,,1610612765,42,56,2022-03-22T00:13:42Z,3090000,,,0,,M. Bagley III REBOUND (Off:1 Def:2),[1628963],1610612765.0,DET,,,,Bagley III,M. Bagley III,,,,,,,,,,,311.0,3.0,2.0,1.0,,,,,,,,,,,
313,PT02M48.00S,2022-03-22T00:11:00.4Z,2,REGULAR,2pt,Layup,"['pointsinthepaint', '2ndchance']",1628963,5.590000152587891,50.0,1610612765,44,56,2022-03-22T00:11:00Z,3100000,0.0,0.0,1,left,M. Bagley III tip Layup (6 PTS),[1628963],1610612765.0,DET,tip,,,Bagley III,M. Bagley III,,,,,,,,0.0,Made,6.0,,,,,,,,,,,,,,,
314,PT02M38.00S,2022-03-22T00:11:10.0Z,2,REGULAR,turnover,bad pass,[],1630314,,,1610612757,44,56,2022-03-22T00:11:13Z,3110000,,,0,,B. Williams bad pass TURNOVER (2 TO),"[1630314, 1630595]",1610612757.0,POR,,,,Williams,B. Williams,,,,,2.0,Cunningham,1630595.0,,,,,,,,,,,,,,,,,,
315,PT02M38.00S,2022-03-22T00:11:10.0Z,2,REGULAR,steal,,[],1630595,,,1610612765,44,56,2022-03-22T00:11:12Z,3120000,,,0,,C. Cunningham STEAL (2 STL),[1630595],1610612765.0,DET,,,,Cunningham,C. Cunningham,,,,,,,,,,,,,,,,,,,,,,,,,
316,PT02M32.00S,2022-03-22T00:11:19.9Z,2,REGULAR,foul,personal,['2freethrow'],1630190,,,1610612765,44,56,2022-03-22T00:11:40Z,3130000,,,0,,E. Hughes shooting personal FOUL (1 PF) (Cunningham 2 FT),"[1630190, 1630595]",1610612757.0,POR,shooting,,,Hughes,E. Hughes,,,,,,,,,,,,,,,201638.0,1.0,0.0,Cunningham,1630595.0,,,,,,
318,PT02M32.00S,2022-03-22T00:11:46.8Z,2,REGULAR,freethrow,1 of 2,['fromturnover'],1630595,,,1610612765,45,56,2022-03-22T00:11:46Z,3150000,,,0,,C. Cunningham Free Throw 1 of 2 (17 PTS),[1630595],1610612765.0,DET,,,,Cunningham,C. Cunningham,,,,,,,,,Made,17.0,,,,,,,,,,,,,,,
319,PT02M32.00S,2022-03-22T00:11:47.5Z,2,REGULAR,substitution,out,[],203463,,,1610612765,45,56,2022-03-22T00:11:53Z,3160000,,,0,,SUB out: B. McLemore,[203463],1610612757.0,POR,,,,McLemore,B. McLemore,,,,,,,,,,,,,,,,,,,,,,,,,
320,PT02M32.00S,2022-03-22T00:11:47.5Z,2,REGULAR,substitution,in,[],1627739,,,1610612765,45,56,2022-03-22T00:11:53Z,3170000,,,0,,SUB in: K. Dunn,[1627739],1610612757.0,POR,,,,Dunn,K. Dunn,,,,,,,,,,,,,,,,,,,,,,,,,
321,PT02M32.00S,2022-03-22T00:12:06.3Z,2,REGULAR,freethrow,2 of 2,['fromturnover'],1630595,,,1610612765,46,56,2022-03-22T00:12:06Z,3180000,,,0,,C. Cunningham Free Throw 2 of 2 (18 PTS),[1630595],1610612765.0,DET,,,,Cunningham,C. Cunningham,,,,,,,,,Made,18.0,,,,,,,,,,,,,,,
322,PT02M10.00S,2022-03-22T00:12:29.8Z,2,REGULAR,3pt,Jump Shot,[],1630190,68.11760840998686,32.1078431372549,1610612757,46,59,2022-03-22T00:12:35Z,3190000,-89.0,247.0,1,right,E. Hughes 26' 3PT  (5 PTS) (T. Watford 2 AST),"[1630190, 1630570]",1610612757.0,POR,,,,Hughes,E. Hughes,,,,,,,,26.29,Made,5.0,,,,,,,,,,,,T. Watford,1630570.0,2.0,
324,PT01M52.00S,2022-03-22T00:12:51.3Z,2,REGULAR,foul,personal,"['inpenalty', '2freethrow']",1630570,,,1610612765,46,59,2022-03-22T00:13:03Z,3210000,,,0,,T. Watford personal FOUL (2 PF) (Stewart 2 FT),"[1630570, 1630191]",1610612757.0,POR,,,,Watford,T. Watford,,,,,,,,,,,,,,,1627964.0,2.0,0.0,Stewart,1630191.0,,,,,,
326,PT01M52.00S,2022-03-22T00:13:19.0Z,2,REGULAR,freethrow,1 of 2,[],1630191,,,1610612765,47,59,2022-03-22T00:13:19Z,3230000,,,0,,I. Stewart Free Throw 1 of 2 (3 PTS),[1630191],1610612765.0,DET,,,,Stewart,I. Stewart,,,,,,,,,Made,3.0,,,,,,,,,,,,,,,
327,PT01M52.00S,2022-03-22T00:13:29.6Z,2,REGULAR,substitution,out,[],1630595,,,1610612765,47,59,2022-03-22T00:13:33Z,3240000,,,0,,SUB out: C. Cunningham,[1630595],1610612765.0,DET,,,,Cunningham,C. Cunningham,,,,,,,,,,,,,,,,,,,,,,,,,
328,PT01M52.00S,2022-03-22T00:13:29.6Z,2,REGULAR,substitution,in,[],1630240,,,1610612765,47,59,2022-03-22T00:13:33Z,3250000,,,0,,SUB in: S. Lee,[1630240],1610612765.0,DET,,,,Lee,S. Lee,,,,,,,,,,,,,,,,,,,,,,,,,
329,PT01M52.00S,2022-03-22T00:13:45.2Z,2,REGULAR,freethrow,2 of 2,[],1630191,,,1610612765,48,59,2022-03-22T00:13:45Z,3260000,,,0,,I. Stewart Free Throw 2 of 2 (4 PTS),[1630191],1610612765.0,DET,,,,Stewart,I. Stewart,,,,,,,,,Made,4.0,,,,,,,,,,,,,,,
330,PT01M41.00S,2022-03-22T00:13:57.0Z,2,REGULAR,3pt,Jump Shot,[],1630190,91.11366622864652,3.1862745098039227,1610612757,48,59,2022-03-22T00:14:02Z,3270000,-234.0,31.0,1,right,MISS E. Hughes 3PT,[1630190],1610612757.0,POR,,,,Hughes,E. Hughes,,,,,,,,23.61,Missed,,,,,,,,,,,,,,,,
331,PT01M36.00S,2022-03-22T00:14:02.0Z,2,REGULAR,rebound,defensive,[],1628963,,,1610612765,48,59,2022-03-22T00:14:02Z,3280000,,,0,,M. Bagley III REBOUND (Off:1 Def:3),[1628963],1610612765.0,DET,,,,Bagley III,M. Bagley III,,,,,,,,,,,330.0,4.0,3.0,1.0,,,,,,,,,,,
332,PT01M24.00S,2022-03-22T00:14:13.3Z,2,REGULAR,3pt,Jump Shot,[],1628963,33.163600525624176,39.4607843137255,1610612765,48,59,2022-03-22T00:14:22Z,3290000,53.0,259.0,1,left,MISS M. Bagley III 26' 3PT,[1628963],1610612765.0,DET,,,,Bagley III,M. Bagley III,,,,,,,,26.45,Missed,,,,,,,,,,,,,,,,
333,PT01M19.00S,2022-03-22T00:14:18.3Z,2,REGULAR,rebound,defensive,[],1630190,,,1610612757,48,59,2022-03-22T00:14:22Z,3300000,,,0,,E. Hughes REBOUND (Off:0 Def:1),[1630190],1610612757.0,POR,,,,Hughes,E. Hughes,,,,,,,,,,,332.0,1.0,1.0,0.0,,,,,,,,,,,
334,PT01M16.00S,2022-03-22T00:14:22.2Z,2,REGULAR,2pt,Layup,"['fastbreak', 'pointsinthepaint']",1630570,91.77069645203679,55.63725490196079,1610612757,48,61,2022-03-22T00:16:17Z,3310000,28.0,25.0,1,right,T. Watford cutting Layup (6 PTS) (K. Dunn 5 AST),"[1630570, 1627739]",1610612757.0,POR,cutting,,,Watford,T. Watford,,,,,,,,3.76,Made,6.0,,,,,,,,,,,,K. Dunn,1627739.0,5.0,
336,PT01M01.00S,2022-03-22T00:14:37.9Z,2,REGULAR,2pt,DUNK,['pointsinthepaint'],1630191,7.539421813403408,46.32352941176471,1610612765,50,61,2022-03-22T00:14:47Z,3330000,18.0,18.0,1,left,I. Stewart DUNK (6 PTS) (S. Lee 2 AST),"[1630191, 1630240]",1610612765.0,DET,,,,Stewart,I. Stewart,,,,,,,,2.6,Made,6.0,,,,,,,,,,,,S. Lee,1630240.0,2.0,
338,PT00M53.40S,2022-03-22T00:14:52.1Z,2,REGULAR,foul,personal,"['inpenalty', '2freethrow']",1630240,,,1610612757,50,61,2022-03-22T00:15:04Z,3350000,,,0,,S. Lee personal FOUL (3 PF) (Williams 2 FT),"[1630240, 1630314]",1610612765.0,DET,,,,Lee,S. Lee,,,,,,,,,,,,,,,204059.0,3.0,0.0,Williams,1630314.0,,,,,,
340,PT00M53.40S,2022-03-22T00:15:17.3Z,2,REGULAR,freethrow,1 of 2,[],1630314,,,1610612757,50,62,2022-03-22T00:15:17Z,3370000,,,0,,B. Williams Free Throw 1 of 2 (8 PTS),[1630314],1610612757.0,POR,,,,Williams,B. Williams,,,,,,,,,Made,8.0,,,,,,,,,,,,,,,
341,PT00M53.40S,2022-03-22T00:15:35.2Z,2,REGULAR,freethrow,2 of 2,[],1630314,,,1610612757,50,63,2022-03-22T00:15:35Z,3380000,,,0,,B. Williams Free Throw 2 of 2 (9 PTS),[1630314],1610612757.0,POR,,,,Williams,B. Williams,,,,,,,,,Made,9.0,,,,,,,,,,,,,,,
342,PT00M45.20S,2022-03-22T00:15:45.5Z,2,REGULAR,3pt,Jump Shot,['fastbreak'],1630180,10.036136662286467,3.9215686274509807,1610612765,50,63,2022-03-22T00:15:51Z,3390000,230.0,42.0,1,left,MISS S. Bey 3PT,[1630180],1610612765.0,DET,,,,Bey,S. Bey,,,,,,,,23.42,Missed,,,,,,,,,,,,,,,,
343,PT00M43.00S,2022-03-22T00:15:47.7Z,2,REGULAR,rebound,defensive,[],1630190,,,1610612757,50,63,2022-03-22T00:15:51Z,3400000,,,0,,E. Hughes REBOUND (Off:0 Def:2),[1630190],1610612757.0,POR,,,,Hughes,E. Hughes,,,,,,,,,,,342.0,2.0,2.0,0.0,,,,,,,,,,,
344,PT00M43.00S,2022-03-22T00:15:52.6Z,2,REGULAR,stoppage,out-of-bounds,[],0,,,1610612757,50,63,2022-03-22T00:15:52Z,3410000,,,0,,,[],,,,,,,,,,,,,,,,,,,,,,,,,,,,,,,,
345,PT00M29.50S,2022-03-22T00:16:08.1Z,2,REGULAR,2pt,Layup,['pointsinthepaint'],1630314,92.29632063074901,52.94117647058824,1610612757,50,65,2022-03-22T00:16:15Z,3420000,15.0,20.0,1,right,B. Williams driving finger roll Layup (11 PTS),[1630314],1610612757.0,POR,driving finger roll,,,Williams,B. Williams,,,,,,,,2.47,Made,11.0,,,,,,,,,,,,,,,
346,PT00M09.40S,2022-03-22T00:16:30.2Z,2,REGULAR,2pt,Jump Shot,['pointsinthepaint'],1630165,15.686596583442835,57.35294117647059,1610612765,50,65,2022-03-22T00:16:44Z,3430000,-37.0,95.0,1,left,MISS K. Hayes 10' driving floating Shot,[1630165],1610612765.0,DET,driving floating,,,Hayes,K. Hayes,,,,,,,,10.19,Missed,,,,,,,,,,,,,,,,
347,PT00M06.90S,2022-03-22T00:16:32.7Z,2,REGULAR,rebound,defensive,[],1626159,,,1610612757,50,65,2022-03-22T00:16:32Z,3440000,,,0,,J. Winslow REBOUND (Off:0 Def:2),[1626159],1610612757.0,POR,,,,Winslow,J. Winslow,,,,,,,,,,,346.0,2.0,2.0,0.0,,,,,,,,,,,
348,PT00M05.50S,2022-03-22T00:16:34.7Z,2,REGULAR,2pt,DUNK,"['fastbreak', 'pointsinthepaint']",1630190,91.63929040735874,51.71568627450981,1610612757,50,67,2022-03-22T00:17:35Z,3450000,9.0,26.0,1,right,E. Hughes running DUNK (7 PTS) (J. Winslow 3 AST),"[1630190, 1626159]",1610612757.0,POR,running,,,Hughes,E. Hughes,,,,,,,,2.75,Made,7.0,,,,,,,,,,,,J. Winslow,1626159.0,3.0,
350,PT00M02.20S,2022-03-22T00:16:42.8Z,2,REGULAR,foul,personal,"['inpenalty', '2freethrow']",1627739,,,1610612765,50,67,2022-03-22T00:17:17Z,3470000,,,0,,K. Dunn shooting personal FOUL (1 PF) (Bey 2 FT),"[1627739, 1630180]",1610612757.0,POR,shooting,,,Dunn,K. Dunn,,,,,,,,,,,,,,,201638.0,1.0,0.0,Bey,1630180.0,,,,,,
352,PT00M02.20S,2022-03-22T00:17:18.8Z,2,REGULAR,freethrow,1 of 2,[],1630180,,,1610612765,51,67,2022-03-22T00:17:18Z,3490000,,,0,,S. Bey Free Throw 1 of 2 (11 PTS),[1630180],1610612765.0,DET,,,,Bey,S. Bey,,,,,,,,,Made,11.0,,,,,,,,,,,,,,,
353,PT00M02.20S,2022-03-22T00:17:34.1Z,2,REGULAR,freethrow,2 of 2,[],1630180,,,1610612765,52,67,2022-03-22T00:17:34Z,3500000,,,0,,S. Bey Free Throw 2 of 2 (12 PTS),[1630180],1610612765.0,DET,,,,Bey,S. Bey,,,,,,,,,Made,12.0,,,,,,,,,,,,,,,
354,PT00M00.50S,2022-03-22T00:17:41.2Z,2,REGULAR,3pt,Jump Shot,[],1630190,43.01905387647832,14.950980392156865,1610612757,52,67,2022-03-22T00:19:24Z,3510000,-175.0,483.0,1,right,MISS E. Hughes 51' pullup 3PT,[1630190],1610612757.0,POR,pullup,,,Hughes,E. Hughes,,,,,,,,51.39,Missed,,,,,,,,,,,,,,,,
355,PT00M00.10S,2022-03-22T00:17:41.6Z,2,REGULAR,rebound,offensive,['team'],0,,,1610612757,52,67,2022-03-22T00:18:05Z,3520000,,,0,,TEAM offensive REBOUND,[],1610612757.0,POR,,,,,,,,,,,,,,,,354.0,,,,,,,,,,,,,,
356,PT00M00.00S,2022-03-22T00:17:47.2Z,2,REGULAR,period,end,[],0,,,1610612757,52,67,2022-03-22T00:17:47Z,3530000,,,0,,Period End,[],,,,,,,,,,,,,,,,,,,,,,,,,,,,,,,,
357,PT12M00.00S,2022-03-22T00:31:38.3Z,3,REGULAR,substitution,out,['startperiod'],1630240,,,1610612757,52,67,2022-03-22T00:32:45Z,3540000,,,0,,SUB out: S. Lee,[1630240],1610612765.0,DET,,,,Lee,S. Lee,,,,,,,,,,,,,,,,,,,,,,,,,
358,PT12M00.00S,2022-03-22T00:31:38.3Z,3,REGULAR,substitution,out,['startperiod'],1627739,,,1610612757,52,67,2022-03-22T00:32:45Z,3550000,,,0,,SUB out: K. Dunn,[1627739],1610612757.0,POR,,,,Dunn,K. Dunn,,,,,,,,,,,,,,,,,,,,,,,,,
359,PT12M00.00S,2022-03-22T00:31:38.3Z,3,REGULAR,substitution,out,['startperiod'],1630190,,,1610612757,52,67,2022-03-22T00:32:45Z,3560000,,,0,,SUB out: E. Hughes,[1630190],1610612757.0,POR,,,,Hughes,E. Hughes,,,,,,,,,,,,,,,,,,,,,,,,,
360,PT12M00.00S,2022-03-22T00:31:38.3Z,3,REGULAR,substitution,in,['startperiod'],1630595,,,1610612757,52,67,2022-03-22T00:32:45Z,3570000,,,0,,SUB in: C. Cunningham,[1630595],1610612765.0,DET,,,,Cunningham,C. Cunningham,,,,,,,,,,,,,,,,,,,,,,,,,
361,PT12M00.00S,2022-03-22T00:31:38.3Z,3,REGULAR,substitution,in,['startperiod'],1629234,,,1610612757,52,67,2022-03-22T00:32:45Z,3580000,,,0,,SUB in: D. Eubanks,[1629234],1610612757.0,POR,,,,Eubanks,D. Eubanks,,,,,,,,,,,,,,,,,,,,,,,,,
362,PT12M00.00S,2022-03-22T00:31:38.3Z,3,REGULAR,substitution,in,['startperiod'],1629604,,,1610612757,52,67,2022-03-22T00:32:45Z,3590000,,,0,,SUB in: C. Elleby,[1629604],1610612757.0,POR,,,,Elleby,C. Elleby,,,,,,,,,,,,,,,,,,,,,,,,,
363,PT12M00.00S,2022-03-22T00:32:59.6Z,3,REGULAR,period,start,[],0,,,1610612765,52,67,2022-03-22T00:32:59Z,3600000,,,0,,Period Start,[],,,,,,,,,,,,,,,,,,,,,,,,,,,,,,,,
364,PT11M43.00S,2022-03-22T00:33:16.4Z,3,REGULAR,3pt,Jump Shot,[],1630180,72.84822601839684,18.137254901960787,1610612765,52,67,2022-03-22T00:33:24Z,3610000,-159.0,203.0,1,right,MISS S. Bey 25' 3PT,[1630180],1610612765.0,DET,,,,Bey,S. Bey,,,,,,,,25.78,Missed,,,,,,,,,,,,,,,,
365,PT11M35.00S,2022-03-22T00:33:24.4Z,3,REGULAR,rebound,defensive,[],1630314,,,1610612757,52,67,2022-03-22T00:33:24Z,3620000,,,0,,B. Williams REBOUND (Off:0 Def:2),[1630314],1610612757.0,POR,,,,Williams,B. Williams,,,,,,,,,,,364.0,2.0,2.0,0.0,,,,,,,,,,,
366,PT11M22.00S,2022-03-22T00:33:36.6Z,3,REGULAR,2pt,Hook,['pointsinthepaint'],1629234,10.430354796320628,42.892156862745104,1610612757,52,67,2022-03-22T00:33:40Z,3630000,36.0,46.0,1,left,MISS D. Eubanks Hook,[1629234],1610612757.0,POR,,,,Eubanks,D. Eubanks,,,,,,,,5.77,Missed,,,,,,,,,,,,,,,,
367,PT11M19.00S,2022-03-22T00:33:39.6Z,3,REGULAR,rebound,defensive,[],1628963,,,1610612765,52,67,2022-03-22T00:33:40Z,3640000,,,0,,M. Bagley III REBOUND (Off:1 Def:4),[1628963],1610612765.0,DET,,,,Bagley III,M. Bagley III,,,,,,,,,,,366.0,5.0,4.0,1.0,,,,,,,,,,,
368,PT11M13.00S,2022-03-22T00:33:45.0Z,3,REGULAR,turnover,bad pass,[],1630595,,,1610612765,52,67,2022-03-22T00:33:49Z,3650000,,,0,,C. Cunningham bad pass TURNOVER (2 TO),"[1630595, 1629604]",1610612765.0,DET,,,,Cunningham,C. Cunningham,,,,,2.0,Elleby,1629604.0,,,,,,,,,,,,,,,,,,
369,PT11M13.00S,2022-03-22T00:33:45.0Z,3,REGULAR,steal,,[],1629604,,,1610612757,52,67,2022-03-22T00:37:11Z,3660000,,,0,,C. Elleby STEAL (2 STL),[1629604],1610612757.0,POR,,,,Elleby,C. Elleby,,,,,,,,,,,,,,,,,,,,,,,,,
370,PT11M10.00S,2022-03-22T00:33:49.5Z,3,REGULAR,2pt,Layup,"['pointsinthepaint', 'fromturnover', 'fastbreak']",1626159,7.670827858081481,55.14705882352941,1610612757,52,67,2022-03-22T00:35:50Z,3670000,-26.0,20.0,1,left,MISS J. Winslow running Layup,[1626159],1610612757.0,POR,running,,,Winslow,J. Winslow,,,,,,,,3.23,Missed,,,,,,,,,,,,,,,,
371,PT11M07.00S,2022-03-22T00:33:52.2Z,3,REGULAR,rebound,offensive,[],1629234,,,1610612757,52,67,2022-03-22T00:33:52Z,3680000,,,0,,D. Eubanks REBOUND (Off:2 Def:2),[1629234],1610612757.0,POR,,,,Eubanks,D. Eubanks,,,,,,,,,,,370.0,4.0,2.0,2.0,,,,,,,,,,,
372,PT11M03.00S,2022-03-22T00:33:55.6Z,3,REGULAR,2pt,Layup,"['pointsinthepaint', 'fromturnover', '2ndchance']",1630314,8.722076215505908,44.85294117647059,1610612757,52,69,2022-03-22T00:34:01Z,3690000,26.0,29.0,1,left,B. Williams driving finger roll Layup (13 PTS) (C. Elleby 2 AST),"[1630314, 1629604]",1610612757.0,POR,driving finger roll,,,Williams,B. Williams,,,,,,,,3.91,Made,13.0,,,,,,,,,,,,C. Elleby,1629604.0,2.0,
373,PT10M50.00S,2022-03-22T00:34:10.1Z,3,REGULAR,2pt,Layup,['pointsinthepaint'],1630180,90.71944809461235,54.411764705882355,1610612765,52,69,2022-03-22T00:34:49Z,3700000,22.0,35.0,1,right,MISS S. Bey driving Layup - blocked,"[1630180, 1630570]",1610612765.0,DET,driving,,,Bey,S. Bey,,,,,,,,4.11,Missed,,,,,,,,,,,Watford,1630570.0,,,,
374,PT10M50.00S,2022-03-22T00:34:10.1Z,3,REGULAR,block,,[],1630570,,,1610612765,52,69,2022-03-22T00:34:18Z,3710000,,,0,,T. Watford BLOCK (1 BLK),[1630570],1610612757.0,POR,,,,Watford,T. Watford,,,,,,,,,,,,,,,,,,,,,,,,,
378,PT10M47.00S,2022-03-22T00:34:13.1Z,3,REGULAR,rebound,offensive,['team'],0,,,1610612765,52,69,2022-03-22T00:34:49Z,3720000,,,0,,TEAM offensive REBOUND,[],1610612765.0,DET,,,,,,,,,,,,,,,,373.0,,,,,,,,,,,,,,
375,PT10M47.00S,2022-03-22T00:34:45.6Z,3,REGULAR,jumpball,recovered,[],1628963,,,1610612765,52,69,2022-03-22T00:34:45Z,3730000,,,0,,Jump Ball S. Bey vs. T. Watford: Tip to M. Bagley III,"[1628963, 1630180, 1630570]",1610612765.0,DET,heldball,M. Bagley III,1628963.0,Bagley III,M. Bagley III,Bey,1630180.0,Watford,1630570.0,,,,,,,,,,,,,,,,,,,,,
379,PT10M37.00S,2022-03-22T00:34:55.2Z,3,REGULAR,2pt,Layup,"['pointsinthepaint', '2ndchance']",1630595,92.55913272010513,52.69607843137255,1610612765,54,69,2022-03-22T00:38:45Z,3760000,13.0,17.0,1,right,C. Cunningham driving Layup (20 PTS),[1630595],1610612765.0,DET,driving,,,Cunningham,C. Cunningham,,,,,,,,2.2,Made,20.0,,,,,,,,,,,,,,,
380,PT10M18.00S,2022-03-22T00:35:16.6Z,3,REGULAR,foul,personal,[],1630165,,,1610612757,54,69,2022-03-22T00:35:43Z,3770000,,,0,,K. Hayes personal FOUL (3 PF),"[1630165, 1630570]",1610612765.0,DET,,,,Hayes,K. Hayes,,,,,,,,,,,,,,,204059.0,3.0,0.0,Watford,1630570.0,,,,,,
382,PT10M13.00S,2022-03-22T00:35:36.8Z,3,REGULAR,3pt,Jump Shot,[],1630314,33.163600525624176,49.50980392156863,1610612757,54,69,2022-03-22T00:35:45Z,3790000,2.0,259.0,1,left,MISS B. Williams 25' 3PT,[1630314],1610612757.0,POR,,,,Williams,B. Williams,,,,,,,,25.92,Missed,,,,,,,,,,,,,,,,
383,PT10M10.00S,2022-03-22T00:35:39.9Z,3,REGULAR,rebound,offensive,[],1629234,,,1610612757,54,69,2022-03-22T00:35:39Z,3800000,,,0,,D. Eubanks REBOUND (Off:3 Def:2),[1629234],1610612757.0,POR,,,,Eubanks,D. Eubanks,,,,,,,,,,,382.0,5.0,2.0,3.0,,,,,,,,,,,
384,PT10M08.00S,2022-03-22T00:35:41.3Z,3,REGULAR,2pt,DUNK,"['pointsinthepaint', '2ndchance']",1629234,7.670827858081481,50.98039215686275,1610612757,54,71,2022-03-22T00:39:52Z,3810000,-5.0,20.0,1,left,D. Eubanks putback DUNK (8 PTS),[1629234],1610612757.0,POR,putback,,,Eubanks,D. Eubanks,,,,,,,,2.02,Made,8.0,,,,,,,,,,,,,,,
385,PT09M59.00S,2022-03-22T00:35:51.5Z,3,REGULAR,2pt,Layup,['pointsinthepaint'],1630191,91.24507227332458,43.38235294117647,1610612765,54,71,2022-03-22T00:35:56Z,3820000,-33.0,30.0,1,right,MISS I. Stewart cutting Layup,[1630191],1610612765.0,DET,cutting,,,Stewart,I. Stewart,,,,,,,,4.45,Missed,,,,,,,,,,,,,,,,
386,PT09M56.00S,2022-03-22T00:35:53.8Z,3,REGULAR,rebound,offensive,[],1630165,,,1610612765,54,71,2022-03-22T00:35:53Z,3830000,,,0,,K. Hayes REBOUND (Off:1 Def:2),[1630165],1610612765.0,DET,,,,Hayes,K. Hayes,,,,,,,,,,,385.0,3.0,2.0,1.0,,,,,,,,,,,
387,PT09M55.00S,2022-03-22T00:35:55.1Z,3,REGULAR,turnover,bad pass,[],1630165,,,1610612765,54,71,2022-03-22T00:36:00Z,3840000,,,0,,K. Hayes bad pass TURNOVER (3 TO),"[1630165, 1630314]",1610612765.0,DET,,,,Hayes,K. Hayes,,,,,3.0,Williams,1630314.0,,,,,,,,,,,,,,,,,,
388,PT09M55.00S,2022-03-22T00:35:55.1Z,3,REGULAR,steal,,[],1630314,,,1610612757,54,71,2022-03-22T00:35:57Z,3850000,,,0,,B. Williams STEAL (1 STL),[1630314],1610612757.0,POR,,,,Williams,B. Williams,,,,,,,,,,,,,,,,,,,,,,,,,
389,PT09M50.00S,2022-03-22T00:36:01.7Z,3,REGULAR,foul,personal,['2freethrow'],1630595,,,1610612757,54,71,2022-03-22T00:36:13Z,3860000,,,0,,C. Cunningham shooting personal FOUL (3 PF) (Williams 2 FT),"[1630595, 1630314]",1610612765.0,DET,shooting,,,Cunningham,C. Cunningham,,,,,,,,,,,,,,,1627964.0,3.0,0.0,Williams,1630314.0,,,,,,
391,PT09M50.00S,2022-03-22T00:36:36.2Z,3,REGULAR,freethrow,1 of 2,['fromturnover'],1630314,,,1610612757,54,72,2022-03-22T00:36:36Z,3880000,,,0,,B. Williams Free Throw 1 of 2 (14 PTS),[1630314],1610612757.0,POR,,,,Williams,B. Williams,,,,,,,,,Made,14.0,,,,,,,,,,,,,,,
392,PT09M50.00S,2022-03-22T00:36:53.2Z,3,REGULAR,freethrow,2 of 2,['fromturnover'],1630314,,,1610612757,54,73,2022-03-22T00:36:53Z,3890000,,,0,,B. Williams Free Throw 2 of 2 (15 PTS),[1630314],1610612757.0,POR,,,,Williams,B. Williams,,,,,,,,,Made,15.0,,,,,,,,,,,,,,,
393,PT09M39.00S,2022-03-22T00:37:04.5Z,3,REGULAR,2pt,Layup,['pointsinthepaint'],1630595,91.63929040735874,52.94117647058824,1610612765,56,73,2022-03-22T00:37:40Z,3900000,15.0,26.0,1,right,C. Cunningham driving Layup (22 PTS),[1630595],1610612765.0,DET,driving,,,Cunningham,C. Cunningham,,,,,,,,3.0,Made,22.0,,,,,,,,,,,,,,,
394,PT09M27.00S,2022-03-22T00:37:15.9Z,3,REGULAR,3pt,Jump Shot,[],1629604,23.833771353482263,89.2156862745098,1610612757,56,76,2022-03-22T00:37:43Z,3910000,-196.0,172.0,1,left,C. Elleby 26' 3PT  (13 PTS) (D. Eubanks 2 AST),"[1629604, 1629234]",1610612757.0,POR,,,,Elleby,C. Elleby,,,,,,,,26.05,Made,13.0,,,,,,,,,,,,D. Eubanks,1629234.0,2.0,
396,PT09M23.00S,2022-03-22T00:37:24.7Z,3,REGULAR,stoppage,out-of-bounds,[],0,,,1610612765,56,76,2022-03-22T00:37:24Z,3930000,,,0,,,[],,,,,,,,,,,,,,,,,,,,,,,,,,,,,,,,
398,PT09M13.00S,2022-03-22T00:37:46.9Z,3,REGULAR,turnover,lost ball,[],1630595,,,1610612765,56,76,2022-03-22T00:37:50Z,3940000,,,0,,C. Cunningham lost ball TURNOVER (3 TO),"[1630595, 1630570]",1610612765.0,DET,,,,Cunningham,C. Cunningham,,,,,3.0,Watford,1630570.0,,,,,,,,,,,,,,,,,,
399,PT09M13.00S,2022-03-22T00:37:46.9Z,3,REGULAR,steal,,[],1630570,,,1610612757,56,76,2022-03-22T00:37:49Z,3950000,,,0,,T. Watford STEAL (2 STL),[1630570],1610612757.0,POR,,,,Watford,T. Watford,,,,,,,,,,,,,,,,,,,,,,,,,
400,PT09M10.00S,2022-03-22T00:37:51.3Z,3,REGULAR,2pt,Layup,"['pointsinthepaint', 'fromturnover', 'fastbreak']",1629604,7.802233902759525,54.90196078431372,1610612757,56,78,2022-03-22T00:38:01Z,3960000,-25.0,21.0,1,left,C. Elleby running Layup (15 PTS) (T. Watford 3 AST),"[1629604, 1630570]",1610612757.0,POR,running,,,Elleby,C. Elleby,,,,,,,,3.21,Made,15.0,,,,,,,,,,,,T. Watford,1630570.0,3.0,
402,PT09M10.00S,2022-03-22T00:37:56.5Z,3,REGULAR,foul,personal,['1freethrow'],1630180,,,1610612757,56,78,2022-03-22T00:38:08Z,3980000,,,0,,S. Bey shooting personal FOUL (1 PF) (Elleby 1 FT),"[1630180, 1629604]",1610612765.0,DET,shooting,,,Bey,S. Bey,,,,,,,,,,,,,,,201638.0,1.0,0.0,Elleby,1629604.0,,,,,,
404,PT09M10.00S,2022-03-22T00:38:20.3Z,3,REGULAR,freethrow,1 of 1,"['fromturnover', 'fastbreak']",1629604,,,1610612757,56,79,2022-03-22T00:38:20Z,4000000,,,0,,C. Elleby Free Throw 1 of 1 (16 PTS),[1629604],1610612757.0,POR,,,,Elleby,C. Elleby,,,,,,,,,Made,16.0,,,,,,,,,,,,,,,
405,PT09M04.00S,2022-03-22T00:38:27.8Z,3,REGULAR,turnover,lost ball,[],1630595,,,1610612765,56,79,2022-03-22T00:38:34Z,4010000,,,0,,C. Cunningham lost ball TURNOVER (4 TO),"[1630595, 1630314]",1610612765.0,DET,,,,Cunningham,C. Cunningham,,,,,4.0,Williams,1630314.0,,,,,,,,,,,,,,,,,,
406,PT09M04.00S,2022-03-22T00:38:27.8Z,3,REGULAR,steal,,[],1630314,,,1610612757,56,79,2022-03-22T00:38:30Z,4020000,,,0,,B. Williams STEAL (2 STL),[1630314],1610612757.0,POR,,,,Williams,B. Williams,,,,,,,,,,,,,,,,,,,,,,,,,
407,PT08M59.00S,2022-03-22T00:38:31.6Z,3,REGULAR,2pt,Layup,"['pointsinthepaint', 'fromturnover', 'fastbreak']",1630314,9.773324572930349,45.833333333333336,1610612757,56,79,2022-03-22T00:38:57Z,4030000,21.0,39.0,1,left,MISS B. Williams running Layup - blocked,"[1630314, 1630595]",1610612757.0,POR,running,,,Williams,B. Williams,,,,,,,,4.46,Missed,,,,,,,,,,,Cunningham,1630595.0,,,,
408,PT08M59.00S,2022-03-22T00:38:31.6Z,3,REGULAR,block,,[],1630595,,,1610612757,56,79,2022-03-22T00:38:35Z,4040000,,,0,,C. Cunningham BLOCK (1 BLK),[1630595],1610612765.0,DET,,,,Cunningham,C. Cunningham,,,,,,,,,,,,,,,,,,,,,,,,,
409,PT08M59.00S,2022-03-22T00:38:31.6Z,3,REGULAR,rebound,defensive,['team'],0,,,1610612765,56,79,2022-03-22T00:38:55Z,4050000,,,0,,TEAM defensive REBOUND,[],1610612765.0,DET,,,,,,,,,,,,,,,,407.0,,,,,,,,,,,,,,
442,PT08M59.00S,2022-03-22T00:38:46.6Z,3,REGULAR,stoppage,out-of-bounds,[],0,,,1610612765,56,79,2022-03-22T00:44:17Z,4055000,,,0,,,[],,,,,,,,,,,,,,,,,,,,,,,,,,,,,,,,
410,PT08M50.00S,2022-03-22T00:39:01.6Z,3,REGULAR,3pt,Jump Shot,[],1630180,93.74178712220763,1.470588235294116,1610612765,59,79,2022-03-22T00:39:06Z,4060000,-243.0,6.0,1,right,S. Bey 24' 3PT  (15 PTS) (M. Bagley III 1 AST),"[1630180, 1628963]",1610612765.0,DET,,,,Bey,S. Bey,,,,,,,,24.27,Made,15.0,,,,,,,,,,,,M. Bagley III,1628963.0,1.0,
412,PT08M35.00S,2022-03-22T00:39:15.6Z,3,REGULAR,2pt,Jump Shot,['pointsinthepaint'],1626159,7.802233902759525,44.607843137254896,1610612757,59,79,2022-03-22T00:39:20Z,4080000,27.0,21.0,1,left,MISS J. Winslow floating Shot,[1626159],1610612757.0,POR,floating,,,Winslow,J. Winslow,,,,,,,,3.41,Missed,,,,,,,,,,,,,,,,
413,PT08M32.00S,2022-03-22T00:39:18.6Z,3,REGULAR,rebound,defensive,[],1628963,,,1610612765,59,79,2022-03-22T00:39:20Z,4090000,,,0,,M. Bagley III REBOUND (Off:1 Def:5),[1628963],1610612765.0,DET,,,,Bagley III,M. Bagley III,,,,,,,,,,,412.0,6.0,5.0,1.0,,,,,,,,,,,
414,PT08M28.00S,2022-03-22T00:39:25.6Z,3,REGULAR,foul,personal,[],1630570,,,1610612765,59,79,2022-03-22T00:39:51Z,4100000,,,0,,T. Watford personal FOUL (3 PF),"[1630570, 1630191]",1610612757.0,POR,,,,Watford,T. Watford,,,,,,,,,,,,,,,201638.0,3.0,0.0,Stewart,1630191.0,,,,,,
416,PT08M17.00S,2022-03-22T00:39:54.9Z,3,REGULAR,3pt,Jump Shot,[],1630180,66.14035808147175,50.58976715686275,1610612765,62,79,2022-03-22T00:40:01Z,4120000,3.0,266.0,1,right,S. Bey 26' 3PT  (18 PTS) (C. Cunningham 4 AST),"[1630180, 1630595]",1610612765.0,DET,,,,Bey,S. Bey,,,,,,,,26.58,Made,18.0,,,,,,,,,,,,C. Cunningham,1630595.0,4.0,
418,PT08M09.00S,2022-03-22T00:40:06.9Z,3,REGULAR,foul,personal,[],1630180,,,1610612757,62,79,2022-03-22T00:40:20Z,4140000,,,0,,S. Bey personal FOUL (2 PF),"[1630180, 1629604]",1610612765.0,DET,,,,Bey,S. Bey,,,,,,,,,,,,,,,201638.0,2.0,0.0,Elleby,1629604.0,,,,,,
420,PT08M05.00S,2022-03-22T00:40:32.0Z,3,REGULAR,2pt,Hook,[],1629234,9.510512483574246,34.06862745098039,1610612757,62,81,2022-03-22T00:40:49Z,4160000,80.0,37.0,1,left,D. Eubanks 8' Hook (10 PTS) (T. Watford 4 AST),"[1629234, 1630570]",1610612757.0,POR,,,,Eubanks,D. Eubanks,,,,,,,,8.78,Made,10.0,,,,,,,,,,,,T. Watford,1630570.0,4.0,
422,PT07M49.00S,2022-03-22T00:40:47.4Z,3,REGULAR,2pt,Jump Shot,[],1630595,88.87976346911958,87.74509803921569,1610612765,62,81,2022-03-22T00:40:57Z,4180000,189.0,52.0,1,right,MISS C. Cunningham 19' pullup Shot,[1630595],1610612765.0,DET,pullup,,,Cunningham,C. Cunningham,,,,,,,,19.57,Missed,,,,,,,,,,,,,,,,
423,PT07M49.00S,2022-03-22T00:40:47.4Z,3,REGULAR,rebound,defensive,['team'],0,,,1610612757,62,81,2022-03-22T00:40:57Z,4190000,,,0,,TEAM defensive REBOUND,[],1610612757.0,POR,,,,,,,,,,,,,,,,422.0,,,,,,,,,,,,,,
424,PT07M48.00S,2022-03-22T00:40:57.1Z,3,REGULAR,stoppage,out-of-bounds,[],0,,,1610612757,62,81,2022-03-22T00:40:57Z,4200000,,,0,,,[],,,,,,,,,,,,,,,,,,,,,,,,,,,,,,,,
425,PT07M39.00S,2022-03-22T00:41:14.0Z,3,REGULAR,foul,personal,"['inpenalty', '2freethrow']",1628963,,,1610612757,62,81,2022-03-22T00:41:24Z,4210000,,,0,,M. Bagley III shooting personal FOUL (1 PF) (Watford 2 FT),"[1628963, 1630570]",1610612765.0,DET,shooting,,,Bagley III,M. Bagley III,,,,,,,,,,,,,,,201638.0,1.0,0.0,Watford,1630570.0,,,,,,
427,PT07M39.00S,2022-03-22T00:41:36.5Z,3,REGULAR,freethrow,1 of 2,[],1630570,,,1610612757,62,81,2022-03-22T00:41:36Z,4230000,,,0,,MISS T. Watford Free Throw 1 of 2,[1630570],1610612757.0,POR,,,,Watford,T. Watford,,,,,,,,,Missed,,,,,,,,,,,,,,,,
428,PT07M39.00S,2022-03-22T00:41:36.5Z,3,REGULAR,rebound,offensive,"['deadball', 'team']",0,,,1610612757,62,81,2022-03-22T00:41:36Z,4240000,,,0,,TEAM offensive REBOUND,[],1610612757.0,POR,,,,,,,,,,,,,,,,427.0,,,,,,,,,,,,,,
429,PT07M39.00S,2022-03-22T00:41:51.1Z,3,REGULAR,freethrow,2 of 2,[],1630570,,,1610612757,62,81,2022-03-22T00:41:51Z,4250000,,,0,,MISS T. Watford Free Throw 2 of 2,[1630570],1610612757.0,POR,,,,Watford,T. Watford,,,,,,,,,Missed,,,,,,,,,,,,,,,,
430,PT07M36.00S,2022-03-22T00:41:53.3Z,3,REGULAR,rebound,defensive,[],1628963,,,1610612765,62,81,2022-03-22T00:41:53Z,4260000,,,0,,M. Bagley III REBOUND (Off:1 Def:6),[1628963],1610612765.0,DET,,,,Bagley III,M. Bagley III,,,,,,,,,,,429.0,7.0,6.0,1.0,,,,,,,,,,,
431,PT07M22.00S,2022-03-22T00:42:08.2Z,3,REGULAR,foul,personal,[],1629604,,,1610612765,62,81,2022-03-22T00:42:25Z,4270000,,,0,,C. Elleby personal FOUL (2 PF),"[1629604, 1628963]",1610612757.0,POR,,,,Elleby,C. Elleby,,,,,,,,,,,,,,,201638.0,2.0,0.0,Bagley III,1628963.0,,,,,,
433,PT07M11.00S,2022-03-22T00:42:40.4Z,3,REGULAR,2pt,Jump Shot,['pointsinthepaint'],1630165,82.9664914586071,37.5,1610612765,64,81,2022-03-22T00:47:40Z,4290000,-62.0,108.0,1,right,K. Hayes 12' driving floating Jump Shot (2 PTS) (M. Bagley III 2 AST),"[1630165, 1628963]",1610612765.0,DET,driving floating,,,Hayes,K. Hayes,,,,,,,,12.44,Made,2.0,,,,,,,,,,,,M. Bagley III,1628963.0,2.0,
435,PT06M56.00S,2022-03-22T00:42:55.4Z,3,REGULAR,2pt,Jump Shot,[],1630314,17.789093298291732,76.22549019607843,1610612757,64,81,2022-03-22T00:48:42Z,4310000,-131.0,115.0,1,left,MISS B. Williams 17' step back Shot,[1630314],1610612757.0,POR,step back,,,Williams,B. Williams,,,,,,,,17.42,Missed,,,,,,,,,,,,,,,,
436,PT06M54.00S,2022-03-22T00:42:57.4Z,3,REGULAR,rebound,defensive,[],1630180,,,1610612765,64,81,2022-03-22T00:43:00Z,4320000,,,0,,S. Bey REBOUND (Off:1 Def:4),[1630180],1610612765.0,DET,,,,Bey,S. Bey,,,,,,,,,,,435.0,5.0,4.0,1.0,,,,,,,,,,,
437,PT06M43.00S,2022-03-22T00:43:07.6Z,3,REGULAR,2pt,DUNK,['pointsinthepaint'],1630165,93.47897503285151,47.30392156862745,1610612765,66,81,2022-03-22T00:43:12Z,4330000,-13.0,9.0,1,right,K. Hayes driving DUNK (4 PTS) (C. Cunningham 5 AST),"[1630165, 1630595]",1610612765.0,DET,driving,,,Hayes,K. Hayes,,,,,,,,1.61,Made,4.0,,,,,,,,,,,,C. Cunningham,1630595.0,5.0,
439,PT06M21.00S,2022-03-22T00:43:30.3Z,3,REGULAR,2pt,Layup,['pointsinthepaint'],1629234,8.853482260183966,50.73529411764706,1610612757,66,83,2022-03-22T00:43:56Z,4350000,-4.0,31.0,1,left,D. Eubanks finger roll Layup (12 PTS),[1629234],1610612757.0,POR,finger roll,,,Eubanks,D. Eubanks,,,,,,,,3.09,Made,12.0,,,,,,,,,,,,,,,
440,PT06M01.00S,2022-03-22T00:43:50.4Z,3,REGULAR,2pt,Jump Shot,[],1630180,88.35413929040736,25.980392156862735,1610612765,68,83,2022-03-22T00:50:14Z,4360000,-120.0,57.0,1,right,S. Bey 13' fadeaway Jump Shot (20 PTS),[1630180],1610612765.0,DET,fadeaway,,,Bey,S. Bey,,,,,,,,13.29,Made,20.0,,,,,,,,,,,,,,,
441,PT05M47.00S,2022-03-22T00:44:08.7Z,3,REGULAR,turnover,out-of-bounds,[],1626159,,,1610612757,68,83,2022-03-22T00:44:15Z,4370000,,,0,,J. Winslow bad pass out-of-bounds TURNOVER (1 TO),[1626159],1610612757.0,POR,bad pass,,,Winslow,J. Winslow,,,,,1.0,,,,,,,,,,204059.0,,,,,,,,,,
443,PT05M47.00S,2022-03-22T00:44:20.2Z,3,REGULAR,timeout,full,"['team', 'mandatory']",0,,,1610612765,68,83,2022-03-22T00:44:20Z,4380000,,,0,,DET Timeout,[],1610612765.0,DET,,,,,,,,,,,,,,,,,,,,,,,,,,,,,,
444,PT05M47.00S,2022-03-22T00:44:22.5Z,3,REGULAR,substitution,out,[],1629234,,,1610612765,68,83,2022-03-22T00:47:03Z,4390000,,,0,,SUB out: D. Eubanks,[1629234],1610612757.0,POR,,,,Eubanks,D. Eubanks,,,,,,,,,,,,,,,,,,,,,,,,,
445,PT05M47.00S,2022-03-22T00:44:22.5Z,3,REGULAR,substitution,out,[],1629604,,,1610612765,68,83,2022-03-22T00:47:03Z,4400000,,,0,,SUB out: C. Elleby,[1629604],1610612757.0,POR,,,,Elleby,C. Elleby,,,,,,,,,,,,,,,,,,,,,,,,,
446,PT05M47.00S,2022-03-22T00:44:22.5Z,3,REGULAR,substitution,in,[],1630535,,,1610612765,68,83,2022-03-22T00:47:03Z,4410000,,,0,,SUB in: G. Brown III,[1630535],1610612757.0,POR,,,,Brown III,G. Brown III,,,,,,,,,,,,,,,,,,,,,,,,,
447,PT05M47.00S,2022-03-22T00:44:22.5Z,3,REGULAR,substitution,in,[],203463,,,1610612765,68,83,2022-03-22T00:47:03Z,4420000,,,0,,SUB in: B. McLemore,[203463],1610612757.0,POR,,,,McLemore,B. McLemore,,,,,,,,,,,,,,,,,,,,,,,,,
448,PT05M32.00S,2022-03-22T00:47:16.0Z,3,REGULAR,2pt,Layup,"['pointsinthepaint', 'fromturnover']",1628963,92.55913272010513,45.58823529411765,1610612765,70,83,2022-03-22T00:47:39Z,4430000,-22.0,17.0,1,right,M. Bagley III Layup (8 PTS) (K. Hayes 5 AST),"[1628963, 1630165]",1610612765.0,DET,,,,Bagley III,M. Bagley III,,,,,,,,2.81,Made,8.0,,,,,,,,,,,,K. Hayes,1630165.0,5.0,
450,PT05M32.00S,2022-03-22T00:47:22.9Z,3,REGULAR,foul,personal,['1freethrow'],1630535,,,1610612765,70,83,2022-03-22T00:47:51Z,4450000,,,0,,G. Brown III shooting personal FOUL (4 PF) (Bagley III 1 FT),"[1630535, 1628963]",1610612757.0,POR,shooting,,,Brown III,G. Brown III,,,,,,,,,,,,,,,1627964.0,4.0,1.0,Bagley III,1628963.0,,,,,,
452,PT05M32.00S,2022-03-22T00:47:52.4Z,3,REGULAR,freethrow,1 of 1,['fromturnover'],1628963,,,1610612765,71,83,2022-03-22T00:47:52Z,4470000,,,0,,M. Bagley III Free Throw 1 of 1 (9 PTS),[1628963],1610612765.0,DET,,,,Bagley III,M. Bagley III,,,,,,,,,Made,9.0,,,,,,,,,,,,,,,
453,PT05M14.00S,2022-03-22T00:48:14.8Z,3,REGULAR,2pt,Layup,['pointsinthepaint'],1626159,10.95597897503285,55.88235294117647,1610612757,71,83,2022-03-22T00:48:22Z,4480000,-29.0,50.0,1,left,MISS J. Winslow driving Layup,[1626159],1610612757.0,POR,driving,,,Winslow,J. Winslow,,,,,,,,5.84,Missed,,,,,,,,,,,,,,,,
454,PT05M07.00S,2022-03-22T00:48:21.0Z,3,REGULAR,rebound,offensive,[],1626159,,,1610612757,71,83,2022-03-22T00:48:21Z,4490000,,,0,,J. Winslow REBOUND (Off:1 Def:2),[1626159],1610612757.0,POR,,,,Winslow,J. Winslow,,,,,,,,,,,453.0,3.0,2.0,1.0,,,,,,,,,,,
455,PT05M07.00S,2022-03-22T00:48:21.0Z,3,REGULAR,2pt,Layup,"['pointsinthepaint', '2ndchance']",1626159,5.590000152587891,50.0,1610612757,71,83,2022-03-22T00:48:21Z,4500000,0.0,0.0,1,left,MISS J. Winslow tip Layup,[1626159],1610612757.0,POR,tip,,,Winslow,J. Winslow,,,,,,,,0.0,Missed,,,,,,,,,,,,,,,,
456,PT05M06.00S,2022-03-22T00:48:21.8Z,3,REGULAR,rebound,defensive,[],1630191,,,1610612765,71,83,2022-03-22T00:48:21Z,4510000,,,0,,I. Stewart REBOUND (Off:3 Def:7),[1630191],1610612765.0,DET,,,,Stewart,I. Stewart,,,,,,,,,,,455.0,10.0,7.0,3.0,,,,,,,,,,,
457,PT05M06.00S,2022-03-22T00:48:30.2Z,3,REGULAR,foul,personal,['2freethrow'],1630570,,,1610612765,71,83,2022-03-22T00:48:44Z,4520000,,,0,,T. Watford shooting personal FOUL (4 PF) (Stewart 2 FT),"[1630570, 1630191]",1610612757.0,POR,shooting,,,Watford,T. Watford,,,,,,,,,,,,,,,201638.0,4.0,0.0,Stewart,1630191.0,,,,,,
459,PT05M06.00S,2022-03-22T00:48:54.7Z,3,REGULAR,freethrow,1 of 2,[],1630191,,,1610612765,72,83,2022-03-22T00:48:54Z,4540000,,,0,,I. Stewart Free Throw 1 of 2 (7 PTS),[1630191],1610612765.0,DET,,,,Stewart,I. Stewart,,,,,,,,,Made,7.0,,,,,,,,,,,,,,,
460,PT05M06.00S,2022-03-22T00:48:57.0Z,3,REGULAR,substitution,out,[],1630570,,,1610612765,72,83,2022-03-22T00:49:11Z,4550000,,,0,,SUB out: T. Watford,[1630570],1610612757.0,POR,,,,Watford,T. Watford,,,,,,,,,,,,,,,,,,,,,,,,,
461,PT05M06.00S,2022-03-22T00:48:57.0Z,3,REGULAR,substitution,in,[],1629234,,,1610612765,72,83,2022-03-22T00:49:11Z,4560000,,,0,,SUB in: D. Eubanks,[1629234],1610612757.0,POR,,,,Eubanks,D. Eubanks,,,,,,,,,,,,,,,,,,,,,,,,,
462,PT05M06.00S,2022-03-22T00:49:17.2Z,3,REGULAR,freethrow,2 of 2,[],1630191,,,1610612765,73,83,2022-03-22T00:49:17Z,4570000,,,0,,I. Stewart Free Throw 2 of 2 (8 PTS),[1630191],1610612765.0,DET,,,,Stewart,I. Stewart,,,,,,,,,Made,8.0,,,,,,,,,,,,,,,
463,PT04M50.00S,2022-03-22T00:49:34.3Z,3,REGULAR,3pt,Jump Shot,[],203463,29.747043363994734,81.37254901960785,1610612757,73,83,2022-03-22T00:49:40Z,4580000,-157.0,227.0,1,left,MISS B. McLemore 27' 3PT,[203463],1610612757.0,POR,,,,McLemore,B. McLemore,,,,,,,,27.6,Missed,,,,,,,,,,,,,,,,
464,PT04M46.00S,2022-03-22T00:49:38.3Z,3,REGULAR,rebound,defensive,[],1630191,,,1610612765,73,83,2022-03-22T00:49:40Z,4590000,,,0,,I. Stewart REBOUND (Off:3 Def:8),[1630191],1610612765.0,DET,,,,Stewart,I. Stewart,,,,,,,,,,,463.0,11.0,8.0,3.0,,,,,,,,,,,
465,PT04M33.00S,2022-03-22T00:49:50.9Z,3,REGULAR,2pt,Jump Shot,['pointsinthepaint'],1628963,92.42772667542707,40.68627450980392,1610612765,73,83,2022-03-22T00:49:58Z,4600000,-47.0,19.0,1,right,MISS M. Bagley III floating Shot,[1628963],1610612765.0,DET,floating,,,Bagley III,M. Bagley III,,,,,,,,5.02,Missed,,,,,,,,,,,,,,,,
466,PT04M29.00S,2022-03-22T00:49:54.9Z,3,REGULAR,rebound,offensive,[],1630191,,,1610612765,73,83,2022-03-22T00:49:58Z,4610000,,,0,,I. Stewart REBOUND (Off:4 Def:8),[1630191],1610612765.0,DET,,,,Stewart,I. Stewart,,,,,,,,,,,465.0,12.0,8.0,4.0,,,,,,,,,,,
467,PT04M29.00S,2022-03-22T00:49:54.8Z,3,REGULAR,2pt,Layup,"['pointsinthepaint', '2ndchance']",1630191,94.40999984741211,50.0,1610612765,73,83,2022-03-22T00:49:54Z,4620000,0.0,0.0,1,right,MISS I. Stewart tip Layup,[1630191],1610612765.0,DET,tip,,,Stewart,I. Stewart,,,,,,,,0.0,Missed,,,,,,,,,,,,,,,,
468,PT04M29.00S,2022-03-22T00:49:55.6Z,3,REGULAR,rebound,defensive,[],1630314,,,1610612757,73,83,2022-03-22T00:49:55Z,4630000,,,0,,B. Williams REBOUND (Off:0 Def:3),[1630314],1610612757.0,POR,,,,Williams,B. Williams,,,,,,,,,,,467.0,3.0,3.0,0.0,,,,,,,,,,,
471,PT04M27.00S,2022-03-22T00:50:20.2Z,3,REGULAR,foul,personal,"['inpenalty', '2freethrow']",1630191,,,1610612757,73,83,2022-03-22T00:50:36Z,4660000,,,0,,I. Stewart shooting personal FOUL (2 PF) (Winslow 2 FT),"[1630191, 1626159]",1610612765.0,DET,shooting,,,Stewart,I. Stewart,,,,,,,,,,,,,,,201638.0,2.0,0.0,Winslow,1626159.0,,,,,,
473,PT04M27.00S,2022-03-22T00:50:37.6Z,3,REGULAR,freethrow,1 of 2,[],1626159,,,1610612757,73,84,2022-03-22T00:50:37Z,4680000,,,0,,J. Winslow Free Throw 1 of 2 (5 PTS),[1626159],1610612757.0,POR,,,,Winslow,J. Winslow,,,,,,,,,Made,5.0,,,,,,,,,,,,,,,
474,PT04M27.00S,2022-03-22T00:50:46.4Z,3,REGULAR,freethrow,2 of 2,[],1626159,,,1610612757,73,85,2022-03-22T00:50:46Z,4690000,,,0,,J. Winslow Free Throw 2 of 2 (6 PTS),[1626159],1610612757.0,POR,,,,Winslow,J. Winslow,,,,,,,,,Made,6.0,,,,,,,,,,,,,,,
475,PT04M18.00S,2022-03-22T00:50:59.6Z,3,REGULAR,turnover,bad pass,[],1630191,,,1610612765,73,85,2022-03-22T00:51:05Z,4700000,,,0,,I. Stewart bad pass TURNOVER (1 TO),"[1630191, 1630535]",1610612765.0,DET,,,,Stewart,I. Stewart,,,,,1.0,Brown III,1630535.0,,,,,,,,,,,,,,,,,,
476,PT04M18.00S,2022-03-22T00:50:59.6Z,3,REGULAR,steal,,[],1630535,,,1610612757,73,85,2022-03-22T00:51:01Z,4710000,,,0,,G. Brown III STEAL (1 STL),[1630535],1610612757.0,POR,,,,Brown III,G. Brown III,,,,,,,,,,,,,,,,,,,,,,,,,
477,PT04M16.00S,2022-03-22T00:51:04.3Z,3,REGULAR,foul,personal,"['inpenalty', '2freethrow']",1628963,,,1610612757,73,85,2022-03-22T00:51:16Z,4720000,,,0,,M. Bagley III shooting personal FOUL (2 PF) (Brown III 2 FT),"[1628963, 1630535]",1610612765.0,DET,shooting,,,Bagley III,M. Bagley III,,,,,,,,,,,,,,,1627964.0,2.0,0.0,Brown III,1630535.0,,,,,,
479,PT04M16.00S,2022-03-22T00:51:33.5Z,3,REGULAR,freethrow,1 of 2,['fromturnover'],1630535,,,1610612757,73,86,2022-03-22T00:51:33Z,4740000,,,0,,G. Brown III Free Throw 1 of 2 (5 PTS),[1630535],1610612757.0,POR,,,,Brown III,G. Brown III,,,,,,,,,Made,5.0,,,,,,,,,,,,,,,
480,PT04M16.00S,2022-03-22T00:51:34.2Z,3,REGULAR,substitution,out,[],1630180,,,1610612757,73,86,2022-03-22T00:51:57Z,4750000,,,0,,SUB out: S. Bey,[1630180],1610612765.0,DET,,,,Bey,S. Bey,,,,,,,,,,,,,,,,,,,,,,,,,
481,PT04M16.00S,2022-03-22T00:51:34.2Z,3,REGULAR,substitution,out,[],1626159,,,1610612757,73,86,2022-03-22T00:51:57Z,4760000,,,0,,SUB out: J. Winslow,[1626159],1610612757.0,POR,,,,Winslow,J. Winslow,,,,,,,,,,,,,,,,,,,,,,,,,
483,PT04M16.00S,2022-03-22T00:51:34.2Z,3,REGULAR,substitution,in,[],1627739,,,1610612757,73,86,2022-03-22T00:51:57Z,4780000,,,0,,SUB in: K. Dunn,[1627739],1610612757.0,POR,,,,Dunn,K. Dunn,,,,,,,,,,,,,,,,,,,,,,,,,
492,PT04M16.00S,2022-03-22T00:51:34.2Z,3,REGULAR,substitution,in,[],1630587,,,1610612757,73,86,2022-03-22T00:53:31Z,4785000,,,0,,SUB in: I. Livers,[1630587],1610612765.0,DET,,,,Livers,I. Livers,,,,,,,,,,,,,,,,,,,,,,,,,
484,PT04M16.00S,2022-03-22T00:52:01.6Z,3,REGULAR,freethrow,2 of 2,['fromturnover'],1630535,,,1610612757,73,87,2022-03-22T00:52:01Z,4790000,,,0,,G. Brown III Free Throw 2 of 2 (6 PTS),[1630535],1610612757.0,POR,,,,Brown III,G. Brown III,,,,,,,,,Made,6.0,,,,,,,,,,,,,,,
485,PT03M56.00S,2022-03-22T00:52:19.4Z,3,REGULAR,2pt,Layup,['pointsinthepaint'],1630165,92.55913272010513,42.64705882352941,1610612765,73,87,2022-03-22T00:52:25Z,4800000,-37.0,17.0,1,right,MISS K. Hayes driving Layup,[1630165],1610612765.0,DET,driving,,,Hayes,K. Hayes,,,,,,,,4.07,Missed,,,,,,,,,,,,,,,,
486,PT03M52.00S,2022-03-22T00:52:23.4Z,3,REGULAR,rebound,offensive,[],1628963,,,1610612765,73,87,2022-03-22T00:52:25Z,4810000,,,0,,M. Bagley III REBOUND (Off:2 Def:6),[1628963],1610612765.0,DET,,,,Bagley III,M. Bagley III,,,,,,,,,,,485.0,8.0,6.0,2.0,,,,,,,,,,,
487,PT03M52.00S,2022-03-22T00:52:23.4Z,3,REGULAR,2pt,Layup,"['pointsinthepaint', '2ndchance']",1628963,94.40999984741211,50.0,1610612765,75,87,2022-03-22T00:52:23Z,4820000,0.0,0.0,1,right,M. Bagley III tip Layup (11 PTS),[1628963],1610612765.0,DET,tip,,,Bagley III,M. Bagley III,,,,,,,,0.0,Made,11.0,,,,,,,,,,,,,,,
488,PT03M44.00S,2022-03-22T00:52:34.8Z,3,REGULAR,foul,personal,"['inpenalty', '2freethrow']",1630587,,,1610612757,75,87,2022-03-22T00:53:04Z,4830000,,,0,,I. Livers personal FOUL (2 PF) (Eubanks 2 FT),"[1630587, 1629234]",1610612765.0,DET,,,,Livers,I. Livers,,,,,,,,,,,,,,,201638.0,2.0,0.0,Eubanks,1629234.0,,,,,,
490,PT03M44.00S,2022-03-22T00:53:05.2Z,3,REGULAR,freethrow,1 of 2,[],1629234,,,1610612757,75,88,2022-03-22T00:53:05Z,4850000,,,0,,D. Eubanks Free Throw 1 of 2 (13 PTS),[1629234],1610612757.0,POR,,,,Eubanks,D. Eubanks,,,,,,,,,Made,13.0,,,,,,,,,,,,,,,
491,PT03M44.00S,2022-03-22T00:53:17.8Z,3,REGULAR,freethrow,2 of 2,[],1629234,,,1610612757,75,89,2022-03-22T00:53:17Z,4860000,,,0,,D. Eubanks Free Throw 2 of 2 (14 PTS),[1629234],1610612757.0,POR,,,,Eubanks,D. Eubanks,,,,,,,,,Made,14.0,,,,,,,,,,,,,,,
494,PT03M27.00S,2022-03-22T00:53:39.3Z,3,REGULAR,foul,personal,"['inpenalty', '2freethrow']",1627739,,,1610612765,75,89,2022-03-22T00:53:57Z,4880000,,,0,,K. Dunn personal FOUL (2 PF) (Hayes 2 FT),"[1627739, 1630165]",1610612757.0,POR,,,,Dunn,K. Dunn,,,,,,,,,,,,,,,1627964.0,2.0,0.0,Hayes,1630165.0,,,,,,
496,PT03M27.00S,2022-03-22T00:54:07.1Z,3,REGULAR,freethrow,1 of 2,[],1630165,,,1610612765,76,89,2022-03-22T00:54:07Z,4900000,,,0,,K. Hayes Free Throw 1 of 2 (5 PTS),[1630165],1610612765.0,DET,,,,Hayes,K. Hayes,,,,,,,,,Made,5.0,,,,,,,,,,,,,,,
497,PT03M27.00S,2022-03-22T00:54:19.8Z,3,REGULAR,freethrow,2 of 2,[],1630165,,,1610612765,77,89,2022-03-22T00:54:19Z,4910000,,,0,,K. Hayes Free Throw 2 of 2 (6 PTS),[1630165],1610612765.0,DET,,,,Hayes,K. Hayes,,,,,,,,,Made,6.0,,,,,,,,,,,,,,,
498,PT03M10.00S,2022-03-22T00:54:38.3Z,3,REGULAR,2pt,Layup,['pointsinthepaint'],1630314,11.218791064388967,53.431372549019606,1610612757,77,89,2022-03-22T00:54:42Z,4920000,-17.0,53.0,1,left,MISS B. Williams driving Layup,[1630314],1610612757.0,POR,driving,,,Williams,B. Williams,,,,,,,,5.57,Missed,,,,,,,,,,,,,,,,
499,PT03M07.00S,2022-03-22T00:54:41.3Z,3,REGULAR,rebound,offensive,[],1629234,,,1610612757,77,89,2022-03-22T00:54:42Z,4930000,,,0,,D. Eubanks REBOUND (Off:4 Def:2),[1629234],1610612757.0,POR,,,,Eubanks,D. Eubanks,,,,,,,,,,,498.0,6.0,2.0,4.0,,,,,,,,,,,
500,PT03M05.00S,2022-03-22T00:54:42.2Z,3,REGULAR,3pt,Jump Shot,['2ndchance'],203463,26.938239159001313,16.643688725490193,1610612757,77,89,2022-03-22T00:58:17Z,4940000,167.0,201.0,1,left,MISS B. McLemore 26' pullup 3PT,[203463],1610612757.0,POR,pullup,,,McLemore,B. McLemore,,,,,,,,26.1,Missed,,,,,,,,,,,,,,,,
501,PT03M02.00S,2022-03-22T00:54:45.2Z,3,REGULAR,rebound,offensive,[],1630314,,,1610612757,77,89,2022-03-22T00:54:47Z,4950000,,,0,,B. Williams REBOUND (Off:1 Def:3),[1630314],1610612757.0,POR,,,,Williams,B. Williams,,,,,,,,,,,500.0,4.0,3.0,1.0,,,,,,,,,,,
502,PT02M53.00S,2022-03-22T00:54:53.9Z,3,REGULAR,3pt,Jump Shot,['2ndchance'],203463,37.10578186596584,50.98039215686275,1610612757,77,92,2022-03-22T00:59:04Z,4960000,-5.0,296.0,1,left,B. McLemore 29' 3PT pullup (19 PTS),[203463],1610612757.0,POR,pullup,,,McLemore,B. McLemore,,,,,,,,29.63,Made,19.0,,,,,,,,,,,,,,,
503,PT02M33.00S,2022-03-22T00:55:13.7Z,3,REGULAR,turnover,bad pass,[],1630595,,,1610612765,77,92,2022-03-22T00:55:18Z,4970000,,,0,,C. Cunningham bad pass TURNOVER (5 TO),"[1630595, 203463]",1610612765.0,DET,,,,Cunningham,C. Cunningham,,,,,5.0,McLemore,203463.0,,,,,,,,,,,,,,,,,,
504,PT02M33.00S,2022-03-22T00:55:13.7Z,3,REGULAR,steal,,[],203463,,,1610612757,77,92,2022-03-22T00:55:16Z,4980000,,,0,,B. McLemore STEAL (1 STL),[203463],1610612757.0,POR,,,,McLemore,B. McLemore,,,,,,,,,,,,,,,,,,,,,,,,,
505,PT02M26.00S,2022-03-22T00:55:21.3Z,3,REGULAR,2pt,Layup,"['pointsinthepaint', 'fromturnover']",1630535,12.13863337713535,59.55882352941176,1610612757,77,94,2022-03-22T00:55:27Z,4990000,-48.0,62.0,1,left,G. Brown III 7' driving Layup (8 PTS) (B. McLemore 1 AST),"[1630535, 203463]",1610612757.0,POR,driving,,,Brown III,G. Brown III,,,,,,,,7.8,Made,8.0,,,,,,,,,,,,B. McLemore,203463.0,1.0,
507,PT02M14.00S,2022-03-22T00:55:38.9Z,3,REGULAR,foul,personal,"['inpenalty', '2freethrow']",1630314,,,1610612765,77,94,2022-03-22T00:55:49Z,5010000,,,0,,B. Williams personal FOUL (1 PF) (Hayes 2 FT),"[1630314, 1630165]",1610612757.0,POR,,,,Williams,B. Williams,,,,,,,,,,,,,,,204059.0,1.0,0.0,Hayes,1630165.0,,,,,,
509,PT02M14.00S,2022-03-22T00:55:52.7Z,3,REGULAR,timeout,full,"['team', 'mandatory']",0,,,1610612765,77,94,2022-03-22T00:55:52Z,5030000,,,0,,POR Timeout,[],1610612757.0,POR,,,,,,,,,,,,,,,,,,,,,,,,,,,,,,
510,PT02M14.00S,2022-03-22T00:55:57.3Z,3,REGULAR,substitution,out,[],1630191,,,1610612765,77,94,2022-03-22T00:58:30Z,5040000,,,0,,SUB out: I. Stewart,[1630191],1610612765.0,DET,,,,Stewart,I. Stewart,,,,,,,,,,,,,,,,,,,,,,,,,
511,PT02M14.00S,2022-03-22T00:55:57.3Z,3,REGULAR,substitution,out,[],1628963,,,1610612765,77,94,2022-03-22T00:58:30Z,5050000,,,0,,SUB out: M. Bagley III,[1628963],1610612765.0,DET,,,,Bagley III,M. Bagley III,,,,,,,,,,,,,,,,,,,,,,,,,
512,PT02M14.00S,2022-03-22T00:55:57.3Z,3,REGULAR,substitution,out,[],1630314,,,1610612765,77,94,2022-03-22T00:58:30Z,5060000,,,0,,SUB out: B. Williams,[1630314],1610612757.0,POR,,,,Williams,B. Williams,,,,,,,,,,,,,,,,,,,,,,,,,
513,PT02M14.00S,2022-03-22T00:55:57.3Z,3,REGULAR,substitution,in,[],1630691,,,1610612765,77,94,2022-03-22T00:58:30Z,5070000,,,0,,SUB in: J. Pickett,[1630691],1610612765.0,DET,,,,Pickett,J. Pickett,,,,,,,,,,,,,,,,,,,,,,,,,
514,PT02M14.00S,2022-03-22T00:55:57.3Z,3,REGULAR,substitution,in,[],1630568,,,1610612765,77,94,2022-03-22T00:58:30Z,5080000,,,0,,SUB in: L. Garza,[1630568],1610612765.0,DET,,,,Garza,L. Garza,,,,,,,,,,,,,,,,,,,,,,,,,
515,PT02M14.00S,2022-03-22T00:55:57.3Z,3,REGULAR,substitution,in,[],1630553,,,1610612765,77,94,2022-03-22T00:58:30Z,5090000,,,0,,SUB in: K. Johnson,[1630553],1610612757.0,POR,,,,Johnson,K. Johnson,,,,,,,,,,,,,,,,,,,,,,,,,
516,PT02M14.00S,2022-03-22T00:58:45.3Z,3,REGULAR,freethrow,1 of 2,[],1630165,,,1610612765,78,94,2022-03-22T00:58:45Z,5100000,,,0,,K. Hayes Free Throw 1 of 2 (7 PTS),[1630165],1610612765.0,DET,,,,Hayes,K. Hayes,,,,,,,,,Made,7.0,,,,,,,,,,,,,,,
517,PT02M14.00S,2022-03-22T00:58:58.9Z,3,REGULAR,freethrow,2 of 2,[],1630165,,,1610612765,79,94,2022-03-22T00:58:58Z,5110000,,,0,,K. Hayes Free Throw 2 of 2 (8 PTS),[1630165],1610612765.0,DET,,,,Hayes,K. Hayes,,,,,,,,,Made,8.0,,,,,,,,,,,,,,,
518,PT02M06.00S,2022-03-22T00:59:15.0Z,3,REGULAR,foul,personal,"['inpenalty', '2freethrow']",1630568,,,1610612757,79,94,2022-03-22T00:59:44Z,5120000,,,0,,L. Garza personal FOUL (2 PF) (McLemore 2 FT),"[1630568, 203463]",1610612765.0,DET,,,,Garza,L. Garza,,,,,,,,,,,,,,,204059.0,2.0,0.0,McLemore,203463.0,,,,,,
520,PT02M06.00S,2022-03-22T00:59:56.9Z,3,REGULAR,freethrow,1 of 2,[],203463,,,1610612757,79,94,2022-03-22T00:59:56Z,5140000,,,0,,MISS B. McLemore Free Throw 1 of 2,[203463],1610612757.0,POR,,,,McLemore,B. McLemore,,,,,,,,,Missed,,,,,,,,,,,,,,,,
521,PT02M06.00S,2022-03-22T00:59:56.9Z,3,REGULAR,rebound,offensive,"['deadball', 'team']",0,,,1610612757,79,94,2022-03-22T00:59:56Z,5150000,,,0,,TEAM offensive REBOUND,[],1610612757.0,POR,,,,,,,,,,,,,,,,520.0,,,,,,,,,,,,,,
522,PT02M06.00S,2022-03-22T01:00:03.0Z,3,REGULAR,substitution,out,[],1630165,,,1610612757,79,94,2022-03-22T01:00:11Z,5160000,,,0,,SUB out: K. Hayes,[1630165],1610612765.0,DET,,,,Hayes,K. Hayes,,,,,,,,,,,,,,,,,,,,,,,,,
523,PT02M06.00S,2022-03-22T01:00:03.0Z,3,REGULAR,substitution,in,[],1630240,,,1610612757,79,94,2022-03-22T01:00:11Z,5170000,,,0,,SUB in: S. Lee,[1630240],1610612765.0,DET,,,,Lee,S. Lee,,,,,,,,,,,,,,,,,,,,,,,,,
524,PT02M06.00S,2022-03-22T01:00:15.1Z,3,REGULAR,freethrow,2 of 2,[],203463,,,1610612757,79,95,2022-03-22T01:00:15Z,5180000,,,0,,B. McLemore Free Throw 2 of 2 (20 PTS),[203463],1610612757.0,POR,,,,McLemore,B. McLemore,,,,,,,,,Made,20.0,,,,,,,,,,,,,,,
525,PT01M49.00S,2022-03-22T01:00:35.5Z,3,REGULAR,violation,kicked ball,[],1627739,,,1610612765,79,95,2022-03-22T01:00:49Z,5190000,,,0,,K. Dunn kicked ball VIOLATION,[1627739],1610612757.0,POR,,,,Dunn,K. Dunn,,,,,,,,,,,,,,,201638.0,,,,,,,,,,
526,PT01M40.00S,2022-03-22T01:01:01.1Z,3,REGULAR,foul,personal,"['inpenalty', '2freethrow']",1630553,,,1610612765,79,95,2022-03-22T01:01:18Z,5200000,,,0,,K. Johnson personal FOUL (2 PF) (Garza 2 FT),"[1630553, 1630568]",1610612757.0,POR,,,,Johnson,K. Johnson,,,,,,,,,,,,,,,201638.0,2.0,0.0,Garza,1630568.0,,,,,,
528,PT01M40.00S,2022-03-22T01:01:41.8Z,3,REGULAR,freethrow,1 of 2,[],1630568,,,1610612765,80,95,2022-03-22T01:01:41Z,5220000,,,0,,L. Garza Free Throw 1 of 2 (6 PTS),[1630568],1610612765.0,DET,,,,Garza,L. Garza,,,,,,,,,Made,6.0,,,,,,,,,,,,,,,
529,PT01M40.00S,2022-03-22T01:01:41.8Z,3,REGULAR,freethrow,2 of 2,[],1630568,,,1610612765,80,95,2022-03-22T01:02:01Z,5230000,,,0,,MISS L. Garza Free Throw 2 of 2,[1630568],1610612765.0,DET,,,,Garza,L. Garza,,,,,,,,,Missed,,,,,,,,,,,,,,,,
530,PT01M37.00S,2022-03-22T01:01:44.8Z,3,REGULAR,rebound,defensive,[],1630535,,,1610612757,80,95,2022-03-22T01:02:01Z,5240000,,,0,,G. Brown III REBOUND (Off:1 Def:1),[1630535],1610612757.0,POR,,,,Brown III,G. Brown III,,,,,,,,,,,529.0,2.0,1.0,1.0,,,,,,,,,,,
531,PT01M21.00S,2022-03-22T01:02:15.1Z,3,REGULAR,3pt,Jump Shot,[],1630553,24.6222076215506,88.23529411764706,1610612757,80,95,2022-03-22T01:02:20Z,5250000,-191.0,179.0,1,left,MISS K. Johnson 26' 3PT,[1630553],1610612757.0,POR,,,,Johnson,K. Johnson,,,,,,,,26.18,Missed,,,,,,,,,,,,,,,,
532,PT01M18.00S,2022-03-22T01:02:18.1Z,3,REGULAR,rebound,defensive,[],1630691,,,1610612765,80,95,2022-03-22T01:02:20Z,5260000,,,0,,J. Pickett REBOUND (Off:1 Def:2),[1630691],1610612765.0,DET,,,,Pickett,J. Pickett,,,,,,,,,,,531.0,3.0,2.0,1.0,,,,,,,,,,,
533,PT01M06.00S,2022-03-22T01:02:29.7Z,3,REGULAR,3pt,Jump Shot,[],1630240,80.46977660972405,8.57843137254902,1610612765,83,95,2022-03-22T01:02:34Z,5270000,-207.0,131.0,1,right,S. Lee 24' 3PT  (5 PTS) (I. Livers 1 AST),"[1630240, 1630587]",1610612765.0,DET,,,,Lee,S. Lee,,,,,,,,24.51,Made,5.0,,,,,,,,,,,,I. Livers,1630587.0,1.0,
535,PT00M53.00S,2022-03-22T01:02:44.2Z,3,REGULAR,2pt,Layup,['pointsinthepaint'],1630553,9.116294349540084,41.666666666666664,1610612757,83,95,2022-03-22T01:02:48Z,5290000,42.0,33.0,1,left,MISS K. Johnson driving Layup,[1630553],1610612757.0,POR,driving,,,Johnson,K. Johnson,,,,,,,,5.33,Missed,,,,,,,,,,,,,,,,
536,PT00M50.60S,2022-03-22T01:02:46.6Z,3,REGULAR,rebound,defensive,[],1630595,,,1610612765,83,95,2022-03-22T01:02:48Z,5300000,,,0,,C. Cunningham REBOUND (Off:0 Def:1),[1630595],1610612765.0,DET,,,,Cunningham,C. Cunningham,,,,,,,,,,,535.0,1.0,1.0,0.0,,,,,,,,,,,
537,PT00M46.50S,2022-03-22T01:02:50.7Z,3,REGULAR,3pt,Jump Shot,[],1630691,72.58541392904074,83.08823529411765,1610612765,86,95,2022-03-22T01:02:56Z,5310000,165.0,205.0,1,right,J. Pickett 26' 3PT  (5 PTS) (C. Cunningham 6 AST),"[1630691, 1630595]",1610612765.0,DET,,,,Pickett,J. Pickett,,,,,,,,26.36,Made,5.0,,,,,,,,,,,,C. Cunningham,1630595.0,6.0,
539,PT00M36.90S,2022-03-22T01:03:03.5Z,3,REGULAR,2pt,Jump Shot,[],1627739,7.408015768725363,31.862745098039213,1610612757,86,95,2022-03-22T01:03:10Z,5330000,91.0,17.0,1,left,MISS K. Dunn 9' turnaround fadeaway Shot,[1627739],1610612757.0,POR,turnaround fadeaway,,,Dunn,K. Dunn,,,,,,,,9.23,Missed,,,,,,,,,,,,,,,,
540,PT00M33.70S,2022-03-22T01:03:06.8Z,3,REGULAR,rebound,offensive,[],203463,,,1610612757,86,95,2022-03-22T01:03:06Z,5340000,,,0,,B. McLemore REBOUND (Off:1 Def:3),[203463],1610612757.0,POR,,,,McLemore,B. McLemore,,,,,,,,,,,539.0,4.0,3.0,1.0,,,,,,,,,,,
541,PT00M32.10S,2022-03-22T01:03:08.2Z,3,REGULAR,turnover,bad pass,[],203463,,,1610612757,86,95,2022-03-22T01:03:41Z,5350000,,,0,,B. McLemore bad pass TURNOVER (1 TO),"[203463, 1630568]",1610612757.0,POR,,,,McLemore,B. McLemore,,,,,1.0,Garza,1630568.0,,,,,,,,,,,,,,,,,,
542,PT00M32.10S,2022-03-22T01:03:08.2Z,3,REGULAR,steal,,[],1630568,,,1610612765,86,95,2022-03-22T01:03:11Z,5360000,,,0,,L. Garza STEAL (1 STL),[1630568],1610612765.0,DET,,,,Garza,L. Garza,,,,,,,,,,,,,,,,,,,,,,,,,
543,PT00M31.80S,2022-03-22T01:03:17.6Z,3,REGULAR,foul,personal,"['inpenalty', '2freethrow']",1629234,,,1610612765,86,95,2022-03-22T01:03:28Z,5370000,,,0,,D. Eubanks personal FOUL (1 PF) (Garza 2 FT),"[1629234, 1630568]",1610612757.0,POR,,,,Eubanks,D. Eubanks,,,,,,,,,,,,,,,201638.0,1.0,0.0,Garza,1630568.0,,,,,,
545,PT00M31.80S,2022-03-22T01:03:47.8Z,3,REGULAR,freethrow,1 of 2,['fromturnover'],1630568,,,1610612765,87,95,2022-03-22T01:03:47Z,5390000,,,0,,L. Garza Free Throw 1 of 2 (7 PTS),[1630568],1610612765.0,DET,,,,Garza,L. Garza,,,,,,,,,Made,7.0,,,,,,,,,,,,,,,
546,PT00M31.80S,2022-03-22T01:04:03.7Z,3,REGULAR,freethrow,2 of 2,['fromturnover'],1630568,,,1610612765,88,95,2022-03-22T01:04:03Z,5400000,,,0,,L. Garza Free Throw 2 of 2 (8 PTS),[1630568],1610612765.0,DET,,,,Garza,L. Garza,,,,,,,,,Made,8.0,,,,,,,,,,,,,,,
547,PT00M09.30S,2022-03-22T01:04:31.0Z,3,REGULAR,foul,personal,"['inpenalty', '2freethrow']",1630587,,,1610612757,88,95,2022-03-22T01:04:42Z,5410000,,,0,,I. Livers shooting personal FOUL (3 PF) (Eubanks 2 FT),"[1630587, 1629234]",1610612765.0,DET,shooting,,,Livers,I. Livers,,,,,,,,,,,,,,,204059.0,3.0,0.0,Eubanks,1629234.0,,,,,,
549,PT00M09.30S,2022-03-22T01:04:54.6Z,3,REGULAR,freethrow,1 of 2,[],1629234,,,1610612757,88,95,2022-03-22T01:51:41Z,5435000,,,0,,MISS D. Eubanks Free Throw 1 of 2,[1629234],1610612757.0,POR,,,,Eubanks,D. Eubanks,,,,,,,,,Missed,,,,,,,,,,,,,,,,
550,PT00M09.30S,2022-03-22T01:04:54.6Z,3,REGULAR,rebound,offensive,"['team', 'deadball']",0,,,1610612757,88,95,2022-03-22T01:51:41Z,5442500,,,0,,TEAM offensive REBOUND,[],1610612757.0,POR,,,,,,,,,,,,,,,,549.0,,,,,,,,,,,,,,
553,PT00M09.30S,2022-03-22T01:04:54.6Z,3,REGULAR,freethrow,2 of 2,[],1629234,,,1610612757,88,96,2022-03-22T01:51:41Z,5446250,,,0,,D. Eubanks Free Throw 2 of 2 (15 PTS),[1629234],1610612757.0,POR,,,,Eubanks,D. Eubanks,,,,,,,,,Made,15.0,,,,,,,,,,,,,,,
551,PT00M09.30S,2022-03-22T01:04:56.4Z,3,REGULAR,substitution,out,[],203463,,,1610612765,88,96,2022-03-22T01:51:41Z,5450000,,,0,,SUB out: B. McLemore,[203463],1610612757.0,POR,,,,McLemore,B. McLemore,,,,,,,,,,,,,,,,,,,,,,,,,
552,PT00M09.30S,2022-03-22T01:04:56.4Z,3,REGULAR,substitution,in,[],1629604,,,1610612765,88,96,2022-03-22T01:51:41Z,5460000,,,0,,SUB in: C. Elleby,[1629604],1610612757.0,POR,,,,Elleby,C. Elleby,,,,,,,,,,,,,,,,,,,,,,,,,
554,PT00M01.40S,2022-03-22T01:05:26.0Z,3,REGULAR,3pt,Jump Shot,[],1630240,84.54336399474376,4.656862745098039,1610612765,88,96,2022-03-22T01:06:15Z,5465000,-227.0,93.0,1,right,MISS S. Lee 24' 3PT,[1630240],1610612765.0,DET,,,,Lee,S. Lee,,,,,,,,24.5,Missed,,,,,,,,,,,,,,,,
555,PT00M00.10S,2022-03-22T01:05:27.3Z,3,REGULAR,rebound,offensive,['team'],0,,,1610612765,88,96,2022-03-22T01:06:28Z,5467500,,,0,,TEAM offensive REBOUND,[],1610612765.0,DET,,,,,,,,,,,,,,,,554.0,,,,,,,,,,,,,,
556,PT00M00.00S,2022-03-22T01:05:33.6Z,3,REGULAR,period,end,[],0,,,1610612765,88,96,2022-03-22T01:05:33Z,5500000,,,0,,Period End,[],,,,,,,,,,,,,,,,,,,,,,,,,,,,,,,,
557,PT12M00.00S,2022-03-22T01:06:05.3Z,4,REGULAR,substitution,out,['startperiod'],1630595,,,1610612765,88,96,2022-03-22T01:08:23Z,5510000,,,0,,SUB out: C. Cunningham,[1630595],1610612765.0,DET,,,,Cunningham,C. Cunningham,,,,,,,,,,,,,,,,,,,,,,,,,
558,PT12M00.00S,2022-03-22T01:06:05.3Z,4,REGULAR,substitution,in,['startperiod'],1630165,,,1610612765,88,96,2022-03-22T01:08:23Z,5520000,,,0,,SUB in: K. Hayes,[1630165],1610612765.0,DET,,,,Hayes,K. Hayes,,,,,,,,,,,,,,,,,,,,,,,,,
559,PT12M00.00S,2022-03-22T01:08:32.0Z,4,REGULAR,period,start,[],0,,,1610612757,88,96,2022-03-22T01:08:32Z,5530000,,,0,,Period Start,[],,,,,,,,,,,,,,,,,,,,,,,,,,,,,,,,
560,PT11M45.00S,2022-03-22T01:08:46.2Z,4,REGULAR,3pt,Jump Shot,[],1629604,4.204993429697765,4.633884803921575,1610612757,88,96,2022-03-22T01:08:55Z,5540000,227.0,-13.0,1,left,MISS C. Elleby 3PT,[1629604],1610612757.0,POR,,,,Elleby,C. Elleby,,,,,,,,22.72,Missed,,,,,,,,,,,,,,,,
561,PT11M41.00S,2022-03-22T01:08:50.2Z,4,REGULAR,rebound,defensive,[],1630587,,,1610612765,88,96,2022-03-22T01:08:55Z,5550000,,,0,,I. Livers REBOUND (Off:0 Def:3),[1630587],1610612765.0,DET,,,,Livers,I. Livers,,,,,,,,,,,560.0,3.0,3.0,0.0,,,,,,,,,,,
562,PT11M26.00S,2022-03-22T01:09:05.3Z,4,REGULAR,3pt,Jump Shot,[],1630691,76.39618922470433,10.049019607843135,1610612765,88,96,2022-03-22T01:09:11Z,5560000,-200.0,169.0,1,right,MISS J. Pickett 26' 3PT,[1630691],1610612765.0,DET,,,,Pickett,J. Pickett,,,,,,,,26.19,Missed,,,,,,,,,,,,,,,,
563,PT11M22.00S,2022-03-22T01:09:09.3Z,4,REGULAR,rebound,offensive,[],1630240,,,1610612765,88,96,2022-03-22T01:09:11Z,5570000,,,0,,S. Lee REBOUND (Off:1 Def:0),[1630240],1610612765.0,DET,,,,Lee,S. Lee,,,,,,,,,,,562.0,1.0,0.0,1.0,,,,,,,,,,,
564,PT11M17.00S,2022-03-22T01:09:15.7Z,4,REGULAR,foul,personal,['2freethrow'],1630535,,,1610612765,88,96,2022-03-22T01:10:04Z,5580000,,,0,,G. Brown III shooting personal FOUL (5 PF) (Lee 2 FT),"[1630535, 1630240]",1610612757.0,POR,shooting,,,Brown III,G. Brown III,,,,,,,,,,,,,,,201638.0,5.0,1.0,Lee,1630240.0,,,,,,
566,PT11M17.00S,2022-03-22T01:09:47.3Z,4,REGULAR,freethrow,1 of 2,['2ndchance'],1630240,,,1610612765,89,96,2022-03-22T01:09:47Z,5600000,,,0,,S. Lee Free Throw 1 of 2 (6 PTS),[1630240],1610612765.0,DET,,,,Lee,S. Lee,,,,,,,,,Made,6.0,,,,,,,,,,,,,,,
567,PT11M17.00S,2022-03-22T01:10:03.9Z,4,REGULAR,freethrow,2 of 2,['2ndchance'],1630240,,,1610612765,90,96,2022-03-22T01:10:03Z,5610000,,,0,,S. Lee Free Throw 2 of 2 (7 PTS),[1630240],1610612765.0,DET,,,,Lee,S. Lee,,,,,,,,,Made,7.0,,,,,,,,,,,,,,,
568,PT11M01.00S,2022-03-22T01:10:19.7Z,4,REGULAR,2pt,Jump Shot,[],1627739,7.276609724047319,16.911764705882348,1610612757,90,96,2022-03-22T01:54:47Z,5620000,165.0,16.0,1,left,MISS K. Dunn 16' step back Shot,[1627739],1610612757.0,POR,step back,,,Dunn,K. Dunn,,,,,,,,16.62,Missed,,,,,,,,,,,,,,,,
569,PT10M58.00S,2022-03-22T01:10:22.7Z,4,REGULAR,rebound,defensive,[],1630568,,,1610612765,90,96,2022-03-22T01:10:23Z,5630000,,,0,,L. Garza REBOUND (Off:0 Def:1),[1630568],1610612765.0,DET,,,,Garza,L. Garza,,,,,,,,,,,568.0,1.0,1.0,0.0,,,,,,,,,,,
570,PT10M46.00S,2022-03-22T01:10:34.5Z,4,REGULAR,2pt,Layup,['pointsinthepaint'],1630568,92.29632063074901,49.26470588235294,1610612765,90,96,2022-03-22T01:10:41Z,5640000,-4.0,20.0,1,right,MISS L. Garza Layup,[1630568],1610612765.0,DET,,,,Garza,L. Garza,,,,,,,,2.02,Missed,,,,,,,,,,,,,,,,
571,PT10M46.00S,2022-03-22T01:10:34.5Z,4,REGULAR,rebound,offensive,[],1630568,,,1610612765,90,96,2022-03-22T01:10:41Z,5650000,,,0,,L. Garza REBOUND (Off:1 Def:1),[1630568],1610612765.0,DET,,,,Garza,L. Garza,,,,,,,,,,,570.0,2.0,1.0,1.0,,,,,,,,,,,
572,PT10M46.00S,2022-03-22T01:10:40.9Z,4,REGULAR,foul,personal,[],1629234,,,1610612765,90,96,2022-03-22T01:11:02Z,5660000,,,0,,D. Eubanks personal FOUL (2 PF),"[1629234, 1630568]",1610612757.0,POR,,,,Eubanks,D. Eubanks,,,,,,,,,,,,,,,204059.0,2.0,0.0,Garza,1630568.0,,,,,,
574,PT10M35.00S,2022-03-22T01:11:17.0Z,4,REGULAR,2pt,Jump Shot,"['pointsinthepaint', '2ndchance']",1630165,80.946123521682,45.013786764705884,1610612765,92,96,2022-03-22T01:11:53Z,5680000,-25.0,127.0,1,right,K. Hayes 12' driving floating Jump Shot (10 PTS),[1630165],1610612765.0,DET,driving floating,,,Hayes,K. Hayes,,,,,,,,12.9,Made,10.0,,,,,,,,,,,,,,,
575,PT10M35.00S,2022-03-22T01:11:21.3Z,4,REGULAR,foul,personal,['1freethrow'],1629234,,,1610612765,92,96,2022-03-22T01:56:04Z,5682500,,,0,,D. Eubanks shooting personal FOUL (3 PF) (Hayes 1 FT),"[1629234, 1630165]",1610612757.0,POR,shooting,,,Eubanks,D. Eubanks,,,,,,,,,,,,,,,1627964.0,3.0,0.0,Hayes,1630165.0,,,,,,
577,PT10M35.00S,2022-03-22T01:11:42.1Z,4,REGULAR,freethrow,1 of 1,[],1630165,,,1610612765,92,96,2022-03-22T01:55:24Z,5685000,,,0,,MISS K. Hayes Free Throw 1 of 1,[1630165],1610612765.0,DET,,,,Hayes,K. Hayes,,,,,,,,,Missed,,,,,,,,,,,,,,,,
578,PT10M33.00S,2022-03-22T01:11:44.1Z,4,REGULAR,rebound,defensive,[],1629234,,,1610612757,92,96,2022-03-22T01:55:24Z,5687500,,,0,,D. Eubanks REBOUND (Off:4 Def:3),[1629234],1610612757.0,POR,,,,Eubanks,D. Eubanks,,,,,,,,,,,577.0,7.0,3.0,4.0,,,,,,,,,,,
579,PT10M28.00S,2022-03-22T01:11:47.7Z,4,REGULAR,foul,personal,['2freethrow'],1630165,,,1610612757,92,96,2022-03-22T01:12:06Z,5730000,,,0,,K. Hayes shooting personal FOUL (4 PF) (Johnson 2 FT),"[1630165, 1630553]",1610612765.0,DET,shooting,,,Hayes,K. Hayes,,,,,,,,,,,,,,,204059.0,4.0,0.0,Johnson,1630553.0,,,,,,
581,PT10M28.00S,2022-03-22T01:12:17.2Z,4,REGULAR,freethrow,1 of 2,[],1630553,,,1610612757,92,97,2022-03-22T01:12:17Z,5750000,,,0,,K. Johnson Free Throw 1 of 2 (1 PTS),[1630553],1610612757.0,POR,,,,Johnson,K. Johnson,,,,,,,,,Made,1.0,,,,,,,,,,,,,,,
582,PT10M28.00S,2022-03-22T01:12:23.4Z,4,REGULAR,substitution,out,[],1630535,,,1610612757,92,97,2022-03-22T01:12:34Z,5760000,,,0,,SUB out: G. Brown III,[1630535],1610612757.0,POR,,,,Brown III,G. Brown III,,,,,,,,,,,,,,,,,,,,,,,,,
583,PT10M28.00S,2022-03-22T01:12:23.4Z,4,REGULAR,substitution,in,[],203463,,,1610612757,92,97,2022-03-22T01:12:34Z,5770000,,,0,,SUB in: B. McLemore,[203463],1610612757.0,POR,,,,McLemore,B. McLemore,,,,,,,,,,,,,,,,,,,,,,,,,
584,PT10M28.00S,2022-03-22T01:12:17.2Z,4,REGULAR,freethrow,2 of 2,[],1630553,,,1610612757,92,97,2022-03-22T01:12:47Z,5780000,,,0,,MISS K. Johnson Free Throw 2 of 2,[1630553],1610612757.0,POR,,,,Johnson,K. Johnson,,,,,,,,,Missed,,,,,,,,,,,,,,,,
585,PT10M25.00S,2022-03-22T01:12:20.2Z,4,REGULAR,rebound,defensive,[],1630587,,,1610612765,92,97,2022-03-22T01:12:47Z,5790000,,,0,,I. Livers REBOUND (Off:0 Def:4),[1630587],1610612765.0,DET,,,,Livers,I. Livers,,,,,,,,,,,584.0,4.0,4.0,0.0,,,,,,,,,,,
586,PT10M03.00S,2022-03-22T01:13:08.3Z,4,REGULAR,2pt,Layup,['pointsinthepaint'],1630240,90.71944809461235,47.30392156862745,1610612765,94,97,2022-03-22T01:13:13Z,5800000,-13.0,35.0,1,right,S. Lee driving Layup (9 PTS),[1630240],1610612765.0,DET,driving,,,Lee,S. Lee,,,,,,,,3.72,Made,9.0,,,,,,,,,,,,,,,
587,PT09M51.00S,2022-03-22T01:13:22.5Z,4,REGULAR,foul,personal,[],1630691,,,1610612757,94,97,2022-03-22T01:13:40Z,5810000,,,0,,J. Pickett personal FOUL (4 PF),"[1630691, 1629604]",1610612765.0,DET,,,,Pickett,J. Pickett,,,,,,,,,,,,,,,201638.0,4.0,0.0,Elleby,1629604.0,,,,,,
589,PT09M45.00S,2022-03-22T01:13:44.5Z,4,REGULAR,3pt,Jump Shot,[],1630553,7.145203679369246,1.7156862745098067,1610612757,94,97,2022-03-22T01:13:49Z,5830000,241.0,15.0,1,left,MISS K. Johnson 24' 3PT,[1630553],1610612757.0,POR,,,,Johnson,K. Johnson,,,,,,,,24.18,Missed,,,,,,,,,,,,,,,,
590,PT09M42.00S,2022-03-22T01:13:47.5Z,4,REGULAR,rebound,defensive,[],1630587,,,1610612765,94,97,2022-03-22T01:13:49Z,5840000,,,0,,I. Livers REBOUND (Off:0 Def:5),[1630587],1610612765.0,DET,,,,Livers,I. Livers,,,,,,,,,,,589.0,5.0,5.0,0.0,,,,,,,,,,,
591,PT09M30.00S,2022-03-22T01:13:59.2Z,4,REGULAR,2pt,Hook,['pointsinthepaint'],1630568,93.08475689881735,60.049019607843135,1610612765,96,97,2022-03-22T01:14:03Z,5850000,50.0,13.0,1,right,L. Garza turnaround Hook (10 PTS) (I. Livers 2 AST),"[1630568, 1630587]",1610612765.0,DET,turnaround,,,Garza,L. Garza,,,,,,,,5.17,Made,10.0,,,,,,,,,,,,I. Livers,1630587.0,2.0,
593,PT09M30.00S,2022-03-22T01:14:06.4Z,4,REGULAR,timeout,full,"['team', 'mandatory']",0,,,1610612757,96,97,2022-03-22T01:14:06Z,5870000,,,0,,POR Timeout,[],1610612757.0,POR,,,,,,,,,,,,,,,,,,,,,,,,,,,,,,
594,PT09M30.00S,2022-03-22T01:14:21.4Z,4,REGULAR,substitution,out,[],1630553,,,1610612757,96,97,2022-03-22T01:17:04Z,5880000,,,0,,SUB out: K. Johnson,[1630553],1610612757.0,POR,,,,Johnson,K. Johnson,,,,,,,,,,,,,,,,,,,,,,,,,
595,PT09M30.00S,2022-03-22T01:14:21.4Z,4,REGULAR,substitution,out,[],1629604,,,1610612757,96,97,2022-03-22T01:17:04Z,5890000,,,0,,SUB out: C. Elleby,[1629604],1610612757.0,POR,,,,Elleby,C. Elleby,,,,,,,,,,,,,,,,,,,,,,,,,
596,PT09M30.00S,2022-03-22T01:14:21.4Z,4,REGULAR,substitution,out,[],1629234,,,1610612757,96,97,2022-03-22T01:17:04Z,5900000,,,0,,SUB out: D. Eubanks,[1629234],1610612757.0,POR,,,,Eubanks,D. Eubanks,,,,,,,,,,,,,,,,,,,,,,,,,
597,PT09M30.00S,2022-03-22T01:14:21.4Z,4,REGULAR,substitution,in,[],1626159,,,1610612757,96,97,2022-03-22T01:17:04Z,5910000,,,0,,SUB in: J. Winslow,[1626159],1610612757.0,POR,,,,Winslow,J. Winslow,,,,,,,,,,,,,,,,,,,,,,,,,
598,PT09M30.00S,2022-03-22T01:14:21.4Z,4,REGULAR,substitution,in,[],1630314,,,1610612757,96,97,2022-03-22T01:17:04Z,5920000,,,0,,SUB in: B. Williams,[1630314],1610612757.0,POR,,,,Williams,B. Williams,,,,,,,,,,,,,,,,,,,,,,,,,
599,PT09M30.00S,2022-03-22T01:14:21.4Z,4,REGULAR,substitution,in,[],1630570,,,1610612757,96,97,2022-03-22T01:17:04Z,5930000,,,0,,SUB in: T. Watford,[1630570],1610612757.0,POR,,,,Watford,T. Watford,,,,,,,,,,,,,,,,,,,,,,,,,
600,PT09M15.00S,2022-03-22T01:17:19.0Z,4,REGULAR,3pt,Jump Shot,[],203463,29.48423127463863,76.22549019607843,1610612757,96,97,2022-03-22T01:17:25Z,5940000,-131.0,225.0,1,left,MISS B. McLemore 26' 3PT,[203463],1610612757.0,POR,,,,McLemore,B. McLemore,,,,,,,,26.01,Missed,,,,,,,,,,,,,,,,
601,PT09M10.00S,2022-03-22T01:17:24.0Z,4,REGULAR,rebound,defensive,[],1630240,,,1610612765,96,97,2022-03-22T01:17:25Z,5950000,,,0,,S. Lee REBOUND (Off:1 Def:1),[1630240],1610612765.0,DET,,,,Lee,S. Lee,,,,,,,,,,,600.0,2.0,1.0,1.0,,,,,,,,,,,
602,PT09M00.00S,2022-03-22T01:17:34.5Z,4,REGULAR,3pt,Jump Shot,[],1630587,94.79303547963207,1.2254901960784252,1610612765,96,97,2022-03-22T01:17:40Z,5960000,-244.0,-4.0,1,right,MISS I. Livers 24' 3PT,[1630587],1610612765.0,DET,,,,Livers,I. Livers,,,,,,,,24.39,Missed,,,,,,,,,,,,,,,,
603,PT08M56.00S,2022-03-22T01:17:38.5Z,4,REGULAR,rebound,defensive,[],1627739,,,1610612757,96,97,2022-03-22T01:17:40Z,5970000,,,0,,K. Dunn REBOUND (Off:0 Def:2),[1627739],1610612757.0,POR,,,,Dunn,K. Dunn,,,,,,,,,,,602.0,2.0,2.0,0.0,,,,,,,,,,,
604,PT08M50.00S,2022-03-22T01:17:44.3Z,4,REGULAR,2pt,DUNK,['pointsinthepaint'],1630570,8.459264126149804,46.81372549019608,1610612757,96,99,2022-03-22T01:17:50Z,5980000,16.0,27.0,1,left,T. Watford cutting DUNK (8 PTS) (B. McLemore 2 AST),"[1630570, 203463]",1610612757.0,POR,cutting,,,Watford,T. Watford,,,,,,,,3.13,Made,8.0,,,,,,,,,,,,B. McLemore,203463.0,2.0,
606,PT08M30.00S,2022-03-22T01:18:03.5Z,4,REGULAR,2pt,Jump Shot,['pointsinthepaint'],1630691,92.55913272010513,41.42156862745098,1610612765,96,99,2022-03-22T01:18:10Z,6000000,-43.0,17.0,1,right,MISS J. Pickett driving floating bank Shot,[1630691],1610612765.0,DET,driving floating bank,,,Pickett,J. Pickett,,,,,,,,4.63,Missed,,,,,,,,,,,,,,,,
607,PT08M25.00S,2022-03-22T01:18:08.5Z,4,REGULAR,rebound,defensive,[],1626159,,,1610612757,96,99,2022-03-22T01:18:10Z,6010000,,,0,,J. Winslow REBOUND (Off:1 Def:3),[1626159],1610612757.0,POR,,,,Winslow,J. Winslow,,,,,,,,,,,606.0,4.0,3.0,1.0,,,,,,,,,,,
608,PT08M23.00S,2022-03-22T01:18:10.8Z,4,REGULAR,2pt,Jump Shot,['pointsinthepaint'],1630570,13.584099868593952,51.96078431372549,1610612757,96,101,2022-03-22T01:53:28Z,6020000,-10.0,75.0,1,left,T. Watford 7' driving floating Jump Shot (10 PTS),[1630570],1610612757.0,POR,driving floating,,,Watford,T. Watford,,,,,,,,7.58,Made,10.0,,,,,,,,,,,,,,,
609,PT08M06.00S,2022-03-22T01:18:27.9Z,4,REGULAR,3pt,Jump Shot,[],1630691,93.87319316688567,1.7156862745098067,1610612765,96,101,2022-03-22T01:18:34Z,6030000,-241.0,5.0,1,right,MISS J. Pickett 24' 3PT,[1630691],1610612765.0,DET,,,,Pickett,J. Pickett,,,,,,,,24.15,Missed,,,,,,,,,,,,,,,,
610,PT08M02.00S,2022-03-22T01:18:31.9Z,4,REGULAR,rebound,defensive,[],1626159,,,1610612757,96,101,2022-03-22T01:18:34Z,6040000,,,0,,J. Winslow REBOUND (Off:1 Def:4),[1626159],1610612757.0,POR,,,,Winslow,J. Winslow,,,,,,,,,,,609.0,5.0,4.0,1.0,,,,,,,,,,,
611,PT07M41.00S,2022-03-22T01:18:53.3Z,4,REGULAR,3pt,Jump Shot,[],1626159,35.79172141918528,56.127450980392155,1610612757,96,101,2022-03-22T01:19:00Z,6050000,-31.0,284.0,1,left,MISS J. Winslow 28' 3PT,[1626159],1610612757.0,POR,,,,Winslow,J. Winslow,,,,,,,,28.55,Missed,,,,,,,,,,,,,,,,
612,PT07M35.00S,2022-03-22T01:18:59.3Z,4,REGULAR,rebound,defensive,[],1630240,,,1610612765,96,101,2022-03-22T01:19:00Z,6060000,,,0,,S. Lee REBOUND (Off:1 Def:2),[1630240],1610612765.0,DET,,,,Lee,S. Lee,,,,,,,,,,,611.0,3.0,2.0,1.0,,,,,,,,,,,
613,PT07M32.00S,2022-03-22T01:19:06.9Z,4,REGULAR,stoppage,out-of-bounds,[],0,,,1610612765,96,101,2022-03-22T01:19:06Z,6070000,,,0,,,[],,,,,,,,,,,,,,,,,,,,,,,,,,,,,,,,
614,PT07M26.00S,2022-03-22T01:19:27.7Z,4,REGULAR,3pt,Jump Shot,[],1630587,72.27332457293035,18.11427696078431,1610612765,99,101,2022-03-22T01:19:43Z,6080000,-159.0,208.0,1,right,I. Livers 26' 3PT  (4 PTS) (J. Pickett 1 AST),"[1630587, 1630691]",1610612765.0,DET,,,,Livers,I. Livers,,,,,,,,26.21,Made,4.0,,,,,,,,,,,,J. Pickett,1630691.0,1.0,
616,PT07M11.00S,2022-03-22T01:19:42.1Z,4,REGULAR,turnover,bad pass,[],1630570,,,1610612757,99,101,2022-03-22T01:19:57Z,6100000,,,0,,T. Watford bad pass TURNOVER (2 TO),"[1630570, 1630165]",1610612757.0,POR,,,,Watford,T. Watford,,,,,2.0,Hayes,1630165.0,,,,,,,,,,,,,,,,,,
617,PT07M11.00S,2022-03-22T01:19:42.1Z,4,REGULAR,steal,,[],1630165,,,1610612765,99,101,2022-03-22T01:19:43Z,6110000,,,0,,K. Hayes STEAL (1 STL),[1630165],1610612765.0,DET,,,,Hayes,K. Hayes,,,,,,,,,,,,,,,,,,,,,,,,,
618,PT07M07.00S,2022-03-22T01:19:45.4Z,4,REGULAR,2pt,DUNK,"['pointsinthepaint', 'fromturnover', 'fastbreak']",1630165,92.42772667542707,51.71568627450981,1610612765,101,101,2022-03-22T01:54:00Z,6120000,9.0,19.0,1,right,K. Hayes running DUNK (12 PTS),[1630165],1610612765.0,DET,running,,,Hayes,K. Hayes,,,,,,,,2.06,Made,12.0,,,,,,,,,,,,,,,
619,PT06M54.00S,2022-03-22T01:19:58.6Z,4,REGULAR,2pt,Jump Shot,['pointsinthepaint'],1630314,15.160972404730614,62.99019607843137,1610612757,101,103,2022-03-22T01:56:54Z,6130000,-65.0,90.0,1,left,B. Williams 11' turnaround fadeaway Jump Shot (17 PTS),[1630314],1610612757.0,POR,turnaround fadeaway,,,Williams,B. Williams,,,,,,,,11.1,Made,17.0,,,,,,,,,,,,,,,
620,PT06M46.00S,2022-03-22T01:20:08.3Z,4,REGULAR,foul,personal,['2freethrow'],1630570,,,1610612765,101,103,2022-03-22T01:20:22Z,6140000,,,0,,T. Watford shooting personal FOUL (5 PF) (Livers 2 FT),"[1630570, 1630587]",1610612757.0,POR,shooting,,,Watford,T. Watford,,,,,,,,,,,,,,,204059.0,5.0,0.0,Livers,1630587.0,,,,,,
622,PT06M46.00S,2022-03-22T01:20:43.2Z,4,REGULAR,freethrow,1 of 2,[],1630587,,,1610612765,101,103,2022-03-22T01:20:43Z,6160000,,,0,,MISS I. Livers Free Throw 1 of 2,[1630587],1610612765.0,DET,,,,Livers,I. Livers,,,,,,,,,Missed,,,,,,,,,,,,,,,,
623,PT06M46.00S,2022-03-22T01:20:43.2Z,4,REGULAR,rebound,offensive,"['deadball', 'team']",0,,,1610612765,101,103,2022-03-22T01:20:43Z,6170000,,,0,,TEAM offensive REBOUND,[],1610612765.0,DET,,,,,,,,,,,,,,,,622.0,,,,,,,,,,,,,,
624,PT06M46.00S,2022-03-22T01:20:44.0Z,4,REGULAR,substitution,out,[],1627739,,,1610612765,101,103,2022-03-22T01:20:47Z,6180000,,,0,,SUB out: K. Dunn,[1627739],1610612757.0,POR,,,,Dunn,K. Dunn,,,,,,,,,,,,,,,,,,,,,,,,,
625,PT06M46.00S,2022-03-22T01:20:44.0Z,4,REGULAR,substitution,in,[],1629604,,,1610612765,101,103,2022-03-22T01:20:47Z,6190000,,,0,,SUB in: C. Elleby,[1629604],1610612757.0,POR,,,,Elleby,C. Elleby,,,,,,,,,,,,,,,,,,,,,,,,,
626,PT06M46.00S,2022-03-22T01:20:50.4Z,4,REGULAR,substitution,out,[],1630570,,,1610612765,101,103,2022-03-22T01:20:54Z,6200000,,,0,,SUB out: T. Watford,[1630570],1610612757.0,POR,,,,Watford,T. Watford,,,,,,,,,,,,,,,,,,,,,,,,,
627,PT06M46.00S,2022-03-22T01:20:50.4Z,4,REGULAR,substitution,in,[],1629234,,,1610612765,101,103,2022-03-22T01:20:54Z,6210000,,,0,,SUB in: D. Eubanks,[1629234],1610612757.0,POR,,,,Eubanks,D. Eubanks,,,,,,,,,,,,,,,,,,,,,,,,,
628,PT06M46.00S,2022-03-22T01:21:06.5Z,4,REGULAR,freethrow,2 of 2,[],1630587,,,1610612765,102,103,2022-03-22T01:21:06Z,6220000,,,0,,I. Livers Free Throw 2 of 2 (5 PTS),[1630587],1610612765.0,DET,,,,Livers,I. Livers,,,,,,,,,Made,5.0,,,,,,,,,,,,,,,
629,PT06M28.00S,2022-03-22T01:21:26.5Z,4,REGULAR,2pt,Layup,['pointsinthepaint'],1630314,10.167542706964511,50.98039215686275,1610612757,102,103,2022-03-22T01:21:38Z,6230000,-5.0,43.0,1,left,MISS B. Williams driving Layup - blocked,"[1630314, 1630568]",1610612757.0,POR,driving,,,Williams,B. Williams,,,,,,,,4.34,Missed,,,,,,,,,,,Garza,1630568.0,,,,
630,PT06M28.00S,2022-03-22T01:21:26.5Z,4,REGULAR,block,,[],1630568,,,1610612757,102,103,2022-03-22T01:21:30Z,6240000,,,0,,L. Garza BLOCK (1 BLK),[1630568],1610612765.0,DET,,,,Garza,L. Garza,,,,,,,,,,,,,,,,,,,,,,,,,
631,PT06M28.00S,2022-03-22T01:21:26.5Z,4,REGULAR,rebound,offensive,['team'],0,,,1610612757,102,103,2022-03-22T01:21:38Z,6250000,,,0,,TEAM offensive REBOUND,[],1610612757.0,POR,,,,,,,,,,,,,,,,629.0,,,,,,,,,,,,,,
632,PT06M28.00S,2022-03-22T01:21:37.7Z,4,REGULAR,stoppage,out-of-bounds,[],0,,,1610612757,102,103,2022-03-22T01:21:37Z,6260000,,,0,,,[],,,,,,,,,,,,,,,,,,,,,,,,,,,,,,,,
633,PT06M28.00S,2022-03-22T01:21:40.1Z,4,REGULAR,substitution,out,[],1630240,,,1610612757,102,103,2022-03-22T01:21:43Z,6270000,,,0,,SUB out: S. Lee,[1630240],1610612765.0,DET,,,,Lee,S. Lee,,,,,,,,,,,,,,,,,,,,,,,,,
634,PT06M28.00S,2022-03-22T01:21:40.1Z,4,REGULAR,substitution,in,[],1630595,,,1610612757,102,103,2022-03-22T01:21:43Z,6280000,,,0,,SUB in: C. Cunningham,[1630595],1610612765.0,DET,,,,Cunningham,C. Cunningham,,,,,,,,,,,,,,,,,,,,,,,,,
635,PT06M23.00S,2022-03-22T01:21:59.8Z,4,REGULAR,2pt,Jump Shot,['2ndchance'],203463,27.250328515111704,62.00980392156863,1610612757,102,103,2022-03-22T01:22:04Z,6290000,-60.0,204.0,1,left,MISS B. McLemore 21' pullup Shot - blocked,"[203463, 1630165]",1610612757.0,POR,pullup,,,McLemore,B. McLemore,,,,,,,,21.24,Missed,,,,,,,,,,,Hayes,1630165.0,,,,
636,PT06M23.00S,2022-03-22T01:21:59.8Z,4,REGULAR,block,,[],1630165,,,1610612757,102,103,2022-03-22T01:22:02Z,6300000,,,0,,K. Hayes BLOCK (1 BLK),[1630165],1610612765.0,DET,,,,Hayes,K. Hayes,,,,,,,,,,,,,,,,,,,,,,,,,
637,PT06M19.00S,2022-03-22T01:22:03.8Z,4,REGULAR,rebound,defensive,[],1630595,,,1610612765,102,103,2022-03-22T01:22:04Z,6310000,,,0,,C. Cunningham REBOUND (Off:0 Def:2),[1630595],1610612765.0,DET,,,,Cunningham,C. Cunningham,,,,,,,,,,,635.0,2.0,2.0,0.0,,,,,,,,,,,
638,PT06M02.00S,2022-03-22T01:22:21.6Z,4,REGULAR,turnover,lost ball,[],1630587,,,1610612765,102,103,2022-03-22T01:22:26Z,6320000,,,0,,I. Livers lost ball TURNOVER (2 TO),"[1630587, 1629604]",1610612765.0,DET,,,,Livers,I. Livers,,,,,2.0,Elleby,1629604.0,,,,,,,,,,,,,,,,,,
639,PT06M02.00S,2022-03-22T01:22:21.6Z,4,REGULAR,steal,,[],1629604,,,1610612757,102,103,2022-03-22T01:22:23Z,6330000,,,0,,C. Elleby STEAL (3 STL),[1629604],1610612757.0,POR,,,,Elleby,C. Elleby,,,,,,,,,,,,,,,,,,,,,,,,,
640,PT05M56.00S,2022-03-22T01:22:27.0Z,4,REGULAR,2pt,Layup,"['fastbreak', 'pointsinthepaint', 'fromturnover']",1630314,8.327858081471746,45.34313725490197,1610612757,102,103,2022-03-22T01:58:21Z,6340000,23.0,26.0,1,left,MISS B. Williams running Layup,[1630314],1610612757.0,POR,running,,,Williams,B. Williams,,,,,,,,3.48,Missed,,,,,,,,,,,,,,,,
641,PT05M55.00S,2022-03-22T01:22:28.0Z,4,REGULAR,rebound,offensive,[],1629234,,,1610612757,102,103,2022-03-22T01:58:21Z,6350000,,,0,,D. Eubanks REBOUND (Off:5 Def:3),[1629234],1610612757.0,POR,,,,Eubanks,D. Eubanks,,,,,,,,,,,640.0,8.0,3.0,5.0,,,,,,,,,,,
642,PT05M55.00S,2022-03-22T01:22:33.9Z,4,REGULAR,foul,personal,['2freethrow'],1630165,,,1610612757,102,103,2022-03-22T01:22:49Z,6360000,,,0,,K. Hayes shooting personal FOUL (5 PF) (Eubanks 2 FT),"[1630165, 1629234]",1610612765.0,DET,shooting,,,Hayes,K. Hayes,,,,,,,,,,,,,,,201638.0,5.0,0.0,Eubanks,1629234.0,,,,,,
644,PT05M55.00S,2022-03-22T01:22:57.3Z,4,REGULAR,freethrow,1 of 2,"['fromturnover', '2ndchance']",1629234,,,1610612757,102,104,2022-03-22T01:22:57Z,6380000,,,0,,D. Eubanks Free Throw 1 of 2 (16 PTS),[1629234],1610612757.0,POR,,,,Eubanks,D. Eubanks,,,,,,,,,Made,16.0,,,,,,,,,,,,,,,
645,PT05M55.00S,2022-03-22T01:23:14.5Z,4,REGULAR,freethrow,2 of 2,"['fromturnover', '2ndchance']",1629234,,,1610612757,102,105,2022-03-22T01:23:14Z,6390000,,,0,,D. Eubanks Free Throw 2 of 2 (17 PTS),[1629234],1610612757.0,POR,,,,Eubanks,D. Eubanks,,,,,,,,,Made,17.0,,,,,,,,,,,,,,,
646,PT05M55.00S,2022-03-22T01:23:26.7Z,4,REGULAR,timeout,full,"['team', 'mandatory']",0,,,1610612765,102,105,2022-03-22T01:23:26Z,6400000,,,0,,DET Timeout,[],1610612765.0,DET,,,,,,,,,,,,,,,,,,,,,,,,,,,,,,
647,PT05M55.00S,2022-03-22T01:23:29.5Z,4,REGULAR,substitution,out,[],1630691,,,1610612765,102,105,2022-03-22T01:25:48Z,6410000,,,0,,SUB out: J. Pickett,[1630691],1610612765.0,DET,,,,Pickett,J. Pickett,,,,,,,,,,,,,,,,,,,,,,,,,
648,PT05M55.00S,2022-03-22T01:23:29.5Z,4,REGULAR,substitution,in,[],1630180,,,1610612765,102,105,2022-03-22T01:25:48Z,6420000,,,0,,SUB in: S. Bey,[1630180],1610612765.0,DET,,,,Bey,S. Bey,,,,,,,,,,,,,,,,,,,,,,,,,
649,PT05M39.00S,2022-03-22T01:26:22.1Z,4,REGULAR,3pt,Jump Shot,[],1630180,79.54993429697765,9.558823529411768,1610612765,105,105,2022-03-22T01:26:27Z,6430000,-202.0,140.0,1,right,S. Bey 24' 3PT  (23 PTS) (K. Hayes 6 AST),"[1630180, 1630165]",1610612765.0,DET,,,,Bey,S. Bey,,,,,,,,24.58,Made,23.0,,,,,,,,,,,,K. Hayes,1630165.0,6.0,
651,PT05M24.00S,2022-03-22T01:26:36.9Z,4,REGULAR,3pt,Jump Shot,[],1630314,36.84296977660972,59.55882352941176,1610612757,105,105,2022-03-22T01:26:42Z,6450000,-48.0,294.0,1,left,MISS B. Williams 29' 3PT,[1630314],1610612757.0,POR,,,,Williams,B. Williams,,,,,,,,29.77,Missed,,,,,,,,,,,,,,,,
652,PT05M23.00S,2022-03-22T01:26:37.9Z,4,REGULAR,rebound,offensive,[],1629604,,,1610612757,105,105,2022-03-22T02:00:41Z,6460000,,,0,,C. Elleby REBOUND (Off:3 Def:5),[1629604],1610612757.0,POR,,,,Elleby,C. Elleby,,,,,,,,,,,651.0,8.0,5.0,3.0,,,,,,,,,,,
762,PT05M23.00S,2022-03-22T01:26:43.9Z,4,REGULAR,turnover,bad pass,[],1629604,,,1610612757,105,105,2022-03-22T02:01:14Z,6465000,,,0,,C. Elleby bad pass TURNOVER (1 TO),"[1629604, 1630180]",1610612757.0,POR,,,,Elleby,C. Elleby,,,,,1.0,Bey,1630180.0,,,,,,,,,,,,,,,,,,
763,PT05M23.00S,2022-03-22T01:26:43.9Z,4,REGULAR,steal,,[],1630180,,,1610612765,105,105,2022-03-22T02:01:14Z,6467500,,,0,,S. Bey STEAL (1 STL),[1630180],1610612765.0,DET,,,,Bey,S. Bey,,,,,,,,,,,,,,,,,,,,,,,,,
653,PT05M10.00S,2022-03-22T01:26:51.0Z,4,REGULAR,turnover,bad pass,[],1630595,,,1610612765,105,105,2022-03-22T01:26:55Z,6470000,,,0,,C. Cunningham bad pass TURNOVER (6 TO),"[1630595, 203463]",1610612765.0,DET,,,,Cunningham,C. Cunningham,,,,,6.0,McLemore,203463.0,,,,,,,,,,,,,,,,,,
654,PT05M10.00S,2022-03-22T01:26:51.0Z,4,REGULAR,steal,,[],203463,,,1610612757,105,105,2022-03-22T01:26:53Z,6480000,,,0,,B. McLemore STEAL (2 STL),[203463],1610612757.0,POR,,,,McLemore,B. McLemore,,,,,,,,,,,,,,,,,,,,,,,,,
655,PT05M04.00S,2022-03-22T01:26:57.5Z,4,REGULAR,turnover,bad pass,[],1629604,,,1610612757,105,105,2022-03-22T01:27:03Z,6490000,,,0,,C. Elleby bad pass TURNOVER (2 TO),"[1629604, 1630595]",1610612757.0,POR,,,,Elleby,C. Elleby,,,,,2.0,Cunningham,1630595.0,,,,,,,,,,,,,,,,,,
656,PT05M04.00S,2022-03-22T01:26:57.5Z,4,REGULAR,steal,,[],1630595,,,1610612765,105,105,2022-03-22T01:26:59Z,6500000,,,0,,C. Cunningham STEAL (3 STL),[1630595],1610612765.0,DET,,,,Cunningham,C. Cunningham,,,,,,,,,,,,,,,,,,,,,,,,,
657,PT05M02.00S,2022-03-22T01:27:07.9Z,4,REGULAR,foul,personal,"['inpenalty', '2freethrow']",1630314,,,1610612765,105,105,2022-03-22T01:27:23Z,6510000,,,0,,B. Williams personal FOUL (2 PF) (Garza 2 FT),"[1630314, 1630568]",1610612757.0,POR,,,,Williams,B. Williams,,,,,,,,,,,,,,,1627964.0,2.0,0.0,Garza,1630568.0,,,,,,
659,PT05M02.00S,2022-03-22T01:27:37.3Z,4,REGULAR,freethrow,1 of 2,['fromturnover'],1630568,,,1610612765,106,105,2022-03-22T01:27:37Z,6530000,,,0,,L. Garza Free Throw 1 of 2 (11 PTS),[1630568],1610612765.0,DET,,,,Garza,L. Garza,,,,,,,,,Made,11.0,,,,,,,,,,,,,,,
660,PT05M02.00S,2022-03-22T01:27:38.1Z,4,REGULAR,substitution,out,[],1629604,,,1610612765,106,105,2022-03-22T01:27:50Z,6540000,,,0,,SUB out: C. Elleby,[1629604],1610612757.0,POR,,,,Elleby,C. Elleby,,,,,,,,,,,,,,,,,,,,,,,,,
661,PT05M02.00S,2022-03-22T01:27:38.1Z,4,REGULAR,substitution,out,[],1629234,,,1610612765,106,105,2022-03-22T01:27:50Z,6550000,,,0,,SUB out: D. Eubanks,[1629234],1610612757.0,POR,,,,Eubanks,D. Eubanks,,,,,,,,,,,,,,,,,,,,,,,,,
662,PT05M02.00S,2022-03-22T01:27:38.1Z,4,REGULAR,substitution,in,[],1630570,,,1610612765,106,105,2022-03-22T01:27:50Z,6560000,,,0,,SUB in: T. Watford,[1630570],1610612757.0,POR,,,,Watford,T. Watford,,,,,,,,,,,,,,,,,,,,,,,,,
663,PT05M02.00S,2022-03-22T01:27:38.1Z,4,REGULAR,substitution,in,[],1627739,,,1610612765,106,105,2022-03-22T01:27:50Z,6570000,,,0,,SUB in: K. Dunn,[1627739],1610612757.0,POR,,,,Dunn,K. Dunn,,,,,,,,,,,,,,,,,,,,,,,,,
664,PT05M02.00S,2022-03-22T01:28:06.7Z,4,REGULAR,freethrow,2 of 2,['fromturnover'],1630568,,,1610612765,106,105,2022-03-22T01:28:06Z,6580000,,,0,,MISS L. Garza Free Throw 2 of 2,[1630568],1610612765.0,DET,,,,Garza,L. Garza,,,,,,,,,Missed,,,,,,,,,,,,,,,,
665,PT04M55.00S,2022-03-22T01:28:11.6Z,4,REGULAR,rebound,defensive,[],1626159,,,1610612757,106,105,2022-03-22T01:28:11Z,6590000,,,0,,J. Winslow REBOUND (Off:1 Def:5),[1626159],1610612757.0,POR,,,,Winslow,J. Winslow,,,,,,,,,,,664.0,6.0,5.0,1.0,,,,,,,,,,,
666,PT04M44.00S,2022-03-22T01:28:24.6Z,4,REGULAR,foul,personal,[],1630587,,,1610612757,106,105,2022-03-22T01:29:11Z,6600000,,,0,,I. Livers personal FOUL (4 PF),"[1630587, 1630570]",1610612765.0,DET,,,,Livers,I. Livers,,,,,,,,,,,,,,,201638.0,4.0,0.0,Watford,1630570.0,,,,,,
668,PT04M33.00S,2022-03-22T01:29:28.3Z,4,REGULAR,2pt,Jump Shot,['pointsinthepaint'],1630570,13.18988173455979,52.94117647058824,1610612757,106,105,2022-03-22T01:29:33Z,6620000,-15.0,71.0,1,left,MISS T. Watford 7' floating Shot,[1630570],1610612757.0,POR,floating,,,Watford,T. Watford,,,,,,,,7.3,Missed,,,,,,,,,,,,,,,,
669,PT04M30.00S,2022-03-22T01:29:31.3Z,4,REGULAR,rebound,offensive,[],1630314,,,1610612757,106,105,2022-03-22T01:29:33Z,6630000,,,0,,B. Williams REBOUND (Off:2 Def:3),[1630314],1610612757.0,POR,,,,Williams,B. Williams,,,,,,,,,,,668.0,5.0,3.0,2.0,,,,,,,,,,,
670,PT04M25.00S,2022-03-22T01:29:36.3Z,4,REGULAR,2pt,Layup,"['pointsinthepaint', '2ndchance']",1627739,11.087385019710908,64.4607843137255,1610612757,106,105,2022-03-22T01:59:18Z,6640000,-72.0,52.0,1,left,MISS K. Dunn 8' driving reverse Layup,[1627739],1610612757.0,POR,driving reverse,,,Dunn,K. Dunn,,,,,,,,8.89,Missed,,,,,,,,,,,,,,,,
671,PT04M25.00S,2022-03-22T01:29:40.7Z,4,REGULAR,rebound,offensive,[],1626159,,,1610612757,106,105,2022-03-22T01:29:40Z,6650000,,,0,,J. Winslow REBOUND (Off:2 Def:5),[1626159],1610612757.0,POR,,,,Winslow,J. Winslow,,,,,,,,,,,670.0,7.0,5.0,2.0,,,,,,,,,,,
672,PT04M25.00S,2022-03-22T01:29:49.7Z,4,REGULAR,foul,personal,"['inpenalty', '2freethrow']",1630595,,,1610612757,106,105,2022-03-22T01:30:06Z,6660000,,,0,,C. Cunningham shooting personal FOUL (4 PF) (Winslow 2 FT),"[1630595, 1626159]",1610612765.0,DET,shooting,,,Cunningham,C. Cunningham,,,,,,,,,,,,,,,204059.0,4.0,0.0,Winslow,1626159.0,,,,,,
675,PT04M25.00S,2022-03-22T01:30:26.1Z,4,REGULAR,timeout,full,"['team', 'mandatory']",0,,,1610612757,106,105,2022-03-22T02:12:41Z,6690000,,,0,,DET Timeout,[],1610612765.0,DET,,,,,,,,,,,,,,,,,,,,,,,,,,,,,,
676,PT04M25.00S,2022-03-22T01:30:30.3Z,4,REGULAR,instantreplay,challenge,[],0,,,1610612757,106,105,2022-03-22T01:31:04Z,6700000,,,0,,,[],1610612765.0,DET,stands,,,,,,,,,,,,,,,,,,,201638.0,,,,,,,,,,
677,PT04M25.00S,2022-03-22T01:31:54.1Z,4,REGULAR,freethrow,1 of 2,['2ndchance'],1626159,,,1610612757,106,106,2022-03-22T01:31:54Z,6710000,,,0,,J. Winslow Free Throw 1 of 2 (7 PTS),[1626159],1610612757.0,POR,,,,Winslow,J. Winslow,,,,,,,,,Made,7.0,,,,,,,,,,,,,,,
678,PT04M25.00S,2022-03-22T01:32:08.4Z,4,REGULAR,freethrow,2 of 2,['2ndchance'],1626159,,,1610612757,106,107,2022-03-22T01:32:08Z,6720000,,,0,,J. Winslow Free Throw 2 of 2 (8 PTS),[1626159],1610612757.0,POR,,,,Winslow,J. Winslow,,,,,,,,,Made,8.0,,,,,,,,,,,,,,,
679,PT04M03.00S,2022-03-22T01:32:31.6Z,4,REGULAR,3pt,Jump Shot,[],1630587,77.84165571616295,12.5,1610612765,106,107,2022-03-22T01:32:48Z,6730000,-188.0,156.0,1,right,MISS I. Livers 24' 3PT,[1630587],1610612765.0,DET,,,,Livers,I. Livers,,,,,,,,24.38,Missed,,,,,,,,,,,,,,,,
680,PT04M02.00S,2022-03-22T01:32:39.6Z,4,REGULAR,rebound,offensive,['team'],0,,,1610612765,106,107,2022-03-22T01:32:39Z,6740000,,,0,,TEAM offensive REBOUND,[],1610612765.0,DET,,,,,,,,,,,,,,,,679.0,,,,,,,,,,,,,,
681,PT04M02.00S,2022-03-22T01:32:42.6Z,4,REGULAR,foul,personal,"['inpenalty', '2freethrow']",203463,,,1610612765,106,107,2022-03-22T01:32:51Z,6750000,,,0,,B. McLemore loose ball personal FOUL (3 PF) (Bey 2 FT),"[203463, 1630180]",1610612757.0,POR,loose ball,,,McLemore,B. McLemore,,,,,,,,,,,,,,,1627964.0,3.0,0.0,Bey,1630180.0,,,,,,
683,PT04M02.00S,2022-03-22T01:33:19.2Z,4,REGULAR,freethrow,1 of 2,['2ndchance'],1630180,,,1610612765,107,107,2022-03-22T01:33:19Z,6770000,,,0,,S. Bey Free Throw 1 of 2 (24 PTS),[1630180],1610612765.0,DET,,,,Bey,S. Bey,,,,,,,,,Made,24.0,,,,,,,,,,,,,,,
684,PT04M02.00S,2022-03-22T01:33:33.9Z,4,REGULAR,freethrow,2 of 2,['2ndchance'],1630180,,,1610612765,108,107,2022-03-22T01:33:33Z,6780000,,,0,,S. Bey Free Throw 2 of 2 (25 PTS),[1630180],1610612765.0,DET,,,,Bey,S. Bey,,,,,,,,,Made,25.0,,,,,,,,,,,,,,,
685,PT03M52.00S,2022-03-22T01:33:47.1Z,4,REGULAR,foul,personal,"['inpenalty', '2freethrow']",1630568,,,1610612757,108,107,2022-03-22T01:33:58Z,6790000,,,0,,L. Garza personal FOUL (3 PF) (Williams 2 FT),"[1630568, 1630314]",1610612765.0,DET,,,,Garza,L. Garza,,,,,,,,,,,,,,,201638.0,3.0,0.0,Williams,1630314.0,,,,,,
687,PT03M52.00S,2022-03-22T01:34:20.9Z,4,REGULAR,freethrow,1 of 2,[],1630314,,,1610612757,108,108,2022-03-22T01:34:20Z,6810000,,,0,,B. Williams Free Throw 1 of 2 (18 PTS),[1630314],1610612757.0,POR,,,,Williams,B. Williams,,,,,,,,,Made,18.0,,,,,,,,,,,,,,,
688,PT03M52.00S,2022-03-22T01:34:21.6Z,4,REGULAR,substitution,out,[],1630568,,,1610612757,108,108,2022-03-22T01:34:45Z,6820000,,,0,,SUB out: L. Garza,[1630568],1610612765.0,DET,,,,Garza,L. Garza,,,,,,,,,,,,,,,,,,,,,,,,,
689,PT03M52.00S,2022-03-22T01:34:21.6Z,4,REGULAR,substitution,in,[],1630191,,,1610612757,108,108,2022-03-22T01:34:45Z,6830000,,,0,,SUB in: I. Stewart,[1630191],1610612765.0,DET,,,,Stewart,I. Stewart,,,,,,,,,,,,,,,,,,,,,,,,,
690,PT03M52.00S,2022-03-22T01:34:48.4Z,4,REGULAR,freethrow,2 of 2,[],1630314,,,1610612757,108,109,2022-03-22T01:34:48Z,6840000,,,0,,B. Williams Free Throw 2 of 2 (19 PTS),[1630314],1610612757.0,POR,,,,Williams,B. Williams,,,,,,,,,Made,19.0,,,,,,,,,,,,,,,
691,PT03M39.00S,2022-03-22T01:35:06.9Z,4,REGULAR,foul,offensive,['inpenalty'],1630595,,,1610612765,108,109,2022-03-22T01:35:17Z,6850000,,,0,,C. Cunningham offensive FOUL (5 PF),"[1630595, 1626159]",1610612765.0,DET,,,,Cunningham,C. Cunningham,,,,,,,,,,,,,,,204059.0,5.0,0.0,Winslow,1626159.0,,,,,,
693,PT03M39.00S,2022-03-22T01:35:06.9Z,4,REGULAR,turnover,offensive foul,[],1630595,,,1610612765,108,109,2022-03-22T01:35:06Z,6870000,,,0,,C. Cunningham offensive foul TURNOVER (7 TO),[1630595],1610612765.0,DET,,,,Cunningham,C. Cunningham,,,,,7.0,,,,,,,,,,204059.0,,,,,,,,,,
694,PT03M29.00S,2022-03-22T01:35:38.1Z,4,REGULAR,3pt,Jump Shot,['fromturnover'],203463,34.477660972404735,67.40196078431373,1610612757,108,109,2022-03-22T01:35:44Z,6880000,-87.0,272.0,1,left,MISS B. McLemore 28' 3PT,[203463],1610612757.0,POR,,,,McLemore,B. McLemore,,,,,,,,28.52,Missed,,,,,,,,,,,,,,,,
695,PT03M26.00S,2022-03-22T01:35:41.1Z,4,REGULAR,rebound,defensive,[],1630165,,,1610612765,108,109,2022-03-22T01:35:44Z,6890000,,,0,,K. Hayes REBOUND (Off:1 Def:3),[1630165],1610612765.0,DET,,,,Hayes,K. Hayes,,,,,,,,,,,694.0,4.0,3.0,1.0,,,,,,,,,,,
696,PT03M21.00S,2022-03-22T01:35:47.2Z,4,REGULAR,2pt,Layup,['pointsinthepaint'],1630595,94.26741130091985,56.61764705882353,1610612765,108,109,2022-03-22T01:35:54Z,6900000,33.0,1.0,1,right,MISS C. Cunningham driving Layup - blocked,"[1630595, 1630570]",1610612765.0,DET,driving,,,Cunningham,C. Cunningham,,,,,,,,3.31,Missed,,,,,,,,,,,Watford,1630570.0,,,,
697,PT03M21.00S,2022-03-22T01:35:47.2Z,4,REGULAR,block,,[],1630570,,,1610612765,108,109,2022-03-22T01:35:50Z,6910000,,,0,,T. Watford BLOCK (2 BLK),[1630570],1610612757.0,POR,,,,Watford,T. Watford,,,,,,,,,,,,,,,,,,,,,,,,,
698,PT03M21.00S,2022-03-22T01:35:47.2Z,4,REGULAR,rebound,offensive,['team'],0,,,1610612765,108,109,2022-03-22T01:35:54Z,6920000,,,0,,TEAM offensive REBOUND,[],1610612765.0,DET,,,,,,,,,,,,,,,,696.0,,,,,,,,,,,,,,
699,PT03M21.00S,2022-03-22T01:35:55.2Z,4,REGULAR,stoppage,out-of-bounds,[],0,,,1610612765,108,109,2022-03-22T01:35:55Z,6930000,,,0,,,[],,,,,,,,,,,,,,,,,,,,,,,,,,,,,,,,
700,PT03M16.00S,2022-03-22T01:36:12.1Z,4,REGULAR,3pt,Jump Shot,['2ndchance'],1630180,66.14651773981603,54.90196078431372,1610612765,108,109,2022-03-22T01:36:20Z,6940000,25.0,266.0,1,right,MISS S. Bey 26' 3PT,[1630180],1610612765.0,DET,,,,Bey,S. Bey,,,,,,,,26.68,Missed,,,,,,,,,,,,,,,,
701,PT03M14.00S,2022-03-22T01:36:14.1Z,4,REGULAR,rebound,defensive,[],1630314,,,1610612757,108,109,2022-03-22T01:36:20Z,6950000,,,0,,B. Williams REBOUND (Off:2 Def:4),[1630314],1610612757.0,POR,,,,Williams,B. Williams,,,,,,,,,,,700.0,6.0,4.0,2.0,,,,,,,,,,,
702,PT03M14.00S,2022-03-22T01:36:21.4Z,4,REGULAR,timeout,full,['team'],0,,,1610612757,108,109,2022-03-22T01:36:21Z,6960000,,,0,,POR Timeout,[],1610612757.0,POR,,,,,,,,,,,,,,,,,,,,,,,,,,,,,,
703,PT03M01.00S,2022-03-22T01:38:04.4Z,4,REGULAR,2pt,Layup,['pointsinthepaint'],1630314,9.773324572930349,53.431372549019606,1610612757,108,109,2022-03-22T01:38:13Z,6970000,-17.0,39.0,1,left,MISS B. Williams driving finger roll Layup,[1630314],1610612757.0,POR,driving finger roll,,,Williams,B. Williams,,,,,,,,4.3,Missed,,,,,,,,,,,,,,,,
704,PT03M00.00S,2022-03-22T01:38:05.4Z,4,REGULAR,rebound,defensive,[],1630165,,,1610612765,108,109,2022-03-22T02:03:37Z,6980000,,,0,,K. Hayes REBOUND (Off:1 Def:4),[1630165],1610612765.0,DET,,,,Hayes,K. Hayes,,,,,,,,,,,703.0,5.0,4.0,1.0,,,,,,,,,,,
764,PT02M59.00S,2022-03-22T01:38:14.0Z,4,REGULAR,turnover,bad pass,[],1630165,,,1610612765,108,109,2022-03-22T02:03:24Z,6985000,,,0,,K. Hayes bad pass TURNOVER (4 TO),"[1630165, 1630314]",1610612765.0,DET,,,,Hayes,K. Hayes,,,,,4.0,Williams,1630314.0,,,,,,,,,,,,,,,,,,
765,PT02M59.00S,2022-03-22T01:38:14.0Z,4,REGULAR,steal,,[],1630314,,,1610612757,108,109,2022-03-22T02:03:24Z,6987500,,,0,,B. Williams STEAL (3 STL),[1630314],1610612757.0,POR,,,,Williams,B. Williams,,,,,,,,,,,,,,,,,,,,,,,,,
705,PT02M42.00S,2022-03-22T01:38:23.7Z,4,REGULAR,2pt,Layup,"['pointsinthepaint', 'fromturnover']",1630314,9.773324572930349,43.872549019607845,1610612757,108,109,2022-03-22T02:03:24Z,6990000,31.0,39.0,1,left,MISS B. Williams driving Layup - blocked,"[1630314, 1630191]",1610612757.0,POR,driving,,,Williams,B. Williams,,,,,,,,4.99,Missed,,,,,,,,,,,Stewart,1630191.0,,,,
706,PT02M42.00S,2022-03-22T01:38:23.7Z,4,REGULAR,block,,[],1630191,,,1610612757,108,109,2022-03-22T01:38:26Z,7000000,,,0,,I. Stewart BLOCK (2 BLK),[1630191],1610612765.0,DET,,,,Stewart,I. Stewart,,,,,,,,,,,,,,,,,,,,,,,,,
707,PT02M39.00S,2022-03-22T01:38:26.7Z,4,REGULAR,rebound,defensive,[],1630595,,,1610612765,108,109,2022-03-22T01:38:29Z,7010000,,,0,,C. Cunningham REBOUND (Off:0 Def:3),[1630595],1610612765.0,DET,,,,Cunningham,C. Cunningham,,,,,,,,,,,705.0,3.0,3.0,0.0,,,,,,,,,,,
708,PT02M29.00S,2022-03-22T01:38:37.5Z,4,REGULAR,3pt,Jump Shot,[],1630587,78.36727989487517,90.19607843137254,1610612765,108,109,2022-03-22T01:38:47Z,7020000,201.0,151.0,1,right,MISS I. Livers 25' 3PT,[1630587],1610612765.0,DET,,,,Livers,I. Livers,,,,,,,,25.13,Missed,,,,,,,,,,,,,,,,
709,PT02M26.00S,2022-03-22T01:38:40.5Z,4,REGULAR,rebound,defensive,[],1630570,,,1610612757,108,109,2022-03-22T01:38:47Z,7030000,,,0,,T. Watford REBOUND (Off:0 Def:2),[1630570],1610612757.0,POR,,,,Watford,T. Watford,,,,,,,,,,,708.0,2.0,2.0,0.0,,,,,,,,,,,
710,PT02M26.00S,2022-03-22T01:38:45.2Z,4,REGULAR,foul,personal,"['inpenalty', '2freethrow']",1630191,,,1610612757,108,109,2022-03-22T01:38:54Z,7040000,,,0,,I. Stewart personal FOUL (3 PF) (Watford 2 FT),"[1630191, 1630570]",1610612765.0,DET,,,,Stewart,I. Stewart,,,,,,,,,,,,,,,201638.0,3.0,0.0,Watford,1630570.0,,,,,,
712,PT02M26.00S,2022-03-22T01:39:15.0Z,4,REGULAR,freethrow,1 of 2,[],1630570,,,1610612757,108,109,2022-03-22T01:39:15Z,7060000,,,0,,MISS T. Watford Free Throw 1 of 2,[1630570],1610612757.0,POR,,,,Watford,T. Watford,,,,,,,,,Missed,,,,,,,,,,,,,,,,
713,PT02M26.00S,2022-03-22T01:39:15.0Z,4,REGULAR,rebound,offensive,"['deadball', 'team']",0,,,1610612757,108,109,2022-03-22T01:39:15Z,7070000,,,0,,TEAM offensive REBOUND,[],1610612757.0,POR,,,,,,,,,,,,,,,,712.0,,,,,,,,,,,,,,
714,PT02M26.00S,2022-03-22T01:39:15.9Z,4,REGULAR,substitution,out,[],1630587,,,1610612757,108,109,2022-03-22T01:39:23Z,7080000,,,0,,SUB out: I. Livers,[1630587],1610612765.0,DET,,,,Livers,I. Livers,,,,,,,,,,,,,,,,,,,,,,,,,
715,PT02M26.00S,2022-03-22T01:39:15.9Z,4,REGULAR,substitution,in,[],1628963,,,1610612757,108,109,2022-03-22T01:39:23Z,7090000,,,0,,SUB in: M. Bagley III,[1628963],1610612765.0,DET,,,,Bagley III,M. Bagley III,,,,,,,,,,,,,,,,,,,,,,,,,
716,PT02M26.00S,2022-03-22T01:39:34.6Z,4,REGULAR,freethrow,2 of 2,[],1630570,,,1610612757,108,110,2022-03-22T01:39:34Z,7100000,,,0,,T. Watford Free Throw 2 of 2 (11 PTS),[1630570],1610612757.0,POR,,,,Watford,T. Watford,,,,,,,,,Made,11.0,,,,,,,,,,,,,,,
717,PT02M13.00S,2022-03-22T01:39:50.6Z,4,REGULAR,turnover,lost ball,[],1630595,,,1610612765,108,110,2022-03-22T01:39:57Z,7110000,,,0,,C. Cunningham lost ball TURNOVER (8 TO),"[1630595, 1630570]",1610612765.0,DET,,,,Cunningham,C. Cunningham,,,,,8.0,Watford,1630570.0,,,,,,,,,,,,,,,,,,
718,PT02M13.00S,2022-03-22T01:39:50.6Z,4,REGULAR,steal,,[],1630570,,,1610612757,108,110,2022-03-22T02:04:35Z,7120000,,,0,,T. Watford STEAL (3 STL),[1630570],1610612757.0,POR,,,,Watford,T. Watford,,,,,,,,,,,,,,,,,,,,,,,,,
719,PT02M09.00S,2022-03-22T01:39:54.1Z,4,REGULAR,2pt,Layup,"['pointsinthepaint', 'fromturnover', 'fastbreak']",1626159,7.276609724047319,48.0392156862745,1610612757,108,112,2022-03-22T01:40:01Z,7130000,10.0,16.0,1,left,J. Winslow running Layup (10 PTS) (B. Williams 3 AST),"[1626159, 1630314]",1610612757.0,POR,running,,,Winslow,J. Winslow,,,,,,,,1.87,Made,10.0,,,,,,,,,,,,B. Williams,1630314.0,3.0,
721,PT02M00.00S,2022-03-22T01:40:04.6Z,4,REGULAR,2pt,Hook,['pointsinthepaint'],1628963,89.4053876478318,43.38235294117647,1610612765,110,112,2022-03-22T01:40:09Z,7150000,-33.0,47.0,1,right,M. Bagley III Hook (13 PTS) (S. Bey 1 AST),"[1628963, 1630180]",1610612765.0,DET,,,,Bagley III,M. Bagley III,,,,,,,,5.76,Made,13.0,,,,,,,,,,,,S. Bey,1630180.0,1.0,
723,PT01M37.00S,2022-03-22T01:40:28.9Z,4,REGULAR,3pt,Jump Shot,[],1630314,35.134691195795014,61.029411764705884,1610612757,110,112,2022-03-22T01:40:38Z,7170000,-55.0,278.0,1,left,MISS B. Williams 28' step back 3PT,[1630314],1610612757.0,POR,step back,,,Williams,B. Williams,,,,,,,,28.32,Missed,,,,,,,,,,,,,,,,
724,PT01M35.00S,2022-03-22T01:40:30.9Z,4,REGULAR,rebound,offensive,[],1626159,,,1610612757,110,112,2022-03-22T01:40:51Z,7180000,,,0,,J. Winslow REBOUND (Off:3 Def:5),[1626159],1610612757.0,POR,,,,Winslow,J. Winslow,,,,,,,,,,,723.0,8.0,5.0,3.0,,,,,,,,,,,
725,PT01M32.00S,2022-03-22T01:40:35.4Z,4,REGULAR,2pt,Layup,"['pointsinthepaint', '2ndchance']",1626159,8.196452036793687,48.774509803921575,1610612757,110,112,2022-03-22T02:05:05Z,7190000,6.0,25.0,1,left,MISS J. Winslow putback Layup,[1626159],1610612757.0,POR,putback,,,Winslow,J. Winslow,,,,,,,,2.52,Missed,,,,,,,,,,,,,,,,
726,PT01M32.00S,2022-03-22T01:40:35.4Z,4,REGULAR,rebound,offensive,[],1630570,,,1610612757,110,112,2022-03-22T01:40:41Z,7200000,,,0,,T. Watford REBOUND (Off:1 Def:2),[1630570],1610612757.0,POR,,,,Watford,T. Watford,,,,,,,,,,,725.0,3.0,2.0,1.0,,,,,,,,,,,
727,PT01M28.00S,2022-03-22T01:40:40.2Z,4,REGULAR,2pt,Layup,"['pointsinthepaint', '2ndchance']",1630570,5.590000152587891,50.0,1610612757,110,114,2022-03-22T01:40:40Z,7210000,0.0,0.0,1,left,T. Watford tip Layup (13 PTS),[1630570],1610612757.0,POR,tip,,,Watford,T. Watford,,,,,,,,0.0,Made,13.0,,,,,,,,,,,,,,,
728,PT01M17.00S,2022-03-22T01:40:50.9Z,4,REGULAR,turnover,bad pass,[],1630595,,,1610612765,110,114,2022-03-22T01:40:54Z,7220000,,,0,,C. Cunningham bad pass TURNOVER (9 TO),"[1630595, 1626159]",1610612765.0,DET,,,,Cunningham,C. Cunningham,,,,,9.0,Winslow,1626159.0,,,,,,,,,,,,,,,,,,
729,PT01M17.00S,2022-03-22T01:40:50.9Z,4,REGULAR,steal,,[],1626159,,,1610612757,110,114,2022-03-22T01:40:52Z,7230000,,,0,,J. Winslow STEAL (1 STL),[1626159],1610612757.0,POR,,,,Winslow,J. Winslow,,,,,,,,,,,,,,,,,,,,,,,,,
730,PT01M12.00S,2022-03-22T01:40:55.9Z,4,REGULAR,turnover,bad pass,[],1626159,,,1610612757,110,114,2022-03-22T02:06:05Z,7240000,,,0,,J. Winslow bad pass TURNOVER (2 TO),"[1626159, 1630595]",1610612757.0,POR,,,,Winslow,J. Winslow,,,,,2.0,Cunningham,1630595.0,,,,,,,,,,,,,,,,,,
731,PT01M12.00S,2022-03-22T01:40:55.9Z,4,REGULAR,steal,,[],1630595,,,1610612765,110,114,2022-03-22T01:40:58Z,7250000,,,0,,C. Cunningham STEAL (4 STL),[1630595],1610612765.0,DET,,,,Cunningham,C. Cunningham,,,,,,,,,,,,,,,,,,,,,,,,,
732,PT01M09.00S,2022-03-22T01:40:59.8Z,4,REGULAR,2pt,DUNK,"['fastbreak', 'pointsinthepaint', 'fromturnover']",1628963,92.29632063074901,50.49019607843137,1610612765,112,114,2022-03-22T02:06:28Z,7260000,2.0,20.0,1,right,M. Bagley III running alley-oop DUNK (15 PTS) (C. Cunningham 7 AST),"[1628963, 1630595]",1610612765.0,DET,running alley-oop,,,Bagley III,M. Bagley III,,,,,,,,2.01,Made,15.0,,,,,,,,,,,,C. Cunningham,1630595.0,7.0,
734,PT00M47.80S,2022-03-22T01:41:33.6Z,4,REGULAR,2pt,Layup,['pointsinthepaint'],1630314,9.510512483574246,50.0,1610612757,112,116,2022-03-22T01:41:40Z,7280000,0.0,37.0,1,left,B. Williams driving Layup (21 PTS),[1630314],1610612757.0,POR,driving,,,Williams,B. Williams,,,,,,,,3.69,Made,21.0,,,,,,,,,,,,,,,
735,PT00M47.80S,2022-03-22T01:41:41.6Z,4,REGULAR,timeout,full,['team'],0,,,1610612765,112,116,2022-03-22T01:41:41Z,7290000,,,0,,DET Timeout,[],1610612765.0,DET,,,,,,,,,,,,,,,,,,,,,,,,,,,,,,
736,PT00M44.50S,2022-03-22T01:43:29.0Z,4,REGULAR,foul,offensive,['inpenalty'],1630191,,,1610612765,112,116,2022-03-22T01:43:49Z,7300000,,,0,,I. Stewart offensive FOUL (4 PF),"[1630191, 1626159]",1610612765.0,DET,,,,Stewart,I. Stewart,,,,,,,,,,,,,,,204059.0,4.0,0.0,Winslow,1626159.0,,,,,,
738,PT00M44.50S,2022-03-22T01:43:29.0Z,4,REGULAR,turnover,offensive foul,[],1630191,,,1610612765,112,116,2022-03-22T01:43:29Z,7320000,,,0,,I. Stewart offensive foul TURNOVER (2 TO),[1630191],1610612765.0,DET,,,,Stewart,I. Stewart,,,,,2.0,,,,,,,,,,204059.0,,,,,,,,,,
739,PT00M24.10S,2022-03-22T01:44:18.5Z,4,REGULAR,3pt,Jump Shot,['fromturnover'],1627739,22.78252299605782,9.313725490196077,1610612757,112,116,2022-03-22T01:44:26Z,7330000,203.0,162.0,1,left,MISS K. Dunn 25' 3PT,[1627739],1610612757.0,POR,,,,Dunn,K. Dunn,,,,,,,,25.98,Missed,,,,,,,,,,,,,,,,
740,PT00M18.00S,2022-03-22T01:44:24.6Z,4,REGULAR,rebound,offensive,[],1626159,,,1610612757,112,116,2022-03-22T01:44:26Z,7340000,,,0,,J. Winslow REBOUND (Off:4 Def:5),[1626159],1610612757.0,POR,,,,Winslow,J. Winslow,,,,,,,,,,,739.0,9.0,5.0,4.0,,,,,,,,,,,
741,PT00M16.50S,2022-03-22T01:44:30.0Z,4,REGULAR,foul,personal,"['inpenalty', '2freethrow']",1630165,,,1610612757,112,116,2022-03-22T02:08:05Z,7350000,,,0,,K. Hayes take personal FOUL (6 PF) (Williams 2 FT),"[1630165, 1630314]",1610612765.0,DET,take,,,Hayes,K. Hayes,,,,,,,,,,,,,,,201638.0,6.0,0.0,Williams,1630314.0,,,,,,
743,PT00M16.50S,2022-03-22T01:44:49.9Z,4,REGULAR,substitution,out,[],1630165,,,1610612757,112,116,2022-03-22T01:45:07Z,7370000,,,0,,SUB out: K. Hayes,[1630165],1610612765.0,DET,,,,Hayes,K. Hayes,,,,,,,,,,,,,,,,,,,,,,,,,
744,PT00M16.50S,2022-03-22T01:44:49.9Z,4,REGULAR,substitution,in,[],1630587,,,1610612757,112,116,2022-03-22T01:45:07Z,7380000,,,0,,SUB in: I. Livers,[1630587],1610612765.0,DET,,,,Livers,I. Livers,,,,,,,,,,,,,,,,,,,,,,,,,
745,PT00M16.50S,2022-03-22T01:45:10.3Z,4,REGULAR,freethrow,1 of 2,"['fromturnover', '2ndchance']",1630314,,,1610612757,112,117,2022-03-22T01:45:10Z,7390000,,,0,,B. Williams Free Throw 1 of 2 (22 PTS),[1630314],1610612757.0,POR,,,,Williams,B. Williams,,,,,,,,,Made,22.0,,,,,,,,,,,,,,,
746,PT00M16.50S,2022-03-22T01:45:27.9Z,4,REGULAR,freethrow,2 of 2,"['fromturnover', '2ndchance']",1630314,,,1610612757,112,118,2022-03-22T01:45:28Z,7400000,,,0,,B. Williams Free Throw 2 of 2 (23 PTS),[1630314],1610612757.0,POR,,,,Williams,B. Williams,,,,,,,,,Made,23.0,,,,,,,,,,,,,,,
747,PT00M15.20S,2022-03-22T01:45:40.8Z,4,REGULAR,timeout,full,['team'],0,,,1610612765,112,118,2022-03-22T01:45:40Z,7410000,,,0,,DET Timeout,[],1610612765.0,DET,,,,,,,,,,,,,,,,,,,,,,,,,,,,,,
748,PT00M13.20S,2022-03-22T01:47:24.0Z,4,REGULAR,3pt,Jump Shot,[],1630180,65.48948751642575,28.431372549019613,1610612765,112,118,2022-03-22T02:08:57Z,7420000,-108.0,272.0,1,right,MISS S. Bey 29' pullup 3PT,[1630180],1610612765.0,DET,pullup,,,Bey,S. Bey,,,,,,,,29.25,Missed,,,,,,,,,,,,,,,,
749,PT00M10.40S,2022-03-22T01:47:26.8Z,4,REGULAR,rebound,offensive,[],1628963,,,1610612765,112,118,2022-03-22T01:47:26Z,7430000,,,0,,M. Bagley III REBOUND (Off:3 Def:6),[1628963],1610612765.0,DET,,,,Bagley III,M. Bagley III,,,,,,,,,,,748.0,9.0,6.0,3.0,,,,,,,,,,,
750,PT00M08.50S,2022-03-22T01:47:28.7Z,4,REGULAR,3pt,Jump Shot,['2ndchance'],1630587,65.3580814717477,69.6078431372549,1610612765,112,118,2022-03-22T01:47:36Z,7440000,98.0,273.0,1,right,MISS I. Livers 29' 3PT,[1630587],1610612765.0,DET,,,,Livers,I. Livers,,,,,,,,29.02,Missed,,,,,,,,,,,,,,,,
751,PT00M06.70S,2022-03-22T01:47:32.0Z,4,REGULAR,rebound,defensive,[],203463,,,1610612757,112,118,2022-03-22T01:47:32Z,7450000,,,0,,B. McLemore REBOUND (Off:1 Def:4),[203463],1610612757.0,POR,,,,McLemore,B. McLemore,,,,,,,,,,,750.0,5.0,4.0,1.0,,,,,,,,,,,
752,PT00M06.70S,2022-03-22T01:47:34.1Z,4,REGULAR,foul,personal,"['inpenalty', '2freethrow']",1630180,,,1610612757,112,118,2022-03-22T01:47:47Z,7460000,,,0,,S. Bey personal FOUL (3 PF) (McLemore 2 FT),"[1630180, 203463]",1610612765.0,DET,,,,Bey,S. Bey,,,,,,,,,,,,,,,204059.0,3.0,0.0,McLemore,203463.0,,,,,,
754,PT00M06.70S,2022-03-22T01:48:06.5Z,4,REGULAR,freethrow,1 of 2,[],203463,,,1610612757,112,119,2022-03-22T01:48:06Z,7480000,,,0,,B. McLemore Free Throw 1 of 2 (21 PTS),[203463],1610612757.0,POR,,,,McLemore,B. McLemore,,,,,,,,,Made,21.0,,,,,,,,,,,,,,,
755,PT00M06.70S,2022-03-22T01:48:23.2Z,4,REGULAR,freethrow,2 of 2,[],203463,,,1610612757,112,119,2022-03-22T01:48:23Z,7490000,,,0,,MISS B. McLemore Free Throw 2 of 2,[203463],1610612757.0,POR,,,,McLemore,B. McLemore,,,,,,,,,Missed,,,,,,,,,,,,,,,,
756,PT00M04.00S,2022-03-22T01:48:25.4Z,4,REGULAR,rebound,defensive,[],1630191,,,1610612765,112,119,2022-03-22T01:48:25Z,7500000,,,0,,I. Stewart REBOUND (Off:4 Def:9),[1630191],1610612765.0,DET,,,,Stewart,I. Stewart,,,,,,,,,,,755.0,13.0,9.0,4.0,,,,,,,,,,,
757,PT00M01.10S,2022-03-22T01:48:29.1Z,4,REGULAR,3pt,Jump Shot,[],1630595,57.999342969776606,57.59803921568628,1610612765,115,119,2022-03-22T01:49:12Z,7510000,38.0,342.0,1,right,C. Cunningham 34' 3PT  (25 PTS) (I. Stewart 1 AST),"[1630595, 1630191]",1610612765.0,DET,,,,Cunningham,C. Cunningham,,,,,,,,34.44,Made,25.0,,,,,,,,,,,,I. Stewart,1630191.0,1.0,
759,PT00M00.00S,2022-03-22T01:48:40.1Z,4,REGULAR,instantreplay,request,[],0,,,1610612757,115,119,2022-03-22T01:49:00Z,7530000,,,0,,,[],,,support,,,,,,,,,,,,,,,,,,,204059.0,,,,,,,,,,Support 3 FTs
760,PT00M00.00S,2022-03-22T01:49:06.4Z,4,REGULAR,period,end,[],0,,,1610612757,115,119,2022-03-22T01:49:06Z,7540000,,,0,,Period End,[],,,,,,,,,,,,,,,,,,,,,,,,,,,,,,,,
761,PT00M00.00S,2022-03-22T01:49:13.8Z,4,REGULAR,game,end,[],0,,,0,115,119,2022-03-22T01:49:13Z,7550000,,,0,,Game End,[],,,,,,,,,,,,,,,,,,,,,,,,,,,,,,,,
